kc,ku,mc,mr,nc,nr,nvr,pack_c,X,time,peak,backend
4,4,16,8,4096,16,1,0,[4; 4; 16; 8; 4096; 16; 1; 0],0.28239276504609734,0.19803642392964416,tvm
32,4,8,8,256,16,1,0,[32; 4; 8; 8; 256; 16; 1; 0],0.1561884928960353,0.358054888016356,tvm
64,2,4,2,512,128,8,0,[64; 2; 4; 2; 512; 128; 8; 0],0.22062462999019772,0.25348055353483434,tvm
64,16,8,4,32,32,2,1,[64; 16; 8; 4; 32; 32; 2; 1],0.1358228699536994,0.4117425390318822,tvm
112,7,32,2,64,64,4,1,[112; 7; 32; 2; 64; 64; 4; 1],0.5535597490379587,0.10102622784717412,tvm
8,2,16,2,4096,128,8,1,[8; 2; 16; 2; 4096; 128; 8; 1],0.1494727060198784,0.374142241901314,tvm
28,28,16,1,128,32,2,1,[28; 28; 16; 1; 128; 32; 2; 1],0.18692917202133685,0.29917242305524117,tvm
448,14,16,8,16,16,1,1,[448; 14; 16; 8; 16; 16; 1; 1],0.2337829100433737,0.23921360771391612,tvm
64,16,32,2,128,64,4,0,[64; 16; 32; 2; 128; 64; 4; 0],0.2350261879619211,0.23794817853401998,tvm
4,2,64,4,1024,64,4,1,[4; 2; 64; 4; 1024; 64; 4; 1],0.2479090770939365,0.2255829193061086,tvm
2,2,16,8,256,16,1,1,[2; 2; 16; 8; 256; 16; 1; 1],0.24024293990805745,0.2327812561515266,tvm
56,8,16,16,256,16,1,1,[56; 8; 16; 16; 256; 16; 1; 1],0.20778265304397792,0.2691468826394127,tvm
16,1,8,4,1024,16,1,1,[16; 1; 8; 4; 1024; 16; 1; 1],0.1624953179853037,0.34415793652830773,tvm
7,1,4,4,256,64,4,0,[7; 1; 4; 4; 256; 64; 4; 0],0.15375548508018255,0.36372070436491605,tvm
28,7,8,2,512,16,1,1,[28; 7; 8; 2; 512; 16; 1; 1],0.18715931591577828,0.2988045401838248,tvm
32,16,64,2,256,128,8,1,[32; 16; 64; 2; 256; 128; 8; 1],0.13551704003475606,0.41267174459382,tvm
8,2,64,4,4096,32,2,0,[8; 2; 64; 4; 4096; 32; 2; 0],0.1921534709399566,0.29103847596283217,tvm
28,4,8,4,2048,32,2,1,[28; 4; 8; 4; 2048; 32; 2; 1],0.11863011110108346,0.47141533304036987,tvm
8,1,64,2,256,64,4,0,[8; 1; 64; 2; 256; 64; 4; 0],0.14861701894551516,0.3762964277586256,tvm
112,4,64,4,1024,32,2,0,[112; 4; 64; 4; 1024; 32; 2; 0],0.22626454290002584,0.2471622491821141,tvm
32,16,32,8,256,32,2,0,[32; 16; 32; 8; 256; 32; 2; 0],0.1453933169832453,0.384639779143204,tvm
32,8,8,2,2048,128,8,0,[32; 8; 8; 2; 2048; 128; 8; 0],0.1321701379492879,0.42312169905422004,tvm
28,7,16,2,512,32,2,0,[28; 7; 16; 2; 512; 32; 2; 0],0.19892511400394142,0.2811311865440242,tvm
64,64,32,2,256,128,8,0,[64; 64; 32; 2; 256; 128; 8; 0],0.14742733992170542,0.3793329877825446,tvm
16,4,32,2,4096,32,2,0,[16; 4; 32; 2; 4096; 32; 2; 0],0.17241723905317485,0.3243530266488371,tvm
14,14,64,2,2048,64,4,0,[14; 14; 64; 2; 2048; 64; 4; 0],0.14431659795809537,0.38750950427456565,tvm
224,7,4,4,1024,32,2,0,[224; 7; 4; 4; 1024; 32; 2; 0],0.22549028194043785,0.2480109246930003,tvm
14,7,8,2,4096,64,4,1,[14; 7; 8; 2; 4096; 64; 4; 1],0.14332413207739592,0.3901928623097051,tvm
128,8,32,16,128,16,1,1,[128; 8; 32; 16; 128; 16; 1; 1],0.26152550301048905,0.21383785783633644,tvm
224,56,64,16,32,16,1,1,[224; 56; 64; 16; 32; 16; 1; 1],0.26735787803772837,0.20917301462664054,tvm
28,2,32,2,128,64,4,0,[28; 2; 32; 2; 128; 64; 4; 0],0.18854132597334683,0.29661429951563534,tvm
14,14,2,2,128,64,4,1,[14; 14; 2; 2; 128; 64; 4; 1],0.16117755800951272,0.3469717125881302,tvm
16,8,4,2,32,16,1,0,[16; 8; 4; 2; 32; 16; 1; 0],0.3284018289996311,0.17029154040855282,tvm
4,4,32,1,4096,64,4,1,[4; 4; 32; 1; 4096; 64; 4; 1],0.2600023989798501,0.21509052821342384,tvm
64,32,4,4,4096,32,2,0,[64; 32; 4; 4; 4096; 32; 2; 0],0.20805867190938443,0.2687898217368699,tvm
56,7,32,8,4096,32,2,1,[56; 7; 32; 8; 4096; 32; 2; 1],0.14651324308943003,0.38169964812803936,tvm
64,32,32,16,16,16,1,0,[64; 32; 32; 16; 16; 16; 1; 0],0.2878377520246431,0.19429019626496186,tvm
28,7,1,1,4096,128,8,1,[28; 7; 1; 1; 4096; 128; 8; 1],0.20618601003661752,0.2712310758785309,tvm
112,112,32,16,256,16,1,1,[112; 112; 32; 16; 256; 16; 1; 1],0.20235979091376066,0.2763595133242967,tvm
28,4,64,4,32,16,1,1,[28; 4; 64; 4; 32; 16; 1; 1],0.1741955450270325,0.32104181151506933,tvm
2,2,64,4,1024,16,1,1,[2; 2; 64; 4; 1024; 16; 1; 1],0.7300489650806412,0.07660315404618917,tvm
16,4,64,8,512,32,2,1,[16; 4; 64; 8; 512; 32; 2; 1],0.12891312595456839,0.4338119405547742,tvm
16,16,16,8,16,16,1,0,[16; 16; 16; 8; 16; 16; 1; 0],0.2174729349790141,0.2571540837425583,tvm
448,56,8,8,512,16,1,1,[448; 56; 8; 8; 512; 16; 1; 1],0.23337918799370527,0.23962742271106763,tvm
7,1,1,1,32,16,1,1,[7; 1; 1; 1; 32; 16; 1; 1],0.1695899050682783,0.32976050850914645,tvm
16,1,8,4,256,64,4,0,[16; 1; 8; 4; 256; 64; 4; 0],0.1534576310077682,0.36442666921205363,tvm
28,7,16,8,512,16,1,1,[28; 7; 16; 8; 512; 16; 1; 1],0.13865766394883394,0.40332464676434954,tvm
14,14,16,16,2048,16,1,0,[14; 14; 16; 16; 2048; 16; 1; 0],0.15140089602209628,0.3693772943402625,tvm
4,2,64,8,2048,32,2,1,[4; 2; 64; 8; 2048; 32; 2; 1],0.290633199037984,0.19242142163540096,tvm
14,7,16,1,16,16,1,0,[14; 7; 16; 1; 16; 16; 1; 0],0.2549881070153788,0.21932024198273867,tvm
56,56,64,8,128,16,1,0,[56; 56; 64; 8; 128; 16; 1; 0],0.15014606097247452,0.372464338865244,tvm
112,14,32,8,128,32,2,1,[112; 14; 32; 8; 128; 32; 2; 1],0.18153464805800468,0.3080626972954731,tvm
128,64,64,2,1024,64,4,0,[128; 64; 64; 2; 1024; 64; 4; 0],0.409700502990745,0.13649984055449557,tvm
7,7,64,1,512,16,1,1,[7; 7; 64; 1; 512; 16; 1; 1],0.19077204004861414,0.2931459626844809,tvm
8,2,2,2,512,32,2,0,[8; 2; 2; 2; 512; 32; 2; 0],0.14478890609461814,0.38624543027341823,tvm
512,64,32,16,128,16,1,1,[512; 64; 32; 16; 128; 16; 1; 1],0.26768847391940653,0.20891468547192843,tvm
4,4,32,8,2048,32,2,0,[4; 4; 32; 8; 2048; 32; 2; 0],0.296438908088021,0.1886528785780304,tvm
28,28,16,2,128,64,4,1,[28; 28; 16; 2; 128; 64; 4; 1],0.14129850210156292,0.39578659717946685,tvm
112,14,2,2,1024,64,4,1,[112; 14; 2; 2; 1024; 64; 4; 1],0.38070117798633873,0.1468975053587571,tvm
64,32,4,1,128,128,8,0,[64; 32; 4; 1; 128; 128; 8; 0],0.41695741401053965,0.13412413703218073,tvm
28,4,4,2,4096,32,2,1,[28; 4; 4; 2; 4096; 32; 2; 1],0.16860451002139598,0.33168776639626396,tvm
28,28,64,4,2048,64,4,1,[28; 28; 64; 4; 2048; 64; 4; 1],0.10933125601150095,0.5115102064449939,tvm
128,1,64,4,256,64,4,1,[128; 1; 64; 4; 256; 64; 4; 1],0.22900752106215805,0.244201819547028,tvm
224,7,32,4,512,32,2,0,[224; 7; 32; 4; 512; 32; 2; 0],0.21956314600538462,0.2547060121463273,tvm
14,14,64,2,512,32,2,1,[14; 14; 64; 2; 512; 32; 2; 1],0.11488520901184529,0.486782013231723,tvm
16,4,8,2,256,128,8,1,[16; 4; 8; 2; 256; 128; 8; 1],0.14394680806435645,0.38850499073470623,tvm
32,4,8,8,512,32,2,0,[32; 4; 8; 8; 512; 32; 2; 0],0.13049860403407365,0.4285413912836291,tvm
16,16,32,1,2048,64,4,0,[16; 16; 32; 1; 2048; 64; 4; 0],0.17543487390503287,0.3187738679802419,tvm
28,2,32,2,2048,128,8,1,[28; 2; 32; 2; 2048; 128; 8; 1],0.12309700401965529,0.4543088093712156,tvm
28,7,4,2,2048,128,8,1,[28; 7; 4; 2; 2048; 128; 8; 1],0.12280425196513534,0.4553918324359845,tvm
56,56,8,8,4096,32,2,1,[56; 56; 8; 8; 4096; 32; 2; 1],0.18231672700494528,0.30674120938895755,tvm
28,2,32,8,1024,32,2,1,[28; 2; 32; 8; 1024; 32; 2; 1],0.122139708022587,0.4578695515056531,tvm
16,1,4,4,512,32,2,1,[16; 1; 4; 4; 512; 32; 2; 1],0.1081302110105753,0.5171917525238519,tvm
28,14,8,1,2048,128,8,0,[28; 14; 8; 1; 2048; 128; 8; 0],0.21255430695600808,0.2631047760651014,tvm
14,7,8,2,4096,128,8,1,[14; 7; 8; 2; 4096; 128; 8; 1],0.15699099202174693,0.35622459997951056,tvm
32,32,4,4,4096,32,2,1,[32; 32; 4; 4; 4096; 32; 2; 1],0.13384496001526713,0.41782711375127096,tvm
16,1,64,2,2048,64,4,1,[16; 1; 64; 2; 2048; 64; 4; 1],0.13497154600918293,0.4143395773915821,tvm
28,28,4,1,2048,128,8,1,[28; 28; 4; 1; 2048; 128; 8; 1],0.256697250995785,0.21785996194502144,tvm
32,4,4,4,2048,64,4,0,[32; 4; 4; 4; 2048; 64; 4; 0],0.11364489304833114,0.4920947332807101,tvm
32,16,8,4,128,32,2,1,[32; 16; 8; 4; 128; 32; 2; 1],0.1282822199864313,0.4359454750568594,tvm
28,28,32,4,256,32,2,0,[28; 28; 32; 4; 256; 32; 2; 0],0.13757429900579154,0.40650073260398056,tvm
28,28,8,1,256,128,8,1,[28; 28; 8; 1; 256; 128; 8; 1],0.204644741024822,0.2732738356885024,tvm
16,16,16,1,512,128,8,1,[16; 16; 16; 1; 512; 128; 8; 1],0.1588783310726285,0.3519929555891962,tvm
28,1,16,8,256,32,2,1,[28; 1; 16; 8; 256; 32; 2; 1],0.11576626403257251,0.48307729199586413,tvm
28,7,16,4,1024,32,2,1,[28; 7; 16; 4; 1024; 32; 2; 1],0.12307527801021934,0.45438900677266625,tvm
28,14,32,4,128,64,4,1,[28; 14; 32; 4; 128; 64; 4; 1],0.11433330690488219,0.48913177487167825,tvm
56,14,64,2,4096,128,8,1,[56; 14; 64; 2; 4096; 128; 8; 1],0.13292663695756346,0.4207136704375284,tvm
14,14,16,1,2048,64,4,1,[14; 14; 16; 1; 2048; 64; 4; 1],0.13624793803319335,0.41045797933256695,tvm
28,14,64,2,256,64,4,0,[28; 14; 64; 2; 256; 64; 4; 0],0.1811535650631413,0.30871075219436583,tvm
14,14,16,4,1024,64,4,0,[14; 14; 16; 4; 1024; 64; 4; 0],0.1270686900243163,0.4401088365877661,tvm
16,8,4,4,2048,64,4,0,[16; 8; 4; 4; 2048; 64; 4; 0],0.11814906902145594,0.4733346931678107,tvm
28,1,4,4,4096,64,4,1,[28; 1; 4; 4; 4096; 64; 4; 1],0.10022549203131348,0.5579823276483489,tvm
28,4,4,4,512,32,2,1,[28; 4; 4; 4; 512; 32; 2; 1],0.10459574800916016,0.5346685156688749,tvm
32,2,16,4,4096,32,2,1,[32; 2; 16; 4; 4096; 32; 2; 1],0.14394858805462718,0.38850018669242287,tvm
32,32,32,4,1024,32,2,1,[32; 32; 32; 4; 1024; 32; 2; 1],0.12224394700024277,0.45747912028087795,tvm
56,14,64,8,256,32,2,1,[56; 14; 64; 8; 256; 32; 2; 1],0.11252596497070044,0.4969879915972715,tvm
32,1,64,8,256,32,2,1,[32; 1; 64; 8; 256; 32; 2; 1],0.12323745898902416,0.453791029059712,tvm
28,14,16,8,2048,32,2,0,[28; 14; 16; 8; 2048; 32; 2; 0],0.14303414896130562,0.3909839275407037,tvm
56,28,16,8,4096,32,2,1,[56; 28; 16; 8; 4096; 32; 2; 1],0.17035203392151743,0.328285210607453,tvm
56,1,8,4,2048,64,4,1,[56; 1; 8; 4; 2048; 64; 4; 1],0.1212107720784843,0.4613785753061812,tvm
32,16,64,4,4096,32,2,0,[32; 16; 64; 4; 4096; 32; 2; 0],0.13836561306379735,0.4041759516329247,tvm
14,1,8,4,256,64,4,1,[14; 1; 8; 4; 256; 64; 4; 1],0.11802198307123035,0.473844379479552,tvm
14,7,8,4,2048,64,4,0,[14; 7; 8; 4; 2048; 64; 4; 0],0.1348803510190919,0.41461971970563344,tvm
28,14,32,4,1024,64,4,0,[28; 14; 32; 4; 1024; 64; 4; 0],0.1217463860521093,0.4593487753254293,tvm
28,28,64,2,4096,64,4,0,[28; 28; 64; 2; 4096; 64; 4; 0],0.17804672999773175,0.31409761546334375,tvm
32,32,64,4,512,64,4,0,[32; 32; 64; 4; 512; 64; 4; 0],0.1166619430296123,0.4793684373929734,tvm
32,16,64,1,4096,128,8,1,[32; 16; 64; 1; 4096; 128; 8; 1],0.2084475759183988,0.2682883362252482,tvm
16,8,8,8,256,32,2,1,[16; 8; 8; 8; 256; 32; 2; 1],0.10912520799320191,0.5124760297072442,tvm
16,1,8,4,1024,64,4,1,[16; 1; 8; 4; 1024; 64; 4; 1],0.10948396602179855,0.5107967437186072,tvm
28,28,8,2,2048,128,8,0,[28; 28; 8; 2; 2048; 128; 8; 0],0.13440844195429236,0.41607545270371604,tvm
32,1,16,4,4096,64,4,1,[32; 1; 16; 4; 4096; 64; 4; 1],0.10475821804720908,0.5338392956257739,tvm
28,1,4,4,2048,64,4,1,[28; 1; 4; 4; 2048; 64; 4; 1],0.09311762300785631,0.6005743223129207,tvm
28,7,64,8,512,32,2,1,[28; 7; 64; 8; 512; 32; 2; 1],0.11701270507182926,0.47793146307491885,tvm
32,16,16,2,256,64,4,1,[32; 16; 16; 2; 256; 64; 4; 1],0.14470617100596428,0.38646626432419623,tvm
32,16,32,2,256,128,8,1,[32; 16; 32; 2; 256; 128; 8; 1],0.13784352596849203,0.4057067819501101,tvm
32,8,8,4,256,32,2,1,[32; 8; 8; 4; 256; 32; 2; 1],0.12126605794765055,0.4611682302518256,tvm
16,16,8,2,512,128,8,1,[16; 16; 8; 2; 512; 128; 8; 1],0.15683175006415695,0.3565862990781895,tvm
32,4,64,4,1024,64,4,1,[32; 4; 64; 4; 1024; 64; 4; 1],0.09568875702098012,0.5844370339252267,tvm
32,16,16,2,4096,128,8,1,[32; 16; 16; 2; 4096; 128; 8; 1],0.1335556210251525,0.41873230721454374,tvm
28,7,8,4,256,64,4,1,[28; 7; 8; 4; 256; 64; 4; 1],0.10689798893872648,0.5231534651731268,tvm
16,16,64,2,4096,128,8,1,[16; 16; 64; 2; 4096; 128; 8; 1],0.12913258897606283,0.43307466981630727,tvm
16,16,8,4,4096,32,2,1,[16; 16; 8; 4; 4096; 32; 2; 1],0.13004082499537617,0.4300499734242828,tvm
16,8,4,4,2048,64,4,1,[16; 8; 4; 4; 2048; 64; 4; 1],0.09516169095877558,0.5876740185035159,tvm
28,4,32,4,2048,64,4,1,[28; 4; 32; 4; 2048; 64; 4; 1],0.09926535002887249,0.5633793999322741,tvm
14,14,64,4,1024,64,4,1,[14; 14; 64; 4; 1024; 64; 4; 1],0.0988721345202066,0.5656199656729781,tvm
28,28,32,2,2048,128,8,1,[28; 28; 32; 2; 2048; 128; 8; 1],0.12700390710961074,0.44033332994289753,tvm
16,8,64,4,512,64,4,1,[16; 8; 64; 4; 512; 64; 4; 1],0.10855080804321915,0.5151878124303538,tvm
14,14,8,4,2048,64,4,1,[14; 14; 8; 4; 2048; 64; 4; 1],0.12980657198932022,0.4308260550778158,tvm
56,56,64,4,64,32,2,1,[56; 56; 64; 4; 64; 32; 2; 1],0.11986442899797112,0.4665608788265277,tvm
56,7,4,4,1024,32,2,0,[56; 7; 4; 4; 1024; 32; 2; 0],0.1274801470572129,0.43868833402141205,tvm
28,7,8,8,128,32,2,0,[28; 7; 8; 8; 128; 32; 2; 0],0.14200804405845702,0.3938090528893732,tvm
8,8,4,4,512,32,2,1,[8; 8; 4; 4; 512; 32; 2; 1],0.11981798196211457,0.4667417395747497,tvm
32,4,32,8,512,32,2,1,[32; 4; 32; 8; 512; 32; 2; 1],0.11723677499685436,0.4770180119235953,tvm
56,2,64,8,32,32,2,1,[56; 2; 64; 8; 32; 32; 2; 1],0.12046669493429363,0.46422833600470315,tvm
56,56,4,4,256,64,4,0,[56; 56; 4; 4; 256; 64; 4; 0],0.1734710430027917,0.3223826430353182,tvm
28,2,64,4,4096,32,2,1,[28; 2; 64; 4; 4096; 32; 2; 1],0.13481388404034078,0.4148241387111064,tvm
14,14,16,4,256,64,4,0,[14; 14; 16; 4; 256; 64; 4; 0],0.1499042510986328,0.3730651594165723,tvm
14,7,4,4,4096,64,4,1,[14; 7; 4; 4; 4096; 64; 4; 1],0.11472069192677736,0.487480090941466,tvm
32,1,64,4,256,32,2,1,[32; 1; 64; 4; 256; 32; 2; 1],0.12351045897230506,0.4527879970543488,tvm
56,2,64,4,128,64,4,0,[56; 2; 64; 4; 128; 64; 4; 0],0.16303266596514732,0.34302360819695255,tvm
56,56,64,4,256,32,2,1,[56; 56; 64; 4; 256; 32; 2; 1],0.11657126003410667,0.4797413471980225,tvm
16,2,8,4,512,64,4,1,[16; 2; 8; 4; 512; 64; 4; 1],0.10432834201492369,0.5360389348978023,tvm
56,4,8,4,2048,64,4,0,[56; 4; 8; 4; 2048; 64; 4; 0],0.15086486702784896,0.3706897068554073,tvm
28,7,4,4,256,64,4,1,[28; 7; 4; 4; 256; 64; 4; 1],0.10379341605585068,0.5388015488693512,tvm
28,14,16,8,128,32,2,1,[28; 14; 16; 8; 128; 32; 2; 1],0.11818791599944234,0.4731791136210339,tvm
16,2,16,4,4096,64,4,1,[16; 2; 16; 4; 4096; 64; 4; 1],0.12362709199078381,0.45236082506496533,tvm
28,14,4,4,4096,64,4,0,[28; 14; 4; 4; 4096; 64; 4; 0],0.10054723103530705,0.5561968515442823,tvm
16,8,64,4,256,32,2,1,[16; 8; 64; 4; 256; 32; 2; 1],0.132329617976211,0.42261176438510417,tvm
28,14,8,4,64,64,4,0,[28; 14; 8; 4; 64; 64; 4; 0],0.1481284509645775,0.37753755587916504,tvm
16,16,16,4,512,64,4,1,[16; 16; 16; 4; 512; 64; 4; 1],0.10998017399106175,0.5084921336629125,tvm
16,16,32,4,64,64,4,0,[16; 16; 32; 4; 64; 64; 4; 0],0.13668822695035487,0.4091358457202385,tvm
28,1,16,4,256,64,4,0,[28; 1; 16; 4; 256; 64; 4; 0],0.1431275550276041,0.3907287686326202,tvm
16,2,32,4,64,32,2,1,[16; 2; 32; 4; 64; 32; 2; 1],0.14724537602160126,0.3798017625024037,tvm
56,4,32,8,512,32,2,1,[56; 4; 32; 8; 512; 32; 2; 1],0.12826534803025424,0.4360028190945414,tvm
28,14,8,4,32,32,2,1,[28; 14; 8; 4; 32; 32; 2; 1],0.13733770593535155,0.40720101557294286,tvm
56,7,64,4,128,64,4,1,[56; 7; 64; 4; 128; 64; 4; 1],0.10002514603547752,0.5590999418635976,tvm
28,14,8,4,1024,32,2,1,[28; 14; 8; 4; 1024; 32; 2; 1],0.10702548490371555,0.522530249534911,tvm
28,1,4,4,64,32,2,1,[28; 1; 4; 4; 64; 32; 2; 1],0.13356077403295785,0.4187161517911939,tvm
32,8,4,4,512,64,4,1,[32; 8; 4; 4; 512; 64; 4; 1],0.09762172301998362,0.5728648460946076,tvm
14,2,64,4,2048,64,4,0,[14; 2; 64; 4; 2048; 64; 4; 0],0.15955159696750343,0.3505076376310018,tvm
32,16,32,4,256,64,4,0,[32; 16; 32; 4; 256; 64; 4; 0],0.13774092600215226,0.4060089833609765,tvm
28,4,8,8,256,32,2,0,[28; 4; 8; 8; 256; 32; 2; 0],0.1406216979958117,0.3976914951986925,tvm
16,4,8,4,2048,64,4,1,[16; 4; 8; 4; 2048; 64; 4; 1],0.10298474098090082,0.5430324220915874,tvm
56,56,4,4,512,32,2,1,[56; 56; 4; 4; 512; 32; 2; 1],0.1419387669302523,0.39400126225426496,tvm
16,8,32,4,64,32,2,1,[16; 8; 32; 4; 64; 32; 2; 1],0.14580906589981169,0.38354304643690584,tvm
28,7,4,4,128,64,4,0,[28; 7; 4; 4; 128; 64; 4; 0],0.13781096099410206,0.4058026511819095,tvm
16,1,64,8,64,32,2,1,[16; 1; 64; 8; 64; 32; 2; 1],0.13808605598751456,0.40499421127930446,tvm
16,8,16,4,1024,64,4,0,[16; 8; 16; 4; 1024; 64; 4; 0],0.13657493307255208,0.409475238795285,tvm
16,16,64,4,2048,64,4,1,[16; 16; 64; 4; 2048; 64; 4; 1],0.09982564300298691,0.5602173114142628,tvm
16,4,64,8,256,32,2,1,[16; 4; 64; 8; 256; 32; 2; 1],0.12906251894310117,0.43330979273686854,tvm
32,2,16,4,512,64,4,1,[32; 2; 16; 4; 512; 64; 4; 1],0.10418262204620987,0.536788691193896,tvm
28,14,16,4,512,32,2,0,[28; 14; 16; 4; 512; 32; 2; 0],0.14924464805517346,0.3747139616869817,tvm
32,16,32,4,64,32,2,1,[32; 16; 32; 4; 64; 32; 2; 1],0.13689329498447478,0.40852295460983495,tvm
32,16,64,4,4096,64,4,0,[32; 16; 64; 4; 4096; 64; 4; 0],0.11985800904221833,0.4665858692316077,tvm
16,16,8,4,256,64,4,0,[16; 16; 8; 4; 256; 64; 4; 0],0.157951393048279,0.35405862686022493,tvm
32,1,16,4,32,32,2,1,[32; 1; 16; 4; 32; 32; 2; 1],0.13569082401227206,0.41214322147734533,tvm
32,4,32,4,256,64,4,1,[32; 4; 32; 4; 256; 64; 4; 1],0.10805108107160777,0.5175705118236741,tvm
56,56,64,4,4096,64,4,0,[56; 56; 64; 4; 4096; 64; 4; 0],0.11620149400550872,0.4812679373182772,tvm
32,32,8,4,128,64,4,0,[32; 32; 8; 4; 128; 64; 4; 0],0.1606145380064845,0.34818799112117427,tvm
56,7,4,4,512,64,4,0,[56; 7; 4; 4; 512; 64; 4; 0],0.11892223998438567,0.4702573155422912,tvm
32,2,32,4,1024,64,4,0,[32; 2; 32; 4; 1024; 64; 4; 0],0.11907192401122302,0.46966616016099866,tvm
56,56,16,4,4096,64,4,1,[56; 56; 16; 4; 4096; 64; 4; 1],0.15208720602095127,0.36771043927014696,tvm
16,1,32,4,512,32,2,0,[16; 1; 32; 4; 512; 32; 2; 0],0.17817036993801594,0.31387964986989064,tvm
8,8,32,4,64,64,4,1,[8; 8; 32; 4; 64; 64; 4; 1],0.13324338605161756,0.4197135406906332,tvm
8,8,32,4,128,64,4,1,[8; 8; 32; 4; 128; 64; 4; 1],0.12173057300969958,0.459408445640663,tvm
56,4,16,4,256,32,2,1,[56; 4; 16; 4; 256; 32; 2; 1],0.12082238402217627,0.4628616939313893,tvm
8,4,4,4,1024,64,4,1,[8; 4; 4; 4; 1024; 64; 4; 1],0.11400812806095928,0.4905268973755202,tvm
32,8,8,8,256,32,2,1,[32; 8; 8; 8; 256; 32; 2; 1],0.11927890905644745,0.46885114707804615,tvm
28,1,4,4,256,32,2,0,[28; 1; 4; 4; 256; 32; 2; 0],0.1333696700166911,0.4193161258203195,tvm
56,7,16,4,2048,64,4,1,[56; 7; 16; 4; 2048; 64; 4; 1],0.10895986703690141,0.5132536855463815,tvm
32,1,8,4,64,64,4,0,[32; 1; 8; 4; 64; 64; 4; 0],0.14431456895545125,0.38751495249656076,tvm
32,32,64,4,4096,64,4,1,[32; 32; 64; 4; 4096; 64; 4; 1],0.11783078394364566,0.47461326710751456,tvm
16,8,32,2,2048,128,8,1,[16; 8; 32; 2; 2048; 128; 8; 1],0.12521585496142507,0.4466211834800131,tvm
14,7,32,4,64,32,2,1,[14; 7; 32; 4; 64; 32; 2; 1],0.15018677397165447,0.37236337031840216,tvm
56,28,16,4,64,32,2,1,[56; 28; 16; 4; 64; 32; 2; 1],0.12448433309327811,0.44924571585589446,tvm
14,7,8,4,2048,64,4,0,[14; 7; 8; 4; 2048; 64; 4; 0],0.11763476394116879,0.4754041361557196,tvm
8,2,32,8,512,32,2,1,[8; 2; 32; 8; 512; 32; 2; 1],0.13801783800590783,0.4051943874888079,tvm
16,16,64,8,32,32,2,1,[16; 16; 64; 8; 32; 32; 2; 1],0.12041451595723629,0.46442949912445824,tvm
28,1,4,4,4096,32,2,1,[28; 1; 4; 4; 4096; 32; 2; 1],0.10969362803734839,0.5098204365552789,tvm
16,16,16,8,2048,32,2,1,[16; 16; 16; 8; 2048; 32; 2; 1],0.12063742394093424,0.46357134881058576,tvm
56,56,16,4,512,64,4,0,[56; 56; 16; 4; 512; 64; 4; 0],0.1541883460013196,0.3626996124133449,tvm
56,14,8,8,64,32,2,1,[56; 14; 8; 8; 64; 32; 2; 1],0.10835546802263707,0.5161165777222241,tvm
56,8,64,4,512,64,4,0,[56; 8; 64; 4; 512; 64; 4; 0],0.13928175601176918,0.4015174344054637,tvm
14,2,32,8,128,32,2,1,[14; 2; 32; 8; 128; 32; 2; 1],0.1326731590088457,0.42151746254571903,tvm
32,4,8,4,32,32,2,1,[32; 4; 8; 4; 32; 32; 2; 1],0.1349791600368917,0.41431620494636734,tvm
32,4,8,8,64,32,2,1,[32; 4; 8; 8; 64; 32; 2; 1],0.12539380497764796,0.4459873702955426,tvm
56,7,64,4,1024,64,4,0,[56; 7; 64; 4; 1024; 64; 4; 0],0.1345897780265659,0.4155148641548009,tvm
32,32,32,4,128,32,2,1,[32; 32; 32; 4; 128; 32; 2; 1],0.1212200210429728,0.4613433725894843,tvm
32,4,4,4,32,32,2,1,[32; 4; 4; 4; 32; 32; 2; 1],0.1380682939197868,0.4050463125576346,tvm
56,2,32,8,128,32,2,1,[56; 2; 32; 8; 128; 32; 2; 1],0.1144031280418858,0.4888332538674831,tvm
16,2,16,8,128,32,2,1,[16; 2; 16; 8; 128; 32; 2; 1],0.12668696499895304,0.4414349442643566,tvm
16,4,64,8,128,32,2,1,[16; 4; 64; 8; 128; 32; 2; 1],0.13306921697221696,0.4202628872837624,tvm
28,4,4,4,32,32,2,1,[28; 4; 4; 4; 32; 32; 2; 1],0.1389230079948902,0.40255429349320093,tvm
56,7,32,8,128,32,2,1,[56; 7; 32; 8; 128; 32; 2; 1],0.11271523998584598,0.4961534335583715,tvm
16,2,64,8,1024,32,2,1,[16; 2; 64; 8; 1024; 32; 2; 1],0.13609463500324637,0.4109203373961019,tvm
16,2,64,4,1024,32,2,1,[16; 2; 64; 4; 1024; 32; 2; 1],0.13259897590614855,0.4217532824153596,tvm
56,2,64,4,1024,32,2,1,[56; 2; 64; 4; 1024; 32; 2; 1],0.10582125897053629,0.5284765450475714,tvm
56,56,16,4,512,32,2,1,[56; 56; 16; 4; 512; 32; 2; 1],0.13605029601603746,0.41105425692525555,tvm
32,16,8,4,2048,64,4,0,[32; 16; 8; 4; 2048; 64; 4; 0],0.116666643996723,0.4793491217155793,tvm
56,14,64,4,4096,64,4,0,[56; 14; 64; 4; 4096; 64; 4; 0],0.13112840498797596,0.42648313565974805,tvm
56,28,32,8,256,32,2,1,[56; 28; 32; 8; 256; 32; 2; 1],0.11062723305076361,0.5055179614559412,tvm
28,7,64,4,128,32,2,1,[28; 7; 64; 4; 128; 32; 2; 1],0.12904179899487644,0.4333793683049457,tvm
16,4,64,4,1024,32,2,1,[16; 4; 64; 4; 1024; 32; 2; 1],0.12668890797067434,0.44142817417195285,tvm
14,7,64,4,256,32,2,1,[14; 7; 64; 4; 256; 32; 2; 1],0.135735047981143,0.4120089406908567,tvm
28,28,4,4,4096,64,4,0,[28; 28; 4; 4; 4096; 64; 4; 0],0.11000972194597125,0.5083555557098777,tvm
32,4,16,8,1024,32,2,1,[32; 4; 16; 8; 1024; 32; 2; 1],0.11048400797881186,0.5061732856764048,tvm
16,4,16,4,256,32,2,1,[16; 4; 16; 4; 256; 32; 2; 1],0.13374195899814367,0.4181489022013619,tvm
8,1,64,4,256,64,4,1,[8; 1; 64; 4; 256; 64; 4; 1],0.12095550901722163,0.4623522631397539,tvm
16,16,8,4,256,32,2,1,[16; 16; 8; 4; 256; 32; 2; 1],0.1289072900544852,0.4338315801200687,tvm
28,7,32,4,256,32,2,1,[28; 7; 32; 4; 256; 32; 2; 1],0.12368208402767777,0.4521596945344045,tvm
28,28,8,8,256,32,2,1,[28; 28; 8; 8; 256; 32; 2; 1],0.13721091102343053,0.4075773050131821,tvm
28,7,32,8,256,32,2,1,[28; 7; 32; 8; 256; 32; 2; 1],0.11764037807006389,0.47538144853654124,tvm
8,8,64,4,128,64,4,1,[8; 8; 64; 4; 128; 64; 4; 1],0.11398655700031668,0.4906197257381672,tvm
8,4,4,4,64,64,4,1,[8; 4; 4; 4; 64; 64; 4; 1],0.11658233997877687,0.47969575274877807,tvm
32,2,8,4,512,32,2,1,[32; 2; 8; 4; 512; 32; 2; 1],0.11067217099480331,0.5053126981304025,tvm
28,1,8,4,256,32,2,1,[28; 1; 8; 4; 256; 32; 2; 1],0.11612606199923903,0.48158055453305393,tvm
28,4,8,4,1024,32,2,1,[28; 4; 8; 4; 1024; 32; 2; 1],0.10597252997104079,0.5277221686470612,tvm
16,4,4,4,256,32,2,1,[16; 4; 4; 4; 256; 32; 2; 1],0.1182831529295072,0.47279812845927605,tvm
28,14,4,4,1024,32,2,1,[28; 14; 4; 4; 1024; 32; 2; 1],0.10168112895917147,0.5499944179001868,tvm
8,8,4,4,2048,64,4,1,[8; 8; 4; 4; 2048; 64; 4; 1],0.1125769839854911,0.4967627604994358,tvm
32,1,32,4,64,64,4,1,[32; 1; 32; 4; 64; 64; 4; 1],0.12333927501458675,0.45341642657393166,tvm
16,8,32,4,4096,64,4,1,[16; 8; 32; 4; 4096; 64; 4; 1],0.12621114403009415,0.44309917133782295,tvm
28,28,16,4,512,64,4,1,[28; 28; 16; 4; 512; 64; 4; 1],0.11496660707052797,0.4864373643646445,tvm
14,7,4,4,2048,64,4,1,[14; 7; 4; 4; 2048; 64; 4; 1],0.09825809899484739,0.5691546437944619,tvm
16,4,8,4,64,64,4,1,[16; 4; 8; 4; 64; 64; 4; 1],0.13613932998850942,0.4107854309115044,tvm
16,1,16,4,512,64,4,1,[16; 1; 16; 4; 512; 64; 4; 1],0.1080832660663873,0.5174163898691169,tvm
16,8,8,4,2048,64,4,1,[16; 8; 8; 4; 2048; 64; 4; 1],0.1025977450190112,0.5450807259260005,tvm
32,4,64,4,128,64,4,1,[32; 4; 64; 4; 128; 64; 4; 1],0.11419170501176268,0.48973831617255126,tvm
32,8,4,4,256,64,4,1,[32; 8; 4; 4; 256; 64; 4; 1],0.11118877306580544,0.5029649288443493,tvm
32,2,16,4,512,64,4,1,[32; 2; 16; 4; 512; 64; 4; 1],0.10109551798086613,0.5531803432068849,tvm
28,1,32,4,2048,64,4,1,[28; 1; 32; 4; 2048; 64; 4; 1],0.09509612701367587,0.58807918986323,tvm
32,2,64,4,2048,64,4,1,[32; 2; 64; 4; 2048; 64; 4; 1],0.0928922684979625,0.6020313018252964,tvm
32,1,32,4,1024,64,4,1,[32; 1; 32; 4; 1024; 64; 4; 1],0.09459062246605754,0.5912219612826933,tvm
32,2,64,4,1024,64,4,1,[32; 2; 64; 4; 1024; 64; 4; 1],0.09630774904508144,0.5806807228684725,tvm
28,4,4,4,128,64,4,1,[28; 4; 4; 4; 128; 64; 4; 1],0.11065180297009647,0.5054057126249154,tvm
28,7,32,4,2048,64,4,1,[28; 7; 32; 4; 2048; 64; 4; 1],0.09567961253924295,0.5844928909008291,tvm
8,4,32,4,1024,32,2,1,[8; 4; 32; 4; 1024; 32; 2; 1],0.14624838600866497,0.38239090946289095,tvm
28,1,4,4,1024,32,2,0,[28; 1; 4; 4; 1024; 32; 2; 0],0.11070465389639139,0.505164429543068,tvm
16,16,32,4,32,32,2,1,[16; 16; 32; 4; 32; 32; 2; 1],0.12954111595172435,0.43170890510295096,tvm
16,1,16,8,32,32,2,1,[16; 1; 16; 8; 32; 32; 2; 1],0.12958360102493316,0.4315673657083584,tvm
56,28,4,4,2048,32,2,0,[56; 28; 4; 4; 2048; 32; 2; 0],0.1264889439335093,0.44212601982613287,tvm
8,8,4,4,64,32,2,1,[8; 8; 4; 4; 64; 32; 2; 1],0.17819490004330873,0.3138364415577633,tvm
16,8,16,4,2048,64,4,0,[16; 8; 16; 4; 2048; 64; 4; 0],0.13603828300256282,0.41109055553339924,tvm
16,16,64,8,2048,32,2,1,[16; 16; 64; 8; 2048; 32; 2; 1],0.11537532194051892,0.48471416931052774,tvm
14,14,8,4,32,32,2,1,[14; 14; 8; 4; 32; 32; 2; 1],0.13754147908184677,0.4065977311473772,tvm
32,32,4,4,1024,32,2,0,[32; 32; 4; 4; 1024; 32; 2; 0],0.12218237202614546,0.45770967125573814,tvm
16,1,4,4,64,32,2,1,[16; 1; 4; 4; 64; 32; 2; 1],0.1424108410719782,0.3926951973064174,tvm
14,14,8,8,32,32,2,1,[14; 14; 8; 8; 32; 32; 2; 1],0.12697366101201624,0.44043822071130895,tvm
28,1,8,4,64,32,2,1,[28; 1; 8; 4; 64; 32; 2; 1],0.13324548001401126,0.41970694486186483,tvm
56,8,32,4,32,32,2,1,[56; 8; 32; 4; 32; 32; 2; 1],0.126629151054658,0.44163648628738233,tvm
16,16,8,4,1024,64,4,0,[16; 16; 8; 4; 1024; 64; 4; 0],0.12609605491161346,0.4435035923410378,tvm
56,28,32,4,64,32,2,1,[56; 28; 32; 4; 64; 32; 2; 1],0.12578855303581804,0.4445877783283593,tvm
32,16,32,4,2048,32,2,1,[32; 16; 32; 4; 2048; 32; 2; 1],0.1111918039387092,0.5029512189959578,tvm
14,14,4,4,128,32,2,1,[14; 14; 4; 4; 128; 32; 2; 1],0.16175499197561294,0.345733090832614,tvm
16,8,16,8,512,32,2,1,[16; 8; 16; 8; 512; 32; 2; 1],0.11542166105937213,0.48451956781809247,tvm
32,32,16,8,256,32,2,1,[32; 32; 16; 8; 256; 32; 2; 1],0.12660867092199624,0.44170792510560525,tvm
56,1,32,8,2048,32,2,1,[56; 1; 32; 8; 2048; 32; 2; 1],0.1435880740173161,0.3894756142950224,tvm
56,2,32,4,2048,32,2,1,[56; 2; 32; 4; 2048; 32; 2; 1],0.11763391201384366,0.47540757912354353,tvm
32,32,32,8,512,32,2,1,[32; 32; 32; 8; 512; 32; 2; 1],0.12251380202360451,0.45647145390654476,tvm
28,28,64,8,512,32,2,1,[28; 28; 64; 8; 512; 32; 2; 1],0.11187340505421162,0.4998869329688647,tvm
8,4,4,4,512,32,2,1,[8; 4; 4; 4; 512; 32; 2; 1],0.10630953300278634,0.5260492803770249,tvm
8,4,32,4,128,64,4,1,[8; 4; 32; 4; 128; 64; 4; 1],0.12051953503396362,0.46402480160227444,tvm
8,4,16,4,128,64,4,1,[8; 4; 16; 4; 128; 64; 4; 1],0.1129277020227164,0.49521997111110716,tvm
16,8,8,8,256,32,2,1,[16; 8; 8; 8; 256; 32; 2; 1],0.1093065949389711,0.5116256101890035,tvm
32,8,4,4,128,32,2,1,[32; 8; 4; 4; 128; 32; 2; 1],0.12514748005196452,0.4468651970468139,tvm
28,7,4,4,128,32,2,1,[28; 7; 4; 4; 128; 32; 2; 1],0.12368815101217479,0.4521375158064143,tvm
32,16,32,8,512,32,2,1,[32; 16; 32; 8; 512; 32; 2; 1],0.11213764210697263,0.49870901761948155,tvm
56,7,64,4,512,32,2,1,[56; 7; 64; 4; 512; 32; 2; 1],0.1072091959649697,0.5216348544541493,tvm
8,8,4,4,128,64,4,1,[8; 8; 4; 4; 128; 64; 4; 1],0.12859373004175723,0.4348894251311752,tvm
28,7,32,8,512,32,2,1,[28; 7; 32; 8; 512; 32; 2; 1],0.11233963200356811,0.4978123244302339,tvm
16,4,8,8,512,32,2,1,[16; 4; 8; 8; 512; 32; 2; 1],0.10085348400752991,0.5545078971110006,tvm
56,4,64,8,128,32,2,1,[56; 4; 64; 8; 128; 32; 2; 1],0.11289692297577858,0.4953549827512264,tvm
32,1,32,4,1024,32,2,1,[32; 1; 32; 4; 1024; 32; 2; 1],0.11288916203193367,0.4953890375899304,tvm
56,7,4,4,256,32,2,1,[56; 7; 4; 4; 256; 32; 2; 1],0.11029918701387942,0.5070214463710977,tvm
56,2,4,4,256,32,2,1,[56; 2; 4; 4; 256; 32; 2; 1],0.10950508306268603,0.5106982412982572,tvm
56,4,4,4,256,32,2,1,[56; 4; 4; 4; 256; 32; 2; 1],0.11054365406744182,0.5059001695313464,tvm
28,2,4,4,256,32,2,1,[28; 2; 4; 4; 256; 32; 2; 1],0.11447483103256673,0.4885270659838197,tvm
8,8,8,4,512,64,4,1,[8; 8; 8; 4; 512; 64; 4; 1],0.12624444102402776,0.4429823038520125,tvm
14,1,64,4,64,64,4,1,[14; 1; 64; 4; 64; 64; 4; 1],0.1406670119613409,0.39756338429014737,tvm
14,7,4,4,64,64,4,1,[14; 7; 4; 4; 64; 64; 4; 1],0.1409689689753577,0.39671179934010314,tvm
56,1,8,4,512,32,2,1,[56; 1; 8; 4; 512; 32; 2; 1],0.11160003195982426,0.5011114455008925,tvm
8,4,64,4,2048,64,4,1,[8; 4; 64; 4; 2048; 64; 4; 1],0.13341782905627042,0.4191647677743786,tvm
32,2,8,4,512,32,2,1,[32; 2; 8; 4; 512; 32; 2; 1],0.11122400697786361,0.5028055979359172,tvm
56,4,4,4,512,32,2,1,[56; 4; 4; 4; 512; 32; 2; 1],0.10831836401484907,0.5162933713222151,tvm
28,28,32,4,64,64,4,1,[28; 28; 32; 4; 64; 64; 4; 1],0.11091616493649781,0.5042011086963853,tvm
16,16,8,4,256,64,4,1,[16; 16; 8; 4; 256; 64; 4; 1],0.1381611949764192,0.4047739551100309,tvm
16,8,64,4,64,64,4,1,[16; 8; 64; 4; 64; 64; 4; 1],0.13605794892646372,0.4110311361782988,tvm
32,1,8,4,1024,32,2,1,[32; 1; 8; 4; 1024; 32; 2; 1],0.11319096595980227,0.49406816930243136,tvm
32,4,4,4,1024,32,2,1,[32; 4; 4; 4; 1024; 32; 2; 1],0.10520414798520505,0.5315765053408158,tvm
56,7,32,4,64,64,4,1,[56; 7; 32; 4; 64; 64; 4; 1],0.1051319440593943,0.5319415885788151,tvm
14,1,4,4,4096,64,4,1,[14; 1; 4; 4; 4096; 64; 4; 1],0.12489324493799359,0.4477748445169973,tvm
14,1,16,4,512,64,4,1,[14; 1; 16; 4; 512; 64; 4; 1],0.113160902983509,0.49419942629375424,tvm
16,2,16,4,4096,64,4,1,[16; 2; 16; 4; 4096; 64; 4; 1],0.12129393697250634,0.46106223220382087,tvm
56,1,16,4,256,64,4,1,[56; 1; 16; 4; 256; 64; 4; 1],0.10244129807688296,0.5459131657172278,tvm
56,2,16,4,256,64,4,1,[56; 2; 16; 4; 256; 64; 4; 1],0.10259477607905865,0.5450964997500335,tvm
56,8,4,4,4096,64,4,1,[56; 8; 4; 4; 4096; 64; 4; 1],0.10219971800688654,0.5472035972698573,tvm
14,2,32,4,1024,64,4,1,[14; 2; 32; 4; 1024; 64; 4; 1],0.11343831301201135,0.4929908762607555,tvm
56,1,64,4,4096,64,4,1,[56; 1; 64; 4; 4096; 64; 4; 1],0.0985924425185658,0.5672245448509134,tvm
32,4,64,4,4096,64,4,1,[32; 4; 64; 4; 4096; 64; 4; 1],0.10711266903672367,0.5221049371308236,tvm
56,1,4,4,1024,64,4,1,[56; 1; 4; 4; 1024; 64; 4; 1],0.09501034748973325,0.5886101336423009,tvm
14,7,32,4,256,32,2,1,[14; 7; 32; 4; 256; 32; 2; 1],0.13800631905905902,0.405228207770696,tvm
16,8,8,8,32,32,2,1,[16; 8; 8; 8; 32; 32; 2; 1],0.1245926870033145,0.44885502254113524,tvm
32,8,16,8,4096,32,2,1,[32; 8; 16; 8; 4096; 32; 2; 1],0.13250005198642612,0.4220681614454192,tvm
14,7,8,4,2048,64,4,0,[14; 7; 8; 4; 2048; 64; 4; 0],0.13494984002318233,0.4144062217763758,tvm
14,14,32,4,1024,32,2,1,[14; 14; 32; 4; 1024; 32; 2; 1],0.11333609302528203,0.4934355141469213,tvm
16,1,4,4,4096,32,2,0,[16; 1; 4; 4; 4096; 32; 2; 0],0.12464483396615833,0.4486672375729345,tvm
28,4,64,8,64,32,2,1,[28; 4; 64; 8; 64; 32; 2; 1],0.12620675598736852,0.443114577312569,tvm
32,2,16,8,32,32,2,1,[32; 2; 16; 8; 32; 32; 2; 1],0.12324946792796254,0.45374681346308204,tvm
32,4,64,8,32,32,2,1,[32; 4; 64; 8; 32; 32; 2; 1],0.12021646706853062,0.4651946168194517,tvm
32,16,8,8,32,32,2,1,[32; 16; 8; 8; 32; 32; 2; 1],0.11600734596140683,0.4820733796628541,tvm
28,14,32,4,2048,64,4,0,[28; 14; 32; 4; 2048; 64; 4; 0],0.1186549699632451,0.471316568961726,tvm
32,8,16,4,4096,64,4,0,[32; 8; 16; 4; 4096; 64; 4; 0],0.11235864507034421,0.4977280857945648,tvm
28,14,32,4,4096,64,4,0,[28; 14; 32; 4; 4096; 64; 4; 0],0.11766291898675263,0.47529037877795366,tvm
16,4,32,8,128,32,2,1,[16; 4; 32; 8; 128; 32; 2; 1],0.12641611404251307,0.44238073410899476,tvm
16,1,16,8,128,32,2,1,[16; 1; 16; 8; 128; 32; 2; 1],0.12647561298217624,0.44217262138286306,tvm
56,28,4,4,2048,32,2,0,[56; 28; 4; 4; 2048; 32; 2; 0],0.12657976092305034,0.44180880833967107,tvm
16,16,64,4,2048,32,2,1,[16; 16; 64; 4; 2048; 32; 2; 1],0.1054825329920277,0.5301735912765769,tvm
8,2,32,4,128,64,4,1,[8; 2; 32; 4; 128; 64; 4; 1],0.1126388149568811,0.4964900718703534,tvm
56,7,64,4,64,32,2,1,[56; 7; 64; 4; 64; 32; 2; 1],0.12195949093438685,0.458546136138105,tvm
32,8,8,4,4096,64,4,0,[32; 8; 8; 4; 4096; 64; 4; 0],0.11715354293119162,0.4773569107182656,tvm
8,4,4,4,1024,32,2,1,[8; 4; 4; 4; 1024; 32; 2; 1],0.11262139305472374,0.4965668761188146,tvm
16,1,32,8,512,32,2,1,[16; 1; 32; 8; 512; 32; 2; 1],0.11822865903377533,0.4730160503415425,tvm
56,2,4,4,4096,32,2,1,[56; 2; 4; 4; 4096; 32; 2; 1],0.11357269901782274,0.49240753998949416,tvm
8,4,64,4,1024,64,4,1,[8; 4; 64; 4; 1024; 64; 4; 1],0.13622772600501776,0.41051887874332904,tvm
56,56,64,8,64,32,2,1,[56; 56; 64; 8; 64; 32; 2; 1],0.12191024399362504,0.4587313707308938,tvm
32,8,32,8,2048,32,2,1,[32; 8; 32; 8; 2048; 32; 2; 1],0.11252718407195061,0.4969826073100268,tvm
28,14,32,8,2048,32,2,1,[28; 14; 32; 8; 2048; 32; 2; 1],0.11230338492896408,0.49797299848715426,tvm
32,1,32,4,2048,32,2,1,[32; 1; 32; 4; 2048; 32; 2; 1],0.11231633694842458,0.49791557357335775,tvm
32,2,16,4,128,32,2,1,[32; 2; 16; 4; 128; 32; 2; 1],0.12659245799295604,0.4417644954523681,tvm
32,8,8,4,128,32,2,1,[32; 8; 8; 4; 128; 32; 2; 1],0.12682503904215991,0.4409543553520432,tvm
56,28,4,4,128,32,2,1,[56; 28; 4; 4; 128; 32; 2; 1],0.114259953959845,0.4894457891431238,tvm
28,1,64,8,128,32,2,1,[28; 1; 64; 8; 128; 32; 2; 1],0.12485293904319406,0.44791939830896477,tvm
32,2,4,4,4096,64,4,0,[32; 2; 4; 4; 4096; 64; 4; 0],0.11367318604607135,0.49197225201964084,tvm
32,16,64,4,2048,32,2,1,[32; 16; 64; 4; 2048; 32; 2; 1],0.112471250933595,0.49722976199804053,tvm
56,28,4,4,256,32,2,1,[56; 28; 4; 4; 256; 32; 2; 1],0.1113522439263761,0.5022265502822665,tvm
28,4,4,4,128,32,2,1,[28; 4; 4; 4; 128; 32; 2; 1],0.12526842101942748,0.44643376900759574,tvm
28,7,4,4,1024,64,4,0,[28; 7; 4; 4; 1024; 64; 4; 0],0.10204994003288448,0.5480067241128453,tvm
28,1,32,8,256,32,2,1,[28; 1; 32; 8; 256; 32; 2; 1],0.1157674411078915,0.48307238026634736,tvm
14,1,32,4,256,64,4,1,[14; 1; 32; 4; 256; 64; 4; 1],0.12389829603489488,0.4513706412684062,tvm
32,16,16,8,1024,32,2,1,[32; 16; 16; 8; 1024; 32; 2; 1],0.10750387399457395,0.5202050052275883,tvm
16,2,64,4,128,64,4,1,[16; 2; 64; 4; 128; 64; 4; 1],0.120371630997397,0.4645949620350552,tvm
56,7,32,8,128,32,2,1,[56; 7; 32; 8; 128; 32; 2; 1],0.11133431503549218,0.5023074270992313,tvm
16,4,64,4,128,64,4,1,[16; 4; 64; 4; 128; 64; 4; 1],0.12073507602326572,0.4631964063414077,tvm
32,32,4,4,64,64,4,1,[32; 32; 4; 4; 64; 64; 4; 1],0.10982893605250865,0.5091923435058711,tvm
32,2,64,4,512,32,2,1,[32; 2; 64; 4; 512; 32; 2; 1],0.11494404904078692,0.48653282879820214,tvm
14,1,64,4,512,64,4,1,[14; 1; 64; 4; 512; 64; 4; 1],0.11172413406893611,0.5005548156571706,tvm
56,28,16,4,64,64,4,1,[56; 28; 16; 4; 64; 64; 4; 1],0.10898075101431459,0.513155330761005,tvm
16,16,8,4,512,32,2,1,[16; 16; 8; 4; 512; 32; 2; 1],0.12244361196644604,0.4567331233960865,tvm
28,4,64,4,64,64,4,1,[28; 4; 64; 4; 64; 64; 4; 1],0.1225354929920286,0.45639065031526344,tvm
28,7,4,4,256,32,2,1,[28; 7; 4; 4; 256; 32; 2; 1],0.11492269206792116,0.48662324495741294,tvm
32,32,16,4,128,64,4,1,[32; 32; 16; 4; 128; 64; 4; 1],0.13176577899139374,0.4244201625141684,tvm
56,1,8,8,256,32,2,1,[56; 1; 8; 8; 256; 32; 2; 1],0.11359848396386951,0.4922957717562518,tvm
28,2,64,4,64,64,4,1,[28; 2; 64; 4; 64; 64; 4; 1],0.12310031696688384,0.4542965827486691,tvm
16,8,8,8,1024,32,2,1,[16; 8; 8; 8; 1024; 32; 2; 1],0.08953094499884173,0.6246337881729812,tvm
14,14,16,4,2048,64,4,1,[14; 14; 16; 4; 2048; 64; 4; 1],0.11251839809119701,0.49702141411581835,tvm
56,2,8,8,1024,32,2,1,[56; 2; 8; 8; 1024; 32; 2; 1],0.11171247693710029,0.5006070482603422,tvm
32,8,4,4,1024,32,2,1,[32; 8; 4; 4; 1024; 32; 2; 1],0.10324205900542438,0.5416789811446424,tvm
28,2,8,4,1024,32,2,1,[28; 2; 8; 4; 1024; 32; 2; 1],0.10606079397257417,0.5272829972194486,tvm
56,56,32,4,2048,64,4,1,[56; 56; 32; 4; 2048; 64; 4; 1],0.13358193298336118,0.41864982849364196,tvm
56,28,32,4,2048,64,4,1,[56; 28; 32; 4; 2048; 64; 4; 1],0.09861961897695437,0.5670682356459091,tvm
28,7,4,4,256,64,4,1,[28; 7; 4; 4; 256; 64; 4; 1],0.10507860302459449,0.5322116180041322,tvm
56,4,32,4,256,64,4,1,[56; 4; 32; 4; 256; 64; 4; 1],0.10345553606748581,0.5405612445606885,tvm
56,2,64,4,4096,64,4,1,[56; 2; 64; 4; 4096; 64; 4; 1],0.10010872490238398,0.5586331599754655,tvm
32,1,16,4,2048,64,4,1,[32; 1; 16; 4; 2048; 64; 4; 1],0.09495801897719502,0.588934499010178,tvm
28,2,8,4,2048,32,2,0,[28; 2; 8; 4; 2048; 32; 2; 0],0.12393208499997854,0.45124757913451563,tvm
32,4,4,4,32,32,2,1,[32; 4; 4; 4; 32; 32; 2; 1],0.13691377500072122,0.4084618463922914,tvm
32,4,16,8,4096,32,2,1,[32; 4; 16; 8; 4096; 32; 2; 1],0.1336322360439226,0.41849223652107465,tvm
32,1,32,4,64,32,2,1,[32; 1; 32; 4; 64; 32; 2; 1],0.13577944098506123,0.41187423462353356,tvm
32,2,32,4,64,32,2,1,[32; 2; 32; 4; 64; 32; 2; 1],0.13488376210443676,0.4146092343571563,tvm
7,7,32,4,128,64,4,1,[7; 7; 32; 4; 128; 64; 4; 1],0.12686722993385047,0.4408077118298599,tvm
32,4,8,4,4096,32,2,0,[32; 4; 8; 4; 4096; 32; 2; 0],0.13287940993905067,0.42086319738313605,tvm
32,32,8,4,2048,32,2,0,[32; 32; 8; 4; 2048; 32; 2; 0],0.14755846501793712,0.3789959005505732,tvm
28,1,16,4,2048,64,4,0,[28; 1; 16; 4; 2048; 64; 4; 0],0.11615241004619747,0.4814713126580032,tvm
32,8,64,8,4096,32,2,1,[32; 8; 64; 8; 4096; 32; 2; 1],0.1420521669788286,0.39368673159113604,tvm
8,1,64,4,64,64,4,1,[8; 1; 64; 4; 64; 64; 4; 1],0.11388993600849062,0.491035953599659,tvm
16,16,8,8,64,32,2,1,[16; 16; 8; 8; 64; 32; 2; 1],0.2128100460395217,0.26278859656347,tvm
16,2,32,8,128,32,2,1,[16; 2; 32; 8; 128; 32; 2; 1],0.12587959493976086,0.4442662320298659,tvm
16,16,32,8,32,32,2,1,[16; 16; 32; 8; 32; 32; 2; 1],0.1290855569532141,0.4332324595663518,tvm
8,8,64,4,64,64,4,1,[8; 8; 64; 4; 64; 64; 4; 1],0.11433037300594151,0.4891443267698171,tvm
16,1,4,4,4096,32,2,0,[16; 1; 4; 4; 4096; 32; 2; 0],0.12453382089734077,0.44906719259368283,tvm
28,14,32,8,4096,32,2,1,[28; 14; 32; 8; 4096; 32; 2; 1],0.13826881803106517,0.40445889485197417,tvm
16,16,32,8,4096,32,2,1,[16; 16; 32; 8; 4096; 32; 2; 1],0.15109754703007638,0.3701188697802056,tvm
14,1,32,4,64,64,4,1,[14; 1; 32; 4; 64; 64; 4; 1],0.14041186298709363,0.3982858153407861,tvm
56,56,16,8,1024,32,2,1,[56; 56; 16; 8; 1024; 32; 2; 1],0.15195753891021013,0.3680242108052183,tvm
28,28,16,8,32,32,2,1,[28; 28; 16; 8; 32; 32; 2; 1],0.12347851996310055,0.45290511540019496,tvm
16,1,64,4,64,64,4,1,[16; 1; 64; 4; 64; 64; 4; 1],0.13499383896123618,0.41427115314049306,tvm
32,1,32,8,32,32,2,1,[32; 1; 32; 8; 32; 32; 2; 1],0.12761438405141234,0.4382268797442384,tvm
56,7,4,4,2048,32,2,0,[56; 7; 4; 4; 2048; 32; 2; 0],0.1267580499406904,0.4411873909349346,tvm
32,4,64,8,64,32,2,1,[32; 4; 64; 8; 64; 32; 2; 1],0.12131657998543233,0.46097617770010235,tvm
16,8,32,4,256,32,2,1,[16; 8; 32; 4; 256; 32; 2; 1],0.13465975399594754,0.4152989417685726,tvm
32,32,32,8,64,32,2,1,[32; 32; 32; 8; 64; 32; 2; 1],0.12413405801635236,0.4505133742261643,tvm
32,32,64,8,32,32,2,1,[32; 32; 64; 8; 32; 32; 2; 1],0.11784446192905307,0.47455817963683167,tvm
14,14,32,4,512,32,2,1,[14; 14; 32; 4; 512; 32; 2; 1],0.10569277498871088,0.5291189803589377,tvm
32,32,64,8,128,32,2,1,[32; 32; 64; 8; 128; 32; 2; 1],0.1119223649147898,0.49966826001139425,tvm
28,28,64,4,256,32,2,1,[28; 28; 64; 4; 256; 32; 2; 1],0.11638627399224788,0.4805038550942722,tvm
28,1,64,8,256,32,2,1,[28; 1; 64; 8; 256; 32; 2; 1],0.11521466204430908,0.4853900739805681,tvm
56,2,16,8,64,32,2,1,[56; 2; 16; 8; 64; 32; 2; 1],0.11819586798083037,0.4731472790775003,tvm
8,1,4,4,512,64,4,1,[8; 1; 4; 4; 512; 64; 4; 1],0.11067630199249834,0.5052938373123804,tvm
16,16,16,8,2048,32,2,1,[16; 16; 16; 8; 2048; 32; 2; 1],0.11633211199659854,0.48072756845477466,tvm
14,7,8,4,256,64,4,1,[14; 7; 8; 4; 256; 64; 4; 1],0.12122972402721643,0.4613064475901819,tvm
56,28,32,8,1024,32,2,1,[56; 28; 32; 8; 1024; 32; 2; 1],0.12423890200443566,0.45013319041838196,tvm
32,4,32,8,1024,32,2,1,[32; 4; 32; 8; 1024; 32; 2; 1],0.11111872096080333,0.5032820108958985,tvm
56,8,64,4,2048,32,2,1,[56; 8; 64; 4; 2048; 32; 2; 1],0.11158430192153901,0.5011820871779669,tvm
32,16,16,8,512,32,2,1,[32; 16; 16; 8; 512; 32; 2; 1],0.11319307202938944,0.4940589766731768,tvm
56,7,32,8,128,32,2,1,[56; 7; 32; 8; 128; 32; 2; 1],0.11151510593481362,0.5014930745438546,tvm
32,2,32,4,64,64,4,1,[32; 2; 32; 4; 64; 64; 4; 1],0.12126292602624744,0.46118014108639055,tvm
16,16,4,4,256,64,4,1,[16; 16; 4; 4; 256; 64; 4; 1],0.13059765798971057,0.428216356971267,tvm
32,1,4,4,64,64,4,1,[32; 1; 4; 4; 64; 64; 4; 1],0.12127160094678402,0.4611471514907578,tvm
28,14,8,4,128,64,4,1,[28; 14; 8; 4; 128; 64; 4; 1],0.10920002299826592,0.5121249226680236,tvm
56,28,8,4,1024,32,2,1,[56; 28; 8; 4; 1024; 32; 2; 1],0.11607175797689706,0.48180586137468917,tvm
56,14,32,4,2048,32,2,1,[56; 14; 32; 4; 2048; 32; 2; 1],0.11651159706525505,0.47998701195394106,tvm
56,14,16,4,64,64,4,1,[56; 14; 16; 4; 64; 64; 4; 1],0.10441157093737274,0.535611645637218,tvm
56,4,8,4,256,32,2,1,[56; 4; 8; 4; 256; 32; 2; 1],0.11251566803548485,0.49703347373537504,tvm
14,7,16,4,1024,64,4,1,[14; 7; 16; 4; 1024; 64; 4; 1],0.10914088797289878,0.5124024036456444,tvm
28,1,8,8,2048,32,2,1,[28; 1; 8; 8; 2048; 32; 2; 1],0.08610072202282026,0.6495189821812544,tvm
16,4,32,4,4096,64,4,1,[16; 4; 32; 4; 4096; 64; 4; 1],0.1462497100001201,0.3823874476967333,tvm
32,16,4,4,256,64,4,1,[32; 16; 4; 4; 256; 64; 4; 1],0.11138513602782041,0.5020782424628482,tvm
32,2,8,8,1024,32,2,1,[32; 2; 8; 8; 1024; 32; 2; 1],0.10707899590488523,0.5222691234703848,tvm
28,7,8,4,2048,32,2,1,[28; 7; 8; 4; 2048; 32; 2; 1],0.10427769599482417,0.5362992804914786,tvm
56,14,16,4,256,64,4,1,[56; 14; 16; 4; 256; 64; 4; 1],0.10058491700328887,0.5559884622811267,tvm
56,1,4,4,1024,32,2,1,[56; 1; 4; 4; 1024; 32; 2; 1],0.11805824097245932,0.4736988529786694,tvm
28,2,4,4,512,32,2,1,[28; 2; 4; 4; 512; 32; 2; 1],0.10540328500792384,0.5305722049282351,tvm
56,14,16,4,512,64,4,1,[56; 14; 16; 4; 512; 64; 4; 1],0.09657053899718449,0.5791005612484341,tvm
28,14,8,4,2048,64,4,1,[28; 14; 8; 4; 2048; 64; 4; 1],0.09459526848513633,0.5911929235881458,tvm
28,2,4,4,256,64,4,1,[28; 2; 4; 4; 256; 64; 4; 1],0.10531957901548594,0.5309938935960843,tvm
32,2,8,4,512,64,4,1,[32; 2; 8; 4; 512; 64; 4; 1],0.0995696765021421,0.5616574774362173,tvm
56,2,16,4,1024,64,4,1,[56; 2; 16; 4; 1024; 64; 4; 1],0.10009351302869618,0.5587180591543456,tvm
28,1,4,4,1024,64,4,1,[28; 1; 4; 4; 1024; 64; 4; 1],0.09056935051921755,0.6174721692573807,tvm
8,4,16,4,4096,32,2,1,[8; 4; 16; 4; 4096; 32; 2; 1],0.16351919807493687,0.342002981862134,tvm
7,7,4,4,256,32,2,1,[7; 7; 4; 4; 256; 32; 2; 1],0.10533773701172322,0.5309023614880719,tvm
32,32,8,4,4096,32,2,1,[32; 32; 8; 4; 4096; 32; 2; 1],0.1558725719805807,0.35878058995716455,tvm
32,4,8,4,32,32,2,1,[32; 4; 8; 4; 32; 32; 2; 1],0.13682475802488625,0.4087275880521684,tvm
16,2,32,8,32,32,2,1,[16; 2; 32; 8; 32; 32; 2; 1],0.12754357408266515,0.4384701756678634,tvm
14,2,4,4,128,32,2,1,[14; 2; 4; 4; 128; 32; 2; 1],0.12959445698652416,0.43153121386317145,tvm
16,16,32,8,32,32,2,1,[16; 16; 32; 8; 32; 32; 2; 1],0.12908484495710582,0.43323484915612354,tvm
16,16,16,4,1024,64,4,0,[16; 16; 16; 4; 1024; 64; 4; 0],0.1241139629855752,0.4505863158993074,tvm
8,8,64,8,256,32,2,1,[8; 8; 64; 8; 256; 32; 2; 1],0.11895974294748157,0.47010906334946206,tvm
16,1,8,4,64,64,4,1,[16; 1; 8; 4; 64; 64; 4; 1],0.13692590594291687,0.40842565874019154,tvm
16,4,64,4,64,64,4,1,[16; 4; 64; 4; 64; 64; 4; 1],0.13507815601769835,0.4140125611872137,tvm
7,1,16,4,1024,64,4,1,[7; 1; 16; 4; 1024; 64; 4; 1],0.14518607396166772,0.38518882567276047,tvm
28,4,8,8,32,32,2,1,[28; 4; 8; 8; 32; 32; 2; 1],0.12258692795876414,0.4561991581365437,tvm
56,4,8,4,2048,64,4,0,[56; 4; 8; 4; 2048; 64; 4; 0],0.1508295009844005,0.37077662505239783,tvm
16,1,64,4,1024,32,2,1,[16; 1; 64; 4; 1024; 32; 2; 1],0.1265700189396739,0.4418428139762544,tvm
28,2,64,4,2048,64,4,0,[28; 2; 64; 4; 2048; 64; 4; 0],0.12684744992293417,0.44087644936740816,tvm
16,1,8,8,128,32,2,1,[16; 1; 8; 8; 128; 32; 2; 1],0.12536725599784404,0.4460818168844269,tvm
28,2,32,4,2048,64,4,0,[28; 2; 32; 4; 2048; 64; 4; 0],0.1213663499802351,0.4607871402776861,tvm
32,8,64,4,1024,64,4,0,[32; 8; 64; 4; 1024; 64; 4; 0],0.12330864300020039,0.45352906311070545,tvm
28,1,16,4,1024,64,4,0,[28; 1; 16; 4; 1024; 64; 4; 0],0.11853113991674036,0.47180895562647907,tvm
32,32,32,4,128,32,2,1,[32; 32; 32; 4; 128; 32; 2; 1],0.12213188200257719,0.4578988910705007,tvm
28,7,8,4,128,32,2,1,[28; 7; 8; 4; 128; 32; 2; 1],0.12843741697724909,0.4354187015707386,tvm
32,2,8,4,128,32,2,1,[32; 2; 8; 4; 128; 32; 2; 1],0.13005628297105432,0.4299988593844401,tvm
56,7,64,4,32,32,2,1,[56; 7; 64; 4; 32; 32; 2; 1],0.1282674859976396,0.4359955517827991,tvm
14,7,16,4,1024,32,2,1,[14; 7; 16; 4; 1024; 32; 2; 1],0.12325121008325368,0.45374039975394787,tvm
32,8,64,8,64,32,2,1,[32; 8; 64; 8; 64; 32; 2; 1],0.12182571401353925,0.4590496660427383,tvm
8,8,8,4,128,64,4,1,[8; 8; 8; 4; 128; 64; 4; 1],0.13524725893512368,0.4134949112732803,tvm
32,16,64,4,4096,64,4,0,[32; 16; 64; 4; 4096; 64; 4; 0],0.119906673906371,0.4663965024749296,tvm
28,4,64,8,256,32,2,1,[28; 4; 64; 8; 256; 32; 2; 1],0.1190614519873634,0.46970746954496106,tvm
56,14,16,4,128,32,2,1,[56; 14; 16; 4; 128; 32; 2; 1],0.11904652405064553,0.46976636889911855,tvm
56,28,16,8,128,32,2,1,[56; 28; 16; 8; 128; 32; 2; 1],0.11407842207700014,0.49022463946412204,tvm
56,1,16,4,2048,32,2,1,[56; 1; 16; 4; 2048; 32; 2; 1],0.14592166105285287,0.3832470993670887,tvm
28,1,16,4,64,64,4,1,[28; 1; 16; 4; 64; 64; 4; 1],0.1227172059006989,0.4557148520687989,tvm
56,14,16,8,128,32,2,1,[56; 14; 16; 8; 128; 32; 2; 1],0.11234578699804842,0.49778505120360944,tvm
8,8,4,4,4096,64,4,1,[8; 8; 4; 4; 4096; 64; 4; 1],0.13607013900764287,0.4109943132357068,tvm
28,4,64,4,512,32,2,1,[28; 4; 64; 4; 512; 32; 2; 1],0.11887167091481388,0.47045736720071657,tvm
28,4,4,4,2048,64,4,0,[28; 4; 4; 4; 2048; 64; 4; 0],0.10119800898246467,0.5526200949568455,tvm
56,14,16,8,1024,32,2,1,[56; 14; 16; 8; 1024; 32; 2; 1],0.12041641504038125,0.464422174622782,tvm
56,8,32,8,512,32,2,1,[56; 8; 32; 8; 512; 32; 2; 1],0.1131698900135234,0.4941601810044227,tvm
16,8,8,8,256,32,2,1,[16; 8; 8; 8; 256; 32; 2; 1],0.10937290999572724,0.5113154010030277,tvm
32,1,4,4,256,32,2,1,[32; 1; 4; 4; 256; 32; 2; 1],0.12240998703055084,0.4568585839272732,tvm
28,14,16,4,2048,32,2,1,[28; 14; 16; 4; 2048; 32; 2; 1],0.11699021700769663,0.4780233318966676,tvm
14,2,4,4,512,32,2,1,[14; 2; 4; 4; 512; 32; 2; 1],0.10977111395914108,0.5094605613107774,tvm
32,8,64,4,512,32,2,1,[32; 8; 64; 4; 512; 32; 2; 1],0.11504017596598715,0.4861262846978596,tvm
14,14,4,4,4096,64,4,1,[14; 14; 4; 4; 4096; 64; 4; 1],0.1177592680323869,0.47490150259725417,tvm
56,28,32,4,64,64,4,1,[56; 28; 32; 4; 64; 64; 4; 1],0.1058542369864881,0.5283119025313255,tvm
16,16,32,4,1024,64,4,1,[16; 16; 32; 4; 1024; 64; 4; 1],0.09733652247814462,0.5745433667603053,tvm
56,2,32,4,128,64,4,1,[56; 2; 32; 4; 128; 64; 4; 1],0.10398349305614829,0.5378166446393164,tvm
28,28,8,4,256,64,4,1,[28; 28; 8; 4; 256; 64; 4; 1],0.14930359600111842,0.3745660173711718,tvm
16,8,64,4,2048,64,4,1,[16; 8; 64; 4; 2048; 64; 4; 1],0.10401704104151577,0.5376431858988631,tvm
16,16,16,4,1024,64,4,1,[16; 16; 16; 4; 1024; 64; 4; 1],0.10660940501838923,0.5245696036263114,tvm
56,4,16,4,128,64,4,1,[56; 4; 16; 4; 128; 64; 4; 1],0.1030470629921183,0.5427040005750651,tvm
56,4,8,8,2048,32,2,1,[56; 4; 8; 8; 2048; 32; 2; 1],0.12382273701950908,0.4516460763140952,tvm
32,4,8,4,1024,32,2,1,[32; 4; 8; 4; 1024; 32; 2; 1],0.10685816092882305,0.5233484541305523,tvm
28,7,8,8,512,32,2,1,[28; 7; 8; 8; 512; 32; 2; 1],0.09205385053064674,0.607514547310707,tvm
28,7,32,4,256,64,4,1,[28; 7; 32; 4; 256; 64; 4; 1],0.1072801670525223,0.521289767436268,tvm
32,16,4,4,2048,64,4,1,[32; 16; 4; 4; 2048; 64; 4; 1],0.09170462301699445,0.609828070750257,tvm
56,8,4,4,256,64,4,1,[56; 8; 4; 4; 256; 64; 4; 1],0.09606222697766498,0.5821648643054673,tvm
32,16,16,4,1024,64,4,1,[32; 16; 16; 4; 1024; 64; 4; 1],0.09442725498229265,0.5922448274475459,tvm
56,1,16,4,4096,64,4,1,[56; 1; 16; 4; 4096; 64; 4; 1],0.11264464899431914,0.4964643578955417,tvm
32,2,32,4,4096,64,4,1,[32; 2; 32; 4; 4096; 64; 4; 1],0.10968728410080075,0.5098499228218658,tvm
56,4,64,4,512,64,4,1,[56; 4; 64; 4; 512; 64; 4; 1],0.09131961897946894,0.6123991093951732,tvm
56,8,4,4,1024,64,4,1,[56; 8; 4; 4; 1024; 64; 4; 1],0.094494862947613,0.5918210957598516,tvm
28,14,8,4,1024,64,4,1,[28; 14; 8; 4; 1024; 64; 4; 1],0.09423084399895743,0.5934792787587903,tvm
7,7,4,4,2048,64,4,0,[7; 7; 4; 4; 2048; 64; 4; 0],0.1677334550768137,0.333410250851405,tvm
28,4,8,4,1024,32,2,0,[28; 4; 8; 4; 1024; 32; 2; 0],0.12603787693660706,0.4437083096969438,tvm
14,7,4,4,512,64,4,0,[14; 7; 4; 4; 512; 64; 4; 0],0.14577044500038028,0.3836446635886132,tvm
8,1,4,4,2048,32,2,0,[8; 1; 4; 4; 2048; 32; 2; 0],0.1526274010539055,0.3664089996106392,tvm
28,2,4,4,512,32,2,0,[28; 2; 4; 4; 512; 32; 2; 0],0.11886253207921982,0.4704935386708818,tvm
7,1,16,4,512,64,4,1,[7; 1; 16; 4; 512; 64; 4; 1],0.12852313602343202,0.43512829723620655,tvm
16,2,8,4,64,64,4,1,[16; 2; 8; 4; 64; 64; 4; 1],0.1358313859673217,0.41171672463673115,tvm
56,56,64,4,1024,64,4,0,[56; 56; 64; 4; 1024; 64; 4; 0],0.11890910693909973,0.47030925362155224,tvm
14,1,32,8,512,32,2,1,[14; 1; 32; 8; 512; 32; 2; 1],0.12366387201473117,0.4522262842188179,tvm
16,16,8,8,128,32,2,1,[16; 16; 8; 8; 128; 32; 2; 1],0.16972969297785312,0.32948892060171514,tvm
14,14,32,8,128,32,2,1,[14; 14; 32; 8; 128; 32; 2; 1],0.12266889598686248,0.4558943233606884,tvm
16,1,8,8,4096,32,2,1,[16; 1; 8; 8; 4096; 32; 2; 1],0.10778229299467057,0.518861232021651,tvm
56,4,32,4,4096,64,4,0,[56; 4; 32; 4; 4096; 64; 4; 0],0.13314756494946778,0.4200155921331168,tvm
16,16,8,4,4096,64,4,0,[16; 16; 8; 4; 4096; 64; 4; 0],0.14784439106006175,0.37826293532241073,tvm
32,32,4,4,4096,32,2,0,[32; 32; 4; 4; 4096; 32; 2; 0],0.14200656302273273,0.3938131600606437,tvm
28,14,4,4,128,32,2,1,[28; 14; 4; 4; 128; 32; 2; 1],0.1278784789610654,0.4373218526501264,tvm
16,2,4,4,1024,32,2,0,[16; 2; 4; 4; 1024; 32; 2; 0],0.12879699503537267,0.4342030908250182,tvm
8,8,16,4,1024,32,2,1,[8; 8; 16; 4; 1024; 32; 2; 1],0.13835258898325264,0.40421399949445724,tvm
32,16,4,4,4096,32,2,0,[32; 16; 4; 4; 4096; 32; 2; 0],0.1252592650707811,0.44646640152113254,tvm
8,2,32,4,1024,64,4,1,[8; 2; 32; 4; 1024; 64; 4; 1],0.13462063600309193,0.4154196191143302,tvm
32,8,4,4,512,64,4,0,[32; 8; 4; 4; 512; 64; 4; 0],0.12275413994211704,0.4555777374164613,tvm
32,2,64,4,128,32,2,1,[32; 2; 64; 4; 128; 32; 2; 1],0.1300589790334925,0.42998994570710797,tvm
32,1,8,8,32,32,2,1,[32; 1; 8; 8; 32; 32; 2; 1],0.13037385803181678,0.42895143380420236,tvm
56,4,32,4,64,32,2,1,[56; 4; 32; 4; 64; 32; 2; 1],0.12482335499953479,0.4480255584665367,tvm
56,8,64,4,32,32,2,1,[56; 8; 64; 4; 32; 32; 2; 1],0.12766084098257124,0.43806740503118186,tvm
14,14,4,4,2048,64,4,0,[14; 14; 4; 4; 2048; 64; 4; 0],0.13430713501293212,0.41638929553480936,tvm
32,1,64,4,4096,64,4,0,[32; 1; 64; 4; 4096; 64; 4; 0],0.121300537022762,0.4610371454731417,tvm
28,2,64,4,4096,64,4,0,[28; 2; 64; 4; 4096; 64; 4; 0],0.124631859944202,0.44871394327558517,tvm
28,4,4,4,1024,32,2,0,[28; 4; 4; 4; 1024; 32; 2; 0],0.11102072102949023,0.5037262667252749,tvm
32,8,64,8,64,32,2,1,[32; 8; 64; 8; 64; 32; 2; 1],0.12508644396439195,0.4470832454814456,tvm
8,1,8,4,256,32,2,1,[8; 1; 8; 4; 256; 32; 2; 1],0.11466191802173853,0.4877299656083793,tvm
28,1,64,4,256,32,2,1,[28; 1; 64; 4; 256; 32; 2; 1],0.12274370098020881,0.4556164828560166,tvm
32,16,16,8,128,32,2,1,[32; 16; 16; 8; 128; 32; 2; 1],0.12174341699574143,0.4593599778400302,tvm
56,7,4,4,128,32,2,1,[56; 7; 4; 4; 128; 32; 2; 1],0.11468522495124489,0.4876308465812212,tvm
28,14,8,4,64,64,4,1,[28; 14; 8; 4; 64; 64; 4; 1],0.12340263405349106,0.4531836274182937,tvm
16,1,4,4,256,64,4,1,[16; 1; 4; 4; 256; 64; 4; 1],0.1124054481042549,0.49752084330880786,tvm
28,2,64,4,2048,32,2,1,[28; 2; 64; 4; 2048; 32; 2; 1],0.11640196794178337,0.4804390709382412,tvm
16,16,16,8,512,32,2,1,[16; 16; 16; 8; 512; 32; 2; 1],0.10920972598250955,0.5120794217750334,tvm
14,7,8,4,4096,64,4,1,[14; 7; 8; 4; 4096; 64; 4; 1],0.1215016390196979,0.46027406530924986,tvm
28,7,64,4,64,64,4,1,[28; 7; 64; 4; 64; 64; 4; 1],0.12240948702674359,0.456860450049229,tvm
56,14,16,4,512,32,2,1,[56; 14; 16; 4; 512; 32; 2; 1],0.1188325189286843,0.47061236972427883,tvm
56,28,32,4,1024,32,2,1,[56; 28; 32; 4; 1024; 32; 2; 1],0.11363212403375655,0.4921500307142023,tvm
56,28,64,8,1024,32,2,1,[56; 28; 64; 8; 1024; 32; 2; 1],0.1074294769205153,0.5205652576593136,tvm
16,16,64,4,2048,32,2,1,[16; 16; 64; 4; 2048; 32; 2; 1],0.10501484596170485,0.5325347366002596,tvm
28,7,32,4,2048,32,2,1,[28; 7; 32; 4; 2048; 32; 2; 1],0.11683047097176313,0.47867694847219844,tvm
32,4,64,4,2048,32,2,1,[32; 4; 64; 4; 2048; 32; 2; 1],0.11138267605565488,0.5020893312474339,tvm
32,1,4,4,256,32,2,1,[32; 1; 4; 4; 256; 32; 2; 1],0.12260148394852877,0.4561449954130382,tvm
32,4,8,4,256,32,2,1,[32; 4; 8; 4; 256; 32; 2; 1],0.12296541000250727,0.4547949974890747,tvm
14,2,8,8,256,32,2,1,[14; 2; 8; 8; 256; 32; 2; 1],0.12125512002967298,0.46120983031189006,tvm
32,8,64,4,512,32,2,1,[32; 8; 64; 4; 512; 32; 2; 1],0.11511931091081351,0.48579211333760874,tvm
56,56,4,4,64,64,4,1,[56; 56; 4; 4; 64; 64; 4; 1],0.11357140692416579,0.4924131420743524,tvm
32,1,8,4,2048,32,2,1,[32; 1; 8; 4; 2048; 32; 2; 1],0.10469145502429456,0.5341797314819597,tvm
56,4,4,4,64,64,4,1,[56; 4; 4; 4; 64; 64; 4; 1],0.10593964590225369,0.527885975614193,tvm
14,7,8,4,1024,32,2,1,[14; 7; 8; 4; 1024; 32; 2; 1],0.11457530094776303,0.4880986815721316,tvm
56,56,4,4,512,64,4,1,[56; 56; 4; 4; 512; 64; 4; 1],0.11589535500388592,0.482539212477137,tvm
32,32,16,4,512,64,4,1,[32; 32; 16; 4; 512; 64; 4; 1],0.12001019902527332,0.4659941720582941,tvm
56,7,32,4,4096,64,4,1,[56; 7; 32; 4; 4096; 64; 4; 1],0.10749859106726944,0.5202305702624299,tvm
28,4,8,4,4096,64,4,1,[28; 4; 8; 4; 4096; 64; 4; 1],0.10257129499223083,0.5452212857171127,tvm
56,2,4,4,4096,64,4,1,[56; 2; 4; 4; 4096; 64; 4; 1],0.10329821705818176,0.5413844974868698,tvm
56,8,32,4,256,64,4,1,[56; 8; 32; 4; 256; 64; 4; 1],0.10262808902189136,0.5449195621425271,tvm
56,8,4,4,256,64,4,1,[56; 8; 4; 4; 256; 64; 4; 1],0.09663780097616836,0.578697494856331,tvm
28,7,32,4,512,64,4,1,[28; 7; 32; 4; 512; 64; 4; 1],0.10181115404702723,0.5492920088844259,tvm
32,1,8,4,2048,64,4,1,[32; 1; 8; 4; 2048; 64; 4; 1],0.0928753669722937,0.6021408599119337,tvm
28,4,64,4,1024,64,4,1,[28; 4; 64; 4; 1024; 64; 4; 1],0.09796752448892221,0.5708427728992684,tvm
56,4,64,4,1024,64,4,0,[56; 4; 64; 4; 1024; 64; 4; 0],0.1370737310498953,0.40798519822136303,tvm
16,16,4,4,4096,32,2,1,[16; 16; 4; 4; 4096; 32; 2; 1],0.11797384498640895,0.47403772708922054,tvm
16,16,16,4,4096,64,4,0,[16; 16; 16; 4; 4096; 64; 4; 0],0.13814158109016716,0.40483142651183956,tvm
16,2,8,8,128,32,2,1,[16; 2; 8; 8; 128; 32; 2; 1],0.12364672601688653,0.45228899409512663,tvm
28,4,16,4,1024,32,2,0,[28; 4; 16; 4; 1024; 32; 2; 0],0.1405612729722634,0.39786245635644385,tvm
8,1,16,8,128,32,2,1,[8; 1; 16; 8; 128; 32; 2; 1],0.127365043037571,0.4390847912392765,tvm
32,16,64,4,32,32,2,1,[32; 16; 64; 4; 32; 32; 2; 1],0.13949313398916274,0.4009090034329438,tvm
8,2,16,8,256,32,2,1,[8; 2; 16; 8; 256; 32; 2; 1],0.13310882402583957,0.420137836410283,tvm
28,28,4,4,512,32,2,0,[28; 28; 4; 4; 512; 32; 2; 0],0.12456915201619267,0.44893982521502435,tvm
16,1,64,8,128,32,2,1,[16; 1; 64; 8; 128; 32; 2; 1],0.1292980150319636,0.4325205867971633,tvm
14,2,32,8,256,32,2,1,[14; 2; 32; 8; 256; 32; 2; 1],0.13373598002362996,0.4181675965095709,tvm
14,2,32,4,512,32,2,1,[14; 2; 32; 4; 512; 32; 2; 1],0.12788820290006697,0.4372886010215728,tvm
28,2,4,4,512,32,2,0,[28; 2; 4; 4; 512; 32; 2; 0],0.1192567819962278,0.4689381383366714,tvm
14,7,16,4,512,32,2,1,[14; 7; 16; 4; 512; 32; 2; 1],0.1271486059995368,0.43983221753557455,tvm
8,1,32,4,512,64,4,1,[8; 1; 32; 4; 512; 64; 4; 1],0.11562883399892598,0.4836514509335343,tvm
16,8,8,8,4096,32,2,1,[16; 8; 8; 8; 4096; 32; 2; 1],0.10658244404476136,0.52470229815566,tvm
28,4,64,8,64,32,2,1,[28; 4; 64; 8; 64; 32; 2; 1],0.12553012103307992,0.4455030623175782,tvm
16,4,4,4,4096,64,4,0,[16; 4; 4; 4; 4096; 64; 4; 0],0.11864357895683497,0.4713618202100906,tvm
16,1,16,8,2048,32,2,1,[16; 1; 16; 8; 2048; 32; 2; 1],0.11178941198159009,0.5002625234538591,tvm
14,2,8,4,128,64,4,1,[14; 2; 8; 4; 128; 64; 4; 1],0.11855066195130348,0.4717312616635157,tvm
14,1,32,4,128,64,4,1,[14; 1; 32; 4; 128; 64; 4; 1],0.12169721897225827,0.4595343575277724,tvm
32,1,64,8,32,32,2,1,[32; 1; 64; 8; 32; 32; 2; 1],0.12800337909720838,0.4368951329860086,tvm
14,2,8,4,4096,32,2,1,[14; 2; 8; 4; 4096; 32; 2; 1],0.14480936899781227,0.38619085022170224,tvm
56,14,64,4,32,32,2,1,[56; 14; 64; 4; 32; 32; 2; 1],0.1266911010025069,0.4414205330193376,tvm
28,4,32,8,128,32,2,1,[28; 4; 32; 8; 128; 32; 2; 1],0.12252136296592653,0.45644328449795274,tvm
28,2,8,4,1024,64,4,0,[28; 2; 8; 4; 1024; 64; 4; 0],0.11240998795256019,0.4975007501729711,tvm
32,16,16,8,128,32,2,1,[32; 16; 16; 8; 128; 32; 2; 1],0.12507878406904638,0.4471106251117853,tvm
28,14,8,4,4096,64,4,0,[28; 14; 8; 4; 4096; 64; 4; 0],0.10885938396677375,0.51372744632105,tvm
28,28,8,4,256,32,2,1,[28; 28; 8; 4; 256; 32; 2; 1],0.14663281198590994,0.38138839851688255,tvm
32,2,16,8,256,32,2,1,[32; 2; 16; 8; 256; 32; 2; 1],0.13069548003841192,0.4278958485549541,tvm
56,4,16,4,128,32,2,1,[56; 4; 16; 4; 128; 32; 2; 1],0.12073518591932952,0.46319598472892215,tvm
16,16,32,8,256,32,2,1,[16; 16; 32; 8; 256; 32; 2; 1],0.10821567801758647,0.5167832827720669,tvm
14,14,16,4,2048,32,2,1,[14; 14; 16; 4; 2048; 32; 2; 1],0.11981136607937515,0.4667675126605567,tvm
28,4,16,4,512,32,2,1,[28; 4; 16; 4; 512; 32; 2; 1],0.11835674697067589,0.4725041433184126,tvm
56,8,16,4,1024,32,2,1,[56; 8; 16; 4; 1024; 32; 2; 1],0.13253470195923,0.42195781562580154,tvm
56,28,16,8,256,32,2,1,[56; 28; 16; 8; 256; 32; 2; 1],0.11784556007478386,0.47455375745886713,tvm
14,14,64,4,2048,32,2,1,[14; 14; 64; 4; 2048; 32; 2; 1],0.11350596498232335,0.49269704320863283,tvm
28,7,32,4,2048,32,2,1,[28; 7; 32; 4; 2048; 32; 2; 1],0.11690773803275079,0.4783605796706686,tvm
56,56,16,4,256,64,4,1,[56; 56; 16; 4; 256; 64; 4; 1],0.13106475002132356,0.42669026816313904,tvm
32,32,4,4,4096,64,4,1,[32; 32; 4; 4; 4096; 64; 4; 1],0.12574952805880457,0.4447257512344812,tvm
56,56,32,4,1024,64,4,1,[56; 56; 32; 4; 1024; 64; 4; 1],0.1258059679530561,0.4445262354660403,tvm
56,28,16,8,128,32,2,1,[56; 28; 16; 8; 128; 32; 2; 1],0.11357804702129215,0.4923843541952206,tvm
32,4,64,8,1024,32,2,1,[32; 4; 64; 8; 1024; 32; 2; 1],0.10903111810330302,0.5129182778841846,tvm
56,14,32,8,512,32,2,1,[56; 14; 32; 8; 512; 32; 2; 1],0.1083434420870617,0.5161738657739373,tvm
32,32,16,4,1024,64,4,1,[32; 32; 16; 4; 1024; 64; 4; 1],0.12213856691960245,0.4578738292397459,tvm
14,2,8,8,256,32,2,1,[14; 2; 8; 8; 256; 32; 2; 1],0.12188323505688459,0.4588330241417764,tvm
56,7,8,4,256,32,2,1,[56; 7; 8; 4; 256; 32; 2; 1],0.11610126099549234,0.4816834274995911,tvm
32,1,4,4,128,64,4,1,[32; 1; 4; 4; 128; 64; 4; 1],0.11308774806093425,0.4945191171655499,tvm
32,2,4,4,128,64,4,1,[32; 2; 4; 4; 128; 64; 4; 1],0.11250757798552513,0.4970692137780119,tvm
16,4,8,8,256,32,2,1,[16; 4; 8; 8; 256; 32; 2; 1],0.11497663403861225,0.4863949427720465,tvm
16,16,8,4,2048,32,2,1,[16; 16; 8; 4; 2048; 32; 2; 1],0.13202660507522523,0.4235816962912081,tvm
8,2,8,8,1024,32,2,1,[8; 2; 8; 8; 1024; 32; 2; 1],0.1109428940108046,0.5040796333281784,tvm
56,7,4,4,2048,32,2,1,[56; 7; 4; 4; 2048; 32; 2; 1],0.1127854089718312,0.49584475370657816,tvm
14,2,8,8,2048,32,2,1,[14; 2; 8; 8; 2048; 32; 2; 1],0.10662596102338284,0.5244881527592451,tvm
16,8,4,4,512,64,4,1,[16; 8; 4; 4; 512; 64; 4; 1],0.09871731547173113,0.5665070313763532,tvm
56,2,32,4,4096,64,4,1,[56; 2; 32; 4; 4096; 64; 4; 1],0.10903128096833825,0.5129175117145803,tvm
56,7,16,4,256,64,4,1,[56; 7; 16; 4; 256; 64; 4; 1],0.10304482106585056,0.5427158080811766,tvm
56,2,16,4,512,64,4,1,[56; 2; 16; 4; 512; 64; 4; 1],0.09804276953218505,0.5704046672709998,tvm
28,2,16,4,512,64,4,1,[28; 2; 16; 4; 512; 64; 4; 1],0.0999308840255253,0.5596273252125807,tvm
56,14,32,4,1024,64,4,1,[56; 14; 32; 4; 1024; 64; 4; 1],0.09139081201283261,0.6119220532309175,tvm
56,8,4,4,2048,64,4,1,[56; 8; 4; 4; 2048; 64; 4; 1],0.09570162551244721,0.5843584477680549,tvm
32,8,32,4,2048,64,4,1,[32; 8; 32; 4; 2048; 64; 4; 1],0.09658067650161684,0.57903977647534,tvm
28,1,32,4,1024,64,4,1,[28; 1; 32; 4; 1024; 64; 4; 1],0.09822886303300038,0.5693240419014667,tvm
32,1,64,4,1024,64,4,1,[32; 1; 64; 4; 1024; 64; 4; 1],0.09490933897905052,0.5892365697086726,tvm
32,2,8,4,512,32,2,0,[32; 2; 8; 4; 512; 32; 2; 0],0.1404225219739601,0.3982555828452068,tvm
8,1,16,8,64,32,2,1,[8; 1; 16; 8; 64; 32; 2; 1],0.12804137298371643,0.43676549251346625,tvm
28,1,32,4,1024,32,2,0,[28; 1; 32; 4; 1024; 32; 2; 0],0.1488233640557155,0.37577468892852645,tvm
28,2,64,2,2048,128,8,1,[28; 2; 64; 2; 2048; 128; 8; 1],0.1226546480320394,0.45594728149825237,tvm
32,2,32,4,64,32,2,1,[32; 2; 32; 4; 64; 32; 2; 1],0.13369340100325644,0.4183007756079985,tvm
32,1,16,4,2048,32,2,0,[32; 1; 16; 4; 2048; 32; 2; 0],0.14435596391558647,0.3874038302015389,tvm
32,4,32,4,64,32,2,1,[32; 4; 32; 4; 64; 32; 2; 1],0.13485931407194585,0.41468439698201726,tvm
8,1,8,8,32,32,2,1,[8; 1; 8; 8; 32; 32; 2; 1],0.13681206293404102,0.40876551477989986,tvm
8,4,32,4,256,32,2,1,[8; 4; 32; 4; 256; 32; 2; 1],0.11085636902134866,0.504473074727565,tvm
4,4,8,8,1024,32,2,1,[4; 4; 8; 8; 1024; 32; 2; 1],0.1455019690329209,0.3843525534742427,tvm
32,8,8,4,64,32,2,1,[32; 8; 8; 4; 64; 32; 2; 1],0.13383600290399045,0.4178550772578841,tvm
8,1,32,4,256,32,2,1,[8; 1; 32; 4; 256; 32; 2; 1],0.11056960199493915,0.5057814473809268,tvm
28,4,8,8,1024,32,2,0,[28; 4; 8; 8; 1024; 32; 2; 0],0.11521942901890725,0.48536999193214475,tvm
8,1,8,4,128,32,2,1,[8; 1; 8; 4; 128; 32; 2; 1],0.12095070106443018,0.4623706422631045,tvm
8,4,64,8,1024,32,2,1,[8; 4; 64; 8; 1024; 32; 2; 1],0.1578152049332857,0.35436416508139684,tvm
56,14,4,4,512,32,2,0,[56; 14; 4; 4; 512; 32; 2; 0],0.127283000969328,0.4393678095852692,tvm
56,28,8,4,1024,64,4,0,[56; 28; 8; 4; 1024; 64; 4; 0],0.14644613699056208,0.38187455458068814,tvm
28,4,64,4,512,64,4,0,[28; 4; 64; 4; 512; 64; 4; 0],0.13194969098549336,0.4238286040357735,tvm
56,2,4,4,4096,32,2,0,[56; 2; 4; 4; 4096; 32; 2; 0],0.1253278839867562,0.44622195439957324,tvm
14,1,64,8,2048,32,2,1,[14; 1; 64; 8; 2048; 32; 2; 1],0.1425676520448178,0.39226326962130903,tvm
28,1,32,8,64,32,2,1,[28; 1; 32; 8; 64; 32; 2; 1],0.12524430605117232,0.44651972689667735,tvm
56,2,8,4,4096,32,2,1,[56; 2; 8; 4; 4096; 32; 2; 1],0.15705798706039786,0.3560726479438916,tvm
16,1,32,8,256,32,2,1,[16; 1; 32; 8; 256; 32; 2; 1],0.12485685991123319,0.4479053323389076,tvm
16,1,16,4,2048,32,2,1,[16; 1; 16; 4; 2048; 32; 2; 1],0.13672783400397748,0.4090173280424122,tvm
56,4,64,4,64,32,2,1,[56; 4; 64; 4; 64; 32; 2; 1],0.12313357298262417,0.45417388595736585,tvm
8,2,8,4,4096,64,4,1,[8; 2; 8; 4; 4096; 64; 4; 1],0.16290221398230642,0.34329830127052485,tvm
28,7,64,8,32,32,2,1,[28; 7; 64; 8; 32; 32; 2; 1],0.11877114395610988,0.47085555860267914,tvm
56,8,64,8,32,32,2,1,[56; 8; 64; 8; 32; 32; 2; 1],0.11122124502435327,0.5028180840907515,tvm
28,2,16,8,512,32,2,1,[28; 2; 16; 8; 512; 32; 2; 1],0.10498395294416696,0.5326914425014566,tvm
28,4,16,4,1024,32,2,1,[28; 4; 16; 4; 1024; 32; 2; 1],0.11582012893632054,0.48285262541955143,tvm
8,8,8,4,256,32,2,1,[8; 8; 8; 4; 256; 32; 2; 1],0.11098869901616126,0.5038715998030586,tvm
56,2,32,4,2048,32,2,1,[56; 2; 32; 4; 2048; 32; 2; 1],0.12071946100331843,0.4632563206341358,tvm
56,28,4,4,128,32,2,1,[56; 28; 4; 4; 128; 32; 2; 1],0.11468054202850908,0.4876507587436312,tvm
28,1,32,8,512,32,2,1,[28; 1; 32; 8; 512; 32; 2; 1],0.11321496800519526,0.4939634247899718,tvm
32,32,8,4,4096,64,4,0,[32; 32; 8; 4; 4096; 64; 4; 0],0.17162084893789142,0.3258581558093325,tvm
56,14,64,4,128,32,2,1,[56; 14; 64; 4; 128; 32; 2; 1],0.12129422300495207,0.4610611449405148,tvm
28,1,8,4,1024,64,4,0,[28; 1; 8; 4; 1024; 64; 4; 0],0.11332494509406388,0.4934840540793054,tvm
8,1,8,8,256,32,2,1,[8; 1; 8; 8; 256; 32; 2; 1],0.12321300199255347,0.4538811036899594,tvm
28,7,64,4,64,64,4,1,[28; 7; 64; 4; 64; 64; 4; 1],0.12170569400768727,0.4595023576284033,tvm
14,14,16,8,1024,32,2,1,[14; 14; 16; 8; 1024; 32; 2; 1],0.12577517004683614,0.44463508427385423,tvm
14,14,32,8,2048,32,2,1,[14; 14; 32; 8; 2048; 32; 2; 1],0.12201550102327019,0.45833564476916566,tvm
28,7,64,8,512,32,2,1,[28; 7; 64; 8; 512; 32; 2; 1],0.11385242803953588,0.49119772231746694,tvm
56,28,64,8,128,32,2,1,[56; 28; 64; 8; 128; 32; 2; 1],0.11303448001854122,0.4947521616781006,tvm
56,28,32,8,256,32,2,1,[56; 28; 32; 8; 256; 32; 2; 1],0.11259918590076268,0.4966648105486395,tvm
28,14,32,4,512,32,2,1,[28; 14; 32; 4; 512; 32; 2; 1],0.11564657103735954,0.4835772719561837,tvm
28,28,4,4,256,64,4,1,[28; 28; 4; 4; 256; 64; 4; 1],0.13448974897619337,0.41582391043969236,tvm
32,4,64,4,128,64,4,1,[32; 4; 64; 4; 128; 64; 4; 1],0.11476631602272391,0.4872862985534909,tvm
28,14,4,4,2048,64,4,0,[28; 14; 4; 4; 2048; 64; 4; 0],0.10164950403850526,0.5501655306862006,tvm
56,28,16,4,4096,64,4,1,[56; 28; 16; 4; 4096; 64; 4; 1],0.11273152101784945,0.4960817775578363,tvm
56,7,8,4,512,32,2,1,[56; 7; 8; 4; 512; 32; 2; 1],0.11363461194559932,0.4921392556002747,tvm
16,2,32,4,512,64,4,1,[16; 2; 32; 4; 512; 64; 4; 1],0.11070300405845046,0.505171958150348,tvm
14,14,64,4,2048,64,4,1,[14; 14; 64; 4; 2048; 64; 4; 1],0.10011833196040243,0.5585795551952636,tvm
16,4,32,4,2048,64,4,1,[16; 4; 32; 4; 2048; 64; 4; 1],0.10757507896050811,0.5198606765965156,tvm
16,4,64,4,1024,64,4,1,[16; 4; 64; 4; 1024; 64; 4; 1],0.10812183597590774,0.5172318138011883,tvm
56,1,8,8,2048,32,2,1,[56; 1; 8; 8; 2048; 32; 2; 1],0.12145328696351498,0.4604573061092462,tvm
16,2,4,4,1024,64,4,1,[16; 2; 4; 4; 1024; 64; 4; 1],0.09788432554341853,0.5713279733283457,tvm
28,1,4,4,512,32,2,1,[28; 1; 4; 4; 512; 32; 2; 1],0.10220888804178685,0.547154502947625,tvm
32,1,16,4,4096,64,4,1,[32; 1; 16; 4; 4096; 64; 4; 1],0.11221207794733346,0.4983781991772864,tvm
32,4,4,4,4096,64,4,1,[32; 4; 4; 4; 4096; 64; 4; 1],0.11294321005698293,0.49515197332463035,tvm
28,2,8,4,2048,64,4,1,[28; 2; 8; 4; 2048; 64; 4; 1],0.09275871748104692,0.6028980871232951,tvm
32,8,64,4,512,64,4,1,[32; 8; 64; 4; 512; 64; 4; 1],0.10003445704933256,0.5590479019219754,tvm
56,7,4,4,1024,64,4,1,[56; 7; 4; 4; 1024; 64; 4; 1],0.09488199552288279,0.5894063781557595,tvm
28,14,32,4,1024,64,4,1,[28; 14; 32; 4; 1024; 64; 4; 1],0.09703264851123095,0.576342645402083,tvm
32,1,4,4,1024,64,4,1,[32; 1; 4; 4; 1024; 64; 4; 1],0.09303775796433911,0.6010898645555145,tvm
32,2,32,2,512,128,8,1,[32; 2; 32; 2; 512; 128; 8; 1],0.12982431997079402,0.4307671578477308,tvm
28,1,32,4,4096,32,2,1,[28; 1; 32; 4; 4096; 32; 2; 1],0.1420247450005263,0.39376274418324847,tvm
32,1,64,2,512,128,8,1,[32; 1; 64; 2; 512; 128; 8; 1],0.12581917608622462,0.444479570387651,tvm
16,2,8,8,4096,32,2,0,[16; 2; 8; 8; 4096; 32; 2; 0],0.11470438493415713,0.4875493937344678,tvm
7,7,16,8,512,32,2,1,[7; 7; 16; 8; 512; 32; 2; 1],0.13612436002586037,0.41083060609217265,tvm
14,2,32,8,64,32,2,1,[14; 2; 32; 8; 64; 32; 2; 1],0.1418663099175319,0.3942024950521548,tvm
32,4,8,4,2048,32,2,0,[32; 4; 8; 4; 2048; 32; 2; 0],0.13336253399029374,0.41933856278858306,tvm
32,16,16,4,64,32,2,1,[32; 16; 16; 4; 64; 32; 2; 1],0.13394516101107,0.41751454782835673,tvm
28,4,4,4,256,32,2,0,[28; 4; 4; 4; 256; 32; 2; 0],0.13120609091129154,0.426230618905822,tvm
8,4,32,4,1024,32,2,1,[8; 4; 32; 4; 1024; 32; 2; 1],0.14567695988807827,0.3838908594488728,tvm
56,1,32,4,2048,64,4,0,[56; 1; 32; 4; 2048; 64; 4; 0],0.13935020298231393,0.40132021436977106,tvm
16,2,8,4,64,64,4,1,[16; 2; 8; 4; 64; 64; 4; 1],0.13529609399847686,0.41334566047385607,tvm
16,4,8,4,64,64,4,1,[16; 4; 8; 4; 64; 64; 4; 1],0.13434703496750444,0.416265631369238,tvm
8,1,32,4,2048,32,2,1,[8; 1; 32; 4; 2048; 32; 2; 1],0.14648303389549255,0.3817783660408892,tvm
16,8,4,4,512,32,2,0,[16; 8; 4; 4; 512; 32; 2; 0],0.13746823195833713,0.40681437839603835,tvm
8,4,64,8,256,32,2,1,[8; 4; 64; 8; 256; 32; 2; 1],0.13570393691770732,0.41210339658197553,tvm
8,2,16,4,128,32,2,1,[8; 2; 16; 4; 128; 32; 2; 1],0.11576329194940627,0.4830896944238131,tvm
28,1,8,4,1024,32,2,0,[28; 1; 8; 4; 1024; 32; 2; 0],0.1273094000061974,0.43927670172517475,tvm
7,1,4,4,256,64,4,1,[7; 1; 4; 4; 256; 64; 4; 1],0.12425334996078163,0.4500808497395424,tvm
8,4,32,8,256,32,2,1,[8; 4; 32; 8; 256; 32; 2; 1],0.13447215303312987,0.41587832180805,tvm
8,2,8,4,2048,64,4,1,[8; 2; 8; 4; 2048; 64; 4; 1],0.11790418799500912,0.47431778535042873,tvm
8,4,32,4,1024,64,4,1,[8; 4; 32; 4; 1024; 64; 4; 1],0.13259461894631386,0.4217671409122295,tvm
14,1,16,4,1024,32,2,1,[14; 1; 16; 4; 1024; 32; 2; 1],0.12672519497573376,0.44130177384254227,tvm
32,1,4,4,512,32,2,0,[32; 1; 4; 4; 512; 32; 2; 0],0.1352964040124789,0.41334471334637435,tvm
28,7,8,8,4096,32,2,1,[28; 7; 8; 8; 4096; 32; 2; 1],0.12467169505544007,0.44857057015599694,tvm
32,1,32,8,64,32,2,1,[32; 1; 32; 8; 64; 32; 2; 1],0.12438099109567702,0.4496189718436568,tvm
56,56,4,4,32,32,2,1,[56; 56; 4; 4; 32; 32; 2; 1],0.12837087595835328,0.4356444007710635,tvm
14,7,16,4,512,32,2,1,[14; 7; 16; 4; 512; 32; 2; 1],0.12968105799518526,0.43124303732477,tvm
7,7,8,4,1024,32,2,1,[7; 7; 8; 4; 1024; 32; 2; 1],0.12892402603756636,0.4337752632471932,tvm
28,7,32,8,64,32,2,1,[28; 7; 32; 8; 64; 32; 2; 1],0.1240178820444271,0.4509354006972929,tvm
8,2,4,4,512,64,4,1,[8; 2; 4; 4; 512; 64; 4; 1],0.10950026195496321,0.5107207264612258,tvm
16,4,16,8,2048,32,2,1,[16; 4; 16; 8; 2048; 32; 2; 1],0.12181367899756879,0.4590950194883244,tvm
28,4,16,8,128,32,2,1,[28; 4; 16; 8; 128; 32; 2; 1],0.12018065294250846,0.46533324594338876,tvm
28,4,64,4,1024,64,4,0,[28; 4; 64; 4; 1024; 64; 4; 0],0.12497105193324387,0.4474960598331719,tvm
8,8,4,4,128,64,4,1,[8; 8; 4; 4; 128; 64; 4; 1],0.13009462307672948,0.4298721346872996,tvm
8,2,64,4,256,64,4,1,[8; 2; 64; 4; 256; 64; 4; 1],0.12160657695494592,0.459876881116822,tvm
56,56,32,4,4096,64,4,1,[56; 56; 32; 4; 4096; 64; 4; 1],0.13884057302493602,0.40279330540712527,tvm
32,32,32,8,2048,32,2,1,[32; 32; 32; 8; 2048; 32; 2; 1],0.12987543595954776,0.4305976177878007,tvm
56,8,4,4,4096,64,4,0,[56; 8; 4; 4; 4096; 64; 4; 0],0.11159411200787872,0.5011380289435433,tvm
14,2,8,4,256,64,4,1,[14; 2; 8; 4; 256; 64; 4; 1],0.11766391503624618,0.47528635534612307,tvm
56,2,16,8,32,32,2,1,[56; 2; 16; 8; 32; 32; 2; 1],0.1189903300255537,0.4699882193899571,tvm
56,28,8,4,128,32,2,1,[56; 28; 8; 4; 128; 32; 2; 1],0.11693480296526104,0.4782498615912256,tvm
32,32,4,4,128,64,4,1,[32; 32; 4; 4; 128; 64; 4; 1],0.15976991993375123,0.350028674712501,tvm
28,4,16,4,64,64,4,1,[28; 4; 16; 4; 64; 64; 4; 1],0.12337295501492918,0.4532926468897989,tvm
14,7,4,4,256,64,4,1,[14; 7; 4; 4; 256; 64; 4; 1],0.11942179501056671,0.46829017541048557,tvm
56,28,32,4,128,32,2,1,[56; 28; 32; 4; 128; 32; 2; 1],0.12218872900120914,0.4576858585113847,tvm
32,4,16,4,64,64,4,1,[32; 4; 16; 4; 64; 64; 4; 1],0.12358704395592213,0.4525074113211972,tvm
32,4,4,4,64,64,4,1,[32; 4; 4; 4; 64; 64; 4; 1],0.12370909296441823,0.45206097622442726,tvm
56,7,64,4,1024,32,2,1,[56; 7; 64; 4; 1024; 32; 2; 1],0.10989953600801528,0.5088652360575447,tvm
14,14,8,4,512,32,2,1,[14; 14; 8; 4; 512; 32; 2; 1],0.1219882610021159,0.4584379912782208,tvm
28,14,32,8,2048,32,2,1,[28; 14; 32; 8; 2048; 32; 2; 1],0.1122484200168401,0.4982168419381165,tvm
32,8,64,4,2048,32,2,1,[32; 8; 64; 4; 2048; 32; 2; 1],0.11184963502455503,0.49999316780118225,tvm
56,7,8,4,2048,32,2,1,[56; 7; 8; 4; 2048; 32; 2; 1],0.11949335306417197,0.46800974195861944,tvm
14,1,64,4,2048,64,4,1,[14; 1; 64; 4; 2048; 64; 4; 1],0.11699557094834745,0.47800145663653654,tvm
14,1,32,4,512,64,4,1,[14; 1; 32; 4; 512; 64; 4; 1],0.11332999006845057,0.4934620862452699,tvm
56,2,8,8,2048,32,2,1,[56; 2; 8; 8; 2048; 32; 2; 1],0.11669014394283295,0.4792525867542917,tvm
56,1,4,4,512,32,2,1,[56; 1; 4; 4; 512; 32; 2; 1],0.10850554797798395,0.5154027086677675,tvm
14,7,16,4,1024,64,4,1,[14; 7; 16; 4; 1024; 64; 4; 1],0.10904656094498932,0.5128456399605791,tvm
14,7,32,4,1024,64,4,1,[14; 7; 32; 4; 1024; 64; 4; 1],0.11052325100172311,0.505993560870386,tvm
16,4,16,4,1024,64,4,1,[16; 4; 16; 4; 1024; 64; 4; 1],0.10312123806215823,0.5423136337795332,tvm
56,7,32,4,128,64,4,1,[56; 7; 32; 4; 128; 64; 4; 1],0.10315643798094243,0.5421285809002535,tvm
16,16,8,4,1024,64,4,1,[16; 16; 8; 4; 1024; 64; 4; 1],0.12483970902394503,0.4479668670375285,tvm
56,14,4,4,512,64,4,1,[56; 14; 4; 4; 512; 64; 4; 1],0.09309718949953094,0.6007061398305166,tvm
56,2,64,4,1024,64,4,1,[56; 2; 64; 4; 1024; 64; 4; 1],0.08982657705200836,0.6225780294506165,tvm
16,8,8,4,128,32,2,1,[16; 8; 8; 4; 128; 32; 2; 1],0.13149461499415338,0.425295388224224,tvm
14,7,4,4,128,32,2,1,[14; 7; 4; 4; 128; 32; 2; 1],0.13159304694272578,0.4249772661444155,tvm
28,1,64,4,512,64,4,0,[28; 1; 64; 4; 512; 64; 4; 0],0.1324550179997459,0.4222116623278147,tvm
7,1,16,4,512,64,4,1,[7; 1; 16; 4; 512; 64; 4; 1],0.12973605806473643,0.43106021693235075,tvm
28,2,8,8,2048,32,2,0,[28; 2; 8; 8; 2048; 32; 2; 0],0.11540340795181692,0.4845962032306938,tvm
32,32,16,4,2048,64,4,0,[32; 32; 16; 4; 2048; 64; 4; 0],0.1315798939904198,0.4250197476022067,tvm
8,2,32,4,128,32,2,1,[8; 2; 32; 4; 128; 32; 2; 1],0.11770796193741262,0.47510850084269685,tvm
16,16,4,4,1024,32,2,0,[16; 16; 4; 4; 1024; 32; 2; 0],0.12853600597009063,0.4350847290707512,tvm
14,7,16,8,2048,32,2,1,[14; 7; 16; 8; 2048; 32; 2; 1],0.12832556501962245,0.43579822403105656,tvm
8,8,4,4,4096,32,2,1,[8; 8; 4; 4; 4096; 32; 2; 1],0.1582685080356896,0.3533492166408901,tvm
7,1,8,4,2048,32,2,1,[7; 1; 8; 4; 2048; 32; 2; 1],0.15723606199026108,0.3556693841441868,tvm
14,1,32,4,256,32,2,1,[14; 1; 32; 4; 256; 32; 2; 1],0.1371722319163382,0.4076922315257041,tvm
8,1,32,4,256,32,2,1,[8; 1; 32; 4; 256; 32; 2; 1],0.11073502292856574,0.5050258884166167,tvm
8,1,16,4,256,32,2,1,[8; 1; 16; 4; 256; 32; 2; 1],0.11574330797884613,0.48317310356771825,tvm
28,1,16,8,64,32,2,1,[28; 1; 16; 8; 64; 32; 2; 1],0.12411864392925054,0.45056932272971717,tvm
56,56,4,4,512,32,2,1,[56; 56; 4; 4; 512; 32; 2; 1],0.13775418302975595,0.40596991033842733,tvm
16,1,16,4,512,32,2,1,[16; 1; 16; 4; 512; 32; 2; 1],0.12254202703479677,0.4563663151863259,tvm
16,4,32,8,512,32,2,1,[16; 4; 32; 8; 512; 32; 2; 1],0.12344486499205232,0.4530285916464315,tvm
8,1,4,4,1024,64,4,1,[8; 1; 4; 4; 1024; 64; 4; 1],0.13234283996280283,0.422569542478095,tvm
28,28,32,4,128,32,2,1,[28; 28; 32; 4; 128; 32; 2; 1],0.1204181129578501,0.4644156261849777,tvm
32,2,8,4,2048,64,4,0,[32; 2; 8; 4; 2048; 64; 4; 0],0.11744903400540352,0.4761559242007935,tvm
32,32,4,4,64,64,4,1,[32; 32; 4; 4; 64; 64; 4; 1],0.10953314101789147,0.5105674210894631,tvm
16,8,8,8,4096,32,2,1,[16; 8; 8; 8; 4096; 32; 2; 1],0.11588673398364335,0.48257510942733656,tvm
32,32,64,4,4096,64,4,1,[32; 32; 64; 4; 4096; 64; 4; 1],0.11817399400752038,0.47323485850680846,tvm
16,1,8,4,128,64,4,1,[16; 1; 8; 4; 128; 64; 4; 1],0.11679311201442033,0.4788300642800617,tvm
32,32,32,4,512,64,4,1,[32; 32; 32; 4; 512; 64; 4; 1],0.11151332699228078,0.5015010747298799,tvm
28,14,16,4,2048,64,4,0,[28; 14; 16; 4; 2048; 64; 4; 0],0.11601401201914996,0.48204568017268623,tvm
28,1,16,4,1024,64,4,0,[28; 1; 16; 4; 1024; 64; 4; 0],0.11770114593673497,0.4751360140825887,tvm
16,8,32,4,2048,32,2,1,[16; 8; 32; 4; 2048; 32; 2; 1],0.12106651696376503,0.46192832449347904,tvm
28,4,32,4,256,32,2,1,[28; 4; 32; 4; 256; 32; 2; 1],0.12299603701103479,0.45468174985439586,tvm
16,4,4,4,2048,64,4,0,[16; 4; 4; 4; 2048; 64; 4; 0],0.12035812996327877,0.4646470774379408,tvm
8,4,32,4,128,64,4,1,[8; 4; 32; 4; 128; 64; 4; 1],0.11335147591307759,0.493368550191778,tvm
14,14,16,4,2048,32,2,1,[14; 14; 16; 4; 2048; 32; 2; 1],0.11892402498051524,0.4702502571914804,tvm
28,28,32,4,64,64,4,1,[28; 28; 32; 4; 64; 64; 4; 1],0.11252545099705458,0.49699026165020377,tvm
56,14,4,4,128,32,2,1,[56; 14; 4; 4; 128; 32; 2; 1],0.11492086295038462,0.4866309902099997,tvm
56,4,8,4,128,32,2,1,[56; 4; 8; 4; 128; 32; 2; 1],0.11529192700982094,0.485064781062854,tvm
28,7,16,4,2048,32,2,1,[28; 7; 16; 4; 2048; 32; 2; 1],0.11340461997315288,0.49313734613786153,tvm
56,14,4,4,4096,64,4,0,[56; 14; 4; 4; 4096; 64; 4; 0],0.11161068803630769,0.501063601678908,tvm
28,4,16,4,1024,32,2,1,[28; 4; 16; 4; 1024; 32; 2; 1],0.11542520404327661,0.4845046954594563,tvm
14,1,8,4,1024,32,2,1,[14; 1; 8; 4; 1024; 32; 2; 1],0.11217323096934706,0.49855079371490496,tvm
32,8,32,8,2048,32,2,1,[32; 8; 32; 8; 2048; 32; 2; 1],0.11230247200001031,0.49797704660791614,tvm
14,1,4,4,512,32,2,1,[14; 1; 4; 4; 512; 32; 2; 1],0.11015189497265965,0.5076994213055891,tvm
28,14,32,8,1024,32,2,1,[28; 14; 32; 8; 1024; 32; 2; 1],0.11447429202962667,0.48852936621665094,tvm
28,1,4,4,128,64,4,1,[28; 1; 4; 4; 128; 64; 4; 1],0.11135074496269226,0.5022333110754716,tvm
28,14,64,4,1024,32,2,1,[28; 14; 64; 4; 1024; 32; 2; 1],0.11472334899008274,0.48746880060281095,tvm
28,14,64,8,512,32,2,1,[28; 14; 64; 8; 512; 32; 2; 1],0.11053019494283944,0.5059617723668577,tvm
32,16,8,4,1024,32,2,1,[32; 16; 8; 4; 1024; 32; 2; 1],0.10808647098019719,0.51740104775536,tvm
32,16,64,8,2048,32,2,1,[32; 16; 64; 8; 2048; 32; 2; 1],0.11474467697553337,0.4873781931100633,tvm
28,1,4,4,2048,64,4,0,[28; 1; 4; 4; 2048; 64; 4; 0],0.10135212703607976,0.5517797698850982,tvm
28,28,64,4,2048,64,4,1,[28; 28; 64; 4; 2048; 64; 4; 1],0.10334808996412903,0.5411232404270263,tvm
32,16,4,4,256,64,4,1,[32; 16; 4; 4; 256; 64; 4; 1],0.11144757096190006,0.501796969199551,tvm
16,1,16,4,1024,64,4,1,[16; 1; 16; 4; 1024; 64; 4; 1],0.10461970907635987,0.5345460604608971,tvm
16,2,8,4,2048,64,4,1,[16; 2; 8; 4; 2048; 64; 4; 1],0.10419833799824119,0.5367077288149961,tvm
56,8,64,4,64,64,4,1,[56; 8; 64; 4; 64; 64; 4; 1],0.1066377810202539,0.5244300171879194,tvm
56,7,32,4,64,64,4,1,[56; 7; 32; 4; 64; 64; 4; 1],0.1050935520324856,0.5321359136861848,tvm
32,4,8,8,512,32,2,1,[32; 4; 8; 8; 512; 32; 2; 1],0.10746593202929944,0.5203886690163934,tvm
56,8,32,4,4096,64,4,1,[56; 8; 32; 4; 4096; 64; 4; 1],0.1295478909742087,0.43168632783429167,tvm
56,2,64,4,256,64,4,1,[56; 2; 64; 4; 256; 64; 4; 1],0.09940742299659178,0.5625742187809326,tvm
28,7,64,4,512,64,4,1,[28; 7; 64; 4; 512; 64; 4; 1],0.09505880950018764,0.5883100538222388,tvm
56,8,32,4,2048,64,4,1,[56; 8; 32; 4; 2048; 64; 4; 1],0.0984922990319319,0.567801278709134,tvm
56,2,64,4,512,64,4,1,[56; 2; 64; 4; 512; 64; 4; 1],0.09139578702161089,0.6118887440633328,tvm
28,7,8,4,2048,64,4,1,[28; 7; 8; 4; 2048; 64; 4; 1],0.09161388000939041,0.6104321018561939,tvm
56,4,64,4,1024,64,4,1,[56; 4; 64; 4; 1024; 64; 4; 1],0.09159690950764343,0.6105451988930551,tvm
28,1,8,4,1024,64,4,1,[28; 1; 8; 4; 1024; 64; 4; 1],0.09741304302588105,0.5740920475964931,tvm
7,7,32,4,1024,64,4,1,[7; 7; 32; 4; 1024; 64; 4; 1],0.14948802895378321,0.3741038912930159,tvm
16,2,32,8,4096,32,2,1,[16; 2; 32; 8; 4096; 32; 2; 1],0.17190496693365276,0.3253195898342914,tvm
8,1,64,4,1024,32,2,1,[8; 1; 64; 4; 1024; 32; 2; 1],0.1505264879669994,0.37152300627377827,tvm
14,7,32,2,2048,128,8,1,[14; 7; 32; 2; 2048; 128; 8; 1],0.1284340110141784,0.4354302485122857,tvm
7,1,64,8,256,32,2,1,[7; 1; 64; 8; 256; 32; 2; 1],0.14878591406159103,0.3758692728814581,tvm
32,8,32,2,256,128,8,1,[32; 8; 32; 2; 256; 128; 8; 1],0.13912801700644195,0.40196111851967187,tvm
32,32,16,4,32,32,2,1,[32; 32; 16; 4; 32; 32; 2; 1],0.13210608495865017,0.4233268539510336,tvm
28,7,32,2,512,128,8,1,[28; 7; 32; 2; 512; 128; 8; 1],0.12137488403823227,0.46075474161291585,tvm
56,14,32,4,1024,64,4,0,[56; 14; 32; 4; 1024; 64; 4; 0],0.13585983600933105,0.4116305081473261,tvm
56,7,8,8,4096,32,2,1,[56; 7; 8; 8; 4096; 32; 2; 1],0.13814621302299201,0.40481785283557326,tvm
16,16,64,4,1024,64,4,0,[16; 16; 64; 4; 1024; 64; 4; 0],0.1268299400107935,0.44093731597266445,tvm
28,1,32,2,2048,128,8,1,[28; 1; 32; 2; 2048; 128; 8; 1],0.11866220296360552,0.4712878400756272,tvm
7,7,16,4,256,32,2,1,[7; 7; 16; 4; 256; 32; 2; 1],0.1223707840545103,0.4570049441574376,tvm
16,8,64,8,32,32,2,1,[16; 8; 64; 8; 32; 32; 2; 1],0.12456588901113719,0.44895158519948647,tvm
56,7,4,4,2048,32,2,0,[56; 7; 4; 4; 2048; 32; 2; 0],0.12688766501378268,0.44073672036804207,tvm
16,8,8,4,2048,64,4,0,[16; 8; 8; 4; 2048; 64; 4; 0],0.12478951190132648,0.44814706365350304,tvm
56,4,4,4,2048,32,2,0,[56; 4; 4; 4; 2048; 32; 2; 0],0.12750076001975685,0.438617411572038,tvm
8,4,32,8,128,32,2,1,[8; 4; 32; 8; 128; 32; 2; 1],0.12880400195717812,0.43417947023048026,tvm
32,2,4,4,4096,32,2,1,[32; 2; 4; 4; 4096; 32; 2; 1],0.11811740300618112,0.47346158914793285,tvm
14,1,32,8,128,32,2,1,[14; 1; 32; 8; 128; 32; 2; 1],0.1330568769481033,0.42030186350417353,tvm
16,2,8,4,128,32,2,1,[16; 2; 8; 4; 128; 32; 2; 1],0.12933683197479695,0.43239077747188753,tvm
14,2,8,4,4096,32,2,1,[14; 2; 8; 4; 4096; 32; 2; 1],0.12472426402382553,0.4483815059646326,tvm
8,8,64,4,1024,64,4,1,[8; 8; 64; 4; 1024; 64; 4; 1],0.13145042501855642,0.4254383607009161,tvm
14,14,64,8,128,32,2,1,[14; 14; 64; 8; 128; 32; 2; 1],0.11896831495687366,0.4700751906388349,tvm
28,1,8,8,32,32,2,1,[28; 1; 8; 8; 32; 32; 2; 1],0.12857707194052637,0.434945768240866,tvm
16,2,32,4,256,32,2,1,[16; 2; 32; 4; 256; 32; 2; 1],0.13476623001042753,0.414970822653466,tvm
8,4,8,4,128,32,2,1,[8; 4; 8; 4; 128; 32; 2; 1],0.11650609399657696,0.4800096837421777,tvm
56,1,4,4,32,32,2,1,[56; 1; 4; 4; 32; 32; 2; 1],0.12557662499602884,0.4453380821080503,tvm
7,1,4,4,128,64,4,1,[7; 1; 4; 4; 128; 64; 4; 1],0.12958414398599416,0.43156555742944736,tvm
56,28,32,4,64,32,2,1,[56; 28; 32; 4; 64; 32; 2; 1],0.12558746605645865,0.44529963928241306,tvm
32,32,32,4,128,32,2,1,[32; 32; 32; 4; 128; 32; 2; 1],0.12138979299925268,0.4606981522217245,tvm
32,2,64,4,1024,64,4,0,[32; 2; 64; 4; 1024; 64; 4; 0],0.12139681098051369,0.4606715191415541,tvm
28,28,16,4,128,32,2,1,[28; 28; 16; 4; 128; 32; 2; 1],0.13143092906102538,0.4255014685878614,tvm
32,16,32,4,4096,64,4,0,[32; 16; 32; 4; 4096; 64; 4; 0],0.11678678297903389,0.4788560135556871,tvm
14,14,8,4,128,64,4,1,[14; 14; 8; 4; 128; 64; 4; 1],0.15470046002883464,0.3614989465636343,tvm
56,56,32,4,4096,64,4,1,[56; 56; 32; 4; 4096; 64; 4; 1],0.14084790204651654,0.39705279610670957,tvm
28,28,16,8,128,32,2,1,[28; 28; 16; 8; 128; 32; 2; 1],0.12983062805142254,0.430746228164153,tvm
8,4,8,4,1024,32,2,1,[8; 4; 8; 4; 1024; 32; 2; 1],0.12936002400238067,0.43231325724169734,tvm
8,4,64,4,256,64,4,1,[8; 4; 64; 4; 256; 64; 4; 1],0.12981217401102185,0.4308074628546398,tvm
16,8,32,4,256,64,4,1,[16; 8; 32; 4; 256; 64; 4; 1],0.12225504603702575,0.4574375876182351,tvm
56,56,8,4,256,64,4,1,[56; 56; 8; 4; 256; 64; 4; 1],0.15745315595995635,0.3551789927129565,tvm
28,28,8,4,64,64,4,1,[28; 28; 8; 4; 64; 64; 4; 1],0.11088082299102098,0.5043618168117494,tvm
16,1,64,4,256,64,4,1,[16; 1; 64; 4; 256; 64; 4; 1],0.12178901396691799,0.4591879966162153,tvm
32,8,32,8,256,32,2,1,[32; 8; 32; 8; 256; 32; 2; 1],0.12872838589828461,0.4344345106410486,tvm
16,4,4,4,256,64,4,1,[16; 4; 4; 4; 256; 64; 4; 1],0.1144203970907256,0.48875947606605785,tvm
56,2,4,4,1024,64,4,0,[56; 2; 4; 4; 1024; 64; 4; 0],0.11111490207258612,0.5032993081054131,tvm
56,4,32,4,1024,32,2,1,[56; 4; 32; 4; 1024; 32; 2; 1],0.10955813794862479,0.51045092934637,tvm
8,2,8,4,512,32,2,1,[8; 2; 8; 4; 512; 32; 2; 1],0.11500906699802727,0.48625777769584544,tvm
32,1,32,4,512,32,2,1,[32; 1; 32; 4; 512; 32; 2; 1],0.11560942989308387,0.48373262790978344,tvm
14,14,64,4,4096,64,4,1,[14; 14; 64; 4; 4096; 64; 4; 1],0.13236685504671186,0.4224928764349497,tvm
56,7,64,8,2048,32,2,1,[56; 7; 64; 8; 2048; 32; 2; 1],0.11497271491680294,0.48641152271477056,tvm
56,56,64,4,64,64,4,1,[56; 56; 64; 4; 64; 64; 4; 1],0.11394975206349045,0.49077819232264414,tvm
56,28,4,4,256,64,4,1,[56; 28; 4; 4; 256; 64; 4; 1],0.09606939752120525,0.5821214119823048,tvm
56,14,8,8,1024,32,2,1,[56; 14; 8; 8; 1024; 32; 2; 1],0.10745172202587128,0.5204574880602513,tvm
16,2,64,4,1024,64,4,1,[16; 2; 64; 4; 1024; 64; 4; 1],0.10837978997733444,0.51600075387698,tvm
56,7,8,4,4096,64,4,1,[56; 7; 8; 4; 4096; 64; 4; 1],0.14130605501122773,0.39576544210288644,tvm
32,4,4,4,256,64,4,1,[32; 4; 4; 4; 256; 64; 4; 1],0.1131840799935162,0.4940982277413658,tvm
56,14,64,4,64,64,4,1,[56; 14; 64; 4; 64; 64; 4; 1],0.10442125296685845,0.5355619832591234,tvm
16,2,8,4,512,64,4,1,[16; 2; 8; 4; 512; 64; 4; 1],0.11010827892459929,0.507900531000302,tvm
56,7,64,4,128,64,4,1,[56; 7; 64; 4; 128; 64; 4; 1],0.10009732202161103,0.5586967983145376,tvm
56,2,4,4,256,64,4,1,[56; 2; 4; 4; 256; 64; 4; 1],0.09753341600298882,0.5733835194659808,tvm
32,2,32,4,2048,64,4,1,[32; 2; 32; 4; 2048; 64; 4; 1],0.09443496551830322,0.5921964711523534,tvm
56,14,64,4,2048,64,4,1,[56; 14; 64; 4; 2048; 64; 4; 1],0.09296409547096118,0.6015661535780994,tvm
28,14,4,4,1024,64,4,1,[28; 14; 4; 4; 1024; 64; 4; 1],0.08931371895596385,0.6261530029995358,tvm
14,7,64,4,32,32,2,1,[14; 7; 64; 4; 32; 32; 2; 1],0.161067662993446,0.34720844826319325,tvm
28,1,8,4,64,32,2,1,[28; 1; 8; 4; 64; 32; 2; 1],0.1326342150568962,0.4216412281653233,tvm
16,16,64,2,512,128,8,1,[16; 16; 64; 2; 512; 128; 8; 1],0.11186567193362862,0.4999214894674196,tvm
32,16,8,4,4096,32,2,0,[32; 16; 8; 4; 4096; 32; 2; 0],0.13375798100605607,0.4180988148348419,tvm
14,2,8,8,4096,32,2,0,[14; 2; 8; 8; 4096; 32; 2; 0],0.1248423489741981,0.4479573942083666,tvm
32,16,16,4,64,32,2,1,[32; 16; 16; 4; 64; 32; 2; 1],0.13730205199681222,0.40730675558025703,tvm
7,7,32,2,1024,128,8,1,[7; 7; 32; 2; 1024; 128; 8; 1],0.12482846807688475,0.44800720696891366,tvm
14,2,8,8,1024,32,2,0,[14; 2; 8; 8; 1024; 32; 2; 0],0.12748328200541437,0.43867754621314325,tvm
8,4,64,8,512,32,2,1,[8; 4; 64; 8; 512; 32; 2; 1],0.13874625996686518,0.40306710499215537,tvm
8,4,4,4,4096,64,4,0,[8; 4; 4; 4; 4096; 64; 4; 0],0.15364281996153295,0.36398741800843576,tvm
8,4,64,2,4096,128,8,1,[8; 4; 64; 2; 4096; 128; 8; 1],0.15320398402400315,0.3650300198757982,tvm
56,7,16,4,4096,64,4,0,[56; 7; 16; 4; 4096; 64; 4; 0],0.14169602503534406,0.3946762325858038,tvm
14,14,16,8,32,32,2,1,[14; 14; 16; 8; 32; 32; 2; 1],0.13146695401519537,0.42538487144738635,tvm
16,16,16,8,32,32,2,1,[16; 16; 16; 8; 32; 32; 2; 1],0.12919043097645044,0.4328807707401138,tvm
28,4,4,4,256,32,2,0,[28; 4; 4; 4; 256; 32; 2; 0],0.13151676394045353,0.4252237635549937,tvm
8,8,32,4,2048,32,2,1,[8; 8; 32; 4; 2048; 32; 2; 1],0.14385329105425626,0.38875755238884874,tvm
8,8,64,4,4096,64,4,1,[8; 8; 64; 4; 4096; 64; 4; 1],0.1543410299345851,0.36234080695869286,tvm
16,8,64,4,64,64,4,1,[16; 8; 64; 4; 64; 64; 4; 1],0.1375464400043711,0.4065830662833303,tvm
28,14,64,4,512,64,4,0,[28; 14; 64; 4; 512; 64; 4; 0],0.13295021804515272,0.42063904937967334,tvm
14,14,64,8,32,32,2,1,[14; 14; 64; 8; 32; 32; 2; 1],0.12698637996800244,0.4403941064185377,tvm
56,1,4,4,512,32,2,0,[56; 1; 4; 4; 512; 32; 2; 0],0.12825631210580468,0.4360335364016934,tvm
16,2,8,8,2048,32,2,0,[16; 2; 8; 8; 2048; 32; 2; 0],0.1154260840266943,0.4845010017007934,tvm
56,56,16,4,512,32,2,1,[56; 56; 16; 4; 512; 32; 2; 1],0.13565503503195941,0.4122519545268482,tvm
16,2,8,4,128,32,2,1,[16; 2; 8; 4; 128; 32; 2; 1],0.1279482200043276,0.437083480578642,tvm
14,2,16,8,256,32,2,1,[14; 2; 16; 8; 256; 32; 2; 1],0.13089372508693486,0.42724777903746425,tvm
16,4,32,8,256,32,2,1,[16; 4; 32; 8; 256; 32; 2; 1],0.1273768210085109,0.43904419101177505,tvm
28,4,8,4,128,32,2,1,[28; 4; 8; 4; 128; 32; 2; 1],0.12644222390372306,0.4422893840898876,tvm
8,2,16,4,512,32,2,1,[8; 2; 16; 4; 512; 32; 2; 1],0.11456285999156535,0.4881516866587542,tvm
16,8,16,4,128,64,4,1,[16; 8; 16; 4; 128; 64; 4; 1],0.11631802597548813,0.48078578418377127,tvm
56,28,16,4,32,32,2,1,[56; 28; 16; 4; 32; 32; 2; 1],0.12569546303711832,0.444917039820433,tvm
56,56,64,4,256,64,4,1,[56; 56; 64; 4; 256; 64; 4; 1],0.11053045990411192,0.505960559486036,tvm
56,7,32,4,64,32,2,1,[56; 7; 32; 4; 64; 32; 2; 1],0.12228063493967056,0.4573418625191512,tvm
32,2,8,8,128,32,2,1,[32; 2; 8; 8; 128; 32; 2; 1],0.1253237830242142,0.4462365560934916,tvm
16,8,4,4,256,64,4,1,[16; 8; 4; 4; 256; 64; 4; 1],0.10992596705909818,0.5087428824098272,tvm
16,4,32,4,256,64,4,1,[16; 4; 32; 4; 256; 64; 4; 1],0.11893081001471728,0.470223429289794,tvm
32,2,16,4,4096,64,4,0,[32; 2; 16; 4; 4096; 64; 4; 0],0.11319170508068055,0.4940649431287558,tvm
16,4,16,4,4096,64,4,1,[16; 4; 16; 4; 4096; 64; 4; 1],0.1359468379523605,0.4113670768343332,tvm
56,14,16,4,2048,32,2,1,[56; 14; 16; 4; 2048; 32; 2; 1],0.1355067710392177,0.4127030177491874,tvm
16,1,16,4,4096,64,4,1,[16; 1; 16; 4; 4096; 64; 4; 1],0.1216819928959012,0.459591859094355,tvm
14,1,8,8,256,32,2,1,[14; 1; 8; 8; 256; 32; 2; 1],0.11944796598982066,0.46818757330785504,tvm
56,1,64,8,2048,32,2,1,[56; 1; 64; 8; 2048; 32; 2; 1],0.11621995503082871,0.48119149003713535,tvm
14,14,8,4,1024,32,2,1,[14; 14; 8; 4; 1024; 32; 2; 1],0.12625353108160198,0.4429504098161635,tvm
16,2,8,4,4096,64,4,1,[16; 2; 8; 4; 4096; 64; 4; 1],0.1220927459653467,0.4580456675878691,tvm
28,2,16,8,2048,32,2,1,[28; 2; 16; 8; 2048; 32; 2; 1],0.10412557702511549,0.5370827699696131,tvm
28,1,64,8,2048,32,2,1,[28; 1; 64; 8; 2048; 32; 2; 1],0.11511726898606867,0.4858007302110441,tvm
14,7,8,4,512,32,2,1,[14; 7; 8; 4; 512; 32; 2; 1],0.11628249904606491,0.48093267509824683,tvm
56,2,32,8,256,32,2,1,[56; 2; 32; 8; 256; 32; 2; 1],0.11644496105145663,0.48026168610783154,tvm
28,14,4,4,128,64,4,1,[28; 14; 4; 4; 128; 64; 4; 1],0.11048747401218861,0.5061574068311488,tvm
28,28,4,4,4096,64,4,0,[28; 28; 4; 4; 4096; 64; 4; 0],0.10930917202495039,0.5116135480430534,tvm
32,8,4,4,4096,64,4,0,[32; 8; 4; 4; 4096; 64; 4; 0],0.11326926108449697,0.4937266545035102,tvm
32,8,64,4,4096,64,4,1,[32; 8; 64; 4; 4096; 64; 4; 1],0.11826816701795906,0.4728580373182012,tvm
56,28,4,4,64,64,4,1,[56; 28; 4; 4; 64; 64; 4; 1],0.10760890692472458,0.5196972530578139,tvm
56,28,32,4,64,64,4,1,[56; 28; 32; 4; 64; 64; 4; 1],0.10711916792206466,0.5220732611928174,tvm
16,16,32,4,512,64,4,1,[16; 16; 32; 4; 512; 64; 4; 1],0.09958202647976577,0.5615878217209873,tvm
32,2,4,4,256,64,4,1,[32; 2; 4; 4; 256; 64; 4; 1],0.11409569100942463,0.4901504416035646,tvm
28,1,8,4,2048,32,2,1,[28; 1; 8; 4; 2048; 32; 2; 1],0.10355258092749864,0.5400546546733397,tvm
16,4,4,4,512,64,4,1,[16; 4; 4; 4; 512; 64; 4; 1],0.10422513703815639,0.5365697270597953,tvm
28,1,8,8,512,32,2,1,[28; 1; 8; 8; 512; 32; 2; 1],0.095376294455491,0.5863517098520876,tvm
56,2,16,4,128,64,4,1,[56; 2; 16; 4; 128; 64; 4; 1],0.1048386039910838,0.5334299695376477,tvm
56,14,8,4,128,64,4,1,[56; 14; 8; 4; 128; 64; 4; 1],0.09930811746744439,0.5631367783370438,tvm
32,1,16,4,1024,64,4,1,[32; 1; 16; 4; 1024; 64; 4; 1],0.09648131701396778,0.5796360898062483,tvm
56,4,32,4,1024,64,4,1,[56; 4; 32; 4; 1024; 64; 4; 1],0.09194426750764251,0.6082386085536531,tvm
32,16,4,4,2048,64,4,1,[32; 16; 4; 4; 2048; 64; 4; 1],0.0917191980406642,0.609731163464154,tvm
28,1,4,4,1024,64,4,1,[28; 1; 4; 4; 1024; 64; 4; 1],0.09074947901535779,0.6162465497335708,tvm
16,16,16,4,4096,64,4,0,[16; 16; 16; 4; 4096; 64; 4; 0],0.13724002707749605,0.4074908357585386,tvm
14,2,64,8,512,32,2,1,[14; 2; 64; 8; 512; 32; 2; 1],0.13196215510834008,0.4237885724692814,tvm
16,16,64,2,512,128,8,1,[16; 16; 64; 2; 512; 128; 8; 1],0.110932387993671,0.5041273729411103,tvm
8,2,32,2,1024,128,8,1,[8; 2; 32; 2; 1024; 128; 8; 1],0.12176579795777798,0.45927554593552516,tvm
16,8,32,2,512,128,8,1,[16; 8; 32; 2; 512; 128; 8; 1],0.13639028498437256,0.41002959514118653,tvm
56,8,4,4,1024,32,2,0,[56; 8; 4; 4; 1024; 32; 2; 0],0.12581388896796852,0.4444982488981902,tvm
16,2,64,2,512,128,8,1,[16; 2; 64; 2; 512; 128; 8; 1],0.1360062250168994,0.41118745356239766,tvm
32,2,16,4,512,64,4,0,[32; 2; 16; 4; 512; 64; 4; 0],0.12688283808529377,0.4407534870534643,tvm
28,7,32,2,2048,128,8,1,[28; 7; 32; 2; 2048; 128; 8; 1],0.11972439894452691,0.46710656997530786,tvm
8,2,16,4,1024,64,4,1,[8; 2; 16; 4; 1024; 64; 4; 1],0.12446095503401011,0.4493300996931252,tvm
32,4,4,4,4096,32,2,0,[32; 4; 4; 4; 4096; 32; 2; 0],0.12414460303261876,0.45047510698986565,tvm
8,8,32,4,64,64,4,1,[8; 8; 32; 4; 64; 64; 4; 1],0.12796400696970522,0.4370295574330761,tvm
56,56,32,4,512,32,2,1,[56; 56; 32; 4; 512; 32; 2; 1],0.12062666600104421,0.4636126918474993,tvm
16,1,8,4,1024,32,2,0,[16; 1; 8; 4; 1024; 32; 2; 0],0.13705853302963078,0.4080304385079262,tvm
32,1,4,4,2048,32,2,0,[32; 1; 4; 4; 2048; 32; 2; 0],0.12420187797397375,0.45026737313144416,tvm
8,1,32,8,256,32,2,1,[8; 1; 32; 8; 256; 32; 2; 1],0.13474911102093756,0.4150235419708539,tvm
14,1,16,8,2048,32,2,1,[14; 1; 16; 8; 2048; 32; 2; 1],0.11861749005038291,0.47146549222698547,tvm
28,2,8,8,4096,32,2,1,[28; 2; 8; 8; 4096; 32; 2; 1],0.1230539510725066,0.4544677586206185,tvm
56,56,64,4,64,32,2,1,[56; 56; 64; 4; 64; 32; 2; 1],0.12058780598454177,0.46376209332892476,tvm
28,7,64,4,1024,64,4,0,[28; 7; 64; 4; 1024; 64; 4; 0],0.1255022450350225,0.44560201546774914,tvm
8,8,8,4,256,64,4,1,[8; 8; 8; 4; 256; 64; 4; 1],0.13100230100098997,0.4268936721417643,tvm
8,2,32,4,128,32,2,1,[8; 2; 32; 4; 128; 32; 2; 1],0.11707944900263101,0.47765900685163465,tvm
32,32,32,8,512,32,2,1,[32; 32; 32; 8; 512; 32; 2; 1],0.12234513089060783,0.45710076834472946,tvm
28,28,64,8,32,32,2,1,[28; 28; 64; 8; 32; 32; 2; 1],0.11950484104454517,0.4679647522604357,tvm
28,28,64,8,128,32,2,1,[28; 28; 64; 8; 128; 32; 2; 1],0.11305734806228429,0.4946520884473982,tvm
28,1,16,4,256,32,2,1,[28; 1; 16; 4; 256; 32; 2; 1],0.12195155001245439,0.4585759945455556,tvm
16,4,4,4,4096,64,4,1,[16; 4; 4; 4; 4096; 64; 4; 1],0.117431262973696,0.4762279815202195,tvm
14,2,64,4,128,64,4,1,[14; 2; 64; 4; 128; 64; 4; 1],0.12423540791496634,0.4501458503006718,tvm
16,1,8,4,128,64,4,1,[16; 1; 8; 4; 128; 64; 4; 1],0.11603394791018218,0.4819628594954141,tvm
16,4,32,4,128,64,4,1,[16; 4; 32; 4; 128; 64; 4; 1],0.11799669510219246,0.4739459294592923,tvm
28,7,64,4,256,32,2,1,[28; 7; 64; 4; 256; 32; 2; 1],0.12253175396472216,0.4564045769673248,tvm
32,1,32,8,256,32,2,1,[32; 1; 32; 8; 256; 32; 2; 1],0.1291700470028445,0.432949082476542,tvm
32,32,8,4,64,64,4,1,[32; 32; 8; 4; 64; 64; 4; 1],0.11361139197833836,0.4922398393287537,tvm
56,1,8,8,64,32,2,1,[56; 1; 8; 8; 64; 32; 2; 1],0.11347502190619707,0.49283139490876116,tvm
16,8,16,4,256,64,4,1,[16; 8; 16; 4; 256; 64; 4; 1],0.11887669702991843,0.4704374762301697,tvm
8,2,64,4,128,64,4,1,[8; 2; 64; 4; 128; 64; 4; 1],0.11237064900342375,0.49767491626420546,tvm
32,32,32,4,64,64,4,1,[32; 32; 32; 4; 64; 64; 4; 1],0.1130214270669967,0.49480930107335086,tvm
16,4,8,4,256,64,4,1,[16; 4; 8; 4; 256; 64; 4; 1],0.11549588898196816,0.48420817248365,tvm
16,16,8,4,2048,32,2,1,[16; 16; 8; 4; 2048; 32; 2; 1],0.12305201299022883,0.45447491653609995,tvm
28,14,16,4,1024,32,2,1,[28; 14; 16; 4; 1024; 32; 2; 1],0.11615304893348366,0.4814686643771088,tvm
32,2,16,4,1024,32,2,1,[32; 2; 16; 4; 1024; 32; 2; 1],0.11166283208876848,0.5008296161508374,tvm
16,16,64,4,1024,32,2,1,[16; 16; 64; 4; 1024; 32; 2; 1],0.10470500902738422,0.534110582223503,tvm
56,14,4,4,4096,64,4,0,[56; 14; 4; 4; 4096; 64; 4; 0],0.11150084203109145,0.5015572287583191,tvm
28,4,64,4,1024,32,2,1,[28; 4; 64; 4; 1024; 32; 2; 1],0.11648946709465235,0.48007819700894333,tvm
32,16,64,4,128,64,4,1,[32; 16; 64; 4; 128; 64; 4; 1],0.11541870492510498,0.48453197746086624,tvm
28,4,64,8,1024,32,2,1,[28; 4; 64; 8; 1024; 32; 2; 1],0.11500286392401904,0.4862840056772991,tvm
56,1,4,4,2048,32,2,1,[56; 1; 4; 4; 2048; 32; 2; 1],0.11059334001038224,0.5056728852576775,tvm
14,1,64,4,2048,64,4,1,[14; 1; 64; 4; 2048; 64; 4; 1],0.11347710608970374,0.4928223432938564,tvm
14,1,64,4,1024,64,4,1,[14; 1; 64; 4; 1024; 64; 4; 1],0.1144047980196774,0.48882611832166784,tvm
28,28,4,4,512,32,2,1,[28; 28; 4; 4; 512; 32; 2; 1],0.13553405099082738,0.4126199499276985,tvm
32,16,8,8,2048,32,2,1,[32; 16; 8; 8; 2048; 32; 2; 1],0.09487503999844193,0.589449588998874,tvm
28,14,32,4,256,64,4,1,[28; 14; 32; 4; 256; 64; 4; 1],0.10543147101998329,0.5304303619431961,tvm
14,14,64,4,512,64,4,1,[14; 14; 64; 4; 512; 64; 4; 1],0.0985814820160158,0.5672876101035667,tvm
32,4,64,4,4096,64,4,1,[32; 4; 64; 4; 4096; 64; 4; 1],0.10747675900347531,0.5203362461974221,tvm
32,1,4,4,2048,32,2,1,[32; 1; 4; 4; 2048; 32; 2; 1],0.10088302998337895,0.5543454963887102,tvm
28,2,32,4,4096,64,4,1,[28; 2; 32; 4; 4096; 64; 4; 1],0.11187348200473934,0.49988658912899664,tvm
32,2,8,8,1024,32,2,1,[32; 2; 8; 8; 1024; 32; 2; 1],0.105374505976215,0.5307171105120667,tvm
28,2,8,8,2048,32,2,1,[28; 2; 8; 8; 2048; 32; 2; 1],0.08717652346240357,0.6415035965210472,tvm
56,4,16,4,256,64,4,1,[56; 4; 16; 4; 256; 64; 4; 1],0.10167966596782207,0.550002331351396,tvm
56,7,16,4,256,64,4,1,[56; 7; 16; 4; 256; 64; 4; 1],0.10195282695349306,0.5485287167058519,tvm
56,8,8,4,256,64,4,1,[56; 8; 8; 4; 256; 64; 4; 1],0.09880602348130196,0.5659984215832388,tvm
28,2,4,4,512,64,4,1,[28; 2; 4; 4; 512; 64; 4; 1],0.09392552799545228,0.595408453131518,tvm
56,7,4,4,2048,64,4,1,[56; 7; 4; 4; 2048; 64; 4; 1],0.0961686119553633,0.5815208538030111,tvm
56,2,64,4,2048,64,4,1,[56; 2; 64; 4; 2048; 64; 4; 1],0.09389063599519432,0.5956297211171915,tvm
7,1,4,4,1024,32,2,1,[7; 1; 4; 4; 1024; 32; 2; 1],0.11006668803747743,0.5080924513172536,tvm
16,1,32,4,1024,64,4,0,[16; 1; 32; 4; 1024; 64; 4; 0],0.15146693703718483,0.36921624235131983,tvm
14,7,4,4,128,32,2,1,[14; 7; 4; 4; 128; 32; 2; 1],0.13212200393900275,0.4232758485797112,tvm
16,16,64,2,256,128,8,1,[16; 16; 64; 2; 256; 128; 8; 1],0.11384838004596531,0.49121518734613945,tvm
8,1,64,2,1024,128,8,1,[8; 1; 64; 2; 1024; 128; 8; 1],0.11574945494066924,0.48314744429681195,tvm
28,2,8,4,512,64,4,0,[28; 2; 8; 4; 512; 64; 4; 0],0.12404619005974382,0.45083249478600573,tvm
8,1,32,4,64,64,4,1,[8; 1; 32; 4; 64; 64; 4; 1],0.1141410869313404,0.4899555001344387,tvm
16,2,8,8,2048,32,2,0,[16; 2; 8; 8; 2048; 32; 2; 0],0.11623873596545309,0.48111374292606146,tvm
16,1,64,4,512,32,2,1,[16; 1; 64; 4; 512; 32; 2; 1],0.12277370307128876,0.4555051442967468,tvm
14,1,16,8,256,32,2,1,[14; 1; 16; 8; 256; 32; 2; 1],0.13191551994532347,0.4239383914532029,tvm
56,56,8,4,256,64,4,1,[56; 56; 8; 4; 256; 64; 4; 1],0.15685219806618989,0.3565398127843513,tvm
56,4,32,4,32,32,2,1,[56; 4; 32; 4; 32; 32; 2; 1],0.12840737006627023,0.4355205881443665,tvm
56,56,8,8,1024,32,2,1,[56; 56; 8; 8; 1024; 32; 2; 1],0.13216158899012953,0.4231490689591362,tvm
32,8,32,4,128,32,2,1,[32; 8; 32; 4; 128; 32; 2; 1],0.12913354905322194,0.4330714500093576,tvm
32,2,64,4,128,32,2,1,[32; 2; 64; 4; 128; 32; 2; 1],0.12831226596608758,0.43584339277519923,tvm
8,1,32,4,512,64,4,1,[8; 1; 32; 4; 512; 64; 4; 1],0.11626773909665644,0.48099372850831984,tvm
28,4,16,8,128,32,2,1,[28; 4; 16; 8; 128; 32; 2; 1],0.12123498599976301,0.4612864254666772,tvm
32,4,64,8,32,32,2,1,[32; 4; 64; 8; 32; 32; 2; 1],0.11968308908399194,0.46726779665660706,tvm
32,4,32,4,1024,64,4,0,[32; 4; 32; 4; 1024; 64; 4; 0],0.1179683239897713,0.4740599123725988,tvm
32,1,32,4,256,32,2,1,[32; 1; 32; 4; 256; 32; 2; 1],0.12476199900265783,0.44824589041845964,tvm
32,4,16,8,256,32,2,1,[32; 4; 16; 8; 256; 32; 2; 1],0.12776872201357037,0.4376975244958122,tvm
28,2,16,4,256,32,2,1,[28; 2; 16; 4; 256; 32; 2; 1],0.12198606505990028,0.45844624388754796,tvm
16,8,64,4,1024,32,2,1,[16; 8; 64; 4; 1024; 32; 2; 1],0.1209358429769054,0.4624274487755703,tvm
28,28,32,4,256,32,2,1,[28; 28; 32; 4; 256; 32; 2; 1],0.11477551504503936,0.487247243555283,tvm
32,4,8,4,2048,64,4,0,[32; 4; 8; 4; 2048; 64; 4; 0],0.11895137408282608,0.470142138033591,tvm
14,14,32,8,256,32,2,1,[14; 14; 32; 8; 256; 32; 2; 1],0.1136057690018788,0.49226420299490664,tvm
32,32,8,4,1024,32,2,1,[32; 32; 8; 4; 1024; 32; 2; 1],0.13437930506188422,0.4161656685721008,tvm
8,2,64,4,256,64,4,1,[8; 2; 64; 4; 256; 64; 4; 1],0.12154920201282948,0.46009395707452333,tvm
14,14,8,8,256,32,2,1,[14; 14; 8; 8; 256; 32; 2; 1],0.13706757093314081,0.4080035339694764,tvm
28,4,4,4,256,32,2,1,[28; 4; 4; 4; 256; 32; 2; 1],0.11626664898358285,0.48099823829299454,tvm
32,1,8,4,4096,64,4,0,[32; 1; 8; 4; 4096; 64; 4; 0],0.11627962102647871,0.4809445785912782,tvm
28,1,8,8,256,32,2,1,[28; 1; 8; 8; 256; 32; 2; 1],0.11274846701417118,0.49600721689904953,tvm
56,14,16,4,256,32,2,1,[56; 14; 16; 4; 256; 32; 2; 1],0.12158189294859767,0.459970247024998,tvm
32,8,8,4,64,64,4,1,[32; 8; 8; 4; 64; 64; 4; 1],0.12242506304755807,0.4568023241418197,tvm
16,16,4,4,512,32,2,1,[16; 16; 4; 4; 512; 32; 2; 1],0.13522377307526767,0.4135667276655942,tvm
32,32,32,4,64,64,4,1,[32; 32; 32; 4; 64; 64; 4; 1],0.11321475298609585,0.493964362932466,tvm
56,4,8,4,128,32,2,1,[56; 4; 8; 4; 128; 32; 2; 1],0.11562831001356244,0.48365364266565697,tvm
28,2,32,4,512,32,2,1,[28; 2; 32; 4; 512; 32; 2; 1],0.11902761796955019,0.46984098554034665,tvm
28,7,32,4,1024,32,2,1,[28; 7; 32; 4; 1024; 32; 2; 1],0.11694082198664546,0.47822524575481273,tvm
28,1,16,8,1024,32,2,1,[28; 1; 16; 8; 1024; 32; 2; 1],0.10986156004946679,0.5090411360274941,tvm
16,16,32,8,2048,32,2,1,[16; 16; 32; 8; 2048; 32; 2; 1],0.11132398794870824,0.5023540241758134,tvm
32,8,32,4,1024,32,2,1,[32; 8; 32; 4; 1024; 32; 2; 1],0.11151544202584773,0.5014915631179664,tvm
56,4,8,4,256,32,2,1,[56; 4; 8; 4; 256; 32; 2; 1],0.11432546202559024,0.4891653385211378,tvm
16,16,32,4,2048,32,2,1,[16; 16; 32; 4; 2048; 32; 2; 1],0.10791455395519733,0.5182253114491973,tvm
16,4,4,4,2048,32,2,1,[16; 4; 4; 4; 2048; 32; 2; 1],0.1017496109707281,0.549624247206428,tvm
32,16,64,8,512,32,2,1,[32; 16; 64; 8; 512; 32; 2; 1],0.11234101001173258,0.4978062181165434,tvm
32,4,32,4,128,64,4,1,[32; 4; 32; 4; 128; 64; 4; 1],0.11434875498525798,0.4890656950357103,tvm
16,16,8,8,1024,32,2,1,[16; 16; 8; 8; 1024; 32; 2; 1],0.11475433502346277,0.4873371739891051,tvm
32,8,8,4,128,64,4,1,[32; 8; 8; 4; 128; 64; 4; 1],0.11275330709759146,0.49598592513946704,tvm
28,14,8,4,128,64,4,1,[28; 14; 8; 4; 128; 64; 4; 1],0.11072610900737345,0.5050665451416635,tvm
28,2,4,4,128,64,4,1,[28; 2; 4; 4; 128; 64; 4; 1],0.11174303700681776,0.5004701396286665,tvm
14,1,8,4,1024,64,4,1,[14; 1; 8; 4; 1024; 64; 4; 1],0.1049315839773044,0.5329572966841816,tvm
32,1,64,4,256,64,4,1,[32; 1; 64; 4; 256; 64; 4; 1],0.10916010499931872,0.5123121980661558,tvm
16,4,64,4,2048,64,4,1,[16; 4; 64; 4; 2048; 64; 4; 1],0.11019173497334123,0.5075158617555399,tvm
32,2,4,4,2048,32,2,1,[32; 2; 4; 4; 2048; 32; 2; 1],0.10668346099555492,0.5242054655094426,tvm
28,1,4,4,4096,64,4,1,[28; 1; 4; 4; 4096; 64; 4; 1],0.09804290602914989,0.5704038731441327,tvm
56,28,64,4,512,64,4,1,[56; 28; 64; 4; 512; 64; 4; 1],0.09228342451388016,0.6060032300266655,tvm
56,2,16,4,128,64,4,1,[56; 2; 16; 4; 128; 64; 4; 1],0.1045425730990246,0.5349404713844289,tvm
56,7,8,4,128,64,4,1,[56; 7; 8; 4; 128; 64; 4; 1],0.100099210976623,0.5586862552432481,tvm
56,2,32,4,256,64,4,1,[56; 2; 32; 4; 256; 64; 4; 1],0.10261282091960311,0.5450006425332532,tvm
32,16,32,4,2048,64,4,1,[32; 16; 32; 4; 2048; 64; 4; 1],0.0921322779613547,0.6069974016792565,tvm
56,1,16,4,1024,64,4,1,[56; 1; 16; 4; 1024; 64; 4; 1],0.09487444796832278,0.5894532672485807,tvm
32,16,8,4,2048,64,4,1,[32; 16; 8; 4; 2048; 64; 4; 1],0.09290705597959459,0.6019354799663018,tvm
56,4,8,4,1024,64,4,1,[56; 4; 8; 4; 1024; 64; 4; 1],0.09765648801112548,0.572660910424735,tvm
7,7,16,8,32,32,2,1,[7; 7; 16; 8; 32; 32; 2; 1],0.1414319829782471,0.39541306114568664,tvm
16,16,32,2,512,32,2,1,[16; 16; 32; 2; 512; 32; 2; 1],0.11148812808096409,0.5016144256428862,tvm
7,1,4,4,4096,32,2,1,[7; 1; 4; 4; 4096; 32; 2; 1],0.16796230094041675,0.332955984885989,tvm
56,14,64,2,512,128,8,1,[56; 14; 64; 2; 512; 128; 8; 1],0.11649704596493393,0.48004696488327003,tvm
16,16,64,2,2048,32,2,1,[16; 16; 64; 2; 2048; 32; 2; 1],0.12672214210033417,0.4413124052863202,tvm
56,8,64,4,4096,64,4,0,[56; 8; 64; 4; 4096; 64; 4; 0],0.13453786296304315,0.41567520177346196,tvm
16,1,8,8,32,32,2,1,[16; 1; 8; 8; 32; 32; 2; 1],0.12977198290172964,0.43094088633662975,tvm
56,2,8,4,2048,64,4,0,[56; 2; 8; 4; 2048; 64; 4; 0],0.15093953092582524,0.37050634111759334,tvm
16,2,8,8,32,32,2,1,[16; 2; 8; 8; 32; 32; 2; 1],0.12430524197407067,0.4498929606283117,tvm
7,7,16,8,128,32,2,1,[7; 7; 16; 8; 128; 32; 2; 1],0.1258494129870087,0.4443727785929865,tvm
56,4,32,2,1024,128,8,1,[56; 4; 32; 2; 1024; 128; 8; 1],0.11481721792370081,0.4870702699876982,tvm
14,14,32,8,32,32,2,1,[14; 14; 32; 8; 32; 32; 2; 1],0.1299048160435632,0.4305002311429268,tvm
8,2,32,2,2048,128,8,1,[8; 2; 32; 2; 2048; 128; 8; 1],0.12390107207465917,0.45136052817715033,tvm
16,4,64,4,256,32,2,1,[16; 4; 64; 4; 256; 32; 2; 1],0.13134703505784273,0.42577324496670554,tvm
28,14,8,4,512,64,4,0,[28; 14; 8; 4; 512; 64; 4; 0],0.12190368003211915,0.4587560713392613,tvm
14,2,32,4,128,32,2,1,[14; 2; 32; 4; 128; 32; 2; 1],0.13425880100112408,0.41653919829706443,tvm
7,1,8,4,256,64,4,1,[7; 1; 8; 4; 256; 64; 4; 1],0.13389904401265085,0.417658346597677,tvm
7,1,8,8,256,32,2,1,[7; 1; 8; 8; 256; 32; 2; 1],0.1304782279767096,0.42860831420331513,tvm
16,1,16,8,128,32,2,1,[16; 1; 16; 8; 128; 32; 2; 1],0.12636220804415643,0.44256945331147624,tvm
8,1,16,4,2048,64,4,1,[8; 1; 16; 4; 2048; 64; 4; 1],0.12365290592424572,0.4522663896600574,tvm
14,7,32,2,2048,128,8,1,[14; 7; 32; 2; 2048; 128; 8; 1],0.1290081690531224,0.4334923419485566,tvm
14,7,16,4,256,32,2,1,[14; 7; 16; 4; 256; 32; 2; 1],0.13647774106357247,0.40976684474344754,tvm
14,7,64,2,256,128,8,1,[14; 7; 64; 2; 256; 128; 8; 1],0.1464707099366933,0.38181048864653205,tvm
8,8,32,4,512,32,2,1,[8; 8; 32; 4; 512; 32; 2; 1],0.10626971500460058,0.5262463847852824,tvm
32,8,4,4,128,32,2,1,[32; 8; 4; 4; 128; 32; 2; 1],0.1277338620275259,0.4378169769992708,tvm
32,2,4,4,2048,32,2,0,[32; 2; 4; 4; 2048; 32; 2; 0],0.12357718602288514,0.452543508499836,tvm
32,16,8,8,128,32,2,1,[32; 16; 8; 8; 128; 32; 2; 1],0.12269090197514743,0.4558125536045162,tvm
8,8,16,4,256,64,4,1,[8; 8; 16; 4; 256; 64; 4; 1],0.12327656196430326,0.4536470878343205,tvm
28,4,64,4,1024,64,4,0,[28; 4; 64; 4; 1024; 64; 4; 0],0.12436185590922832,0.4496881533687651,tvm
32,4,64,4,1024,64,4,0,[32; 4; 64; 4; 1024; 64; 4; 0],0.12122452899347991,0.46132621671263596,tvm
28,7,4,4,1024,32,2,0,[28; 7; 4; 4; 1024; 32; 2; 0],0.1113083231030032,0.5024247223775169,tvm
32,16,8,4,2048,64,4,0,[32; 16; 8; 4; 2048; 64; 4; 0],0.1170511479722336,0.47777449689429285,tvm
28,2,64,4,1024,64,4,0,[28; 2; 64; 4; 1024; 64; 4; 0],0.1256076010176912,0.44522825752763734,tvm
32,1,64,4,1024,64,4,0,[32; 1; 64; 4; 1024; 64; 4; 0],0.12128798000048846,0.46108487694417954,tvm
8,2,8,4,128,32,2,1,[8; 2; 8; 4; 128; 32; 2; 1],0.1162802759790793,0.4809418696546177,tvm
8,4,4,4,2048,32,2,1,[8; 4; 4; 4; 2048; 32; 2; 1],0.11268873303197324,0.4962701401342934,tvm
32,4,64,4,64,64,4,1,[32; 4; 64; 4; 64; 64; 4; 1],0.12186535797081888,0.4589003328306356,tvm
56,56,8,8,32,32,2,1,[56; 56; 8; 8; 32; 32; 2; 1],0.12701727298554033,0.4402869941925122,tvm
16,8,64,4,2048,32,2,1,[16; 8; 64; 4; 2048; 32; 2; 1],0.12137991900090128,0.4607356290369421,tvm
16,16,4,4,2048,32,2,1,[16; 16; 4; 4; 2048; 32; 2; 1],0.11215547402389348,0.49862972645828535,tvm
56,2,8,8,64,32,2,1,[56; 2; 8; 8; 64; 32; 2; 1],0.11286090989597142,0.4955130468545828,tvm
32,1,32,8,2048,32,2,1,[32; 1; 32; 8; 2048; 32; 2; 1],0.11063008196651936,0.5055049434950067,tvm
56,28,4,4,1024,64,4,0,[56; 28; 4; 4; 1024; 64; 4; 0],0.110322350054048,0.5069149932532764,tvm
32,1,64,8,1024,32,2,1,[32; 1; 64; 8; 1024; 32; 2; 1],0.11071164405439049,0.5051325342604336,tvm
32,8,16,8,512,32,2,1,[32; 8; 16; 8; 512; 32; 2; 1],0.11645685404073447,0.4802126400715936,tvm
56,2,8,4,256,32,2,1,[56; 2; 8; 4; 256; 32; 2; 1],0.11371602199506015,0.49178692986431316,tvm
32,16,32,4,128,64,4,1,[32; 16; 32; 4; 128; 64; 4; 1],0.11436038801912218,0.48901594601080123,tvm
56,1,4,4,4096,64,4,0,[56; 1; 4; 4; 4096; 64; 4; 0],0.11268822895362973,0.49627236005586367,tvm
32,16,32,8,2048,32,2,1,[32; 16; 32; 8; 2048; 32; 2; 1],0.11177148704882711,0.5003427511785993,tvm
32,16,16,4,256,64,4,1,[32; 16; 16; 4; 256; 64; 4; 1],0.11154168704524636,0.5013735654782414,tvm
32,16,4,4,2048,64,4,0,[32; 16; 4; 4; 2048; 64; 4; 0],0.1128648390294984,0.4954957966910935,tvm
14,1,64,4,1024,64,4,1,[14; 1; 64; 4; 1024; 64; 4; 1],0.11383237293921411,0.4912842620191752,tvm
28,4,4,4,1024,64,4,0,[28; 4; 4; 4; 1024; 64; 4; 0],0.10207572905346751,0.5478682724278185,tvm
28,1,64,4,256,64,4,1,[28; 1; 64; 4; 256; 64; 4; 1],0.10516050306614488,0.531797126323727,tvm
32,16,8,8,512,32,2,1,[32; 16; 8; 8; 512; 32; 2; 1],0.10268596408423036,0.544612438828158,tvm
28,2,32,4,256,64,4,1,[28; 2; 32; 4; 256; 64; 4; 1],0.10938878997694701,0.5112411732968156,tvm
32,8,4,4,4096,64,4,1,[32; 8; 4; 4; 4096; 64; 4; 1],0.10393422597553581,0.5380715814105049,tvm
56,1,16,4,4096,64,4,1,[56; 1; 16; 4; 4096; 64; 4; 1],0.1152487430954352,0.4852465357216411,tvm
32,2,4,4,512,32,2,1,[32; 2; 4; 4; 512; 32; 2; 1],0.10992130707018077,0.5087644499862783,tvm
16,2,16,4,2048,64,4,1,[16; 2; 16; 4; 2048; 64; 4; 1],0.10550300206523389,0.5300707301082747,tvm
16,16,16,4,512,64,4,1,[16; 16; 16; 4; 512; 64; 4; 1],0.11063050199300051,0.505503024264245,tvm
56,8,32,4,512,64,4,1,[56; 8; 32; 4; 512; 64; 4; 1],0.09354750852799043,0.5978144604097099,tvm
28,7,64,4,2048,64,4,1,[28; 7; 64; 4; 2048; 64; 4; 1],0.09535790851805359,0.5864647641967267,tvm
56,14,64,4,1024,64,4,1,[56; 14; 64; 4; 1024; 64; 4; 1],0.0914817449520342,0.6113138021433182,tvm
32,2,4,2,2048,64,4,1,[32; 2; 4; 2; 2048; 64; 4; 1],0.12654436996672302,0.44193237002989155,tvm
7,7,64,2,256,128,8,1,[7; 7; 64; 2; 256; 128; 8; 1],0.13104621204547584,0.426750628350299,tvm
7,1,64,4,512,64,4,1,[7; 1; 64; 4; 512; 64; 4; 1],0.11479653604328632,0.48715802114661416,tvm
16,2,16,4,2048,64,4,0,[16; 2; 16; 4; 2048; 64; 4; 0],0.13871603808365762,0.4031549206992659,tvm
32,32,64,2,4096,128,8,1,[32; 32; 64; 2; 4096; 128; 8; 1],0.11417428392451257,0.48981304205339327,tvm
56,8,4,4,64,32,2,0,[56; 8; 4; 4; 64; 32; 2; 0],0.15339058393146843,0.3645859602328588,tvm
8,8,64,2,512,32,2,1,[8; 8; 64; 2; 512; 32; 2; 1],0.11866274697240442,0.47128567945876676,tvm
28,2,16,2,2048,128,8,1,[28; 2; 16; 2; 2048; 128; 8; 1],0.11995933600701392,0.4661917545964368,tvm
7,7,32,4,256,64,4,1,[7; 7; 32; 4; 256; 64; 4; 1],0.1257636488880962,0.4446758171202097,tvm
16,8,8,2,2048,32,2,1,[16; 8; 8; 2; 2048; 32; 2; 1],0.13504163699690253,0.4141245217178171,tvm
16,8,8,4,2048,64,4,0,[16; 8; 8; 4; 2048; 64; 4; 0],0.12500023702159524,0.4473915783349419,tvm
16,1,4,2,2048,32,2,1,[16; 1; 4; 2; 2048; 32; 2; 1],0.16099640901666135,0.3473621161795343,tvm
32,8,8,8,2048,32,2,0,[32; 8; 8; 8; 2048; 32; 2; 0],0.12147593102417886,0.4603714732773036,tvm
7,7,8,4,256,64,4,1,[7; 7; 8; 4; 256; 64; 4; 1],0.13190998905338347,0.42395616688817317,tvm
14,14,4,4,2048,64,4,0,[14; 14; 4; 4; 2048; 64; 4; 0],0.1338336019543931,0.41786257349922296,tvm
14,1,32,4,4096,64,4,1,[14; 1; 32; 4; 4096; 64; 4; 1],0.15590054902713746,0.3587162051853883,tvm
28,14,2,2,2048,32,2,1,[28; 14; 2; 2; 2048; 32; 2; 1],0.14695235493127257,0.3805590822922721,tvm
14,14,64,4,128,32,2,1,[14; 14; 64; 4; 128; 32; 2; 1],0.11699889099691063,0.47798789250754536,tvm
28,2,32,2,512,32,2,1,[28; 2; 32; 2; 512; 32; 2; 1],0.165615868056193,0.33767327967848143,tvm
56,56,32,4,2048,32,2,1,[56; 56; 32; 4; 2048; 32; 2; 1],0.1353114260127768,0.4132988246539705,tvm
28,2,64,2,512,32,2,1,[28; 2; 64; 2; 512; 32; 2; 1],0.16424043697770685,0.34050112361138063,tvm
14,7,32,2,1024,128,8,1,[14; 7; 32; 2; 1024; 128; 8; 1],0.12906262499745935,0.4333094366741279,tvm
8,8,8,8,128,32,2,1,[8; 8; 8; 8; 128; 32; 2; 1],0.15497422392945737,0.3608603541630857,tvm
32,32,16,4,512,32,2,1,[32; 32; 16; 4; 512; 32; 2; 1],0.12128164002206177,0.46110898008272694,tvm
28,14,32,2,512,128,8,1,[28; 14; 32; 2; 512; 128; 8; 1],0.12130249105393887,0.46102971874226323,tvm
32,1,32,2,2048,64,4,1,[32; 1; 32; 2; 2048; 64; 4; 1],0.1350019130622968,0.41424637669784065,tvm
16,4,64,4,4096,64,4,1,[16; 4; 64; 4; 4096; 64; 4; 1],0.13912521197926253,0.40196922281541003,tvm
32,4,32,2,1024,128,8,1,[32; 4; 32; 2; 1024; 128; 8; 1],0.11971567291766405,0.46714061718381517,tvm
28,7,64,4,128,32,2,1,[28; 7; 64; 4; 128; 32; 2; 1],0.1303439229959622,0.4290499476148631,tvm
16,4,4,4,2048,32,2,0,[16; 4; 4; 4; 2048; 32; 2; 0],0.1261212460231036,0.4434150081508777,tvm
28,4,16,8,32,32,2,1,[28; 4; 16; 8; 32; 32; 2; 1],0.12271408701781183,0.45572643444933925,tvm
32,16,16,8,128,32,2,1,[32; 16; 16; 8; 128; 32; 2; 1],0.1254681219579652,0.4457232041145019,tvm
56,2,16,4,64,32,2,1,[56; 2; 16; 4; 64; 32; 2; 1],0.12304328801110387,0.45450714327697866,tvm
32,8,16,8,64,32,2,1,[32; 8; 16; 8; 64; 32; 2; 1],0.12455841596238315,0.4489785206502826,tvm
28,7,32,8,32,32,2,1,[28; 7; 32; 8; 32; 32; 2; 1],0.1199101849924773,0.4663828459345784,tvm
32,2,64,4,2048,64,4,0,[32; 2; 64; 4; 2048; 64; 4; 0],0.12149446795228869,0.4603012324420805,tvm
14,7,8,4,256,32,2,1,[14; 7; 8; 4; 256; 32; 2; 1],0.12849205895327032,0.43523353730110015,tvm
16,2,4,4,4096,64,4,0,[16; 2; 4; 4; 4096; 64; 4; 0],0.11928021092899144,0.4688460298466895,tvm
16,8,16,4,256,64,4,1,[16; 8; 16; 4; 256; 64; 4; 1],0.11669659591279924,0.4792260896378007,tvm
16,8,32,4,512,32,2,1,[16; 8; 32; 4; 512; 32; 2; 1],0.1222997970180586,0.4572702056494474,tvm
28,2,32,4,4096,64,4,0,[28; 2; 32; 4; 4096; 64; 4; 0],0.11865832295734435,0.47130325070780815,tvm
28,7,4,4,256,32,2,1,[28; 7; 4; 4; 256; 32; 2; 1],0.11413559201173484,0.48997908844756777,tvm
56,4,64,8,64,32,2,1,[56; 4; 64; 8; 64; 32; 2; 1],0.11554553906898946,0.4840001075242068,tvm
56,8,8,4,128,32,2,1,[56; 8; 8; 4; 128; 32; 2; 1],0.11570424702949822,0.48333621944815713,tvm
14,14,8,8,1024,32,2,1,[14; 14; 8; 8; 1024; 32; 2; 1],0.11622405401431024,0.48117451940239164,tvm
56,2,16,8,128,32,2,1,[56; 2; 16; 8; 128; 32; 2; 1],0.11571180704049766,0.48330464075943974,tvm
14,2,4,4,2048,32,2,1,[14; 2; 4; 4; 2048; 32; 2; 1],0.10435123706702143,0.5359213259485858,tvm
32,4,64,4,512,32,2,1,[32; 4; 64; 4; 512; 32; 2; 1],0.11489914695266634,0.48672296371679513,tvm
32,8,8,4,128,64,4,1,[32; 8; 8; 4; 128; 64; 4; 1],0.11129704304039478,0.5024756436074941,tvm
56,14,8,8,512,32,2,1,[56; 14; 8; 8; 512; 32; 2; 1],0.1066132930573076,0.5245504733004787,tvm
28,7,16,4,4096,64,4,1,[28; 7; 16; 4; 4096; 64; 4; 1],0.11370355309918523,0.4918408599294165,tvm
32,2,16,4,256,64,4,1,[32; 2; 16; 4; 256; 64; 4; 1],0.11228573694825172,0.49805126504274205,tvm
14,14,8,4,1024,64,4,1,[14; 14; 8; 4; 1024; 64; 4; 1],0.12829605001024902,0.43589848112132684,tvm
56,28,32,4,128,64,4,1,[56; 28; 32; 4; 128; 64; 4; 1],0.10407785000279546,0.5373290602354992,tvm
32,8,4,4,1024,32,2,1,[32; 8; 4; 4; 1024; 32; 2; 1],0.10267577902413905,0.5446664623814114,tvm
16,2,16,4,2048,64,4,1,[16; 2; 16; 4; 2048; 64; 4; 1],0.11451334098819643,0.48836277808974027,tvm
56,8,16,4,64,64,4,1,[56; 8; 16; 4; 64; 64; 4; 1],0.10616795311216265,0.5267507914959194,tvm
56,28,4,4,2048,64,4,1,[56; 28; 4; 4; 2048; 64; 4; 1],0.09564395452616736,0.5847108017478825,tvm
56,2,4,4,256,64,4,1,[56; 2; 4; 4; 256; 64; 4; 1],0.09772145096212626,0.5722802187516406,tvm
56,4,4,4,256,64,4,1,[56; 4; 4; 4; 256; 64; 4; 1],0.09720435901544988,0.5753245420243411,tvm
32,1,16,4,512,64,4,1,[32; 1; 16; 4; 512; 64; 4; 1],0.09994826052570716,0.5595300312300023,tvm
28,7,16,4,1024,64,4,1,[28; 7; 16; 4; 1024; 64; 4; 1],0.09847615548642352,0.5678943603870009,tvm
56,7,32,4,512,64,4,1,[56; 7; 32; 4; 512; 64; 4; 1],0.09431127505376935,0.5929731445306996,tvm
28,14,4,4,512,64,4,1,[28; 14; 4; 4; 512; 64; 4; 1],0.09467477595899254,0.5906964422873976,tvm
14,1,8,4,1024,32,2,0,[14; 1; 8; 4; 1024; 32; 2; 0],0.14670801407191902,0.3811928999728557,tvm
56,56,4,4,4096,32,2,0,[56; 56; 4; 4; 4096; 32; 2; 0],0.1610119129763916,0.34732866841680965,tvm
28,1,8,2,2048,32,2,1,[28; 1; 8; 2; 2048; 32; 2; 1],0.15359678503591567,0.3640965097040056,tvm
32,1,64,2,1024,64,4,1,[32; 1; 64; 2; 1024; 64; 4; 1],0.12249165202956647,0.45655399700082944,tvm
28,2,8,2,2048,128,8,1,[28; 2; 8; 2; 2048; 128; 8; 1],0.11810369091108441,0.4735165590670349,tvm
56,8,32,2,2048,64,4,1,[56; 8; 32; 2; 2048; 64; 4; 1],0.13135236001107842,0.4257559843509217,tvm
16,16,8,8,128,32,2,1,[16; 16; 8; 8; 128; 32; 2; 1],0.1702030620072037,0.3285725454866752,tvm
32,16,8,8,4096,32,2,0,[32; 16; 8; 8; 4096; 32; 2; 0],0.12008082901593298,0.4657200803128452,tvm
28,1,64,2,2048,64,4,1,[28; 1; 64; 2; 2048; 64; 4; 1],0.12599676800891757,0.4438530782740018,tvm
8,8,32,2,256,32,2,1,[8; 8; 32; 2; 256; 32; 2; 1],0.12329730996862054,0.4535707498206258,tvm
56,7,4,4,4096,32,2,1,[56; 7; 4; 4; 4096; 32; 2; 1],0.14224178402218968,0.39316192297341546,tvm
28,28,64,2,2048,64,4,1,[28; 28; 64; 2; 2048; 64; 4; 1],0.11470170598477125,0.48756078083754284,tvm
32,8,8,8,4096,32,2,0,[32; 8; 8; 8; 4096; 32; 2; 0],0.1202764130430296,0.46496276300928735,tvm
28,2,16,2,2048,128,8,1,[28; 2; 16; 2; 2048; 128; 8; 1],0.12039528205059469,0.46450369466996155,tvm
16,8,8,4,4096,64,4,0,[16; 8; 8; 4; 4096; 64; 4; 0],0.12304475402925164,0.4545017280463531,tvm
28,1,32,2,256,128,8,1,[28; 1; 32; 2; 256; 128; 8; 1],0.13231541495770216,0.42265712843216957,tvm
16,8,4,4,4096,32,2,0,[16; 8; 4; 4; 4096; 32; 2; 0],0.12278170394711196,0.4554754620234179,tvm
16,1,16,4,256,32,2,1,[16; 1; 16; 4; 256; 32; 2; 1],0.13660689699463546,0.4093794278595572,tvm
7,1,64,4,128,64,4,1,[7; 1; 64; 4; 128; 64; 4; 1],0.12276748800650239,0.45552820409888417,tvm
16,16,64,2,1024,32,2,1,[16; 16; 64; 2; 1024; 32; 2; 1],0.11032699805218726,0.5068936372843204,tvm
14,1,8,4,128,32,2,1,[14; 1; 8; 4; 128; 32; 2; 1],0.13170981302391738,0.42460050659382537,tvm
32,32,16,4,256,32,2,1,[32; 32; 16; 4; 256; 32; 2; 1],0.12927499692887068,0.43259759939583453,tvm
16,16,32,8,128,32,2,1,[16; 16; 32; 8; 128; 32; 2; 1],0.11743832193315029,0.4761993565027873,tvm
16,4,16,8,256,32,2,1,[16; 4; 16; 8; 256; 32; 2; 1],0.13012425508350134,0.42977424383675905,tvm
28,7,8,4,512,64,4,0,[28; 7; 8; 4; 512; 64; 4; 0],0.12403741595335305,0.45086438558478825,tvm
14,7,16,8,512,32,2,1,[14; 7; 16; 8; 512; 32; 2; 1],0.12380290206056088,0.451718436341475,tvm
32,2,32,2,2048,128,8,1,[32; 2; 32; 2; 2048; 128; 8; 1],0.13062878896016628,0.42811430603086065,tvm
28,4,64,4,2048,64,4,0,[28; 4; 64; 4; 2048; 64; 4; 0],0.12566363997757435,0.4450297106093172,tvm
28,4,32,4,256,32,2,1,[28; 4; 32; 4; 256; 32; 2; 1],0.12410193309187889,0.45062999374820334,tvm
8,2,8,4,2048,32,2,1,[8; 2; 8; 4; 2048; 32; 2; 1],0.1451717090094462,0.38522694066854585,tvm
8,8,4,4,2048,64,4,1,[8; 8; 4; 4; 2048; 64; 4; 1],0.1298931489000097,0.43053889914073185,tvm
8,1,8,4,128,64,4,1,[8; 1; 8; 4; 128; 64; 4; 1],0.1138256510021165,0.4913132746527711,tvm
32,1,32,4,64,64,4,1,[32; 1; 32; 4; 64; 64; 4; 1],0.12353955407161266,0.45268135985755314,tvm
32,2,32,4,1024,64,4,0,[32; 2; 32; 4; 1024; 64; 4; 0],0.11957866500597447,0.4676758461096653,tvm
16,16,8,8,256,32,2,1,[16; 16; 8; 8; 256; 32; 2; 1],0.13716520299203694,0.4077131233974843,tvm
28,14,32,8,256,32,2,1,[28; 14; 32; 8; 256; 32; 2; 1],0.1200222329935059,0.4659474493893081,tvm
16,4,64,4,256,64,4,1,[16; 4; 64; 4; 256; 64; 4; 1],0.1182742069941014,0.47283388960809003,tvm
32,4,8,8,256,32,2,1,[32; 4; 8; 8; 256; 32; 2; 1],0.1162325250916183,0.4811394511927892,tvm
8,1,16,4,128,64,4,1,[8; 1; 16; 4; 128; 64; 4; 1],0.11484026000835001,0.48697254194014455,tvm
8,8,4,4,256,32,2,1,[8; 8; 4; 4; 256; 32; 2; 1],0.10854050202760845,0.5152367299637922,tvm
14,14,32,4,512,32,2,1,[14; 14; 32; 4; 512; 32; 2; 1],0.10524280194658786,0.5313812659768935,tvm
56,4,16,8,64,32,2,1,[56; 4; 16; 8; 64; 32; 2; 1],0.11553815996740013,0.4840310192676833,tvm
56,8,8,8,64,32,2,1,[56; 8; 8; 8; 64; 32; 2; 1],0.10880688496399671,0.5139753183067243,tvm
56,2,8,4,128,32,2,1,[56; 2; 8; 4; 128; 32; 2; 1],0.11390582495369017,0.4909674580388663,tvm
56,7,32,8,1024,32,2,1,[56; 7; 32; 8; 1024; 32; 2; 1],0.12730026489589363,0.4393082243706886,tvm
32,8,32,8,2048,32,2,1,[32; 8; 32; 8; 2048; 32; 2; 1],0.11116830504033715,0.5030575334673082,tvm
14,7,4,4,1024,32,2,1,[14; 7; 4; 4; 1024; 32; 2; 1],0.10766758199315518,0.5194140362220508,tvm
56,14,8,4,2048,32,2,1,[56; 14; 8; 4; 2048; 32; 2; 1],0.11708155192900449,0.477650427517773,tvm
32,16,64,4,2048,32,2,1,[32; 16; 64; 4; 2048; 32; 2; 1],0.10972782806493342,0.5096615354515107,tvm
32,8,16,4,4096,64,4,1,[32; 8; 16; 4; 4096; 64; 4; 1],0.11268058605492115,0.49630602121713885,tvm
14,1,64,4,1024,64,4,1,[14; 1; 64; 4; 1024; 64; 4; 1],0.1139926880132407,0.49059333811689343,tvm
28,7,64,4,256,64,4,1,[28; 7; 64; 4; 256; 64; 4; 1],0.105052568949759,0.5323435104198052,tvm
32,8,8,4,512,32,2,1,[32; 8; 8; 4; 512; 32; 2; 1],0.11160487099550664,0.5010897179889658,tvm
16,2,16,4,512,64,4,1,[16; 2; 16; 4; 512; 64; 4; 1],0.11016227502841502,0.5076515832566857,tvm
28,14,4,4,1024,32,2,1,[28; 14; 4; 4; 1024; 32; 2; 1],0.1016642089234665,0.5500859538034013,tvm
16,2,4,4,512,64,4,1,[16; 2; 4; 4; 512; 64; 4; 1],0.10202517895959318,0.5481397229940849,tvm
56,28,32,4,128,64,4,1,[56; 28; 32; 4; 128; 64; 4; 1],0.10370026796590537,0.539285523849563,tvm
56,4,8,4,64,64,4,1,[56; 4; 8; 4; 64; 64; 4; 1],0.10752882692031562,0.5200842874885627,tvm
56,28,64,4,2048,64,4,1,[56; 28; 64; 4; 2048; 64; 4; 1],0.09261034149676561,0.6038640224135926,tvm
32,1,16,4,512,64,4,1,[32; 1; 16; 4; 512; 64; 4; 1],0.10137864004354924,0.5516354659059347,tvm
56,2,16,4,2048,64,4,1,[56; 2; 16; 4; 2048; 64; 4; 1],0.10098712495528162,0.5537740910843557,tvm
28,1,16,4,2048,64,4,1,[28; 1; 16; 4; 2048; 64; 4; 1],0.09622630197554827,0.5811722178364913,tvm
28,2,32,4,1024,64,4,1,[28; 2; 32; 4; 1024; 64; 4; 1],0.09945494047133252,0.5623054326743397,tvm
56,2,4,4,1024,64,4,1,[56; 2; 4; 4; 1024; 64; 4; 1],0.09439070749795064,0.5924741408951462,tvm
7,7,64,2,256,128,8,1,[7; 7; 64; 2; 256; 128; 8; 1],0.1303799489978701,0.42893139446040834,tvm
32,8,64,2,256,128,8,1,[32; 8; 64; 2; 256; 128; 8; 1],0.13782111299224198,0.4057727594790308,tvm
14,1,8,4,64,64,4,1,[14; 1; 8; 4; 64; 64; 4; 1],0.1406154299620539,0.3977092225826486,tvm
56,2,8,8,1024,32,2,0,[56; 2; 8; 8; 1024; 32; 2; 0],0.18505638500209898,0.3022000744945873,tvm
56,28,64,2,4096,128,8,1,[56; 28; 64; 2; 4096; 128; 8; 1],0.12138739600777626,0.4607072494557075,tvm
16,4,64,4,128,32,2,1,[16; 4; 64; 4; 128; 32; 2; 1],0.131759915035218,0.42443905127280507,tvm
16,8,8,4,4096,64,4,0,[16; 8; 8; 4; 4096; 64; 4; 0],0.12319583899807185,0.4539443360112886,tvm
56,56,32,4,2048,32,2,1,[56; 56; 32; 4; 2048; 32; 2; 1],0.13430720590986311,0.41638907573481465,tvm
8,1,32,4,1024,64,4,1,[8; 1; 32; 4; 1024; 64; 4; 1],0.13415684399660677,0.41685576126662477,tvm
28,4,64,2,4096,128,8,1,[28; 4; 64; 2; 4096; 128; 8; 1],0.14488791697658598,0.3859814848630249,tvm
56,4,64,2,2048,64,4,1,[56; 4; 64; 2; 2048; 64; 4; 1],0.13110223901458085,0.42656825507849344,tvm
14,7,64,2,512,128,8,1,[14; 7; 64; 2; 512; 128; 8; 1],0.13827685895375907,0.404435375206453,tvm
8,2,64,2,1024,128,8,1,[8; 2; 64; 2; 1024; 128; 8; 1],0.11622220592107624,0.48118217074033204,tvm
56,8,64,2,512,128,8,1,[56; 8; 64; 2; 512; 128; 8; 1],0.11756925203371793,0.47566904072243954,tvm
28,4,64,2,2048,64,4,1,[28; 4; 64; 2; 2048; 64; 4; 1],0.13276100403163582,0.42123855375488956,tvm
16,2,64,2,2048,128,8,1,[16; 2; 64; 2; 2048; 128; 8; 1],0.13509982894174755,0.41394614465016616,tvm
28,14,8,4,512,64,4,0,[28; 14; 8; 4; 512; 64; 4; 0],0.12338087905663997,0.45326353451948176,tvm
16,2,32,4,2048,32,2,1,[16; 2; 32; 4; 2048; 32; 2; 1],0.12564335693605244,0.44510155329419043,tvm
16,1,4,4,4096,32,2,0,[16; 1; 4; 4; 4096; 32; 2; 0],0.12487043999135494,0.4478566211283077,tvm
32,8,64,2,1024,128,8,1,[32; 8; 64; 2; 1024; 128; 8; 1],0.11769768001977354,0.475150005709016,tvm
28,28,8,8,32,32,2,1,[28; 28; 8; 8; 32; 32; 2; 1],0.12206983799114823,0.4581316257451624,tvm
32,1,16,8,128,32,2,1,[32; 1; 16; 8; 128; 32; 2; 1],0.12355392193421721,0.4526287183591672,tvm
14,14,16,4,256,32,2,1,[14; 14; 16; 4; 256; 32; 2; 1],0.11911672493442893,0.46948951429044294,tvm
16,4,4,4,1024,64,4,0,[16; 4; 4; 4; 1024; 64; 4; 0],0.12089542800094932,0.46258203687317434,tvm
28,1,16,8,128,32,2,1,[28; 1; 16; 8; 128; 32; 2; 1],0.1209353789454326,0.4624292231189592,tvm
28,2,32,8,128,32,2,1,[28; 2; 32; 8; 128; 32; 2; 1],0.12133208801969886,0.4609172581308729,tvm
16,1,4,4,4096,64,4,1,[16; 1; 4; 4; 4096; 64; 4; 1],0.11784570710733533,0.4745531653723883,tvm
32,8,64,4,2048,64,4,0,[32; 8; 64; 4; 2048; 64; 4; 0],0.12046985095366836,0.46421617434258494,tvm
8,8,8,8,2048,32,2,1,[8; 8; 8; 8; 2048; 32; 2; 1],0.1140198219800368,0.490476588738446,tvm
28,1,64,4,64,64,4,1,[28; 1; 64; 4; 64; 64; 4; 1],0.1225168959936127,0.456459926443524,tvm
16,16,64,8,256,32,2,1,[16; 16; 64; 8; 256; 32; 2; 1],0.11337135604117066,0.4932820360111472,tvm
28,7,8,4,1024,64,4,0,[28; 7; 8; 4; 1024; 64; 4; 0],0.11169343697838485,0.5006923848547689,tvm
28,1,4,4,64,64,4,1,[28; 1; 4; 4; 64; 64; 4; 1],0.12348417600151151,0.45288437064720577,tvm
16,4,8,4,256,64,4,1,[16; 4; 8; 4; 256; 64; 4; 1],0.11418894398957491,0.4897501577599231,tvm
56,2,32,4,512,32,2,1,[56; 2; 32; 4; 512; 32; 2; 1],0.11207493802066892,0.4989880371204826,tvm
14,2,8,4,1024,32,2,1,[14; 2; 8; 4; 1024; 32; 2; 1],0.11238029401283711,0.49763220344436165,tvm
8,1,4,4,256,32,2,1,[8; 1; 4; 4; 256; 32; 2; 1],0.11078377603553236,0.5048036394372085,tvm
56,7,16,8,64,32,2,1,[56; 7; 16; 8; 64; 32; 2; 1],0.11559560499154031,0.48379048093935795,tvm
14,14,32,8,512,32,2,1,[14; 14; 32; 8; 512; 32; 2; 1],0.11053905193693936,0.5059212319392521,tvm
56,1,4,4,128,32,2,1,[56; 1; 4; 4; 128; 32; 2; 1],0.11246522096917033,0.4972564215977808,tvm
56,8,16,8,128,32,2,1,[56; 8; 16; 8; 128; 32; 2; 1],0.11309539503417909,0.49448568013253114,tvm
32,16,16,8,512,32,2,1,[32; 16; 16; 8; 512; 32; 2; 1],0.11368699092417955,0.4919125124054903,tvm
28,14,8,4,128,64,4,1,[28; 14; 8; 4; 128; 64; 4; 1],0.11093209800310433,0.5041286907939698,tvm
14,1,64,4,2048,64,4,1,[14; 1; 64; 4; 2048; 64; 4; 1],0.11350601294543594,0.4926968350145192,tvm
32,8,4,4,4096,64,4,0,[32; 8; 4; 4; 4096; 64; 4; 0],0.11286213004495949,0.4955076898783991,tvm
56,4,4,4,512,32,2,1,[56; 4; 4; 4; 512; 32; 2; 1],0.10959013097453862,0.5103019116413532,tvm
28,2,8,4,128,64,4,1,[28; 2; 8; 4; 128; 64; 4; 1],0.11080662102904171,0.5046995641052532,tvm
28,28,8,8,512,32,2,1,[28; 28; 8; 8; 512; 32; 2; 1],0.1179462589789182,0.47414859799266074,tvm
32,1,8,4,256,64,4,1,[32; 1; 8; 4; 256; 64; 4; 1],0.10856058401986957,0.5151414193119825,tvm
32,2,16,4,256,64,4,1,[32; 2; 16; 4; 256; 64; 4; 1],0.10874667798634619,0.5142598778084508,tvm
14,14,32,4,2048,64,4,1,[14; 14; 32; 4; 2048; 64; 4; 1],0.1059794679749757,0.5276876210261627,tvm
14,7,4,4,512,64,4,1,[14; 7; 4; 4; 512; 64; 4; 1],0.10455056896898896,0.5348995599432953,tvm
28,1,4,4,1024,64,4,0,[28; 1; 4; 4; 1024; 64; 4; 0],0.10204289900138974,0.5480445369605943,tvm
28,14,4,4,4096,64,4,0,[28; 14; 4; 4; 4096; 64; 4; 0],0.0994998540263623,0.5620516118397155,tvm
32,1,8,4,1024,32,2,1,[32; 1; 8; 4; 1024; 32; 2; 1],0.10568339796736836,0.5291659277514987,tvm
28,1,16,4,4096,64,4,1,[28; 1; 16; 4; 4096; 64; 4; 1],0.10662835102993995,0.5244763966914441,tvm
28,7,4,4,512,32,2,1,[28; 7; 4; 4; 512; 32; 2; 1],0.10324254597071558,0.5416764262012292,tvm
16,16,32,4,512,64,4,1,[16; 16; 32; 4; 512; 64; 4; 1],0.09970303199952468,0.5609062453948235,tvm
56,2,4,4,64,64,4,1,[56; 2; 4; 4; 64; 64; 4; 1],0.1076090089045465,0.5196967605466956,tvm
28,28,32,4,2048,64,4,1,[28; 28; 32; 4; 2048; 64; 4; 1],0.11848759406711906,0.4719823520228989,tvm
56,8,16,4,512,64,4,1,[56; 8; 16; 4; 512; 64; 4; 1],0.0960005494998768,0.5825388877946486,tvm
28,14,32,4,2048,64,4,1,[28; 14; 32; 4; 2048; 64; 4; 1],0.09779837750829756,0.5718300728311013,tvm
56,14,32,4,1024,64,4,1,[56; 14; 32; 4; 1024; 64; 4; 1],0.09146092500304803,0.6114529601736436,tvm
32,4,4,4,2048,64,4,1,[32; 4; 4; 4; 2048; 64; 4; 1],0.09760346548864618,0.5729720051778157,tvm
8,4,64,2,64,64,4,1,[8; 4; 64; 2; 64; 64; 4; 1],0.11665166297461838,0.47941068225921096,tvm
28,7,8,2,1024,32,2,1,[28; 7; 8; 2; 1024; 32; 2; 1],0.15813654800876975,0.35364407556330346,tvm
28,2,4,4,256,32,2,0,[28; 2; 4; 4; 256; 32; 2; 0],0.13166344491764903,0.4247500387697733,tvm
56,56,16,4,512,32,2,1,[56; 56; 16; 4; 512; 32; 2; 1],0.13561581901740283,0.4123711653885813,tvm
56,1,64,2,128,128,8,1,[56; 1; 64; 2; 128; 128; 8; 1],0.12873480201233178,0.43441285852116546,tvm
56,14,64,2,64,64,4,1,[56; 14; 64; 2; 64; 64; 4; 1],0.14922973199281842,0.3747514157301083,tvm
14,14,16,2,512,64,4,1,[14; 14; 16; 2; 512; 64; 4; 1],0.12174516799859703,0.45935337108391683,tvm
8,4,32,2,512,64,4,1,[8; 4; 32; 2; 512; 64; 4; 1],0.11039999197237194,0.5065584909401856,tvm
32,32,64,2,4096,64,4,1,[32; 32; 64; 2; 4096; 64; 4; 1],0.13543135696090758,0.41293282876487664,tvm
8,2,64,2,2048,64,4,1,[8; 2; 64; 2; 2048; 64; 4; 1],0.11309682100545615,0.4944794454535144,tvm
8,1,16,2,1024,128,8,1,[8; 1; 16; 2; 1024; 128; 8; 1],0.1326766830170527,0.4215062666749478,tvm
28,4,4,4,128,64,4,0,[28; 4; 4; 4; 128; 64; 4; 0],0.1379376109689474,0.40543005595423126,tvm
8,1,32,4,2048,64,4,1,[8; 1; 32; 4; 2048; 64; 4; 1],0.13390383892692626,0.4176433908205731,tvm
28,7,8,4,4096,32,2,1,[28; 7; 8; 4; 4096; 32; 2; 1],0.11472786602098495,0.48744960812837074,tvm
16,8,32,2,2048,32,2,1,[16; 8; 32; 2; 2048; 32; 2; 1],0.11335855803918093,0.49333772677316434,tvm
32,32,32,2,2048,64,4,1,[32; 32; 32; 2; 2048; 64; 4; 1],0.12792892509605736,0.43714940379075273,tvm
16,1,64,8,128,32,2,1,[16; 1; 64; 8; 128; 32; 2; 1],0.12936998903751373,0.43227995727136453,tvm
32,1,16,2,2048,128,8,1,[32; 1; 16; 2; 2048; 128; 8; 1],0.11703890794888139,0.47782446293636865,tvm
32,4,16,2,1024,128,8,1,[32; 4; 16; 2; 1024; 128; 8; 1],0.12117748300079256,0.4615053221807517,tvm
8,8,32,8,128,32,2,1,[8; 8; 32; 8; 128; 32; 2; 1],0.1231013669166714,0.45429270798584154,tvm
56,8,64,2,2048,64,4,1,[56; 8; 64; 2; 2048; 64; 4; 1],0.12712299497798085,0.4399208289815703,tvm
8,8,32,2,512,128,8,1,[8; 8; 32; 2; 512; 128; 8; 1],0.12769798701629043,0.43793997571942234,tvm
28,4,8,4,128,32,2,1,[28; 4; 8; 4; 128; 32; 2; 1],0.12703653099015355,0.4402202492263264,tvm
8,8,8,4,128,64,4,1,[8; 8; 8; 4; 128; 64; 4; 1],0.1280060140416026,0.43688613970244966,tvm
8,1,32,8,128,32,2,1,[8; 1; 32; 8; 128; 32; 2; 1],0.12807837699074298,0.4366393035834246,tvm
16,2,64,8,2048,32,2,1,[16; 2; 64; 8; 2048; 32; 2; 1],0.12788943899795413,0.4372843744683872,tvm
8,8,32,4,64,64,4,1,[8; 8; 32; 4; 64; 64; 4; 1],0.12849397992249578,0.4352270306131483,tvm
16,8,64,2,1024,32,2,1,[16; 8; 64; 2; 1024; 32; 2; 1],0.11085584398824722,0.5044754640022616,tvm
56,56,32,2,2048,128,8,1,[56; 56; 32; 2; 2048; 128; 8; 1],0.14307658199686557,0.39086797121389494,tvm
56,56,32,2,512,128,8,1,[56; 56; 32; 2; 512; 128; 8; 1],0.13619976106565446,0.4106031676984764,tvm
32,1,32,8,64,32,2,1,[32; 1; 32; 8; 64; 32; 2; 1],0.13316945498809218,0.41994655109412277,tvm
32,32,16,8,64,32,2,1,[32; 32; 16; 8; 64; 32; 2; 1],0.13762383500579745,0.40635441768482555,tvm
28,7,8,8,32,32,2,1,[28; 7; 8; 8; 32; 32; 2; 1],0.1189343819860369,0.470209307010137,tvm
28,28,16,4,2048,64,4,0,[28; 28; 16; 4; 2048; 64; 4; 0],0.12702483497560024,0.4402607832088551,tvm
28,14,32,8,64,32,2,1,[28; 14; 32; 8; 64; 32; 2; 1],0.12143714097328484,0.46051852740535254,tvm
14,7,8,4,256,32,2,1,[14; 7; 8; 4; 256; 32; 2; 1],0.12785598007030785,0.43739880842945916,tvm
32,2,64,4,1024,64,4,0,[32; 2; 64; 4; 1024; 64; 4; 0],0.12190645898226649,0.45874561364684135,tvm
28,1,32,8,256,32,2,1,[28; 1; 32; 8; 256; 32; 2; 1],0.11496191890910268,0.4864572013411762,tvm
56,8,16,4,256,32,2,1,[56; 8; 16; 4; 256; 32; 2; 1],0.1200482229469344,0.4658465736561029,tvm
28,4,8,8,256,32,2,1,[28; 4; 8; 8; 256; 32; 2; 1],0.10846793605014682,0.5155814277454175,tvm
56,7,64,4,128,32,2,1,[56; 7; 64; 4; 128; 32; 2; 1],0.11949210008606315,0.46801464944590077,tvm
28,14,64,4,64,64,4,1,[28; 14; 64; 4; 64; 64; 4; 1],0.12110675498843193,0.4617748476430995,tvm
32,32,16,4,64,64,4,1,[32; 32; 16; 4; 64; 64; 4; 1],0.1134646040154621,0.4928766448231946,tvm
28,1,8,4,1024,64,4,0,[28; 1; 8; 4; 1024; 64; 4; 0],0.11201559903565794,0.4992523703375547,tvm
56,56,32,8,128,32,2,1,[56; 56; 32; 8; 128; 32; 2; 1],0.1287533389404416,0.4343503150563151,tvm
32,32,32,4,64,64,4,1,[32; 32; 32; 4; 64; 64; 4; 1],0.1134083439828828,0.4931211529001269,tvm
56,1,64,8,512,32,2,1,[56; 1; 64; 8; 512; 32; 2; 1],0.10777141607832164,0.518913598506409,tvm
32,8,16,8,2048,32,2,1,[32; 8; 16; 8; 2048; 32; 2; 1],0.12911081593483686,0.4331477028350483,tvm
56,8,4,4,4096,64,4,0,[56; 8; 4; 4; 4096; 64; 4; 0],0.11039479693863541,0.5065823289155517,tvm
28,2,16,8,2048,32,2,1,[28; 2; 16; 8; 2048; 32; 2; 1],0.11631968698929995,0.48077891869222183,tvm
56,1,8,8,256,32,2,1,[56; 1; 8; 8; 256; 32; 2; 1],0.11212027596775442,0.4987862619016117,tvm
32,8,32,4,4096,64,4,1,[32; 8; 32; 4; 4096; 64; 4; 1],0.11548186093568802,0.48426699119853556,tvm
14,2,4,4,2048,32,2,1,[14; 2; 4; 4; 2048; 32; 2; 1],0.13026654801797122,0.4293047922450375,tvm
16,8,8,8,2048,32,2,1,[16; 8; 8; 8; 2048; 32; 2; 1],0.10658653301652521,0.5246821690378357,tvm
28,7,64,4,256,64,4,1,[28; 7; 64; 4; 256; 64; 4; 1],0.10512885998468846,0.5319571936904711,tvm
28,7,32,4,256,64,4,1,[28; 7; 32; 4; 256; 64; 4; 1],0.10638087603729218,0.5256964918556317,tvm
28,1,16,4,4096,64,4,1,[28; 1; 16; 4; 4096; 64; 4; 1],0.11480921902693808,0.487104204760871,tvm
28,7,4,4,4096,64,4,0,[28; 7; 4; 4; 4096; 64; 4; 0],0.10053623898420483,0.5562576628922783,tvm
16,2,8,4,512,64,4,1,[16; 2; 8; 4; 512; 64; 4; 1],0.10765996691770852,0.5194507757565977,tvm
28,4,4,4,512,32,2,1,[28; 4; 4; 4; 512; 32; 2; 1],0.10574662499129772,0.5288495338544897,tvm
56,14,4,4,256,64,4,1,[56; 14; 4; 4; 256; 64; 4; 1],0.09726092597702518,0.5749899332291328,tvm
28,2,32,4,512,64,4,1,[28; 2; 32; 4; 512; 64; 4; 1],0.10164708306547254,0.5501786342192598,tvm
32,2,16,4,2048,64,4,1,[32; 2; 16; 4; 2048; 64; 4; 1],0.10273577098269016,0.5443484075547155,tvm
32,8,64,4,2048,64,4,1,[32; 8; 64; 4; 2048; 64; 4; 1],0.10624054295476526,0.5263908841010394,tvm
56,56,32,4,2048,32,2,1,[56; 56; 32; 4; 2048; 32; 2; 1],0.1364309519995004,0.40990737449034387,tvm
7,7,32,2,256,64,4,1,[7; 7; 32; 2; 256; 64; 4; 1],0.11513668694533408,0.4857187992554068,tvm
16,8,32,2,128,64,4,1,[16; 8; 32; 2; 128; 64; 4; 1],0.15463245403952897,0.3616579306116255,tvm
16,2,8,4,1024,64,4,0,[16; 2; 8; 4; 1024; 64; 4; 0],0.1271893180673942,0.43969143150606943,tvm
14,7,32,2,256,64,4,1,[14; 7; 32; 2; 256; 64; 4; 1],0.11632256500888616,0.48076702339792077,tvm
32,4,64,2,512,64,4,1,[32; 4; 64; 2; 512; 64; 4; 1],0.13646104198414832,0.40981698893834934,tvm
28,7,64,2,2048,64,4,1,[28; 7; 64; 2; 2048; 64; 4; 1],0.13238484296016395,0.42243546982309366,tvm
14,7,32,4,128,32,2,1,[14; 7; 32; 4; 128; 32; 2; 1],0.13601543800905347,0.41115960182116174,tvm
56,1,32,2,1024,64,4,1,[56; 1; 32; 2; 1024; 64; 4; 1],0.11957513494417071,0.4676896526978131,tvm
8,4,16,2,256,32,2,1,[8; 4; 16; 2; 256; 32; 2; 1],0.12473226594738662,0.44835274103753303,tvm
16,1,16,2,1024,128,8,1,[16; 1; 16; 2; 1024; 128; 8; 1],0.1251436279853806,0.4468789520778992,tvm
28,7,32,2,1024,64,4,1,[28; 7; 32; 2; 1024; 64; 4; 1],0.13015661807730794,0.42966738195453597,tvm
8,8,16,4,2048,64,4,1,[8; 8; 16; 4; 2048; 64; 4; 1],0.12450872303452343,0.4491577133742418,tvm
32,4,8,8,4096,32,2,1,[32; 4; 8; 8; 4096; 32; 2; 1],0.123392996028997,0.4532190248479852,tvm
8,4,32,2,64,64,4,1,[8; 4; 32; 2; 64; 64; 4; 1],0.1127232980215922,0.4961179659826938,tvm
14,14,32,2,256,64,4,1,[14; 14; 32; 2; 256; 64; 4; 1],0.11491499200928956,0.48665585190844823,tvm
8,1,16,4,1024,64,4,1,[8; 1; 16; 4; 1024; 64; 4; 1],0.12394421407952905,0.45120342041500666,tvm
28,7,8,4,2048,32,2,0,[28; 7; 8; 4; 2048; 32; 2; 0],0.12575747608207166,0.44469764403379297,tvm
8,1,64,2,64,64,4,1,[8; 1; 64; 2; 64; 64; 4; 1],0.11954175098799169,0.467820262553717,tvm
28,14,64,2,1024,32,2,1,[28; 14; 64; 2; 1024; 32; 2; 1],0.16074524994473904,0.3479048578577525,tvm
16,4,32,8,256,32,2,1,[16; 4; 32; 8; 256; 32; 2; 1],0.12937526497989893,0.4322623288309575,tvm
8,1,16,8,128,32,2,1,[8; 1; 16; 8; 128; 32; 2; 1],0.1301692370325327,0.4296257288452605,tvm
16,2,16,4,4096,64,4,1,[16; 2; 16; 4; 4096; 64; 4; 1],0.13501613994594663,0.4142027268423048,tvm
32,32,16,4,4096,64,4,0,[32; 32; 16; 4; 4096; 64; 4; 0],0.15548048389609903,0.35968535684970593,tvm
16,8,8,8,1024,32,2,0,[16; 8; 8; 8; 1024; 32; 2; 0],0.11269920493941754,0.4962240271650169,tvm
8,2,8,4,2048,64,4,1,[8; 2; 8; 4; 2048; 64; 4; 1],0.11505984398536384,0.4860431875819955,tvm
28,7,4,4,512,32,2,0,[28; 7; 4; 4; 512; 32; 2; 0],0.11831841501407325,0.47265722184227627,tvm
28,14,4,4,4096,32,2,0,[28; 14; 4; 4; 4096; 32; 2; 0],0.10950688691809773,0.5106898288064748,tvm
56,56,4,4,512,64,4,1,[56; 56; 4; 4; 512; 64; 4; 1],0.11646237398963422,0.48018987950830266,tvm
14,1,64,2,2048,64,4,1,[14; 1; 64; 2; 2048; 64; 4; 1],0.13406303292140365,0.41714745754051086,tvm
56,2,4,4,32,32,2,1,[56; 2; 4; 4; 32; 32; 2; 1],0.12619166902732104,0.44316755427987514,tvm
28,14,64,4,2048,64,4,0,[28; 14; 64; 4; 2048; 64; 4; 0],0.12486728001385927,0.4478679548968009,tvm
28,1,32,8,128,32,2,1,[28; 1; 32; 8; 128; 32; 2; 1],0.12106023298110813,0.46195230222347644,tvm
14,14,8,8,256,32,2,1,[14; 14; 8; 8; 256; 32; 2; 1],0.13627730903681368,0.4103695158687506,tvm
28,1,4,4,1024,32,2,0,[28; 1; 4; 4; 1024; 32; 2; 0],0.11069982498884201,0.5051864656422916,tvm
28,28,64,8,32,32,2,1,[28; 28; 64; 8; 32; 32; 2; 1],0.12034196802414954,0.46470947958995334,tvm
8,4,8,4,256,64,4,1,[8; 4; 8; 4; 256; 64; 4; 1],0.11847463506273925,0.47203397844372574,tvm
32,1,4,4,64,64,4,1,[32; 1; 4; 4; 64; 64; 4; 1],0.12192850897554308,0.45866265242816023,tvm
8,1,8,4,256,64,4,1,[8; 1; 8; 4; 256; 64; 4; 1],0.1179378000088036,0.4741826058240769,tvm
32,4,8,4,256,32,2,1,[32; 4; 8; 4; 256; 32; 2; 1],0.12416948599275202,0.45038483397279844,tvm
56,7,64,4,128,32,2,1,[56; 7; 64; 4; 128; 32; 2; 1],0.11972830002196133,0.46709135035806393,tvm
8,2,4,4,256,64,4,1,[8; 2; 4; 4; 256; 64; 4; 1],0.11555579397827387,0.48395715531016864,tvm
8,4,8,4,512,32,2,1,[8; 4; 8; 4; 512; 32; 2; 1],0.11273402103688568,0.4960707763190264,tvm
56,8,16,4,512,32,2,1,[56; 8; 16; 4; 512; 32; 2; 1],0.12225425196811557,0.4574405587784265,tvm
56,1,16,8,64,32,2,1,[56; 1; 16; 8; 64; 32; 2; 1],0.11825462093111128,0.4729122032864293,tvm
28,28,4,4,64,64,4,1,[28; 28; 4; 4; 64; 64; 4; 1],0.10842283198144287,0.5157959104306096,tvm
32,1,16,8,2048,32,2,1,[32; 1; 16; 8; 2048; 32; 2; 1],0.13264462200459093,0.4216081473050431,tvm
28,28,8,4,1024,32,2,1,[28; 28; 8; 4; 1024; 32; 2; 1],0.1338206969667226,0.41790287004139615,tvm
28,14,64,4,1024,32,2,1,[28; 14; 64; 4; 1024; 32; 2; 1],0.11585000401828438,0.4827281087060381,tvm
16,16,64,8,512,32,2,1,[16; 16; 64; 8; 512; 32; 2; 1],0.10297902103047818,0.5430625847256965,tvm
14,14,8,4,2048,64,4,1,[14; 14; 8; 4; 2048; 64; 4; 1],0.13011112494859844,0.42981761440788885,tvm
16,4,4,4,1024,32,2,1,[16; 4; 4; 4; 1024; 32; 2; 1],0.10373928397893906,0.5390827002882237,tvm
14,7,64,4,512,64,4,1,[14; 7; 64; 4; 512; 64; 4; 1],0.11201987601816654,0.4992333085984133,tvm
28,4,4,4,512,32,2,1,[28; 4; 4; 4; 512; 32; 2; 1],0.10251407301984727,0.5455256208823752,tvm
28,2,8,4,4096,64,4,1,[28; 2; 8; 4; 4096; 64; 4; 1],0.1039095789892599,0.5381992100950929,tvm
28,1,8,4,1024,32,2,1,[28; 1; 8; 4; 1024; 32; 2; 1],0.10518434701953083,0.531676574680349,tvm
32,4,8,8,512,32,2,1,[32; 4; 8; 8; 512; 32; 2; 1],0.1093286219984293,0.5115225300666169,tvm
16,4,4,4,512,64,4,1,[16; 4; 4; 4; 512; 64; 4; 1],0.10067780304234475,0.5554755034713249,tvm
56,14,16,4,128,64,4,1,[56; 14; 16; 4; 128; 64; 4; 1],0.10212860500905663,0.5475846196897928,tvm
56,28,4,4,256,64,4,1,[56; 28; 4; 4; 256; 64; 4; 1],0.09591031953459606,0.5830869254184982,tvm
56,4,4,4,256,64,4,1,[56; 4; 4; 4; 256; 64; 4; 1],0.0964074595249258,0.5800801474171651,tvm
28,7,32,4,512,64,4,1,[28; 7; 32; 4; 512; 64; 4; 1],0.09663620998617262,0.5787070223608246,tvm
56,8,16,4,2048,64,4,1,[56; 8; 16; 4; 2048; 64; 4; 1],0.10040335694793612,0.5569938598998497,tvm
32,16,4,4,512,64,4,1,[32; 16; 4; 4; 512; 64; 4; 1],0.09843103552702814,0.5681546783887809,tvm
8,1,32,8,128,32,2,1,[8; 1; 32; 8; 128; 32; 2; 1],0.12835548794828355,0.43569662838153067,tvm
7,1,64,2,2048,64,4,1,[7; 1; 64; 2; 2048; 64; 4; 1],0.14187876996584237,0.39416787548128007,tvm
7,1,32,2,128,128,8,1,[7; 1; 32; 2; 128; 128; 8; 1],0.1332440689438954,0.4197113896070006,tvm
14,2,8,4,4096,64,4,1,[14; 2; 8; 4; 4096; 64; 4; 1],0.12057271506637335,0.46382013793541965,tvm
14,14,64,2,128,64,4,1,[14; 14; 64; 2; 128; 64; 4; 1],0.12085244106128812,0.4627465762563494,tvm
32,32,16,4,512,32,2,1,[32; 32; 16; 4; 512; 32; 2; 1],0.12141474592499435,0.46060347042097505,tvm
14,7,64,2,1024,32,2,1,[14; 7; 64; 2; 1024; 32; 2; 1],0.10740093095228076,0.5207036180922949,tvm
28,7,16,4,128,32,2,1,[28; 7; 16; 4; 128; 32; 2; 1],0.12975824298337102,0.4309865180626729,tvm
7,7,32,2,512,32,2,1,[7; 7; 32; 2; 512; 32; 2; 1],0.1201449939981103,0.4654713565029013,tvm
32,32,16,8,512,32,2,1,[32; 32; 16; 8; 512; 32; 2; 1],0.12799045105930418,0.4369392628159503,tvm
56,1,64,2,512,128,8,1,[56; 1; 64; 2; 512; 128; 8; 1],0.11556480801664293,0.48391940672180667,tvm
32,2,64,2,512,128,8,1,[32; 2; 64; 2; 512; 128; 8; 1],0.12697753007523715,0.44042480035796117,tvm
32,1,64,2,512,128,8,1,[32; 1; 64; 2; 512; 128; 8; 1],0.12473366898484528,0.4483476978467451,tvm
32,32,8,8,2048,32,2,1,[32; 32; 8; 8; 2048; 32; 2; 1],0.13066776597406715,0.42798660340173145,tvm
28,14,8,8,64,32,2,1,[28; 14; 8; 8; 64; 32; 2; 1],0.11514986795373261,0.485663199855372,tvm
8,2,64,4,256,32,2,1,[8; 2; 64; 4; 256; 32; 2; 1],0.10661326500121504,0.5245506113399302,tvm
32,32,8,4,256,64,4,1,[32; 32; 8; 4; 256; 64; 4; 1],0.15615497599355876,0.3581317404553291,tvm
28,1,64,8,64,32,2,1,[28; 1; 64; 8; 64; 32; 2; 1],0.12778679898474365,0.4376356069456756,tvm
16,4,64,8,2048,32,2,1,[16; 4; 64; 8; 2048; 32; 2; 1],0.12806131108663976,0.43669749168426025,tvm
28,14,64,2,1024,128,8,1,[28; 14; 64; 2; 1024; 128; 8; 1],0.12015267799142748,0.46544158872033914,tvm
56,56,32,4,64,32,2,1,[56; 56; 32; 4; 64; 32; 2; 1],0.12899801193270832,0.433526474520445,tvm
14,14,16,2,2048,32,2,1,[14; 14; 16; 2; 2048; 32; 2; 1],0.11708341399207711,0.4776428310940578,tvm
32,32,64,4,256,32,2,1,[32; 32; 64; 4; 256; 32; 2; 1],0.11610991298221052,0.481647534624383,tvm
56,4,16,4,64,32,2,1,[56; 4; 16; 4; 64; 32; 2; 1],0.12340656493324786,0.4531691921218563,tvm
8,1,64,4,128,32,2,1,[8; 1; 64; 4; 128; 32; 2; 1],0.11303298396524042,0.494758709993279,tvm
16,4,32,4,512,32,2,1,[16; 4; 32; 4; 512; 32; 2; 1],0.12462835304904729,0.4487265695577676,tvm
56,56,4,4,256,32,2,1,[56; 56; 4; 4; 256; 32; 2; 1],0.14697594998870045,0.3804979885323605,tvm
32,4,64,4,1024,64,4,0,[32; 4; 64; 4; 1024; 64; 4; 0],0.12282034696545452,0.45533215558382195,tvm
32,1,16,8,256,32,2,1,[32; 1; 16; 8; 256; 32; 2; 1],0.1277701100334525,0.43769276960543757,tvm
28,7,16,8,128,32,2,1,[28; 7; 16; 8; 128; 32; 2; 1],0.12136485008522868,0.46079283494405976,tvm
8,8,64,2,256,32,2,1,[8; 8; 64; 2; 256; 32; 2; 1],0.12618185090832412,0.44320203682829373,tvm
8,4,4,4,2048,64,4,1,[8; 4; 4; 4; 2048; 64; 4; 1],0.12807526800315827,0.4366499028676971,tvm
16,1,4,4,4096,64,4,1,[16; 1; 4; 4; 4096; 64; 4; 1],0.11134670791216195,0.5022515203363725,tvm
16,2,4,4,4096,64,4,1,[16; 2; 4; 4; 4096; 64; 4; 1],0.11086133995559067,0.5044504545564363,tvm
56,2,8,4,64,32,2,1,[56; 2; 8; 4; 64; 32; 2; 1],0.1188166489591822,0.47067522795181055,tvm
8,4,64,2,512,64,4,1,[8; 4; 64; 2; 512; 64; 4; 1],0.1056042549898848,0.5295625004758565,tvm
28,14,16,8,256,32,2,1,[28; 14; 16; 8; 256; 32; 2; 1],0.11520833394024521,0.48541673523670004,tvm
28,1,32,8,256,32,2,1,[28; 1; 32; 8; 256; 32; 2; 1],0.1171134659089148,0.47752026549046345,tvm
56,2,16,4,2048,32,2,1,[56; 2; 16; 4; 2048; 32; 2; 1],0.13138089806307107,0.42566350327797486,tvm
14,14,64,2,512,64,4,1,[14; 14; 64; 2; 512; 64; 4; 1],0.11068304697982967,0.5052630448773664,tvm
32,8,16,4,2048,64,4,0,[32; 8; 16; 4; 2048; 64; 4; 0],0.11460161104332656,0.48798662448288405,tvm
28,14,64,8,256,32,2,1,[28; 14; 64; 8; 256; 32; 2; 1],0.11654133500996977,0.47986453328811784,tvm
16,8,32,8,2048,32,2,1,[16; 8; 32; 8; 2048; 32; 2; 1],0.12035717896651477,0.46465074882564567,tvm
56,28,8,8,512,32,2,1,[56; 28; 8; 8; 512; 32; 2; 1],0.1094175549224019,0.511106772336434,tvm
56,14,16,8,32,32,2,1,[56; 14; 16; 8; 32; 32; 2; 1],0.11067832401022315,0.5052846059375432,tvm
28,28,16,8,1024,32,2,1,[28; 28; 16; 8; 1024; 32; 2; 1],0.12205575499683619,0.45818448572771475,tvm
56,8,32,4,2048,32,2,1,[56; 8; 32; 4; 2048; 32; 2; 1],0.1188070650678128,0.4707131962346932,tvm
56,2,32,4,1024,32,2,1,[56; 2; 32; 4; 1024; 32; 2; 1],0.10832556092645973,0.5162590699280954,tvm
56,2,32,4,512,32,2,1,[56; 2; 32; 4; 512; 32; 2; 1],0.10779329703655094,0.5188082642501454,tvm
56,4,16,8,64,32,2,1,[56; 4; 16; 8; 64; 32; 2; 1],0.1150382210034877,0.48613454594049954,tvm
56,28,64,4,2048,32,2,1,[56; 28; 64; 4; 2048; 32; 2; 1],0.11145535309333354,0.5017619323003905,tvm
56,14,8,4,256,32,2,1,[56; 14; 8; 4; 256; 32; 2; 1],0.11386576690711081,0.4911401806914887,tvm
56,7,4,4,4096,64,4,0,[56; 7; 4; 4; 4096; 64; 4; 0],0.11058140697423369,0.5057274533173923,tvm
28,14,4,4,128,64,4,1,[28; 14; 4; 4; 128; 64; 4; 1],0.11036586505360901,0.5067151270564394,tvm
32,8,16,4,256,64,4,1,[32; 8; 16; 4; 256; 64; 4; 1],0.10954145900905132,0.5105286513365901,tvm
16,8,8,4,2048,64,4,1,[16; 8; 8; 4; 2048; 64; 4; 1],0.1050633080303669,0.5322890967526871,tvm
28,4,4,4,4096,64,4,0,[28; 4; 4; 4; 4096; 64; 4; 0],0.09959343599621207,0.5615234856990008,tvm
56,28,4,4,128,64,4,1,[56; 28; 4; 4; 128; 64; 4; 1],0.09926649648696184,0.5633728932971728,tvm
56,14,64,4,256,64,4,1,[56; 14; 64; 4; 256; 64; 4; 1],0.09868083999026567,0.5667164298444353,tvm
56,28,64,4,2048,64,4,1,[56; 28; 64; 4; 2048; 64; 4; 1],0.09266371303237975,0.6035162147429991,tvm
28,2,32,4,512,64,4,1,[28; 2; 32; 4; 512; 64; 4; 1],0.09770038002170622,0.5724036418375099,tvm
28,1,64,4,512,64,4,1,[28; 1; 64; 4; 512; 64; 4; 1],0.09450627252226695,0.5917496462486854,tvm
28,7,8,4,1024,64,4,1,[28; 7; 8; 4; 1024; 64; 4; 1],0.09437030495610088,0.5926022318074319,tvm
32,16,8,4,2048,64,4,1,[32; 16; 8; 4; 2048; 64; 4; 1],0.0924167794873938,0.6051287833608366,tvm
7,1,16,2,1024,64,4,1,[7; 1; 16; 2; 1024; 64; 4; 1],0.12214157998096198,0.4578625341349779,tvm
16,4,4,2,2048,64,4,1,[16; 4; 4; 2; 2048; 64; 4; 1],0.13250099797733128,0.42206514808968465,tvm
8,8,8,4,128,32,2,1,[8; 8; 8; 4; 128; 32; 2; 1],0.11363099701702595,0.492154911964329,tvm
14,14,4,2,1024,32,2,1,[14; 14; 4; 2; 1024; 32; 2; 1],0.1440070659155026,0.38834242596225976,tvm
16,2,2,2,1024,64,4,1,[16; 2; 2; 2; 1024; 64; 4; 1],0.1348043659236282,0.41485342815244153,tvm
16,1,4,4,512,64,4,0,[16; 1; 4; 4; 512; 64; 4; 0],0.1399259699974209,0.39966886300208687,tvm
8,8,2,2,512,32,2,1,[8; 8; 2; 2; 512; 32; 2; 1],0.10075430909637362,0.5550537126887626,tvm
7,1,8,4,64,64,4,1,[7; 1; 8; 4; 64; 64; 4; 1],0.12856928701512516,0.4349721043934413,tvm
14,2,32,2,1024,128,8,1,[14; 2; 32; 2; 1024; 128; 8; 1],0.14401721209287643,0.3883150667940164,tvm
14,1,16,8,256,32,2,1,[14; 1; 16; 8; 256; 32; 2; 1],0.1320749579463154,0.42342662229780775,tvm
16,8,64,2,2048,128,8,1,[16; 8; 64; 2; 2048; 128; 8; 1],0.1381255070446059,0.4048785378595813,tvm
8,1,16,2,1024,32,2,1,[8; 1; 16; 2; 1024; 32; 2; 1],0.13699096802156419,0.4082316822852887,tvm
32,32,16,4,256,32,2,1,[32; 32; 16; 4; 256; 32; 2; 1],0.1289254609728232,0.43377043534575244,tvm
56,4,16,4,32,32,2,1,[56; 4; 16; 4; 32; 32; 2; 1],0.1285165089648217,0.43515073498176954,tvm
16,1,64,4,2048,32,2,1,[16; 1; 64; 4; 2048; 32; 2; 1],0.12956349703017622,0.4316343307738,tvm
32,4,32,2,512,128,8,1,[32; 4; 32; 2; 512; 128; 8; 1],0.13038759492337704,0.4289062419335014,tvm
32,2,8,8,32,32,2,1,[32; 2; 8; 8; 32; 32; 2; 1],0.123733184998855,0.4519729556290889,tvm
32,2,16,8,128,32,2,1,[32; 2; 16; 8; 128; 32; 2; 1],0.12389973399695009,0.4513654027272565,tvm
14,7,32,8,1024,32,2,1,[14; 7; 32; 8; 1024; 32; 2; 1],0.13294216990470886,0.42066451430286517,tvm
8,2,64,2,2048,64,4,1,[8; 2; 64; 2; 2048; 64; 4; 1],0.11493710498325527,0.4865622232392289,tvm
56,56,32,4,1024,64,4,1,[56; 56; 32; 4; 1024; 64; 4; 1],0.1257725099567324,0.4446444883112537,tvm
56,7,16,4,64,32,2,1,[56; 7; 16; 4; 64; 32; 2; 1],0.123802341055125,0.45172048328579056,tvm
32,8,32,8,128,32,2,1,[32; 8; 32; 8; 128; 32; 2; 1],0.1233202030416578,0.4534865492756453,tvm
32,32,32,4,256,32,2,1,[32; 32; 32; 4; 256; 32; 2; 1],0.11859719303902239,0.471546179975208,tvm
16,8,64,4,128,64,4,1,[16; 8; 64; 4; 128; 64; 4; 1],0.1240748519776389,0.4507283502011521,tvm
16,1,4,4,4096,32,2,1,[16; 1; 4; 4; 4096; 32; 2; 1],0.11243590293452144,0.497386082859151,tvm
28,4,16,8,128,32,2,1,[28; 4; 16; 8; 128; 32; 2; 1],0.11989977105986327,0.46642335376446803,tvm
8,2,16,2,1024,64,4,1,[8; 2; 16; 2; 1024; 64; 4; 1],0.1155521780019626,0.4839722997898273,tvm
8,1,64,2,512,32,2,1,[8; 1; 64; 2; 512; 32; 2; 1],0.11798534798435867,0.4739915107149338,tvm
28,2,4,4,512,32,2,0,[28; 2; 4; 4; 512; 32; 2; 0],0.11832538002636284,0.47262939971858514,tvm
14,1,32,4,128,64,4,1,[14; 1; 32; 4; 128; 64; 4; 1],0.12097571592312306,0.4622750351721136,tvm
8,2,64,4,64,64,4,1,[8; 2; 64; 4; 64; 64; 4; 1],0.11345073708798736,0.4929368884572439,tvm
28,14,64,4,256,32,2,1,[28; 14; 64; 4; 256; 32; 2; 1],0.12116843694821,0.4615397767096433,tvm
28,4,4,4,64,64,4,1,[28; 4; 4; 4; 64; 64; 4; 1],0.12305349600501359,0.45446943930024397,tvm
8,8,64,2,256,32,2,1,[8; 8; 64; 2; 256; 32; 2; 1],0.12706010707188398,0.44013856608584806,tvm
32,8,8,8,256,32,2,1,[32; 8; 8; 8; 256; 32; 2; 1],0.12232427508570254,0.45717870221713525,tvm
56,4,16,4,1024,32,2,1,[56; 4; 16; 4; 1024; 32; 2; 1],0.12371319206431508,0.45204599768357734,tvm
16,2,64,4,256,64,4,1,[16; 2; 64; 4; 256; 64; 4; 1],0.12139432493131608,0.46068095328982395,tvm
28,14,4,4,256,32,2,1,[28; 14; 4; 4; 256; 32; 2; 1],0.11562941200099885,0.48364903328272774,tvm
16,8,64,4,1024,32,2,1,[16; 8; 64; 4; 1024; 32; 2; 1],0.12188600795343518,0.4588225857286123,tvm
8,2,64,2,512,64,4,1,[8; 2; 64; 2; 512; 64; 4; 1],0.10552896000444889,0.5299403436836266,tvm
16,16,8,4,1024,32,2,1,[16; 16; 8; 4; 1024; 32; 2; 1],0.12524572398979217,0.4465146717335538,tvm
32,16,8,4,64,64,4,1,[32; 16; 8; 4; 64; 64; 4; 1],0.12294408795423806,0.4548738720494575,tvm
32,8,16,4,512,32,2,1,[32; 8; 16; 4; 512; 32; 2; 1],0.11734780599363148,0.4765666716970265,tvm
8,1,4,4,1024,32,2,1,[8; 1; 4; 4; 1024; 32; 2; 1],0.11239676701370627,0.4975592698899752,tvm
56,8,8,4,128,32,2,1,[56; 8; 8; 4; 128; 32; 2; 1],0.11440090090036392,0.48884277040824803,tvm
56,8,32,8,512,32,2,1,[56; 8; 32; 8; 512; 32; 2; 1],0.11036674305796623,0.5067110959681143,tvm
32,8,32,4,2048,32,2,1,[32; 8; 32; 4; 2048; 32; 2; 1],0.11174955102615058,0.5004409666061791,tvm
28,4,64,8,2048,32,2,1,[28; 4; 64; 8; 2048; 32; 2; 1],0.11492203606758267,0.4866260227102646,tvm
32,8,64,4,1024,32,2,1,[32; 8; 64; 4; 1024; 32; 2; 1],0.1104545840062201,0.5063081250678021,tvm
56,14,64,8,512,32,2,1,[56; 14; 64; 8; 512; 32; 2; 1],0.10334893595427275,0.5411188109191295,tvm
56,14,8,8,256,32,2,1,[56; 14; 8; 8; 256; 32; 2; 1],0.10820202704053372,0.5168484811507602,tvm
28,2,4,4,512,64,4,0,[28; 2; 4; 4; 512; 64; 4; 0],0.11491811403539032,0.4866426307354026,tvm
28,14,64,4,256,64,4,1,[28; 14; 64; 4; 256; 64; 4; 1],0.1057205640245229,0.528979899505277,tvm
32,16,8,8,2048,32,2,1,[32; 16; 8; 8; 2048; 32; 2; 1],0.09806646348442882,0.5702668511362506,tvm
28,1,32,4,4096,64,4,1,[28; 1; 32; 4; 4096; 64; 4; 1],0.11313822690863162,0.4942984777240374,tvm
32,2,4,4,1024,32,2,1,[32; 2; 4; 4; 1024; 32; 2; 1],0.10218377504497766,0.5472889733102693,tvm
28,2,4,4,2048,32,2,1,[28; 2; 4; 4; 2048; 32; 2; 1],0.09732388349948451,0.5746179799085961,tvm
16,16,64,4,512,64,4,1,[16; 16; 64; 4; 512; 64; 4; 1],0.09862474451074377,0.5670387650762553,tvm
56,14,4,4,64,64,4,1,[56; 14; 4; 4; 64; 64; 4; 1],0.10597062308806926,0.5277316647167055,tvm
28,4,32,4,512,64,4,1,[28; 4; 32; 4; 512; 64; 4; 1],0.09753901598742232,0.5733505999337204,tvm
28,7,32,4,512,64,4,1,[28; 7; 32; 4; 512; 64; 4; 1],0.09793112950865179,0.571054920063928,tvm
28,7,32,4,1024,64,4,1,[28; 7; 32; 4; 1024; 64; 4; 1],0.09854710201034322,0.567485519030927,tvm
56,14,64,4,512,64,4,1,[56; 14; 64; 4; 512; 64; 4; 1],0.09185478946892545,0.6088311089347441,tvm
8,2,4,2,2048,32,2,1,[8; 2; 4; 2; 2048; 32; 2; 1],0.12249809806235135,0.45652997244796467,tvm
14,14,8,8,4096,32,2,1,[14; 14; 8; 8; 4096; 32; 2; 1],0.118603699025698,0.471520313385978,tvm
16,16,64,2,256,128,8,1,[16; 16; 64; 2; 256; 128; 8; 1],0.11368975404184312,0.49190055695564866,tvm
16,1,4,4,2048,32,2,0,[16; 1; 4; 4; 2048; 32; 2; 0],0.125075520016253,0.44712229320386804,tvm
16,16,32,4,4096,64,4,1,[16; 16; 32; 4; 4096; 64; 4; 1],0.14778883301187307,0.378405135175812,tvm
8,4,2,2,256,64,4,1,[8; 4; 2; 2; 256; 64; 4; 1],0.11043983802665025,0.5063757275688714,tvm
32,16,64,4,128,32,2,1,[32; 16; 64; 4; 128; 32; 2; 1],0.12908870493993163,0.43322189466039085,tvm
56,4,32,2,2048,128,8,1,[56; 4; 32; 2; 2048; 128; 8; 1],0.12035527802072465,0.4646580877300907,tvm
32,1,16,8,128,32,2,1,[32; 1; 16; 8; 128; 32; 2; 1],0.12570279999636114,0.4448910711213452,tvm
56,14,32,2,1024,128,8,1,[56; 14; 32; 2; 1024; 128; 8; 1],0.11477648606523871,0.4872431213963653,tvm
8,8,16,2,64,64,4,1,[8; 8; 16; 2; 64; 64; 4; 1],0.11278584599494934,0.4958428324050313,tvm
8,1,4,2,512,32,2,1,[8; 1; 4; 2; 512; 32; 2; 1],0.1122170080197975,0.49835630373844153,tvm
7,1,16,2,512,64,4,1,[7; 1; 16; 2; 512; 64; 4; 1],0.11823644291143864,0.47298491020422123,tvm
8,8,32,4,128,64,4,1,[8; 8; 32; 4; 128; 64; 4; 1],0.12328700895886868,0.4536086470553508,tvm
14,7,32,4,128,64,4,1,[14; 7; 32; 4; 128; 64; 4; 1],0.12033953797072172,0.4647188636118871,tvm
56,4,64,4,64,32,2,1,[56; 4; 64; 4; 64; 32; 2; 1],0.12278451898600906,0.4554650194924469,tvm
14,7,64,2,256,64,4,1,[14; 7; 64; 2; 256; 64; 4; 1],0.11581163702066988,0.4828880307024077,tvm
16,8,16,2,2048,64,4,1,[16; 8; 16; 2; 2048; 64; 4; 1],0.1315382879693061,0.42515418283673395,tvm
32,16,32,4,1024,64,4,0,[32; 16; 32; 4; 1024; 64; 4; 0],0.11732067202683538,0.47667689220652887,tvm
28,4,16,8,32,32,2,1,[28; 4; 16; 8; 32; 32; 2; 1],0.12126419693231583,0.461175307700653,tvm
28,7,16,8,128,32,2,1,[28; 7; 16; 8; 128; 32; 2; 1],0.11994453996885568,0.4662492627663948,tvm
16,2,8,4,4096,64,4,1,[16; 2; 8; 4; 4096; 64; 4; 1],0.11578936595469713,0.48298090996727416,tvm
32,2,64,4,1024,64,4,0,[32; 2; 64; 4; 1024; 64; 4; 0],0.12163286004215479,0.45977750842947795,tvm
8,8,64,4,512,64,4,1,[8; 8; 64; 4; 512; 64; 4; 1],0.1068208240903914,0.5235313789192508,tvm
28,7,16,4,256,32,2,1,[28; 7; 16; 4; 256; 32; 2; 1],0.12662899703718722,0.4416370234450335,tvm
32,32,64,8,256,32,2,1,[32; 32; 64; 8; 256; 32; 2; 1],0.1105884819990024,0.5056950988244673,tvm
56,8,4,4,64,32,2,1,[56; 8; 4; 4; 64; 32; 2; 1],0.11905416799709201,0.46973620725902954,tvm
32,4,8,4,64,64,4,1,[32; 4; 8; 4; 64; 64; 4; 1],0.12126311101019382,0.46117943756722646,tvm
8,8,32,2,2048,64,4,1,[8; 8; 32; 2; 2048; 64; 4; 1],0.10812468104995787,0.5172182039315725,tvm
28,4,32,4,1024,64,4,0,[28; 4; 32; 4; 1024; 64; 4; 0],0.12089933000970632,0.46256710710343485,tvm
8,4,64,2,512,32,2,1,[8; 4; 64; 2; 512; 32; 2; 1],0.11860022891778499,0.4715341095344809,tvm
32,8,32,4,1024,64,4,0,[32; 8; 32; 4; 1024; 64; 4; 0],0.11729948199354112,0.4767630034070627,tvm
8,1,64,2,256,64,4,1,[8; 1; 64; 2; 256; 64; 4; 1],0.1112219070782885,0.5028150910410905,tvm
56,28,16,4,256,32,2,1,[56; 28; 16; 4; 256; 32; 2; 1],0.11998017400037497,0.46611078704685455,tvm
56,4,16,4,1024,32,2,1,[56; 4; 16; 4; 1024; 32; 2; 1],0.12699264497496188,0.4403723801828006,tvm
14,1,16,4,256,64,4,1,[14; 1; 16; 4; 256; 64; 4; 1],0.12378701590932906,0.45177640742463915,tvm
14,7,4,4,256,32,2,1,[14; 7; 4; 4; 256; 32; 2; 1],0.12702695303596556,0.4402534422556713,tvm
8,4,32,2,256,64,4,1,[8; 4; 32; 2; 256; 64; 4; 1],0.11117668997030705,0.5030195929404758,tvm
56,28,32,8,32,32,2,1,[56; 28; 32; 8; 32; 32; 2; 1],0.1164890700019896,0.48007983351895733,tvm
56,2,16,8,512,32,2,1,[56; 2; 16; 8; 512; 32; 2; 1],0.11905403004493564,0.4697367515591485,tvm
8,8,8,8,512,32,2,1,[8; 8; 8; 8; 512; 32; 2; 1],0.11506627697963268,0.4860160144334224,tvm
28,7,32,4,2048,32,2,1,[28; 7; 32; 4; 2048; 32; 2; 1],0.11672123800963163,0.479124915799116,tvm
28,2,32,8,2048,32,2,1,[28; 2; 32; 8; 2048; 32; 2; 1],0.11667479202151299,0.4793156462024961,tvm
32,2,32,8,2048,32,2,1,[32; 2; 32; 8; 2048; 32; 2; 1],0.11052555800415576,0.5059829992555259,tvm
32,4,64,8,2048,32,2,1,[32; 4; 64; 8; 2048; 32; 2; 1],0.1094603759702295,0.5109068266725421,tvm
56,8,8,4,256,32,2,1,[56; 8; 8; 4; 256; 32; 2; 1],0.11404067405965179,0.4903869062022632,tvm
32,16,32,8,1024,32,2,1,[32; 16; 32; 8; 1024; 32; 2; 1],0.10781012405641377,0.5187272885807086,tvm
56,28,16,4,4096,64,4,1,[56; 28; 16; 4; 4096; 64; 4; 1],0.112377839977853,0.49764307041632616,tvm
56,8,8,8,128,32,2,1,[56; 8; 8; 8; 128; 32; 2; 1],0.10850016702897847,0.5154282695103779,tvm
14,2,16,4,2048,64,4,1,[14; 2; 16; 4; 2048; 64; 4; 1],0.11030761001165956,0.5069827306332005,tvm
14,2,8,4,2048,64,4,1,[14; 2; 8; 4; 2048; 64; 4; 1],0.10565473593305796,0.5293094799722597,tvm
28,1,4,4,128,64,4,1,[28; 1; 4; 4; 128; 64; 4; 1],0.11157592409290373,0.5012197191104432,tvm
56,2,8,8,512,32,2,1,[56; 2; 8; 8; 512; 32; 2; 1],0.11737288895528764,0.47646482787551736,tvm
32,16,8,4,2048,32,2,1,[32; 16; 8; 4; 2048; 32; 2; 1],0.1055472840089351,0.5298483410392549,tvm
16,4,8,4,512,64,4,1,[16; 4; 8; 4; 512; 64; 4; 1],0.10373664600774646,0.5390964088925455,tvm
28,2,4,4,1024,32,2,1,[28; 2; 4; 4; 1024; 32; 2; 1],0.10066683194600046,0.5555360415368195,tvm
32,8,8,8,2048,32,2,1,[32; 8; 8; 8; 2048; 32; 2; 1],0.0964715899899602,0.5796945332729911,tvm
28,1,8,8,512,32,2,1,[28; 1; 8; 8; 512; 32; 2; 1],0.09423936950042844,0.593425588793642,tvm
56,14,8,4,128,64,4,1,[56; 14; 8; 4; 128; 64; 4; 1],0.09936026250943542,0.5628412397564136,tvm
56,8,16,4,256,64,4,1,[56; 8; 16; 4; 256; 64; 4; 1],0.10344685695599765,0.540606597232058,tvm
28,28,64,4,1024,64,4,1,[28; 28; 64; 4; 1024; 64; 4; 1],0.09730194503208622,0.5747475378307376,tvm
56,28,8,4,512,64,4,1,[56; 28; 8; 4; 512; 64; 4; 1],0.09623965149512514,0.5810916027284874,tvm
56,14,4,4,256,64,4,1,[56; 14; 4; 4; 256; 64; 4; 1],0.09544451499823481,0.585932605287665,tvm
28,2,8,4,1024,64,4,1,[28; 2; 8; 4; 1024; 64; 4; 1],0.09664088749559596,0.5786790123991965,tvm
16,4,32,8,512,32,2,1,[16; 4; 32; 8; 512; 32; 2; 1],0.12349910801276565,0.45282961337301864,tvm
16,2,4,2,1024,32,2,1,[16; 2; 4; 2; 1024; 32; 2; 1],0.1574703250080347,0.3551402674153361,tvm
16,4,32,4,512,32,2,1,[16; 4; 32; 4; 512; 32; 2; 1],0.12403548194561154,0.4508714156313396,tvm
14,7,16,2,512,32,2,1,[14; 7; 16; 2; 512; 32; 2; 1],0.11650036706123501,0.48003328010064117,tvm
28,2,16,2,2048,128,8,1,[28; 2; 16; 2; 2048; 128; 8; 1],0.12531785608734936,0.4462576609541821,tvm
56,1,32,4,64,32,2,1,[56; 1; 32; 4; 64; 32; 2; 1],0.12573276297189295,0.4447850505427526,tvm
32,1,64,8,128,32,2,1,[32; 1; 64; 8; 128; 32; 2; 1],0.12955725495703518,0.43165512693117275,tvm
32,2,16,4,256,32,2,1,[32; 2; 16; 4; 256; 32; 2; 1],0.1235261979745701,0.45273030539518605,tvm
8,2,8,4,1024,64,4,1,[8; 2; 8; 4; 1024; 64; 4; 1],0.1149220410734415,0.4866260015134502,tvm
14,7,16,2,256,64,4,1,[14; 7; 16; 2; 256; 64; 4; 1],0.12429476005490869,0.4499309006158282,tvm
8,8,32,2,128,32,2,1,[8; 8; 32; 2; 128; 32; 2; 1],0.12239064404275268,0.4569307872405534,tvm
16,1,64,2,512,64,4,1,[16; 1; 64; 2; 512; 64; 4; 1],0.1349726509070024,0.4143361855718875,tvm
14,1,64,4,128,64,4,1,[14; 1; 64; 4; 128; 64; 4; 1],0.12142067903187126,0.46058096346713756,tvm
32,32,32,4,256,32,2,1,[32; 32; 32; 4; 256; 32; 2; 1],0.11965715407859534,0.4673690742853562,tvm
7,7,16,2,128,64,4,1,[7; 7; 16; 2; 128; 64; 4; 1],0.12440340605098754,0.44953795967943594,tvm
8,8,64,4,256,64,4,1,[8; 8; 64; 4; 256; 64; 4; 1],0.12194939597975463,0.45858409452571247,tvm
56,1,4,4,64,32,2,1,[56; 1; 4; 4; 64; 32; 2; 1],0.1206661390606314,0.4634610319737921,tvm
32,2,8,4,256,32,2,1,[32; 2; 8; 4; 256; 32; 2; 1],0.12122957804240286,0.46130700309599854,tvm
32,4,4,4,64,64,4,1,[32; 4; 4; 4; 64; 64; 4; 1],0.1227228109491989,0.4556940384659466,tvm
8,8,64,2,256,32,2,1,[8; 8; 64; 2; 256; 32; 2; 1],0.12616701202932745,0.4432541631431663,tvm
56,14,16,8,2048,32,2,1,[56; 14; 16; 8; 2048; 32; 2; 1],0.12817625305615366,0.4363058834995993,tvm
8,8,2,2,256,32,2,1,[8; 8; 2; 2; 256; 32; 2; 1],0.10997598397079855,0.5085115069139332,tvm
16,16,8,4,2048,32,2,1,[16; 16; 8; 4; 2048; 32; 2; 1],0.12321206298656762,0.45388456274309835,tvm
32,1,32,4,2048,64,4,0,[32; 1; 32; 4; 2048; 64; 4; 0],0.11682489607483149,0.4786997909889988,tvm
8,4,2,2,256,32,2,1,[8; 4; 2; 2; 256; 32; 2; 1],0.11138802103232592,0.5020652383895358,tvm
8,4,8,4,256,64,4,1,[8; 4; 8; 4; 256; 64; 4; 1],0.12286175799090415,0.4551786841392386,tvm
32,32,4,4,1024,64,4,0,[32; 32; 4; 4; 1024; 64; 4; 0],0.11961659602820873,0.4675275437544216,tvm
28,7,8,8,256,32,2,1,[28; 7; 8; 8; 256; 32; 2; 1],0.10719515499658883,0.521703180849106,tvm
8,8,8,4,512,32,2,1,[8; 8; 8; 4; 512; 32; 2; 1],0.1100778590189293,0.5080408888014117,tvm
56,2,16,8,32,32,2,1,[56; 2; 16; 8; 32; 32; 2; 1],0.11786243505775928,0.4744858131085394,tvm
8,2,64,2,64,64,4,1,[8; 2; 64; 2; 64; 64; 4; 1],0.11723658500704914,0.47701878496350575,tvm
8,1,64,2,256,64,4,1,[8; 1; 64; 2; 256; 64; 4; 1],0.11110239895060658,0.503355947860278,tvm
8,2,16,2,128,64,4,1,[8; 2; 16; 2; 128; 64; 4; 1],0.12129265302792192,0.46106711278266344,tvm
8,4,4,2,512,64,4,1,[8; 4; 4; 2; 512; 64; 4; 1],0.13904297398403287,0.40220697048493387,tvm
14,1,8,4,512,32,2,1,[14; 1; 8; 4; 512; 32; 2; 1],0.1158868030179292,0.4825748219551898,tvm
56,4,32,8,64,32,2,1,[56; 4; 32; 8; 64; 32; 2; 1],0.11449230008292943,0.4884525273125463,tvm
28,4,64,4,2048,32,2,1,[28; 4; 64; 4; 2048; 32; 2; 1],0.11607102502603084,0.4818089038223919,tvm
56,4,16,8,128,32,2,1,[56; 4; 16; 8; 128; 32; 2; 1],0.11519183102063835,0.4854862783048713,tvm
56,28,32,8,512,32,2,1,[56; 28; 32; 8; 512; 32; 2; 1],0.11208681296557188,0.4989351722446666,tvm
56,2,64,8,2048,32,2,1,[56; 2; 64; 8; 2048; 32; 2; 1],0.11446829698979855,0.4885549519297671,tvm
28,2,64,8,2048,32,2,1,[28; 2; 64; 8; 2048; 32; 2; 1],0.11415338597726077,0.489902711641627,tvm
56,28,4,4,1024,64,4,0,[56; 28; 4; 4; 1024; 64; 4; 0],0.10925406706519425,0.5118715928438824,tvm
56,2,64,8,1024,32,2,1,[56; 2; 64; 8; 1024; 32; 2; 1],0.11636399000417441,0.480595872755198,tvm
56,8,64,4,1024,32,2,1,[56; 8; 64; 4; 1024; 32; 2; 1],0.1095344009809196,0.5105615480845607,tvm
56,8,64,4,512,32,2,1,[56; 8; 64; 4; 512; 32; 2; 1],0.110479113063775,0.5061957123157814,tvm
8,1,4,4,512,32,2,1,[8; 1; 4; 4; 512; 32; 2; 1],0.10556274501141161,0.529770738031564,tvm
14,1,8,4,2048,64,4,1,[14; 1; 8; 4; 2048; 64; 4; 1],0.10670234391000122,0.5241126978476015,tvm
14,1,64,4,1024,64,4,1,[14; 1; 64; 4; 1024; 64; 4; 1],0.11500819795764983,0.4862614520221123,tvm
16,2,4,4,1024,32,2,1,[16; 2; 4; 4; 1024; 32; 2; 1],0.10358300001826137,0.5398960574947056,tvm
14,14,4,4,2048,64,4,1,[14; 14; 4; 4; 2048; 64; 4; 1],0.10382741095963866,0.5386251358523518,tvm
32,1,8,4,256,64,4,1,[32; 1; 8; 4; 256; 64; 4; 1],0.11153744405601174,0.5013926382000421,tvm
32,2,8,4,256,64,4,1,[32; 2; 8; 4; 256; 64; 4; 1],0.1107838669558987,0.5048032251446487,tvm
32,2,16,4,256,64,4,1,[32; 2; 16; 4; 256; 64; 4; 1],0.11007758195046335,0.5080421675550617,tvm
56,28,16,4,64,64,4,1,[56; 28; 16; 4; 64; 64; 4; 1],0.10576441593002528,0.5287605745427008,tvm
56,2,32,4,64,64,4,1,[56; 2; 32; 4; 64; 64; 4; 1],0.10684318304993212,0.5234218200631272,tvm
32,2,8,4,2048,32,2,1,[32; 2; 8; 4; 2048; 32; 2; 1],0.10474342596717179,0.5339146854988379,tvm
16,16,4,4,2048,64,4,1,[16; 16; 4; 4; 2048; 64; 4; 1],0.11572591110598296,0.4832457381313466,tvm
28,2,4,4,4096,64,4,1,[28; 2; 4; 4; 4096; 64; 4; 1],0.09985925600631163,0.5600287401480204,tvm
56,28,8,4,1024,64,4,1,[56; 28; 8; 4; 1024; 64; 4; 1],0.10284741804935038,0.5437574845729106,tvm
56,7,32,4,2048,64,4,1,[56; 7; 32; 4; 2048; 64; 4; 1],0.10005819506477565,0.5589152722286189,tvm
32,16,32,4,512,64,4,1,[32; 16; 32; 4; 512; 64; 4; 1],0.10127014899626374,0.5522264348144348,tvm
56,14,16,4,512,64,4,1,[56; 14; 16; 4; 512; 64; 4; 1],0.09738297201693058,0.5742693221933155,tvm
56,1,32,4,1024,64,4,1,[56; 1; 32; 4; 1024; 64; 4; 1],0.0955080350395292,0.5855429159461535,tvm
56,7,64,4,2048,64,4,1,[56; 7; 64; 4; 2048; 64; 4; 1],0.09505475603509694,0.5883351414071756,tvm
28,14,64,4,128,32,2,1,[28; 14; 64; 4; 128; 32; 2; 1],0.12908740201964974,0.43322626730701846,tvm
32,1,32,4,512,64,4,0,[32; 1; 32; 4; 512; 64; 4; 0],0.12817907507997006,0.43629627767592094,tvm
7,7,8,2,128,64,4,1,[7; 7; 8; 2; 128; 64; 4; 1],0.1299141300842166,0.43046936693553406,tvm
16,1,32,2,256,64,4,1,[16; 1; 32; 2; 256; 64; 4; 1],0.1461845050798729,0.38255800984363775,tvm
32,1,8,8,128,32,2,1,[32; 1; 8; 8; 128; 32; 2; 1],0.12645774602424353,0.4422350950539004,tvm
14,2,64,2,128,64,4,1,[14; 2; 64; 2; 128; 64; 4; 1],0.12207841593772173,0.45809943472614334,tvm
32,2,32,8,64,32,2,1,[32; 2; 32; 8; 64; 32; 2; 1],0.12588089797645807,0.44426163327649687,tvm
32,2,64,2,2048,128,8,1,[32; 2; 64; 2; 2048; 128; 8; 1],0.12068194500170648,0.4634003316116802,tvm
16,2,4,4,2048,32,2,0,[16; 2; 4; 4; 2048; 32; 2; 0],0.1254468479892239,0.4457987923151111,tvm
56,56,64,4,64,32,2,1,[56; 56; 64; 4; 64; 32; 2; 1],0.11939054797403514,0.4684127368734048,tvm
7,7,32,2,512,32,2,1,[7; 7; 32; 2; 512; 32; 2; 1],0.11964655597694218,0.467410473094694,tvm
28,4,8,8,2048,32,2,0,[28; 4; 8; 8; 2048; 32; 2; 0],0.11537254299037158,0.4847258445018454,tvm
16,1,16,8,512,32,2,1,[16; 1; 16; 8; 512; 32; 2; 1],0.11673517001327127,0.479067733631394,tvm
16,8,4,4,2048,64,4,0,[16; 8; 4; 4; 2048; 64; 4; 0],0.11778960400260985,0.4747791947080001,tvm
8,1,4,2,128,32,2,1,[8; 1; 4; 2; 128; 32; 2; 1],0.13104264508001506,0.4267622444524523,tvm
16,8,16,2,512,32,2,1,[16; 8; 16; 2; 512; 32; 2; 1],0.11947931500617415,0.46806473012038474,tvm
28,2,32,8,128,32,2,1,[28; 2; 32; 8; 128; 32; 2; 1],0.12128333700820804,0.4611025282850569,tvm
7,1,64,2,512,64,4,1,[7; 1; 64; 2; 512; 64; 4; 1],0.10726105503272265,0.5213826520377999,tvm
16,2,8,4,4096,32,2,1,[16; 2; 8; 4; 4096; 32; 2; 1],0.13608348602429032,0.4109540030694917,tvm
28,2,4,4,4096,32,2,1,[28; 2; 4; 4; 4096; 32; 2; 1],0.11539041402284056,0.48465077282991326,tvm
32,16,16,4,2048,64,4,0,[32; 16; 16; 4; 2048; 64; 4; 0],0.11431377602275461,0.4892153446335412,tvm
16,1,8,4,128,64,4,1,[16; 1; 8; 4; 128; 64; 4; 1],0.11650772800203413,0.4800029516699265,tvm
56,56,4,4,512,64,4,0,[56; 56; 4; 4; 512; 64; 4; 0],0.15417400689329952,0.362733345654285,tvm
16,8,64,4,256,64,4,1,[16; 8; 64; 4; 256; 64; 4; 1],0.12507536390330642,0.447122851280027,tvm
56,56,16,8,128,32,2,1,[56; 56; 16; 8; 128; 32; 2; 1],0.1459670449839905,0.38312794055306815,tvm
8,8,32,4,512,64,4,1,[8; 8; 32; 4; 512; 64; 4; 1],0.11223869596142322,0.498260006090543,tvm
28,4,32,8,256,32,2,1,[28; 4; 32; 8; 256; 32; 2; 1],0.11733757797628641,0.47660821279808097,tvm
32,2,32,4,2048,64,4,0,[32; 2; 32; 4; 2048; 64; 4; 0],0.11780322401318699,0.4747243023422954,tvm
8,2,4,2,512,32,2,1,[8; 2; 4; 2; 512; 32; 2; 1],0.11424159700982273,0.4895244359068691,tvm
28,1,4,4,2048,32,2,0,[28; 1; 4; 4; 2048; 32; 2; 0],0.10878898098599166,0.5140599059433645,tvm
16,16,32,4,256,32,2,1,[16; 16; 32; 4; 256; 32; 2; 1],0.11182290699798614,0.5001126766838613,tvm
8,2,64,2,2048,64,4,1,[8; 2; 64; 2; 2048; 64; 4; 1],0.11459292192012072,0.4880236265579851,tvm
8,1,16,2,256,64,4,1,[8; 1; 16; 2; 256; 64; 4; 1],0.11442657897714525,0.48873307087598244,tvm
16,16,64,2,512,32,2,1,[16; 16; 64; 2; 512; 32; 2; 1],0.11395701498258859,0.49074691313981794,tvm
56,1,32,8,2048,32,2,1,[56; 1; 32; 8; 2048; 32; 2; 1],0.1390345839317888,0.4022312416942968,tvm
8,1,8,8,512,32,2,1,[8; 1; 8; 8; 512; 32; 2; 1],0.11508027499075979,0.4859568969384517,tvm
56,7,16,8,256,32,2,1,[56; 7; 16; 8; 256; 32; 2; 1],0.11653844197280705,0.4798764458030303,tvm
56,1,32,8,256,32,2,1,[56; 1; 32; 8; 256; 32; 2; 1],0.1151494081132114,0.4856651393149195,tvm
56,8,32,8,2048,32,2,1,[56; 8; 32; 8; 2048; 32; 2; 1],0.13458007096778601,0.4155448346190848,tvm
28,7,32,4,512,32,2,1,[28; 7; 32; 4; 512; 32; 2; 1],0.11780503299087286,0.47471701262259436,tvm
28,7,64,4,1024,32,2,1,[28; 7; 64; 4; 1024; 32; 2; 1],0.11691568302921951,0.4783280727133658,tvm
56,8,16,8,32,32,2,1,[56; 8; 16; 8; 32; 32; 2; 1],0.11158482602331787,0.5011797331802703,tvm
14,14,32,4,1024,32,2,1,[14; 14; 32; 4; 1024; 32; 2; 1],0.11362350999843329,0.4921873416347061,tvm
32,16,32,8,2048,32,2,1,[32; 16; 32; 8; 2048; 32; 2; 1],0.11653459002263844,0.47989230770425606,tvm
56,1,4,4,1024,64,4,0,[56; 1; 4; 4; 1024; 64; 4; 0],0.11170563299674541,0.5006377192720685,tvm
14,1,4,4,1024,32,2,1,[14; 1; 4; 4; 1024; 32; 2; 1],0.10812438908033073,0.5172196005822951,tvm
16,16,64,4,1024,32,2,1,[16; 16; 64; 4; 1024; 32; 2; 1],0.10503471200354397,0.5324340141137951,tvm
14,2,8,4,512,64,4,1,[14; 2; 8; 4; 512; 64; 4; 1],0.10749153303913772,0.5202647292505481,tvm
56,4,8,8,512,32,2,1,[56; 4; 8; 8; 512; 32; 2; 1],0.10889596992637962,0.5135548484589598,tvm
14,1,4,4,512,64,4,1,[14; 1; 4; 4; 512; 64; 4; 1],0.1053698540199548,0.5307405410540145,tvm
32,16,8,4,4096,64,4,1,[32; 16; 8; 4; 4096; 64; 4; 1],0.10353908303659409,0.54012505899408,tvm
32,16,4,4,4096,64,4,1,[32; 16; 4; 4; 4096; 64; 4; 1],0.10519171005580574,0.5316393592581089,tvm
16,1,4,4,2048,64,4,1,[16; 1; 4; 4; 2048; 64; 4; 1],0.09463636402506381,0.5909361999423628,tvm
28,2,4,4,4096,64,4,1,[28; 2; 4; 4; 4096; 64; 4; 1],0.09541933797299862,0.5860872074920337,tvm
28,7,8,8,2048,32,2,1,[28; 7; 8; 8; 2048; 32; 2; 1],0.08544385200366378,0.6545123144838478,tvm
28,1,8,8,1024,32,2,1,[28; 1; 8; 8; 1024; 32; 2; 1],0.09719009697437286,0.5754089673156662,tvm
56,1,64,4,256,64,4,1,[56; 1; 64; 4; 256; 64; 4; 1],0.09883006598101929,0.5658607305197365,tvm
56,1,4,4,128,64,4,1,[56; 1; 4; 4; 128; 64; 4; 1],0.10057107103057206,0.5560650071662584,tvm
56,8,8,4,128,64,4,1,[56; 8; 8; 4; 128; 64; 4; 1],0.09938976698322222,0.562674156815095,tvm
32,8,16,4,512,64,4,1,[32; 8; 16; 4; 512; 64; 4; 1],0.10132013203110546,0.5519540116288494,tvm
56,2,16,4,512,64,4,1,[56; 2; 16; 4; 512; 64; 4; 1],0.09619773301528767,0.5813448153133289,tvm
56,7,32,4,2048,64,4,1,[56; 7; 32; 4; 2048; 64; 4; 1],0.09850565152009949,0.5677243129742903,tvm
56,8,8,4,1024,64,4,1,[56; 8; 8; 4; 1024; 64; 4; 1],0.09629890049109235,0.5807340794976814,tvm
56,8,4,4,2048,64,4,1,[56; 8; 4; 4; 2048; 64; 4; 1],0.09574920800514519,0.5840680513026091,tvm
16,4,2,2,512,32,2,1,[16; 4; 2; 2; 512; 32; 2; 1],0.1384119049180299,0.40404077500741425,tvm
8,4,16,2,512,128,8,1,[8; 4; 16; 2; 512; 128; 8; 1],0.13949512701947242,0.40090327546371407,tvm
8,8,32,4,2048,64,4,1,[8; 8; 32; 4; 2048; 64; 4; 1],0.1278185920091346,0.4375267514238985,tvm
32,32,8,4,4096,64,4,1,[32; 32; 8; 4; 4096; 64; 4; 1],0.16125196998473257,0.3468115976420521,tvm
16,1,4,4,1024,32,2,0,[16; 1; 4; 4; 1024; 32; 2; 0],0.1293095990549773,0.4324818400338296,tvm
32,4,8,4,512,64,4,0,[32; 4; 8; 4; 512; 64; 4; 0],0.12423380697146058,0.4501516511216661,tvm
7,1,16,4,256,64,4,1,[7; 1; 16; 4; 256; 64; 4; 1],0.12950553302653134,0.43182752139150976,tvm
7,7,64,4,256,32,2,1,[7; 7; 64; 4; 256; 32; 2; 1],0.1151821679668501,0.48552700752627354,tvm
8,8,32,2,128,128,8,1,[8; 8; 32; 2; 128; 128; 8; 1],0.14461140101775527,0.38671953206833964,tvm
32,1,4,4,1024,32,2,0,[32; 1; 4; 4; 1024; 32; 2; 0],0.1273739489261061,0.43905409076840946,tvm
16,8,4,4,1024,32,2,0,[16; 8; 4; 4; 1024; 32; 2; 0],0.1273498369846493,0.43913721962655045,tvm
14,1,32,8,512,32,2,1,[14; 1; 32; 8; 512; 32; 2; 1],0.12428793602157384,0.44995560408715823,tvm
32,1,8,8,128,32,2,1,[32; 1; 8; 8; 128; 32; 2; 1],0.1242377000162378,0.4501375454151525,tvm
32,32,64,2,1024,128,8,1,[32; 32; 64; 2; 1024; 128; 8; 1],0.10421547992154956,0.5366194482377413,tvm
14,14,64,8,128,32,2,1,[14; 14; 64; 8; 128; 32; 2; 1],0.11908257997129112,0.46962413265496694,tvm
32,2,8,8,64,32,2,1,[32; 2; 8; 8; 64; 32; 2; 1],0.12222671299241483,0.45754362499140333,tvm
7,1,32,4,128,32,2,1,[7; 1; 32; 4; 128; 32; 2; 1],0.12179109395947307,0.45918015443676446,tvm
16,8,4,4,4096,32,2,0,[16; 8; 4; 4; 4096; 32; 2; 0],0.12266720505431294,0.45590060773433316,tvm
7,7,64,2,1024,64,4,1,[7; 7; 64; 2; 1024; 64; 4; 1],0.1301226889481768,0.4297794165290104,tvm
16,1,4,4,2048,64,4,0,[16; 1; 4; 4; 2048; 64; 4; 0],0.11986726406030357,0.46654984387729675,tvm
8,2,8,2,2048,32,2,1,[8; 2; 8; 2; 2048; 32; 2; 1],0.1322005649562925,0.4230243142442142,tvm
32,8,8,8,128,32,2,1,[32; 8; 8; 8; 128; 32; 2; 1],0.12244377902243286,0.45673250025293255,tvm
16,16,4,4,4096,64,4,0,[16; 16; 4; 4; 4096; 64; 4; 0],0.12671046203467995,0.4413530850990602,tvm
28,14,8,8,4096,32,2,0,[28; 14; 8; 8; 4096; 32; 2; 0],0.11460787197574973,0.4879599661807393,tvm
32,2,32,2,2048,128,8,1,[32; 2; 32; 2; 2048; 128; 8; 1],0.1163829390425235,0.4805176239182278,tvm
28,14,8,8,128,32,2,1,[28; 14; 8; 8; 128; 32; 2; 1],0.116288942983374,0.4809060251010182,tvm
32,16,16,8,32,32,2,1,[32; 16; 16; 8; 32; 32; 2; 1],0.11662266904022545,0.4795298700807819,tvm
28,7,16,8,64,32,2,1,[28; 7; 16; 8; 64; 32; 2; 1],0.12149896996561438,0.4602841764762326,tvm
8,1,4,4,64,64,4,1,[8; 1; 4; 4; 64; 64; 4; 1],0.11446958594024181,0.4885494507032476,tvm
16,4,4,4,4096,64,4,0,[16; 4; 4; 4; 4096; 64; 4; 0],0.12005452206358314,0.46582213124562605,tvm
28,4,32,4,64,64,4,1,[28; 4; 32; 4; 64; 64; 4; 1],0.1229691980406642,0.4547809876326918,tvm
16,8,64,8,256,32,2,1,[16; 8; 64; 8; 256; 32; 2; 1],0.12830304296221584,0.4358747231724075,tvm
16,16,16,2,2048,32,2,1,[16; 16; 16; 2; 2048; 32; 2; 1],0.1183154130121693,0.4726692145137614,tvm
8,2,2,2,128,64,4,1,[8; 2; 2; 2; 128; 64; 4; 1],0.1401759759755805,0.3989560475261156,tvm
16,16,32,4,256,64,4,1,[16; 16; 32; 4; 256; 64; 4; 1],0.11222160095348954,0.4983359073313449,tvm
32,8,32,4,64,64,4,1,[32; 8; 32; 4; 64; 64; 4; 1],0.12209351407364011,0.4580427859550591,tvm
8,1,8,2,256,32,2,1,[8; 1; 8; 2; 256; 32; 2; 1],0.12007345899473876,0.465748665871146,tvm
32,8,8,4,256,32,2,1,[32; 8; 8; 4; 256; 32; 2; 1],0.12450733396690339,0.44916272440785776,tvm
16,1,16,4,128,64,4,1,[16; 1; 16; 4; 128; 64; 4; 1],0.11649754596874118,0.4800449045367786,tvm
56,28,16,8,1024,32,2,1,[56; 28; 16; 8; 1024; 32; 2; 1],0.12305921700317413,0.45444831110773976,tvm
16,8,4,4,256,32,2,1,[16; 8; 4; 4; 256; 32; 2; 1],0.11761496204417199,0.4754841761742035,tvm
8,1,32,2,128,64,4,1,[8; 1; 32; 2; 128; 64; 4; 1],0.11890991206746548,0.47030606919971407,tvm
56,4,16,8,256,32,2,1,[56; 4; 16; 8; 256; 32; 2; 1],0.11802513804286718,0.4738317129781412,tvm
8,1,8,8,512,32,2,1,[8; 1; 8; 8; 512; 32; 2; 1],0.11583122704178095,0.482806361993914,tvm
32,1,64,4,512,32,2,1,[32; 1; 64; 4; 512; 32; 2; 1],0.11378253099974245,0.4914994669389093,tvm
8,2,32,2,512,64,4,1,[8; 2; 32; 2; 512; 64; 4; 1],0.11074729892425239,0.5049699078582819,tvm
56,2,4,4,1024,64,4,0,[56; 2; 4; 4; 1024; 64; 4; 0],0.11141980101820081,0.501922035601176,tvm
28,14,8,4,128,64,4,1,[28; 14; 8; 4; 128; 64; 4; 1],0.11026517010759562,0.5071778629531267,tvm
14,14,16,4,1024,64,4,1,[14; 14; 16; 4; 1024; 64; 4; 1],0.11283684195950627,0.4956187390763983,tvm
14,2,8,4,1024,64,4,1,[14; 2; 8; 4; 1024; 64; 4; 1],0.10541231604292989,0.5305267489859333,tvm
56,7,64,4,4096,64,4,1,[56; 7; 64; 4; 4096; 64; 4; 1],0.10045127698685974,0.5567281473250847,tvm
56,4,8,8,512,32,2,1,[56; 4; 8; 8; 512; 32; 2; 1],0.1127271190052852,0.49610114963295865,tvm
16,2,32,4,2048,64,4,1,[16; 2; 32; 4; 2048; 64; 4; 1],0.10906976705882698,0.5127365248994306,tvm
16,4,32,4,2048,64,4,1,[16; 4; 32; 4; 2048; 64; 4; 1],0.10878276301082224,0.5140892893828202,tvm
56,7,32,4,64,64,4,1,[56; 7; 32; 4; 64; 64; 4; 1],0.10658695001620799,0.5246801163259603,tvm
56,8,64,4,64,64,4,1,[56; 8; 64; 4; 64; 64; 4; 1],0.10743631597142667,0.5205321201464752,tvm
32,1,8,4,4096,64,4,1,[32; 1; 8; 4; 4096; 64; 4; 1],0.1049012599978596,0.5331113595248942,tvm
56,8,4,4,64,64,4,1,[56; 8; 4; 4; 64; 64; 4; 1],0.10531113808974624,0.5310364539567962,tvm
28,1,4,4,2048,32,2,1,[28; 1; 4; 4; 2048; 32; 2; 1],0.10169361298903823,0.5499268999259718,tvm
28,4,8,8,1024,32,2,1,[28; 4; 8; 8; 1024; 32; 2; 1],0.09116207354236394,0.6134574517696206,tvm
56,4,64,4,256,64,4,1,[56; 4; 64; 4; 256; 64; 4; 1],0.09963461599545553,0.5612914023363537,tvm
32,8,64,4,2048,64,4,1,[32; 8; 64; 4; 2048; 64; 4; 1],0.09516264748526737,0.5876681115034261,tvm
56,7,16,4,512,64,4,1,[56; 7; 16; 4; 512; 64; 4; 1],0.09704831097042188,0.5762496304585633,tvm
56,2,4,4,2048,64,4,1,[56; 2; 4; 4; 2048; 64; 4; 1],0.11239439400378615,0.4975697749787188,tvm
14,2,16,4,1024,32,2,1,[14; 2; 16; 4; 1024; 32; 2; 1],0.12426064000464976,0.4500544446836962,tvm
7,1,4,4,256,64,4,1,[7; 1; 4; 4; 256; 64; 4; 1],0.12323647190351039,0.4537946637836225,tvm
28,4,8,8,512,32,2,0,[28; 4; 8; 8; 512; 32; 2; 0],0.12889638799242675,0.4338682736138357,tvm
14,7,16,4,2048,32,2,1,[14; 7; 16; 4; 2048; 32; 2; 1],0.12473104405216873,0.4483571332084987,tvm
56,14,32,2,2048,128,8,1,[56; 14; 32; 2; 2048; 128; 8; 1],0.11958921502809972,0.46763458828785637,tvm
8,4,32,4,512,32,2,1,[8; 4; 32; 4; 512; 32; 2; 1],0.10686501499731094,0.5233148878025289,tvm
14,7,16,4,1024,32,2,1,[14; 7; 16; 4; 1024; 32; 2; 1],0.12354659498669207,0.4526555615665267,tvm
14,14,64,4,128,64,4,1,[14; 14; 64; 4; 128; 64; 4; 1],0.11360643804073334,0.4922613040053407,tvm
8,8,8,4,256,64,4,1,[8; 8; 8; 4; 256; 64; 4; 1],0.13232085201889277,0.4226397614591274,tvm
16,1,4,4,2048,64,4,0,[16; 1; 4; 4; 2048; 64; 4; 0],0.12106013402808458,0.46195267981745,tvm
56,56,64,4,64,32,2,1,[56; 56; 64; 4; 64; 32; 2; 1],0.12056184001266956,0.463861975957371,tvm
14,2,32,2,256,64,4,1,[14; 2; 32; 2; 256; 64; 4; 1],0.1155903619946912,0.4838124249139543,tvm
32,4,8,8,64,32,2,1,[32; 4; 8; 8; 64; 32; 2; 1],0.12385971494950354,0.45151123879247623,tvm
56,7,64,2,512,128,8,1,[56; 7; 64; 2; 512; 128; 8; 1],0.11739872500766069,0.4763599717942771,tvm
32,32,32,4,1024,32,2,1,[32; 32; 32; 4; 1024; 32; 2; 1],0.12463408906478435,0.4487059178830618,tvm
7,7,64,2,128,32,2,1,[7; 7; 64; 2; 128; 32; 2; 1],0.13226723100524396,0.4228110992292273,tvm
16,1,4,4,4096,64,4,0,[16; 1; 4; 4; 4096; 64; 4; 0],0.1194200610043481,0.46829697508944607,tvm
32,16,32,8,128,32,2,1,[32; 16; 32; 8; 128; 32; 2; 1],0.12136861495673656,0.4607785410855038,tvm
32,8,16,8,32,32,2,1,[32; 8; 16; 8; 32; 32; 2; 1],0.11831356002949178,0.47267661728201954,tvm
32,4,64,8,32,32,2,1,[32; 4; 64; 8; 32; 32; 2; 1],0.11971259594429284,0.46715262410111863,tvm
32,2,64,4,256,32,2,1,[32; 2; 64; 4; 256; 32; 2; 1],0.12440223491284996,0.44954219168579207,tvm
28,4,16,4,64,64,4,1,[28; 4; 16; 4; 64; 64; 4; 1],0.12351056898478419,0.4527875937501581,tvm
28,1,32,4,64,64,4,1,[28; 1; 32; 4; 64; 64; 4; 1],0.12411598896142095,0.45057896086793653,tvm
32,1,8,4,64,64,4,1,[32; 1; 8; 4; 64; 64; 4; 1],0.12313784495927393,0.4541581294672601,tvm
8,2,16,2,256,32,2,1,[8; 2; 16; 2; 256; 32; 2; 1],0.12375781196169555,0.45188301608501663,tvm
14,2,64,4,128,64,4,1,[14; 2; 64; 4; 128; 64; 4; 1],0.12505080993287265,0.44721064472395977,tvm
28,28,64,8,64,32,2,1,[28; 28; 64; 8; 64; 32; 2; 1],0.11467585398349911,0.48767069431530313,tvm
14,1,4,4,4096,64,4,1,[14; 1; 4; 4; 4096; 64; 4; 1],0.11482808692380786,0.487024166573817,tvm
8,1,8,2,1024,64,4,1,[8; 1; 8; 2; 1024; 64; 4; 1],0.13215376995503902,0.42317410507743863,tvm
8,2,4,4,1024,64,4,1,[8; 2; 4; 4; 1024; 64; 4; 1],0.11438171600457281,0.48892476251272166,tvm
16,2,4,4,128,64,4,1,[16; 2; 4; 4; 128; 64; 4; 1],0.11678234697319567,0.47887420301776634,tvm
56,8,16,8,1024,32,2,1,[56; 8; 16; 8; 1024; 32; 2; 1],0.13999580405652523,0.39946949631971274,tvm
8,4,16,4,64,64,4,1,[8; 4; 16; 4; 64; 64; 4; 1],0.11695964203681797,0.478148294227242,tvm
8,4,8,2,512,64,4,1,[8; 4; 8; 2; 512; 64; 4; 1],0.12374715798068792,0.4519219208416963,tvm
56,7,32,8,2048,32,2,1,[56; 7; 32; 8; 2048; 32; 2; 1],0.14584821905009449,0.3834400837909793,tvm
28,2,16,4,2048,32,2,1,[28; 2; 16; 4; 2048; 32; 2; 1],0.12320203008130193,0.45392152464069496,tvm
56,1,64,8,64,32,2,1,[56; 1; 64; 8; 64; 32; 2; 1],0.11859137995634228,0.47156929410823095,tvm
56,2,32,8,32,32,2,1,[56; 2; 32; 8; 32; 32; 2; 1],0.12061993300449103,0.4636385706767978,tvm
56,28,8,8,1024,32,2,1,[56; 28; 8; 8; 1024; 32; 2; 1],0.11330723902210593,0.49356116887132606,tvm
28,1,64,4,512,32,2,1,[28; 1; 64; 4; 512; 32; 2; 1],0.11424186103977263,0.4895233045430143,tvm
56,28,64,8,64,32,2,1,[56; 28; 64; 8; 64; 32; 2; 1],0.11453346000052989,0.4882769920080525,tvm
28,7,8,4,4096,64,4,0,[28; 7; 8; 4; 4096; 64; 4; 0],0.10886682104319334,0.513692351787743,tvm
28,1,64,8,1024,32,2,1,[28; 1; 64; 8; 1024; 32; 2; 1],0.11420988407917321,0.4896603633234174,tvm
32,16,8,4,128,64,4,1,[32; 16; 8; 4; 128; 64; 4; 1],0.11201529507525265,0.4992537250896243,tvm
16,1,8,4,2048,32,2,1,[16; 1; 8; 4; 2048; 32; 2; 1],0.1293863169848919,0.4322254055648206,tvm
56,7,64,8,2048,32,2,1,[56; 7; 64; 8; 2048; 32; 2; 1],0.14173968392424285,0.39455466376814885,tvm
56,4,8,4,256,32,2,1,[56; 4; 8; 4; 256; 32; 2; 1],0.11381230794358999,0.4913708749413251,tvm
56,14,8,4,2048,32,2,1,[56; 14; 8; 4; 2048; 32; 2; 1],0.1237142130266875,0.45204226713441126,tvm
32,4,64,4,128,64,4,1,[32; 4; 64; 4; 128; 64; 4; 1],0.11312711902428418,0.4943470125967631,tvm
14,2,8,4,1024,64,4,1,[14; 2; 8; 4; 1024; 64; 4; 1],0.10492130904458463,0.5330094891359896,tvm
32,8,64,4,256,64,4,1,[32; 8; 64; 4; 256; 64; 4; 1],0.11018756497651339,0.5075350684558064,tvm
16,16,64,4,2048,64,4,1,[16; 16; 64; 4; 2048; 64; 4; 1],0.097918244486209,0.5711300649513767,tvm
56,8,8,4,64,64,4,1,[56; 8; 8; 4; 64; 64; 4; 1],0.10600693803280592,0.5275508789436645,tvm
32,8,8,8,512,32,2,1,[32; 8; 8; 8; 512; 32; 2; 1],0.10738072195090353,0.5208016142683679,tvm
56,1,32,4,256,64,4,1,[56; 1; 32; 4; 256; 64; 4; 1],0.10218848590739071,0.5472637434320637,tvm
56,7,32,4,256,64,4,1,[56; 7; 32; 4; 256; 64; 4; 1],0.10178243194241077,0.5494470142448116,tvm
56,2,4,4,128,64,4,1,[56; 2; 4; 4; 128; 64; 4; 1],0.09923776454525068,0.5635360045603702,tvm
56,8,16,4,2048,64,4,1,[56; 8; 16; 4; 2048; 64; 4; 1],0.10062291997019202,0.5557784782025802,tvm
56,1,8,4,1024,64,4,1,[56; 1; 8; 4; 1024; 64; 4; 1],0.09825665148673579,0.5691630285292475,tvm
56,8,4,4,2048,64,4,1,[56; 8; 4; 4; 2048; 64; 4; 1],0.09754796948982403,0.5732979745843628,tvm
56,4,32,4,512,64,4,1,[56; 4; 32; 4; 512; 64; 4; 1],0.09502527344739065,0.5885176785552201,tvm
56,14,32,4,512,64,4,1,[56; 14; 32; 4; 512; 64; 4; 1],0.09438656450947747,0.5925001468584857,tvm
32,1,4,4,1024,64,4,1,[32; 1; 4; 4; 1024; 64; 4; 1],0.09451313503086567,0.5917066798712148,tvm
56,1,64,4,1024,64,4,1,[56; 1; 64; 4; 1024; 64; 4; 1],0.08901944645913318,0.6282228834011769,tvm
32,32,4,4,128,32,2,1,[32; 32; 4; 4; 128; 32; 2; 1],0.18385321402456611,0.3041777302074299,tvm
8,2,16,2,2048,32,2,1,[8; 2; 16; 2; 2048; 32; 2; 1],0.1362925280118361,0.41032369234853944,tvm
7,1,64,2,32,32,2,1,[7; 1; 64; 2; 32; 32; 2; 1],0.13795215194113553,0.4053873212300178,tvm
56,28,16,2,512,128,8,1,[56; 28; 16; 2; 512; 128; 8; 1],0.11724814597982913,0.47697174966804395,tvm
14,14,2,2,512,64,4,1,[14; 14; 2; 2; 512; 64; 4; 1],0.13228709890972823,0.4227475981727856,tvm
8,4,64,2,1024,128,8,1,[8; 4; 64; 2; 1024; 128; 8; 1],0.11533483897801489,0.4848843058080098,tvm
8,8,8,2,128,32,2,1,[8; 8; 8; 2; 128; 32; 2; 1],0.1210455090040341,0.46200849410670447,tvm
7,1,4,4,256,64,4,1,[7; 1; 4; 4; 256; 64; 4; 1],0.1223830949747935,0.45695897251864465,tvm
32,32,8,4,512,64,4,1,[32; 32; 8; 4; 512; 64; 4; 1],0.14400730095803738,0.3883417921264226,tvm
32,4,4,4,2048,32,2,0,[32; 4; 4; 4; 2048; 32; 2; 0],0.1245058219647035,0.44916817905260203,tvm
16,2,64,2,512,32,2,1,[16; 2; 64; 2; 512; 32; 2; 1],0.11408314004074782,0.4902043659857063,tvm
16,2,32,2,512,32,2,1,[16; 2; 32; 2; 512; 32; 2; 1],0.1112970809917897,0.5024754722674066,tvm
8,1,64,2,32,32,2,1,[8; 1; 64; 2; 32; 32; 2; 1],0.12812892498914152,0.43646704550180765,tvm
7,7,64,4,512,64,4,1,[7; 7; 64; 4; 512; 64; 4; 1],0.1137595740146935,0.4915986528405076,tvm
7,1,64,4,256,32,2,1,[7; 1; 64; 4; 256; 32; 2; 1],0.114372315001674,0.4889649504122987,tvm
14,1,32,2,128,64,4,1,[14; 1; 32; 2; 128; 64; 4; 1],0.15490423003211617,0.3610234098948663,tvm
7,1,64,4,128,64,4,1,[7; 1; 64; 4; 128; 64; 4; 1],0.12702173308935016,0.44027153443100164,tvm
28,28,8,8,2048,32,2,0,[28; 28; 8; 8; 2048; 32; 2; 0],0.11082393408287317,0.504620719307021,tvm
28,14,64,4,1024,64,4,0,[28; 14; 64; 4; 1024; 64; 4; 0],0.1262534400448203,0.4429507292116567,tvm
32,16,8,8,64,32,2,1,[32; 16; 8; 8; 64; 32; 2; 1],0.12001624202821404,0.46597070853282024,tvm
8,8,8,2,256,64,4,1,[8; 8; 8; 2; 256; 64; 4; 1],0.12570542702451348,0.44488177365984155,tvm
7,1,16,2,64,64,4,1,[7; 1; 16; 2; 64; 64; 4; 1],0.11495064897462726,0.4865048943366757,tvm
8,8,64,2,2048,32,2,1,[8; 8; 64; 2; 2048; 32; 2; 1],0.16444014199078083,0.3400876006083032,tvm
28,1,64,2,1024,128,8,1,[28; 1; 64; 2; 1024; 128; 8; 1],0.11989186494611204,0.4664541114484256,tvm
56,8,64,2,512,128,8,1,[56; 8; 64; 2; 512; 128; 8; 1],0.11894334899261594,0.4701738584542893,tvm
32,8,32,4,256,32,2,1,[32; 8; 32; 4; 256; 32; 2; 1],0.12466042500454932,0.44861112362878963,tvm
14,14,4,4,4096,64,4,1,[14; 14; 4; 4; 4096; 64; 4; 1],0.13251548097468913,0.4220190193779322,tvm
8,8,4,4,1024,64,4,1,[8; 8; 4; 4; 1024; 64; 4; 1],0.1156660309061408,0.4834959140139759,tvm
28,7,16,8,128,32,2,1,[28; 7; 16; 8; 128; 32; 2; 1],0.12090272502973676,0.4625541179454679,tvm
16,2,8,4,4096,64,4,1,[16; 2; 8; 4; 4096; 64; 4; 1],0.11568340403027833,0.4834233034731247,tvm
8,1,4,4,2048,64,4,1,[8; 1; 4; 4; 2048; 64; 4; 1],0.11378089792560786,0.4915065213310019,tvm
8,8,16,2,256,32,2,1,[8; 8; 16; 2; 256; 32; 2; 1],0.12446530000306666,0.4493144139929397,tvm
14,7,8,4,256,64,4,1,[14; 7; 8; 4; 256; 64; 4; 1],0.1190900889923796,0.4695945213116083,tvm
8,4,64,2,128,32,2,1,[8; 4; 64; 2; 128; 32; 2; 1],0.12492645892780274,0.44765579536399774,tvm
28,7,8,4,64,64,4,1,[28; 7; 8; 4; 64; 64; 4; 1],0.12304045201744884,0.45451761933874013,tvm
56,7,16,4,512,32,2,1,[56; 7; 16; 4; 512; 32; 2; 1],0.11978305294178426,0.4668778425651997,tvm
16,1,4,4,4096,32,2,1,[16; 1; 4; 4; 4096; 32; 2; 1],0.1342034109402448,0.41671111741141953,tvm
8,2,4,4,64,64,4,1,[8; 2; 4; 4; 64; 64; 4; 1],0.11406926694326103,0.4902639846116519,tvm
14,14,64,2,2048,64,4,1,[14; 14; 64; 2; 2048; 64; 4; 1],0.11502277897670865,0.4861998104276161,tvm
8,1,64,2,128,64,4,1,[8; 1; 64; 2; 128; 64; 4; 1],0.11280604696366936,0.495754038357043,tvm
16,1,8,4,2048,32,2,1,[16; 1; 8; 4; 2048; 32; 2; 1],0.11067116097547114,0.5053173097707739,tvm
28,28,16,8,512,32,2,1,[28; 28; 16; 8; 512; 32; 2; 1],0.11322991305496544,0.4938982272836861,tvm
28,14,8,4,2048,64,4,0,[28; 14; 8; 4; 2048; 64; 4; 0],0.10963865008670837,0.5100760843836135,tvm
32,8,8,4,4096,64,4,0,[32; 8; 8; 4; 4096; 64; 4; 0],0.11562162800692022,0.48368159398331734,tvm
56,28,8,4,128,32,2,1,[56; 28; 8; 4; 128; 32; 2; 1],0.11572664510458708,0.483242673135408,tvm
56,4,8,8,64,32,2,1,[56; 4; 8; 8; 64; 32; 2; 1],0.1113187160808593,0.5023778148205681,tvm
56,8,16,8,128,32,2,1,[56; 8; 16; 8; 128; 32; 2; 1],0.11469891492743045,0.4875726450308293,tvm
56,1,8,4,2048,32,2,1,[56; 1; 8; 4; 2048; 32; 2; 1],0.11830755195114762,0.4727006214821002,tvm
56,2,4,4,2048,64,4,0,[56; 2; 4; 4; 2048; 64; 4; 0],0.11277879506815225,0.4958738324836546,tvm
32,8,4,4,2048,64,4,0,[32; 8; 4; 4; 2048; 64; 4; 0],0.11284168006386608,0.49559748934685716,tvm
28,4,8,4,128,64,4,1,[28; 4; 8; 4; 128; 64; 4; 1],0.1092407600954175,0.5119339455756796,tvm
56,7,8,8,512,32,2,1,[56; 7; 8; 8; 512; 32; 2; 1],0.10744957393035293,0.5204678928702166,tvm
14,7,8,4,1024,64,4,1,[14; 7; 8; 4; 1024; 64; 4; 1],0.10477699793409556,0.533743612014055,tvm
16,16,16,4,512,64,4,1,[16; 16; 16; 4; 512; 64; 4; 1],0.10971642599906772,0.509714501033861,tvm
56,7,16,4,64,64,4,1,[56; 7; 16; 4; 64; 64; 4; 1],0.10467712092213333,0.5342528801010282,tvm
56,4,64,4,64,64,4,1,[56; 4; 64; 4; 64; 64; 4; 1],0.10797925002407283,0.5179148153081787,tvm
32,1,8,4,4096,64,4,1,[32; 1; 8; 4; 4096; 64; 4; 1],0.10546745802275836,0.5302493715290428,tvm
28,2,4,4,2048,64,4,0,[28; 2; 4; 4; 2048; 64; 4; 0],0.10139172710478306,0.551564263971347,tvm
56,28,16,4,256,64,4,1,[56; 28; 16; 4; 256; 64; 4; 1],0.10155856201890856,0.5506581840231372,tvm
32,4,8,8,2048,32,2,1,[32; 4; 8; 8; 2048; 32; 2; 1],0.10719858494121581,0.5216864883431087,tvm
28,1,4,4,4096,64,4,1,[28; 1; 4; 4; 4096; 64; 4; 1],0.0953250364982523,0.5866670015317398,tvm
56,14,32,4,128,64,4,1,[56; 14; 32; 4; 128; 64; 4; 1],0.10207079607062042,0.5478947503715047,tvm
28,28,16,4,1024,64,4,1,[28; 28; 16; 4; 1024; 64; 4; 1],0.11443448602221906,0.48869930103478504,tvm
32,2,16,4,2048,64,4,1,[32; 2; 16; 4; 2048; 64; 4; 1],0.09492200054228306,0.5891579719542671,tvm
32,8,4,4,4096,32,2,1,[32; 8; 4; 4; 4096; 32; 2; 1],0.12966271699406207,0.4313040373501844,tvm
8,4,16,4,1024,64,4,1,[8; 4; 16; 4; 1024; 64; 4; 1],0.11986415204592049,0.4665619568385098,tvm
16,2,64,8,512,32,2,1,[16; 2; 64; 8; 512; 32; 2; 1],0.12289720901753753,0.45504738293408215,tvm
28,7,8,4,4096,32,2,0,[28; 7; 8; 4; 4096; 32; 2; 0],0.12401922896970063,0.45093050326087936,tvm
32,16,8,8,128,32,2,1,[32; 16; 8; 8; 128; 32; 2; 1],0.12313692504540086,0.45416152232739293,tvm
56,14,16,8,2048,32,2,1,[56; 14; 16; 8; 2048; 32; 2; 1],0.13471461995504797,0.41512980070013383,tvm
14,14,4,4,4096,64,4,1,[14; 14; 4; 4; 4096; 64; 4; 1],0.13158946903422475,0.4249888212466926,tvm
8,1,64,2,256,128,8,1,[8; 1; 64; 2; 256; 128; 8; 1],0.12399848294444382,0.45100594785816456,tvm
28,28,8,8,128,32,2,1,[28; 28; 8; 8; 128; 32; 2; 1],0.17074273398611695,0.32753401581282227,tvm
56,2,64,4,64,32,2,1,[56; 2; 64; 4; 64; 32; 2; 1],0.12165262806229293,0.4597027965947197,tvm
28,28,64,2,512,128,8,1,[28; 28; 64; 2; 512; 128; 8; 1],0.1081078479764983,0.517298738066553,tvm
8,8,64,2,256,32,2,1,[8; 8; 64; 2; 256; 32; 2; 1],0.12607103202026337,0.4435916200348441,tvm
28,2,16,8,128,32,2,1,[28; 2; 16; 8; 128; 32; 2; 1],0.11876819701865315,0.4708672417124441,tvm
8,2,64,2,128,32,2,1,[8; 2; 64; 2; 128; 32; 2; 1],0.12431522307451814,0.44985683933343257,tvm
14,7,32,2,1024,64,4,1,[14; 7; 32; 2; 1024; 64; 4; 1],0.10832908295560628,0.5162422851511745,tvm
8,8,16,2,256,32,2,1,[8; 8; 16; 2; 256; 32; 2; 1],0.12456332496367395,0.44896082654860336,tvm
8,4,8,2,512,64,4,1,[8; 4; 8; 2; 512; 64; 4; 1],0.1254766290076077,0.4456929850254635,tvm
56,2,16,8,1024,32,2,1,[56; 2; 16; 8; 1024; 32; 2; 1],0.12672813900280744,0.44129152194126703,tvm
16,2,8,4,4096,64,4,1,[16; 2; 8; 4; 4096; 64; 4; 1],0.12219796096906066,0.4576512806747468,tvm
8,2,16,2,512,32,2,1,[8; 2; 16; 2; 512; 32; 2; 1],0.1217510150745511,0.45933131070069255,tvm
28,14,8,4,256,32,2,1,[28; 14; 8; 4; 256; 32; 2; 1],0.12020024203229696,0.46525741036616997,tvm
32,16,64,2,1024,128,8,1,[32; 16; 64; 2; 1024; 128; 8; 1],0.11853960796725005,0.47177525126271674,tvm
16,16,64,2,1024,128,8,1,[16; 16; 64; 2; 1024; 128; 8; 1],0.10496814106591046,0.532771684488707,tvm
8,1,32,2,2048,64,4,1,[8; 1; 32; 2; 2048; 64; 4; 1],0.10934757092036307,0.5114338879467415,tvm
8,1,64,2,2048,64,4,1,[8; 1; 64; 2; 2048; 64; 4; 1],0.11430971906520426,0.489232707338151,tvm
28,14,32,4,1024,64,4,0,[28; 14; 32; 4; 1024; 64; 4; 0],0.12048225896432996,0.46416836648033166,tvm
28,14,64,4,256,32,2,1,[28; 14; 64; 4; 256; 32; 2; 1],0.12048134009819478,0.4641719065189188,tvm
8,1,8,4,64,64,4,1,[8; 1; 8; 4; 64; 64; 4; 1],0.11380320799071342,0.49141016602885973,tvm
16,16,32,4,256,64,4,1,[16; 16; 32; 4; 256; 64; 4; 1],0.11129630100913346,0.502478993697589,tvm
16,2,4,4,128,64,4,1,[16; 2; 4; 4; 128; 64; 4; 1],0.11636740597896278,0.4805817648237638,tvm
28,1,32,4,2048,64,4,0,[28; 1; 32; 4; 2048; 64; 4; 0],0.11885500804055482,0.47052332295708854,tvm
8,4,16,2,128,64,4,1,[8; 4; 16; 2; 128; 64; 4; 1],0.12019513198174536,0.46527719060890754,tvm
28,7,64,8,256,32,2,1,[28; 7; 64; 8; 256; 32; 2; 1],0.11727997800335288,0.4768422904354104,tvm
16,16,16,2,512,32,2,1,[16; 16; 16; 2; 512; 32; 2; 1],0.11862437101081014,0.4714381442598926,tvm
8,4,2,2,256,32,2,1,[8; 4; 2; 2; 256; 32; 2; 1],0.11103503906633705,0.503661310912152,tvm
28,4,4,4,256,32,2,1,[28; 4; 4; 4; 256; 32; 2; 1],0.113196991966106,0.4940418677386621,tvm
8,2,16,4,64,64,4,1,[8; 2; 16; 4; 64; 64; 4; 1],0.11345960397738963,0.4928983653466475,tvm
16,8,4,4,256,32,2,1,[16; 8; 4; 4; 256; 32; 2; 1],0.11792097496800125,0.474250262504264,tvm
8,2,8,4,256,32,2,1,[8; 2; 8; 4; 256; 32; 2; 1],0.11388204002287239,0.4910699994670045,tvm
28,7,4,4,1024,32,2,0,[28; 7; 4; 4; 1024; 32; 2; 0],0.11085167701821774,0.5044944274874847,tvm
32,1,16,8,512,32,2,1,[32; 1; 16; 8; 512; 32; 2; 1],0.12189161498099566,0.458801479839713,tvm
56,4,32,8,512,32,2,1,[56; 4; 32; 8; 512; 32; 2; 1],0.1131832649698481,0.49410178570331437,tvm
56,14,16,8,256,32,2,1,[56; 14; 16; 8; 256; 32; 2; 1],0.1181709140073508,0.47324719287399764,tvm
56,7,32,4,512,32,2,1,[56; 7; 32; 4; 512; 32; 2; 1],0.11048710905015469,0.5061590787749464,tvm
32,16,32,8,512,32,2,1,[32; 16; 32; 8; 512; 32; 2; 1],0.1136115959379822,0.49223895564200076,tvm
56,4,8,8,2048,32,2,1,[56; 4; 8; 8; 2048; 32; 2; 1],0.11587080301251262,0.48264145823943433,tvm
16,16,32,8,512,32,2,1,[16; 16; 32; 8; 512; 32; 2; 1],0.10194006597157568,0.5485973822003102,tvm
56,8,8,8,2048,32,2,1,[56; 8; 8; 8; 2048; 32; 2; 1],0.1298427419969812,0.43070604080922403,tvm
56,7,8,4,512,32,2,1,[56; 7; 8; 4; 512; 32; 2; 1],0.11252368602436036,0.4969980571132933,tvm
16,2,8,8,512,32,2,1,[16; 2; 8; 8; 512; 32; 2; 1],0.10183051903732121,0.5491875506677619,tvm
14,14,16,4,512,64,4,1,[14; 14; 16; 4; 512; 64; 4; 1],0.11254680098500103,0.4968959832166732,tvm
28,4,16,4,4096,64,4,1,[28; 4; 16; 4; 4096; 64; 4; 1],0.11463607801124454,0.4878399043610669,tvm
14,2,4,4,1024,64,4,1,[14; 2; 4; 4; 1024; 64; 4; 1],0.09805510699516162,0.5703328979702487,tvm
32,16,8,8,2048,32,2,1,[32; 16; 8; 8; 2048; 32; 2; 1],0.09941642853664234,0.5625232585449513,tvm
28,4,4,4,2048,64,4,0,[28; 4; 4; 4; 2048; 64; 4; 0],0.10101091302931309,0.5536436772639044,tvm
28,28,16,4,512,64,4,1,[28; 28; 16; 4; 512; 64; 4; 1],0.11373362608719617,0.49171080934725525,tvm
28,28,32,4,2048,64,4,1,[28; 28; 32; 4; 2048; 64; 4; 1],0.11543023202102631,0.48448359111975475,tvm
28,28,4,4,512,64,4,1,[28; 28; 4; 4; 512; 64; 4; 1],0.11487380508333445,0.486830337802109,tvm
56,8,8,4,128,64,4,1,[56; 8; 8; 4; 128; 64; 4; 1],0.09909453400177881,0.5643505355434586,tvm
28,14,16,4,512,64,4,1,[28; 14; 16; 4; 512; 64; 4; 1],0.09678746451390907,0.5778026484545076,tvm
32,2,16,4,1024,64,4,1,[32; 2; 16; 4; 1024; 64; 4; 1],0.09581085800891742,0.5836922296231635,tvm
56,14,16,4,2048,64,4,1,[56; 14; 16; 4; 2048; 64; 4; 1],0.10259260807652026,0.5451080188118576,tvm
28,2,8,4,2048,64,4,1,[28; 2; 8; 4; 2048; 64; 4; 1],0.09284471499267966,0.6023396521572894,tvm
28,14,8,4,512,64,4,1,[28; 14; 8; 4; 512; 64; 4; 1],0.09448776551289484,0.5918655503150969,tvm
