kc,ku,mc,mr,nc,nr,pack_c,X,time,peak,backend
1024,4,197,1,384,64,1,[1024; 4; 197; 1; 384; 64; 1],0.023128949615056626,0.29903599975530654,tvm
12,1,1,1,256,128,0,[12; 1; 1; 1; 256; 128; 0],0.012974542507436126,0.5330737918091961,tvm
768,24,1,1,128,16,1,[768; 24; 1; 1; 128; 16; 1],0.05427596851950511,0.1274300350613372,tvm
96,1,1,1,768,128,0,[96; 1; 1; 1; 768; 128; 0],0.02044720549019985,0.3382559330537139,tvm
1536,4,1,1,192,16,1,[1536; 4; 1; 1; 192; 16; 1],0.1119711110368371,0.06176940201257059,tvm
192,12,1,1,192,64,1,[192; 12; 1; 1; 192; 64; 1],0.020245134248398244,0.34163214165773104,tvm
96,6,1,1,256,64,0,[96; 6; 1; 1; 256; 64; 0],0.021040445499238558,0.3287187322948495,tvm
512,1,1,1,16,16,1,[512; 1; 1; 1; 16; 16; 1],0.05448547098785639,0.12694005293576488,tvm
1536,1,197,1,256,128,0,[1536; 1; 197; 1; 256; 128; 0],0.08729168545687571,0.07923307397753754,tvm
3072,2,197,1,64,64,1,[3072; 2; 197; 1; 64; 64; 1],0.0867934885318391,0.07968787392260862,tvm
96,6,197,1,768,16,0,[96; 6; 197; 1; 768; 16; 0],0.04416953126201406,0.15658732102907072,tvm
2,2,1,1,128,16,1,[2; 2; 1; 1; 128; 16; 1],0.025240238261176273,0.2740223170582006,tvm
384,64,1,1,128,16,0,[384; 64; 1; 1; 128; 16; 0],0.05259309150278568,0.13150754925791408,tvm
6,2,1,1,384,128,0,[6; 2; 1; 1; 384; 128; 0],0.014069389755604789,0.49159122688127294,tvm
16,8,197,1,192,16,1,[16; 8; 197; 1; 192; 16; 1],0.020733203506097198,0.3335899620815764,tvm
96,16,1,1,384,128,0,[96; 16; 1; 1; 384; 128; 0],0.020810148751479574,0.33235651767923213,tvm
128,2,197,1,768,128,1,[128; 2; 197; 1; 768; 128; 1],0.020171535012195818,0.3428786439528219,tvm
6,2,197,1,64,16,0,[6; 2; 197; 1; 64; 16; 0],0.027080675499746576,0.2553994109745636,tvm
192,16,197,1,64,64,0,[192; 16; 197; 1; 64; 64; 0],0.021175744754145853,0.3266184331049069,tvm
48,1,1,1,256,16,0,[48; 1; 1; 1; 256; 16; 0],0.04141897748922929,0.16698598059855843,tvm
768,64,197,1,64,64,0,[768; 64; 197; 1; 64; 64; 0],0.0206231422489509,0.33537025967904616,tvm
256,16,1,1,768,64,1,[256; 16; 1; 1; 768; 64; 1],0.019744932127650827,0.3502867736750967,tvm
96,16,1,1,32,16,1,[96; 16; 1; 1; 32; 16; 1],0.04283605399541557,0.16146185108854288,tvm
24,1,197,1,768,16,0,[24; 1; 197; 1; 768; 16; 0],0.02347864401235711,0.2945821133362041,tvm
12,6,1,1,256,128,1,[12; 6; 1; 1; 256; 128; 1],0.012519423995399848,0.5524526187442759,tvm
192,64,197,1,96,96,0,[192; 64; 197; 1; 96; 96; 0],0.0218349231290631,0.3167580911802066,tvm
1536,12,1,1,384,128,1,[1536; 12; 1; 1; 384; 128; 1],0.09030957450158894,0.07658533006715564,tvm
64,8,1,1,128,64,0,[64; 8; 1; 1; 128; 64; 0],0.021547527256188914,0.3209829364268253,tvm
256,16,1,1,256,64,0,[256; 16; 1; 1; 256; 64; 0],0.02003829274326563,0.3451585751362474,tvm
384,1,197,1,256,16,0,[384; 1; 197; 1; 256; 16; 0],0.05386366747552529,0.12840545205302364,tvm
512,64,1,1,384,16,0,[512; 64; 1; 1; 384; 16; 0],0.054049734491854906,0.127963414371089,tvm
256,64,1,1,192,96,1,[256; 64; 1; 1; 192; 96; 1],0.02077841763093602,0.33286406569916477,tvm
3072,4,197,1,384,128,1,[3072; 4; 197; 1; 384; 128; 1],0.09256127197295427,0.07472227232842575,tvm
8,4,1,1,128,64,1,[8; 4; 1; 1; 128; 64; 1],0.016017170622944832,0.4318108818495536,tvm
192,6,1,1,768,16,1,[192; 6; 1; 1; 768; 16; 1],0.049404741992475465,0.1399944275082332,tvm
768,1,197,1,384,16,0,[768; 1; 197; 1; 384; 16; 0],0.05529759300407022,0.12507576181334845,tvm
256,8,1,1,96,96,0,[256; 8; 1; 1; 96; 96; 0],0.02107248399988748,0.3282189499569914,tvm
1024,4,197,1,256,128,1,[1024; 4; 197; 1; 256; 128; 1],0.026496182748815045,0.26103339628188077,tvm
64,8,1,1,128,16,0,[64; 8; 1; 1; 128; 16; 0],0.041941410017898306,0.16490596211422157,tvm
96,3,1,1,256,16,1,[96; 3; 1; 1; 256; 16; 1],0.042459090996999294,0.1628953519498892,tvm
12,1,1,1,192,16,0,[12; 1; 1; 1; 192; 16; 0],0.025542465271428227,0.27077999315771745,tvm
8,2,1,1,192,16,1,[8; 2; 1; 1; 192; 16; 1],0.019314554752781987,0.3580920533740165,tvm
24,4,1,1,256,128,1,[24; 4; 1; 1; 256; 128; 1],0.01106204025563784,0.6252362504198616,tvm
192,24,197,1,128,16,0,[192; 24; 197; 1; 128; 16; 0],0.050426149973645806,0.1371587673269381,tvm
8,1,197,1,384,16,0,[8; 1; 197; 1; 384; 16; 0],0.025474572263192385,0.27150165663122433,tvm
3,3,197,1,384,16,1,[3; 3; 197; 1; 384; 16; 1],0.03561774126137607,0.19418380634172086,tvm
1536,1,197,1,256,16,0,[1536; 1; 197; 1; 256; 16; 0],0.1175118749961257,0.05885693315383318,tvm
96,32,197,1,16,16,0,[96; 32; 197; 1; 16; 16; 0],0.04560406974633224,0.15166165234594725,tvm
3,3,1,1,16,16,0,[3; 3; 1; 1; 16; 16; 0],0.04129592698882334,0.167483552876788,tvm
1024,32,1,1,192,64,1,[1024; 32; 1; 1; 192; 64; 1],0.023253318373463117,0.2974366264782928,tvm
384,4,1,1,384,128,1,[384; 4; 1; 1; 384; 128; 1],0.019854911617585458,0.34834647993611506,tvm
192,8,197,1,768,16,1,[192; 8; 197; 1; 768; 16; 1],0.05128342000534758,0.13486597755585264,tvm
96,4,197,1,192,64,1,[96; 4; 197; 1; 192; 64; 1],0.02094523712003138,0.33021295160291836,tvm
256,8,1,1,256,128,1,[256; 8; 1; 1; 256; 128; 1],0.01990738201129716,0.34742833424825115,tvm
8,8,197,1,768,16,1,[8; 8; 197; 1; 768; 16; 1],0.02601850323844701,0.26582576668777647,tvm
12,4,197,1,768,96,0,[12; 4; 197; 1; 768; 96; 0],0.014310661747003905,0.4833031968543728,tvm
1536,2,1,1,384,96,0,[1536; 2; 1; 1; 384; 96; 0],0.09011741448193789,0.07674863522426971,tvm
6,1,197,1,192,16,1,[6; 1; 197; 1; 192; 16; 1],0.026897973992163315,0.25713418317095743,tvm
48,48,197,1,384,64,0,[48; 48; 197; 1; 384; 64; 0],0.014267484002630226,0.48476581926803125,tvm
64,8,197,1,768,16,1,[64; 8; 197; 1; 768; 16; 1],0.036350751761347055,0.19026810275717582,tvm
64,1,197,1,128,64,1,[64; 1; 197; 1; 128; 64; 1],0.021899130500969477,0.3158293691670718,tvm
1536,24,1,1,64,16,1,[1536; 24; 1; 1; 64; 16; 1],0.11042095092125237,0.06263656048715838,tvm
128,4,1,1,768,16,0,[128; 4; 1; 1; 768; 16; 0],0.04589262948138639,0.15070804723084763,tvm
384,6,197,1,64,16,0,[384; 6; 197; 1; 64; 16; 0],0.05365014949347824,0.12891648274473744,tvm
16,8,1,1,768,64,1,[16; 8; 1; 1; 768; 64; 1],0.023059255006955937,0.2999398102558911,tvm
12,6,1,1,64,64,0,[12; 6; 1; 1; 64; 64; 0],0.014133273129118606,0.48936920048469323,tvm
24,6,1,1,64,64,0,[24; 6; 1; 1; 64; 64; 0],0.016039612746681087,0.43120670558955415,tvm
32,16,1,1,768,64,0,[32; 16; 1; 1; 768; 64; 0],0.021752994114649482,0.317951107556764,tvm
6,6,1,1,128,64,0,[6; 6; 1; 1; 128; 64; 0],0.016369059245334938,0.4225281653494956,tvm
16,8,1,1,768,64,0,[16; 8; 1; 1; 768; 64; 0],0.023027008370263502,0.3003598409405288,tvm
24,3,1,1,128,64,1,[24; 3; 1; 1; 128; 64; 1],0.01440503349294886,0.4801369309425128,tvm
32,2,1,1,128,64,1,[32; 2; 1; 1; 128; 64; 1],0.014472108625341207,0.47791159881965745,tvm
16,2,1,1,128,64,0,[16; 2; 1; 1; 128; 64; 0],0.015838427119888365,0.43668405448819086,tvm
8,2,1,1,192,96,1,[8; 2; 1; 1; 192; 96; 1],0.015921607497148216,0.43440265517582904,tvm
16,16,1,1,384,64,0,[16; 16; 1; 1; 384; 64; 0],0.013833220247761346,0.49998398402916067,tvm
8,4,1,1,96,96,1,[8; 4; 1; 1; 96; 96; 1],0.014036009495612234,0.4927603229102038,tvm
24,12,1,1,768,96,1,[24; 12; 1; 1; 768; 96; 1],0.022171280754264444,0.3119525952553854,tvm
24,4,1,1,64,64,1,[24; 4; 1; 1; 64; 64; 1],0.015705459256423637,0.44038117310066704,tvm
3,1,1,1,128,128,1,[3; 1; 1; 1; 128; 128; 1],0.0174830532487249,0.39560530263402405,tvm
6,1,1,1,128,128,0,[6; 1; 1; 1; 128; 128; 0],0.015022104111267254,0.4604141017929019,tvm
48,4,1,1,384,128,0,[48; 4; 1; 1; 384; 128; 0],0.02168606049963273,0.31893245762851696,tvm
8,1,1,1,768,64,0,[8; 1; 1; 1; 768; 64; 0],0.013374115631449968,0.5171473585262194,tvm
24,12,1,1,384,96,0,[24; 12; 1; 1; 384; 96; 0],0.018012966247624718,0.3839672198542315,tvm
3,3,1,1,128,128,1,[3; 3; 1; 1; 128; 128; 1],0.017766677250619978,0.3892899315873608,tvm
4,1,1,1,384,64,0,[4; 1; 1; 1; 384; 64; 0],0.015794354752870277,0.43790257213082223,tvm
3,1,1,1,384,64,0,[3; 1; 1; 1; 384; 64; 0],0.017976927367271855,0.38473697034679566,tvm
16,2,1,1,192,96,0,[16; 2; 1; 1; 192; 96; 0],0.012888419252703898,0.5366359082381311,tvm
24,4,1,1,96,96,0,[24; 4; 1; 1; 96; 96; 0],0.013032551622018218,0.5307010301607769,tvm
6,3,1,1,384,64,0,[6; 3; 1; 1; 384; 64; 0],0.014725993503816426,0.469672118871715,tvm
6,3,1,1,256,64,1,[6; 3; 1; 1; 256; 64; 1],0.017643256374867633,0.3920131536081281,tvm
3,3,1,1,256,64,1,[3; 3; 1; 1; 256; 64; 1],0.01878926374774892,0.36810322449474375,tvm
4,2,1,1,768,96,1,[4; 2; 1; 1; 768; 96; 1],0.015305170498322695,0.45189882544507054,tvm
32,1,1,1,768,64,1,[32; 1; 1; 1; 768; 64; 1],0.022142776375403628,0.31235417158940154,tvm
2,1,1,1,384,96,1,[2; 1; 1; 1; 384; 96; 1],0.024934392131399363,0.2773834844250687,tvm
4,4,1,1,192,96,1,[4; 4; 1; 1; 192; 96; 1],0.01763364387443289,0.3922268488963122,tvm
8,2,1,1,256,64,0,[8; 2; 1; 1; 256; 64; 0],0.014930259872926399,0.4632463621058812,tvm
2,1,1,1,384,96,0,[2; 1; 1; 1; 384; 96; 0],0.024726373376324773,0.27971706429261217,tvm
32,2,1,1,768,64,0,[32; 2; 1; 1; 768; 64; 0],0.021925671244389378,0.31544706177232434,tvm
12,1,1,1,384,64,0,[12; 1; 1; 1; 384; 64; 0],0.013217877509305254,0.5232601502442055,tvm
32,1,1,1,256,64,0,[32; 1; 1; 1; 256; 64; 0],0.014889482132275589,0.46451505230232787,tvm
16,16,1,1,256,128,1,[16; 16; 1; 1; 256; 128; 1],0.011389733495889232,0.6072476211954235,tvm
32,32,1,1,256,128,0,[32; 32; 1; 1; 256; 128; 0],0.01561197912087664,0.44301805157936974,tvm
16,4,1,1,192,64,1,[16; 4; 1; 1; 192; 64; 1],0.013845436755218543,0.4995428236542762,tvm
24,2,1,1,384,64,0,[24; 2; 1; 1; 384; 64; 0],0.01934202124539297,0.357583547431785,tvm
24,12,1,1,256,128,0,[24; 12; 1; 1; 256; 128; 0],0.011557178244402166,0.5984495890922675,tvm
12,1,1,1,768,96,0,[12; 1; 1; 1; 768; 96; 0],0.01991461824218277,0.34730209172568555,tvm
2,1,1,1,768,128,1,[2; 1; 1; 1; 768; 128; 1],0.025649084011092782,0.2696544082602464,tvm
4,1,1,1,768,128,1,[4; 1; 1; 1; 768; 128; 1],0.015721105999546126,0.4399428749878189,tvm
12,2,1,1,256,64,0,[12; 2; 1; 1; 256; 64; 0],0.013473446000716649,0.5133347898570781,tvm
8,1,1,1,768,128,1,[8; 1; 1; 1; 768; 128; 1],0.01231898525293218,0.5614414198427848,tvm
16,4,1,1,192,96,0,[16; 4; 1; 1; 192; 96; 0],0.012885830248706043,0.5367437284161876,tvm
2,1,1,1,768,128,0,[2; 1; 1; 1; 768; 128; 0],0.025330920732812956,0.27304134122804613,tvm
16,2,1,1,768,96,0,[16; 2; 1; 1; 768; 96; 0],0.023265699885087088,0.2972783370192898,tvm
12,6,1,1,768,64,1,[12; 6; 1; 1; 768; 64; 1],0.018922623377875425,0.3655089695182171,tvm
16,4,1,1,128,128,1,[16; 4; 1; 1; 128; 128; 1],0.015232285120873712,0.45406112848758523,tvm
1,1,1,1,256,128,0,[1; 1; 1; 1; 256; 128; 0],0.04939480024040677,0.14002260435847882,tvm
4,1,1,1,256,128,0,[4; 1; 1; 1; 256; 128; 0],0.01584048187942244,0.4366274097010456,tvm
2,1,1,1,256,128,0,[2; 1; 1; 1; 256; 128; 0],0.02489527774741873,0.2778192973623561,tvm
24,4,1,1,128,128,0,[24; 4; 1; 1; 128; 128; 0],0.012080550310201943,0.5725226412564772,tvm
2,2,1,1,256,128,1,[2; 2; 1; 1; 256; 128; 1],0.024877224495867267,0.278020909148348,tvm
12,2,1,1,768,128,1,[12; 2; 1; 1; 768; 128; 1],0.020963951872545294,0.3299181668360142,tvm
12,3,1,1,768,128,1,[12; 3; 1; 1; 768; 128; 1],0.020934939617291093,0.3303753771382278,tvm
12,6,1,1,384,96,1,[12; 6; 1; 1; 384; 96; 1],0.012119041253754403,0.5707042683170929,tvm
4,4,1,1,768,128,1,[4; 4; 1; 1; 768; 128; 1],0.015727706384495832,0.43975824588426043,tvm
24,3,1,1,384,128,0,[24; 3; 1; 1; 384; 128; 0],0.018396053885226138,0.3759713150755184,tvm
16,2,1,1,384,128,0,[16; 2; 1; 1; 384; 128; 0],0.012987465626792982,0.5325433591262136,tvm
8,4,1,1,768,128,0,[8; 4; 1; 1; 768; 128; 0],0.011881588252435904,0.5821097671862688,tvm
16,4,1,1,256,128,0,[16; 4; 1; 1; 256; 128; 0],0.01171152974711731,0.5905623535756274,tvm
6,2,1,1,64,64,0,[6; 2; 1; 1; 64; 64; 0],0.014156100500258617,0.4885800698647354,tvm
6,2,197,1,256,128,0,[6; 2; 197; 1; 256; 128; 0],0.01522381826362107,0.45431365848316885,tvm
24,1,197,1,192,96,1,[24; 1; 197; 1; 192; 96; 1],0.012481863064749632,0.5541150816628755,tvm
32,1,197,1,256,128,1,[32; 1; 197; 1; 256; 128; 1],0.014672842997242697,0.4713734463544857,tvm
8,1,1,1,192,64,1,[8; 1; 1; 1; 192; 64; 1],0.017381199751980603,0.39792354210994224,tvm
12,6,197,1,64,64,1,[12; 6; 197; 1; 64; 64; 1],0.014127440750598907,0.48957123186911,tvm
12,6,197,1,128,64,1,[12; 6; 197; 1; 128; 64; 1],0.01368897850625217,0.5052523508799176,tvm
24,4,197,1,128,64,0,[24; 4; 197; 1; 128; 64; 0],0.013638590622576885,0.5071190097882551,tvm
24,4,1,1,384,64,0,[24; 4; 1; 1; 384; 64; 0],0.018808079999871552,0.3677349613291631,tvm
4,1,1,1,256,128,1,[4; 1; 1; 1; 256; 128; 1],0.017079165743780322,0.4049605627808428,tvm
4,4,1,1,256,64,0,[4; 4; 1; 1; 256; 64; 0],0.01622536437935196,0.42627015392210327,tvm
12,6,197,1,128,64,0,[12; 6; 197; 1; 128; 64; 0],0.01391240225348156,0.4971383406986924,tvm
24,8,1,1,128,64,1,[24; 8; 1; 1; 128; 64; 1],0.014560790121322498,0.4750009109258683,tvm
16,1,1,1,384,96,1,[16; 1; 1; 1; 384; 96; 1],0.013543316992581822,0.510686457033896,tvm
32,1,1,1,192,96,1,[32; 1; 1; 1; 192; 96; 1],0.013133306259987876,0.5266296570346602,tvm
12,3,1,1,384,64,1,[12; 3; 1; 1; 384; 64; 1],0.013021372244111262,0.5311566585892216,tvm
24,3,1,1,128,64,1,[24; 3; 1; 1; 128; 64; 1],0.014519393633236177,0.47635519403484905,tvm
8,1,1,1,192,96,1,[8; 1; 1; 1; 192; 96; 1],0.017557117986143567,0.3939364408718518,tvm
12,2,197,1,192,96,1,[12; 2; 197; 1; 192; 96; 1],0.014599331741919741,0.47374692853709344,tvm
12,1,197,1,96,96,0,[12; 1; 197; 1; 96; 96; 0],0.01227221386943711,0.5635811635138824,tvm
24,12,197,1,192,96,0,[24; 12; 197; 1; 192; 96; 0],0.013460471876896918,0.5138295770521699,tvm
8,4,1,1,64,64,0,[8; 4; 1; 1; 64; 64; 0],0.013192402489949018,0.5242705850354403,tvm
12,12,1,1,128,64,1,[12; 12; 1; 1; 128; 64; 1],0.017560160864377394,0.3938681783638544,tvm
32,8,197,1,128,128,0,[32; 8; 197; 1; 128; 128; 0],0.015097380368388258,0.4581184551665992,tvm
24,6,1,1,128,64,1,[24; 6; 1; 1; 128; 64; 1],0.014442449508351274,0.4788930414767387,tvm
6,3,1,1,256,128,1,[6; 3; 1; 1; 256; 128; 1],0.017356590120471083,0.3984877515354295,tvm
6,3,1,1,128,128,0,[6; 3; 1; 1; 128; 128; 0],0.015213849503197707,0.4546113440897951,tvm
24,12,1,1,256,64,0,[24; 12; 1; 1; 256; 64; 0],0.014264803627156653,0.48485690740680654,tvm
24,1,197,1,256,128,0,[24; 1; 197; 1; 256; 128; 0],0.011845957065816037,0.5838606820032501,tvm
32,8,1,1,192,96,0,[32; 8; 1; 1; 192; 96; 0],0.013526753507903777,0.5113117916569764,tvm
12,12,1,1,64,64,0,[12; 12; 1; 1; 64; 64; 0],0.014399429870536551,0.4803237790393748,tvm
16,2,1,1,384,128,1,[16; 2; 1; 1; 384; 128; 1],0.01279204424645286,0.5406789124690867,tvm
24,6,197,1,96,96,0,[24; 6; 197; 1; 96; 96; 0],0.01323447487084195,0.5226039294287892,tvm
6,2,1,1,256,128,0,[6; 2; 1; 1; 256; 128; 0],0.014304455995443277,0.48351286994988174,tvm
16,1,197,1,256,128,1,[16; 1; 197; 1; 256; 128; 1],0.012679601248237304,0.545473665616265,tvm
32,1,1,1,256,128,1,[32; 1; 1; 1; 256; 128; 1],0.014318469373392873,0.4830396595519399,tvm
24,4,197,1,96,96,0,[24; 4; 197; 1; 96; 96; 0],0.013095686124870554,0.5281425123876002,tvm
16,16,1,1,192,64,0,[16; 16; 1; 1; 192; 64; 0],0.01432599224790465,0.4827860054468601,tvm
8,8,197,1,256,128,1,[8; 8; 197; 1; 256; 128; 1],0.015245595364831388,0.45366470812831156,tvm
8,1,1,1,128,128,1,[8; 1; 1; 1; 128; 128; 1],0.015462489871424623,0.44730108985942607,tvm
16,1,1,1,192,64,0,[16; 1; 1; 1; 192; 64; 0],0.014385150876478292,0.4808005582157516,tvm
32,2,1,1,256,128,0,[32; 2; 1; 1; 256; 128; 0],0.014699450373882428,0.47052021643730413,tvm
12,12,1,1,256,64,0,[12; 12; 1; 1; 256; 64; 0],0.013306914377608337,0.5197590046169411,tvm
24,8,1,1,96,96,1,[24; 8; 1; 1; 96; 96; 1],0.012726885877782479,0.5434470488576171,tvm
12,4,1,1,192,64,0,[12; 4; 1; 1; 192; 64; 0],0.013908975248341449,0.49726082963971796,tvm
8,4,1,1,96,96,0,[8; 4; 1; 1; 96; 96; 0],0.014079056505579501,0.4912536979084941,tvm
24,12,1,1,192,96,1,[24; 12; 1; 1; 192; 96; 1],0.012143382686190307,0.5695602905847663,tvm
8,2,1,1,256,128,0,[8; 2; 1; 1; 256; 128; 0],0.014183374878484756,0.48764053905959126,tvm
12,1,1,1,96,96,0,[12; 1; 1; 1; 96; 96; 0],0.012454532377887517,0.5553310523089826,tvm
32,8,1,1,128,128,0,[32; 8; 1; 1; 128; 128; 0],0.015096746879862621,0.45813767869780364,tvm
12,12,1,1,96,96,1,[12; 12; 1; 1; 96; 96; 1],0.014955611259210855,0.4624611091819406,tvm
16,16,1,1,384,128,1,[16; 16; 1; 1; 384; 128; 1],0.012635563864023425,0.5473747468540949,tvm
32,4,1,1,128,128,1,[32; 4; 1; 1; 128; 128; 1],0.012949839627253823,0.5340906737464577,tvm
12,6,197,1,128,128,0,[12; 6; 197; 1; 128; 128; 0],0.015256415499607101,0.45334296064542084,tvm
12,1,1,1,128,128,0,[12; 1; 1; 1; 128; 128; 0],0.011967928061494604,0.5779102728467457,tvm
12,1,1,1,256,128,1,[12; 1; 1; 1; 256; 128; 1],0.012845092249335721,0.5384460023466355,tvm
16,4,197,1,128,128,0,[16; 4; 197; 1; 128; 128; 0],0.014979419618612155,0.4617260713382282,tvm
12,4,1,1,192,96,1,[12; 4; 1; 1; 192; 96; 1],0.013004466512938961,0.5318471591700452,tvm
8,8,1,1,256,128,0,[8; 8; 1; 1; 256; 128; 0],0.013424698627204634,0.5151987961512057,tvm
16,2,1,1,256,128,1,[16; 2; 1; 1; 256; 128; 1],0.01174555356556084,0.5888516478021204,tvm
12,4,197,1,256,128,0,[12; 4; 197; 1; 256; 128; 0],0.011237157435971312,0.6154927178726259,tvm
16,4,1,1,192,96,1,[16; 4; 1; 1; 192; 96; 1],0.012368745563435368,0.559182702559173,tvm
24,8,1,1,128,128,1,[24; 8; 1; 1; 128; 128; 1],0.01138972337503219,0.6072481607929326,tvm
24,12,1,1,256,128,1,[24; 12; 1; 1; 256; 128; 1],0.011311721253150608,0.6114355557959119,tvm
32,8,197,1,64,64,0,[32; 8; 197; 1; 64; 64; 0],0.01602522462781053,0.43159386105738057,tvm
24,1,1,1,256,64,0,[24; 1; 1; 1; 256; 64; 0],0.013939037249656394,0.49618839863557035,tvm
16,2,1,1,64,64,1,[16; 2; 1; 1; 64; 64; 1],0.015200128997093998,0.45502170229942557,tvm
24,3,197,1,384,96,0,[24; 3; 197; 1; 384; 96; 0],0.012433639814844355,0.5562641892819823,tvm
32,16,197,1,384,96,1,[32; 16; 197; 1; 384; 96; 1],0.013107149134157225,0.5276806192282092,tvm
32,4,197,1,256,64,1,[32; 4; 197; 1; 256; 64; 1],0.015484841496800072,0.4466554322081912,tvm
16,16,1,1,64,64,1,[16; 16; 1; 1; 64; 64; 1],0.015159189628320746,0.45625054775403134,tvm
16,4,1,1,64,64,1,[16; 4; 1; 1; 64; 64; 1],0.015250644137267955,0.4535145210376401,tvm
32,4,1,1,384,96,1,[32; 4; 1; 1; 384; 96; 1],0.01899081988085527,0.3641964177861017,tvm
16,1,197,1,192,64,1,[16; 1; 197; 1; 192; 64; 1],0.013719251626753248,0.5041374529454111,tvm
24,12,1,1,192,64,0,[24; 12; 1; 1; 192; 64; 0],0.013805258757201955,0.500996663160726,tvm
16,2,1,1,128,64,0,[16; 2; 1; 1; 128; 64; 0],0.015756797991343774,0.4389463249594359,tvm
16,8,1,1,64,64,0,[16; 8; 1; 1; 64; 64; 0],0.015485677868127823,0.44663130864059125,tvm
24,24,1,1,256,64,1,[24; 24; 1; 1; 256; 64; 1],0.014037395507330075,0.4927116691851389,tvm
8,2,1,1,256,128,0,[8; 2; 1; 1; 256; 128; 0],0.013994691864354536,0.49421513802994826,tvm
24,8,197,1,384,96,0,[24; 8; 197; 1; 384; 96; 0],0.01230251674860483,0.5621929815468795,tvm
24,2,197,1,384,96,1,[24; 2; 197; 1; 384; 96; 1],0.012247560378455091,0.5647156133718938,tvm
8,4,1,1,384,128,1,[8; 4; 1; 1; 384; 128; 1],0.012848146492615342,0.5383180037216937,tvm
32,16,197,1,384,128,1,[32; 16; 197; 1; 384; 128; 1],0.012438939818821382,0.5560271753195052,tvm
24,12,1,1,256,64,1,[24; 12; 1; 1; 256; 64; 1],0.01332295875181444,0.5191330769891211,tvm
32,4,1,1,384,128,1,[32; 4; 1; 1; 384; 128; 1],0.019553508507669903,0.35371598752804917,tvm
12,4,1,1,64,64,0,[12; 4; 1; 1; 64; 64; 0],0.014322131493827328,0.4829161479497276,tvm
12,2,1,1,256,64,1,[12; 2; 1; 1; 256; 64; 1],0.013267655245726928,0.5212969769964524,tvm
16,8,197,1,256,64,0,[16; 8; 197; 1; 256; 64; 0],0.012145277876697946,0.5694714144579948,tvm
12,4,197,1,192,64,0,[12; 4; 197; 1; 192; 64; 0],0.012815569381928071,0.5396864052861939,tvm
12,4,1,1,256,64,1,[12; 4; 1; 1; 256; 64; 1],0.01332855736836791,0.5189150168526818,tvm
12,4,197,1,256,64,0,[12; 4; 197; 1; 256; 64; 0],0.01273018412757665,0.5433062477427962,tvm
8,4,197,1,256,128,0,[8; 4; 197; 1; 256; 128; 0],0.01484362750488799,0.46595002260404417,tvm
12,2,197,1,384,96,1,[12; 2; 197; 1; 384; 96; 1],0.014551882122759707,0.47529168482000494,tvm
12,12,197,1,384,96,0,[12; 12; 197; 1; 384; 96; 0],0.011444614188803826,0.6043356689293047,tvm
24,6,1,1,384,96,1,[24; 6; 1; 1; 384; 96; 1],0.017960241122636944,0.3850944162832653,tvm
24,1,1,1,384,128,1,[24; 1; 1; 1; 384; 128; 1],0.018633383137057535,0.3711826521547478,tvm
12,12,1,1,384,96,0,[12; 12; 1; 1; 384; 96; 0],0.012335523999354336,0.5606886721464437,tvm
16,2,1,1,384,128,0,[16; 2; 1; 1; 384; 128; 0],0.013025826629018411,0.5309750212720105,tvm
24,6,1,1,384,128,0,[24; 6; 1; 1; 384; 128; 0],0.01852577950921841,0.37333859921991314,tvm
32,1,1,1,192,96,0,[32; 1; 1; 1; 192; 96; 0],0.01430549674842041,0.48347769343922065,tvm
32,1,197,1,256,128,1,[32; 1; 197; 1; 256; 128; 1],0.0116154700590414,0.5954462915639737,tvm
32,1,197,1,128,128,1,[32; 1; 197; 1; 128; 128; 1],0.013099164993036538,0.5280022486246485,tvm
16,2,1,1,384,128,1,[16; 2; 1; 1; 384; 128; 1],0.012830342617235146,0.5390649944248337,tvm
32,8,197,1,96,96,1,[32; 8; 197; 1; 96; 96; 1],0.012612534745130688,0.5483741937043048,tvm
24,6,1,1,384,128,1,[24; 6; 1; 1; 384; 128; 1],0.01859098237764556,0.37202921453710136,tvm
12,1,1,1,384,128,1,[12; 1; 1; 1; 384; 128; 1],0.012444104249880183,0.5557964183316099,tvm
32,4,197,1,192,96,1,[32; 4; 197; 1; 192; 96; 1],0.01272395825071726,0.5435720893723216,tvm
12,6,197,1,96,96,1,[12; 6; 197; 1; 96; 96; 1],0.014951309247408062,0.46259417533134006,tvm
32,8,1,1,192,96,1,[32; 8; 1; 1; 192; 96; 1],0.012922472742502578,0.5352217574180108,tvm
12,6,1,1,96,96,0,[12; 6; 1; 1; 96; 96; 0],0.014948340496630408,0.46268604685500936,tvm
12,3,1,1,96,96,1,[12; 3; 1; 1; 96; 96; 1],0.015086425002664328,0.4584511287602667,tvm
16,8,197,1,128,128,0,[16; 8; 197; 1; 128; 128; 0],0.015103481491678394,0.4579333960345045,tvm
24,3,197,1,128,128,0,[24; 3; 197; 1; 128; 128; 0],0.01204290587338619,0.5743122668353,tvm
24,8,197,1,96,96,0,[24; 8; 197; 1; 96; 96; 0],0.012927283009048551,0.5350226003861285,tvm
12,12,197,1,192,96,1,[12; 12; 197; 1; 192; 96; 1],0.014433959251618944,0.47917473306243497,tvm
24,3,197,1,128,128,1,[24; 3; 197; 1; 128; 128; 1],0.011196194682270288,0.6177445790917698,tvm
24,4,197,1,96,96,1,[24; 4; 197; 1; 96; 96; 1],0.012318747751123738,0.5614522442670884,tvm
12,12,1,1,192,96,1,[12; 12; 1; 1; 192; 96; 1],0.012890935380710289,0.5365311645094507,tvm
16,4,1,1,192,96,0,[16; 4; 1; 1; 192; 96; 0],0.012775990369846113,0.5413583112705398,tvm
12,1,1,1,128,128,1,[12; 1; 1; 1; 128; 128; 1],0.015540368622168899,0.4450594924474373,tvm
24,3,197,1,256,128,0,[24; 3; 197; 1; 256; 128; 0],0.01152036769053666,0.6003617902846972,tvm
16,16,1,1,192,96,1,[16; 16; 1; 1; 192; 96; 1],0.012071587436366826,0.5729477260457295,tvm
24,1,1,1,128,128,0,[24; 1; 1; 1; 128; 128; 0],0.012369957563350908,0.5591279142234167,tvm
24,2,1,1,256,128,0,[24; 2; 1; 1; 256; 128; 0],0.011404607874283101,0.6064556228210817,tvm
12,1,197,1,256,128,1,[12; 1; 197; 1; 256; 128; 1],0.015171098872087896,0.4558923931445393,tvm
16,2,1,1,256,128,0,[16; 2; 1; 1; 256; 128; 0],0.011741497874027118,0.5890550460966337,tvm
16,8,197,1,256,128,0,[16; 8; 197; 1; 256; 128; 0],0.010583233313809615,0.6535232065992221,tvm
24,6,1,1,256,128,0,[24; 6; 1; 1; 256; 128; 0],0.011015653682989068,0.6278691006879791,tvm
32,2,1,1,192,64,1,[32; 2; 1; 1; 192; 64; 1],0.014250567866838537,0.4853412605067618,tvm
12,6,1,1,64,64,1,[12; 6; 1; 1; 64; 64; 1],0.012708172624115832,0.5442472947136078,tvm
8,4,197,1,128,128,1,[8; 4; 197; 1; 128; 128; 1],0.014421687374124303,0.47958247824995165,tvm
32,4,1,1,192,64,0,[32; 4; 1; 1; 192; 64; 0],0.01467530062654987,0.47129450683386775,tvm
16,1,1,1,192,64,0,[16; 1; 1; 1; 192; 64; 0],0.013382075252593495,0.5168397607155998,tvm
8,2,1,1,384,96,1,[8; 2; 1; 1; 384; 96; 1],0.011979508934018668,0.577351593418645,tvm
12,3,1,1,64,64,0,[12; 3; 1; 1; 64; 64; 0],0.013200964502175339,0.5239305484299155,tvm
32,4,1,1,256,64,1,[32; 4; 1; 1; 256; 64; 1],0.01421500313153956,0.48655554328249306,tvm
12,4,1,1,64,64,0,[12; 4; 1; 1; 64; 64; 0],0.014197474636603147,0.4871562547889411,tvm
8,4,1,1,256,128,1,[8; 4; 1; 1; 256; 128; 1],0.01731997686147224,0.39933012767550896,tvm
24,3,197,1,384,64,1,[24; 3; 197; 1; 384; 64; 1],0.015140955380047671,0.456800010159385,tvm
32,4,197,1,64,64,1,[32; 4; 197; 1; 64; 64; 1],0.015281186628271826,0.4526080820603627,tvm
24,12,197,1,64,64,1,[24; 12; 197; 1; 64; 64; 1],0.01616928075964097,0.42774868432565616,tvm
32,1,197,1,64,64,1,[32; 1; 197; 1; 64; 64; 1],0.015143469878239557,0.4567241607794982,tvm
24,1,197,1,64,64,1,[24; 1; 197; 1; 64; 64; 1],0.015362805250333622,0.45020349205288357,tvm
16,4,197,1,64,64,0,[16; 4; 197; 1; 64; 64; 0],0.01556483012973331,0.4443600420807855,tvm
8,1,197,1,384,128,1,[8; 1; 197; 1; 384; 128; 1],0.014860100243822671,0.4654335070386693,tvm
32,4,197,1,128,64,1,[32; 4; 197; 1; 128; 64; 1],0.014972078119171783,0.4619524768957836,tvm
8,2,197,1,128,128,0,[8; 2; 197; 1; 128; 128; 0],0.015048025496071205,0.4596210029837023,tvm
24,6,197,1,384,96,1,[24; 6; 197; 1; 384; 96; 1],0.012731978626106866,0.5432296718788505,tvm
16,2,1,1,256,64,1,[16; 2; 1; 1; 256; 64; 1],0.01370126825349871,0.5047991502292077,tvm
8,1,1,1,384,128,0,[8; 1; 1; 1; 384; 128; 0],0.012985528621356934,0.5326227967380074,tvm
8,4,197,1,384,96,1,[8; 4; 197; 1; 384; 96; 1],0.013671553751919419,0.5058963082712924,tvm
12,2,197,1,64,64,0,[12; 2; 197; 1; 64; 64; 0],0.014341545247589238,0.48226243769590943,tvm
24,12,1,1,256,64,1,[24; 12; 1; 1; 256; 64; 1],0.013454337502480485,0.5140638526537218,tvm
24,6,197,1,192,64,0,[24; 6; 197; 1; 192; 64; 0],0.0133492461318383,0.5181107984017768,tvm
24,2,197,1,192,64,1,[24; 2; 197; 1; 192; 64; 1],0.014684682624647394,0.47099339823795794,tvm
32,1,197,1,256,64,0,[32; 1; 197; 1; 256; 64; 0],0.01589597600104753,0.43510310854601114,tvm
12,12,1,1,384,64,0,[12; 12; 1; 1; 384; 64; 0],0.013063781865639612,0.5294323376311167,tvm
16,1,197,1,256,64,1,[16; 1; 197; 1; 256; 64; 1],0.013761287249508314,0.5025975002211869,tvm
12,6,1,1,192,64,0,[12; 6; 1; 1; 192; 64; 0],0.013840807368978858,0.4997099075975974,tvm
16,16,1,1,256,64,0,[16; 16; 1; 1; 256; 64; 0],0.013981244250317104,0.4946904901737699,tvm
24,2,197,1,384,128,0,[24; 2; 197; 1; 384; 128; 0],0.011868439687532373,0.5827546630829779,tvm
24,2,197,1,384,96,0,[24; 2; 197; 1; 384; 96; 0],0.012608696502866223,0.5485411255522195,tvm
12,4,1,1,192,64,0,[12; 4; 1; 1; 192; 64; 0],0.01413947599940002,0.48915451829488266,tvm
32,8,197,1,256,64,0,[32; 8; 197; 1; 256; 64; 0],0.015753475250676274,0.43903890801057754,tvm
24,8,197,1,384,96,0,[24; 8; 197; 1; 384; 96; 0],0.01257653949141968,0.5499436928693512,tvm
12,6,197,1,256,64,1,[12; 6; 197; 1; 256; 64; 1],0.0137249608815182,0.503927743848222,tvm
12,3,197,1,256,64,1,[12; 3; 197; 1; 256; 64; 1],0.013722646122914739,0.5040127472120155,tvm
32,32,1,1,96,96,1,[32; 32; 1; 1; 96; 96; 1],0.01566291799827013,0.4415772700969539,tvm
8,8,197,1,384,128,0,[8; 8; 197; 1; 384; 128; 0],0.011503908499435056,0.6012207565601054,tvm
32,8,197,1,96,96,0,[32; 8; 197; 1; 96; 96; 0],0.014559321498381905,0.47504882505666524,tvm
12,4,1,1,384,128,1,[12; 4; 1; 1; 384; 128; 1],0.01194663193746237,0.5789404585019556,tvm
12,3,197,1,256,64,0,[12; 3; 197; 1; 256; 64; 0],0.012588096753461286,0.54943878386753,tvm
32,32,1,1,192,96,1,[32; 32; 1; 1; 192; 96; 1],0.014469588626525365,0.47799483108659935,tvm
12,4,1,1,384,128,0,[12; 4; 1; 1; 384; 128; 0],0.011911760433577001,0.5806352981992972,tvm
32,4,1,1,128,128,1,[32; 4; 1; 1; 128; 128; 1],0.012860627364716493,0.5377955814507063,tvm
16,8,1,1,384,128,0,[16; 8; 1; 1; 384; 128; 0],0.012585652380948886,0.5495454953052752,tvm
12,6,197,1,384,96,0,[12; 6; 197; 1; 384; 96; 0],0.011534489691257477,0.5996267504292645,tvm
32,16,197,1,96,96,1,[32; 16; 197; 1; 96; 96; 1],0.013833699122187681,0.4999666763270476,tvm
16,1,197,1,96,96,0,[16; 1; 197; 1; 96; 96; 0],0.014035393251106143,0.4927819582741997,tvm
32,1,197,1,192,96,0,[32; 1; 197; 1; 192; 96; 0],0.014620490255765617,0.47306133039561243,tvm
12,3,1,1,192,96,0,[12; 3; 1; 1; 192; 96; 0],0.013578147132648155,0.5093764638032511,tvm
12,12,1,1,384,96,1,[12; 12; 1; 1; 384; 96; 1],0.012208472689962946,0.5665236550936301,tvm
32,1,197,1,192,96,1,[32; 1; 197; 1; 192; 96; 1],0.012734389121760614,0.5431268438004456,tvm
32,1,197,1,256,128,1,[32; 1; 197; 1; 256; 128; 1],0.01184092543553561,0.5841087851690975,tvm
24,12,1,1,96,96,0,[24; 12; 1; 1; 96; 96; 0],0.014089944364968687,0.490874086673084,tvm
24,1,1,1,128,128,0,[24; 1; 1; 1; 128; 128; 0],0.012531887128716335,0.5519031970516184,tvm
24,4,1,1,192,96,1,[24; 4; 1; 1; 192; 96; 1],0.011764575443521608,0.5878995467904636,tvm
12,6,197,1,256,128,0,[12; 6; 197; 1; 256; 128; 0],0.011257201811531559,0.6143967823641234,tvm
12,3,197,1,256,128,0,[12; 3; 197; 1; 256; 128; 0],0.011440075184509624,0.6045754472657375,tvm
16,1,197,1,256,128,1,[16; 1; 197; 1; 256; 128; 1],0.012621418878552504,0.5479881967297311,tvm
24,6,197,1,256,128,1,[24; 6; 197; 1; 256; 128; 1],0.01155495725106448,0.5985646178648918,tvm
24,3,197,1,256,128,0,[24; 3; 197; 1; 256; 128; 0],0.011557516940229107,0.598432051382437,tvm
6,2,1,1,384,128,0,[6; 2; 1; 1; 384; 128; 0],0.014329005120089278,0.4826844929891042,tvm
24,2,197,1,256,64,1,[24; 2; 197; 1; 256; 64; 1],0.014709101873449981,0.4702114806827665,tvm
16,2,1,1,384,64,0,[16; 2; 1; 1; 384; 64; 0],0.013944576130597852,0.4959913092124975,tvm
32,8,197,1,192,64,1,[32; 8; 197; 1; 192; 64; 1],0.014792878631851636,0.4675485240943156,tvm
24,8,1,1,192,64,0,[24; 8; 1; 1; 192; 64; 0],0.013891621259972453,0.4978820284539118,tvm
32,16,1,1,192,64,0,[32; 16; 1; 1; 192; 64; 0],0.015105391124961898,0.45787550379937725,tvm
32,32,1,1,192,64,1,[32; 32; 1; 1; 192; 64; 1],0.015454545005923137,0.44753103820124,tvm
12,2,197,1,128,64,1,[12; 2; 197; 1; 128; 64; 1],0.013412132364464924,0.5156815026485537,tvm
6,6,1,1,384,128,0,[6; 6; 1; 1; 384; 128; 0],0.014066310250200331,0.491698849833777,tvm
24,3,197,1,192,64,1,[24; 3; 197; 1; 192; 64; 1],0.014887690253090113,0.4645709612337612,tvm
24,4,197,1,192,64,0,[24; 4; 197; 1; 192; 64; 0],0.013294990872964263,0.5202251462611562,tvm
12,1,197,1,64,64,0,[12; 1; 197; 1; 64; 64; 0],0.014202325750375167,0.48698985595692795,tvm
32,16,197,1,256,64,0,[32; 16; 197; 1; 256; 64; 0],0.01604993773798924,0.43092930853294803,tvm
24,6,197,1,256,64,1,[24; 6; 197; 1; 256; 64; 1],0.014946609502658248,0.4627396313657953,tvm
12,6,197,1,64,64,1,[12; 6; 197; 1; 64; 64; 1],0.013957154238596559,0.49554432466628945,tvm
16,4,1,1,192,64,0,[16; 4; 1; 1; 192; 64; 0],0.01408216699201148,0.4911451891851655,tvm
12,3,197,1,64,64,0,[12; 3; 197; 1; 64; 64; 0],0.013153009131201543,0.5258407792800454,tvm
24,24,197,1,256,64,0,[24; 24; 197; 1; 256; 64; 0],0.012330413250310812,0.5609210681770321,tvm
32,32,1,1,192,96,0,[32; 32; 1; 1; 192; 96; 0],0.014545573998475447,0.47549780930979363,tvm
12,6,197,1,64,64,0,[12; 6; 197; 1; 64; 64; 0],0.013227356001152657,0.5228851911769717,tvm
32,32,197,1,96,96,0,[32; 32; 197; 1; 96; 96; 0],0.015321974249673076,0.4514032238095,tvm
8,1,197,1,384,96,1,[8; 1; 197; 1; 384; 96; 1],0.012650853881496005,0.5467131812774274,tvm
8,2,1,1,384,128,1,[8; 2; 1; 1; 384; 128; 1],0.012133337440900505,0.5700318321415822,tvm
12,3,197,1,192,64,1,[12; 3; 197; 1; 192; 64; 1],0.012007517005258705,0.5760048949670054,tvm
12,12,1,1,192,64,0,[12; 12; 1; 1; 192; 64; 0],0.013868863505194895,0.49869901515995757,tvm
8,1,197,1,384,128,1,[8; 1; 197; 1; 384; 128; 1],0.014696554499096237,0.4706129298437871,tvm
8,1,1,1,384,96,0,[8; 1; 1; 1; 384; 96; 0],0.01276085662539117,0.5420003354372424,tvm
12,6,1,1,192,64,0,[12; 6; 1; 1; 192; 64; 0],0.01368356701277662,0.5054521649925491,tvm
12,6,197,1,192,64,1,[12; 6; 197; 1; 192; 64; 1],0.01318708574399352,0.5244819595245949,tvm
12,6,1,1,384,64,0,[12; 6; 1; 1; 384; 64; 0],0.012918814885779284,0.5353733010790303,tvm
12,12,1,1,384,64,0,[12; 12; 1; 1; 384; 64; 0],0.013002761625102721,0.5319168935679025,tvm
32,8,1,1,128,128,1,[32; 8; 1; 1; 128; 128; 1],0.012651461380301043,0.5466869291635932,tvm
12,4,197,1,384,64,0,[12; 4; 197; 1; 384; 64; 0],0.012446670749341138,0.5556818132908906,tvm
16,16,197,1,256,64,0,[16; 16; 197; 1; 256; 64; 0],0.012176768752397038,0.5679986794581326,tvm
12,12,1,1,256,64,0,[12; 12; 1; 1; 256; 64; 0],0.013170307502150536,0.5251501204735893,tvm
16,2,1,1,96,96,1,[16; 2; 1; 1; 96; 96; 1],0.01472065263078548,0.46984252294387024,tvm
12,1,197,1,128,128,0,[12; 1; 197; 1; 128; 128; 0],0.011823596687463578,0.5849648591922911,tvm
32,2,197,1,384,96,1,[32; 2; 197; 1; 384; 96; 1],0.012234934569278266,0.5652983701928016,tvm
32,16,197,1,128,128,1,[32; 16; 197; 1; 128; 128; 1],0.01260106687550433,0.5488732533333022,tvm
32,32,197,1,384,128,1,[32; 32; 197; 1; 384; 128; 1],0.015354351373389363,0.4504513673834096,tvm
32,32,197,1,384,96,0,[32; 32; 197; 1; 384; 96; 0],0.011333164184179623,0.610278688195783,tvm
16,8,197,1,192,96,0,[16; 8; 197; 1; 192; 96; 0],0.011632966685283463,0.5945507073598257,tvm
32,1,197,1,96,96,1,[32; 1; 197; 1; 96; 96; 1],0.013129283368471079,0.5267910195340687,tvm
32,4,197,1,192,96,1,[32; 4; 197; 1; 192; 96; 1],0.012495487557316665,0.5535109006113745,tvm
32,16,197,1,384,128,1,[32; 16; 197; 1; 384; 128; 1],0.012353702433756553,0.5598636205231482,tvm
16,2,1,1,128,128,0,[16; 2; 1; 1; 128; 128; 0],0.010943045563180931,0.6320350702641241,tvm
24,12,1,1,96,96,1,[24; 12; 1; 1; 96; 96; 1],0.01341037249949295,0.5157491763700137,tvm
24,3,197,1,384,96,1,[24; 3; 197; 1; 384; 96; 1],0.012353088808595203,0.5598914310901895,tvm
8,8,197,1,384,128,0,[8; 8; 197; 1; 384; 128; 0],0.011292054747173097,0.6125004462239302,tvm
32,32,197,1,256,128,1,[32; 32; 197; 1; 256; 128; 1],0.015534833510173485,0.4452180686004232,tvm
12,6,1,1,384,128,1,[12; 6; 1; 1; 384; 128; 1],0.012080591746780556,0.5725206774967599,tvm
16,8,1,1,384,96,0,[16; 8; 1; 1; 384; 96; 0],0.012700272112851962,0.5445858568990481,tvm
24,2,197,1,384,128,0,[24; 2; 197; 1; 384; 128; 0],0.011582543062104378,0.5971390336598468,tvm
16,16,1,1,384,128,0,[16; 16; 1; 1; 384; 128; 0],0.012883117873570882,0.5368567329200039,tvm
24,3,197,1,384,96,0,[24; 3; 197; 1; 384; 96; 0],0.012205147686472628,0.5666779910491566,tvm
24,1,1,1,128,128,1,[24; 1; 1; 1; 128; 128; 1],0.011938262374314945,0.5793463365580834,tvm
24,6,197,1,128,128,1,[24; 6; 197; 1; 128; 128; 1],0.01144581531843869,0.6042722496392705,tvm
24,6,1,1,192,96,1,[24; 6; 1; 1; 192; 96; 1],0.011667606500850525,0.5927855529687595,tvm
24,3,1,1,192,96,1,[24; 3; 1; 1; 192; 96; 1],0.011697496251144912,0.591270851721933,tvm
12,1,197,1,384,128,0,[12; 1; 197; 1; 384; 128; 0],0.011409404374717269,0.6062006695770183,tvm
16,8,197,1,384,96,1,[16; 8; 197; 1; 384; 96; 1],0.014362439993419684,0.4815608332983388,tvm
12,2,1,1,256,128,0,[12; 2; 1; 1; 256; 128; 0],0.012840121882618405,0.5386544329295849,tvm
24,24,197,1,256,128,1,[24; 24; 197; 1; 256; 128; 1],0.015512830243096687,0.445849562139469,tvm
16,4,1,1,256,128,1,[16; 4; 1; 1; 256; 128; 1],0.01160631237871712,0.595916114071803,tvm
8,8,1,1,96,96,1,[8; 8; 1; 1; 96; 96; 1],0.014095023507252336,0.49069720017635093,tvm
32,16,197,1,256,64,1,[32; 16; 197; 1; 256; 64; 1],0.01495336537482217,0.4625305674048524,tvm
24,24,197,1,64,64,0,[24; 24; 197; 1; 64; 64; 0],0.01578730762412306,0.4380980428138555,tvm
8,8,1,1,128,128,1,[8; 8; 1; 1; 128; 128; 1],0.015179948750301264,0.45562660883761597,tvm
24,2,197,1,128,64,1,[24; 2; 197; 1; 128; 64; 1],0.014328307122923434,0.4827080067514219,tvm
24,24,197,1,128,64,1,[24; 24; 197; 1; 128; 64; 1],0.015042104379972443,0.4598019264270816,tvm
24,2,197,1,256,64,0,[24; 2; 197; 1; 256; 64; 0],0.014502793492283672,0.4769004381885801,tvm
6,3,1,1,384,96,0,[6; 3; 1; 1; 384; 96; 0],0.013978823000798002,0.4947761747204138,tvm
6,2,197,1,384,96,1,[6; 2; 197; 1; 384; 96; 1],0.0119695328103262,0.5778327927270273,tvm
16,1,1,1,384,64,1,[16; 1; 1; 1; 384; 64; 1],0.013348144871997647,0.5181535440133025,tvm
24,6,1,1,256,64,1,[24; 6; 1; 1; 256; 64; 1],0.013800029875710607,0.501186492617823,tvm
24,6,1,1,384,128,0,[24; 6; 1; 1; 384; 128; 0],0.01852120524563361,0.373430804297097,tvm
24,12,1,1,384,128,1,[24; 12; 1; 1; 384; 128; 1],0.018504655119613744,0.37376479197916224,tvm
8,1,1,1,128,128,0,[8; 1; 1; 1; 128; 128; 0],0.014115376994595863,0.48998964562381453,tvm
24,3,197,1,192,64,0,[24; 3; 197; 1; 192; 64; 0],0.01244778250111267,0.5556321835483818,tvm
6,1,197,1,384,96,0,[6; 1; 197; 1; 384; 96; 0],0.011509301686601248,0.6009390282540256,tvm
24,8,197,1,192,64,0,[24; 8; 197; 1; 192; 64; 0],0.01338987037888728,0.5165388742174915,tvm
8,4,1,1,256,128,0,[8; 4; 1; 1; 256; 128; 0],0.014253320259740576,0.4852475384955993,tvm
6,3,197,1,384,128,0,[6; 3; 197; 1; 384; 128; 0],0.012730242247926071,0.5433037672598371,tvm
8,8,197,1,384,64,1,[8; 8; 197; 1; 384; 64; 1],0.013180412992369384,0.524747485183713,tvm
12,12,1,1,96,96,1,[12; 12; 1; 1; 96; 96; 1],0.014991783376899548,0.46134528478352055,tvm
24,8,197,1,256,64,0,[24; 8; 197; 1; 256; 64; 0],0.01341351012524683,0.5156285347271319,tvm
32,32,197,1,192,96,0,[32; 32; 197; 1; 192; 96; 0],0.015549605741398409,0.44479510840681713,tvm
12,4,1,1,96,96,1,[12; 4; 1; 1; 96; 96; 1],0.015191927246632986,0.4552673574026931,tvm
12,3,1,1,192,64,0,[12; 3; 1; 1; 192; 64; 0],0.013920698373112828,0.4968420682677278,tvm
32,2,1,1,128,128,0,[32; 2; 1; 1; 128; 128; 0],0.01516227850515861,0.45615759986702736,tvm
32,4,1,1,256,128,1,[32; 4; 1; 1; 256; 128; 1],0.013005080239963718,0.5318220605955959,tvm
12,1,197,1,96,96,1,[12; 1; 197; 1; 96; 96; 1],0.014770458001294173,0.4682582334835226,tvm
12,4,1,1,256,64,0,[12; 4; 1; 1; 256; 64; 0],0.01338199524616357,0.516842850725971,tvm
12,6,1,1,384,64,0,[12; 6; 1; 1; 384; 64; 0],0.012950972508406267,0.5340439543778859,tvm
32,1,197,1,96,96,0,[32; 1; 197; 1; 96; 96; 0],0.0150755073846085,0.45878313710952984,tvm
16,1,1,1,96,96,0,[16; 1; 1; 1; 96; 96; 0],0.013843863125657663,0.4995996066018605,tvm
12,2,197,1,128,128,1,[12; 2; 197; 1; 128; 128; 1],0.015702533128205687,0.44046323704326423,tvm
16,4,197,1,256,64,0,[16; 4; 197; 1; 256; 64; 0],0.012429988375515677,0.5564275977162073,tvm
16,1,1,1,384,128,1,[16; 1; 1; 1; 384; 128; 1],0.013810142496367916,0.50081949358941,tvm
8,8,197,1,256,128,0,[8; 8; 197; 1; 256; 128; 0],0.011909100307093468,0.5807649942547661,tvm
16,8,197,1,256,64,0,[16; 8; 197; 1; 256; 64; 0],0.012437908189895097,0.5560732935018476,tvm
32,4,197,1,384,128,1,[32; 4; 197; 1; 384; 128; 1],0.012587162622367032,0.5494795593677597,tvm
24,1,1,1,96,96,0,[24; 1; 1; 1; 96; 96; 0],0.01318869212991558,0.524418077493848,tvm
32,4,197,1,96,96,1,[32; 4; 197; 1; 96; 96; 1],0.012759346253005788,0.5420644940801133,tvm
24,3,1,1,96,96,1,[24; 3; 1; 1; 96; 96; 1],0.010896207131736446,0.6347519359542827,tvm
32,1,197,1,384,96,1,[32; 1; 197; 1; 384; 96; 1],0.011844772998301778,0.5839190478720188,tvm
32,2,197,1,384,128,1,[32; 2; 197; 1; 384; 128; 1],0.012156349002907518,0.5689527809521041,tvm
24,8,197,1,384,128,1,[24; 8; 197; 1; 384; 128; 1],0.010870510122913402,0.6362524383147267,tvm
16,16,197,1,384,96,1,[16; 16; 197; 1; 384; 96; 1],0.014170845242915675,0.4880717030542853,tvm
12,2,197,1,384,128,1,[12; 2; 197; 1; 384; 128; 1],0.014734668759047054,0.4693955924310768,tvm
12,3,1,1,384,128,1,[12; 3; 1; 1; 384; 128; 1],0.01175692612741841,0.5882820472350178,tvm
12,3,1,1,384,96,0,[12; 3; 1; 1; 384; 96; 0],0.011968117309152149,0.5779011345535136,tvm
16,4,1,1,128,128,1,[16; 4; 1; 1; 128; 128; 1],0.015317589364713058,0.4515324446131041,tvm
12,1,197,1,128,128,0,[12; 1; 197; 1; 128; 128; 0],0.012102004380722065,0.5715076902836078,tvm
24,3,197,1,384,96,1,[24; 3; 197; 1; 384; 96; 1],0.012677929757046513,0.5455455822812377,tvm
12,2,1,1,384,128,0,[12; 2; 1; 1; 384; 128; 0],0.012471260939491913,0.5545861485045913,tvm
8,4,197,1,384,96,0,[8; 4; 197; 1; 384; 96; 0],0.012184586943476461,0.5676342253958436,tvm
12,2,1,1,256,128,1,[12; 2; 1; 1; 256; 128; 1],0.012832351130782627,0.5389806202261199,tvm
16,4,1,1,192,96,0,[16; 4; 1; 1; 192; 96; 0],0.012912957128719427,0.5356161646386932,tvm
8,4,197,1,384,128,0,[8; 4; 197; 1; 384; 128; 0],0.011757582877180539,0.5882491872417162,tvm
24,3,197,1,192,96,0,[24; 3; 197; 1; 192; 96; 0],0.01262428512563929,0.5478637802137194,tvm
12,6,1,1,256,128,1,[12; 6; 1; 1; 256; 128; 1],0.012628471755306236,0.5476821507339112,tvm
16,1,197,1,384,96,0,[16; 1; 197; 1; 384; 96; 0],0.01346309037762694,0.5137296398843371,tvm
24,3,197,1,192,96,1,[24; 3; 197; 1; 192; 96; 1],0.012488660438975785,0.553813485859801,tvm
12,3,1,1,256,128,0,[12; 3; 1; 1; 256; 128; 0],0.012936653627548367,0.5346350586909313,tvm
24,3,197,1,384,128,0,[24; 3; 197; 1; 384; 128; 0],0.011747319498681463,0.5887631278101253,tvm
12,2,197,1,256,128,0,[12; 2; 197; 1; 256; 128; 0],0.011634584749117494,0.5944680210398736,tvm
24,4,197,1,256,128,0,[24; 4; 197; 1; 256; 128; 0],0.011758286062104162,0.588214007968341,tvm
32,1,197,1,256,64,1,[32; 1; 197; 1; 256; 64; 1],0.01485177199356258,0.4656945026106274,tvm
24,2,1,1,128,64,1,[24; 2; 1; 1; 128; 64; 1],0.014240607502870262,0.4856807246484773,tvm
6,1,1,1,256,128,0,[6; 1; 1; 1; 256; 128; 0],0.014223542864783667,0.48626341813564505,tvm
16,8,197,1,64,64,0,[16; 8; 197; 1; 64; 64; 0],0.01568272538133897,0.4410195551634444,tvm
32,32,1,1,192,64,1,[32; 32; 1; 1; 192; 64; 1],0.015338733122916892,0.45091002731477964,tvm
6,1,197,1,128,128,1,[6; 1; 197; 1; 128; 128; 1],0.01528955863614101,0.45236025028739646,tvm
24,24,1,1,384,64,1,[24; 24; 1; 1; 384; 64; 1],0.018983299130923115,0.3643407040961611,tvm
24,1,1,1,192,64,1,[24; 1; 1; 1; 192; 64; 1],0.01378996649873443,0.5015522388733374,tvm
6,2,197,1,192,64,0,[6; 2; 197; 1; 192; 64; 0],0.013517671381123364,0.5116553270474457,tvm
12,2,1,1,128,64,0,[12; 2; 1; 1; 128; 64; 0],0.013061399877187796,0.5295288894346074,tvm
32,32,197,1,96,96,0,[32; 32; 197; 1; 96; 96; 0],0.015565842622891068,0.4443311383128952,tvm
16,4,197,1,128,64,1,[16; 4; 197; 1; 128; 64; 1],0.014128582493867725,0.4895316691841176,tvm
24,4,1,1,256,64,1,[24; 4; 1; 1; 256; 64; 1],0.014172770621371455,0.48800539825284306,tvm
6,6,197,1,128,128,0,[6; 6; 197; 1; 128; 128; 0],0.01508732837100979,0.4584236785565276,tvm
8,1,1,1,96,96,0,[8; 1; 1; 1; 96; 96; 0],0.014049665871425532,0.49228135634849857,tvm
24,6,197,1,128,64,0,[24; 6; 197; 1; 128; 64; 0],0.01347878438537009,0.5131314793443568,tvm
6,6,197,1,192,64,0,[6; 6; 197; 1; 192; 64; 0],0.01386279174766969,0.4989174401030156,tvm
24,1,197,1,192,64,0,[24; 1; 197; 1; 192; 64; 0],0.01497616148844827,0.4618265218870314,tvm
24,8,197,1,256,64,1,[24; 8; 197; 1; 256; 64; 1],0.015186657750746235,0.4554253269511336,tvm
24,2,197,1,192,64,0,[24; 2; 197; 1; 192; 64; 0],0.015010461749625392,0.46077120656206194,tvm
32,16,1,1,192,96,0,[32; 16; 1; 1; 192; 96; 0],0.013804296249873005,0.5010315952537022,tvm
32,8,197,1,96,96,0,[32; 8; 197; 1; 96; 96; 0],0.014794037502724677,0.46751189931448744,tvm
12,4,1,1,192,64,1,[12; 4; 1; 1; 192; 64; 1],0.013986631616717204,0.494499945445186,tvm
8,4,197,1,128,128,0,[8; 4; 197; 1; 128; 128; 0],0.01524472949677147,0.4536904753143258,tvm
12,4,1,1,192,64,0,[12; 4; 1; 1; 192; 64; 0],0.013978847622638568,0.4947753032394149,tvm
6,3,1,1,384,128,1,[6; 3; 1; 1; 384; 128; 1],0.014143965119728819,0.4889992666753111,tvm
8,1,197,1,128,128,0,[8; 1; 197; 1; 128; 128; 0],0.015098109375685453,0.45809633506609615,tvm
16,8,197,1,192,64,1,[16; 8; 197; 1; 192; 64; 1],0.014005287739564665,0.4938412334000042,tvm
16,16,197,1,128,128,1,[16; 16; 197; 1; 128; 128; 1],0.015159725007833913,0.45623443484987164,tvm
16,1,197,1,256,64,1,[16; 1; 197; 1; 256; 64; 1],0.013911424626712687,0.4971732771457308,tvm
6,6,1,1,384,96,1,[6; 6; 1; 1; 384; 96; 1],0.014183933744789101,0.4876213253583137,tvm
6,2,1,1,384,96,0,[6; 2; 1; 1; 384; 96; 0],0.01431782913277857,0.48306125930742627,tvm
32,4,197,1,128,128,0,[32; 4; 197; 1; 128; 128; 0],0.01530211337376386,0.45198910781088714,tvm
12,6,1,1,128,128,0,[12; 6; 1; 1; 128; 128; 0],0.01522419300454203,0.4543024756297503,tvm
16,16,1,1,128,128,1,[16; 16; 1; 1; 128; 128; 1],0.015219337117741816,0.4544474255298444,tvm
8,8,197,1,256,64,0,[8; 8; 197; 1; 256; 64; 0],0.012827067374018952,0.5392026384329766,tvm
32,2,197,1,192,96,0,[32; 2; 197; 1; 192; 96; 0],0.014640868743299507,0.4724028807780893,tvm
24,24,197,1,128,128,0,[24; 24; 197; 1; 128; 128; 0],0.01565017449320294,0.44193683427826586,tvm
12,12,1,1,256,64,1,[12; 12; 1; 1; 256; 64; 1],0.013422995994915254,0.5152641462493588,tvm
16,1,197,1,256,64,0,[16; 1; 197; 1; 256; 64; 0],0.012387435184791684,0.5583390321121492,tvm
16,2,197,1,256,64,0,[16; 2; 197; 1; 256; 64; 0],0.012574584368849173,0.5500291992602503,tvm
24,12,1,1,96,96,0,[24; 12; 1; 1; 96; 96; 0],0.013974577261251397,0.49492649703302877,tvm
12,1,197,1,384,128,1,[12; 1; 197; 1; 384; 128; 1],0.015178526999079622,0.45566928673961304,tvm
8,2,1,1,384,128,1,[8; 2; 1; 1; 384; 128; 1],0.012942569868755527,0.534390669052931,tvm
12,6,197,1,256,64,1,[12; 6; 197; 1; 256; 64; 1],0.013467565004248172,0.5135589521377386,tvm
12,12,1,1,192,96,1,[12; 12; 1; 1; 192; 96; 1],0.013231761258793995,0.5227111067192096,tvm
16,8,1,1,384,96,1,[16; 8; 1; 1; 384; 96; 1],0.012467172440665308,0.5547680201220895,tvm
16,8,197,1,384,64,0,[16; 8; 197; 1; 384; 64; 0],0.01222703600069508,0.5656635484704052,tvm
12,4,1,1,192,96,0,[12; 4; 1; 1; 192; 96; 0],0.013417333888355643,0.5154815873987472,tvm
24,12,197,1,192,96,1,[24; 12; 197; 1; 192; 96; 1],0.013146521741873585,0.5261002649391943,tvm
8,4,197,1,256,128,0,[8; 4; 197; 1; 256; 128; 0],0.014726939247339033,0.46964195718253354,tvm
12,6,197,1,256,128,1,[12; 6; 197; 1; 256; 128; 1],0.015280852137948386,0.45261798942824977,tvm
24,6,1,1,96,96,1,[24; 6; 1; 1; 96; 96; 1],0.012489336004364304,0.5537835293254735,tvm
16,8,1,1,192,96,0,[16; 8; 1; 1; 192; 96; 0],0.012731573879136704,0.5432469415868916,tvm
12,1,1,1,256,128,0,[12; 1; 1; 1; 256; 128; 0],0.012851265739300288,0.5381873437009129,tvm
32,2,197,1,256,128,1,[32; 2; 197; 1; 256; 128; 1],0.014248393010348082,0.4854153423761861,tvm
24,4,197,1,384,96,1,[24; 4; 197; 1; 384; 96; 1],0.01256489849765785,0.5504531988633108,tvm
12,4,1,1,384,96,1,[12; 4; 1; 1; 384; 96; 1],0.012287961748370435,0.5628588949949968,tvm
24,3,197,1,384,96,1,[24; 3; 197; 1; 384; 96; 1],0.012670237629208714,0.5458767841484056,tvm
24,2,197,1,128,128,1,[24; 2; 197; 1; 128; 128; 1],0.011665898309729528,0.5928723522011333,tvm
24,6,1,1,128,128,1,[24; 6; 1; 1; 128; 128; 1],0.011419470625696704,0.6056663043438234,tvm
16,2,1,1,256,128,0,[16; 2; 1; 1; 256; 128; 0],0.01177920444024494,0.5871694142431193,tvm
24,3,1,1,256,128,0,[24; 3; 1; 1; 256; 128; 0],0.011157649001688696,0.6198786653336903,tvm
24,3,1,1,256,128,1,[24; 3; 1; 1; 256; 128; 1],0.01099019718094496,0.6293234286478822,tvm
12,12,1,1,64,64,1,[12; 12; 1; 1; 64; 64; 1],0.012637155115953647,0.5473058222334429,tvm
4,2,197,1,384,96,0,[4; 2; 197; 1; 384; 96; 0],0.013766449876129627,0.5024090185677618,tvm
24,6,1,1,128,64,0,[24; 6; 1; 1; 128; 64; 0],0.014108659132034518,0.4902229550449989,tvm
16,8,197,1,128,64,0,[16; 8; 197; 1; 128; 64; 0],0.014131690506474115,0.48942400544789627,tvm
24,1,1,1,192,64,1,[24; 1; 1; 1; 192; 64; 1],0.013182039750972763,0.52468272756636,tvm
6,2,197,1,192,64,0,[6; 2; 197; 1; 192; 64; 0],0.011928598127269652,0.5798157082362594,tvm
8,2,1,1,128,128,0,[8; 2; 1; 1; 128; 128; 0],0.014246171384002082,0.48549104071536137,tvm
24,8,1,1,192,64,1,[24; 8; 1; 1; 192; 64; 1],0.013072516754618846,0.5290785776950593,tvm
12,4,1,1,128,128,1,[12; 4; 1; 1; 128; 128; 1],0.015539268744760193,0.4450909939864939,tvm
24,12,1,1,256,64,1,[24; 12; 1; 1; 256; 64; 1],0.013267501257359982,0.5213030273949882,tvm
24,4,197,1,192,64,1,[24; 4; 197; 1; 192; 64; 1],0.014875462380587123,0.4649528461350313,tvm
8,1,1,1,96,96,0,[8; 1; 1; 1; 96; 96; 0],0.013965870370157063,0.4952350543227037,tvm
12,12,197,1,128,128,0,[12; 12; 197; 1; 128; 128; 0],0.015107609506230801,0.4578082699699154,tvm
24,12,1,1,192,64,0,[24; 12; 1; 1; 192; 64; 0],0.013727974117500708,0.5038171337030287,tvm
24,24,197,1,192,64,0,[24; 24; 197; 1; 192; 64; 0],0.013067104751826264,0.5292977061702925,tvm
8,4,1,1,384,64,0,[8; 4; 1; 1; 384; 64; 0],0.01396717100578826,0.4951889375853055,tvm
12,1,197,1,96,96,1,[12; 1; 197; 1; 96; 96; 1],0.014928781121852808,0.46329224837413785,tvm
12,6,197,1,128,64,1,[12; 6; 197; 1; 128; 64; 1],0.013349659740924835,0.51809474590769,tvm
6,1,1,1,384,128,1,[6; 1; 1; 1; 384; 128; 1],0.013994905748404562,0.49420758494333183,tvm
8,4,197,1,192,96,0,[8; 4; 197; 1; 192; 96; 0],0.013996594003401697,0.4941479741248213,tvm
16,8,197,1,192,64,1,[16; 8; 197; 1; 192; 64; 1],0.013864665117580444,0.49885002722918753,tvm
16,4,1,1,384,64,1,[16; 4; 1; 1; 384; 64; 1],0.01362901899847202,0.5074751581316295,tvm
12,4,197,1,128,64,0,[12; 4; 197; 1; 128; 64; 0],0.013509861993952654,0.5119510898427028,tvm
12,3,197,1,64,64,0,[12; 3; 197; 1; 64; 64; 0],0.014112461256445386,0.49009088108353505,tvm
12,1,1,1,128,128,1,[12; 1; 1; 1; 128; 128; 1],0.015535348997218534,0.4452032955723678,tvm
6,1,1,1,384,96,1,[6; 1; 1; 1; 384; 96; 1],0.014217371746781282,0.4864744830910393,tvm
16,2,197,1,192,64,1,[16; 2; 197; 1; 192; 64; 1],0.013806117509375326,0.5009655007450035,tvm
6,6,1,1,384,128,1,[6; 6; 1; 1; 384; 128; 1],0.01380734474514611,0.5009209735173727,tvm
16,2,1,1,256,64,0,[16; 2; 1; 1; 256; 64; 0],0.01375662413192913,0.5027678669634966,tvm
12,3,1,1,96,96,0,[12; 3; 1; 1; 96; 96; 0],0.014782790371100418,0.4678675945340975,tvm
16,16,1,1,384,64,0,[16; 16; 1; 1; 384; 64; 0],0.013861238374374807,0.4989733517760476,tvm
12,1,197,1,192,64,1,[12; 1; 197; 1; 192; 64; 1],0.013219469750765711,0.5231971252877183,tvm
24,8,197,1,256,64,0,[24; 8; 197; 1; 256; 64; 0],0.013418296628515236,0.5154446024639631,tvm
12,12,197,1,192,64,1,[12; 12; 197; 1; 192; 64; 1],0.013475483996444382,0.5132571544928195,tvm
24,24,197,1,384,96,1,[24; 24; 197; 1; 384; 96; 1],0.015198974622762762,0.4550562615632132,tvm
32,32,197,1,384,96,0,[32; 32; 197; 1; 384; 96; 0],0.011277510937361512,0.6132903448149286,tvm
16,4,1,1,256,64,0,[16; 4; 1; 1; 256; 64; 0],0.013855979617801495,0.49916272701085157,tvm
8,2,197,1,256,128,0,[8; 2; 197; 1; 256; 128; 0],0.011789859629061539,0.5866387547464896,tvm
12,1,197,1,96,96,0,[12; 1; 197; 1; 96; 96; 0],0.01223978512280155,0.5650743458350425,tvm
16,1,1,1,384,96,1,[16; 1; 1; 1; 384; 96; 1],0.01348081775358878,0.5130540815735998,tvm
32,8,1,1,256,128,1,[32; 8; 1; 1; 256; 128; 1],0.012986373374587856,0.5325881500498651,tvm
8,4,197,1,384,64,0,[8; 4; 197; 1; 384; 64; 0],0.012741320999339223,0.5428313572656447,tvm
12,3,197,1,192,64,0,[12; 3; 197; 1; 192; 64; 0],0.01249095206730999,0.553711881540993,tvm
32,4,197,1,96,96,1,[32; 4; 197; 1; 96; 96; 1],0.012667554503423162,0.5459924067869256,tvm
12,6,197,1,384,96,1,[12; 6; 197; 1; 384; 96; 1],0.01434769200568553,0.48205582951514625,tvm
16,4,1,1,384,96,1,[16; 4; 1; 1; 384; 96; 1],0.012578244757605717,0.5498691355362935,tvm
16,16,197,1,192,96,0,[16; 16; 197; 1; 192; 96; 0],0.014502736870781519,0.476902300100537,tvm
12,6,197,1,192,96,0,[12; 6; 197; 1; 192; 96; 0],0.011357599876646418,0.6089656834671646,tvm
24,12,197,1,128,128,1,[24; 12; 197; 1; 128; 128; 1],0.012349200245807879,0.560067731817406,tvm
24,8,1,1,96,96,1,[24; 8; 1; 1; 96; 96; 1],0.012528444742201827,0.5520548411033692,tvm
24,2,197,1,384,96,1,[24; 2; 197; 1; 384; 96; 1],0.012302798750170041,0.5621800951050245,tvm
24,2,1,1,96,96,1,[24; 2; 1; 1; 96; 96; 1],0.012281351817364339,0.5631618305771224,tvm
24,4,1,1,128,128,0,[24; 4; 1; 1; 128; 128; 0],0.011916068506252486,0.5804253783703467,tvm
24,3,1,1,192,96,0,[24; 3; 1; 1; 192; 96; 0],0.01194639912864659,0.5789517407671051,tvm
16,2,197,1,384,96,0,[16; 2; 197; 1; 384; 96; 0],0.011323712504236028,0.6107880758047554,tvm
24,1,197,1,128,128,1,[24; 1; 197; 1; 128; 128; 1],0.011943180063099135,0.5791077866102136,tvm
12,4,197,1,384,96,0,[12; 4; 197; 1; 384; 96; 0],0.010690361814340577,0.646974227022942,tvm
24,6,197,1,256,128,1,[24; 6; 197; 1; 256; 128; 1],0.010594100502203219,0.6528528372928115,tvm
24,2,1,1,256,128,1,[24; 2; 1; 1; 256; 128; 1],0.01075717974890722,0.6429555638996531,tvm
24,4,197,1,256,128,1,[24; 4; 197; 1; 256; 128; 1],0.0105043653093162,0.6584299353426434,tvm
12,6,197,1,384,128,0,[12; 6; 197; 1; 384; 128; 0],0.011043827747926116,0.6262673349579703,tvm
24,3,1,1,128,128,1,[24; 3; 1; 1; 128; 128; 1],0.010175010625971481,0.6797426386734818,tvm
24,2,197,1,256,128,0,[24; 2; 197; 1; 256; 128; 0],0.011176202686328907,0.6188496008477836,tvm
16,4,197,1,256,128,0,[16; 4; 197; 1; 256; 128; 0],0.010527289123274386,0.6569961640112447,tvm
24,2,197,1,192,64,0,[24; 2; 197; 1; 192; 64; 0],0.014992543496191502,0.4613218946595362,tvm
24,8,1,1,192,64,1,[24; 8; 1; 1; 192; 64; 1],0.013766975243925117,0.502389845909001,tvm
4,2,197,1,384,96,0,[4; 2; 197; 1; 384; 96; 0],0.015639305507647805,0.4422439710028284,tvm
8,8,197,1,192,64,1,[8; 8; 197; 1; 192; 64; 1],0.013550579504226334,0.5104127516665539,tvm
32,2,1,1,192,96,0,[32; 2; 1; 1; 192; 96; 0],0.01428124273661524,0.4842987896071435,tvm
32,1,1,1,192,96,0,[32; 1; 1; 1; 192; 96; 0],0.01435734861297533,0.4817316036456721,tvm
12,3,1,1,192,64,0,[12; 3; 1; 1; 192; 64; 0],0.014118730250629596,0.48987327108400197,tvm
12,2,197,1,64,64,0,[12; 2; 197; 1; 64; 64; 0],0.014513935006107204,0.4765343491284947,tvm
16,4,1,1,384,64,1,[16; 4; 1; 1; 384; 64; 1],0.013828999755787663,0.5001365748476457,tvm
12,4,197,1,64,64,1,[12; 4; 197; 1; 64; 64; 1],0.013770342760835774,0.5022669872168665,tvm
12,4,197,1,64,64,0,[12; 4; 197; 1; 64; 64; 0],0.014089191754464991,0.4909003079780432,tvm
6,1,1,1,384,96,0,[6; 1; 1; 1; 384; 96; 0],0.014233850000891834,0.48591130094775614,tvm
16,4,1,1,96,96,0,[16; 4; 1; 1; 96; 96; 0],0.01463741812040098,0.4725142449670695,tvm
16,4,197,1,96,96,0,[16; 4; 197; 1; 96; 96; 0],0.0145826088701142,0.4742902064391999,tvm
16,16,1,1,256,64,1,[16; 16; 1; 1; 256; 64; 1],0.01391647887066938,0.49699271171285114,tvm
8,8,197,1,192,96,0,[8; 8; 197; 1; 192; 96; 0],0.013893420633394271,0.49781754644384096,tvm
6,6,197,1,192,64,0,[6; 6; 197; 1; 192; 64; 0],0.013712665240745991,0.5043795972556177,tvm
8,2,197,1,384,64,1,[8; 2; 197; 1; 384; 64; 1],0.012919503627927043,0.535344760187069,tvm
12,2,1,1,256,64,0,[12; 2; 1; 1; 256; 64; 0],0.013428901133011095,0.5150375673275766,tvm
12,1,197,1,384,96,1,[12; 1; 197; 1; 384; 96; 1],0.01453875812876504,0.475720725950069,tvm
16,4,1,1,128,128,0,[16; 4; 1; 1; 128; 128; 0],0.015215599749353714,0.45455905027485666,tvm
6,6,197,1,256,128,0,[6; 6; 197; 1; 256; 128; 0],0.012652069868636318,0.5466606368159459,tvm
32,16,1,1,256,128,1,[32; 16; 1; 1; 256; 128; 1],0.013155150387319736,0.5257551884846019,tvm
8,2,197,1,192,64,0,[8; 2; 197; 1; 192; 64; 0],0.013000397375435568,0.5320136278678053,tvm
12,2,197,1,256,64,1,[12; 2; 197; 1; 256; 64; 1],0.01195465431374032,0.5785519505552814,tvm
12,2,197,1,96,96,0,[12; 2; 197; 1; 96; 96; 0],0.014224982747691683,0.4862141975216741,tvm
32,4,1,1,192,96,1,[32; 4; 1; 1; 192; 96; 1],0.012287322933843825,0.5628881578735334,tvm
16,1,1,1,384,128,1,[16; 1; 1; 1; 384; 128; 1],0.013591988492407836,0.5088577418449038,tvm
8,1,197,1,256,64,0,[8; 1; 197; 1; 256; 64; 0],0.011240793501201551,0.615293624127982,tvm
12,2,1,1,192,96,1,[12; 2; 1; 1; 192; 96; 1],0.011504644186061341,0.6011823103410922,tvm
12,6,1,1,384,64,0,[12; 6; 1; 1; 384; 64; 0],0.012522001867182553,0.5523388867681711,tvm
12,2,197,1,128,128,0,[12; 2; 197; 1; 128; 128; 0],0.014919385750545189,0.4635840031936858,tvm
32,4,1,1,96,96,1,[32; 4; 1; 1; 96; 96; 1],0.01275072137650568,0.5424311587713478,tvm
8,1,1,1,384,128,1,[8; 1; 1; 1; 384; 128; 1],0.012968044116860256,0.533340919347761,tvm
24,12,197,1,128,128,0,[24; 12; 197; 1; 128; 128; 0],0.012718533122097142,0.5438039516846528,tvm
8,2,197,1,384,96,1,[8; 2; 197; 1; 384; 96; 1],0.013523404239094816,0.5114384254989568,tvm
12,4,197,1,384,96,1,[12; 4; 197; 1; 384; 96; 1],0.01457273299456574,0.4746116307769952,tvm
16,16,1,1,384,96,1,[16; 16; 1; 1; 384; 96; 1],0.012474494003981818,0.5544424141949872,tvm
32,32,197,1,384,96,0,[32; 32; 197; 1; 384; 96; 0],0.011424389631429221,0.6054055222697541,tvm
24,24,197,1,384,128,0,[24; 24; 197; 1; 384; 128; 0],0.010620576569635887,0.6512253384813825,tvm
16,1,197,1,128,128,0,[16; 1; 197; 1; 128; 128; 0],0.012044197566865478,0.5742506740719774,tvm
12,2,1,1,192,96,0,[12; 2; 1; 1; 192; 96; 0],0.012143427127739415,0.5695582061532991,tvm
6,3,197,1,384,96,0,[6; 3; 197; 1; 384; 96; 0],0.01151204144116491,0.6007960105752275,tvm
12,3,1,1,192,96,0,[12; 3; 1; 1; 192; 96; 0],0.01221161505964119,0.5663778736595545,tvm
24,3,197,1,96,96,0,[24; 3; 197; 1; 96; 96; 0],0.011735806627257261,0.5893407067022353,tvm
32,1,197,1,384,128,1,[32; 1; 197; 1; 384; 128; 1],0.012113636126741767,0.5709589176250821,tvm
16,16,197,1,384,64,0,[16; 16; 197; 1; 384; 64; 0],0.011106171252322383,0.6227518389816205,tvm
16,8,1,1,192,96,0,[16; 8; 1; 1; 192; 96; 0],0.011927479434234556,0.5798700898680216,tvm
16,4,1,1,192,96,0,[16; 4; 1; 1; 192; 96; 0],0.012815594629500993,0.5396853420681174,tvm
8,1,197,1,384,128,0,[8; 1; 197; 1; 384; 128; 0],0.011931075998290908,0.5796952908873704,tvm
12,6,1,1,384,128,0,[12; 6; 1; 1; 384; 128; 0],0.011988007368927356,0.5769423023008556,tvm
8,1,197,1,384,96,0,[8; 1; 197; 1; 384; 96; 0],0.011858651749207638,0.5832356593059329,tvm
12,2,1,1,384,96,0,[12; 2; 1; 1; 384; 96; 0],0.012357419313048013,0.5596952240768961,tvm
12,12,1,1,256,128,0,[12; 12; 1; 1; 256; 128; 0],0.012406236433889717,0.557492887410665,tvm
24,1,197,1,192,96,1,[24; 1; 197; 1; 192; 96; 1],0.012196068812045269,0.567099831758714,tvm
24,4,197,1,128,128,0,[24; 4; 197; 1; 128; 128; 0],0.011906827370694373,0.5808758585390683,tvm
12,4,1,1,384,96,0,[12; 4; 1; 1; 384; 96; 0],0.011893176124431193,0.5815426004850623,tvm
8,4,197,1,384,128,0,[8; 4; 197; 1; 384; 128; 0],0.010548430873313919,0.6556793758705937,tvm
24,6,197,1,384,96,0,[24; 6; 197; 1; 384; 96; 0],0.01181574475049274,0.5853535868858494,tvm
24,3,1,1,128,128,0,[24; 3; 1; 1; 128; 128; 0],0.011024539191566873,0.627363053570457,tvm
24,1,1,1,256,128,0,[24; 1; 1; 1; 256; 128; 0],0.01109960437315749,0.6231202787871145,tvm
24,3,197,1,384,128,0,[24; 3; 197; 1; 384; 128; 0],0.010955519122944679,0.6313154578812464,tvm
24,3,197,1,256,128,1,[24; 3; 197; 1; 256; 128; 1],0.010144564439542592,0.6817827036978656,tvm
24,4,1,1,256,128,1,[24; 4; 1; 1; 256; 128; 1],0.010558772315562237,0.6550371922723182,tvm
12,2,1,1,128,128,1,[12; 2; 1; 1; 128; 128; 1],0.015651970126782544,0.4418861341674641,tvm
6,6,197,1,128,64,1,[6; 6; 197; 1; 128; 64; 1],0.013435671746265143,0.5147780253972931,tvm
24,3,197,1,192,64,1,[24; 3; 197; 1; 192; 64; 1],0.014985756628448144,0.4615308217603692,tvm
16,1,1,1,192,64,0,[16; 1; 1; 1; 192; 64; 0],0.014204593884642236,0.48691209531209845,tvm
6,1,197,1,128,128,0,[6; 1; 197; 1; 128; 128; 0],0.015086656989296898,0.45844407918436436,tvm
4,2,197,1,384,128,0,[4; 2; 197; 1; 384; 128; 0],0.01449882249289658,0.47703105371606025,tvm
32,8,1,1,128,128,0,[32; 8; 1; 1; 128; 128; 0],0.015235668499371968,0.45396029532367893,tvm
24,4,1,1,192,64,1,[24; 4; 1; 1; 192; 64; 1],0.013738878376898356,0.5034172646188017,tvm
6,2,197,1,128,64,0,[6; 2; 197; 1; 128; 64; 0],0.01410883326025214,0.4902169048176112,tvm
24,8,197,1,192,64,1,[24; 8; 197; 1; 192; 64; 1],0.015050338377477601,0.4595503700952497,tvm
32,2,1,1,192,96,0,[32; 2; 1; 1; 192; 96; 0],0.014167282759444788,0.4881944328257074,tvm
32,16,1,1,192,96,0,[32; 16; 1; 1; 192; 96; 0],0.01376493988209404,0.5024641321118789,tvm
16,2,1,1,96,96,1,[16; 2; 1; 1; 96; 96; 1],0.014840562886092812,0.46604624261994565,tvm
32,32,1,1,96,96,1,[32; 32; 1; 1; 96; 96; 1],0.01563105412060395,0.4424774246230642,tvm
16,4,1,1,384,64,1,[16; 4; 1; 1; 384; 64; 1],0.013604204883449711,0.5084007945104349,tvm
32,2,1,1,128,128,0,[32; 2; 1; 1; 128; 128; 0],0.015251569129759446,0.45348701583321344,tvm
24,8,1,1,192,64,0,[24; 8; 1; 1; 192; 64; 0],0.013349064873182215,0.5181178335063262,tvm
16,2,1,1,256,64,0,[16; 2; 1; 1; 256; 64; 0],0.013349230750463903,0.5181113953842035,tvm
8,8,1,1,192,96,0,[8; 8; 1; 1; 192; 96; 0],0.012696211502770893,0.5447600309682222,tvm
8,1,1,1,256,128,0,[8; 1; 1; 1; 256; 128; 0],0.011974135442869738,0.5776106846650951,tvm
6,3,1,1,384,128,1,[6; 3; 1; 1; 384; 128; 1],0.012963097135070711,0.5335444531011642,tvm
6,6,1,1,384,96,1,[6; 6; 1; 1; 384; 96; 1],0.01290587949915789,0.5359098984210929,tvm
4,4,197,1,384,64,0,[4; 4; 197; 1; 384; 64; 0],0.014122377499006689,0.48974675630325293,tvm
24,8,197,1,384,64,0,[24; 8; 197; 1; 384; 64; 0],0.012580985494423658,0.5497493478944206,tvm
16,8,1,1,256,64,1,[16; 8; 1; 1; 256; 64; 1],0.013857715122867376,0.499100213137984,tvm
16,8,1,1,256,64,0,[16; 8; 1; 1; 256; 64; 0],0.013958198498585261,0.4955072513211203,tvm
12,2,1,1,128,128,0,[12; 2; 1; 1; 128; 128; 0],0.015306738248909824,0.4518525409501381,tvm
12,2,1,1,384,64,0,[12; 2; 1; 1; 384; 64; 0],0.01313779636984691,0.526449670608585,tvm
16,16,197,1,384,96,1,[16; 16; 197; 1; 384; 96; 1],0.014521446748403832,0.4762878445419914,tvm
32,16,197,1,128,128,1,[32; 16; 197; 1; 128; 128; 1],0.012725778884487227,0.5434943223679358,tvm
8,1,197,1,256,64,1,[8; 1; 197; 1; 256; 64; 1],0.012836640496971086,0.5388005197357169,tvm
32,32,197,1,384,128,1,[32; 32; 197; 1; 384; 128; 1],0.015402710007037967,0.4490371219264832,tvm
32,16,197,1,192,96,1,[32; 16; 197; 1; 192; 96; 1],0.013073356632958166,0.5290445878292827,tvm
12,1,1,1,96,96,0,[12; 1; 1; 1; 96; 96; 0],0.012255303940037265,0.5643587956095636,tvm
12,1,197,1,192,64,0,[12; 1; 197; 1; 192; 64; 0],0.012535882880911231,0.5517272805699521,tvm
12,6,197,1,256,128,1,[12; 6; 197; 1; 256; 128; 1],0.015301650753826834,0.4520027729491102,tvm
12,1,197,1,128,128,0,[12; 1; 197; 1; 128; 128; 0],0.011932639565202408,0.5796193318029925,tvm
8,8,1,1,384,128,1,[8; 8; 1; 1; 384; 128; 1],0.012793222136679105,0.5406291313897207,tvm
6,1,197,1,384,64,0,[6; 1; 197; 1; 384; 64; 0],0.013485458999639377,0.5128775054385265,tvm
16,1,1,1,384,96,0,[16; 1; 1; 1; 384; 96; 0],0.013923913502367213,0.49672734395058626,tvm
32,4,197,1,96,96,1,[32; 4; 197; 1; 96; 96; 1],0.012692960124695674,0.5448995745265054,tvm
8,4,1,1,384,96,0,[8; 4; 1; 1; 384; 96; 0],0.012790719003533013,0.5407349320642685,tvm
16,16,197,1,256,128,1,[16; 16; 197; 1; 256; 128; 1],0.014901129499776289,0.46415196724063146,tvm
16,4,1,1,384,128,0,[16; 4; 1; 1; 384; 128; 0],0.013049681365373544,0.530004402236268,tvm
16,4,197,1,384,128,1,[16; 4; 197; 1; 384; 128; 1],0.014922649250365794,0.46348261996837004,tvm
12,6,1,1,384,128,1,[12; 6; 1; 1; 384; 128; 1],0.012080381682608277,0.5725306329837132,tvm
24,1,197,1,192,96,0,[24; 1; 197; 1; 192; 96; 0],0.012344490620307624,0.5602814068367136,tvm
32,8,197,1,384,96,0,[32; 8; 197; 1; 384; 96; 0],0.014198790624504909,0.4871111036380773,tvm
24,2,197,1,96,96,1,[24; 2; 197; 1; 96; 96; 1],0.011060804623411968,0.6253060972425935,tvm
12,3,1,1,384,128,0,[12; 3; 1; 1; 384; 128; 0],0.011886525688169058,0.5818679699075245,tvm
24,6,197,1,192,96,1,[24; 6; 197; 1; 192; 96; 1],0.010894434060901403,0.6348552419304202,tvm
8,2,197,1,384,96,0,[8; 2; 197; 1; 384; 96; 0],0.01077527006418677,0.6418761228469092,tvm
24,3,1,1,96,96,1,[24; 3; 1; 1; 96; 96; 1],0.010958309496345464,0.6311547026240816,tvm
24,1,197,1,128,128,0,[24; 1; 197; 1; 128; 128; 0],0.011674038563796785,0.5924589450027593,tvm
16,2,1,1,256,128,1,[16; 2; 1; 1; 256; 128; 1],0.0111379728114116,0.6209737344970233,tvm
16,16,197,1,384,96,0,[16; 16; 197; 1; 384; 96; 0],0.010571352999249939,0.6542576500774597,tvm
16,1,197,1,384,128,0,[16; 1; 197; 1; 384; 128; 0],0.01166904693673132,0.5927123790767748,tvm
8,8,197,1,384,128,0,[8; 8; 197; 1; 384; 128; 0],0.01056775737379212,0.6544802579004237,tvm
16,4,1,1,256,128,1,[16; 4; 1; 1; 256; 128; 1],0.010811473373905756,0.6397267358694845,tvm
16,2,197,1,384,128,0,[16; 2; 197; 1; 384; 128; 0],0.010199688564171083,0.6780980152398073,tvm
24,3,1,1,256,128,0,[24; 3; 1; 1; 256; 128; 0],0.01061114975163946,0.6518038792506877,tvm
16,8,197,1,384,128,0,[16; 8; 197; 1; 384; 128; 0],0.010182726568018552,0.6792275649580194,tvm
12,12,197,1,384,128,0,[12; 12; 197; 1; 384; 128; 0],0.01065640193701256,0.649036007867354,tvm
24,4,197,1,256,128,1,[24; 4; 197; 1; 256; 128; 1],0.010422558123536874,0.6635979852018814,tvm
16,2,1,1,192,64,1,[16; 2; 1; 1; 192; 64; 1],0.013154407875845209,0.5257848651727453,tvm
12,6,1,1,128,64,1,[12; 6; 1; 1; 128; 64; 1],0.0165042971202638,0.4190659269540599,tvm
12,12,1,1,64,64,1,[12; 12; 1; 1; 64; 64; 1],0.01256829900376033,0.5503042670578767,tvm
12,1,1,1,64,64,0,[12; 1; 1; 1; 64; 64; 0],0.013157891371520236,0.5256456658700523,tvm
24,3,197,1,256,64,0,[24; 3; 197; 1; 256; 64; 0],0.012420559061865788,0.5568500207582127,tvm
6,3,197,1,128,64,0,[6; 3; 197; 1; 128; 64; 0],0.01184105431457283,0.5841024276796489,tvm
16,1,1,1,96,96,1,[16; 1; 1; 1; 96; 96; 1],0.011860106373205781,0.5831641263398782,tvm
8,1,197,1,128,64,0,[8; 1; 197; 1; 128; 64; 0],0.011246581183513626,0.6149769835447693,tvm
12,6,197,1,64,64,0,[12; 6; 197; 1; 64; 64; 0],0.013248127375845797,0.5220653738609612,tvm
16,16,1,1,256,64,1,[16; 16; 1; 1; 256; 64; 1],0.013300582868396305,0.5200064267756788,tvm
12,4,197,1,128,64,0,[12; 4; 197; 1; 128; 64; 0],0.0126666389987804,0.5460318693928604,tvm
16,1,1,1,256,64,1,[16; 1; 1; 1; 256; 64; 1],0.012942345623741858,0.5343999281506533,tvm
16,4,197,1,192,64,1,[16; 4; 197; 1; 192; 64; 1],0.013222036126535386,0.523095573574181,tvm
16,16,197,1,384,96,1,[16; 16; 197; 1; 384; 96; 1],0.014195099996868521,0.4872377491496605,tvm
6,6,197,1,192,96,0,[6; 6; 197; 1; 192; 96; 0],0.012799493240891024,0.5403642504636452,tvm
16,2,197,1,192,64,1,[16; 2; 197; 1; 192; 64; 1],0.013295443626702763,0.5202074308778682,tvm
12,6,197,1,256,128,1,[12; 6; 197; 1; 256; 128; 1],0.014886383622069843,0.46461173828509045,tvm
6,6,197,1,384,64,1,[6; 6; 197; 1; 384; 64; 1],0.011310082685668021,0.6115241385629233,tvm
8,8,197,1,384,128,1,[8; 8; 197; 1; 384; 128; 1],0.013845238252542913,0.49954998572583315,tvm
12,4,1,1,256,64,0,[12; 4; 1; 1; 256; 64; 0],0.01243968169001164,0.5559940152634323,tvm
12,6,197,1,192,96,1,[12; 6; 197; 1; 192; 96; 1],0.013778258507954888,0.5019784298164669,tvm
12,1,1,1,384,64,0,[12; 1; 1; 1; 384; 64; 0],0.012780668243067339,0.541160167832402,tvm
16,16,197,1,192,96,1,[16; 16; 197; 1; 192; 96; 1],0.014086656752624549,0.4909886492506426,tvm
12,2,1,1,384,64,1,[12; 2; 1; 1; 384; 64; 1],0.01261779700871557,0.5481454937538757,tvm
12,3,1,1,384,64,0,[12; 3; 1; 1; 384; 64; 0],0.01308718386280816,0.5284856271549698,tvm
6,2,197,1,384,96,1,[6; 2; 197; 1; 384; 96; 1],0.013276146375574172,0.520963566969519,tvm
12,12,1,1,384,64,1,[12; 12; 1; 1; 384; 64; 1],0.013245024878415279,0.522187661776298,tvm
16,2,197,1,256,64,1,[16; 2; 197; 1; 256; 64; 1],0.01389506462146528,0.497758647393697,tvm
16,16,197,1,256,128,1,[16; 16; 197; 1; 256; 128; 1],0.01512720450409688,0.45721524882904935,tvm
32,2,1,1,96,96,1,[32; 2; 1; 1; 96; 96; 1],0.012909191878861748,0.5357723888784908,tvm
12,1,1,1,384,96,1,[12; 1; 1; 1; 384; 96; 1],0.01264003112737555,0.5471812926511852,tvm
12,2,197,1,256,64,1,[12; 2; 197; 1; 256; 64; 1],0.01347766125400085,0.5131742400318481,tvm
12,1,1,1,384,128,1,[12; 1; 1; 1; 384; 128; 1],0.012319250316068064,0.5614293397713892,tvm
6,3,197,1,384,64,0,[6; 3; 197; 1; 384; 64; 0],0.013514488498913124,0.5117758302125017,tvm
12,4,197,1,192,64,0,[12; 4; 197; 1; 192; 64; 0],0.012492807254602667,0.5536296550865618,tvm
16,4,1,1,384,96,1,[16; 4; 1; 1; 384; 96; 1],0.012785862491000444,0.5409403218826101,tvm
32,8,197,1,384,128,1,[32; 8; 197; 1; 384; 128; 1],0.012383805311401375,0.5585026894003956,tvm
8,4,1,1,384,96,1,[8; 4; 1; 1; 384; 96; 1],0.013074832124402747,0.5289848852835278,tvm
24,12,1,1,192,96,0,[24; 12; 1; 1; 192; 96; 0],0.012466809122997802,0.5547841876129919,tvm
12,12,197,1,192,96,0,[12; 12; 197; 1; 192; 96; 0],0.014678403502330184,0.4711948796291504,tvm
8,4,1,1,384,96,0,[8; 4; 1; 1; 384; 96; 0],0.01210207493568305,0.5715043584001908,tvm
8,4,1,1,384,128,0,[8; 4; 1; 1; 384; 128; 0],0.01217291981447488,0.5681782741396405,tvm
12,2,1,1,384,96,1,[12; 2; 1; 1; 384; 96; 1],0.011640734934189823,0.5941539439330891,tvm
12,12,1,1,384,128,1,[12; 12; 1; 1; 384; 128; 1],0.011359244686900638,0.6088775056852572,tvm
12,12,1,1,256,128,0,[12; 12; 1; 1; 256; 128; 0],0.011300775433483068,0.6120277862469511,tvm
12,3,197,1,256,64,0,[12; 3; 197; 1; 256; 64; 0],0.011210268567083403,0.6169690342421493,tvm
12,12,197,1,256,64,0,[12; 12; 197; 1; 256; 64; 0],0.011218554558581673,0.6165133427227356,tvm
12,6,1,1,384,128,0,[12; 6; 1; 1; 384; 128; 0],0.011541483181645162,0.5992634103065673,tvm
24,24,1,1,256,128,1,[24; 24; 1; 1; 256; 128; 1],0.010908479314821307,0.6340378316555363,tvm
12,3,1,1,384,128,1,[12; 3; 1; 1; 384; 128; 1],0.012344483817287255,0.5602817156066775,tvm
24,1,197,1,192,96,0,[24; 1; 197; 1; 192; 96; 0],0.012584184878505766,0.549609580453797,tvm
24,2,197,1,192,96,0,[24; 2; 197; 1; 192; 96; 0],0.012517314869910479,0.552545705153939,tvm
24,1,1,1,192,96,0,[24; 1; 1; 1; 192; 96; 0],0.012032912374706939,0.5747892410458129,tvm
12,4,1,1,384,96,0,[12; 4; 1; 1; 384; 96; 0],0.012372380500892177,0.5590184177515255,tvm
24,3,197,1,96,96,0,[24; 3; 197; 1; 96; 96; 0],0.012994081756914966,0.5322722067488861,tvm
24,6,1,1,96,96,1,[24; 6; 1; 1; 96; 96; 1],0.012690309507888742,0.5450133873511203,tvm
16,1,1,1,256,128,0,[16; 1; 1; 1; 256; 128; 0],0.01142550962686073,0.6053461768714921,tvm
24,2,197,1,128,128,0,[24; 2; 197; 1; 128; 128; 0],0.011220510437851772,0.6164058765184618,tvm
8,1,197,1,384,128,0,[8; 1; 197; 1; 384; 128; 0],0.010877578126383014,0.6358390159159806,tvm
24,1,1,1,256,128,0,[24; 1; 1; 1; 256; 128; 0],0.011010237933078315,0.6281779388844544,tvm
24,3,1,1,128,128,0,[24; 3; 1; 1; 128; 128; 0],0.011001846061844844,0.6286570937776598,tvm
24,2,197,1,384,128,0,[24; 2; 197; 1; 384; 128; 0],0.011153572813782375,0.6201052063677791,tvm
24,12,197,1,256,128,0,[24; 12; 197; 1; 256; 128; 0],0.01143808269262081,0.6046807631396672,tvm
24,3,1,1,256,128,0,[24; 3; 1; 1; 256; 128; 0],0.01057852780650137,0.6538139047266941,tvm
6,1,1,1,96,96,0,[6; 1; 1; 1; 96; 96; 0],0.014290448758401908,0.4839868004398503,tvm
24,1,197,1,192,64,0,[24; 1; 197; 1; 192; 64; 0],0.015058657503686845,0.45929649238222037,tvm
32,16,1,1,384,96,0,[32; 16; 1; 1; 384; 96; 0],0.01911276124883443,0.3618728074600084,tvm
8,8,197,1,192,96,1,[8; 8; 197; 1; 192; 96; 1],0.013944663616712205,0.4959881974592427,tvm
16,1,1,1,192,64,0,[16; 1; 1; 1; 192; 64; 0],0.014342539245262742,0.48222901490145925,tvm
24,4,1,1,192,64,0,[24; 4; 1; 1; 192; 64; 0],0.013907455489970744,0.4973151685738827,tvm
12,6,197,1,256,128,1,[12; 6; 197; 1; 256; 128; 1],0.015317104509449564,0.45154673764624714,tvm
32,8,1,1,192,96,0,[32; 8; 1; 1; 192; 96; 0],0.013623492995975539,0.5076810017424837,tvm
8,2,1,1,384,64,1,[8; 2; 1; 1; 384; 64; 1],0.013987375001306646,0.49447366434248524,tvm
12,1,197,1,96,96,1,[12; 1; 197; 1; 96; 96; 1],0.015080498007591814,0.4586313109783727,tvm
16,2,1,1,96,96,1,[16; 2; 1; 1; 96; 96; 1],0.01495621187495999,0.46244253753907677,tvm
24,1,1,1,384,96,1,[24; 1; 1; 1; 384; 96; 1],0.017905630011227913,0.3862689314529328,tvm
24,4,197,1,128,64,0,[24; 4; 197; 1; 128; 64; 0],0.013638277989230119,0.5071306345926009,tvm
32,1,197,1,192,96,0,[32; 1; 197; 1; 192; 96; 0],0.014700060739414766,0.47050067982943067,tvm
24,12,1,1,192,64,1,[24; 12; 1; 1; 192; 64; 1],0.013600192498415709,0.508550785015305,tvm
12,2,1,1,192,64,0,[12; 2; 1; 1; 192; 64; 0],0.014052624494070187,0.4921777120243334,tvm
12,6,1,1,64,64,1,[12; 6; 1; 1; 64; 64; 1],0.012782389618223533,0.5410872910310955,tvm
8,1,197,1,64,64,0,[8; 1; 197; 1; 64; 64; 0],0.011279656559054274,0.6131736844307311,tvm
24,1,1,1,384,128,0,[24; 1; 1; 1; 384; 128; 0],0.01847703300882131,0.37432354903119713,tvm
12,6,197,1,192,96,1,[12; 6; 197; 1; 192; 96; 1],0.013809915617457591,0.5008277214007973,tvm
4,2,197,1,192,64,0,[4; 2; 197; 1; 192; 64; 0],0.013888681380194612,0.497987417386607,tvm
6,3,1,1,384,96,0,[6; 3; 1; 1; 384; 96; 0],0.013141011368134059,0.5263208726993632,tvm
24,24,197,1,384,96,1,[24; 24; 197; 1; 384; 96; 1],0.014886689124978147,0.4646022035768631,tvm
6,1,197,1,192,64,1,[6; 1; 197; 1; 192; 64; 1],0.01090333206957439,0.6343371482492647,tvm
8,4,197,1,384,96,1,[8; 4; 197; 1; 384; 96; 1],0.01264241999888327,0.5470778990129667,tvm
16,8,197,1,384,128,1,[16; 8; 197; 1; 384; 128; 1],0.014637351501733065,0.4725163955111462,tvm
12,4,197,1,128,64,1,[12; 4; 197; 1; 128; 64; 1],0.012032695376547053,0.5747996068203733,tvm
24,12,197,1,96,96,0,[24; 12; 197; 1; 96; 96; 0],0.013272014999529347,0.5211257349900403,tvm
24,12,197,1,256,64,0,[24; 12; 197; 1; 256; 64; 0],0.012387418435537256,0.5583397870525393,tvm
16,2,197,1,384,96,1,[16; 2; 197; 1; 384; 96; 1],0.014001657633343711,0.49396926796423035,tvm
12,1,1,1,384,64,1,[12; 1; 1; 1; 384; 64; 1],0.01270271786779631,0.5444810034679956,tvm
6,1,197,1,128,64,0,[6; 1; 197; 1; 128; 64; 0],0.011872715309436899,0.5825448005083685,tvm
16,8,197,1,192,64,0,[16; 8; 197; 1; 192; 64; 0],0.012491857058194,0.5536717670725975,tvm
12,3,1,1,384,64,0,[12; 3; 1; 1; 384; 64; 0],0.013148008496500552,0.5260407744084911,tvm
32,8,1,1,256,128,1,[32; 8; 1; 1; 256; 128; 1],0.013664837752003223,0.5061449463909405,tvm
32,1,1,1,128,128,1,[32; 1; 1; 1; 128; 128; 1],0.013227894756710157,0.5228638947191557,tvm
12,12,1,1,192,96,1,[12; 12; 1; 1; 192; 96; 1],0.013343127502594143,0.5183483834718585,tvm
8,1,197,1,128,64,0,[8; 1; 197; 1; 128; 64; 0],0.01335408586601261,0.5179230267667683,tvm
32,8,197,1,384,96,1,[32; 8; 197; 1; 384; 96; 1],0.012561850249767303,0.5505867713680707,tvm
16,16,1,1,384,96,0,[16; 16; 1; 1; 384; 96; 0],0.012791622008080594,0.5406967597275326,tvm
6,1,197,1,384,128,0,[6; 1; 197; 1; 384; 128; 0],0.012495707371272147,0.5535011637139864,tvm
16,8,1,1,384,96,0,[16; 8; 1; 1; 384; 96; 0],0.012716412747977301,0.5438946272429468,tvm
8,2,197,1,192,64,0,[8; 2; 197; 1; 192; 64; 0],0.013047134125372395,0.5301078769458241,tvm
6,3,197,1,384,128,0,[6; 3; 197; 1; 384; 128; 0],0.01266165376000572,0.546246857047641,tvm
12,6,197,1,192,96,0,[12; 6; 197; 1; 192; 96; 0],0.011721307681000326,0.590069705502203,tvm
24,6,1,1,96,96,0,[24; 6; 1; 1; 96; 96; 0],0.012941907247295603,0.5344180296821281,tvm
16,2,1,1,192,96,1,[16; 2; 1; 1; 192; 96; 1],0.01254012025310658,0.551540849037326,tvm
12,2,1,1,256,128,1,[12; 2; 1; 1; 256; 128; 1],0.012860206756158732,0.53781317070321,tvm
16,4,197,1,384,64,0,[16; 4; 197; 1; 384; 64; 0],0.01262989325914532,0.5476205087022732,tvm
12,4,1,1,384,96,1,[12; 4; 1; 1; 384; 96; 1],0.01213264606485609,0.5700643152743786,tvm
12,12,1,1,384,96,0,[12; 12; 1; 1; 384; 96; 0],0.012202672500279732,0.5667929358318861,tvm
8,8,197,1,384,64,0,[8; 8; 197; 1; 384; 64; 0],0.013112257875036448,0.5274750266005842,tvm
12,4,1,1,384,128,1,[12; 4; 1; 1; 384; 128; 1],0.012088766809029039,0.5721335087928701,tvm
32,8,197,1,384,128,0,[32; 8; 197; 1; 384; 128; 0],0.01453954286989756,0.475695049928162,tvm
16,8,197,1,256,64,0,[16; 8; 197; 1; 256; 64; 0],0.01240242256608326,0.5576643219964724,tvm
24,4,1,1,192,96,0,[24; 4; 1; 1; 192; 96; 0],0.01195661800011294,0.578456932500749,tvm
24,6,1,1,96,96,1,[24; 6; 1; 1; 96; 96; 1],0.010898566186369862,0.6346145404042648,tvm
24,4,1,1,128,128,0,[24; 4; 1; 1; 128; 128; 0],0.011154716747114435,0.620041613626607,tvm
24,1,1,1,128,128,1,[24; 1; 1; 1; 128; 128; 1],0.01079351612861501,0.6407910535374407,tvm
12,1,197,1,256,128,0,[12; 1; 197; 1; 256; 128; 0],0.011007652938133106,0.6283254577793391,tvm
24,1,197,1,384,128,0,[24; 1; 197; 1; 384; 128; 0],0.011257469188421965,0.6143821897857744,tvm
24,3,197,1,384,128,0,[24; 3; 197; 1; 384; 128; 0],0.011026334374037106,0.6272609134468187,tvm
24,6,1,1,256,128,1,[24; 6; 1; 1; 256; 128; 1],0.010421627746836748,0.6636572270131109,tvm
24,2,1,1,256,128,1,[24; 2; 1; 1; 256; 128; 1],0.010669560186215676,0.648235583352729,tvm
16,4,1,1,96,96,0,[16; 4; 1; 1; 96; 96; 0],0.014245612241211347,0.48551009632425945,tvm
16,2,1,1,96,96,1,[16; 2; 1; 1; 96; 96; 1],0.01449412624060642,0.47718561689160477,tvm
32,1,1,1,384,96,1,[32; 1; 1; 1; 384; 96; 1],0.018919547874247655,0.36556838553435067,tvm
8,1,1,1,64,64,0,[8; 1; 1; 1; 64; 64; 0],0.01139304568641819,0.6070710819384929,tvm
32,2,197,1,192,96,0,[32; 2; 197; 1; 192; 96; 0],0.01428225651034154,0.4842644134293857,tvm
24,3,1,1,384,96,0,[24; 3; 1; 1; 384; 96; 0],0.017935299503733404,0.38562994557123836,tvm
16,4,1,1,128,128,0,[16; 4; 1; 1; 128; 128; 0],0.014846455873339437,0.46586125540228723,tvm
12,3,1,1,128,128,0,[12; 3; 1; 1; 128; 128; 0],0.015034341879072599,0.46003933042496514,tvm
12,3,1,1,128,64,0,[12; 3; 1; 1; 128; 64; 0],0.015452481136890128,0.44759081147925744,tvm
4,4,197,1,64,64,1,[4; 4; 197; 1; 64; 64; 1],0.016667172370944172,0.4149707231375305,tvm
24,3,197,1,128,64,0,[24; 3; 197; 1; 128; 64; 0],0.013919857243308797,0.49687209075030153,tvm
24,12,1,1,256,64,1,[24; 12; 1; 1; 256; 64; 1],0.013469338126014918,0.5134913465473211,tvm
24,6,1,1,192,64,1,[24; 6; 1; 1; 192; 64; 1],0.01391126512316987,0.49717897762648483,tvm
6,2,1,1,384,128,0,[6; 2; 1; 1; 384; 128; 0],0.01444515900220722,0.4788032149990005,tvm
32,4,1,1,256,128,0,[32; 4; 1; 1; 256; 128; 0],0.014538612886099145,0.4757254784630494,tvm
12,12,197,1,384,96,1,[12; 12; 197; 1; 384; 96; 1],0.0148754631227348,0.46495282293819556,tvm
12,2,1,1,128,128,0,[12; 2; 1; 1; 128; 128; 0],0.014933929007383995,0.4631325465661985,tvm
16,4,197,1,128,64,1,[16; 4; 197; 1; 128; 64; 1],0.0134148727520369,0.515576159332439,tvm
16,2,1,1,384,64,0,[16; 2; 1; 1; 384; 64; 0],0.013587071749498136,0.5090418817935543,tvm
24,24,197,1,192,64,0,[24; 24; 197; 1; 192; 64; 0],0.012359132881101687,0.5596176234988459,tvm
16,16,1,1,256,64,0,[16; 16; 1; 1; 256; 64; 0],0.013347046871786006,0.5181961701242658,tvm
16,2,1,1,96,96,0,[16; 2; 1; 1; 96; 96; 0],0.011326449624903034,0.6106404743302588,tvm
12,2,197,1,64,64,1,[12; 2; 197; 1; 64; 64; 1],0.012678360872087069,0.5455270315467853,tvm
12,3,197,1,192,96,1,[12; 3; 197; 1; 192; 96; 1],0.013801798748318106,0.5011222593193808,tvm
4,4,197,1,384,128,0,[4; 4; 197; 1; 384; 128; 0],0.013508343123248778,0.5120086533429103,tvm
4,4,197,1,384,96,0,[4; 4; 197; 1; 384; 96; 0],0.014019953610841185,0.49332464025275713,tvm
16,1,197,1,128,64,1,[16; 1; 197; 1; 128; 64; 1],0.013468102741171606,0.5135384474225436,tvm
6,2,197,1,384,128,1,[6; 2; 197; 1; 384; 128; 1],0.01342747911985498,0.5150921114598069,tvm
4,2,197,1,384,64,0,[4; 2; 197; 1; 384; 64; 0],0.01409209700068459,0.4907991032911976,tvm
6,6,1,1,384,96,1,[6; 6; 1; 1; 384; 96; 1],0.01276124274590984,0.5419839359803239,tvm
6,1,197,1,192,96,0,[6; 1; 197; 1; 192; 96; 0],0.011491481127450243,0.6018709420239196,tvm
12,1,197,1,64,64,1,[12; 1; 197; 1; 64; 64; 1],0.012716154000372626,0.5439056943810131,tvm
4,1,197,1,384,64,1,[4; 1; 197; 1; 384; 64; 1],0.015179622118012048,0.45563641292635515,tvm
16,1,197,1,192,64,1,[16; 1; 197; 1; 192; 64; 1],0.013908023116528057,0.4972948717067671,tvm
24,24,197,1,192,96,0,[24; 24; 197; 1; 192; 96; 0],0.015349284120020457,0.45060007472318214,tvm
12,12,1,1,256,64,1,[12; 12; 1; 1; 256; 64; 1],0.013403977238340303,0.5159952489060603,tvm
8,8,1,1,192,96,0,[8; 8; 1; 1; 192; 96; 0],0.016136997001012787,0.428604440528463,tvm
32,32,197,1,256,128,0,[32; 32; 197; 1; 256; 128; 0],0.010430517999338917,0.6630915714700775,tvm
16,1,1,1,384,128,1,[16; 1; 1; 1; 384; 128; 1],0.013792451762128621,0.5014618641204621,tvm
24,24,197,1,192,96,1,[24; 24; 197; 1; 192; 96; 1],0.015369418368209153,0.4500097795330214,tvm
8,2,1,1,256,128,0,[8; 2; 1; 1; 256; 128; 0],0.014186985878041014,0.48751642039299814,tvm
8,1,1,1,384,96,1,[8; 1; 1; 1; 384; 96; 1],0.01300442049978301,0.5318490409890988,tvm
12,12,1,1,384,64,0,[12; 12; 1; 1; 384; 64; 0],0.013208974502049387,0.5236128338619691,tvm
12,6,1,1,384,64,0,[12; 6; 1; 1; 384; 64; 0],0.01309205312281847,0.5282890702126638,tvm
6,6,197,1,384,64,1,[6; 6; 197; 1; 384; 64; 1],0.01384255637822207,0.4996467691697354,tvm
12,3,197,1,192,64,1,[12; 3; 197; 1; 192; 64; 1],0.01357410938362591,0.509527982717719,tvm
12,12,197,1,256,64,1,[12; 12; 197; 1; 256; 64; 1],0.013688138758880086,0.5052833473755963,tvm
32,8,197,1,96,96,1,[32; 8; 197; 1; 96; 96; 1],0.012748900378937833,0.5425086372825517,tvm
24,8,1,1,96,96,0,[24; 8; 1; 1; 96; 96; 0],0.012026297503325623,0.5751053946167545,tvm
32,1,197,1,96,96,1,[32; 1; 197; 1; 96; 96; 1],0.012549302249681205,0.5511373010084502,tvm
12,3,1,1,192,96,1,[12; 3; 1; 1; 192; 96; 1],0.011638914249488153,0.5942468879116224,tvm
24,12,197,1,192,96,1,[24; 12; 197; 1; 192; 96; 1],0.011936181937926449,0.5794473146770821,tvm
12,1,197,1,192,64,0,[12; 1; 197; 1; 192; 64; 0],0.011255626937781926,0.6144827480211013,tvm
12,4,197,1,192,96,0,[12; 4; 197; 1; 192; 96; 0],0.010379913685028441,0.666324285663809,tvm
16,4,197,1,384,64,0,[16; 4; 197; 1; 384; 64; 0],0.011263717751717195,0.6140413604002233,tvm
24,8,197,1,192,96,1,[24; 8; 197; 1; 192; 96; 1],0.010789358253532555,0.6410379940034032,tvm
24,6,1,1,96,96,1,[24; 6; 1; 1; 96; 96; 1],0.010927035997156054,0.6329610859915423,tvm
8,2,197,1,384,128,0,[8; 2; 197; 1; 384; 128; 0],0.010986653745931108,0.6295263991540687,tvm
24,8,197,1,384,128,0,[24; 8; 197; 1; 384; 128; 0],0.011004824686096981,0.6284869381123751,tvm
8,8,197,1,384,96,0,[8; 8; 197; 1; 384; 96; 0],0.010792000568471849,0.6408810421706579,tvm
12,4,197,1,256,128,0,[12; 4; 197; 1; 256; 128; 0],0.010560911003267393,0.6549045408382611,tvm
16,8,197,1,384,96,0,[16; 8; 197; 1; 384; 96; 0],0.010485104307008442,0.6596394627000064,tvm
24,4,1,1,128,128,1,[24; 4; 1; 1; 128; 128; 1],0.01036784293683013,0.667100052881703,tvm
16,2,197,1,384,128,0,[16; 2; 197; 1; 384; 128; 0],0.01030767187330639,0.6709942513148707,tvm
16,4,1,1,96,96,1,[16; 4; 1; 1; 96; 96; 1],0.014327068740385585,0.4827497303710452,tvm
16,16,1,1,96,96,0,[16; 16; 1; 1; 96; 96; 0],0.01441039536439348,0.47995827987608275,tvm
8,2,1,1,64,64,1,[8; 2; 1; 1; 64; 64; 1],0.010757263058621902,0.642950584524854,tvm
12,1,1,1,96,96,1,[12; 1; 1; 1; 96; 96; 1],0.014331876242067665,0.4825877962249792,tvm
6,1,1,1,64,64,0,[6; 1; 1; 1; 64; 64; 0],0.012074789316102397,0.5727957971246078,tvm
12,3,197,1,256,128,1,[12; 3; 197; 1; 256; 128; 1],0.014884074742440134,0.46468381079190146,tvm
32,16,1,1,256,128,0,[32; 16; 1; 1; 256; 128; 0],0.013960682626930065,0.49541908202159846,tvm
6,6,197,1,64,64,0,[6; 6; 197; 1; 64; 64; 0],0.012007570185232908,0.5760023439158782,tvm
8,4,1,1,384,64,1,[8; 4; 1; 1; 384; 64; 1],0.014218196243746206,0.4864462729912527,tvm
4,4,197,1,128,64,1,[4; 4; 197; 1; 128; 64; 1],0.015525052745942958,0.44549855543878764,tvm
8,2,1,1,384,64,1,[8; 2; 1; 1; 384; 64; 1],0.014105971495155245,0.4903163581327265,tvm
32,1,1,1,256,128,0,[32; 1; 1; 1; 256; 128; 0],0.014734945245436393,0.46938678469610656,tvm
4,1,197,1,384,128,0,[4; 1; 197; 1; 384; 128; 0],0.014673924379167147,0.4713387089037954,tvm
24,12,1,1,192,64,0,[24; 12; 1; 1; 192; 64; 0],0.013845095003489405,0.4995551543478337,tvm
16,4,1,1,384,64,0,[16; 4; 1; 1; 384; 64; 0],0.013813602243317291,0.5006940586243218,tvm
8,1,1,1,384,64,1,[8; 1; 1; 1; 384; 64; 1],0.014228694373741746,0.4860873661178904,tvm
12,4,197,1,384,96,1,[12; 4; 197; 1; 384; 96; 1],0.013860681501682848,0.49899339874369386,tvm
4,2,197,1,128,64,0,[4; 2; 197; 1; 128; 64; 0],0.01398440012417268,0.49457885286572106,tvm
12,2,197,1,384,96,1,[12; 2; 197; 1; 384; 96; 1],0.013814038495183922,0.5006782465417247,tvm
8,4,197,1,64,64,1,[8; 4; 197; 1; 64; 64; 1],0.010660221996658947,0.6488034276956199,tvm
16,8,197,1,384,96,1,[16; 8; 197; 1; 384; 96; 1],0.01400653674500063,0.49379719607684214,tvm
8,1,197,1,128,128,0,[8; 1; 197; 1; 128; 128; 0],0.014120424384600483,0.48981449728745247,tvm
24,24,1,1,96,96,0,[24; 24; 1; 1; 96; 96; 0],0.01535887600039132,0.4503186672808839,tvm
6,1,197,1,384,128,1,[6; 1; 197; 1; 384; 128; 1],0.013797164749121293,0.501290569272144,tvm
8,1,197,1,384,128,1,[8; 1; 197; 1; 384; 128; 1],0.014626873875386082,0.47285487181696306,tvm
8,2,197,1,64,64,0,[8; 2; 197; 1; 64; 64; 0],0.01335707149701193,0.5178072583481952,tvm
6,3,1,1,384,96,0,[6; 3; 1; 1; 384; 96; 0],0.01429871449363418,0.4837070195721275,tvm
12,4,1,1,256,64,1,[12; 4; 1; 1; 256; 64; 1],0.013663114616065286,0.5062087793142116,tvm
16,8,197,1,192,96,1,[16; 8; 197; 1; 192; 96; 1],0.014757265249500051,0.46867684862294423,tvm
24,12,197,1,96,96,0,[24; 12; 197; 1; 96; 96; 0],0.014122070380835794,0.4897574070169189,tvm
24,6,197,1,384,64,0,[24; 6; 197; 1; 384; 64; 0],0.013298369507538155,0.5200929758725706,tvm
8,1,1,1,256,128,0,[8; 1; 1; 1; 256; 128; 0],0.014212530630175024,0.48664018755000543,tvm
6,6,197,1,384,64,1,[6; 6; 197; 1; 384; 64; 1],0.011676206937409006,0.5923489202019353,tvm
8,4,197,1,192,64,1,[8; 4; 197; 1; 192; 64; 1],0.010468023065186571,0.6607158322406028,tvm
24,12,197,1,256,64,0,[24; 12; 197; 1; 256; 64; 0],0.012378070379782002,0.5587614514396048,tvm
12,3,197,1,192,64,1,[12; 3; 197; 1; 192; 64; 1],0.011922865189262666,0.5800945042687591,tvm
16,1,1,1,96,96,0,[16; 1; 1; 1; 96; 96; 0],0.012741168757202104,0.5428378434685591,tvm
6,3,197,1,256,64,0,[6; 3; 197; 1; 256; 64; 0],0.011896678690391127,0.5813713853611003,tvm
16,1,1,1,128,128,0,[16; 1; 1; 1; 128; 128; 0],0.01202182043925859,0.5753195704738973,tvm
32,8,197,1,96,96,1,[32; 8; 197; 1; 96; 96; 1],0.01194580843730364,0.5789803685308141,tvm
6,1,197,1,384,64,0,[6; 1; 197; 1; 384; 64; 0],0.01208429055986926,0.5723454378362283,tvm
12,1,197,1,192,64,1,[12; 1; 197; 1; 192; 64; 1],0.011949333878874313,0.5788095505186545,tvm
32,4,197,1,384,96,0,[32; 4; 197; 1; 384; 96; 0],0.01391324438736774,0.4971082501582572,tvm
16,8,1,1,384,96,0,[16; 8; 1; 1; 384; 96; 0],0.01250502724724356,0.5530886446451467,tvm
6,1,197,1,192,64,0,[6; 1; 197; 1; 192; 64; 0],0.011877672062837519,0.5823016947124131,tvm
24,12,1,1,192,96,1,[24; 12; 1; 1; 192; 96; 1],0.01143422818131512,0.6048846027693209,tvm
24,8,197,1,192,96,0,[24; 8; 197; 1; 192; 96; 0],0.011704523378284648,0.5909158662761541,tvm
12,6,1,1,384,96,1,[12; 6; 1; 1; 384; 96; 1],0.011644427868304774,0.5939655129175081,tvm
24,6,197,1,192,96,0,[24; 6; 197; 1; 192; 96; 0],0.011827897811599541,0.584752141216989,tvm
12,6,1,1,384,96,0,[12; 6; 1; 1; 384; 96; 0],0.011776776751503348,0.5872904545418736,tvm
12,3,1,1,256,128,0,[12; 3; 1; 1; 256; 128; 0],0.011624323873547837,0.5949927623031406,tvm
12,6,197,1,192,96,0,[12; 6; 197; 1; 192; 96; 0],0.010277416935423389,0.6729695423360426,tvm
12,3,197,1,192,96,0,[12; 3; 197; 1; 192; 96; 0],0.010629408876411617,0.650684215072125,tvm
16,8,197,1,384,64,0,[16; 8; 197; 1; 384; 64; 0],0.011107227874163073,0.6226925970895973,tvm
24,24,1,1,256,128,0,[24; 24; 1; 1; 256; 128; 0],0.010997884251992218,0.6288835573238278,tvm
16,2,1,1,256,128,1,[16; 2; 1; 1; 256; 128; 1],0.010993629999575205,0.6291269191064117,tvm
16,4,1,1,256,128,1,[16; 4; 1; 1; 256; 128; 1],0.010935922502540052,0.6324467432740241,tvm
24,6,1,1,128,128,0,[24; 6; 1; 1; 128; 128; 0],0.011005739121173974,0.6284347189478724,tvm
24,8,197,1,128,128,1,[24; 8; 197; 1; 128; 128; 1],0.010429414687678218,0.6631617189025867,tvm
16,1,197,1,384,96,0,[16; 1; 197; 1; 384; 96; 0],0.012271634877834003,0.5636077540019951,tvm
24,1,197,1,256,128,1,[24; 1; 197; 1; 256; 128; 1],0.010557705936662387,0.6551033541681549,tvm
12,2,197,1,384,96,0,[12; 2; 197; 1; 384; 96; 0],0.01062489056494087,0.6509609232353597,tvm
12,3,197,1,256,128,0,[12; 3; 197; 1; 256; 128; 0],0.010879342567932326,0.6357358938043869,tvm
16,2,197,1,256,128,0,[16; 2; 197; 1; 256; 128; 0],0.010291184626112226,0.6720692342725392,tvm
24,4,1,1,384,128,1,[24; 4; 1; 1; 384; 128; 1],0.01859442112618126,0.37196041352909764,tvm
32,16,1,1,192,96,0,[32; 16; 1; 1; 192; 96; 0],0.013497455875040032,0.5124216471208177,tvm
8,4,1,1,256,64,1,[8; 4; 1; 1; 256; 64; 1],0.013014264244702645,0.5314467603686343,tvm
6,2,1,1,96,96,0,[6; 2; 1; 1; 96; 96; 0],0.012694980003288947,0.5448128763997037,tvm
32,4,197,1,128,128,0,[32; 4; 197; 1; 128; 128; 0],0.014913169376086444,0.4637772425839362,tvm
16,4,197,1,64,64,0,[16; 4; 197; 1; 64; 64; 0],0.014204645500285551,0.486910326011975,tvm
12,1,1,1,96,96,1,[12; 1; 1; 1; 96; 96; 1],0.014236809001886286,0.48581030837122235,tvm
24,1,197,1,192,64,0,[24; 1; 197; 1; 192; 64; 0],0.014025198499439284,0.49314015567801645,tvm
8,2,1,1,256,64,0,[8; 2; 1; 1; 256; 64; 0],0.012906700241728686,0.5358758196821816,tvm
8,8,1,1,192,96,1,[8; 8; 1; 1; 192; 96; 1],0.016146317866514437,0.42835701790389913,tvm
32,2,197,1,128,128,0,[32; 2; 197; 1; 128; 128; 0],0.014966863629524596,0.46211342219921475,tvm
4,4,197,1,64,64,1,[4; 4; 197; 1; 64; 64; 1],0.01379122762591578,0.5015063748517675,tvm
12,2,1,1,192,64,0,[12; 2; 1; 1; 192; 64; 0],0.012628775875782594,0.5476689616997394,tvm
8,1,1,1,128,128,0,[8; 1; 1; 1; 128; 128; 0],0.014136334750219248,0.48926321381299354,tvm
4,1,197,1,256,64,1,[4; 1; 197; 1; 256; 64; 1],0.013719568378292024,0.5041258136350792,tvm
16,1,1,1,96,96,1,[16; 1; 1; 1; 96; 96; 1],0.01195213824394159,0.5786737427451036,tvm
32,1,1,1,256,128,1,[32; 1; 1; 1; 256; 128; 1],0.014592523744795471,0.4739679504647269,tvm
4,2,197,1,384,128,0,[4; 2; 197; 1; 384; 128; 0],0.013455026128212921,0.5140375429614418,tvm
6,1,197,1,192,96,1,[6; 1; 197; 1; 192; 96; 1],0.011740490313968621,0.5891055983581519,tvm
24,24,197,1,96,96,1,[24; 24; 197; 1; 96; 96; 1],0.015416878872201778,0.44862443486531717,tvm
16,8,1,1,384,64,0,[16; 8; 1; 1; 384; 64; 0],0.013606662760139443,0.5083089581443915,tvm
16,1,1,1,128,128,1,[16; 1; 1; 1; 128; 128; 1],0.010998421312251594,0.6288528485196435,tvm
16,8,1,1,256,64,1,[16; 8; 1; 1; 256; 64; 1],0.013318178505869582,0.5193194075586525,tvm
16,2,1,1,384,64,1,[16; 2; 1; 1; 384; 64; 1],0.013439605871099047,0.5146273363790966,tvm
6,3,1,1,384,128,1,[6; 3; 1; 1; 384; 128; 1],0.013184468494728208,0.5245860744552637,tvm
8,2,197,1,384,128,1,[8; 2; 197; 1; 384; 128; 1],0.014086887618759647,0.49098060257241977,tvm
32,32,197,1,256,128,1,[32; 32; 197; 1; 256; 128; 1],0.015332693757954985,0.45108763538958546,tvm
16,2,197,1,192,64,1,[16; 2; 197; 1; 192; 64; 1],0.013092706751194783,0.5282626963899127,tvm
6,6,1,1,384,128,0,[6; 6; 1; 1; 384; 128; 0],0.013103883116855286,0.527812138566174,tvm
6,3,1,1,384,96,1,[6; 3; 1; 1; 384; 96; 1],0.013335731622646563,0.518635854945015,tvm
12,2,1,1,64,64,1,[12; 2; 1; 1; 64; 64; 1],0.012690331495832652,0.545012443031912,tvm
12,6,1,1,384,64,1,[12; 6; 1; 1; 384; 64; 1],0.012545983991003595,0.5512830700555761,tvm
12,1,1,1,64,64,0,[12; 1; 1; 1; 64; 64; 0],0.013378385003306903,0.5169823240786507,tvm
16,1,1,1,384,128,0,[16; 1; 1; 1; 384; 128; 0],0.014016283748787828,0.49345380668586436,tvm
32,4,197,1,384,96,0,[32; 4; 197; 1; 384; 96; 0],0.013916639625676908,0.4969869708106462,tvm
32,2,197,1,384,96,0,[32; 2; 197; 1; 384; 96; 0],0.014047069882508367,0.49237233311133216,tvm
6,3,197,1,384,96,1,[6; 3; 197; 1; 384; 96; 1],0.011590547816012986,0.596726632875212,tvm
12,3,197,1,128,64,0,[12; 3; 197; 1; 128; 64; 0],0.011297679557173979,0.6121954987683018,tvm
24,24,197,1,128,128,1,[24; 24; 197; 1; 128; 128; 1],0.015494628372834995,0.44637331112466716,tvm
12,4,197,1,384,64,1,[12; 4; 197; 1; 384; 64; 1],0.01199889462441206,0.5764188108925468,tvm
12,1,197,1,128,64,1,[12; 1; 197; 1; 128; 64; 1],0.012052932936057914,0.5738344856078388,tvm
24,8,197,1,384,96,1,[24; 8; 197; 1; 384; 96; 1],0.011405888442823198,0.6063875344827254,tvm
16,1,197,1,192,64,0,[16; 1; 197; 1; 192; 64; 0],0.01142619949678192,0.6053096284006336,tvm
8,4,197,1,128,64,0,[8; 4; 197; 1; 128; 64; 0],0.011270699877059087,0.6136609657672203,tvm
6,1,197,1,384,64,1,[6; 1; 197; 1; 384; 64; 1],0.011600247686146758,0.5962276632841432,tvm
32,8,197,1,256,128,1,[32; 8; 197; 1; 256; 128; 1],0.012638581247301772,0.5472440645112093,tvm
32,2,197,1,96,96,1,[32; 2; 197; 1; 96; 96; 1],0.012178264936665073,0.5679288968829556,tvm
12,6,1,1,192,96,1,[12; 6; 1; 1; 192; 96; 1],0.011444740870501846,0.6043289795451079,tvm
6,3,197,1,384,64,0,[6; 3; 197; 1; 384; 64; 0],0.012142989311541896,0.5695787416080942,tvm
24,3,197,1,96,96,0,[24; 3; 197; 1; 96; 96; 0],0.011846454501210246,0.583836165556706,tvm
6,2,197,1,384,96,0,[6; 2; 197; 1; 384; 96; 0],0.011571102622838225,0.5977294296722848,tvm
8,1,197,1,128,64,0,[8; 1; 197; 1; 128; 64; 0],0.011299067125946749,0.6121203188134036,tvm
12,3,1,1,384,96,1,[12; 3; 1; 1; 384; 96; 1],0.011545741879672278,0.5990423693436052,tvm
12,6,1,1,384,96,0,[12; 6; 1; 1; 384; 96; 0],0.011911328561836854,0.5806563504249429,tvm
24,3,1,1,192,96,0,[24; 3; 1; 1; 192; 96; 0],0.01136553368269233,0.6085405898678555,tvm
24,8,197,1,384,96,0,[24; 8; 197; 1; 384; 96; 0],0.011786683309765067,0.5867968443419923,tvm
24,24,1,1,256,128,0,[24; 24; 1; 1; 256; 128; 0],0.010834108310518786,0.6383902000235202,tvm
16,1,197,1,384,96,0,[16; 1; 197; 1; 384; 96; 0],0.012714654134470038,0.5439698554345973,tvm
24,12,1,1,256,128,0,[24; 12; 1; 1; 256; 128; 0],0.011046204686863348,0.6261325738109721,tvm
24,4,1,1,256,128,0,[24; 4; 1; 1; 256; 128; 0],0.010975190562021453,0.6301839163833783,tvm
12,6,197,1,384,96,0,[12; 6; 197; 1; 384; 96; 0],0.010822392127010971,0.6390813131014135,tvm
24,4,197,1,256,128,0,[24; 4; 197; 1; 256; 128; 0],0.01114685443462804,0.6204789532320976,tvm
16,1,197,1,256,128,0,[16; 1; 197; 1; 256; 128; 0],0.011916185743757524,0.5804196678498258,tvm
12,4,197,1,256,128,0,[12; 4; 197; 1; 256; 128; 0],0.010308065873687156,0.6709686042154294,tvm
6,6,1,1,192,96,0,[6; 6; 1; 1; 192; 96; 0],0.012395440120599233,0.5579784585409471,tvm
6,1,1,1,384,96,0,[6; 1; 1; 1; 384; 96; 0],0.013286025248817168,0.5205762025813043,tvm
6,1,1,1,384,128,1,[6; 1; 1; 1; 384; 128; 1],0.013051830886979587,0.5299171151787072,tvm
24,4,197,1,128,64,0,[24; 4; 197; 1; 128; 64; 0],0.012792227629688568,0.5406711615556948,tvm
4,4,197,1,384,64,0,[4; 4; 197; 1; 384; 64; 0],0.01408229861408472,0.49114059863146153,tvm
8,2,197,1,96,96,0,[8; 2; 197; 1; 96; 96; 0],0.01342389063211158,0.5152298063933662,tvm
16,8,1,1,256,64,0,[16; 8; 1; 1; 256; 64; 0],0.013328118991921656,0.5189320845365113,tvm
16,8,1,1,384,64,1,[16; 8; 1; 1; 384; 64; 1],0.013429974365863018,0.5149964090035044,tvm
4,1,197,1,384,96,0,[4; 1; 197; 1; 384; 96; 0],0.013682073738891631,0.5055073304983415,tvm
4,1,197,1,256,64,0,[4; 1; 197; 1; 256; 64; 0],0.013878970115911216,0.4983358645249507,tvm
12,4,197,1,192,96,1,[12; 4; 197; 1; 192; 96; 1],0.01384697349567432,0.49948738427131345,tvm
16,1,1,1,256,64,1,[16; 1; 1; 1; 256; 64; 1],0.012784249629476108,0.5410085669386292,tvm
8,4,1,1,64,64,1,[8; 4; 1; 1; 64; 64; 1],0.01068414056499023,0.6473509525035808,tvm
12,12,1,1,64,64,1,[12; 12; 1; 1; 64; 64; 1],0.012630872763111256,0.547578041608339,tvm
16,16,197,1,256,64,1,[16; 16; 197; 1; 256; 64; 1],0.012936131257447414,0.5346566476315523,tvm
6,6,197,1,384,128,1,[6; 6; 197; 1; 384; 128; 1],0.013623741251649335,0.5076717506354027,tvm
32,2,1,1,192,96,1,[32; 2; 1; 1; 192; 96; 1],0.012974417870282196,0.5330789127171945,tvm
12,2,197,1,64,64,1,[12; 2; 197; 1; 64; 64; 1],0.013316767872311175,0.5193744186086955,tvm
32,16,197,1,192,96,1,[32; 16; 197; 1; 192; 96; 1],0.012932829122291878,0.5347931613437177,tvm
16,2,1,1,128,128,0,[16; 2; 1; 1; 128; 128; 0],0.010697873498429544,0.6465199436545872,tvm
12,4,1,1,384,64,1,[12; 4; 1; 1; 384; 64; 1],0.01283695624442771,0.5387872669918035,tvm
24,6,197,1,256,64,0,[24; 6; 197; 1; 256; 64; 0],0.012660729626077227,0.5462867287824335,tvm
32,8,197,1,384,96,0,[32; 8; 197; 1; 384; 96; 0],0.01404619550157804,0.4924029834734636,tvm
12,2,1,1,64,64,1,[12; 2; 1; 1; 64; 64; 1],0.01330032774421852,0.5200164014330425,tvm
12,1,197,1,64,64,0,[12; 1; 197; 1; 64; 64; 0],0.013322311380761676,0.5191583032217898,tvm
12,1,1,1,128,128,0,[12; 1; 1; 1; 128; 128; 0],0.011424935561080929,0.605376593544148,tvm
12,1,1,1,64,64,1,[12; 1; 1; 1; 64; 64; 1],0.012655486119911075,0.5465130699757877,tvm
12,6,197,1,384,64,1,[12; 6; 197; 1; 384; 64; 1],0.012241418568009976,0.5649989446078497,tvm
12,2,197,1,256,64,1,[12; 2; 197; 1; 256; 64; 1],0.012015120810247026,0.5756403685537618,tvm
6,2,197,1,384,96,1,[6; 2; 197; 1; 384; 96; 1],0.011838296559290029,0.5842384955292388,tvm
12,1,197,1,256,64,1,[12; 1; 197; 1; 256; 64; 1],0.012030236874124967,0.5749170730216102,tvm
32,16,197,1,384,96,0,[32; 16; 197; 1; 384; 96; 0],0.014042572001926601,0.49253004153937485,tvm
12,1,197,1,384,64,1,[12; 1; 197; 1; 384; 64; 1],0.012415859811881091,0.5570607816310942,tvm
16,16,1,1,384,96,0,[16; 16; 1; 1; 384; 96; 0],0.012714714001049288,0.5439672941804112,tvm
16,4,1,1,384,128,1,[16; 4; 1; 1; 384; 128; 1],0.01265469950158149,0.5465470413235978,tvm
6,1,197,1,64,64,1,[6; 1; 197; 1; 64; 64; 1],0.01277289612335153,0.5414894558473676,tvm
12,4,197,1,192,64,1,[12; 4; 197; 1; 192; 64; 1],0.01249537525291089,0.5535158753889642,tvm
16,8,1,1,384,96,0,[16; 8; 1; 1; 384; 96; 0],0.012611425496288575,0.5484224264310168,tvm
6,3,197,1,128,64,1,[6; 3; 197; 1; 128; 64; 1],0.01231017749523744,0.5618431232290828,tvm
12,12,1,1,192,96,1,[12; 12; 1; 1; 192; 96; 1],0.01246223431371618,0.5549878454633338,tvm
16,16,1,1,384,128,0,[16; 16; 1; 1; 384; 128; 0],0.012673328121309169,0.5457436677425899,tvm
16,8,1,1,384,96,1,[16; 8; 1; 1; 384; 96; 1],0.012103687375201844,0.5714282232370721,tvm
24,6,197,1,96,96,0,[24; 6; 197; 1; 96; 96; 0],0.011837706311780494,0.5842676266216885,tvm
12,1,1,1,192,96,0,[12; 1; 1; 1; 192; 96; 0],0.012287348065001424,0.562887006605503,tvm
6,2,197,1,384,64,1,[6; 2; 197; 1; 384; 64; 1],0.011379907751688734,0.6077719364994155,tvm
8,4,197,1,128,64,1,[8; 4; 197; 1; 128; 64; 1],0.010474549191712867,0.660304175849458,tvm
16,1,197,1,192,64,0,[16; 1; 197; 1; 192; 64; 0],0.01152334200014593,0.6002068298711417,tvm
6,3,197,1,256,64,0,[6; 3; 197; 1; 256; 64; 0],0.01202618418756174,0.5751108135015884,tvm
24,4,1,1,96,96,0,[24; 4; 1; 1; 96; 96; 0],0.01179059587593656,0.586602122929532,tvm
24,1,197,1,384,128,1,[24; 1; 197; 1; 384; 128; 1],0.01098003399965819,0.6299059339564776,tvm
24,1,1,1,96,96,0,[24; 1; 1; 1; 96; 96; 0],0.012347709816822316,0.5601353347327451,tvm
24,12,1,1,128,128,0,[24; 12; 1; 1; 128; 128; 0],0.011860790189530235,0.5831305048742714,tvm
6,1,197,1,256,64,0,[6; 1; 197; 1; 256; 64; 0],0.011944175559619907,0.5790595204252563,tvm
12,2,197,1,256,64,0,[12; 2; 197; 1; 256; 64; 0],0.011266116496699397,0.6139106207054442,tvm
12,12,1,1,384,128,1,[12; 12; 1; 1; 384; 128; 1],0.011554055687156506,0.5986113239108611,tvm
12,6,197,1,384,64,0,[12; 6; 197; 1; 384; 64; 0],0.011314196563034784,0.6113017864675848,tvm
8,1,197,1,256,64,0,[8; 1; 197; 1; 256; 64; 0],0.012030634628899861,0.574898065212129,tvm
24,8,1,1,192,96,0,[24; 8; 1; 1; 192; 96; 0],0.011397969683457632,0.6068088232825032,tvm
24,4,197,1,192,96,0,[24; 4; 197; 1; 192; 96; 0],0.011872867755300831,0.5825373207193889,tvm
24,6,1,1,96,96,1,[24; 6; 1; 1; 96; 96; 1],0.011647260682366323,0.5938210502920931,tvm
12,1,197,1,256,128,0,[12; 1; 197; 1; 256; 128; 0],0.01068607375054853,0.6472338421839493,tvm
12,1,197,1,384,128,0,[12; 1; 197; 1; 384; 128; 0],0.01073888781684218,0.6440507331291191,tvm
24,2,1,1,128,128,1,[24; 2; 1; 1; 128; 128; 1],0.010927953495411202,0.63290794331554,tvm
12,4,197,1,256,128,0,[12; 4; 197; 1; 256; 128; 0],0.010272913932567462,0.6732645300864494,tvm
16,2,197,1,96,96,1,[16; 2; 197; 1; 96; 96; 1],0.014416921621887013,0.479741012181718,tvm
8,1,197,1,96,96,1,[8; 1; 197; 1; 96; 96; 1],0.01326887813047506,0.5212489332872444,tvm
16,16,1,1,256,64,0,[16; 16; 1; 1; 256; 64; 0],0.013330166257219389,0.5188523862320752,tvm
4,1,197,1,64,64,1,[4; 1; 197; 1; 64; 64; 1],0.013804842252284288,0.5010117786955599,tvm
8,8,197,1,192,96,1,[8; 8; 197; 1; 192; 96; 1],0.012657022758503444,0.5464467200062425,tvm
16,4,1,1,256,64,0,[16; 4; 1; 1; 256; 64; 0],0.013256455116788857,0.5217374109817032,tvm
4,4,197,1,128,64,1,[4; 4; 197; 1; 128; 64; 1],0.013443575997371227,0.5144753578051711,tvm
6,1,197,1,96,96,1,[6; 1; 197; 1; 96; 96; 1],0.012186872692836914,0.5675277608745204,tvm
4,1,197,1,384,64,1,[4; 1; 197; 1; 384; 64; 1],0.015581813378958032,0.4438757160811969,tvm
8,8,1,1,192,96,0,[8; 8; 1; 1; 192; 96; 0],0.01595187612110749,0.43357837779825914,tvm
4,2,197,1,256,64,1,[4; 2; 197; 1; 256; 64; 1],0.015998826493159868,0.4323059928417626,tvm
12,3,197,1,192,96,1,[12; 3; 197; 1; 192; 96; 1],0.014837365990388207,0.46614665810016925,tvm
12,6,1,1,64,64,0,[12; 6; 1; 1; 64; 64; 0],0.01474700761900749,0.469002847907531,tvm
16,2,197,1,128,64,1,[16; 2; 197; 1; 128; 64; 1],0.014580484872567467,0.4743592981905182,tvm
6,3,1,1,384,128,1,[6; 3; 1; 1; 384; 128; 1],0.014127059752354398,0.4895844353086915,tvm
4,4,197,1,384,64,1,[4; 4; 197; 1; 384; 64; 1],0.015713006869191304,0.44016963964991473,tvm
16,1,1,1,256,64,1,[16; 1; 1; 1; 256; 64; 1],0.013876169366994873,0.4984364480214208,tvm
6,6,197,1,192,96,1,[6; 6; 197; 1; 192; 96; 1],0.013703913253266364,0.5047017186700326,tvm
12,3,1,1,256,64,0,[12; 3; 1; 1; 256; 64; 0],0.013273545249830931,0.5210656566313109,tvm
6,3,197,1,384,128,1,[6; 3; 197; 1; 384; 128; 1],0.014526477505569346,0.4761228982578108,tvm
6,2,1,1,64,64,0,[6; 2; 1; 1; 64; 64; 0],0.014318514498881996,0.4830381372291525,tvm
32,2,1,1,192,96,1,[32; 2; 1; 1; 192; 96; 1],0.013083587255096063,0.5286309050092233,tvm
32,1,1,1,128,128,1,[32; 1; 1; 1; 128; 128; 1],0.013221034503658302,0.5231352031881306,tvm
12,6,1,1,256,64,0,[12; 6; 1; 1; 256; 64; 0],0.013328751127119176,0.5189074734358441,tvm
8,1,197,1,96,96,0,[8; 1; 197; 1; 96; 96; 0],0.013397352377069183,0.516250403569784,tvm
12,1,1,1,256,64,0,[12; 1; 1; 1; 256; 64; 0],0.012588543759193271,0.549419273883654,tvm
16,2,197,1,256,128,1,[16; 2; 197; 1; 256; 128; 1],0.014556614507455379,0.47513716653595817,tvm
12,3,1,1,384,64,0,[12; 3; 1; 1; 384; 64; 0],0.012671888747718185,0.5458056576352123,tvm
6,2,197,1,256,128,0,[6; 2; 197; 1; 256; 128; 0],0.014151232375297695,0.48874814489667884,tvm
16,4,197,1,384,64,1,[16; 4; 197; 1; 384; 64; 1],0.013102783137583174,0.5278564484204925,tvm
8,2,1,1,64,64,0,[8; 2; 1; 1; 64; 64; 0],0.011272648502199445,0.613554886420799,tvm
12,2,197,1,128,64,1,[12; 2; 197; 1; 128; 64; 1],0.012048200311255641,0.5740598921622476,tvm
24,12,197,1,384,64,0,[24; 12; 197; 1; 384; 64; 0],0.01240645843790844,0.5574829115048064,tvm
6,1,197,1,384,96,1,[6; 1; 197; 1; 384; 96; 1],0.01190277543355478,0.5810736000219557,tvm
12,2,197,1,384,64,1,[12; 2; 197; 1; 384; 64; 1],0.012243748315086123,0.5648914363019493,tvm
12,3,197,1,192,64,1,[12; 3; 197; 1; 192; 64; 1],0.011953643937886227,0.578600852373356,tvm
8,4,1,1,384,96,0,[8; 4; 1; 1; 384; 96; 0],0.012056208433932625,0.5736785830578501,tvm
6,1,197,1,192,96,0,[6; 1; 197; 1; 192; 96; 0],0.01143122562643839,0.6050434833017551,tvm
16,8,1,1,384,96,1,[16; 8; 1; 1; 384; 96; 1],0.012203428253997117,0.566757834558758,tvm
8,2,197,1,256,64,1,[8; 2; 197; 1; 256; 64; 1],0.0105364696282777,0.6564237183265274,tvm
6,6,197,1,384,64,1,[6; 6; 197; 1; 384; 64; 1],0.011783241374359932,0.5869682502200521,tvm
12,1,197,1,128,64,0,[12; 1; 197; 1; 128; 64; 0],0.01143447349750204,0.6048716255225495,tvm
12,3,1,1,384,128,0,[12; 3; 1; 1; 384; 128; 0],0.012031319245579652,0.5748653518582075,tvm
8,4,197,1,128,64,0,[8; 4; 197; 1; 128; 64; 0],0.011277471996436361,0.6132924624963931,tvm
6,1,197,1,128,64,0,[6; 1; 197; 1; 128; 64; 0],0.011945869497139938,0.57897740914418,tvm
12,4,1,1,384,128,0,[12; 4; 1; 1; 384; 128; 0],0.011659376941679511,0.5932039598706274,tvm
6,1,197,1,256,64,0,[6; 1; 197; 1; 256; 64; 0],0.011988470127107576,0.5769200321723843,tvm
16,2,197,1,256,64,0,[16; 2; 197; 1; 256; 64; 0],0.011349481690558605,0.6094012713534019,tvm
12,4,1,1,384,128,1,[12; 4; 1; 1; 384; 128; 1],0.011677005502860993,0.5923084107251624,tvm
6,3,197,1,384,96,0,[6; 3; 197; 1; 384; 96; 0],0.01153058649651939,0.5998297288274403,tvm
24,8,197,1,384,128,1,[24; 8; 197; 1; 384; 128; 1],0.010696601442759857,0.6465968287628426,tvm
24,8,197,1,192,96,1,[24; 8; 197; 1; 192; 96; 1],0.010926448128884658,0.6329951407671741,tvm
16,16,1,1,256,128,0,[16; 16; 1; 1; 256; 128; 0],0.010752954127383418,0.6432082281291734,tvm
12,2,197,1,192,96,0,[12; 2; 197; 1; 192; 96; 0],0.010636534439981915,0.650248312592342,tvm
24,2,1,1,192,96,1,[24; 2; 1; 1; 192; 96; 1],0.010934073558019008,0.6325536895950473,tvm
24,6,1,1,96,96,1,[24; 6; 1; 1; 96; 96; 1],0.010984621752868406,0.6296428522559276,tvm
12,4,197,1,192,96,0,[12; 4; 197; 1; 192; 96; 0],0.01029231149732368,0.6719956516305444,tvm
24,3,197,1,384,128,0,[24; 3; 197; 1; 384; 128; 0],0.010951505435514264,0.6315468327303797,tvm
24,2,197,1,384,128,0,[24; 2; 197; 1; 384; 128; 0],0.01118400693667354,0.6184177648128062,tvm
24,4,197,1,384,128,0,[24; 4; 197; 1; 384; 128; 0],0.011046579500543885,0.6261113289492044,tvm
24,8,1,1,128,128,1,[24; 8; 1; 1; 128; 128; 1],0.010230395251710434,0.6760626936942843,tvm
16,1,197,1,384,128,0,[16; 1; 197; 1; 384; 128; 0],0.011637386567599606,0.5943248968531244,tvm
12,3,197,1,256,128,0,[12; 3; 197; 1; 256; 128; 0],0.010848683938093018,0.6375324980335204,tvm
16,4,197,1,384,128,0,[16; 4; 197; 1; 384; 128; 0],0.010252063686493784,0.6746337891502099,tvm
24,24,197,1,128,64,0,[24; 24; 197; 1; 128; 64; 0],0.012750869005685672,0.5424248785196147,tvm
16,8,1,1,192,64,0,[16; 8; 1; 1; 192; 64; 0],0.013230275129899383,0.5227698217551104,tvm
12,4,1,1,192,64,1,[12; 4; 1; 1; 192; 64; 1],0.012720735379843973,0.5437098064619441,tvm
24,2,197,1,192,64,0,[24; 2; 197; 1; 192; 64; 0],0.013866002875147387,0.49880189941580794,tvm
8,4,1,1,192,96,0,[8; 4; 1; 1; 192; 96; 0],0.01154304050578503,0.5991825609519678,tvm
16,1,1,1,64,64,1,[16; 1; 1; 1; 64; 64; 1],0.014180036741890945,0.4877553350053064,tvm
16,4,1,1,192,64,1,[16; 4; 1; 1; 192; 64; 1],0.012976528378203511,0.5329922125432199,tvm
12,1,1,1,128,128,1,[12; 1; 1; 1; 128; 128; 1],0.01516080999863334,0.4562017842088941,tvm
8,1,1,1,256,64,0,[8; 1; 1; 1; 256; 64; 0],0.012947041497682221,0.5342061020401258,tvm
12,2,197,1,384,96,1,[12; 2; 197; 1; 384; 96; 1],0.013811755125061609,0.5007610190596772,tvm
4,4,197,1,384,96,0,[4; 4; 197; 1; 384; 96; 0],0.013681512253242545,0.5055280763856622,tvm
12,12,197,1,64,64,0,[12; 12; 197; 1; 64; 64; 0],0.013173839004593901,0.5250093438227634,tvm
16,1,197,1,384,96,1,[16; 1; 197; 1; 384; 96; 1],0.0119829611867317,0.5771852602749676,tvm
8,1,1,1,384,64,0,[8; 1; 1; 1; 384; 64; 0],0.013126929115969688,0.5268854970058743,tvm
12,4,197,1,192,96,1,[12; 4; 197; 1; 192; 96; 1],0.013879430625820532,0.49831933008560886,tvm
16,4,1,1,128,128,0,[16; 4; 1; 1; 128; 128; 0],0.014704706118209288,0.470352043477006,tvm
16,4,197,1,128,64,1,[16; 4; 197; 1; 128; 64; 1],0.013845469497027807,0.4995416423338555,tvm
32,16,1,1,128,128,1,[32; 16; 1; 1; 128; 128; 1],0.01243432131013833,0.5562337017774577,tvm
24,4,197,1,128,64,0,[24; 4; 197; 1; 128; 64; 0],0.013054109236691147,0.5298246280940179,tvm
6,6,1,1,384,128,0,[6; 6; 1; 1; 384; 128; 0],0.01381045211746823,0.500808265551302,tvm
24,2,197,1,256,64,0,[24; 2; 197; 1; 256; 64; 0],0.014260811745771207,0.48499262838102497,tvm
8,8,197,1,192,96,1,[8; 8; 197; 1; 192; 96; 1],0.01314586674561724,0.5261264780227942,tvm
16,1,197,1,192,96,1,[16; 1; 197; 1; 192; 96; 1],0.012239967814821284,0.56506591161568,tvm
32,16,197,1,256,128,1,[32; 16; 197; 1; 256; 128; 1],0.011318189870507922,0.6110861056899893,tvm
32,4,197,1,256,128,0,[32; 4; 197; 1; 256; 128; 0],0.014540640127961524,0.4756591532809079,tvm
12,12,1,1,256,64,1,[12; 12; 1; 1; 256; 64; 1],0.012054023442033213,0.5737825718266522,tvm
12,12,1,1,64,64,1,[12; 12; 1; 1; 64; 64; 1],0.012581682749441825,0.5497188817398381,tvm
8,8,1,1,64,64,0,[8; 8; 1; 1; 64; 64; 0],0.011319012126477901,0.6110417140776331,tvm
24,3,197,1,384,64,0,[24; 3; 197; 1; 384; 64; 0],0.01245329987432342,0.5553860134444353,tvm
6,3,1,1,64,64,1,[6; 3; 1; 1; 64; 64; 1],0.011001450497133192,0.6286796975754129,tvm
12,1,197,1,64,64,1,[12; 1; 197; 1; 64; 64; 1],0.01272331086511258,0.5435997473262533,tvm
16,1,1,1,128,128,1,[16; 1; 1; 1; 128; 128; 1],0.011152600876812357,0.620159247858372,tvm
6,6,197,1,64,64,1,[6; 6; 197; 1; 64; 64; 1],0.010962881620798726,0.6308914764077022,tvm
6,1,1,1,64,64,1,[6; 1; 1; 1; 64; 64; 1],0.010990141308866441,0.6293266280251268,tvm
8,2,1,1,384,96,1,[8; 2; 1; 1; 384; 96; 1],0.012004275813524146,0.5761604180767401,tvm
16,2,1,1,384,96,0,[16; 2; 1; 1; 384; 96; 0],0.012790968248737045,0.5407243952866103,tvm
6,1,197,1,192,96,1,[6; 1; 197; 1; 192; 96; 1],0.011774747996241786,0.5873916430004374,tvm
8,4,197,1,64,64,0,[8; 4; 197; 1; 64; 64; 0],0.011324272622005083,0.6107578651885149,tvm
32,8,197,1,384,128,1,[32; 8; 197; 1; 384; 128; 1],0.012018527813779656,0.5754771864403138,tvm
16,4,1,1,384,96,0,[16; 4; 1; 1; 384; 96; 0],0.012631141740712337,0.5475663810450218,tvm
16,8,1,1,384,96,0,[16; 8; 1; 1; 384; 96; 0],0.012577035377034917,0.54992200976532,tvm
8,4,1,1,384,128,0,[8; 4; 1; 1; 384; 128; 0],0.012288683188671712,0.562825850844981,tvm
8,8,1,1,384,128,0,[8; 8; 1; 1; 384; 128; 0],0.012164734871475957,0.5685605682739717,tvm
24,6,197,1,384,96,1,[24; 6; 197; 1; 384; 96; 1],0.011781424938817509,0.5870587477615219,tvm
16,8,1,1,192,96,1,[16; 8; 1; 1; 192; 96; 1],0.011219622690987308,0.6164546493158355,tvm
8,1,197,1,256,128,0,[8; 1; 197; 1; 256; 128; 0],0.01111203712207498,0.622423098073403,tvm
12,2,1,1,384,96,1,[12; 2; 1; 1; 384; 96; 1],0.01170396924862871,0.5909438434519919,tvm
6,2,197,1,192,64,1,[6; 2; 197; 1; 192; 64; 1],0.011115542496554554,0.6222268120132166,tvm
8,1,197,1,384,64,1,[8; 1; 197; 1; 384; 64; 1],0.01134890931280097,0.6094320062657695,tvm
8,2,197,1,128,64,0,[8; 2; 197; 1; 128; 64; 0],0.011216631064598914,0.6166190660632099,tvm
12,12,197,1,256,64,0,[12; 12; 197; 1; 256; 64; 0],0.011172597311087884,0.6190493024003133,tvm
6,1,197,1,192,64,1,[6; 1; 197; 1; 192; 64; 1],0.010886125935940072,0.6353397537497169,tvm
16,16,1,1,256,128,1,[16; 16; 1; 1; 256; 128; 1],0.010584076691884547,0.6534711314716555,tvm
24,4,197,1,192,96,0,[24; 4; 197; 1; 192; 96; 0],0.011630214437900577,0.5946914055934707,tvm
12,6,197,1,384,64,0,[12; 6; 197; 1; 384; 64; 0],0.011205801311007235,0.6172149924374208,tvm
12,3,197,1,384,64,0,[12; 3; 197; 1; 384; 64; 0],0.0113001284407801,0.6120628281063238,tvm
24,2,1,1,192,96,0,[24; 2; 1; 1; 192; 96; 0],0.011445476251537912,0.6042901509230973,tvm
16,1,1,1,256,128,0,[16; 1; 1; 1; 256; 128; 0],0.01137889725214336,0.607825909503294,tvm
24,4,197,1,384,128,1,[24; 4; 197; 1; 384; 128; 1],0.010524868746870197,0.6571472516923608,tvm
8,2,197,1,384,96,0,[8; 2; 197; 1; 384; 96; 0],0.010810170439071953,0.6398038412447398,tvm
24,4,1,1,128,128,0,[24; 4; 1; 1; 128; 128; 0],0.011095797250163741,0.6233340800568887,tvm
24,4,1,1,256,128,0,[24; 4; 1; 1; 256; 128; 0],0.010722920182161033,0.6450097971385518,tvm
24,8,1,1,256,128,1,[24; 8; 1; 1; 256; 128; 1],0.010524548502871767,0.6571672475585381,tvm
12,4,197,1,256,128,0,[12; 4; 197; 1; 256; 128; 0],0.010524434001126792,0.657174397282369,tvm
8,1,1,1,256,64,1,[8; 1; 1; 1; 256; 64; 1],0.013267626127344556,0.5212981210839146,tvm
8,1,1,1,192,64,0,[8; 1; 1; 1; 192; 64; 0],0.01332625599752646,0.5190046306113547,tvm
24,8,197,1,256,64,1,[24; 8; 197; 1; 256; 64; 1],0.014352194120874628,0.4819046142477261,tvm
8,2,197,1,384,128,1,[8; 2; 197; 1; 384; 128; 1],0.014168584617436863,0.4881495758522537,tvm
6,6,1,1,256,128,0,[6; 6; 1; 1; 256; 128; 0],0.012704433873295784,0.5444074596638694,tvm
16,16,1,1,384,64,0,[16; 16; 1; 1; 384; 64; 0],0.013672527755261399,0.5058602692371232,tvm
12,12,1,1,192,64,0,[12; 12; 1; 1; 192; 64; 0],0.012524901365395635,0.5522110210414497,tvm
12,1,1,1,192,64,0,[12; 1; 1; 1; 192; 64; 0],0.012755603005643934,0.5422235678210036,tvm
12,1,1,1,192,64,1,[12; 1; 1; 1; 192; 64; 1],0.012679638006375171,0.5454720842938177,tvm
8,8,1,1,384,64,0,[8; 8; 1; 1; 384; 64; 0],0.013151941748219542,0.5258834553737957,tvm
16,4,1,1,192,64,1,[16; 4; 1; 1; 192; 64; 1],0.012908159871585667,0.5358152238765963,tvm
32,4,197,1,384,96,0,[32; 4; 197; 1; 384; 96; 0],0.013959794247057289,0.4954506097313389,tvm
6,3,1,1,384,128,1,[6; 3; 1; 1; 384; 128; 1],0.013073396869003773,0.5290429595866478,tvm
12,3,197,1,384,96,1,[12; 3; 197; 1; 384; 96; 1],0.013877003511879593,0.49840648707105284,tvm
12,6,197,1,192,96,1,[12; 6; 197; 1; 192; 96; 1],0.013906025371397845,0.49736631328562936,tvm
8,8,197,1,96,96,0,[8; 8; 197; 1; 96; 96; 0],0.013773495869827457,0.5021520053292915,tvm
12,2,1,1,96,96,0,[12; 2; 1; 1; 96; 96; 0],0.014403244873392396,0.48019655516691595,tvm
12,4,197,1,64,64,0,[12; 4; 197; 1; 64; 64; 0],0.013197713997215033,0.5240595888718349,tvm
16,8,197,1,256,64,1,[16; 8; 197; 1; 256; 64; 1],0.013049383371253498,0.5300165053518691,tvm
16,16,197,1,384,64,1,[16; 16; 197; 1; 384; 64; 1],0.013025018997723237,0.531007944989374,tvm
12,2,197,1,96,96,0,[12; 2; 197; 1; 96; 96; 0],0.014212332491297275,0.48664697196352014,tvm
6,6,1,1,384,96,1,[6; 6; 1; 1; 384; 96; 1],0.012827503625885583,0.5391843006359764,tvm
24,6,197,1,192,64,0,[24; 6; 197; 1; 192; 64; 0],0.012465618121495936,0.5548371933118845,tvm
24,12,197,1,192,64,0,[24; 12; 197; 1; 192; 64; 0],0.012501164630521089,0.5532595382787366,tvm
12,12,197,1,192,64,1,[12; 12; 197; 1; 192; 64; 1],0.012002264316834044,0.5762569785876016,tvm
32,8,1,1,192,96,1,[32; 8; 1; 1; 192; 96; 1],0.012550268511404283,0.5510948682208455,tvm
12,3,1,1,384,64,0,[12; 3; 1; 1; 384; 64; 0],0.012645142371184193,0.546960118629401,tvm
24,3,197,1,256,64,0,[24; 3; 197; 1; 256; 64; 0],0.012423839689290617,0.5567029794653996,tvm
32,16,197,1,384,128,1,[32; 16; 197; 1; 384; 128; 1],0.012037617627356667,0.5745645679681999,tvm
32,32,197,1,384,96,0,[32; 32; 197; 1; 384; 96; 0],0.011041569749068003,0.6263954065057071,tvm
6,1,197,1,256,128,0,[6; 1; 197; 1; 256; 128; 0],0.011015819560270756,0.6278596461740313,tvm
24,24,197,1,256,64,0,[24; 24; 197; 1; 256; 64; 0],0.01235165300022345,0.5599565152375515,tvm
12,1,1,1,128,128,0,[12; 1; 1; 1; 128; 128; 0],0.011457474691269454,0.6036573291930402,tvm
12,1,1,1,384,128,1,[12; 1; 1; 1; 384; 128; 1],0.01183826462511206,0.5842400715352399,tvm
32,4,197,1,128,128,1,[32; 4; 197; 1; 128; 128; 1],0.012517425377154723,0.5525408271297961,tvm
32,2,197,1,256,128,1,[32; 2; 197; 1; 256; 128; 1],0.013257601502118632,0.5216922963270013,tvm
16,8,197,1,192,64,0,[16; 8; 197; 1; 192; 64; 0],0.011304925254080445,0.6118031226196867,tvm
16,16,1,1,192,96,0,[16; 16; 1; 1; 192; 96; 0],0.011669009807519615,0.5927142650074377,tvm
32,8,197,1,256,128,1,[32; 8; 197; 1; 256; 128; 1],0.012917690619360656,0.5354198962670998,tvm
32,4,197,1,96,96,1,[32; 4; 197; 1; 96; 96; 1],0.012048089934978634,0.5740651513024115,tvm
32,4,197,1,256,128,1,[32; 4; 197; 1; 256; 128; 1],0.011875199372298084,0.5824229433623491,tvm
12,3,197,1,256,64,1,[12; 3; 197; 1; 256; 64; 1],0.011962704127654433,0.5781626376129968,tvm
8,8,197,1,128,64,1,[8; 8; 197; 1; 128; 64; 1],0.01042660724488087,0.6633402802070919,tvm
24,6,197,1,96,96,0,[24; 6; 197; 1; 96; 96; 0],0.011800092754128855,0.586130017410967,tvm
6,6,197,1,128,64,1,[6; 6; 197; 1; 128; 64; 1],0.010842336807399988,0.6379057111293643,tvm
12,6,1,1,192,96,0,[12; 6; 1; 1; 192; 96; 0],0.012260668561793864,0.5641118619730987,tvm
6,6,1,1,64,64,1,[6; 6; 1; 1; 64; 64; 1],0.011037694872356951,0.6266153079435207,tvm
16,2,1,1,192,96,0,[16; 2; 1; 1; 192; 96; 0],0.011971723310125526,0.5777270650398996,tvm
12,1,197,1,128,64,0,[12; 1; 197; 1; 128; 64; 0],0.011369528496288694,0.6083267721863979,tvm
24,12,197,1,384,96,0,[24; 12; 197; 1; 384; 96; 0],0.012248786377313081,0.5646590901641444,tvm
24,8,197,1,96,96,1,[24; 8; 197; 1; 96; 96; 1],0.011169237433932722,0.6192355218822929,tvm
12,4,197,1,256,64,0,[12; 4; 197; 1; 256; 64; 0],0.011145735377795063,0.620541250710801,tvm
24,1,1,1,192,96,1,[24; 1; 1; 1; 192; 96; 1],0.011248651622736361,0.6148637902029792,tvm
24,3,197,1,96,96,1,[24; 3; 197; 1; 96; 96; 1],0.01096655243600253,0.6306802991906996,tvm
24,4,1,1,192,96,0,[24; 4; 1; 1; 192; 96; 0],0.011519087813212536,0.6004284960390169,tvm
16,2,1,1,256,128,0,[16; 2; 1; 1; 256; 128; 0],0.01114372431038646,0.6206532375340783,tvm
24,8,1,1,128,128,0,[24; 8; 1; 1; 128; 128; 0],0.010987467379891314,0.6294797820366305,tvm
24,1,197,1,384,128,0,[24; 1; 197; 1; 384; 128; 0],0.011212888872250915,0.616824856665163,tvm
24,12,197,1,256,128,0,[24; 12; 197; 1; 256; 128; 0],0.011435317748691887,0.60482696881945,tvm
24,1,1,1,256,128,1,[24; 1; 1; 1; 256; 128; 1],0.010714506868680473,0.645516275848946,tvm
24,12,197,1,384,128,0,[24; 12; 197; 1; 384; 128; 0],0.011346761995810084,0.609547338172998,tvm
16,16,197,1,384,128,0,[16; 16; 197; 1; 384; 128; 0],0.01009297656128183,0.685267475797068,tvm
24,4,1,1,128,128,1,[24; 4; 1; 1; 128; 128; 1],0.010288580371707212,0.6722393490211824,tvm
16,8,197,1,384,128,0,[16; 8; 197; 1; 384; 128; 0],0.01018273599765962,0.6792269359647761,tvm
24,8,1,1,256,64,1,[24; 8; 1; 1; 256; 64; 1],0.013799531501717865,0.5012045931101045,tvm
12,1,197,1,384,128,1,[12; 1; 197; 1; 384; 128; 1],0.014738499245140702,0.46927359810456354,tvm
12,3,197,1,128,128,0,[12; 3; 197; 1; 128; 128; 0],0.014987227012170479,0.46148554137547065,tvm
16,2,1,1,384,64,0,[16; 2; 1; 1; 384; 64; 0],0.013633964495966211,0.5072910798231047,tvm
16,2,1,1,192,64,0,[16; 2; 1; 1; 192; 64; 0],0.013421796887996607,0.5153101800858008,tvm
6,2,1,1,96,96,0,[6; 2; 1; 1; 96; 96; 0],0.012758963872329332,0.542080739520574,tvm
16,1,197,1,64,64,0,[16; 1; 197; 1; 64; 64; 0],0.01263060599740129,0.5475896067735465,tvm
12,6,197,1,384,96,1,[12; 6; 197; 1; 384; 96; 1],0.013847546128090471,0.499466729155595,tvm
12,4,197,1,192,96,1,[12; 4; 197; 1; 192; 96; 1],0.013873107236577198,0.498546465004836,tvm
12,6,1,1,192,64,1,[12; 6; 1; 1; 192; 64; 1],0.01227235537226079,0.5635746653052182,tvm
6,2,1,1,384,128,1,[6; 2; 1; 1; 384; 128; 1],0.013142754876753315,0.5262510513425281,tvm
16,4,197,1,96,96,0,[16; 4; 197; 1; 96; 96; 0],0.01429458575148601,0.48384672992077227,tvm
16,4,197,1,256,128,1,[16; 4; 197; 1; 256; 128; 1],0.014591822880902328,0.4739907157508532,tvm
12,1,197,1,192,96,1,[12; 1; 197; 1; 192; 96; 1],0.01385849475627765,0.49907213539880085,tvm
24,1,197,1,384,64,0,[24; 1; 197; 1; 384; 64; 0],0.014146888002869673,0.48889823472311317,tvm
32,1,1,1,96,96,1,[32; 1; 1; 1; 96; 96; 1],0.012520365504315123,0.5524110753032608,tvm
12,4,1,1,256,64,1,[12; 4; 1; 1; 256; 64; 1],0.012304411189688835,0.5621064238510286,tvm
12,1,197,1,64,64,1,[12; 1; 197; 1; 64; 64; 1],0.01286881061969325,0.5374535981471639,tvm
6,3,197,1,96,96,1,[6; 3; 197; 1; 96; 96; 1],0.012291268438275438,0.5627074704422447,tvm
12,12,1,1,64,64,1,[12; 12; 1; 1; 64; 64; 1],0.01276534836506471,0.5418096219259356,tvm
16,4,197,1,128,64,0,[16; 4; 197; 1; 128; 64; 0],0.011804160996689461,0.5859280107555555,tvm
16,2,1,1,384,96,0,[16; 2; 1; 1; 384; 96; 0],0.01273039638181217,0.5432971891833602,tvm
8,2,1,1,384,96,1,[8; 2; 1; 1; 384; 96; 1],0.011937369687075261,0.579389660598099,tvm
24,4,197,1,384,64,0,[24; 4; 197; 1; 384; 64; 0],0.012393913559208158,0.5580471848853572,tvm
24,8,197,1,256,64,0,[24; 8; 197; 1; 256; 64; 0],0.012534407127532177,0.551792238839644,tvm
32,1,197,1,128,128,1,[32; 1; 197; 1; 128; 128; 1],0.012768787375534885,0.5416636966389178,tvm
12,1,1,1,128,128,0,[12; 1; 1; 1; 128; 128; 0],0.011610547808231786,0.5956987289200004,tvm
12,2,197,1,192,64,1,[12; 2; 197; 1; 192; 64; 1],0.01194104774913285,0.5792111979395472,tvm
8,8,197,1,64,64,0,[8; 8; 197; 1; 64; 64; 0],0.011321810437948443,0.6108906883166159,tvm
16,4,1,1,384,96,1,[16; 4; 1; 1; 384; 96; 1],0.012436371005605906,0.5561420263444128,tvm
24,4,197,1,384,96,1,[24; 4; 197; 1; 384; 96; 1],0.01148165518679889,0.6023860200383596,tvm
6,6,197,1,192,96,0,[6; 6; 197; 1; 192; 96; 0],0.012763187129166909,0.541901368477391,tvm
12,12,197,1,192,64,0,[12; 12; 197; 1; 192; 64; 0],0.011118834685476031,0.6220425761400247,tvm
24,3,197,1,96,96,0,[24; 3; 197; 1; 96; 96; 0],0.01184465375263244,0.5839249264581857,tvm
24,24,197,1,384,96,0,[24; 24; 197; 1; 384; 96; 0],0.01067375887214439,0.6479805899942583,tvm
8,8,197,1,128,64,0,[8; 8; 197; 1; 128; 64; 0],0.011163163624587469,0.6195724441586481,tvm
12,6,1,1,384,96,1,[12; 6; 1; 1; 384; 96; 1],0.011599290184676647,0.5962768808530656,tvm
6,3,197,1,128,64,0,[6; 3; 197; 1; 128; 64; 0],0.011931767192436382,0.5796617097769818,tvm
12,3,1,1,384,128,0,[12; 3; 1; 1; 384; 128; 0],0.01194298712653108,0.5791171419806664,tvm
8,2,197,1,256,128,0,[8; 2; 197; 1; 256; 128; 0],0.010534636436204892,0.6565379463555748,tvm
16,2,197,1,256,64,0,[16; 2; 197; 1; 256; 64; 0],0.011247666436247528,0.6149176463074444,tvm
12,4,1,1,384,128,1,[12; 4; 1; 1; 384; 128; 1],0.011613078560912982,0.59556891268329,tvm
6,6,197,1,384,64,1,[6; 6; 197; 1; 384; 64; 1],0.011734483057807665,0.5894071803040933,tvm
8,1,197,1,64,64,1,[8; 1; 197; 1; 64; 64; 1],0.010685733439459,0.6472544547937681,tvm
8,1,197,1,192,96,0,[8; 1; 197; 1; 192; 96; 0],0.010802284690726083,0.6402709028180298,tvm
8,8,197,1,128,64,1,[8; 8; 197; 1; 128; 64; 1],0.01048358718981035,0.659734921473352,tvm
24,6,1,1,192,96,0,[24; 6; 1; 1; 192; 96; 0],0.011443687559221871,0.6043846037945185,tvm
12,1,197,1,256,64,0,[12; 1; 197; 1; 256; 64; 0],0.01120605081814574,0.6172012499023293,tvm
8,2,197,1,256,64,1,[8; 2; 197; 1; 256; 64; 1],0.010757548501715064,0.6429335243365065,tvm
16,1,1,1,256,128,1,[16; 1; 1; 1; 256; 128; 1],0.01080501531396294,0.64010909475443,tvm
24,3,197,1,128,128,0,[24; 3; 197; 1; 128; 128; 0],0.011048807435145136,0.6259850768534747,tvm
24,12,1,1,128,128,0,[24; 12; 1; 1; 128; 128; 0],0.01179523793689441,0.5863712634227368,tvm
6,2,197,1,128,64,1,[6; 2; 197; 1; 128; 64; 1],0.010866146440093871,0.6365079478322235,tvm
6,1,197,1,192,64,1,[6; 1; 197; 1; 192; 64; 1],0.011112528249213938,0.6223955895831187,tvm
8,4,197,1,192,64,1,[8; 4; 197; 1; 192; 64; 1],0.010608773874992039,0.6519498532938389,tvm
8,2,197,1,384,128,0,[8; 2; 197; 1; 384; 128; 0],0.011004856562067289,0.6284851176769278,tvm
8,8,197,1,384,128,0,[8; 8; 197; 1; 384; 128; 0],0.010831456937012263,0.6385464680928122,tvm
24,2,1,1,128,128,0,[24; 2; 1; 1; 128; 128; 0],0.011779341191868298,0.5871625975316177,tvm
24,1,197,1,256,128,0,[24; 1; 197; 1; 256; 128; 0],0.011365843813109677,0.6085239851220741,tvm
24,12,197,1,384,128,0,[24; 12; 197; 1; 384; 128; 0],0.011801304375694599,0.5860698403536844,tvm
24,4,197,1,128,128,1,[24; 4; 197; 1; 128; 128; 1],0.010726871878432576,0.6447721805398502,tvm
24,8,197,1,384,128,0,[24; 8; 197; 1; 384; 128; 0],0.011012015944288578,0.6280765126403383,tvm
24,1,1,1,128,128,1,[24; 1; 1; 1; 128; 128; 1],0.011311497815768234,0.6114476335562847,tvm
16,4,197,1,256,128,0,[16; 4; 197; 1; 256; 128; 0],0.010265878001519013,0.6737259658068382,tvm
24,2,197,1,192,64,1,[24; 2; 197; 1; 192; 64; 1],0.013169576384825632,0.5251792745131753,tvm
12,1,197,1,384,128,1,[12; 1; 197; 1; 384; 128; 1],0.01464184100041166,0.47237151197271676,tvm
24,6,1,1,256,64,0,[24; 6; 1; 1; 256; 64; 0],0.013922956131864339,0.4967614999231086,tvm
24,24,197,1,64,64,0,[24; 24; 197; 1; 64; 64; 0],0.015366192761575803,0.4501042436955148,tvm
6,6,1,1,192,64,1,[6; 6; 1; 1; 192; 64; 1],0.01551991538144648,0.4456460232828894,tvm
24,8,197,1,192,64,1,[24; 8; 197; 1; 192; 64; 1],0.014229121501557529,0.48607277481406697,tvm
24,1,197,1,128,64,1,[24; 1; 197; 1; 128; 64; 1],0.013103941877488978,0.5278097717534987,tvm
16,16,197,1,256,128,1,[16; 16; 197; 1; 256; 128; 1],0.014547134880558588,0.47544678922802375,tvm
24,8,1,1,256,64,0,[24; 8; 1; 1; 256; 64; 0],0.013875749747967348,0.4984515213271088,tvm
24,1,1,1,256,64,1,[24; 1; 1; 1; 256; 64; 1],0.013377913754084148,0.517000535252895,tvm
8,8,197,1,384,128,1,[8; 8; 197; 1; 384; 128; 1],0.014095906881266274,0.4906664487561692,tvm
12,3,1,1,96,96,0,[12; 3; 1; 1; 96; 96; 0],0.014408355884370394,0.48002621721269334,tvm
24,3,1,1,192,64,1,[24; 3; 1; 1; 192; 64; 1],0.01321475200529676,0.5233839097893273,tvm
6,2,1,1,384,64,0,[6; 2; 1; 1; 384; 64; 0],0.013891250375309028,0.497895321483953,tvm
24,2,197,1,384,64,1,[24; 2; 197; 1; 384; 64; 1],0.01383915325277485,0.4997696351141849,tvm
8,4,1,1,96,96,0,[8; 4; 1; 1; 96; 96; 0],0.013482747745001689,0.5129806403144054,tvm
4,2,197,1,384,128,0,[4; 2; 197; 1; 384; 128; 0],0.01342361762362998,0.5152402850967278,tvm
6,1,197,1,256,128,1,[6; 1; 197; 1; 256; 128; 1],0.013815463011269458,0.5006266214738355,tvm
12,12,197,1,192,96,1,[12; 12; 197; 1; 192; 96; 1],0.01385159011988435,0.49932090912074417,tvm
6,2,1,1,96,96,0,[6; 2; 1; 1; 96; 96; 0],0.012688245886238292,0.5451020285577934,tvm
32,8,197,1,256,128,0,[32; 8; 197; 1; 256; 128; 0],0.0144044867483899,0.4801551552818547,tvm
16,4,1,1,192,64,1,[16; 4; 1; 1; 192; 64; 1],0.012900846253614873,0.5361189828528162,tvm
12,12,197,1,64,64,0,[12; 12; 197; 1; 64; 64; 0],0.013252381380880252,0.5218977912458153,tvm
16,4,1,1,128,128,0,[16; 4; 1; 1; 128; 128; 0],0.01474139787023887,0.4691813240718465,tvm
16,4,1,1,256,64,1,[16; 4; 1; 1; 256; 64; 1],0.013431561630568467,0.5149355496897532,tvm
12,6,1,1,192,64,1,[12; 6; 1; 1; 192; 64; 1],0.012273936503333971,0.563502065498699,tvm
16,1,197,1,256,128,1,[16; 1; 197; 1; 256; 128; 1],0.01090502280567307,0.6342387993751365,tvm
32,4,197,1,384,128,0,[32; 4; 197; 1; 384; 128; 0],0.014469489120529033,0.4779981182345776,tvm
24,6,197,1,128,64,0,[24; 6; 197; 1; 128; 64; 0],0.012888704630313441,0.5366240262160753,tvm
12,1,197,1,64,64,0,[12; 1; 197; 1; 64; 64; 0],0.01330546461394988,0.5198156375672297,tvm
24,12,197,1,96,96,0,[24; 12; 197; 1; 96; 96; 0],0.013469315745169297,0.5134921997733329,tvm
12,4,1,1,256,64,0,[12; 4; 1; 1; 256; 64; 0],0.01248787924851058,0.5538481301581678,tvm
12,1,1,1,256,64,0,[12; 1; 1; 1; 256; 64; 0],0.013412731248536147,0.5156584772533498,tvm
12,4,1,1,384,64,0,[12; 4; 1; 1; 384; 64; 0],0.013088090243400075,0.5284490283000833,tvm
24,4,197,1,192,64,0,[24; 4; 197; 1; 192; 64; 0],0.01343862350040581,0.5146649559175249,tvm
12,1,197,1,96,96,0,[12; 1; 197; 1; 96; 96; 0],0.012503223755629733,0.5531684233287739,tvm
24,6,197,1,192,64,0,[24; 6; 197; 1; 192; 64; 0],0.013437892383080907,0.5146929573670875,tvm
8,8,1,1,384,96,1,[8; 8; 1; 1; 384; 96; 1],0.012772305752150714,0.5415144849835691,tvm
24,12,197,1,192,96,0,[24; 12; 197; 1; 192; 96; 0],0.01343671337235719,0.5147381193422924,tvm
24,1,197,1,96,96,0,[24; 1; 197; 1; 96; 96; 0],0.013223671121522784,0.523030897234845,tvm
6,6,197,1,192,96,0,[6; 6; 197; 1; 192; 96; 0],0.012802967496099882,0.5402176154501278,tvm
8,2,197,1,64,64,0,[8; 2; 197; 1; 64; 64; 0],0.011272559124336112,0.6135597511745946,tvm
16,1,1,1,128,128,0,[16; 1; 1; 1; 128; 128; 0],0.012043189504765905,0.574298741101061,tvm
8,8,197,1,64,64,0,[8; 8; 197; 1; 64; 64; 0],0.01127407024614513,0.6134775125951913,tvm
24,6,197,1,128,128,0,[24; 6; 197; 1; 128; 128; 0],0.010983723994286265,0.6296943163381088,tvm
12,6,1,1,384,128,1,[12; 6; 1; 1; 384; 128; 1],0.011590697315114085,0.5967189361773524,tvm
12,12,1,1,384,128,0,[12; 12; 1; 1; 384; 128; 0],0.011674432622385211,0.5924389471542026,tvm
24,4,197,1,384,96,0,[24; 4; 197; 1; 384; 96; 0],0.011692609441524837,0.5915179674834502,tvm
6,1,197,1,192,96,0,[6; 1; 197; 1; 192; 96; 0],0.01142696218448691,0.6052692272683081,tvm
8,2,197,1,128,64,0,[8; 2; 197; 1; 128; 64; 0],0.011216996623261366,0.6165989706269178,tvm
8,4,197,1,384,64,1,[8; 4; 197; 1; 384; 64; 1],0.011381256190361455,0.6076999283511353,tvm
24,1,1,1,192,96,1,[24; 1; 1; 1; 192; 96; 1],0.010991979186655954,0.6292214035325804,tvm
8,2,197,1,384,64,1,[8; 2; 197; 1; 384; 64; 1],0.01136520712316269,0.6085580752270435,tvm
12,2,197,1,384,64,0,[12; 2; 197; 1; 384; 64; 0],0.011283749816357158,0.6129512514893258,tvm
6,6,197,1,128,64,1,[6; 6; 197; 1; 128; 64; 1],0.010844525684660766,0.6377769551702552,tvm
8,1,197,1,256,128,0,[8; 1; 197; 1; 256; 128; 0],0.010840063812793233,0.638039470142785,tvm
24,8,197,1,384,128,1,[24; 8; 197; 1; 384; 128; 1],0.01066383993747877,0.6485833069493538,tvm
8,2,197,1,64,64,1,[8; 2; 197; 1; 64; 64; 1],0.010717608623963315,0.6453294586596806,tvm
24,2,1,1,128,128,0,[24; 2; 1; 1; 128; 128; 0],0.011297903503873385,0.6121833638477572,tvm
24,8,197,1,128,128,1,[24; 8; 197; 1; 128; 128; 1],0.010565294935076963,0.6546327967112437,tvm
24,6,197,1,256,128,0,[24; 6; 197; 1; 256; 128; 0],0.01103409693314461,0.6268196313060183,tvm
24,4,197,1,256,128,0,[24; 4; 197; 1; 256; 128; 0],0.011054964939830825,0.6256364094388899,tvm
24,4,1,1,256,128,0,[24; 4; 1; 1; 256; 128; 0],0.010698516125557944,0.6464811091797902,tvm
12,2,197,1,256,128,0,[12; 2; 197; 1; 256; 128; 0],0.011003385996446013,0.6285691126042926,tvm
12,3,1,1,128,128,0,[12; 3; 1; 1; 128; 128; 0],0.015065456114825793,0.45908922496028576,tvm
24,8,197,1,128,64,1,[24; 8; 197; 1; 128; 64; 1],0.014562132491846569,0.47495712426055053,tvm
8,4,1,1,256,64,1,[8; 4; 1; 1; 256; 64; 1],0.013432064995868132,0.514916252531248,tvm
4,2,197,1,128,64,0,[4; 2; 197; 1; 128; 64; 0],0.014118002625764348,0.4898985185628635,tvm
24,8,1,1,384,96,1,[24; 8; 1; 1; 384; 96; 1],0.017900431746966206,0.3863811034949351,tvm
4,2,197,1,384,128,0,[4; 2; 197; 1; 384; 128; 0],0.013458514877129346,0.513904292900987,tvm
4,1,197,1,384,128,0,[4; 1; 197; 1; 384; 128; 0],0.013504669623216614,0.5121479284127196,tvm
24,1,197,1,384,64,1,[24; 1; 197; 1; 384; 64; 1],0.014246896374970675,0.4854663352208742,tvm
16,4,1,1,128,128,1,[16; 4; 1; 1; 128; 128; 1],0.014772308131796308,0.46819958734421147,tvm
6,3,1,1,192,96,0,[6; 3; 1; 1; 192; 96; 0],0.012089300871593878,0.572108233957511,tvm
12,4,197,1,192,96,1,[12; 4; 197; 1; 192; 96; 1],0.013818047242239118,0.5005329950158586,tvm
8,1,1,1,256,128,0,[8; 1; 1; 1; 256; 128; 0],0.011998608439171221,0.5764325593665515,tvm
16,8,1,1,256,64,1,[16; 8; 1; 1; 256; 64; 1],0.013187064498197287,0.524482804522118,tvm
16,4,1,1,192,64,1,[16; 4; 1; 1; 192; 64; 1],0.012825898375012912,0.5392517833216972,tvm
12,12,197,1,64,64,1,[12; 12; 197; 1; 64; 64; 1],0.012533258501207456,0.551842808537161,tvm
12,2,1,1,192,64,1,[12; 2; 1; 1; 192; 64; 1],0.01240607738145627,0.5575000347625351,tvm
24,24,197,1,192,96,0,[24; 24; 197; 1; 192; 96; 0],0.015131344378460199,0.45709015659403024,tvm
32,1,1,1,192,96,1,[32; 1; 1; 1; 192; 96; 1],0.012892274753539823,0.536475424519598,tvm
12,6,1,1,192,64,1,[12; 6; 1; 1; 192; 64; 1],0.012459416560886893,0.5551133584489645,tvm
24,12,197,1,96,96,0,[24; 12; 197; 1; 96; 96; 0],0.01322338824684266,0.523042085910167,tvm
32,1,1,1,128,128,1,[32; 1; 1; 1; 128; 128; 1],0.012773816881235689,0.5414504243902631,tvm
24,1,197,1,384,64,0,[24; 1; 197; 1; 384; 64; 0],0.014065260125789791,0.49173556049253675,tvm
16,1,197,1,384,64,1,[16; 1; 197; 1; 384; 64; 1],0.013284919754369184,0.5206195219322938,tvm
16,1,1,1,384,128,1,[16; 1; 1; 1; 384; 128; 1],0.013574113123468123,0.5095278423362266,tvm
12,6,197,1,192,64,1,[12; 6; 197; 1; 192; 64; 1],0.01190110131574329,0.581155339151619,tvm
12,4,197,1,128,64,1,[12; 4; 197; 1; 128; 64; 1],0.012047833566612098,0.574077366954654,tvm
12,1,197,1,128,128,0,[12; 1; 197; 1; 128; 128; 0],0.011378215815057047,0.6078623119695058,tvm
24,4,197,1,256,64,0,[24; 4; 197; 1; 256; 64; 0],0.0124024099422968,0.5576648896148103,tvm
24,3,197,1,384,64,0,[24; 3; 197; 1; 384; 64; 0],0.012411104937200435,0.5572741997126887,tvm
24,8,197,1,256,64,0,[24; 8; 197; 1; 256; 64; 0],0.012425274937413633,0.556638674497471,tvm
12,3,197,1,256,64,1,[12; 3; 197; 1; 256; 64; 1],0.011970044688496273,0.5778080827112966,tvm
24,12,1,1,96,96,1,[24; 12; 1; 1; 96; 96; 1],0.012743872372084297,0.5427226803196065,tvm
6,2,197,1,96,96,0,[6; 2; 197; 1; 96; 96; 0],0.012658531879424118,0.5463815738909544,tvm
16,16,1,1,384,96,0,[16; 16; 1; 1; 384; 96; 0],0.012627066127606668,0.5477431179604904,tvm
8,1,197,1,96,96,1,[8; 1; 197; 1; 96; 96; 1],0.013218660998973064,0.5232291358380319,tvm
6,6,197,1,96,96,1,[6; 6; 197; 1; 96; 96; 1],0.012302450566494372,0.5621960059132691,tvm
16,1,197,1,128,64,0,[16; 1; 197; 1; 128; 64; 0],0.012045397692418192,0.5741934594473369,tvm
16,4,1,1,384,128,1,[16; 4; 1; 1; 384; 128; 1],0.012506123435741756,0.5530401652411285,tvm
6,6,197,1,192,96,0,[6; 6; 197; 1; 192; 96; 0],0.012768080254318193,0.5416936950321434,tvm
12,1,1,1,192,96,0,[12; 1; 1; 1; 192; 96; 0],0.012318133129156195,0.5614802583240429,tvm
12,1,1,1,384,128,0,[12; 1; 1; 1; 384; 128; 0],0.012119442879338749,0.570685355778164,tvm
12,6,197,1,128,64,0,[12; 6; 197; 1; 128; 64; 0],0.012566081117256545,0.5504013945867773,tvm
24,12,1,1,192,96,0,[24; 12; 1; 1; 192; 96; 0],0.011852657000417821,0.5835306439041271,tvm
12,6,1,1,192,96,0,[12; 6; 1; 1; 192; 96; 0],0.012353025311313104,0.5598943090559709,tvm
24,1,1,1,96,96,0,[24; 1; 1; 1; 96; 96; 0],0.012342105001152959,0.5603897042508117,tvm
16,2,1,1,192,96,0,[16; 2; 1; 1; 192; 96; 0],0.011945579004532192,0.5789914887176646,tvm
6,3,197,1,256,64,0,[6; 3; 197; 1; 256; 64; 0],0.011940686563320924,0.5792287181102421,tvm
24,3,197,1,384,96,0,[24; 3; 197; 1; 384; 96; 0],0.01169124912848929,0.5915867924304755,tvm
24,2,197,1,192,96,1,[24; 2; 197; 1; 192; 96; 1],0.010984621811076067,0.6296428489194416,tvm
24,8,1,1,192,96,0,[24; 8; 1; 1; 192; 96; 0],0.011205972623429261,0.6172055567017807,tvm
24,6,1,1,192,96,0,[24; 6; 1; 1; 192; 96; 0],0.011446662625530735,0.6042275200810233,tvm
24,8,197,1,128,128,0,[24; 8; 197; 1; 128; 128; 0],0.010958306309476029,0.6311548861750405,tvm
8,8,197,1,128,64,0,[8; 8; 197; 1; 128; 64; 0],0.011116902125650086,0.6221507118849551,tvm
8,2,197,1,384,64,1,[8; 2; 197; 1; 384; 64; 1],0.011293126626696903,0.6124423111557306,tvm
16,4,1,1,256,128,0,[16; 4; 1; 1; 256; 128; 0],0.011024953564628959,0.6273394741197116,tvm
24,1,197,1,384,128,1,[24; 1; 197; 1; 384; 128; 1],0.01101608712633606,0.627844396300536,tvm
6,6,197,1,128,64,1,[6; 6; 197; 1; 128; 64; 1],0.01088078974862583,0.63565133884717,tvm
8,1,197,1,192,64,1,[8; 1; 197; 1; 192; 64; 1],0.010664579691365361,0.6485383176449481,tvm
24,12,197,1,256,128,0,[24; 12; 197; 1; 256; 128; 0],0.011580817874346394,0.5972279891172128,tvm
24,12,1,1,256,128,0,[24; 12; 1; 1; 256; 128; 0],0.010866076001548208,0.6365120739486009,tvm
24,3,197,1,256,128,0,[24; 3; 197; 1; 256; 128; 0],0.010930213749816176,0.6327770645423005,tvm
8,4,197,1,128,64,1,[8; 4; 197; 1; 128; 64; 1],0.010502699937205762,0.6585343400059731,tvm
24,8,197,1,256,128,0,[24; 8; 197; 1; 256; 128; 0],0.010923732996161561,0.6331524739627825,tvm
24,4,1,1,128,128,1,[24; 4; 1; 1; 128; 128; 1],0.010299933128408156,0.6714983956888555,tvm
4,2,197,1,192,96,0,[4; 2; 197; 1; 192; 96; 0],0.013591740003903396,0.5088670449436394,tvm
32,4,197,1,256,128,0,[32; 4; 197; 1; 256; 128; 0],0.014535906128003262,0.47581406418855615,tvm
32,32,197,1,384,64,0,[32; 32; 197; 1; 384; 64; 0],0.012716993122012354,0.5438698051551759,tvm
8,8,1,1,384,64,1,[8; 8; 1; 1; 384; 64; 1],0.013076636125333607,0.5289119086237571,tvm
16,16,197,1,384,128,1,[16; 16; 197; 1; 384; 128; 1],0.014702233631396666,0.4704311429699091,tvm
12,6,197,1,384,96,1,[12; 6; 197; 1; 384; 96; 1],0.013859977756510489,0.49901873530639074,tvm
8,2,1,1,384,64,0,[8; 2; 1; 1; 384; 64; 0],0.013230680749984458,0.5227537949199398,tvm
32,2,197,1,384,128,0,[32; 2; 197; 1; 384; 128; 0],0.014452325500315055,0.47856579007148686,tvm
12,3,197,1,64,64,0,[12; 3; 197; 1; 64; 64; 0],0.013986067875521258,0.4945198774227169,tvm
24,1,197,1,128,64,0,[24; 1; 197; 1; 128; 64; 0],0.014035489497473463,0.49277857909220724,tvm
16,4,1,1,256,64,1,[16; 4; 1; 1; 256; 64; 1],0.013014186624786817,0.5314499300521494,tvm
16,4,197,1,384,96,1,[16; 4; 197; 1; 384; 96; 1],0.014077224623179063,0.491317625211456,tvm
12,1,1,1,192,64,0,[12; 1; 1; 1; 192; 64; 0],0.012686919246334583,0.5451590285345913,tvm
16,2,197,1,192,96,1,[16; 2; 197; 1; 192; 96; 1],0.014162021383526735,0.4883758034339445,tvm
12,2,197,1,96,96,0,[12; 2; 197; 1; 96; 96; 0],0.014240676377085038,0.48567837568150013,tvm
24,1,197,1,256,64,0,[24; 1; 197; 1; 256; 64; 0],0.014107765382505022,0.49025401145425584,tvm
24,3,197,1,128,64,0,[24; 3; 197; 1; 128; 64; 0],0.012765203879098408,0.5418157545257372,tvm
12,2,1,1,256,64,1,[12; 2; 1; 1; 256; 64; 1],0.012320728128543124,0.5613619990043889,tvm
32,2,1,1,128,128,1,[32; 2; 1; 1; 128; 128; 1],0.012789021740900353,0.5408066943313878,tvm
12,4,1,1,256,64,1,[12; 4; 1; 1; 256; 64; 1],0.012262825497600716,0.5640126390758637,tvm
12,1,1,1,256,64,1,[12; 1; 1; 1; 256; 64; 1],0.012409508191922214,0.5573459048063397,tvm
8,4,197,1,96,96,1,[8; 4; 197; 1; 96; 96; 1],0.013330404748558067,0.5188431035581803,tvm
32,16,197,1,384,128,1,[32; 16; 197; 1; 384; 128; 1],0.012107716815080494,0.5712380523150342,tvm
8,4,197,1,384,96,1,[8; 4; 197; 1; 384; 96; 1],0.012443902625818737,0.555805423700309,tvm
24,3,197,1,256,64,0,[24; 3; 197; 1; 256; 64; 0],0.012397768317896407,0.5578736748487739,tvm
8,4,1,1,384,96,1,[8; 4; 1; 1; 384; 96; 1],0.01179275443428196,0.5864947506515001,tvm
12,2,197,1,384,64,1,[12; 2; 197; 1; 384; 64; 1],0.012197638498037122,0.5670268529881071,tvm
16,8,1,1,384,96,1,[16; 8; 1; 1; 384; 96; 1],0.012078793937689625,0.572605891540816,tvm
6,6,197,1,96,96,1,[6; 6; 197; 1; 96; 96; 1],0.012171073372883257,0.5682644709741093,tvm
8,2,197,1,384,96,1,[8; 2; 197; 1; 384; 96; 1],0.012613437633262947,0.5483349402853774,tvm
16,4,1,1,384,128,1,[16; 4; 1; 1; 384; 128; 1],0.012450118934793863,0.5555279116330053,tvm
6,3,197,1,96,96,1,[6; 3; 197; 1; 96; 96; 1],0.012208359126816504,0.5665289249426031,tvm
6,6,1,1,64,64,0,[6; 6; 1; 1; 64; 64; 0],0.01193437012261711,0.5795352834181972,tvm
12,6,1,1,192,96,1,[12; 6; 1; 1; 192; 96; 1],0.011598112563660834,0.5963374241683923,tvm
16,1,1,1,192,96,1,[16; 1; 1; 1; 192; 96; 1],0.011177183063409757,0.6187953200901256,tvm
6,2,197,1,384,96,1,[6; 2; 197; 1; 384; 96; 1],0.011895506191649474,0.5814286891199137,tvm
12,12,1,1,384,96,0,[12; 12; 1; 1; 384; 96; 0],0.011838921120215673,0.5842076740944256,tvm
12,3,1,1,384,96,1,[12; 3; 1; 1; 384; 96; 1],0.011542804808414076,0.5991947959119001,tvm
6,3,197,1,384,64,0,[6; 3; 197; 1; 384; 64; 0],0.012065381561114918,0.5732424239046985,tvm
8,8,197,1,192,64,0,[8; 8; 197; 1; 192; 64; 0],0.011266596004134044,0.6138844926090139,tvm
6,3,197,1,256,64,0,[6; 3; 197; 1; 256; 64; 0],0.012036071871989407,0.5746383575130132,tvm
12,3,1,1,384,128,1,[12; 3; 1; 1; 384; 128; 1],0.011541939682501834,0.5992397085486564,tvm
12,6,1,1,384,128,0,[12; 6; 1; 1; 384; 128; 0],0.011629317807091866,0.5947372568329652,tvm
24,8,197,1,384,96,0,[24; 8; 197; 1; 384; 96; 0],0.011823439941508695,0.5849726142006373,tvm
6,3,1,1,64,64,1,[6; 3; 1; 1; 64; 64; 1],0.011212553872610442,0.6168432856606947,tvm
16,8,197,1,384,64,0,[16; 8; 197; 1; 384; 64; 0],0.011169222059834283,0.6192363742413757,tvm
24,1,1,1,192,96,0,[24; 1; 1; 1; 192; 96; 0],0.011552608120837249,0.5986863311803674,tvm
8,8,197,1,256,64,1,[8; 8; 197; 1; 256; 64; 1],0.010715410186094232,0.6454618583247718,tvm
12,4,197,1,384,64,0,[12; 4; 197; 1; 384; 64; 0],0.011282346691587009,0.6130274809394012,tvm
24,6,1,1,192,96,0,[24; 6; 1; 1; 192; 96; 0],0.011493056124891154,0.6017884622045273,tvm
16,1,1,1,256,128,1,[16; 1; 1; 1; 256; 128; 1],0.010759546064946335,0.6428141605305788,tvm
8,1,197,1,384,64,1,[8; 1; 197; 1; 384; 64; 1],0.011438098939834163,0.6046799042226898,tvm
12,6,197,1,192,96,0,[12; 6; 197; 1; 192; 96; 0],0.010329854500014335,0.6695533389573854,tvm
24,24,197,1,256,128,0,[24; 24; 197; 1; 256; 128; 0],0.010464385246450547,0.660945522220196,tvm
16,2,1,1,256,128,1,[16; 2; 1; 1; 256; 128; 1],0.010936225684417877,0.6324292101326293,tvm
6,2,197,1,256,64,1,[6; 2; 197; 1; 256; 64; 1],0.011198160122148693,0.6176361559385758,tvm
24,6,197,1,384,128,1,[24; 6; 197; 1; 384; 128; 1],0.010735072995885275,0.644279603322642,tvm
8,2,197,1,256,64,1,[8; 2; 197; 1; 256; 64; 1],0.010756024254078511,0.6430246351300285,tvm
6,1,197,1,128,64,1,[6; 1; 197; 1; 128; 64; 1],0.010852565996174235,0.6373044470650303,tvm
24,4,197,1,384,128,1,[24; 4; 197; 1; 384; 128; 1],0.010725554689997807,0.6448513639931833,tvm
24,24,1,1,256,128,0,[24; 24; 1; 1; 256; 128; 0],0.010998392499459442,0.6288544959427937,tvm
24,1,197,1,128,128,1,[24; 1; 197; 1; 128; 128; 1],0.010992103751050308,0.6292142730883251,tvm
24,12,1,1,256,128,0,[24; 12; 1; 1; 256; 128; 0],0.010825181190739386,0.6389166564108258,tvm
24,8,197,1,256,128,0,[24; 8; 197; 1; 256; 128; 0],0.010870135374716483,0.6362743731339193,tvm
24,8,197,1,256,64,1,[24; 8; 197; 1; 256; 64; 1],0.014478268742095679,0.47770826019544155,tvm
16,8,1,1,128,128,0,[16; 8; 1; 1; 128; 128; 0],0.015006997375166975,0.4608775758749419,tvm
24,1,197,1,256,64,1,[24; 1; 197; 1; 256; 64; 1],0.013793039368465543,0.5014405010139553,tvm
12,1,1,1,128,128,1,[12; 1; 1; 1; 128; 128; 1],0.015403628000058234,0.44901036115663295,tvm
12,12,197,1,192,96,1,[12; 12; 197; 1; 192; 96; 1],0.013970872620120645,0.49505773615512677,tvm
8,8,1,1,192,96,0,[8; 8; 1; 1; 192; 96; 0],0.015295093005988747,0.452196568449795,tvm
8,1,1,1,96,96,0,[8; 1; 1; 1; 96; 96; 0],0.013892707749619149,0.4978430912158341,tvm
24,24,197,1,192,96,0,[24; 24; 197; 1; 192; 96; 0],0.015176689994405024,0.45572444149405034,tvm
12,2,197,1,64,64,0,[12; 2; 197; 1; 64; 64; 0],0.01328366638335865,0.5206686446215782,tvm
16,2,197,1,128,64,1,[16; 2; 197; 1; 128; 64; 1],0.013298607620527036,0.5200836635523252,tvm
12,3,1,1,192,64,0,[12; 3; 1; 1; 192; 64; 0],0.01249514368828386,0.5535261333500119,tvm
12,3,197,1,192,96,1,[12; 3; 197; 1; 192; 96; 1],0.013816277118166909,0.5005971226745495,tvm
6,6,1,1,384,96,0,[6; 6; 1; 1; 384; 96; 0],0.013163620998966508,0.5254168721487489,tvm
12,12,1,1,192,64,1,[12; 12; 1; 1; 192; 64; 1],0.012117414560634643,0.5707808820783903,tvm
32,16,1,1,128,128,1,[32; 16; 1; 1; 128; 128; 1],0.012293685562326573,0.5625968336642285,tvm
24,8,197,1,128,64,0,[24; 8; 197; 1; 128; 64; 0],0.012614722611033358,0.5482790850572656,tvm
12,2,1,1,192,64,1,[12; 2; 1; 1; 192; 64; 1],0.012502770376158878,0.553188482499623,tvm
12,1,197,1,96,96,0,[12; 1; 197; 1; 96; 96; 0],0.011392086315026972,0.6071222057284944,tvm
12,1,1,1,64,64,1,[12; 1; 1; 1; 64; 64; 1],0.012715927005046979,0.5439154037832588,tvm
8,1,1,1,384,96,0,[8; 1; 1; 1; 384; 96; 0],0.012175290314189624,0.5680676511974343,tvm
32,16,197,1,384,128,1,[32; 16; 197; 1; 384; 128; 1],0.012159011312178336,0.5688282043541805,tvm
32,1,197,1,256,128,1,[32; 1; 197; 1; 256; 128; 1],0.011362913755874615,0.6086808999894772,tvm
6,1,197,1,256,128,0,[6; 1; 197; 1; 256; 128; 0],0.011158556437294465,0.6198282555898008,tvm
24,24,197,1,256,64,0,[24; 24; 197; 1; 256; 64; 0],0.012549503502668813,0.5511284625688747,tvm
32,4,197,1,128,128,1,[32; 4; 197; 1; 128; 128; 1],0.013036099495366216,0.5305565958503965,tvm
8,4,197,1,384,96,1,[8; 4; 197; 1; 384; 96; 1],0.01354857673868537,0.5104882014418641,tvm
12,3,197,1,192,64,1,[12; 3; 197; 1; 192; 64; 1],0.013359826611122116,0.5177004741716218,tvm
16,8,1,1,384,96,1,[16; 8; 1; 1; 384; 96; 1],0.012444657193555031,0.5557717230660643,tvm
16,4,1,1,384,96,0,[16; 4; 1; 1; 384; 96; 0],0.012830205872887745,0.5390707397800992,tvm
16,4,1,1,384,128,1,[16; 4; 1; 1; 384; 128; 1],0.012792370369425043,0.5406651286425683,tvm
8,2,197,1,384,96,1,[8; 2; 197; 1; 384; 96; 1],0.013574694254202768,0.5095060295216031,tvm
24,6,197,1,96,96,0,[24; 6; 197; 1; 96; 96; 0],0.012881208371254615,0.536936316228143,tvm
12,4,1,1,192,96,1,[12; 4; 1; 1; 192; 96; 1],0.011608712185989134,0.5957929235058602,tvm
8,4,197,1,192,96,0,[8; 4; 197; 1; 192; 96; 0],0.013254205754492432,0.5218259546849349,tvm
6,6,197,1,192,64,0,[6; 6; 197; 1; 192; 64; 0],0.01191030443442287,0.5807062791307831,tvm
16,4,1,1,192,96,1,[16; 4; 1; 1; 192; 96; 1],0.011373703375284094,0.6081034772243489,tvm
12,12,1,1,256,128,1,[12; 12; 1; 1; 256; 128; 1],0.011180401124875061,0.6186172118673301,tvm
16,8,1,1,192,96,0,[16; 8; 1; 1; 192; 96; 0],0.011930818625842221,0.579707796114479,tvm
12,1,197,1,128,64,0,[12; 1; 197; 1; 128; 64; 0],0.011418563248298597,0.6057144336840395,tvm
24,1,197,1,192,96,1,[24; 1; 197; 1; 192; 96; 1],0.010997009878337849,0.6289335599354716,tvm
6,2,197,1,128,64,0,[6; 2; 197; 1; 128; 64; 0],0.012034571249387227,0.5747100106936288,tvm
6,2,197,1,256,64,0,[6; 2; 197; 1; 256; 64; 0],0.01202891068533063,0.5749804576954065,tvm
6,3,197,1,128,64,0,[6; 3; 197; 1; 128; 64; 0],0.012073124060407281,0.5728748033088008,tvm
24,8,197,1,96,96,1,[24; 8; 197; 1; 96; 96; 1],0.011167302436660975,0.6193428189714697,tvm
12,3,197,1,192,64,0,[12; 3; 197; 1; 192; 64; 0],0.01142306781548541,0.6054755765393017,tvm
8,1,197,1,192,96,0,[8; 1; 197; 1; 192; 96; 0],0.010964422566758003,0.6308028105736928,tvm
12,12,1,1,256,128,0,[12; 12; 1; 1; 256; 128; 0],0.011441096066846512,0.6045215013507812,tvm
6,6,197,1,384,64,1,[6; 6; 197; 1; 384; 64; 1],0.012247605125594418,0.5647135501597007,tvm
24,6,1,1,96,96,1,[24; 6; 1; 1; 96; 96; 1],0.011035973628167994,0.6267130390539646,tvm
6,2,197,1,384,96,0,[6; 2; 197; 1; 384; 96; 0],0.011607612999796402,0.5958493422850921,tvm
6,1,197,1,384,96,0,[6; 1; 197; 1; 384; 96; 0],0.011673704437271226,0.5924759024518617,tvm
6,1,197,1,384,64,1,[6; 1; 197; 1; 384; 64; 1],0.011809667936176993,0.5856547879929241,tvm
6,3,1,1,64,64,1,[6; 3; 1; 1; 64; 64; 1],0.011029675377358217,0.6270709095959954,tvm
24,4,197,1,128,128,0,[24; 4; 197; 1; 128; 128; 0],0.011120979812403675,0.6219225902842163,tvm
8,4,197,1,128,64,0,[8; 4; 197; 1; 128; 64; 0],0.011308478373393882,0.6116108943269647,tvm
16,16,1,1,256,128,0,[16; 16; 1; 1; 256; 128; 0],0.010802989127114415,0.6402291523249923,tvm
6,3,197,1,192,64,1,[6; 3; 197; 1; 192; 64; 1],0.011129864004033152,0.6214261529990183,tvm
6,2,197,1,192,64,1,[6; 2; 197; 1; 192; 64; 1],0.011126478493679315,0.6216152375037264,tvm
8,4,197,1,192,64,1,[8; 4; 197; 1; 192; 64; 1],0.01062574331444921,0.6509086815623952,tvm
12,1,197,1,384,128,0,[12; 1; 197; 1; 384; 128; 0],0.010887842188822106,0.6352396050090818,tvm
24,8,1,1,256,128,0,[24; 8; 1; 1; 256; 128; 0],0.010411610368464608,0.6642957550906244,tvm
24,4,1,1,256,128,0,[24; 4; 1; 1; 256; 128; 0],0.010641683998983353,0.6499336544939056,tvm
12,12,197,1,256,128,0,[12; 12; 197; 1; 256; 128; 0],0.010384461624198593,0.666032464823359,tvm
12,4,197,1,384,128,0,[12; 4; 197; 1; 384; 128; 0],0.010880624686251394,0.6356609818706478,tvm
6,6,1,1,192,96,1,[6; 6; 1; 1; 192; 96; 1],0.015841277374420315,0.4366054837595863,tvm
6,2,1,1,256,128,0,[6; 2; 1; 1; 256; 128; 0],0.01252275361912325,0.5523057293778175,tvm
24,12,1,1,192,64,0,[24; 12; 1; 1; 192; 64; 0],0.013243369743577205,0.5222529239420273,tvm
6,3,197,1,384,128,1,[6; 3; 197; 1; 384; 128; 1],0.013683248253073543,0.505463939812318,tvm
16,2,197,1,64,64,1,[16; 2; 197; 1; 64; 64; 1],0.014041791873751208,0.4925574053235761,tvm
6,1,1,1,256,128,0,[6; 1; 1; 1; 256; 128; 0],0.012544366618385538,0.551354148187253,tvm
32,1,197,1,384,96,0,[32; 1; 197; 1; 384; 96; 0],0.014093481615418568,0.4907508847112622,tvm
12,12,197,1,384,96,1,[12; 12; 197; 1; 384; 96; 1],0.01392572175245732,0.4966628440790231,tvm
16,2,1,1,192,64,0,[16; 2; 1; 1; 192; 64; 0],0.013528586117899977,0.5112425283139782,tvm
32,16,1,1,256,128,1,[32; 16; 1; 1; 256; 128; 1],0.01309918200422544,0.5280015629371003,tvm
16,8,1,1,96,96,0,[16; 8; 1; 1; 96; 96; 0],0.014367418742040172,0.48139395778802535,tvm
24,6,1,1,192,64,1,[24; 6; 1; 1; 192; 64; 1],0.013157590117771178,0.5256577009559686,tvm
12,12,197,1,192,96,1,[12; 12; 197; 1; 192; 96; 1],0.013948732623248361,0.4958435119690388,tvm
6,1,197,1,128,128,0,[6; 1; 197; 1; 128; 128; 0],0.014602847761125304,0.4736328615190322,tvm
8,8,1,1,384,64,1,[8; 8; 1; 1; 384; 64; 1],0.013110780622810125,0.5275344596488362,tvm
24,12,1,1,192,64,1,[24; 12; 1; 1; 192; 64; 1],0.013050284745986573,0.5299798974543913,tvm
16,2,1,1,256,64,0,[16; 2; 1; 1; 256; 64; 0],0.01385626800765749,0.4991523379604318,tvm
8,1,197,1,128,128,0,[8; 1; 197; 1; 128; 128; 0],0.014926656003808603,0.4633582076028163,tvm
16,16,1,1,256,64,1,[16; 16; 1; 1; 256; 64; 1],0.01374765724176541,0.5030957965999159,tvm
6,3,1,1,384,128,0,[6; 3; 1; 1; 384; 128; 0],0.013856750243576244,0.49913496670223184,tvm
32,32,197,1,384,64,0,[32; 32; 197; 1; 384; 64; 0],0.013481015499564819,0.5130465558512145,tvm
16,2,1,1,384,64,1,[16; 2; 1; 1; 384; 64; 1],0.013620395620819181,0.5077964520249811,tvm
6,1,1,1,96,96,0,[6; 1; 1; 1; 96; 96; 0],0.013871933493646793,0.4985886484098419,tvm
16,1,197,1,96,96,1,[16; 1; 197; 1; 96; 96; 1],0.013435461994959041,0.5147860619920317,tvm
12,3,197,1,64,64,0,[12; 3; 197; 1; 64; 64; 0],0.013243976005469449,0.5222290170695164,tvm
16,4,197,1,96,96,0,[16; 4; 197; 1; 96; 96; 0],0.014149766502669081,0.48879877771296987,tvm
8,1,1,1,256,128,0,[8; 1; 1; 1; 256; 128; 0],0.011999647627817467,0.5763826393864322,tvm
8,8,197,1,384,96,1,[8; 8; 197; 1; 384; 96; 1],0.012761028745444492,0.541993024966551,tvm
12,6,197,1,256,64,1,[12; 6; 197; 1; 256; 64; 1],0.012003063748124987,0.576218598564803,tvm
12,4,197,1,128,64,1,[12; 4; 197; 1; 128; 64; 1],0.012011238315608352,0.5758264376821888,tvm
6,3,197,1,256,128,0,[6; 3; 197; 1; 256; 128; 0],0.014003700372995809,0.49389721196590763,tvm
24,12,197,1,192,96,1,[24; 12; 197; 1; 192; 96; 1],0.011935854068724439,0.5794632316720099,tvm
8,2,1,1,384,128,0,[8; 2; 1; 1; 384; 128; 0],0.012836299749324098,0.5388148225342554,tvm
12,12,197,1,128,64,0,[12; 12; 197; 1; 128; 64; 0],0.012076834187610075,0.5726988102994961,tvm
12,1,1,1,256,128,1,[12; 1; 1; 1; 256; 128; 1],0.01250071562390076,0.5532794105166885,tvm
24,4,197,1,384,96,1,[24; 4; 197; 1; 384; 96; 1],0.011718406996806152,0.5902157668114472,tvm
16,1,1,1,192,96,1,[16; 1; 1; 1; 192; 96; 1],0.011482859998068307,0.6023228161444165,tvm
24,12,197,1,128,128,0,[24; 12; 197; 1; 128; 128; 0],0.01213609118713066,0.5699024887653151,tvm
12,2,1,1,384,128,1,[12; 2; 1; 1; 384; 128; 1],0.011958814873651136,0.5783506680638943,tvm
12,6,1,1,384,96,1,[12; 6; 1; 1; 384; 96; 1],0.011853996125864796,0.5834647234562002,tvm
6,6,1,1,64,64,0,[6; 6; 1; 1; 64; 64; 0],0.012057709369400982,0.5736071719376806,tvm
16,4,1,1,192,96,0,[16; 4; 1; 1; 192; 96; 0],0.011869246438436676,0.5827150533357317,tvm
12,2,197,1,128,64,0,[12; 2; 197; 1; 128; 64; 0],0.011281398627033923,0.6130789984545569,tvm
16,4,1,1,192,96,1,[16; 4; 1; 1; 192; 96; 1],0.011416614623158239,0.6058178190055481,tvm
6,3,197,1,384,64,0,[6; 3; 197; 1; 384; 64; 0],0.012094793062715326,0.5718484421820952,tvm
6,3,197,1,256,64,0,[6; 3; 197; 1; 256; 64; 0],0.011916723560716491,0.580393472768678,tvm
12,4,1,1,384,128,0,[12; 4; 1; 1; 384; 128; 0],0.011593366871238686,0.5965815322024389,tvm
24,2,197,1,96,96,1,[24; 2; 197; 1; 96; 96; 1],0.010947388378554024,0.6317843427367392,tvm
24,6,197,1,192,96,1,[24; 6; 197; 1; 192; 96; 1],0.010950111063721124,0.631627253018766,tvm
24,3,1,1,192,96,0,[24; 3; 1; 1; 192; 96; 0],0.0114242003110121,0.6054155549742658,tvm
8,4,197,1,64,64,0,[8; 4; 197; 1; 64; 64; 0],0.011319205499603413,0.6110312752667048,tvm
16,16,197,1,384,96,0,[16; 16; 197; 1; 384; 96; 0],0.010687987065466587,0.6471179773201414,tvm
24,8,1,1,192,96,1,[24; 8; 1; 1; 192; 96; 1],0.01104968350409763,0.62593544592148,tvm
6,2,197,1,384,96,0,[6; 2; 197; 1; 384; 96; 0],0.011681569812935777,0.5920769795656741,tvm
24,1,197,1,128,128,0,[24; 1; 197; 1; 128; 128; 0],0.011735717685951386,0.5893451731297229,tvm
24,2,1,1,192,96,1,[24; 2; 1; 1; 192; 96; 1],0.010945123874989804,0.6319150564602463,tvm
24,12,197,1,256,128,1,[24; 12; 197; 1; 256; 128; 1],0.01137826487683924,0.6078596909364506,tvm
6,3,197,1,64,64,1,[6; 3; 197; 1; 64; 64; 1],0.010996226061251946,0.6289783906680729,tvm
8,4,197,1,384,128,0,[8; 4; 197; 1; 384; 128; 0],0.010628400566929486,0.6507459450624278,tvm
24,3,1,1,128,128,0,[24; 3; 1; 1; 128; 128; 0],0.011108738064649515,0.6226079444107215,tvm
8,1,197,1,64,64,1,[8; 1; 197; 1; 64; 64; 1],0.010708475689170882,0.6458798406222167,tvm
24,12,1,1,256,128,1,[24; 12; 1; 1; 256; 128; 1],0.01098353724955814,0.6297050225515294,tvm
24,4,197,1,256,128,0,[24; 4; 197; 1; 256; 128; 0],0.011014681316737551,0.627924528412697,tvm
12,4,197,1,384,128,0,[12; 4; 197; 1; 384; 128; 0],0.011044853315979708,0.6262091830067069,tvm
8,4,1,1,256,128,1,[8; 4; 1; 1; 256; 128; 1],0.016726142377592623,0.413507694439705,tvm
8,1,1,1,256,64,0,[8; 1; 1; 1; 256; 64; 0],0.012907805750728585,0.5358299237682728,tvm
8,4,1,1,384,64,1,[8; 4; 1; 1; 384; 64; 1],0.01301473488274496,0.5314275422235741,tvm
32,16,197,1,384,128,0,[32; 16; 197; 1; 384; 128; 0],0.014502679885481484,0.4769041739901128,tvm
16,2,1,1,384,64,1,[16; 2; 1; 1; 384; 64; 1],0.013352501118788496,0.5179844966795338,tvm
8,4,1,1,192,96,0,[8; 4; 1; 1; 192; 96; 0],0.011410794308176264,0.6061268290913558,tvm
8,2,1,1,192,96,0,[8; 2; 1; 1; 192; 96; 0],0.011410313876695,0.6061523500729417,tvm
8,2,1,1,96,96,0,[8; 2; 1; 1; 96; 96; 0],0.013333159615285695,0.518735901391245,tvm
8,8,1,1,384,64,0,[8; 8; 1; 1; 384; 64; 0],0.014040203008335084,0.49261314578732224,tvm
12,3,197,1,384,96,1,[12; 3; 197; 1; 384; 96; 1],0.014075701008550823,0.49137080755174795,tvm
12,4,197,1,192,96,1,[12; 4; 197; 1; 192; 96; 1],0.014367824376677163,0.4813803669994552,tvm
24,1,197,1,192,64,0,[24; 1; 197; 1; 192; 64; 0],0.014733419127878733,0.46943540473516476,tvm
6,6,1,1,384,128,0,[6; 6; 1; 1; 384; 128; 0],0.013821276006638072,0.5004160663680237,tvm
6,2,1,1,384,96,0,[6; 2; 1; 1; 384; 96; 0],0.014105872003710829,0.4903198164288658,tvm
12,6,1,1,192,64,0,[12; 6; 1; 1; 192; 64; 0],0.01372291061852593,0.5040030328618075,tvm
6,3,1,1,384,96,1,[6; 3; 1; 1; 384; 96; 1],0.013778352877125144,0.5019749917213382,tvm
24,1,197,1,256,64,0,[24; 1; 197; 1; 256; 64; 0],0.014853431872325018,0.46564246100695544,tvm
16,4,197,1,384,64,1,[16; 4; 197; 1; 384; 64; 1],0.013607872373540886,0.5082637742015262,tvm
12,3,1,1,384,64,0,[12; 3; 1; 1; 384; 64; 0],0.012982880245544948,0.5327314463831643,tvm
12,4,1,1,192,64,1,[12; 4; 1; 1; 192; 64; 1],0.013910949375713244,0.49719026247796644,tvm
12,12,1,1,256,64,1,[12; 12; 1; 1; 256; 64; 1],0.013362263242015615,0.517606070630388,tvm
12,3,1,1,384,64,1,[12; 3; 1; 1; 384; 64; 1],0.012978087499504909,0.5329281815747058,tvm
12,2,1,1,384,64,1,[12; 2; 1; 1; 384; 64; 1],0.012965956499101594,0.533426791298259,tvm
24,24,197,1,128,128,0,[24; 24; 197; 1; 128; 128; 0],0.01572617374768015,0.4398011037140451,tvm
8,1,1,1,384,96,1,[8; 1; 1; 1; 384; 96; 1],0.012962283741217107,0.5335779334498004,tvm
24,3,197,1,256,64,0,[24; 3; 197; 1; 256; 64; 0],0.01330843688629102,0.519699543268911,tvm
12,2,197,1,192,64,1,[12; 2; 197; 1; 192; 64; 1],0.01333824050379917,0.518538301169375,tvm
12,1,197,1,128,64,1,[12; 1; 197; 1; 128; 64; 1],0.0134592039976269,0.5138779806478938,tvm
24,2,197,1,96,96,0,[24; 2; 197; 1; 96; 96; 0],0.012718036625301465,0.5438251811344054,tvm
6,3,197,1,384,128,0,[6; 3; 197; 1; 384; 128; 0],0.01260395762801636,0.5487473677358822,tvm
6,3,197,1,96,96,0,[6; 3; 197; 1; 96; 96; 0],0.01404230936896056,0.49253925331660287,tvm
16,1,197,1,128,64,0,[16; 1; 197; 1; 128; 64; 0],0.012925384129630402,0.535101201021431,tvm
6,3,197,1,96,96,1,[6; 3; 197; 1; 96; 96; 1],0.012222251316416077,0.5658849906104417,tvm
6,1,197,1,96,96,1,[6; 1; 197; 1; 96; 96; 1],0.012276898371055722,0.5633661175965092,tvm
24,8,197,1,384,96,1,[24; 8; 197; 1; 384; 96; 1],0.011492070436361246,0.6018400783156459,tvm
24,4,197,1,192,96,0,[24; 4; 197; 1; 192; 96; 0],0.011668314567941707,0.5927495810261331,tvm
12,3,1,1,384,96,1,[12; 3; 1; 1; 384; 96; 1],0.011613373062573373,0.5955538097469839,tvm
12,3,1,1,256,128,1,[12; 3; 1; 1; 256; 128; 1],0.011269857248407789,0.6137068481861846,tvm
6,1,197,1,384,64,0,[6; 1; 197; 1; 384; 64; 0],0.012113715056329966,0.5709551974160433,tvm
12,6,1,1,256,128,1,[12; 6; 1; 1; 256; 128; 1],0.011398175622161943,0.6067978596487626,tvm
12,4,1,1,256,128,1,[12; 4; 1; 1; 256; 128; 1],0.011754711187677458,0.5883928971967484,tvm
12,2,197,1,128,64,0,[12; 2; 197; 1; 128; 64; 0],0.011351718625519425,0.6092811846023091,tvm
6,6,197,1,384,96,0,[6; 6; 197; 1; 384; 96; 0],0.011616490810411051,0.5953939691692343,tvm
12,4,1,1,384,128,1,[12; 4; 1; 1; 384; 128; 1],0.011710186619893648,0.5906300895050455,tvm
6,1,197,1,256,64,0,[6; 1; 197; 1; 256; 64; 0],0.011952449378441088,0.5786586792748792,tvm
24,8,197,1,96,96,1,[24; 8; 197; 1; 96; 96; 1],0.011069975444115698,0.6247880680805857,tvm
24,4,197,1,96,96,1,[24; 4; 197; 1; 96; 96; 1],0.010915488812315743,0.633630677503415,tvm
8,4,197,1,384,96,0,[8; 4; 197; 1; 384; 96; 0],0.010845405493455473,0.6377252169688059,tvm
24,4,1,1,96,96,1,[24; 4; 1; 1; 96; 96; 1],0.010948295312118717,0.6317320070616647,tvm
12,4,1,1,256,128,0,[12; 4; 1; 1; 256; 128; 0],0.01160603669268312,0.5959302692700361,tvm
24,3,1,1,96,96,1,[24; 3; 1; 1; 96; 96; 1],0.010900944689637981,0.6344760723355494,tvm
16,16,197,1,384,96,0,[16; 16; 197; 1; 384; 96; 0],0.010602946997096296,0.6523081340803345,tvm
6,2,197,1,384,64,1,[6; 2; 197; 1; 384; 64; 1],0.011744409122911748,0.5889090288872546,tvm
6,2,1,1,64,64,1,[6; 2; 1; 1; 64; 64; 1],0.010950317002425436,0.6316153742304107,tvm
24,3,1,1,192,96,1,[24; 3; 1; 1; 192; 96; 1],0.010887394564633723,0.6352657222413483,tvm
24,6,1,1,128,128,0,[24; 6; 1; 1; 128; 128; 0],0.010951760625175666,0.6315321169026767,tvm
8,4,197,1,256,64,1,[8; 4; 197; 1; 256; 64; 1],0.01071108099858975,0.6457227400613628,tvm
24,2,197,1,128,128,1,[24; 2; 197; 1; 128; 128; 1],0.010428004316054285,0.6632514105101149,tvm
24,1,1,1,256,128,1,[24; 1; 1; 1; 256; 128; 1],0.010694529250031337,0.6467221146183975,tvm
24,6,1,1,256,128,0,[24; 6; 1; 1; 256; 128; 0],0.010582514129055198,0.6535676198568953,tvm
24,8,1,1,128,128,1,[24; 8; 1; 1; 128; 128; 1],0.01021365518681705,0.677170752773765,tvm
24,2,1,1,256,128,1,[24; 2; 1; 1; 256; 128; 1],0.010589345067273825,0.6531460187092724,tvm
12,4,197,1,384,128,0,[12; 4; 197; 1; 384; 128; 0],0.010890714314882644,0.6350720780524947,tvm
16,16,197,1,384,128,0,[16; 16; 197; 1; 384; 128; 0],0.010130059752555098,0.6827589116326835,tvm
12,3,1,1,128,64,1,[12; 3; 1; 1; 128; 64; 1],0.016289958992274478,0.424579863872504,tvm
32,32,197,1,192,96,1,[32; 32; 197; 1; 192; 96; 1],0.015140358882490546,0.45681800709672776,tvm
24,4,1,1,192,64,1,[24; 4; 1; 1; 192; 64; 1],0.013092983877868392,0.5282515151584068,tvm
12,3,197,1,96,96,1,[12; 3; 197; 1; 96; 96; 1],0.014215654868166894,0.48653323646147567,tvm
12,2,1,1,128,64,1,[12; 2; 1; 1; 128; 64; 1],0.01591569112497382,0.4345641365567748,tvm
16,4,197,1,96,96,1,[16; 4; 197; 1; 96; 96; 1],0.01429273524263408,0.4839093745189892,tvm
16,16,197,1,128,64,1,[16; 16; 197; 1; 128; 64; 1],0.013308816502103582,0.5196847195492831,tvm
24,6,1,1,192,64,1,[24; 6; 1; 1; 192; 64; 1],0.013093483372358605,0.5282313632466684,tvm
8,2,1,1,384,64,1,[8; 2; 1; 1; 384; 64; 1],0.013173650499084033,0.5250168563307087,tvm
12,3,197,1,384,96,1,[12; 3; 197; 1; 384; 96; 1],0.013775480620097369,0.50207965603306,tvm
16,16,197,1,256,64,1,[16; 16; 197; 1; 256; 64; 1],0.013013430623686872,0.5314808040578826,tvm
16,2,1,1,96,96,0,[16; 2; 1; 1; 96; 96; 0],0.011327297499519773,0.6105947664676235,tvm
6,3,1,1,384,96,0,[6; 3; 1; 1; 384; 96; 0],0.013098178882501088,0.5280419998438662,tvm
16,4,197,1,96,96,0,[16; 4; 197; 1; 96; 96; 0],0.014137318634311669,0.4892291636295374,tvm
6,2,1,1,384,96,1,[6; 2; 1; 1; 384; 96; 1],0.012931843011756428,0.5348339417004084,tvm
6,1,1,1,192,96,0,[6; 1; 1; 1; 192; 96; 0],0.01225628875545226,0.5643134483390649,tvm
6,3,1,1,192,96,0,[6; 3; 1; 1; 192; 96; 0],0.012253721564775333,0.5644316736647982,tvm
12,6,197,1,64,64,1,[12; 6; 197; 1; 64; 64; 1],0.012697725120233372,0.5446950934862775,tvm
12,12,1,1,192,64,1,[12; 12; 1; 1; 192; 64; 1],0.01223649663006654,0.5652262065299127,tvm
12,3,1,1,256,64,0,[12; 3; 1; 1; 256; 64; 0],0.012465754000004381,0.5548311455068133,tvm
12,3,197,1,64,64,1,[12; 3; 197; 1; 64; 64; 1],0.012704025619314052,0.5444249546311933,tvm
8,8,1,1,256,128,0,[8; 8; 1; 1; 256; 128; 0],0.011918850686924998,0.5802898914587346,tvm
12,12,1,1,384,64,1,[12; 12; 1; 1; 384; 64; 1],0.01253372838255018,0.5518221203084126,tvm
8,4,197,1,96,96,0,[8; 4; 197; 1; 96; 96; 0],0.013264327993965708,0.5214277402198603,tvm
24,4,197,1,384,64,0,[24; 4; 197; 1; 384; 64; 0],0.012505976497777738,0.5530466631420254,tvm
16,16,1,1,384,96,1,[16; 16; 1; 1; 384; 96; 1],0.012228536128532141,0.5655941560569101,tvm
12,4,197,1,256,64,1,[12; 4; 197; 1; 256; 64; 1],0.012310281497775577,0.5618383765373958,tvm
6,2,197,1,384,128,0,[6; 2; 197; 1; 384; 128; 0],0.011447431563283317,0.604186933391444,tvm
16,4,197,1,128,64,0,[16; 4; 197; 1; 128; 64; 0],0.011768516305892263,0.5877026799007512,tvm
12,1,1,1,384,96,1,[12; 1; 1; 1; 384; 96; 1],0.012033152816002257,0.5747777558538798,tvm
16,4,1,1,384,128,1,[16; 4; 1; 1; 384; 128; 1],0.012601416994584724,0.5488580033817457,tvm
24,24,197,1,256,128,1,[24; 24; 197; 1; 256; 128; 1],0.015303235006285831,0.45195597980346325,tvm
12,12,1,1,192,96,0,[12; 12; 1; 1; 192; 96; 0],0.012141936567786615,0.5696281258607643,tvm
24,2,197,1,192,96,0,[24; 2; 197; 1; 192; 96; 0],0.011588579749513883,0.5968279738264475,tvm
12,1,1,1,192,96,0,[12; 1; 1; 1; 192; 96; 0],0.012148867441283073,0.5693031556115253,tvm
12,2,1,1,192,96,1,[12; 2; 1; 1; 192; 96; 1],0.01174314856325509,0.5889722448943806,tvm
12,3,1,1,192,96,0,[12; 3; 1; 1; 192; 96; 0],0.0122372813129914,0.5651899629116119,tvm
24,24,1,1,128,128,0,[24; 24; 1; 1; 128; 128; 0],0.015438896618434228,0.44798464180207803,tvm
16,2,1,1,192,96,0,[16; 2; 1; 1; 192; 96; 0],0.012007883939077146,0.5759872935580791,tvm
24,3,1,1,96,96,0,[24; 3; 1; 1; 96; 96; 0],0.011754491497413255,0.5884038942008356,tvm
16,2,1,1,192,96,1,[16; 2; 1; 1; 192; 96; 1],0.01144323755579535,0.6044083711192217,tvm
8,2,1,1,64,64,0,[8; 2; 1; 1; 64; 64; 0],0.011301754690066446,0.6119747562303449,tvm
12,1,197,1,128,64,0,[12; 1; 197; 1; 128; 64; 0],0.0113653828157112,0.6085486677903661,tvm
12,12,197,1,192,96,0,[12; 12; 197; 1; 192; 96; 0],0.013991117113619111,0.49434141071523735,tvm
12,4,1,1,256,128,1,[12; 4; 1; 1; 256; 128; 1],0.011392908745619934,0.6070783788282,tvm
6,6,197,1,384,64,1,[6; 6; 197; 1; 384; 64; 1],0.011387498379917815,0.6073668105741138,tvm
12,12,197,1,256,64,0,[12; 12; 197; 1; 256; 64; 0],0.011186297313543037,0.6182911447432236,tvm
12,2,197,1,384,64,0,[12; 2; 197; 1; 384; 64; 0],0.011342221499944571,0.6097913509679185,tvm
8,4,197,1,256,128,0,[8; 4; 197; 1; 256; 128; 0],0.01419783775054384,0.48714379562223425,tvm
8,2,197,1,128,64,0,[8; 2; 197; 1; 128; 64; 0],0.011394678374927025,0.6069840976510111,tvm
12,3,197,1,192,96,0,[12; 3; 197; 1; 192; 96; 0],0.010938727056782227,0.6322845917560649,tvm
6,1,197,1,256,64,1,[6; 1; 197; 1; 256; 64; 1],0.01167976287251804,0.5921685779856476,tvm
24,12,1,1,128,128,1,[24; 12; 1; 1; 128; 128; 1],0.011931219371035695,0.5796883249183097,tvm
24,3,197,1,384,128,0,[24; 3; 197; 1; 384; 128; 0],0.011040661942388397,0.6264469112014462,tvm
24,8,1,1,128,128,0,[24; 8; 1; 1; 128; 128; 0],0.011105778998171445,0.6227738344664834,tvm
24,1,1,1,256,128,0,[24; 1; 1; 1; 256; 128; 0],0.011089400191849563,0.6236936580674531,tvm
24,3,197,1,256,128,0,[24; 3; 197; 1; 256; 128; 0],0.010890491808822844,0.6350850533513385,tvm
16,1,197,1,384,128,0,[16; 1; 197; 1; 384; 128; 0],0.011660093878163025,0.5931674859309285,tvm
8,1,197,1,128,64,1,[8; 1; 197; 1; 128; 64; 1],0.010461768688401207,0.6611108290987793,tvm
24,8,197,1,128,128,1,[24; 8; 197; 1; 128; 128; 1],0.010269021877320483,0.6735197036344496,tvm
12,3,197,1,384,128,0,[12; 3; 197; 1; 384; 128; 0],0.010909843629633542,0.6339585429659261,tvm
12,6,197,1,384,128,0,[12; 6; 197; 1; 384; 128; 0],0.010930660442681983,0.6327512054460583,tvm
12,12,197,1,256,128,0,[12; 12; 197; 1; 256; 128; 0],0.01041963837633375,0.6637839358358009,tvm
16,4,197,1,256,128,0,[16; 4; 197; 1; 256; 128; 0],0.01030556418118067,0.6711314829380051,tvm
6,1,1,1,192,64,0,[6; 1; 1; 1; 192; 64; 0],0.014183916617184877,0.4876219141791096,tvm
12,2,197,1,96,96,1,[12; 2; 197; 1; 96; 96; 1],0.01491395199263934,0.46375290565787647,tvm
16,2,197,1,64,64,1,[16; 2; 197; 1; 64; 64; 1],0.015116659124032594,0.4575342021460838,tvm
8,8,1,1,192,64,0,[8; 8; 1; 1; 192; 64; 0],0.015204855633783154,0.454880252599129,tvm
24,4,197,1,384,64,1,[24; 4; 197; 1; 384; 64; 1],0.014962613116949797,0.46224469732453466,tvm
6,3,1,1,192,96,1,[6; 3; 1; 1; 192; 96; 1],0.016569810119108297,0.41740904221060415,tvm
32,32,197,1,384,96,1,[32; 32; 197; 1; 384; 96; 1],0.015425880628754385,0.4483626405442409,tvm
16,16,197,1,384,96,1,[16; 16; 197; 1; 384; 96; 1],0.014541201628162526,0.4756407859742021,tvm
12,1,197,1,96,96,1,[12; 1; 197; 1; 96; 96; 1],0.01476070137869101,0.46856774579921223,tvm
6,3,1,1,384,128,1,[6; 3; 1; 1; 384; 128; 1],0.014244638499803841,0.48554328504186434,tvm
12,4,197,1,384,96,1,[12; 4; 197; 1; 384; 96; 1],0.014521055622026324,0.4763006734122978,tvm
16,16,197,1,128,64,1,[16; 16; 197; 1; 128; 64; 1],0.014286621881183237,0.48411644326767517,tvm
12,2,197,1,384,96,1,[12; 2; 197; 1; 384; 96; 1],0.014524791127769276,0.4761781777505528,tvm
8,1,1,1,96,96,0,[8; 1; 1; 1; 96; 96; 0],0.014333850864204578,0.4825213152385048,tvm
12,1,197,1,384,96,1,[12; 1; 197; 1; 384; 96; 1],0.014519067874061875,0.4763658818473195,tvm
12,4,197,1,64,64,0,[12; 4; 197; 1; 64; 64; 0],0.014479007993941195,0.477683869939347,tvm
6,6,1,1,384,128,0,[6; 6; 1; 1; 384; 128; 0],0.01403737612417899,0.4927123495334205,tvm
6,2,1,1,384,96,0,[6; 2; 1; 1; 384; 96; 0],0.01414118411776144,0.48909543315693993,tvm
16,2,197,1,128,64,1,[16; 2; 197; 1; 128; 64; 1],0.013808379371766932,0.500883440787414,tvm
12,3,1,1,192,64,0,[12; 3; 1; 1; 192; 64; 0],0.013483053247909993,0.5129690170511401,tvm
8,4,1,1,384,128,1,[8; 4; 1; 1; 384; 128; 1],0.012767172127496451,0.5417322256142264,tvm
8,2,1,1,256,128,0,[8; 2; 1; 1; 256; 128; 0],0.01364043087232858,0.5070505936479897,tvm
8,8,1,1,384,96,1,[8; 8; 1; 1; 384; 96; 1],0.012590828875545412,0.5493195594820571,tvm
24,24,197,1,256,128,1,[24; 24; 197; 1; 256; 128; 1],0.015406910504680127,0.44891469768241943,tvm
8,8,197,1,96,96,1,[8; 8; 197; 1; 96; 96; 1],0.013280738625326194,0.5207834267771153,tvm
8,4,197,1,96,96,1,[8; 4; 197; 1; 96; 96; 1],0.01331684812612366,0.5193712886054991,tvm
6,6,197,1,256,128,0,[6; 6; 197; 1; 256; 128; 0],0.011361049124388956,0.6087807997045839,tvm
24,12,197,1,256,64,0,[24; 12; 197; 1; 256; 64; 0],0.012535666988696903,0.5517367825473432,tvm
16,1,1,1,384,96,1,[16; 1; 1; 1; 384; 96; 1],0.013228505500592291,0.5228397547341155,tvm
24,24,197,1,384,128,1,[24; 24; 197; 1; 384; 128; 1],0.015113221379579045,0.45763827563420606,tvm
32,2,197,1,128,128,1,[32; 2; 197; 1; 128; 128; 1],0.0127428548730677,0.5427660159613454,tvm
32,16,197,1,384,128,1,[32; 16; 197; 1; 384; 128; 1],0.012128403250244446,0.5702637378328571,tvm
12,1,197,1,384,64,1,[12; 1; 197; 1; 384; 64; 1],0.013537224003812298,0.5109163126414105,tvm
12,1,197,1,256,64,1,[12; 1; 197; 1; 256; 64; 1],0.013348217122256756,0.5181507393894738,tvm
32,8,197,1,256,128,1,[32; 8; 197; 1; 256; 128; 1],0.01398627612798009,0.49451251413462843,tvm
6,2,197,1,96,96,0,[6; 2; 197; 1; 96; 96; 0],0.013838187995133922,0.499804495636326,tvm
32,32,197,1,384,96,0,[32; 32; 197; 1; 384; 96; 0],0.011464578688901383,0.6032832744324204,tvm
8,1,197,1,384,96,1,[8; 1; 197; 1; 384; 96; 1],0.013542584361857735,0.5107140843005094,tvm
24,12,197,1,96,96,1,[24; 12; 197; 1; 96; 96; 1],0.01353116512473207,0.5111450867440007,tvm
8,1,197,1,192,96,1,[8; 1; 197; 1; 192; 96; 1],0.013693693254026584,0.5050783921565375,tvm
16,16,197,1,192,96,0,[16; 16; 197; 1; 192; 96; 0],0.014258810871979222,0.48506068518100265,tvm
12,12,1,1,192,96,1,[12; 12; 1; 1; 192; 96; 1],0.01148752937297104,0.6020779879529287,tvm
24,2,197,1,384,96,0,[24; 2; 197; 1; 384; 96; 0],0.011670243562548421,0.5926516044296033,tvm
24,2,197,1,192,96,0,[24; 2; 197; 1; 192; 96; 0],0.011582801249460317,0.5971257230845457,tvm
12,1,1,1,192,96,1,[12; 1; 1; 1; 192; 96; 1],0.011775044120440725,0.587376871006552,tvm
12,2,1,1,384,96,1,[12; 2; 1; 1; 384; 96; 1],0.011706586003128905,0.590811750717073,tvm
24,8,197,1,384,96,1,[24; 8; 197; 1; 384; 96; 1],0.011484247872431297,0.6022500252743432,tvm
6,2,197,1,192,64,0,[6; 2; 197; 1; 192; 64; 0],0.011866334687510971,0.5828580394507077,tvm
6,1,1,1,64,64,0,[6; 1; 1; 1; 64; 64; 0],0.011932383247767575,0.5796317825043505,tvm
12,12,1,1,384,128,1,[12; 12; 1; 1; 384; 128; 1],0.011568082816665992,0.5978854647776395,tvm
24,6,1,1,192,96,0,[24; 6; 1; 1; 192; 96; 0],0.011457396307378076,0.6036614590153184,tvm
12,2,197,1,256,64,0,[12; 2; 197; 1; 256; 64; 0],0.011257169564487413,0.6143985423518407,tvm
24,8,197,1,192,96,1,[24; 8; 197; 1; 192; 96; 1],0.010919020569417626,0.6334257296666547,tvm
8,4,197,1,64,64,0,[8; 4; 197; 1; 64; 64; 0],0.011323619000904728,0.6107931193089391,tvm
12,2,197,1,384,96,0,[12; 2; 197; 1; 384; 96; 0],0.010632380879542325,0.6505023333707257,tvm
24,2,1,1,192,96,1,[24; 2; 1; 1; 192; 96; 1],0.010936236249108333,0.6324285991894594,tvm
24,4,197,1,128,128,0,[24; 4; 197; 1; 128; 128; 0],0.0110775233770255,0.6243623539330988,tvm
6,1,197,1,64,64,1,[6; 1; 197; 1; 64; 64; 1],0.011017420249118004,0.6277684262776724,tvm
24,3,1,1,128,128,0,[24; 3; 1; 1; 128; 128; 0],0.011007974251697306,0.6283071174845946,tvm
24,4,1,1,128,128,0,[24; 4; 1; 1; 128; 128; 0],0.011029992376279552,0.627052887751994,tvm
12,1,197,1,384,128,0,[12; 1; 197; 1; 384; 128; 0],0.01089727212820435,0.6346899012944308,tvm
12,2,197,1,256,128,0,[12; 2; 197; 1; 256; 128; 0],0.0108253589423839,0.6389061654435527,tvm
12,4,197,1,384,128,0,[12; 4; 197; 1; 384; 128; 0],0.01089583606517408,0.634773552947914,tvm
24,8,1,1,128,128,1,[24; 8; 1; 1; 128; 128; 1],0.010376949125202373,0.6665146458732095,tvm
12,2,197,1,192,96,1,[12; 2; 197; 1; 192; 96; 1],0.013827010508975945,0.5002085278620948,tvm
12,4,197,1,64,64,0,[12; 4; 197; 1; 64; 64; 0],0.013130827122949995,0.5267290861929133,tvm
6,6,1,1,256,128,0,[6; 6; 1; 1; 256; 128; 0],0.012591302991495468,0.5492988752712965,tvm
16,16,197,1,256,64,1,[16; 16; 197; 1; 256; 64; 1],0.012956229373230599,0.5338272712058346,tvm
24,24,197,1,384,128,1,[24; 24; 197; 1; 384; 128; 1],0.014990333875175565,0.461389894916371,tvm
16,4,197,1,128,64,1,[16; 4; 197; 1; 128; 64; 1],0.01340363324561622,0.51600849148052,tvm
16,2,1,1,192,64,1,[16; 2; 1; 1; 192; 64; 1],0.01291012013098225,0.5357338662426797,tvm
16,2,197,1,384,128,1,[16; 2; 197; 1; 384; 128; 1],0.014639534638263285,0.4724459309895847,tvm
16,4,1,1,192,64,1,[16; 4; 1; 1; 192; 64; 1],0.01293647450802382,0.5346424612933528,tvm
6,3,1,1,384,96,0,[6; 3; 1; 1; 384; 96; 0],0.013084745121886954,0.52858412655356,tvm
12,2,197,1,128,128,0,[12; 2; 197; 1; 128; 128; 0],0.01493836913141422,0.46299488990963195,tvm
24,1,197,1,384,64,0,[24; 1; 197; 1; 384; 64; 0],0.014016123866895214,0.4934594355122988,tvm
16,2,197,1,384,64,1,[16; 2; 197; 1; 384; 64; 1],0.013127384503604844,0.526867219401496,tvm
12,6,197,1,64,64,1,[12; 6; 197; 1; 64; 64; 1],0.012622953130630776,0.5479215917110004,tvm
12,2,197,1,96,96,0,[12; 2; 197; 1; 96; 96; 0],0.01422779812128283,0.48611798624571456,tvm
8,4,1,1,256,128,0,[8; 4; 1; 1; 256; 128; 0],0.011929849875741638,0.5797548706369285,tvm
12,3,1,1,64,64,1,[12; 3; 1; 1; 64; 64; 1],0.012658686377108097,0.5463749053721824,tvm
12,2,1,1,384,64,0,[12; 2; 1; 1; 384; 64; 0],0.012724667627480812,0.543541786230361,tvm
24,12,197,1,128,64,0,[24; 12; 197; 1; 128; 64; 0],0.012814824498491362,0.5397177754750219,tvm
8,8,1,1,384,128,1,[8; 8; 1; 1; 384; 128; 1],0.01189122068171855,0.5816382318143133,tvm
8,8,197,1,96,96,0,[8; 8; 197; 1; 96; 96; 0],0.013834836252499372,0.49992558243535923,tvm
8,8,1,1,256,128,0,[8; 8; 1; 1; 256; 128; 0],0.011900376252015121,0.5811907476671085,tvm
12,12,197,1,256,64,1,[12; 12; 197; 1; 256; 64; 1],0.012036364816594869,0.574624371794776,tvm
8,2,197,1,96,96,0,[8; 2; 197; 1; 96; 96; 0],0.013465501368045807,0.5136376568823088,tvm
32,32,197,1,384,128,0,[32; 32; 197; 1; 384; 128; 0],0.01017814569058828,0.6795332648680935,tvm
12,12,197,1,192,64,1,[12; 12; 197; 1; 192; 64; 1],0.013313805364305153,0.5194899866849253,tvm
12,6,197,1,192,64,1,[12; 6; 197; 1; 192; 64; 1],0.013356187744648196,0.5178415206240237,tvm
6,3,197,1,256,128,0,[6; 3; 197; 1; 256; 128; 0],0.01511778574786149,0.4575001052920028,tvm
24,6,197,1,384,64,0,[24; 6; 197; 1; 384; 64; 0],0.013380095886532217,0.5169162186939398,tvm
24,12,197,1,384,64,0,[24; 12; 197; 1; 384; 64; 0],0.01329788200382609,0.5201120426123932,tvm
32,8,197,1,96,96,1,[32; 8; 197; 1; 96; 96; 1],0.012694627497694455,0.5448280048142173,tvm
16,16,197,1,192,64,0,[16; 16; 197; 1; 192; 64; 0],0.012483679187425878,0.5540344691327111,tvm
24,1,197,1,96,96,0,[24; 1; 197; 1; 96; 96; 0],0.01308817625977099,0.5284455552976783,tvm
16,8,197,1,128,64,0,[16; 8; 197; 1; 128; 64; 0],0.014596902998164296,0.4738257541547255,tvm
24,3,197,1,384,96,1,[24; 3; 197; 1; 384; 96; 1],0.012484945626056287,0.5539782693962202,tvm
6,1,197,1,384,128,0,[6; 1; 197; 1; 384; 128; 0],0.012432679250196088,0.5563071669623815,tvm
12,2,1,1,384,128,1,[12; 2; 1; 1; 384; 128; 1],0.012110159812436905,0.5711228157637995,tvm
6,1,197,1,384,64,0,[6; 1; 197; 1; 384; 64; 0],0.013552349249948747,0.5103460989580627,tvm
24,3,197,1,384,96,0,[24; 3; 197; 1; 384; 96; 0],0.012307556004088838,0.5619627949798316,tvm
12,4,1,1,192,96,1,[12; 4; 1; 1; 192; 96; 1],0.012960198379005305,0.5336637888685932,tvm
16,8,1,1,192,96,0,[16; 8; 1; 1; 192; 96; 0],0.011922083125682548,0.5801325572482622,tvm
12,6,1,1,192,96,0,[12; 6; 1; 1; 192; 96; 0],0.012260274997970555,0.5641299703777805,tvm
24,6,197,1,384,96,0,[24; 6; 197; 1; 384; 96; 0],0.011823245120467618,0.5849822532610254,tvm
16,2,197,1,256,64,0,[16; 2; 197; 1; 256; 64; 0],0.011246670066611841,0.6149721233453231,tvm
6,1,197,1,192,64,0,[6; 1; 197; 1; 192; 64; 0],0.011877020566316787,0.5823336360167161,tvm
8,4,1,1,64,64,0,[8; 4; 1; 1; 64; 64; 0],0.011233531557081733,0.6156913822054837,tvm
12,12,1,1,384,128,1,[12; 12; 1; 1; 384; 128; 1],0.011452981998445466,0.6038941275178241,tvm
8,2,197,1,192,64,0,[8; 2; 197; 1; 192; 64; 0],0.011229193936742377,0.6159292118731575,tvm
12,4,1,1,256,128,1,[12; 4; 1; 1; 256; 128; 1],0.011231116310227662,0.6158237863791094,tvm
12,12,1,1,384,128,0,[12; 12; 1; 1; 384; 128; 0],0.011742972936190199,0.588981053521228,tvm
24,1,197,1,192,96,1,[24; 1; 197; 1; 192; 96; 1],0.01092432125005871,0.6331183799077128,tvm
24,24,197,1,256,128,0,[24; 24; 197; 1; 256; 128; 0],0.010581227063084953,0.6536471176918588,tvm
8,1,197,1,64,64,0,[8; 1; 197; 1; 64; 64; 0],0.011269360438745935,0.6137339034475175,tvm
16,8,197,1,384,96,0,[16; 8; 197; 1; 384; 96; 0],0.010486852377653122,0.6595295063146875,tvm
6,6,197,1,256,64,1,[6; 6; 197; 1; 256; 64; 1],0.011326754000037909,0.6106240650591884,tvm
8,8,197,1,256,64,1,[8; 8; 197; 1; 256; 64; 1],0.01083221237786347,0.6385019357230096,tvm
6,3,197,1,256,64,1,[6; 3; 197; 1; 256; 64; 1],0.011326716936309822,0.6106260631672402,tvm
24,1,197,1,256,128,0,[24; 1; 197; 1; 256; 128; 0],0.011186451876710635,0.618282601816576,tvm
24,4,1,1,128,128,0,[24; 4; 1; 1; 128; 128; 0],0.01105495937372325,0.6256367244431735,tvm
24,3,197,1,256,128,0,[24; 3; 197; 1; 256; 128; 0],0.01086195012612734,0.6367538509306802,tvm
8,2,197,1,64,64,1,[8; 2; 197; 1; 64; 64; 1],0.01068194419349311,0.6474840577843197,tvm
24,8,1,1,256,128,0,[24; 8; 1; 1; 256; 128; 0],0.010468294560268987,0.6606986965841408,tvm
16,16,197,1,256,128,0,[16; 16; 197; 1; 256; 128; 0],0.010024841751146596,0.6899249627194869,tvm
12,4,197,1,384,128,0,[12; 4; 197; 1; 384; 128; 0],0.010867891440284438,0.6364057470974841,tvm
6,1,1,1,256,64,1,[6; 1; 1; 1; 256; 64; 1],0.01725628062558826,0.40080413163730605,tvm
6,2,1,1,192,64,0,[6; 2; 1; 1; 192; 64; 0],0.014221367382560857,0.48633780320659503,tvm
4,2,197,1,96,96,0,[4; 2; 197; 1; 96; 96; 0],0.015402814868139103,0.44903406491856235,tvm
24,1,197,1,192,64,1,[24; 1; 197; 1; 192; 64; 1],0.014457312994636595,0.4784006940981652,tvm
32,4,197,1,384,128,0,[32; 4; 197; 1; 384; 128; 0],0.01466044363041874,0.4717721199839995,tvm
8,4,1,1,192,96,1,[8; 4; 1; 1; 192; 96; 1],0.015984943995135836,0.43268143907999956,tvm
8,8,1,1,256,64,1,[8; 8; 1; 1; 256; 64; 1],0.01741567224962637,0.3971358941700889,tvm
8,2,1,1,256,64,1,[8; 2; 1; 1; 256; 64; 1],0.014710035000462085,0.47018165294720965,tvm
8,1,1,1,256,64,1,[8; 1; 1; 1; 256; 64; 1],0.013062261874438263,0.529493945069602,tvm
16,16,1,1,384,64,0,[16; 16; 1; 1; 384; 64; 0],0.013596413366030902,0.5086921370534662,tvm
16,8,1,1,384,64,0,[16; 8; 1; 1; 384; 64; 0],0.013566275010816753,0.5098222294560556,tvm
32,32,1,1,384,128,0,[32; 32; 1; 1; 384; 128; 0],0.020720267377328128,0.33379822979487234,tvm
6,3,1,1,256,128,0,[6; 3; 1; 1; 256; 128; 0],0.012601688620634377,0.5488461728933274,tvm
16,2,1,1,256,64,0,[16; 2; 1; 1; 256; 64; 0],0.013276317869895138,0.520956837521336,tvm
12,1,197,1,384,96,1,[12; 1; 197; 1; 384; 96; 1],0.013844169996445999,0.4995885324439175,tvm
8,4,1,1,384,64,0,[8; 4; 1; 1; 384; 64; 0],0.013137692367308773,0.5264538381671193,tvm
16,2,197,1,384,96,1,[16; 2; 197; 1; 384; 96; 1],0.014074298378545791,0.49141977705770357,tvm
12,3,1,1,64,64,0,[12; 3; 1; 1; 64; 64; 0],0.013238836618256755,0.5224317491682511,tvm
16,1,197,1,384,128,1,[16; 1; 197; 1; 384; 128; 1],0.01159080419165548,0.5967134339486002,tvm
16,16,197,1,192,64,1,[16; 16; 197; 1; 192; 64; 1],0.013167560508009046,0.5252596764010875,tvm
16,4,197,1,192,96,1,[16; 4; 197; 1; 192; 96; 1],0.014282588745118119,0.4842531487012561,tvm
12,2,1,1,64,64,0,[12; 2; 1; 1; 64; 64; 0],0.01321956337778829,0.5231934197652542,tvm
24,3,1,1,384,96,1,[24; 3; 1; 1; 384; 96; 1],0.018060228248941712,0.38296241199686143,tvm
12,2,197,1,96,96,0,[12; 2; 197; 1; 96; 96; 0],0.014288946244050749,0.48403769272406866,tvm
6,1,1,1,256,128,0,[6; 1; 1; 1; 256; 128; 0],0.013915780757088214,0.4970176443679312,tvm
8,8,197,1,96,96,0,[8; 8; 197; 1; 96; 96; 0],0.01434512049308978,0.4821422430547223,tvm
12,4,197,1,64,64,1,[12; 4; 197; 1; 64; 64; 1],0.01396993949310854,0.4950908037103861,tvm
12,1,1,1,384,64,0,[12; 1; 1; 1; 384; 64; 0],0.013115179885062389,0.5273575072581378,tvm
12,3,197,1,64,64,1,[12; 3; 197; 1; 64; 64; 1],0.013972603250294924,0.49499641888726675,tvm
12,2,1,1,192,64,1,[12; 2; 1; 1; 192; 64; 1],0.013592287505161949,0.5088465476323931,tvm
12,2,1,1,256,64,1,[12; 2; 1; 1; 256; 64; 1],0.01329901537974365,0.5200677173411834,tvm
12,2,1,1,384,64,1,[12; 2; 1; 1; 384; 64; 1],0.012918481123051606,0.5353871330188374,tvm
8,8,1,1,384,96,1,[8; 8; 1; 1; 384; 96; 1],0.01172003906685859,0.5901335765156646,tvm
24,3,197,1,384,64,0,[24; 3; 197; 1; 384; 64; 0],0.012486599815019872,0.5539048799424957,tvm
12,12,197,1,256,64,1,[12; 12; 197; 1; 256; 64; 1],0.0119463677474414,0.5789532615811095,tvm
16,1,1,1,384,128,1,[16; 1; 1; 1; 384; 128; 1],0.01351379074912984,0.5118022544395192,tvm
32,4,197,1,384,96,1,[32; 4; 197; 1; 384; 96; 1],0.011850499628053512,0.5836368751116203,tvm
32,8,197,1,128,128,1,[32; 8; 197; 1; 128; 128; 1],0.012235042559041176,0.5652933807179652,tvm
24,24,197,1,384,64,0,[24; 24; 197; 1; 384; 64; 0],0.01240255193260964,0.5576585052019438,tvm
6,2,197,1,192,96,1,[6; 2; 197; 1; 192; 96; 1],0.011762339127017185,0.5880113212806592,tvm
12,12,197,1,192,96,0,[12; 12; 197; 1; 192; 96; 0],0.014484039245871827,0.4775179391618845,tvm
12,4,1,1,192,96,1,[12; 4; 1; 1; 192; 96; 1],0.01290980250632856,0.5357470471014614,tvm
24,4,1,1,96,96,0,[24; 4; 1; 1; 96; 96; 0],0.013002524749026634,0.5319265838695159,tvm
12,2,1,1,384,128,0,[12; 2; 1; 1; 384; 128; 0],0.012412713127559982,0.5572019993011917,tvm
12,6,1,1,192,96,0,[12; 6; 1; 1; 192; 96; 0],0.013557527490775101,0.5101511744036413,tvm
16,8,1,1,192,96,1,[16; 8; 1; 1; 192; 96; 1],0.012093005629139952,0.5719329655121033,tvm
6,2,197,1,64,64,0,[6; 2; 197; 1; 64; 64; 0],0.014217722622561269,0.4864624775034899,tvm
12,1,197,1,128,64,0,[12; 1; 197; 1; 128; 64; 0],0.012904150877147913,0.5359816881618201,tvm
8,8,197,1,384,96,0,[8; 8; 197; 1; 384; 96; 0],0.010712517432693858,0.6456361555426957,tvm
8,4,197,1,384,96,0,[8; 4; 197; 1; 384; 96; 0],0.010844628370250575,0.6377709161894278,tvm
6,1,197,1,384,64,1,[6; 1; 197; 1; 384; 64; 1],0.011744687188183889,0.5888950859744498,tvm
12,6,1,1,256,128,0,[12; 6; 1; 1; 256; 128; 0],0.011656541500997264,0.5933482560703658,tvm
16,4,197,1,384,96,0,[16; 4; 197; 1; 384; 96; 0],0.01051917250151746,0.6575031040161036,tvm
8,2,197,1,384,64,1,[8; 2; 197; 1; 384; 64; 1],0.01144385343650356,0.6043758433122449,tvm
6,2,1,1,64,64,1,[6; 2; 1; 1; 64; 64; 1],0.010997299621521961,0.6289169895756086,tvm
6,6,197,1,192,64,1,[6; 6; 197; 1; 192; 64; 1],0.011140674752823543,0.6208231300959263,tvm
24,6,197,1,128,128,0,[24; 6; 197; 1; 128; 128; 0],0.010972228628816083,0.6303540333879151,tvm
24,3,197,1,128,128,0,[24; 3; 197; 1; 128; 128; 0],0.01110334943223279,0.6229101059677038,tvm
8,1,197,1,128,64,1,[8; 1; 197; 1; 128; 64; 1],0.01062915150396293,0.6506999706279369,tvm
8,1,197,1,64,64,1,[8; 1; 197; 1; 64; 64; 1],0.010751162437372841,0.6433154193062925,tvm
24,4,1,1,256,128,0,[24; 4; 1; 1; 256; 128; 0],0.010705414999392815,0.6460644983702969,tvm
12,2,197,1,384,128,0,[12; 2; 197; 1; 384; 128; 0],0.011049668995838147,0.6259362677772181,tvm
12,4,197,1,256,128,0,[12; 4; 197; 1; 256; 128; 0],0.010522934244363569,0.6572680595370267,tvm
16,16,197,1,384,128,0,[16; 16; 197; 1; 384; 128; 0],0.010248542246699799,0.6748655959978858,tvm
32,2,1,1,256,128,1,[32; 2; 1; 1; 256; 128; 1],0.014366714996867813,0.4814175385908651,tvm
24,8,1,1,256,64,0,[24; 8; 1; 1; 256; 64; 0],0.013879456499125808,0.4983184011466297,tvm
16,8,197,1,384,128,1,[16; 8; 197; 1; 384; 128; 1],0.01479882288549561,0.46736072354831365,tvm
32,8,1,1,256,128,1,[32; 8; 1; 1; 256; 128; 1],0.01382768724579364,0.5001840473020913,tvm
16,16,1,1,384,64,1,[16; 16; 1; 1; 384; 64; 1],0.01349419038160704,0.5125456493377922,tvm
12,6,197,1,384,96,1,[12; 6; 197; 1; 384; 96; 1],0.013829186747898348,0.5001298122233884,tvm
6,2,1,1,384,128,1,[6; 2; 1; 1; 384; 128; 1],0.013083006750093773,0.5286543608470582,tvm
24,8,1,1,384,128,0,[24; 8; 1; 1; 384; 128; 0],0.01848188738222234,0.3742252308106487,tvm
12,6,197,1,64,64,0,[12; 6; 197; 1; 64; 64; 0],0.01318943225487601,0.5243886497746442,tvm
6,1,1,1,384,128,0,[6; 1; 1; 1; 384; 128; 0],0.01328616299724672,0.5205708053455199,tvm
16,2,197,1,192,96,1,[16; 2; 197; 1; 192; 96; 1],0.01413616024365183,0.4892692536174762,tvm
16,4,197,1,128,64,1,[16; 4; 197; 1; 128; 64; 1],0.01343502925010398,0.5148026433492909,tvm
24,2,197,1,192,64,0,[24; 2; 197; 1; 192; 64; 0],0.013920323617639951,0.49685544398293047,tvm
16,2,1,1,128,128,1,[16; 2; 1; 1; 128; 128; 1],0.014700307627208531,0.4704927778944676,tvm
6,2,1,1,96,96,0,[6; 2; 1; 1; 96; 96; 0],0.012776976756867953,0.5413165182217957,tvm
16,16,197,1,384,64,1,[16; 16; 197; 1; 384; 64; 1],0.013225857372162864,0.5229444395783253,tvm
16,4,197,1,256,64,1,[16; 4; 197; 1; 256; 64; 1],0.013059151504421607,0.5296200575578589,tvm
32,2,1,1,192,96,1,[32; 2; 1; 1; 192; 96; 1],0.012932621626532637,0.5348017417627738,tvm
12,3,197,1,64,64,1,[12; 3; 197; 1; 64; 64; 1],0.01335945475148037,0.5177148843340452,tvm
12,6,1,1,256,64,0,[12; 6; 1; 1; 256; 64; 0],0.013008145251660608,0.5316967513524368,tvm
12,6,1,1,384,64,0,[12; 6; 1; 1; 384; 64; 0],0.012894361119833775,0.536388620355138,tvm
24,6,197,1,128,64,0,[24; 6; 197; 1; 128; 64; 0],0.012989740251214243,0.5324501058273314,tvm
16,1,1,1,128,128,1,[16; 1; 1; 1; 128; 128; 1],0.011937802126340102,0.5793686725773366,tvm
8,4,1,1,256,128,0,[8; 4; 1; 1; 256; 128; 0],0.013619298246339895,0.5078373677063214,tvm
8,1,1,1,384,96,1,[8; 1; 1; 1; 384; 96; 1],0.012255872563400771,0.5643326116234848,tvm
16,2,1,1,128,128,0,[16; 2; 1; 1; 128; 128; 0],0.010427025998069439,0.6633136402181349,tvm
8,8,1,1,384,96,1,[8; 8; 1; 1; 384; 96; 1],0.011873748058860656,0.582494132193355,tvm
16,16,1,1,384,96,1,[16; 16; 1; 1; 384; 96; 1],0.012106181937269866,0.5713104765207523,tvm
24,12,197,1,96,96,1,[24; 12; 197; 1; 96; 96; 1],0.012766636500600725,0.541754954102682,tvm
16,2,1,1,384,96,1,[16; 2; 1; 1; 384; 96; 1],0.01230276462592883,0.5621816544268317,tvm
6,2,197,1,384,128,0,[6; 2; 197; 1; 384; 128; 0],0.011318297001707833,0.611080321570016,tvm
8,2,1,1,384,128,0,[8; 2; 1; 1; 384; 128; 0],0.012356626248219982,0.5597311460662576,tvm
32,1,197,1,384,96,1,[32; 1; 197; 1; 384; 96; 1],0.012580254246131517,0.5497813029935695,tvm
32,16,197,1,384,128,1,[32; 16; 197; 1; 384; 128; 1],0.012539452756755054,0.5515702084927657,tvm
6,3,197,1,96,96,1,[6; 3; 197; 1; 96; 96; 1],0.01363304688129574,0.5073252246288182,tvm
24,12,197,1,192,96,1,[24; 12; 197; 1; 192; 96; 1],0.013281707870191894,0.520745422126849,tvm
12,1,1,1,128,128,0,[12; 1; 1; 1; 128; 128; 0],0.012203276870422997,0.5667648652790774,tvm
16,16,1,1,192,96,0,[16; 16; 1; 1; 192; 96; 0],0.012712896874290891,0.5440450465240133,tvm
6,6,197,1,192,96,0,[6; 6; 197; 1; 192; 96; 0],0.014040686379303224,0.4925961868661723,tvm
6,1,197,1,384,64,0,[6; 1; 197; 1; 384; 64; 0],0.013768642136710696,0.5023290243696379,tvm
12,6,197,1,128,64,0,[12; 6; 197; 1; 128; 64; 0],0.012539337243651971,0.5515752895895664,tvm
12,3,1,1,192,96,0,[12; 3; 1; 1; 192; 96; 0],0.01222926899936283,0.5655602613524102,tvm
24,2,197,1,384,96,0,[24; 2; 197; 1; 384; 96; 0],0.01158053994004149,0.5972423226583847,tvm
8,2,197,1,192,96,0,[8; 2; 197; 1; 192; 96; 0],0.01076608744187979,0.6424235924857907,tvm
16,4,1,1,192,96,1,[16; 4; 1; 1; 192; 96; 1],0.01123697931325296,0.6155024743412442,tvm
24,4,197,1,384,96,0,[24; 4; 197; 1; 384; 96; 0],0.011663000877888408,0.5930196391000175,tvm
24,12,197,1,384,128,1,[24; 12; 197; 1; 384; 128; 1],0.01131343549786834,0.6113429092985722,tvm
8,8,197,1,256,64,0,[8; 8; 197; 1; 256; 64; 0],0.011047743064409588,0.626045386021855,tvm
12,3,197,1,256,64,0,[12; 3; 197; 1; 256; 64; 0],0.01265013676311355,0.546744173675341,tvm
12,4,197,1,384,64,0,[12; 4; 197; 1; 384; 64; 0],0.012704909866442904,0.5443870632798915,tvm
12,6,197,1,192,96,0,[12; 6; 197; 1; 192; 96; 0],0.011737349937902763,0.5892632159746611,tvm
6,1,197,1,384,96,0,[6; 1; 197; 1; 384; 96; 0],0.012972977870958857,0.5331380844263606,tvm
24,3,1,1,96,96,1,[24; 3; 1; 1; 96; 96; 1],0.012407427311700303,0.5574393786620343,tvm
24,2,1,1,192,96,1,[24; 2; 1; 1; 192; 96; 1],0.011646302060398739,0.5938699284596584,tvm
12,2,197,1,384,96,0,[12; 2; 197; 1; 384; 96; 0],0.011746437245164998,0.5888073487367802,tvm
8,2,197,1,384,128,0,[8; 2; 197; 1; 384; 128; 0],0.012085171438229736,0.5723037200407063,tvm
6,6,197,1,128,64,1,[6; 6; 197; 1; 128; 64; 1],0.010935703809082042,0.6324593910164746,tvm
24,8,197,1,256,128,0,[24; 8; 197; 1; 256; 128; 0],0.01086732093244791,0.6364391568466015,tvm
24,8,197,1,128,128,1,[24; 8; 197; 1; 128; 128; 1],0.010336860999814235,0.6690995043420692,tvm
8,2,197,1,128,64,1,[8; 2; 197; 1; 128; 64; 1],0.010499322874238715,0.6587461548019177,tvm
24,6,1,1,256,128,1,[24; 6; 1; 1; 256; 128; 1],0.010360929503804073,0.6675451820118243,tvm
24,4,197,1,256,128,1,[24; 4; 197; 1; 256; 128; 1],0.010445801439345814,0.6621213902627773,tvm
16,4,197,1,384,128,0,[16; 4; 197; 1; 384; 128; 0],0.01026256649493007,0.6739433624956698,tvm
16,16,197,1,256,128,0,[16; 16; 197; 1; 256; 128; 0],0.01012226381135406,0.6832847572763827,tvm
