kc,ku,mc,mr,nc,nr,nvr,pack_c,X,time,peak,backend
20,4,100,20,320,16,1,1,[20; 4; 100; 20; 320; 16; 1; 1],0.4959703730419278,0.2949484933716953,tvm
10,5,750,5,320,80,5,1,[10; 5; 750; 5; 320; 80; 5; 1],0.3956876159645617,0.36970000673161285,tvm
20,2,250,25,256,16,1,0,[20; 2; 250; 25; 256; 16; 1; 0],0.6354346279986203,0.2302136330631826,tvm
20,2,1500,3,160,80,5,1,[20; 2; 1500; 3; 160; 80; 5; 1],0.2639939980581403,0.5541251519418912,tvm
40,20,750,3,1280,80,5,1,[40; 20; 750; 3; 1280; 80; 5; 1],0.2723433889914304,0.5371370123117523,tvm
80,20,50,5,1280,80,5,0,[80; 20; 50; 5; 1280; 80; 5; 0],0.18619788496289402,0.7856464874177624,tvm
64,1,1500,20,160,16,1,0,[64; 1; 1500; 20; 160; 16; 1; 0],0.5315807710867375,0.2751900035561012,tvm
10,2,100,4,160,16,1,1,[10; 2; 100; 4; 160; 16; 1; 1],0.4172024150611833,0.35063486932179266,tvm
64,64,60,5,128,64,4,0,[64; 64; 60; 5; 128; 64; 4; 0],0.25579035992268473,0.5718969015483252,tvm
20,1,500,10,640,32,2,1,[20; 1; 500; 10; 640; 32; 2; 1],0.35354264301713556,0.41377106036576217,tvm
16,16,3,1,320,80,5,1,[16; 16; 3; 1; 320; 80; 5; 1],0.5391689769458026,0.2713170092136421,tvm
160,4,1500,12,32,16,1,1,[160; 4; 1500; 12; 32; 16; 1; 1],0.4026153580052778,0.3633386342003294,tvm
16,4,5,1,320,32,2,1,[16; 4; 5; 1; 320; 32; 2; 1],0.38185989495832473,0.3830873999001114,tvm
64,1,50,2,320,80,5,0,[64; 1; 50; 2; 320; 80; 5; 0],0.2994760900037363,0.48847209900426175,tvm
80,10,20,5,64,64,4,0,[80; 10; 20; 5; 64; 64; 4; 0],0.212332594092004,0.6889461079269276,tvm
16,4,4,1,128,64,4,1,[16; 4; 4; 1; 128; 64; 4; 1],0.4795917719602585,0.3050213177924085,tvm
128,8,60,3,1280,64,4,1,[128; 8; 60; 3; 1280; 64; 4; 1],0.19727496709674597,0.7415320678470779,tvm
20,1,2,1,80,16,1,0,[20; 1; 2; 1; 80; 16; 1; 0],0.7936352539109066,0.1843236090695844,tvm
160,4,1500,6,160,32,2,0,[160; 4; 1500; 6; 160; 32; 2; 0],0.2395515019306913,0.6106649848016344,tvm
32,1,4,4,256,64,4,1,[32; 1; 4; 4; 256; 64; 4; 1],0.24116266297642142,0.6065852503047569,tvm
64,8,750,3,640,64,4,0,[64; 8; 750; 3; 640; 64; 4; 0],0.2701621940359473,0.5414736684669128,tvm
5,5,3,1,32,16,1,0,[5; 5; 3; 1; 32; 16; 1; 0],0.7464799510780722,0.19596737202981449,tvm
16,1,10,2,1280,16,1,1,[16; 1; 10; 2; 1280; 16; 1; 1],0.4093546170042828,0.3573569423895952,tvm
10,5,1500,12,1280,16,1,1,[10; 5; 1500; 12; 1280; 16; 1; 1],0.779441358987242,0.18768020531498217,tvm
16,2,6,1,128,32,2,0,[16; 2; 6; 1; 128; 32; 2; 0],0.5025744980666786,0.29107269638322547,tvm
40,5,1500,5,128,32,2,0,[40; 5; 1500; 5; 128; 32; 2; 0],0.3184453009162098,0.45937469909221673,tvm
80,5,250,10,32,16,1,1,[80; 5; 250; 10; 32; 16; 1; 1],0.34105683502275497,0.42891887586992433,tvm
32,16,750,10,160,16,1,1,[32; 16; 750; 10; 160; 16; 1; 1],0.4022993170656264,0.36362406815085635,tvm
1,1,20,1,160,80,5,0,[1; 1; 20; 1; 160; 80; 5; 0],2.0085820939857513,0.07283033873683036,tvm
8,4,300,10,640,32,2,1,[8; 4; 300; 10; 640; 32; 2; 1],0.5184685909189284,0.28214961686770457,tvm
8,2,1500,3,320,16,1,1,[8; 2; 1500; 3; 320; 16; 1; 1],0.8323440930107608,0.17575148969528767,tvm
80,2,4,2,128,64,4,0,[80; 2; 4; 2; 128; 64; 4; 0],0.30227091698907316,0.4839556373562806,tvm
8,2,6,1,640,160,10,1,[8; 2; 6; 1; 640; 160; 10; 1],0.5007034329464659,0.2921603980721155,tvm
16,8,15,1,160,16,1,0,[16; 8; 15; 1; 160; 16; 1; 0],0.5737695218995214,0.2549555330185905,tvm
20,20,750,3,160,32,2,1,[20; 20; 750; 3; 160; 32; 2; 1],0.36797318700701,0.3975444935962889,tvm
20,1,60,6,256,16,1,1,[20; 1; 60; 6; 256; 16; 1; 1],0.36926563107408583,0.396153072410806,tvm
64,1,10,2,64,64,4,0,[64; 1; 10; 2; 64; 64; 4; 0],0.35620766796637326,0.4106753656395852,tvm
64,4,60,20,320,16,1,0,[64; 4; 60; 20; 320; 16; 1; 0],0.42140859400387853,0.3471350996804017,tvm
40,1,1500,20,80,16,1,1,[40; 1; 1500; 20; 80; 16; 1; 1],0.5648998660035431,0.25895866345416474,tvm
32,32,2,2,160,160,10,0,[32; 32; 2; 2; 160; 160; 10; 0],0.2743107440182939,0.5332846688497132,tvm
80,10,20,5,32,32,2,0,[80; 10; 20; 5; 32; 32; 2; 0],0.2889361559646204,0.5062907886946023,tvm
20,5,4,4,64,32,2,1,[20; 5; 4; 4; 64; 32; 2; 1],0.2769975970732048,0.5281118530680032,tvm
2,2,20,10,640,32,2,0,[2; 2; 20; 10; 640; 32; 2; 0],1.1846685089403763,0.12348240303657533,tvm
80,2,250,2,64,64,4,1,[80; 2; 250; 2; 64; 64; 4; 1],0.29186574602499604,0.5012089163528839,tvm
320,4,30,10,160,16,1,0,[320; 4; 30; 10; 160; 16; 1; 0],0.27570236497558653,0.5305928888156904,tvm
80,20,20,2,256,64,4,0,[80; 20; 20; 2; 256; 64; 4; 0],0.2825165700633079,0.5177951659718004,tvm
16,1,6,3,64,64,4,0,[16; 1; 6; 3; 64; 64; 4; 0],0.3507064930163324,0.41711721111163397,tvm
20,10,60,6,128,16,1,1,[20; 10; 60; 6; 128; 16; 1; 1],0.3578058899147436,0.4088409900702602,tvm
2,2,50,5,160,32,2,0,[2; 2; 50; 5; 160; 32; 2; 0],1.095927209011279,0.13348123222316013,tvm
32,32,750,25,64,16,1,1,[32; 32; 750; 25; 64; 16; 1; 1],0.9703725939616561,0.15075210820669027,tvm
40,40,100,10,64,16,1,0,[40; 40; 100; 10; 64; 16; 1; 0],0.36433492600917816,0.40151438646875465,tvm
80,5,12,12,160,32,2,0,[80; 5; 12; 12; 160; 32; 2; 0],0.23784246807917953,0.6150529611768689,tvm
4,1,300,1,1280,16,1,0,[4; 1; 300; 1; 1280; 16; 1; 0],0.9605631059966981,0.15229162287461115,tvm
80,4,30,5,320,80,5,1,[80; 4; 30; 5; 320; 80; 5; 1],0.18528396007604897,0.7895217385556309,tvm
80,1,75,5,1280,80,5,1,[80; 1; 75; 5; 1280; 80; 5; 1],0.19298947101924568,0.7579984209145073,tvm
16,4,12,3,16,16,1,1,[16; 4; 12; 3; 16; 16; 1; 1],0.5787150859832764,0.2527767425263589,tvm
128,64,250,10,128,16,1,1,[128; 64; 250; 10; 128; 16; 1; 1],0.31474934599827975,0.46476892214579474,tvm
512,32,300,10,64,16,1,0,[512; 32; 300; 10; 64; 16; 1; 0],0.31482877896633,0.4646516584856403,tvm
10,1,50,1,128,32,2,0,[10; 1; 50; 1; 128; 32; 2; 0],0.4998143860138953,0.29268007960388603,tvm
40,4,20,10,32,32,2,1,[40; 4; 20; 10; 32; 32; 2; 1],0.25737268396187574,0.5683808865566456,tvm
64,2,750,15,320,16,1,0,[64; 2; 750; 15; 320; 16; 1; 0],0.492884467006661,0.2967951397903098,tvm
40,5,60,2,128,64,4,0,[40; 5; 60; 2; 128; 64; 4; 0],0.3372468180023134,0.43376455010677323,tvm
16,4,30,5,320,64,4,0,[16; 4; 30; 5; 320; 64; 4; 0],0.3062513740733266,0.4776654953087287,tvm
4,2,10,1,160,160,10,0,[4; 2; 10; 1; 160; 160; 10; 0],0.5798113070195541,0.2522988298342737,tvm
128,128,250,5,320,32,2,0,[128; 128; 250; 5; 320; 32; 2; 0],0.25545364199206233,0.5726507288953031,tvm
160,2,60,5,320,32,2,1,[160; 2; 60; 5; 320; 32; 2; 1],0.20232978102285415,0.7230063391863731,tvm
160,10,375,5,320,32,2,1,[160; 10; 375; 5; 320; 32; 2; 1],0.23845623701345176,0.6134698597858946,tvm
128,8,12,3,128,64,4,1,[128; 8; 12; 3; 128; 64; 4; 1],0.20899787999223918,0.6999387471832078,tvm
80,2,30,6,320,32,2,1,[80; 2; 30; 6; 320; 32; 2; 1],0.21128414606209844,0.6923648414335807,tvm
80,4,100,4,64,64,4,1,[80; 4; 100; 4; 64; 64; 4; 1],0.24491787108127028,0.5972847699512005,tvm
160,32,500,5,640,32,2,1,[160; 32; 500; 5; 640; 32; 2; 1],0.2450176749844104,0.597041475865045,tvm
80,16,300,2,1280,64,4,1,[80; 16; 300; 2; 1280; 64; 4; 1],0.2929969900287688,0.4992737784485458,tvm
80,8,150,10,1280,32,2,0,[80; 8; 150; 10; 1280; 32; 2; 0],0.21386266499757767,0.6840170737018133,tvm
80,80,300,2,1280,80,5,1,[80; 80; 300; 2; 1280; 80; 5; 1],0.2552614820888266,0.5730818182541516,tvm
80,16,300,2,1280,80,5,1,[80; 16; 300; 2; 1280; 80; 5; 1],0.29242082603741437,0.5002575099319276,tvm
128,4,15,5,256,32,2,0,[128; 4; 15; 5; 256; 32; 2; 0],0.20587797497864813,0.7105457215658245,tvm
256,64,100,4,640,32,2,1,[256; 64; 100; 4; 640; 32; 2; 1],0.21688745205756277,0.6744775361503601,tvm
128,2,75,5,64,64,4,1,[128; 2; 75; 5; 64; 64; 4; 1],0.18442587193567306,0.7931951886703733,tvm
160,80,100,5,640,32,2,1,[160; 80; 100; 5; 640; 32; 2; 1],0.23192372603807598,0.6307492415057953,tvm
80,20,300,4,640,80,5,1,[80; 20; 300; 4; 640; 80; 5; 1],0.20449311297852546,0.7153576575514123,tvm
160,40,75,5,320,32,2,0,[160; 40; 75; 5; 320; 32; 2; 0],0.20654378295876086,0.7082552289405977,tvm
160,32,10,5,256,32,2,0,[160; 32; 10; 5; 256; 32; 2; 0],0.18925486004445702,0.7729561832723925,tvm
256,32,100,5,640,32,2,1,[256; 32; 100; 5; 640; 32; 2; 1],0.19335586996749043,0.756562054776562,tvm
80,16,100,5,640,32,2,0,[80; 16; 100; 5; 640; 32; 2; 0],0.22217983205337077,0.6584113100354418,tvm
80,5,12,4,640,80,5,0,[80; 5; 12; 4; 640; 80; 5; 0],0.1903482899069786,0.7685160416056416,tvm
80,80,20,5,1280,64,4,0,[80; 80; 20; 5; 1280; 64; 4; 0],0.27715229301247746,0.527817080983445,tvm
128,64,30,2,1280,64,4,1,[128; 64; 30; 2; 1280; 64; 4; 1],0.2518233750015497,0.5809060190890304,tvm
160,40,125,5,320,32,2,1,[160; 40; 125; 5; 320; 32; 2; 1],0.20194782596081495,0.7243738009544055,tvm
80,4,30,5,80,80,5,0,[80; 4; 30; 5; 80; 80; 5; 0],0.2111561360070482,0.6927845766264231,tvm
128,64,750,6,320,64,4,0,[128; 64; 750; 6; 320; 64; 4; 0],0.24211911601014435,0.6041890318135194,tvm
80,80,375,3,640,80,5,0,[80; 80; 375; 3; 640; 80; 5; 0],0.25052689108997583,0.5839122245490856,tvm
80,10,30,5,640,64,4,1,[80; 10; 30; 5; 640; 64; 4; 1],0.18046907195821404,0.8105860616360093,tvm
160,10,5,5,320,32,2,1,[160; 10; 5; 5; 320; 32; 2; 1],0.17935658805072308,0.8156138331776464,tvm
160,160,75,5,320,32,2,0,[160; 160; 75; 5; 320; 32; 2; 0],0.26825005398131907,0.5453334011105236,tvm
256,128,25,5,1280,32,2,0,[256; 128; 25; 5; 1280; 32; 2; 0],0.26971195195801556,0.5423775743853047,tvm
80,8,300,4,1280,80,5,0,[80; 8; 300; 4; 1280; 80; 5; 0],0.21214025397785008,0.6895707511549799,tvm
80,80,12,4,256,64,4,0,[80; 80; 12; 4; 256; 64; 4; 0],0.30708953307475895,0.47636177248054234,tvm
80,40,30,5,128,64,4,1,[80; 40; 30; 5; 128; 64; 4; 1],0.20462288393173367,0.7149039808006917,tvm
128,8,30,3,256,64,4,0,[128; 8; 30; 3; 256; 64; 4; 0],0.20606056100223213,0.7099161216208164,tvm
80,1,10,5,1280,64,4,1,[80; 1; 10; 5; 1280; 64; 4; 1],0.17744020302779973,0.8244226042888125,tvm
128,64,30,6,640,64,4,1,[128; 64; 30; 6; 640; 64; 4; 1],0.21558901097159833,0.6785397531462583,tvm
80,4,6,6,1280,32,2,0,[80; 4; 6; 6; 1280; 32; 2; 0],0.18245922401547432,0.8017446915882304,tvm
128,2,30,2,1280,64,4,1,[128; 2; 30; 2; 1280; 64; 4; 1],0.24319424200803041,0.6015180009109091,tvm
128,4,75,5,640,32,2,1,[128; 4; 75; 5; 640; 32; 2; 1],0.20467966701835394,0.7147056491576012,tvm
256,16,10,5,256,32,2,0,[256; 16; 10; 5; 256; 32; 2; 0],0.17825992999132723,0.8206315030687572,tvm
128,32,5,5,640,32,2,1,[128; 32; 5; 5; 640; 32; 2; 1],0.17798333195969462,0.8219068194477984,tvm
80,16,60,6,1280,64,4,1,[80; 16; 60; 6; 1280; 64; 4; 1],0.18969460600055754,0.771164332871354,tvm
128,16,375,3,320,64,4,0,[128; 16; 375; 3; 320; 64; 4; 0],0.25274531298782676,0.5787870507128257,tvm
80,40,100,5,640,32,2,0,[80; 40; 100; 5; 640; 32; 2; 0],0.2252326359739527,0.6494872008807449,tvm
128,128,60,5,1280,32,2,1,[128; 128; 60; 5; 1280; 32; 2; 1],0.2684469550149515,0.5449334088277019,tvm
80,4,250,5,160,80,5,1,[80; 4; 250; 5; 160; 80; 5; 1],0.1928056109463796,0.7587212507337104,tvm
256,128,25,5,320,32,2,0,[256; 128; 25; 5; 320; 32; 2; 0],0.244656365015544,0.5979231902526639,tvm
80,10,100,5,64,64,4,1,[80; 10; 100; 5; 64; 64; 4; 1],0.18719749595038593,0.7814512343930352,tvm
80,40,12,12,1280,32,2,1,[80; 40; 12; 12; 1280; 32; 2; 1],0.24807240592781454,0.589689585742484,tvm
160,160,20,10,320,32,2,1,[160; 160; 20; 10; 320; 32; 2; 1],0.3209200779674575,0.4558322284233903,tvm
128,4,12,6,640,32,2,1,[128; 4; 12; 6; 640; 32; 2; 1],0.18442379299085587,0.7932041300818895,tvm
80,4,1500,6,1280,64,4,0,[80; 4; 1500; 6; 1280; 64; 4; 0],0.201556384912692,0.7257806015377818,tvm
80,10,20,5,160,80,5,1,[80; 10; 20; 5; 160; 80; 5; 1],0.1858348159585148,0.7871814198603704,tvm
128,2,300,4,256,64,4,1,[128; 2; 300; 4; 256; 64; 4; 1],0.20954237692058086,0.6981199528015203,tvm
256,16,30,10,640,32,2,0,[256; 16; 30; 10; 640; 32; 2; 0],0.18713703495450318,0.7817037088424498,tvm
128,128,20,4,640,64,4,0,[128; 128; 20; 4; 640; 64; 4; 0],0.28040032903663814,0.521703076413295,tvm
80,20,20,4,320,80,5,1,[80; 20; 20; 4; 320; 80; 5; 1],0.19451628101523966,0.7520486898176576,tvm
80,80,375,3,320,80,5,1,[80; 80; 375; 3; 320; 80; 5; 1],0.26063035405240953,0.5612765819912828,tvm
80,5,60,4,640,64,4,0,[80; 5; 60; 4; 640; 64; 4; 0],0.20316237199585885,0.72004334684917,tvm
80,2,250,5,320,80,5,0,[80; 2; 250; 5; 320; 80; 5; 0],0.21525563800241798,0.6795906283489358,tvm
80,5,15,5,256,32,2,1,[80; 5; 15; 5; 256; 32; 2; 1],0.21914252103306353,0.6675368778095018,tvm
80,8,30,10,640,32,2,1,[80; 8; 30; 10; 640; 32; 2; 1],0.19936790806241333,0.733747550984578,tvm
160,4,6,6,1280,32,2,0,[160; 4; 6; 6; 1280; 32; 2; 0],0.1747685809386894,0.8370252450412285,tvm
80,16,12,12,160,32,2,0,[80; 16; 12; 12; 160; 32; 2; 0],0.24101171595975757,0.6069651581176246,tvm
80,5,1500,6,320,64,4,1,[80; 5; 1500; 6; 320; 64; 4; 1],0.20118575589731336,0.7271176512137348,tvm
256,32,125,5,128,32,2,0,[256; 32; 125; 5; 128; 32; 2; 0],0.198895045905374,0.7354919958906919,tvm
128,4,30,6,64,32,2,0,[128; 4; 30; 6; 64; 32; 2; 0],0.22220643900800496,0.658332471996657,tvm
80,2,150,3,320,80,5,0,[80; 2; 150; 3; 320; 80; 5; 0],0.2397152150515467,0.610247932131709,tvm
80,10,60,4,64,64,4,0,[80; 10; 60; 4; 64; 64; 4; 0],0.22423195198643953,0.6523856791585213,tvm
128,32,60,4,128,32,2,0,[128; 32; 60; 4; 128; 32; 2; 0],0.23227521101944149,0.6297947751018087,tvm
80,16,300,5,256,64,4,1,[80; 16; 300; 5; 256; 64; 4; 1],0.22166746598668396,0.6599331734793323,tvm
80,4,300,6,1280,64,4,0,[80; 4; 300; 6; 1280; 64; 4; 0],0.20139790105167776,0.7263517321770799,tvm
80,1,375,5,1280,80,5,0,[80; 1; 375; 5; 1280; 80; 5; 0],0.21188183897174895,0.6904117643854278,tvm
80,4,20,4,128,64,4,0,[80; 4; 20; 4; 128; 64; 4; 0],0.21864487999118865,0.6690562079094172,tvm
160,2,20,10,160,32,2,1,[160; 2; 20; 10; 160; 32; 2; 1],0.1957010809564963,0.7474956886836671,tvm
80,4,20,10,256,32,2,1,[80; 4; 20; 10; 256; 32; 2; 1],0.20613677008077502,0.709653664547048,tvm
80,8,75,3,160,80,5,1,[80; 8; 75; 3; 160; 80; 5; 1],0.21192454500123858,0.6902726358801872,tvm
80,16,30,10,320,32,2,0,[80; 16; 30; 10; 320; 32; 2; 0],0.21149054903071374,0.6916891320021583,tvm
128,1,60,6,160,32,2,0,[128; 1; 60; 6; 160; 32; 2; 0],0.22645105293486267,0.6459926433982734,tvm
160,10,100,10,1280,32,2,0,[160; 10; 100; 10; 1280; 32; 2; 0],0.20541804796084762,0.7121366196294308,tvm
80,1,3,3,64,64,4,1,[80; 1; 3; 3; 64; 64; 4; 1],0.25053367600776255,0.5838964111203229,tvm
80,4,3,3,80,80,5,0,[80; 4; 3; 3; 80; 80; 5; 0],0.24976770300418139,0.5856870705307535,tvm
160,10,150,6,128,32,2,1,[160; 10; 150; 6; 128; 32; 2; 1],0.19263242301531136,0.7594033859714613,tvm
160,16,20,5,160,32,2,0,[160; 16; 20; 5; 160; 32; 2; 0],0.20361734100151807,0.7184344592959971,tvm
80,20,30,5,256,32,2,0,[80; 20; 30; 5; 256; 32; 2; 0],0.2193452960345894,0.6669197695611668,tvm
80,4,10,10,128,32,2,0,[80; 4; 10; 10; 128; 32; 2; 0],0.23533374606631696,0.6216095937405043,tvm
128,16,60,3,1280,64,4,1,[128; 16; 60; 3; 1280; 64; 4; 1],0.19630961609072983,0.7451785460071624,tvm
80,5,250,5,1280,64,4,1,[80; 5; 250; 5; 1280; 64; 4; 1],0.20291499805171043,0.7209211526514918,tvm
160,2,125,5,320,32,2,0,[160; 2; 125; 5; 320; 32; 2; 0],0.2123043379979208,0.6890378014185793,tvm
160,2,15,5,128,32,2,1,[160; 2; 15; 5; 128; 32; 2; 1],0.205477747018449,0.7119297170052186,tvm
80,2,60,4,128,64,4,1,[80; 2; 60; 4; 128; 64; 4; 1],0.20103398500941694,0.7276665897005519,tvm
256,32,50,5,160,32,2,1,[256; 32; 50; 5; 160; 32; 2; 1],0.18473077192902565,0.7918860120495674,tvm
80,40,20,4,1280,64,4,0,[80; 40; 20; 4; 1280; 64; 4; 0],0.18128557794261724,0.8069352010561947,tvm
80,10,60,4,256,64,4,0,[80; 10; 60; 4; 256; 64; 4; 0],0.20664768002461642,0.7078991366769196,tvm
160,16,150,6,1280,32,2,0,[160; 16; 150; 6; 1280; 32; 2; 0],0.19601546705234796,0.7462967922151122,tvm
128,1,20,4,256,32,2,1,[128; 1; 20; 4; 256; 32; 2; 1],0.23074794397689402,0.6339632404281038,tvm
80,10,60,4,1280,32,2,0,[80; 10; 60; 4; 1280; 32; 2; 0],0.23166233708616346,0.631460927683318,tvm
256,32,60,5,320,32,2,0,[256; 32; 60; 5; 320; 32; 2; 0],0.18998501007445157,0.769985559536448,tvm
128,8,15,5,160,32,2,1,[128; 8; 15; 5; 160; 32; 2; 1],0.20087558694649488,0.7282403825641535,tvm
160,16,60,4,256,32,2,1,[160; 16; 60; 4; 256; 32; 2; 1],0.20603809203021228,0.7099935397589674,tvm
128,2,60,4,320,32,2,1,[128; 2; 60; 4; 320; 32; 2; 1],0.21389929007273167,0.683899952337257,tvm
160,1,30,6,320,32,2,0,[160; 1; 30; 6; 320; 32; 2; 0],0.20884449395816773,0.7004528178512374,tvm
160,40,5,5,32,32,2,0,[160; 40; 5; 5; 32; 32; 2; 0],0.2704758500913158,0.5408457510580946,tvm
128,16,30,6,320,32,2,0,[128; 16; 30; 6; 320; 32; 2; 0],0.19101352500729263,0.7658395617803991,tvm
80,4,12,4,256,32,2,1,[80; 4; 12; 4; 256; 32; 2; 1],0.2287074679043144,0.6396193164401464,tvm
80,16,50,5,320,32,2,1,[80; 16; 50; 5; 320; 32; 2; 1],0.20474253804422915,0.7144861819291953,tvm
80,5,6,6,64,32,2,1,[80; 5; 6; 6; 64; 32; 2; 1],0.21174586995039135,0.6908551005976489,tvm
80,8,6,6,64,32,2,1,[80; 8; 6; 6; 64; 32; 2; 1],0.22491526801604778,0.6504036634599514,tvm
256,1,10,10,160,32,2,1,[256; 1; 10; 10; 160; 32; 2; 1],0.18952065298799425,0.7718721520813945,tvm
256,1,30,6,640,32,2,0,[256; 1; 30; 6; 640; 32; 2; 0],0.208140823058784,0.7028208697166517,tvm
80,2,6,3,1280,80,5,0,[80; 2; 6; 3; 1280; 80; 5; 0],0.19427280698437244,0.7529912011694035,tvm
128,32,100,5,640,64,4,1,[128; 32; 100; 5; 640; 64; 4; 1],0.18047633999958634,0.8105534181713214,tvm
80,16,100,4,1280,80,5,1,[80; 16; 100; 4; 1280; 80; 5; 1],0.191191622056067,0.7651261740057625,tvm
80,16,75,5,1280,64,4,0,[80; 16; 75; 5; 1280; 64; 4; 0],0.19096756202634424,0.7660238876879728,tvm
80,8,25,5,640,64,4,0,[80; 8; 25; 5; 640; 64; 4; 0],0.18619842594489455,0.7856442047958427,tvm
256,32,6,6,128,32,2,1,[256; 32; 6; 6; 128; 32; 2; 1],0.17366106598637998,0.8423633325917008,tvm
80,40,4,4,1280,32,2,0,[80; 40; 4; 4; 1280; 32; 2; 0],0.19856633199378848,0.7367095560303264,tvm
80,40,5,5,160,80,5,1,[80; 40; 5; 5; 160; 80; 5; 1],0.3085089080268517,0.4741701470512547,tvm
80,8,30,6,1280,64,4,1,[80; 8; 30; 6; 1280; 64; 4; 1],0.17512087302748114,0.8353413945278708,tvm
160,20,10,10,640,32,2,1,[160; 20; 10; 10; 640; 32; 2; 1],0.18009171192534268,0.8122845450342395,tvm
160,16,10,10,640,32,2,1,[160; 16; 10; 10; 640; 32; 2; 1],0.17789316293783486,0.8223234208097933,tvm
128,4,4,4,320,64,4,1,[128; 4; 4; 4; 320; 64; 4; 1],0.17831161804497242,0.8203936226343883,tvm
160,5,5,5,256,32,2,1,[160; 5; 5; 5; 256; 32; 2; 1],0.18360230303369462,0.7967531554267486,tvm
80,5,6,6,640,32,2,1,[80; 5; 6; 6; 640; 32; 2; 1],0.18835748196579516,0.7766387231290292,tvm
128,4,10,5,320,64,4,0,[128; 4; 10; 5; 320; 64; 4; 0],0.17929896002169698,0.8158759775740598,tvm
80,4,10,5,1280,32,2,1,[80; 4; 10; 5; 1280; 32; 2; 1],0.19013395509682596,0.7693823768154305,tvm
80,16,10,5,640,80,5,1,[80; 16; 10; 5; 640; 80; 5; 1],0.17805431096348912,0.821579177129336,tvm
80,20,100,5,64,64,4,0,[80; 20; 100; 5; 64; 64; 4; 0],0.21416255901567638,0.6830592376093452,tvm
160,2,500,5,128,32,2,1,[160; 2; 500; 5; 128; 32; 2; 1],0.2366569860605523,0.618133936043134,tvm
256,32,60,6,64,32,2,0,[256; 32; 60; 6; 64; 32; 2; 0],0.2035092180594802,0.7188161582093985,tvm
80,2,300,10,320,32,2,1,[80; 2; 300; 10; 320; 32; 2; 1],0.25777036289218813,0.5675040087789222,tvm
80,4,500,4,640,32,2,0,[80; 4; 500; 4; 640; 32; 2; 0],0.3168205589754507,0.4617304974108371,tvm
160,4,375,5,320,32,2,0,[160; 4; 375; 5; 320; 32; 2; 0],0.2477516889339313,0.5904529447011146,tvm
160,1,750,6,256,32,2,1,[160; 1; 750; 6; 256; 32; 2; 1],0.2532663329038769,0.577596369041418,tvm
256,32,750,6,1280,32,2,1,[256; 32; 750; 6; 1280; 32; 2; 1],0.2150048289913684,0.6803833893962776,tvm
160,2,750,10,1280,32,2,1,[160; 2; 750; 10; 1280; 32; 2; 1],0.24799710093066096,0.5898686465960552,tvm
128,4,300,10,640,32,2,0,[128; 4; 300; 10; 640; 32; 2; 0],0.24611805996391922,0.5943721249353245,tvm
160,4,1500,5,1280,32,2,0,[160; 4; 1500; 5; 1280; 32; 2; 0],0.24132763093803078,0.6061705976937146,tvm
256,4,150,5,64,32,2,1,[256; 4; 150; 5; 64; 32; 2; 1],0.20387459301855415,0.7175279279277392,tvm
128,8,500,4,256,64,4,0,[128; 8; 500; 4; 256; 64; 4; 0],0.22752601699903607,0.64294060176131,tvm
160,20,300,6,1280,32,2,0,[160; 20; 300; 6; 1280; 32; 2; 0],0.2161911070579663,0.6766500078400145,tvm
160,8,300,6,320,32,2,1,[160; 8; 300; 6; 320; 32; 2; 1],0.22744913201313466,0.6431579359786989,tvm
80,4,30,3,160,80,5,1,[80; 4; 30; 3; 160; 80; 5; 1],0.21671237505506724,0.6750224312226871,tvm
80,5,150,5,256,32,2,0,[80; 5; 150; 5; 256; 32; 2; 0],0.23383856506552547,0.6255842112472876,tvm
160,1,300,10,1280,32,2,1,[160; 1; 300; 10; 1280; 32; 2; 1],0.23707143508363515,0.6170533123659835,tvm
128,2,500,5,256,64,4,0,[128; 2; 500; 5; 256; 64; 4; 0],0.20170078799128532,0.7252609954703534,tvm
128,1,300,5,1280,32,2,1,[128; 1; 300; 5; 1280; 32; 2; 1],0.24483247206080705,0.5974931064265957,tvm
80,10,500,5,320,64,4,1,[80; 10; 500; 5; 320; 64; 4; 1],0.20177127805072814,0.7250076210001307,tvm
128,1,1500,5,256,64,4,1,[128; 1; 1500; 5; 256; 64; 4; 1],0.21050461393315345,0.6949287787685636,tvm
80,20,100,5,64,64,4,1,[80; 20; 100; 5; 64; 64; 4; 1],0.18503025698009878,0.7906042864192113,tvm
80,1,60,3,320,64,4,1,[80; 1; 60; 3; 320; 64; 4; 1],0.23007236199919134,0.6358248031818288,tvm
256,1,60,10,160,32,2,0,[256; 1; 60; 10; 160; 32; 2; 0],0.19992088805884123,0.7317180095891687,tvm
256,2,60,10,160,32,2,0,[256; 2; 60; 10; 160; 32; 2; 0],0.19031262502539903,0.7686600627057247,tvm
256,16,250,5,1280,32,2,0,[256; 16; 250; 5; 1280; 32; 2; 0],0.19708516297396272,0.7422462050328993,tvm
80,5,750,5,640,64,4,0,[80; 5; 750; 5; 640; 64; 4; 0],0.21423508203588426,0.6828280078853356,tvm
80,8,300,5,320,64,4,1,[80; 8; 300; 5; 320; 64; 4; 1],0.21161437802948058,0.6912843808058016,tvm
128,4,1500,5,640,64,4,1,[128; 4; 1500; 5; 640; 64; 4; 1],0.19083797407802194,0.7665440538889133,tvm
80,10,60,4,160,80,5,0,[80; 10; 60; 4; 160; 80; 5; 0],0.2165454049827531,0.675542915802648,tvm
128,16,150,3,640,64,4,1,[128; 16; 150; 3; 640; 64; 4; 1],0.20181517698802054,0.724849916983189,tvm
80,4,60,12,1280,32,2,0,[80; 4; 60; 12; 1280; 32; 2; 0],0.22311350505333394,0.6556560269659408,tvm
80,16,60,5,256,32,2,1,[80; 16; 60; 5; 256; 32; 2; 1],0.20459713006857783,0.7149939700360487,tvm
160,32,60,6,128,32,2,0,[160; 32; 60; 6; 128; 32; 2; 0],0.2032066440442577,0.7198864730714896,tvm
80,8,4,4,128,32,2,1,[80; 8; 4; 4; 128; 32; 2; 1],0.21581249695736915,0.6778370870460345,tvm
128,16,150,5,128,64,4,0,[128; 16; 150; 5; 128; 64; 4; 0],0.19626249105203897,0.7453574725438834,tvm
80,4,15,3,640,64,4,0,[80; 4; 15; 3; 640; 64; 4; 0],0.21085433498956263,0.6937761763017843,tvm
80,1,12,6,256,64,4,0,[80; 1; 12; 6; 256; 64; 4; 0],0.20503187295980752,0.7134779201592268,tvm
80,10,60,10,640,32,2,1,[80; 10; 60; 10; 640; 32; 2; 1],0.2014729109359905,0.72608130594882,tvm
256,1,20,4,128,32,2,1,[256; 1; 20; 4; 128; 32; 2; 1],0.22384184005204588,0.6535226580146998,tvm
128,1,100,5,160,32,2,1,[128; 1; 100; 5; 160; 32; 2; 1],0.23328776308335364,0.6270612412424156,tvm
80,5,75,5,256,64,4,0,[80; 5; 75; 5; 256; 64; 4; 0],0.1998865029308945,0.7318438821068811,tvm
80,4,30,10,640,32,2,1,[80; 4; 30; 10; 640; 32; 2; 1],0.2000222399365157,0.7313472458469786,tvm
128,32,60,12,640,32,2,0,[128; 32; 60; 12; 640; 32; 2; 0],0.23454101500101388,0.6237105876133517,tvm
160,16,20,10,160,32,2,1,[160; 16; 20; 10; 160; 32; 2; 1],0.1923068369505927,0.7606890977219801,tvm
160,5,60,5,320,32,2,1,[160; 5; 60; 5; 320; 32; 2; 1],0.19537307508289814,0.7487506363077115,tvm
80,16,20,4,640,32,2,1,[80; 16; 20; 4; 640; 32; 2; 1],0.21960309008136392,0.6661368664325934,tvm
160,10,100,10,1280,32,2,1,[160; 10; 100; 10; 1280; 32; 2; 1],0.20142428495455533,0.7262565897588704,tvm
160,10,60,4,1280,32,2,1,[160; 10; 60; 4; 1280; 32; 2; 1],0.21342246292624623,0.6854279173803143,tvm
256,16,60,10,128,32,2,1,[256; 16; 60; 10; 128; 32; 2; 1],0.1838394550140947,0.7957253478286191,tvm
256,4,60,12,640,32,2,1,[256; 4; 60; 12; 640; 32; 2; 1],0.2064974419772625,0.7084141715509573,tvm
80,2,3,3,640,64,4,0,[80; 2; 3; 3; 640; 64; 4; 0],0.21007880801334977,0.6963373205945569,tvm
80,40,10,5,1280,32,2,1,[80; 40; 10; 5; 1280; 32; 2; 1],0.18746030691545457,0.7803556747172605,tvm
80,8,3,3,640,64,4,0,[80; 8; 3; 3; 640; 64; 4; 0],0.2037322879768908,0.7180291142771997,tvm
80,40,6,6,1280,64,4,1,[80; 40; 6; 6; 1280; 64; 4; 1],0.2193078469717875,0.6670336529478262,tvm
128,4,15,5,640,32,2,0,[128; 4; 15; 5; 640; 32; 2; 0],0.19645159202627838,0.7446400040685156,tvm
128,1,60,6,1280,64,4,1,[128; 1; 60; 6; 1280; 64; 4; 1],0.18227481795474887,0.8025558106552648,tvm
80,16,60,5,1280,64,4,0,[80; 16; 60; 5; 1280; 64; 4; 0],0.1890181980561465,0.7739239702320153,tvm
80,2,5,5,320,32,2,0,[80; 2; 5; 5; 320; 32; 2; 0],0.22474627394694835,0.6508927232326229,tvm
160,5,4,4,256,32,2,1,[160; 5; 4; 4; 256; 32; 2; 1],0.20111629203893244,0.7273687914721302,tvm
80,5,20,4,1280,64,4,1,[80; 5; 20; 4; 1280; 64; 4; 1],0.18000407400541008,0.8126800190162231,tvm
80,8,4,4,1280,32,2,1,[80; 8; 4; 4; 1280; 32; 2; 1],0.19858246599324048,0.7366497014428942,tvm
256,8,6,6,640,32,2,0,[256; 8; 6; 6; 640; 32; 2; 0],0.17540047294460237,0.8340098052752484,tvm
80,2,20,10,32,32,2,1,[80; 2; 20; 10; 32; 32; 2; 1],0.27163186704274267,0.5385440076612789,tvm
80,5,12,6,64,32,2,1,[80; 5; 12; 6; 64; 32; 2; 1],0.22144912695512176,0.6605838383610342,tvm
128,2,150,10,128,32,2,0,[128; 2; 150; 10; 128; 32; 2; 0],0.2104661389021203,0.6950558177614792,tvm
80,40,60,12,32,32,2,1,[80; 40; 60; 12; 32; 32; 2; 1],0.3073386369505897,0.47597567210279645,tvm
80,5,150,3,256,64,4,1,[80; 5; 150; 3; 256; 64; 4; 1],0.22558943810872734,0.6484599434801951,tvm
80,20,150,3,64,64,4,1,[80; 20; 150; 3; 64; 64; 4; 1],0.2203440209850669,0.663896908260689,tvm
80,40,15,5,160,80,5,0,[80; 40; 15; 5; 160; 80; 5; 0],0.3285377430729568,0.44526304015313495,tvm
256,1,4,4,64,32,2,0,[256; 1; 4; 4; 64; 32; 2; 0],0.23177184502128512,0.6311625740058285,tvm
80,40,60,4,160,32,2,1,[80; 40; 60; 4; 160; 32; 2; 1],0.22874345898162574,0.6395186771109594,tvm
128,2,750,6,128,64,4,0,[128; 2; 750; 6; 128; 64; 4; 0],0.1914328800048679,0.7641619051126141,tvm
80,20,750,5,256,64,4,1,[80; 20; 750; 5; 256; 64; 4; 1],0.20123721298296005,0.72693172459162,tvm
80,40,30,5,128,64,4,0,[80; 40; 30; 5; 128; 64; 4; 0],0.22434105398133397,0.6520684096361864,tvm
128,2,60,6,64,32,2,1,[128; 2; 60; 6; 64; 32; 2; 1],0.2119394689798355,0.6902240294828346,tvm
160,4,12,6,64,32,2,0,[160; 4; 12; 6; 64; 32; 2; 0],0.21955250995233655,0.6662903298963514,tvm
80,10,375,5,1280,64,4,1,[80; 10; 375; 5; 1280; 64; 4; 1],0.19879349996335804,0.7358676934239697,tvm
160,2,150,10,64,32,2,1,[160; 2; 150; 10; 64; 32; 2; 1],0.21263644599821419,0.6879616220021983,tvm
128,16,75,5,160,32,2,0,[128; 16; 75; 5; 160; 32; 2; 0],0.21527154091745615,0.679540424443778,tvm
160,20,30,10,32,32,2,0,[160; 20; 30; 10; 32; 32; 2; 0],0.2498052150476724,0.5855991207301152,tvm
160,2,100,4,640,32,2,0,[160; 2; 100; 4; 640; 32; 2; 0],0.2275500319665298,0.6428727476831617,tvm
128,16,150,5,640,32,2,0,[128; 16; 150; 5; 640; 32; 2; 0],0.2113458439707756,0.6921627202943358,tvm
80,2,500,5,320,64,4,1,[80; 2; 500; 5; 320; 64; 4; 1],0.21545324206817895,0.6789673382562654,tvm
160,32,100,4,128,32,2,0,[160; 32; 100; 4; 128; 32; 2; 0],0.22927547304425389,0.6380347288934773,tvm
80,10,60,5,320,32,2,1,[80; 10; 60; 5; 320; 32; 2; 1],0.20594586490187794,0.7103114906211471,tvm
128,1,10,5,64,64,4,1,[128; 1; 10; 5; 64; 64; 4; 1],0.1957516270922497,0.7473026735904261,tvm
80,20,150,5,256,64,4,0,[80; 20; 150; 5; 256; 64; 4; 0],0.19881786697078496,0.7357775058878891,tvm
80,5,50,10,640,32,2,1,[80; 5; 50; 10; 640; 32; 2; 1],0.19971080403774977,0.7324877339037855,tvm
128,1,50,5,1280,32,2,0,[128; 1; 50; 5; 1280; 32; 2; 0],0.24361880193464458,0.6004697220576524,tvm
128,4,150,5,256,64,4,0,[128; 4; 150; 5; 256; 64; 4; 0],0.18661601596977562,0.7838861714281092,tvm
160,4,20,4,320,32,2,1,[160; 4; 20; 4; 320; 32; 2; 1],0.20944167603738606,0.6984556132925607,tvm
128,2,75,5,1280,32,2,1,[128; 2; 75; 5; 1280; 32; 2; 1],0.20578757498878986,0.7108578556974741,tvm
80,20,12,3,640,80,5,0,[80; 20; 12; 3; 640; 80; 5; 0],0.20643557398580015,0.7086264807042254,tvm
160,32,50,10,128,32,2,0,[160; 32; 50; 10; 128; 32; 2; 0],0.23211211001034826,0.6302373205740641,tvm
80,5,12,4,320,64,4,0,[80; 5; 12; 4; 320; 64; 4; 0],0.2087541570654139,0.7007559338800382,tvm
160,2,50,5,160,32,2,1,[160; 2; 50; 5; 160; 32; 2; 1],0.20563256496097893,0.7113937148694014,tvm
80,10,100,4,320,80,5,1,[80; 10; 100; 4; 320; 80; 5; 1],0.19075703795533627,0.7668692901384091,tvm
128,1,250,5,1280,64,4,1,[128; 1; 250; 5; 1280; 64; 4; 1],0.19754418299999088,0.740521497844971,tvm
160,32,60,5,320,32,2,0,[160; 32; 60; 5; 320; 32; 2; 0],0.19971949397586286,0.732455862838275,tvm
160,32,60,6,256,32,2,0,[160; 32; 60; 6; 256; 32; 2; 0],0.1960752960294485,0.7460690726879926,tvm
256,2,60,6,128,32,2,1,[256; 2; 60; 6; 128; 32; 2; 1],0.191345784929581,0.7645097295430381,tvm
160,2,10,10,160,32,2,0,[160; 2; 10; 10; 160; 32; 2; 0],0.20061818894464523,0.7291747326364191,tvm
160,8,60,6,320,32,2,1,[160; 8; 60; 6; 320; 32; 2; 1],0.1879963119281456,0.7781307664249628,tvm
160,20,125,5,1280,32,2,1,[160; 20; 125; 5; 1280; 32; 2; 1],0.19573465595021844,0.7473674683491891,tvm
160,5,60,10,128,32,2,1,[160; 5; 60; 10; 128; 32; 2; 1],0.19756441691424698,0.7404456560070215,tvm
80,5,75,5,320,64,4,0,[80; 5; 75; 5; 320; 64; 4; 0],0.19885191903449595,0.735651508901643,tvm
128,8,12,6,128,64,4,1,[128; 8; 12; 6; 128; 64; 4; 1],0.17239298101048917,0.8485595726012396,tvm
256,16,60,6,160,32,2,0,[256; 16; 60; 6; 160; 32; 2; 0],0.18567681906279176,0.7878512515676162,tvm
160,20,4,4,256,32,2,1,[160; 20; 4; 4; 256; 32; 2; 1],0.19241071795113385,0.7602784077904963,tvm
80,20,30,6,128,64,4,1,[80; 20; 30; 6; 128; 64; 4; 1],0.18475970008876175,0.7917620250272982,tvm
256,16,20,5,256,32,2,0,[256; 16; 20; 5; 256; 32; 2; 0],0.18590054800733924,0.7869030826091972,tvm
160,20,25,5,320,32,2,0,[160; 20; 25; 5; 320; 32; 2; 0],0.19599309004843235,0.7463819987202879,tvm
256,8,75,5,160,32,2,1,[256; 8; 75; 5; 160; 32; 2; 1],0.19075164594687521,0.7668909673600154,tvm
256,32,12,12,128,32,2,1,[256; 32; 12; 12; 128; 32; 2; 1],0.22236609598621726,0.657859794843821,tvm
80,1,75,5,640,80,5,0,[80; 1; 75; 5; 640; 80; 5; 0],0.2005073990439996,0.7295776364522746,tvm
256,32,20,10,640,32,2,0,[256; 32; 20; 10; 640; 32; 2; 0],0.21675408398732543,0.6748925399452601,tvm
256,4,12,4,640,32,2,0,[256; 4; 12; 4; 640; 32; 2; 0],0.21101649897173047,0.6932430165345126,tvm
128,2,100,5,320,64,4,1,[128; 2; 100; 5; 320; 64; 4; 1],0.17803028493653983,0.821690053115732,tvm
128,16,12,4,320,64,4,1,[128; 16; 12; 4; 320; 64; 4; 1],0.17818904004525393,0.8209579795062745,tvm
80,8,4,4,1280,64,4,0,[80; 8; 4; 4; 1280; 64; 4; 0],0.1810180100146681,0.8081279551899868,tvm
80,20,125,5,320,80,5,1,[80; 20; 125; 5; 320; 80; 5; 1],0.18813858996145427,0.7775423123756016,tvm
128,2,12,6,320,64,4,0,[128; 2; 12; 6; 320; 64; 4; 0],0.18059717200230807,0.8100111018562612,tvm
80,20,12,4,1280,64,4,1,[80; 20; 12; 4; 1280; 64; 4; 1],0.17828181001823395,0.8205307892642147,tvm
80,5,5,5,640,80,5,0,[80; 5; 5; 5; 640; 80; 5; 0],0.18569739698432386,0.7877639464061168,tvm
160,32,6,6,160,32,2,1,[160; 32; 6; 6; 160; 32; 2; 1],0.1818906399421394,0.8042509187512273,tvm
80,2,15,5,1280,80,5,1,[80; 2; 15; 5; 1280; 80; 5; 1],0.17659088200889528,0.8283876982864017,tvm
80,10,60,6,64,32,2,0,[80; 10; 60; 6; 64; 32; 2; 0],0.24524119403213263,0.5964973171128308,tvm
160,20,12,4,64,32,2,0,[160; 20; 12; 4; 64; 32; 2; 0],0.24196791206486523,0.6045665850375191,tvm
512,16,60,10,256,16,1,1,[512; 16; 60; 10; 256; 16; 1; 1],0.2755072470754385,0.5309686617632197,tvm
80,5,100,10,160,32,2,0,[80; 5; 100; 10; 160; 32; 2; 0],0.2188225929858163,0.6685128454500869,tvm
160,32,15,5,64,32,2,0,[160; 32; 15; 5; 64; 32; 2; 0],0.22454944101627916,0.651463275186283,tvm
80,8,1500,4,320,80,5,1,[80; 8; 1500; 4; 320; 80; 5; 1],0.21484751894604415,0.6808815619716411,tvm
128,4,500,4,256,64,4,0,[128; 4; 500; 4; 256; 64; 4; 0],0.22695649496745318,0.6445539895506955,tvm
160,40,50,5,256,32,2,1,[160; 40; 50; 5; 256; 32; 2; 1],0.19035857904236764,0.7684745022873691,tvm
80,8,500,4,1280,64,4,1,[80; 8; 500; 4; 1280; 64; 4; 1],0.22375042003113776,0.6537896745193004,tvm
160,32,12,4,64,32,2,1,[160; 32; 12; 4; 64; 32; 2; 1],0.22213113901671022,0.6585556393996147,tvm
80,8,150,6,320,32,2,0,[80; 8; 150; 6; 320; 32; 2; 0],0.22366341296583414,0.6540440045420405,tvm
128,16,300,5,128,64,4,0,[128; 16; 300; 5; 128; 64; 4; 0],0.23608177492860705,0.6196400138466945,tvm
80,10,60,12,128,32,2,1,[80; 10; 60; 12; 128; 32; 2; 1],0.22670242795720696,0.6452763457536839,tvm
80,10,50,5,640,32,2,0,[80; 10; 50; 5; 640; 32; 2; 0],0.22153073002118617,0.6603405056793891,tvm
256,2,60,12,64,32,2,1,[256; 2; 60; 12; 64; 32; 2; 1],0.20810593897476792,0.7029386811658984,tvm
80,1,20,4,256,64,4,0,[80; 1; 20; 4; 256; 64; 4; 0],0.221951839979738,0.6590876394584912,tvm
128,2,30,6,128,32,2,1,[128; 2; 30; 6; 128; 32; 2; 1],0.20148378796875477,0.7260421087000789,tvm
80,8,100,5,256,32,2,1,[80; 8; 100; 5; 256; 32; 2; 1],0.22099217807408422,0.6619497375905959,tvm
80,8,20,4,1280,32,2,0,[80; 8; 20; 4; 1280; 32; 2; 0],0.21817681996617466,0.670491550424073,tvm
160,1,100,5,1280,32,2,0,[160; 1; 100; 5; 1280; 32; 2; 0],0.24114675796590745,0.6066252580778867,tvm
80,10,125,5,80,80,5,0,[80; 10; 125; 5; 80; 80; 5; 0],0.2129122600890696,0.6870704121243051,tvm
80,40,12,6,640,64,4,1,[80; 40; 12; 6; 640; 64; 4; 1],0.22663785703480244,0.6454601901007682,tvm
80,40,6,6,1280,32,2,0,[80; 40; 6; 6; 1280; 32; 2; 0],0.19002549699507654,0.7698215060556031,tvm
128,8,20,4,64,64,4,1,[128; 8; 20; 4; 64; 64; 4; 1],0.1957507999613881,0.7473058312638783,tvm
80,16,60,3,1280,64,4,0,[80; 16; 60; 3; 1280; 64; 4; 0],0.2133400479797274,0.6856927036015998,tvm
80,10,1500,5,1280,80,5,0,[80; 10; 1500; 5; 1280; 80; 5; 0],0.20530801895074546,0.7125182690541135,tvm
160,20,60,10,128,32,2,0,[160; 20; 60; 10; 128; 32; 2; 0],0.20046883798204362,0.7297179739168109,tvm
80,2,750,5,256,64,4,0,[80; 2; 750; 5; 256; 64; 4; 0],0.23487172601744533,0.6228323722321893,tvm
160,4,60,12,1280,32,2,1,[160; 4; 60; 12; 1280; 32; 2; 1],0.22379282698966563,0.6536657865824695,tvm
80,8,750,5,1280,80,5,1,[80; 8; 750; 5; 1280; 80; 5; 1],0.21282563102431595,0.6873500789432675,tvm
80,10,30,3,1280,64,4,0,[80; 10; 30; 3; 1280; 64; 4; 0],0.20053494593594223,0.7294774165318946,tvm
80,5,1500,5,640,64,4,0,[80; 5; 1500; 5; 640; 64; 4; 0],0.21770577202551067,0.6719422867142567,tvm
80,4,150,6,128,64,4,0,[80; 4; 150; 6; 128; 64; 4; 0],0.2044470759574324,0.7155187404889676,tvm
256,2,60,10,128,32,2,0,[256; 2; 60; 10; 128; 32; 2; 0],0.1948904680320993,0.7506047666816645,tvm
256,4,30,6,160,32,2,0,[256; 4; 30; 6; 160; 32; 2; 0],0.19010233704466373,0.7695103414291277,tvm
80,4,12,3,1280,64,4,1,[80; 4; 12; 3; 1280; 64; 4; 1],0.20462231209967285,0.7149059786523064,tvm
160,1,20,10,160,32,2,1,[160; 1; 20; 10; 160; 32; 2; 1],0.2026295200921595,0.7219368343723114,tvm
128,2,25,5,1280,32,2,1,[128; 2; 25; 5; 1280; 32; 2; 1],0.1968248439952731,0.7432278939808404,tvm
80,5,15,3,640,80,5,1,[80; 5; 15; 3; 640; 80; 5; 1],0.20360250095836818,0.7184868240671868,tvm
80,10,75,5,128,64,4,0,[80; 10; 75; 5; 128; 64; 4; 0],0.20458091399632394,0.7150506439146267,tvm
80,16,60,4,160,80,5,1,[80; 16; 60; 4; 160; 80; 5; 1],0.19372177100740373,0.7551330628715112,tvm
160,10,20,4,1280,32,2,1,[160; 10; 20; 4; 1280; 32; 2; 1],0.20870574098080397,0.7009184970104352,tvm
128,16,30,5,1280,32,2,1,[128; 16; 30; 5; 1280; 32; 2; 1],0.1897625490091741,0.7708882234641677,tvm
256,32,150,6,160,32,2,0,[256; 32; 150; 6; 160; 32; 2; 0],0.1986363980686292,0.7364496925441245,tvm
160,16,10,10,128,32,2,0,[160; 16; 10; 10; 128; 32; 2; 0],0.19984179898165166,0.7320075931619562,tvm
160,8,20,5,640,32,2,0,[160; 8; 20; 5; 640; 32; 2; 0],0.19109282304998487,0.7655217603198514,tvm
128,8,60,4,256,64,4,1,[128; 8; 60; 4; 256; 64; 4; 1],0.18024758296087384,0.81158211323959,tvm
80,2,150,5,128,64,4,1,[80; 2; 150; 5; 128; 64; 4; 1],0.1987915119389072,0.7358750525056168,tvm
128,8,75,5,256,64,4,0,[128; 8; 75; 5; 256; 64; 4; 0],0.18569552002009004,0.7877719089285941,tvm
128,16,75,5,256,64,4,0,[128; 16; 75; 5; 256; 64; 4; 0],0.189415548928082,0.7723004532286661,tvm
256,16,125,5,160,32,2,1,[256; 16; 125; 5; 160; 32; 2; 1],0.1892397360643372,0.7730179576871767,tvm
80,1,150,5,320,80,5,1,[80; 1; 150; 5; 320; 80; 5; 1],0.19725018797907978,0.7416252211695192,tvm
160,8,5,5,128,32,2,1,[160; 8; 5; 5; 128; 32; 2; 1],0.1873514010803774,0.7808092890800153,tvm
80,8,15,5,256,64,4,1,[80; 8; 15; 5; 256; 64; 4; 1],0.18842305894941092,0.7763684291156215,tvm
80,10,5,5,320,64,4,0,[80; 10; 5; 5; 320; 64; 4; 0],0.19582368503324687,0.7470276859557513,tvm
160,5,6,6,160,32,2,1,[160; 5; 6; 6; 160; 32; 2; 1],0.18187106004916131,0.804337502877984,tvm
80,10,10,10,1280,32,2,1,[80; 10; 10; 10; 1280; 32; 2; 1],0.18458898202516139,0.7924942901834414,tvm
80,10,10,5,1280,32,2,1,[80; 10; 10; 5; 1280; 32; 2; 1],0.18810714001301676,0.7776723109797508,tvm
80,5,60,5,320,80,5,1,[80; 5; 60; 5; 320; 80; 5; 1],0.1855618730187416,0.7883392849291813,tvm
128,16,25,5,1280,64,4,0,[128; 16; 25; 5; 1280; 64; 4; 0],0.1695665520383045,0.8627038323729602,tvm
160,32,6,6,256,32,2,0,[160; 32; 6; 6; 256; 32; 2; 0],0.17930804600473493,0.8158346351164374,tvm
80,10,25,5,320,80,5,1,[80; 10; 25; 5; 320; 80; 5; 1],0.18553681101184338,0.7884457725015896,tvm
128,32,10,10,1280,32,2,1,[128; 32; 10; 10; 1280; 32; 2; 1],0.19826301594730467,0.7378366236726412,tvm
128,16,5,5,1280,64,4,0,[128; 16; 5; 5; 1280; 64; 4; 0],0.16590068500954658,0.8817667888308987,tvm
80,2,60,5,128,32,2,0,[80; 2; 60; 5; 128; 32; 2; 0],0.2479141929652542,0.5900659116608811,tvm
80,16,1500,4,320,80,5,1,[80; 16; 1500; 4; 320; 80; 5; 1],0.2241837059846148,0.6525260774115026,tvm
80,1,6,2,1280,80,5,1,[80; 1; 6; 2; 1280; 80; 5; 1],0.2511075889924541,0.5825619005489724,tvm
80,5,1500,4,640,64,4,0,[80; 5; 1500; 4; 640; 64; 4; 0],0.23228107404429466,0.6297788784023723,tvm
80,5,60,3,64,64,4,1,[80; 5; 60; 3; 64; 64; 4; 1],0.22674896602984518,0.6451439089096436,tvm
160,5,12,4,64,32,2,1,[160; 5; 12; 4; 64; 32; 2; 1],0.2246461670147255,0.6511827743587777,tvm
128,16,150,6,64,32,2,0,[128; 16; 150; 6; 64; 32; 2; 0],0.21631949301809072,0.6762484149936523,tvm
80,5,30,3,160,80,5,0,[80; 5; 30; 3; 160; 80; 5; 0],0.24226326507050544,0.6038295333101411,tvm
160,2,60,10,64,32,2,0,[160; 2; 60; 10; 64; 32; 2; 0],0.2179671759949997,0.6711364388602722,tvm
160,1,125,5,64,32,2,0,[160; 1; 125; 5; 64; 32; 2; 0],0.24150073900818825,0.6057360937547871,tvm
80,16,60,3,256,64,4,0,[80; 16; 60; 3; 256; 64; 4; 0],0.2341647339053452,0.6247128329103834,tvm
80,1,30,10,640,32,2,0,[80; 1; 30; 10; 640; 32; 2; 0],0.21132919297087938,0.6922172570160342,tvm
80,4,150,5,256,32,2,1,[80; 4; 150; 5; 256; 32; 2; 1],0.2244751980761066,0.6516787401881131,tvm
160,1,50,10,1280,32,2,0,[160; 1; 50; 10; 1280; 32; 2; 0],0.2180670399684459,0.6708290913972222,tvm
80,5,12,4,160,80,5,0,[80; 5; 12; 4; 160; 80; 5; 0],0.22294954198878258,0.6561382139689458,tvm
80,4,20,10,1280,32,2,0,[80; 4; 20; 10; 1280; 32; 2; 0],0.19714524794835597,0.7420199868273528,tvm
256,2,25,5,64,32,2,1,[256; 2; 25; 5; 64; 32; 2; 1],0.2051915880292654,0.7129225700268489,tvm
256,2,10,5,64,32,2,0,[256; 2; 10; 5; 64; 32; 2; 0],0.20959849806968123,0.6979330273496591,tvm
128,2,1500,5,64,64,4,1,[128; 2; 1500; 5; 64; 64; 4; 1],0.18980255094356835,0.7707257545195355,tvm
80,4,60,4,256,64,4,0,[80; 4; 60; 4; 256; 64; 4; 0],0.2108517549932003,0.6937846653940909,tvm
80,8,150,3,320,64,4,1,[80; 8; 150; 3; 320; 64; 4; 1],0.22062545304652303,0.6630500346434063,tvm
128,2,125,5,256,32,2,1,[128; 2; 125; 5; 256; 32; 2; 1],0.2091615879908204,0.6993909144165343,tvm
80,40,10,5,320,64,4,0,[80; 40; 10; 5; 320; 64; 4; 0],0.2126646680990234,0.687870324644614,tvm
80,10,500,5,640,80,5,1,[80; 10; 500; 5; 640; 80; 5; 1],0.2042410500580445,0.7162405121014629,tvm
128,8,30,3,256,64,4,0,[128; 8; 30; 3; 256; 64; 4; 0],0.20477736392058432,0.7143646713923227,tvm
128,32,60,4,64,64,4,1,[128; 32; 60; 4; 64; 64; 4; 1],0.19541944505181164,0.7485729695268017,tvm
80,10,750,6,640,64,4,1,[80; 10; 750; 6; 640; 64; 4; 1],0.20037077902816236,0.7300750887690748,tvm
80,20,150,10,1280,32,2,1,[80; 20; 150; 10; 1280; 32; 2; 1],0.21270239702425897,0.6877483109371364,tvm
256,16,12,12,256,32,2,1,[256; 16; 12; 12; 256; 32; 2; 1],0.19092367694247514,0.7661999634010288,tvm
80,4,750,6,320,64,4,1,[80; 4; 750; 6; 320; 64; 4; 1],0.20561620290391147,0.7114503245353505,tvm
80,4,10,5,128,64,4,0,[80; 4; 10; 5; 128; 64; 4; 0],0.21885219204705209,0.6684224312190742,tvm
256,32,20,4,640,32,2,1,[256; 32; 20; 4; 640; 32; 2; 1],0.20758508995641023,0.704702415363416,tvm
80,1,50,5,128,64,4,0,[80; 1; 50; 5; 128; 64; 4; 0],0.2210441769566387,0.6617940191856334,tvm
256,2,60,10,1280,32,2,1,[256; 2; 60; 10; 1280; 32; 2; 1],0.21605604095384479,0.6770730114274599,tvm
80,4,150,6,128,64,4,0,[80; 4; 150; 6; 128; 64; 4; 0],0.20145098108332604,0.7261603467952644,tvm
256,1,25,5,128,32,2,1,[256; 1; 25; 5; 128; 32; 2; 1],0.20496629492845386,0.7137061941661053,tvm
160,4,30,5,1280,32,2,0,[160; 4; 30; 5; 1280; 32; 2; 0],0.21894895506557077,0.6681270264199466,tvm
128,16,150,5,1280,32,2,1,[128; 16; 150; 5; 1280; 32; 2; 1],0.2063223880250007,0.7090152246007759,tvm
256,16,30,10,128,32,2,0,[256; 16; 30; 10; 128; 32; 2; 0],0.187337206909433,0.7808684494609509,tvm
256,32,100,10,256,32,2,1,[256; 32; 100; 10; 256; 32; 2; 1],0.21641776501201093,0.6759413409411913,tvm
160,20,100,5,640,32,2,0,[160; 20; 100; 5; 640; 32; 2; 0],0.2034166119992733,0.7191434015538362,tvm
160,32,20,10,160,32,2,1,[160; 32; 20; 10; 160; 32; 2; 1],0.22126827796455473,0.6611237527195291,tvm
160,5,150,5,256,32,2,1,[160; 5; 150; 5; 256; 32; 2; 1],0.19878065399825573,0.7359152480049589,tvm
256,2,25,5,160,32,2,0,[256; 2; 25; 5; 160; 32; 2; 0],0.19954153196886182,0.7331091068727587,tvm
80,1,12,4,640,64,4,0,[80; 1; 12; 4; 640; 64; 4; 0],0.20293868705630302,0.7208369996260446,tvm
80,8,5,5,128,64,4,1,[80; 8; 5; 5; 128; 64; 4; 1],0.1841225839452818,0.7945017452567795,tvm
256,2,12,6,640,32,2,0,[256; 2; 12; 6; 640; 32; 2; 0],0.18625407898798585,0.7854094529395532,tvm
160,5,15,5,256,32,2,1,[160; 5; 15; 5; 256; 32; 2; 1],0.19198636803776026,0.7619588608340282,tvm
80,10,4,4,256,64,4,1,[80; 10; 4; 4; 256; 64; 4; 1],0.18974418693687767,0.7709628244599623,tvm
256,32,150,5,640,32,2,1,[256; 32; 150; 5; 640; 32; 2; 1],0.18977220403030515,0.7708490030623958,tvm
80,20,3,3,1280,80,5,1,[80; 20; 3; 3; 1280; 80; 5; 1],0.19332961703184992,0.7566647911044824,tvm
80,4,15,5,320,64,4,0,[80; 4; 15; 5; 320; 64; 4; 0],0.19879118003882468,0.7358762811164165,tvm
80,1,50,5,1280,64,4,0,[80; 1; 50; 5; 1280; 64; 4; 0],0.19687963696196675,0.7430210485098253,tvm
80,16,30,6,320,64,4,0,[80; 16; 30; 6; 320; 64; 4; 0],0.19497400789987296,0.7502831575418911,tvm
80,2,100,5,320,64,4,1,[80; 2; 100; 5; 320; 64; 4; 1],0.19457707705441862,0.7518137105369387,tvm
160,4,5,5,160,32,2,0,[160; 4; 5; 5; 160; 32; 2; 0],0.20130876009352505,0.7266733659168738,tvm
80,8,5,5,1280,32,2,1,[80; 8; 5; 5; 1280; 32; 2; 1],0.18240869999863207,0.8019667608332899,tvm
80,4,100,5,1280,64,4,1,[80; 4; 100; 5; 1280; 64; 4; 1],0.19156026002019644,0.763653767594026,tvm
80,16,5,5,320,80,5,1,[80; 16; 5; 5; 320; 80; 5; 1],0.1809013088932261,0.8086492860704338,tvm
80,10,6,6,1280,64,4,1,[80; 10; 6; 6; 1280; 64; 4; 1],0.1725074730347842,0.8479963894446325,tvm
256,32,10,10,1280,32,2,1,[256; 32; 10; 10; 1280; 32; 2; 1],0.33434132602997124,0.4375340494779304,tvm
128,4,20,5,640,64,4,1,[128; 4; 20; 5; 640; 64; 4; 1],0.17074660898651928,0.8567415490943295,tvm
160,8,10,10,640,32,2,1,[160; 8; 10; 10; 640; 32; 2; 1],0.17924447497352958,0.816123979873396,tvm
256,8,6,6,1280,32,2,0,[256; 8; 6; 6; 1280; 32; 2; 0],0.3590298970229924,0.4074471666529379,tvm
128,1,100,5,128,32,2,0,[128; 1; 100; 5; 128; 32; 2; 0],0.2499691080302,0.585215170940406,tvm
80,20,750,5,64,64,4,0,[80; 20; 750; 5; 64; 64; 4; 0],0.2156987120397389,0.6781946581988102,tvm
128,32,60,4,64,32,2,1,[128; 32; 60; 4; 64; 32; 2; 1],0.22834477107971907,0.6406352709282905,tvm
80,20,375,5,256,64,4,0,[80; 20; 375; 5; 256; 64; 4; 0],0.21997553599067032,0.6650090139656194,tvm
80,16,150,5,320,32,2,0,[80; 16; 150; 5; 320; 32; 2; 0],0.23218541499227285,0.6300383436684974,tvm
80,4,60,6,640,32,2,0,[80; 4; 60; 6; 640; 32; 2; 0],0.22120279900263995,0.6613194541176147,tvm
80,8,12,4,160,80,5,0,[80; 8; 12; 4; 160; 80; 5; 0],0.22490291099529713,0.6504393991093038,tvm
80,40,60,3,640,80,5,0,[80; 40; 60; 3; 640; 80; 5; 0],0.23060751403681934,0.6343492964516237,tvm
80,16,1500,5,640,80,5,0,[80; 16; 1500; 5; 640; 80; 5; 0],0.22450950602069497,0.6515791552818698,tvm
80,4,150,3,1280,64,4,0,[80; 4; 150; 3; 1280; 64; 4; 0],0.2211567999329418,0.6614570039450309,tvm
80,20,6,6,64,32,2,1,[80; 20; 6; 6; 64; 32; 2; 1],0.20616395596880466,0.7095600857981658,tvm
80,40,25,5,320,80,5,0,[80; 40; 25; 5; 320; 80; 5; 0],0.36918504803907126,0.3962395418306126,tvm
80,1,12,6,256,32,2,1,[80; 1; 12; 6; 256; 32; 2; 1],0.21165104303508997,0.691164627341153,tvm
160,5,12,12,1280,32,2,0,[160; 5; 12; 12; 1280; 32; 2; 0],0.20021197898313403,0.7306541548047806,tvm
128,8,60,4,256,32,2,1,[128; 8; 60; 4; 256; 32; 2; 1],0.21158450399525464,0.6913819846135573,tvm
80,2,10,5,128,64,4,0,[80; 2; 10; 5; 128; 64; 4; 0],0.22070374398026615,0.6628148288177395,tvm
160,16,60,12,1280,32,2,1,[160; 16; 60; 12; 1280; 32; 2; 1],0.21962363692000508,0.6660745461518647,tvm
160,1,4,4,128,32,2,0,[160; 1; 4; 4; 128; 32; 2; 0],0.2330401799408719,0.6277274344828889,tvm
128,1,12,4,320,32,2,1,[128; 1; 12; 4; 320; 32; 2; 1],0.2268556010676548,0.6448406545716618,tvm
128,1,50,5,320,32,2,1,[128; 1; 50; 5; 320; 32; 2; 1],0.2324416859773919,0.629343715481149,tvm
128,4,60,6,320,32,2,0,[128; 4; 60; 6; 320; 32; 2; 0],0.20465510990470648,0.7147914085987361,tvm
80,10,12,4,640,32,2,0,[80; 10; 12; 4; 640; 32; 2; 0],0.22453599201980978,0.651502295778078,tvm
128,1,15,5,64,64,4,0,[128; 1; 15; 5; 64; 64; 4; 0],0.21144235704559833,0.691846781930109,tvm
80,20,30,3,640,64,4,0,[80; 20; 30; 3; 640; 64; 4; 0],0.20520757290069014,0.7128670361327699,tvm
256,32,100,4,640,32,2,1,[256; 32; 100; 4; 640; 32; 2; 1],0.20390446099918336,0.717422824242674,tvm
128,2,500,5,64,64,4,1,[128; 2; 500; 5; 64; 64; 4; 1],0.1862788510043174,0.7853050064299775,tvm
256,32,60,4,256,32,2,1,[256; 32; 60; 4; 256; 32; 2; 1],0.19755347701720893,0.7404866595841859,tvm
80,4,10,10,128,32,2,1,[80; 4; 10; 10; 128; 32; 2; 1],0.21347578801214695,0.6852567012301672,tvm
256,32,12,4,1280,32,2,0,[256; 32; 12; 4; 1280; 32; 2; 0],0.28337496507447213,0.5162266689552826,tvm
256,8,12,12,128,32,2,0,[256; 8; 12; 12; 128; 32; 2; 0],0.20166296500246972,0.7253970221251224,tvm
80,2,20,10,1280,32,2,1,[80; 2; 20; 10; 1280; 32; 2; 1],0.194502710015513,0.7521011623645087,tvm
128,1,3,3,320,64,4,1,[128; 1; 3; 3; 320; 64; 4; 1],0.21250798099208623,0.6883775075307028,tvm
160,10,25,5,128,32,2,0,[160; 10; 25; 5; 128; 32; 2; 0],0.2035751111106947,0.7185834922922916,tvm
128,16,15,3,320,64,4,1,[128; 16; 15; 3; 320; 64; 4; 1],0.19394121109507978,0.754278646914284,tvm
160,5,12,12,256,32,2,1,[160; 5; 12; 12; 256; 32; 2; 1],0.1962281339801848,0.7454879752384859,tvm
160,20,20,5,1280,32,2,0,[160; 20; 20; 5; 1280; 32; 2; 0],0.20058495400007814,0.7292955496834389,tvm
160,8,50,5,1280,32,2,1,[160; 8; 50; 5; 1280; 32; 2; 1],0.20211904996540397,0.7237601518053519,tvm
160,10,150,10,640,32,2,1,[160; 10; 150; 10; 640; 32; 2; 1],0.19564732105936855,0.747701085267221,tvm
160,5,60,10,128,32,2,1,[160; 5; 60; 10; 128; 32; 2; 1],0.19636173208709806,0.744980769576976,tvm
80,40,5,5,1280,32,2,1,[80; 40; 5; 5; 1280; 32; 2; 1],0.18137891008518636,0.8065199764239943,tvm
160,20,12,12,640,32,2,1,[160; 20; 12; 12; 640; 32; 2; 1],0.22067575191613287,0.6628989049114455,tvm
128,4,60,4,256,64,4,0,[128; 4; 60; 4; 256; 64; 4; 0],0.19521684397477657,0.7493498578668523,tvm
256,8,30,5,128,32,2,0,[256; 8; 30; 5; 128; 32; 2; 0],0.19723504001740366,0.7416821791544054,tvm
256,16,60,10,320,32,2,0,[256; 16; 60; 10; 320; 32; 2; 0],0.1824892369331792,0.8016128334148206,tvm
256,4,60,6,256,32,2,1,[256; 4; 60; 6; 256; 32; 2; 1],0.18273903708904982,0.8005170466911697,tvm
80,2,4,4,320,32,2,1,[80; 2; 4; 4; 320; 32; 2; 1],0.22799169004429132,0.641627395530494,tvm
128,8,100,4,128,64,4,1,[128; 8; 100; 4; 128; 64; 4; 1],0.1895295240683481,0.7718360239904405,tvm
160,10,10,10,1280,32,2,1,[160; 10; 10; 10; 1280; 32; 2; 1],0.17968910792842507,0.81410451625139,tvm
128,1,6,6,256,32,2,1,[128; 1; 6; 6; 256; 32; 2; 1],0.20209429506212473,0.7238488065224473,tvm
80,20,5,5,640,32,2,0,[80; 20; 5; 5; 640; 32; 2; 0],0.19241635198704898,0.7602561465023533,tvm
80,8,150,5,640,80,5,1,[80; 8; 150; 5; 640; 80; 5; 1],0.1907154229702428,0.7670366245552105,tvm
80,1,12,4,1280,64,4,1,[80; 1; 12; 4; 1280; 64; 4; 1],0.1916852870490402,0.7631556732274867,tvm
80,10,150,6,1280,64,4,1,[80; 10; 150; 6; 1280; 64; 4; 1],0.19269291404634714,0.759164990626117,tvm
80,16,30,5,256,64,4,1,[80; 16; 30; 5; 256; 64; 4; 1],0.1874582680175081,0.7803641622894522,tvm
80,2,60,5,1280,64,4,1,[80; 2; 60; 5; 1280; 64; 4; 1],0.19421475497074425,0.7532162749825584,tvm
160,1,5,5,640,32,2,1,[160; 1; 5; 5; 640; 32; 2; 1],0.22233438992407173,0.6579536091365423,tvm
80,10,75,5,1280,80,5,1,[80; 10; 75; 5; 1280; 80; 5; 1],0.19046463607810438,0.7680465901592698,tvm
128,4,150,5,640,64,4,1,[128; 4; 150; 5; 640; 64; 4; 1],0.1820446039782837,0.8035707243657981,tvm
80,5,6,6,640,32,2,1,[80; 5; 6; 6; 640; 32; 2; 1],0.1894166290294379,0.7722960493768449,tvm
160,16,10,5,640,32,2,0,[160; 16; 10; 5; 640; 32; 2; 0],0.18036906502675265,0.8110354969352253,tvm
80,2,10,5,320,80,5,1,[80; 2; 10; 5; 320; 80; 5; 1],0.1865308389533311,0.784244123419796,tvm
128,1,20,5,256,64,4,1,[128; 1; 20; 5; 256; 64; 4; 1],0.18493703205604106,0.791002822200508,tvm
128,8,4,4,640,64,4,1,[128; 8; 4; 4; 640; 64; 4; 1],0.17474853806197643,0.8371212480978382,tvm
128,32,5,5,1280,64,4,1,[128; 32; 5; 5; 1280; 64; 4; 1],0.16718634101562202,0.8749860389135812,tvm
80,40,20,10,1280,32,2,0,[80; 40; 20; 10; 1280; 32; 2; 0],0.23430603195447475,0.6243361003789154,tvm
160,10,30,6,64,32,2,0,[160; 10; 30; 6; 64; 32; 2; 0],0.22256927890703082,0.6572592363334167,tvm
80,5,100,10,320,32,2,0,[80; 5; 100; 10; 320; 32; 2; 0],0.2138645799132064,0.6840109491019133,tvm
160,5,150,5,64,32,2,0,[160; 5; 150; 5; 64; 32; 2; 0],0.24153886607382447,0.6056404779221047,tvm
128,1,150,3,256,64,4,0,[128; 1; 150; 3; 256; 64; 4; 0],0.23937087098602206,0.6111257968988908,tvm
160,1,100,4,256,32,2,1,[160; 1; 100; 4; 256; 32; 2; 1],0.23565954307559878,0.6207502245677627,tvm
80,20,375,5,640,64,4,0,[80; 20; 375; 5; 640; 64; 4; 0],0.21268542599864304,0.6878031891411667,tvm
80,20,750,5,640,64,4,0,[80; 20; 750; 5; 640; 64; 4; 0],0.21633171604480594,0.6762102060680555,tvm
160,40,25,5,256,32,2,1,[160; 40; 25; 5; 256; 32; 2; 1],0.18873686192091554,0.7750776016770422,tvm
80,8,60,10,320,32,2,0,[80; 8; 60; 10; 320; 32; 2; 0],0.21084225794766098,0.693815915792497,tvm
80,10,1500,4,1280,64,4,1,[80; 10; 1500; 4; 1280; 64; 4; 1],0.2153047879692167,0.6794354908012058,tvm
80,20,75,3,320,64,4,0,[80; 20; 75; 3; 320; 64; 4; 0],0.22698829998262227,0.6444636763080459,tvm
80,5,10,5,64,64,4,0,[80; 5; 10; 5; 64; 64; 4; 0],0.21140563604421914,0.6919669552003623,tvm
160,40,30,10,1280,32,2,1,[160; 40; 30; 10; 1280; 32; 2; 1],0.23803592403419316,0.6145530968875974,tvm
80,1,375,5,64,64,4,0,[80; 1; 375; 5; 64; 64; 4; 0],0.23533975705504417,0.6215937167450172,tvm
80,1,25,5,640,32,2,0,[80; 1; 25; 5; 640; 32; 2; 0],0.23482045496348292,0.6229683623961264,tvm
160,8,100,4,256,32,2,0,[160; 8; 100; 4; 256; 32; 2; 0],0.2258577219909057,0.6476896738186555,tvm
80,2,20,10,128,32,2,1,[80; 2; 20; 10; 128; 32; 2; 1],0.22109317092690617,0.6616473664583545,tvm
128,8,750,5,64,64,4,0,[128; 8; 750; 5; 64; 64; 4; 0],0.21220904402434826,0.6893472187214127,tvm
80,40,30,6,1280,64,4,0,[80; 40; 30; 6; 1280; 64; 4; 0],0.2123518909793347,0.6888835018660148,tvm
256,4,60,4,256,32,2,0,[256; 4; 60; 4; 256; 32; 2; 0],0.21140354091767222,0.6919738129773473,tvm
128,1,12,6,160,32,2,1,[128; 1; 12; 6; 160; 32; 2; 1],0.20682674599811435,0.7072862534280164,tvm
128,2,50,10,320,32,2,0,[128; 2; 50; 10; 320; 32; 2; 0],0.20152087195310742,0.7259085020223316,tvm
128,32,375,5,256,64,4,1,[128; 32; 375; 5; 256; 64; 4; 1],0.1999524210114032,0.7316026159911896,tvm
128,16,20,10,160,32,2,0,[128; 16; 20; 10; 160; 32; 2; 0],0.2069039260968566,0.707022418787909,tvm
128,4,60,6,320,32,2,0,[128; 4; 60; 6; 320; 32; 2; 0],0.20529720291960984,0.7125558078986433,tvm
128,32,20,10,1280,32,2,0,[128; 32; 20; 10; 1280; 32; 2; 0],0.21985751204192638,0.6653660042228527,tvm
160,2,50,10,1280,32,2,1,[160; 2; 50; 10; 1280; 32; 2; 1],0.21054677700158209,0.6947896157280768,tvm
128,1,750,5,640,64,4,0,[128; 1; 750; 5; 640; 64; 4; 0],0.21151907602325082,0.6915958458027404,tvm
160,1,20,10,128,32,2,1,[160; 1; 20; 10; 128; 32; 2; 1],0.2046819160459563,0.7146977960323052,tvm
80,16,25,5,320,32,2,1,[80; 16; 25; 5; 320; 32; 2; 1],0.20621557300910354,0.7093824784962114,tvm
128,32,150,3,640,64,4,1,[128; 32; 150; 3; 640; 64; 4; 1],0.2031662539811805,0.7200295886700993,tvm
80,20,6,6,160,32,2,0,[80; 20; 6; 6; 160; 32; 2; 0],0.21616120100952685,0.6767436228264991,tvm
80,4,12,4,320,64,4,0,[80; 4; 12; 4; 320; 64; 4; 0],0.20560010999906808,0.7115060117739108,tvm
80,16,25,5,1280,32,2,1,[80; 16; 25; 5; 1280; 32; 2; 1],0.19199456996284425,0.7619263102806721,tvm
160,32,100,5,320,32,2,0,[160; 32; 100; 5; 320; 32; 2; 0],0.20107200799975544,0.7275289869582057,tvm
128,1,500,5,320,64,4,1,[128; 1; 500; 5; 320; 64; 4; 1],0.21064260508865118,0.6944735336146665,tvm
80,20,12,3,1280,80,5,1,[80; 20; 12; 3; 1280; 80; 5; 1],0.19142043695319444,0.7642115785237897,tvm
160,10,60,5,1280,32,2,1,[160; 10; 60; 5; 1280; 32; 2; 1],0.20164532703347504,0.7254604727905719,tvm
256,4,150,6,640,32,2,0,[256; 4; 150; 6; 640; 32; 2; 0],0.19778518902603537,0.7396191545285934,tvm
256,16,60,12,640,32,2,0,[256; 16; 60; 12; 640; 32; 2; 0],0.20916665811091661,0.69937396144725,tvm
160,16,50,10,256,32,2,0,[160; 16; 50; 10; 256; 32; 2; 0],0.18953953892923892,0.7717952418377855,tvm
256,2,125,5,160,32,2,1,[256; 2; 125; 5; 160; 32; 2; 1],0.20301734702661633,0.7205577081377962,tvm
256,4,30,5,320,32,2,0,[256; 4; 30; 5; 320; 32; 2; 0],0.19202847394626588,0.761791786808911,tvm
128,32,250,5,320,64,4,1,[128; 32; 250; 5; 320; 64; 4; 1],0.19696154701523483,0.7427120496489561,tvm
80,4,250,5,320,80,5,1,[80; 4; 250; 5; 320; 80; 5; 1],0.2038032809505239,0.7177789955267069,tvm
256,16,20,10,128,32,2,1,[256; 16; 20; 10; 128; 32; 2; 1],0.18502586905378848,0.7906230357614906,tvm
80,8,5,5,640,32,2,0,[80; 8; 5; 5; 640; 32; 2; 0],0.19830611103679985,0.737676279973883,tvm
80,8,50,5,640,80,5,0,[80; 8; 50; 5; 640; 80; 5; 0],0.19058215501718223,0.7675729885231158,tvm
80,1,150,6,320,64,4,1,[80; 1; 150; 6; 320; 64; 4; 1],0.1980166669236496,0.7387545531312195,tvm
80,1,125,5,320,64,4,1,[80; 1; 125; 5; 320; 64; 4; 1],0.20305529702454805,0.7204230395823129,tvm
80,1,75,5,320,64,4,1,[80; 1; 75; 5; 320; 64; 4; 1],0.1990291839465499,0.7349963024769268,tvm
128,16,30,5,64,64,4,1,[128; 16; 30; 5; 64; 64; 4; 1],0.180051248986274,0.8124670898387726,tvm
256,32,5,5,160,32,2,0,[256; 32; 5; 5; 160; 32; 2; 0],0.18009002599865198,0.8122921492987584,tvm
80,8,150,5,320,80,5,1,[80; 8; 150; 5; 320; 80; 5; 1],0.19246165291406214,0.7600772001632642,tvm
128,8,12,6,256,64,4,0,[128; 8; 12; 6; 256; 64; 4; 0],0.18295995006337762,0.7995504712099052,tvm
80,10,60,6,256,64,4,1,[80; 10; 60; 6; 256; 64; 4; 1],0.18222406692802906,0.8027793296013478,tvm
128,32,12,6,640,64,4,0,[128; 32; 12; 6; 640; 64; 4; 0],0.178698273957707,0.818618507307665,tvm
80,8,20,5,256,64,4,1,[80; 8; 20; 5; 256; 64; 4; 1],0.18782358698081225,0.778846345324342,tvm
160,16,6,6,256,32,2,0,[160; 16; 6; 6; 256; 32; 2; 0],0.17805716092698276,0.8215660270226525,tvm
80,20,6,6,640,64,4,1,[80; 20; 6; 6; 640; 64; 4; 1],0.17616823001299053,0.8303751151664933,tvm
80,4,25,5,1280,80,5,1,[80; 4; 25; 5; 1280; 80; 5; 1],0.17616743291728199,0.8303788723220006,tvm
128,16,5,5,320,64,4,0,[128; 16; 5; 5; 320; 64; 4; 0],0.1792051229858771,0.8163031940623866,tvm
128,16,25,5,320,64,4,1,[128; 16; 25; 5; 320; 64; 4; 1],0.17330089095048606,0.8441140347484405,tvm
80,5,30,6,256,32,2,0,[80; 5; 30; 6; 256; 32; 2; 0],0.2182105400133878,0.6703879394493927,tvm
128,1,30,5,128,32,2,1,[128; 1; 30; 5; 128; 32; 2; 1],0.22010972595307976,0.6646035910148634,tvm
256,32,150,10,64,32,2,0,[256; 32; 150; 10; 64; 32; 2; 0],0.23743085702881217,0.6161192193648299,tvm
80,40,60,5,256,64,4,1,[80; 40; 60; 5; 256; 64; 4; 1],0.20379257306922227,0.7178167098171208,tvm
80,40,100,4,1280,32,2,1,[80; 40; 100; 4; 1280; 32; 2; 1],0.22247547598090023,0.6575363582917926,tvm
80,2,60,10,320,32,2,0,[80; 2; 60; 10; 320; 32; 2; 0],0.21834704803768545,0.6699688207392949,tvm
160,1,75,5,128,32,2,0,[160; 1; 75; 5; 128; 32; 2; 0],0.24146872002165765,0.605816414948461,tvm
160,40,25,5,1280,32,2,0,[160; 40; 25; 5; 1280; 32; 2; 0],0.21184248803183436,0.6905400122742676,tvm
80,40,6,6,256,64,4,1,[80; 40; 6; 6; 256; 64; 4; 1],0.224528948077932,0.6515227347653177,tvm
256,2,30,5,64,32,2,0,[256; 2; 30; 5; 64; 32; 2; 0],0.21156529802829027,0.6914447484962923,tvm
128,2,125,5,640,32,2,0,[128; 2; 125; 5; 640; 32; 2; 0],0.21642828301992267,0.675908491462035,tvm
80,4,150,6,160,32,2,1,[80; 4; 150; 6; 160; 32; 2; 1],0.21638050500769168,0.6760577357951645,tvm
128,8,60,12,128,32,2,0,[128; 8; 60; 12; 128; 32; 2; 0],0.21743471291847527,0.6727799454016457,tvm
80,10,10,5,128,32,2,0,[80; 10; 10; 5; 128; 32; 2; 0],0.23968144005630165,0.6103339259450022,tvm
160,4,4,4,160,32,2,0,[160; 4; 4; 4; 160; 32; 2; 0],0.2178321440005675,0.6715524697095815,tvm
80,8,15,5,128,32,2,1,[80; 8; 15; 5; 128; 32; 2; 1],0.22261761198751628,0.6571165370955356,tvm
128,2,1500,5,64,64,4,0,[128; 2; 1500; 5; 64; 64; 4; 0],0.203777828020975,0.7178686499232734,tvm
128,4,12,12,160,32,2,0,[128; 4; 12; 12; 160; 32; 2; 0],0.2187131439568475,0.6688473844744179,tvm
128,32,50,10,256,32,2,0,[128; 32; 50; 10; 256; 32; 2; 0],0.22816430497914553,0.6411419801142206,tvm
160,2,150,5,128,32,2,0,[160; 2; 150; 5; 128; 32; 2; 0],0.21868845995049924,0.6689228792357241,tvm
256,2,30,5,64,32,2,1,[256; 2; 30; 5; 64; 32; 2; 1],0.20286864996887743,0.7210858568248782,tvm
256,2,60,5,64,32,2,1,[256; 2; 60; 5; 64; 32; 2; 1],0.20576999697368592,0.710918581120558,tvm
128,2,75,5,256,32,2,1,[128; 2; 75; 5; 256; 32; 2; 1],0.20208785601425916,0.7238718702394096,tvm
160,1,60,6,320,32,2,0,[160; 1; 60; 6; 320; 32; 2; 0],0.21182984102051705,0.6905812400224839,tvm
128,32,12,12,256,32,2,0,[128; 32; 12; 12; 256; 32; 2; 0],0.2408342519775033,0.6074124136602425,tvm
256,16,250,5,160,32,2,1,[256; 16; 250; 5; 160; 32; 2; 1],0.2102468409575522,0.6957807956565144,tvm
128,32,300,6,64,64,4,1,[128; 32; 300; 6; 64; 64; 4; 1],0.18639476294629276,0.7848166545744885,tvm
128,2,125,5,1280,32,2,1,[128; 2; 125; 5; 1280; 32; 2; 1],0.2060546160209924,0.7099366037536913,tvm
128,2,150,5,640,32,2,1,[128; 2; 150; 5; 640; 32; 2; 1],0.2076947499299422,0.7043303421731081,tvm
80,10,20,4,256,64,4,0,[80; 10; 20; 4; 256; 64; 4; 0],0.20692226802930236,0.7069597471500685,tvm
80,2,60,10,1280,32,2,1,[80; 2; 60; 10; 1280; 32; 2; 1],0.21000736497808248,0.6965742096758438,tvm
128,16,50,10,640,32,2,0,[128; 16; 50; 10; 640; 32; 2; 0],0.19495055195875466,0.7503734296513492,tvm
80,5,30,6,320,32,2,1,[80; 5; 30; 6; 320; 32; 2; 1],0.20391039596870542,0.7174019430974234,tvm
128,32,75,5,320,32,2,1,[128; 32; 75; 5; 320; 32; 2; 1],0.1953558640088886,0.7488166020911374,tvm
128,8,150,10,640,32,2,1,[128; 8; 150; 10; 640; 32; 2; 1],0.19924955698661506,0.7341833853891143,tvm
80,8,12,4,320,64,4,0,[80; 8; 12; 4; 320; 64; 4; 0],0.20761309401132166,0.7046073610257789,tvm
80,4,6,3,640,64,4,0,[80; 4; 6; 3; 640; 64; 4; 0],0.20551163994241506,0.7118123057492216,tvm
128,8,4,4,160,32,2,1,[128; 8; 4; 4; 160; 32; 2; 1],0.2070436739595607,0.7065452012520146,tvm
160,16,150,10,640,32,2,1,[160; 16; 150; 10; 640; 32; 2; 1],0.19561367796268314,0.7478296804665211,tvm
128,32,100,4,640,64,4,0,[128; 32; 100; 4; 640; 64; 4; 0],0.1928871920099482,0.7584003518396887,tvm
80,20,15,3,1280,64,4,1,[80; 20; 15; 3; 1280; 64; 4; 1],0.19397775502875447,0.7541365465541628,tvm
160,4,15,5,128,32,2,1,[160; 4; 15; 5; 128; 32; 2; 1],0.20082368096336722,0.728428607542547,tvm
80,8,150,5,320,64,4,0,[80; 8; 150; 5; 320; 64; 4; 0],0.20166466804221272,0.7253908962133792,tvm
128,16,150,6,128,64,4,0,[128; 16; 150; 6; 128; 64; 4; 0],0.18583032593596727,0.787200439696376,tvm
80,4,30,5,320,64,4,0,[80; 4; 30; 5; 320; 64; 4; 0],0.1958016880089417,0.7471116095742435,tvm
160,10,60,5,160,32,2,1,[160; 10; 60; 5; 160; 32; 2; 1],0.19634947506710887,0.7450272746373086,tvm
256,32,125,5,160,32,2,1,[256; 32; 125; 5; 160; 32; 2; 1],0.18951003602705896,0.7719153948386516,tvm
80,20,60,4,160,80,5,1,[80; 20; 60; 4; 160; 80; 5; 1],0.19015188701450825,0.7693098216509046,tvm
160,10,4,4,256,32,2,1,[160; 10; 4; 4; 256; 32; 2; 1],0.19487056299112737,0.7506814371566978,tvm
256,4,6,6,160,32,2,0,[256; 4; 6; 6; 160; 32; 2; 0],0.1806012470042333,0.8099928251452514,tvm
128,4,250,5,256,64,4,1,[128; 4; 250; 5; 256; 64; 4; 1],0.19600474298931658,0.7463376245629307,tvm
80,20,100,5,80,80,5,1,[80; 20; 100; 5; 80; 80; 5; 1],0.1863173880847171,0.7851425773487083,tvm
256,4,6,6,320,32,2,0,[256; 4; 6; 6; 320; 32; 2; 0],0.17349801305681467,0.843154983209005,tvm
80,20,30,5,640,64,4,0,[80; 20; 30; 5; 640; 64; 4; 0],0.18482751108240336,0.7914715370510745,tvm
80,10,15,5,640,64,4,0,[80; 10; 15; 5; 640; 64; 4; 0],0.18454387597739697,0.7926879909232613,tvm
80,10,60,4,1280,80,5,1,[80; 10; 60; 4; 1280; 80; 5; 1],0.18874665501061827,0.775037386900895,tvm
128,1,125,5,1280,64,4,1,[128; 1; 125; 5; 1280; 64; 4; 1],0.18560205900575966,0.7881685961316556,tvm
80,4,12,6,256,64,4,1,[80; 4; 12; 6; 256; 64; 4; 1],0.18422748509328812,0.7940493472602035,tvm
128,8,30,5,320,64,4,0,[128; 8; 30; 5; 320; 64; 4; 0],0.18173618102446198,0.8049344575256812,tvm
160,16,5,5,256,32,2,0,[160; 16; 5; 5; 256; 32; 2; 0],0.18180467502679676,0.8046312024932956,tvm
80,4,25,5,640,64,4,1,[80; 4; 25; 5; 640; 64; 4; 1],0.1797489080345258,0.8138336743476408,tvm
128,1,20,5,640,64,4,1,[128; 1; 20; 5; 640; 64; 4; 1],0.17713207902852446,0.8258567001980324,tvm
128,4,25,5,320,64,4,1,[128; 4; 25; 5; 320; 64; 4; 1],0.1735785650089383,0.8427637034456495,tvm
128,32,12,6,640,64,4,1,[128; 32; 12; 6; 640; 64; 4; 1],0.18100920191500336,0.8081672795530351,tvm
160,40,12,12,128,32,2,0,[160; 40; 12; 12; 128; 32; 2; 0],0.251523072947748,0.581599582779048,tvm
128,8,300,3,256,64,4,0,[128; 8; 300; 3; 256; 64; 4; 0],0.24596733297221363,0.5947363518481532,tvm
80,1,375,3,1280,80,5,0,[80; 1; 375; 3; 1280; 80; 5; 0],0.26106672396417707,0.5603384148865608,tvm
160,32,100,10,64,32,2,0,[160; 32; 100; 10; 64; 32; 2; 0],0.246638527023606,0.5931178557181099,tvm
128,1,60,12,64,32,2,0,[128; 1; 60; 12; 64; 32; 2; 0],0.24462544498965144,0.5979987662031753,tvm
80,40,150,5,256,64,4,0,[80; 40; 150; 5; 256; 64; 4; 0],0.21608746994752437,0.6769745340682594,tvm
80,20,20,10,128,32,2,0,[80; 20; 20; 10; 128; 32; 2; 0],0.2333883480168879,0.6267909924754645,tvm
80,16,30,10,64,32,2,1,[80; 16; 30; 10; 64; 32; 2; 1],0.2337444149889052,0.6258361907498745,tvm
80,5,30,5,160,32,2,0,[80; 5; 30; 5; 160; 32; 2; 0],0.23483744799159467,0.6229232839004032,tvm
160,2,30,10,64,32,2,0,[160; 2; 30; 10; 64; 32; 2; 0],0.2171462180558592,0.6736737834783907,tvm
80,8,6,3,128,64,4,0,[80; 8; 6; 3; 128; 64; 4; 0],0.2502689079847187,0.5845141350704517,tvm
128,1,125,5,256,32,2,1,[128; 1; 125; 5; 256; 32; 2; 1],0.24369407701306045,0.6002842419427138,tvm
80,20,3,3,128,64,4,0,[80; 20; 3; 3; 128; 64; 4; 0],0.24199677095748484,0.604494488529413,tvm
128,32,30,10,64,32,2,1,[128; 32; 30; 10; 64; 32; 2; 1],0.23937066399957985,0.6111263253460795,tvm
160,5,5,5,32,32,2,1,[160; 5; 5; 5; 32; 32; 2; 1],0.21807475294917822,0.6708053651667134,tvm
128,1,75,3,320,64,4,0,[128; 1; 75; 3; 320; 64; 4; 0],0.23242320504505187,0.6293937572083602,tvm
80,2,20,10,128,32,2,1,[80; 2; 20; 10; 128; 32; 2; 1],0.21704422705806792,0.6739903487346709,tvm
128,32,30,3,128,64,4,0,[128; 32; 30; 3; 128; 64; 4; 0],0.22624072898179293,0.6465931883444686,tvm
80,10,60,6,320,32,2,0,[80; 10; 60; 6; 320; 32; 2; 0],0.2169236830668524,0.6743648836196064,tvm
80,8,100,4,160,80,5,0,[80; 8; 100; 4; 160; 80; 5; 0],0.21212402603123337,0.6896235048083381,tvm
80,10,10,10,64,32,2,1,[80; 10; 10; 10; 64; 32; 2; 1],0.23218084103427827,0.6300507554114564,tvm
80,4,60,10,320,32,2,0,[80; 4; 60; 10; 320; 32; 2; 0],0.21151324803940952,0.6916149018640103,tvm
128,16,375,5,128,64,4,0,[128; 16; 375; 5; 128; 64; 4; 0],0.2058843889972195,0.7105235855822459,tvm
80,2,1500,5,256,64,4,0,[80; 2; 1500; 5; 256; 64; 4; 0],0.21927207906264812,0.6671424602305115,tvm
80,1,6,3,320,64,4,1,[80; 1; 6; 3; 320; 64; 4; 1],0.22684075392317027,0.6448828605783089,tvm
80,1,30,10,256,32,2,1,[80; 1; 30; 10; 256; 32; 2; 1],0.21506379905622452,0.6801968296276146,tvm
128,16,300,5,320,64,4,0,[128; 16; 300; 5; 320; 64; 4; 0],0.2056052020052448,0.7114883906584362,tvm
160,2,60,4,256,32,2,1,[160; 2; 60; 4; 256; 32; 2; 1],0.22032621002290398,0.6639505770580232,tvm
80,5,1500,6,64,64,4,0,[80; 5; 1500; 6; 64; 64; 4; 0],0.21699083503335714,0.674156188500894,tvm
128,32,6,3,128,64,4,0,[128; 32; 6; 3; 128; 64; 4; 0],0.224991766968742,0.6501825211499304,tvm
128,4,20,10,160,32,2,0,[128; 4; 20; 10; 160; 32; 2; 0],0.2074739389354363,0.7050799490110267,tvm
160,1,60,6,256,32,2,0,[160; 1; 60; 6; 256; 32; 2; 0],0.213076226064004,0.6865416991277707,tvm
256,2,60,4,320,32,2,1,[256; 2; 60; 4; 320; 32; 2; 1],0.2090666750445962,0.6997084267710766,tvm
128,16,12,12,128,32,2,1,[128; 16; 12; 12; 128; 32; 2; 1],0.21315262001007795,0.6862956424312207,tvm
80,5,60,5,128,64,4,0,[80; 5; 60; 5; 128; 64; 4; 0],0.21111148898489773,0.6929310905299859,tvm
80,4,30,3,640,64,4,0,[80; 4; 30; 3; 640; 64; 4; 0],0.21138612600043416,0.6920308208184573,tvm
256,1,150,5,256,32,2,1,[256; 1; 150; 5; 256; 32; 2; 1],0.22123814700171351,0.6612137927758963,tvm
128,2,12,12,1280,32,2,0,[128; 2; 12; 12; 1280; 32; 2; 0],0.1932166760088876,0.7571070846855136,tvm
80,8,60,3,1280,80,5,0,[80; 8; 60; 3; 1280; 80; 5; 0],0.21086446102708578,0.6937428600968645,tvm
256,1,125,5,256,32,2,1,[256; 1; 125; 5; 256; 32; 2; 1],0.2335199830122292,0.6264376709810461,tvm
256,1,30,6,1280,32,2,0,[256; 1; 30; 6; 1280; 32; 2; 0],0.23027606890536845,0.6352623395956536,tvm
80,16,150,6,320,32,2,1,[80; 16; 150; 6; 320; 32; 2; 1],0.21406326990108937,0.6833760614481291,tvm
128,2,1500,5,640,64,4,0,[128; 2; 1500; 5; 640; 64; 4; 0],0.19988286902662367,0.7318571871520895,tvm
128,2,12,12,320,32,2,1,[128; 2; 12; 12; 320; 32; 2; 1],0.1999339999165386,0.7316700228414402,tvm
128,2,50,10,320,32,2,1,[128; 2; 50; 10; 320; 32; 2; 1],0.19318347005173564,0.7572372224525118,tvm
80,8,6,6,160,32,2,0,[80; 8; 6; 6; 160; 32; 2; 0],0.21961935691069812,0.6660875268166693,tvm
80,20,60,4,320,64,4,0,[80; 20; 60; 4; 320; 64; 4; 0],0.20613915706053376,0.7096454471420818,tvm
256,1,12,12,160,32,2,0,[256; 1; 12; 12; 160; 32; 2; 0],0.2051957939984277,0.7129079570063469,tvm
256,32,150,10,128,32,2,0,[256; 32; 150; 10; 128; 32; 2; 0],0.22469176002778113,0.6510506405202726,tvm
256,1,12,6,320,32,2,1,[256; 1; 12; 6; 320; 32; 2; 1],0.1887000750284642,0.7752287022866738,tvm
160,5,30,5,1280,32,2,1,[160; 5; 30; 5; 1280; 32; 2; 1],0.2076979090925306,0.7043196290461604,tvm
160,20,100,10,640,32,2,0,[160; 20; 100; 10; 640; 32; 2; 0],0.19854875502642244,0.7367747748720304,tvm
256,2,25,5,128,32,2,0,[256; 2; 25; 5; 128; 32; 2; 0],0.2039457180071622,0.717277693864487,tvm
256,2,30,10,640,32,2,1,[256; 2; 30; 10; 640; 32; 2; 1],0.19226605398580432,0.7608504530732976,tvm
160,8,50,5,320,32,2,0,[160; 8; 50; 5; 320; 32; 2; 0],0.2034967279760167,0.7188602772176019,tvm
160,32,125,5,640,32,2,1,[160; 32; 125; 5; 640; 32; 2; 1],0.19974124699365348,0.7323760940090773,tvm
256,32,60,6,160,32,2,0,[256; 32; 60; 6; 160; 32; 2; 0],0.19008953892625868,0.7695621500900311,tvm
80,4,50,5,1280,64,4,1,[80; 4; 50; 5; 1280; 64; 4; 1],0.19243864505551755,0.7601680745752062,tvm
80,8,60,5,256,64,4,1,[80; 8; 60; 5; 256; 64; 4; 1],0.1901320070028305,0.7693902599131378,tvm
128,2,30,5,256,64,4,0,[128; 2; 30; 5; 256; 64; 4; 0],0.1846922239055857,0.7920512904782351,tvm
128,2,12,4,320,64,4,1,[128; 2; 12; 4; 320; 64; 4; 1],0.1829512449912727,0.7995885149220633,tvm
80,5,25,5,320,64,4,1,[80; 5; 25; 5; 320; 64; 4; 1],0.18827235593926162,0.776989874885867,tvm
80,10,20,5,320,64,4,1,[80; 10; 20; 5; 320; 64; 4; 1],0.18701303494162858,0.7822220217503754,tvm
128,4,20,5,256,64,4,1,[128; 4; 20; 5; 256; 64; 4; 1],0.17796053201891482,0.8220121204749269,tvm
160,16,10,10,640,16,1,1,[160; 16; 10; 10; 640; 16; 1; 1],0.2629200089722872,0.5563886706741038,tvm
80,2,50,10,160,32,2,0,[80; 2; 50; 10; 160; 32; 2; 0],0.22231142001692206,0.6580215909492154,tvm
128,16,300,4,128,64,4,0,[128; 16; 300; 4; 128; 64; 4; 0],0.21898229198995978,0.6680253136286537,tvm
80,40,60,10,256,32,2,1,[80; 40; 60; 10; 256; 32; 2; 1],0.22873749595601112,0.6395353489130035,tvm
80,5,6,3,128,64,4,1,[80; 5; 6; 3; 128; 64; 4; 1],0.2134911820758134,0.685207289890626,tvm
80,10,150,3,640,80,5,0,[80; 10; 150; 3; 640; 80; 5; 0],0.21861113898921758,0.6691594717546825,tvm
80,10,150,3,640,64,4,0,[80; 10; 150; 3; 640; 64; 4; 0],0.22593458998017013,0.647469315338362,tvm
128,4,60,3,320,64,4,0,[128; 4; 60; 3; 320; 64; 4; 0],0.21084705204702914,0.6938001402698553,tvm
80,2,15,5,80,80,5,0,[80; 2; 15; 5; 80; 80; 5; 0],0.21456065808888525,0.6817918792228586,tvm
160,8,100,5,64,32,2,1,[160; 8; 100; 5; 64; 32; 2; 1],0.20885426504537463,0.7004200477013625,tvm
80,4,750,6,64,64,4,0,[80; 4; 750; 6; 64; 64; 4; 0],0.21087487298063934,0.6937086065211049,tvm
80,16,10,10,160,32,2,0,[80; 16; 10; 10; 160; 32; 2; 0],0.23012004408519715,0.6356930569314295,tvm
80,10,150,6,256,32,2,1,[80; 10; 150; 6; 256; 32; 2; 1],0.21129454707261175,0.6923307596548762,tvm
80,4,20,5,128,64,4,0,[80; 4; 20; 5; 128; 64; 4; 0],0.2144009160110727,0.6822998567700121,tvm
128,2,300,4,640,64,4,1,[128; 2; 300; 4; 640; 64; 4; 1],0.2079763290239498,0.7033767495187808,tvm
160,1,50,10,160,32,2,0,[160; 1; 50; 10; 160; 32; 2; 0],0.2098532449454069,0.6970857864207454,tvm
128,32,300,4,320,64,4,1,[128; 32; 300; 4; 320; 64; 4; 1],0.21220748603809625,0.6893522797751469,tvm
80,20,20,10,320,32,2,0,[80; 20; 20; 10; 320; 32; 2; 0],0.21425548498518765,0.6827629840880275,tvm
160,10,250,10,256,32,2,1,[160; 10; 250; 10; 256; 32; 2; 1],0.2148965880041942,0.6807260908342537,tvm
80,10,30,10,256,32,2,1,[80; 10; 30; 10; 256; 32; 2; 1],0.2047668950399384,0.714401193890166,tvm
128,8,75,3,320,64,4,1,[128; 8; 75; 3; 320; 64; 4; 1],0.1962066519772634,0.7455695961962902,tvm
128,4,4,4,128,64,4,0,[128; 4; 4; 4; 128; 64; 4; 0],0.20406706200446934,0.7168511804345498,tvm
128,2,20,10,160,32,2,0,[128; 2; 20; 10; 160; 32; 2; 0],0.21047257794998586,0.6950345537197528,tvm
160,4,4,4,160,32,2,0,[160; 4; 4; 4; 160; 32; 2; 0],0.2163380739511922,0.6761903330928132,tvm
160,32,100,4,640,32,2,1,[160; 32; 100; 4; 640; 32; 2; 1],0.21067777404095978,0.6943576034616427,tvm
128,4,60,10,640,32,2,0,[128; 4; 60; 10; 640; 32; 2; 0],0.19821270799729973,0.7380238924323014,tvm
80,2,12,3,640,64,4,1,[80; 2; 12; 3; 640; 64; 4; 1],0.20913802098948509,0.6994697262295944,tvm
256,8,100,4,640,32,2,1,[256; 8; 100; 4; 640; 32; 2; 1],0.20955498900730163,0.6980779363865071,tvm
160,32,5,5,64,32,2,1,[160; 32; 5; 5; 64; 32; 2; 1],0.19609033898450434,0.7460118384377633,tvm
80,5,60,6,320,32,2,1,[80; 5; 60; 6; 320; 32; 2; 1],0.2042041460517794,0.7163699519040181,tvm
80,10,60,10,320,32,2,1,[80; 10; 60; 10; 320; 32; 2; 1],0.20271930005401373,0.7216171042754048,tvm
128,2,300,5,1280,64,4,0,[128; 2; 300; 5; 1280; 64; 4; 0],0.19600429199635983,0.746339341836612,tvm
160,4,50,10,1280,32,2,1,[160; 4; 50; 10; 1280; 32; 2; 1],0.20921046996954829,0.6992275018884426,tvm
80,20,6,6,128,32,2,1,[80; 20; 6; 6; 128; 32; 2; 1],0.19328474800568074,0.756840442896275,tvm
80,10,1500,5,160,80,5,1,[80; 10; 1500; 5; 160; 80; 5; 1],0.19032107794191688,0.7686259234531999,tvm
80,8,375,5,80,80,5,1,[80; 8; 375; 5; 80; 80; 5; 1],0.18306842900346965,0.7990766899678905,tvm
160,2,150,6,1280,32,2,1,[160; 2; 150; 6; 1280; 32; 2; 1],0.19910659291781485,0.7347105494698339,tvm
160,10,12,6,1280,32,2,0,[160; 10; 12; 6; 1280; 32; 2; 0],0.17947429092600942,0.8150789371053845,tvm
80,16,100,5,160,80,5,0,[80; 16; 100; 5; 160; 80; 5; 0],0.21465965593233705,0.6814774469396573,tvm
160,32,4,4,1280,32,2,0,[160; 32; 4; 4; 1280; 32; 2; 0],0.18369252106640488,0.7963618411706157,tvm
128,8,12,6,160,32,2,1,[128; 8; 12; 6; 160; 32; 2; 1],0.19093774200882763,0.7661435227350236,tvm
128,2,60,5,64,64,4,0,[128; 2; 60; 5; 64; 64; 4; 0],0.21390344901010394,0.6838866552301565,tvm
80,20,20,10,1280,32,2,1,[80; 20; 20; 10; 1280; 32; 2; 1],0.19201517896726727,0.7618445326692196,tvm
160,2,125,5,320,32,2,1,[160; 2; 125; 5; 320; 32; 2; 1],0.21021921397186816,0.6958722350911771,tvm
128,4,3,3,640,64,4,1,[128; 4; 3; 3; 640; 64; 4; 1],0.18460850103292614,0.7924104982555666,tvm
160,32,150,5,128,32,2,1,[160; 32; 150; 5; 128; 32; 2; 1],0.20371396595146507,0.718093693785172,tvm
128,32,300,5,1280,64,4,1,[128; 32; 300; 5; 1280; 64; 4; 1],0.19151559204328805,0.7638318777337435,tvm
256,4,60,12,160,32,2,1,[256; 4; 60; 12; 160; 32; 2; 1],0.19660052796825767,0.7440758974428238,tvm
128,32,750,5,128,64,4,1,[128; 32; 750; 5; 128; 64; 4; 1],0.1871391759486869,0.781694765642366,tvm
128,4,10,5,160,32,2,1,[128; 4; 10; 5; 160; 32; 2; 1],0.19825821102131158,0.7378545056577226,tvm
256,1,6,6,160,32,2,0,[256; 1; 6; 6; 160; 32; 2; 0],0.19687953998800367,0.7430214144884116,tvm
160,20,25,5,256,32,2,1,[160; 20; 25; 5; 256; 32; 2; 1],0.18895918608177453,0.7741656667721212,tvm
256,4,50,5,256,32,2,0,[256; 4; 50; 5; 256; 32; 2; 0],0.19736682600341737,0.7411869423445122,tvm
256,4,15,5,320,32,2,1,[256; 4; 15; 5; 320; 32; 2; 1],0.1873133040498942,0.7809680952867528,tvm
160,2,6,6,160,32,2,0,[160; 2; 6; 6; 160; 32; 2; 0],0.19986700301524252,0.7319152840579596,tvm
128,1,250,5,256,64,4,1,[128; 1; 250; 5; 256; 64; 4; 1],0.20405697997193784,0.7168865985659089,tvm
80,16,12,6,320,64,4,0,[80; 16; 12; 6; 320; 64; 4; 0],0.19556155905593187,0.748028983773215,tvm
80,4,100,5,640,64,4,1,[80; 4; 100; 5; 640; 64; 4; 1],0.19189459108747542,0.7623232810091544,tvm
80,10,75,5,80,80,5,1,[80; 10; 75; 5; 80; 80; 5; 1],0.1838712979806587,0.7955875435278756,tvm
80,5,75,5,1280,64,4,1,[80; 5; 75; 5; 1280; 64; 4; 1],0.192033011931926,0.7617737846947444,tvm
256,16,10,10,320,32,2,1,[256; 16; 10; 10; 320; 32; 2; 1],0.1747385790804401,0.837168958655503,tvm
128,8,30,6,256,64,4,0,[128; 8; 30; 6; 256; 64; 4; 0],0.18253933894447982,0.8013928128128467,tvm
80,20,12,6,320,64,4,1,[80; 20; 12; 6; 320; 64; 4; 1],0.18469935900066048,0.7920206928557407,tvm
128,16,6,6,1280,64,4,0,[128; 16; 6; 6; 1280; 64; 4; 0],0.1650257600704208,0.8864416938500411,tvm
160,10,20,4,64,32,2,0,[160; 10; 20; 4; 64; 32; 2; 0],0.23819149797782302,0.6141517036822798,tvm
128,8,60,12,64,32,2,0,[128; 8; 60; 12; 64; 32; 2; 0],0.23577492497861385,0.6204464461137386,tvm
128,16,50,5,32,32,2,1,[128; 16; 50; 5; 32; 32; 2; 1],0.22212595399469137,0.6585710118737876,tvm
80,40,15,5,128,32,2,1,[80; 40; 15; 5; 128; 32; 2; 1],0.21554961195215583,0.6786637793538891,tvm
160,32,150,5,64,32,2,0,[160; 32; 150; 5; 64; 32; 2; 0],0.23073391302023083,0.6340017918080725,tvm
80,2,1500,4,256,64,4,0,[80; 2; 1500; 4; 256; 64; 4; 0],0.23504364502150565,0.6223768112187406,tvm
80,8,1500,4,128,64,4,0,[80; 8; 1500; 4; 128; 64; 4; 0],0.2341783990850672,0.624676378595341,tvm
128,8,10,10,64,32,2,0,[128; 8; 10; 10; 64; 32; 2; 0],0.2275287159718573,0.6429329751230529,tvm
128,1,150,5,128,32,2,1,[128; 1; 150; 5; 128; 32; 2; 1],0.22340560401789844,0.6547987680469932,tvm
128,8,20,4,128,32,2,0,[128; 8; 20; 4; 128; 32; 2; 0],0.22810182499233633,0.6413175970452194,tvm
80,4,12,4,64,32,2,1,[80; 4; 12; 4; 64; 32; 2; 1],0.250214935047552,0.5846402184502435,tvm
80,5,75,3,320,80,5,0,[80; 5; 75; 3; 320; 80; 5; 0],0.22685082303360105,0.6448542364955252,tvm
160,1,150,5,128,32,2,1,[160; 1; 150; 5; 128; 32; 2; 1],0.22121919598430395,0.6612704364773735,tvm
256,32,30,5,32,32,2,1,[256; 32; 30; 5; 32; 32; 2; 1],0.2087245020084083,0.70085549553651,tvm
80,4,3,3,128,64,4,1,[80; 4; 3; 3; 128; 64; 4; 1],0.20992765994742513,0.6968386839654693,tvm
128,2,12,12,64,32,2,1,[128; 2; 12; 12; 64; 32; 2; 1],0.22740566497668624,0.643280871216254,tvm
80,10,4,4,160,80,5,0,[80; 10; 4; 4; 160; 80; 5; 0],0.22282141004689038,0.6565155218025505,tvm
256,1,75,5,320,32,2,1,[256; 1; 75; 5; 320; 32; 2; 1],0.23039658297784626,0.6349300514573186,tvm
80,1,12,3,320,64,4,1,[80; 1; 12; 3; 320; 64; 4; 1],0.2287205879110843,0.6395826262154557,tvm
80,40,125,5,320,32,2,1,[80; 40; 125; 5; 320; 32; 2; 1],0.21948656206950545,0.6664905263739543,tvm
160,32,250,10,256,32,2,1,[160; 32; 250; 10; 256; 32; 2; 1],0.23776498099323362,0.6152534055882575,tvm
80,20,30,5,128,32,2,1,[80; 20; 30; 5; 128; 32; 2; 1],0.21746629604604095,0.6726822360313865,tvm
128,16,30,6,128,32,2,0,[128; 16; 30; 6; 128; 32; 2; 0],0.2058440080145374,0.7106629709395432,tvm
80,10,60,5,64,64,4,0,[80; 10; 60; 5; 64; 64; 4; 0],0.21047587599605322,0.6950236628945419,tvm
80,16,75,3,128,64,4,1,[80; 16; 75; 3; 128; 64; 4; 1],0.2100484750699252,0.6964378781470122,tvm
80,40,4,4,256,64,4,1,[80; 40; 4; 4; 256; 64; 4; 1],0.20254183292854577,0.7222493850804741,tvm
160,1,60,10,320,32,2,0,[160; 1; 60; 10; 320; 32; 2; 0],0.20255507994443178,0.7222021502785602,tvm
160,2,150,5,1280,32,2,0,[160; 2; 150; 5; 1280; 32; 2; 0],0.2097952530020848,0.6972784760018408,tvm
128,16,150,3,320,64,4,1,[128; 16; 150; 3; 320; 64; 4; 1],0.20612970390357077,0.7096779916500923,tvm
256,4,60,4,1280,32,2,1,[256; 4; 60; 4; 1280; 32; 2; 1],0.21607933496125042,0.6770000209041173,tvm
160,5,250,5,256,32,2,1,[160; 5; 250; 5; 256; 32; 2; 1],0.21132420399226248,0.6922335990016102,tvm
80,16,60,6,128,64,4,0,[80; 16; 60; 6; 128; 64; 4; 0],0.207028777920641,0.7065960382656997,tvm
80,8,150,6,1280,32,2,1,[80; 8; 150; 6; 1280; 32; 2; 1],0.20606848504394293,0.7098888229052575,tvm
128,4,25,5,256,32,2,0,[128; 4; 25; 5; 256; 32; 2; 0],0.2060999950626865,0.7097802901024848,tvm
80,4,750,6,320,64,4,1,[80; 4; 750; 6; 320; 64; 4; 1],0.20900698995683342,0.6999082390303164,tvm
80,8,500,5,1280,80,5,1,[80; 8; 500; 5; 1280; 80; 5; 1],0.2032162999967113,0.7198522672053456,tvm
80,8,375,5,1280,80,5,1,[80; 8; 375; 5; 1280; 80; 5; 1],0.2004105009837076,0.7299303857216873,tvm
256,2,12,6,1280,32,2,0,[256; 2; 12; 6; 1280; 32; 2; 0],0.27711481391452253,0.5278884669472663,tvm
160,32,12,6,1280,32,2,0,[160; 32; 12; 6; 1280; 32; 2; 0],0.1814469180535525,0.8062176853427696,tvm
80,10,6,3,320,80,5,1,[80; 10; 6; 3; 320; 80; 5; 1],0.2096435429994017,0.6977830664030125,tvm
160,4,30,10,256,32,2,0,[160; 4; 30; 10; 256; 32; 2; 0],0.19426267000380903,0.7530304936241532,tvm
160,5,150,6,256,32,2,1,[160; 5; 150; 6; 256; 32; 2; 1],0.1936001389985904,0.7556074858333619,tvm
128,16,750,6,320,64,4,1,[128; 16; 750; 6; 320; 64; 4; 1],0.1917224309872836,0.7630078209023806,tvm
80,20,250,5,256,64,4,1,[80; 20; 250; 5; 256; 64; 4; 1],0.1947408929700032,0.751181285320733,tvm
128,32,10,10,256,32,2,1,[128; 32; 10; 10; 256; 32; 2; 1],0.2186434860341251,0.6690604734635568,tvm
256,2,6,6,1280,32,2,0,[256; 2; 6; 6; 1280; 32; 2; 0],0.3668902519857511,0.39871790949462343,tvm
80,5,15,5,256,64,4,0,[80; 5; 15; 5; 256; 64; 4; 0],0.20374155999161303,0.7179964377014494,tvm
256,16,150,6,640,32,2,1,[256; 16; 150; 6; 640; 32; 2; 1],0.1857042859774083,0.7877347230613222,tvm
256,32,4,4,320,32,2,1,[256; 32; 4; 4; 320; 32; 2; 1],0.184106259024702,0.7945721946698551,tvm
80,1,30,5,640,80,5,0,[80; 1; 30; 5; 640; 80; 5; 0],0.19276802707463503,0.7588691781810688,tvm
80,8,150,6,256,64,4,1,[80; 8; 150; 6; 256; 64; 4; 1],0.1880799160571769,0.7777848765162304,tvm
80,5,50,5,1280,80,5,0,[80; 5; 50; 5; 1280; 80; 5; 0],0.1869532949058339,0.7824719770753259,tvm
80,8,12,4,160,80,5,1,[80; 8; 12; 4; 160; 80; 5; 1],0.19483642803970724,0.7508129550388882,tvm
256,8,5,5,160,32,2,0,[256; 8; 5; 5; 160; 32; 2; 0],0.18429117603227496,0.7937749241998175,tvm
80,16,4,4,1280,64,4,0,[80; 16; 4; 4; 1280; 64; 4; 0],0.17847396398428828,0.8196473649153239,tvm
128,4,150,5,64,64,4,1,[128; 4; 150; 5; 64; 64; 4; 1],0.18204169999808073,0.8035835431511384,tvm
80,10,125,5,1280,80,5,1,[80; 10; 125; 5; 1280; 80; 5; 1],0.1882173540070653,0.7772169312305975,tvm
80,16,100,5,320,80,5,1,[80; 16; 100; 5; 320; 80; 5; 1],0.1902142809703946,0.7690574731793274,tvm
128,16,6,6,256,32,2,1,[128; 16; 6; 6; 256; 32; 2; 1],0.18046622700057924,0.8105988401100931,tvm
80,4,20,5,1280,64,4,0,[80; 4; 20; 5; 1280; 64; 4; 0],0.17888236499857157,0.8177760523620226,tvm
256,16,6,6,160,32,2,1,[256; 16; 6; 6; 160; 32; 2; 1],0.17090661893598735,0.8559394316992792,tvm
128,8,50,5,1280,64,4,1,[128; 8; 50; 5; 1280; 64; 4; 1],0.18180468399077654,0.8046311628205123,tvm
128,8,15,5,320,64,4,1,[128; 8; 15; 5; 320; 64; 4; 1],0.17355580301955342,0.8428742326134334,tvm
128,16,5,5,1280,64,4,0,[128; 16; 5; 5; 1280; 64; 4; 0],0.16660275706090033,0.878050981066542,tvm
80,1,250,5,640,32,2,1,[80; 1; 250; 5; 640; 32; 2; 1],0.2687021279707551,0.5444159128566175,tvm
80,5,1500,4,80,80,5,0,[80; 5; 1500; 4; 80; 80; 5; 0],0.22082881105598062,0.6624394416027106,tvm
128,8,2,2,640,64,4,1,[128; 8; 2; 2; 640; 64; 4; 1],0.2369280019775033,0.6174268683513583,tvm
160,2,150,5,64,32,2,0,[160; 2; 150; 5; 64; 32; 2; 0],0.22961516096256673,0.6370908335167061,tvm
80,5,1500,3,256,64,4,1,[80; 5; 1500; 3; 256; 64; 4; 1],0.2502748620463535,0.5845002294262404,tvm
160,16,20,5,64,32,2,0,[160; 16; 20; 5; 64; 32; 2; 0],0.21906664897687733,0.6677680740949065,tvm
256,2,12,4,32,32,2,1,[256; 2; 12; 4; 32; 32; 2; 1],0.23238368006423116,0.6295008076525888,tvm
160,1,250,10,128,32,2,0,[160; 1; 250; 10; 128; 32; 2; 0],0.22874245303682983,0.639521489533737,tvm
80,5,12,4,80,80,5,0,[80; 5; 12; 4; 80; 80; 5; 0],0.22331832896452397,0.6550546700040597,tvm
80,20,250,5,256,32,2,0,[80; 20; 250; 5; 256; 32; 2; 0],0.24102264107204974,0.606937645505198,tvm
80,40,100,10,256,32,2,1,[80; 40; 100; 10; 256; 32; 2; 1],0.2334960080916062,0.6265019923951883,tvm
160,1,10,10,64,32,2,0,[160; 1; 10; 10; 64; 32; 2; 0],0.22610406193416566,0.6469840171571445,tvm
160,8,10,10,64,32,2,0,[160; 8; 10; 10; 64; 32; 2; 0],0.21725464996416122,0.6733375525441959,tvm
160,40,50,5,160,32,2,0,[160; 40; 50; 5; 160; 32; 2; 0],0.21527649299241602,0.679524792755091,tvm
80,40,12,6,640,32,2,0,[80; 40; 12; 6; 640; 32; 2; 0],0.20836685004178435,0.7020584812621549,tvm
80,40,300,6,1280,64,4,0,[80; 40; 300; 6; 1280; 64; 4; 0],0.24223759805317968,0.6038935138945666,tvm
256,2,100,4,320,32,2,0,[256; 2; 100; 4; 320; 32; 2; 0],0.21803796396125108,0.6709185484400857,tvm
80,4,20,4,1280,32,2,0,[80; 4; 20; 4; 1280; 32; 2; 0],0.2195988829480484,0.6661496284583643,tvm
80,10,75,5,640,32,2,0,[80; 10; 75; 5; 640; 32; 2; 0],0.22311130200978369,0.6556625010386049,tvm
128,32,50,5,128,32,2,0,[128; 32; 50; 5; 128; 32; 2; 0],0.21115049591753632,0.6928030817547565,tvm
80,8,300,4,320,64,4,1,[80; 8; 300; 4; 320; 64; 4; 1],0.2244778210297227,0.651671125524445,tvm
160,8,250,5,128,32,2,0,[160; 8; 250; 5; 128; 32; 2; 0],0.22650464298203588,0.6458398042521196,tvm
128,4,15,5,128,32,2,0,[128; 4; 15; 5; 128; 32; 2; 0],0.2189803479705006,0.6680312440887199,tvm
80,16,150,3,160,80,5,1,[80; 16; 150; 3; 160; 80; 5; 1],0.22035284293815494,0.6638703287652676,tvm
160,2,100,4,640,32,2,1,[160; 2; 100; 4; 640; 32; 2; 1],0.22472736495546997,0.6509474905946635,tvm
160,4,250,5,1280,32,2,1,[160; 4; 250; 5; 1280; 32; 2; 1],0.21157268097158521,0.6914206201572918,tvm
160,32,60,4,640,32,2,0,[160; 32; 60; 4; 640; 32; 2; 0],0.21360957098659128,0.6848275272033432,tvm
256,8,30,6,64,32,2,0,[256; 8; 30; 6; 64; 32; 2; 0],0.19795377308037132,0.7389892701177297,tvm
80,5,5,5,80,80,5,0,[80; 5; 5; 5; 80; 80; 5; 0],0.20841396402101964,0.7018997741963231,tvm
80,2,10,10,128,32,2,1,[80; 2; 10; 10; 128; 32; 2; 1],0.21407274599187076,0.6833458112938364,tvm
80,10,15,5,128,64,4,0,[80; 10; 15; 5; 128; 64; 4; 0],0.21712044498417526,0.6737537512709882,tvm
160,40,20,5,1280,32,2,0,[160; 40; 20; 5; 1280; 32; 2; 0],0.20111281401477754,0.7273813705125989,tvm
80,8,60,5,128,64,4,0,[80; 8; 60; 5; 128; 64; 4; 0],0.21148885099682957,0.6916946855411649,tvm
80,2,4,4,320,32,2,1,[80; 2; 4; 4; 320; 32; 2; 1],0.2289270469918847,0.6390058152058372,tvm
128,2,12,12,128,32,2,1,[128; 2; 12; 12; 128; 32; 2; 1],0.20855868607759476,0.7014127152262953,tvm
128,1,6,3,1280,64,4,1,[128; 1; 6; 3; 1280; 64; 4; 1],0.20133940607775003,0.7265627585551933,tvm
80,1,10,10,1280,32,2,0,[80; 1; 10; 10; 1280; 32; 2; 0],0.19487214798573405,0.7506753314815588,tvm
256,2,10,5,1280,32,2,1,[256; 2; 10; 5; 1280; 32; 2; 1],0.2863260329468176,0.5109060911443059,tvm
160,2,150,6,256,32,2,0,[160; 2; 150; 6; 256; 32; 2; 0],0.20340271398890764,0.7191925388650018,tvm
128,8,300,6,64,64,4,0,[128; 8; 300; 6; 64; 64; 4; 0],0.19361733098048717,0.7555403927164818,tvm
256,8,250,5,640,32,2,0,[256; 8; 250; 5; 640; 32; 2; 0],0.2081259749829769,0.7028710102027358,tvm
256,16,250,5,640,32,2,1,[256; 16; 250; 5; 640; 32; 2; 1],0.202269169036299,0.7232229952922882,tvm
160,2,100,5,640,32,2,1,[160; 2; 100; 5; 640; 32; 2; 1],0.20946948102209717,0.6983629002751119,tvm
80,2,100,4,1280,64,4,0,[80; 2; 100; 4; 1280; 64; 4; 0],0.20027956296689808,0.7304075968544638,tvm
80,8,60,3,640,64,4,1,[80; 8; 60; 3; 640; 64; 4; 1],0.21383064799010754,0.6841194920406448,tvm
160,20,100,5,1280,32,2,0,[160; 20; 100; 5; 1280; 32; 2; 0],0.20082058990374207,0.728439819621247,tvm
160,8,150,6,160,32,2,0,[160; 8; 150; 6; 160; 32; 2; 0],0.20353310904465616,0.718731782619301,tvm
256,32,10,10,128,32,2,0,[256; 32; 10; 10; 128; 32; 2; 0],0.21948698605410755,0.666489238909373,tvm
128,16,20,5,320,32,2,1,[128; 16; 20; 5; 320; 32; 2; 1],0.19102322298567742,0.765800681190907,tvm
160,16,25,5,128,32,2,1,[160; 16; 25; 5; 128; 32; 2; 1],0.19484602799639106,0.7507759628973489,tvm
256,32,150,5,160,32,2,0,[256; 32; 150; 5; 160; 32; 2; 0],0.1994140320457518,0.7335778369505702,tvm
80,4,25,5,256,64,4,0,[80; 4; 25; 5; 256; 64; 4; 0],0.197149507002905,0.7420039568425538,tvm
160,16,60,5,256,32,2,0,[160; 16; 60; 5; 256; 32; 2; 0],0.20047084207180887,0.7297106789889903,tvm
128,32,12,3,640,64,4,1,[128; 32; 12; 3; 640; 64; 4; 1],0.18723499798215926,0.7812947144617332,tvm
256,4,25,5,640,32,2,0,[256; 4; 25; 5; 640; 32; 2; 0],0.19851314590778202,0.7369069369021555,tvm
256,8,60,5,640,32,2,1,[256; 8; 60; 5; 640; 32; 2; 1],0.19678667897824198,0.7433720363861042,tvm
256,8,150,6,160,32,2,1,[256; 8; 150; 6; 160; 32; 2; 1],0.1904986499575898,0.7679094540474775,tvm
80,20,12,6,320,64,4,0,[80; 20; 12; 6; 320; 64; 4; 0],0.1927565160440281,0.758914496318769,tvm
80,5,60,5,640,64,4,0,[80; 5; 60; 5; 640; 64; 4; 0],0.193829600000754,0.7547129761664124,tvm
128,32,150,6,256,64,4,0,[128; 32; 150; 6; 256; 64; 4; 0],0.20115885499399155,0.7272148884029178,tvm
80,2,20,5,160,80,5,1,[80; 2; 20; 5; 160; 80; 5; 1],0.1903951239073649,0.7683269995763565,tvm
128,16,100,5,128,64,4,1,[128; 16; 100; 5; 128; 64; 4; 1],0.18229664489626884,0.8024597181640637,tvm
80,16,12,4,1280,80,5,1,[80; 16; 12; 4; 1280; 80; 5; 1],0.183332429965958,0.7979260096693056,tvm
128,8,6,6,1280,64,4,1,[128; 8; 6; 6; 1280; 64; 4; 1],0.16396218200679868,0.8921917999337711,tvm
160,32,300,6,256,32,2,1,[160; 32; 300; 6; 256; 32; 2; 1],0.23169865692034364,0.6313619432675706,tvm
256,8,300,6,1280,32,2,1,[256; 8; 300; 6; 1280; 32; 2; 1],0.21119425795041025,0.692659524484151,tvm
160,20,750,6,1280,32,2,0,[160; 20; 750; 6; 1280; 32; 2; 0],0.21929399203509092,0.6670757959584501,tvm
160,10,500,5,64,32,2,1,[160; 10; 500; 5; 64; 32; 2; 1],0.22329068800900131,0.6551357586386102,tvm
80,10,1500,4,256,64,4,0,[80; 10; 1500; 4; 256; 64; 4; 0],0.22228834894485772,0.658089886312498,tvm
80,10,375,3,320,80,5,1,[80; 10; 375; 3; 320; 80; 5; 1],0.24054797098506242,0.6081353074260534,tvm
160,2,150,5,64,32,2,0,[160; 2; 150; 5; 64; 32; 2; 0],0.2347788530169055,0.6230787500916057,tvm
80,1,75,5,1280,32,2,0,[80; 1; 75; 5; 1280; 32; 2; 0],0.2586490550311282,0.565576063164464,tvm
128,1,100,4,640,32,2,1,[128; 1; 100; 4; 640; 32; 2; 1],0.2374042400624603,0.6161882965831907,tvm
256,16,300,5,160,32,2,0,[256; 16; 300; 5; 160; 32; 2; 0],0.22853972797747701,0.6400887739751357,tvm
80,16,375,3,80,80,5,1,[80; 16; 375; 3; 80; 80; 5; 1],0.2219311660155654,0.6591490366677675,tvm
80,40,30,10,1280,32,2,0,[80; 40; 30; 10; 1280; 32; 2; 0],0.23381013795733452,0.6256602710375561,tvm
80,20,1500,3,640,64,4,1,[80; 20; 1500; 3; 640; 64; 4; 1],0.2404233319684863,0.6084505737774603,tvm
80,8,60,12,160,32,2,0,[80; 8; 60; 12; 160; 32; 2; 0],0.22985156206414104,0.6364355890037096,tvm
80,1,30,3,256,64,4,1,[80; 1; 30; 3; 256; 64; 4; 1],0.23329406406264752,0.6270443051068437,tvm
80,5,15,3,80,80,5,1,[80; 5; 15; 3; 80; 80; 5; 1],0.22291831602342427,0.6562301245373781,tvm
256,8,60,4,64,32,2,0,[256; 8; 60; 4; 64; 32; 2; 0],0.22896378999575973,0.6389032706369134,tvm
128,1,6,6,128,32,2,0,[128; 1; 6; 6; 128; 32; 2; 0],0.21939921099692583,0.6667558813042588,tvm
80,40,30,6,640,64,4,1,[80; 40; 30; 6; 640; 64; 4; 1],0.2233202620409429,0.6550489998032274,tvm
256,2,100,4,256,32,2,1,[256; 2; 100; 4; 256; 32; 2; 1],0.21222911204677075,0.6892820352255729,tvm
80,5,20,5,128,32,2,1,[80; 5; 20; 5; 128; 32; 2; 1],0.22524570301175117,0.6494495225868193,tvm
256,1,30,5,160,32,2,1,[256; 1; 30; 5; 160; 32; 2; 1],0.2137711449759081,0.684309916112395,tvm
80,8,300,5,160,80,5,0,[80; 8; 300; 5; 160; 80; 5; 0],0.22853686090093106,0.6400968041174242,tvm
128,4,60,4,160,32,2,1,[128; 4; 60; 4; 160; 32; 2; 1],0.21811061596963555,0.670695067433488,tvm
80,8,3,3,320,64,4,0,[80; 8; 3; 3; 320; 64; 4; 0],0.2216297190170735,0.6600455703074957,tvm
80,2,30,3,1280,64,4,0,[80; 2; 30; 3; 1280; 64; 4; 0],0.20627909107133746,0.7091640433645519,tvm
128,4,125,5,1280,32,2,0,[128; 4; 125; 5; 1280; 32; 2; 0],0.21289477101527154,0.687126854211092,tvm
160,1,60,10,128,32,2,1,[160; 1; 60; 10; 128; 32; 2; 1],0.20474218495655805,0.7144874140947213,tvm
128,2,12,6,160,32,2,0,[128; 2; 12; 6; 160; 32; 2; 0],0.21013369201682508,0.6961554469523213,tvm
128,4,100,5,640,32,2,0,[128; 4; 100; 5; 640; 32; 2; 0],0.2119653490372002,0.6901397560977807,tvm
128,2,75,5,640,32,2,1,[128; 2; 75; 5; 640; 32; 2; 1],0.21054676501080394,0.694789655296807,tvm
128,32,750,6,64,64,4,0,[128; 32; 750; 6; 64; 64; 4; 0],0.20642037992365658,0.7086786408387449,tvm
128,2,30,10,256,32,2,0,[128; 2; 30; 10; 256; 32; 2; 0],0.20058939699083567,0.729279396021105,tvm
160,5,30,6,128,32,2,0,[160; 5; 30; 6; 128; 32; 2; 0],0.20384225598536432,0.7176417547901229,tvm
160,8,125,5,1280,32,2,0,[160; 8; 125; 5; 1280; 32; 2; 0],0.20359957101754844,0.7184971635971954,tvm
256,2,50,5,640,32,2,1,[256; 2; 50; 5; 640; 32; 2; 1],0.20500235399231315,0.7135806562065111,tvm
80,5,20,4,320,64,4,0,[80; 5; 20; 4; 320; 64; 4; 0],0.20190727699082345,0.7245192766992885,tvm
128,2,20,10,320,32,2,0,[128; 2; 20; 10; 320; 32; 2; 0],0.19810486596543342,0.7384256493287709,tvm
256,32,100,10,160,32,2,1,[256; 32; 100; 10; 160; 32; 2; 1],0.21637457993347198,0.6760762485625267,tvm
128,16,12,6,256,32,2,0,[128; 16; 12; 6; 256; 32; 2; 0],0.1945649420376867,0.7518606011630767,tvm
80,16,30,6,640,32,2,1,[80; 16; 30; 6; 640; 32; 2; 1],0.19401884893886745,0.7539768176431498,tvm
160,8,125,5,160,32,2,0,[160; 8; 125; 5; 160; 32; 2; 0],0.21806479804217815,0.6708359881975067,tvm
128,16,15,5,320,32,2,0,[128; 16; 15; 5; 320; 32; 2; 0],0.20126443798653781,0.7268333926706866,tvm
80,20,300,6,1280,64,4,1,[80; 20; 300; 6; 1280; 64; 4; 1],0.2023106060223654,0.7230748657316682,tvm
160,5,50,10,160,32,2,0,[160; 5; 50; 10; 160; 32; 2; 0],0.19786154199391603,0.7393337422297678,tvm
80,16,125,5,256,64,4,0,[80; 16; 125; 5; 256; 64; 4; 0],0.20982095901854336,0.6971930495884636,tvm
256,8,150,10,256,32,2,0,[256; 8; 150; 10; 256; 32; 2; 0],0.1916326800128445,0.7633651748538363,tvm
160,8,100,10,256,32,2,1,[160; 8; 100; 10; 256; 32; 2; 1],0.19267406000290066,0.7592392784140845,tvm
160,32,12,6,1280,32,2,0,[160; 32; 12; 6; 1280; 32; 2; 0],0.18774504598695785,0.7791721667898304,tvm
160,5,30,10,128,32,2,1,[160; 5; 30; 10; 128; 32; 2; 1],0.1961157580371946,0.7459151459821514,tvm
160,10,50,5,128,32,2,1,[160; 10; 50; 5; 128; 32; 2; 1],0.19569695205427706,0.7475114596835497,tvm
80,20,3,3,640,64,4,1,[80; 20; 3; 3; 640; 64; 4; 1],0.19493480899836868,0.750434029906575,tvm
80,8,1500,5,160,80,5,1,[80; 8; 1500; 5; 160; 80; 5; 1],0.20096840092446655,0.727904056621794,tvm
256,8,125,5,640,32,2,1,[256; 8; 125; 5; 640; 32; 2; 1],0.19523036398459226,0.74929796421042,tvm
256,4,30,5,320,32,2,1,[256; 4; 30; 5; 320; 32; 2; 1],0.18740842794068158,0.7805716951641928,tvm
80,2,25,5,320,80,5,0,[80; 2; 25; 5; 320; 80; 5; 0],0.1990932929329574,0.7347596301748572,tvm
80,5,100,4,1280,80,5,1,[80; 5; 100; 4; 1280; 80; 5; 1],0.19344986509531736,0.7561944497280256,tvm
80,16,5,5,1280,32,2,0,[80; 16; 5; 5; 1280; 32; 2; 0],0.18253460491541773,0.8014135969094719,tvm
80,4,30,5,640,80,5,0,[80; 4; 30; 5; 640; 80; 5; 0],0.18528460001107305,0.7895190117094022,tvm
80,10,30,6,128,64,4,1,[80; 10; 30; 6; 128; 64; 4; 1],0.18424702098127455,0.7939651534478902,tvm
256,4,6,6,320,32,2,1,[256; 4; 6; 6; 320; 32; 2; 1],0.1709919929271564,0.8555120727087665,tvm
80,1,15,5,640,80,5,1,[80; 1; 15; 5; 640; 80; 5; 1],0.18676537997089326,0.7832592652263092,tvm
128,16,30,6,640,64,4,0,[128; 16; 30; 6; 640; 64; 4; 0],0.17220567201729864,0.8494825552030563,tvm
80,5,5,5,640,64,4,1,[80; 5; 5; 5; 640; 64; 4; 1],0.17756101791746914,0.8238616561305607,tvm
80,1,50,5,320,32,2,1,[80; 1; 50; 5; 320; 32; 2; 1],0.2453583599999547,0.5962124717728848,tvm
80,20,150,10,256,32,2,0,[80; 20; 150; 10; 256; 32; 2; 0],0.215796233038418,0.6778881736071417,tvm
80,8,150,6,256,32,2,0,[80; 8; 150; 6; 256; 32; 2; 0],0.22595998004544526,0.6473965622420979,tvm
160,32,12,4,64,32,2,1,[160; 32; 12; 4; 64; 32; 2; 1],0.22013394196983427,0.6645304807459467,tvm
128,8,60,6,64,32,2,1,[128; 8; 60; 6; 64; 32; 2; 1],0.2088863420067355,0.7003124899424843,tvm
128,8,250,10,256,32,2,1,[128; 8; 250; 10; 256; 32; 2; 1],0.2169658460188657,0.6742338343565577,tvm
128,2,125,5,64,32,2,1,[128; 2; 125; 5; 64; 32; 2; 1],0.21737979794852436,0.6729499045737214,tvm
80,4,30,3,128,64,4,1,[80; 4; 30; 3; 128; 64; 4; 1],0.21970211993902922,0.6658366078866734,tvm
80,10,1500,5,256,64,4,0,[80; 10; 1500; 5; 256; 64; 4; 0],0.21954113501124084,0.666324851960997,tvm
80,40,30,5,320,64,4,1,[80; 40; 30; 5; 320; 64; 4; 1],0.19542348897084594,0.7485574792267565,tvm
160,20,250,10,640,32,2,1,[160; 20; 250; 10; 640; 32; 2; 1],0.21006137796211988,0.6963950998745415,tvm
80,1,20,10,128,32,2,1,[80; 1; 20; 10; 128; 32; 2; 1],0.22134126594755799,0.6609057450695774,tvm
80,8,1500,5,64,64,4,0,[80; 8; 1500; 5; 64; 64; 4; 0],0.239349705982022,0.6111798369900738,tvm
128,8,500,4,320,64,4,1,[128; 8; 500; 4; 320; 64; 4; 1],0.2175374780781567,0.6724621227481403,tvm
160,20,250,5,320,32,2,1,[160; 20; 250; 5; 320; 32; 2; 1],0.2102687479928136,0.695708305119665,tvm
128,2,60,4,64,64,4,0,[128; 2; 60; 4; 64; 64; 4; 0],0.22295491094700992,0.6561224135604812,tvm
160,2,60,6,64,32,2,1,[160; 2; 60; 6; 64; 32; 2; 1],0.21276220900472254,0.687554970264796,tvm
256,32,20,4,160,32,2,0,[256; 32; 20; 4; 160; 32; 2; 0],0.206978635978885,0.7067672158233649,tvm
80,10,20,5,80,80,5,0,[80; 10; 20; 5; 80; 80; 5; 0],0.2207224969752133,0.6627585148338635,tvm
128,4,50,5,128,32,2,0,[128; 4; 50; 5; 128; 32; 2; 0],0.2208005419233814,0.6625242538420761,tvm
128,8,3,3,64,64,4,1,[128; 8; 3; 3; 64; 64; 4; 1],0.22210644697770476,0.6586288524096673,tvm
160,40,60,6,256,32,2,0,[160; 40; 60; 6; 256; 32; 2; 0],0.21082980697974563,0.6938568904527239,tvm
256,1,100,10,160,32,2,1,[256; 1; 100; 10; 160; 32; 2; 1],0.2001946100499481,0.7307175465374235,tvm
80,1,6,6,256,32,2,1,[80; 1; 6; 6; 256; 32; 2; 1],0.213055175030604,0.6866095332568256,tvm
160,16,10,5,64,32,2,1,[160; 16; 10; 5; 64; 32; 2; 1],0.1989445920335129,0.7353088253892922,tvm
128,2,75,5,160,32,2,0,[128; 2; 75; 5; 160; 32; 2; 0],0.21988754998892546,0.6652751112697464,tvm
128,1,12,12,160,32,2,0,[128; 1; 12; 12; 160; 32; 2; 0],0.22294675593730062,0.656146413392327,tvm
128,1,20,10,160,32,2,0,[128; 1; 20; 10; 160; 32; 2; 0],0.21672103402670473,0.6749954610667311,tvm
160,32,12,4,160,32,2,1,[160; 32; 12; 4; 160; 32; 2; 1],0.20779026707168669,0.7040065752225363,tvm
256,2,10,5,640,32,2,0,[256; 2; 10; 5; 640; 32; 2; 0],0.1919020920759067,0.7622934836367032,tvm
128,2,250,5,64,64,4,0,[128; 2; 250; 5; 64; 64; 4; 0],0.2264908259967342,0.6458792034597622,tvm
128,16,75,3,320,64,4,1,[128; 16; 75; 3; 320; 64; 4; 1],0.19552389008458704,0.7481730965071764,tvm
160,5,150,5,1280,32,2,0,[160; 5; 150; 5; 1280; 32; 2; 0],0.20471280894707888,0.7145899420662593,tvm
128,32,60,5,1280,32,2,1,[128; 32; 60; 5; 1280; 32; 2; 1],0.19940504804253578,0.7336108875965346,tvm
80,5,300,5,320,80,5,1,[80; 5; 300; 5; 320; 80; 5; 1],0.20609405194409192,0.7098007579830489,tvm
80,5,12,4,320,64,4,0,[80; 5; 12; 4; 320; 64; 4; 0],0.20665919897146523,0.7078596791905349,tvm
128,32,12,3,640,64,4,0,[128; 32; 12; 3; 640; 64; 4; 0],0.19102859101258218,0.7657791616966861,tvm
80,8,12,4,320,64,4,0,[80; 8; 12; 4; 320; 64; 4; 0],0.20917684689629823,0.6993398956732391,tvm
128,8,10,5,160,32,2,0,[128; 8; 10; 5; 160; 32; 2; 0],0.2117999669862911,0.6906786453615582,tvm
256,32,125,5,128,32,2,0,[256; 32; 125; 5; 128; 32; 2; 0],0.19929900392889977,0.7340012313252803,tvm
80,10,60,4,64,64,4,1,[80; 10; 60; 4; 64; 64; 4; 1],0.1946864800993353,0.7513912327711437,tvm
128,8,150,5,320,32,2,1,[128; 8; 150; 5; 320; 32; 2; 1],0.20867830398492515,0.7010106536819559,tvm
80,1,60,4,320,64,4,1,[80; 1; 60; 4; 320; 64; 4; 1],0.20688259205780923,0.7070953279860186,tvm
160,8,15,5,160,32,2,0,[160; 8; 15; 5; 160; 32; 2; 0],0.20428647298831493,0.7160812566091038,tvm
128,8,5,5,160,32,2,0,[128; 8; 5; 5; 160; 32; 2; 0],0.20459242607466877,0.7150104091943529,tvm
256,16,100,10,640,32,2,1,[256; 16; 100; 10; 640; 32; 2; 1],0.19289255409967154,0.7583792695809578,tvm
160,16,60,6,640,32,2,1,[160; 16; 60; 6; 640; 32; 2; 1],0.1875302999978885,0.780064417789346,tvm
128,2,250,5,1280,64,4,1,[128; 2; 250; 5; 1280; 64; 4; 1],0.18513595906551927,0.7901528964124362,tvm
128,32,4,4,256,32,2,1,[128; 32; 4; 4; 256; 32; 2; 1],0.19916221895255148,0.7345053447138259,tvm
80,1,60,5,128,64,4,1,[80; 1; 60; 5; 128; 64; 4; 1],0.20167917595244944,0.7253387147922726,tvm
80,8,5,5,320,32,2,1,[80; 8; 5; 5; 320; 32; 2; 1],0.19977212802041322,0.7322628823915138,tvm
128,8,60,4,128,64,4,1,[128; 8; 60; 4; 128; 64; 4; 1],0.188907379982993,0.7743779745337855,tvm
80,5,150,5,1280,80,5,1,[80; 5; 150; 5; 1280; 80; 5; 1],0.19179331802297384,0.7627258123152735,tvm
80,5,125,5,128,64,4,1,[80; 5; 125; 5; 128; 64; 4; 1],0.19098519708495587,0.765953155105744,tvm
80,16,150,5,1280,80,5,1,[80; 16; 150; 5; 1280; 80; 5; 1],0.1928998869843781,0.7583504405969982,tvm
256,4,10,10,320,32,2,0,[256; 4; 10; 10; 320; 32; 2; 0],0.17952612799126655,0.8148435880755512,tvm
128,2,60,4,1280,64,4,1,[128; 2; 60; 4; 1280; 64; 4; 1],0.18452426604926586,0.7927722321716629,tvm
256,32,10,5,160,32,2,1,[256; 32; 10; 5; 160; 32; 2; 1],0.17740224208682775,0.8245990161393576,tvm
128,2,4,4,320,64,4,1,[128; 2; 4; 4; 320; 64; 4; 1],0.18002171604894102,0.812600376756462,tvm
80,16,75,5,256,64,4,1,[80; 16; 75; 5; 256; 64; 4; 1],0.1902795450296253,0.7687936938410198,tvm
80,10,4,4,1280,64,4,1,[80; 10; 4; 4; 1280; 64; 4; 1],0.1748536010272801,0.8366182533632308,tvm
128,16,100,5,640,64,4,1,[128; 16; 100; 5; 640; 64; 4; 1],0.1844841460697353,0.7929446372612315,tvm
80,4,30,5,640,64,4,1,[80; 4; 30; 5; 640; 64; 4; 1],0.18259372608736157,0.8011541109343714,tvm
128,16,12,6,320,64,4,1,[128; 16; 12; 6; 320; 64; 4; 1],0.17111372994259,0.8549034278826971,tvm
256,64,10,5,160,32,2,1,[256; 64; 10; 5; 160; 32; 2; 1],0.2117444259347394,0.6908598119640713,tvm
160,20,300,5,640,32,2,1,[160; 20; 300; 5; 640; 32; 2; 1],0.2236895700916648,0.6539675239474442,tvm
256,2,75,5,32,32,2,0,[256; 2; 75; 5; 32; 32; 2; 0],0.22794800903648138,0.641750348704745,tvm
80,16,6,3,160,80,5,0,[80; 16; 6; 3; 160; 80; 5; 0],0.24151380895636976,0.6057033132715872,tvm
80,5,30,10,128,32,2,0,[80; 5; 30; 10; 128; 32; 2; 0],0.22337465803138912,0.6548894828757069,tvm
80,4,150,5,256,32,2,0,[80; 4; 150; 5; 256; 32; 2; 0],0.23358740494586527,0.626256857982632,tvm
80,16,20,4,256,32,2,0,[80; 16; 20; 4; 256; 32; 2; 0],0.23295728501398116,0.6279508034141744,tvm
80,2,12,4,1280,32,2,0,[80; 2; 12; 4; 1280; 32; 2; 0],0.2154092650162056,0.6791059533799949,tvm
160,1,12,4,640,32,2,0,[160; 1; 12; 4; 640; 32; 2; 0],0.22177526098676026,0.659612409584527,tvm
80,40,75,5,1280,80,5,1,[80; 40; 75; 5; 1280; 80; 5; 1],0.2542570859659463,0.5753456731794171,tvm
80,5,1500,4,640,64,4,1,[80; 5; 1500; 4; 640; 64; 4; 1],0.22481288004200906,0.6506998809782563,tvm
80,40,3,3,320,80,5,1,[80; 40; 3; 3; 320; 80; 5; 1],0.2161083450773731,0.676909141261249,tvm
160,32,60,4,64,32,2,1,[160; 32; 60; 4; 64; 32; 2; 1],0.2220697629963979,0.6587376521318083,tvm
80,10,150,10,128,32,2,1,[80; 10; 150; 10; 128; 32; 2; 1],0.215687645948492,0.6782294537196096,tvm
80,2,5,5,80,80,5,0,[80; 2; 5; 5; 80; 80; 5; 0],0.21777152793947607,0.6717393943544843,tvm
160,10,20,4,160,32,2,0,[160; 10; 20; 4; 160; 32; 2; 0],0.21722617209888995,0.6734258255912149,tvm
160,40,30,6,128,32,2,1,[160; 40; 30; 6; 128; 32; 2; 1],0.19363125402014703,0.7554860656456498,tvm
80,4,100,4,1280,32,2,1,[80; 4; 100; 4; 1280; 32; 2; 1],0.22476629202719778,0.6508347535849061,tvm
80,1,6,6,160,32,2,1,[80; 1; 6; 6; 160; 32; 2; 1],0.21733479900285602,0.6730892381564351,tvm
160,1,30,10,128,32,2,0,[160; 1; 30; 10; 128; 32; 2; 0],0.21296031400561333,0.6869153765516067,tvm
80,16,100,4,320,32,2,1,[80; 16; 100; 4; 320; 32; 2; 1],0.22914309706538916,0.6384033215889093,tvm
80,5,12,6,128,64,4,0,[80; 5; 12; 6; 128; 64; 4; 0],0.21442042395938188,0.6822377811986116,tvm
256,2,20,4,160,32,2,1,[256; 2; 20; 4; 160; 32; 2; 1],0.20795802294742316,0.7034386661903343,tvm
80,4,300,4,80,80,5,1,[80; 4; 300; 4; 80; 80; 5; 1],0.2050866869976744,0.7132872271098373,tvm
160,32,60,5,64,32,2,1,[160; 32; 60; 5; 64; 32; 2; 1],0.20921718596946448,0.6992050562570175,tvm
256,1,15,5,160,32,2,0,[256; 1; 15; 5; 160; 32; 2; 0],0.2090917390305549,0.699624552189206,tvm
128,8,60,4,320,32,2,1,[128; 8; 60; 4; 320; 32; 2; 1],0.2124546580016613,0.688550280147637,tvm
80,2,15,3,640,64,4,1,[80; 2; 15; 3; 640; 64; 4; 1],0.2071332649793476,0.706239600386253,tvm
128,1,15,3,640,64,4,0,[128; 1; 15; 3; 640; 64; 4; 0],0.21359387505799532,0.6848778516986715,tvm
128,2,150,5,640,32,2,1,[128; 2; 150; 5; 640; 32; 2; 1],0.20744609797839075,0.7051745764866235,tvm
128,4,300,4,64,64,4,1,[128; 4; 300; 4; 64; 64; 4; 1],0.19439424702432007,0.7525207999978155,tvm
160,10,100,4,128,32,2,1,[160; 10; 100; 4; 128; 32; 2; 1],0.20995948603376746,0.6967330557390838,tvm
160,1,60,12,160,32,2,1,[160; 1; 60; 12; 160; 32; 2; 1],0.21031426405534148,0.6955577404261135,tvm
256,32,100,4,640,32,2,1,[256; 32; 100; 4; 640; 32; 2; 1],0.20616952795535326,0.709540909059039,tvm
128,2,15,5,320,32,2,0,[128; 2; 15; 5; 320; 32; 2; 0],0.2064297590404749,0.7086464420908999,tvm
128,16,60,5,640,32,2,0,[128; 16; 60; 5; 640; 32; 2; 0],0.20350639894604683,0.7188261157551967,tvm
160,4,50,5,1280,32,2,0,[160; 4; 50; 5; 1280; 32; 2; 0],0.21410148299764842,0.6832540916464415,tvm
80,40,6,6,320,32,2,1,[80; 40; 6; 6; 320; 32; 2; 1],0.19475141004659235,0.7511407196010385,tvm
160,20,12,12,320,32,2,0,[160; 20; 12; 12; 320; 32; 2; 0],0.2259419240290299,0.6474482985588763,tvm
256,8,60,12,160,32,2,0,[256; 8; 60; 12; 160; 32; 2; 0],0.201556283980608,0.7257809649824098,tvm
160,4,25,5,256,32,2,0,[160; 4; 25; 5; 256; 32; 2; 0],0.20308886701241136,0.7203039557888437,tvm
256,2,20,10,320,32,2,1,[256; 2; 20; 10; 320; 32; 2; 1],0.182623639004305,0.8010228855546235,tvm
160,4,30,10,256,32,2,1,[160; 4; 30; 10; 256; 32; 2; 1],0.18922571500297636,0.7730752360133154,tvm
80,5,100,4,128,64,4,1,[80; 5; 100; 4; 128; 64; 4; 1],0.19973631401080638,0.7323941818501756,tvm
256,8,150,5,320,32,2,0,[256; 8; 150; 5; 320; 32; 2; 0],0.20117426896467805,0.7271591692046808,tvm
160,20,60,6,256,32,2,1,[160; 20; 60; 6; 256; 32; 2; 1],0.1822931650094688,0.8024750367251335,tvm
80,20,1500,6,64,64,4,1,[80; 20; 1500; 6; 64; 64; 4; 1],0.18264977692160755,0.8009082559597073,tvm
80,4,12,4,640,64,4,0,[80; 4; 12; 4; 640; 64; 4; 0],0.19171051995363086,0.7630552268133043,tvm
160,10,12,6,160,32,2,1,[160; 10; 12; 6; 160; 32; 2; 1],0.18705606902949512,0.7820420638832514,tvm
80,4,100,4,1280,64,4,1,[80; 4; 100; 4; 1280; 64; 4; 1],0.19574059604201466,0.7473447881721729,tvm
256,4,4,4,320,32,2,1,[256; 4; 4; 4; 320; 32; 2; 1],0.1927016880363226,0.7591304247326609,tvm
160,16,10,5,1280,32,2,1,[160; 16; 10; 5; 1280; 32; 2; 1],0.17632344004232436,0.8296441712491551,tvm
128,2,150,6,64,64,4,1,[128; 2; 150; 6; 64; 64; 4; 1],0.18781410006340593,0.7788856866248505,tvm
80,10,60,6,320,64,4,1,[80; 10; 60; 6; 320; 64; 4; 1],0.18214862002059817,0.803111844982255,tvm
80,2,25,5,320,64,4,1,[80; 2; 25; 5; 320; 64; 4; 1],0.1906584519892931,0.7672658240922324,tvm
160,20,10,5,640,32,2,1,[160; 20; 10; 5; 640; 32; 2; 1],0.17627985100261867,0.8298493188738921,tvm
80,16,15,5,1280,64,4,0,[80; 16; 15; 5; 1280; 64; 4; 0],0.17567696596961468,0.8326971807505832,tvm
160,4,6,6,320,32,2,0,[160; 4; 6; 6; 320; 32; 2; 0],0.18483609205577523,0.7914347931656759,tvm
128,1,20,4,1280,64,4,1,[128; 1; 20; 4; 1280; 64; 4; 1],0.1842707529431209,0.793862899832338,tvm
128,1,6,6,1280,64,4,0,[128; 1; 6; 6; 1280; 64; 4; 0],0.16972439095843583,0.8619015420213735,tvm
80,8,12,6,640,64,4,1,[80; 8; 12; 6; 640; 64; 4; 1],0.17766401206608862,0.8233840527663981,tvm
128,2,10,5,640,64,4,0,[128; 2; 10; 5; 640; 64; 4; 0],0.17218482797034085,0.8495853903626879,tvm
128,16,30,6,256,64,4,1,[128; 16; 30; 6; 256; 64; 4; 1],0.17342701402958483,0.8435001611730425,tvm
128,8,30,5,320,64,4,1,[128; 8; 30; 5; 320; 64; 4; 1],0.17299970402382314,0.8455836101636904,tvm
128,32,750,5,320,32,2,1,[128; 32; 750; 5; 320; 32; 2; 1],0.24467973096761853,0.5978660909394006,tvm
160,20,750,5,128,32,2,0,[160; 20; 750; 5; 128; 32; 2; 0],0.2317496839677915,0.6312229288996357,tvm
160,8,300,10,160,32,2,1,[160; 8; 300; 10; 160; 32; 2; 1],0.23869668296538293,0.6128518941628084,tvm
256,16,300,10,64,32,2,0,[256; 16; 300; 10; 64; 32; 2; 0],0.22065406199544668,0.6629640667513883,tvm
160,10,300,10,128,32,2,0,[160; 10; 300; 10; 128; 32; 2; 0],0.2399559550685808,0.6096356901994993,tvm
128,16,150,2,640,64,4,1,[128; 16; 150; 2; 640; 64; 4; 1],0.25975597999058664,0.5631659155297044,tvm
256,16,750,10,320,32,2,1,[256; 16; 750; 10; 320; 32; 2; 1],0.22208109206985682,0.6587040477975465,tvm
80,4,250,5,320,32,2,1,[80; 4; 250; 5; 320; 32; 2; 1],0.23503960098605603,0.6223875196860671,tvm
128,16,750,5,1280,32,2,1,[128; 16; 750; 5; 1280; 32; 2; 1],0.24046538001857698,0.6083441794174824,tvm
80,40,75,3,256,64,4,0,[80; 40; 75; 3; 256; 64; 4; 0],0.23387231503147632,0.625493933585196,tvm
80,40,60,5,160,80,5,1,[80; 40; 60; 5; 160; 80; 5; 1],0.35845456807874143,0.4081011299975394,tvm
80,8,4,2,1280,80,5,0,[80; 8; 4; 2; 1280; 80; 5; 0],0.25034492602571845,0.5843366454756349,tvm
80,40,4,4,32,32,2,1,[80; 40; 4; 4; 32; 32; 2; 1],0.2757251469884068,0.5305490481499864,tvm
256,32,500,4,160,32,2,1,[256; 32; 500; 4; 160; 32; 2; 1],0.23122153105214238,0.6326647592897637,tvm
128,64,25,5,256,32,2,1,[128; 64; 25; 5; 256; 32; 2; 1],0.21832482889294624,0.6700370041624734,tvm
160,32,300,6,1280,32,2,1,[160; 32; 300; 6; 1280; 32; 2; 1],0.22825717693194747,0.6408811159936841,tvm
160,40,500,4,256,32,2,1,[160; 40; 500; 4; 256; 32; 2; 1],0.2518302040407434,0.5808902662924692,tvm
80,10,30,6,64,32,2,1,[80; 10; 30; 6; 64; 32; 2; 1],0.23293611395638436,0.6280078764991557,tvm
160,5,150,6,32,32,2,1,[160; 5; 150; 6; 32; 32; 2; 1],0.21806448395363986,0.6708369544341498,tvm
160,32,300,4,640,32,2,1,[160; 32; 300; 4; 640; 32; 2; 1],0.2481889029731974,0.5894127921646525,tvm
80,2,10,5,64,32,2,1,[80; 2; 10; 5; 64; 32; 2; 1],0.22677807696163654,0.6450610934074597,tvm
128,4,250,5,1280,32,2,1,[128; 4; 250; 5; 1280; 32; 2; 1],0.20982319000177085,0.6971856365565678,tvm
128,4,20,4,128,32,2,0,[128; 4; 20; 4; 128; 32; 2; 0],0.2322149450192228,0.6299582237207202,tvm
80,10,12,4,320,32,2,0,[80; 10; 12; 4; 320; 32; 2; 0],0.23830131499562413,0.6138686825475576,tvm
80,1,1500,5,256,64,4,0,[80; 1; 1500; 5; 256; 64; 4; 0],0.24834235198795795,0.5890485980933596,tvm
256,1,12,6,1280,32,2,1,[256; 1; 12; 6; 1280; 32; 2; 1],0.2779821460135281,0.5262414021316147,tvm
128,2,3,3,64,64,4,1,[128; 2; 3; 3; 64; 64; 4; 1],0.22153412294574082,0.66033039217865,tvm
160,2,60,4,160,32,2,0,[160; 2; 60; 4; 160; 32; 2; 0],0.22865179902873933,0.6397750418194942,tvm
80,16,15,3,320,64,4,0,[80; 16; 15; 3; 320; 64; 4; 0],0.2236947889905423,0.6539522665943693,tvm
256,1,60,10,1280,32,2,1,[256; 1; 60; 10; 1280; 32; 2; 1],0.21551296603865921,0.6787791796224141,tvm
80,5,150,6,160,32,2,1,[80; 5; 150; 6; 160; 32; 2; 1],0.21339150599669665,0.6855273531270679,tvm
80,20,500,4,1280,80,5,1,[80; 20; 500; 4; 1280; 80; 5; 1],0.20791862800251693,0.7035719487526796,tvm
80,4,125,5,320,32,2,1,[80; 4; 125; 5; 320; 32; 2; 1],0.2236365140415728,0.654122672733669,tvm
256,16,60,4,128,32,2,0,[256; 16; 60; 4; 128; 32; 2; 0],0.21890751004684716,0.668253520650838,tvm
160,16,250,10,320,32,2,1,[160; 16; 250; 10; 320; 32; 2; 1],0.21120231901295483,0.6926330874081991,tvm
80,16,20,5,128,64,4,0,[80; 16; 20; 5; 128; 64; 4; 0],0.21061962097883224,0.6945493188425039,tvm
128,16,6,3,256,64,4,0,[128; 16; 6; 3; 256; 64; 4; 0],0.20142750500235707,0.7262449797211284,tvm
160,4,20,5,64,32,2,1,[160; 4; 20; 5; 64; 32; 2; 1],0.21437983005307615,0.6823669663769063,tvm
256,8,30,10,64,32,2,1,[256; 8; 30; 10; 64; 32; 2; 1],0.19401826499961317,0.7539790868968237,tvm
128,32,10,10,160,32,2,0,[128; 32; 10; 10; 160; 32; 2; 0],0.23895978892687708,0.6121771154161777,tvm
160,40,50,5,320,32,2,0,[160; 40; 50; 5; 320; 32; 2; 0],0.20545541204046458,0.7120071106080341,tvm
160,2,60,12,160,32,2,0,[160; 2; 60; 12; 160; 32; 2; 0],0.2123339440440759,0.6889417278254322,tvm
128,1,50,5,64,64,4,0,[128; 1; 50; 5; 64; 64; 4; 0],0.2184744810219854,0.669578037679345,tvm
80,5,15,5,320,32,2,1,[80; 5; 15; 5; 320; 32; 2; 1],0.2121857829624787,0.6894227890451187,tvm
160,5,125,5,1280,32,2,0,[160; 5; 125; 5; 1280; 32; 2; 0],0.20695217698812485,0.7068575765410205,tvm
256,8,30,6,1280,32,2,1,[256; 8; 30; 6; 1280; 32; 2; 1],0.22170535591430962,0.6598203894643598,tvm
128,2,30,10,1280,32,2,1,[128; 2; 30; 10; 1280; 32; 2; 1],0.1938057349761948,0.754805910690324,tvm
80,2,750,6,1280,64,4,1,[80; 2; 750; 6; 1280; 64; 4; 1],0.2102216889616102,0.6958640424225132,tvm
128,32,60,6,128,64,4,0,[128; 32; 60; 6; 128; 64; 4; 0],0.21042352903168648,0.6951965636109352,tvm
128,4,12,6,256,32,2,1,[128; 4; 12; 6; 256; 32; 2; 1],0.1963264049263671,0.7451148221278705,tvm
160,10,50,10,256,32,2,0,[160; 10; 50; 10; 256; 32; 2; 0],0.19122801104094833,0.7649805773192381,tvm
160,8,20,5,256,32,2,0,[160; 8; 20; 5; 256; 32; 2; 0],0.19791468605399132,0.7391352163012673,tvm
160,5,30,10,320,32,2,1,[160; 5; 30; 10; 320; 32; 2; 1],0.1877507009776309,0.7791486983749965,tvm
160,4,20,5,160,32,2,1,[160; 4; 20; 5; 160; 32; 2; 1],0.20239292993210256,0.722780752938303,tvm
128,16,12,6,320,32,2,1,[128; 16; 12; 6; 320; 32; 2; 1],0.186029938980937,0.7863557612664949,tvm
80,10,12,4,80,80,5,1,[80; 10; 12; 4; 80; 80; 5; 1],0.19164171698503196,0.7633291779427119,tvm
160,4,10,5,1280,32,2,1,[160; 4; 10; 5; 1280; 32; 2; 1],0.1823066429933533,0.8024157095089931,tvm
128,1,75,5,256,64,4,0,[128; 1; 75; 5; 256; 64; 4; 0],0.19480295409448445,0.7509419709044143,tvm
80,8,60,4,640,64,4,1,[80; 8; 60; 4; 640; 64; 4; 1],0.19591630692593753,0.7466745192426215,tvm
80,16,150,5,320,64,4,1,[80; 16; 150; 5; 320; 64; 4; 1],0.19518429599702358,0.7494748157810045,tvm
80,8,100,5,1280,80,5,1,[80; 8; 100; 5; 1280; 80; 5; 1],0.18895978794898838,0.7741632009303779,tvm
128,1,150,5,1280,64,4,0,[128; 1; 150; 5; 1280; 64; 4; 0],0.18846851005218923,0.776181199953276,tvm
128,4,20,5,128,64,4,1,[128; 4; 20; 5; 128; 64; 4; 1],0.1783861800795421,0.820050713684691,tvm
128,8,12,6,128,64,4,1,[128; 8; 12; 6; 128; 64; 4; 1],0.17252650298178196,0.8479028540975031,tvm
128,16,12,12,64,32,2,1,[128; 16; 12; 12; 64; 32; 2; 1],0.22713390400167555,0.6440505433510056,tvm
80,40,25,5,256,64,4,0,[80; 40; 25; 5; 256; 64; 4; 0],0.2093889539828524,0.6986314774641558,tvm
160,4,250,10,128,32,2,1,[160; 4; 250; 10; 128; 32; 2; 1],0.22490664897486567,0.6504285887166563,tvm
256,8,150,10,32,32,2,1,[256; 8; 150; 10; 32; 32; 2; 1],0.21219833998475224,0.6893819918488798,tvm
80,10,100,5,128,32,2,1,[80; 10; 100; 5; 128; 32; 2; 1],0.22388320497702807,0.6534019123976905,tvm
128,2,20,5,64,32,2,1,[128; 2; 20; 5; 64; 32; 2; 1],0.218345309025608,0.6699741567086179,tvm
80,5,12,6,256,32,2,0,[80; 5; 12; 6; 256; 32; 2; 0],0.2193948649801314,0.6667690891441879,tvm
160,40,30,5,64,32,2,1,[160; 40; 30; 5; 64; 32; 2; 1],0.20937147201038897,0.6986898113724664,tvm
80,10,100,10,320,32,2,0,[80; 10; 100; 10; 320; 32; 2; 0],0.20988550200127065,0.6969786521263802,tvm
80,40,30,5,640,32,2,0,[80; 40; 30; 5; 640; 32; 2; 0],0.20909180596936494,0.699624328210869,tvm
256,2,60,4,64,32,2,1,[256; 2; 60; 4; 64; 32; 2; 1],0.21880353102460504,0.6685710856707522,tvm
160,20,250,10,160,32,2,0,[160; 20; 250; 10; 160; 32; 2; 0],0.2184731391025707,0.669582150403555,tvm
128,32,12,12,256,32,2,0,[128; 32; 12; 12; 256; 32; 2; 0],0.24071391904726624,0.6077160592320789,tvm
256,16,20,4,320,32,2,0,[256; 16; 20; 4; 320; 32; 2; 0],0.1982455860124901,0.737901494949289,tvm
80,8,60,3,320,64,4,1,[80; 8; 60; 3; 320; 64; 4; 1],0.21024933306034654,0.6957725485089973,tvm
80,1,60,3,1280,64,4,0,[80; 1; 60; 3; 1280; 64; 4; 0],0.2324852989986539,0.6292256539049434,tvm
80,4,300,5,320,80,5,0,[80; 4; 300; 5; 320; 80; 5; 0],0.211579455062747,0.6913984831009755,tvm
80,40,15,5,1280,64,4,1,[80; 40; 15; 5; 1280; 64; 4; 1],0.18906309304293245,0.7737401939811476,tvm
80,1,500,5,640,80,5,0,[80; 1; 500; 5; 640; 80; 5; 0],0.22493435605429113,0.6503484698905051,tvm
80,10,30,3,320,80,5,1,[80; 10; 30; 3; 320; 80; 5; 1],0.21030523697845638,0.6955875963312306,tvm
256,1,50,5,128,32,2,0,[256; 1; 50; 5; 128; 32; 2; 0],0.2173058909829706,0.6731787786516019,tvm
80,40,12,3,640,64,4,0,[80; 40; 12; 3; 640; 64; 4; 0],0.20900478097610176,0.6999156363913085,tvm
160,2,5,5,64,32,2,1,[160; 2; 5; 5; 64; 32; 2; 1],0.20702747907489538,0.7066004712968232,tvm
80,20,12,4,640,32,2,1,[80; 20; 12; 4; 640; 32; 2; 1],0.214189019985497,0.6829748522852361,tvm
80,2,125,5,80,80,5,0,[80; 2; 125; 5; 80; 80; 5; 0],0.22034053003881127,0.6639074266543119,tvm
128,4,1500,5,128,64,4,0,[128; 4; 1500; 5; 128; 64; 4; 0],0.20692278898786753,0.7069579672748922,tvm
256,1,30,6,640,32,2,0,[256; 1; 30; 6; 640; 32; 2; 0],0.20941086404491216,0.6985583816431822,tvm
256,1,150,10,256,32,2,0,[256; 1; 150; 10; 256; 32; 2; 0],0.2073377890046686,0.7055429451040418,tvm
80,16,1500,4,160,80,5,1,[80; 16; 1500; 4; 160; 80; 5; 1],0.20754475600551814,0.7048393662224108,tvm
80,10,75,5,640,32,2,1,[80; 10; 75; 5; 640; 32; 2; 1],0.2133176359347999,0.6857647453510418,tvm
256,1,30,6,320,32,2,0,[256; 1; 30; 6; 320; 32; 2; 0],0.1991878099506721,0.7344109778702886,tvm
128,16,150,3,640,64,4,1,[128; 16; 150; 3; 640; 64; 4; 1],0.1994231209391728,0.7335444034612905,tvm
128,4,60,10,256,32,2,0,[128; 4; 60; 10; 256; 32; 2; 0],0.1994465549942106,0.7334582153598019,tvm
128,8,150,6,320,32,2,0,[128; 8; 150; 6; 320; 32; 2; 0],0.20667781494557858,0.707795920545384,tvm
80,4,1500,6,320,64,4,1,[80; 4; 1500; 6; 320; 64; 4; 1],0.19988247600849718,0.7318586261633839,tvm
128,32,15,5,160,32,2,1,[128; 32; 15; 5; 160; 32; 2; 1],0.19818857498466969,0.7381137600743626,tvm
128,4,60,6,160,32,2,1,[128; 4; 60; 6; 160; 32; 2; 1],0.198115948936902,0.7383843404364425,tvm
160,2,20,5,640,32,2,0,[160; 2; 20; 5; 640; 32; 2; 0],0.199674432980828,0.7326211578613078,tvm
160,5,150,10,1280,32,2,1,[160; 5; 150; 10; 1280; 32; 2; 1],0.2003676659660414,0.7300864317624333,tvm
128,16,60,5,1280,32,2,1,[128; 16; 60; 5; 1280; 32; 2; 1],0.19705546996556222,0.7423580492907883,tvm
256,1,6,6,160,32,2,0,[256; 1; 6; 6; 160; 32; 2; 0],0.19627651199698448,0.7453042281898803,tvm
80,20,300,6,640,64,4,1,[80; 20; 300; 6; 640; 64; 4; 1],0.19883225206285715,0.735724273944595,tvm
160,10,20,5,1280,32,2,1,[160; 10; 20; 5; 1280; 32; 2; 1],0.19724964897613972,0.7416272477291441,tvm
160,5,150,6,128,32,2,1,[160; 5; 150; 6; 128; 32; 2; 1],0.19578870700206608,0.7471611438966733,tvm
128,8,750,5,1280,64,4,1,[128; 8; 750; 5; 1280; 64; 4; 1],0.19026686495635659,0.7688449290383237,tvm
80,1,60,4,1280,80,5,0,[80; 1; 60; 4; 1280; 80; 5; 0],0.20260442805010825,0.722026244409302,tvm
128,16,100,4,256,64,4,0,[128; 16; 100; 4; 256; 64; 4; 0],0.19686530996114016,0.7430751223493366,tvm
128,8,10,10,1280,32,2,0,[128; 8; 10; 10; 1280; 32; 2; 0],0.17869325901847333,0.818641481437144,tvm
160,16,60,6,160,32,2,1,[160; 16; 60; 6; 160; 32; 2; 1],0.18533586501143873,0.7893006260643923,tvm
256,8,100,5,160,32,2,1,[256; 8; 100; 5; 160; 32; 2; 1],0.19130310090258718,0.7646803088686156,tvm
160,8,30,6,256,32,2,1,[160; 8; 30; 6; 256; 32; 2; 1],0.18511235201731324,0.7902536632025098,tvm
128,4,5,5,256,32,2,0,[128; 4; 5; 5; 256; 32; 2; 0],0.19564484094735235,0.7477105635771888,tvm
80,2,150,6,1280,64,4,1,[80; 2; 150; 6; 1280; 64; 4; 1],0.19331791496369988,0.7567105941173791,tvm
80,10,1500,6,64,64,4,1,[80; 10; 1500; 6; 64; 64; 4; 1],0.19106637802906334,0.7656277142777187,tvm
160,32,10,5,128,32,2,1,[160; 32; 10; 5; 128; 32; 2; 1],0.19011166994459927,0.7694725648790716,tvm
80,8,60,4,640,64,4,1,[80; 8; 60; 4; 640; 64; 4; 1],0.19693068508058786,0.7428284435503352,tvm
80,4,125,5,640,80,5,1,[80; 4; 125; 5; 640; 80; 5; 1],0.18965790898073465,0.771313545909514,tvm
80,4,125,5,1280,80,5,1,[80; 4; 125; 5; 1280; 80; 5; 1],0.1883623779285699,0.7766185365380566,tvm
128,32,60,4,1280,64,4,0,[128; 32; 60; 4; 1280; 64; 4; 0],0.1856963150203228,0.7877685363315079,tvm
80,5,30,5,640,64,4,0,[80; 5; 30; 5; 640; 64; 4; 0],0.1854228680022061,0.7889302752235169,tvm
128,8,50,5,320,64,4,0,[128; 8; 50; 5; 320; 64; 4; 0],0.18602903396822512,0.7863595868089106,tvm
80,5,4,4,1280,80,5,1,[80; 5; 4; 4; 1280; 80; 5; 1],0.17465987405739725,0.8375462027279457,tvm
128,16,12,6,128,64,4,1,[128; 16; 12; 6; 128; 64; 4; 1],0.17602405103389174,0.8310552644737644,tvm
80,20,12,6,1280,64,4,1,[80; 20; 12; 6; 1280; 64; 4; 1],0.17220875003840774,0.849467371739753,tvm
80,4,15,3,64,64,4,0,[80; 4; 15; 3; 64; 64; 4; 0],0.2638747520977631,0.5543755631138094,tvm
160,10,500,10,128,32,2,0,[160; 10; 500; 10; 128; 32; 2; 0],0.25105849106330425,0.5826758285137166,tvm
128,8,750,10,1280,32,2,1,[128; 8; 750; 10; 1280; 32; 2; 1],0.2542662000050768,0.5753250502142773,tvm
128,64,60,10,256,32,2,1,[128; 64; 60; 10; 256; 32; 2; 1],0.23185336391907185,0.6309406592727943,tvm
128,16,10,2,320,64,4,1,[128; 16; 10; 2; 320; 64; 4; 1],0.24954212200827897,0.5862165197138983,tvm
80,16,100,4,64,32,2,1,[80; 16; 100; 4; 64; 32; 2; 1],0.24789346696343273,0.5901152461887719,tvm
80,10,20,5,64,32,2,1,[80; 10; 20; 5; 64; 32; 2; 1],0.24338601995259523,0.6010440300318262,tvm
80,4,20,5,128,32,2,0,[80; 4; 20; 5; 128; 32; 2; 0],0.23661984701175243,0.6182309562496192,tvm
80,8,150,5,128,32,2,0,[80; 8; 150; 5; 128; 32; 2; 0],0.2423566608922556,0.6035968384246244,tvm
160,40,250,10,160,32,2,1,[160; 40; 250; 10; 160; 32; 2; 1],0.24310784204863012,0.6017317790038711,tvm
80,40,150,10,1280,32,2,0,[80; 40; 150; 10; 1280; 32; 2; 0],0.2511412639869377,0.5824837860707863,tvm
160,10,10,10,32,32,2,0,[160; 10; 10; 10; 32; 32; 2; 0],0.24598233203869313,0.5947000870887893,tvm
160,2,10,10,32,32,2,0,[160; 2; 10; 10; 32; 32; 2; 0],0.25487873994279653,0.5739423944050641,tvm
160,16,20,10,64,32,2,0,[160; 16; 20; 10; 64; 32; 2; 0],0.21840946306474507,0.669777363274546,tvm
80,16,6,6,64,32,2,0,[80; 16; 6; 6; 64; 32; 2; 0],0.2297584469197318,0.6366935198548784,tvm
80,20,250,10,320,32,2,1,[80; 20; 250; 10; 320; 32; 2; 1],0.23257570795249194,0.628981055560609,tvm
80,2,300,4,160,80,5,0,[80; 2; 300; 4; 160; 80; 5; 0],0.23231642099563032,0.6296830575246586,tvm
128,64,6,6,64,64,4,1,[128; 64; 6; 6; 64; 64; 4; 1],0.2276923059253022,0.6424710474569372,tvm
128,64,100,5,640,64,4,0,[128; 64; 100; 5; 640; 64; 4; 0],0.21762937598396093,0.6721781635604902,tvm
128,16,60,4,64,32,2,1,[128; 16; 60; 4; 64; 32; 2; 1],0.2237545809475705,0.6537775167159215,tvm
80,20,25,5,256,32,2,0,[80; 20; 25; 5; 256; 32; 2; 0],0.22118133399635553,0.6613836332505558,tvm
256,4,100,4,32,32,2,1,[256; 4; 100; 4; 32; 32; 2; 1],0.2263784189708531,0.646199911417126,tvm
80,2,15,3,320,80,5,0,[80; 2; 15; 3; 320; 80; 5; 0],0.2289108820259571,0.6390509397850574,tvm
160,4,60,4,128,32,2,0,[160; 4; 60; 4; 128; 32; 2; 0],0.2308253599330783,0.6337506170384657,tvm
128,2,4,4,128,32,2,0,[128; 2; 4; 4; 128; 32; 2; 0],0.22400814399588853,0.653037481924761,tvm
160,40,150,10,320,32,2,1,[160; 40; 150; 10; 320; 32; 2; 1],0.22510897601023316,0.649843986137027,tvm
128,2,12,4,128,32,2,1,[128; 2; 12; 4; 128; 32; 2; 1],0.21849748794920743,0.6695075337420827,tvm
80,8,15,3,80,80,5,1,[80; 8; 15; 3; 80; 80; 5; 1],0.23074871010612696,0.6339611355505906,tvm
80,5,60,12,320,32,2,0,[80; 5; 60; 12; 320; 32; 2; 0],0.2216545690316707,0.6599715716431388,tvm
80,2,500,4,640,80,5,1,[80; 2; 500; 4; 640; 80; 5; 1],0.22298232198227197,0.6560417569664766,tvm
128,1,30,6,1280,32,2,1,[128; 1; 30; 6; 1280; 32; 2; 1],0.19845099397934973,0.7371377253012721,tvm
80,2,300,6,128,64,4,0,[80; 2; 300; 6; 128; 64; 4; 0],0.21520505694206804,0.679750357005289,tvm
160,20,250,5,256,32,2,1,[160; 20; 250; 5; 256; 32; 2; 1],0.20941297500394285,0.6985513399203656,tvm
160,5,150,10,64,32,2,1,[160; 5; 150; 10; 64; 32; 2; 1],0.21145568590145558,0.6918031721969757,tvm
128,1,4,4,64,64,4,0,[128; 1; 4; 4; 64; 64; 4; 0],0.25375709601212293,0.5764793047549917,tvm
128,1,500,4,1280,64,4,1,[128; 1; 500; 4; 1280; 64; 4; 1],0.22603850497398525,0.6471716591053825,tvm
128,8,150,10,128,32,2,0,[128; 8; 150; 10; 128; 32; 2; 0],0.2077427429612726,0.7041676267506725,tvm
128,16,750,5,64,64,4,0,[128; 16; 750; 5; 64; 64; 4; 0],0.2038500519702211,0.7176143094978659,tvm
256,32,250,5,640,32,2,1,[256; 32; 250; 5; 640; 32; 2; 1],0.2062470989767462,0.7092740456058857,tvm
80,4,150,5,80,80,5,0,[80; 4; 150; 5; 80; 80; 5; 0],0.21090813097544014,0.6935992159673967,tvm
128,2,60,12,1280,32,2,0,[128; 2; 60; 12; 1280; 32; 2; 0],0.21995744400192052,0.6650637124353792,tvm
128,32,100,4,128,64,4,0,[128; 32; 100; 4; 128; 64; 4; 0],0.21173734799958766,0.6908829059576168,tvm
160,32,100,4,160,32,2,1,[160; 32; 100; 4; 160; 32; 2; 1],0.2100432759616524,0.6964551167656596,tvm
80,16,1500,4,160,80,5,1,[80; 16; 1500; 4; 160; 80; 5; 1],0.2069642930291593,0.7068161958986038,tvm
128,2,50,10,160,32,2,0,[128; 2; 50; 10; 160; 32; 2; 0],0.20510849601123482,0.7132113838799807,tvm
160,40,100,5,640,32,2,1,[160; 40; 100; 5; 640; 32; 2; 1],0.20271793706342578,0.7216219561268762,tvm
160,1,30,6,128,32,2,1,[160; 1; 30; 6; 128; 32; 2; 1],0.2063611299963668,0.7088821150004839,tvm
128,8,75,5,128,64,4,0,[128; 8; 75; 5; 128; 64; 4; 0],0.19035485200583935,0.7684895485680965,tvm
80,8,15,5,1280,32,2,1,[80; 8; 15; 5; 1280; 32; 2; 1],0.19651785993482918,0.7443889035542456,tvm
128,8,15,5,320,32,2,0,[128; 8; 15; 5; 320; 32; 2; 0],0.20243090903386474,0.7226451483317803,tvm
160,8,100,10,640,32,2,0,[160; 8; 100; 10; 640; 32; 2; 0],0.19717424898408353,0.7419108480921507,tvm
80,2,100,4,1280,64,4,0,[80; 2; 100; 4; 1280; 64; 4; 0],0.2023641699925065,0.7228834743380275,tvm
160,32,125,5,640,32,2,1,[160; 32; 125; 5; 640; 32; 2; 1],0.19904807803686708,0.7349265349782463,tvm
80,1,150,5,64,64,4,1,[80; 1; 150; 5; 64; 64; 4; 1],0.2141874210210517,0.6829799508689934,tvm
80,4,4,4,80,80,5,1,[80; 4; 4; 4; 80; 80; 5; 1],0.1979459848953411,0.7390183456515127,tvm
80,2,100,5,64,64,4,1,[80; 2; 100; 5; 64; 64; 4; 1],0.19977313198614866,0.7322592023829164,tvm
128,2,60,4,64,64,4,1,[128; 2; 60; 4; 64; 64; 4; 1],0.19941906305029988,0.7335593300266201,tvm
80,5,100,5,64,64,4,1,[80; 5; 100; 5; 64; 64; 4; 1],0.19158499804325402,0.7635551623550789,tvm
128,1,250,5,64,64,4,1,[128; 1; 250; 5; 64; 64; 4; 1],0.19705542898736894,0.7423582036660916,tvm
80,20,60,5,640,80,5,0,[80; 20; 60; 5; 640; 80; 5; 0],0.18966497108340263,0.7712848263445922,tvm
80,4,60,5,1280,64,4,1,[80; 4; 60; 5; 1280; 64; 4; 1],0.18884475401137024,0.7746347789830927,tvm
80,4,50,5,640,64,4,0,[80; 4; 50; 5; 640; 64; 4; 0],0.19388043996877968,0.7545150728421623,tvm
128,32,6,6,1280,32,2,0,[128; 32; 6; 6; 1280; 32; 2; 0],0.17185152298770845,0.8512331560551679,tvm
128,2,150,5,64,64,4,1,[128; 2; 150; 5; 64; 64; 4; 1],0.18737060099374503,0.7807292793526224,tvm
128,1,12,6,32,32,2,0,[128; 1; 12; 6; 32; 32; 2; 0],0.2676923460094258,0.5464695441107732,tvm
160,16,300,4,64,32,2,1,[160; 16; 300; 4; 64; 32; 2; 1],0.2428163270233199,0.6024541927597197,tvm
128,2,20,10,32,32,2,1,[128; 2; 20; 10; 32; 32; 2; 1],0.24908853799570352,0.5872840053693581,tvm
80,20,100,4,160,32,2,0,[80; 20; 100; 4; 160; 32; 2; 0],0.24608438299037516,0.594453465547368,tvm
160,10,20,5,64,32,2,0,[160; 10; 20; 5; 64; 32; 2; 0],0.21414969500619918,0.6831002690967158,tvm
256,1,100,4,32,32,2,1,[256; 1; 100; 4; 32; 32; 2; 1],0.2504235039232299,0.5841532922986327,tvm
80,20,75,3,320,80,5,0,[80; 20; 75; 3; 320; 80; 5; 0],0.2245531469816342,0.6514525236098283,tvm
128,64,300,5,1280,64,4,0,[128; 64; 300; 5; 1280; 64; 4; 0],0.22212569997645915,0.6585717650016079,tvm
80,4,50,5,256,32,2,0,[80; 4; 50; 5; 256; 32; 2; 0],0.23229825007729232,0.6297323128221621,tvm
80,40,500,5,320,64,4,0,[80; 40; 500; 5; 320; 64; 4; 0],0.23360950301866978,0.6261976177999202,tvm
160,40,20,10,640,32,2,1,[160; 40; 20; 10; 640; 32; 2; 1],0.22019549401011318,0.6643447221449302,tvm
80,40,12,4,160,32,2,1,[80; 40; 12; 4; 160; 32; 2; 1],0.2280688270693645,0.6414103854764123,tvm
80,5,100,4,160,32,2,1,[80; 5; 100; 4; 160; 32; 2; 1],0.23117250006180257,0.632798945577894,tvm
256,64,60,4,640,32,2,1,[256; 64; 60; 4; 640; 32; 2; 1],0.22679003200028092,0.6450270895747883,tvm
80,4,12,4,160,32,2,1,[80; 4; 12; 4; 160; 32; 2; 1],0.23146718298085034,0.6319933236402534,tvm
256,2,12,12,32,32,2,1,[256; 2; 12; 12; 32; 32; 2; 1],0.22760693193413317,0.6427120344825337,tvm
80,16,20,4,128,64,4,0,[80; 16; 20; 4; 128; 64; 4; 0],0.22458264301531017,0.6513669637227565,tvm
80,4,30,10,256,32,2,0,[80; 4; 30; 10; 256; 32; 2; 0],0.21620899194385856,0.6765940351070101,tvm
160,4,100,4,640,32,2,0,[160; 4; 100; 4; 640; 32; 2; 0],0.22574121598154306,0.6480239492360794,tvm
256,1,50,5,64,32,2,0,[256; 1; 50; 5; 64; 32; 2; 0],0.2367755500599742,0.6178244090179952,tvm
128,32,100,4,1280,32,2,0,[128; 32; 100; 4; 1280; 32; 2; 0],0.22253066394478083,0.6573732882135017,tvm
80,16,150,10,1280,32,2,0,[80; 16; 150; 10; 1280; 32; 2; 0],0.21332823007833213,0.6857306894263341,tvm
80,1,50,10,160,32,2,1,[80; 1; 50; 10; 160; 32; 2; 1],0.2208441389957443,0.6623934642364824,tvm
160,32,20,4,1280,32,2,0,[160; 32; 20; 4; 1280; 32; 2; 0],0.21264162089210004,0.6879448796148122,tvm
256,4,100,4,1280,32,2,1,[256; 4; 100; 4; 1280; 32; 2; 1],0.21102851897012442,0.6932035300234665,tvm
80,1,1500,5,1280,64,4,0,[80; 1; 1500; 5; 1280; 64; 4; 0],0.22130157193168998,0.6610242892032817,tvm
80,1,50,5,128,64,4,0,[80; 1; 50; 5; 128; 64; 4; 0],0.22106907505076379,0.6617194840667918,tvm
80,16,1500,6,320,64,4,0,[80; 16; 1500; 6; 320; 64; 4; 0],0.21722215495537966,0.6734382794230328,tvm
80,2,375,5,1280,64,4,0,[80; 2; 375; 5; 1280; 64; 4; 0],0.21789642504882067,0.6713543567910227,tvm
80,8,5,5,160,32,2,0,[80; 8; 5; 5; 160; 32; 2; 0],0.2284691829700023,0.6402864158048021,tvm
160,2,100,5,64,32,2,1,[160; 2; 100; 5; 64; 32; 2; 1],0.2152913329191506,0.6794779534420444,tvm
80,2,250,5,320,80,5,0,[80; 2; 250; 5; 320; 80; 5; 0],0.2157812740188092,0.6779351681507029,tvm
80,10,50,10,256,32,2,1,[80; 10; 50; 10; 256; 32; 2; 1],0.2053007889771834,0.7125433614479295,tvm
256,4,60,12,1280,32,2,1,[256; 4; 60; 12; 1280; 32; 2; 1],0.22559111297596246,0.6484551290870291,tvm
160,1,30,6,160,32,2,0,[160; 1; 30; 6; 160; 32; 2; 0],0.21654403302818537,0.6755471958290984,tvm
80,4,125,5,160,80,5,0,[80; 4; 125; 5; 160; 80; 5; 0],0.2040251570288092,0.7169984153721698,tvm
256,16,250,10,640,32,2,0,[256; 16; 250; 10; 640; 32; 2; 0],0.2007188709685579,0.7288089733656861,tvm
256,16,250,5,320,32,2,1,[256; 16; 250; 5; 320; 32; 2; 1],0.20657170901540667,0.7081594811940289,tvm
80,2,15,3,640,64,4,1,[80; 2; 15; 3; 640; 64; 4; 1],0.21073279506526887,0.6941763110027852,tvm
128,64,10,5,1280,32,2,0,[128; 64; 10; 5; 1280; 32; 2; 0],0.22803892695810646,0.6414944862137014,tvm
160,2,150,5,256,32,2,0,[160; 2; 150; 5; 256; 32; 2; 0],0.21218566596508026,0.6894231691870684,tvm
80,1,3,3,1280,80,5,1,[80; 1; 3; 3; 1280; 80; 5; 1],0.20962098496966064,0.6978581572206947,tvm
80,2,12,3,640,80,5,1,[80; 2; 12; 3; 640; 80; 5; 1],0.20756774803157896,0.704761292026248,tvm
80,2,60,4,320,80,5,0,[80; 2; 60; 4; 320; 80; 5; 0],0.20663848309777677,0.7079306433763121,tvm
256,1,50,10,160,32,2,0,[256; 1; 50; 10; 160; 32; 2; 0],0.19779320305678993,0.7395891872164742,tvm
160,10,60,5,128,32,2,0,[160; 10; 60; 5; 128; 32; 2; 0],0.20823407999705523,0.7025061137340392,tvm
128,2,12,6,320,32,2,0,[128; 2; 12; 6; 320; 32; 2; 0],0.19494534796103835,0.7503934606069741,tvm
80,5,300,6,256,64,4,1,[80; 5; 300; 6; 256; 64; 4; 1],0.2003570010419935,0.7301252939748972,tvm
80,16,12,6,1280,32,2,1,[80; 16; 12; 6; 1280; 32; 2; 1],0.1851444758940488,0.7901165485997437,tvm
160,5,60,5,256,32,2,0,[160; 5; 60; 5; 256; 32; 2; 0],0.2021378589561209,0.7236928056978642,tvm
256,4,100,5,640,32,2,1,[256; 4; 100; 5; 640; 32; 2; 1],0.1963179799495265,0.7451467986952823,tvm
80,5,15,5,320,80,5,0,[80; 5; 15; 5; 320; 80; 5; 0],0.19695600192062557,0.7427329599463961,tvm
160,16,12,6,128,32,2,1,[160; 16; 12; 6; 128; 32; 2; 1],0.18845584010705352,0.7762333828583703,tvm
160,4,10,10,1280,32,2,1,[160; 4; 10; 10; 1280; 32; 2; 1],0.1827120769303292,0.8006351673266523,tvm
128,16,125,5,256,64,4,0,[128; 16; 125; 5; 256; 64; 4; 0],0.1912553949514404,0.764871047547998,tvm
80,5,125,5,1280,64,4,1,[80; 5; 125; 5; 1280; 64; 4; 1],0.19244302797596902,0.7601507616268721,tvm
80,20,150,6,256,64,4,1,[80; 20; 150; 6; 256; 64; 4; 1],0.18935024400707334,0.7725668115867317,tvm
128,1,125,5,1280,64,4,0,[128; 1; 125; 5; 1280; 64; 4; 0],0.18902989500202239,0.7738760807339454,tvm
128,1,10,5,64,64,4,1,[128; 1; 10; 5; 64; 64; 4; 1],0.19581191195175052,0.7470726005768238,tvm
128,32,5,5,640,32,2,0,[128; 32; 5; 5; 640; 32; 2; 0],0.18122239992953837,0.8072165159637665,tvm
128,32,75,5,640,64,4,0,[128; 32; 75; 5; 640; 64; 4; 0],0.18304917798377573,0.7991607277181004,tvm
80,16,10,5,640,80,5,1,[80; 16; 10; 5; 640; 80; 5; 1],0.18039952695835382,0.8108985469761522,tvm
128,8,30,6,256,64,4,1,[128; 8; 30; 6; 256; 64; 4; 1],0.1724636029684916,0.848212096742755,tvm
128,4,12,6,320,64,4,1,[128; 4; 12; 6; 320; 64; 4; 1],0.17139498703181744,0.8535005417548069,tvm
160,40,750,6,1280,32,2,0,[160; 40; 750; 6; 1280; 32; 2; 0],0.25092201598454267,0.5829927426325389,tvm
80,16,15,3,256,64,4,0,[80; 16; 15; 3; 256; 64; 4; 0],0.22938288003206253,0.6377359734312642,tvm
160,20,10,10,32,32,2,1,[160; 20; 10; 10; 32; 32; 2; 1],0.24125505308620632,0.6063529547438861,tvm
256,64,50,5,32,32,2,1,[256; 64; 50; 5; 32; 32; 2; 1],0.2289540929486975,0.638930330537891,tvm
256,4,60,10,32,32,2,1,[256; 4; 60; 10; 32; 32; 2; 1],0.2128875849302858,0.6871500483864215,tvm
80,40,6,6,64,64,4,1,[80; 40; 6; 6; 64; 64; 4; 1],0.23414107004646212,0.6247759705577748,tvm
80,8,12,4,128,32,2,1,[80; 8; 12; 4; 128; 32; 2; 1],0.23507246398366988,0.622300510262557,tvm
160,40,25,5,64,32,2,0,[160; 40; 25; 5; 64; 32; 2; 0],0.22689795098267496,0.6447202967332398,tvm
80,5,1500,4,640,64,4,1,[80; 5; 1500; 4; 640; 64; 4; 1],0.21764526097103953,0.6721291041810438,tvm
128,1,20,4,64,64,4,0,[128; 1; 20; 4; 64; 64; 4; 0],0.2342144550057128,0.6245802133866852,tvm
256,64,15,5,320,32,2,0,[256; 64; 15; 5; 320; 32; 2; 0],0.22551328397821635,0.6486789234990028,tvm
128,1,25,5,160,32,2,1,[128; 1; 25; 5; 160; 32; 2; 1],0.21921642508823425,0.667311832253603,tvm
80,20,1500,5,320,64,4,0,[80; 20; 1500; 5; 320; 64; 4; 0],0.2091028509894386,0.6995873733596436,tvm
80,5,250,5,160,80,5,0,[80; 5; 250; 5; 160; 80; 5; 0],0.20265489991288632,0.721846421421821,tvm
80,4,60,12,160,32,2,1,[80; 4; 60; 12; 160; 32; 2; 1],0.2224575380096212,0.6575893790543861,tvm
80,16,150,10,640,32,2,0,[80; 16; 150; 10; 640; 32; 2; 0],0.21152743801940233,0.6915685059840618,tvm
80,40,500,5,640,64,4,1,[80; 40; 500; 5; 640; 64; 4; 1],0.22828211507294327,0.6408111044484209,tvm
80,16,12,4,320,32,2,1,[80; 16; 12; 4; 320; 32; 2; 1],0.22402611409779638,0.6529850989686619,tvm
160,8,20,4,256,32,2,0,[160; 8; 20; 4; 256; 32; 2; 0],0.2146962929982692,0.6813611555318917,tvm
80,8,375,5,640,80,5,0,[80; 8; 375; 5; 640; 80; 5; 0],0.21901652694214135,0.6679208931313174,tvm
80,8,4,4,128,32,2,1,[80; 8; 4; 4; 128; 32; 2; 1],0.22505888796877116,0.6499886123404852,tvm
80,1,500,4,160,80,5,1,[80; 1; 500; 4; 160; 80; 5; 1],0.22288575896527618,0.6563259804701316,tvm
80,5,1500,6,640,64,4,0,[80; 5; 1500; 6; 640; 64; 4; 0],0.21039693395141512,0.6952844394562071,tvm
80,40,30,5,256,64,4,1,[80; 40; 30; 5; 256; 64; 4; 1],0.20223035698290914,0.7233617962612664,tvm
80,2,60,6,256,32,2,1,[80; 2; 60; 6; 256; 32; 2; 1],0.21341602294705808,0.6854486006517105,tvm
160,4,250,5,320,32,2,1,[160; 4; 250; 5; 320; 32; 2; 1],0.22068771696649492,0.6628629644481916,tvm
80,8,75,5,640,32,2,1,[80; 8; 75; 5; 640; 32; 2; 1],0.2146363640204072,0.6815513995187029,tvm
160,10,250,10,640,32,2,0,[160; 10; 250; 10; 640; 32; 2; 0],0.20918304403312504,0.6993191774307927,tvm
80,10,50,5,320,32,2,1,[80; 10; 50; 5; 320; 32; 2; 1],0.20780231896787882,0.7039657450036758,tvm
80,2,12,6,640,32,2,0,[80; 2; 12; 6; 640; 32; 2; 0],0.20269518299028277,0.7217029636699717,tvm
80,16,150,5,160,80,5,0,[80; 16; 150; 5; 160; 80; 5; 0],0.20285252097528428,0.7211431910355103,tvm
160,2,60,6,128,32,2,0,[160; 2; 60; 6; 128; 32; 2; 0],0.2058410559548065,0.7106731628787996,tvm
80,10,60,4,256,64,4,0,[80; 10; 60; 4; 256; 64; 4; 0],0.20715923595707864,0.7061510610901426,tvm
128,16,500,5,1280,64,4,0,[128; 16; 500; 5; 1280; 64; 4; 0],0.19033488794229925,0.7685701547793033,tvm
128,32,60,10,320,32,2,1,[128; 32; 60; 10; 320; 32; 2; 1],0.22198489401489496,0.6589894998706474,tvm
80,20,5,5,160,32,2,1,[80; 20; 5; 5; 160; 32; 2; 1],0.19918474496807903,0.7344222787199781,tvm
128,4,75,5,256,32,2,0,[128; 4; 75; 5; 256; 32; 2; 0],0.21381444192957133,0.6841713448612586,tvm
80,20,15,3,1280,64,4,0,[80; 20; 15; 3; 1280; 64; 4; 0],0.19766130892094225,0.7400826954162465,tvm
80,10,20,10,320,32,2,1,[80; 10; 20; 10; 320; 32; 2; 1],0.203409360954538,0.7191690372519737,tvm
256,8,12,12,128,32,2,0,[256; 8; 12; 12; 128; 32; 2; 0],0.2000163879711181,0.7313686431875653,tvm
256,32,50,10,128,32,2,1,[256; 32; 50; 10; 128; 32; 2; 1],0.211273867986165,0.6923985236796708,tvm
128,8,30,10,1280,32,2,0,[128; 8; 30; 10; 1280; 32; 2; 0],0.19528722402174026,0.749079797813241,tvm
80,20,375,5,1280,64,4,1,[80; 20; 375; 5; 1280; 64; 4; 1],0.2031400400446728,0.7201225039314968,tvm
256,2,30,10,160,32,2,0,[256; 2; 30; 10; 160; 32; 2; 0],0.19025073491502553,0.7689101140715805,tvm
160,20,100,10,640,32,2,1,[160; 20; 100; 10; 640; 32; 2; 1],0.19692787108942866,0.7428390581609609,tvm
128,16,50,5,320,32,2,1,[128; 16; 50; 5; 320; 32; 2; 1],0.19282883510459214,0.7586298709234414,tvm
256,32,20,5,256,32,2,0,[256; 32; 20; 5; 256; 32; 2; 0],0.1836440779734403,0.7965719118199446,tvm
80,10,250,5,1280,64,4,1,[80; 10; 250; 5; 1280; 64; 4; 1],0.19212079991120845,0.7614256985881928,tvm
160,4,4,4,1280,32,2,1,[160; 4; 4; 4; 1280; 32; 2; 1],0.19823049393016845,0.737957674348766,tvm
256,4,50,5,320,32,2,1,[256; 4; 50; 5; 320; 32; 2; 1],0.18952357908710837,0.7718602349656916,tvm
80,16,5,5,256,64,4,0,[80; 16; 5; 5; 256; 64; 4; 0],0.19835058401804417,0.7375108826118028,tvm
80,2,100,5,640,64,4,0,[80; 2; 100; 5; 640; 64; 4; 0],0.1984430419979617,0.7371672637794822,tvm
256,16,12,6,320,32,2,1,[256; 16; 12; 6; 320; 32; 2; 1],0.17483443196397275,0.8367099812230274,tvm
80,10,300,6,64,64,4,1,[80; 10; 300; 6; 64; 64; 4; 1],0.18108896899502724,0.8078112935180018,tvm
80,20,12,4,640,64,4,0,[80; 20; 12; 4; 640; 64; 4; 0],0.19071172608528286,0.7670514933114179,tvm
80,8,150,6,64,64,4,1,[80; 8; 150; 6; 64; 64; 4; 1],0.2019305540015921,0.7244357596550789,tvm
80,20,6,6,1280,32,2,0,[80; 20; 6; 6; 1280; 32; 2; 0],0.1797187909251079,0.8139700558450464,tvm
80,16,12,4,320,64,4,1,[80; 16; 12; 4; 320; 64; 4; 1],0.19351943698711693,0.7559225913594039,tvm
80,4,4,4,1280,64,4,0,[80; 4; 4; 4; 1280; 64; 4; 0],0.17997085792012513,0.812830010237763,tvm
128,8,60,5,64,64,4,1,[128; 8; 60; 5; 64; 64; 4; 1],0.18890960002318025,0.7743688741480805,tvm
160,16,10,10,320,32,2,1,[160; 16; 10; 10; 320; 32; 2; 1],0.18039671995211393,0.810911164707128,tvm
80,2,10,5,320,80,5,1,[80; 2; 10; 5; 320; 80; 5; 1],0.18618236295878887,0.7857119866831552,tvm
80,16,30,5,1280,64,4,0,[80; 16; 30; 5; 1280; 64; 4; 0],0.17913512303493917,0.8166221777578605,tvm
80,2,12,6,1280,64,4,1,[80; 2; 12; 6; 1280; 64; 4; 1],0.1749251609435305,0.8362760022438304,tvm
256,64,75,5,64,32,2,0,[256; 64; 75; 5; 64; 32; 2; 0],0.23681222298182547,0.6177287322577991,tvm
256,1,4,4,32,32,2,1,[256; 1; 4; 4; 32; 32; 2; 1],0.24800587201025337,0.5898477850543247,tvm
160,40,20,10,160,32,2,0,[160; 40; 20; 10; 160; 32; 2; 0],0.2354682859731838,0.6212544236312739,tvm
80,4,15,3,256,64,4,0,[80; 4; 15; 3; 256; 64; 4; 0],0.23197190603241324,0.6306182364396916,tvm
256,1,20,5,32,32,2,0,[256; 1; 20; 5; 32; 32; 2; 0],0.23887120699509978,0.6124041324441217,tvm
80,5,500,4,256,64,4,0,[80; 5; 500; 4; 256; 64; 4; 0],0.23165240394882858,0.6314880044069322,tvm
128,1,100,4,160,32,2,1,[128; 1; 100; 4; 160; 32; 2; 1],0.24181932699866593,0.604938058927446,tvm
80,40,50,10,1280,32,2,1,[80; 40; 50; 10; 1280; 32; 2; 1],0.2406653860816732,0.6078386122218264,tvm
256,1,30,6,32,32,2,0,[256; 1; 30; 6; 32; 32; 2; 0],0.23396096599753946,0.6252569254960794,tvm
160,40,20,10,256,32,2,1,[160; 40; 20; 10; 256; 32; 2; 1],0.21816107700578868,0.6705399344990983,tvm
128,1,150,3,320,64,4,0,[128; 1; 150; 3; 320; 64; 4; 0],0.23537587700411677,0.6214983291731112,tvm
80,2,75,5,320,32,2,0,[80; 2; 75; 5; 320; 32; 2; 0],0.2381005600327626,0.6143862671536153,tvm
80,8,250,10,320,32,2,1,[80; 8; 250; 10; 320; 32; 2; 1],0.22540121304336935,0.6490014508376559,tvm
256,64,15,5,128,32,2,1,[256; 64; 15; 5; 128; 32; 2; 1],0.21849885198753327,0.6695033541597776,tvm
128,1,5,5,64,32,2,1,[128; 1; 5; 5; 64; 32; 2; 1],0.23586742102634162,0.6202031363601382,tvm
80,16,30,10,256,32,2,0,[80; 16; 30; 10; 256; 32; 2; 0],0.21258759999182075,0.6881196941465193,tvm
80,16,20,5,128,32,2,1,[80; 16; 20; 5; 128; 32; 2; 1],0.21301606600172818,0.6867355924436587,tvm
80,1,10,5,64,64,4,0,[80; 1; 10; 5; 64; 64; 4; 0],0.22815410897601396,0.6411706321760501,tvm
80,10,12,12,128,32,2,1,[80; 10; 12; 12; 128; 32; 2; 1],0.22532591596245766,0.6492183274208346,tvm
80,4,100,10,320,32,2,0,[80; 4; 100; 10; 320; 32; 2; 0],0.21424768795259297,0.6827878316151689,tvm
80,40,20,5,256,64,4,0,[80; 40; 20; 5; 256; 64; 4; 0],0.20932494394946843,0.698845113848582,tvm
80,5,60,6,160,32,2,1,[80; 5; 60; 6; 160; 32; 2; 1],0.20671918604057282,0.7076542680320093,tvm
128,32,100,4,640,32,2,1,[128; 32; 100; 4; 640; 32; 2; 1],0.21804212604183704,0.6709057416622584,tvm
80,4,300,6,256,64,4,0,[80; 4; 300; 6; 256; 64; 4; 0],0.20765443402342498,0.7044670872244037,tvm
80,2,60,10,1280,32,2,0,[80; 2; 60; 10; 1280; 32; 2; 0],0.21366633393336087,0.6846455948054899,tvm
160,5,250,10,160,32,2,1,[160; 5; 250; 10; 160; 32; 2; 1],0.22021118795964867,0.6642973758105314,tvm
160,2,12,12,64,32,2,1,[160; 2; 12; 12; 64; 32; 2; 1],0.22085326700471342,0.662366087084382,tvm
80,2,500,5,1280,80,5,0,[80; 2; 500; 5; 1280; 80; 5; 0],0.21100034401752055,0.6932960937427067,tvm
160,5,60,4,128,32,2,1,[160; 5; 60; 4; 128; 32; 2; 1],0.21437938697636127,0.6823683766846699,tvm
80,40,60,4,640,64,4,1,[80; 40; 60; 4; 640; 64; 4; 1],0.21340295299887657,0.6854905812221089,tvm
80,10,60,12,256,32,2,1,[80; 10; 60; 12; 256; 32; 2; 1],0.2181227159453556,0.6706578617990526,tvm
160,8,250,10,320,32,2,0,[160; 8; 250; 10; 320; 32; 2; 0],0.21204817306715995,0.6898701939741902,tvm
80,2,1500,4,80,80,5,1,[80; 2; 1500; 4; 80; 80; 5; 1],0.20013423799537122,0.7309379731872647,tvm
128,2,10,5,1280,32,2,0,[128; 2; 10; 5; 1280; 32; 2; 0],0.18551386997569352,0.7885432733675439,tvm
128,8,500,5,128,64,4,0,[128; 8; 500; 5; 128; 64; 4; 0],0.19870439497753978,0.7361976784773656,tvm
80,10,100,5,128,64,4,0,[80; 10; 100; 5; 128; 64; 4; 0],0.2080369939794764,0.7031716402331112,tvm
256,8,250,5,1280,32,2,1,[256; 8; 250; 5; 1280; 32; 2; 1],0.20199533202685416,0.7242034398412059,tvm
80,10,250,5,640,64,4,0,[80; 10; 250; 5; 640; 64; 4; 0],0.20414279797114432,0.7165852321980609,tvm
256,4,20,10,1280,32,2,1,[256; 4; 20; 10; 1280; 32; 2; 1],0.26631611096672714,0.5492935209766219,tvm
128,16,1500,6,128,64,4,0,[128; 16; 1500; 6; 128; 64; 4; 0],0.19956651492975652,0.7330173317763453,tvm
128,32,20,5,64,64,4,0,[128; 32; 20; 5; 64; 64; 4; 0],0.20518317189998925,0.7129518124274692,tvm
128,8,15,5,160,32,2,0,[128; 8; 15; 5; 160; 32; 2; 0],0.21456576196942478,0.6817756614243037,tvm
128,32,60,5,128,64,4,0,[128; 32; 60; 5; 128; 64; 4; 0],0.1928993909386918,0.7583523907144296,tvm
160,5,12,12,640,32,2,0,[160; 5; 12; 12; 640; 32; 2; 0],0.19272508891299367,0.7590382503429817,tvm
160,8,150,10,1280,32,2,0,[160; 8; 150; 10; 1280; 32; 2; 0],0.20059764198958874,0.7292494210540456,tvm
80,2,250,5,320,64,4,1,[80; 2; 250; 5; 320; 64; 4; 1],0.20729410904459655,0.7056916135240625,tvm
80,1,20,5,256,64,4,0,[80; 1; 20; 5; 256; 64; 4; 0],0.20824927801731974,0.7024548448784921,tvm
256,4,20,10,128,32,2,1,[256; 4; 20; 10; 128; 32; 2; 1],0.1854779589921236,0.7886959457642424,tvm
128,32,12,6,640,32,2,0,[128; 32; 12; 6; 640; 32; 2; 0],0.18577286193612963,0.7874439396643877,tvm
80,10,5,5,320,80,5,0,[80; 10; 5; 5; 320; 80; 5; 0],0.19356706191319972,0.7557366053906033,tvm
80,4,12,4,640,80,5,0,[80; 4; 12; 4; 640; 80; 5; 0],0.18970884999725968,0.7711064311856162,tvm
80,5,750,6,64,64,4,1,[80; 5; 750; 6; 64; 64; 4; 1],0.18390558194369078,0.7954392288674786,tvm
80,16,150,5,1280,64,4,1,[80; 16; 150; 5; 1280; 64; 4; 1],0.19498127803672105,0.7502551822342868,tvm
128,16,250,5,128,64,4,1,[128; 16; 250; 5; 128; 64; 4; 1],0.1858901169616729,0.7869472389211294,tvm
80,20,60,5,256,64,4,1,[80; 20; 60; 5; 256; 64; 4; 1],0.18493273190688342,0.7910212149970914,tvm
80,20,25,5,80,80,5,1,[80; 20; 25; 5; 80; 80; 5; 1],0.1802144480170682,0.8117313339486493,tvm
128,4,125,5,1280,64,4,0,[128; 4; 125; 5; 1280; 64; 4; 0],0.18487039802130312,0.7912879284700701,tvm
128,2,60,6,128,64,4,1,[128; 2; 60; 6; 128; 64; 4; 1],0.17533438291866332,0.8343241744750969,tvm
160,16,10,5,1280,32,2,1,[160; 16; 10; 5; 1280; 32; 2; 1],0.17613126197829843,0.8305494018644942,tvm
128,2,75,5,1280,64,4,0,[128; 2; 75; 5; 1280; 64; 4; 0],0.18317919492255896,0.7985934993739775,tvm
128,2,125,5,256,64,4,1,[128; 2; 125; 5; 256; 64; 4; 1],0.17808930401224643,0.8214177437385844,tvm
80,20,30,6,128,64,4,1,[80; 20; 30; 6; 128; 64; 4; 1],0.1840483359992504,0.7948222595520238,tvm
80,1,30,6,640,64,4,1,[80; 1; 30; 6; 640; 64; 4; 1],0.18409152701497078,0.7946357806778255,tvm
128,4,50,5,320,64,4,1,[128; 4; 50; 5; 320; 64; 4; 1],0.1745581179857254,0.8380344378923523,tvm
80,10,12,4,128,64,4,0,[80; 10; 12; 4; 128; 64; 4; 0],0.2317007000092417,0.6313563760484086,tvm
160,40,60,6,64,32,2,1,[160; 40; 60; 6; 64; 32; 2; 1],0.2045686299679801,0.7150935815946537,tvm
128,64,12,4,1280,32,2,1,[128; 64; 12; 4; 1280; 32; 2; 1],0.21243782294914126,0.6886048456669407,tvm
160,40,100,4,128,32,2,1,[160; 40; 100; 4; 128; 32; 2; 1],0.2135100329760462,0.6851467926199335,tvm
80,10,150,3,640,80,5,0,[80; 10; 150; 3; 640; 80; 5; 0],0.22012814099434763,0.6645479929323101,tvm
256,2,125,5,1280,32,2,0,[256; 2; 125; 5; 1280; 32; 2; 0],0.20315116096753627,0.7200830829073671,tvm
256,64,20,4,320,32,2,1,[256; 64; 20; 4; 320; 32; 2; 1],0.20703108794987202,0.7065881541478164,tvm
80,1,750,5,320,80,5,0,[80; 1; 750; 5; 320; 80; 5; 0],0.21963037503883243,0.6660541114126395,tvm
80,40,60,3,256,64,4,1,[80; 40; 60; 3; 256; 64; 4; 1],0.20834201504476368,0.7021421687521061,tvm
160,2,20,4,640,32,2,0,[160; 2; 20; 4; 640; 32; 2; 0],0.21392252400983125,0.6838256745652058,tvm
160,16,100,4,320,32,2,0,[160; 16; 100; 4; 320; 32; 2; 0],0.220260297995992,0.6641492616539373,tvm
80,40,20,4,320,32,2,0,[80; 40; 20; 4; 320; 32; 2; 0],0.2320032180286944,0.6305331259138894,tvm
80,20,1500,4,256,64,4,1,[80; 20; 1500; 4; 256; 64; 4; 1],0.21657384501304477,0.6754542049013497,tvm
160,40,150,5,128,32,2,1,[160; 40; 150; 5; 128; 32; 2; 1],0.20036116801202297,0.7301101093448218,tvm
160,32,20,4,320,32,2,0,[160; 32; 20; 4; 320; 32; 2; 0],0.2078825660282746,0.7036939993602813,tvm
80,1,25,5,160,80,5,0,[80; 1; 25; 5; 160; 80; 5; 0],0.20933983009308577,0.6987954190115966,tvm
80,2,75,5,64,64,4,0,[80; 2; 75; 5; 64; 64; 4; 0],0.21926108095794916,0.6671759240016225,tvm
80,4,60,10,1280,32,2,0,[80; 4; 60; 10; 1280; 32; 2; 0],0.2101615349529311,0.6960632178408729,tvm
128,16,20,4,640,32,2,1,[128; 16; 20; 4; 640; 32; 2; 1],0.20475407596677542,0.7144459205268835,tvm
80,4,6,6,128,64,4,0,[80; 4; 6; 6; 128; 64; 4; 0],0.20911339798476547,0.6995520884624123,tvm
128,16,150,3,640,64,4,0,[128; 16; 150; 3; 640; 64; 4; 0],0.20730659097898751,0.70564912381653,tvm
80,20,5,5,128,64,4,0,[80; 20; 5; 5; 128; 64; 4; 0],0.2159286589594558,0.6774724346024947,tvm
128,16,12,4,640,32,2,1,[128; 16; 12; 4; 640; 32; 2; 1],0.20260094897821546,0.7220386430738959,tvm
80,40,50,5,1280,64,4,0,[80; 40; 50; 5; 1280; 64; 4; 0],0.20593379996716976,0.7103531052650675,tvm
160,8,4,4,128,32,2,0,[160; 8; 4; 4; 128; 32; 2; 0],0.2129390120971948,0.6869840939195445,tvm
128,32,60,10,128,32,2,1,[128; 32; 60; 10; 128; 32; 2; 1],0.22578117903321981,0.6479092496199201,tvm
128,16,6,3,128,64,4,1,[128; 16; 6; 3; 128; 64; 4; 1],0.1980305619072169,0.7387027177868304,tvm
128,4,60,12,1280,32,2,0,[128; 4; 60; 12; 1280; 32; 2; 0],0.21923190192319453,0.6672647228913057,tvm
80,2,50,10,320,32,2,1,[80; 2; 50; 10; 320; 32; 2; 1],0.2051197070395574,0.7131724025790611,tvm
128,2,150,6,1280,32,2,0,[128; 2; 150; 6; 1280; 32; 2; 0],0.20470719295553863,0.7146095463166593,tvm
160,32,12,4,320,32,2,1,[160; 32; 12; 4; 320; 32; 2; 1],0.20182262198068202,0.7248231781455917,tvm
160,20,20,4,256,32,2,1,[160; 20; 20; 4; 256; 32; 2; 1],0.20096638600807637,0.7279113546871238,tvm
256,8,20,4,256,32,2,1,[256; 8; 20; 4; 256; 32; 2; 1],0.20125932688824832,0.7268518510296976,tvm
256,8,250,10,1280,32,2,1,[256; 8; 250; 10; 1280; 32; 2; 1],0.19952103192918003,0.7331844310911463,tvm
80,8,20,10,320,32,2,1,[80; 8; 20; 10; 320; 32; 2; 1],0.20511204993817955,0.7131990262386075,tvm
128,4,50,10,160,32,2,0,[128; 4; 50; 10; 160; 32; 2; 0],0.20274910796433687,0.7215110130666796,tvm
80,10,12,3,640,64,4,1,[80; 10; 12; 3; 640; 64; 4; 1],0.20387254806701094,0.7175351251195997,tvm
160,8,60,12,160,32,2,0,[160; 8; 60; 12; 160; 32; 2; 0],0.20852863800246269,0.701513785765899,tvm
128,4,150,6,64,64,4,0,[128; 4; 150; 6; 64; 64; 4; 0],0.19009745796211064,0.7695300918483156,tvm
128,4,15,5,160,32,2,1,[128; 4; 15; 5; 160; 32; 2; 1],0.20186704501975328,0.7246636729209556,tvm
80,1,6,6,1280,32,2,0,[80; 1; 6; 6; 1280; 32; 2; 0],0.20232548099011183,0.7230217052733149,tvm
128,16,1500,6,1280,64,4,0,[128; 16; 1500; 6; 1280; 64; 4; 0],0.1841965779894963,0.7941825840763239,tvm
128,4,3,3,1280,64,4,0,[128; 4; 3; 3; 1280; 64; 4; 0],0.18223989300895482,0.8027096146205824,tvm
80,5,75,5,256,64,4,0,[80; 5; 75; 5; 256; 64; 4; 0],0.20014221093151718,0.7309088552827518,tvm
160,20,50,10,640,32,2,1,[160; 20; 50; 10; 640; 32; 2; 1],0.18790095997974277,0.7785256355341935,tvm
256,16,12,6,1280,32,2,1,[256; 16; 12; 6; 1280; 32; 2; 1],0.26482330495491624,0.5523898824184605,tvm
160,10,50,5,320,32,2,0,[160; 10; 50; 5; 320; 32; 2; 0],0.19950903195422143,0.7332285303217774,tvm
128,16,60,4,256,64,4,0,[128; 16; 60; 4; 256; 64; 4; 0],0.19407572993077338,0.7537558371564248,tvm
256,16,60,10,128,32,2,1,[256; 16; 60; 10; 128; 32; 2; 1],0.18551030405797064,0.7885584309106682,tvm
160,20,25,5,256,32,2,1,[160; 20; 25; 5; 256; 32; 2; 1],0.18910060089547187,0.7735867236433367,tvm
128,2,12,4,64,64,4,1,[128; 2; 12; 4; 64; 64; 4; 1],0.19543808291200548,0.7485015822201773,tvm
80,10,30,6,320,64,4,0,[80; 10; 30; 6; 320; 64; 4; 0],0.19334808201529086,0.7565925286714008,tvm
256,16,25,5,256,32,2,1,[256; 16; 25; 5; 256; 32; 2; 1],0.18024363997392356,0.8115998673067073,tvm
80,16,250,5,128,64,4,1,[80; 16; 250; 5; 128; 64; 4; 1],0.20319113600999117,0.71994141653168,tvm
80,5,25,5,320,80,5,1,[80; 5; 25; 5; 320; 80; 5; 1],0.18635331699624658,0.784991201893448,tvm
80,10,10,5,320,80,5,1,[80; 10; 10; 5; 320; 80; 5; 1],0.1849051680183038,0.7911391328512432,tvm
128,16,6,6,64,64,4,1,[128; 16; 6; 6; 64; 64; 4; 1],0.18215734197292477,0.8030733908461274,tvm
128,8,30,6,320,64,4,0,[128; 8; 30; 6; 320; 64; 4; 0],0.18270802800543606,0.800652909905863,tvm
128,16,30,5,320,64,4,0,[128; 16; 30; 5; 320; 64; 4; 0],0.1806563389254734,0.8097458143777723,tvm
128,32,20,5,320,64,4,0,[128; 32; 20; 5; 320; 64; 4; 0],0.18133381090592593,0.8067205644379568,tvm
80,10,20,5,1280,64,4,1,[80; 10; 20; 5; 1280; 64; 4; 1],0.17480698006693274,0.8368413791583277,tvm
80,8,15,5,1280,80,5,1,[80; 8; 15; 5; 1280; 80; 5; 1],0.17406334599945694,0.8404165359786355,tvm
128,16,20,5,1280,64,4,0,[128; 16; 20; 5; 1280; 64; 4; 0],0.16968384303618222,0.8621075033910054,tvm
128,2,5,5,1280,64,4,0,[128; 2; 5; 5; 1280; 64; 4; 0],0.16750331805087626,0.8733302479493721,tvm
128,64,100,5,160,32,2,1,[128; 64; 100; 5; 160; 32; 2; 1],0.22315658605657518,0.6555294507356714,tvm
256,64,60,6,128,32,2,0,[256; 64; 60; 6; 128; 32; 2; 0],0.22611918102484196,0.6469407576248165,tvm
128,64,10,5,160,32,2,0,[128; 64; 10; 5; 160; 32; 2; 0],0.2385112439515069,0.6133283775730778,tvm
80,8,25,5,128,32,2,1,[80; 8; 25; 5; 128; 32; 2; 1],0.22320472402498126,0.6553880744447949,tvm
80,5,1500,5,128,64,4,0,[80; 5; 1500; 5; 128; 64; 4; 0],0.2101926120230928,0.6959603045878826,tvm
128,2,100,4,320,32,2,0,[128; 2; 100; 4; 320; 32; 2; 0],0.22434089600574225,0.6520688688074507,tvm
80,40,75,5,128,32,2,1,[80; 40; 75; 5; 128; 32; 2; 1],0.2103805640945211,0.6953385400183172,tvm
128,64,60,5,640,32,2,1,[128; 64; 60; 5; 640; 32; 2; 1],0.22268356196582317,0.6569219254188408,tvm
80,16,50,5,128,32,2,1,[80; 16; 50; 5; 128; 32; 2; 1],0.21446182497311383,0.6821060778721505,tvm
128,32,250,10,1280,32,2,0,[128; 32; 250; 10; 1280; 32; 2; 0],0.2384187679272145,0.6135662706317357,tvm
80,40,30,6,256,32,2,0,[80; 40; 30; 6; 256; 32; 2; 0],0.22322614199947566,0.6553251916438081,tvm
160,1,150,6,64,32,2,1,[160; 1; 150; 6; 64; 32; 2; 1],0.22306481003761292,0.655799156581658,tvm
80,1,5,5,128,64,4,0,[80; 1; 5; 5; 128; 64; 4; 0],0.22101214108988643,0.6618899466985362,tvm
128,64,10,5,320,64,4,0,[128; 64; 10; 5; 320; 64; 4; 0],0.2100401499774307,0.6964654819634867,tvm
160,1,15,5,640,32,2,0,[160; 1; 15; 5; 640; 32; 2; 0],0.21265387197490782,0.6879052468086513,tvm
80,40,30,5,128,32,2,1,[80; 40; 30; 5; 128; 32; 2; 1],0.2129160240292549,0.6870582660589908,tvm
256,64,30,6,128,32,2,1,[256; 64; 30; 6; 128; 32; 2; 1],0.21275305899325758,0.6875845403959634,tvm
256,32,12,4,160,32,2,0,[256; 32; 12; 4; 160; 32; 2; 0],0.20144967699889094,0.726165047594093,tvm
256,1,4,4,160,32,2,1,[256; 1; 4; 4; 160; 32; 2; 1],0.2103022300871089,0.6955975418098113,tvm
80,8,10,5,128,32,2,1,[80; 8; 10; 5; 128; 32; 2; 1],0.2139906450174749,0.6836079879742796,tvm
80,5,150,10,320,32,2,1,[80; 5; 150; 10; 320; 32; 2; 1],0.20909425301942974,0.6996161404403637,tvm
80,2,75,3,1280,64,4,0,[80; 2; 75; 3; 1280; 64; 4; 0],0.22123320796526968,0.6612285543889911,tvm
160,4,250,5,160,32,2,1,[160; 4; 250; 5; 160; 32; 2; 1],0.22187515895348042,0.6593154230320365,tvm
160,5,60,4,160,32,2,1,[160; 5; 60; 4; 160; 32; 2; 1],0.21326247695833445,0.6859421140189348,tvm
160,20,20,4,320,32,2,0,[160; 20; 20; 4; 320; 32; 2; 0],0.20517430210020393,0.7129826337329059,tvm
160,40,100,4,256,32,2,1,[160; 40; 100; 4; 256; 32; 2; 1],0.20996888692025095,0.6967018610775205,tvm
160,32,10,10,64,32,2,1,[160; 32; 10; 10; 64; 32; 2; 1],0.2330090090399608,0.6278114090456753,tvm
80,10,60,10,256,32,2,1,[80; 10; 60; 10; 256; 32; 2; 1],0.2054297709837556,0.7120959809534222,tvm
160,10,10,10,64,32,2,1,[160; 10; 10; 10; 64; 32; 2; 1],0.20540176494978368,0.7121930735185164,tvm
128,4,30,3,256,64,4,1,[128; 4; 30; 3; 256; 64; 4; 1],0.1984273319831118,0.73722562725464,tvm
80,5,100,10,640,32,2,1,[80; 5; 100; 10; 640; 32; 2; 1],0.20873576099984348,0.7008176921146922,tvm
256,8,100,10,64,32,2,1,[256; 8; 100; 10; 64; 32; 2; 1],0.19707826210651547,0.7422721954319388,tvm
256,4,12,4,320,32,2,1,[256; 4; 12; 4; 320; 32; 2; 1],0.20084799907635897,0.7283404114476588,tvm
80,4,10,5,256,32,2,0,[80; 4; 10; 5; 256; 32; 2; 0],0.22107725706882775,0.6616949939819966,tvm
256,64,4,4,640,32,2,1,[256; 64; 4; 4; 640; 32; 2; 1],0.21793370903469622,0.671239501835968,tvm
128,1,6,6,320,32,2,0,[128; 1; 6; 6; 320; 32; 2; 0],0.2037842150311917,0.7178461504652038,tvm
128,16,100,10,256,32,2,0,[128; 16; 100; 10; 256; 32; 2; 0],0.19616694189608097,0.7457205218767637,tvm
128,64,5,5,640,32,2,1,[128; 64; 5; 5; 640; 32; 2; 1],0.22032734495587647,0.6639471569677835,tvm
80,2,6,3,1280,80,5,0,[80; 2; 6; 3; 1280; 80; 5; 0],0.1944328179815784,0.7523715173411424,tvm
80,2,150,6,256,64,4,0,[80; 2; 150; 6; 256; 64; 4; 0],0.1998613540781662,0.7319359711157648,tvm
160,2,6,6,256,32,2,1,[160; 2; 6; 6; 256; 32; 2; 1],0.1840515040094033,0.794808578571792,tvm
160,1,10,10,256,32,2,1,[160; 1; 10; 10; 256; 32; 2; 1],0.19331046100705862,0.7567397725070489,tvm
256,2,125,5,320,32,2,1,[256; 2; 125; 5; 320; 32; 2; 1],0.20067569497041404,0.7289657788766171,tvm
80,20,300,5,320,80,5,1,[80; 20; 300; 5; 320; 80; 5; 1],0.19685868895612657,0.7431001144090553,tvm
80,20,10,10,256,32,2,1,[80; 20; 10; 10; 256; 32; 2; 1],0.20091340702492744,0.728103298091822,tvm
80,10,300,5,1280,80,5,1,[80; 10; 300; 5; 1280; 80; 5; 1],0.20019941602367908,0.7307000049810934,tvm
128,16,1500,6,256,64,4,0,[128; 16; 1500; 6; 256; 64; 4; 0],0.19475362298544496,0.7511321845686386,tvm
128,2,75,5,128,64,4,0,[128; 2; 75; 5; 128; 64; 4; 0],0.18890597799327224,0.774383721678327,tvm
160,2,20,10,640,32,2,0,[160; 2; 20; 10; 640; 32; 2; 0],0.19006535492371768,0.7696600695293772,tvm
256,8,100,10,128,32,2,0,[256; 8; 100; 10; 128; 32; 2; 0],0.19059118896257132,0.7675366058734341,tvm
256,16,150,5,128,32,2,0,[256; 16; 150; 5; 128; 32; 2; 0],0.2036335290176794,0.7183773467532149,tvm
160,4,20,5,256,32,2,0,[160; 4; 20; 5; 256; 32; 2; 0],0.2044783519813791,0.7154092981883767,tvm
160,5,50,10,128,32,2,1,[160; 5; 50; 10; 128; 32; 2; 1],0.19714174198452383,0.7420331828923279,tvm
160,20,30,5,320,32,2,0,[160; 20; 30; 5; 320; 32; 2; 0],0.19468275108374655,0.7514056251587828,tvm
80,8,100,5,320,64,4,0,[80; 8; 100; 5; 320; 64; 4; 0],0.20516980008687824,0.7129982786149339,tvm
80,20,6,6,256,32,2,1,[80; 20; 6; 6; 256; 32; 2; 1],0.19351406302303076,0.7559435836366287,tvm
80,16,100,4,640,64,4,0,[80; 16; 100; 4; 640; 64; 4; 0],0.20342692104168236,0.7191069576073474,tvm
256,8,30,6,320,32,2,1,[256; 8; 30; 6; 320; 32; 2; 1],0.17913377506192774,0.8166283228003337,tvm
80,8,150,5,640,64,4,0,[80; 8; 150; 5; 640; 64; 4; 0],0.19890490791294724,0.7354555290799447,tvm
80,20,20,5,160,80,5,1,[80; 20; 20; 5; 160; 80; 5; 1],0.18620873207692057,0.7856007215885313,tvm
128,4,30,6,256,64,4,0,[128; 4; 30; 6; 256; 64; 4; 0],0.18016700795851648,0.8119450722043219,tvm
80,5,5,5,1280,64,4,0,[80; 5; 5; 5; 1280; 64; 4; 0],0.17498392995912582,0.8359951357812395,tvm
80,8,30,5,1280,80,5,1,[80; 8; 30; 5; 1280; 80; 5; 1],0.17639806505758315,0.8292931911580832,tvm
128,1,30,5,640,64,4,1,[128; 1; 30; 5; 640; 64; 4; 1],0.1779132119845599,0.822230753151765,tvm
80,16,12,3,256,64,4,0,[80; 16; 12; 3; 256; 64; 4; 0],0.23027902201283723,0.6352541929657812,tvm
80,20,300,3,640,64,4,1,[80; 20; 300; 3; 640; 64; 4; 1],0.24246919504366815,0.6033166986815318,tvm
80,8,15,5,160,32,2,0,[80; 8; 15; 5; 160; 32; 2; 0],0.2446931640151888,0.5978332695744369,tvm
128,4,60,3,64,64,4,0,[128; 4; 60; 3; 64; 64; 4; 0],0.2389600200112909,0.6121765234150979,tvm
256,64,250,5,1280,32,2,0,[256; 64; 250; 5; 1280; 32; 2; 0],0.2364537880057469,0.6186651333416527,tvm
128,1,60,4,256,32,2,0,[128; 1; 60; 4; 256; 32; 2; 0],0.2479081789497286,0.5900802260960436,tvm
80,4,100,4,1280,32,2,0,[80; 4; 100; 4; 1280; 32; 2; 0],0.2358973709633574,0.6201243943004234,tvm
80,20,60,10,160,32,2,0,[80; 20; 60; 10; 160; 32; 2; 0],0.2185808359645307,0.6692522408938549,tvm
128,1,30,6,64,32,2,1,[128; 1; 30; 6; 64; 32; 2; 1],0.22401652100961655,0.6530130618332144,tvm
160,1,125,5,128,32,2,0,[160; 1; 125; 5; 128; 32; 2; 0],0.22757069603540003,0.6428143730023951,tvm
128,1,500,4,256,64,4,0,[128; 1; 500; 4; 256; 64; 4; 0],0.23041914007626474,0.6348678943828029,tvm
80,16,1500,4,640,80,5,0,[80; 16; 1500; 4; 640; 80; 5; 0],0.22785592905711383,0.6420096895922628,tvm
80,20,300,4,160,80,5,0,[80; 20; 300; 4; 160; 80; 5; 0],0.2210349200759083,0.6618217349343558,tvm
80,20,25,5,256,32,2,0,[80; 20; 25; 5; 256; 32; 2; 0],0.21990905806887895,0.6652100444170669,tvm
80,1,300,4,320,64,4,0,[80; 1; 300; 4; 320; 64; 4; 0],0.24809981393627822,0.5896244417308842,tvm
160,10,6,6,64,32,2,0,[160; 10; 6; 6; 64; 32; 2; 0],0.208183259004727,0.7026776071480019,tvm
128,64,30,5,1280,32,2,1,[128; 64; 30; 5; 1280; 32; 2; 1],0.23003216902725399,0.6359358993323343,tvm
80,16,375,5,256,64,4,0,[80; 16; 375; 5; 256; 64; 4; 0],0.23284013604279608,0.6282667446080986,tvm
128,1,100,10,256,32,2,0,[128; 1; 100; 10; 256; 32; 2; 0],0.2101328349672258,0.6961582862979522,tvm
128,32,60,12,640,32,2,0,[128; 32; 60; 12; 640; 32; 2; 0],0.23690092703327537,0.6174974328621637,tvm
128,32,60,12,256,32,2,1,[128; 32; 60; 12; 256; 32; 2; 1],0.24284752702806145,0.6023767920387788,tvm
256,8,60,4,160,32,2,0,[256; 8; 60; 4; 160; 32; 2; 0],0.21356199902947992,0.6849800758117137,tvm
80,10,3,3,320,64,4,1,[80; 10; 3; 3; 320; 64; 4; 1],0.20575508894398808,0.7109700908808972,tvm
80,40,60,3,640,64,4,1,[80; 40; 60; 3; 640; 64; 4; 1],0.21351353300269693,0.6851355613316863,tvm
128,64,30,3,1280,64,4,1,[128; 64; 30; 3; 1280; 64; 4; 1],0.2191697210073471,0.6674540334009479,tvm
160,2,50,5,1280,32,2,0,[160; 2; 50; 5; 1280; 32; 2; 0],0.21818670292850584,0.6704611799081467,tvm
128,2,12,12,128,32,2,0,[128; 2; 12; 12; 128; 32; 2; 0],0.22160494700074196,0.66011935322556,tvm
256,16,30,6,1280,32,2,1,[256; 16; 30; 6; 1280; 32; 2; 1],0.21869989903643727,0.668887891262089,tvm
80,1,20,4,256,64,4,0,[80; 1; 20; 4; 256; 64; 4; 0],0.22197811410296708,0.6590096274890326,tvm
256,8,75,5,1280,32,2,1,[256; 8; 75; 5; 1280; 32; 2; 1],0.20250995899550617,0.7223630630874824,tvm
80,4,12,6,256,32,2,1,[80; 4; 12; 6; 256; 32; 2; 1],0.2086328259902075,0.701163460694246,tvm
128,2,75,3,1280,64,4,0,[128; 2; 75; 3; 1280; 64; 4; 0],0.20530342496931553,0.7125342127515799,tvm
128,32,50,10,640,32,2,0,[128; 32; 50; 10; 640; 32; 2; 0],0.21746322000399232,0.6726917511983346,tvm
256,2,60,5,64,32,2,1,[256; 2; 60; 5; 64; 32; 2; 1],0.2091628359630704,0.6993867414933232,tvm
128,1,12,6,320,32,2,0,[128; 1; 12; 6; 320; 32; 2; 0],0.2073143309680745,0.7056227787177995,tvm
80,4,250,5,640,64,4,0,[80; 4; 250; 5; 640; 64; 4; 0],0.20917168201413006,0.6993571638240799,tvm
128,4,150,6,128,32,2,1,[128; 4; 150; 6; 128; 32; 2; 1],0.20213459199294448,0.7237045022497703,tvm
80,4,60,10,640,32,2,1,[80; 4; 60; 10; 640; 32; 2; 1],0.20840526500251144,0.701929072108382,tvm
128,2,125,5,256,32,2,1,[128; 2; 125; 5; 256; 32; 2; 1],0.21324328193441033,0.6860038588728392,tvm
160,1,12,12,640,32,2,0,[160; 1; 12; 12; 640; 32; 2; 0],0.20007006998639554,0.7311724052261366,tvm
80,10,30,6,320,32,2,1,[80; 10; 30; 6; 320; 32; 2; 1],0.20211025699973106,0.7237916395599306,tvm
128,2,5,5,160,32,2,1,[128; 2; 5; 5; 160; 32; 2; 1],0.19682593806646764,0.7432237626949044,tvm
80,2,10,10,320,32,2,1,[80; 2; 10; 10; 320; 32; 2; 1],0.20248315995559096,0.7224586692433977,tvm
80,8,500,5,320,80,5,1,[80; 8; 500; 5; 320; 80; 5; 1],0.20582991000264883,0.7107116467370157,tvm
128,16,150,10,256,32,2,1,[128; 16; 150; 10; 256; 32; 2; 1],0.19585533998906612,0.746906948229652,tvm
80,10,6,6,256,32,2,0,[80; 10; 6; 6; 256; 32; 2; 0],0.20538688299711794,0.7122446777079091,tvm
160,20,30,6,1280,32,2,0,[160; 20; 30; 6; 1280; 32; 2; 0],0.2029604879207909,0.7207595714038932,tvm
160,2,50,5,640,32,2,1,[160; 2; 50; 5; 640; 32; 2; 1],0.20433625497389585,0.7159067993313396,tvm
80,1,125,5,320,80,5,0,[80; 1; 125; 5; 320; 80; 5; 0],0.20873645099345595,0.7008153755105306,tvm
128,1,1500,6,320,64,4,1,[128; 1; 1500; 6; 320; 64; 4; 1],0.19933298497926444,0.7338761033500383,tvm
160,5,150,5,256,32,2,0,[160; 5; 150; 5; 256; 32; 2; 0],0.20515728800091892,0.7130417627915762,tvm
80,20,12,4,64,64,4,1,[80; 20; 12; 4; 64; 64; 4; 1],0.2036616619443521,0.7182781132645621,tvm
80,20,30,5,320,64,4,0,[80; 20; 30; 5; 320; 64; 4; 0],0.1933939999435097,0.7564128893783897,tvm
80,2,60,4,1280,80,5,1,[80; 2; 60; 4; 1280; 80; 5; 1],0.1918000599835068,0.7626990017536681,tvm
160,10,6,6,128,32,2,0,[160; 10; 6; 6; 128; 32; 2; 0],0.1926675159484148,0.7592650663793327,tvm
80,8,150,5,1280,80,5,1,[80; 8; 150; 5; 1280; 80; 5; 1],0.18988364306278527,0.7703966067121681,tvm
80,4,60,5,640,64,4,1,[80; 4; 60; 5; 640; 64; 4; 1],0.18902113800868392,0.7739119329553169,tvm
128,8,100,4,640,64,4,1,[128; 8; 100; 4; 640; 64; 4; 1],0.18523610406555235,0.7897257126178054,tvm
80,10,75,5,128,64,4,1,[80; 10; 75; 5; 128; 64; 4; 1],0.18532381404656917,0.7893519515465769,tvm
80,8,15,5,128,64,4,1,[80; 8; 15; 5; 128; 64; 4; 1],0.18757512292359024,0.779878013702833,tvm
128,2,50,5,320,64,4,0,[128; 2; 50; 5; 320; 64; 4; 0],0.18441255402285606,0.7932524716705766,tvm
128,4,100,5,1280,64,4,1,[128; 4; 100; 5; 1280; 64; 4; 1],0.1810730070574209,0.8078825036540369,tvm
128,1,15,5,256,64,4,1,[128; 1; 15; 5; 256; 64; 4; 1],0.18245520000346005,0.8017623739029645,tvm
128,32,25,5,320,64,4,1,[128; 32; 25; 5; 320; 64; 4; 1],0.17427641991525888,0.8393890255310791,tvm
128,64,250,5,256,32,2,1,[128; 64; 250; 5; 256; 32; 2; 1],0.248210247955285,0.5893621052748298,tvm
160,16,300,4,64,32,2,1,[160; 16; 300; 4; 64; 32; 2; 1],0.2340733869932592,0.6249566264870897,tvm
160,16,60,10,256,16,1,0,[160; 16; 60; 10; 256; 16; 1; 0],0.2863236980047077,0.5109102575341462,tvm
80,1,100,4,320,32,2,1,[80; 1; 100; 4; 320; 32; 2; 1],0.24961458204779774,0.5860463482766508,tvm
160,32,500,5,64,32,2,1,[160; 32; 500; 5; 64; 32; 2; 1],0.2245384999550879,0.6514950189609992,tvm
160,8,4,4,32,32,2,1,[160; 8; 4; 4; 32; 32; 2; 1],0.2369929669657722,0.6172576180576771,tvm
160,32,150,10,32,32,2,1,[160; 32; 150; 10; 32; 32; 2; 1],0.2510826960206032,0.5826196572053316,tvm
80,2,125,5,160,32,2,0,[80; 2; 125; 5; 160; 32; 2; 0],0.24433975294232368,0.5986979708547262,tvm
256,64,50,10,160,32,2,1,[256; 64; 50; 10; 160; 32; 2; 1],0.2238776789745316,0.6534180404039109,tvm
256,8,750,6,64,32,2,0,[256; 8; 750; 6; 64; 32; 2; 0],0.2194156110053882,0.6667060452782548,tvm
256,32,375,5,128,32,2,1,[256; 32; 375; 5; 128; 32; 2; 1],0.2147141940658912,0.681304349356719,tvm
80,40,30,2,320,64,4,1,[80; 40; 30; 2; 320; 64; 4; 1],0.26185434497892857,0.5586529957999586,tvm
128,32,150,3,64,64,4,0,[128; 32; 150; 3; 64; 64; 4; 0],0.27581773593556136,0.5303709487336619,tvm
160,40,20,10,64,32,2,1,[160; 40; 20; 10; 64; 32; 2; 1],0.2401686239754781,0.6090958588356258,tvm
256,16,100,4,64,32,2,0,[256; 16; 100; 4; 64; 32; 2; 0],0.2356118190800771,0.6208759596902749,tvm
160,1,25,5,64,32,2,0,[160; 1; 25; 5; 64; 32; 2; 0],0.2517433878965676,0.5810905919237803,tvm
320,5,10,10,256,16,1,0,[320; 5; 10; 10; 256; 16; 1; 0],0.2574518689652905,0.5682060684726917,tvm
160,2,25,5,64,32,2,0,[160; 2; 25; 5; 64; 32; 2; 0],0.2233744430122897,0.6548901132689826,tvm
256,1,125,5,640,32,2,1,[256; 1; 125; 5; 640; 32; 2; 1],0.211978278006427,0.6900976631260258,tvm
80,8,150,3,128,64,4,1,[80; 8; 150; 3; 128; 64; 4; 1],0.22391955996863544,0.6532958277794251,tvm
128,8,250,5,256,32,2,0,[128; 8; 250; 5; 256; 32; 2; 0],0.22018114593811333,0.6643880140710643,tvm
80,40,150,3,320,64,4,1,[80; 40; 150; 3; 320; 64; 4; 1],0.21983833890408278,0.6654240339285857,tvm
128,64,15,5,256,64,4,0,[128; 64; 15; 5; 256; 64; 4; 0],0.21486915298737586,0.6808130075996017,tvm
128,8,75,3,256,64,4,0,[128; 8; 75; 3; 256; 64; 4; 0],0.21410529606509954,0.6832419233629586,tvm
128,8,100,4,160,32,2,1,[128; 8; 100; 4; 160; 32; 2; 1],0.21677441499195993,0.6748292426075281,tvm
80,8,500,5,320,64,4,0,[80; 8; 500; 5; 320; 64; 4; 0],0.21785408596042544,0.67148483188095,tvm
80,4,75,3,640,64,4,0,[80; 4; 75; 3; 640; 64; 4; 0],0.22136176703497767,0.6608445362771227,tvm
128,4,15,3,320,64,4,0,[128; 4; 15; 3; 320; 64; 4; 0],0.20227452204562724,0.7232038558603862,tvm
80,10,300,6,128,64,4,0,[80; 10; 300; 6; 128; 64; 4; 0],0.20082426094450057,0.7284265038383064,tvm
160,1,150,6,256,32,2,1,[160; 1; 150; 6; 256; 32; 2; 1],0.21219936502166092,0.6893786617635812,tvm
80,5,30,6,128,64,4,0,[80; 5; 30; 6; 128; 64; 4; 0],0.2029027680400759,0.7209646063419942,tvm
80,8,150,10,320,32,2,1,[80; 8; 150; 10; 320; 32; 2; 1],0.20916445297189057,0.6993813346734089,tvm
128,2,100,4,128,64,4,0,[128; 2; 100; 4; 128; 64; 4; 0],0.19956808793358505,0.7330115541037665,tvm
128,32,150,10,320,32,2,1,[128; 32; 150; 10; 320; 32; 2; 1],0.22718444594647735,0.6439072607997904,tvm
256,8,250,10,128,32,2,0,[256; 8; 250; 10; 128; 32; 2; 0],0.20446266897488385,0.7154641726000555,tvm
128,32,75,5,640,32,2,0,[128; 32; 75; 5; 640; 32; 2; 0],0.2055289699928835,0.7117522862629997,tvm
128,1,750,5,64,64,4,0,[128; 1; 750; 5; 64; 64; 4; 0],0.21634223498404026,0.6761773275408101,tvm
256,1,60,6,320,32,2,0,[256; 1; 60; 6; 320; 32; 2; 0],0.20343294797930866,0.719085653227584,tvm
128,4,12,12,320,32,2,0,[128; 4; 12; 12; 320; 32; 2; 0],0.2040689019486308,0.7168447170972578,tvm
128,32,15,5,256,32,2,1,[128; 32; 15; 5; 256; 32; 2; 1],0.19817656103987247,0.7381585063244795,tvm
128,4,75,5,320,32,2,1,[128; 4; 75; 5; 320; 32; 2; 1],0.2008463479578495,0.7283463989916036,tvm
80,2,15,5,1280,32,2,1,[80; 2; 15; 5; 1280; 32; 2; 1],0.20382591395173222,0.7176992927423156,tvm
80,20,10,10,320,32,2,0,[80; 20; 10; 10; 320; 32; 2; 0],0.20891126291826367,0.7002289500444427,tvm
160,10,60,12,320,32,2,0,[160; 10; 60; 12; 320; 32; 2; 0],0.20654812001157552,0.7082403571502662,tvm
160,32,25,5,1280,32,2,0,[160; 32; 25; 5; 1280; 32; 2; 0],0.20421690901275724,0.7163251808721479,tvm
80,10,300,5,1280,64,4,1,[80; 10; 300; 5; 1280; 64; 4; 1],0.19564645399805158,0.7477043989111662,tvm
80,8,4,4,1280,32,2,1,[80; 8; 4; 4; 1280; 32; 2; 1],0.19889145495835692,0.7355052750574076,tvm
256,4,150,10,256,32,2,0,[256; 4; 150; 10; 256; 32; 2; 0],0.19152829598169774,0.7637812132975549,tvm
128,32,1500,6,1280,64,4,0,[128; 32; 1500; 6; 1280; 64; 4; 0],0.1924898149445653,0.7599659978261333,tvm
128,4,1500,5,320,64,4,1,[128; 4; 1500; 5; 320; 64; 4; 1],0.19664097903296351,0.7439228334048926,tvm
160,8,50,10,256,32,2,1,[160; 8; 50; 10; 256; 32; 2; 1],0.1899871090427041,0.7699770527737917,tvm
80,16,750,5,160,80,5,1,[80; 16; 750; 5; 160; 80; 5; 1],0.19536806899122894,0.7487698222183985,tvm
80,20,125,5,640,80,5,0,[80; 20; 125; 5; 640; 80; 5; 0],0.1951215659501031,0.7497157660323553,tvm
160,16,30,6,256,32,2,1,[160; 16; 30; 6; 256; 32; 2; 1],0.1824330430245027,0.8018597500786443,tvm
80,1,75,5,1280,64,4,0,[80; 1; 75; 5; 1280; 64; 4; 0],0.19907428801525384,0.7348297750762536,tvm
80,10,60,4,1280,64,4,0,[80; 10; 60; 4; 1280; 64; 4; 0],0.1940877620363608,0.7537091094816624,tvm
80,10,10,5,320,64,4,0,[80; 10; 10; 5; 320; 64; 4; 0],0.19814296904951334,0.7382836493641084,tvm
80,16,150,5,256,64,4,1,[80; 16; 150; 5; 256; 64; 4; 1],0.1965369110694155,0.7443167468631232,tvm
80,1,12,6,640,64,4,0,[80; 1; 12; 6; 640; 64; 4; 0],0.18971338495612144,0.7710879984538177,tvm
128,4,125,5,640,64,4,0,[128; 4; 125; 5; 640; 64; 4; 0],0.18555366806685925,0.7883741443095816,tvm
80,16,60,5,80,80,5,1,[80; 16; 60; 5; 80; 80; 5; 1],0.199079153011553,0.7348118176754802,tvm
256,16,5,5,320,32,2,0,[256; 16; 5; 5; 320; 32; 2; 0],0.17356797400861979,0.8428151283165258,tvm
128,2,30,6,640,64,4,0,[128; 2; 30; 6; 640; 64; 4; 0],0.1734586050733924,0.8433465392150425,tvm
80,8,5,5,1280,64,4,1,[80; 8; 5; 5; 1280; 64; 4; 1],0.17137307696975768,0.853609661869638,tvm
160,4,12,12,64,32,2,0,[160; 4; 12; 12; 64; 32; 2; 0],0.22879313491284847,0.6393798237933898,tvm
80,4,150,3,160,80,5,1,[80; 4; 150; 3; 160; 80; 5; 1],0.21709694305900484,0.6738266887800224,tvm
80,20,20,4,160,32,2,1,[80; 20; 20; 4; 160; 32; 2; 1],0.22892886796034873,0.6390007323630827,tvm
80,4,4,4,160,32,2,0,[80; 4; 4; 4; 160; 32; 2; 0],0.23952797206584364,0.6107249730545121,tvm
80,10,15,3,64,64,4,1,[80; 10; 15; 3; 64; 64; 4; 1],0.22579358401708305,0.6478736538175799,tvm
128,64,150,3,1280,64,4,1,[128; 64; 150; 3; 1280; 64; 4; 1],0.22068756096996367,0.6628634330034772,tvm
80,5,1500,5,128,64,4,0,[80; 5; 1500; 5; 128; 64; 4; 0],0.21054292900953442,0.6948023140643672,tvm
80,5,500,4,256,64,4,1,[80; 5; 500; 4; 256; 64; 4; 1],0.21832472505047917,0.6700373228542547,tvm
80,1,30,10,128,32,2,1,[80; 1; 30; 10; 128; 32; 2; 1],0.22204772499389946,0.6588030311489719,tvm
128,8,4,4,128,32,2,0,[128; 8; 4; 4; 128; 32; 2; 0],0.22036786493845284,0.66382507416211,tvm
80,5,60,4,128,64,4,0,[80; 5; 60; 4; 128; 64; 4; 0],0.21608716808259487,0.6769754797739752,tvm
80,2,150,6,640,32,2,0,[80; 2; 150; 6; 640; 32; 2; 0],0.22782649204600602,0.6420926423963643,tvm
80,10,150,5,320,32,2,1,[80; 10; 150; 5; 320; 32; 2; 1],0.2177635399857536,0.6717640349494893,tvm
80,4,60,6,640,32,2,0,[80; 4; 60; 6; 640; 32; 2; 0],0.21550350706093013,0.6788089729062013,tvm
160,16,125,5,64,32,2,1,[160; 16; 125; 5; 64; 32; 2; 1],0.20402240299154073,0.7170080939188804,tvm
80,2,75,5,64,64,4,0,[80; 2; 75; 5; 64; 64; 4; 0],0.21469593793153763,0.6813622823751886,tvm
80,16,60,3,256,64,4,1,[80; 16; 60; 3; 256; 64; 4; 1],0.2120183400111273,0.6899672654640954,tvm
128,16,6,3,256,64,4,0,[128; 16; 6; 3; 256; 64; 4; 0],0.20071651902981102,0.7288175133407305,tvm
256,32,60,10,1280,32,2,1,[256; 32; 60; 10; 1280; 32; 2; 1],0.23977326892782003,0.6101001789726248,tvm
128,2,75,5,128,32,2,0,[128; 2; 75; 5; 128; 32; 2; 0],0.22310378099791706,0.6556846039605221,tvm
256,4,150,10,1280,32,2,1,[256; 4; 150; 10; 1280; 32; 2; 1],0.19662606006022543,0.7439792784380047,tvm
80,4,500,5,1280,80,5,0,[80; 4; 500; 5; 1280; 80; 5; 0],0.2049218979664147,0.7138608208171561,tvm
128,4,125,5,128,32,2,0,[128; 4; 125; 5; 128; 32; 2; 0],0.2259763740003109,0.6473495954294454,tvm
80,20,60,6,256,32,2,1,[80; 20; 60; 6; 256; 32; 2; 1],0.2046274320455268,0.7148880911195119,tvm
128,2,60,12,256,32,2,1,[128; 2; 60; 12; 256; 32; 2; 1],0.2060956759378314,0.7097951648914811,tvm
128,1,12,6,256,32,2,1,[128; 1; 12; 6; 256; 32; 2; 1],0.20050835004076362,0.7295741761177238,tvm
128,16,15,5,128,32,2,0,[128; 16; 15; 5; 128; 32; 2; 0],0.21515009098220617,0.6799240177770259,tvm
80,5,250,5,640,80,5,0,[80; 5; 250; 5; 640; 80; 5; 0],0.20514224795624614,0.7130940395901039,tvm
128,32,20,5,128,32,2,1,[128; 32; 20; 5; 128; 32; 2; 1],0.19753203191794455,0.740567050646661,tvm
256,1,60,6,128,32,2,0,[256; 1; 60; 6; 128; 32; 2; 0],0.20691341091878712,0.7069900091837498,tvm
160,32,12,12,320,32,2,1,[160; 32; 12; 12; 320; 32; 2; 1],0.22723484004382044,0.6437644608436992,tvm
128,16,4,4,256,32,2,0,[128; 16; 4; 4; 256; 32; 2; 0],0.20220021100249141,0.7234696420960304,tvm
80,4,60,4,64,64,4,1,[80; 4; 60; 4; 64; 64; 4; 1],0.22060777596198022,0.663103164191843,tvm
160,32,100,5,1280,32,2,1,[160; 32; 100; 5; 1280; 32; 2; 1],0.19933160906657577,0.733881169026512,tvm
160,2,100,10,320,32,2,1,[160; 2; 100; 10; 320; 32; 2; 1],0.19385044509544969,0.7546318204927769,tvm
256,32,50,10,320,32,2,1,[256; 32; 50; 10; 320; 32; 2; 1],0.21536343195475638,0.6792504788670254,tvm
128,1,300,5,256,64,4,1,[128; 1; 300; 5; 256; 64; 4; 1],0.21059854701161385,0.6946188203171558,tvm
160,4,50,10,160,32,2,0,[160; 4; 50; 10; 160; 32; 2; 0],0.20012617099564523,0.7309674369820301,tvm
160,20,50,10,160,32,2,0,[160; 20; 50; 10; 160; 32; 2; 0],0.19963366608135402,0.732770765358286,tvm
256,2,30,6,320,32,2,0,[256; 2; 30; 6; 320; 32; 2; 0],0.18864454899448901,0.7754568847361066,tvm
160,4,4,4,640,32,2,1,[160; 4; 4; 4; 640; 32; 2; 1],0.1998847370268777,0.7318503476633328,tvm
128,4,1500,5,640,64,4,1,[128; 4; 1500; 5; 640; 64; 4; 1],0.19390195503365248,0.7544313530017055,tvm
160,8,15,5,160,32,2,1,[160; 8; 15; 5; 160; 32; 2; 1],0.19545454799663275,0.7484385284717676,tvm
160,8,20,5,640,32,2,1,[160; 8; 20; 5; 640; 32; 2; 1],0.18980720604304224,0.770706852154714,tvm
80,8,150,5,1280,64,4,1,[80; 8; 150; 5; 1280; 64; 4; 1],0.19003169611096382,0.7697963933358504,tvm
160,8,10,10,1280,32,2,1,[160; 8; 10; 10; 1280; 32; 2; 1],0.17943159805145115,0.8152728720822493,tvm
128,16,1500,6,128,64,4,1,[128; 16; 1500; 6; 128; 64; 4; 1],0.1777873549144715,0.8228128167837822,tvm
128,32,4,4,128,64,4,1,[128; 32; 4; 4; 128; 64; 4; 1],0.18228084093425423,0.802529292359789,tvm
128,2,60,4,256,64,4,1,[128; 2; 60; 4; 256; 64; 4; 1],0.18348195601720363,0.7972757510389646,tvm
80,20,4,4,320,64,4,1,[80; 20; 4; 4; 320; 64; 4; 1],0.18696020497009158,0.7824430568479315,tvm
80,1,5,5,256,64,4,1,[80; 1; 5; 5; 256; 64; 4; 1],0.19352593296207488,0.7558972177355775,tvm
160,4,10,10,320,32,2,0,[160; 4; 10; 10; 320; 32; 2; 0],0.18852157099172473,0.775962737400144,tvm
80,10,20,4,1280,64,4,0,[80; 10; 20; 4; 1280; 64; 4; 0],0.18099928798619658,0.8082115455441481,tvm
128,4,100,5,320,64,4,0,[128; 4; 100; 5; 320; 64; 4; 0],0.18351674498990178,0.7971246127636137,tvm
80,16,15,5,640,80,5,0,[80; 16; 15; 5; 640; 80; 5; 0],0.18384971795603633,0.795680928489079,tvm
128,16,75,5,320,64,4,0,[128; 16; 75; 5; 320; 64; 4; 0],0.19275145197752863,0.7589344349155336,tvm
80,20,20,5,128,64,4,1,[80; 20; 20; 5; 128; 64; 4; 1],0.18600002105813473,0.7864822458272323,tvm
128,1,50,5,320,64,4,0,[128; 1; 50; 5; 320; 64; 4; 0],0.19474778103176504,0.7511547166838005,tvm
256,16,10,5,320,32,2,0,[256; 16; 10; 5; 320; 32; 2; 0],0.17634509492199868,0.8295422923468311,tvm
80,20,20,4,1280,80,5,1,[80; 20; 20; 4; 1280; 80; 5; 1],0.17943518294487149,0.8152565839368201,tvm
80,2,30,6,640,64,4,1,[80; 2; 30; 6; 640; 64; 4; 1],0.18211880989838392,0.8032433023658387,tvm
80,8,5,5,1280,80,5,0,[80; 8; 5; 5; 1280; 80; 5; 0],0.17463499098084867,0.8376655415051197,tvm
80,10,4,4,1280,64,4,1,[80; 10; 4; 4; 1280; 64; 4; 1],0.1781588940648362,0.8210968924878793,tvm
80,5,5,5,640,64,4,1,[80; 5; 5; 5; 640; 64; 4; 1],0.1797220290172845,0.813955390363668,tvm
256,4,300,5,160,32,2,0,[256; 4; 300; 5; 160; 32; 2; 0],0.2260124800959602,0.6472461796074466,tvm
256,32,750,6,32,32,2,0,[256; 32; 750; 6; 32; 32; 2; 0],0.2236049179919064,0.6542151022412184,tvm
80,20,10,5,64,32,2,0,[80; 20; 10; 5; 64; 32; 2; 0],0.24393868306651711,0.5996823154359047,tvm
256,4,300,6,64,32,2,0,[256; 4; 300; 6; 64; 32; 2; 0],0.25052735197823495,0.5839111503418722,tvm
80,10,250,10,640,32,2,0,[80; 10; 250; 10; 640; 32; 2; 0],0.22629560506902635,0.6464363912020878,tvm
256,16,60,6,32,32,2,1,[256; 16; 60; 6; 32; 32; 2; 1],0.21148256200831383,0.6917152548963517,tvm
80,16,30,3,64,64,4,1,[80; 16; 30; 3; 64; 64; 4; 1],0.23048685595858842,0.6346813733794757,tvm
80,20,100,5,640,32,2,0,[80; 20; 100; 5; 640; 32; 2; 0],0.23054801393300295,0.6345130100675029,tvm
128,2,20,5,64,32,2,1,[128; 2; 20; 5; 64; 32; 2; 1],0.21896848594769835,0.6680674328663684,tvm
80,40,30,6,160,32,2,0,[80; 40; 30; 6; 160; 32; 2; 0],0.24024489801377058,0.6089024803237626,tvm
128,16,60,5,64,32,2,1,[128; 16; 60; 5; 64; 32; 2; 1],0.20962286996655166,0.6978518818536178,tvm
80,4,50,5,640,32,2,0,[80; 4; 50; 5; 640; 32; 2; 0],0.22683104092720896,0.6449104747205123,tvm
80,8,5,5,160,32,2,0,[80; 8; 5; 5; 160; 32; 2; 0],0.24130885605700314,0.6062177604089175,tvm
80,40,150,5,640,32,2,1,[80; 40; 150; 5; 640; 32; 2; 1],0.22751777700614184,0.642963887088987,tvm
128,1,60,12,1280,32,2,0,[128; 1; 60; 12; 1280; 32; 2; 0],0.22255985694937408,0.6572870610668574,tvm
80,4,100,4,80,80,5,0,[80; 4; 100; 4; 80; 80; 5; 0],0.25728642707690597,0.5685714398062194,tvm
80,16,750,5,320,64,4,0,[80; 16; 750; 5; 320; 64; 4; 0],0.22880271298345178,0.6393530582668154,tvm
160,1,50,10,1280,32,2,1,[160; 1; 50; 10; 1280; 32; 2; 1],0.21382703795097768,0.6841310420212245,tvm
80,40,60,6,1280,32,2,0,[80; 40; 60; 6; 1280; 32; 2; 0],0.2250160010298714,0.6501124969610251,tvm
80,4,150,10,640,32,2,0,[80; 4; 150; 10; 640; 32; 2; 0],0.218293774058111,0.6701323247394689,tvm
80,10,12,3,320,80,5,1,[80; 10; 12; 3; 320; 80; 5; 1],0.21383921697270125,0.6840920779484015,tvm
256,2,60,4,160,32,2,1,[256; 2; 60; 4; 160; 32; 2; 1],0.21167730598244816,0.6910788740756366,tvm
256,4,60,10,1280,32,2,1,[256; 4; 60; 10; 1280; 32; 2; 1],0.21374335803557187,0.6843988773740934,tvm
160,10,100,4,128,32,2,1,[160; 10; 100; 4; 128; 32; 2; 1],0.21776279900223017,0.6717663207672866,tvm
80,40,50,5,320,32,2,1,[80; 40; 50; 5; 320; 32; 2; 1],0.20569727895781398,0.7111699047594875,tvm
160,8,125,5,64,32,2,1,[160; 8; 125; 5; 64; 32; 2; 1],0.2132011599605903,0.6861393920781428,tvm
80,5,1500,4,128,64,4,1,[80; 5; 1500; 4; 128; 64; 4; 1],0.2203371390933171,0.6639176440598125,tvm
80,8,150,6,640,32,2,1,[80; 8; 150; 6; 640; 32; 2; 1],0.21258759195916355,0.6881197201472354,tvm
80,40,3,3,640,64,4,1,[80; 40; 3; 3; 640; 64; 4; 1],0.19982130697462708,0.7320826617568335,tvm
80,40,15,5,320,32,2,1,[80; 40; 15; 5; 320; 32; 2; 1],0.20668633107561618,0.7077667571165879,tvm
160,10,250,5,320,32,2,0,[160; 10; 250; 5; 320; 32; 2; 0],0.21630648500286043,0.676289082520017,tvm
80,16,30,5,160,80,5,0,[80; 16; 30; 5; 160; 80; 5; 0],0.20793655898887664,0.7035112776562764,tvm
256,4,150,6,1280,32,2,1,[256; 4; 150; 6; 1280; 32; 2; 1],0.1889965160517022,0.7740127561171346,tvm
160,1,60,6,160,32,2,0,[160; 1; 60; 6; 160; 32; 2; 0],0.21574263204820454,0.6780565940858128,tvm
160,32,30,10,1280,32,2,0,[160; 32; 30; 10; 1280; 32; 2; 0],0.2396336980164051,0.6104555223101373,tvm
128,8,20,10,128,32,2,1,[128; 8; 20; 10; 128; 32; 2; 1],0.20421669399365783,0.7163259350886239,tvm
80,4,100,4,64,64,4,1,[80; 4; 100; 4; 64; 64; 4; 1],0.20438682497479022,0.7157296675250848,tvm
128,4,15,5,256,32,2,0,[128; 4; 15; 5; 256; 32; 2; 0],0.2068198979832232,0.7073096723874251,tvm
128,16,50,10,256,32,2,0,[128; 16; 50; 10; 256; 32; 2; 0],0.19591272296383977,0.7466881786575684,tvm
80,5,20,5,1280,32,2,1,[80; 5; 20; 5; 1280; 32; 2; 1],0.1968189610633999,0.7432501091121617,tvm
160,40,12,6,1280,32,2,1,[160; 40; 12; 6; 1280; 32; 2; 1],0.18580095400102437,0.7873248825455857,tvm
128,16,20,10,320,32,2,0,[128; 16; 20; 10; 320; 32; 2; 0],0.1947714559501037,0.7510634121007422,tvm
160,2,50,5,640,32,2,1,[160; 2; 50; 5; 640; 32; 2; 1],0.20266099995933473,0.7218246940213829,tvm
80,10,375,5,640,80,5,1,[80; 10; 375; 5; 640; 80; 5; 1],0.199735913076438,0.7323956520014077,tvm
128,4,1500,6,320,64,4,0,[128; 4; 1500; 6; 320; 64; 4; 0],0.19132985302712768,0.7645733897311529,tvm
128,2,6,3,1280,64,4,1,[128; 2; 6; 3; 1280; 64; 4; 1],0.18194032809697092,0.8040312767147845,tvm
160,8,60,5,256,32,2,0,[160; 8; 60; 5; 256; 32; 2; 0],0.2028319239616394,0.721216421106278,tvm
256,16,60,10,256,32,2,0,[256; 16; 60; 10; 256; 32; 2; 0],0.18189585604704916,0.8042278557895022,tvm
256,2,50,10,160,32,2,1,[256; 2; 50; 10; 160; 32; 2; 1],0.18733997899107635,0.7808568949005935,tvm
160,2,6,6,256,32,2,1,[160; 2; 6; 6; 256; 32; 2; 1],0.1842330649960786,0.7940252977326735,tvm
256,32,30,6,256,32,2,0,[256; 32; 30; 6; 256; 32; 2; 0],0.18025258800480515,0.8115595781726842,tvm
80,2,6,6,320,64,4,0,[80; 2; 6; 6; 320; 64; 4; 0],0.19920883106533438,0.734333480616314,tvm
80,4,75,5,640,80,5,0,[80; 4; 75; 5; 640; 80; 5; 0],0.19595135701820254,0.7465409605309615,tvm
80,16,12,4,128,64,4,1,[80; 16; 12; 4; 128; 64; 4; 1],0.198112927027978,0.7383956033573491,tvm
80,16,10,10,640,32,2,1,[80; 16; 10; 10; 640; 32; 2; 1],0.18914346699602902,0.7734114035711606,tvm
80,8,75,5,640,64,4,1,[80; 8; 75; 5; 640; 64; 4; 1],0.20249037304893136,0.7224329338875023,tvm
80,10,125,5,1280,64,4,1,[80; 10; 125; 5; 1280; 64; 4; 1],0.1886866280110553,0.7752839500483485,tvm
80,16,50,5,640,80,5,0,[80; 16; 50; 5; 640; 80; 5; 0],0.19439923099707812,0.7525015070039707,tvm
80,16,10,5,640,80,5,0,[80; 16; 10; 5; 640; 80; 5; 0],0.18440183403436095,0.7932985864904999,tvm
128,16,6,6,1280,32,2,0,[128; 16; 6; 6; 1280; 32; 2; 0],0.17175314901396632,0.851720711530121,tvm
128,32,150,6,320,64,4,1,[128; 32; 150; 6; 320; 64; 4; 1],0.19049978302791715,0.7679048866122676,tvm
160,10,5,5,320,32,2,0,[160; 10; 5; 5; 320; 32; 2; 0],0.18544552696403116,0.7888338785010853,tvm
80,8,4,4,1280,64,4,1,[80; 8; 4; 4; 1280; 64; 4; 1],0.17627154604997486,0.8298884168420508,tvm
128,4,10,5,320,64,4,0,[128; 4; 10; 5; 320; 64; 4; 0],0.18098119494970888,0.8082923439994095,tvm
256,4,10,5,32,32,2,1,[256; 4; 10; 5; 32; 32; 2; 1],0.21002263203263283,0.6965235740069421,tvm
80,40,150,3,640,64,4,0,[80; 40; 150; 3; 640; 64; 4; 0],0.22453192295506597,0.6515141025848225,tvm
256,1,125,5,1280,32,2,0,[256; 1; 125; 5; 1280; 32; 2; 0],0.21309543692041188,0.6864798064181447,tvm
160,32,5,5,64,32,2,0,[160; 32; 5; 5; 64; 32; 2; 0],0.2144344390835613,0.6821931911259336,tvm
80,40,100,4,640,32,2,1,[80; 40; 100; 4; 640; 32; 2; 1],0.23121392994653434,0.6326855580005117,tvm
80,40,100,4,256,64,4,0,[80; 40; 100; 4; 256; 64; 4; 0],0.21959403296932578,0.6661643411146256,tvm
80,40,300,6,128,64,4,1,[80; 40; 300; 6; 128; 64; 4; 1],0.24461915099527687,0.5980141525736012,tvm
256,1,12,4,128,32,2,0,[256; 1; 12; 4; 128; 32; 2; 0],0.22654346900526434,0.6457291173656168,tvm
80,8,500,4,1280,64,4,1,[80; 8; 500; 4; 1280; 64; 4; 1],0.2286255630897358,0.6398484592394289,tvm
160,1,20,5,1280,32,2,0,[160; 1; 20; 5; 1280; 32; 2; 0],0.21381151699461043,0.684180704304164,tvm
80,40,20,4,640,32,2,0,[80; 40; 20; 4; 640; 32; 2; 0],0.22123644989915192,0.6612188649401893,tvm
80,10,150,3,640,64,4,1,[80; 10; 150; 3; 640; 64; 4; 1],0.21624729596078396,0.6764741895882154,tvm
128,4,100,4,320,32,2,1,[128; 4; 100; 4; 320; 32; 2; 1],0.21828421694226563,0.6701616650754262,tvm
160,32,100,4,256,32,2,0,[160; 32; 100; 4; 256; 32; 2; 0],0.22149761696346104,0.6604392240926279,tvm
256,16,12,6,64,32,2,0,[256; 16; 12; 6; 64; 32; 2; 0],0.19409084296785295,0.7536971453616873,tvm
128,64,5,5,160,32,2,1,[128; 64; 5; 5; 160; 32; 2; 1],0.22520570398773998,0.649564872005542,tvm
160,32,250,5,256,32,2,0,[160; 32; 250; 5; 256; 32; 2; 0],0.22038189007434994,0.6637828282367579,tvm
80,2,75,3,640,80,5,1,[80; 2; 75; 3; 640; 80; 5; 1],0.22006479499395937,0.6647392841264308,tvm
80,20,150,6,256,32,2,1,[80; 20; 150; 6; 256; 32; 2; 1],0.22124384006019682,0.6611967783867445,tvm
80,20,5,5,64,64,4,0,[80; 20; 5; 5; 64; 64; 4; 0],0.21274887095205486,0.6875980757551531,tvm
160,20,20,4,1280,32,2,0,[160; 20; 20; 4; 1280; 32; 2; 0],0.21718261600472033,0.6735608815142685,tvm
160,1,30,5,640,32,2,0,[160; 1; 30; 5; 640; 32; 2; 0],0.2123537870356813,0.6888773509894328,tvm
160,2,60,6,64,32,2,1,[160; 2; 60; 6; 64; 32; 2; 1],0.2078788389917463,0.7037066158115424,tvm
80,10,30,10,320,32,2,0,[80; 10; 30; 10; 320; 32; 2; 0],0.2166691570309922,0.6751570749167113,tvm
160,16,100,4,640,32,2,1,[160; 16; 100; 4; 640; 32; 2; 1],0.21621561900246888,0.6765732973437221,tvm
256,1,25,5,320,32,2,0,[256; 1; 25; 5; 320; 32; 2; 0],0.21805318805854768,0.6708717060648355,tvm
80,5,250,5,256,64,4,0,[80; 5; 250; 5; 256; 64; 4; 0],0.21132401400245726,0.6922342213507893,tvm
80,16,60,10,256,32,2,1,[80; 16; 60; 10; 256; 32; 2; 1],0.20395733311306685,0.7172368458290175,tvm
128,16,60,4,128,64,4,0,[128; 16; 60; 4; 128; 64; 4; 0],0.20666631206404418,0.7078353158998723,tvm
160,10,12,4,128,32,2,1,[160; 10; 12; 4; 128; 32; 2; 1],0.21157092694193125,0.6914263523828327,tvm
128,2,500,4,128,64,4,1,[128; 2; 500; 4; 128; 64; 4; 1],0.2124687860487029,0.6885044952070378,tvm
128,8,150,6,160,32,2,0,[128; 8; 150; 6; 160; 32; 2; 0],0.21250697202049196,0.6883807759098277,tvm
128,16,30,6,128,32,2,0,[128; 16; 30; 6; 128; 32; 2; 0],0.2113021700643003,0.6923057829514899,tvm
128,4,50,10,160,32,2,0,[128; 4; 50; 10; 160; 32; 2; 0],0.2036341370549053,0.7183752017289307,tvm
128,4,60,5,640,32,2,0,[128; 4; 60; 5; 640; 32; 2; 0],0.2089776520151645,0.7000064977048314,tvm
256,8,12,4,640,32,2,1,[256; 8; 12; 4; 640; 32; 2; 1],0.2068319609388709,0.707268420323825,tvm
80,8,30,3,1280,80,5,1,[80; 8; 30; 3; 1280; 80; 5; 1],0.1937747539486736,0.7549265903052673,tvm
256,32,20,4,256,32,2,1,[256; 32; 20; 4; 256; 32; 2; 1],0.19575989595614374,0.7472711076557111,tvm
160,32,150,10,320,32,2,0,[160; 32; 150; 10; 320; 32; 2; 0],0.22455626307055354,0.6514434836304372,tvm
80,20,60,4,320,64,4,0,[80; 20; 60; 4; 320; 64; 4; 0],0.20824074908159673,0.7024836153868902,tvm
256,32,60,10,128,32,2,0,[256; 32; 60; 10; 128; 32; 2; 0],0.2176869180984795,0.6720004838303422,tvm
128,1,250,5,640,64,4,0,[128; 1; 250; 5; 640; 64; 4; 0],0.20461093599442393,0.7149457265065289,tvm
128,2,30,10,320,32,2,0,[128; 2; 30; 10; 320; 32; 2; 0],0.1990375459427014,0.7349654236986362,tvm
80,5,250,5,320,80,5,1,[80; 5; 250; 5; 320; 80; 5; 1],0.20062025997322053,0.7291672052724935,tvm
160,4,100,5,320,32,2,0,[160; 4; 100; 5; 320; 32; 2; 0],0.21225420397240669,0.6892005507920664,tvm
80,8,250,5,640,64,4,1,[80; 8; 250; 5; 640; 64; 4; 1],0.2076619219733402,0.7044416852912233,tvm
160,8,100,10,256,32,2,0,[160; 8; 100; 10; 256; 32; 2; 0],0.19439095898997039,0.7525335285436907,tvm
160,1,10,10,320,32,2,0,[160; 1; 10; 10; 320; 32; 2; 0],0.19587851502001286,0.7468185792135923,tvm
256,4,30,6,128,32,2,0,[256; 4; 30; 6; 128; 32; 2; 0],0.19200053194072098,0.7619026510347333,tvm
160,20,12,6,256,32,2,0,[160; 20; 12; 6; 256; 32; 2; 0],0.186502012074925,0.7843653409323311,tvm
160,20,30,5,160,32,2,1,[160; 20; 30; 5; 160; 32; 2; 1],0.19294245401397347,0.7581831330657784,tvm
160,10,30,5,640,32,2,1,[160; 10; 30; 5; 640; 32; 2; 1],0.18828826094977558,0.7769242413085693,tvm
80,1,60,5,640,64,4,0,[80; 1; 60; 5; 640; 64; 4; 0],0.2053795229876414,0.712270201808371,tvm
80,4,20,4,256,64,4,1,[80; 4; 20; 4; 256; 64; 4; 1],0.19598404096905142,0.7464164610669234,tvm
80,4,750,6,64,64,4,1,[80; 4; 750; 6; 64; 64; 4; 1],0.18533622089307755,0.789299110453472,tvm
128,32,150,5,640,64,4,0,[128; 32; 150; 5; 640; 64; 4; 0],0.18753269501030445,0.780054455452028,tvm
128,8,150,6,320,64,4,0,[128; 8; 150; 6; 320; 64; 4; 0],0.18643003108445555,0.7846681858860213,tvm
80,16,50,5,160,80,5,1,[80; 16; 50; 5; 160; 80; 5; 1],0.1844915070105344,0.792912999932086,tvm
128,4,12,4,320,64,4,0,[128; 4; 12; 4; 320; 64; 4; 0],0.18719548697117716,0.7814596209161719,tvm
80,20,30,6,640,64,4,0,[80; 20; 30; 6; 640; 64; 4; 0],0.18459418008569628,0.792471974023246,tvm
128,32,60,6,320,64,4,1,[128; 32; 60; 6; 320; 64; 4; 1],0.186040350003168,0.786311755934792,tvm
128,32,30,5,640,64,4,0,[128; 32; 30; 5; 640; 64; 4; 0],0.17793853499460965,0.8221137388264199,tvm
128,1,30,6,320,64,4,1,[128; 1; 30; 6; 320; 64; 4; 1],0.1780386669561267,0.8216513681365794,tvm
128,8,30,5,1280,64,4,0,[128; 8; 30; 5; 1280; 64; 4; 0],0.174230698030442,0.8396092992760376,tvm
256,32,750,5,128,32,2,1,[256; 32; 750; 5; 128; 32; 2; 1],0.2215539370663464,0.6602713371864282,tvm
256,16,300,12,1280,32,2,0,[256; 16; 300; 12; 1280; 32; 2; 0],0.2315961989806965,0.6316412571948437,tvm
128,64,20,5,128,32,2,0,[128; 64; 20; 5; 128; 32; 2; 0],0.2435542579041794,0.6006288518399334,tvm
256,16,300,6,320,32,2,0,[256; 16; 300; 6; 320; 32; 2; 0],0.21484214102383703,0.6808986057790389,tvm
80,2,15,3,320,64,4,0,[80; 2; 15; 3; 320; 64; 4; 0],0.23253596504218876,0.6290885552227322,tvm
160,32,20,5,64,32,2,0,[160; 32; 20; 5; 64; 32; 2; 0],0.22585354396142066,0.6477016553289162,tvm
160,2,15,5,64,32,2,0,[160; 2; 15; 5; 64; 32; 2; 0],0.22971527697518468,0.6368131724278704,tvm
256,32,100,10,32,32,2,1,[256; 32; 100; 10; 32; 32; 2; 1],0.23760224494617432,0.6156747985224357,tvm
160,5,15,5,64,32,2,0,[160; 5; 15; 5; 64; 32; 2; 0],0.22384736605454236,0.6535065248436763,tvm
80,20,15,3,320,80,5,0,[80; 20; 15; 3; 320; 80; 5; 0],0.22033053101040423,0.663937556065739,tvm
80,8,500,4,640,64,4,1,[80; 8; 500; 4; 640; 64; 4; 1],0.2382337749004364,0.6140427164320029,tvm
128,64,12,6,256,32,2,0,[128; 64; 12; 6; 256; 32; 2; 0],0.23128156806342304,0.6325005295951608,tvm
80,20,12,3,80,80,5,1,[80; 20; 12; 3; 80; 80; 5; 1],0.21302741905674338,0.6866989936480837,tvm
80,8,125,5,128,32,2,1,[80; 8; 125; 5; 128; 32; 2; 1],0.2183992420323193,0.6698087086953651,tvm
128,64,12,6,640,32,2,0,[128; 64; 12; 6; 640; 32; 2; 0],0.22098028706386685,0.6619853572886136,tvm
256,4,150,6,32,32,2,1,[256; 4; 150; 6; 32; 32; 2; 1],0.2066666070604697,0.7078343055339936,tvm
80,1,50,5,1280,32,2,1,[80; 1; 50; 5; 1280; 32; 2; 1],0.2214245320064947,0.6606572133634385,tvm
80,10,375,5,80,80,5,0,[80; 10; 375; 5; 80; 80; 5; 0],0.20875470503233373,0.7007540944433147,tvm
160,5,100,4,1280,32,2,0,[160; 5; 100; 4; 1280; 32; 2; 0],0.22245118394494057,0.6576081623459546,tvm
160,10,100,4,320,32,2,0,[160; 10; 100; 4; 320; 32; 2; 0],0.21882709197234362,0.6684991011268502,tvm
80,10,100,5,160,32,2,1,[80; 10; 100; 5; 160; 32; 2; 1],0.21301947603933513,0.6867245991099044,tvm
80,1,10,5,128,64,4,0,[80; 1; 10; 5; 128; 64; 4; 0],0.22887682192958891,0.6391460395702159,tvm
80,8,50,10,128,32,2,1,[80; 8; 50; 10; 128; 32; 2; 1],0.21151201496832073,0.6916189338351502,tvm
80,2,150,3,1280,64,4,1,[80; 2; 150; 3; 1280; 64; 4; 1],0.22196786699350923,0.6590400505582727,tvm
80,5,150,3,1280,64,4,1,[80; 5; 150; 3; 1280; 64; 4; 1],0.2100655009271577,0.6963814316965846,tvm
256,1,12,12,64,32,2,1,[256; 1; 12; 12; 64; 32; 2; 1],0.20938968402333558,0.6986290416743328,tvm
256,1,50,5,128,32,2,0,[256; 1; 50; 5; 128; 32; 2; 0],0.21275360300205648,0.6875827822492871,tvm
80,16,750,6,320,64,4,0,[80; 16; 750; 6; 320; 64; 4; 0],0.21825424092821777,0.670253708077208,tvm
256,2,60,5,1280,32,2,1,[256; 2; 60; 5; 1280; 32; 2; 1],0.20899378310423344,0.6999524680251175,tvm
256,32,150,10,64,32,2,1,[256; 32; 150; 10; 64; 32; 2; 1],0.22508187708444893,0.6499222246615131,tvm
80,8,250,5,160,80,5,0,[80; 8; 250; 5; 160; 80; 5; 0],0.20519811799749732,0.7128998828707506,tvm
256,32,150,6,64,32,2,1,[256; 32; 150; 6; 64; 32; 2; 1],0.19210828398354352,0.761475305761648,tvm
160,16,250,5,1280,32,2,1,[160; 16; 250; 5; 1280; 32; 2; 1],0.20221405697520822,0.7234201047835619,tvm
128,16,30,10,128,32,2,0,[128; 16; 30; 10; 128; 32; 2; 0],0.20538900594692677,0.7122373157768485,tvm
160,16,60,12,320,32,2,0,[160; 16; 60; 12; 320; 32; 2; 0],0.2067893430357799,0.7074141836235879,tvm
160,2,75,5,320,32,2,0,[160; 2; 75; 5; 320; 32; 2; 0],0.20948601502459496,0.6983077809205519,tvm
256,32,20,10,256,32,2,0,[256; 32; 20; 10; 256; 32; 2; 0],0.20878928003367037,0.7006380512549474,tvm
80,2,12,3,1280,80,5,1,[80; 2; 12; 3; 1280; 80; 5; 1],0.19790572999045253,0.7391686652669,tvm
80,20,6,3,640,80,5,1,[80; 20; 6; 3; 640; 80; 5; 1],0.19940338504966348,0.7336170057959664,tvm
80,20,15,5,256,64,4,0,[80; 20; 15; 5; 256; 64; 4; 0],0.19896036200225353,0.7352505434427054,tvm
128,4,12,6,256,32,2,1,[128; 4; 12; 6; 256; 32; 2; 1],0.19228292990010232,0.7607836762302032,tvm
160,10,150,6,320,32,2,0,[160; 10; 150; 6; 320; 32; 2; 0],0.20268013107124716,0.7217565605100739,tvm
160,2,20,10,320,32,2,0,[160; 2; 20; 10; 320; 32; 2; 0],0.19615106703713536,0.7457808743809661,tvm
256,32,12,6,128,32,2,0,[256; 32; 12; 6; 128; 32; 2; 0],0.18382158200256526,0.7958027163734933,tvm
128,4,25,5,128,64,4,0,[128; 4; 25; 5; 128; 64; 4; 0],0.19665951805654913,0.7438527040610873,tvm
160,10,20,5,640,32,2,0,[160; 10; 20; 5; 640; 32; 2; 0],0.1897203780245036,0.7710595762507946,tvm
256,32,50,5,256,32,2,0,[256; 32; 50; 5; 256; 32; 2; 0],0.18860878597479314,0.7756039228483493,tvm
256,8,50,10,640,32,2,0,[256; 8; 50; 10; 640; 32; 2; 0],0.19678817596286535,0.7433663814909233,tvm
80,1,125,5,64,64,4,1,[80; 1; 125; 5; 64; 64; 4; 1],0.21071033598855138,0.6942503014833715,tvm
160,5,30,6,256,32,2,0,[160; 5; 30; 6; 256; 32; 2; 0],0.19488286902196705,0.7506340347915602,tvm
160,4,12,6,128,32,2,1,[160; 4; 12; 6; 128; 32; 2; 1],0.19375270896125585,0.7550124850897781,tvm
80,20,15,5,320,80,5,0,[80; 20; 15; 5; 320; 80; 5; 0],0.1962558920495212,0.7453825348020738,tvm
80,5,250,5,128,64,4,1,[80; 5; 250; 5; 128; 64; 4; 1],0.19499203492887318,0.7502137938048322,tvm
80,2,150,5,640,80,5,1,[80; 2; 150; 5; 640; 80; 5; 1],0.1967387569602579,0.7435531084262399,tvm
80,5,150,5,128,64,4,1,[80; 5; 150; 5; 128; 64; 4; 1],0.1896583919879049,0.771311581588456,tvm
128,2,1500,5,128,64,4,1,[128; 2; 1500; 5; 128; 64; 4; 1],0.18988470500335097,0.7703922982271412,tvm
160,8,10,5,1280,32,2,0,[160; 8; 10; 5; 1280; 32; 2; 0],0.1838443570304662,0.7957041306493416,tvm
128,4,750,5,64,64,4,1,[128; 4; 750; 5; 64; 64; 4; 1],0.1916982369730249,0.7631041192428865,tvm
128,32,125,5,640,64,4,0,[128; 32; 125; 5; 640; 64; 4; 0],0.18499893590342253,0.790738138959252,tvm
80,5,10,5,320,80,5,1,[80; 5; 10; 5; 320; 80; 5; 1],0.18544955097604543,0.788816761840583,tvm
128,2,150,6,1280,64,4,1,[128; 2; 150; 6; 1280; 64; 4; 1],0.18096653302200139,0.808357831930887,tvm
80,4,30,5,640,80,5,1,[80; 4; 30; 5; 640; 80; 5; 1],0.1805698530515656,0.8101336508477929,tvm
128,4,20,5,640,64,4,1,[128; 4; 20; 5; 640; 64; 4; 1],0.17068935197312385,0.8570289393842677,tvm
128,8,12,6,320,64,4,1,[128; 8; 12; 6; 320; 64; 4; 1],0.16978400002699345,0.8615989390193232,tvm
256,64,375,5,32,32,2,1,[256; 64; 375; 5; 32; 32; 2; 1],0.23247444990556687,0.6292550185413357,tvm
256,2,100,4,32,32,2,0,[256; 2; 100; 4; 32; 32; 2; 0],0.2515203800285235,0.581605809712616,tvm
80,20,30,5,64,32,2,1,[80; 20; 30; 5; 64; 32; 2; 1],0.23084877396468073,0.6336863383476129,tvm
160,80,10,5,320,32,2,1,[160; 80; 10; 5; 320; 32; 2; 1],0.22646474407520145,0.6459535893019076,tvm
80,40,12,12,1280,32,2,0,[80; 40; 12; 12; 1280; 32; 2; 0],0.2352524989983067,0.6218242735298946,tvm
160,32,20,4,64,32,2,0,[160; 32; 20; 4; 64; 32; 2; 0],0.23620372998993844,0.6193200856393997,tvm
256,1,300,5,128,32,2,0,[256; 1; 300; 5; 128; 32; 2; 0],0.2496307420078665,0.5860084102986981,tvm
256,2,500,5,32,32,2,1,[256; 2; 500; 5; 32; 32; 2; 1],0.21772527799475938,0.6718820875233209,tvm
160,20,150,6,64,32,2,0,[160; 20; 150; 6; 64; 32; 2; 0],0.21334540494717658,0.685675486293853,tvm
160,4,150,6,32,32,2,1,[160; 4; 150; 6; 32; 32; 2; 1],0.22524296201299876,0.6494574257875021,tvm
80,40,250,5,256,64,4,1,[80; 40; 250; 5; 256; 64; 4; 1],0.21516611299011856,0.6798733882989857,tvm
80,1,30,3,160,80,5,1,[80; 1; 30; 3; 160; 80; 5; 1],0.23329166194889694,0.6270507615388264,tvm
80,2,3,3,320,64,4,0,[80; 2; 3; 3; 320; 64; 4; 0],0.22650230093859136,0.6458464822632193,tvm
128,1,60,12,1280,32,2,0,[128; 1; 60; 12; 1280; 32; 2; 0],0.2220271739643067,0.658864010534275,tvm
256,8,4,4,64,32,2,1,[256; 8; 4; 4; 64; 32; 2; 1],0.20620768598746508,0.7094096109230704,tvm
256,16,4,4,64,32,2,1,[256; 16; 4; 4; 64; 32; 2; 1],0.19960373698268086,0.7328806388950883,tvm
80,1,15,5,80,80,5,0,[80; 1; 15; 5; 80; 80; 5; 0],0.22309888002928346,0.6556990078413355,tvm
80,2,10,5,128,64,4,0,[80; 2; 10; 5; 128; 64; 4; 0],0.22017684392631054,0.6644009954774065,tvm
80,4,12,4,640,32,2,1,[80; 4; 12; 4; 640; 32; 2; 1],0.22173977398779243,0.659717973257102,tvm
160,5,60,4,256,32,2,0,[160; 5; 60; 4; 256; 32; 2; 0],0.21998456201981753,0.664981728456636,tvm
128,8,250,10,160,32,2,1,[128; 8; 250; 10; 160; 32; 2; 1],0.22590514295734465,0.6475537137874543,tvm
80,40,6,6,320,64,4,1,[80; 40; 6; 6; 320; 64; 4; 1],0.21791755908634514,0.6712892476358536,tvm
80,8,300,5,320,64,4,0,[80; 8; 300; 5; 320; 64; 4; 0],0.22211773495655507,0.658595381023163,tvm
80,4,25,5,64,64,4,0,[80; 4; 25; 5; 64; 64; 4; 0],0.2168329149717465,0.6746471784727676,tvm
80,16,125,5,1280,32,2,1,[80; 16; 125; 5; 1280; 32; 2; 1],0.20754014293197542,0.7048550329545729,tvm
160,10,12,6,64,32,2,1,[160; 10; 12; 6; 64; 32; 2; 1],0.19917168898973614,0.7344704211111691,tvm
128,1,500,4,64,64,4,1,[128; 1; 500; 4; 64; 64; 4; 1],0.2082950909389183,0.7023003452760775,tvm
80,2,125,5,160,80,5,0,[80; 2; 125; 5; 160; 80; 5; 0],0.20753250503912568,0.7048809739859081,tvm
256,16,100,4,256,32,2,1,[256; 16; 100; 4; 256; 32; 2; 1],0.1992889839457348,0.7340381359239958,tvm
80,5,5,5,256,32,2,0,[80; 5; 5; 5; 256; 32; 2; 0],0.21173225797247142,0.6908995147292756,tvm
128,4,6,3,128,64,4,1,[128; 4; 6; 3; 128; 64; 4; 1],0.1991724360268563,0.7344676663290357,tvm
160,40,75,5,1280,32,2,0,[160; 40; 75; 5; 1280; 32; 2; 0],0.2076953259529546,0.7043283887806397,tvm
128,32,30,10,320,32,2,1,[128; 32; 30; 10; 320; 32; 2; 1],0.2196983880130574,0.6658479181787171,tvm
128,1,10,5,256,32,2,1,[128; 1; 10; 5; 256; 32; 2; 1],0.2183882970130071,0.6698422776610671,tvm
128,1,20,10,320,32,2,1,[128; 1; 20; 10; 320; 32; 2; 1],0.199331788928248,0.7338805068286007,tvm
160,5,60,12,640,32,2,0,[160; 5; 60; 12; 640; 32; 2; 0],0.20261256210505962,0.7219972580469198,tvm
80,1,20,5,256,64,4,0,[80; 1; 20; 5; 256; 64; 4; 0],0.20685507101006806,0.7071894035345851,tvm
128,32,12,6,160,32,2,1,[128; 32; 12; 6; 160; 32; 2; 1],0.18760049203410745,0.779772551231466,tvm
256,2,100,5,320,32,2,1,[256; 2; 100; 5; 320; 32; 2; 1],0.20165005198214203,0.7254434742157628,tvm
256,2,5,5,640,32,2,0,[256; 2; 5; 5; 640; 32; 2; 0],0.18356570799369365,0.7969119934467276,tvm
160,2,60,10,640,32,2,1,[160; 2; 60; 10; 640; 32; 2; 1],0.19385700288694352,0.7546062928200094,tvm
256,8,12,12,320,32,2,1,[256; 8; 12; 12; 320; 32; 2; 1],0.19006301404442638,0.7696695489187637,tvm
128,4,30,6,320,32,2,1,[128; 4; 30; 6; 320; 32; 2; 1],0.19132366799749434,0.7645981065323821,tvm
80,8,3,3,1280,64,4,0,[80; 8; 3; 3; 1280; 64; 4; 0],0.1941194219980389,0.7535861830826601,tvm
160,32,30,5,640,32,2,0,[160; 32; 30; 5; 640; 32; 2; 0],0.1907525360584259,0.7668873888046669,tvm
160,20,150,6,256,32,2,1,[160; 20; 150; 6; 256; 32; 2; 1],0.1923221789766103,0.7606284156311747,tvm
80,1,100,5,640,80,5,0,[80; 1; 100; 5; 640; 80; 5; 0],0.2017844709334895,0.7249602192327861,tvm
128,4,60,4,256,64,4,0,[128; 4; 60; 4; 256; 64; 4; 0],0.1950213259551674,0.7501011162201988,tvm
160,4,50,10,640,32,2,1,[160; 4; 50; 10; 640; 32; 2; 1],0.18960369797423482,0.771534077914414,tvm
80,2,100,5,640,80,5,0,[80; 2; 100; 5; 640; 80; 5; 0],0.19788199907634407,0.7392573097529522,tvm
80,1,10,10,1280,32,2,1,[80; 1; 10; 10; 1280; 32; 2; 1],0.19331569597125053,0.756719280091305,tvm
256,16,60,5,128,32,2,1,[256; 16; 60; 5; 128; 32; 2; 1],0.18636962899472564,0.7849224955523963,tvm
256,8,50,10,640,32,2,1,[256; 8; 50; 10; 640; 32; 2; 1],0.1943046550732106,0.7528677798820435,tvm
160,5,12,6,320,32,2,0,[160; 5; 12; 6; 320; 32; 2; 0],0.18813045101705939,0.7775759505963727,tvm
256,16,30,5,160,32,2,0,[256; 16; 30; 5; 160; 32; 2; 0],0.1908875780645758,0.7663448599899306,tvm
160,16,25,5,256,32,2,1,[160; 16; 25; 5; 256; 32; 2; 1],0.18814982706680894,0.7774958742522289,tvm
256,4,30,6,320,32,2,1,[256; 4; 30; 6; 320; 32; 2; 1],0.18199308298062533,0.8037982097445298,tvm
160,10,4,4,1280,32,2,1,[160; 10; 4; 4; 1280; 32; 2; 1],0.18660621589515358,0.783927339097355,tvm
80,10,50,5,640,80,5,0,[80; 10; 50; 5; 640; 80; 5; 0],0.1909423660254106,0.7661249691765452,tvm
80,8,5,5,1280,32,2,1,[80; 8; 5; 5; 1280; 32; 2; 1],0.18636175489518791,0.7849556598562143,tvm
128,8,750,6,128,64,4,1,[128; 8; 750; 6; 128; 64; 4; 1],0.18018994107842445,0.811841734395407,tvm
80,16,6,6,1280,32,2,1,[80; 16; 6; 6; 1280; 32; 2; 1],0.18052112602163106,0.8103523255676209,tvm
256,4,10,5,256,32,2,1,[256; 4; 10; 5; 256; 32; 2; 1],0.181589848943986,0.8055831046527179,tvm
128,8,75,5,256,64,4,1,[128; 8; 75; 5; 256; 64; 4; 1],0.17525602399837226,0.8346972101060159,tvm
