i1,i2,i3,j1,j2,j3,k1,ku,nvr,pack_c,X,time,peak,backend
16,2,2,14336,256,64,128,8,4,0,[16; 2; 2; 14336; 256; 64; 128; 8; 4; 0],1.1102033159695566,0.05037280336754719,tvm
1,1,1,2048,32,32,32,16,2,1,[1; 1; 1; 2048; 32; 32; 32; 16; 2; 1],2.290443005040288,0.024416260614330217,tvm
8,8,1,14336,896,16,512,2,1,1,[8; 8; 1; 14336; 896; 16; 512; 2; 1; 1],1.3110859969165176,0.04265475603038895,tvm
2,1,1,896,448,224,8,2,14,0,[2; 1; 1; 896; 448; 224; 8; 2; 14; 0],1.4027422869112343,0.03986766054973305,tvm
32,32,2,2048,1024,128,2048,8,8,1,[32; 32; 2; 2048; 1024; 128; 2048; 8; 8; 1],0.473385457880795,0.1181363990006972,tvm
32,32,8,512,16,16,512,4,1,0,[32; 32; 8; 512; 16; 16; 512; 4; 1; 0],0.27732542296871543,0.2016549825640833,tvm
8,4,2,3584,3584,112,32,16,7,0,[8; 4; 2; 3584; 3584; 112; 32; 16; 7; 0],0.3948459748644382,0.14163511063404824,tvm
16,4,1,14336,3584,32,2048,1,2,1,[16; 4; 1; 14336; 3584; 32; 2048; 1; 2; 1],1.9740140398498625,0.028330119342812148,tvm
8,4,1,448,224,224,32,8,14,1,[8; 4; 1; 448; 224; 224; 32; 8; 14; 1],0.6059412700124085,0.0922928608777351,tvm
64,4,2,512,128,128,32,4,8,0,[64; 4; 2; 512; 128; 128; 32; 4; 8; 0],0.40331299090757966,0.13866167119359787,tvm
32,4,1,14336,448,16,16,4,1,1,[32; 4; 1; 14336; 448; 16; 16; 4; 1; 1],0.5139803541824222,0.10880581889611435,tvm
64,64,4,14336,448,64,64,2,4,0,[64; 64; 4; 14336; 448; 64; 64; 2; 4; 0],0.11347845499403775,0.4928164851757246,tvm
16,4,4,7168,1024,16,1024,4,1,1,[16; 4; 4; 7168; 1024; 16; 1024; 4; 1; 1],0.7081920017953962,0.07896736081677798,tvm
32,2,1,448,32,16,32,8,1,1,[32; 2; 1; 448; 32; 16; 32; 8; 1; 1],0.9548408251721412,0.05856898014729439,tvm
16,8,8,896,64,16,256,16,1,0,[16; 8; 8; 896; 64; 16; 256; 16; 1; 0],0.49347604205831885,0.11332678502500482,tvm
4,4,1,224,112,112,16,8,7,0,[4; 4; 1; 224; 112; 112; 16; 8; 7; 0],0.6308347920421511,0.0886508703051949,tvm
64,1,1,128,32,16,1024,64,1,1,[64; 1; 1; 128; 32; 16; 1024; 64; 1; 1],1.2164558998774737,0.0459729393716338,tvm
8,4,2,3584,3584,112,32,16,7,0,[8; 4; 2; 3584; 3584; 112; 32; 16; 7; 0],0.39526459900662303,0.14148510510144693,tvm
64,64,1,7168,112,112,256,16,7,0,[64; 64; 1; 7168; 112; 112; 256; 16; 7; 0],0.8367032390087843,0.06683857636261188,tvm
64,4,2,2048,256,32,256,2,2,0,[64; 4; 2; 2048; 256; 32; 256; 2; 2; 0],0.5103526439052075,0.1095792370259977,tvm
4,4,4,128,64,16,1024,32,1,0,[4; 4; 4; 128; 64; 16; 1024; 32; 1; 0],0.711036428110674,0.0786514602098961,tvm
8,2,1,7168,7168,16,4096,1,1,1,[8; 2; 1; 7168; 7168; 16; 4096; 1; 1; 1],2.5495685101486742,0.021934712917391738,tvm
32,32,1,1792,1792,224,512,1,14,1,[32; 32; 1; 1792; 1792; 224; 512; 1; 14; 1],0.820184740005061,0.06818470352543776,tvm
16,16,4,3584,448,64,32,8,4,1,[16; 16; 4; 3584; 448; 64; 32; 8; 4; 1],0.16660744999535382,0.335663581279786,tvm
32,8,4,2048,128,32,16,1,2,0,[32; 8; 4; 2048; 128; 32; 16; 1; 2; 0],0.29043413093313575,0.19255331029330114,tvm
8,1,1,896,128,128,512,1,8,1,[8; 1; 1; 896; 128; 128; 512; 1; 8; 1],1.3848487159702927,0.04038278888401915,tvm
2,2,2,3584,128,128,4096,16,8,1,[2; 2; 2; 3584; 128; 128; 4096; 16; 8; 1],1.0390833569690585,0.05382056497994571,tvm
2,2,2,14336,3584,32,4096,16,2,0,[2; 2; 2; 14336; 3584; 32; 4096; 16; 2; 0],1.1657340270467103,0.04797325293404384,tvm
16,2,2,14336,1024,128,512,4,8,1,[16; 2; 2; 14336; 1024; 128; 512; 4; 8; 1],1.0740468779113144,0.05206854047384612,tvm
32,4,1,512,512,16,64,1,1,1,[32; 4; 1; 512; 512; 16; 64; 1; 1; 1],0.6879288021009415,0.08129337391099298,tvm
32,32,1,2048,1024,64,32,32,4,0,[32; 32; 1; 2048; 1024; 64; 32; 32; 4; 0],0.25093651399947703,0.22286136219079652,tvm
32,16,16,512,32,16,4096,2,1,0,[32; 16; 16; 512; 32; 16; 4096; 2; 1; 0],0.39590429491363466,0.14125649570316734,tvm
32,8,1,1792,448,32,64,8,2,0,[32; 8; 1; 1792; 448; 32; 64; 8; 2; 0],0.4452989469282329,0.12558766132080343,tvm
64,16,1,7168,224,16,512,2,1,0,[64; 16; 1; 7168; 224; 16; 512; 2; 1; 0],1.2109419798944145,0.046182273190503734,tvm
16,1,1,7168,128,64,64,2,4,1,[16; 1; 1; 7168; 128; 64; 64; 2; 4; 1],2.2436816601548344,0.024925128339941982,tvm
64,32,1,512,512,64,1024,1,4,0,[64; 32; 1; 512; 512; 64; 1024; 1; 4; 0],0.756927456939593,0.07388297626227659,tvm
4,2,1,224,32,16,1024,1,1,0,[4; 2; 1; 224; 32; 16; 1024; 1; 1; 0],1.708437629044056,0.03273403276924147,tvm
64,4,1,256,32,16,256,16,1,1,[64; 4; 1; 256; 32; 16; 256; 16; 1; 1],1.0400159759446979,0.05377230218269941,tvm
16,16,8,7168,448,16,2048,8,1,0,[16; 16; 8; 7168; 448; 16; 2048; 8; 1; 0],0.48810665193013847,0.11457343003253644,tvm
32,8,4,256,256,32,256,32,2,1,[32; 8; 4; 256; 256; 32; 256; 32; 2; 1],0.33909256709739566,0.16492267528020035,tvm
2,1,1,256,128,32,64,32,2,0,[2; 1; 1; 256; 128; 32; 64; 32; 2; 0],2.1695436979644,0.02577687344385123,tvm
16,16,4,1792,64,16,256,2,1,0,[16; 16; 4; 1792; 64; 16; 256; 2; 1; 0],0.40425613103434443,0.1383381698880955,tvm
32,32,1,448,448,112,16,16,7,0,[32; 32; 1; 448; 448; 112; 16; 16; 7; 0],0.26943494798615575,0.20756050301316833,tvm
64,2,2,1024,256,32,4096,8,2,0,[64; 2; 2; 1024; 256; 32; 4096; 8; 2; 0],0.521478084847331,0.10724142578245789,tvm
2,1,1,14336,1792,64,256,16,4,1,[2; 1; 1; 14336; 1792; 64; 256; 16; 4; 1],2.3086577451322228,0.02422362234127104,tvm
32,2,1,448,448,16,4,4,1,1,[32; 2; 1; 448; 448; 16; 4; 4; 1; 1],0.5687721921131015,0.09832416934021403,tvm
8,4,2,3584,448,32,64,8,2,0,[8; 4; 2; 3584; 448; 32; 64; 8; 2; 0],0.6543251969851553,0.08546828639796686,tvm
64,8,8,16,16,16,128,32,1,0,[64; 8; 8; 16; 16; 16; 128; 32; 1; 0],0.42818382987752557,0.13060757887407712,tvm
4,4,4,128,64,16,1024,32,1,0,[4; 4; 4; 128; 64; 16; 1024; 32; 1; 0],0.7120296980720013,0.07854174268961212,tvm
64,8,4,14336,896,64,512,4,4,1,[64; 8; 4; 14336; 896; 64; 512; 4; 4; 1],0.5244600120931864,0.10663168219466981,tvm
32,2,1,112,112,16,16,4,1,0,[32; 2; 1; 112; 112; 16; 16; 4; 1; 0],0.8314663919154555,0.06725954756210972,tvm
32,16,1,1024,64,16,128,4,1,1,[32; 16; 1; 1024; 64; 16; 128; 4; 1; 1],0.5514161319006234,0.10141896491235045,tvm
16,8,1,14336,1792,64,128,2,4,0,[16; 8; 1; 14336; 1792; 64; 128; 2; 4; 0],0.5835867619607598,0.09582817325300065,tvm
8,2,2,2048,1024,32,512,4,2,1,[8; 2; 2; 2048; 1024; 32; 512; 4; 2; 1],1.0084701220039278,0.055454348238108256,tvm
64,64,2,128,64,64,1024,32,4,1,[64; 64; 2; 128; 64; 64; 1024; 32; 4; 1],0.439331040950492,0.12729365357918196,tvm
1,1,1,3584,256,16,256,16,1,0,[1; 1; 1; 3584; 256; 16; 256; 16; 1; 0],2.558274748036638,0.02186006541175945,tvm
64,4,1,512,256,16,16,8,1,0,[64; 4; 1; 512; 256; 16; 16; 8; 1; 0],0.46481525292620063,0.12031458301178527,tvm
16,8,4,256,256,16,2048,2,1,1,[16; 8; 4; 256; 256; 16; 2048; 2; 1; 1],0.5854529768694192,0.09552270727595388,tvm
32,4,1,14336,448,16,16,4,1,1,[32; 4; 1; 14336; 448; 16; 16; 4; 1; 1],0.5094813329633325,0.10976663856957876,tvm
64,64,2,7168,32,32,64,64,2,1,[64; 64; 2; 7168; 32; 32; 64; 64; 2; 1],0.14489291002973914,0.385968183825247,tvm
32,4,4,1792,1792,16,2048,4,1,0,[32; 4; 4; 1792; 1792; 16; 2048; 4; 1; 0],0.4953407149296254,0.11290017486504948,tvm
32,2,2,7168,512,32,64,8,2,1,[32; 2; 2; 7168; 512; 32; 64; 8; 2; 1],1.140833211131394,0.049020358793615416,tvm
16,1,1,3584,1792,64,1024,1,4,0,[16; 1; 1; 3584; 1792; 64; 1024; 1; 4; 0],2.1702486821450293,0.025768500077170485,tvm
8,4,1,256,64,64,16,2,4,1,[8; 4; 1; 256; 64; 64; 16; 2; 4; 1],0.6908856921363622,0.08094545012273237,tvm
64,64,1,7168,512,64,2,1,4,0,[64; 64; 1; 7168; 512; 64; 2; 1; 4; 0],0.21823484310880303,0.2562562995747286,tvm
16,16,8,2048,128,32,2,1,2,1,[16; 16; 8; 2048; 128; 32; 2; 1; 2; 1],0.2945859329774976,0.18983952413506855,tvm
32,32,1,2048,1024,128,8,2,8,1,[32; 32; 1; 2048; 1024; 128; 8; 2; 8; 1],0.15743403998203576,0.3552221193060575,tvm
64,64,1,14336,7168,64,4,2,4,0,[64; 64; 1; 14336; 7168; 64; 4; 2; 4; 0],0.30806785612367094,0.18153160812364388,tvm
64,16,8,128,64,16,64,32,1,1,[64; 16; 8; 128; 64; 16; 64; 32; 1; 1],0.268648310797289,0.20816826715702422,tvm
64,16,4,2048,512,16,8,1,1,1,[64; 16; 4; 2048; 512; 16; 8; 1; 1; 1],0.14636534010060132,0.38208535774176483,tvm
64,64,16,128,128,16,128,4,1,1,[64; 64; 16; 128; 128; 16; 128; 4; 1; 1],0.23096862295642495,0.2421283575989631,tvm
32,32,1,512,512,32,64,64,2,1,[32; 32; 1; 512; 512; 32; 64; 64; 2; 1],0.3370121610350907,0.1659407576319193,tvm
64,32,8,256,128,16,128,4,1,0,[64; 32; 8; 256; 128; 16; 128; 4; 1; 0],0.2917047201190144,0.1917145986205384,tvm
64,16,8,7168,896,16,32,8,1,1,[64; 16; 8; 7168; 896; 16; 32; 8; 1; 1],0.1733267370145768,0.3226510479374577,tvm
32,32,1,14336,896,128,16,4,8,0,[32; 32; 1; 14336; 896; 128; 16; 4; 8; 0],0.26416865712963045,0.21169829131504722,tvm
64,64,1,3584,896,32,32,1,2,1,[64; 64; 1; 3584; 896; 32; 32; 1; 2; 1],0.27370557002723217,0.20432194101044127,tvm
64,32,1,14336,1792,112,8,4,7,1,[64; 32; 1; 14336; 1792; 112; 8; 4; 7; 1],0.27178924600593746,0.2057625684428722,tvm
64,64,1,7168,448,32,16,4,2,1,[64; 64; 1; 7168; 448; 32; 16; 4; 2; 1],0.20256948401220143,0.27607343527599076,tvm
64,32,1,14336,14336,224,4,4,14,0,[64; 32; 1; 14336; 14336; 224; 4; 4; 14; 0],0.33001720206812024,0.16945799486473379,tvm
64,32,1,3584,896,128,2,2,8,1,[64; 32; 1; 3584; 896; 128; 2; 2; 8; 1],0.23931296495720744,0.2336858487517939,tvm
64,64,4,1792,896,16,128,16,1,1,[64; 64; 4; 1792; 896; 16; 128; 16; 1; 1],0.21435989392921329,0.2608886033121512,tvm
64,32,4,128,32,16,128,8,1,0,[64; 32; 4; 128; 32; 16; 128; 8; 1; 0],0.27502847486175597,0.20333913919801852,tvm
64,16,8,1024,1024,32,64,4,2,0,[64; 16; 8; 1024; 1024; 32; 64; 4; 2; 0],0.22114871512167156,0.2528798474029797,tvm
32,32,1,2048,512,32,16,8,2,1,[32; 32; 1; 2048; 512; 32; 16; 8; 2; 1],0.20890456694178283,0.26770143971490173,tvm
64,16,4,3584,448,16,2,1,1,0,[64; 16; 4; 3584; 448; 16; 2; 1; 1; 0],0.2630910698790103,0.2125653803416876,tvm
32,16,8,7168,128,32,64,16,2,1,[32; 16; 8; 7168; 128; 32; 64; 16; 2; 1],0.23134821699932218,0.24173107559976217,tvm
32,16,4,2048,64,32,4,4,2,1,[32; 16; 4; 2048; 64; 32; 4; 4; 2; 1],0.28078119014389813,0.19917307603359294,tvm
64,16,8,448,448,32,8,8,2,0,[64; 16; 8; 448; 448; 32; 8; 8; 2; 0],0.1879438820760697,0.2975571894949911,tvm
64,64,4,7168,224,32,128,8,2,0,[64; 64; 4; 7168; 224; 32; 128; 8; 2; 0],0.19633589405566454,0.28483866183672923,tvm
64,64,4,3584,1792,32,128,4,2,0,[64; 64; 4; 3584; 1792; 32; 128; 4; 2; 0],0.19055060180835426,0.2934866266629732,tvm
64,16,4,3584,128,64,64,16,4,1,[64; 16; 4; 3584; 128; 64; 64; 16; 4; 1],0.18272213102318347,0.306060645309778,tvm
64,32,4,7168,256,32,128,32,2,0,[64; 32; 4; 7168; 256; 32; 128; 32; 2; 0],0.2384802419692278,0.23450183072419675,tvm
64,16,4,2048,2048,32,32,16,2,1,[64; 16; 4; 2048; 2048; 32; 32; 16; 2; 1],0.1400084588676691,0.3994333898510426,tvm
64,32,2,1792,224,16,4,2,1,1,[64; 32; 2; 1792; 224; 16; 4; 2; 1; 1],0.14289478003047407,0.391365264157353,tvm
64,64,4,2048,2048,32,128,32,2,1,[64; 64; 4; 2048; 2048; 32; 128; 32; 2; 1],0.1831622919999063,0.3053251448358265,tvm
64,64,2,14336,224,16,64,4,1,1,[64; 64; 2; 14336; 224; 16; 64; 4; 1; 1],0.25823247991502285,0.2165647534025789,tvm
64,32,2,7168,896,16,16,1,1,1,[64; 32; 2; 7168; 896; 16; 16; 1; 1; 1],0.17035168409347534,0.32828588476205905,tvm
64,32,2,128,64,32,16,2,2,1,[64; 32; 2; 128; 64; 32; 16; 2; 2; 1],0.23411869211122394,0.23887051832138723,tvm
64,32,2,128,128,128,8,4,8,0,[64; 32; 2; 128; 128; 128; 8; 4; 8; 0],0.16290245694108307,0.3432977892626837,tvm
64,64,2,7168,3584,64,64,16,4,1,[64; 64; 2; 7168; 3584; 64; 64; 16; 4; 1],0.1976100099273026,0.2830021280496208,tvm
64,64,2,3584,1792,64,16,1,4,1,[64; 64; 2; 3584; 1792; 64; 16; 1; 4; 1],0.135164774954319,0.4137472455544259,tvm
32,32,2,448,448,32,16,16,2,1,[32; 32; 2; 448; 448; 32; 16; 16; 2; 1],0.1662274489644915,0.33643091848975853,tvm
64,32,2,2048,128,16,64,64,1,1,[64; 32; 2; 2048; 128; 16; 64; 64; 1; 1],0.32306949817575514,0.1731022385248815,tvm
64,32,8,1024,64,16,4,2,1,1,[64; 32; 8; 1024; 64; 16; 4; 2; 1; 1],0.23989757290109992,0.23311637819857628,tvm
32,32,4,1024,512,16,4,4,1,1,[32; 32; 4; 1024; 512; 16; 4; 4; 1; 1],0.13913300284184515,0.40194671423072176,tvm
64,64,4,128,16,16,64,8,1,0,[64; 64; 4; 128; 16; 16; 64; 8; 1; 0],0.19186085113324225,0.29148235819352,tvm
64,64,4,7168,224,16,32,1,1,1,[64; 64; 4; 7168; 224; 16; 32; 1; 1; 1],0.15731414686888456,0.35549284311946805,tvm
32,32,8,256,32,16,16,16,1,1,[32; 32; 8; 256; 32; 16; 16; 16; 1; 1],0.35256821499206126,0.1586191010854242,tvm
64,32,16,14336,32,16,16,1,1,1,[64; 32; 16; 14336; 32; 16; 16; 1; 1; 1],0.2713033480104059,0.20613108442431885,tvm
64,64,16,896,224,16,32,16,1,0,[64; 64; 16; 896; 224; 16; 32; 16; 1; 0],0.1954774628393352,0.28608951907309055,tvm
64,32,8,1792,1792,16,32,8,1,1,[64; 32; 8; 1792; 1792; 16; 32; 8; 1; 1],0.12149350019171834,0.46030489898706056,tvm
32,32,16,1792,64,16,64,32,1,1,[32; 32; 16; 1792; 64; 16; 64; 32; 1; 1],0.27386923087760806,0.20419984075657535,tvm
64,32,4,3584,256,16,16,4,1,0,[64; 32; 4; 3584; 256; 16; 16; 4; 1; 0],0.1653805219102651,0.3381538084858478,tvm
64,64,4,1024,512,64,64,4,4,0,[64; 64; 4; 1024; 512; 64; 64; 4; 4; 0],0.11220547207631171,0.49840754018929667,tvm
32,32,4,896,128,32,16,16,2,1,[32; 32; 4; 896; 128; 32; 16; 16; 2; 1],0.19084320799447596,0.293036644693963,tvm
64,32,8,3584,448,16,16,2,1,0,[64; 32; 8; 3584; 448; 16; 16; 2; 1; 0],0.14820451196283102,0.3773437973828949,tvm
32,32,8,7168,32,32,32,1,2,0,[32; 32; 8; 7168; 32; 32; 32; 1; 2; 0],0.17385204578749835,0.3216761302981159,tvm
32,32,4,14336,2048,32,2,1,2,0,[32; 32; 4; 14336; 2048; 32; 2; 1; 2; 0],0.24985409597866237,0.22382684227882046,tvm
64,32,4,3584,224,16,32,8,1,0,[64; 32; 4; 3584; 224; 16; 32; 8; 1; 0],0.1819033941719681,0.3074382069004373,tvm
32,32,4,14336,1024,64,8,2,4,1,[32; 32; 4; 14336; 1024; 64; 8; 2; 4; 1],0.1331950498279184,0.41986585391562614,tvm
64,64,8,32,32,32,64,16,2,1,[64; 64; 8; 32; 32; 32; 64; 16; 2; 1],0.11898066196590662,0.47002640941229695,tvm
64,64,8,7168,1792,32,16,2,2,0,[64; 64; 8; 7168; 1792; 32; 16; 2; 2; 0],0.10179001395590603,0.549406087689101,tvm
32,32,4,7168,64,32,64,16,2,0,[32; 32; 4; 7168; 64; 32; 64; 16; 2; 0],0.15794279985129833,0.35407789013481655,tvm
64,64,8,14336,224,32,8,8,2,0,[64; 64; 8; 14336; 224; 32; 8; 8; 2; 0],0.17156339390203357,0.32596728277168024,tvm
64,32,4,3584,896,32,16,1,2,0,[64; 32; 4; 3584; 896; 32; 16; 1; 2; 0],0.13635249412618577,0.41014323714224904,tvm
64,64,4,3584,512,64,32,1,4,1,[64; 64; 4; 3584; 512; 64; 32; 1; 4; 1],0.09867564053274691,0.566746291500121,tvm
32,32,8,2048,2048,32,64,32,2,0,[32; 32; 8; 2048; 2048; 32; 64; 32; 2; 0],0.1613904540427029,0.3465140095493887,tvm
64,32,8,3584,1792,32,32,16,2,0,[64; 32; 8; 3584; 1792; 32; 32; 16; 2; 0],0.10491624218411744,0.5330352304764429,tvm
32,32,8,224,32,32,4,4,2,1,[32; 32; 8; 224; 32; 32; 4; 4; 2; 1],0.20706946705468,0.27007387486328777,tvm
32,16,8,1792,64,32,32,4,2,1,[32; 16; 8; 1792; 64; 32; 32; 4; 2; 1],0.2307021541055292,0.24240802410432724,tvm
32,16,2,3584,64,64,64,8,4,1,[32; 16; 2; 3584; 64; 64; 64; 8; 4; 1],0.25052831997163594,0.22322447753477487,tvm
64,16,8,1792,64,32,32,16,2,1,[64; 16; 8; 1792; 64; 32; 32; 16; 2; 1],0.21074360492639244,0.26536536353198587,tvm
64,32,2,1792,128,32,64,64,2,1,[64; 32; 2; 1792; 128; 32; 64; 64; 2; 1],0.24288204917684197,0.23025190014192912,tvm
32,32,2,2048,32,32,16,4,2,1,[32; 32; 2; 2048; 32; 32; 16; 4; 2; 1],0.16670767380855978,0.3354617820266283,tvm
64,16,4,256,64,32,8,1,2,1,[64; 16; 4; 256; 64; 32; 8; 1; 2; 1],0.23655039793811738,0.23641496197340287,tvm
64,16,2,896,128,64,32,4,4,1,[64; 16; 2; 896; 128; 64; 32; 4; 4; 1],0.22062306804582477,0.25348234810023385,tvm
32,32,2,2048,256,16,64,4,1,1,[32; 32; 2; 2048; 256; 16; 64; 4; 1; 1],0.29369293013587594,0.1904167502685893,tvm
16,16,2,224,224,112,2,2,7,1,[16; 16; 2; 224; 224; 112; 2; 2; 7; 1],0.23742480878718197,0.2355442702850038,tvm
64,64,4,128,64,16,16,16,1,0,[64; 64; 4; 128; 64; 16; 16; 16; 1; 0],0.20212978892959654,0.2766739807600162,tvm
64,16,4,32,32,32,8,2,2,0,[64; 16; 4; 32; 32; 32; 8; 2; 2; 0],0.29028322105295956,0.1926534132096133,tvm
32,32,2,3584,3584,32,128,1,2,0,[32; 32; 2; 3584; 3584; 32; 128; 1; 2; 0],0.41582261701114476,0.1344901673105349,tvm
64,64,4,14336,32,16,8,8,1,1,[64; 64; 4; 14336; 32; 16; 8; 8; 1; 1],0.20522804791107774,0.2724971265017557,tvm
64,64,2,7168,896,32,128,4,2,0,[64; 64; 2; 7168; 896; 32; 128; 4; 2; 0],0.2344050481915474,0.2385787070918123,tvm
64,32,2,112,112,112,64,4,7,0,[64; 32; 2; 112; 112; 112; 64; 4; 7; 0],0.16726354998536408,0.3343469233926149,tvm
64,32,2,896,64,32,8,4,2,0,[64; 32; 2; 896; 64; 32; 8; 4; 2; 0],0.1772444669622928,0.31551931798937727,tvm
32,32,2,14336,112,112,32,8,7,1,[32; 32; 2; 14336; 112; 112; 32; 8; 7; 1],0.17873890697956085,0.31288125388239263,tvm
64,16,4,64,64,64,64,16,4,0,[64; 16; 4; 64; 64; 64; 64; 16; 4; 0],0.18309674016200006,0.3054344565820939,tvm
64,32,2,14336,128,64,64,4,4,0,[64; 32; 2; 14336; 128; 64; 64; 4; 4; 0],0.17645362811163068,0.3169334285263539,tvm
32,16,2,14336,256,64,16,8,4,0,[32; 16; 2; 14336; 256; 64; 16; 8; 4; 0],0.23873961297795177,0.23424706371832005,tvm
64,32,2,7168,224,16,16,8,1,0,[64; 32; 2; 7168; 224; 16; 16; 8; 1; 0],0.19983146199956536,0.27985609860300664,tvm
64,32,4,32,32,32,64,16,2,0,[64; 32; 4; 32; 32; 32; 64; 16; 2; 0],0.1604183150921017,0.3486138930035851,tvm
64,32,4,3584,448,32,128,4,2,1,[64; 32; 4; 3584; 448; 32; 128; 4; 2; 1],0.1918422740418464,0.29151058395572743,tvm
32,32,8,14336,256,16,8,8,1,0,[32; 32; 8; 14336; 256; 16; 8; 8; 1; 0],0.16743015102110803,0.3340142321575219,tvm
32,32,2,1792,128,128,8,1,8,0,[32; 32; 2; 1792; 128; 128; 8; 1; 8; 0],0.16151933814398944,0.3462375092416413,tvm
64,16,2,14336,256,128,16,16,8,0,[64; 16; 2; 14336; 256; 128; 16; 16; 8; 0],0.2493429910391569,0.22428564404503754,tvm
16,16,16,7168,448,16,32,32,1,1,[16; 16; 16; 7168; 448; 16; 32; 32; 1; 1],0.2615635620895773,0.21380674313565548,tvm
64,32,2,7168,128,128,32,32,8,0,[64; 32; 2; 7168; 128; 128; 32; 32; 8; 0],0.13616618909873068,0.41070440249145995,tvm
64,64,16,448,224,16,64,64,1,0,[64; 64; 16; 448; 224; 16; 64; 64; 1; 0],0.2030285350047052,0.2754492285138012,tvm
64,64,2,448,64,32,2,2,2,1,[64; 64; 2; 448; 64; 32; 2; 2; 2; 1],0.16287038195878267,0.3433653968312418,tvm
64,64,16,14336,1024,16,128,16,1,1,[64; 64; 16; 14336; 1024; 16; 128; 16; 1; 1],0.24787292792461812,0.22561581775618786,tvm
64,16,2,14336,896,112,64,64,7,0,[64; 16; 2; 14336; 896; 112; 64; 64; 7; 0],0.2648535519838333,0.21115085266723907,tvm
32,16,4,7168,448,32,64,32,2,0,[32; 16; 4; 7168; 448; 32; 64; 32; 2; 0],0.2354975340422243,0.23747192751201485,tvm
64,32,2,3584,448,32,64,64,2,1,[64; 32; 2; 3584; 448; 32; 64; 64; 2; 1],0.23001643386669457,0.2431306858958781,tvm
16,16,2,896,896,16,16,1,1,0,[16; 16; 2; 896; 896; 16; 16; 1; 1; 0],0.21328522101975977,0.26220313374714443,tvm
32,32,4,7168,448,16,32,16,1,1,[32; 32; 4; 7168; 448; 16; 32; 16; 1; 1],0.1680617758538574,0.3327589099258572,tvm
64,16,2,1792,896,112,32,8,7,1,[64; 16; 2; 1792; 896; 112; 32; 8; 7; 1],0.17063437006436288,0.3277420212131877,tvm
32,32,2,14336,7168,16,8,4,1,0,[32; 32; 2; 14336; 7168; 16; 8; 4; 1; 0],0.1902809338644147,0.29390255869346427,tvm
64,64,4,7168,224,16,8,1,1,0,[64; 64; 4; 7168; 224; 16; 8; 1; 1; 0],0.14255533879622817,0.3922971514470773,tvm
64,64,4,448,224,32,1,1,2,1,[64; 64; 4; 448; 224; 32; 1; 1; 2; 1],0.4210278890095651,0.13282743208505796,tvm
64,32,2,896,448,112,16,4,7,0,[64; 32; 2; 896; 448; 112; 16; 4; 7; 0],0.17192074609920382,0.3252897314734974,tvm
64,64,8,7168,224,32,32,32,2,1,[64; 64; 8; 7168; 224; 32; 32; 32; 2; 1],0.1404325959738344,0.3982270137892572,tvm
16,16,2,2048,2048,64,16,2,4,1,[16; 16; 2; 2048; 2048; 64; 16; 2; 4; 1],0.20078752795234323,0.278523541295886,tvm
64,64,2,1024,256,128,16,8,8,1,[64; 64; 2; 1024; 256; 128; 16; 8; 8; 1],0.14159297989681363,0.39496346057614,tvm
16,16,4,7168,1792,16,64,1,1,0,[16; 16; 4; 7168; 1792; 16; 64; 1; 1; 0],0.3220842021983117,0.1736317799868375,tvm
32,32,4,14336,512,16,64,4,1,0,[32; 32; 4; 14336; 512; 16; 64; 4; 1; 0],0.20466146594844759,0.273251503765834,tvm
64,16,2,3584,1792,112,2,1,7,1,[64; 16; 2; 3584; 1792; 112; 2; 1; 7; 1],0.26150294998660684,0.21385630003867087,tvm
32,32,2,2048,1024,32,1,1,2,1,[32; 32; 2; 2048; 1024; 32; 1; 1; 2; 1],0.40204225899651647,0.13909993808341897,tvm
64,16,2,1792,1792,64,16,4,4,0,[64; 16; 2; 1792; 1792; 64; 16; 4; 4; 0],0.19515675189904869,0.28655966441920444,tvm
64,16,2,1024,1024,128,32,1,8,1,[64; 16; 2; 1024; 1024; 128; 32; 1; 8; 1],0.16264001606032252,0.3438517450255989,tvm
32,32,2,14336,3584,16,16,2,1,1,[32; 32; 2; 14336; 3584; 16; 16; 2; 1; 1],0.17792388098314404,0.3143144867587022,tvm
16,16,4,7168,896,64,16,8,4,1,[16; 16; 4; 7168; 896; 64; 16; 8; 4; 1],0.1667736719828099,0.33532902806803744,tvm
32,32,2,3584,896,128,4,2,8,1,[32; 32; 2; 3584; 896; 128; 4; 2; 8; 1],0.14518575510010123,0.3851896716366931,tvm
32,16,4,14336,512,64,4,1,4,1,[32; 16; 4; 14336; 512; 64; 4; 1; 4; 1],0.17534325807355344,0.31894042547033186,tvm
32,32,16,14336,1024,16,8,4,1,0,[32; 32; 16; 14336; 1024; 16; 8; 4; 1; 0],0.1897479579783976,0.29472809051099336,tvm
64,16,4,7168,3584,32,2,2,2,0,[64; 16; 4; 7168; 3584; 32; 2; 2; 2; 0],0.26636195299215615,0.20995511072476702,tvm
64,64,2,7168,512,16,8,1,1,1,[64; 64; 2; 7168; 512; 16; 8; 1; 1; 1],0.12198343384079635,0.4584561327099647,tvm
64,64,2,7168,1792,32,2,1,2,0,[64; 64; 2; 7168; 1792; 32; 2; 1; 2; 0],0.2136730079073459,0.26172727140895324,tvm
64,64,4,448,448,32,2,2,2,0,[64; 64; 4; 448; 448; 32; 2; 2; 2; 0],0.2187596200965345,0.2556415727393159,tvm
32,32,16,3584,512,16,16,4,1,1,[32; 32; 16; 3584; 512; 16; 16; 4; 1; 1],0.1668037490453571,0.3352685635268697,tvm
64,64,2,14336,1792,112,16,4,7,0,[64; 64; 2; 14336; 1792; 112; 16; 4; 7; 0],0.13634960097260773,0.4101519398253929,tvm
64,64,2,14336,1792,112,4,1,7,1,[64; 64; 2; 14336; 1792; 112; 4; 1; 7; 1],0.1813201461918652,0.3084271356926709,tvm
64,16,4,7168,512,64,16,1,4,1,[64; 16; 4; 7168; 512; 64; 16; 1; 4; 1],0.1583714778535068,0.35311947638111285,tvm
64,64,8,448,64,32,2,1,2,1,[64; 64; 8; 448; 64; 32; 2; 1; 2; 1],0.17706313007511199,0.3158424529692307,tvm
32,16,2,7168,3584,128,64,32,8,1,[32; 16; 2; 7168; 3584; 128; 64; 32; 8; 1],0.295677003916353,0.189139001655855,tvm
32,16,2,7168,224,32,16,2,2,1,[32; 16; 2; 7168; 224; 32; 16; 2; 2; 1],0.2224704879336059,0.25137740224682437,tvm
32,32,16,7168,7168,16,2,2,1,0,[32; 32; 16; 7168; 7168; 16; 2; 2; 1; 0],0.5506850990932435,0.10155359828224465,tvm
32,16,2,14336,224,112,8,1,7,0,[32; 16; 2; 14336; 224; 112; 8; 1; 7; 0],0.24949019285850227,0.22415331317271664,tvm
64,32,4,512,32,16,8,1,1,0,[64; 32; 4; 512; 32; 16; 8; 1; 1; 0],0.23056844901293516,0.24254859488687427,tvm
64,32,8,512,64,32,8,2,2,1,[64; 32; 8; 512; 64; 32; 8; 2; 2; 1],0.17558649298734963,0.31849860648086675,tvm
32,16,8,14336,896,32,64,8,2,1,[32; 16; 8; 14336; 896; 32; 64; 8; 2; 1],0.24638810707256198,0.22697545753238627,tvm
64,16,2,14336,14336,112,4,4,7,0,[64; 16; 2; 14336; 14336; 112; 4; 4; 7; 0],0.2830816279165447,0.19755451367483415,tvm
64,16,8,14336,1024,32,64,16,2,0,[64; 16; 8; 14336; 1024; 32; 64; 16; 2; 0],0.2521999259479344,0.22174492368756135,tvm
32,32,4,7168,1024,16,64,32,1,0,[32; 32; 4; 7168; 1024; 16; 64; 32; 1; 0],0.19974727393127978,0.2799740503721378,tvm
64,32,4,1792,224,16,64,2,1,0,[64; 32; 4; 1792; 224; 16; 64; 2; 1; 0],0.19724994502030313,0.2835187271032041,tvm
64,32,16,3584,32,16,32,1,1,1,[64; 32; 16; 3584; 32; 16; 32; 1; 1; 1],0.2682514579501003,0.20847623256435846,tvm
64,64,2,1024,256,128,128,64,8,1,[64; 64; 2; 1024; 256; 128; 128; 64; 8; 1],0.15271640196442604,0.36619546174457646,tvm
64,64,1,7168,1792,64,16,4,4,0,[64; 64; 1; 7168; 1792; 64; 16; 4; 4; 0],0.22915508900769055,0.2440445620278435,tvm
16,16,2,1792,448,112,32,16,7,0,[16; 16; 2; 1792; 448; 112; 32; 16; 7; 0],0.20611766586080194,0.27132101025780436,tvm
64,16,8,3584,448,32,4,4,2,0,[64; 16; 8; 3584; 448; 32; 4; 4; 2; 0],0.24592038802802563,0.22740714497799225,tvm
32,16,2,3584,896,128,64,4,8,1,[32; 16; 2; 3584; 896; 128; 64; 4; 8; 1],0.22362549509853125,0.25007905877946845,tvm
64,16,4,7168,224,32,32,16,2,1,[64; 16; 4; 7168; 224; 32; 32; 16; 2; 1],0.19331841496750712,0.28928466717841145,tvm
64,16,8,1024,256,16,32,1,1,1,[64; 16; 8; 1024; 256; 16; 32; 1; 1; 1],0.19587058294564486,0.28551532594791207,tvm
64,64,8,512,64,16,64,16,1,1,[64; 64; 8; 512; 64; 16; 64; 16; 1; 1],0.1510733920149505,0.37017804781797037,tvm
64,16,4,2048,256,32,32,8,2,0,[64; 16; 4; 2048; 256; 32; 32; 8; 2; 0],0.17094229999929667,0.32715163732770314,tvm
64,16,2,1792,128,128,32,8,8,0,[64; 16; 2; 1792; 128; 128; 32; 8; 8; 0],0.22928884089924395,0.2439022026279419,tvm
64,32,4,3584,32,32,64,1,2,1,[64; 32; 4; 3584; 32; 32; 64; 1; 2; 1],0.15987060009501874,0.34980824054013054,tvm
16,16,4,14336,512,16,8,1,1,0,[16; 16; 4; 14336; 512; 16; 8; 1; 1; 0],0.17136570997536182,0.32634331186428045,tvm
64,64,2,512,64,16,4,2,1,0,[64; 64; 2; 512; 64; 16; 4; 2; 1; 0],0.24930121679790318,0.22432322654352846,tvm
32,32,8,14336,128,16,16,8,1,0,[32; 32; 8; 14336; 128; 16; 16; 8; 1; 0],0.191003950079903,0.2927900355460635,tvm
32,16,8,14336,1024,32,32,4,2,0,[32; 16; 8; 14336; 1024; 32; 32; 4; 2; 0],0.13677333714440465,0.4088812520110479,tvm
32,16,2,14336,1024,128,16,4,8,1,[32; 16; 2; 14336; 1024; 128; 16; 4; 8; 1],0.19263559998944402,0.2903100638531914,tvm
64,32,2,1792,64,32,64,4,2,0,[64; 32; 2; 1792; 64; 32; 64; 4; 2; 0],0.20486958604305983,0.2729739167900653,tvm
64,64,2,256,256,64,2,2,4,1,[64; 64; 2; 256; 256; 64; 2; 2; 4; 1],0.22383858310058713,0.24984099058651807,tvm
64,16,2,3584,448,64,32,8,4,1,[64; 16; 2; 3584; 448; 64; 32; 8; 4; 1],0.1905673760920763,0.2934607931334089,tvm
32,32,2,1792,256,16,4,4,1,0,[32; 32; 2; 1792; 256; 16; 4; 4; 1; 0],0.1541558390017599,0.3627760952518632,tvm
64,16,4,896,448,64,16,2,4,0,[64; 16; 4; 896; 448; 64; 16; 2; 4; 0],0.164712738012895,0.33952476297828993,tvm
16,16,16,14336,2048,16,16,4,1,1,[16; 16; 16; 14336; 2048; 16; 16; 4; 1; 1],0.17593197617679834,0.31787316068759375,tvm
64,64,8,14336,896,32,2,2,2,0,[64; 64; 8; 14336; 896; 32; 2; 2; 2; 0],0.2972949449904263,0.18810966777499105,tvm
16,16,2,3584,1792,112,8,8,7,1,[16; 16; 2; 3584; 1792; 112; 8; 8; 7; 1],0.2082977630198002,0.26848129582657765,tvm
64,64,4,14336,16,16,16,4,1,0,[64; 64; 4; 14336; 16; 16; 16; 4; 1; 0],0.19608722091652453,0.28519988743754254,tvm
64,16,2,2048,2048,128,16,1,8,0,[64; 16; 2; 2048; 2048; 128; 16; 1; 8; 0],0.18413485493510962,0.3037124793838807,tvm
32,32,4,896,448,32,4,1,2,1,[32; 32; 4; 896; 448; 32; 4; 1; 2; 1],0.1396945109590888,0.4003310720613164,tvm
64,64,4,448,32,32,4,2,2,0,[64; 64; 4; 448; 32; 32; 4; 2; 2; 0],0.33208455005660653,0.16840305676310632,tvm
32,16,4,7168,3584,64,32,1,4,0,[32; 16; 4; 7168; 3584; 64; 32; 1; 4; 0],0.14564264914952219,0.38398129709876133,tvm
64,32,2,112,112,112,16,8,7,1,[64; 32; 2; 112; 112; 112; 16; 8; 7; 1],0.18386901495978236,0.3041515904436949,tvm
64,64,2,3584,3584,64,2,2,4,0,[64; 64; 2; 3584; 3584; 64; 2; 2; 4; 0],0.31828086404129863,0.17570661529333065,tvm
64,64,8,512,256,16,8,8,1,1,[64; 64; 8; 512; 256; 16; 8; 8; 1; 1],0.14974790578708053,0.37345466061374577,tvm
64,32,8,3584,112,16,32,4,1,0,[64; 32; 8; 3584; 112; 16; 32; 4; 1; 0],0.183129119919613,0.30538045155179006,tvm
32,32,8,3584,224,16,32,8,1,0,[32; 32; 8; 3584; 224; 16; 32; 8; 1; 0],0.1700284550897777,0.32890996571017805,tvm
64,16,8,7168,3584,16,8,2,1,0,[64; 16; 8; 7168; 3584; 16; 8; 2; 1; 0],0.15981422713957727,0.34993163208486333,tvm
32,32,8,3584,3584,32,64,2,2,0,[32; 32; 8; 3584; 3584; 32; 64; 2; 2; 0],0.21878575696609914,0.25561103295219884,tvm
64,64,8,14336,7168,16,64,8,1,1,[64; 64; 8; 14336; 7168; 16; 64; 8; 1; 1],0.2379576340317726,0.23501684894827218,tvm
64,64,8,896,32,32,16,4,2,1,[64; 64; 8; 896; 32; 32; 16; 4; 2; 1],0.14477573288604617,0.38628057491756224,tvm
64,64,4,1024,64,32,32,32,2,1,[64; 64; 4; 1024; 64; 32; 32; 32; 2; 1],0.2008935969788581,0.27837648473793186,tvm
64,64,4,128,64,32,64,16,2,1,[64; 64; 4; 128; 64; 32; 64; 16; 2; 1],0.12184042599983513,0.45899423671917405,tvm
64,32,4,3584,224,32,32,8,2,0,[64; 32; 4; 3584; 224; 32; 32; 8; 2; 0],0.1456006709486246,0.3840920029349742,tvm
32,32,4,896,896,32,16,1,2,1,[32; 32; 4; 896; 896; 32; 16; 1; 2; 1],0.1309289471246302,0.4271328423660176,tvm
64,64,2,3584,512,16,16,16,1,0,[64; 64; 2; 3584; 512; 16; 16; 16; 1; 0],0.1607607170008123,0.3478713853524973,tvm
64,64,8,7168,256,32,64,1,2,1,[64; 64; 8; 7168; 256; 32; 64; 1; 2; 1],0.12011250294744968,0.4655972689021443,tvm
64,64,2,7168,1792,32,8,8,2,1,[64; 64; 2; 7168; 1792; 32; 8; 8; 2; 1],0.15047815488651395,0.3716423382218473,tvm
32,32,4,7168,1792,32,16,2,2,0,[32; 32; 4; 7168; 1792; 32; 16; 2; 2; 0],0.1297637759707868,0.4309681412624991,tvm
64,64,4,3584,1792,32,64,16,2,0,[64; 64; 4; 3584; 1792; 32; 64; 16; 2; 0],0.11804062081500888,0.4737695629454245,tvm
64,64,16,7168,1792,16,8,4,1,0,[64; 64; 16; 7168; 1792; 16; 8; 4; 1; 0],0.1888964290264994,0.29605669954453195,tvm
64,32,4,7168,1024,32,8,2,2,1,[64; 32; 4; 7168; 1024; 32; 8; 2; 2; 1],0.1235532748978585,0.45263108873128416,tvm
64,32,4,3584,3584,32,32,2,2,0,[64; 32; 4; 3584; 3584; 32; 32; 2; 2; 0],0.12957536010071635,0.43159481316405124,tvm
64,64,2,1024,1024,64,32,2,4,0,[64; 64; 2; 1024; 1024; 64; 32; 2; 4; 0],0.12836505705490708,0.4356641489234277,tvm
32,32,8,256,256,16,64,32,1,1,[32; 32; 8; 256; 256; 16; 64; 32; 1; 1],0.2143019570503384,0.26095913496579537,tvm
64,32,4,1024,16,16,8,4,1,1,[64; 32; 4; 1024; 16; 16; 8; 4; 1; 1],0.26699817180633545,0.2094548174430846,tvm
64,32,4,14336,256,32,128,16,2,1,[64; 32; 4; 14336; 256; 32; 128; 16; 2; 1],0.18549615214578807,0.3014836301799976,tvm
64,16,4,1792,128,64,4,4,4,1,[64; 16; 4; 1792; 128; 64; 4; 4; 4; 1],0.2504823091439903,0.22326548140046598,tvm
64,32,8,1024,64,16,8,4,1,1,[64; 32; 8; 1024; 64; 16; 8; 4; 1; 1],0.2164128499571234,0.2584137371898815,tvm
32,32,8,7168,256,16,64,16,1,1,[32; 32; 8; 7168; 256; 16; 64; 16; 1; 1],0.21396949514746666,0.2613646085148295,tvm
64,64,1,7168,1792,224,64,2,14,1,[64; 64; 1; 7168; 1792; 224; 64; 2; 14; 1],0.1826021228916943,0.306261791745451,tvm
32,32,2,3584,512,16,64,8,1,1,[32; 32; 2; 3584; 512; 16; 64; 8; 1; 1],0.302572991931811,0.18482830531661132,tvm
64,16,4,1024,128,32,16,4,2,1,[64; 16; 4; 1024; 128; 32; 16; 4; 2; 1],0.18562988610938191,0.301266431313653,tvm
32,16,4,7168,128,32,32,1,2,0,[32; 16; 4; 7168; 128; 32; 32; 1; 2; 0],0.22732546599581838,0.24600874824275978,tvm
64,32,8,14336,1792,32,128,16,2,0,[64; 32; 8; 14336; 1792; 32; 128; 16; 2; 0],0.21623175404965878,0.2586301608619892,tvm
64,32,2,448,224,16,64,2,1,0,[64; 32; 2; 448; 224; 16; 64; 2; 1; 0],0.28870553197339177,0.19370620628941573,tvm
64,32,4,224,112,16,16,1,1,1,[64; 32; 4; 224; 112; 16; 16; 1; 1; 1],0.208519492065534,0.26819580644171814,tvm
64,32,2,14336,112,16,8,8,1,1,[64; 32; 2; 14336; 112; 16; 8; 8; 1; 1],0.17547104903496802,0.3187081495260722,tvm
64,64,2,512,64,16,32,4,1,0,[64; 64; 2; 512; 64; 16; 32; 4; 1; 0],0.27572511904872954,0.2028253846667113,tvm
16,16,16,896,448,16,16,8,1,1,[16; 16; 16; 896; 448; 16; 16; 8; 1; 1],0.18249356490559876,0.3064439744067799,tvm
64,64,8,112,16,16,32,4,1,1,[64; 64; 8; 112; 16; 16; 32; 4; 1; 1],0.1541314679197967,0.3628334569708619,tvm
16,16,2,896,896,16,32,8,1,0,[16; 16; 2; 896; 896; 16; 32; 8; 1; 0],0.2603460121899843,0.21480664467609914,tvm
16,16,8,1792,448,32,8,8,2,0,[16; 16; 8; 1792; 448; 32; 8; 8; 2; 0],0.19427763391286135,0.28785636414748983,tvm
32,32,2,448,32,32,16,4,2,0,[32; 32; 2; 448; 32; 32; 16; 4; 2; 0],0.17251782701350749,0.32416390990685673,tvm
64,64,8,224,224,16,4,4,1,0,[64; 64; 8; 224; 224; 16; 4; 4; 1; 0],0.23156093782745302,0.2415090120899622,tvm
64,64,8,112,112,16,64,4,1,0,[64; 64; 8; 112; 112; 16; 64; 4; 1; 0],0.1576209580525756,0.35480087181477143,tvm
32,32,4,1024,128,16,8,8,1,0,[32; 32; 4; 1024; 128; 16; 8; 8; 1; 0],0.19047675398178399,0.29360041141126103,tvm
64,32,8,256,32,32,32,8,2,1,[64; 32; 8; 256; 32; 32; 32; 8; 2; 1],0.1509295569267124,0.3705308255856648,tvm
32,32,8,896,128,16,16,2,1,0,[32; 32; 8; 896; 128; 16; 16; 2; 1; 0],0.19096498005092144,0.2928497849104113,tvm
64,64,4,14336,16,16,32,2,1,0,[64; 64; 4; 14336; 16; 16; 32; 2; 1; 0],0.20703073404729366,0.27012440249841435,tvm
64,32,2,3584,224,16,4,4,1,0,[64; 32; 2; 3584; 224; 16; 4; 4; 1; 0],0.15993429184891284,0.34966893395297505,tvm
32,32,8,14336,1792,32,64,64,2,1,[32; 32; 8; 14336; 1792; 32; 64; 64; 2; 1],0.17249430995434523,0.3242081048826189,tvm
64,16,8,1792,448,16,16,2,1,0,[64; 16; 8; 1792; 448; 16; 16; 2; 1; 0],0.1692970257718116,0.3303309853104628,tvm
32,16,2,7168,1024,32,32,1,2,1,[32; 16; 2; 7168; 1024; 32; 32; 1; 2; 1],0.19682947802357376,0.2841243796147011,tvm
64,64,8,7168,128,16,32,16,1,0,[64; 64; 8; 7168; 128; 16; 32; 16; 1; 0],0.14777113287709653,0.378450460820695,tvm
64,32,4,896,64,32,64,32,2,0,[64; 32; 4; 896; 64; 32; 64; 32; 2; 0],0.15344779402948916,0.3644500312763441,tvm
64,32,2,2048,64,64,8,1,4,0,[64; 32; 2; 2048; 64; 64; 8; 1; 4; 0],0.16825962904840708,0.33236762525634944,tvm
64,64,2,7168,224,32,4,2,2,0,[64; 64; 2; 7168; 224; 32; 4; 2; 2; 0],0.1368827810510993,0.40855433315938033,tvm
64,32,4,2048,64,32,32,1,2,0,[64; 32; 4; 2048; 64; 32; 32; 1; 2; 0],0.17714653303846717,0.3156937501068084,tvm
64,64,2,128,128,16,32,1,1,1,[64; 64; 2; 128; 128; 16; 32; 1; 1; 1],0.22724163113161922,0.24609950674461542,tvm
32,16,4,3584,896,64,4,1,4,1,[32; 16; 4; 3584; 896; 64; 4; 1; 4; 1],0.18018117896281183,0.31037677550592385,tvm
64,32,8,14336,128,32,16,4,2,1,[64; 32; 8; 14336; 128; 32; 16; 4; 2; 1],0.14827857492491603,0.37715531971933003,tvm
64,32,4,1792,128,64,64,16,4,0,[64; 32; 4; 1792; 128; 64; 64; 16; 4; 0],0.1311502051539719,0.42641224440082137,tvm
32,32,2,3584,224,32,8,4,2,0,[32; 32; 2; 3584; 224; 32; 8; 4; 2; 0],0.15849327994510531,0.3528481040502337,tvm
32,16,8,512,512,32,16,8,2,0,[32; 16; 8; 512; 512; 32; 16; 8; 2; 0],0.15236529288813472,0.36703931895036157,tvm
32,32,2,14336,3584,32,32,16,2,0,[32; 32; 2; 14336; 3584; 32; 32; 16; 2; 0],0.172573960153386,0.32405846909711816,tvm
64,64,2,14336,7168,112,64,16,7,1,[64; 64; 2; 14336; 7168; 112; 64; 16; 7; 1],0.3905327881220728,0.1431993805238514,tvm
64,32,2,14336,128,128,32,1,8,0,[64; 32; 2; 14336; 128; 128; 32; 1; 8; 0],0.18982523493468761,0.2946081080978243,tvm
64,32,2,7168,256,32,8,4,2,1,[64; 32; 2; 7168; 256; 32; 8; 4; 2; 1],0.13081588502973318,0.42750200650801956,tvm
64,32,2,3584,1792,64,4,1,4,0,[64; 32; 2; 3584; 1792; 64; 4; 1; 4; 0],0.1964888139627874,0.2846169825419409,tvm
64,64,16,3584,896,16,64,2,1,1,[64; 64; 16; 3584; 896; 16; 64; 2; 1; 1],0.20929444604553282,0.2672027585536925,tvm
64,16,16,1792,1792,16,16,8,1,0,[64; 16; 16; 1792; 1792; 16; 16; 8; 1; 0],0.1722017249558121,0.3247589613151886,tvm
32,32,4,1792,224,32,16,8,2,1,[32; 32; 4; 1792; 224; 32; 16; 8; 2; 1],0.13996173907071352,0.39956672233887125,tvm
16,16,4,14336,1024,32,8,2,2,0,[16; 16; 4; 14336; 1024; 32; 8; 2; 2; 0],0.1629234398715198,0.343253575896965,tvm
64,16,4,14336,512,32,8,2,2,0,[64; 16; 4; 14336; 512; 32; 8; 2; 2; 0],0.18287057289853692,0.3058122061243937,tvm
16,16,4,3584,1792,32,8,1,2,1,[16; 16; 4; 3584; 1792; 32; 8; 1; 2; 1],0.15938845393247902,0.35086640188519663,tvm
64,16,4,1024,1024,16,16,1,1,0,[64; 16; 4; 1024; 1024; 16; 16; 1; 1; 0],0.16231203800998628,0.3445465537799026,tvm
64,64,8,1792,896,32,4,4,2,0,[64; 64; 8; 1792; 896; 32; 4; 4; 2; 0],0.2027685239445418,0.2758024383933911,tvm
64,64,2,896,64,64,16,2,4,1,[64; 64; 2; 896; 64; 64; 16; 2; 4; 1],0.16574422386474907,0.33741177839759046,tvm
32,32,4,448,448,64,16,1,4,0,[32; 32; 4; 448; 448; 64; 16; 1; 4; 0],0.1384565478656441,0.40391049896463616,tvm
64,64,4,14336,512,64,4,1,4,1,[64; 64; 4; 14336; 512; 64; 4; 1; 4; 1],0.12261651991866529,0.4560890601888653,tvm
64,64,2,1792,896,16,32,2,1,1,[64; 64; 2; 1792; 896; 16; 32; 2; 1; 1],0.2126846460159868,0.26294353814863397,tvm
32,32,8,7168,3584,32,32,16,2,0,[32; 32; 8; 7168; 3584; 32; 32; 16; 2; 0],0.15419819112867117,0.3626764550478243,tvm
64,64,2,1024,1024,32,16,16,2,0,[64; 64; 2; 1024; 1024; 32; 16; 16; 2; 0],0.15358805190771818,0.3641172124960263,tvm
64,32,4,7168,1024,32,32,16,2,0,[64; 32; 4; 7168; 1024; 32; 32; 16; 2; 0],0.11934907594695687,0.46857550332595826,tvm
64,64,4,14336,512,64,32,16,4,1,[64; 64; 4; 14336; 512; 64; 32; 16; 4; 1],0.09632291551679373,0.5805892921044638,tvm
64,64,4,2048,512,32,8,4,2,1,[64; 64; 4; 2048; 512; 32; 8; 4; 2; 1],0.11101482412777841,0.5037530237309981,tvm
32,32,4,3584,1792,64,16,2,4,1,[32; 32; 4; 3584; 1792; 64; 16; 2; 4; 1],0.11377953295595944,0.4915124177472219,tvm
64,32,1,7168,112,112,16,2,7,0,[64; 32; 1; 7168; 112; 112; 16; 2; 7; 0],0.14740124600939453,0.37940013973673636,tvm
32,32,1,2048,128,16,8,4,1,0,[32; 32; 1; 2048; 128; 16; 8; 4; 1; 0],0.18569769989699125,0.30115641370008933,tvm
32,32,2,7168,256,64,128,1,4,0,[32; 32; 2; 7168; 256; 64; 128; 1; 4; 0],0.25282733887434006,0.2211946444649668,tvm
32,32,8,3584,32,16,4,4,1,0,[32; 32; 8; 3584; 32; 16; 4; 4; 1; 0],0.38701914506964386,0.14449944930571804,tvm
32,16,8,14336,256,32,64,4,2,0,[32; 16; 8; 14336; 256; 32; 64; 4; 2; 0],0.25145968794822693,0.22239768843126675,tvm
32,16,2,7168,256,32,32,4,2,0,[32; 16; 2; 7168; 256; 32; 32; 4; 2; 0],0.2409821469336748,0.23206720516406237,tvm
64,64,1,3584,448,32,8,4,2,0,[64; 64; 1; 3584; 448; 32; 8; 4; 2; 0],0.1475097369402647,0.3791210973142759,tvm
32,16,2,14336,7168,128,8,8,8,0,[32; 16; 2; 14336; 7168; 128; 8; 8; 8; 0],0.20252727414481342,0.27613097331940517,tvm
16,16,8,448,64,32,16,16,2,0,[16; 16; 8; 448; 64; 32; 16; 16; 2; 0],0.30482437810860574,0.18346319175760994,tvm
64,64,1,7168,128,32,32,2,2,1,[64; 64; 1; 7168; 128; 32; 32; 2; 2; 1],0.2893153040204197,0.19329794364900324,tvm
64,64,1,448,224,224,8,8,14,0,[64; 64; 1; 448; 224; 224; 8; 8; 14; 0],0.13230536901392043,0.4226892207787072,tvm
32,16,8,7168,7168,32,64,4,2,1,[32; 16; 8; 7168; 7168; 32; 64; 4; 2; 1],0.35161984991282225,0.15904691770728724,tvm
64,64,2,14336,14336,128,128,1,8,0,[64; 64; 2; 14336; 14336; 128; 128; 1; 8; 0],0.3999907011166215,0.13981338360420556,tvm
32,16,4,1792,128,64,16,2,4,0,[32; 16; 4; 1792; 128; 64; 16; 2; 4; 0],0.22183710290119052,0.2520951301741563,tvm
64,64,1,896,448,224,16,16,14,1,[64; 64; 1; 896; 448; 224; 16; 16; 14; 1],0.21891774097457528,0.25545692680899834,tvm
64,16,2,3584,112,16,16,2,1,0,[64; 16; 2; 3584; 112; 16; 16; 2; 1; 0],0.2897639060392976,0.19299868675068507,tvm
64,16,4,7168,64,64,32,8,4,0,[64; 16; 4; 7168; 64; 64; 32; 8; 4; 0],0.2445788481272757,0.2286544963374395,tvm
64,64,1,1792,448,64,16,2,4,1,[64; 64; 1; 1792; 448; 64; 16; 2; 4; 1],0.224319851025939,0.24930496822979173,tvm
64,16,4,32,32,32,64,32,2,1,[64; 16; 4; 32; 32; 32; 64; 32; 2; 1],0.20115982089191675,0.278008068834886,tvm
64,16,2,14336,224,16,32,4,1,1,[64; 16; 2; 14336; 224; 16; 32; 4; 1; 1],0.29952406394295394,0.18670971740014983,tvm
16,16,8,512,256,32,4,1,2,1,[16; 16; 8; 512; 256; 32; 4; 1; 2; 1],0.1750669430475682,0.3194438216593407,tvm
32,16,4,2048,128,16,32,2,1,0,[32; 16; 4; 2048; 128; 16; 32; 2; 1; 0],0.24647143785841763,0.22689871824198224,tvm
32,16,4,512,256,64,4,4,4,0,[32; 16; 4; 512; 256; 64; 4; 4; 4; 0],0.20975224301218987,0.26661957235939204,tvm
64,64,16,32,32,16,16,2,1,1,[64; 64; 16; 32; 32; 16; 16; 2; 1; 1],0.21350835706107318,0.2619291071465483,tvm
16,16,8,3584,256,32,8,8,2,0,[16; 16; 8; 3584; 256; 32; 8; 8; 2; 0],0.2131094830110669,0.2624193562068243,tvm
64,16,8,3584,112,16,32,16,1,1,[64; 16; 8; 3584; 112; 16; 32; 16; 1; 1],0.2210035000462085,0.25304600751409123,tvm
64,32,2,3584,3584,128,64,4,8,0,[64; 32; 2; 3584; 3584; 128; 64; 4; 8; 0],0.24768062005750835,0.22579099374165193,tvm
64,32,4,896,112,16,32,1,1,0,[64; 32; 4; 896; 112; 16; 32; 1; 1; 0],0.19165943283587694,0.2917886821736689,tvm
64,64,2,14336,896,112,128,2,7,1,[64; 64; 2; 14336; 896; 112; 128; 2; 7; 1],0.16259510815143585,0.34394671505890245,tvm
32,16,4,512,512,32,64,2,2,0,[32; 16; 4; 512; 512; 32; 64; 2; 2; 0],0.21642223000526428,0.2584025371699249,tvm
32,32,8,7168,512,32,128,32,2,1,[32; 32; 8; 7168; 512; 32; 128; 32; 2; 1],0.21261910605244339,0.2630245906477447,tvm
32,16,4,1792,448,32,4,2,2,1,[32; 16; 4; 1792; 448; 32; 4; 2; 2; 1],0.15400034887716174,0.36314238078733907,tvm
64,16,2,1792,448,32,16,2,2,1,[64; 16; 2; 1792; 448; 32; 16; 2; 2; 1],0.19211690896190703,0.2910938638119665,tvm
64,32,2,14336,1024,128,64,8,8,1,[64; 32; 2; 14336; 1024; 128; 64; 8; 8; 1],0.1582642688881606,0.35335868118692515,tvm
64,64,2,7168,512,128,128,4,8,0,[64; 64; 2; 7168; 512; 128; 128; 4; 8; 0],0.19302684906870127,0.28972162993464756,tvm
64,64,2,448,224,16,32,32,1,0,[64; 64; 2; 448; 224; 16; 32; 32; 1; 0],0.23324336693622172,0.239766961298519,tvm
64,16,2,1024,1024,32,16,4,2,0,[64; 16; 2; 1024; 1024; 32; 16; 4; 2; 0],0.20206386502832174,0.27676424642028347,tvm
32,32,2,14336,224,112,64,2,7,1,[32; 32; 2; 14336; 224; 112; 64; 2; 7; 1],0.15561909996904433,0.35936497090946884,tvm
64,32,2,896,448,64,64,2,4,1,[64; 32; 2; 896; 448; 64; 64; 2; 4; 1],0.16578925494104624,0.3373201318337526,tvm
64,32,2,448,224,112,64,1,7,1,[64; 32; 2; 448; 224; 112; 64; 1; 7; 1],0.14896061387844384,0.3754284564037107,tvm
64,16,2,3584,1792,16,16,4,1,1,[64; 16; 2; 3584; 1792; 16; 16; 4; 1; 1],0.2166975389700383,0.25807424301697157,tvm
64,64,16,1792,128,16,4,2,1,1,[64; 64; 16; 1792; 128; 16; 4; 2; 1; 1],0.21238875784911215,0.2633098564146394,tvm
64,32,16,1792,224,16,4,2,1,0,[64; 32; 16; 1792; 224; 16; 4; 2; 1; 0],0.28883908898569643,0.19361663800325427,tvm
32,32,2,7168,1792,16,4,4,1,0,[32; 32; 2; 7168; 1792; 16; 4; 4; 1; 0],0.19263095711357892,0.290317061033754,tvm
32,16,4,14336,7168,16,8,4,1,1,[32; 16; 4; 14336; 7168; 16; 8; 4; 1; 1],0.15730802691541612,0.3555066733079264,tvm
64,32,8,256,256,16,32,2,1,1,[64; 32; 8; 256; 256; 16; 32; 2; 1; 1],0.1647818919736892,0.3393822747360053,tvm
32,16,4,7168,512,16,8,4,1,0,[32; 16; 4; 7168; 512; 16; 8; 4; 1; 0],0.1709095831029117,0.3272142633433209,tvm
64,64,4,2048,2048,32,128,2,2,0,[64; 64; 4; 2048; 2048; 32; 128; 2; 2; 0],0.19620613497681916,0.2850270372021777,tvm
16,16,4,14336,1024,16,16,8,1,1,[16; 16; 4; 14336; 1024; 16; 16; 8; 1; 1],0.1772713609971106,0.3154714502036505,tvm
64,32,16,7168,224,16,8,8,1,1,[64; 32; 16; 7168; 224; 16; 8; 8; 1; 1],0.1912838388234377,0.29236162175181657,tvm
32,32,2,256,256,128,32,32,8,1,[32; 32; 2; 256; 256; 128; 32; 32; 8; 1],0.17791191209107637,0.3143356320329174,tvm
64,32,4,1024,64,32,16,8,2,1,[64; 32; 4; 1024; 64; 32; 16; 8; 2; 1],0.17422543209977448,0.32098673918803683,tvm
32,32,2,3584,3584,112,32,8,7,1,[32; 32; 2; 3584; 3584; 112; 32; 8; 7; 1],0.14288153406232595,0.39140154604540334,tvm
64,16,4,14336,1792,64,8,8,4,0,[64; 16; 4; 14336; 1792; 64; 8; 8; 4; 0],0.17931497609242797,0.3118760883893338,tvm
64,64,2,7168,448,112,64,2,7,0,[64; 64; 2; 7168; 448; 112; 64; 2; 7; 0],0.13068099692463875,0.4279432713968633,tvm
64,64,8,1792,224,16,8,8,1,1,[64; 64; 8; 1792; 224; 16; 8; 8; 1; 1],0.15387322986498475,0.3634423829434373,tvm
64,32,2,1024,256,64,4,2,4,0,[64; 32; 2; 1024; 256; 64; 4; 2; 4; 0],0.15631431993097067,0.35776666755822323,tvm
64,32,16,14336,512,16,8,2,1,0,[64; 32; 16; 14336; 512; 16; 8; 2; 1; 0],0.19753167498856783,0.28311435792041934,tvm
64,32,16,14336,1024,16,16,2,1,0,[64; 32; 16; 14336; 1024; 16; 16; 2; 1; 0],0.16495747701264918,0.3390210273951086,tvm
64,64,2,1792,128,32,16,2,2,0,[64; 64; 2; 1792; 128; 32; 16; 2; 2; 0],0.18704531504772604,0.2989866563568507,tvm
32,16,4,14336,2048,64,16,2,4,0,[32; 16; 4; 14336; 2048; 64; 16; 2; 4; 0],0.14781862311065197,0.37832887464707676,tvm
32,32,8,2048,1024,16,16,2,1,0,[32; 32; 8; 2048; 1024; 16; 16; 2; 1; 0],0.1283069800119847,0.43586134852608693,tvm
64,64,2,7168,3584,128,16,4,8,1,[64; 64; 2; 7168; 3584; 128; 16; 4; 8; 1],0.13911334006115794,0.40200352682746043,tvm
64,32,4,3584,256,32,64,4,2,1,[64; 32; 4; 3584; 256; 32; 64; 4; 2; 1],0.14831332699395716,0.3770669464896563,tvm
64,32,4,256,128,64,1,1,4,0,[64; 32; 4; 256; 128; 64; 1; 1; 4; 0],0.8052692939527333,0.06944764161914746,tvm
64,16,1,896,896,64,16,2,4,1,[64; 16; 1; 896; 896; 64; 16; 2; 4; 1],0.28387938905507326,0.19699934369833358,tvm
64,16,2,3584,448,32,16,8,2,1,[64; 16; 2; 3584; 448; 32; 16; 8; 2; 1],0.19649838702753186,0.2846031164902014,tvm
64,32,2,14336,7168,32,4,2,2,0,[64; 32; 2; 14336; 7168; 32; 4; 2; 2; 0],0.22892535803839564,0.24428946540712054,tvm
32,32,1,7168,896,16,32,16,1,0,[32; 32; 1; 7168; 896; 16; 32; 16; 1; 0],0.36979202809743583,0.15123109500510382,tvm
32,16,2,14336,1792,16,16,16,1,0,[32; 16; 2; 14336; 1792; 16; 16; 16; 1; 0],0.22642679908312857,0.24698513409095985,tvm
16,16,2,7168,1792,128,4,1,8,0,[16; 16; 2; 7168; 1792; 128; 4; 1; 8; 0],0.23277141712605953,0.240253094747656,tvm
16,16,2,14336,512,32,8,4,2,1,[16; 16; 2; 14336; 512; 32; 8; 4; 2; 1],0.15494361286982894,0.3609316466650109,tvm
64,32,1,7168,1024,32,8,2,2,1,[64; 32; 1; 7168; 1024; 32; 8; 2; 2; 1],0.15244518616236746,0.3668469614630489,tvm
32,32,8,512,512,32,128,8,2,0,[32; 32; 8; 512; 512; 32; 128; 8; 2; 0],0.2211997010745108,0.2528215592592297,tvm
16,16,2,7168,448,64,4,1,4,1,[16; 16; 2; 7168; 448; 64; 4; 1; 4; 1],0.1663947948254645,0.33609256462615567,tvm
64,64,1,1024,1024,128,64,4,8,0,[64; 64; 1; 1024; 1024; 128; 64; 4; 8; 0],0.20865985401906073,0.2680153956602728,tvm
64,64,8,64,32,16,32,32,1,1,[64; 64; 8; 64; 32; 16; 32; 32; 1; 1],0.2896214369684458,0.19309362566081825,tvm
32,32,16,14336,112,16,32,1,1,0,[32; 32; 16; 14336; 112; 16; 32; 1; 1; 0],0.22255717008374631,0.2512794951170955,tvm
64,32,4,256,256,32,128,8,2,0,[64; 32; 4; 256; 256; 32; 128; 8; 2; 0],0.2321960930712521,0.24084838204479342,tvm
32,32,4,256,32,32,128,4,2,0,[32; 32; 4; 256; 32; 32; 128; 4; 2; 0],0.2394285798072815,0.23357300694155717,tvm
64,64,4,1024,256,16,64,8,1,0,[64; 64; 4; 1024; 256; 16; 64; 8; 1; 0],0.1664750180207193,0.3359306038721863,tvm
64,64,1,3584,896,128,16,4,8,0,[64; 64; 1; 3584; 896; 128; 16; 4; 8; 0],0.22762822592630982,0.2456815410556231,tvm
32,32,1,3584,448,112,16,2,7,0,[32; 32; 1; 3584; 448; 112; 16; 2; 7; 0],0.2676295251585543,0.20896070155264712,tvm
16,16,2,7168,1024,64,32,2,4,1,[16; 16; 2; 7168; 1024; 64; 32; 2; 4; 1],0.17565275798551738,0.3183784528902432,tvm
64,16,8,14336,7168,16,4,2,1,1,[64; 16; 8; 14336; 7168; 16; 4; 2; 1; 1],0.1673075989820063,0.3342588960310636,tvm
64,32,1,3584,112,112,16,8,7,0,[64; 32; 1; 3584; 112; 112; 16; 8; 7; 0],0.14408220117911696,0.3881399151017334,tvm
64,32,4,3584,112,16,16,4,1,1,[64; 32; 4; 3584; 112; 16; 16; 4; 1; 1],0.2078279280103743,0.26908824944134424,tvm
64,64,16,224,224,16,16,2,1,0,[64; 64; 16; 224; 224; 16; 16; 2; 1; 0],0.17168271611444652,0.32574073033684675,tvm
64,32,1,3584,64,64,8,2,4,0,[64; 32; 1; 3584; 64; 64; 8; 2; 4; 0],0.16451549297198653,0.3399318345224544,tvm
32,32,2,1792,64,32,64,64,2,1,[32; 32; 2; 1792; 64; 32; 64; 64; 2; 1],0.2805804437957704,0.19931557800956176,tvm
32,32,2,896,896,32,64,2,2,1,[32; 32; 2; 896; 896; 32; 64; 2; 2; 1],0.21372925001196563,0.2616583987928766,tvm
64,64,2,14336,14336,112,16,1,7,1,[64; 64; 2; 14336; 14336; 112; 16; 1; 7; 1],0.17103617102839053,0.326972084308707,tvm
16,16,4,3584,448,32,16,16,2,1,[16; 16; 4; 3584; 448; 32; 16; 16; 2; 1],0.19091980694793165,0.2929190754345627,tvm
64,32,2,7168,64,32,64,1,2,1,[64; 32; 2; 7168; 64; 32; 64; 1; 2; 1],0.20646684686653316,0.2708621465483243,tvm
64,64,1,14336,1792,16,8,1,1,1,[64; 64; 1; 14336; 1792; 16; 8; 1; 1; 1],0.24896014016121626,0.22463055048538788,tvm
32,32,2,64,32,32,32,16,2,1,[32; 32; 2; 64; 32; 32; 32; 16; 2; 1],0.26987232989631593,0.20722410984045372,tvm
64,32,2,512,128,32,32,16,2,0,[64; 32; 2; 512; 128; 32; 32; 16; 2; 0],0.2096215500496328,0.2667858019373104,tvm
64,64,2,896,448,16,32,8,1,1,[64; 64; 2; 896; 448; 16; 32; 8; 1; 1],0.2223059218376875,0.2515634890471574,tvm
32,32,2,2048,128,32,16,1,2,0,[32; 32; 2; 2048; 128; 32; 16; 1; 2; 0],0.22636841516941786,0.24704883537519512,tvm
64,32,2,2048,128,64,64,32,4,0,[64; 32; 2; 2048; 128; 64; 64; 32; 4; 0],0.16808097809553146,0.33272089422009443,tvm
16,16,16,3584,512,16,8,4,1,1,[16; 16; 16; 3584; 512; 16; 8; 4; 1; 1],0.1783144949004054,0.31362595264377574,tvm
32,16,4,512,512,64,4,2,4,0,[32; 16; 4; 512; 512; 64; 4; 2; 4; 0],0.19177275709807873,0.2916162555077204,tvm
64,64,2,448,32,32,8,2,2,1,[64; 64; 2; 448; 32; 32; 8; 2; 2; 1],0.13584617618471384,0.41167189908453394,tvm
32,32,2,14336,1024,16,16,2,1,0,[32; 32; 2; 14336; 1024; 16; 16; 2; 1; 0],0.17465835297480226,0.3201911181505383,tvm
64,64,2,14336,1792,32,64,32,2,1,[64; 64; 2; 14336; 1792; 32; 64; 32; 2; 1],0.17299136007204652,0.32327656889940853,tvm
64,64,2,512,512,16,4,4,1,1,[64; 64; 2; 512; 512; 16; 4; 4; 1; 1],0.12237991206347942,0.45697085731132975,tvm
64,32,2,448,448,16,8,1,1,1,[64; 32; 2; 448; 448; 16; 8; 1; 1; 1],0.14228691812604666,0.3930372100953955,tvm
16,16,4,896,896,16,32,1,1,1,[16; 16; 4; 896; 896; 16; 32; 1; 1; 1],0.19785565207712352,0.2826507746745305,tvm
32,32,2,2048,1024,32,32,32,2,1,[32; 32; 2; 2048; 1024; 32; 32; 32; 2; 1],0.18308588885702193,0.3054525593559335,tvm
32,32,2,1792,112,112,32,16,7,0,[32; 32; 2; 1792; 112; 112; 32; 16; 7; 0],0.1946864251513034,0.28725194008709715,tvm
32,32,2,14336,128,64,16,16,4,0,[32; 32; 2; 14336; 128; 64; 16; 16; 4; 0],0.220063840970397,0.25412649841395907,tvm
64,32,2,3584,448,32,32,4,2,1,[64; 32; 2; 3584; 448; 32; 32; 4; 2; 1],0.1818391210399568,0.3075468744761736,tvm
32,32,8,1792,64,32,64,1,2,1,[32; 32; 8; 1792; 64; 32; 64; 1; 2; 1],0.15378858498297632,0.3636424207916593,tvm
64,64,2,3584,1792,64,64,16,4,0,[64; 64; 2; 3584; 1792; 64; 64; 16; 4; 0],0.14265344617888331,0.3920273560247972,tvm
64,16,4,14336,1792,32,16,8,2,1,[64; 16; 4; 14336; 1792; 32; 16; 8; 2; 1],0.15086183487437665,0.3706971573022531,tvm
32,16,4,2048,512,64,16,4,4,0,[32; 16; 4; 2048; 512; 64; 16; 4; 4; 0],0.1673869260121137,0.33410048601577247,tvm
64,64,8,14336,2048,16,16,4,1,0,[64; 64; 8; 14336; 2048; 16; 16; 4; 1; 0],0.1149996449239552,0.4862976174431994,tvm
32,32,2,14336,256,32,16,4,2,0,[32; 32; 2; 14336; 256; 32; 16; 4; 2; 0],0.18838426982983947,0.29686158713701233,tvm
64,32,2,14336,2048,128,16,2,8,1,[64; 32; 2; 14336; 2048; 128; 16; 2; 8; 1],0.14559066481888294,0.3841184007429579,tvm
32,32,2,3584,512,64,8,2,4,0,[32; 32; 2; 3584; 512; 64; 8; 2; 4; 0],0.13786701811477542,0.40563765067273816,tvm
64,64,2,448,448,64,16,16,4,0,[64; 64; 2; 448; 448; 64; 16; 16; 4; 0],0.1603909858968109,0.34867329370562394,tvm
32,32,8,7168,3584,16,8,2,1,1,[32; 32; 8; 7168; 3584; 16; 8; 2; 1; 1],0.14171623811125755,0.3946199396672447,tvm
32,32,4,7168,1024,32,64,64,2,1,[32; 32; 4; 7168; 1024; 32; 64; 64; 2; 1],0.1727415539789945,0.3237440676267955,tvm
64,64,4,1792,32,32,16,16,2,1,[64; 64; 4; 1792; 32; 32; 16; 16; 2; 1],0.1163177730049938,0.48078682980744814,tvm
64,64,8,7168,256,32,64,16,2,1,[64; 64; 8; 7168; 256; 32; 64; 16; 2; 1],0.11507610487751663,0.48597450698263667,tvm
64,64,4,3584,3584,64,64,2,4,0,[64; 64; 4; 3584; 3584; 64; 64; 2; 4; 0],0.16193206096068025,0.3453550396478472,tvm
64,64,4,3584,1792,32,64,2,2,0,[64; 64; 4; 3584; 1792; 32; 64; 2; 2; 0],0.12210757681168616,0.4579900346362552,tvm
64,64,4,896,896,64,16,2,4,1,[64; 64; 4; 896; 896; 64; 16; 2; 4; 1],0.10252643888816237,0.5454598242150619,tvm
64,16,4,14336,1792,32,64,2,2,1,[64; 16; 4; 14336; 1792; 32; 64; 2; 2; 1],0.24256930104456842,0.23054876726984566,tvm
64,16,8,1792,448,32,64,2,2,1,[64; 16; 8; 1792; 448; 32; 64; 2; 2; 1],0.21773513196967542,0.25684441838775945,tvm
32,16,1,7168,1792,32,4,2,2,1,[32; 16; 1; 7168; 1792; 32; 4; 2; 2; 1],0.251847418025136,0.2220552974966444,tvm
64,16,1,256,256,128,4,2,8,0,[64; 16; 1; 256; 256; 128; 4; 2; 8; 0],0.2023352370597422,0.2763930501972872,tvm
64,32,4,128,64,32,128,8,2,1,[64; 32; 4; 128; 64; 32; 128; 8; 2; 1],0.15786897903308272,0.35424345983522193,tvm
32,32,16,7168,112,16,8,1,1,0,[32; 32; 16; 7168; 112; 16; 8; 1; 1; 0],0.2457677109632641,0.22754841599876613,tvm
64,16,2,14336,1792,64,32,4,4,0,[64; 16; 2; 14336; 1792; 64; 32; 4; 4; 0],0.18149325693957508,0.30813295367745946,tvm
64,64,1,224,16,16,4,2,1,1,[64; 64; 1; 224; 16; 16; 4; 2; 1; 1],0.27787280990742147,0.20125773857458554,tvm
64,16,1,1792,896,64,8,8,4,1,[64; 16; 1; 1792; 896; 64; 8; 8; 4; 1],0.17464169999584556,0.3202216500106428,tvm
32,16,2,3584,1792,64,4,2,4,0,[32; 16; 2; 3584; 1792; 64; 4; 2; 4; 0],0.2269482270348817,0.2464176700738793,tvm
64,32,1,1792,448,32,16,8,2,1,[64; 32; 1; 1792; 448; 32; 16; 8; 2; 1],0.21910590888001025,0.25523754069069504,tvm
64,16,16,7168,256,16,8,1,1,0,[64; 16; 16; 7168; 256; 16; 8; 1; 1; 0],0.2181976679712534,0.2562999589010323,tvm
64,32,1,512,128,64,32,8,4,1,[64; 32; 1; 512; 128; 64; 32; 8; 4; 1],0.26088537904433906,0.21436254319115639,tvm
64,64,1,14336,2048,16,4,1,1,1,[64; 64; 1; 14336; 2048; 16; 4; 1; 1; 1],0.18415533495135605,0.3036787033517409,tvm
64,32,2,448,112,16,8,4,1,1,[64; 32; 2; 448; 112; 16; 8; 4; 1; 1],0.1768596051260829,0.3162059153839294,tvm
64,64,1,512,512,128,16,1,8,0,[64; 64; 1; 512; 512; 128; 16; 1; 8; 0],0.21715772314928472,0.2575273516516308,tvm
32,32,4,896,896,64,128,16,4,1,[32; 32; 4; 896; 896; 64; 128; 16; 4; 1],0.18782344507053494,0.29774799047228473,tvm
64,64,1,224,224,224,64,4,14,1,[64; 64; 1; 224; 224; 224; 64; 4; 14; 1],0.193949667038396,0.28834312627235453,tvm
64,32,2,14336,128,16,4,4,1,0,[64; 32; 2; 14336; 128; 16; 4; 4; 1; 0],0.18461405206471682,0.30292414205679774,tvm
64,32,2,256,32,32,32,8,2,0,[64; 32; 2; 256; 32; 32; 32; 8; 2; 0],0.28173452778719366,0.19849911110495908,tvm
16,16,2,14336,3584,16,4,1,1,1,[16; 16; 2; 14336; 3584; 16; 4; 1; 1; 1],0.23382467194460332,0.239170883329979,tvm
32,32,2,1024,512,128,64,16,8,0,[32; 32; 2; 1024; 512; 128; 64; 16; 8; 0],0.16534162499010563,0.3382333597887401,tvm
32,16,2,3584,1792,64,16,2,4,1,[32; 16; 2; 3584; 1792; 64; 16; 2; 4; 1],0.19399833003990352,0.2882707975982593,tvm
64,32,1,3584,1792,64,4,1,4,1,[64; 32; 1; 3584; 1792; 64; 4; 1; 4; 1],0.20865098014473915,0.2680267942884302,tvm
64,64,8,7168,32,16,32,16,1,1,[64; 64; 8; 7168; 32; 16; 32; 16; 1; 1],0.15810719807632267,0.353709723616361,tvm
32,32,1,14336,256,64,8,1,4,0,[32; 32; 1; 14336; 256; 64; 8; 1; 4; 0],0.1491003588307649,0.37507658446891773,tvm
64,64,1,7168,896,32,8,1,2,0,[64; 64; 1; 7168; 896; 32; 8; 1; 2; 0],0.14500977797433734,0.38565711991663293,tvm
32,16,2,1792,448,16,4,2,1,1,[32; 16; 2; 1792; 448; 16; 4; 2; 1; 1],0.16310511995106936,0.3428712314494496,tvm
64,32,8,1024,1024,16,64,1,1,0,[64; 32; 8; 1024; 1024; 16; 64; 1; 1; 0],0.20023069507442415,0.27929810318316484,tvm
32,32,1,1792,256,16,8,8,1,0,[32; 32; 1; 1792; 256; 16; 8; 8; 1; 0],0.1801308998838067,0.3104634094950233,tvm
64,64,2,14336,1792,16,32,8,1,0,[64; 64; 2; 14336; 1792; 16; 32; 8; 1; 0],0.21037625800818205,0.26582872926258777,tvm
64,32,2,7168,7168,128,32,2,8,0,[64; 32; 2; 7168; 7168; 128; 32; 2; 8; 0],0.2011950369924307,0.27795940779313205,tvm
16,16,16,896,896,16,4,4,1,0,[16; 16; 16; 896; 896; 16; 4; 4; 1; 0],0.25703207519836724,0.21757616550453227,tvm
64,64,4,14336,256,16,64,8,1,0,[64; 64; 4; 14336; 256; 16; 64; 8; 1; 0],0.1738576227799058,0.3216658115941808,tvm
64,16,16,7168,896,16,32,16,1,1,[64; 16; 16; 7168; 896; 16; 32; 16; 1; 1],0.205288243945688,0.2724172230151126,tvm
64,64,2,64,64,32,64,2,2,0,[64; 64; 2; 64; 64; 32; 64; 2; 2; 0],0.18847504002042115,0.29671861763379387,tvm
64,32,4,512,64,64,4,2,4,1,[64; 32; 4; 512; 64; 64; 4; 2; 4; 1],0.17782487091608346,0.314489492078553,tvm
16,16,8,14336,7168,16,32,8,1,1,[16; 16; 8; 14336; 7168; 16; 32; 8; 1; 1],0.3620013378094882,0.15448576425638708,tvm
32,32,2,224,224,112,32,4,7,1,[32; 32; 2; 224; 224; 112; 32; 4; 7; 1],0.1569245681166649,0.3563753847119518,tvm
64,16,4,3584,512,64,8,1,4,0,[64; 16; 4; 3584; 512; 64; 8; 1; 4; 0],0.18507060292176902,0.3021768581851593,tvm
16,16,16,2048,1024,16,16,1,1,1,[16; 16; 16; 2048; 1024; 16; 16; 1; 1; 1],0.17063361895270646,0.32774346389988646,tvm
64,64,2,14336,1792,32,64,1,2,1,[64; 64; 2; 14336; 1792; 32; 64; 1; 2; 1],0.16850186977535486,0.3318898087474683,tvm
64,16,8,7168,1792,16,8,4,1,0,[64; 16; 8; 7168; 1792; 16; 8; 4; 1; 0],0.16277941898442805,0.3435572732857782,tvm
16,16,8,1792,1792,16,16,1,1,1,[16; 16; 8; 1792; 1792; 16; 16; 1; 1; 1],0.14179473696276546,0.3944014744920941,tvm
64,16,4,7168,512,64,32,2,4,1,[64; 16; 4; 7168; 512; 64; 32; 2; 4; 1],0.1594049660488963,0.35083005705216885,tvm
64,32,4,224,224,32,64,8,2,1,[64; 32; 4; 224; 224; 32; 64; 8; 2; 1],0.14681304711848497,0.3809201868019265,tvm
32,16,4,2048,512,64,32,1,4,1,[32; 16; 4; 2048; 512; 64; 32; 1; 4; 1],0.1551590831950307,0.36043041877888865,tvm
16,16,8,3584,3584,32,32,4,2,0,[16; 16; 8; 3584; 3584; 32; 32; 4; 2; 0],0.14666539197787642,0.38130367756947825,tvm
64,32,8,256,256,32,64,1,2,1,[64; 32; 8; 256; 256; 32; 64; 1; 2; 1],0.15673311217688024,0.3568107118948839,tvm
32,32,4,7168,1792,64,64,32,4,1,[32; 32; 4; 7168; 1792; 64; 64; 32; 4; 1],0.13919881405308843,0.40175667956484673,tvm
32,32,4,7168,896,16,32,4,1,0,[32; 32; 4; 7168; 896; 16; 32; 4; 1; 0],0.16127863992005587,0.3467542469421512,tvm
64,32,8,14336,14336,16,16,2,1,1,[64; 32; 8; 14336; 14336; 16; 16; 2; 1; 1],0.1809548889286816,0.30904969555906425,tvm
64,32,8,448,224,32,16,8,2,0,[64; 32; 8; 448; 224; 32; 16; 8; 2; 0],0.14334364794194698,0.39013973856715384,tvm
64,32,16,3584,896,16,16,8,1,0,[64; 32; 16; 3584; 896; 16; 16; 8; 1; 0],0.16710425005294383,0.33466565521591973,tvm
32,32,4,3584,448,16,8,4,1,1,[32; 32; 4; 3584; 448; 16; 8; 4; 1; 1],0.12650190107524395,0.4420807344236624,tvm
64,32,4,512,128,64,32,8,4,1,[64; 32; 4; 512; 128; 64; 32; 8; 4; 1],0.12889207992702723,0.43388277514797624,tvm
32,32,16,2048,1024,16,8,4,1,0,[32; 32; 16; 2048; 1024; 16; 8; 4; 1; 0],0.1928641670383513,0.2899660117901153,tvm
64,64,2,1792,256,128,64,16,8,0,[64; 64; 2; 1792; 256; 128; 64; 16; 8; 0],0.13112726085819304,0.42648685686961874,tvm
64,64,2,1024,512,128,16,8,8,1,[64; 64; 2; 1024; 512; 128; 16; 8; 8; 1],0.13057605898939073,0.4282871895978814,tvm
64,64,2,1024,256,128,8,1,8,0,[64; 64; 2; 1024; 256; 128; 8; 1; 8; 0],0.17618078994564712,0.31742423989917545,tvm
32,32,8,896,896,32,4,1,2,1,[32; 32; 8; 896; 896; 32; 4; 1; 2; 1],0.14826505607925355,0.3771897088376624,tvm
64,64,8,896,64,32,16,16,2,1,[64; 64; 8; 896; 64; 32; 16; 16; 2; 1],0.20502526289783418,0.27276664613375357,tvm
32,32,8,1792,896,32,8,1,2,1,[32; 32; 8; 1792; 896; 32; 8; 1; 2; 1],0.12715168297290802,0.4398215739326783,tvm
64,32,4,512,512,64,16,2,4,1,[64; 32; 4; 512; 512; 64; 16; 2; 4; 1],0.12173282285220921,0.4593999549425418,tvm
64,64,1,7168,3584,224,16,1,14,0,[64; 64; 1; 7168; 3584; 224; 16; 1; 14; 0],0.22353970096446574,0.2501750386711984,tvm
32,16,2,14336,896,128,32,2,8,0,[32; 16; 2; 14336; 896; 128; 32; 2; 8; 0],0.18934504105709493,0.2953552573709604,tvm
32,32,1,256,256,128,16,16,8,0,[32; 32; 1; 256; 256; 128; 16; 16; 8; 0],0.2561054739635438,0.21836336595169395,tvm
32,32,1,1024,256,64,16,2,4,1,[32; 32; 1; 1024; 256; 64; 16; 2; 4; 1],0.242811756208539,0.23031855708544413,tvm
32,32,1,3584,64,64,32,1,4,1,[32; 32; 1; 3584; 64; 64; 32; 1; 4; 1],0.3088345001451671,0.18108097802235934,tvm
64,32,2,896,896,128,128,32,8,0,[64; 32; 2; 896; 896; 128; 128; 32; 8; 0],0.20749757415615022,0.26951666090924153,tvm
64,64,4,896,448,16,128,32,1,0,[64; 64; 4; 896; 448; 16; 128; 32; 1; 0],0.23663103207945824,0.23633440145988385,tvm
64,64,2,3584,3584,64,128,4,4,0,[64; 64; 2; 3584; 3584; 64; 128; 4; 4; 0],0.36605798709206283,0.15277375526645331,tvm
64,32,2,14336,896,64,128,8,4,1,[64; 32; 2; 14336; 896; 64; 128; 8; 4; 1],0.21642451407387853,0.2583998100799392,tvm
64,32,1,3584,224,112,32,8,7,1,[64; 32; 1; 3584; 224; 112; 32; 8; 7; 1],0.23023784602992237,0.2428968751126402,tvm
64,64,1,14336,2048,64,8,8,4,1,[64; 64; 1; 14336; 2048; 64; 8; 8; 4; 1],0.2366108011920005,0.23635460871438888,tvm
16,16,2,896,448,16,8,4,1,0,[16; 16; 2; 896; 448; 16; 8; 4; 1; 0],0.1860782119911164,0.30054057772224946,tvm
64,64,1,128,128,64,64,32,4,0,[64; 64; 1; 128; 128; 64; 64; 32; 4; 0],0.23539268807508051,0.23757769959063418,tvm
64,16,2,14336,2048,128,32,1,8,1,[64; 16; 2; 14336; 2048; 128; 32; 1; 8; 1],0.16381300194188952,0.3413895885576387,tvm
64,32,1,896,112,112,32,2,7,1,[64; 32; 1; 896; 112; 112; 32; 2; 7; 1],0.24406716087833047,0.22913387090699983,tvm
32,32,4,1792,896,64,128,2,4,0,[32; 32; 4; 1792; 896; 64; 128; 2; 4; 0],0.2004911880940199,0.2789352183753227,tvm
32,16,1,3584,448,32,4,1,2,1,[32; 16; 1; 3584; 448; 32; 4; 1; 2; 1],0.18922747415490448,0.2955387613933538,tvm
64,64,1,256,128,32,16,8,2,0,[64; 64; 1; 256; 128; 32; 16; 8; 2; 0],0.24450125894509256,0.22872705676289443,tvm
64,32,16,896,224,16,16,2,1,0,[64; 32; 16; 896; 224; 16; 16; 2; 1; 0],0.18445459916256368,0.3031860066771569,tvm
64,32,1,14336,1024,32,8,8,2,1,[64; 32; 1; 14336; 1024; 32; 8; 8; 2; 1],0.15168812009505928,0.36867787205937474,tvm
64,16,8,3584,448,16,16,16,1,0,[64; 16; 8; 3584; 448; 16; 16; 16; 1; 0],0.17336052609607577,0.3225881611730944,tvm
64,64,1,896,448,64,8,8,4,1,[64; 64; 1; 896; 448; 64; 8; 8; 4; 1],0.13496139901690185,0.4143707292655562,tvm
32,32,2,2048,64,64,32,2,4,1,[32; 32; 2; 2048; 64; 64; 32; 2; 4; 1],0.2105641821399331,0.26559148267756333,tvm
64,64,2,3584,1792,64,128,1,4,1,[64; 64; 2; 3584; 1792; 64; 128; 1; 4; 1],0.18664944102056324,0.29962079193782404,tvm
64,32,1,32,32,32,8,1,2,0,[64; 32; 1; 32; 32; 32; 8; 1; 2; 0],0.2320815739221871,0.240967227118529,tvm
64,64,1,7168,1024,64,8,1,4,1,[64; 64; 1; 7168; 1024; 64; 8; 1; 4; 1],0.1346713660750538,0.41526313249222,tvm
16,16,4,14336,14336,16,32,4,1,0,[16; 16; 4; 14336; 14336; 16; 32; 4; 1; 0],0.43176669301465154,0.1295237780915065,tvm
32,32,2,2048,128,64,16,16,4,0,[32; 32; 2; 2048; 128; 64; 16; 16; 4; 0],0.21927275811322033,0.25504332510132083,tvm
64,16,16,7168,512,16,32,2,1,0,[64; 16; 16; 7168; 512; 16; 32; 2; 1; 0],0.24076506099663675,0.23227644867506145,tvm
64,64,1,896,224,224,4,1,14,1,[64; 64; 1; 896; 224; 224; 4; 1; 14; 1],0.1654193049762398,0.3380745272830523,tvm
64,16,4,7168,448,16,8,1,1,0,[64; 16; 4; 7168; 448; 16; 8; 1; 1; 0],0.18620387790724635,0.30033774785931555,tvm
16,16,8,7168,1024,16,8,8,1,0,[16; 16; 8; 7168; 1024; 16; 8; 8; 1; 0],0.15732745500281453,0.3554627724215896,tvm
32,32,2,3584,3584,64,32,4,4,0,[32; 32; 2; 3584; 3584; 64; 32; 4; 4; 0],0.1524970419704914,0.3667222171047409,tvm
64,64,2,14336,2048,32,64,64,2,1,[64; 64; 2; 14336; 2048; 32; 64; 64; 2; 1],0.19406814104877412,0.2881670996131108,tvm
16,16,8,14336,7168,16,8,2,1,0,[16; 16; 8; 14336; 7168; 16; 8; 2; 1; 0],0.15324347000569105,0.364935963217594,tvm
64,32,4,64,64,64,4,4,4,1,[64; 32; 4; 64; 64; 64; 4; 4; 4; 1],0.16863278485834599,0.3316321519585314,tvm
64,16,8,1024,1024,16,32,16,1,0,[64; 16; 8; 1024; 1024; 16; 32; 16; 1; 0],0.14511083904653788,0.3853885326608729,tvm
64,64,8,448,448,32,128,32,2,1,[64; 64; 8; 448; 448; 32; 128; 32; 2; 1],0.16809820500202477,0.332686796582151,tvm
64,16,16,1024,1024,16,8,4,1,0,[64; 16; 16; 1024; 1024; 16; 8; 4; 1; 0],0.18220616993494332,0.3069273304702086,tvm
16,16,8,3584,512,32,8,1,2,0,[16; 16; 8; 3584; 512; 32; 8; 1; 2; 0],0.17784862918779254,0.31444748035860565,tvm
64,64,8,256,32,32,4,2,2,1,[64; 64; 8; 256; 32; 32; 4; 2; 2; 1],0.15832123719155788,0.35323153308655014,tvm
64,32,4,448,224,16,8,8,1,1,[64; 32; 4; 448; 224; 16; 8; 8; 1; 1],0.12637406401336193,0.44252793300546467,tvm
64,64,16,2048,1024,16,8,4,1,0,[64; 64; 16; 2048; 1024; 16; 8; 4; 1; 0],0.18918049591593444,0.29561215104428173,tvm
32,16,8,14336,3584,16,32,1,1,1,[32; 16; 8; 14336; 3584; 16; 32; 1; 1; 1],0.1955062730703503,0.2860473602972822,tvm
32,32,2,14336,1024,32,4,4,2,1,[32; 32; 2; 14336; 1024; 32; 4; 4; 2; 1],0.1320782140828669,0.4234161835217286,tvm
32,32,8,7168,3584,32,64,2,2,0,[32; 32; 8; 7168; 3584; 32; 64; 2; 2; 0],0.21817718585953116,0.2563240199153493,tvm
32,32,2,896,896,16,8,1,1,0,[32; 32; 2; 896; 896; 16; 8; 1; 1; 0],0.13706933008506894,0.4079982976397809,tvm
64,64,8,448,64,32,8,2,2,0,[64; 64; 8; 448; 64; 32; 8; 2; 2; 0],0.1965880668722093,0.28447328580572684,tvm
64,64,4,224,224,32,4,2,2,0,[64; 64; 4; 224; 224; 32; 4; 2; 2; 0],0.1410360389854759,0.3965231421388152,tvm
64,32,8,32,32,32,64,16,2,0,[64; 32; 8; 32; 32; 32; 64; 16; 2; 0],0.16539356391876936,0.33812714357373436,tvm
32,32,2,3584,256,128,16,8,8,1,[32; 32; 2; 3584; 256; 128; 16; 8; 8; 1],0.15618530311621726,0.3580622005882354,tvm
16,16,4,14336,3584,64,32,2,4,1,[16; 16; 4; 14336; 3584; 64; 32; 2; 4; 1],0.14870974491350353,0.37606179316534605,tvm
64,32,8,14336,448,16,8,1,1,1,[64; 32; 8; 14336; 448; 16; 8; 1; 1; 1],0.158117167185992,0.35368742261585234,tvm
64,32,2,3584,512,64,8,4,4,1,[64; 32; 2; 3584; 512; 64; 8; 4; 4; 1],0.120562908006832,0.4638578668836045,tvm
32,32,4,14336,448,64,64,64,4,0,[32; 32; 4; 14336; 448; 64; 64; 64; 4; 0],0.15669453400187194,0.3568985586482885,tvm
64,64,8,7168,3584,16,16,8,1,1,[64; 64; 8; 7168; 3584; 16; 16; 8; 1; 1],0.12658639904111624,0.4417856401394969,tvm
64,32,4,3584,224,32,8,1,2,0,[64; 32; 4; 3584; 224; 32; 8; 1; 2; 0],0.16784429620020092,0.333190073177276,tvm
64,32,4,896,448,64,4,2,4,0,[64; 32; 4; 896; 448; 64; 4; 2; 4; 0],0.1586357990745455,0.3525311036952871,tvm
64,64,4,1024,128,64,32,4,4,1,[64; 64; 4; 1024; 128; 64; 32; 4; 4; 1],0.10794595489278436,0.5180745623018392,tvm
32,32,4,1792,256,64,32,4,4,0,[32; 32; 4; 1792; 256; 64; 32; 4; 4; 0],0.13710038410499692,0.4079058836954423,tvm
32,32,4,1792,256,64,16,8,4,0,[32; 32; 4; 1792; 256; 64; 16; 8; 4; 0],0.14573129685595632,0.38374772296584836,tvm
64,32,4,512,256,64,16,16,4,0,[64; 32; 4; 512; 256; 64; 16; 16; 4; 0],0.15446537313982844,0.36204912594040456,tvm
64,32,4,2048,2048,32,32,16,2,1,[64; 32; 4; 2048; 2048; 32; 32; 16; 2; 1],0.11378895211964846,0.49147173158365587,tvm
64,64,8,3584,896,32,32,32,2,0,[64; 64; 8; 3584; 896; 32; 32; 32; 2; 0],0.10014706291258335,0.5584193056380343,tvm
32,32,1,3584,128,128,16,8,8,0,[32; 32; 1; 3584; 128; 128; 16; 8; 8; 0],0.14603029214777052,0.3829620040528498,tvm
64,32,8,7168,1792,16,128,8,1,1,[64; 32; 8; 7168; 1792; 16; 128; 8; 1; 1],0.29267574613913894,0.19107853681441328,tvm
32,16,1,1792,448,224,16,1,14,1,[32; 16; 1; 1792; 448; 224; 16; 1; 14; 1],0.2786964389961213,0.20066296338329478,tvm
64,64,4,7168,32,16,128,32,1,1,[64; 64; 4; 7168; 32; 16; 128; 32; 1; 1],0.1781211879570037,0.31396631683611226,tvm
32,16,4,448,224,32,32,4,2,1,[32; 16; 4; 448; 224; 32; 32; 4; 2; 1],0.18726632301695645,0.2986337982845403,tvm
32,16,1,1792,1792,224,8,1,14,0,[32; 16; 1; 1792; 1792; 224; 8; 1; 14; 0],0.31197869102470577,0.1792560035098829,tvm
16,16,1,2048,1024,32,4,4,2,0,[16; 16; 1; 2048; 1024; 32; 4; 4; 2; 0],0.1758220000192523,0.3180719894393746,tvm
64,16,8,14336,14336,32,32,8,2,1,[64; 16; 8; 14336; 14336; 32; 32; 8; 2; 1],0.36472603399306536,0.15333167397202208,tvm
32,16,2,2048,1024,16,16,2,1,1,[32; 16; 2; 2048; 1024; 16; 16; 2; 1; 1],0.20049726590514183,0.27892676282075496,tvm
16,16,16,14336,3584,16,16,16,1,1,[16; 16; 16; 14336; 3584; 16; 16; 16; 1; 1],0.17412908701226115,0.32116434016216655,tvm
64,64,1,1792,896,224,8,4,14,1,[64; 64; 1; 1792; 896; 224; 8; 4; 14; 1],0.1486209980212152,0.3762863530586058,tvm
64,32,2,448,448,32,64,64,2,0,[64; 32; 2; 448; 448; 32; 64; 64; 2; 0],0.21118786302395165,0.26480713679550216,tvm
64,64,2,1792,224,112,8,2,7,1,[64; 64; 2; 1792; 224; 112; 8; 2; 7; 1],0.13202043203637004,0.42360150221237675,tvm
64,64,4,2048,256,64,16,1,4,1,[64; 64; 4; 2048; 256; 64; 16; 1; 4; 1],0.11243244609795511,0.49740137544112784,tvm
16,16,16,14336,14336,16,4,2,1,1,[16; 16; 16; 14336; 14336; 16; 4; 2; 1; 1],0.2781025730073452,0.20109146322733332,tvm
16,16,4,1792,1792,32,16,2,2,0,[16; 16; 4; 1792; 1792; 32; 16; 2; 2; 0],0.1590501598548144,0.35161268234110815,tvm
64,64,2,896,128,32,16,2,2,1,[64; 64; 2; 896; 128; 32; 16; 2; 2; 1],0.16241911193355918,0.34431941332255406,tvm
16,16,8,3584,896,32,8,1,2,1,[16; 16; 8; 3584; 896; 32; 8; 1; 2; 1],0.15624848403967917,0.35791741390035803,tvm
64,64,2,1024,256,16,16,8,1,1,[64; 64; 2; 1024; 256; 16; 16; 8; 1; 1],0.1554142718669027,0.3598385956550173,tvm
64,16,1,14336,3584,128,8,1,8,1,[64; 16; 1; 14336; 3584; 128; 8; 1; 8; 1],0.30930303200148046,0.180806676777309,tvm
64,32,2,896,224,32,4,1,2,1,[64; 32; 2; 896; 224; 32; 4; 1; 2; 1],0.13567161606624722,0.4122015713738246,tvm
32,16,2,7168,7168,64,16,1,4,1,[32; 16; 2; 7168; 7168; 64; 16; 1; 4; 1],0.18851510202512145,0.2966555609209543,tvm
32,16,4,14336,448,32,32,4,2,0,[32; 16; 4; 14336; 448; 32; 32; 4; 2; 0],0.18329815892502666,0.3050988272948645,tvm
64,64,4,448,448,16,16,4,1,1,[64; 64; 4; 448; 448; 16; 16; 4; 1; 1],0.15657816105522215,0.3571638149052599,tvm
64,32,1,512,128,128,4,4,8,1,[64; 32; 1; 512; 128; 128; 4; 4; 8; 1],0.1596265349071473,0.3503430890475925,tvm
64,64,4,14336,128,32,32,32,2,1,[64; 64; 4; 14336; 128; 32; 32; 32; 2; 1],0.1788540619891137,0.31267980559892045,tvm
64,32,2,14336,3584,64,64,1,4,0,[64; 32; 2; 14336; 3584; 64; 64; 1; 4; 0],0.2589740410912782,0.21594462942184348,tvm
64,64,4,512,128,32,32,32,2,0,[64; 64; 4; 512; 128; 32; 32; 32; 2; 0],0.15126427682116628,0.36971090933419865,tvm
64,32,16,3584,448,16,4,4,1,0,[64; 32; 16; 3584; 448; 16; 4; 4; 1; 0],0.2743089641444385,0.20387249650319958,tvm
64,64,4,112,16,16,32,2,1,1,[64; 64; 4; 112; 16; 16; 32; 2; 1; 1],0.18283581198193133,0.30587034742876307,tvm
32,16,8,14336,1024,16,8,8,1,1,[32; 16; 8; 14336; 1024; 16; 8; 8; 1; 1],0.1651509131770581,0.3386239425353781,tvm
32,16,16,3584,512,16,16,4,1,1,[32; 16; 16; 3584; 512; 16; 16; 4; 1; 1],0.175411615986377,0.3188161343754827,tvm
64,64,2,3584,3584,128,16,4,8,1,[64; 64; 2; 3584; 3584; 128; 16; 4; 8; 1],0.14380064397118986,0.38889988103626016,tvm
16,16,4,256,256,64,32,8,4,0,[16; 16; 4; 256; 256; 64; 32; 8; 4; 0],0.1940314150415361,0.2882216434970684,tvm
64,64,4,896,64,16,64,1,1,1,[64; 64; 4; 896; 64; 16; 64; 1; 1; 1],0.16656796308234334,0.33574315431645835,tvm
32,32,8,896,128,32,64,64,2,1,[32; 32; 8; 896; 128; 32; 64; 64; 2; 1],0.19088813289999962,0.2929676794661207,tvm
64,64,4,14336,64,64,64,2,4,1,[64; 64; 4; 14336; 64; 64; 64; 2; 4; 1],0.10649996693246067,0.5251086450458602,tvm
64,64,2,7168,448,16,8,8,1,0,[64; 64; 2; 7168; 448; 16; 8; 8; 1; 0],0.12866078200750053,0.4346627811579222,tvm
32,16,16,512,512,16,32,2,1,0,[32; 16; 16; 512; 512; 16; 32; 2; 1; 0],0.2458669119514525,0.227456606053505,tvm
16,16,2,14336,3584,128,32,32,8,0,[16; 16; 2; 14336; 3584; 128; 32; 32; 8; 0],0.18133345991373062,0.30840449059946906,tvm
64,32,4,7168,1792,16,16,1,1,0,[64; 32; 4; 7168; 1792; 16; 16; 1; 1; 0],0.1422955470625311,0.39301337594744107,tvm
32,16,2,7168,1792,16,8,8,1,1,[32; 16; 2; 7168; 1792; 16; 8; 8; 1; 1],0.20580230792984366,0.2717367647421981,tvm
64,64,8,3584,512,16,64,4,1,0,[64; 64; 8; 3584; 512; 16; 64; 4; 1; 0],0.15560551011003554,0.35939635616879484,tvm
64,64,16,1792,16,16,8,4,1,0,[64; 64; 16; 1792; 16; 16; 8; 4; 1; 0],0.3422772171907127,0.16338818514518053,tvm
64,16,1,14336,224,16,8,4,1,0,[64; 16; 1; 14336; 224; 16; 8; 4; 1; 0],0.24213600810617208,0.23096132529289773,tvm
64,64,4,64,64,64,32,8,4,1,[64; 64; 4; 64; 64; 64; 32; 8; 4; 1],0.11473351996392012,0.4874255871424462,tvm
64,32,2,3584,896,32,8,8,2,1,[64; 32; 2; 3584; 896; 32; 8; 8; 2; 1],0.12513389391824603,0.4469137144399127,tvm
64,32,1,1024,128,128,8,8,8,1,[64; 32; 1; 1024; 128; 128; 8; 8; 8; 1],0.179222472012043,0.31203706045063073,tvm
32,16,8,7168,1792,16,32,8,1,0,[32; 16; 8; 7168; 1792; 16; 32; 8; 1; 0],0.16364516806788743,0.341739716446339,tvm
64,32,4,14336,512,32,4,2,2,1,[64; 32; 4; 14336; 512; 32; 4; 2; 2; 1],0.1383998899254948,0.40407585124120465,tvm
64,32,2,896,128,32,32,8,2,0,[64; 32; 2; 896; 128; 32; 32; 8; 2; 0],0.2077079201117158,0.269243721198761,tvm
64,16,2,3584,3584,64,16,8,4,1,[64; 16; 2; 3584; 3584; 64; 16; 8; 4; 1],0.1832243329845369,0.30522175969964105,tvm
64,32,2,3584,448,112,32,2,7,1,[64; 32; 2; 3584; 448; 112; 32; 2; 7; 1],0.15104109095409513,0.37025721265698447,tvm
64,16,8,7168,3584,32,16,8,2,1,[64; 16; 8; 7168; 3584; 32; 16; 8; 2; 1],0.1290803540032357,0.43324992223008213,tvm
64,64,8,7168,448,16,8,2,1,1,[64; 64; 8; 7168; 448; 16; 8; 2; 1; 1],0.14664812083356082,0.3813485847309607,tvm
64,64,2,512,128,128,128,8,8,1,[64; 64; 2; 512; 128; 128; 128; 8; 8; 1],0.14916984201408923,0.37490187412044895,tvm
64,32,8,448,224,16,4,1,1,1,[64; 32; 8; 448; 224; 16; 4; 1; 1; 1],0.14970146492123604,0.37357051490950494,tvm
64,32,8,448,32,32,16,4,2,0,[64; 32; 8; 448; 32; 32; 16; 4; 2; 0],0.19817203306593,0.2821995236569426,tvm
32,16,4,224,224,32,32,2,2,1,[32; 16; 4; 224; 224; 32; 32; 2; 2; 1],0.19094014912843704,0.29288786873061295,tvm
32,16,2,2048,1024,32,32,32,2,1,[32; 16; 2; 2048; 1024; 32; 32; 32; 2; 1],0.2117691719904542,0.26408023796709273,tvm
32,32,2,512,512,128,128,4,8,1,[32; 32; 2; 512; 512; 128; 128; 4; 8; 1],0.20561951189301908,0.27197833911029723,tvm
64,64,16,112,16,16,64,64,1,0,[64; 64; 16; 112; 16; 16; 64; 64; 1; 0],0.18708502687513828,0.2989231915959656,tvm
64,64,1,3584,128,128,32,8,8,1,[64; 64; 1; 3584; 128; 128; 32; 8; 8; 1],0.21720766206271946,0.25746814270845136,tvm
64,64,1,112,112,112,16,2,7,0,[64; 64; 1; 112; 112; 112; 16; 2; 7; 0],0.11687359097413719,0.4785003426968262,tvm
64,64,4,512,16,16,4,1,1,1,[64; 64; 4; 512; 16; 16; 4; 1; 1; 1],0.26228219806216657,0.213220926721371,tvm
64,32,2,7168,512,64,128,2,4,1,[64; 32; 2; 7168; 512; 64; 128; 2; 4; 1],0.20616040797904134,0.27126475874562045,tvm
32,32,2,896,112,112,128,16,7,0,[32; 32; 2; 896; 112; 112; 128; 16; 7; 0],0.24394386308267713,0.22924968321248412,tvm
16,16,2,1792,1792,128,16,1,8,0,[16; 16; 2; 1792; 1792; 128; 16; 1; 8; 0],0.19508637092076242,0.2866630460620328,tvm
32,16,2,3584,1792,16,16,1,1,1,[32; 16; 2; 3584; 1792; 16; 16; 1; 1; 1],0.213016991969198,0.2625332975381602,tvm
16,16,1,448,448,112,8,8,7,1,[16; 16; 1; 448; 448; 112; 8; 8; 7; 1],0.19132735091261566,0.292295132225373,tvm
64,16,1,3584,896,128,8,4,8,0,[64; 16; 1; 3584; 896; 128; 8; 4; 8; 0],0.20048124715685844,0.27894904948180926,tvm
32,32,2,14336,128,32,64,4,2,1,[32; 32; 2; 14336; 128; 32; 64; 4; 2; 1],0.2026815030258149,0.27592085364696783,tvm
64,32,1,7168,448,16,16,4,1,0,[64; 32; 1; 7168; 448; 16; 16; 4; 1; 0],0.23724671988748014,0.23572108124342725,tvm
64,32,1,1792,16,16,8,8,1,1,[64; 32; 1; 1792; 16; 16; 8; 8; 1; 1],0.281901768874377,0.19838134949147693,tvm
32,16,2,3584,3584,16,16,2,1,1,[32; 16; 2; 3584; 3584; 16; 16; 2; 1; 1],0.22730386909097433,0.24603212236106164,tvm
64,64,4,3584,1792,16,128,32,1,1,[64; 64; 4; 3584; 1792; 16; 128; 32; 1; 1],0.22462335298769176,0.2489681174708388,tvm
64,64,16,224,112,16,64,32,1,1,[64; 64; 16; 224; 112; 16; 64; 32; 1; 1],0.20646546105854213,0.27086396459055384,tvm
64,64,8,64,64,16,8,1,1,0,[64; 64; 8; 64; 64; 16; 8; 1; 1; 0],0.21257304516620934,0.2630815835074796,tvm
64,32,1,14336,1792,128,8,4,8,1,[64; 32; 1; 14336; 1792; 128; 8; 4; 8; 1],0.26887230505235493,0.20799484469939652,tvm
32,32,4,14336,112,16,8,8,1,0,[32; 32; 4; 14336; 112; 16; 8; 8; 1; 0],0.20376331498846412,0.2744559457942634,tvm
64,16,16,1792,448,16,32,1,1,0,[64; 16; 16; 1792; 448; 16; 32; 1; 1; 0],0.2613367058802396,0.21399234043671286,tvm
64,64,4,256,16,16,128,8,1,1,[64; 64; 4; 256; 16; 16; 128; 8; 1; 1],0.18118243082426488,0.30866156877857553,tvm
64,64,16,128,128,16,64,8,1,0,[64; 64; 16; 128; 128; 16; 64; 8; 1; 0],0.22035928117111325,0.25378578581361055,tvm
32,16,16,896,896,16,32,8,1,1,[32; 16; 16; 896; 896; 16; 32; 8; 1; 1],0.24335801415145397,0.22980156839432858,tvm
64,32,4,448,224,16,64,2,1,1,[64; 32; 4; 448; 224; 16; 64; 2; 1; 1],0.19774492108263075,0.28280905030154785,tvm
64,16,2,7168,3584,112,32,4,7,0,[64; 16; 2; 7168; 3584; 112; 32; 4; 7; 0],0.176362776895985,0.3170966930641841,tvm
64,16,2,7168,1024,64,16,1,4,0,[64; 16; 2; 7168; 1024; 64; 16; 1; 4; 0],0.20361344213597476,0.2746579633774217,tvm
64,16,1,7168,448,64,8,1,4,1,[64; 16; 1; 7168; 448; 64; 8; 1; 4; 1],0.1941738200839609,0.2880102647676795,tvm
32,16,16,896,448,16,16,2,1,0,[32; 16; 16; 896; 448; 16; 16; 2; 1; 0],0.19363399199210107,0.28881320246506437,tvm
64,64,8,1024,128,32,128,2,2,0,[64; 64; 8; 1024; 128; 32; 128; 2; 2; 0],0.1982283079996705,0.28211941017741166,tvm
32,32,16,224,224,16,32,8,1,0,[32; 32; 16; 224; 224; 16; 32; 8; 1; 0],0.21079256595112383,0.26530372682260706,tvm
64,16,2,2048,512,16,8,4,1,0,[64; 16; 2; 2048; 512; 16; 8; 4; 1; 0],0.16537787695415318,0.3381592167181881,tvm
64,32,2,2048,64,32,16,16,2,1,[64; 32; 2; 2048; 64; 32; 16; 16; 2; 1],0.2789826758671552,0.20045708271850907,tvm
32,16,4,256,256,32,8,1,2,1,[32; 16; 4; 256; 256; 32; 8; 1; 2; 1],0.16097058891318738,0.3474178339714815,tvm
64,32,2,7168,128,32,16,2,2,0,[64; 32; 2; 7168; 128; 32; 16; 2; 2; 0],0.22493640915490687,0.24862161507530842,tvm
64,64,8,1792,64,32,128,16,2,0,[64; 64; 8; 1792; 64; 32; 128; 16; 2; 0],0.19019477302208543,0.2940357005859432,tvm
32,16,4,7168,448,32,8,4,2,0,[32; 16; 4; 7168; 448; 32; 8; 4; 2; 0],0.19125706981867552,0.2924025417013503,tvm
16,16,8,896,896,16,4,2,1,1,[16; 16; 8; 896; 896; 16; 4; 2; 1; 1],0.17582477792166173,0.31806696413545393,tvm
32,32,2,224,112,112,32,8,7,0,[32; 32; 2; 224; 112; 112; 32; 8; 7; 0],0.19366552401334047,0.28876617879329447,tvm
64,32,1,7168,32,32,4,1,2,1,[64; 32; 1; 7168; 32; 32; 4; 1; 2; 1],0.21778810885734856,0.25678194106531155,tvm
32,16,4,896,448,32,32,2,2,1,[32; 16; 4; 896; 448; 32; 32; 2; 2; 1],0.1710515369195491,0.326942711772512,tvm
16,16,4,448,448,64,32,4,4,1,[16; 16; 4; 448; 448; 64; 32; 4; 4; 1],0.16747319395653903,0.3339283858636277,tvm
64,32,1,14336,256,16,4,1,1,1,[64; 32; 1; 14336; 256; 16; 4; 1; 1; 1],0.17297873715870082,0.32330015961456193,tvm
64,16,16,1792,1792,16,16,4,1,1,[64; 16; 16; 1792; 1792; 16; 16; 4; 1; 1],0.16361301904544234,0.34180686634601387,tvm
64,32,1,14336,448,16,8,8,1,0,[64; 32; 1; 14336; 448; 16; 8; 8; 1; 0],0.1704178040381521,0.3281585140060448,tvm
32,32,2,896,224,16,16,2,1,0,[32; 32; 2; 896; 224; 16; 16; 2; 1; 0],0.19872333109378815,0.2814166460753407,tvm
64,32,8,14336,32,32,16,2,2,1,[64; 32; 8; 14336; 32; 32; 16; 2; 2; 1],0.1614799320232123,0.3463220019518859,tvm
32,16,4,14336,512,64,16,8,4,0,[32; 16; 4; 14336; 512; 64; 16; 8; 4; 0],0.1748036560602486,0.31992496377797897,tvm
32,16,4,7168,896,32,32,1,2,0,[32; 16; 4; 7168; 896; 32; 32; 1; 2; 0],0.16939130006358027,0.3301471404513838,tvm
16,16,8,2048,512,32,16,4,2,1,[16; 16; 8; 2048; 512; 32; 16; 4; 2; 1],0.1428197401110083,0.3915708941205587,tvm
32,32,2,1792,256,64,16,8,4,0,[32; 32; 2; 1792; 256; 64; 16; 8; 4; 0],0.18308293097652495,0.3054574942352434,tvm
64,16,4,14336,2048,16,16,4,1,0,[64; 16; 4; 14336; 2048; 16; 16; 4; 1; 0],0.1823059709277004,0.30675930716230854,tvm
64,32,2,3584,128,128,4,1,8,1,[64; 32; 2; 3584; 128; 128; 4; 1; 8; 1],0.1685124379582703,0.3318689944251007,tvm
32,32,2,1024,1024,32,16,16,2,1,[32; 32; 2; 1024; 1024; 32; 16; 16; 2; 1],0.16121230996213853,0.34689691715519344,tvm
32,16,4,3584,3584,16,16,2,1,1,[32; 16; 4; 3584; 3584; 16; 16; 2; 1; 1],0.1726695280522108,0.323879111526982,tvm
64,32,2,7168,1024,128,4,1,8,0,[64; 32; 2; 7168; 1024; 128; 4; 1; 8; 0],0.13698609010316432,0.4082462189497992,tvm
32,32,4,7168,7168,64,4,4,4,0,[32; 32; 4; 7168; 7168; 64; 4; 4; 4; 0],0.1994547920767218,0.2803846062110241,tvm
32,16,4,7168,1792,64,16,16,4,1,[32; 16; 4; 7168; 1792; 64; 16; 16; 4; 1],0.1579694349784404,0.354018189284312,tvm
64,64,2,14336,256,128,64,16,8,1,[64; 64; 2; 14336; 256; 128; 64; 16; 8; 1],0.1274337898939848,0.43884791765086706,tvm
64,32,4,896,128,64,64,1,4,0,[64; 32; 4; 896; 128; 64; 64; 1; 4; 0],0.13185123703442514,0.42414507888714065,tvm
32,32,2,1792,256,32,8,4,2,0,[32; 32; 2; 1792; 256; 32; 8; 4; 2; 0],0.14915177621878684,0.3749472835730753,tvm
64,32,4,448,448,16,16,4,1,0,[64; 32; 4; 448; 448; 16; 16; 4; 1; 0],0.15921869198791683,0.35124050219918546,tvm
64,64,4,7168,1792,16,32,4,1,0,[64; 64; 4; 7168; 1792; 16; 32; 4; 1; 0],0.1382992658764124,0.40436984953563265,tvm
64,32,4,7168,7168,32,32,1,2,0,[64; 32; 4; 7168; 7168; 32; 32; 1; 2; 0],0.21043436718173325,0.2657553235353271,tvm
32,32,8,512,512,32,16,16,2,1,[32; 32; 8; 512; 512; 32; 16; 16; 2; 1],0.13137051882222295,0.425697133837254,tvm
32,32,8,7168,1792,32,16,4,2,0,[32; 32; 8; 7168; 1792; 32; 16; 4; 2; 0],0.1103403470478952,0.5068323131978052,tvm
32,32,4,896,896,64,32,4,4,1,[32; 32; 4; 896; 896; 64; 32; 4; 4; 1],0.1147774311248213,0.4872391095120043,tvm
32,32,4,3584,1792,32,16,2,2,1,[32; 32; 4; 3584; 1792; 32; 16; 2; 2; 1],0.12623755098320544,0.4430064818096276,tvm
16,16,4,896,64,64,128,64,4,1,[16; 16; 4; 896; 64; 64; 128; 64; 4; 1],0.23016948718577623,0.2429690139084138,tvm
32,32,1,2048,64,64,16,16,4,1,[32; 32; 1; 2048; 64; 64; 16; 16; 4; 1],0.1720549191813916,0.32503606173779037,tvm
64,16,4,896,448,64,128,1,4,1,[64; 16; 4; 896; 448; 64; 128; 1; 4; 1],0.19693171698600054,0.283976873757257,tvm
64,64,1,2048,2048,128,64,8,8,1,[64; 64; 1; 2048; 2048; 128; 64; 8; 8; 1],0.20797143294475973,0.26890257253835237,tvm
64,64,8,14336,896,16,128,32,1,0,[64; 64; 8; 14336; 896; 16; 128; 32; 1; 0],0.237133335089311,0.2358337907754335,tvm
64,32,2,7168,256,128,128,4,8,0,[64; 32; 2; 7168; 256; 128; 128; 4; 8; 0],0.24932428100146353,0.22430247510873222,tvm
64,64,16,3584,64,16,16,16,1,0,[64; 64; 16; 3584; 64; 16; 16; 16; 1; 0],0.21903502801433206,0.2553201368763451,tvm
16,16,1,128,128,64,8,4,4,1,[16; 16; 1; 128; 128; 64; 8; 4; 4; 1],0.2568367759231478,0.21774161092127733,tvm
64,32,2,14336,2048,64,128,16,4,1,[64; 32; 2; 14336; 2048; 64; 128; 16; 4; 1],0.2304397700354457,0.24268403550624632,tvm
64,64,2,224,224,32,128,2,2,0,[64; 64; 2; 224; 224; 32; 128; 2; 2; 0],0.24627149989828467,0.22708292821715526,tvm
32,16,1,448,224,224,8,2,14,0,[32; 16; 1; 448; 224; 224; 8; 2; 14; 0],0.21303576207719743,0.26251016631220925,tvm
64,64,2,3584,16,16,32,4,1,0,[64; 64; 2; 3584; 16; 16; 32; 4; 1; 0],0.21022383589297533,0.2660214675266614,tvm
64,32,16,128,128,16,32,4,1,0,[64; 32; 16; 128; 128; 16; 32; 4; 1; 0],0.21456728992052376,0.26063643416500126,tvm
32,16,2,1024,256,128,4,2,8,0,[32; 16; 2; 1024; 256; 128; 4; 2; 8; 0],0.21327145397663116,0.26222005941527043,tvm
32,16,1,896,224,112,8,1,7,1,[32; 16; 1; 896; 224; 112; 8; 1; 7; 1],0.23005947889760137,0.2430851951908703,tvm
32,32,16,3584,896,16,64,8,1,1,[32; 32; 16; 3584; 896; 16; 64; 8; 1; 1],0.29257231298834085,0.19114608884936402,tvm
64,32,2,512,64,32,64,2,2,0,[64; 32; 2; 512; 64; 32; 64; 2; 2; 0],0.20534399012103677,0.272343267998103,tvm
64,64,2,3584,1792,112,128,1,7,0,[64; 64; 2; 3584; 1792; 112; 128; 1; 7; 0],0.19998748693615198,0.27963776229253606,tvm
16,16,16,14336,7168,16,8,8,1,0,[16; 16; 16; 14336; 7168; 16; 8; 8; 1; 0],0.1938771011773497,0.2884510496274474,tvm
32,32,8,1024,128,32,128,32,2,0,[32; 32; 8; 1024; 128; 32; 128; 32; 2; 0],0.2188759020064026,0.2555057583803695,tvm
64,64,4,1024,512,16,128,16,1,1,[64; 64; 4; 1024; 512; 16; 128; 16; 1; 1],0.20808788202703,0.2687520906482626,tvm
32,16,8,14336,256,16,32,16,1,0,[32; 16; 8; 14336; 256; 16; 32; 16; 1; 0],0.23764835321344435,0.23532270506879982,tvm
64,16,1,512,256,64,8,1,4,1,[64; 16; 1; 512; 256; 64; 8; 1; 4; 1],0.17463924805633724,0.3202261459307972,tvm
64,16,16,3584,256,16,16,16,1,1,[64; 16; 16; 3584; 256; 16; 16; 16; 1; 1],0.19372422900050879,0.2886786728839502,tvm
16,16,2,14336,1792,128,16,4,8,1,[16; 16; 2; 14336; 1792; 128; 16; 4; 8; 1],0.1921279770322144,0.2910770945345272,tvm
32,16,8,2048,256,32,4,4,2,1,[32; 16; 8; 2048; 256; 32; 4; 4; 2; 1],0.17202663095667958,0.3250895109805199,tvm
32,32,2,448,32,32,8,8,2,0,[32; 32; 2; 448; 32; 32; 8; 8; 2; 0],0.23007163498550653,0.24307235151719722,tvm
16,16,4,7168,7168,32,32,8,2,0,[16; 16; 4; 7168; 7168; 32; 32; 8; 2; 0],0.278223566012457,0.20100401319286312,tvm
32,32,2,32,32,32,8,2,2,0,[32; 32; 2; 32; 32; 32; 8; 2; 2; 0],0.22934765787795186,0.2438396530872511,tvm
64,64,4,3584,112,16,32,4,1,0,[64; 64; 4; 3584; 112; 16; 32; 4; 1; 0],0.16587047115899622,0.3371549676236644,tvm
32,32,1,14336,128,128,16,4,8,0,[32; 32; 1; 14336; 128; 128; 16; 4; 8; 0],0.1457239929586649,0.38376695695674756,tvm
64,64,1,3584,112,112,64,1,7,0,[64; 64; 1; 3584; 112; 112; 64; 1; 7; 0],0.2258065831847489,0.2476635204544846,tvm
32,16,2,7168,512,32,8,4,2,1,[32; 16; 2; 7168; 512; 32; 8; 4; 2; 1],0.1551261469721794,0.3605069449920834,tvm
64,32,16,14336,896,16,4,2,1,1,[64; 32; 16; 14336; 896; 16; 4; 2; 1; 1],0.16408972791396081,0.3408138586387119,tvm
64,16,4,256,256,64,32,8,4,1,[64; 16; 4; 256; 256; 64; 32; 8; 4; 1],0.16070260293781757,0.34799718430803916,tvm
64,32,2,14336,14336,32,8,1,2,1,[64; 32; 2; 14336; 14336; 32; 8; 1; 2; 1],0.20976675115525723,0.26660113209238573,tvm
64,64,2,1792,128,32,32,2,2,1,[64; 64; 2; 1792; 128; 32; 32; 2; 2; 1],0.1677462689112872,0.33338478224459844,tvm
32,16,8,14336,448,16,8,2,1,0,[32; 16; 8; 14336; 448; 16; 8; 2; 1; 0],0.1955339638516307,0.286006851350735,tvm
64,32,16,3584,448,16,16,4,1,1,[64; 32; 16; 3584; 448; 16; 16; 4; 1; 1],0.1645830979105085,0.3397922025002947,tvm
32,32,1,1024,1024,128,4,4,8,1,[32; 32; 1; 1024; 1024; 128; 4; 4; 8; 1],0.13645462808199227,0.40983625194251333,tvm
16,16,4,3584,512,16,4,4,1,1,[16; 16; 4; 3584; 512; 16; 4; 4; 1; 1],0.15051528089679778,0.3715506691422128,tvm
64,32,4,32,32,32,16,4,2,0,[64; 32; 4; 32; 32; 32; 16; 4; 2; 0],0.23938352894037962,0.23361696429524048,tvm
64,32,1,7168,1024,16,8,1,1,0,[64; 32; 1; 7168; 1024; 16; 8; 1; 1; 0],0.2086593669373542,0.26801602129907454,tvm
16,16,4,1792,1792,16,32,1,1,0,[16; 16; 4; 1792; 1792; 16; 32; 1; 1; 0],0.18340035900473595,0.3049288105913097,tvm
32,32,8,2048,64,32,16,2,2,1,[32; 32; 8; 2048; 64; 32; 16; 2; 2; 1],0.1695938198827207,0.329752896491196,tvm
64,64,1,14336,1024,16,4,2,1,1,[64; 64; 1; 14336; 1024; 16; 4; 2; 1; 1],0.13122335402294993,0.4261745460610057,tvm
64,64,2,256,256,16,16,16,1,0,[64; 64; 2; 256; 256; 16; 16; 16; 1; 0],0.1677574699278921,0.33336252244011194,tvm
64,64,2,7168,1792,32,64,8,2,1,[64; 64; 2; 7168; 1792; 32; 64; 8; 2; 1],0.17040105699561536,0.32819076547613396,tvm
64,64,2,14336,1792,112,4,1,7,0,[64; 64; 2; 14336; 1792; 112; 4; 1; 7; 0],0.17370943981222808,0.32194020885557323,tvm
32,16,4,1024,1024,64,8,4,4,0,[32; 16; 4; 1024; 1024; 64; 8; 4; 4; 0],0.1742580800782889,0.32092660098291187,tvm
64,32,2,896,448,112,16,4,7,0,[64; 32; 2; 896; 448; 112; 16; 4; 7; 0],0.17095764493569732,0.3271222726211991,tvm
32,32,2,1792,896,112,32,32,7,1,[32; 32; 2; 1792; 896; 112; 32; 32; 7; 1],0.15799044189043343,0.35397111789912417,tvm
64,32,8,14336,448,16,16,4,1,0,[64; 32; 8; 14336; 448; 16; 16; 4; 1; 0],0.1472011359874159,0.3799159086524592,tvm
64,16,4,1792,1792,32,32,2,2,1,[64; 16; 4; 1792; 1792; 32; 32; 2; 2; 1],0.14058761484920979,0.3977879089371838,tvm
32,32,2,1792,224,112,8,2,7,0,[32; 32; 2; 1792; 224; 112; 8; 2; 7; 0],0.19282539701089263,0.29002431318823735,tvm
32,32,4,896,448,32,64,4,2,1,[32; 32; 4; 896; 448; 32; 64; 4; 2; 1],0.15333853103220463,0.3647097240131249,tvm
64,64,2,7168,896,112,64,1,7,1,[64; 64; 2; 7168; 896; 112; 64; 1; 7; 1],0.12881186185404658,0.4341529772832524,tvm
64,32,4,1792,128,64,8,4,4,1,[64; 32; 4; 1792; 128; 64; 8; 4; 4; 1],0.13164855702780187,0.42479807295968425,tvm
64,32,8,448,448,16,8,8,1,1,[64; 32; 8; 448; 448; 16; 8; 8; 1; 1],0.15388313098810613,0.36341899839337033,tvm
64,64,4,512,128,64,4,4,4,1,[64; 64; 4; 512; 128; 64; 4; 4; 4; 1],0.16452178382314742,0.3399188364833733,tvm
64,64,8,7168,512,16,8,2,1,1,[64; 64; 8; 7168; 512; 16; 8; 2; 1; 1],0.14157429616898298,0.395015584372621,tvm
64,32,4,2048,1024,32,8,2,2,0,[64; 32; 4; 2048; 1024; 32; 8; 2; 2; 0],0.1391669970471412,0.40184853104496976,tvm
64,32,4,1024,1024,64,16,1,4,0,[64; 32; 4; 1024; 1024; 64; 16; 1; 4; 0],0.12200605007819831,0.4583711487872075,tvm
64,64,4,1024,1024,64,8,1,4,0,[64; 64; 4; 1024; 1024; 64; 8; 1; 4; 0],0.13456902001053095,0.41557895962203556,tvm
64,16,4,2048,1024,64,64,64,4,1,[64; 16; 4; 2048; 1024; 64; 64; 64; 4; 1],0.18283457611687481,0.3058724149505756,tvm
64,64,2,16,16,16,4,4,1,0,[64; 64; 2; 16; 16; 16; 4; 4; 1; 0],0.4458271381445229,0.12543887203924436,tvm
64,32,1,14336,896,224,16,16,14,1,[64; 32; 1; 14336; 896; 224; 16; 16; 14; 1],0.2479793280363083,0.2255190131217112,tvm
64,16,1,3584,256,128,4,1,8,0,[64; 16; 1; 3584; 256; 128; 4; 1; 8; 0],0.21667032898403704,0.2581066526070281,tvm
64,64,1,896,128,64,32,1,4,0,[64; 64; 1; 896; 128; 64; 32; 1; 4; 0],0.24305308377370238,0.23008987364012268,tvm
16,16,2,1792,1792,16,32,1,1,0,[16; 16; 2; 1792; 1792; 16; 32; 1; 1; 0],0.2516459880862385,0.2222330415781089,tvm
64,64,1,448,32,32,2,1,2,1,[64; 64; 1; 448; 32; 32; 2; 1; 2; 1],0.22693929099477828,0.24642737310138205,tvm
64,32,4,1024,64,16,64,2,1,0,[64; 32; 4; 1024; 64; 16; 64; 2; 1; 0],0.1989425120409578,0.28110660089493505,tvm
64,32,1,3584,224,32,16,1,2,0,[64; 32; 1; 3584; 224; 32; 16; 1; 2; 0],0.25481826020404696,0.2194664279104326,tvm
64,64,1,1024,32,32,64,32,2,1,[64; 64; 1; 1024; 32; 32; 64; 32; 2; 1],0.3205621298402548,0.17445620716708451,tvm
64,64,1,7168,32,32,128,16,2,1,[64; 64; 1; 7168; 32; 32; 128; 16; 2; 1],0.32062931591644883,0.17441965084660663,tvm
16,16,2,14336,256,128,8,2,8,1,[16; 16; 2; 14336; 256; 128; 8; 2; 8; 1],0.19588796887546778,0.28548998519090285,tvm
64,32,8,1024,1024,32,128,1,2,1,[64; 32; 8; 1024; 1024; 32; 128; 1; 2; 1],0.208064905134961,0.2687817693092368,tvm
64,32,1,2048,2048,32,8,1,2,0,[64; 32; 1; 2048; 2048; 32; 8; 1; 2; 0],0.29703322402201593,0.1882754143664019,tvm
64,16,2,7168,3584,32,8,4,2,0,[64; 16; 2; 7168; 3584; 32; 8; 4; 2; 0],0.21068697492592037,0.26543669039339896,tvm
64,16,2,3584,896,32,16,8,2,0,[64; 16; 2; 3584; 896; 32; 16; 8; 2; 0],0.20941098406910896,0.2670540591838177,tvm
64,64,1,3584,224,32,2,2,2,1,[64; 64; 1; 3584; 224; 32; 2; 2; 2; 1],0.22670077998191118,0.24668663838649169,tvm
16,16,4,896,224,32,16,4,2,1,[16; 16; 4; 896; 224; 32; 16; 4; 2; 1],0.1923289531841874,0.29077293047904557,tvm
32,32,8,1024,512,16,64,2,1,0,[32; 32; 8; 1024; 512; 16; 64; 2; 1; 0],0.1984050569590181,0.2818680843648296,tvm
16,16,2,896,896,112,8,1,7,1,[16; 16; 2; 896; 896; 112; 8; 1; 7; 1],0.18615878093987703,0.30041050468306896,tvm
16,16,2,896,896,32,8,4,2,0,[16; 16; 2; 896; 896; 32; 8; 4; 2; 0],0.1696795499883592,0.3295862897866595,tvm
32,32,4,3584,64,64,128,16,4,0,[32; 32; 4; 3584; 64; 64; 128; 16; 4; 0],0.20566170196980238,0.2719225446337342,tvm
64,32,2,2048,32,32,4,2,2,1,[64; 32; 2; 2048; 32; 32; 4; 2; 2; 1],0.21017205901443958,0.26608700317053635,tvm
32,16,4,3584,448,64,4,4,4,0,[32; 16; 4; 3584; 448; 64; 4; 4; 4; 0],0.20233122701756656,0.27639852808522714,tvm
64,64,8,1024,64,16,32,16,1,0,[64; 64; 8; 1024; 64; 16; 32; 16; 1; 0],0.15634184703230858,0.3577036755986159,tvm
64,64,8,14336,112,16,8,8,1,0,[64; 64; 8; 14336; 112; 16; 8; 8; 1; 0],0.21672616014257073,0.2580401613563603,tvm
64,16,2,14336,512,32,16,8,2,1,[64; 16; 2; 14336; 512; 32; 16; 8; 2; 1],0.1917926708701998,0.29158597708450107,tvm
32,32,1,512,128,32,8,1,2,0,[32; 32; 1; 512; 128; 32; 8; 1; 2; 0],0.17748117609880865,0.31509850544487533,tvm
32,16,8,7168,448,32,32,2,2,1,[32; 16; 8; 7168; 448; 32; 32; 2; 2; 1],0.183464122004807,0.30482283250927966,tvm
64,64,8,7168,128,16,16,1,1,0,[64; 64; 8; 7168; 128; 16; 16; 1; 1; 0],0.15899770916439593,0.35172867349623615,tvm
32,16,4,7168,448,64,32,1,4,1,[32; 16; 4; 7168; 448; 64; 32; 1; 4; 1],0.16508210613392293,0.3387650826793118,tvm
64,64,1,1792,128,32,8,1,2,0,[64; 64; 1; 1792; 128; 32; 8; 1; 2; 0],0.14580886391922832,0.38354357773689807,tvm
64,64,2,512,32,32,64,4,2,1,[64; 64; 2; 512; 32; 32; 64; 4; 2; 1],0.18247910006903112,0.30646826574757047,tvm
32,32,4,3584,32,32,16,1,2,1,[32; 32; 4; 3584; 32; 32; 16; 1; 2; 1],0.20230434299446642,0.2764352584109527,tvm
32,32,1,7168,512,16,8,1,1,0,[32; 32; 1; 7168; 512; 16; 8; 1; 1; 0],0.16437942115589976,0.34021322705774815,tvm
32,16,4,14336,3584,16,16,1,1,1,[32; 16; 4; 14336; 3584; 16; 16; 1; 1; 1],0.17876773397438228,0.31283080055905027,tvm
64,32,8,14336,3584,32,64,8,2,1,[64; 32; 8; 14336; 3584; 32; 64; 8; 2; 1],0.2117395589593798,0.2641171711520464,tvm
64,16,4,14336,512,64,32,16,4,1,[64; 16; 4; 14336; 512; 64; 32; 16; 4; 1],0.16106945113278925,0.3472045936707656,tvm
64,32,2,1792,1792,32,16,2,2,1,[64; 32; 2; 1792; 1792; 32; 16; 2; 2; 1],0.17001122585497797,0.32894329802102223,tvm
64,16,8,1024,512,16,8,2,1,1,[64; 16; 8; 1024; 512; 16; 8; 2; 1; 1],0.15993655286729336,0.34966399069346,tvm
16,16,8,1024,1024,32,4,4,2,1,[16; 16; 8; 1024; 1024; 32; 4; 4; 2; 1],0.17441292386502028,0.3206416823595794,tvm
64,64,2,14336,128,64,16,2,4,0,[64; 64; 2; 14336; 128; 64; 16; 2; 4; 0],0.14346160204149783,0.3898189657547299,tvm
64,32,2,224,224,112,4,2,7,0,[64; 32; 2; 224; 224; 112; 4; 2; 7; 0],0.16389851504936814,0.34121147050349027,tvm
64,64,1,1792,896,128,8,2,8,0,[64; 64; 1; 1792; 896; 128; 8; 2; 8; 0],0.1487215340603143,0.3760319827702505,tvm
32,32,8,1024,256,32,64,2,2,1,[32; 32; 8; 1024; 256; 32; 64; 2; 2; 1],0.16084818495437503,0.34768221568180163,tvm
64,64,1,1792,896,128,4,2,8,1,[64; 64; 1; 1792; 896; 128; 4; 2; 8; 1],0.13897233991883695,0.40241139615260324,tvm
64,64,1,896,448,32,8,8,2,0,[64; 64; 1; 896; 448; 32; 8; 8; 2; 0],0.14889748813584447,0.3755876209430198,tvm
32,32,2,512,512,16,8,4,1,0,[32; 32; 2; 512; 512; 16; 8; 4; 1; 0],0.13874807301908731,0.403061838023797,tvm
64,64,2,1792,1792,112,64,1,7,1,[64; 64; 2; 1792; 1792; 112; 64; 1; 7; 1],0.12800176697783172,0.4369006354655922,tvm
64,32,8,7168,256,32,4,2,2,0,[64; 32; 8; 7168; 256; 32; 4; 2; 2; 0],0.23298098100349307,0.24003698968241047,tvm
64,32,4,256,128,64,64,2,4,0,[64; 32; 4; 256; 128; 64; 64; 2; 4; 0],0.12913846387527883,0.43305496794002796,tvm
64,32,4,7168,1792,16,32,8,1,0,[64; 32; 4; 7168; 1792; 16; 32; 8; 1; 0],0.15174878179095685,0.3685304927875606,tvm
32,32,2,1792,896,128,8,1,8,1,[32; 32; 2; 1792; 896; 128; 8; 1; 8; 1],0.1522805478889495,0.3672435784386323,tvm
64,32,2,14336,512,32,4,4,2,1,[64; 32; 2; 14336; 512; 32; 4; 4; 2; 1],0.13516615610569715,0.41374301781284567,tvm
64,32,2,2048,512,128,4,4,8,1,[64; 32; 2; 2048; 512; 128; 4; 4; 8; 1],0.13709704508073628,0.40791581831978746,tvm
64,32,8,7168,3584,16,8,4,1,1,[64; 32; 8; 7168; 3584; 16; 8; 4; 1; 1],0.14158878498710692,0.39497516232253693,tvm
32,32,8,14336,2048,32,16,4,2,0,[32; 32; 8; 14336; 2048; 32; 16; 4; 2; 0],0.1082317738328129,0.5167064287398633,tvm
64,32,4,3584,3584,64,8,4,4,1,[64; 32; 4; 3584; 3584; 64; 8; 4; 4; 1],0.1266733647789806,0.4414823386977167,tvm
64,64,4,7168,128,64,32,4,4,0,[64; 64; 4; 7168; 128; 64; 32; 4; 4; 0],0.116672727977857,0.4793241257198256,tvm
64,64,8,512,512,32,8,8,2,1,[64; 64; 8; 512; 512; 32; 8; 8; 2; 1],0.11827721982263029,0.4728218452986772,tvm
64,32,8,1024,1024,32,32,16,2,0,[64; 32; 8; 1024; 1024; 32; 32; 16; 2; 0],0.10399264097213745,0.5377693345466336,tvm
64,64,4,256,256,64,64,32,4,0,[64; 64; 4; 256; 256; 64; 64; 32; 4; 0],0.10447987681254745,0.5352614784727346,tvm
64,64,4,14336,896,32,16,4,2,0,[64; 64; 4; 14336; 896; 32; 16; 4; 2; 0],0.11973585793748498,0.4670618668179729,tvm
64,64,4,896,896,32,16,8,2,1,[64; 64; 4; 896; 896; 32; 16; 8; 2; 1],0.1106293189805001,0.5055084298511383,tvm
16,16,1,3584,448,224,4,1,14,1,[16; 16; 1; 3584; 448; 224; 4; 1; 14; 1],0.18782864091917872,0.2977397539568901,tvm
16,16,16,14336,448,16,8,2,1,0,[16; 16; 16; 14336; 448; 16; 8; 2; 1; 0],0.20708320592530072,0.27005595689640965,tvm
64,64,16,256,64,16,64,2,1,0,[64; 64; 16; 256; 64; 16; 64; 2; 1; 0],0.2114870548248291,0.2644325128063002,tvm
64,32,8,14336,448,16,64,8,1,1,[64; 32; 8; 14336; 448; 16; 64; 8; 1; 1],0.21233946410939097,0.2633709827228486,tvm
32,16,2,14336,2048,64,16,1,4,0,[32; 16; 2; 14336; 2048; 64; 16; 1; 4; 0],0.19572253990918398,0.2857312875629057,tvm
64,16,2,7168,3584,32,16,4,2,0,[64; 16; 2; 7168; 3584; 32; 16; 4; 2; 0],0.20019641984254122,0.2793459212573272,tvm
64,64,1,14336,224,224,32,4,14,0,[64; 64; 1; 14336; 224; 224; 32; 4; 14; 0],0.20797614194452763,0.26889648404118227,tvm
32,32,4,7168,112,16,64,16,1,1,[32; 32; 4; 7168; 112; 16; 64; 16; 1; 1],0.2042762809433043,0.2737667490081961,tvm
64,64,2,7168,112,16,64,16,1,0,[64; 64; 2; 7168; 112; 16; 64; 16; 1; 0],0.26911227498203516,0.2078093737532656,tvm
64,16,2,14336,896,128,16,2,8,0,[64; 16; 2; 14336; 896; 128; 16; 2; 8; 0],0.21200196095742285,0.26379026439554853,tvm
16,16,1,1792,896,224,8,8,14,1,[16; 16; 1; 1792; 896; 224; 8; 8; 14; 1],0.21149884001351893,0.26441777803489935,tvm
64,64,16,512,256,16,64,2,1,1,[64; 64; 16; 512; 256; 16; 64; 2; 1; 1],0.211739539867267,0.26411719496694097,tvm
32,32,1,1024,64,32,4,2,2,0,[32; 32; 1; 1024; 64; 32; 4; 2; 2; 0],0.30058572301641107,0.1860502647036235,tvm
16,16,2,3584,896,64,32,4,4,0,[16; 16; 2; 3584; 896; 64; 32; 4; 4; 0],0.19560874300077558,0.28589751396291935,tvm
64,32,16,448,224,16,32,8,1,1,[64; 32; 16; 448; 224; 16; 32; 8; 1; 1],0.20265883393585682,0.2759517177081644,tvm
32,32,16,512,256,16,32,4,1,0,[32; 32; 16; 512; 256; 16; 32; 4; 1; 0],0.19532157108187675,0.2863178553375989,tvm
16,16,4,3584,256,64,16,1,4,0,[16; 16; 4; 3584; 256; 64; 16; 1; 4; 0],0.19912218605168164,0.28085294985069315,tvm
32,32,4,256,128,16,32,32,1,1,[32; 32; 4; 256; 128; 16; 32; 32; 1; 1],0.2439118151087314,0.22927980470484147,tvm
64,32,2,64,64,64,8,8,4,1,[64; 32; 2; 64; 64; 64; 8; 8; 4; 1],0.1531584421172738,0.3651385621336638,tvm
32,32,4,2048,64,64,128,8,4,1,[32; 32; 4; 2048; 64; 64; 128; 8; 4; 1],0.15371176390908659,0.3638241596551441,tvm
64,64,2,7168,32,32,32,8,2,0,[64; 64; 2; 7168; 32; 32; 32; 8; 2; 0],0.23465544707141817,0.23832412173373782,tvm
32,16,2,896,896,64,8,4,4,1,[32; 16; 2; 896; 896; 64; 8; 4; 4; 1],0.16631141304969788,0.33626106776341247,tvm
64,32,8,64,64,32,8,1,2,1,[64; 32; 8; 64; 64; 32; 8; 1; 2; 1],0.1780827830079943,0.3140340261350411,tvm
32,32,16,2048,2048,16,32,4,1,1,[32; 32; 16; 2048; 2048; 16; 32; 4; 1; 1],0.16501016705296934,0.3389127732679729,tvm
32,32,2,1792,256,32,32,1,2,0,[32; 32; 2; 1792; 256; 32; 32; 1; 2; 0],0.19451492000371218,0.2875052121054059,tvm
64,64,16,256,256,16,16,1,1,1,[64; 64; 16; 256; 256; 16; 16; 1; 1; 1],0.15980367502197623,0.3499547386857195,tvm
32,16,8,256,256,32,8,4,2,1,[32; 16; 8; 256; 256; 32; 8; 4; 2; 1],0.16651685000397265,0.3358462121520983,tvm
16,16,16,2048,2048,16,8,8,1,1,[16; 16; 16; 2048; 2048; 16; 8; 8; 1; 1],0.18818205897696316,0.2971805794737289,tvm
64,64,8,448,112,16,32,4,1,1,[64; 64; 8; 448; 112; 16; 32; 4; 1; 1],0.1382635310292244,0.404474360787971,tvm
64,32,2,14336,512,64,64,32,4,1,[64; 32; 2; 14336; 512; 64; 64; 32; 4; 1],0.17227854998782277,0.3246141399337656,tvm
16,16,8,3584,512,16,32,32,1,1,[16; 16; 8; 3584; 512; 16; 32; 32; 1; 1],0.19097221409901977,0.2928386917289262,tvm
64,32,16,1024,1024,16,16,8,1,1,[64; 32; 16; 1024; 1024; 16; 16; 8; 1; 1],0.15882361796684563,0.3521142135485634,tvm
32,32,2,224,224,32,16,2,2,1,[32; 32; 2; 224; 224; 32; 16; 2; 2; 1],0.1734879061114043,0.3223513072860653,tvm
64,16,4,3584,448,64,16,16,4,1,[64; 16; 4; 3584; 448; 64; 16; 16; 4; 1],0.17785787512548268,0.3144311338133196,tvm
32,32,8,256,128,32,16,1,2,0,[32; 32; 8; 256; 128; 32; 16; 1; 2; 0],0.17063722386956215,0.3277365399245043,tvm
64,64,1,1792,112,112,16,4,7,1,[64; 64; 1; 1792; 112; 112; 16; 4; 7; 1],0.14833625499159098,0.37700866410914585,tvm
64,32,8,1024,64,32,32,32,2,1,[64; 32; 8; 1024; 64; 32; 32; 32; 2; 1],0.21963385096751153,0.25462401668495843,tvm
32,32,4,7168,7168,16,32,8,1,0,[32; 32; 4; 7168; 7168; 16; 32; 8; 1; 0],0.2234750019852072,0.25024746766546707,tvm
32,32,4,1792,32,32,64,1,2,1,[32; 32; 4; 1792; 32; 32; 64; 1; 2; 1],0.1611990339588374,0.3469254868339577,tvm
64,32,4,1024,64,32,64,4,2,0,[64; 32; 4; 1024; 64; 32; 64; 4; 2; 0],0.15361497085541487,0.3640534058751998,tvm
32,32,2,896,896,64,32,2,4,0,[32; 32; 2; 896; 896; 64; 32; 2; 4; 0],0.15297033521346748,0.3655875713110799,tvm
64,64,8,448,224,16,32,1,1,1,[64; 64; 8; 448; 224; 16; 32; 1; 1; 1],0.13988800602965057,0.3997773284543044,tvm
32,32,2,1792,896,64,16,8,4,0,[32; 32; 2; 1792; 896; 64; 16; 8; 4; 0],0.1757098650559783,0.3182749774209709,tvm
64,32,8,7168,64,32,64,16,2,0,[64; 32; 8; 7168; 64; 32; 64; 16; 2; 0],0.16176376002840698,0.34571435112235666,tvm
64,32,2,2048,2048,16,16,4,1,1,[64; 32; 2; 2048; 2048; 16; 16; 4; 1; 1],0.1862495408859104,0.3002641137654688,tvm
16,16,8,3584,1792,16,8,1,1,1,[16; 16; 8; 3584; 1792; 16; 8; 1; 1; 1],0.161557950777933,0.3461547578689141,tvm
32,32,2,7168,512,128,16,4,8,0,[32; 32; 2; 7168; 512; 128; 16; 4; 8; 0],0.16172654810361564,0.3457938971003306,tvm
64,64,4,14336,14336,32,4,2,2,1,[64; 64; 4; 14336; 14336; 32; 4; 2; 2; 1],0.23056520498357713,0.24255200752132888,tvm
64,32,4,14336,7168,32,32,32,2,1,[64; 32; 4; 14336; 7168; 32; 32; 32; 2; 1],0.1845531549770385,0.30302409807240205,tvm
32,16,4,2048,2048,64,32,8,4,0,[32; 16; 4; 2048; 2048; 64; 32; 8; 4; 0],0.14016041718423367,0.3990003344512313,tvm
64,16,4,2048,2048,64,8,2,4,1,[64; 16; 4; 2048; 2048; 64; 8; 2; 4; 1],0.15363851701840758,0.3639976121784163,tvm
64,64,1,14336,896,128,4,4,8,1,[64; 64; 1; 14336; 896; 128; 4; 4; 8; 1],0.136470994213596,0.4097871027876037,tvm
64,64,1,7168,448,32,8,1,2,0,[64; 64; 1; 7168; 448; 32; 8; 1; 2; 0],0.15323418099433184,0.3649580855292461,tvm
32,32,8,1024,512,32,64,16,2,1,[32; 32; 8; 1024; 512; 32; 64; 16; 2; 1],0.16272748191840947,0.3436669250580139,tvm
64,64,8,1792,256,32,4,1,2,0,[64; 64; 8; 1792; 256; 32; 4; 1; 2; 0],0.22031403984874487,0.25383790053383626,tvm
32,32,4,14336,448,16,8,8,1,1,[32; 32; 4; 14336; 448; 16; 8; 8; 1; 1],0.12765055382624269,0.43810270819080727,tvm
64,64,4,3584,896,16,32,2,1,0,[64; 64; 4; 3584; 896; 16; 32; 2; 1; 0],0.14481391105800867,0.3861787374206862,tvm
64,64,8,7168,896,16,32,8,1,0,[64; 64; 8; 7168; 896; 16; 32; 8; 1; 0],0.11895731999538839,0.47011863864704867,tvm
64,32,8,1792,256,32,16,16,2,0,[64; 32; 8; 1792; 256; 32; 16; 16; 2; 0],0.14466244797222316,0.3865830705704039,tvm
64,32,4,3584,256,64,64,16,4,0,[64; 32; 4; 3584; 256; 64; 64; 16; 4; 0],0.13666066713631153,0.40921835452151095,tvm
64,32,4,3584,512,32,8,1,2,1,[64; 32; 4; 3584; 512; 32; 8; 1; 2; 1],0.12330619804561138,0.4535380558294956,tvm
64,64,8,14336,896,32,8,1,2,0,[64; 64; 8; 14336; 896; 32; 8; 1; 2; 0],0.13623780407942832,0.4104885109622651,tvm
64,64,8,14336,896,32,32,4,2,0,[64; 64; 8; 14336; 896; 32; 32; 4; 2; 0],0.0988833560841158,0.5655557775138735,tvm
64,64,8,1024,1024,32,16,16,2,0,[64; 64; 8; 1024; 1024; 32; 16; 16; 2; 0],0.101029465906322,0.5535420070931389,tvm
64,16,8,896,224,32,64,2,2,1,[64; 16; 8; 896; 224; 32; 64; 2; 2; 1],0.21166080399416387,0.2642154441352086,tvm
64,16,2,1024,512,64,64,32,4,0,[64; 16; 2; 1024; 512; 64; 64; 32; 4; 0],0.20461419597268105,0.27331463033386016,tvm
64,64,2,2048,16,16,8,2,1,1,[64; 64; 2; 2048; 16; 16; 8; 2; 1; 1],0.21425235201604664,0.2610195538443604,tvm
64,32,2,2048,1024,16,64,2,1,0,[64; 32; 2; 2048; 1024; 16; 64; 2; 1; 0],0.294991988921538,0.1895782103703434,tvm
64,32,2,14336,224,16,2,2,1,0,[64; 32; 2; 14336; 224; 16; 2; 2; 1; 0],0.25240074610337615,0.22156849453380156,tvm
32,32,1,896,896,32,2,1,2,1,[32; 32; 1; 896; 896; 32; 2; 1; 2; 1],0.22709825914353132,0.24625487462670528,tvm
64,32,4,512,64,64,2,1,4,1,[64; 32; 4; 512; 64; 64; 2; 1; 4; 1],0.20998086081817746,0.26632928884770124,tvm
64,32,1,7168,224,112,2,2,7,1,[64; 32; 1; 7168; 224; 112; 2; 2; 7; 1],0.17248676298186183,0.3242222902589582,tvm
64,16,8,1792,224,16,32,16,1,0,[64; 16; 8; 1792; 224; 16; 32; 16; 1; 0],0.20999886794015765,0.26630645146748955,tvm
64,64,1,3584,3584,16,8,2,1,0,[64; 64; 1; 3584; 3584; 16; 8; 2; 1; 0],0.2683331249281764,0.20841278298496427,tvm
64,16,2,3584,1792,32,16,1,2,0,[64; 16; 2; 3584; 1792; 32; 16; 1; 2; 0],0.20898631494492292,0.2675967244461523,tvm
16,16,8,7168,224,32,32,16,2,1,[16; 16; 8; 7168; 224; 32; 32; 16; 2; 1],0.20210939506068826,0.2767018985759706,tvm
32,32,2,2048,128,32,16,16,2,1,[32; 32; 2; 2048; 128; 32; 16; 16; 2; 1],0.19223331985995173,0.2909175858486751,tvm
32,16,4,14336,7168,32,32,2,2,1,[32; 16; 4; 14336; 7168; 32; 32; 2; 2; 1],0.2798426318913698,0.19984107837808682,tvm
32,16,1,3584,256,32,4,1,2,0,[32; 16; 1; 3584; 256; 32; 4; 1; 2; 0],0.1993030000012368,0.28059815122193993,tvm
64,32,8,1792,128,16,4,2,1,0,[64; 32; 8; 1792; 128; 16; 4; 2; 1; 0],0.25676449900493026,0.2178029032442663,tvm
64,64,16,448,16,16,32,16,1,1,[64; 64; 16; 448; 16; 16; 32; 16; 1; 1],0.21287131891585886,0.262712955498896,tvm
64,32,4,448,112,16,8,1,1,1,[64; 32; 4; 448; 112; 16; 8; 1; 1; 1],0.1483217019122094,0.37704565557395237,tvm
64,16,8,896,224,32,4,2,2,1,[64; 16; 8; 896; 224; 32; 4; 2; 2; 1],0.18538796692155302,0.30165956432866875,tvm
64,32,2,448,64,32,16,1,2,1,[64; 32; 2; 448; 64; 32; 16; 1; 2; 1],0.22800219105556607,0.24527857857166016,tvm
64,64,4,14336,7168,64,128,4,4,0,[64; 64; 4; 14336; 7168; 64; 128; 4; 4; 0],0.228672512806952,0.24455957844196635,tvm
16,16,2,7168,512,32,32,2,2,0,[16; 16; 2; 7168; 512; 32; 32; 2; 2; 0],0.21819569892250001,0.25630227181149323,tvm
64,64,2,14336,14336,128,4,4,8,1,[64; 64; 2; 14336; 14336; 128; 4; 4; 8; 1],0.24804426217451692,0.2254599757441144,tvm
64,64,8,448,112,16,4,1,1,1,[64; 64; 8; 448; 112; 16; 4; 1; 1; 1],0.14793834299780428,0.37802271000266213,tvm
64,32,8,2048,64,32,128,4,2,0,[64; 32; 8; 2048; 64; 32; 128; 4; 2; 0],0.20573035813868046,0.2718317988618655,tvm
16,16,2,3584,3584,128,32,8,8,1,[16; 16; 2; 3584; 3584; 128; 32; 8; 8; 1],0.17117074807174504,0.3267150138871459,tvm
64,16,8,3584,256,32,32,8,2,0,[64; 16; 8; 3584; 256; 32; 32; 8; 2; 0],0.1959093848709017,0.2854587766185146,tvm
64,32,2,896,224,32,64,8,2,1,[64; 32; 2; 896; 224; 32; 64; 8; 2; 1],0.19569659000262618,0.285769176318212,tvm
64,32,2,7168,256,32,64,16,2,0,[64; 32; 2; 7168; 256; 32; 64; 16; 2; 0],0.2080302599351853,0.26882653201874207,tvm
32,32,1,896,64,64,4,4,4,0,[32; 32; 1; 896; 64; 64; 4; 4; 4; 0],0.29983934899792075,0.18651338965427497,tvm
64,64,1,1792,128,64,16,16,4,1,[64; 64; 1; 1792; 128; 64; 16; 16; 4; 1],0.17931496514938772,0.31187610742217126,tvm
32,16,2,896,896,128,32,2,8,1,[32; 16; 2; 896; 896; 128; 32; 2; 8; 1],0.18021932593546808,0.3103110781435189,tvm
32,16,1,7168,448,32,4,2,2,1,[32; 16; 1; 7168; 448; 32; 4; 2; 2; 1],0.19011819385923445,0.2941541374769219,tvm
64,64,2,1792,128,64,128,4,4,1,[64; 64; 2; 1792; 128; 64; 128; 4; 4; 1],0.15573951601982117,0.35908711393591214,tvm
64,16,8,7168,256,32,4,1,2,1,[64; 16; 8; 7168; 256; 32; 4; 1; 2; 1],0.1722414819523692,0.32468400004128095,tvm
32,32,4,1792,256,64,128,1,4,1,[32; 32; 4; 1792; 256; 64; 128; 1; 4; 1],0.17237251088954508,0.3244371915494636,tvm
32,16,2,1792,448,32,8,2,2,1,[32; 16; 2; 1792; 448; 32; 8; 2; 2; 1],0.16076298197731376,0.3478664842210075,tvm
64,64,4,896,448,64,128,1,4,0,[64; 64; 4; 896; 448; 64; 128; 1; 4; 0],0.16560105490498245,0.3377034848323949,tvm
32,16,4,512,256,32,4,4,2,1,[32; 16; 4; 512; 256; 32; 4; 4; 2; 1],0.15692920819856226,0.35636484740669006,tvm
32,32,2,128,128,128,64,1,8,1,[32; 32; 2; 128; 128; 128; 64; 1; 8; 1],0.16177768213674426,0.3456845999688817,tvm
64,64,2,896,64,64,64,64,4,0,[64; 64; 2; 896; 64; 64; 64; 64; 4; 0],0.10840820102021098,0.515865523152692,tvm
64,32,2,3584,256,32,16,8,2,1,[64; 32; 2; 3584; 256; 32; 16; 8; 2; 1],0.16404474200680852,0.34090731985187467,tvm
32,16,8,2048,512,32,8,2,2,0,[32; 16; 8; 2048; 512; 32; 8; 2; 2; 0],0.17688246699981391,0.31616504610031343,tvm
64,32,2,3584,1792,64,32,16,4,0,[64; 32; 2; 3584; 1792; 64; 32; 16; 4; 0],0.14430125779472291,0.38755069905827577,tvm
64,64,2,896,64,64,16,4,4,0,[64; 64; 2; 896; 64; 64; 16; 4; 4; 0],0.20038899406790733,0.27907746926651034,tvm
64,64,8,7168,64,32,32,32,2,0,[64; 64; 8; 7168; 64; 32; 32; 32; 2; 0],0.17351713497191668,0.3222970073957509,tvm
64,16,8,14336,1024,32,16,16,2,1,[64; 16; 8; 14336; 1024; 32; 16; 16; 2; 1],0.1447715270332992,0.3862917970083311,tvm
64,32,2,7168,512,128,16,8,8,0,[64; 32; 2; 7168; 512; 128; 16; 8; 8; 0],0.16122220386750996,0.34687562873964245,tvm
32,32,4,7168,256,32,64,1,2,0,[32; 32; 4; 7168; 256; 32; 64; 1; 2; 0],0.15188865782693028,0.36819110875978683,tvm
32,32,2,14336,1024,16,4,2,1,0,[32; 32; 2; 14336; 1024; 16; 4; 2; 1; 0],0.13560652593150735,0.412399425095365,tvm
32,32,2,14336,256,32,4,4,2,0,[32; 32; 2; 14336; 256; 32; 4; 4; 2; 0],0.15127129387110472,0.36969375948476463,tvm
64,64,4,448,224,16,16,2,1,1,[64; 64; 4; 448; 224; 16; 16; 2; 1; 1],0.16777915693819523,0.33331943224589017,tvm
64,64,2,1792,128,128,32,16,8,1,[64; 64; 2; 1792; 128; 128; 32; 16; 8; 1],0.1353471849579364,0.4131896304360787,tvm
64,16,8,1792,1792,32,32,32,2,1,[64; 16; 8; 1792; 1792; 32; 32; 32; 2; 1],0.13677091500721872,0.408888493071657,tvm
64,64,8,1792,128,32,32,4,2,0,[64; 64; 8; 1792; 128; 32; 32; 4; 2; 0],0.11692995089106262,0.4782697068387105,tvm
64,32,4,1792,256,64,4,1,4,1,[64; 32; 4; 1792; 256; 64; 4; 1; 4; 1],0.1339070729445666,0.4176333042279564,tvm
64,64,2,1792,256,64,16,4,4,1,[64; 64; 2; 1792; 256; 64; 16; 4; 4; 1],0.1467243628576398,0.3811504254926906,tvm
32,32,4,512,512,32,4,2,2,0,[32; 32; 4; 512; 512; 32; 4; 2; 2; 0],0.1457191000226885,0.38377984303105045,tvm
32,32,8,1792,896,32,4,2,2,0,[32; 32; 8; 1792; 896; 32; 4; 2; 2; 0],0.2160329669713974,0.25886814460469654,tvm
64,64,2,3584,448,112,32,8,7,1,[64; 64; 2; 3584; 448; 112; 32; 8; 7; 1],0.12673614104278386,0.44126365907302145,tvm
32,32,8,3584,3584,16,16,16,1,1,[32; 32; 8; 3584; 3584; 16; 16; 16; 1; 1],0.1643447089008987,0.34028508558225645,tvm
64,64,4,14336,3584,32,64,16,2,0,[64; 64; 4; 14336; 3584; 32; 64; 16; 2; 0],0.18874413310550153,0.2962955849974616,tvm
64,32,4,3584,1792,64,64,16,4,0,[64; 32; 4; 3584; 1792; 64; 64; 16; 4; 0],0.13642073213122785,0.4099380824282488,tvm
64,64,8,14336,448,32,16,8,2,0,[64; 64; 8; 14336; 448; 32; 16; 8; 2; 0],0.11127524706535041,0.5025740657353015,tvm
32,32,1,448,64,64,16,2,4,0,[32; 32; 1; 448; 64; 64; 16; 2; 4; 0],0.16362336091697216,0.3417852623239479,tvm
64,16,1,14336,896,112,16,2,7,1,[64; 16; 1; 14336; 896; 112; 16; 2; 7; 1],0.3021097530145198,0.1851117111424256,tvm
32,32,2,14336,32,32,64,8,2,1,[32; 32; 2; 14336; 32; 32; 64; 8; 2; 1],0.22476483811624348,0.2488113968449577,tvm
16,16,2,7168,1024,16,16,8,1,0,[16; 16; 2; 7168; 1024; 16; 16; 8; 1; 0],0.20825905702076852,0.2685311944332694,tvm
16,16,4,3584,3584,64,64,2,4,0,[16; 16; 4; 3584; 3584; 64; 64; 2; 4; 0],0.27908715792000294,0.20038203746144173,tvm
32,16,1,14336,512,128,16,4,8,1,[32; 16; 1; 14336; 512; 128; 16; 4; 8; 1],0.2672033628914505,0.2092939726812199,tvm
64,64,4,224,112,16,2,2,1,1,[64; 64; 4; 224; 112; 16; 2; 2; 1; 1],0.15525037702172995,0.36021847035840565,tvm
64,16,1,3584,896,32,2,2,2,1,[64; 16; 1; 3584; 896; 32; 2; 2; 2; 1],0.25090420502237976,0.22289006008625925,tvm
32,16,2,512,256,128,4,1,8,0,[32; 16; 2; 512; 256; 128; 4; 1; 8; 0],0.21249608998186886,0.26317685816291975,tvm
64,32,1,896,448,112,2,2,7,1,[64; 32; 1; 896; 448; 112; 2; 2; 7; 1],0.2357069319114089,0.23726096165195745,tvm
16,16,8,1792,224,16,4,4,1,0,[16; 16; 8; 1792; 224; 16; 4; 4; 1; 0],0.2783942730166018,0.20088076068288355,tvm
64,32,4,7168,512,16,64,32,1,1,[64; 32; 4; 7168; 512; 16; 64; 32; 1; 1],0.20482658315449953,0.27303122706074795,tvm
32,16,4,1024,256,64,128,32,4,1,[32; 16; 4; 1024; 256; 64; 128; 32; 4; 1],0.21052002301439643,0.26564719370902296,tvm
32,32,16,896,224,16,64,1,1,0,[32; 32; 16; 896; 224; 16; 64; 1; 1; 0],0.2834473440889269,0.19729962019255362,tvm
16,16,2,14336,3584,16,4,4,1,1,[16; 16; 2; 14336; 3584; 16; 4; 4; 1; 1],0.24108552490361035,0.23196769426821714,tvm
32,32,8,2048,2048,32,128,8,2,1,[32; 32; 8; 2048; 2048; 32; 128; 8; 2; 1],0.215000320924446,0.2601114877078988,tvm
64,16,2,7168,448,16,2,2,1,1,[64; 16; 2; 7168; 448; 16; 2; 2; 1; 1],0.19210918806493282,0.2911055629178498,tvm
32,16,2,3584,256,32,4,1,2,0,[32; 16; 2; 3584; 256; 32; 4; 1; 2; 0],0.19441359699703753,0.2876550518952926,tvm
16,16,8,7168,7168,16,16,4,1,1,[16; 16; 8; 7168; 7168; 16; 16; 4; 1; 1],0.14722386607900262,0.3798572529220474,tvm
32,16,8,896,224,32,32,16,2,0,[32; 16; 8; 896; 224; 32; 32; 16; 2; 0],0.20356621802784503,0.27472167963391503,tvm
16,16,4,512,256,16,1,1,1,1,[16; 16; 4; 512; 256; 16; 1; 1; 1; 1],0.26457877294160426,0.21137014398988255,tvm
64,64,8,64,32,16,16,4,1,1,[64; 64; 8; 64; 32; 16; 16; 4; 1; 1],0.17371580889448524,0.3219284053030633,tvm
32,16,4,256,256,64,2,2,4,1,[32; 16; 4; 256; 256; 64; 2; 2; 4; 1],0.22414571698755026,0.24949864795515825,tvm
32,32,8,3584,112,16,16,2,1,1,[32; 32; 8; 3584; 112; 16; 16; 2; 1; 1],0.16914095217362046,0.3306357958534382,tvm
32,32,2,7168,64,32,8,4,2,0,[32; 32; 2; 7168; 64; 32; 8; 4; 2; 0],0.17510210489854217,0.3193796748801901,tvm
64,16,1,896,896,64,8,4,4,1,[64; 16; 1; 896; 896; 64; 8; 4; 4; 1],0.18107186583802104,0.30885004180252135,tvm
16,16,2,896,896,64,4,2,4,0,[16; 16; 2; 896; 896; 64; 4; 2; 4; 0],0.17584005603566766,0.3180393284337308,tvm
64,32,2,7168,128,16,4,2,1,0,[64; 32; 2; 7168; 128; 16; 4; 2; 1; 0],0.1811774440575391,0.3086700644456202,tvm
32,32,8,448,32,32,4,4,2,1,[32; 32; 8; 448; 32; 32; 4; 4; 2; 1],0.20696206390857697,0.27021402993950194,tvm
16,16,2,3584,256,16,8,8,1,1,[16; 16; 2; 3584; 256; 16; 8; 8; 1; 1],0.17407887312583625,0.321256981557478,tvm
32,16,16,1792,1792,16,32,1,1,0,[32; 16; 16; 1792; 1792; 16; 32; 1; 1; 0],0.2086408908944577,0.2680397552636164,tvm
64,16,2,448,448,32,32,1,2,1,[64; 16; 2; 448; 448; 32; 32; 1; 2; 1],0.20784796797670424,0.2690623049035598,tvm
32,32,1,7168,112,16,8,1,1,1,[32; 32; 1; 7168; 112; 16; 8; 1; 1; 1],0.20438531413674355,0.2736207029821989,tvm
64,16,2,448,448,64,8,4,4,0,[64; 16; 2; 448; 448; 64; 8; 4; 4; 0],0.18416582886129618,0.303661399506704,tvm
64,64,2,2048,512,16,32,1,1,0,[64; 64; 2; 2048; 512; 16; 32; 1; 1; 0],0.22233006707392633,0.2515361690361843,tvm
64,64,16,1792,448,16,8,8,1,1,[64; 64; 16; 1792; 448; 16; 8; 8; 1; 1],0.16635907907038927,0.33616472059015756,tvm
64,16,4,14336,512,16,32,16,1,1,[64; 16; 4; 14336; 512; 16; 32; 16; 1; 1],0.19477834808640182,0.28711637552509667,tvm
32,32,2,896,896,64,64,1,4,1,[32; 32; 2; 896; 896; 64; 64; 1; 4; 1],0.17626185691915452,0.3172782490257313,tvm
16,16,8,7168,3584,16,32,16,1,1,[16; 16; 8; 7168; 3584; 16; 32; 16; 1; 1],0.20681426883675158,0.270407132195878,tvm
32,16,4,896,896,64,8,1,4,0,[32; 16; 4; 896; 896; 64; 8; 1; 4; 0],0.18930950807407498,0.29541069491053135,tvm
64,64,8,1792,112,16,32,4,1,0,[64; 64; 8; 1792; 112; 16; 32; 4; 1; 0],0.1498177838511765,0.37328047375795015,tvm
16,16,8,14336,896,32,32,32,2,1,[16; 16; 8; 14336; 896; 32; 32; 32; 2; 1],0.160616290057078,0.34818419298229136,tvm
64,32,1,14336,224,224,8,1,14,1,[64; 32; 1; 14336; 224; 224; 8; 1; 14; 1],0.19067879486829042,0.29328931605615793,tvm
32,32,2,14336,512,32,16,8,2,1,[32; 32; 2; 14336; 512; 32; 16; 8; 2; 1],0.15498091094195843,0.3608447840023171,tvm
64,32,1,7168,448,64,8,2,4,1,[64; 32; 1; 7168; 448; 64; 8; 2; 4; 1],0.15498056705109775,0.3608455846912403,tvm
32,32,2,2048,1024,64,32,2,4,1,[32; 32; 2; 2048; 1024; 64; 32; 2; 4; 1],0.14168532518669963,0.39470603790224473,tvm
64,32,4,1792,64,64,8,1,4,0,[64; 32; 4; 1792; 64; 64; 8; 1; 4; 0],0.2428243679460138,0.2303065948709345,tvm
32,32,8,7168,256,32,4,2,2,1,[32; 32; 8; 7168; 256; 32; 4; 2; 2; 1],0.14342234306968749,0.3899256708291287,tvm
64,32,4,7168,128,32,32,16,2,1,[64; 32; 4; 7168; 128; 32; 32; 16; 2; 1],0.15585031011141837,0.3588318386620654,tvm
32,16,8,3584,1792,32,32,2,2,0,[32; 16; 8; 3584; 1792; 32; 32; 2; 2; 0],0.14692435995675623,0.380631594037866,tvm
32,32,4,7168,448,64,4,2,4,0,[32; 32; 4; 7168; 448; 64; 4; 2; 4; 0],0.16172666708007455,0.34579364271226876,tvm
64,16,4,1792,1792,64,16,2,4,1,[64; 16; 4; 1792; 1792; 64; 16; 2; 4; 1],0.14163835113868117,0.39483694129266506,tvm
64,16,4,7168,1792,32,16,16,2,1,[64; 16; 4; 7168; 1792; 32; 16; 16; 2; 1],0.16180775105021894,0.34562036101704824,tvm
64,64,8,896,448,16,32,1,1,1,[64; 64; 8; 896; 448; 16; 32; 1; 1; 1],0.12709613097831607,0.4400138139757737,tvm
32,32,8,512,256,16,8,8,1,1,[32; 32; 8; 512; 256; 16; 8; 8; 1; 1],0.15645249607041478,0.35745069422327097,tvm
64,64,2,128,128,128,16,4,8,1,[64; 64; 2; 128; 128; 128; 16; 4; 8; 1],0.14268203522078693,0.39194880593619347,tvm
32,32,2,14336,896,32,4,1,2,1,[32; 32; 2; 14336; 896; 32; 4; 1; 2; 1],0.13697780901566148,0.4082708997552969,tvm
64,64,2,7168,224,112,32,4,7,0,[64; 64; 2; 7168; 224; 112; 32; 4; 7; 0],0.1375670051202178,0.4065222855179708,tvm
64,64,2,2048,1024,128,64,64,8,0,[64; 64; 2; 2048; 1024; 128; 64; 64; 8; 0],0.141960569890216,0.3939407497207269,tvm
32,32,4,3584,256,64,32,2,4,0,[32; 32; 4; 3584; 256; 64; 32; 2; 4; 0],0.13633559900335968,0.41019406334185116,tvm
64,32,4,7168,128,64,64,2,4,1,[64; 32; 4; 7168; 128; 64; 64; 2; 4; 1],0.13200164609588683,0.42366178746520894,tvm
64,64,8,1792,224,32,32,4,2,1,[64; 64; 8; 1792; 224; 32; 32; 4; 2; 1],0.11218684003688395,0.49849031593141446,tvm
64,64,8,7168,1792,32,8,8,2,0,[64; 64; 8; 7168; 1792; 32; 8; 8; 2; 0],0.1273519939277321,0.43912978202028247,tvm
64,64,8,2048,2048,32,32,1,2,0,[64; 64; 8; 2048; 2048; 32; 32; 1; 2; 0],0.08742397651076317,0.6396878243858911,tvm
64,64,16,14336,512,16,1,1,1,0,[64; 64; 16; 14336; 512; 16; 1; 1; 1; 0],0.8936040780972689,0.0625825851784508,tvm
64,32,1,1792,224,224,32,1,14,1,[64; 32; 1; 1792; 224; 224; 32; 1; 14; 1],0.2213333211839199,0.2526689295321353,tvm
64,16,4,128,64,32,64,8,2,1,[64; 16; 4; 128; 64; 32; 64; 8; 2; 1],0.18711679708212614,0.29887243799276925,tvm
32,32,4,14336,64,32,1,1,2,1,[32; 32; 4; 14336; 64; 32; 1; 1; 2; 1],0.3021656160708517,0.18507748849961897,tvm
64,16,8,3584,224,32,128,2,2,1,[64; 16; 8; 3584; 224; 32; 128; 2; 2; 1],0.24880041694268584,0.2247747572955881,tvm
64,64,16,128,16,16,128,2,1,0,[64; 64; 16; 128; 16; 16; 128; 2; 1; 0],0.24589585908688605,0.2274298296075529,tvm
32,32,1,896,224,112,1,1,7,1,[32; 32; 1; 896; 224; 112; 1; 1; 7; 1],0.2502468100283295,0.22347558926726133,tvm
64,16,8,7168,7168,16,32,1,1,1,[64; 16; 8; 7168; 7168; 16; 32; 1; 1; 1],0.3754669709596783,0.14894533383427505,tvm
32,32,4,512,64,16,32,16,1,1,[32; 32; 4; 512; 64; 16; 32; 16; 1; 1],0.20162884914316237,0.27736136753736873,tvm
64,16,4,3584,128,64,128,1,4,1,[64; 16; 4; 3584; 128; 64; 128; 1; 4; 1],0.19704819307662547,0.28380901372481165,tvm
16,16,4,224,224,16,32,16,1,1,[16; 16; 4; 224; 224; 16; 32; 16; 1; 1],0.2290969961322844,0.2441064452064743,tvm
64,16,4,256,64,64,128,1,4,1,[64; 16; 4; 256; 64; 64; 128; 1; 4; 1],0.17893456504680216,0.31253913026086283,tvm
64,32,8,512,512,16,64,64,1,1,[64; 32; 8; 512; 512; 16; 64; 64; 1; 1],0.21497454191558063,0.2601426793843078,tvm
16,16,8,14336,14336,32,32,1,2,0,[16; 16; 8; 14336; 14336; 32; 32; 1; 2; 0],0.37281768093816936,0.15000375838561197,tvm
64,16,2,14336,7168,112,32,2,7,1,[64; 16; 2; 14336; 7168; 112; 32; 2; 7; 1],0.23999971291050315,0.2330171676254781,tvm
64,64,1,7168,1792,224,64,64,14,0,[64; 64; 1; 7168; 1792; 224; 64; 64; 14; 0],0.19580155098810792,0.2856159874685053,tvm
64,32,4,3584,896,16,64,4,1,0,[64; 32; 4; 3584; 896; 16; 64; 4; 1; 0],0.20035564014688134,0.2791239282923867,tvm
16,16,2,14336,14336,128,32,1,8,1,[16; 16; 2; 14336; 14336; 128; 32; 1; 8; 1],0.4890712450724095,0.11434745734244403,tvm
32,16,2,7168,7168,64,16,1,4,0,[32; 16; 2; 7168; 7168; 64; 16; 1; 4; 0],0.19724411703646183,0.28352710424816074,tvm
64,16,8,2048,512,32,1,1,2,0,[64; 16; 8; 2048; 512; 32; 1; 1; 2; 0],0.48293329984880984,0.11580078108269046,tvm
64,32,8,512,128,16,64,64,1,0,[64; 32; 8; 512; 128; 16; 64; 64; 1; 0],0.1928247979376465,0.2900252142435405,tvm
32,32,2,2048,64,32,16,2,2,0,[32; 32; 2; 2048; 64; 32; 16; 2; 2; 0],0.21703573199920356,0.2576721022764056,tvm
32,32,1,256,64,64,8,1,4,1,[32; 32; 1; 256; 64; 64; 8; 1; 4; 1],0.15288791595958173,0.3657846533019504,tvm
64,64,1,224,224,224,64,1,14,1,[64; 64; 1; 224; 224; 224; 64; 1; 14; 1],0.20198422693647444,0.27687336868597107,tvm
64,32,2,7168,112,112,128,16,7,1,[64; 32; 2; 7168; 112; 112; 128; 16; 7; 1],0.18174966191872954,0.30769825232654413,tvm
64,32,4,14336,1792,64,128,32,4,1,[64; 32; 4; 14336; 1792; 64; 128; 32; 4; 1],0.19348219688981771,0.28903978884000575,tvm
64,32,16,7168,224,16,32,32,1,1,[64; 32; 16; 7168; 224; 16; 32; 32; 1; 1],0.21085446910001338,0.26522583833310737,tvm
32,16,2,1792,1792,112,32,2,7,0,[32; 16; 2; 1792; 1792; 112; 32; 2; 7; 0],0.1779756818432361,0.31422300369435957,tvm
32,32,2,224,112,112,128,1,7,1,[32; 32; 2; 224; 112; 112; 128; 1; 7; 1],0.18243101006373763,0.30654905278326655,tvm
64,64,2,7168,7168,112,64,16,7,1,[64; 64; 2; 7168; 7168; 112; 64; 16; 7; 1],0.38669107505120337,0.14462204312816943,tvm
64,32,8,64,32,32,4,4,2,1,[64; 32; 8; 64; 32; 32; 4; 4; 2; 1],0.20524838496930897,0.2724701260947594,tvm
64,64,2,3584,64,64,128,16,4,0,[64; 64; 2; 3584; 64; 64; 128; 16; 4; 0],0.20305829704739153,0.2754088562078371,tvm
64,64,1,7168,32,32,8,4,2,1,[64; 64; 1; 7168; 32; 32; 8; 4; 2; 1],0.14558616001158953,0.38413028634645935,tvm
64,64,1,896,64,64,16,8,4,1,[64; 64; 1; 896; 64; 64; 16; 8; 4; 1],0.13942008488811553,0.4011190595545278,tvm
64,64,2,7168,64,32,32,32,2,0,[64; 64; 2; 7168; 64; 32; 32; 32; 2; 0],0.2220344941597432,0.2518710146590946,tvm
64,32,2,7168,256,16,32,8,1,1,[64; 32; 2; 7168; 256; 16; 32; 8; 1; 1],0.24999079597182572,0.2237044492615482,tvm
32,16,16,7168,1024,16,8,1,1,1,[32; 16; 16; 7168; 1024; 16; 8; 1; 1; 1],0.19306659791618586,0.28966198160083134,tvm
64,16,2,1792,896,32,8,4,2,0,[64; 16; 2; 1792; 896; 32; 8; 4; 2; 0],0.16105816885828972,0.34722891567542435,tvm
64,16,16,7168,1792,16,8,4,1,0,[64; 16; 16; 7168; 1792; 16; 8; 4; 1; 0],0.19706263882108033,0.28378820900753604,tvm
64,32,16,896,448,16,32,16,1,1,[64; 32; 16; 896; 448; 16; 32; 16; 1; 1],0.1899087238125503,0.29447859061247367,tvm
32,16,4,3584,448,16,16,8,1,1,[32; 16; 4; 3584; 448; 16; 16; 8; 1; 1],0.20054252492263913,0.27886381382156467,tvm
64,64,2,7168,3584,112,64,2,7,0,[64; 64; 2; 7168; 3584; 112; 64; 2; 7; 0],0.20239345985464752,0.27631353984212825,tvm
32,16,8,7168,448,32,32,1,2,1,[32; 16; 8; 7168; 448; 32; 32; 1; 2; 1],0.19466270692646503,0.28728693963173424,tvm
64,64,2,896,224,32,64,1,2,0,[64; 64; 2; 896; 224; 32; 64; 1; 2; 0],0.17465241090394557,0.32020201177806906,tvm
64,64,8,112,112,16,64,4,1,1,[64; 64; 8; 112; 112; 16; 64; 4; 1; 1],0.1477674599736929,0.37845986757361544,tvm
64,32,2,896,448,112,64,8,7,0,[64; 32; 2; 896; 448; 112; 64; 8; 7; 0],0.16063981805928051,0.3481331964201791,tvm
32,16,4,14336,1024,16,8,4,1,1,[32; 16; 4; 14336; 1024; 16; 8; 4; 1; 1],0.14923982811160386,0.3747260636853083,tvm
32,32,2,3584,128,128,64,2,8,1,[32; 32; 2; 3584; 128; 128; 64; 2; 8; 1],0.16328858095221221,0.3424860024333237,tvm
32,32,2,3584,1792,64,4,1,4,0,[32; 32; 2; 3584; 1792; 64; 4; 1; 4; 0],0.19654597691260278,0.28453420523687867,tvm
64,32,4,512,64,64,32,4,4,1,[64; 32; 4; 512; 64; 64; 32; 4; 4; 1],0.14900676207616925,0.37531218418628604,tvm
32,32,2,1792,896,112,32,8,7,1,[32; 32; 2; 1792; 896; 112; 32; 8; 7; 1],0.14417621097527444,0.38788682928367463,tvm
64,32,4,128,128,32,64,1,2,0,[64; 32; 4; 128; 128; 32; 64; 1; 2; 0],0.1442734079901129,0.3876255098733498,tvm
64,32,2,7168,448,112,16,1,7,1,[64; 32; 2; 7168; 448; 112; 16; 1; 7; 1],0.16738267592154443,0.33410896931499673,tvm
32,32,8,256,256,16,4,2,1,1,[32; 32; 8; 256; 256; 16; 4; 2; 1; 1],0.14442928205244243,0.38720716837065805,tvm
32,32,4,512,512,16,32,16,1,1,[32; 32; 4; 512; 512; 16; 32; 16; 1; 1],0.16363414796069264,0.34176273125318024,tvm
64,64,2,448,448,64,16,4,4,1,[64; 64; 2; 448; 448; 64; 16; 4; 4; 1],0.14494439004920423,0.3858310991846515,tvm
64,32,4,3584,448,32,64,8,2,0,[64; 32; 4; 3584; 448; 32; 64; 8; 2; 0],0.14876406802795827,0.37592446936059276,tvm
32,32,2,2048,512,128,4,4,8,0,[32; 32; 2; 2048; 512; 128; 4; 4; 8; 0],0.14539346494711936,0.38463938770338346,tvm
64,32,8,448,224,32,8,4,2,1,[64; 32; 8; 448; 224; 32; 8; 4; 2; 1],0.1313679669983685,0.4257054030076287,tvm
32,32,4,3584,448,64,4,4,4,1,[32; 32; 4; 3584; 448; 64; 4; 4; 4; 1],0.14510768908075988,0.3853968985903202,tvm
64,32,4,2048,1024,16,16,8,1,0,[64; 32; 4; 2048; 1024; 16; 16; 8; 1; 0],0.14244662295095623,0.3925965542376372,tvm
32,32,4,14336,2048,16,8,2,1,1,[32; 32; 4; 14336; 2048; 16; 8; 2; 1; 1],0.13920270488597453,0.40174545012715485,tvm
64,64,4,3584,256,64,64,8,4,0,[64; 64; 4; 3584; 256; 64; 64; 8; 4; 0],0.10959724080748856,0.5102688071460295,tvm
64,64,4,3584,512,64,16,4,4,0,[64; 64; 4; 3584; 512; 64; 16; 4; 4; 0],0.11402518395334482,0.4904535243391103,tvm
32,32,1,1792,256,128,128,64,8,1,[32; 32; 1; 1792; 256; 128; 128; 64; 8; 1],0.2618856099434197,0.21354381917133863,tvm
64,64,1,7168,256,64,128,16,4,1,[64; 64; 1; 7168; 256; 64; 128; 16; 4; 1],0.24761623097583652,0.22584970748056757,tvm
64,64,2,64,16,16,64,8,1,1,[64; 64; 2; 64; 16; 16; 64; 8; 1; 1],0.29355766787193716,0.19050448839827233,tvm
64,16,2,512,64,32,64,32,2,1,[64; 16; 2; 512; 64; 32; 64; 32; 2; 1],0.238438906846568,0.23454248332601046,tvm
64,64,16,7168,256,16,128,1,1,1,[64; 64; 16; 7168; 256; 16; 128; 1; 1; 1],0.23845203407108784,0.23452957132947388,tvm
16,16,1,3584,1792,64,16,4,4,0,[16; 16; 1; 3584; 1792; 64; 16; 4; 4; 0],0.304439099971205,0.18369537072807943,tvm
64,16,8,1792,256,32,64,32,2,1,[64; 16; 8; 1792; 256; 32; 64; 32; 2; 1],0.20331255812197924,0.27506443207399506,tvm
64,16,8,1792,128,32,128,64,2,1,[64; 16; 8; 1792; 128; 32; 128; 64; 2; 1],0.22660912899300456,0.2467864096289771,tvm
32,16,2,224,224,112,128,64,7,1,[32; 16; 2; 224; 224; 112; 128; 64; 7; 1],0.23840534314513206,0.23457550319788306,tvm
64,32,1,3584,256,128,16,8,8,0,[64; 32; 1; 3584; 256; 128; 16; 8; 8; 0],0.2551808040589094,0.21915462465751565,tvm
32,32,16,112,112,16,32,2,1,0,[32; 32; 16; 112; 112; 16; 32; 2; 1; 0],0.21870356588624418,0.2557070942429055,tvm
64,32,4,3584,64,16,32,16,1,1,[64; 32; 4; 3584; 64; 16; 32; 16; 1; 1],0.1989429108798504,0.2811060373350429,tvm
32,32,4,448,448,16,64,2,1,1,[32; 32; 4; 448; 448; 16; 64; 2; 1; 1],0.21072412701323628,0.26538989211150255,tvm
64,32,1,3584,224,112,2,2,7,1,[64; 32; 1; 3584; 224; 112; 2; 2; 7; 1],0.17483402509242296,0.31986939214932597,tvm
16,16,4,224,224,32,32,4,2,0,[16; 16; 4; 224; 224; 32; 32; 4; 2; 0],0.20965669001452625,0.26674108672353164,tvm
64,32,2,512,64,32,64,4,2,1,[64; 32; 2; 512; 64; 32; 64; 4; 2; 1],0.200682861963287,0.27866880503011815,tvm
64,64,1,3584,256,64,2,1,4,0,[64; 64; 1; 3584; 256; 64; 2; 1; 4; 0],0.22596154594793916,0.24749367463709096,tvm
64,32,4,1024,32,32,128,2,2,0,[64; 32; 4; 1024; 32; 32; 128; 2; 2; 0],0.21826356602832675,0.256222576909952,tvm
64,64,1,14336,512,32,16,2,2,1,[64; 64; 1; 14336; 512; 32; 16; 2; 2; 1],0.19271300011314452,0.29019346541488916,tvm
32,32,1,896,112,16,16,1,1,1,[32; 32; 1; 896; 112; 16; 16; 1; 1; 1],0.19571737083606422,0.2857388339851354,tvm
64,16,2,14336,1024,128,32,8,8,0,[64; 16; 2; 14336; 1024; 128; 32; 8; 8; 0],0.17439986811950803,0.32066568591101924,tvm
32,32,1,7168,112,16,16,1,1,0,[32; 32; 1; 7168; 112; 16; 16; 1; 1; 0],0.1935264130588621,0.288973750142952,tvm
64,64,4,512,512,16,2,1,1,0,[64; 64; 4; 512; 512; 16; 2; 1; 1; 0],0.22260164702311158,0.25122928819806545,tvm
32,32,16,1024,128,16,16,4,1,1,[32; 32; 16; 1024; 128; 16; 16; 4; 1; 1],0.18213043711148202,0.3070549558891259,tvm
64,64,4,3584,32,16,16,2,1,1,[64; 64; 4; 3584; 32; 16; 16; 2; 1; 1],0.2861716691404581,0.1954213479667857,tvm
64,64,2,7168,32,32,64,32,2,0,[64; 64; 2; 7168; 32; 32; 64; 32; 2; 0],0.20028732507489622,0.27921913337462007,tvm
64,64,2,14336,64,32,64,8,2,0,[64; 64; 2; 14336; 64; 32; 64; 8; 2; 0],0.18825384019874036,0.2970672644674556,tvm
64,64,4,14336,16,16,64,64,1,0,[64; 64; 4; 14336; 16; 16; 64; 64; 1; 0],0.31238956400193274,0.17902023555750837,tvm
64,64,8,512,16,16,32,16,1,0,[64; 64; 8; 512; 16; 16; 32; 16; 1; 0],0.17860831506550312,0.313110021293374,tvm
64,32,4,7168,128,32,128,1,2,1,[64; 32; 4; 7168; 128; 32; 128; 1; 2; 1],0.16783033800311387,0.3332177840951243,tvm
64,64,1,112,112,112,2,2,7,0,[64; 64; 1; 112; 112; 112; 2; 2; 7; 0],0.4142776099033654,0.13499173500199108,tvm
64,32,2,3584,1792,16,32,4,1,1,[64; 32; 2; 3584; 1792; 16; 32; 4; 1; 1],0.22337668808177114,0.2503576080994688,tvm
64,64,4,14336,224,32,128,64,2,1,[64; 64; 4; 14336; 224; 32; 128; 64; 2; 1],0.15086343185976148,0.37069323323705644,tvm
16,16,8,14336,448,16,4,2,1,1,[16; 16; 8; 14336; 448; 16; 4; 2; 1; 1],0.17006298806518316,0.328843177281457,tvm
32,16,2,1024,512,64,8,2,4,0,[32; 16; 2; 1024; 512; 64; 8; 2; 4; 0],0.17442861385643482,0.3206128403873127,tvm
32,32,4,512,64,64,4,1,4,1,[32; 32; 4; 512; 64; 64; 4; 1; 4; 1],0.17649767897091806,0.3168543272602926,tvm
64,16,4,7168,256,32,8,2,2,1,[64; 16; 4; 7168; 256; 32; 8; 2; 2; 1],0.16954975994303823,0.3298385875162638,tvm
32,32,2,1792,112,112,8,8,7,0,[32; 32; 2; 1792; 112; 112; 8; 8; 7; 0],0.1615480410400778,0.3461759918181822,tvm
64,32,2,7168,3584,112,4,4,7,0,[64; 32; 2; 7168; 3584; 112; 4; 4; 7; 0],0.20599427493289113,0.2714835320134615,tvm
32,32,8,1792,32,32,32,2,2,1,[32; 32; 8; 1792; 32; 32; 32; 2; 2; 1],0.15236061019822955,0.3670505996305283,tvm
32,32,2,7168,1024,32,32,2,2,0,[32; 32; 2; 7168; 1024; 32; 32; 2; 2; 0],0.16840243805199862,0.3320857701363286,tvm
64,32,4,128,128,64,128,32,4,1,[64; 32; 4; 128; 128; 64; 128; 32; 4; 1],0.14489239803515375,0.3859695476899006,tvm
32,32,4,224,224,16,32,1,1,1,[32; 32; 4; 224; 224; 16; 32; 1; 1; 1],0.17655312619172037,0.31675481788187076,tvm
32,32,2,896,128,64,8,4,4,1,[32; 32; 2; 896; 128; 64; 8; 4; 4; 1],0.17917282995767891,0.31212351418762957,tvm
32,32,2,1792,1792,16,16,1,1,0,[32; 32; 2; 1792; 1792; 16; 16; 1; 1; 0],0.19503304595127702,0.2867414240523333,tvm
64,32,1,14336,1024,128,8,4,8,0,[64; 32; 1; 14336; 1024; 128; 8; 4; 8; 0],0.16603953717276454,0.33681166718228217,tvm
32,32,1,3584,448,32,8,2,2,1,[32; 32; 1; 3584; 448; 32; 8; 2; 2; 1],0.15771266585215926,0.3545945598672262,tvm
64,64,4,896,64,64,128,2,4,1,[64; 64; 4; 896; 64; 64; 128; 2; 4; 1],0.11597579391673207,0.4822045311755788,tvm
32,32,8,3584,256,32,4,1,2,0,[32; 32; 8; 3584; 256; 32; 4; 1; 2; 0],0.23773518088273704,0.23523675850448864,tvm
64,64,4,14336,224,16,32,4,1,1,[64; 64; 4; 14336; 224; 16; 32; 4; 1; 1],0.15830015414394438,0.3532785778747939,tvm
64,32,2,896,896,128,16,16,8,1,[64; 32; 2; 896; 896; 128; 16; 16; 8; 1],0.1682868259958923,0.33231391110019737,tvm
64,32,4,128,128,64,4,4,4,1,[64; 32; 4; 128; 128; 64; 4; 4; 4; 1],0.18883355078287423,0.2961552812065494,tvm
32,32,2,1024,256,16,8,4,1,1,[32; 32; 2; 1024; 256; 16; 8; 4; 1; 1],0.13035616697743535,0.42900964818192133,tvm
64,64,2,512,256,32,8,2,2,1,[64; 64; 2; 512; 256; 32; 8; 2; 2; 1],0.11531277094036341,0.4849771007779851,tvm
64,32,4,2048,1024,16,32,2,1,1,[64; 32; 4; 2048; 1024; 16; 32; 2; 1; 1],0.1517698490060866,0.3684793369669265,tvm
32,32,4,2048,2048,64,64,2,4,0,[32; 32; 4; 2048; 2048; 64; 64; 2; 4; 0],0.13850420410744846,0.40377152227053487,tvm
64,64,2,7168,1792,128,16,4,8,1,[64; 64; 2; 7168; 1792; 128; 16; 4; 8; 1],0.13023791601881385,0.42939917224454577,tvm
32,32,4,3584,896,32,4,1,2,1,[32; 32; 4; 3584; 896; 32; 4; 1; 2; 1],0.13889309391379356,0.4026409935690797,tvm
64,32,4,14336,1024,64,64,4,4,1,[64; 32; 4; 14336; 1024; 64; 64; 4; 4; 1],0.14588929107412696,0.38333213439852887,tvm
32,32,4,1024,512,64,8,1,4,0,[32; 32; 4; 1024; 512; 64; 8; 1; 4; 0],0.15480034705251455,0.3612656844649168,tvm
32,32,4,7168,1024,64,32,2,4,0,[32; 32; 4; 7168; 1024; 64; 32; 2; 4; 0],0.10995696298778057,0.5085994721366407,tvm
64,32,4,3584,1792,32,32,8,2,1,[64; 32; 4; 3584; 1792; 32; 32; 8; 2; 1],0.11611030413769186,0.4816459120373556,tvm
64,64,8,14336,3584,32,32,1,2,0,[64; 64; 8; 14336; 3584; 32; 32; 1; 2; 0],0.12383739277720451,0.45159262545155593,tvm
64,64,4,7168,3584,64,32,32,4,1,[64; 64; 4; 7168; 3584; 64; 32; 32; 4; 1],0.10989011893980205,0.5089088434235711,tvm
64,16,8,128,64,32,128,4,2,1,[64; 16; 8; 128; 64; 32; 128; 4; 2; 1],0.22515814704820514,0.24837677013463919,tvm
32,32,1,1792,224,112,16,2,7,1,[32; 32; 1; 1792; 224; 112; 16; 2; 7; 1],0.24872902408242226,0.22483927454643,tvm
64,32,4,224,224,16,128,4,1,1,[64; 32; 4; 224; 224; 16; 128; 4; 1; 1],0.2287840519566089,0.24444034824568922,tvm
64,64,4,1024,64,16,2,1,1,1,[64; 64; 4; 1024; 64; 16; 2; 1; 1; 1],0.17128636687994003,0.3264944802789369,tvm
64,64,1,14336,896,224,64,16,14,0,[64; 64; 1; 14336; 896; 224; 64; 16; 14; 0],0.19267427804879844,0.2902517860695941,tvm
64,32,8,896,128,16,2,1,1,1,[64; 32; 8; 896; 128; 16; 2; 1; 1; 1],0.19987764908000827,0.2797914303612192,tvm
64,32,2,256,32,32,32,2,2,1,[64; 32; 2; 256; 32; 32; 32; 2; 2; 1],0.2549192679580301,0.21937946778719242,tvm
64,64,16,512,16,16,128,16,1,1,[64; 64; 16; 512; 16; 16; 128; 16; 1; 1],0.22589058196172118,0.24757142527885503,tvm
64,64,1,14336,512,32,2,1,2,1,[64; 64; 1; 14336; 512; 32; 2; 1; 2; 1],0.22242404497228563,0.25142989077597955,tvm
64,32,4,448,448,16,64,2,1,1,[64; 32; 4; 448; 448; 16; 64; 2; 1; 1],0.20234979293309152,0.27637316808040935,tvm
64,64,2,14336,1792,32,128,32,2,1,[64; 64; 2; 14336; 1792; 32; 128; 32; 2; 1],0.2164039348717779,0.2584243829321729,tvm
64,16,2,3584,1792,112,8,4,7,1,[64; 16; 2; 3584; 1792; 112; 8; 4; 7; 1],0.2063507130369544,0.2710145873027255,tvm
16,16,16,7168,7168,16,8,4,1,0,[16; 16; 16; 7168; 7168; 16; 8; 4; 1; 0],0.19578574504703283,0.28563904547748825,tvm
32,32,2,3584,448,112,128,1,7,1,[32; 32; 2; 3584; 448; 112; 128; 1; 7; 1],0.21135836490429938,0.2645935180216553,tvm
64,64,8,896,128,16,2,1,1,1,[64; 64; 8; 896; 128; 16; 2; 1; 1; 1],0.15691694198176265,0.356392704490972,tvm
64,64,16,1792,128,16,8,8,1,1,[64; 64; 16; 1792; 128; 16; 8; 8; 1; 1],0.20513733197003603,0.2726176303272875,tvm
64,32,1,128,64,64,4,2,4,0,[64; 32; 1; 128; 64; 64; 4; 2; 4; 0],0.29927749396301806,0.18686354457460108,tvm
32,32,2,1792,448,32,64,2,2,0,[32; 32; 2; 1792; 448; 32; 64; 2; 2; 0],0.21230119094252586,0.26341846263346247,tvm
16,16,4,1792,256,16,8,4,1,0,[16; 16; 4; 1792; 256; 16; 8; 4; 1; 0],0.20504139899276197,0.27274518028092204,tvm
32,32,2,896,224,112,128,8,7,1,[32; 32; 2; 896; 224; 112; 128; 8; 7; 1],0.19180556712672114,0.29156637198327884,tvm
16,16,4,14336,448,16,16,4,1,0,[16; 16; 4; 14336; 448; 16; 16; 4; 1; 0],0.19934067712165415,0.2805451157327205,tvm
64,32,4,7168,64,32,4,4,2,1,[64; 32; 4; 7168; 64; 32; 4; 4; 2; 1],0.18865624605678022,0.29643361670888846,tvm
64,32,4,1792,64,64,4,1,4,0,[64; 32; 4; 1792; 64; 64; 4; 1; 4; 0],0.3001870831940323,0.1862973341100944,tvm
32,32,2,2048,64,64,32,4,4,1,[32; 32; 2; 2048; 64; 64; 32; 4; 4; 1],0.21275713993236423,0.26285394394336975,tvm
64,64,2,896,128,16,16,8,1,1,[64; 64; 2; 896; 128; 16; 16; 8; 1; 1],0.1647891509346664,0.33936732494911287,tvm
64,32,2,112,112,16,8,4,1,1,[64; 32; 2; 112; 112; 16; 8; 4; 1; 1],0.17471263301558793,0.32009164058756856,tvm
16,16,2,14336,448,64,4,4,4,1,[16; 16; 2; 14336; 448; 64; 4; 4; 4; 1],0.16444908594712615,0.34006910413180463,tvm
32,32,2,2048,128,64,16,2,4,0,[32; 32; 2; 2048; 128; 64; 16; 2; 4; 0],0.14282223000191152,0.391564067670592,tvm
64,16,4,896,448,16,16,4,1,0,[64; 16; 4; 896; 448; 16; 16; 4; 1; 0],0.18742327694781125,0.29838371329355,tvm
64,32,8,7168,128,32,4,1,2,0,[64; 32; 8; 7168; 128; 32; 4; 1; 2; 0],0.2713985189329833,0.20605880073775465,tvm
64,64,16,14336,1792,16,8,8,1,0,[64; 64; 16; 14336; 1792; 16; 8; 8; 1; 0],0.19033641600981355,0.2938168875179931,tvm
64,32,4,896,64,32,16,1,2,1,[64; 32; 4; 896; 64; 32; 16; 1; 2; 1],0.18267770018428564,0.3061350853274211,tvm
32,16,8,3584,448,16,16,2,1,1,[32; 16; 8; 3584; 448; 16; 16; 2; 1; 1],0.16504388698376715,0.3388435303807025,tvm
64,32,8,128,32,32,128,8,2,1,[64; 32; 8; 128; 32; 32; 128; 8; 2; 1],0.16440584091469646,0.34015855532985634,tvm
16,16,4,7168,448,64,32,1,4,1,[16; 16; 4; 7168; 448; 64; 32; 1; 4; 1],0.16759845311753452,0.333678815604071,tvm
32,32,1,1024,256,64,4,1,4,0,[32; 32; 1; 1024; 256; 64; 4; 1; 4; 0],0.15867416607216,0.35244586259807936,tvm
64,32,16,3584,896,16,16,2,1,1,[64; 32; 16; 3584; 896; 16; 16; 2; 1; 1],0.1573529439046979,0.355405192591784,tvm
64,64,4,14336,224,32,128,8,2,1,[64; 64; 4; 14336; 224; 32; 128; 8; 2; 1],0.14706053584814072,0.38027913478489056,tvm
32,32,2,7168,3584,128,16,4,8,0,[32; 32; 2; 7168; 3584; 128; 16; 4; 8; 0],0.15015074401162565,0.37245272210574815,tvm
64,32,4,7168,224,16,32,4,1,0,[64; 32; 4; 7168; 224; 16; 32; 4; 1; 0],0.18453676300123334,0.30305101500539255,tvm
64,32,2,14336,896,32,32,2,2,1,[64; 32; 2; 14336; 896; 32; 32; 2; 2; 1],0.1744272371288389,0.32061537093559306,tvm
64,32,1,7168,224,32,8,4,2,1,[64; 32; 1; 7168; 224; 32; 8; 4; 2; 1],0.15876216301694512,0.3522505127834798,tvm
32,16,4,14336,2048,16,16,16,1,1,[32; 16; 4; 14336; 2048; 16; 16; 16; 1; 1],0.17286122404038906,0.32351994291251035,tvm
32,16,4,7168,512,64,8,4,4,1,[32; 16; 4; 7168; 512; 64; 8; 4; 4; 1],0.16634565289132297,0.33619185329639883,tvm
64,32,2,3584,896,112,64,1,7,0,[64; 32; 2; 3584; 896; 112; 64; 1; 7; 0],0.1634246299508959,0.3422008870397124,tvm
64,32,2,896,128,128,4,4,8,1,[64; 32; 2; 896; 128; 128; 4; 4; 8; 1],0.16943655093200505,0.3300589691286603,tvm
64,32,2,896,896,64,16,8,4,0,[64; 32; 2; 896; 896; 64; 16; 8; 4; 0],0.17442699801176786,0.32061581045819737,tvm
16,16,8,3584,3584,32,8,4,2,0,[16; 16; 8; 3584; 3584; 32; 8; 4; 2; 0],0.1534765751566738,0.36438168675737176,tvm
32,32,8,3584,128,32,16,2,2,0,[32; 32; 8; 3584; 128; 32; 16; 2; 2; 0],0.1713027050718665,0.32646334049349396,tvm
32,16,8,14336,1792,32,8,8,2,0,[32; 16; 8; 14336; 1792; 32; 8; 8; 2; 0],0.15995871205814183,0.3496155514993522,tvm
32,32,8,1792,896,32,64,2,2,0,[32; 32; 8; 1792; 896; 32; 64; 2; 2; 0],0.16062236204743385,0.34817103061165444,tvm
32,32,8,7168,224,32,64,8,2,0,[32; 32; 8; 7168; 224; 32; 64; 8; 2; 0],0.15822160616517067,0.35345396048472105,tvm
64,64,1,14336,896,224,4,1,14,0,[64; 64; 1; 14336; 896; 224; 4; 1; 14; 0],0.1341716810129583,0.4168096643876154,tvm
64,32,4,7168,128,32,64,16,2,1,[64; 32; 4; 7168; 128; 32; 64; 16; 2; 1],0.15306490706279874,0.3653616913665853,tvm
64,64,1,1792,448,112,4,1,7,1,[64; 64; 1; 1792; 448; 112; 4; 1; 7; 1],0.16694506793282926,0.3349847589138393,tvm
64,16,4,2048,2048,32,32,4,2,0,[64; 16; 4; 2048; 2048; 32; 32; 4; 2; 0],0.13932991586625576,0.40137864855251487,tvm
64,64,8,2048,256,16,16,1,1,1,[64; 64; 8; 2048; 256; 16; 16; 1; 1; 1],0.14115998102352023,0.39617498477854857,tvm
64,32,4,3584,128,64,8,4,4,1,[64; 32; 4; 3584; 128; 64; 8; 4; 4; 1],0.13691887515597045,0.40844663140584325,tvm
32,32,8,14336,2048,16,16,8,1,1,[32; 32; 8; 14336; 2048; 16; 16; 8; 1; 1],0.1213879429269582,0.4607051737171629,tvm
32,32,4,1792,128,64,64,64,4,1,[32; 32; 4; 1792; 128; 64; 64; 64; 4; 1],0.17681954894214869,0.3162775477480174,tvm
64,64,4,14336,1792,16,16,1,1,1,[64; 64; 4; 14336; 1792; 16; 16; 1; 1; 1],0.1397779039107263,0.40009223037892344,tvm
64,64,8,448,224,32,32,2,2,1,[64; 64; 8; 448; 224; 32; 32; 2; 2; 1],0.11431003198958933,0.4892313680607364,tvm
64,64,4,14336,2048,64,64,2,4,0,[64; 64; 4; 14336; 2048; 64; 64; 2; 4; 0],0.1094341289717704,0.5110293640456487,tvm
64,64,4,1792,448,64,32,1,4,0,[64; 64; 4; 1792; 448; 64; 32; 1; 4; 0],0.10280914604663849,0.5439599051621717,tvm
32,32,8,14336,1024,16,64,16,1,0,[32; 32; 8; 14336; 1024; 16; 64; 16; 1; 0],0.19104044698178768,0.29273410011789125,tvm
32,32,2,1792,32,32,32,4,2,0,[32; 32; 2; 1792; 32; 32; 32; 4; 2; 0],0.3002742750104517,0.18624323822407624,tvm
64,16,2,14336,3584,64,4,2,4,1,[64; 16; 2; 14336; 3584; 64; 4; 2; 4; 1],0.2381078728940338,0.2348685604285813,tvm
32,32,2,2048,64,64,128,32,4,1,[32; 32; 2; 2048; 64; 64; 128; 32; 4; 1],0.19036626280285418,0.29377082110000247,tvm
32,16,2,14336,256,32,16,1,2,1,[32; 16; 2; 14336; 256; 32; 16; 1; 2; 1],0.21120683709159493,0.2647833474684369,tvm
64,32,1,896,64,32,8,8,2,0,[64; 32; 1; 896; 64; 32; 8; 8; 2; 0],0.17936793505214155,0.31178400597117,tvm
64,64,2,7168,1792,128,2,1,8,1,[64; 64; 2; 7168; 1792; 128; 2; 1; 8; 1],0.2228753510862589,0.25092076382950573,tvm
16,16,1,7168,1024,16,4,4,1,0,[16; 16; 1; 7168; 1024; 16; 4; 4; 1; 0],0.18721070210449398,0.29872252336364097,tvm
64,64,1,512,512,64,16,4,4,1,[64; 64; 1; 512; 512; 64; 16; 4; 4; 1],0.22130221198312938,0.2527044480585518,tvm
32,32,1,896,112,112,64,2,7,0,[32; 32; 1; 896; 112; 112; 64; 2; 7; 0],0.25442364579066634,0.21980682322014322,tvm
64,16,2,7168,256,64,32,4,4,1,[64; 16; 2; 7168; 256; 64; 32; 4; 4; 1],0.2167365439236164,0.25802779873172854,tvm
16,16,1,7168,448,32,8,1,2,0,[16; 16; 1; 7168; 448; 32; 8; 1; 2; 0],0.21022524195723236,0.26601968827658845,tvm
32,16,2,448,448,32,16,2,2,1,[32; 16; 2; 448; 448; 32; 16; 2; 2; 1],0.2010146549437195,0.2782088368083962,tvm
64,16,1,7168,448,32,8,4,2,1,[64; 16; 1; 7168; 448; 32; 8; 4; 2; 1],0.19364177202805877,0.2888015986820753,tvm
64,64,2,14336,32,32,128,8,2,1,[64; 64; 2; 14336; 32; 32; 128; 8; 2; 1],0.18646563007496297,0.2999161470714508,tvm
64,32,16,2048,512,16,32,1,1,0,[64; 32; 16; 2048; 512; 16; 32; 1; 1; 0],0.18264246615581214,0.30619414263506806,tvm
32,32,2,128,128,64,128,2,4,1,[32; 32; 2; 128; 128; 64; 128; 2; 4; 1],0.18591047311201692,0.3008117423252284,tvm
32,32,16,7168,224,16,16,8,1,1,[32; 32; 16; 7168; 224; 16; 16; 8; 1; 1],0.16795989591628313,0.3329607524953919,tvm
64,16,8,3584,256,16,32,2,1,1,[64; 16; 8; 3584; 256; 16; 32; 2; 1; 1],0.21315190312452614,0.2623671312034299,tvm
64,16,8,448,448,16,8,8,1,0,[64; 16; 8; 448; 448; 16; 8; 8; 1; 0],0.1906736670061946,0.2932972036013577,tvm
32,16,2,7168,512,64,4,2,4,0,[32; 16; 2; 7168; 512; 64; 4; 2; 4; 0],0.17920029116794467,0.3120756834090291,tvm
64,32,1,128,64,64,8,4,4,1,[64; 32; 1; 128; 64; 64; 8; 4; 4; 1],0.1533784531056881,0.3646147956310258,tvm
32,32,4,512,32,32,16,1,2,1,[32; 32; 4; 512; 32; 32; 16; 1; 2; 1],0.20296280807815492,0.275538429246597,tvm
32,32,2,512,256,32,32,4,2,0,[32; 32; 2; 512; 256; 32; 32; 4; 2; 0],0.19419891899451613,0.2879730413685389,tvm
32,32,8,512,32,32,8,2,2,1,[32; 32; 8; 512; 32; 32; 8; 2; 2; 1],0.18668217188678682,0.29956825961532313,tvm
64,64,2,224,224,32,32,16,2,0,[64; 64; 2; 224; 224; 32; 32; 16; 2; 0],0.17323276796378195,0.322826068016332,tvm
32,32,16,1024,256,16,16,2,1,1,[32; 32; 16; 1024; 256; 16; 16; 2; 1; 1],0.1628709719516337,0.34336415300536544,tvm
32,32,4,3584,224,16,4,2,1,0,[32; 32; 4; 3584; 224; 16; 4; 2; 1; 0],0.1664880330208689,0.33590434290447396,tvm
64,16,4,256,256,64,8,8,4,1,[64; 16; 4; 256; 256; 64; 8; 8; 4; 1],0.1745597671251744,0.32037195199298685,tvm
64,64,1,14336,32,32,8,4,2,1,[64; 64; 1; 14336; 32; 32; 8; 4; 2; 1],0.14395456109195948,0.3884840668411232,tvm
64,32,2,2048,2048,32,16,16,2,1,[64; 32; 2; 2048; 2048; 32; 16; 16; 2; 1],0.16733300290070474,0.33420814999966636,tvm
64,64,8,224,112,16,32,4,1,0,[64; 64; 8; 224; 112; 16; 32; 4; 1; 0],0.14854098111391068,0.3764890531485531,tvm
64,32,8,128,32,32,64,8,2,0,[64; 32; 8; 128; 32; 32; 64; 8; 2; 0],0.16054008505307138,0.3483494687002685,tvm
32,32,2,1792,256,128,64,16,8,1,[32; 32; 2; 1792; 256; 128; 64; 16; 8; 1],0.1548919549677521,0.36105202071325465,tvm
64,64,2,7168,128,64,4,1,4,0,[64; 64; 2; 7168; 128; 64; 4; 1; 4; 0],0.15500606992281973,0.3607862154119443,tvm
64,64,2,1024,512,16,16,2,1,0,[64; 64; 2; 1024; 512; 16; 16; 2; 1; 0],0.16114629385992885,0.34703902890837496,tvm
32,32,2,448,448,112,16,2,7,0,[32; 32; 2; 448; 448; 112; 16; 2; 7; 0],0.17662306292913854,0.31662939372628907,tvm
64,64,4,1024,128,16,8,2,1,1,[64; 64; 4; 1024; 128; 16; 8; 2; 1; 1],0.12471073004417121,0.44843016566036964,tvm
64,64,1,1792,112,112,16,8,7,0,[64; 64; 1; 1792; 112; 112; 16; 8; 7; 0],0.11332064820453525,0.4935027659954312,tvm
64,32,2,14336,896,128,16,16,8,0,[64; 32; 2; 14336; 896; 128; 16; 16; 8; 0],0.17585909902118146,0.3180048893949896,tvm
64,32,8,14336,7168,32,16,8,2,1,[64; 32; 8; 14336; 7168; 32; 16; 8; 2; 1],0.13106492604129016,0.4266896951188547,tvm
64,32,2,1792,896,128,32,8,8,0,[64; 32; 2; 1792; 896; 128; 32; 8; 8; 0],0.14384682290256023,0.3887750330865179,tvm
64,32,2,14336,1024,64,32,1,4,1,[64; 32; 2; 14336; 1024; 64; 32; 1; 4; 1],0.14642817596904933,0.3819213956824406,tvm
64,32,2,14336,1792,128,16,16,8,1,[64; 32; 2; 14336; 1792; 128; 16; 16; 8; 1],0.16072076209820807,0.34795786557533287,tvm
64,32,4,14336,64,64,64,2,4,0,[64; 32; 4; 14336; 64; 64; 64; 2; 4; 0],0.15247115981765091,0.3667844686183023,tvm
64,32,2,7168,896,64,32,2,4,1,[64; 32; 2; 7168; 896; 64; 32; 2; 4; 1],0.1498398680705577,0.37322545763988124,tvm
16,16,4,7168,3584,32,32,4,2,0,[16; 16; 4; 7168; 3584; 32; 32; 4; 2; 0],0.14676020806655288,0.3810573320254007,tvm
64,64,1,1024,512,64,8,8,4,0,[64; 64; 1; 1024; 512; 64; 8; 8; 4; 0],0.13746766303665936,0.4068160620321284,tvm
64,32,2,3584,896,128,4,4,8,0,[64; 32; 2; 3584; 896; 128; 4; 4; 8; 0],0.14375709788873792,0.38901768437629597,tvm
64,64,4,256,32,32,32,16,2,1,[64; 64; 4; 256; 32; 32; 32; 16; 2; 1],0.1480339781846851,0.3777784939587537,tvm
64,64,8,14336,32,32,32,1,2,1,[64; 64; 8; 14336; 32; 32; 32; 1; 2; 1],0.1328708790242672,0.42089021871466287,tvm
64,64,8,224,32,32,64,16,2,1,[64; 64; 8; 224; 32; 32; 64; 16; 2; 1],0.11836831201799214,0.4724579778144746,tvm
64,64,2,1792,448,16,8,8,1,1,[64; 64; 2; 1792; 448; 16; 8; 8; 1; 1],0.1215885910205543,0.45994490818533695,tvm
32,32,8,3584,448,32,8,4,2,0,[32; 32; 8; 3584; 448; 32; 8; 4; 2; 0],0.15066154184751213,0.3711899708947311,tvm
64,64,2,14336,512,16,4,2,1,1,[64; 64; 2; 14336; 512; 16; 4; 2; 1; 1],0.12255368987098336,0.45632288503272794,tvm
32,32,4,1792,1792,32,4,1,2,1,[32; 32; 4; 1792; 1792; 32; 4; 1; 2; 1],0.16074260277673602,0.34791058728226043,tvm
32,32,4,3584,448,32,16,1,2,1,[32; 32; 4; 3584; 448; 32; 16; 1; 2; 1],0.1388851550873369,0.40266400896601157,tvm
64,64,8,7168,3584,16,16,2,1,1,[64; 64; 8; 7168; 3584; 16; 16; 2; 1; 1],0.11819365294650197,0.47315614619886787,tvm
32,32,4,7168,512,32,32,16,2,0,[32; 32; 4; 7168; 512; 32; 32; 16; 2; 0],0.12851419486105442,0.43515857056721785,tvm
64,64,4,7168,3584,64,64,1,4,1,[64; 64; 4; 7168; 3584; 64; 64; 1; 4; 1],0.16022658301517367,0.3490310551529221,tvm
64,64,4,7168,448,32,64,4,2,1,[64; 64; 4; 7168; 448; 32; 64; 4; 2; 1],0.12031000107526779,0.4648329551451536,tvm
64,64,4,3584,896,32,64,8,2,0,[64; 64; 4; 3584; 896; 32; 64; 8; 2; 0],0.12485459912568331,0.4479134427161797,tvm
64,64,4,7168,3584,64,32,16,4,0,[64; 64; 4; 7168; 3584; 64; 32; 16; 4; 0],0.10759457782842219,0.5197664646494894,tvm
64,64,4,2048,256,64,16,8,4,0,[64; 64; 4; 2048; 256; 64; 16; 8; 4; 0],0.11907404591329396,0.4696577906998768,tvm
64,16,1,1792,256,16,32,2,1,1,[64; 16; 1; 1792; 256; 16; 32; 2; 1; 1],0.3798466620501131,0.14722797096991544,tvm
32,32,8,224,16,16,32,1,1,0,[32; 32; 8; 224; 16; 16; 32; 1; 1; 0],0.20042184693738818,0.27903172327717357,tvm
64,64,1,3584,256,64,128,1,4,1,[64; 64; 1; 3584; 256; 64; 128; 1; 4; 1],0.24864691006951034,0.22491352624369843,tvm
64,32,1,512,128,64,128,64,4,1,[64; 32; 1; 512; 128; 64; 128; 64; 4; 1],0.26212272583507,0.21335064769821313,tvm
32,16,8,128,128,32,128,16,2,1,[32; 16; 8; 128; 128; 32; 128; 16; 2; 1],0.24074635095894337,0.23229450045899372,tvm
64,32,1,14336,1792,112,8,8,7,1,[64; 32; 1; 14336; 1792; 112; 8; 8; 7; 1],0.2684755849186331,0.20830219384858492,tvm
16,16,1,14336,1024,32,16,16,2,0,[16; 16; 1; 14336; 1024; 32; 16; 16; 2; 0],0.28279344108887017,0.19775583591331858,tvm
16,16,2,1792,256,64,64,64,4,1,[16; 16; 2; 1792; 256; 64; 64; 64; 4; 1],0.26768840895965695,0.20891473616910172,tvm
32,16,1,2048,1024,128,32,8,8,0,[32; 16; 1; 2048; 1024; 128; 32; 8; 8; 0],0.2781069688498974,0.20108828471507023,tvm
64,64,4,7168,16,16,16,8,1,0,[64; 64; 4; 7168; 16; 16; 16; 8; 1; 0],0.18470544088631868,0.302774260817542,tvm
64,16,2,1792,448,32,2,2,2,0,[64; 16; 2; 1792; 448; 32; 2; 2; 2; 0],0.24831093288958073,0.22521784555576424,tvm
64,16,2,14336,3584,112,4,4,7,0,[64; 16; 2; 14336; 3584; 112; 4; 4; 7; 0],0.23908424098044634,0.23390940826546205,tvm
32,16,1,3584,896,112,8,2,7,1,[32; 16; 1; 3584; 896; 112; 8; 2; 7; 1],0.18938415101729333,0.2952942631837588,tvm
32,16,4,1792,448,64,64,8,4,1,[32; 16; 4; 1792; 448; 64; 64; 8; 4; 1],0.19368822616524994,0.28873233257668607,tvm
64,32,16,448,224,16,64,8,1,0,[64; 32; 16; 448; 224; 16; 64; 8; 1; 0],0.26472020288929343,0.21125721695189578,tvm
64,64,8,448,32,16,128,4,1,0,[64; 64; 8; 448; 32; 16; 128; 4; 1; 0],0.2394475438632071,0.23355450814430542,tvm
64,16,2,896,448,112,64,64,7,1,[64; 16; 2; 896; 448; 112; 64; 64; 7; 1],0.2072728001512587,0.26980893437306963,tvm
64,64,1,448,224,112,64,32,7,1,[64; 64; 1; 448; 224; 112; 64; 32; 7; 1],0.21086568804457784,0.26521172719912006,tvm
64,64,4,448,32,16,32,8,1,0,[64; 64; 4; 448; 32; 16; 32; 8; 1; 0],0.19730805000290275,0.2834352340541128,tvm
32,16,16,1792,256,16,16,8,1,0,[32; 16; 16; 1792; 256; 16; 16; 8; 1; 0],0.19156152685172856,0.29193781367497335,tvm
64,32,4,7168,128,16,2,1,1,1,[64; 32; 4; 7168; 128; 16; 2; 1; 1; 1],0.18677889904938638,0.2994131222421779,tvm
64,64,16,1792,1792,16,64,32,1,0,[64; 64; 16; 1792; 1792; 16; 64; 32; 1; 0],0.21916562505066395,0.25516799598662204,tvm
32,16,2,512,512,128,32,16,8,0,[32; 16; 2; 512; 512; 128; 32; 16; 8; 0],0.18648719997145236,0.2998814575042911,tvm
64,64,8,1024,128,16,128,4,1,0,[64; 64; 8; 1024; 128; 16; 128; 4; 1; 0],0.2326536311302334,0.2403747281383651,tvm
64,16,1,1024,256,64,4,2,4,1,[64; 16; 1; 1024; 256; 64; 4; 2; 4; 1],0.20162278809584677,0.27736970538641864,tvm
64,32,4,14336,2048,64,128,1,4,1,[64; 32; 4; 14336; 2048; 64; 128; 1; 4; 1],0.19509574212133884,0.28664927653086164,tvm
32,32,2,1024,1024,32,64,16,2,1,[32; 32; 2; 1024; 1024; 32; 64; 16; 2; 1],0.21512442221865058,0.2599614342089557,tvm
64,16,1,448,448,16,8,2,1,1,[64; 16; 1; 448; 448; 16; 8; 2; 1; 1],0.19961112481541932,0.28016501277194034,tvm
64,64,2,2048,256,128,128,4,8,0,[64; 64; 2; 2048; 256; 128; 128; 4; 8; 0],0.24419085890986025,0.2290178001870944,tvm
64,64,4,224,112,16,128,32,1,1,[64; 64; 4; 224; 112; 16; 128; 32; 1; 1],0.18565932312048972,0.30121866434382927,tvm
32,32,4,64,32,32,8,1,2,1,[32; 32; 4; 64; 32; 32; 8; 1; 2; 1],0.1695302501320839,0.32987654586577886,tvm
64,16,4,1792,448,16,8,4,1,0,[64; 16; 4; 1792; 448; 16; 8; 4; 1; 0],0.17595284478738904,0.3178354598410082,tvm
32,32,8,2048,128,16,32,1,1,0,[32; 32; 8; 2048; 128; 16; 32; 1; 1; 0],0.18184534111060202,0.3075363547494967,tvm
64,64,2,448,32,32,16,1,2,0,[64; 64; 2; 448; 32; 32; 16; 1; 2; 0],0.1365321660414338,0.4096035019056381,tvm
32,32,16,2048,1024,16,8,1,1,0,[32; 32; 16; 2048; 1024; 16; 8; 1; 1; 0],0.19460544409230351,0.2873714740827494,tvm
64,64,2,2048,512,128,128,16,8,1,[64; 64; 2; 2048; 512; 128; 128; 16; 8; 1],0.16297183115966618,0.34315165348141435,tvm
64,64,2,896,896,112,128,64,7,1,[64; 64; 2; 896; 896; 112; 128; 64; 7; 1],0.17612747894600034,0.317520319191529,tvm
16,16,8,7168,3584,16,32,2,1,1,[16; 16; 8; 7168; 3584; 16; 32; 2; 1; 1],0.15713235479779541,0.3559041255717117,tvm
64,32,2,7168,224,16,16,4,1,1,[64; 32; 2; 7168; 224; 16; 16; 4; 1; 1],0.17737258598208427,0.31529141340354594,tvm
64,32,8,512,128,32,128,1,2,1,[64; 32; 8; 512; 128; 32; 128; 1; 2; 1],0.18487924500368536,0.3024896241447684,tvm
16,16,4,3584,3584,16,4,4,1,0,[16; 16; 4; 3584; 3584; 16; 4; 4; 1; 0],0.1945638998877257,0.2874328349997335,tvm
64,64,2,7168,3584,32,16,4,2,0,[64; 64; 2; 7168; 3584; 32; 16; 4; 2; 0],0.16304235020652413,0.34300323359234514,tvm
64,32,4,512,64,64,8,4,4,1,[64; 32; 4; 512; 64; 64; 8; 4; 4; 1],0.14409692492336035,0.3881002551794718,tvm
64,32,8,14336,14336,16,32,16,1,1,[64; 32; 8; 14336; 14336; 16; 32; 16; 1; 1],0.31447377894073725,0.17783375619330175,tvm
64,32,1,3584,896,224,4,2,14,1,[64; 32; 1; 3584; 896; 224; 4; 2; 14; 1],0.14713745401240885,0.38008033854260503,tvm
64,32,2,7168,3584,64,32,8,4,1,[64; 32; 2; 7168; 3584; 64; 32; 8; 4; 1],0.14026821916922927,0.3986936860292116,tvm
32,16,4,1792,1792,16,8,2,1,0,[32; 16; 4; 1792; 1792; 16; 8; 2; 1; 0],0.17946347501128912,0.3116180232764101,tvm
64,32,8,7168,256,16,32,32,1,1,[64; 32; 8; 7168; 256; 16; 32; 32; 1; 1],0.18638165015727282,0.3000512834076929,tvm
32,32,2,2048,512,64,16,8,4,1,[32; 32; 2; 2048; 512; 64; 16; 8; 4; 1],0.15387293603271246,0.36344307696477707,tvm
64,64,8,128,32,32,128,16,2,1,[64; 64; 8; 128; 32; 32; 128; 16; 2; 1],0.12726844218559563,0.43941807075613654,tvm
64,32,8,14336,448,32,64,16,2,1,[64; 32; 8; 14336; 448; 32; 64; 16; 2; 1],0.16284575080499053,0.34341733239513855,tvm
32,16,4,2048,2048,32,8,4,2,1,[32; 16; 4; 2048; 2048; 32; 8; 4; 2; 1],0.15785376401618123,0.3542776042236198,tvm
64,32,8,14336,224,32,64,4,2,0,[64; 32; 8; 14336; 224; 32; 64; 4; 2; 0],0.15859415591694415,0.3526236702102743,tvm
64,16,4,14336,1792,64,16,4,4,0,[64; 16; 4; 14336; 1792; 64; 16; 4; 4; 0],0.15449657989665866,0.3619759956546638,tvm
32,16,8,2048,1024,32,32,2,2,0,[32; 16; 8; 2048; 1024; 32; 32; 2; 2; 0],0.14433681010268629,0.3874552395438627,tvm
64,32,4,3584,512,16,8,1,1,0,[64; 32; 4; 3584; 512; 16; 8; 1; 1; 0],0.14129753201268613,0.3957893144822395,tvm
64,32,4,3584,1792,16,32,1,1,1,[64; 32; 4; 3584; 1792; 16; 32; 1; 1; 1],0.14999671699479222,0.3728351823545243,tvm
32,32,4,896,896,64,64,1,4,0,[32; 32; 4; 896; 896; 64; 64; 1; 4; 0],0.14161906205117702,0.39489071967673395,tvm
64,32,4,2048,1024,16,16,8,1,0,[64; 32; 4; 2048; 1024; 16; 16; 8; 1; 0],0.14348266902379692,0.3897617302063025,tvm
64,32,2,1792,256,128,4,4,8,1,[64; 32; 2; 1792; 256; 128; 4; 4; 8; 1],0.18247217196039855,0.30647990174343065,tvm
64,32,4,14336,1024,64,64,16,4,0,[64; 32; 4; 14336; 1024; 64; 64; 16; 4; 0],0.13668145216070116,0.40915612505771065,tvm
64,64,2,14336,896,64,4,4,4,1,[64; 64; 2; 14336; 896; 64; 4; 4; 4; 1],0.1219843989238143,0.45845250562132017,tvm
32,32,4,1792,1792,64,8,4,4,1,[32; 32; 4; 1792; 1792; 64; 8; 4; 4; 1],0.13198260706849396,0.4237229023996387,tvm
64,64,4,128,128,64,32,16,4,0,[64; 64; 4; 128; 128; 64; 32; 16; 4; 0],0.11614210996776819,0.4815140120052357,tvm
64,16,4,256,128,16,32,16,1,1,[64; 16; 4; 256; 128; 16; 32; 16; 1; 1],0.22343983897008002,0.25028684943163565,tvm
32,32,16,2048,1024,16,128,64,1,1,[32; 32; 16; 2048; 1024; 16; 128; 64; 1; 1],0.32543123001232743,0.17184599440937157,tvm
32,32,1,14336,1792,224,4,2,14,0,[32; 32; 1; 14336; 1792; 224; 4; 2; 14; 0],0.23727961792610586,0.23568839929078664,tvm
64,16,2,448,32,32,64,2,2,0,[64; 16; 2; 448; 32; 32; 64; 2; 2; 0],0.25975994602777064,0.21529128793149102,tvm
64,64,4,14336,64,64,512,8,4,1,[64; 64; 4; 14336; 64; 64; 512; 8; 4; 1],0.2511210320517421,0.22269760870451702,tvm
32,32,16,224,112,16,4,4,1,0,[32; 32; 16; 224; 112; 16; 4; 4; 1; 0],0.33626407687552273,0.16630992478579606,tvm
32,32,1,1792,448,224,2,1,14,0,[32; 32; 1; 1792; 448; 224; 2; 1; 14; 0],0.24179917410947382,0.2312830618189535,tvm
64,64,4,224,16,16,4,2,1,1,[64; 64; 4; 224; 16; 16; 4; 2; 1; 1],0.26364105800166726,0.21212194245169383,tvm
32,16,4,1792,224,32,64,64,2,1,[32; 16; 4; 1792; 224; 32; 64; 64; 2; 1],0.23978894692845643,0.2332219814536275,tvm
64,64,16,256,64,16,8,4,1,0,[64; 64; 16; 256; 64; 16; 8; 4; 1; 0],0.2276407170575112,0.24566805998596758,tvm
32,16,2,14336,2048,128,4,1,8,0,[32; 16; 2; 14336; 2048; 128; 4; 1; 8; 0],0.23527364083565772,0.2376979126718116,tvm
64,32,16,3584,512,16,2,1,1,1,[64; 32; 16; 3584; 512; 16; 2; 1; 1; 1],0.2715038259048015,0.20597887763446182,tvm
16,16,2,1792,896,64,2,1,4,0,[16; 16; 2; 1792; 896; 64; 2; 1; 4; 0],0.2510122701060027,0.22279410209595157,tvm
32,16,2,512,512,128,128,8,8,0,[32; 16; 2; 512; 512; 128; 128; 8; 8; 0],0.2937406450510025,0.1903858191760394,tvm
64,64,4,14336,224,32,2,2,2,0,[64; 64; 4; 14336; 224; 32; 2; 2; 2; 0],0.22974877408705652,0.24341393574593162,tvm
32,32,4,2048,128,64,2,2,4,0,[32; 32; 4; 2048; 128; 64; 2; 2; 4; 0],0.4586132001131773,0.12194165654092012,tvm
32,32,1,896,224,16,16,4,1,0,[32; 32; 1; 896; 224; 16; 16; 4; 1; 0],0.25230991607531905,0.22164825783794798,tvm
64,32,2,128,128,32,64,32,2,1,[64; 32; 2; 128; 128; 32; 64; 32; 2; 1],0.20078860293142498,0.2785220501406297,tvm
64,64,8,1792,128,16,1,1,1,0,[64; 64; 8; 1792; 128; 16; 1; 1; 1; 0],0.47579414304345846,0.11753833911365592,tvm
32,16,1,7168,1024,128,8,8,8,1,[32; 16; 1; 7168; 1024; 128; 8; 8; 8; 1],0.19055667100474238,0.2934772791656376,tvm
64,16,1,1792,256,16,4,2,1,0,[64; 16; 1; 1792; 256; 16; 4; 2; 1; 0],0.18783743493258953,0.29772581463009845,tvm
64,16,4,448,64,64,64,16,4,0,[64; 16; 4; 448; 64; 64; 64; 16; 4; 0],0.1752940360456705,0.3190299829639559,tvm
64,16,2,1792,1792,112,64,16,7,1,[64; 16; 2; 1792; 1792; 112; 64; 16; 7; 1],0.20269757299683988,0.2758989784954416,tvm
64,16,2,448,448,16,2,1,1,1,[64; 16; 2; 448; 448; 16; 2; 1; 1; 1],0.1879080138169229,0.29761398780905446,tvm
16,16,1,3584,512,128,4,2,8,1,[16; 16; 1; 3584; 512; 128; 4; 2; 8; 1],0.24186641001142561,0.23121876795827712,tvm
64,64,8,448,32,16,16,16,1,0,[64; 64; 8; 448; 32; 16; 16; 16; 1; 0],0.26980991405434906,0.20727204754258324,tvm
32,16,2,14336,448,112,16,2,7,0,[32; 16; 2; 14336; 448; 112; 16; 2; 7; 0],0.22630803589709103,0.2471147483192495,tvm
64,16,2,2048,2048,128,64,2,8,1,[64; 16; 2; 2048; 2048; 128; 64; 2; 8; 1],0.19982734881341457,0.27986185907691485,tvm
32,16,4,896,224,32,32,16,2,1,[32; 16; 4; 896; 224; 32; 32; 16; 2; 1],0.18754603900015354,0.2981884002001639,tvm
32,16,2,14336,512,32,32,1,2,1,[32; 16; 2; 14336; 512; 32; 32; 1; 2; 1],0.21081285900436342,0.2652781884248143,tvm
64,16,2,3584,512,64,16,2,4,0,[64; 16; 2; 3584; 512; 64; 16; 2; 4; 0],0.1999344660434872,0.2797119198106116,tvm
64,32,8,448,32,32,128,1,2,0,[64; 32; 8; 448; 32; 32; 128; 1; 2; 0],0.21519509120844305,0.2598760641764081,tvm
64,32,2,14336,7168,32,32,8,2,1,[64; 32; 2; 14336; 7168; 32; 32; 8; 2; 1],0.22607020498253405,0.24737471856432372,tvm
64,64,2,2048,128,128,128,2,8,0,[64; 64; 2; 2048; 128; 128; 128; 2; 8; 0],0.21602554200217128,0.2588770421081561,tvm
32,32,4,7168,32,32,128,1,2,0,[32; 32; 4; 7168; 32; 32; 128; 1; 2; 0],0.25156034296378493,0.22230870205716113,tvm
64,16,1,2048,1024,64,8,4,4,0,[64; 16; 1; 2048; 1024; 64; 8; 4; 4; 0],0.1770952499937266,0.3157851683504463,tvm
32,32,1,224,112,16,16,16,1,1,[32; 32; 1; 224; 112; 16; 16; 16; 1; 1],0.19879389996640384,0.28131674735887013,tvm
64,64,1,7168,224,32,16,1,2,0,[64; 64; 1; 7168; 224; 32; 16; 1; 2; 0],0.23234351794235408,0.24069556073093656,tvm
32,16,16,3584,1792,16,32,16,1,0,[32; 16; 16; 3584; 1792; 16; 32; 16; 1; 0],0.20704700495116413,0.27010317462222677,tvm
64,16,2,7168,256,32,8,8,2,1,[64; 16; 2; 7168; 256; 32; 8; 8; 2; 1],0.17224798607639968,0.3246717398978965,tvm
64,64,8,448,64,16,4,1,1,1,[64; 64; 8; 448; 64; 16; 4; 1; 1; 1],0.20324346888810396,0.27515793564870916,tvm
32,16,2,14336,896,112,4,4,7,1,[32; 16; 2; 14336; 896; 112; 4; 4; 7; 1],0.1744058330077678,0.32065471876071117,tvm
64,32,8,7168,7168,32,4,1,2,0,[64; 32; 8; 7168; 7168; 32; 4; 1; 2; 0],0.23228188301436603,0.24075942818956128,tvm
32,16,4,896,448,16,32,4,1,1,[32; 16; 4; 896; 448; 16; 32; 4; 1; 1],0.20369481504894793,0.2745482417895358,tvm
64,32,8,1024,32,32,16,4,2,0,[64; 32; 8; 1024; 32; 32; 16; 4; 2; 0],0.1980274028610438,0.2824056293490621,tvm
64,32,1,3584,128,32,4,1,2,0,[64; 32; 1; 3584; 128; 32; 4; 1; 2; 0],0.17416092683561146,0.32110562540884624,tvm
64,32,2,1792,128,32,8,1,2,0,[64; 32; 2; 1792; 128; 32; 8; 1; 2; 0],0.17663799901492894,0.3166026203037252,tvm
64,16,4,1024,256,32,4,4,2,1,[64; 16; 4; 1024; 256; 32; 4; 4; 2; 1],0.1433386669959873,0.39015329572514373,tvm
64,64,2,224,112,112,128,8,7,1,[64; 64; 2; 224; 112; 112; 128; 8; 7; 1],0.14730281312949955,0.37965366814935403,tvm
16,16,4,3584,896,16,8,4,1,1,[16; 16; 4; 3584; 896; 16; 8; 4; 1; 1],0.16399908787570894,0.3410022217667263,tvm
32,32,2,1024,128,64,8,1,4,1,[32; 32; 2; 1024; 128; 64; 8; 1; 4; 1],0.1789762689732015,0.31246630435517103,tvm
32,32,2,896,448,112,16,4,7,0,[32; 32; 2; 896; 448; 112; 16; 4; 7; 0],0.17668479587882757,0.3165187647028026,tvm
32,32,8,256,128,32,8,2,2,1,[32; 32; 8; 256; 128; 32; 8; 2; 2; 1],0.15392225608229637,0.36332662187223186,tvm
16,16,8,1024,1024,16,8,4,1,1,[16; 16; 8; 1024; 1024; 16; 8; 4; 1; 1],0.1639829110354185,0.34103586148226356,tvm
64,32,2,2048,256,128,64,4,8,1,[64; 32; 2; 2048; 256; 128; 64; 4; 8; 1],0.15090708411298692,0.370586004375129,tvm
64,64,2,3584,3584,128,32,16,8,1,[64; 64; 2; 3584; 3584; 128; 32; 16; 8; 1],0.12398484209552407,0.451055567665656,tvm
32,32,2,448,224,112,8,1,7,1,[32; 32; 2; 448; 224; 112; 8; 1; 7; 1],0.14077497809194028,0.3972584765512041,tvm
32,32,2,1792,896,112,16,8,7,1,[32; 32; 2; 1792; 896; 112; 16; 8; 7; 1],0.163455881876871,0.34213545998583356,tvm
64,32,4,2048,256,16,8,2,1,0,[64; 32; 4; 2048; 256; 16; 8; 2; 1; 0],0.15423375205136836,0.3625928345094499,tvm
16,16,4,1024,1024,32,32,2,2,0,[16; 16; 4; 1024; 1024; 32; 32; 2; 2; 0],0.1533063338138163,0.3647863199262895,tvm
32,16,8,3584,1792,32,32,1,2,0,[32; 16; 8; 3584; 1792; 32; 32; 1; 2; 0],0.1465798751451075,0.3815261356852094,tvm
32,32,2,1792,896,32,4,2,2,0,[32; 32; 2; 1792; 896; 32; 4; 2; 2; 0],0.13914934801869094,0.4018994995637454,tvm
64,64,4,1792,1792,64,4,4,4,1,[64; 64; 4; 1792; 1792; 64; 4; 4; 4; 1],0.1506127689499408,0.3713101732557671,tvm
64,64,4,896,448,32,32,1,2,1,[64; 64; 4; 896; 448; 32; 32; 1; 2; 1],0.11069482006132603,0.5052093070150062,tvm
64,16,1,14336,512,128,4,4,8,1,[64; 16; 1; 14336; 512; 128; 4; 4; 8; 1],0.23636278207413852,0.23660261925581821,tvm
64,64,16,256,256,16,64,32,1,1,[64; 64; 16; 256; 256; 16; 64; 32; 1; 1],0.21409761090762913,0.26120820823853735,tvm
64,64,1,2048,2048,32,4,1,2,0,[64; 64; 1; 2048; 2048; 32; 4; 1; 2; 0],0.18194915913045406,0.30736087817386865,tvm
32,16,2,1792,1792,128,8,8,8,0,[32; 16; 2; 1792; 1792; 128; 8; 8; 8; 0],0.22390755591914058,0.24976402919394605,tvm
64,16,1,512,256,16,4,1,1,0,[64; 16; 1; 512; 256; 16; 4; 1; 1; 0],0.2438022259157151,0.22938286606401553,tvm
64,32,2,896,128,32,32,1,2,0,[64; 32; 2; 896; 128; 32; 32; 1; 2; 0],0.20525013306178153,0.2724678054971095,tvm
64,32,4,3584,112,16,64,4,1,0,[64; 32; 4; 3584; 112; 16; 64; 4; 1; 0],0.202057340182364,0.27677318370547627,tvm
64,32,2,896,64,64,4,4,4,0,[64; 32; 2; 896; 64; 64; 4; 4; 4; 0],0.29030785500071943,0.1926370656873709,tvm
64,32,1,1792,128,64,16,2,4,1,[64; 32; 1; 1792; 128; 64; 16; 2; 4; 1],0.24937661015428603,0.2242554075088833,tvm
64,64,4,512,64,16,128,64,1,1,[64; 64; 4; 512; 64; 16; 128; 64; 1; 1],0.18174163391813636,0.3077118441585253,tvm
64,64,4,2048,64,16,64,16,1,0,[64; 64; 4; 2048; 64; 16; 64; 16; 1; 0],0.18029222590848804,0.31018560590471067,tvm
64,32,4,3584,256,64,128,64,4,1,[64; 32; 4; 3584; 256; 64; 128; 64; 4; 1],0.16522072907537222,0.3384808531369044,tvm
64,32,4,1792,256,32,128,2,2,1,[64; 32; 4; 1792; 256; 32; 128; 2; 2; 1],0.17426795000210404,0.32090842482888066,tvm
64,64,8,256,64,16,64,8,1,0,[64; 64; 8; 256; 64; 16; 64; 8; 1; 0],0.15916695282794535,0.35135467720981967,tvm
32,32,16,14336,3584,16,4,1,1,1,[32; 32; 16; 14336; 3584; 16; 4; 1; 1; 1],0.24434990086592734,0.22886873755687903,tvm
64,64,8,3584,896,32,128,1,2,1,[64; 64; 8; 3584; 896; 32; 128; 1; 2; 1],0.16671084403060377,0.33545540278751834,tvm
32,16,4,1792,256,16,8,2,1,1,[32; 16; 4; 1792; 256; 16; 8; 2; 1; 1],0.1553123858757317,0.36007465224363494,tvm
64,16,8,3584,3584,16,32,16,1,1,[64; 16; 8; 3584; 3584; 16; 32; 16; 1; 1],0.1894565389957279,0.2951814364907953,tvm
64,64,4,7168,1792,16,64,2,1,0,[64; 64; 4; 7168; 1792; 16; 64; 2; 1; 0],0.16577128297649324,0.3373567021331644,tvm
16,16,4,512,512,32,8,4,2,0,[16; 16; 4; 512; 512; 32; 8; 4; 2; 0],0.1798430159687996,0.3109603841554538,tvm
64,16,8,14336,1024,16,32,1,1,1,[64; 16; 8; 14336; 1024; 16; 32; 1; 1; 1],0.15049004484899342,0.3716129753928198,tvm
64,64,1,1792,128,16,8,1,1,0,[64; 64; 1; 1792; 128; 16; 8; 1; 1; 0],0.14691281295381486,0.3806615107894928,tvm
64,64,2,7168,3584,112,64,8,7,1,[64; 64; 2; 7168; 3584; 112; 64; 8; 7; 1],0.19841251312755048,0.2818574920089958,tvm
64,32,1,3584,448,16,8,1,1,0,[64; 32; 1; 3584; 448; 16; 8; 1; 1; 0],0.21456905314698815,0.2606342923787019,tvm
32,32,4,2048,128,64,4,4,4,0,[32; 32; 4; 2048; 128; 64; 4; 4; 4; 0],0.210620841011405,0.26552003621666803,tvm
64,64,2,7168,128,32,16,1,2,0,[64; 64; 2; 7168; 128; 32; 16; 1; 2; 0],0.18755550403147936,0.29817335205447787,tvm
64,32,2,1024,128,64,8,1,4,0,[64; 32; 2; 1024; 128; 64; 8; 1; 4; 0],0.18155120313167572,0.30803460604319244,tvm
64,32,8,64,64,32,32,16,2,1,[64; 32; 8; 64; 64; 32; 32; 16; 2; 1],0.15103341592475772,0.3702760279300956,tvm
64,64,8,14336,112,16,4,1,1,1,[64; 64; 8; 14336; 112; 16; 4; 1; 1; 1],0.15516254003159702,0.3604223888184936,tvm
32,32,2,224,224,112,32,32,7,0,[32; 32; 2; 224; 224; 112; 32; 32; 7; 0],0.17903047404251993,0.31237169891004873,tvm
64,32,2,14336,3584,112,32,32,7,0,[64; 32; 2; 14336; 3584; 112; 32; 32; 7; 0],0.16292614000849426,0.34324788723539207,tvm
64,32,1,14336,448,112,4,2,7,0,[64; 32; 1; 14336; 448; 112; 4; 2; 7; 0],0.19316346780396998,0.2895167185033523,tvm
64,32,1,3584,896,16,4,1,1,1,[64; 32; 1; 3584; 896; 16; 4; 1; 1; 1],0.19105166499502957,0.29271691159974067,tvm
64,32,2,3584,3584,64,16,4,4,0,[64; 32; 2; 3584; 3584; 64; 16; 4; 4; 0],0.15702206711284816,0.35615410216923205,tvm
64,16,8,3584,512,32,16,4,2,1,[64; 16; 8; 3584; 512; 32; 16; 4; 2; 1],0.13755709491670132,0.40655157312822393,tvm
64,32,4,2048,256,16,32,8,1,1,[64; 32; 4; 2048; 256; 16; 32; 8; 1; 1],0.169816360110417,0.3293207633055538,tvm
64,16,8,1792,1792,16,16,2,1,1,[64; 16; 8; 1792; 1792; 16; 16; 2; 1; 1],0.13818216207437217,0.4047125366531317,tvm
64,64,8,14336,224,16,8,2,1,0,[64; 64; 8; 14336; 224; 16; 8; 2; 1; 0],0.1854893669951707,0.3014946583692279,tvm
16,16,8,2048,2048,32,4,1,2,1,[16; 16; 8; 2048; 2048; 32; 4; 1; 2; 1],0.1731063430197537,0.32306183793017723,tvm
64,64,1,14336,448,16,4,2,1,0,[64; 64; 1; 14336; 448; 16; 4; 2; 1; 0],0.14643878606148064,0.3818937239062762,tvm
32,32,2,14336,1024,64,32,1,4,1,[32; 32; 2; 14336; 1024; 64; 32; 1; 4; 1],0.14219631790183485,0.39328763331228084,tvm
16,16,4,7168,3584,64,16,2,4,1,[16; 16; 4; 7168; 3584; 64; 16; 2; 4; 1],0.1399052708875388,0.39972799436761197,tvm
32,32,4,896,224,32,64,8,2,0,[32; 32; 4; 896; 224; 32; 64; 8; 2; 0],0.15337520884349942,0.36462250812904823,tvm
64,64,2,2048,128,64,16,1,4,0,[64; 64; 2; 2048; 128; 64; 16; 1; 4; 0],0.1660613021813333,0.33676752258793063,tvm
64,64,2,14336,128,128,4,2,8,0,[64; 64; 2; 14336; 128; 128; 4; 2; 8; 0],0.17300228914245963,0.323256146554699,tvm
64,64,4,3584,256,16,32,1,1,0,[64; 64; 4; 3584; 256; 16; 32; 1; 1; 0],0.15923128509894013,0.35121272367163464,tvm
64,64,4,7168,64,32,16,4,2,0,[64; 64; 4; 7168; 64; 32; 16; 4; 2; 0],0.16688170586712658,0.33511194676941286,tvm
64,64,1,7168,448,16,8,8,1,0,[64; 64; 1; 7168; 448; 16; 8; 8; 1; 0],0.15157580911181867,0.368951046087293,tvm
64,32,4,7168,896,32,64,32,2,0,[64; 32; 4; 7168; 896; 32; 64; 32; 2; 0],0.15194148709997535,0.3680630906062944,tvm
64,32,8,14336,896,16,4,2,1,0,[64; 32; 8; 14336; 896; 16; 4; 2; 1; 0],0.22121090884320438,0.25280874992007124,tvm
32,32,4,128,128,64,32,16,4,0,[32; 32; 4; 128; 128; 64; 32; 16; 4; 0],0.15157984802499413,0.36894121522085155,tvm
32,32,8,224,224,32,32,8,2,1,[32; 32; 8; 224; 224; 32; 32; 8; 2; 1],0.13770760409533978,0.4061072277070129,tvm
32,32,2,896,448,112,8,8,7,1,[32; 32; 2; 896; 448; 112; 8; 8; 7; 1],0.14503365010023117,0.3855936418526654,tvm
64,64,8,7168,896,16,32,16,1,1,[64; 64; 8; 7168; 896; 16; 32; 16; 1; 1],0.1116636039223522,0.5008261543503592,tvm
64,32,4,7168,256,32,16,8,2,0,[64; 32; 4; 7168; 256; 32; 16; 8; 2; 0],0.150611364049837,0.37131363683040663,tvm
32,32,4,896,896,64,64,32,4,1,[32; 32; 4; 896; 896; 64; 64; 32; 4; 1],0.14475290197879076,0.3863415003695563,tvm
64,32,4,7168,1024,16,8,4,1,0,[64; 32; 4; 7168; 1024; 16; 8; 4; 1; 0],0.1319088381715119,0.42395986583263795,tvm
32,32,8,3584,512,16,16,2,1,1,[32; 32; 8; 3584; 512; 16; 16; 2; 1; 1],0.12893698690459132,0.4337316597503174,tvm
64,32,4,14336,448,32,32,8,2,0,[64; 32; 4; 14336; 448; 32; 32; 8; 2; 0],0.1381996711716056,0.40466126192074076,tvm
64,32,8,1792,448,32,32,8,2,1,[64; 32; 8; 1792; 448; 32; 32; 8; 2; 1],0.12360650510527194,0.4524361665731468,tvm
64,64,2,3584,896,128,32,16,8,0,[64; 64; 2; 3584; 896; 128; 32; 16; 8; 0],0.12412796798162162,0.45053547756145856,tvm
64,64,8,7168,448,16,16,4,1,1,[64; 64; 8; 7168; 448; 16; 16; 4; 1; 1],0.12670942908152938,0.4413566830717057,tvm
64,64,4,2048,2048,64,16,8,4,0,[64; 64; 4; 2048; 2048; 64; 16; 8; 4; 0],0.10159237706102431,0.5504748973413722,tvm
64,64,4,1792,896,32,32,4,2,0,[64; 64; 4; 1792; 896; 32; 32; 4; 2; 0],0.10652607283554971,0.5249799588469429,tvm
64,64,4,448,64,32,256,16,2,1,[64; 64; 4; 448; 64; 32; 256; 16; 2; 1],0.24917461397126317,0.22443720265894723,tvm
32,32,2,32,32,32,16,16,2,0,[32; 32; 2; 32; 32; 32; 16; 16; 2; 0],0.17466563498601317,0.3201777690145609,tvm
64,64,16,2048,64,16,8,4,1,1,[64; 64; 16; 2048; 64; 16; 8; 4; 1; 1],0.18382295104674995,0.30422780732701166,tvm
64,64,2,224,224,16,128,8,1,1,[64; 64; 2; 224; 224; 16; 128; 8; 1; 1],0.29037850303575397,0.19259019778901287,tvm
64,16,4,64,32,32,64,4,2,1,[64; 16; 4; 64; 32; 32; 64; 4; 2; 1],0.19775310112163424,0.28279735193095906,tvm
64,64,1,256,256,128,128,64,8,1,[64; 64; 1; 256; 256; 128; 128; 64; 8; 1],0.2278565049637109,0.24543540392774815,tvm
64,16,2,14336,2048,32,8,1,2,1,[64; 16; 2; 14336; 2048; 32; 8; 1; 2; 1],0.21238537481985986,0.2633140506062,tvm
32,16,1,896,896,112,4,2,7,1,[32; 16; 1; 896; 896; 112; 4; 2; 7; 1],0.18017967697232962,0.31037936282859274,tvm
32,32,8,7168,64,16,4,2,1,1,[32; 32; 8; 7168; 64; 16; 4; 2; 1; 1],0.24081146088428795,0.23223169332544907,tvm
64,16,2,14336,448,112,32,4,7,0,[64; 16; 2; 14336; 448; 112; 32; 4; 7; 0],0.2062164458911866,0.27119104439828506,tvm
32,32,8,512,256,16,64,4,1,0,[32; 32; 8; 512; 256; 16; 64; 4; 1; 0],0.2010260981041938,0.27819300011656867,tvm
32,32,8,896,896,16,2,1,1,1,[32; 32; 8; 896; 896; 16; 2; 1; 1; 1],0.22625962900929153,0.2471676170344855,tvm
32,32,2,512,64,32,16,8,2,1,[32; 32; 2; 512; 64; 32; 16; 8; 2; 1],0.2707133668009192,0.20658031775157787,tvm
64,16,1,2048,512,16,8,1,1,0,[64; 16; 1; 2048; 512; 16; 8; 1; 1; 0],0.23745855898596346,0.23551079216579887,tvm
32,32,1,3584,128,16,16,16,1,0,[32; 32; 1; 3584; 128; 16; 16; 16; 1; 0],0.2093681578990072,0.2671086849811679,tvm
64,64,16,896,112,16,32,16,1,0,[64; 64; 16; 896; 112; 16; 32; 16; 1; 0],0.1944982900749892,0.2875297942813364,tvm
64,32,8,2048,128,16,64,2,1,1,[64; 32; 8; 2048; 128; 16; 64; 2; 1; 1],0.20920022996142507,0.2673230968419361,tvm
32,16,16,14336,2048,16,32,8,1,1,[32; 16; 16; 14336; 2048; 16; 32; 8; 1; 1],0.1753299841657281,0.3189645718582393,tvm
32,16,4,1024,256,16,4,2,1,0,[32; 16; 4; 1024; 256; 16; 4; 2; 1; 0],0.197169226128608,0.2836347965217231,tvm
16,16,8,14336,7168,16,4,2,1,1,[16; 16; 8; 14336; 7168; 16; 4; 2; 1; 1],0.17433063709177077,0.32079303022275946,tvm
64,16,8,7168,7168,32,8,1,2,0,[64; 16; 8; 7168; 7168; 32; 8; 1; 2; 0],0.15617072116583586,0.3580956335211402,tvm
16,16,4,448,448,16,32,8,1,0,[16; 16; 4; 448; 448; 16; 32; 8; 1; 0],0.21775389392860234,0.25682228833836535,tvm
64,64,4,512,64,16,16,2,1,0,[64; 64; 4; 512; 64; 16; 16; 2; 1; 0],0.20215434883721173,0.2766403673975233,tvm
32,32,2,448,112,112,128,16,7,1,[32; 32; 2; 448; 112; 112; 128; 16; 7; 1],0.1816638489253819,0.3078436004970039,tvm
64,32,8,896,112,16,32,8,1,0,[64; 32; 8; 896; 112; 16; 32; 8; 1; 0],0.17373016895726323,0.32190179557754517,tvm
64,32,1,7168,112,16,8,2,1,0,[64; 32; 1; 7168; 112; 16; 8; 2; 1; 0],0.191404476063326,0.2921773538609981,tvm
64,16,4,7168,448,16,8,4,1,0,[64; 16; 4; 7168; 448; 16; 8; 4; 1; 0],0.18378706905059516,0.30428720378547347,tvm
16,16,4,1024,256,64,16,2,4,0,[16; 16; 4; 1024; 256; 64; 16; 2; 4; 0],0.2006817450746894,0.2786703559535005,tvm
32,32,8,256,32,32,16,16,2,0,[32; 32; 8; 256; 32; 32; 16; 16; 2; 0],0.17217033612541854,0.324818168982345,tvm
64,64,2,512,512,16,32,2,1,0,[64; 64; 2; 512; 512; 16; 32; 2; 1; 0],0.2213470060378313,0.2526533081896537,tvm
32,32,1,1792,128,128,4,2,8,0,[32; 32; 1; 1792; 128; 128; 4; 2; 8; 0],0.17848195298574865,0.31333169767477126,tvm
32,16,4,448,448,64,32,1,4,0,[32; 16; 4; 448; 448; 64; 32; 1; 4; 0],0.16636454383842647,0.33615367819988656,tvm
64,32,16,512,256,16,16,16,1,0,[64; 32; 16; 512; 256; 16; 16; 16; 1; 0],0.15957900718785822,0.3504474323962857,tvm
32,32,2,512,128,16,8,4,1,1,[32; 32; 2; 512; 128; 16; 8; 4; 1; 1],0.17835070006549358,0.31356228662291213,tvm
64,32,8,2048,128,16,8,4,1,1,[64; 32; 8; 2048; 128; 16; 8; 4; 1; 1],0.17232594592496753,0.3245248591740401,tvm
64,16,4,512,256,64,16,16,4,1,[64; 16; 4; 512; 256; 64; 16; 16; 4; 1],0.17481730389408767,0.319899987516194,tvm
64,32,4,14336,64,32,32,1,2,0,[64; 32; 4; 14336; 64; 32; 32; 1; 2; 0],0.19248375110328197,0.2905390871322218,tvm
32,16,4,1792,448,64,16,4,4,1,[32; 16; 4; 1792; 448; 64; 16; 4; 4; 1],0.16375701408833265,0.34150630826211315,tvm
32,32,1,2048,1024,32,8,1,2,0,[32; 32; 1; 2048; 1024; 32; 8; 1; 2; 0],0.15155962784774601,0.3689904371467156,tvm
64,32,2,3584,256,64,64,16,4,0,[64; 32; 2; 3584; 256; 64; 64; 16; 4; 0],0.17130783409811556,0.3264535660482588,tvm
64,16,4,3584,1792,16,32,1,1,1,[64; 16; 4; 3584; 1792; 16; 32; 1; 1; 1],0.17911642999388278,0.312221795260453,tvm
64,32,2,256,128,128,64,32,8,0,[64; 32; 2; 256; 128; 128; 64; 32; 8; 0],0.16239787405356765,0.34436444232568303,tvm
64,32,4,64,64,32,64,32,2,0,[64; 32; 4; 64; 64; 32; 64; 32; 2; 0],0.15210930607281625,0.3676570144009593,tvm
32,32,8,128,128,32,64,64,2,1,[32; 32; 8; 128; 128; 32; 64; 64; 2; 1],0.18923505092971027,0.2955269283284408,tvm
64,32,4,14336,7168,32,8,8,2,0,[64; 32; 4; 14336; 7168; 32; 8; 8; 2; 0],0.16175081417895854,0.3457420206334161,tvm
64,32,2,7168,3584,128,8,8,8,1,[64; 32; 2; 7168; 3584; 128; 8; 8; 8; 1],0.1661556209437549,0.336576355441289,tvm
64,64,8,14336,32,32,128,4,2,1,[64; 64; 8; 14336; 32; 32; 128; 4; 2; 1],0.1295298810582608,0.4317463497722155,tvm
32,32,4,128,128,32,32,32,2,0,[32; 32; 4; 128; 128; 32; 32; 32; 2; 0],0.18815382895991206,0.2972251675263461,tvm
32,32,8,1792,128,32,64,4,2,0,[32; 32; 8; 1792; 128; 32; 64; 4; 2; 0],0.1589011570904404,0.3519423920966386,tvm
32,32,4,3584,3584,64,4,2,4,0,[32; 32; 4; 3584; 3584; 64; 4; 2; 4; 0],0.16580765997059643,0.33728268852748206,tvm
64,64,2,896,896,32,16,16,2,1,[64; 64; 2; 896; 896; 32; 16; 16; 2; 1],0.14180248300544918,0.394379930083342,tvm
32,32,4,7168,448,32,64,4,2,0,[32; 32; 4; 7168; 448; 32; 64; 4; 2; 0],0.15482091205194592,0.36121769722277275,tvm
64,32,8,896,896,16,32,8,1,1,[64; 32; 8; 896; 896; 16; 32; 8; 1; 1],0.13116648700088263,0.4263593133584268,tvm
64,64,1,1024,1024,16,8,2,1,1,[64; 64; 1; 1024; 1024; 16; 8; 2; 1; 1],0.14979423419572413,0.3733391584369119,tvm
64,64,4,3584,896,64,4,4,4,0,[64; 64; 4; 3584; 896; 64; 4; 4; 4; 0],0.1376526749227196,0.40626928147041086,tvm
32,32,2,3584,896,128,8,8,8,0,[32; 32; 2; 3584; 896; 128; 8; 8; 8; 0],0.18083968199789524,0.30924658081396217,tvm
32,32,4,896,896,16,16,4,1,0,[32; 32; 4; 896; 896; 16; 16; 4; 1; 0],0.14871263992972672,0.37605447230147965,tvm
64,64,8,7168,7168,32,8,8,2,1,[64; 64; 8; 7168; 7168; 32; 8; 8; 2; 1],0.16521122097037733,0.3385003331181762,tvm
64,32,2,7168,896,16,8,1,1,1,[64; 32; 2; 7168; 896; 16; 8; 1; 1; 1],0.13913313299417496,0.401946338228973,tvm
64,64,2,1024,512,64,32,4,4,1,[64; 64; 2; 1024; 512; 64; 32; 4; 4; 1],0.12912760605104268,0.43309138180124856,tvm
64,64,8,128,128,32,32,2,2,0,[64; 64; 8; 128; 128; 32; 32; 2; 2; 0],0.12096009589731693,0.4623347304619143,tvm
64,64,2,7168,896,16,8,4,1,1,[64; 64; 2; 7168; 896; 16; 8; 4; 1; 1],0.12158512696623802,0.4599580123715496,tvm
64,32,4,7168,896,32,32,16,2,0,[64; 32; 4; 7168; 896; 32; 32; 16; 2; 0],0.12621996900998056,0.4430681909683504,tvm
64,64,4,128,128,64,64,64,4,1,[64; 64; 4; 128; 128; 64; 64; 64; 4; 1],0.14873468899168074,0.3759987243894487,tvm
64,32,2,7168,16,16,8,4,1,1,[64; 32; 2; 7168; 16; 16; 8; 4; 1; 1],0.2758803379256278,0.2027112687835311,tvm
16,16,4,512,64,64,8,2,4,1,[16; 16; 4; 512; 64; 64; 8; 2; 4; 1],0.22027934505604208,0.2538778809202719,tvm
64,16,8,256,256,16,64,64,1,0,[64; 16; 8; 256; 256; 16; 64; 64; 1; 0],0.27869755891151726,0.20066215704131254,tvm
64,64,2,256,256,32,2,2,2,0,[64; 64; 2; 256; 256; 32; 2; 2; 2; 0],0.22599981492385268,0.24745176606527808,tvm
16,16,4,512,512,16,64,32,1,1,[16; 16; 4; 512; 512; 16; 64; 32; 1; 1],0.2863190930802375,0.1953207267168218,tvm
64,32,16,3584,3584,16,64,4,1,1,[64; 32; 16; 3584; 3584; 16; 64; 4; 1; 1],0.33253167080692947,0.16817662268868003,tvm
32,32,2,7168,7168,32,64,8,2,0,[32; 32; 2; 7168; 7168; 32; 64; 8; 2; 0],0.4380099908448756,0.12767757471801425,tvm
32,32,4,7168,3584,64,2,1,4,1,[32; 32; 4; 7168; 3584; 64; 2; 1; 4; 1],0.24634229415096343,0.22701766875265833,tvm
64,32,16,256,64,16,64,8,1,1,[64; 32; 16; 256; 64; 16; 64; 8; 1; 1],0.26917951204814017,0.20775746604121884,tvm
16,16,4,128,64,64,128,32,4,0,[16; 16; 4; 128; 64; 64; 128; 32; 4; 0],0.2827354231849313,0.19779641582708435,tvm
64,64,1,14336,7168,128,16,16,8,0,[64; 64; 1; 14336; 7168; 128; 16; 16; 8; 0],0.2309891099575907,0.24210688263009852,tvm
64,32,16,1792,256,16,64,1,1,0,[64; 32; 16; 1792; 256; 16; 64; 1; 1; 0],0.26160114887170494,0.21377602344078292,tvm
16,16,4,128,32,32,64,8,2,1,[16; 16; 4; 128; 32; 32; 64; 8; 2; 1],0.2129628590773791,0.2626000307077657,tvm
32,32,8,896,128,16,128,2,1,1,[32; 32; 8; 896; 128; 16; 128; 2; 1; 1],0.23866661498323083,0.23431870995975984,tvm
32,32,4,3584,896,32,128,32,2,0,[32; 32; 4; 3584; 896; 32; 128; 32; 2; 0],0.23717928817495704,0.2357880983776313,tvm
32,32,8,448,448,16,64,32,1,1,[32; 32; 8; 448; 448; 16; 64; 32; 1; 1],0.214093147078529,0.2612136544137982,tvm
32,32,1,64,64,16,2,1,1,1,[32; 32; 1; 64; 64; 16; 2; 1; 1; 1],0.1969048590399325,0.28401560838065393,tvm
64,32,2,7168,1024,128,128,64,8,1,[64; 32; 2; 7168; 1024; 128; 128; 64; 8; 1],0.2022533288691193,0.27650498335937157,tvm
32,32,4,14336,64,32,4,4,2,0,[32; 32; 4; 14336; 64; 32; 4; 4; 2; 0],0.2848065800499171,0.19635801013983495,tvm
32,16,4,512,256,64,128,1,4,1,[32; 16; 4; 512; 256; 64; 128; 1; 4; 1],0.21746084606274962,0.2571683792547929,tvm
16,16,4,14336,2048,64,2,1,4,1,[16; 16; 4; 14336; 2048; 64; 2; 1; 4; 1],0.2666906579397619,0.20969633419242248,tvm
64,64,1,7168,1792,224,16,8,14,0,[64; 64; 1; 7168; 1792; 224; 16; 8; 14; 0],0.2096866169013083,0.2667030169104913,tvm
64,64,1,7168,3584,64,8,2,4,1,[64; 64; 1; 7168; 3584; 64; 8; 2; 4; 1],0.24231559899635613,0.23079014956100413,tvm
32,32,1,14336,128,16,16,16,1,1,[32; 32; 1; 14336; 128; 16; 16; 16; 1; 1],0.20443795202299953,0.273550252191148,tvm
16,16,1,896,896,16,4,2,1,1,[16; 16; 1; 896; 896; 16; 4; 2; 1; 1],0.19204676384106278,0.2912001859068861,tvm
64,64,1,14336,1792,112,4,2,7,1,[64; 64; 1; 14336; 1792; 112; 4; 2; 7; 1],0.1889455069322139,0.29597979989752626,tvm
32,16,2,1792,448,64,32,2,4,1,[32; 16; 2; 1792; 448; 64; 32; 2; 4; 1],0.19639367912895977,0.284754853523628,tvm
64,16,16,14336,1024,16,32,2,1,0,[64; 16; 16; 14336; 1024; 16; 32; 2; 1; 0],0.1850729298312217,0.30217305893592106,tvm
64,64,1,2048,256,16,16,4,1,0,[64; 64; 1; 2048; 256; 16; 16; 4; 1; 0],0.2203788128681481,0.25376329332889414,tvm
64,32,2,14336,14336,32,16,1,2,0,[64; 32; 2; 14336; 14336; 32; 16; 1; 2; 0],0.20784264896064997,0.2690691906256507,tvm
64,32,2,3584,256,128,128,4,8,1,[64; 32; 2; 3584; 256; 128; 128; 4; 8; 1],0.18285098997876048,0.3058449579071425,tvm
64,32,2,7168,64,32,8,1,2,1,[64; 32; 2; 7168; 64; 32; 8; 1; 2; 1],0.1612064850050956,0.34690945176036575,tvm
32,32,4,14336,112,16,32,2,1,1,[32; 32; 4; 14336; 112; 16; 32; 2; 1; 1],0.18921087007038295,0.2955646962171392,tvm
16,16,16,7168,256,16,16,2,1,1,[16; 16; 16; 7168; 256; 16; 16; 2; 1; 1],0.18523973505944014,0.3019009572400236,tvm
32,16,16,2048,1024,16,4,2,1,1,[32; 16; 16; 2048; 1024; 16; 4; 2; 1; 1],0.2624590420164168,0.21307725923131005,tvm
32,16,2,3584,256,32,4,2,2,1,[32; 16; 2; 3584; 256; 32; 4; 2; 2; 1],0.16775023099035025,0.33337690805653997,tvm
64,32,1,224,224,16,4,4,1,0,[64; 32; 1; 224; 224; 16; 4; 4; 1; 0],0.162839163094759,0.3434312254527502,tvm
64,64,4,3584,3584,32,128,16,2,1,[64; 64; 4; 3584; 3584; 32; 128; 16; 2; 1],0.2197767870966345,0.25445841697896815,tvm
16,16,16,1792,896,16,8,4,1,1,[16; 16; 16; 1792; 896; 16; 8; 4; 1; 1],0.186727314023301,0.2994958376917197,tvm
64,32,8,7168,112,16,16,8,1,1,[64; 32; 8; 7168; 112; 16; 16; 8; 1; 1],0.16905279806815088,0.3308082088696838,tvm
64,32,2,14336,128,128,128,32,8,1,[64; 32; 2; 14336; 128; 128; 128; 32; 8; 1],0.17815048806369305,0.3139146793318868,tvm
64,32,8,1024,32,32,16,8,2,0,[64; 32; 8; 1024; 32; 32; 16; 8; 2; 0],0.19698193506337702,0.28390447740977015,tvm
64,64,8,14336,128,32,128,8,2,0,[64; 64; 8; 14336; 128; 32; 128; 8; 2; 0],0.18362149596214294,0.30456158218459967,tvm
64,64,8,1792,224,32,128,1,2,0,[64; 64; 8; 1792; 224; 32; 128; 1; 2; 0],0.18834660202264786,0.29692095706939653,tvm
32,32,2,512,512,32,32,32,2,1,[32; 32; 2; 512; 512; 32; 32; 32; 2; 1],0.18853574711829424,0.2966230764622294,tvm
64,64,8,7168,224,16,4,4,1,0,[64; 64; 8; 7168; 224; 16; 4; 4; 1; 0],0.22584825404919684,0.24761782449357045,tvm
32,32,1,1792,256,128,4,4,8,0,[32; 32; 1; 1792; 256; 128; 4; 4; 8; 0],0.1686306439805776,0.33163636224845655,tvm
16,16,4,1792,256,64,8,1,4,1,[16; 16; 4; 1792; 256; 64; 8; 1; 4; 1],0.18341990397311747,0.3048963178038176,tvm
64,32,2,14336,896,64,64,8,4,0,[64; 32; 2; 14336; 896; 64; 64; 8; 4; 0],0.17869874113239348,0.31295157973105464,tvm
32,32,1,3584,896,32,4,1,2,0,[32; 32; 1; 3584; 896; 32; 4; 1; 2; 0],0.14611095190048218,0.3827505919708458,tvm
64,16,4,3584,512,32,32,2,2,0,[64; 16; 4; 3584; 512; 32; 32; 2; 2; 0],0.16222793399356306,0.34472517745034165,tvm
64,16,4,3584,1792,16,16,4,1,0,[64; 16; 4; 3584; 1792; 16; 16; 4; 1; 0],0.1666209138929844,0.33563645779335766,tvm
64,32,4,2048,32,32,64,8,2,0,[64; 32; 4; 2048; 32; 32; 64; 8; 2; 0],0.15997017291374505,0.34959050374651557,tvm
32,16,4,1024,1024,32,4,1,2,1,[32; 16; 4; 1024; 1024; 32; 4; 1; 2; 1],0.16109044011682272,0.3471593552837601,tvm
64,32,2,448,224,112,4,1,7,1,[64; 32; 2; 448; 224; 112; 4; 1; 7; 1],0.161183973075822,0.34695790323412795,tvm
64,64,2,512,256,32,16,16,2,0,[64; 64; 2; 512; 256; 32; 16; 16; 2; 0],0.16658549197018147,0.33570782588524367,tvm
32,32,2,14336,224,32,4,4,2,1,[32; 32; 2; 14336; 224; 32; 4; 4; 2; 1],0.1580936808604747,0.35373996625892346,tvm
64,64,1,14336,448,16,4,4,1,1,[64; 64; 1; 14336; 448; 16; 4; 4; 1; 1],0.15026149293407798,0.37217820907628063,tvm
64,32,4,7168,512,64,64,8,4,1,[64; 32; 4; 7168; 512; 64; 64; 8; 4; 1],0.13857023511081934,0.4035791184781419,tvm
64,32,4,14336,448,64,8,1,4,0,[64; 32; 4; 14336; 448; 64; 8; 1; 4; 0],0.1670044418424368,0.334865664148597,tvm
64,64,4,7168,448,16,8,2,1,1,[64; 64; 4; 7168; 448; 16; 8; 2; 1; 1],0.11656197207048535,0.47977957424670115,tvm
64,64,4,14336,128,64,64,64,4,1,[64; 64; 4; 14336; 128; 64; 64; 64; 4; 1],0.15977956308051944,0.35000754949586965,tvm
32,32,4,3584,1792,32,16,16,2,0,[32; 32; 4; 3584; 1792; 32; 16; 16; 2; 0],0.13324436615221202,0.41971045341945906,tvm
64,32,8,7168,1792,32,16,2,2,0,[64; 32; 8; 7168; 1792; 32; 16; 2; 2; 0],0.11139791016466916,0.5020206685266,tvm
64,64,4,14336,512,16,128,32,1,0,[64; 64; 4; 14336; 512; 16; 128; 32; 1; 0],0.23325197910889983,0.23975810857846447,tvm
16,16,4,7168,512,16,2,1,1,1,[16; 16; 4; 7168; 512; 16; 2; 1; 1; 1],0.1910790849942714,0.2926749064923037,tvm
32,32,4,7168,896,64,128,16,4,0,[32; 32; 4; 7168; 896; 64; 128; 16; 4; 0],0.20661111315712333,0.27067301694853313,tvm
64,64,1,7168,3584,224,8,2,14,1,[64; 64; 1; 7168; 3584; 224; 8; 2; 14; 1],0.24389517703093588,0.22929544574897387,tvm
64,64,1,3584,256,128,32,2,8,1,[64; 64; 1; 3584; 256; 128; 32; 2; 8; 1],0.21315948199480772,0.2623578027586667,tvm
32,16,8,1792,224,32,8,1,2,1,[32; 16; 8; 1792; 224; 32; 8; 1; 2; 1],0.18499121605418622,0.30230653393268403,tvm
32,32,4,14336,3584,16,64,32,1,0,[32; 32; 4; 14336; 3584; 16; 64; 32; 1; 0],0.2812491599470377,0.19884167242975748,tvm
64,64,1,1024,512,128,128,2,8,1,[64; 64; 1; 1024; 512; 128; 128; 2; 8; 1],0.2495919819921255,0.22406189849118513,tvm
64,32,4,64,64,16,64,64,1,1,[64; 32; 4; 64; 64; 16; 64; 64; 1; 1],0.2766158489976078,0.20217226719289308,tvm
64,32,8,896,128,32,2,2,2,1,[64; 32; 8; 896; 128; 32; 2; 2; 2; 1],0.19478976097889245,0.28709955314023566,tvm
32,16,2,512,256,64,32,32,4,1,[32; 16; 2; 512; 256; 64; 32; 32; 4; 1],0.22175372787751257,0.2521899129660784,tvm
32,32,1,1792,112,112,64,4,7,1,[32; 32; 1; 1792; 112; 112; 64; 4; 7; 1],0.2378802220337093,0.2350933291352339,tvm
32,16,2,14336,3584,128,32,1,8,1,[32; 16; 2; 14336; 3584; 128; 32; 1; 8; 1],0.17106365598738194,0.3269195493954509,tvm
32,32,1,1792,32,32,16,2,2,0,[32; 32; 1; 1792; 32; 32; 16; 2; 2; 0],0.18775126500986516,0.297862458239069,tvm
64,32,1,1792,128,128,64,8,8,1,[64; 32; 1; 1792; 128; 128; 64; 8; 8; 1],0.23074729414656758,0.24236060292785547,tvm
64,16,16,14336,1792,16,4,1,1,0,[64; 16; 16; 14336; 1792; 16; 4; 1; 1; 0],0.25857615377753973,0.2162769169404784,tvm
16,16,2,3584,448,64,32,2,4,1,[16; 16; 2; 3584; 448; 64; 32; 2; 4; 1],0.20495117106474936,0.2728652539178002,tvm
64,16,1,896,448,32,8,4,2,0,[64; 16; 1; 896; 448; 32; 8; 4; 2; 0],0.1948491269722581,0.2870120805893865,tvm
64,64,8,128,16,16,32,16,1,1,[64; 64; 8; 128; 16; 16; 32; 16; 1; 1],0.15625598304904997,0.35790023679143435,tvm
32,16,8,7168,448,16,32,1,1,0,[32; 16; 8; 7168; 448; 16; 32; 1; 1; 0],0.21885798312723637,0.2555266777763416,tvm
32,16,2,7168,896,112,4,1,7,0,[32; 16; 2; 7168; 896; 112; 4; 1; 7; 0],0.1800254969857633,0.31064518231967936,tvm
64,16,2,2048,1024,16,8,1,1,0,[64; 16; 2; 2048; 1024; 16; 8; 1; 1; 0],0.16575908311642706,0.33738153156924133,tvm
16,16,2,7168,448,32,4,1,2,0,[16; 16; 2; 7168; 448; 32; 4; 1; 2; 0],0.18276598304510117,0.3059872105386972,tvm
32,16,2,14336,448,112,4,2,7,1,[32; 16; 2; 14336; 448; 112; 4; 2; 7; 1],0.1747941740322858,0.31994231868965917,tvm
32,32,1,2048,128,128,16,16,8,1,[32; 32; 1; 2048; 128; 128; 16; 16; 8; 1],0.18138839909806848,0.3083110805950591,tvm
32,16,4,3584,448,64,16,8,4,0,[32; 16; 4; 3584; 448; 64; 16; 8; 4; 0],0.18180439108982682,0.30760562491420845,tvm
64,32,4,256,32,32,16,16,2,0,[64; 32; 4; 256; 32; 32; 16; 16; 2; 0],0.17072166898287833,0.32757442957602506,tvm
64,32,16,7168,3584,16,8,2,1,1,[64; 32; 16; 7168; 3584; 16; 8; 2; 1; 1],0.1719808450434357,0.3251760585268033,tvm
32,16,4,7168,7168,64,16,2,4,1,[32; 16; 4; 7168; 7168; 64; 16; 2; 4; 1],0.1518308010417968,0.36833141200340674,tvm
16,16,4,14336,2048,16,32,2,1,1,[16; 16; 4; 14336; 2048; 16; 32; 2; 1; 1],0.17297699907794595,0.3233034081492716,tvm
64,64,2,3584,3584,128,64,8,8,0,[64; 64; 2; 3584; 3584; 128; 64; 8; 8; 0],0.21232339995913208,0.26339090907595475,tvm
64,32,1,3584,448,16,4,4,1,0,[64; 32; 1; 3584; 448; 16; 4; 4; 1; 0],0.1581395580433309,0.35363734428807436,tvm
16,16,2,7168,448,32,4,4,2,1,[16; 16; 2; 7168; 448; 32; 4; 4; 2; 1],0.16253347392193973,0.3440771429040647,tvm
16,16,4,1024,1024,16,32,4,1,1,[16; 16; 4; 1024; 1024; 16; 32; 4; 1; 1],0.1782003149855882,0.31382690506386673,tvm
64,64,2,1792,112,16,4,2,1,1,[64; 64; 2; 1792; 112; 16; 4; 2; 1; 1],0.13924919813871384,0.40161131324881516,tvm
32,32,2,112,112,112,8,8,7,1,[32; 32; 2; 112; 112; 112; 8; 8; 7; 1],0.1534756449982524,0.3643838951383468,tvm
32,32,2,2048,2048,64,4,4,4,0,[32; 32; 2; 2048; 2048; 64; 4; 4; 4; 0],0.20589106995612383,0.2716196158738257,tvm
64,64,2,14336,64,32,4,4,2,1,[64; 64; 2; 14336; 64; 32; 4; 4; 2; 1],0.1324163458775729,0.42233496901537054,tvm
64,64,2,448,224,32,32,2,2,1,[64; 64; 2; 448; 224; 32; 32; 2; 2; 1],0.1666971300728619,0.33548300027054695,tvm
64,32,2,1024,256,16,16,2,1,1,[64; 32; 2; 1024; 256; 16; 16; 2; 1; 1],0.16469330596737564,0.33956482326252785,tvm
64,32,1,896,448,32,8,1,2,0,[64; 32; 1; 896; 448; 32; 8; 1; 2; 0],0.16512795188464224,0.338671028708705,tvm
64,64,8,128,64,32,4,2,2,1,[64; 64; 8; 128; 64; 32; 4; 2; 2; 1],0.18773581786081195,0.29788696675237347,tvm
32,16,8,2048,1024,16,4,4,1,1,[32; 16; 8; 2048; 1024; 16; 4; 4; 1; 1],0.17755552008748055,0.31496657105214126,tvm
32,32,8,14336,224,32,4,2,2,1,[32; 32; 8; 14336; 224; 32; 4; 2; 2; 1],0.15185927995480597,0.3682623370134284,tvm
64,32,8,256,32,32,64,64,2,1,[64; 32; 8; 256; 32; 32; 64; 64; 2; 1],0.1558791329152882,0.3587654889235559,tvm
32,32,1,512,512,64,4,1,4,0,[32; 32; 1; 512; 512; 64; 4; 1; 4; 0],0.14671361492946744,0.38117834776424003,tvm
64,64,16,7168,896,16,32,4,1,1,[64; 64; 16; 7168; 896; 16; 32; 4; 1; 1],0.17766565107740462,0.31477133027232473,tvm
64,32,2,1792,1792,64,32,16,4,0,[64; 32; 2; 1792; 1792; 64; 32; 16; 4; 0],0.14454599283635616,0.38689452565209637,tvm
64,64,4,896,32,32,128,32,2,1,[64; 64; 4; 896; 32; 32; 128; 32; 2; 1],0.13337751105427742,0.4192914749366951,tvm
64,64,1,128,64,64,16,8,4,0,[64; 64; 1; 128; 64; 64; 16; 8; 4; 0],0.13978756498545408,0.40006457898563896,tvm
64,16,4,896,896,32,16,8,2,1,[64; 16; 4; 896; 896; 32; 16; 8; 2; 1],0.15940448292531073,0.3508311203489594,tvm
64,64,1,1024,128,64,8,4,4,0,[64; 64; 1; 1024; 128; 64; 8; 4; 4; 0],0.138644949067384,0.4033616349496671,tvm
32,32,2,256,256,128,8,2,8,1,[32; 32; 2; 256; 256; 128; 8; 2; 8; 1],0.1482540990691632,0.3772175857832016,tvm
32,16,4,1792,1792,32,16,8,2,1,[32; 16; 4; 1792; 1792; 32; 16; 8; 2; 1],0.1559551479294896,0.35859062093043376,tvm
64,64,4,448,32,32,16,1,2,1,[64; 64; 4; 448; 32; 32; 16; 1; 2; 1],0.16427353583276272,0.3404325173244359,tvm
32,32,4,2048,2048,64,4,2,4,1,[32; 32; 4; 2048; 2048; 64; 4; 2; 4; 1],0.1648862329311669,0.3391675116786693,tvm
32,32,8,1792,256,32,32,4,2,1,[32; 32; 8; 1792; 256; 32; 32; 4; 2; 1],0.13593813800252974,0.4113934040518682,tvm
64,64,2,3584,512,64,32,8,4,1,[64; 64; 2; 3584; 512; 64; 32; 8; 4; 1],0.13147894595749676,0.42534607290974114,tvm
64,32,8,896,448,32,16,8,2,1,[64; 32; 8; 896; 448; 32; 16; 8; 2; 1],0.11776230088435113,0.4748892719772327,tvm
32,32,8,3584,896,32,32,8,2,0,[32; 32; 8; 3584; 896; 32; 32; 8; 2; 0],0.11691107787191868,0.4783469141786601,tvm
64,32,4,896,896,64,32,2,4,0,[64; 32; 4; 896; 896; 64; 32; 2; 4; 0],0.11631889082491398,0.4807822094651124,tvm
64,64,4,2048,128,64,16,4,4,1,[64; 64; 4; 2048; 128; 64; 16; 4; 4; 1],0.11483671795576811,0.48698756224358236,tvm
64,64,4,2048,2048,32,64,64,2,1,[64; 64; 4; 2048; 2048; 32; 64; 64; 2; 1],0.13139448198489845,0.4256194970178493,tvm
64,64,4,2048,256,64,16,1,4,0,[64; 64; 4; 2048; 256; 64; 16; 1; 4; 0],0.11847345693968236,0.47203867244125064,tvm
32,32,4,3584,512,16,64,2,1,1,[32; 32; 4; 3584; 512; 16; 64; 2; 1; 1],0.21101864194497466,0.26501949220162324,tvm
64,64,8,14336,896,32,2,2,2,1,[64; 64; 8; 14336; 896; 32; 2; 2; 2; 1],0.22021982003934681,0.2539465036495868,tvm
16,16,1,256,256,32,2,1,2,1,[16; 16; 1; 256; 256; 32; 2; 1; 2; 1],0.20050790905952454,0.27891195711751815,tvm
64,64,1,3584,3584,64,16,4,4,0,[64; 64; 1; 3584; 3584; 64; 16; 4; 4; 0],0.2356993518769741,0.2372685919073868,tvm
32,16,1,256,256,128,8,2,8,0,[32; 16; 1; 256; 256; 128; 8; 2; 8; 0],0.19621624797582626,0.28501234688894445,tvm
64,64,1,2048,2048,64,8,4,4,1,[64; 64; 1; 2048; 2048; 64; 8; 4; 4; 1],0.23620170587673783,0.23676396885345685,tvm
16,16,1,896,448,224,8,4,14,0,[16; 16; 1; 896; 448; 224; 8; 4; 14; 0],0.2525709317997098,0.22141919869734428,tvm
32,32,8,3584,256,16,64,2,1,0,[32; 32; 8; 3584; 256; 16; 64; 2; 1; 0],0.20011900295503438,0.27945398741517397,tvm
32,32,2,1792,896,16,2,2,1,1,[32; 32; 2; 1792; 896; 16; 2; 2; 1; 1],0.22523540304973722,0.24829157661765988,tvm
32,16,2,14336,3584,32,32,16,2,0,[32; 16; 2; 14336; 3584; 32; 32; 16; 2; 0],0.1985899400897324,0.2816056710025905,tvm
32,16,16,448,448,16,32,32,1,1,[32; 16; 16; 448; 448; 16; 32; 32; 1; 1],0.2648106359411031,0.2111850724370885,tvm
64,32,2,7168,64,64,4,1,4,0,[64; 32; 2; 7168; 64; 64; 4; 1; 4; 0],0.298214937094599,0.18752935006603388,tvm
32,32,2,14336,896,112,128,64,7,1,[32; 32; 2; 14336; 896; 112; 128; 64; 7; 1],0.22684217616915703,0.24653287266839904,tvm
64,64,16,64,64,16,32,4,1,0,[64; 64; 16; 64; 64; 16; 32; 4; 1; 0],0.18612009612843394,0.30047294460208324,tvm
16,16,2,3584,896,64,32,32,4,0,[16; 16; 2; 3584; 896; 64; 32; 32; 4; 0],0.20393714518286288,0.2742220073895234,tvm
32,32,8,7168,896,32,128,64,2,1,[32; 32; 8; 7168; 896; 32; 128; 64; 2; 1],0.21387510607019067,0.26147995604023166,tvm
64,16,8,896,224,32,32,16,2,1,[64; 16; 8; 896; 224; 32; 32; 16; 2; 1],0.17590288212522864,0.31792573639310767,tvm
64,64,1,1792,1792,16,16,4,1,1,[64; 64; 1; 1792; 1792; 16; 16; 4; 1; 1],0.2612271010875702,0.21408212662661721,tvm
64,32,8,3584,128,16,32,16,1,0,[64; 32; 8; 3584; 128; 16; 32; 16; 1; 0],0.17599696782417595,0.3177557774131793,tvm
32,32,2,1792,256,16,32,2,1,1,[32; 32; 2; 1792; 256; 16; 32; 2; 1; 1],0.2541585529688746,0.2200360864510511,tvm
32,16,4,448,448,32,32,1,2,0,[32; 16; 4; 448; 448; 32; 32; 1; 2; 0],0.1813536600675434,0.3083701388353837,tvm
64,32,8,1024,32,32,16,16,2,0,[64; 32; 8; 1024; 32; 32; 16; 16; 2; 0],0.17150933109223843,0.3260700334913973,tvm
64,64,16,7168,224,16,32,2,1,1,[64; 64; 16; 7168; 224; 16; 32; 2; 1; 1],0.17730493191629648,0.3154117188332607,tvm
32,32,8,1024,128,16,32,4,1,1,[32; 32; 8; 1024; 128; 16; 32; 4; 1; 1],0.16726005007512867,0.33435391958936855,tvm
64,16,2,3584,896,16,8,1,1,0,[64; 16; 2; 3584; 896; 16; 8; 1; 1; 0],0.1757307411171496,0.3182371677135987,tvm
64,64,1,3584,224,112,16,8,7,1,[64; 64; 1; 3584; 224; 112; 16; 8; 7; 1],0.23146800906397402,0.24160597207140114,tvm
64,16,2,7168,448,32,4,1,2,1,[64; 16; 2; 7168; 448; 32; 4; 1; 2; 1],0.1637926260009408,0.3414320577106573,tvm
64,32,2,448,64,64,8,4,4,1,[64; 32; 2; 448; 64; 64; 8; 4; 4; 1],0.15207088901661336,0.3677498941117111,tvm
64,32,2,14336,112,112,64,64,7,0,[64; 32; 2; 14336; 112; 112; 64; 64; 7; 0],0.15597596997395158,0.35854275080111897,tvm
32,32,2,2048,2048,64,4,4,4,0,[32; 32; 2; 2048; 2048; 64; 4; 4; 4; 0],0.20605380716733634,0.2714050960869527,tvm
64,64,8,896,896,32,128,1,2,1,[64; 64; 8; 896; 896; 32; 128; 1; 2; 1],0.16558865504339337,0.3377287732585191,tvm
64,32,2,1792,128,64,16,1,4,1,[64; 32; 2; 1792; 128; 64; 16; 1; 4; 1],0.17048208299092948,0.32803478437267086,tvm
64,32,8,1024,128,16,8,8,1,1,[64; 32; 8; 1024; 128; 16; 8; 8; 1; 1],0.17615286190994084,0.3174745657094395,tvm
64,32,2,3584,224,16,4,2,1,0,[64; 32; 2; 3584; 224; 16; 4; 2; 1; 0],0.1581768358591944,0.353554001947009,tvm
32,16,8,1792,896,16,4,1,1,1,[32; 16; 8; 1792; 896; 16; 4; 1; 1; 1],0.1755074979737401,0.31864196105001075,tvm
32,32,8,1792,64,32,32,4,2,1,[32; 32; 8; 1792; 64; 32; 32; 4; 2; 1],0.16090192482806742,0.34756609278037703,tvm
64,32,2,256,256,64,64,64,4,1,[64; 32; 2; 256; 256; 64; 64; 64; 4; 1],0.1977716952096671,0.28277076390555084,tvm
16,16,4,7168,512,64,8,1,4,1,[16; 16; 4; 7168; 512; 64; 8; 1; 4; 1],0.1730318139307201,0.3232009886674636,tvm
64,32,1,256,256,64,4,4,4,1,[64; 32; 1; 256; 256; 64; 4; 4; 4; 1],0.17599862604402006,0.31775278358903686,tvm
64,32,2,3584,128,128,16,8,8,1,[64; 32; 2; 3584; 128; 128; 16; 8; 8; 1],0.17621588706970215,0.3173610181425503,tvm
32,32,2,3584,256,128,32,16,8,0,[32; 32; 2; 3584; 256; 128; 32; 16; 8; 0],0.16408822499215603,0.34081698023125484,tvm
64,64,1,896,64,32,8,4,2,0,[64; 64; 1; 896; 64; 32; 8; 4; 2; 0],0.141368777025491,0.39558985024854076,tvm
64,32,2,14336,1792,128,32,32,8,1,[64; 32; 2; 14336; 1792; 128; 32; 32; 8; 1],0.14186900504864752,0.39419500626057624,tvm
64,16,4,14336,1024,32,16,4,2,1,[64; 16; 4; 14336; 1024; 32; 16; 4; 2; 1],0.1531815929338336,0.365083377592826,tvm
16,16,4,3584,3584,64,32,8,4,1,[16; 16; 4; 3584; 3584; 64; 32; 8; 4; 1],0.1433846598956734,0.3900281478787455,tvm
64,32,4,14336,896,16,32,2,1,0,[64; 32; 4; 14336; 896; 16; 32; 2; 1; 0],0.1621562959626317,0.3448774714625994,tvm
64,64,4,3584,32,32,64,32,2,0,[64; 64; 4; 3584; 32; 32; 64; 32; 2; 0],0.14083590311929584,0.3970866241824896,tvm
32,32,4,14336,896,16,4,1,1,1,[32; 32; 4; 14336; 896; 16; 4; 1; 1; 1],0.13993304106406868,0.399648667020167,tvm
64,64,4,448,448,16,32,32,1,1,[64; 64; 4; 448; 448; 16; 32; 32; 1; 1],0.18554231501184404,0.3014086211534196,tvm
64,64,1,2048,1024,16,8,2,1,1,[64; 64; 1; 2048; 1024; 16; 8; 2; 1; 1],0.1508043371140957,0.370838494459362,tvm
32,32,4,14336,224,32,8,8,2,1,[32; 32; 4; 14336; 224; 32; 8; 8; 2; 1],0.13031824282370508,0.42913449507593165,tvm
64,64,2,512,256,64,64,2,4,0,[64; 64; 2; 512; 256; 64; 64; 2; 4; 0],0.14842334808781743,0.3767874398052578,tvm
64,32,4,2048,1024,32,4,4,2,1,[64; 32; 4; 2048; 1024; 32; 4; 4; 2; 1],0.13177686394192278,0.42438446067422275,tvm
64,64,2,7168,256,128,16,8,8,0,[64; 64; 2; 7168; 256; 128; 16; 8; 8; 0],0.1491853620391339,0.3748628723953727,tvm
32,32,8,7168,256,32,8,8,2,0,[32; 32; 8; 7168; 256; 32; 8; 8; 2; 0],0.16664460697211325,0.33558873791032323,tvm
64,64,4,128,32,32,16,16,2,1,[64; 64; 4; 128; 32; 32; 16; 16; 2; 1],0.11539368215017021,0.484637046771376,tvm
64,32,4,1024,256,32,32,2,2,0,[64; 32; 4; 1024; 256; 32; 32; 2; 2; 0],0.14091269602067769,0.3968702247037199,tvm
64,64,4,448,448,64,4,1,4,1,[64; 64; 4; 448; 448; 64; 4; 1; 4; 1],0.1274834459181875,0.4386769821802793,tvm
64,64,4,7168,1024,16,4,2,1,1,[64; 64; 4; 7168; 1024; 16; 4; 2; 1; 1],0.1250523990020156,0.44720496191705966,tvm
64,32,4,7168,448,64,32,8,4,0,[64; 32; 4; 7168; 448; 64; 32; 8; 4; 0],0.12651776988059282,0.44202528535014746,tvm
64,64,4,1792,128,64,64,64,4,1,[64; 64; 4; 1792; 128; 64; 64; 64; 4; 1],0.14796868804842234,0.37794518604525534,tvm
64,32,4,3584,896,32,32,4,2,1,[64; 32; 4; 3584; 896; 32; 32; 4; 2; 1],0.12193244602531195,0.4586478427712675,tvm
32,32,4,7168,1024,32,32,16,2,0,[32; 32; 4; 7168; 1024; 32; 32; 16; 2; 0],0.11826697713695467,0.47286279473070975,tvm
64,64,4,448,448,32,64,8,2,1,[64; 64; 4; 448; 448; 32; 64; 8; 2; 1],0.1210980350151658,0.4618080989202644,tvm
64,64,1,14336,1792,112,16,4,7,0,[64; 64; 1; 14336; 1792; 112; 16; 4; 7; 0],0.22291880915872753,0.250871846769615,tvm
64,64,4,2048,1024,16,2,2,1,0,[64; 64; 4; 2048; 1024; 16; 2; 2; 1; 0],0.21665448416024446,0.2581255289965296,tvm
64,32,8,512,16,16,64,8,1,0,[64; 32; 8; 512; 16; 16; 64; 8; 1; 0],0.20740751386620104,0.26963369017291267,tvm
64,16,4,2048,1024,32,64,8,2,0,[64; 16; 4; 2048; 1024; 32; 64; 8; 2; 0],0.18873592093586922,0.296308477241785,tvm
64,16,8,512,512,32,64,1,2,1,[64; 16; 8; 512; 512; 32; 64; 1; 2; 1],0.21840728307142854,0.2560539765289959,tvm
32,32,4,896,16,16,32,1,1,1,[32; 32; 4; 896; 16; 16; 32; 1; 1; 1],0.21198554011061788,0.2638106981455016,tvm
64,32,8,14336,896,16,64,4,1,1,[64; 32; 8; 14336; 896; 16; 64; 4; 1; 1],0.22229107283055782,0.2515802934468792,tvm
64,16,4,3584,3584,64,128,1,4,1,[64; 16; 4; 3584; 3584; 64; 128; 1; 4; 1],0.3177513258997351,0.17599943344053867,tvm
64,32,4,3584,1792,64,128,64,4,0,[64; 32; 4; 3584; 1792; 64; 128; 64; 4; 0],0.19977844203822315,0.2799303706785015,tvm
32,32,2,1792,128,32,2,1,2,1,[32; 32; 2; 1792; 128; 32; 2; 1; 2; 1],0.19155663391575217,0.2919452706499796,tvm
64,16,8,128,32,32,128,1,2,1,[64; 16; 8; 128; 32; 32; 128; 1; 2; 1],0.22690130001865327,0.24646863340463843,tvm
64,64,2,14336,448,16,64,4,1,0,[64; 64; 2; 14336; 448; 16; 64; 4; 1; 0],0.26940169115550816,0.20758612573464508,tvm
32,32,4,14336,1792,32,128,4,2,1,[32; 32; 4; 14336; 1792; 32; 128; 4; 2; 1],0.2253650890197605,0.24814869763803477,tvm
64,32,4,1024,64,16,32,2,1,1,[64; 32; 4; 1024; 64; 16; 32; 2; 1; 1],0.18859812803566456,0.29652496509805176,tvm
64,64,1,128,32,32,32,1,2,1,[64; 64; 1; 128; 32; 32; 32; 1; 2; 1],0.3442547370214015,0.1624496261611548,tvm
64,64,1,896,896,128,16,8,8,1,[64; 64; 1; 896; 896; 128; 16; 8; 8; 1],0.2185542129445821,0.2558818362724207,tvm
64,16,2,896,448,64,32,32,4,1,[64; 16; 2; 896; 448; 64; 32; 32; 4; 1],0.19931150996126235,0.2805861705839396,tvm
64,16,16,14336,3584,16,32,2,1,1,[64; 16; 16; 14336; 3584; 16; 32; 2; 1; 1],0.18761929613538086,0.2980719706622292,tvm
64,32,8,64,32,32,128,16,2,0,[64; 32; 8; 64; 32; 32; 128; 16; 2; 0],0.2126408650074154,0.26299767606467883,tvm
16,16,16,2048,2048,16,32,4,1,0,[16; 16; 16; 2048; 2048; 16; 32; 4; 1; 0],0.17829850409179926,0.31365408037602,tvm
64,64,4,64,32,32,2,1,2,1,[64; 64; 4; 64; 32; 32; 2; 1; 2; 1],0.22409440483897924,0.24955577705528612,tvm
64,16,2,14336,1792,64,32,16,4,0,[64; 16; 2; 14336; 1792; 64; 32; 16; 4; 0],0.18335288995876908,0.3050077549686241,tvm
64,64,8,1792,112,16,128,16,1,1,[64; 64; 8; 1792; 112; 16; 128; 16; 1; 1],0.18464869097806513,0.3028673154253592,tvm
64,64,16,128,128,16,32,2,1,0,[64; 64; 16; 128; 128; 16; 32; 2; 1; 0],0.18027429492212832,0.31021645852222257,tvm
64,16,1,1024,1024,64,8,4,4,0,[64; 16; 1; 1024; 1024; 64; 8; 4; 4; 0],0.17866113898344338,0.31301744549225025,tvm
64,32,16,224,224,16,16,16,1,0,[64; 32; 16; 224; 224; 16; 16; 16; 1; 0],0.16976391500793397,0.3294225002452359,tvm
64,64,8,256,32,16,64,32,1,1,[64; 64; 8; 256; 32; 16; 64; 32; 1; 1],0.15942340600304306,0.3507894777525068,tvm
64,32,1,112,112,16,16,2,1,1,[64; 32; 1; 112; 112; 16; 16; 2; 1; 1],0.2557048830203712,0.21870545713778192,tvm
64,16,2,7168,896,128,8,2,8,0,[64; 16; 2; 7168; 896; 128; 8; 2; 8; 0],0.22285563498735428,0.25094296285802553,tvm
16,16,2,7168,896,112,4,2,7,0,[16; 16; 2; 7168; 896; 112; 4; 2; 7; 0],0.18077220302075148,0.3093620169408104,tvm
64,64,2,64,32,32,32,4,2,0,[64; 64; 2; 64; 32; 32; 32; 4; 2; 0],0.234166176058352,0.2388220804331604,tvm
16,16,16,1024,1024,16,16,8,1,1,[16; 16; 16; 1024; 1024; 16; 16; 8; 1; 1],0.1679687830619514,0.3329431357057998,tvm
32,32,4,14336,128,16,32,8,1,1,[32; 32; 4; 14336; 128; 16; 32; 8; 1; 1],0.18386538419872522,0.304157596477701,tvm
64,64,8,512,32,32,128,32,2,0,[64; 64; 8; 512; 32; 32; 128; 32; 2; 0],0.19061426492407918,0.2933886052841199,tvm
64,64,16,14336,512,16,4,1,1,1,[64; 64; 16; 14336; 512; 16; 4; 1; 1; 1],0.1939300219528377,0.28837233539288537,tvm
64,32,1,2048,64,64,8,1,4,1,[64; 32; 1; 2048; 64; 64; 8; 1; 4; 1],0.1552987890318036,0.36010617778790704,tvm
64,32,2,14336,896,32,32,1,2,0,[64; 32; 2; 14336; 896; 32; 32; 1; 2; 0],0.1749553179834038,0.3196476333382348,tvm
32,32,8,14336,224,16,32,16,1,1,[32; 32; 8; 14336; 224; 16; 32; 16; 1; 1],0.16045493609271944,0.3485343280496988,tvm
16,16,2,448,448,16,8,1,1,1,[16; 16; 2; 448; 448; 16; 8; 1; 1; 1],0.16730187204666436,0.3342703380972021,tvm
64,32,1,3584,448,16,8,8,1,0,[64; 32; 1; 3584; 448; 16; 8; 8; 1; 0],0.16759784310124815,0.33368003011559555,tvm
64,32,8,2048,128,16,8,8,1,1,[64; 32; 8; 2048; 128; 16; 8; 8; 1; 1],0.17284355987794697,0.32355300580955376,tvm
16,16,8,7168,1024,16,32,1,1,1,[16; 16; 8; 7168; 1024; 16; 32; 1; 1; 1],0.14801603578962386,0.3778242879901104,tvm
64,16,4,256,256,64,16,2,4,1,[64; 16; 4; 256; 256; 64; 16; 2; 4; 1],0.16111297509633005,0.347110797872711,tvm
64,32,4,14336,64,32,32,2,2,1,[64; 32; 4; 14336; 64; 32; 32; 2; 2; 1],0.17429287708364427,0.32086252903206725,tvm
64,32,2,14336,448,112,64,2,7,0,[64; 32; 2; 14336; 448; 112; 64; 2; 7; 0],0.16983682103455067,0.3292810887101829,tvm
16,16,8,1792,1792,16,16,4,1,1,[16; 16; 8; 1792; 1792; 16; 16; 4; 1; 1],0.14071462489664555,0.3974288626673267,tvm
32,32,2,14336,256,64,16,1,4,1,[32; 32; 2; 14336; 256; 64; 16; 1; 4; 1],0.16138938604854047,0.34651630260563276,tvm
32,32,8,14336,448,32,64,64,2,0,[32; 32; 8; 14336; 448; 32; 64; 64; 2; 0],0.17182573094032705,0.32546960823204685,tvm
64,16,4,14336,896,64,16,2,4,1,[64; 16; 4; 14336; 896; 64; 16; 2; 4; 1],0.1643559020012617,0.3402619112084215,tvm
64,64,8,224,224,32,128,16,2,1,[64; 64; 8; 224; 224; 32; 128; 16; 2; 1],0.15906933089718223,0.3515703059660257,tvm
64,64,4,896,64,32,8,1,2,1,[64; 64; 4; 896; 64; 32; 8; 1; 2; 1],0.14303870196454227,0.39097148229991835,tvm
16,16,8,2048,1024,32,16,4,2,0,[16; 16; 8; 2048; 1024; 32; 16; 4; 2; 0],0.1337314669508487,0.4181817085270403,tvm
32,32,4,14336,2048,16,32,2,1,1,[32; 32; 4; 14336; 2048; 16; 32; 2; 1; 1],0.14793410105630755,0.37803354962793323,tvm
64,32,4,512,128,64,16,16,4,0,[64; 32; 4; 512; 128; 64; 16; 16; 4; 0],0.1765795978717506,0.3167073320324971,tvm
64,32,2,3584,512,16,4,2,1,0,[64; 32; 2; 3584; 512; 16; 4; 2; 1; 0],0.14213804085738957,0.3934488824806812,tvm
64,64,8,448,448,16,32,1,1,0,[64; 64; 8; 448; 448; 16; 32; 1; 1; 0],0.13472511409781873,0.4150974649962369,tvm
64,64,1,896,448,32,8,4,2,1,[64; 64; 1; 896; 448; 32; 8; 4; 2; 1],0.14307322609238327,0.3908771393553594,tvm
64,32,4,3584,128,64,8,8,4,1,[64; 32; 4; 3584; 128; 64; 8; 8; 4; 1],0.15287539782002568,0.36581460542899497,tvm
64,64,4,14336,14336,64,64,64,4,0,[64; 64; 4; 14336; 14336; 64; 64; 64; 4; 0],0.2330288349185139,0.23998769659938865,tvm
32,32,4,14336,224,32,16,8,2,1,[32; 32; 4; 14336; 224; 32; 16; 8; 2; 1],0.13942558597773314,0.40110323324920183,tvm
64,32,2,512,512,16,4,4,1,1,[64; 32; 2; 512; 512; 16; 4; 4; 1; 1],0.13494743988849223,0.4144135922811405,tvm
64,64,4,1792,64,64,64,2,4,1,[64; 64; 4; 1792; 64; 64; 64; 2; 4; 1],0.10590705298818648,0.5280484326154505,tvm
64,64,4,256,256,64,64,4,4,0,[64; 64; 4; 256; 256; 64; 64; 4; 4; 0],0.1102967718616128,0.5070325485454837,tvm
64,64,8,512,256,32,16,4,2,0,[64; 64; 8; 512; 256; 32; 16; 4; 2; 0],0.11613217811100185,0.48155519204918223,tvm
32,32,2,3584,128,32,64,1,2,0,[32; 32; 2; 3584; 128; 32; 64; 1; 2; 0],0.20806736289523542,0.268778594370381,tvm
32,32,2,2048,32,32,16,16,2,0,[32; 32; 2; 2048; 32; 32; 16; 16; 2; 0],0.1719168231356889,0.32529715424763356,tvm
32,32,2,14336,112,16,32,1,1,0,[32; 32; 2; 14336; 112; 16; 32; 1; 1; 0],0.24640761292539537,0.2269574899468119,tvm
64,16,4,7168,256,16,2,2,1,1,[64; 16; 4; 7168; 256; 16; 2; 2; 1; 1],0.19057237193919718,0.29345310007043474,tvm
32,32,16,512,128,16,4,2,1,1,[32; 32; 16; 512; 128; 16; 4; 2; 1; 1],0.2907515980768949,0.19234306433130297,tvm
32,32,1,14336,128,64,2,1,4,1,[32; 32; 1; 14336; 128; 64; 2; 1; 4; 1],0.19450160907581449,0.28752488783542546,tvm
64,16,2,896,448,32,32,32,2,0,[64; 16; 2; 896; 448; 32; 32; 32; 2; 0],0.21437272406183183,0.26087298922041535,tvm
64,32,16,896,112,16,16,2,1,0,[64; 32; 16; 896; 112; 16; 16; 2; 1; 0],0.20624535414390266,0.27115303307299565,tvm
64,32,8,448,112,16,64,16,1,0,[64; 32; 8; 448; 112; 16; 64; 16; 1; 0],0.1854105838574469,0.3016227669954947,tvm
64,32,2,7168,7168,128,4,1,8,1,[64; 32; 2; 7168; 7168; 128; 4; 1; 8; 1],0.22646120307035744,0.24694761210801627,tvm
64,64,2,7168,7168,16,32,4,1,0,[64; 64; 2; 7168; 7168; 16; 32; 4; 1; 0],0.24388584098778665,0.2293042232662203,tvm
64,64,4,64,32,16,128,4,1,1,[64; 64; 4; 64; 32; 16; 128; 4; 1; 1],0.17803818103857338,0.3141126976646484,tvm
32,32,2,64,64,32,4,1,2,1,[32; 32; 2; 64; 64; 32; 4; 1; 2; 1],0.16728770290501416,0.3342986505414984,tvm
64,64,16,1792,224,16,4,4,1,1,[64; 64; 16; 1792; 224; 16; 4; 4; 1; 1],0.18628471996635199,0.30020741015921604,tvm
64,32,8,1792,896,32,128,8,2,1,[64; 32; 8; 1792; 896; 32; 128; 8; 2; 1],0.19595659291371703,0.28539000654067115,tvm
16,16,2,1024,1024,64,32,1,4,1,[16; 16; 2; 1024; 1024; 64; 32; 1; 4; 1],0.17404981702566147,0.3213106126109172,tvm
64,64,4,1792,64,16,128,16,1,1,[64; 64; 4; 1792; 64; 16; 128; 16; 1; 1],0.1782731090206653,0.3136987605172166,tvm
64,32,4,1024,512,64,128,2,4,1,[64; 32; 4; 1024; 512; 64; 128; 2; 4; 1],0.19338105688802898,0.2891909592040049,tvm
64,64,4,14336,64,16,32,16,1,0,[64; 64; 4; 14336; 64; 16; 32; 16; 1; 0],0.175452739931643,0.3187414078293764,tvm
32,32,4,224,112,16,32,8,1,1,[32; 32; 4; 224; 112; 16; 32; 8; 1; 1],0.18744492693804204,0.29834924981361827,tvm
64,64,8,512,64,32,128,64,2,0,[64; 64; 8; 512; 64; 32; 128; 64; 2; 0],0.17701915302313864,0.3159209180377411,tvm
64,32,2,14336,32,32,8,4,2,1,[64; 32; 2; 14336; 32; 32; 8; 4; 2; 1],0.1759075738955289,0.317917256743854,tvm
64,32,4,448,112,16,32,2,1,0,[64; 32; 4; 448; 112; 16; 32; 2; 1; 0],0.1937250487972051,0.28867745126690175,tvm
64,64,8,7168,1024,16,64,16,1,1,[64; 64; 8; 7168; 1024; 16; 64; 16; 1; 1],0.14247974008321762,0.3925053014601934,tvm
32,16,2,3584,896,112,8,4,7,1,[32; 16; 2; 3584; 896; 112; 8; 4; 7; 1],0.18235641112551093,0.3066744568406884,tvm
16,16,8,7168,896,16,32,16,1,0,[16; 16; 8; 7168; 896; 16; 32; 16; 1; 0],0.18830546992830932,0.29698581435061044,tvm
16,16,4,2048,512,16,32,2,1,1,[16; 16; 4; 2048; 512; 16; 32; 2; 1; 1],0.19645213894546032,0.28467011677006554,tvm
64,32,4,112,112,16,8,2,1,1,[64; 32; 4; 112; 112; 16; 8; 2; 1; 1],0.14857993414625525,0.3763903494416969,tvm
32,32,8,1792,32,32,32,1,2,0,[32; 32; 8; 1792; 32; 32; 32; 1; 2; 0],0.17406922881491482,0.3212747808103208,tvm
32,32,1,1024,128,64,8,1,4,1,[32; 32; 1; 1024; 128; 64; 8; 1; 4; 1],0.18043237086385489,0.3099446793587321,tvm
64,32,2,3584,112,112,16,1,7,1,[64; 32; 2; 3584; 112; 112; 16; 1; 7; 1],0.18517898698337376,0.3019999960273811,tvm
64,32,2,3584,1792,128,8,1,8,0,[64; 32; 2; 3584; 1792; 128; 8; 1; 8; 0],0.19116429588757455,0.2925444475584644,tvm
32,32,4,14336,3584,32,64,8,2,0,[32; 32; 4; 14336; 3584; 32; 64; 8; 2; 0],0.22397153498604894,0.24969268231704897,tvm
32,32,1,3584,224,112,4,4,7,0,[32; 32; 1; 3584; 224; 112; 4; 4; 7; 0],0.16995929111726582,0.32904381376095376,tvm
64,32,2,2048,256,32,16,4,2,1,[64; 32; 2; 2048; 256; 32; 16; 4; 2; 1],0.16091318894177675,0.34754176274244586,tvm
32,32,2,128,128,128,16,1,8,0,[32; 32; 2; 128; 128; 128; 16; 1; 8; 0],0.20749099412932992,0.2695252079156537,tvm
32,32,2,2048,2048,128,4,2,8,1,[32; 32; 2; 2048; 2048; 128; 4; 2; 8; 1],0.21421726397238672,0.26106230794051277,tvm
64,32,1,3584,448,112,8,4,7,0,[64; 32; 1; 3584; 448; 112; 8; 4; 7; 0],0.168852630071342,0.3312003686866165,tvm
32,32,2,1792,1792,112,64,32,7,1,[32; 32; 2; 1792; 1792; 112; 64; 32; 7; 1],0.1633021729066968,0.34245749666347497,tvm
64,32,1,2048,256,64,4,4,4,1,[64; 32; 1; 2048; 256; 64; 4; 4; 4; 1],0.17439706693403423,0.32067083647964467,tvm
16,16,8,2048,2048,16,8,1,1,1,[16; 16; 8; 2048; 2048; 16; 8; 1; 1; 1],0.16156962886452675,0.3461297381590488,tvm
16,16,8,512,512,32,16,2,2,0,[16; 16; 8; 512; 512; 32; 16; 2; 2; 0],0.1555114989168942,0.35961362164748545,tvm
64,32,8,14336,14336,32,8,1,2,1,[64; 32; 8; 14336; 14336; 32; 8; 1; 2; 1],0.1679023129399866,0.33307494312673525,tvm
32,16,8,7168,1024,16,8,1,1,1,[32; 16; 8; 7168; 1024; 16; 8; 1; 1; 1],0.1639773619826883,0.3410474022581083,tvm
16,16,8,2048,512,32,16,4,2,0,[16; 16; 8; 2048; 512; 32; 16; 4; 2; 0],0.1558852989692241,0.35875129792947463,tvm
64,16,4,896,896,32,32,4,2,1,[64; 16; 4; 896; 896; 32; 32; 4; 2; 1],0.1499718811828643,0.3728969250251905,tvm
64,64,8,3584,896,32,4,1,2,0,[64; 64; 8; 3584; 896; 32; 4; 1; 2; 0],0.20287669892422855,0.27565537900545267,tvm
64,64,2,2048,64,64,8,2,4,1,[64; 64; 2; 2048; 64; 64; 8; 2; 4; 1],0.1254260609857738,0.44587267505495853,tvm
16,16,8,7168,1024,32,32,4,2,0,[16; 16; 8; 7168; 1024; 32; 32; 4; 2; 0],0.13875247491523623,0.4030490509628552,tvm
64,64,1,224,112,112,8,2,7,0,[64; 64; 1; 224; 112; 112; 8; 2; 7; 0],0.12069988902658224,0.4633314395261536,tvm
64,64,1,2048,256,64,4,2,4,0,[64; 64; 1; 2048; 256; 64; 4; 2; 4; 0],0.13863210706040263,0.4033989998360695,tvm
32,32,8,1024,512,16,32,8,1,0,[32; 32; 8; 1024; 512; 16; 32; 8; 1; 0],0.13804576988331974,0.40511240134777005,tvm
32,16,8,2048,1024,32,16,8,2,1,[32; 16; 8; 2048; 1024; 32; 16; 8; 2; 1],0.13411125703714788,0.41699745844484004,tvm
64,64,2,3584,256,32,4,2,2,0,[64; 64; 2; 3584; 256; 32; 4; 2; 2; 0],0.13129933504387736,0.4259279250321012,tvm
64,32,4,3584,512,16,8,8,1,0,[64; 32; 4; 3584; 512; 16; 8; 8; 1; 0],0.13646919117309153,0.40979251692348434,tvm
64,64,8,7168,7168,16,8,2,1,1,[64; 64; 8; 7168; 7168; 16; 8; 2; 1; 1],0.20148002193309367,0.2775662460067841,tvm
32,32,8,224,224,32,16,1,2,1,[32; 32; 8; 224; 224; 32; 16; 1; 2; 1],0.1312855330761522,0.4259727025741258,tvm
32,32,4,896,896,64,64,8,4,0,[32; 32; 4; 896; 896; 64; 64; 8; 4; 0],0.14170496608130634,0.39465133001228536,tvm
64,64,2,3584,448,112,64,4,7,0,[64; 64; 2; 3584; 448; 112; 64; 4; 7; 0],0.13912067678757012,0.40198232660071365,tvm
64,32,4,1792,256,32,8,4,2,1,[64; 32; 4; 1792; 256; 32; 8; 4; 2; 1],0.13135104486718774,0.4257602472053383,tvm
64,32,4,14336,512,64,8,2,4,0,[64; 32; 4; 14336; 512; 64; 8; 2; 4; 0],0.15739351115189493,0.3553135890040791,tvm
64,64,4,1792,1792,64,8,2,4,1,[64; 64; 4; 1792; 1792; 64; 8; 2; 4; 1],0.1175808529369533,0.47562210969263624,tvm
64,64,4,7168,256,64,64,8,4,1,[64; 64; 4; 7168; 256; 64; 64; 8; 4; 1],0.10570943099446595,0.5290356102310403,tvm
64,64,8,1024,256,32,32,2,2,0,[64; 64; 8; 1024; 256; 32; 32; 2; 2; 0],0.11372304894030094,0.4917565423583634,tvm
32,32,8,2048,32,16,128,1,1,1,[32; 32; 8; 2048; 32; 16; 128; 1; 1; 1],0.23701730812899768,0.23594923836910858,tvm
32,16,4,448,64,64,32,8,4,1,[32; 16; 4; 448; 64; 64; 32; 8; 4; 1],0.1974314011167735,0.28325814949900646,tvm
64,16,2,256,256,64,64,64,4,0,[64; 16; 2; 256; 256; 64; 64; 64; 4; 0],0.22555131907574832,0.24794380969482163,tvm
64,16,2,1792,128,64,128,2,4,1,[64; 16; 2; 1792; 128; 64; 128; 2; 4; 1],0.21119654015637934,0.2647962570405967,tvm
32,32,8,448,32,16,64,1,1,1,[32; 32; 8; 448; 32; 16; 64; 1; 1; 1],0.19995305896736681,0.2796859103939009,tvm
16,16,1,1024,32,16,2,1,1,1,[16; 16; 1; 1024; 32; 16; 2; 1; 1; 1],0.4601412669289857,0.12153670481801011,tvm
64,32,8,512,16,16,64,16,1,1,[64; 32; 8; 512; 16; 16; 64; 16; 1; 1],0.2036933118943125,0.27455026781807085,tvm
64,64,8,1024,32,16,16,1,1,0,[64; 64; 8; 1024; 32; 16; 16; 1; 1; 0],0.20807978394441307,0.2687625499855047,tvm
64,32,8,896,448,16,64,64,1,1,[64; 32; 8; 896; 448; 16; 64; 64; 1; 1],0.21816863608546555,0.25633406495434846,tvm
64,64,16,2048,16,16,128,32,1,0,[64; 64; 16; 2048; 16; 16; 128; 32; 1; 0],0.25778816919773817,0.21693801351464043,tvm
32,16,2,512,256,128,32,4,8,0,[32; 16; 2; 512; 256; 128; 32; 4; 8; 0],0.2065787259489298,0.27071545279623244,tvm
64,64,2,448,448,32,128,4,2,0,[64; 64; 2; 448; 448; 32; 128; 4; 2; 0],0.23766138590872288,0.23530980062033188,tvm
32,32,4,1792,64,32,128,64,2,0,[32; 32; 4; 1792; 64; 32; 128; 64; 2; 0],0.23670916608534753,0.23625639115795555,tvm
64,16,2,512,512,64,64,4,4,1,[64; 16; 2; 512; 512; 64; 64; 4; 4; 1],0.20421407907269895,0.2738501360301643,tvm
64,64,2,3584,512,64,128,32,4,0,[64; 64; 2; 3584; 512; 64; 128; 32; 4; 0],0.2105534989386797,0.2656049584320625,tvm
64,32,2,896,64,32,16,8,2,0,[64; 32; 2; 896; 64; 32; 16; 8; 2; 0],0.26755926408804953,0.2090155746389316,tvm
64,64,2,896,32,16,8,2,1,1,[64; 64; 2; 896; 32; 16; 8; 2; 1; 1],0.15744538512080908,0.3551965228477314,tvm
16,16,2,7168,448,64,32,2,4,0,[16; 16; 2; 7168; 448; 64; 32; 2; 4; 0],0.21365340892225504,0.2617512803349802,tvm
64,32,2,896,32,32,16,4,2,0,[64; 32; 2; 896; 32; 32; 16; 4; 2; 0],0.17544467118568718,0.318756066829436,tvm
32,16,2,14336,448,64,32,16,4,1,[32; 16; 2; 14336; 448; 64; 32; 16; 4; 1],0.20672106090933084,0.2705290553721663,tvm
64,16,1,256,256,16,4,4,1,0,[64; 16; 1; 256; 256; 16; 4; 4; 1; 0],0.18536759191192687,0.301692721777949,tvm
32,32,8,512,512,32,128,2,2,1,[32; 32; 8; 512; 512; 32; 128; 2; 2; 1],0.222771602217108,0.25103762228558674,tvm
64,64,4,14336,14336,16,2,2,1,1,[64; 64; 4; 14336; 14336; 16; 2; 2; 1; 1],0.41689588502049446,0.13414393219684603,tvm
64,16,1,896,448,32,8,4,2,0,[64; 16; 1; 896; 448; 32; 8; 4; 2; 0],0.19590617902576923,0.28546344791900186,tvm
32,16,2,256,256,128,8,4,8,1,[32; 16; 2; 256; 256; 128; 8; 4; 8; 1],0.18431093986146152,0.3034223219488165,tvm
64,64,1,14336,64,32,2,2,2,1,[64; 64; 1; 14336; 64; 32; 2; 2; 2; 1],0.1656790680717677,0.3375444706696959,tvm
64,64,8,1792,1792,16,2,2,1,1,[64; 64; 8; 1792; 1792; 16; 2; 2; 1; 1],0.22492928802967072,0.24862948628529122,tvm
64,64,2,3584,32,32,2,1,2,1,[64; 64; 2; 3584; 32; 32; 2; 1; 2; 1],0.22622666601091623,0.2472036312935576,tvm
64,64,2,2048,32,32,32,2,2,0,[64; 64; 2; 2048; 32; 32; 32; 2; 2; 0],0.2347353280056268,0.23824301952534724,tvm
32,32,1,7168,64,64,4,4,4,1,[32; 32; 1; 7168; 64; 64; 4; 4; 4; 1],0.1698479549959302,0.32925950350519884,tvm
64,32,2,896,448,16,32,16,1,0,[64; 32; 2; 896; 448; 16; 32; 16; 1; 0],0.23944570403546095,0.23355630270589947,tvm
64,32,1,128,64,64,16,2,4,1,[64; 32; 1; 128; 64; 64; 16; 2; 4; 1],0.17347371811047196,0.3223776716293107,tvm
32,32,16,1792,1792,16,32,1,1,0,[32; 32; 16; 1792; 1792; 16; 32; 1; 1; 0],0.17329102894291282,0.3227175328952335,tvm
16,16,16,14336,2048,16,16,16,1,1,[16; 16; 16; 14336; 2048; 16; 16; 16; 1; 1],0.17750724381767213,0.3150522318445558,tvm
32,16,8,896,896,16,32,8,1,0,[32; 16; 8; 896; 896; 16; 32; 8; 1; 0],0.18670635879971087,0.29952945198468484,tvm
64,16,2,2048,1024,32,4,1,2,1,[64; 16; 2; 2048; 1024; 32; 4; 1; 2; 1],0.18241141317412257,0.3065819860731548,tvm
32,32,2,7168,1792,32,4,2,2,0,[32; 32; 2; 7168; 1792; 32; 4; 2; 2; 0],0.1923628058284521,0.290721759294809,tvm
64,64,2,256,32,32,4,1,2,0,[64; 64; 2; 256; 32; 32; 4; 1; 2; 0],0.33708368008956313,0.1659055499764163,tvm
32,16,4,512,256,32,32,16,2,1,[32; 16; 4; 512; 256; 32; 32; 16; 2; 1],0.18023972492665052,0.3102759580669129,tvm
64,32,2,14336,112,112,64,8,7,1,[64; 32; 2; 14336; 112; 112; 64; 8; 7; 1],0.16500528086908162,0.3389228092505994,tvm
32,32,4,3584,224,16,16,8,1,0,[32; 32; 4; 3584; 224; 16; 16; 8; 1; 0],0.1775078650098294,0.3150511293132649,tvm
64,16,4,512,512,16,16,4,1,0,[64; 16; 4; 512; 512; 16; 16; 4; 1; 0],0.18120021000504494,0.30863128321858074,tvm
64,16,8,14336,896,32,8,8,2,0,[64; 16; 8; 14336; 896; 32; 8; 8; 2; 0],0.18030903092585504,0.3101566962351979,tvm
64,32,8,512,64,32,32,2,2,1,[64; 32; 8; 512; 64; 32; 32; 2; 2; 1],0.15210708300583065,0.36766238776132226,tvm
64,32,4,2048,128,64,128,32,4,1,[64; 32; 4; 2048; 128; 64; 128; 32; 4; 1],0.13982346700504422,0.39996185569705434,tvm
16,16,8,2048,512,16,16,2,1,1,[16; 16; 8; 2048; 512; 16; 16; 2; 1; 1],0.1575628591235727,0.35493169928754253,tvm
64,32,4,1024,64,64,16,1,4,1,[64; 32; 4; 1024; 64; 64; 16; 1; 4; 1],0.1655276350211352,0.33785327341982946,tvm
64,16,8,2048,2048,16,8,2,1,1,[64; 16; 8; 2048; 2048; 16; 8; 2; 1; 1],0.15721431514248252,0.35571858251361943,tvm
32,16,4,14336,512,32,32,8,2,1,[32; 16; 4; 14336; 512; 32; 32; 8; 2; 1],0.16505375504493713,0.33882327195832407,tvm
64,32,2,512,256,128,32,16,8,1,[64; 32; 2; 512; 256; 128; 32; 16; 8; 1],0.14551821793429554,0.38430963577759175,tvm
16,16,4,14336,512,64,16,4,4,1,[16; 16; 4; 14336; 512; 64; 16; 4; 4; 1],0.1623216071166098,0.34452624223439454,tvm
64,64,2,14336,1792,16,8,4,1,0,[64; 64; 2; 14336; 1792; 16; 8; 4; 1; 0],0.16185409994795918,0.3455213884066857,tvm
32,32,2,3584,3584,128,32,8,8,1,[32; 32; 2; 3584; 3584; 128; 32; 8; 8; 1],0.13248030003160238,0.42213108907507746,tvm
64,16,4,2048,512,32,32,32,2,1,[64; 16; 4; 2048; 512; 32; 32; 32; 2; 1],0.17134709702804685,0.3263787616091298,tvm
64,32,2,3584,512,64,16,1,4,1,[64; 32; 2; 3584; 512; 64; 16; 1; 4; 1],0.1493191788904369,0.3745269278125864,tvm
32,32,2,7168,448,32,8,1,2,0,[32; 32; 2; 7168; 448; 32; 8; 1; 2; 0],0.14051525411196053,0.39799275663533196,tvm
64,32,2,1792,448,64,4,2,4,1,[64; 32; 2; 1792; 448; 64; 4; 2; 4; 1],0.13785071205347776,0.40568563266933416,tvm
64,64,2,112,112,112,16,1,7,1,[64; 64; 2; 112; 112; 112; 16; 1; 7; 1],0.14441427309066057,0.3872474107751473,tvm
64,32,8,896,896,16,32,16,1,1,[64; 32; 8; 896; 896; 16; 32; 16; 1; 1],0.13155918195843697,0.42508666062549116,tvm
64,64,1,3584,128,64,8,8,4,0,[64; 64; 1; 3584; 128; 64; 8; 8; 4; 0],0.13813957502134144,0.4048373054911565,tvm
32,32,4,256,256,64,64,16,4,1,[32; 32; 4; 256; 256; 64; 64; 16; 4; 1],0.1334953170735389,0.4189214615110904,tvm
64,64,2,3584,512,128,64,4,8,1,[64; 64; 2; 3584; 512; 128; 64; 4; 8; 1],0.1275618770159781,0.43840726274612923,tvm
64,32,8,3584,896,32,16,8,2,0,[64; 32; 8; 3584; 896; 32; 16; 8; 2; 0],0.11823190306313336,0.47300307179755924,tvm
64,64,4,14336,2048,32,32,1,2,1,[64; 64; 4; 14336; 2048; 32; 32; 1; 2; 1],0.10743184294551611,0.5205537929912933,tvm
64,64,1,14336,224,16,32,16,1,0,[64; 64; 1; 14336; 224; 16; 32; 16; 1; 0],0.3686299230903387,0.151707850693467,tvm
64,32,2,14336,14336,64,4,1,4,0,[64; 32; 2; 14336; 14336; 64; 4; 1; 4; 0],0.26598998019471765,0.21024872174656428,tvm
32,16,1,14336,448,224,8,2,14,1,[32; 16; 1; 14336; 448; 224; 8; 2; 14; 1],0.19677294604480267,0.2842060072658573,tvm
64,16,16,1024,256,16,4,1,1,0,[64; 16; 16; 1024; 256; 16; 4; 1; 1; 0],0.2836956500541419,0.19712693276284113,tvm
32,16,4,1792,448,64,128,8,4,1,[32; 16; 4; 1792; 448; 64; 128; 8; 4; 1],0.24477393296547234,0.22847225869113255,tvm
32,32,8,512,64,32,128,4,2,0,[32; 32; 8; 512; 64; 32; 128; 4; 2; 0],0.20972056780010462,0.26665984133057186,tvm
32,16,2,896,896,16,32,4,1,0,[32; 16; 2; 896; 896; 16; 32; 4; 1; 0],0.25750163407064974,0.2171794114440053,tvm
64,64,16,448,64,16,8,8,1,0,[64; 64; 16; 448; 64; 16; 8; 8; 1; 0],0.2638609779532999,0.21194514538345718,tvm
32,32,4,7168,112,16,128,64,1,1,[32; 32; 4; 7168; 112; 16; 128; 64; 1; 1],0.22626783698797226,0.24715865090585584,tvm
32,32,1,448,224,224,64,64,14,0,[32; 32; 1; 448; 224; 224; 64; 64; 14; 0],0.18782557686790824,0.2977446110689331,tvm
64,64,1,14336,256,32,16,16,2,1,[64; 64; 1; 14336; 256; 32; 16; 16; 2; 1],0.1999843472149223,0.27964215255923003,tvm
32,32,4,112,16,16,32,2,1,1,[32; 32; 4; 112; 16; 16; 32; 2; 1; 1],0.21697619021870196,0.2577428116742417,tvm
16,16,2,256,256,64,16,8,4,1,[16; 16; 2; 256; 256; 64; 16; 8; 4; 1],0.21766996197402477,0.2569213171452978,tvm
64,64,16,896,16,16,64,8,1,0,[64; 64; 16; 896; 16; 16; 64; 8; 1; 0],0.22884407406672835,0.24437623548436962,tvm
32,32,1,112,112,112,64,1,7,1,[32; 32; 1; 112; 112; 112; 64; 1; 7; 1],0.2401551289949566,0.23286637086359196,tvm
64,32,2,2048,256,64,2,1,4,1,[64; 32; 2; 2048; 256; 64; 2; 1; 4; 1],0.1666848100721836,0.3355077964759666,tvm
64,64,1,14336,1792,224,64,16,14,0,[64; 64; 1; 14336; 1792; 224; 64; 16; 14; 0],0.189129059901461,0.29569254646784887,tvm
64,64,16,3584,64,16,16,1,1,1,[64; 64; 16; 3584; 64; 16; 16; 1; 1; 1],0.17259928095154464,0.32401092881165244,tvm
64,32,16,1792,256,16,4,2,1,0,[64; 32; 16; 1792; 256; 16; 4; 2; 1; 0],0.2823791780974716,0.19804595264467226,tvm
32,32,1,7168,128,16,16,4,1,0,[32; 32; 1; 7168; 128; 16; 16; 4; 1; 0],0.20715163508430123,0.26996674832218825,tvm
64,32,2,2048,32,32,16,8,2,0,[64; 32; 2; 2048; 32; 32; 16; 8; 2; 0],0.17531925695948303,0.31898408824683533,tvm
32,32,4,14336,14336,32,64,8,2,1,[32; 32; 4; 14336; 14336; 32; 64; 8; 2; 1],0.28182114800438285,0.1984381006512102,tvm
64,32,2,1024,32,32,8,8,2,1,[64; 32; 2; 1024; 32; 32; 8; 8; 2; 1],0.17700427281670272,0.3159474765405559,tvm
64,64,8,7168,64,16,128,64,1,1,[64; 64; 8; 7168; 64; 16; 128; 64; 1; 1],0.1816718140617013,0.30783010354231294,tvm
64,64,4,1024,64,32,4,2,2,0,[64; 64; 4; 1024; 64; 32; 4; 2; 2; 0],0.2508822961244732,0.22290952449505272,tvm
64,32,16,3584,224,16,8,2,1,1,[64; 32; 16; 3584; 224; 16; 8; 2; 1; 1],0.17362984106875956,0.32208779890080486,tvm
32,16,16,1792,896,16,16,1,1,1,[32; 16; 16; 1792; 896; 16; 16; 1; 1; 1],0.1761481969151646,0.3174829735002461,tvm
64,32,16,1792,448,16,8,8,1,0,[64; 32; 16; 1792; 448; 16; 8; 8; 1; 0],0.17626580595970154,0.3172711407572656,tvm
64,16,2,7168,448,112,8,8,7,0,[64; 16; 2; 7168; 448; 112; 8; 8; 7; 0],0.22423391579650342,0.2494005116696329,tvm
32,32,4,1024,128,16,32,8,1,0,[32; 32; 4; 1024; 128; 16; 32; 8; 1; 0],0.19716068590059876,0.28364708246921094,tvm
64,32,1,1792,128,16,8,2,1,0,[64; 32; 1; 1792; 128; 16; 8; 2; 1; 0],0.17824894189834595,0.3137412920253205,tvm
64,64,2,448,32,32,4,4,2,0,[64; 64; 2; 448; 32; 32; 4; 4; 2; 0],0.33690265100449324,0.16599469658844412,tvm
16,16,2,1792,256,32,8,8,2,0,[16; 16; 2; 1792; 256; 32; 8; 8; 2; 0],0.20704602007754147,0.2701044594452433,tvm
32,16,2,896,448,32,4,1,2,0,[32; 16; 2; 896; 448; 32; 4; 1; 2; 0],0.18047241191379726,0.30987591255801183,tvm
32,32,8,448,112,16,16,2,1,1,[32; 32; 8; 448; 112; 16; 16; 2; 1; 1],0.16874010721221566,0.3314212267448696,tvm
64,64,16,3584,224,16,16,2,1,1,[64; 64; 16; 3584; 224; 16; 16; 2; 1; 1],0.16008156188763678,0.349347249451421,tvm
32,32,16,2048,512,16,16,1,1,0,[32; 32; 16; 2048; 512; 16; 16; 1; 1; 0],0.1715558608993888,0.3259815959661718,tvm
64,32,16,14336,512,16,16,16,1,0,[64; 32; 16; 14336; 512; 16; 16; 16; 1; 0],0.18533589504659176,0.30174431844017335,tvm
64,16,4,1792,448,32,32,2,2,1,[64; 16; 4; 1792; 448; 32; 32; 2; 2; 1],0.15735140908509493,0.35540865924556075,tvm
64,32,4,2048,32,32,32,4,2,1,[64; 32; 4; 2048; 32; 32; 32; 4; 2; 1],0.17570698191411793,0.3182801999334773,tvm
32,16,8,1792,1792,32,4,1,2,0,[32; 16; 8; 1792; 1792; 32; 4; 1; 2; 0],0.22645988501608372,0.24694904940608567,tvm
64,64,4,2048,128,16,32,1,1,0,[64; 64; 4; 2048; 128; 16; 32; 1; 1; 0],0.16643936512991786,0.3360025633940661,tvm
32,16,4,2048,512,32,32,1,2,0,[32; 16; 4; 2048; 512; 32; 32; 1; 2; 0],0.1729335249401629,0.32338468410149934,tvm
32,32,2,14336,256,128,32,32,8,0,[32; 32; 2; 14336; 256; 128; 32; 32; 8; 0],0.17641422408632934,0.3170042190360261,tvm
32,32,8,128,128,32,32,4,2,0,[32; 32; 8; 128; 128; 32; 32; 4; 2; 0],0.15626947511918843,0.35786933622628125,tvm
64,16,4,7168,896,64,32,8,4,1,[64; 16; 4; 7168; 896; 64; 32; 8; 4; 1],0.1556962679605931,0.3591868582713092,tvm
32,16,8,3584,1792,32,8,4,2,1,[32; 16; 8; 3584; 1792; 32; 8; 4; 2; 1],0.14076235913671553,0.39729408967220464,tvm
32,16,4,14336,1792,64,16,16,4,1,[32; 16; 4; 14336; 1792; 64; 16; 16; 4; 1],0.15702403313480318,0.35614964293601625,tvm
64,16,8,7168,3584,32,32,1,2,1,[64; 16; 8; 7168; 3584; 32; 32; 1; 2; 1],0.1766459180507809,0.31658842700942963,tvm
32,16,4,1792,1792,32,16,4,2,1,[32; 16; 4; 1792; 1792; 32; 16; 4; 2; 1],0.15422957087866962,0.3626026644224281,tvm
64,64,2,14336,128,128,16,16,8,1,[64; 64; 2; 14336; 128; 128; 16; 16; 8; 1],0.11291176592931151,0.49528986525943297,tvm
64,64,8,512,128,32,64,32,2,0,[64; 64; 8; 512; 128; 32; 64; 32; 2; 0],0.12963780015707016,0.4313869354893042,tvm
64,64,2,14336,128,128,16,8,8,1,[64; 64; 2; 14336; 128; 128; 16; 8; 8; 1],0.1410450639668852,0.39649777000677794,tvm
64,64,2,3584,512,128,4,1,8,0,[64; 64; 2; 3584; 512; 128; 4; 1; 8; 0],0.1323449721094221,0.42256273466207417,tvm
64,32,8,14336,2048,16,32,1,1,1,[64; 32; 8; 14336; 2048; 16; 32; 1; 1; 1],0.1182035650126636,0.47311646926505113,tvm
64,64,2,3584,512,128,16,2,8,0,[64; 64; 2; 3584; 512; 128; 16; 2; 8; 0],0.14125383109785616,0.39591176323275035,tvm
32,32,8,3584,448,16,8,4,1,1,[32; 32; 8; 3584; 448; 16; 8; 4; 1; 1],0.1559848221950233,0.3585224033105805,tvm
64,32,4,7168,448,64,64,1,4,0,[64; 32; 4; 7168; 448; 64; 64; 1; 4; 0],0.13827099604532123,0.40445252390460146,tvm
64,64,2,14336,1024,64,64,2,4,1,[64; 64; 2; 14336; 1024; 64; 64; 2; 4; 1],0.1361385970376432,0.4107876425219071,tvm
64,64,2,3584,224,112,64,8,7,1,[64; 64; 2; 3584; 224; 112; 64; 8; 7; 1],0.13007012102752924,0.429953112148616,tvm
32,32,8,7168,1792,32,8,4,2,0,[32; 32; 8; 7168; 1792; 32; 8; 4; 2; 0],0.1322521110996604,0.422859437693142,tvm
64,64,8,7168,224,32,16,4,2,0,[64; 64; 8; 7168; 224; 32; 16; 4; 2; 0],0.12114684493280947,0.46162203699444226,tvm
32,32,4,14336,896,64,32,4,4,0,[32; 32; 4; 14336; 896; 64; 32; 4; 4; 0],0.11789958295412362,0.4743363117331311,tvm
64,32,4,7168,1792,32,32,32,2,1,[64; 32; 4; 7168; 1792; 32; 32; 32; 2; 1],0.13752753310836852,0.4066389621725162,tvm
64,32,1,7168,224,112,64,32,7,0,[64; 32; 1; 7168; 224; 112; 64; 32; 7; 0],0.25023041805252433,0.22349022860040405,tvm
32,16,4,512,128,32,16,4,2,1,[32; 16; 4; 512; 128; 32; 16; 4; 2; 1],0.20276547805406153,0.27580658142616765,tvm
64,16,4,1024,1024,64,128,16,4,0,[64; 16; 4; 1024; 1024; 64; 128; 16; 4; 0],0.22232565702870488,0.2515411585002665,tvm
32,32,1,1792,224,224,16,16,14,1,[32; 32; 1; 1792; 224; 224; 16; 16; 14; 1],0.18376442813314497,0.30432469385649563,tvm
64,64,1,7168,1024,32,16,16,2,1,[64; 64; 1; 7168; 1024; 32; 16; 16; 2; 1],0.20243974891491234,0.2762503590974065,tvm
16,16,2,14336,1792,16,8,8,1,0,[16; 16; 2; 14336; 1792; 16; 8; 8; 1; 0],0.21308433101512492,0.26245033159835573,tvm
32,32,8,64,32,16,32,8,1,1,[32; 32; 8; 64; 32; 16; 32; 8; 1; 1],0.1934575429186225,0.28907662368511355,tvm
64,64,4,256,32,16,8,2,1,1,[64; 64; 4; 256; 32; 16; 8; 2; 1; 1],0.15597106609493494,0.35855402372702916,tvm
64,32,8,14336,112,16,128,64,1,1,[64; 32; 8; 14336; 112; 16; 128; 64; 1; 1],0.23771789204329252,0.23525386689508673,tvm
64,64,2,3584,256,128,128,4,8,0,[64; 64; 2; 3584; 256; 128; 128; 4; 8; 0],0.23805129597894847,0.23492438091275442,tvm
64,64,8,14336,512,16,128,2,1,1,[64; 64; 8; 14336; 512; 16; 128; 2; 1; 1],0.23235419602133334,0.24068449931585797,tvm
64,16,4,1024,512,32,64,8,2,1,[64; 16; 4; 1024; 512; 32; 64; 8; 2; 1],0.19226095592603087,0.2908757686342159,tvm
32,16,8,14336,7168,32,32,32,2,0,[32; 16; 8; 14336; 7168; 32; 32; 32; 2; 0],0.3161296311300248,0.17690228256500148,tvm
32,32,1,1024,64,16,8,4,1,0,[32; 32; 1; 1024; 64; 16; 8; 4; 1; 0],0.18674383591860533,0.29946934022340926,tvm
64,16,1,256,256,128,8,8,8,1,[64; 16; 1; 256; 256; 128; 8; 8; 8; 1],0.22084943507798016,0.253222532869903,tvm
64,16,2,7168,448,64,32,16,4,1,[64; 16; 2; 7168; 448; 64; 32; 16; 4; 1],0.2011181078851223,0.27806572924441436,tvm
64,32,2,448,448,64,128,8,4,1,[64; 32; 2; 448; 448; 64; 128; 8; 4; 1],0.19544135686010122,0.28614237146012195,tvm
64,64,16,7168,112,16,4,4,1,1,[64; 64; 16; 7168; 112; 16; 4; 4; 1; 1],0.2147596508730203,0.26040298122108246,tvm
16,16,4,7168,448,32,4,1,2,0,[16; 16; 4; 7168; 448; 32; 4; 1; 2; 0],0.19159993715584278,0.2918792884981275,tvm
64,64,4,1792,448,32,128,32,2,0,[64; 64; 4; 1792; 448; 32; 128; 32; 2; 0],0.1973586450330913,0.2833625723563135,tvm
64,16,1,896,896,64,8,4,4,0,[64; 16; 1; 896; 896; 64; 8; 4; 4; 0],0.18442621710710227,0.3032326651305569,tvm
64,32,8,3584,256,32,128,32,2,1,[64; 32; 8; 3584; 256; 32; 128; 32; 2; 1],0.19763240194879472,0.28297006352137993,tvm
64,64,2,14336,112,112,2,2,7,1,[64; 64; 2; 14336; 112; 112; 2; 2; 7; 1],0.17302398313768208,0.3232156162353073,tvm
32,16,8,256,256,16,16,1,1,1,[32; 16; 8; 256; 256; 16; 16; 1; 1; 1],0.17532657203264534,0.3189707794145455,tvm
64,64,4,224,224,16,4,4,1,0,[64; 64; 4; 224; 224; 16; 4; 4; 1; 0],0.144707215949893,0.386463473616256,tvm
64,64,2,1024,512,128,128,64,8,1,[64; 64; 2; 1024; 512; 128; 128; 64; 8; 1],0.15992567501962185,0.3496877741893027,tvm
64,32,2,256,128,128,32,1,8,0,[64; 32; 2; 256; 128; 128; 32; 1; 8; 0],0.17316818400286138,0.3229464676514091,tvm
32,32,4,7168,224,16,32,8,1,1,[32; 32; 4; 7168; 224; 16; 32; 8; 1; 1],0.17567439912818372,0.31833923218674237,tvm
64,32,2,14336,2048,16,16,8,1,0,[64; 32; 2; 14336; 2048; 16; 16; 8; 1; 0],0.19773825607262552,0.2828185827268219,tvm
32,32,2,1024,512,64,64,64,4,0,[32; 32; 2; 1024; 512; 64; 64; 64; 4; 0],0.18984714290127158,0.2945741109331109,tvm
16,16,8,1024,512,16,8,2,1,0,[16; 16; 8; 1024; 512; 16; 8; 2; 1; 0],0.17980712302960455,0.3110224577928743,tvm
32,16,4,14336,2048,16,8,1,1,1,[32; 16; 4; 14336; 2048; 16; 8; 1; 1; 1],0.15817480301484466,0.3535585457823196,tvm
64,16,4,1024,512,16,16,2,1,1,[64; 16; 4; 1024; 512; 16; 16; 2; 1; 1],0.18344310112297535,0.304857762385097,tvm
32,32,4,14336,256,16,32,4,1,0,[32; 32; 4; 14336; 256; 16; 32; 4; 1; 0],0.18381852097809315,0.3042351392871786,tvm
32,32,2,896,448,112,16,2,7,0,[32; 32; 2; 896; 448; 112; 16; 2; 7; 0],0.1754273078404367,0.31878761648785114,tvm
64,32,2,1792,1792,112,16,16,7,0,[64; 32; 2; 1792; 1792; 112; 16; 16; 7; 0],0.16737058106809855,0.3341331133371602,tvm
16,16,8,3584,512,32,32,32,2,0,[16; 16; 8; 3584; 512; 32; 32; 32; 2; 0],0.1542597860097885,0.3625316408113304,tvm
32,32,2,3584,896,112,64,4,7,1,[32; 32; 2; 3584; 896; 112; 64; 4; 7; 1],0.17117148218676448,0.3267136126817833,tvm
64,32,2,448,448,112,64,4,7,1,[64; 32; 2; 448; 448; 112; 64; 4; 7; 1],0.15688924491405487,0.3564556216964965,tvm
64,64,2,512,256,32,16,4,2,0,[64; 64; 2; 512; 256; 32; 16; 4; 2; 0],0.1675489260815084,0.3337774502125288,tvm
32,32,2,448,448,112,8,1,7,0,[32; 32; 2; 448; 448; 112; 8; 1; 7; 0],0.16997325303964317,0.3290167854838318,tvm
32,32,2,3584,256,32,4,1,2,0,[32; 32; 2; 3584; 256; 32; 4; 1; 2; 0],0.15274840197525918,0.36611874566381003,tvm
64,32,2,2048,2048,64,16,8,4,1,[64; 32; 2; 2048; 2048; 64; 16; 8; 4; 1],0.15617875289171934,0.3580772179177674,tvm
64,64,2,2048,2048,128,8,4,8,1,[64; 64; 2; 2048; 2048; 128; 8; 4; 8; 1],0.1628180940169841,0.34347566633165294,tvm
64,64,4,3584,128,64,4,2,4,1,[64; 64; 4; 3584; 128; 64; 4; 2; 4; 1],0.1646146068815142,0.3397271626908916,tvm
64,32,4,1792,64,64,64,32,4,0,[64; 32; 4; 1792; 64; 64; 64; 32; 4; 0],0.14382829307578504,0.3888251201303363,tvm
64,32,8,128,128,32,64,8,2,1,[64; 32; 8; 128; 128; 32; 64; 8; 2; 1],0.1548976651392877,0.36103871083560285,tvm
64,64,4,7168,64,64,128,1,4,1,[64; 64; 4; 7168; 64; 64; 128; 1; 4; 1],0.11958932084962726,0.4676341744899845,tvm
32,16,4,3584,1792,64,32,16,4,1,[32; 16; 4; 3584; 1792; 64; 32; 16; 4; 1],0.14142359187826514,0.39543652222800096,tvm
32,32,4,3584,128,64,64,32,4,1,[32; 32; 4; 3584; 128; 64; 64; 32; 4; 1],0.13381247594952583,0.4179285446779113,tvm
32,16,4,2048,2048,64,16,4,4,1,[32; 16; 4; 2048; 2048; 64; 16; 4; 4; 1],0.1412378188688308,0.3959566480226564,tvm
64,64,4,3584,512,16,32,8,1,0,[64; 64; 4; 3584; 512; 16; 32; 8; 1; 0],0.14761349093168974,0.37885462216467053,tvm
32,32,8,7168,1792,16,16,16,1,0,[32; 32; 8; 7168; 1792; 16; 16; 16; 1; 0],0.1257492818403989,0.4447266220121415,tvm
64,32,4,1792,448,64,4,1,4,1,[64; 32; 4; 1792; 448; 64; 4; 1; 4; 1],0.1411847451236099,0.3961054948561955,tvm
64,32,8,896,896,16,8,8,1,0,[64; 32; 8; 896; 896; 16; 8; 8; 1; 0],0.14712309115566313,0.3801174437951624,tvm
64,64,2,448,448,64,64,2,4,0,[64; 64; 2; 448; 448; 64; 64; 2; 4; 0],0.1505617960356176,0.37143588085322576,tvm
64,64,2,2048,128,128,16,16,8,0,[64; 64; 2; 2048; 128; 128; 16; 16; 8; 0],0.10679402202367783,0.5236627694472836,tvm
32,32,4,14336,3584,64,32,32,4,1,[32; 32; 4; 14336; 3584; 64; 32; 32; 4; 1],0.12209366890601814,0.45804220509075694,tvm
64,32,8,2048,1024,16,8,4,1,1,[64; 32; 8; 2048; 1024; 16; 8; 4; 1; 1],0.14941670605912805,0.3742824668561676,tvm
64,64,8,14336,224,32,16,16,2,1,[64; 64; 8; 14336; 224; 32; 16; 16; 2; 1],0.14277556305751204,0.39169205244742283,tvm
64,64,8,2048,1024,32,64,32,2,1,[64; 64; 8; 2048; 1024; 32; 64; 32; 2; 1],0.11371810385026038,0.4917779266436941,tvm
64,64,4,3584,1792,32,32,16,2,0,[64; 64; 4; 3584; 1792; 32; 32; 16; 2; 0],0.1040170390624553,0.5376431961282292,tvm
64,64,4,7168,1792,32,32,4,2,0,[64; 64; 4; 7168; 1792; 32; 32; 4; 2; 0],0.10368525702506304,0.5393635984315036,tvm
64,64,4,2048,1024,32,32,16,2,0,[64; 64; 4; 2048; 1024; 32; 32; 16; 2; 0],0.10365536902099848,0.5395191186093241,tvm
