i1,i2,i3,j1,j2,j3,k1,ku,nvr,pack_c,X,time,peak,backend
64,4,1,3584,448,64,64,4,4,0,[64; 4; 1; 3584; 448; 64; 64; 4; 4; 0],0.20188683387823403,0.034625867038377146,tvm
16,2,1,14336,64,16,128,32,1,1,[16; 2; 1; 14336; 64; 16; 128; 32; 1; 1],0.4070109899621457,0.017175228283926248,tvm
32,2,2,112,112,112,2048,4,7,0,[32; 2; 2; 112; 112; 112; 2048; 4; 7; 0],0.10388773691374809,0.06728904560189308,tvm
16,16,2,448,112,16,1024,32,1,1,[16; 16; 2; 448; 112; 16; 1024; 32; 1; 1],0.061976133030839264,0.11279352752112168,tvm
64,8,1,896,448,32,128,4,2,1,[64; 8; 1; 896; 448; 32; 128; 4; 2; 1],0.0792119720717892,0.08825063287568732,tvm
16,16,4,7168,448,16,4,2,1,1,[16; 16; 4; 7168; 448; 16; 4; 2; 1; 1],0.01841720350785181,0.37956395843084445,tvm
64,16,1,14336,7168,64,512,64,4,0,[64; 16; 1; 14336; 7168; 64; 512; 64; 4; 0],0.9516291539184749,0.00734583071344779,tvm
32,16,2,14336,1024,64,4,4,4,0,[32; 16; 2; 14336; 1024; 64; 4; 4; 4; 0],0.08297543658409268,0.08424790461430155,tvm
32,16,2,32,32,32,8,1,2,0,[32; 16; 2; 32; 32; 32; 8; 1; 2; 0],0.04085272876545787,0.17111480378214874,tvm
64,64,1,7168,3584,112,512,64,7,1,[64; 64; 1; 7168; 3584; 112; 512; 64; 7; 1],0.3753923980984837,0.018621865285702234,tvm
32,32,4,512,128,32,64,8,2,1,[32; 32; 4; 512; 128; 32; 64; 8; 2; 1],0.019278811378171667,0.36260050111707776,tvm
8,8,8,3584,896,16,16,8,1,1,[8; 8; 8; 3584; 896; 16; 16; 8; 1; 1],0.029816303751431406,0.23445249032020174,tvm
64,2,1,1792,896,64,16,4,4,1,[64; 2; 1; 1792; 896; 64; 16; 4; 4; 1],0.12683479790575802,0.055115053456077714,tvm
16,8,8,1792,16,16,1024,64,1,1,[16; 8; 8; 1792; 16; 16; 1024; 64; 1; 1],0.06420960347168148,0.10887011114699856,tvm
4,4,1,14336,112,16,4,4,1,1,[4; 4; 1; 14336; 112; 16; 4; 4; 1; 1],0.0783956014784053,0.08916962858678058,tvm
8,1,1,14336,512,32,512,1,2,1,[8; 1; 1; 14336; 512; 32; 512; 1; 2; 1],0.27665696502663195,0.025267777610419952,tvm
16,16,1,14336,1024,32,32,2,2,1,[16; 16; 1; 14336; 1024; 32; 32; 2; 2; 1],0.08151502895634621,0.0857572739182893,tvm
64,16,1,14336,7168,64,512,64,4,0,[64; 16; 1; 14336; 7168; 64; 512; 64; 4; 0],0.9570993878878653,0.007303846136704124,tvm
8,8,2,256,32,16,2048,4,1,0,[8; 8; 2; 256; 32; 16; 2048; 4; 1; 0],0.09097077348269522,0.07684343442453444,tvm
4,2,2,1792,112,16,256,4,1,0,[4; 2; 2; 1792; 112; 16; 256; 4; 1; 0],0.16872576111927629,0.04143117577478231,tvm
64,32,4,64,32,16,64,8,1,1,[64; 32; 4; 64; 32; 16; 64; 8; 1; 1],0.030519000778440386,0.2290542445152722,tvm
16,4,2,512,256,64,4,1,4,0,[16; 4; 2; 512; 256; 64; 4; 1; 4; 0],0.055007678107358515,0.12708238026377502,tvm
16,2,2,448,32,32,512,8,2,0,[16; 2; 2; 448; 32; 32; 512; 8; 2; 0],0.10517746303230524,0.06646392169128032,tvm
64,4,2,3584,896,16,64,4,1,1,[64; 4; 2; 3584; 896; 16; 64; 4; 1; 1],0.19483382510952652,0.03587932774371662,tvm
8,8,2,224,32,16,1024,16,1,0,[8; 8; 2; 224; 32; 16; 1024; 16; 1; 0],0.08717667253222317,0.08018781244584394,tvm
64,32,16,448,448,16,4096,64,1,1,[64; 32; 16; 448; 448; 16; 4096; 64; 1; 1],0.05357936699874699,0.13047012419594556,tvm
32,8,1,7168,64,32,1024,32,2,0,[32; 8; 1; 7168; 64; 32; 1024; 32; 2; 0],0.21546819689683616,0.0324433339460006,tvm
64,32,2,7168,112,112,2,1,7,1,[64; 32; 2; 7168; 112; 112; 2; 1; 7; 1],0.10658532497473061,0.0655860144754823,tvm
8,8,1,7168,3584,32,1024,2,2,0,[8; 8; 1; 7168; 3584; 32; 1024; 2; 2; 0],0.09903656144160777,0.07058511084099268,tvm
64,32,2,14336,448,32,2048,32,2,0,[64; 32; 2; 14336; 448; 32; 2048; 32; 2; 0],0.49079582490958273,0.01424320728065382,tvm
32,32,8,3584,512,16,4096,16,1,1,[32; 32; 8; 3584; 512; 16; 4096; 16; 1; 1],0.05967939447145909,0.11713434307732105,tvm
32,16,2,14336,3584,32,2048,64,2,1,[32; 16; 2; 14336; 3584; 32; 2048; 64; 2; 1],0.36773329391144216,0.019009719224254214,tvm
64,64,4,512,256,32,1024,8,2,1,[64; 64; 4; 512; 256; 32; 1024; 8; 2; 1],0.05785753496456891,0.12082275318067989,tvm
1,1,1,3584,32,16,256,2,1,0,[1; 1; 1; 3584; 32; 16; 256; 2; 1; 0],0.37997960508801043,0.018397057560622324,tvm
4,4,1,512,32,16,32,16,1,1,[4; 4; 1; 512; 32; 16; 32; 16; 1; 1],0.1195350328925997,0.058480819367386,tvm
16,16,16,3584,64,16,4096,1,1,0,[16; 16; 16; 3584; 64; 16; 4096; 1; 1; 0],0.054605924524366856,0.12801736675197736,tvm
16,4,1,3584,256,128,4096,4,8,0,[16; 4; 1; 3584; 256; 128; 4096; 4; 8; 0],0.17674338910728693,0.03955172921587061,tvm
8,4,4,256,64,16,64,64,1,0,[8; 4; 4; 256; 64; 16; 64; 64; 1; 0],0.08012392895761877,0.08724617923272668,tvm
32,32,2,3584,3584,128,4096,32,8,1,[32; 32; 2; 3584; 3584; 128; 4096; 32; 8; 1],0.13913883897475898,0.05024123183847184,tvm
16,16,1,14336,14336,128,64,8,8,0,[16; 16; 1; 14336; 14336; 128; 64; 8; 8; 0],0.1603920110501349,0.04358388314291784,tvm
8,1,1,2048,128,32,32,32,2,1,[8; 1; 1; 2048; 128; 32; 32; 32; 2; 1],0.18223350797779858,0.038360160786227726,tvm
16,8,2,1024,1024,16,4096,1,1,1,[16; 8; 2; 1024; 1024; 16; 4096; 1; 1; 1],0.11573140090331435,0.06040285188033588,tvm
4,4,1,3584,512,64,128,4,4,0,[4; 4; 1; 3584; 512; 64; 128; 4; 4; 0],0.08716871042270213,0.08019513691057274,tvm
32,4,1,7168,448,32,16,2,2,0,[32; 4; 1; 7168; 448; 32; 16; 2; 2; 0],0.13554789498448372,0.05157222594616372,tvm
32,8,2,1792,32,16,32,4,1,0,[32; 8; 2; 1792; 32; 16; 32; 4; 1; 0],0.08246615750249475,0.08476818707668284,tvm
32,32,1,14336,1792,32,1,1,2,1,[32; 32; 1; 14336; 1792; 32; 1; 1; 2; 1],0.20783075387589633,0.03363557383254725,tvm
8,1,1,448,448,64,512,8,4,1,[8; 1; 1; 448; 448; 64; 512; 8; 4; 1],0.1789595738518983,0.039061931788303236,tvm
64,2,1,3584,448,16,64,64,1,0,[64; 2; 1; 3584; 448; 16; 64; 64; 1; 0],0.3704168270342052,0.018872000828464377,tvm
64,32,4,64,32,16,64,8,1,1,[64; 32; 4; 64; 32; 16; 64; 8; 1; 1],0.03088707523420453,0.22632465565808374,tvm
16,2,1,112,16,16,2,1,1,1,[16; 2; 1; 112; 16; 16; 2; 1; 1; 1],0.11299573397263885,0.06186522641960422,tvm
32,32,16,14336,256,16,2048,8,1,0,[32; 32; 16; 14336; 256; 16; 2048; 8; 1; 0],0.1839624741114676,0.03799963389506785,tvm
16,8,1,7168,512,64,128,2,4,0,[16; 8; 1; 7168; 512; 64; 128; 2; 4; 0],0.05599948950111866,0.1248316141618938,tvm
2,2,2,1792,1792,32,32,4,2,0,[2; 2; 2; 1792; 1792; 32; 32; 4; 2; 0],0.10185920190997422,0.06862911288903537,tvm
32,32,1,512,256,16,64,8,1,1,[32; 32; 1; 512; 256; 16; 64; 8; 1; 1],0.061294528539292514,0.11404780872383155,tvm
64,64,1,14336,256,64,64,2,4,0,[64; 64; 1; 14336; 256; 64; 64; 2; 4; 0],0.2321260708849877,0.030115129420901096,tvm
32,16,1,14336,1024,16,1024,32,1,1,[32; 16; 1; 14336; 1024; 16; 1024; 32; 1; 1],0.4162269178777933,0.01679494133226415,tvm
64,8,2,14336,448,64,128,4,4,1,[64; 8; 2; 14336; 448; 64; 128; 4; 4; 1],0.44682405795902014,0.01564487529744379,tvm
32,1,1,7168,896,32,4096,4,2,0,[32; 1; 1; 7168; 896; 32; 4096; 4; 2; 0],0.5737917500082403,0.01218300309575081,tvm
32,32,4,512,128,32,64,8,2,1,[32; 32; 4; 512; 128; 32; 64; 8; 2; 1],0.019132286251988262,0.36537748675698395,tvm
64,16,2,3584,512,128,64,1,8,1,[64; 16; 2; 3584; 512; 128; 64; 1; 8; 1],0.05799464101437479,0.12053711419532662,tvm
64,2,1,7168,32,32,32,8,2,1,[64; 2; 1; 7168; 32; 32; 32; 8; 2; 1],0.6942982948385179,0.01006844855969658,tvm
32,2,1,7168,1792,128,256,16,8,1,[32; 2; 1; 7168; 1792; 128; 256; 16; 8; 1],0.3405161921400577,0.02052914612586588,tvm
32,4,2,1024,256,128,128,8,8,0,[32; 4; 2; 1024; 256; 128; 128; 8; 8; 0],0.10520378989167511,0.06644728934066503,tvm
32,4,4,7168,256,64,512,64,4,1,[32; 4; 4; 7168; 256; 64; 512; 64; 4; 1],0.15326899802312255,0.04560939757440093,tvm
64,32,8,14336,128,32,256,2,2,0,[64; 32; 8; 14336; 128; 32; 256; 2; 2; 0],0.24063489097170532,0.029050262156241652,tvm
16,16,8,7168,128,16,32,32,1,1,[16; 16; 8; 7168; 128; 16; 32; 32; 1; 1],0.024693778628716245,0.28308776764271504,tvm
64,8,8,64,16,16,256,2,1,1,[64; 8; 8; 64; 16; 16; 256; 2; 1; 1],0.06173425947781652,0.11323545023130346,tvm
32,16,16,14336,14336,16,8,2,1,1,[32; 16; 16; 14336; 14336; 16; 8; 2; 1; 1],0.12201715190894902,0.05729118043898521,tvm
64,32,16,128,32,16,512,4,1,1,[64; 32; 16; 128; 32; 16; 512; 4; 1; 1],0.04330926772672683,0.16140902475598115,tvm
32,32,16,7168,7168,16,64,4,1,0,[32; 32; 16; 7168; 7168; 16; 64; 4; 1; 0],0.07775237690657377,0.08990730502125185,tvm
8,8,8,896,896,16,2,1,1,0,[8; 8; 8; 896; 896; 16; 2; 1; 1; 0],0.0440585877513513,0.15866388423792055,tvm
32,32,8,128,64,16,512,8,1,1,[32; 32; 8; 128; 64; 16; 512; 8; 1; 1],0.0356232735211961,0.19623425855311322,tvm
64,32,4,7168,3584,32,32,8,2,1,[64; 32; 4; 7168; 3584; 32; 32; 8; 2; 1],0.06323995301499963,0.11053940323150804,tvm
32,32,8,1024,1024,32,32,16,2,1,[32; 32; 8; 1024; 1024; 32; 32; 16; 2; 1],0.014997636870248243,0.46610720923202076,tvm
8,4,4,128,64,16,16,8,1,0,[8; 4; 4; 128; 64; 16; 16; 8; 1; 0],0.08296880393754691,0.08425463951401095,tvm
16,8,4,3584,512,64,2,1,4,0,[16; 8; 4; 3584; 512; 64; 2; 1; 4; 0],0.03399255272233859,0.20564818193464998,tvm
64,8,4,1792,896,16,4,2,1,1,[64; 8; 4; 1792; 896; 16; 4; 2; 1; 1],0.03387249924708158,0.2063770557842425,tvm
32,32,8,128,128,32,512,8,2,0,[32; 32; 8; 128; 128; 32; 512; 8; 2; 0],0.02854880498489365,0.244861621015858,tvm
16,4,4,512,16,16,8,1,1,0,[16; 4; 4; 512; 16; 16; 8; 1; 1; 0],0.07330991001799703,0.09535554831468966,tvm
4,4,4,64,32,32,8,4,2,1,[4; 4; 4; 64; 32; 32; 8; 4; 2; 1],0.0816639504628256,0.0856008878709441,tvm
32,16,16,14336,512,16,16,2,1,1,[32; 16; 16; 14336; 512; 16; 16; 2; 1; 1],0.08205374493263662,0.08519424277838433,tvm
64,16,8,7168,32,16,64,1,1,0,[64; 16; 8; 7168; 32; 16; 64; 1; 1; 0],0.1498392231296748,0.04665338301051454,tvm
64,16,16,1024,128,16,128,16,1,1,[64; 16; 16; 1024; 128; 16; 128; 16; 1; 1],0.062014463590458035,0.11272381089727386,tvm
16,16,4,1792,224,16,256,4,1,0,[16; 16; 4; 1792; 224; 16; 256; 4; 1; 0],0.04111365624703467,0.17002882508584624,tvm
64,16,8,3584,512,16,64,2,1,1,[64; 16; 8; 3584; 512; 16; 64; 2; 1; 1],0.07883065950591117,0.08867751088829187,tvm
32,16,8,14336,16,16,16,4,1,1,[32; 16; 8; 14336; 16; 16; 16; 4; 1; 1],0.16710585192777216,0.0418328058893363,tvm
64,64,4,896,448,32,256,64,2,1,[64; 64; 4; 896; 448; 32; 256; 64; 2; 1],0.02917572797741741,0.2396000768884827,tvm
32,16,16,1024,128,16,64,64,1,0,[32; 16; 16; 1024; 128; 16; 64; 64; 1; 0],0.05903654405847192,0.11840982188495007,tvm
16,16,4,3584,512,64,32,1,4,0,[16; 16; 4; 3584; 512; 64; 32; 1; 4; 0],0.019420279248151928,0.3599591219746182,tvm
64,64,16,7168,896,16,8,4,1,1,[64; 64; 16; 7168; 896; 16; 8; 4; 1; 1],0.08333300810772926,0.08388640738409019,tvm
64,32,4,7168,896,32,8,4,2,0,[64; 32; 4; 7168; 896; 32; 8; 4; 2; 0],0.07299068395514041,0.0957725875121678,tvm
64,64,8,1792,128,32,128,4,2,0,[64; 64; 8; 1792; 128; 32; 128; 4; 2; 0],0.03004407451953739,0.23267505418150936,tvm
64,16,8,2048,512,16,4,1,1,1,[64; 16; 8; 2048; 512; 16; 4; 1; 1; 1],0.025635436759330332,0.27268919707882044,tvm
64,16,16,3584,32,16,16,1,1,0,[64; 16; 16; 3584; 32; 16; 16; 1; 1; 0],0.10495475702919066,0.06660495307251699,tvm
64,32,8,1024,512,32,64,4,2,1,[64; 32; 8; 1024; 512; 32; 64; 4; 2; 1],0.024871917616110295,0.28106022119254304,tvm
32,32,4,7168,896,32,2,1,2,1,[32; 32; 4; 7168; 896; 32; 2; 1; 2; 1],0.05754015047568828,0.12148919682822655,tvm
32,8,4,896,128,32,4,1,2,1,[32; 8; 4; 896; 128; 32; 4; 1; 2; 1],0.04996797477360815,0.1398997397500865,tvm
64,32,16,1024,16,16,16,16,1,1,[64; 32; 16; 1024; 16; 16; 16; 16; 1; 1],0.03698231349699199,0.18902296816112515,tvm
16,16,4,1024,512,16,64,2,1,1,[16; 16; 4; 1024; 512; 16; 64; 2; 1; 1],0.0339891979820095,0.20566847944946348,tvm
32,8,4,256,16,16,16,4,1,1,[32; 8; 4; 256; 16; 16; 16; 4; 1; 1],0.06423076696228236,0.10883423937272363,tvm
32,32,16,896,896,16,64,2,1,0,[32; 32; 16; 896; 896; 16; 64; 2; 1; 0],0.035851530788931996,0.19498488663766514,tvm
64,16,4,3584,448,32,4,1,2,1,[64; 16; 4; 3584; 448; 32; 4; 1; 2; 1],0.0406214872491546,0.17208889038921515,tvm
64,8,4,32,32,16,4,4,1,1,[64; 8; 4; 32; 32; 16; 4; 4; 1; 1],0.05455312051344663,0.12814127956151652,tvm
32,32,4,3584,448,16,32,8,1,1,[32; 32; 4; 3584; 448; 16; 32; 8; 1; 1],0.02141258175834082,0.32646724928177623,tvm
16,16,4,448,32,32,64,16,2,0,[16; 16; 4; 448; 32; 32; 64; 16; 2; 0],0.03209275077097118,0.2178219846766698,tvm
32,16,4,2048,64,16,16,4,1,0,[32; 16; 4; 2048; 64; 16; 16; 4; 1; 0],0.05924067704472691,0.11800180239987486,tvm
32,16,16,3584,32,16,8,2,1,1,[32; 16; 16; 3584; 32; 16; 8; 2; 1; 1],0.05560964602045715,0.12570672836318839,tvm
16,16,4,14336,112,16,2,2,1,0,[16; 16; 4; 14336; 112; 16; 2; 2; 1; 0],0.12812508502975106,0.054560015823938365,tvm
64,32,16,3584,256,16,16,2,1,1,[64; 32; 16; 3584; 256; 16; 16; 2; 1; 1],0.04158119624480605,0.16811701677629964,tvm
64,32,8,7168,64,16,2,1,1,1,[64; 32; 8; 7168; 64; 16; 2; 1; 1; 1],0.11438056011684239,0.061116212925742826,tvm
32,32,4,2048,32,32,32,2,2,1,[32; 32; 4; 2048; 32; 32; 32; 2; 2; 1],0.037086199736222625,0.18849347510359596,tvm
16,16,4,256,256,64,32,4,4,0,[16; 16; 4; 256; 256; 64; 32; 4; 4; 0],0.020905383134959266,0.33438787615313836,tvm
32,16,4,512,512,64,64,32,4,1,[32; 16; 4; 512; 512; 64; 64; 32; 4; 1],0.024049944622674957,0.29066622715113544,tvm
64,16,4,896,64,64,8,2,4,0,[64; 16; 4; 896; 64; 64; 8; 2; 4; 0],0.05431679496541619,0.1286988061633158,tvm
64,16,4,128,32,32,32,16,2,0,[64; 16; 4; 128; 32; 32; 32; 16; 2; 0],0.032842074520885944,0.21285216505495255,tvm
16,16,8,256,64,16,2,1,1,0,[16; 16; 8; 256; 64; 16; 2; 1; 1; 0],0.06477866345085204,0.10791372180703306,tvm
64,64,4,1024,256,16,4,1,1,1,[64; 64; 4; 1024; 256; 16; 4; 1; 1; 1],0.0189385398698505,0.3691153972115512,tvm
32,16,4,256,64,16,128,4,1,1,[32; 16; 4; 256; 64; 16; 128; 4; 1; 1],0.03496912372065708,0.19990511408031683,tvm
64,16,8,512,256,32,4,2,2,1,[64; 16; 8; 512; 256; 32; 4; 2; 2; 1],0.028851733775809407,0.24229069632299957,tvm
64,16,8,448,16,16,16,2,1,0,[64; 16; 8; 448; 16; 16; 16; 2; 1; 0],0.04569858149625361,0.1529698830419879,tvm
32,32,4,128,16,16,128,16,1,1,[32; 32; 4; 128; 16; 16; 128; 16; 1; 1],0.028330089000519365,0.24675201925904688,tvm
64,16,4,256,256,16,8,2,1,1,[64; 16; 4; 256; 256; 16; 8; 2; 1; 1],0.02549491502577439,0.2741921932118436,tvm
64,64,16,64,32,16,128,8,1,1,[64; 64; 16; 64; 32; 16; 128; 8; 1; 1],0.029799132724292576,0.23458758787862072,tvm
64,32,8,512,512,16,64,4,1,1,[64; 32; 8; 512; 512; 16; 64; 4; 1; 1],0.03169113298645243,0.22058241558151367,tvm
32,32,16,128,16,16,32,8,1,1,[32; 32; 16; 128; 16; 16; 32; 8; 1; 1],0.03650614549405873,0.19148848973399155,tvm
64,64,16,64,32,16,4,1,1,0,[64; 64; 16; 64; 32; 16; 4; 1; 1; 0],0.058847461943514645,0.11879028314554294,tvm
32,32,8,256,16,16,4,1,1,0,[32; 32; 8; 256; 16; 16; 4; 1; 1; 0],0.06370313849765807,0.1097356712954364,tvm
64,64,8,256,32,16,8,8,1,1,[64; 64; 8; 256; 32; 16; 8; 8; 1; 1],0.02527421753620729,0.2765864722281598,tvm
16,16,8,1792,256,16,128,1,1,0,[16; 16; 8; 1792; 256; 16; 128; 1; 1; 0],0.04210935899754986,0.16600838466986426,tvm
32,8,8,256,128,32,64,2,2,0,[32; 8; 8; 256; 128; 32; 64; 2; 2; 0],0.04605009197257459,0.15180223029369638,tvm
32,8,8,896,448,32,512,2,2,0,[32; 8; 8; 896; 448; 32; 512; 2; 2; 0],0.05136797053273767,0.13608687659193192,tvm
16,4,4,256,256,64,512,64,4,1,[16; 4; 4; 256; 256; 64; 512; 64; 4; 1],0.051364121958613396,0.1360970732119058,tvm
4,4,4,1024,1024,64,1024,32,4,1,[4; 4; 4; 1024; 1024; 64; 1024; 32; 4; 1],0.07952795806340873,0.08789998934831245,tvm
8,8,8,224,224,16,32,4,1,1,[8; 8; 8; 224; 224; 16; 32; 4; 1; 1],0.04271001950837672,0.1636736940683349,tvm
8,8,4,3584,1792,16,32,8,1,0,[8; 8; 4; 3584; 1792; 16; 32; 8; 1; 0],0.04065818799426779,0.1719335516785014,tvm
8,8,4,896,224,32,2048,64,2,0,[8; 8; 4; 896; 224; 32; 2048; 64; 2; 0],0.05592178402002901,0.12500507251633708,tvm
8,8,8,3584,256,16,32,4,1,1,[8; 8; 8; 3584; 256; 16; 32; 4; 1; 1],0.03632739023305476,0.192430742253153,tvm
64,8,8,3584,896,32,32,8,2,0,[64; 8; 8; 3584; 896; 32; 32; 8; 2; 0],0.06795470544602722,0.10287009002222593,tvm
32,4,4,1024,1024,16,32,8,1,1,[32; 4; 4; 1024; 1024; 16; 32; 8; 1; 1],0.0599564490839839,0.11659307336354637,tvm
32,8,4,2048,1024,64,2048,32,4,0,[32; 8; 4; 2048; 1024; 64; 2048; 32; 4; 0],0.0861150574637577,0.0811763572196266,tvm
32,32,4,1792,64,64,1024,4,4,0,[32; 32; 4; 1792; 64; 64; 1024; 4; 4; 0],0.031911872792989016,0.21905660980832403,tvm
64,16,4,3584,1792,16,32,32,1,0,[64; 16; 4; 3584; 1792; 16; 32; 32; 1; 0],0.05447541596367955,0.12832406220316803,tvm
16,8,4,3584,1792,32,4,2,2,0,[16; 8; 4; 3584; 1792; 32; 4; 2; 2; 0],0.03386547527043149,0.20641986007413854,tvm
16,4,4,2048,2048,32,8,8,2,0,[16; 4; 4; 2048; 2048; 32; 8; 8; 2; 0],0.0535137765109539,0.1306300381404732,tvm
32,32,8,2048,1024,16,1024,16,1,1,[32; 32; 8; 2048; 1024; 16; 1024; 16; 1; 1],0.06543029996100813,0.10683898241078703,tvm
8,4,4,128,128,64,64,64,4,1,[8; 4; 4; 128; 128; 64; 64; 64; 4; 1],0.06553368852473795,0.1066704289661318,tvm
64,64,16,448,224,16,32,4,1,1,[64; 64; 16; 448; 224; 16; 32; 4; 1; 1],0.023160297103459015,0.30183147631653773,tvm
16,16,4,448,32,32,512,32,2,0,[16; 16; 4; 448; 32; 32; 512; 32; 2; 0],0.03652036428684369,0.19141393584578695,tvm
64,16,8,256,128,16,32,1,1,1,[64; 16; 8; 256; 128; 16; 32; 1; 1; 1],0.034248826501425356,0.20410937777315488,tvm
16,4,4,2048,2048,64,16,8,4,1,[16; 4; 4; 2048; 2048; 64; 16; 8; 4; 1],0.053589968010783195,0.13044431497440082,tvm
32,32,4,896,448,16,1024,1,1,0,[32; 32; 4; 896; 448; 16; 1024; 1; 1; 0],0.046883548493497074,0.1491036171811158,tvm
64,32,4,256,128,16,4096,1,1,1,[64; 32; 4; 256; 128; 16; 4096; 1; 1; 1],0.08182532549835742,0.0854320667115097,tvm
64,32,4,3584,256,64,512,32,4,1,[64; 32; 4; 3584; 256; 64; 512; 32; 4; 1],0.0728563325246796,0.09594919788610934,tvm
16,16,4,64,64,32,2048,16,2,1,[16; 16; 4; 64; 64; 32; 2048; 16; 2; 1],0.03887625125935301,0.17981431954514548,tvm
64,8,4,896,896,64,32,1,4,0,[64; 8; 4; 896; 896; 64; 32; 1; 4; 0],0.03791501198429614,0.1843730570245378,tvm
64,16,4,1024,128,64,512,64,4,1,[64; 16; 4; 1024; 128; 64; 512; 64; 4; 1],0.06209895003121346,0.11257044866544368,tvm
16,16,4,3584,3584,16,4,4,1,0,[16; 16; 4; 3584; 3584; 16; 4; 4; 1; 0],0.025649769231677055,0.27253682493304865,tvm
64,16,8,128,128,32,256,16,2,1,[64; 16; 8; 128; 128; 32; 256; 16; 2; 1],0.03652514272835106,0.19138889390952576,tvm
64,16,8,1024,128,32,16,2,2,1,[64; 16; 8; 1024; 128; 32; 16; 2; 2; 1],0.03790759848197922,0.1844091144415245,tvm
8,4,4,1024,512,64,32,4,4,0,[8; 4; 4; 1024; 512; 64; 32; 4; 4; 0],0.04034206172218546,0.17328084803415864,tvm
16,4,4,1792,1792,64,32,16,4,1,[16; 4; 4; 1792; 1792; 64; 32; 16; 4; 1],0.04657794447848573,0.150081905608685,tvm
16,16,4,896,896,16,2048,16,1,1,[16; 16; 4; 896; 896; 16; 2048; 16; 1; 1],0.04817751323571429,0.145098951713526,tvm
16,8,8,896,448,32,128,64,2,1,[16; 8; 8; 896; 448; 32; 128; 64; 2; 1],0.04555222624912858,0.15346136165628999,tvm
16,16,8,256,128,16,32,4,1,1,[16; 16; 8; 256; 128; 16; 32; 4; 1; 1],0.023612008895725012,0.2960572604193923,tvm
32,16,4,3584,1792,64,8,2,4,0,[32; 16; 4; 3584; 1792; 64; 8; 2; 4; 0],0.024379431240959093,0.28673788972246994,tvm
64,64,8,256,256,32,1024,64,2,0,[64; 64; 8; 256; 256; 32; 1024; 64; 2; 0],0.03626829100539908,0.19274430839947834,tvm
64,64,4,256,256,32,4096,2,2,1,[64; 64; 4; 256; 256; 32; 4096; 2; 2; 1],0.06359978695400059,0.10991399502206894,tvm
64,32,4,512,512,32,256,1,2,0,[64; 32; 4; 512; 512; 32; 256; 1; 2; 0],0.03924389323219657,0.1781297952602597,tvm
64,32,4,2048,1024,64,128,2,4,1,[64; 32; 4; 2048; 1024; 64; 128; 2; 4; 1],0.030182214512024075,0.23161013132027702,tvm
16,16,8,1024,1024,32,512,8,2,0,[16; 16; 8; 1024; 1024; 32; 512; 8; 2; 0],0.033429478702601045,0.20911204535542927,tvm
64,32,4,512,256,64,4096,16,4,0,[64; 32; 4; 512; 256; 64; 4096; 16; 4; 0],0.08703191753011197,0.08032118405581536,tvm
32,32,4,512,32,32,128,16,2,0,[32; 32; 4; 512; 32; 32; 128; 16; 2; 0],0.026616868213750422,0.2626344546070725,tvm
32,32,8,3584,896,32,32,4,2,0,[32; 32; 8; 3584; 896; 32; 32; 4; 2; 0],0.015410531515954062,0.45361879046349596,tvm
32,16,8,2048,128,32,64,16,2,1,[32; 16; 8; 2048; 128; 32; 64; 16; 2; 1],0.03701748402090743,0.1888433763547635,tvm
16,16,4,512,256,64,2048,2,4,0,[16; 16; 4; 512; 256; 64; 2048; 2; 4; 0],0.03890897426754236,0.1796630931105811,tvm
16,16,8,256,256,32,1024,16,2,1,[16; 16; 8; 256; 256; 32; 1024; 16; 2; 1],0.03366250277031213,0.20766449584466973,tvm
64,16,4,512,256,32,128,1,2,1,[64; 16; 4; 512; 256; 32; 128; 1; 2; 1],0.04057323274901137,0.17229355890644435,tvm
16,16,4,1792,1792,64,2048,32,4,1,[16; 16; 4; 1792; 1792; 64; 2048; 32; 4; 1],0.05230880656745285,0.13363919243029035,tvm
32,32,8,448,224,32,4096,16,2,0,[32; 32; 8; 448; 224; 32; 4096; 16; 2; 0],0.04722290352219716,0.14803212308579827,tvm
32,16,4,512,512,64,256,4,4,0,[32; 16; 4; 512; 512; 64; 256; 4; 4; 0],0.03288619878003374,0.21256657582787666,tvm
32,32,4,896,896,16,32,4,1,0,[32; 32; 4; 896; 896; 16; 32; 4; 1; 0],0.020342472242191434,0.34364095884904106,tvm
32,32,4,1792,896,16,4,1,1,1,[32; 32; 4; 1792; 896; 16; 4; 1; 1; 1],0.01927739937673323,0.3626270603234909,tvm
32,32,8,1024,256,16,64,8,1,1,[32; 32; 8; 1024; 256; 16; 64; 8; 1; 1],0.03199887101072818,0.21846104083869014,tvm
16,16,4,448,224,32,8,2,2,0,[16; 16; 4; 448; 224; 32; 8; 2; 2; 0],0.025007509742863476,0.27953629683825615,tvm
32,16,8,448,448,32,64,1,2,1,[32; 16; 8; 448; 448; 32; 64; 1; 2; 1],0.030179523455444723,0.23163078360024605,tvm
32,32,4,128,128,32,1024,64,2,1,[32; 32; 4; 128; 128; 32; 1024; 64; 2; 1],0.04123392701148987,0.16953288646795045,tvm
32,32,4,1024,512,64,256,2,4,1,[32; 32; 4; 1024; 512; 64; 256; 2; 4; 1],0.03663752746069804,0.19080181309084115,tvm
64,32,4,1024,512,16,8,1,1,1,[64; 32; 4; 1024; 512; 16; 8; 1; 1; 1],0.017892499134177342,0.39069481653984023,tvm
64,64,4,256,128,64,64,2,4,1,[64; 64; 4; 256; 128; 64; 64; 2; 4; 1],0.014127087517408654,0.49482999649094994,tvm
64,32,4,1024,256,32,64,1,2,1,[64; 32; 4; 1024; 256; 32; 64; 1; 2; 1],0.023677154356846586,0.29524268673972903,tvm
32,16,4,1792,1792,32,32,8,2,0,[32; 16; 4; 1792; 1792; 32; 32; 8; 2; 0],0.02021651086397469,0.3457820547621584,tvm
64,32,4,256,256,32,64,16,2,1,[64; 32; 4; 256; 256; 32; 64; 16; 2; 1],0.02074540962348692,0.33696643226327827,tvm
32,4,4,1024,512,16,2,2,1,1,[32; 4; 4; 1024; 512; 16; 2; 2; 1; 1],0.06944791250862181,0.10065826911354334,tvm
32,16,8,896,32,32,1024,2,2,1,[32; 16; 8; 896; 32; 32; 1024; 2; 2; 1],0.04391347651835531,0.1591881859716736,tvm
64,64,4,7168,128,32,1,1,2,0,[64; 64; 4; 7168; 128; 32; 1; 1; 2; 0],0.37610726710408926,0.018586470611140878,tvm
64,8,4,256,128,64,4,1,4,1,[64; 8; 4; 256; 128; 64; 4; 1; 4; 1],0.04756423697108403,0.14696980571592985,tvm
32,16,8,448,224,16,1024,16,1,0,[32; 16; 8; 448; 224; 16; 1024; 16; 1; 0],0.04686992976348847,0.1491469413746007,tvm
16,8,4,896,128,64,4,1,4,1,[16; 8; 4; 896; 128; 64; 4; 1; 4; 1],0.049399883253499866,0.1415085665444646,tvm
64,64,8,32,32,32,2048,4,2,1,[64; 64; 8; 32; 32; 32; 2048; 4; 2; 1],0.04516812280053273,0.154766375780935,tvm
64,16,8,256,256,32,1024,64,2,0,[64; 16; 8; 256; 256; 32; 1024; 64; 2; 0],0.04348555050091818,0.16075470095564423,tvm
32,16,16,1792,16,16,128,64,1,1,[32; 16; 16; 1792; 16; 16; 128; 64; 1; 1],0.05442989489529282,0.12843138279275304,tvm
16,16,8,7168,256,16,32,16,1,1,[16; 16; 8; 7168; 256; 16; 32; 16; 1; 1],0.02218650549184531,0.3150792119667534,tvm
16,16,16,16,16,16,1024,4,1,0,[16; 16; 16; 16; 16; 16; 1024; 4; 1; 0],0.05340155144222081,0.1309045613446311,tvm
64,16,4,3584,256,64,256,8,4,0,[64; 16; 4; 3584; 256; 64; 256; 8; 4; 0],0.08781761256977916,0.07960255878183967,tvm
16,16,8,7168,448,32,64,4,2,0,[16; 16; 8; 7168; 448; 32; 64; 4; 2; 0],0.03203978022793308,0.21818210415101938,tvm
64,16,16,128,32,16,64,4,1,1,[64; 16; 16; 128; 32; 16; 64; 4; 1; 1],0.05198381398804486,0.13447467837343235,tvm
64,16,16,64,64,16,256,4,1,1,[64; 16; 16; 64; 64; 16; 256; 4; 1; 1],0.05457921652123332,0.12808001126119323,tvm
8,8,4,3584,896,64,32,16,4,1,[8; 8; 4; 3584; 896; 64; 32; 16; 4; 1],0.03095756028778851,0.225809353246229,tvm
64,32,8,3584,512,32,256,8,2,0,[64; 32; 8; 3584; 512; 32; 256; 8; 2; 0],0.06259618001058698,0.11167625029968846,tvm
32,8,4,896,896,32,8,2,2,0,[32; 8; 4; 896; 896; 32; 8; 2; 2; 0],0.03274928726023063,0.21345523067781835,tvm
32,16,16,512,128,16,128,32,1,0,[32; 16; 16; 512; 128; 16; 128; 32; 1; 0],0.0518051499966532,0.13493845046521974,tvm
8,8,8,1792,896,32,32,4,2,1,[8; 8; 8; 1792; 896; 32; 32; 4; 2; 1],0.03919238375965506,0.17836390635322233,tvm
32,8,4,256,256,32,2,2,2,1,[32; 8; 4; 256; 256; 32; 2; 2; 2; 1],0.03297836100682616,0.21197253147964837,tvm
8,8,4,448,224,16,2,1,1,1,[8; 8; 4; 448; 224; 16; 2; 1; 1; 1],0.035412662546150386,0.19740132946955116,tvm
64,16,4,256,64,64,256,1,4,0,[64; 16; 4; 256; 64; 64; 256; 1; 4; 0],0.04809153376845643,0.14535836391335452,tvm
16,8,4,3584,224,32,8,4,2,0,[16; 8; 4; 3584; 224; 32; 8; 4; 2; 0],0.03687210753560066,0.1895879333698843,tvm
8,8,4,3584,256,32,32,4,2,0,[8; 8; 4; 3584; 256; 32; 32; 4; 2; 0],0.04014645953429863,0.17412510960510513,tvm
32,32,4,3584,3584,16,256,4,1,0,[32; 32; 4; 3584; 3584; 16; 256; 4; 1; 0],0.040545494004618376,0.17241143160989494,tvm
64,32,16,512,128,16,256,64,1,0,[64; 32; 16; 512; 128; 16; 256; 64; 1; 0],0.05196481244638562,0.13452385061293312,tvm
64,64,8,256,64,32,512,8,2,1,[64; 64; 8; 256; 64; 32; 512; 8; 2; 1],0.034503447473980486,0.20260313616308348,tvm
64,64,16,224,112,16,256,2,1,1,[64; 64; 16; 224; 112; 16; 256; 2; 1; 1],0.03881587571231648,0.1800940089172983,tvm
64,16,8,2048,128,16,16,1,1,1,[64; 16; 8; 2048; 128; 16; 16; 1; 1; 1],0.03969878301722929,0.17608868925863003,tvm
64,64,16,64,16,16,256,16,1,0,[64; 64; 16; 64; 16; 16; 256; 16; 1; 0],0.04226401395862922,0.16540091704279275,tvm
64,16,8,224,16,16,32,32,1,1,[64; 16; 8; 224; 16; 16; 32; 32; 1; 1],0.03880576847586781,0.18014091567375767,tvm
32,32,8,256,16,16,256,16,1,0,[32; 32; 8; 256; 16; 16; 256; 16; 1; 0],0.034296109224669635,0.20382798004498728,tvm
64,64,8,1024,64,16,4,4,1,0,[64; 64; 8; 1024; 64; 16; 4; 4; 1; 0],0.04589130874956027,0.15232746367761085,tvm
16,16,8,448,64,16,32,32,1,1,[16; 16; 8; 448; 64; 16; 32; 32; 1; 1],0.04078542476054281,0.17139717699911067,tvm
64,64,8,896,32,32,256,16,2,1,[64; 64; 8; 896; 32; 32; 256; 16; 2; 1],0.03491988923633471,0.20018696563885235,tvm
64,16,4,3584,1792,16,64,8,1,0,[64; 16; 4; 3584; 1792; 16; 64; 8; 1; 0],0.08150147751439363,0.08577153298149845,tvm
64,16,4,256,128,16,128,2,1,1,[64; 16; 4; 256; 128; 16; 128; 2; 1; 1],0.039756441954523325,0.1758333070817298,tvm
64,16,16,1024,1024,16,16,8,1,0,[64; 16; 16; 1024; 1024; 16; 16; 8; 1; 0],0.024874318012734875,0.2810330985994368,tvm
64,32,4,32,32,16,8,2,1,1,[64; 32; 4; 32; 32; 16; 8; 2; 1; 1],0.027908260526601225,0.25048163284858077,tvm
64,64,8,1792,32,32,4,1,2,1,[64; 64; 8; 1792; 32; 32; 4; 1; 2; 1],0.02053604574757628,0.34040178681875527,tvm
64,32,16,1024,1024,16,128,64,1,1,[64; 32; 16; 1024; 1024; 16; 128; 64; 1; 1],0.04699976975098252,0.14873491303689912,tvm
64,16,4,256,128,32,128,64,2,1,[64; 16; 4; 256; 128; 32; 128; 64; 2; 1],0.032205213501583785,0.21706133593316773,tvm
32,32,4,1024,16,16,32,4,1,0,[32; 32; 4; 1024; 16; 16; 32; 4; 1; 0],0.03645417251391336,0.1917614962731254,tvm
32,32,8,896,64,32,128,4,2,1,[32; 32; 8; 896; 64; 32; 128; 4; 2; 1],0.021646167006110772,0.3229443191809999,tvm
64,32,8,32,16,16,32,32,1,1,[64; 32; 8; 32; 16; 16; 32; 32; 1; 1],0.026445118244737387,0.2643401554106413,tvm
64,16,4,2048,128,32,8,4,2,1,[64; 16; 4; 2048; 128; 32; 8; 4; 2; 1],0.03884718951303512,0.17994883939598802,tvm
64,64,4,256,32,32,128,1,2,1,[64; 64; 4; 256; 32; 32; 128; 1; 2; 1],0.018582668126327917,0.376184228182094,tvm
32,32,4,128,64,64,32,2,4,0,[32; 32; 4; 128; 64; 64; 32; 2; 4; 0],0.02186791450367309,0.31966956270532754,tvm
16,16,16,1792,896,16,8,8,1,1,[16; 16; 16; 1792; 896; 16; 8; 8; 1; 1],0.018557932489784434,0.37668563944365696,tvm
64,64,8,448,32,32,128,64,2,1,[64; 64; 8; 448; 32; 32; 128; 64; 2; 1],0.01939112550462596,0.3605003054102768,tvm
16,16,8,1792,224,16,32,4,1,0,[16; 16; 8; 1792; 224; 16; 32; 4; 1; 0],0.02655822574160993,0.26321437036790957,tvm
32,32,16,1024,128,16,2,2,1,1,[32; 32; 16; 1024; 128; 16; 2; 2; 1; 1],0.039509336987975985,0.17693302898993502,tvm
64,32,8,224,32,32,32,8,2,1,[64; 32; 8; 224; 32; 32; 32; 8; 2; 1],0.021583167370408773,0.32388696926155885,tvm
64,32,16,256,128,16,8,8,1,1,[64; 32; 16; 256; 128; 16; 8; 8; 1; 1],0.02539711946155876,0.2752480129586169,tvm
16,16,8,512,512,16,32,4,1,0,[16; 16; 8; 512; 512; 16; 32; 4; 1; 0],0.01810227512032725,0.38616729776783404,tvm
64,64,4,3584,128,16,32,2,1,0,[64; 64; 4; 3584; 128; 16; 32; 2; 1; 0],0.04211693722754717,0.16597851427084373,tvm
16,16,4,1792,256,64,64,8,4,1,[16; 16; 4; 1792; 256; 64; 64; 8; 4; 1],0.022405393508961424,0.31200106634461444,tvm
64,32,4,896,112,16,16,2,1,0,[64; 32; 4; 896; 112; 16; 16; 2; 1; 0],0.03380306577309966,0.20680096632624614,tvm
64,64,8,3584,1792,32,4,1,2,1,[64; 64; 8; 3584; 1792; 32; 4; 1; 2; 1],0.03362575051141903,0.20789146889948965,tvm
64,64,4,3584,224,32,2,1,2,0,[64; 64; 4; 3584; 224; 32; 2; 1; 2; 0],0.05743474746122956,0.12171215119184602,tvm
64,64,8,1024,128,32,1,1,2,0,[64; 64; 8; 1024; 128; 32; 1; 1; 2; 0],0.06728664750698954,0.10389143947081794,tvm
64,32,4,128,128,64,32,1,4,0,[64; 32; 4; 128; 128; 64; 32; 1; 4; 0],0.02255793724907562,0.30989121875286374,tvm
64,64,4,512,256,32,32,2,2,0,[64; 64; 4; 512; 256; 32; 32; 2; 2; 0],0.01769113336922601,0.39514182165551687,tvm
16,16,8,1792,64,16,2,1,1,1,[16; 16; 8; 1792; 64; 16; 2; 1; 1; 1],0.039942312752828,0.17501507010686865,tvm
16,16,8,2048,16,16,128,4,1,0,[16; 16; 8; 2048; 16; 16; 128; 4; 1; 0],0.052578753558918834,0.13295306931978193,tvm
16,16,8,512,32,32,512,2,2,1,[16; 16; 8; 512; 32; 32; 512; 2; 2; 1],0.035046016215346754,0.19946651350362338,tvm
64,8,8,3584,1792,32,16,1,2,0,[64; 8; 8; 3584; 1792; 32; 16; 1; 2; 0],0.04943314421689138,0.14141335287100756,tvm
64,16,4,2048,128,16,32,32,1,1,[64; 16; 4; 2048; 128; 16; 32; 32; 1; 1],0.0473751180106774,0.14755650139153526,tvm
64,8,4,512,256,16,16,16,1,0,[64; 8; 4; 512; 256; 16; 16; 16; 1; 0],0.05431379796937108,0.12870590767025333,tvm
64,32,4,256,256,64,256,8,4,1,[64; 32; 4; 256; 256; 64; 256; 8; 4; 1],0.040020796994213015,0.1746718504301024,tvm
32,16,8,7168,448,32,64,16,2,1,[32; 16; 8; 7168; 448; 32; 64; 16; 2; 1],0.06077741947956383,0.11501815520511194,tvm
32,16,16,256,128,16,64,2,1,1,[32; 16; 16; 256; 128; 16; 64; 2; 1; 1],0.05091043550055474,0.13730989723296505,tvm
32,8,8,3584,1792,16,1,1,1,1,[32; 8; 8; 3584; 1792; 16; 1; 1; 1; 1],0.06150320544838905,0.11366085093780699,tvm
32,32,16,3584,224,16,4,2,1,0,[32; 32; 16; 3584; 224; 16; 4; 2; 1; 0],0.03695799125125632,0.18914736515689384,tvm
64,16,8,256,64,16,128,8,1,1,[64; 16; 8; 256; 64; 16; 128; 8; 1; 1],0.041266258514951915,0.16940005995779364,tvm
16,8,4,1024,512,64,32,4,4,1,[16; 8; 4; 1024; 512; 64; 32; 4; 4; 1],0.023477043374441564,0.2977592431539709,tvm
64,8,4,1024,512,32,16,4,2,1,[64; 8; 4; 1024; 512; 32; 16; 4; 2; 1],0.04071757075143978,0.17168280272269143,tvm
32,16,8,224,112,16,64,16,1,0,[32; 16; 8; 224; 112; 16; 64; 16; 1; 0],0.03787212399765849,0.18458184883158038,tvm
64,16,4,3584,448,16,2,1,1,0,[64; 16; 4; 3584; 448; 16; 2; 1; 1; 0],0.07014772051479667,0.09965408163465722,tvm
16,16,4,14336,14336,64,4,1,4,0,[16; 16; 4; 14336; 14336; 64; 4; 1; 4; 0],0.06264346302486956,0.11159195755016647,tvm
32,16,4,7168,1792,64,64,8,4,1,[32; 16; 4; 7168; 1792; 64; 64; 8; 4; 1],0.05373862956184894,0.13008345623367903,tvm
16,16,4,14336,14336,32,16,4,2,0,[16; 16; 4; 14336; 14336; 32; 16; 4; 2; 0],0.04823333799140528,0.14493101572012926,tvm
16,16,8,128,16,16,128,2,1,1,[16; 16; 8; 128; 16; 16; 128; 2; 1; 1],0.04093512921826914,0.1707703578848565,tvm
64,16,8,1024,64,32,128,4,2,0,[64; 16; 8; 1024; 64; 32; 128; 4; 2; 0],0.045263385225553066,0.15444065069000262,tvm
16,8,8,3584,3584,16,1,1,1,0,[16; 8; 8; 3584; 3584; 16; 1; 1; 1; 0],0.0657634565141052,0.10629773794154686,tvm
32,32,8,256,64,32,256,1,2,0,[32; 32; 8; 256; 64; 32; 256; 1; 2; 0],0.02814627770567313,0.2483634511023697,tvm
32,16,8,1792,64,32,128,32,2,0,[32; 16; 8; 1792; 64; 32; 128; 32; 2; 0],0.03694594028638676,0.18920906092739007,tvm
16,16,4,448,32,32,4,2,2,0,[16; 16; 4; 448; 32; 32; 4; 2; 2; 0],0.049752810737118125,0.1405047586879628,tvm
32,32,4,3584,128,16,4,2,1,0,[32; 32; 4; 3584; 128; 16; 4; 2; 1; 0],0.024300182616570964,0.2876730095805802,tvm
16,8,4,3584,896,64,4,4,4,0,[16; 8; 4; 3584; 896; 64; 4; 4; 4; 0],0.03452894603833556,0.2024535199801783,tvm
16,16,8,14336,2048,16,32,4,1,1,[16; 16; 8; 14336; 2048; 16; 32; 4; 1; 1],0.033263096993323416,0.21015802190847727,tvm
16,16,4,7168,1792,32,16,2,2,0,[16; 16; 4; 7168; 1792; 32; 16; 2; 2; 0],0.020999778382247314,0.33288478284972123,tvm
32,32,16,128,128,16,4,4,1,0,[32; 32; 16; 128; 128; 16; 4; 4; 1; 0],0.040502938732970506,0.17259257933736552,tvm
64,32,4,3584,128,64,4,4,4,0,[64; 32; 4; 3584; 128; 64; 4; 4; 4; 0],0.05632558709476143,0.12410890018609003,tvm
64,32,4,1792,16,16,128,2,1,0,[64; 32; 4; 1792; 16; 16; 128; 2; 1; 0],0.042910082964226604,0.16291058380135345,tvm
16,16,4,1024,128,32,2,2,2,1,[16; 16; 4; 1024; 128; 32; 2; 2; 2; 1],0.037687901000026613,0.18548410713193422,tvm
64,32,8,3584,32,32,4,4,2,1,[64; 32; 8; 3584; 32; 32; 4; 4; 2; 1],0.0533460364677012,0.13104078821111906,tvm
64,32,4,3584,896,32,1,1,2,0,[64; 32; 4; 3584; 896; 32; 1; 1; 2; 0],0.10436155088245869,0.06698354525739082,tvm
32,16,4,512,128,64,128,2,4,0,[32; 16; 4; 512; 128; 64; 128; 2; 4; 0],0.027274494990706444,0.2563019652260701,tvm
16,16,4,448,224,16,128,2,1,1,[16; 16; 4; 448; 224; 16; 128; 2; 1; 1],0.0364355935016647,0.19185927810802036,tvm
32,16,4,224,224,16,64,8,1,0,[32; 16; 4; 224; 224; 16; 64; 8; 1; 0],0.033337767992634326,0.20968730324751061,tvm
32,16,4,1792,224,32,128,64,2,1,[32; 16; 4; 1792; 224; 32; 128; 64; 2; 1],0.03063507826300338,0.22818634921226202,tvm
32,32,4,224,16,16,32,4,1,0,[32; 32; 4; 224; 16; 16; 32; 4; 1; 0],0.03295865224208683,0.2120992877779171,tvm
64,32,8,2048,2048,16,16,1,1,1,[64; 32; 8; 2048; 2048; 16; 16; 1; 1; 1],0.018370368372416124,0.38053165428969865,tvm
32,32,8,1792,224,16,128,1,1,1,[32; 32; 8; 1792; 224; 16; 128; 1; 1; 1],0.028782373992726207,0.24287456859650583,tvm
16,16,4,3584,224,32,64,1,2,0,[16; 16; 4; 3584; 224; 32; 64; 1; 2; 0],0.027646941249258816,0.2528491887634794,tvm
64,64,4,3584,512,64,16,8,4,0,[64; 64; 4; 3584; 512; 64; 16; 8; 4; 0],0.027853015752043575,0.25097844803946495,tvm
32,16,4,3584,448,64,8,8,4,1,[32; 16; 4; 3584; 448; 64; 8; 8; 4; 1],0.024024231999646872,0.29097732101360907,tvm
32,32,4,1792,1792,16,128,64,1,0,[32; 32; 4; 1792; 1792; 16; 128; 64; 1; 0],0.031223742524161935,0.2238843297294419,tvm
64,16,4,1024,1024,16,4,1,1,0,[64; 16; 4; 1024; 1024; 16; 4; 1; 1; 0],0.024695253727259114,0.2830708582252956,tvm
32,32,8,224,224,16,8,4,1,0,[32; 32; 8; 224; 224; 16; 8; 4; 1; 0],0.025781927746720612,0.2711397974325577,tvm
64,64,4,256,32,16,64,64,1,1,[64; 64; 4; 256; 32; 16; 64; 64; 1; 1],0.0304775622789748,0.22936567572824307,tvm
32,32,4,896,64,32,4,2,2,0,[32; 32; 4; 896; 64; 32; 4; 2; 2; 0],0.03666530875489116,0.19065724261040437,tvm
64,64,8,256,128,16,8,8,1,1,[64; 64; 8; 256; 128; 16; 8; 8; 1; 1],0.01751155825331807,0.399193867589831,tvm
32,16,4,1792,1792,64,64,32,4,1,[32; 16; 4; 1792; 1792; 64; 64; 32; 4; 1],0.027416654222179204,0.254973003270821,tvm
64,64,4,224,112,16,32,16,1,1,[64; 64; 4; 224; 112; 16; 32; 16; 1; 1],0.02140785424853675,0.32653934324802664,tvm
64,32,4,448,224,16,8,2,1,0,[64; 32; 4; 448; 224; 16; 8; 2; 1; 0],0.023039048624923453,0.3034199363208251,tvm
32,32,8,448,448,32,2,1,2,0,[32; 32; 8; 448; 448; 32; 2; 1; 2; 0],0.039598614268470556,0.17653412362544943,tvm
32,16,4,1024,512,16,32,32,1,0,[32; 16; 4; 1024; 512; 16; 32; 32; 1; 0],0.0352124820346944,0.19852354229897826,tvm
16,16,8,512,256,32,16,16,2,0,[16; 16; 8; 512; 256; 32; 16; 16; 2; 0],0.021782070019980893,0.32092940020182703,tvm
16,16,8,2048,1024,32,8,8,2,1,[16; 16; 8; 2048; 1024; 32; 8; 8; 2; 1],0.02072977475472726,0.3372205800293386,tvm
64,64,4,64,64,64,16,4,4,0,[64; 64; 4; 64; 64; 64; 16; 4; 4; 0],0.023466294747777283,0.29789563038403427,tvm
32,16,4,448,448,32,32,16,2,0,[32; 16; 4; 448; 448; 32; 32; 16; 2; 0],0.023945920256664976,0.2919289211581237,tvm
32,32,4,1024,512,64,16,2,4,1,[32; 32; 4; 1024; 512; 64; 16; 2; 4; 1],0.01849964924622327,0.3778723895586176,tvm
64,32,4,896,128,32,64,2,2,1,[64; 32; 4; 896; 128; 32; 64; 2; 2; 1],0.021702864120015875,0.32210065123245835,tvm
32,32,4,256,256,32,64,2,2,1,[32; 32; 4; 256; 256; 32; 64; 2; 2; 1],0.018732119002379477,0.3731829093002605,tvm
32,32,4,128,128,64,64,32,4,1,[32; 32; 4; 128; 128; 64; 64; 32; 4; 1],0.017000257648760453,0.41120004244031966,tvm
16,16,8,16,16,16,256,2,1,0,[16; 16; 8; 16; 16; 16; 256; 2; 1; 0],0.043055965739768,0.16235860807112243,tvm
64,32,4,1024,128,32,512,16,2,0,[64; 32; 4; 1024; 128; 32; 512; 16; 2; 0],0.04881085950182751,0.14321621741581786,tvm
64,32,4,448,448,16,256,16,1,0,[64; 32; 4; 448; 448; 16; 256; 16; 1; 0],0.04284613026538864,0.16315374628624607,tvm
64,64,16,896,896,16,256,8,1,1,[64; 64; 16; 896; 896; 16; 256; 8; 1; 1],0.03450649697333574,0.20258523118323055,tvm
16,16,8,128,16,16,256,4,1,1,[16; 16; 8; 128; 16; 16; 256; 4; 1; 1],0.04238216672092676,0.16493981331103139,tvm
32,32,4,14336,1792,64,32,2,4,0,[32; 32; 4; 14336; 1792; 64; 32; 2; 4; 0],0.054575133486650884,0.12808959355777938,tvm
64,16,8,2048,2048,16,32,1,1,0,[64; 16; 8; 2048; 2048; 16; 32; 1; 1; 0],0.0226954325044062,0.30801381138295103,tvm
32,16,4,2048,2048,64,4,4,4,1,[32; 16; 4; 2048; 2048; 64; 4; 4; 4; 1],0.027537994261365384,0.253849521512685,tvm
32,16,4,256,256,32,32,32,2,1,[32; 16; 4; 256; 256; 32; 32; 32; 2; 1],0.023301067005377263,0.3000080067171793,tvm
32,8,4,896,896,32,16,1,2,0,[32; 8; 4; 896; 896; 32; 16; 1; 2; 0],0.03301352699054405,0.21174673850112813,tvm
32,32,4,224,32,32,128,4,2,1,[32; 32; 4; 224; 32; 32; 128; 4; 2; 1],0.020909315993776545,0.3343249807285577,tvm
16,16,16,112,112,16,2,1,1,1,[16; 16; 16; 112; 112; 16; 2; 1; 1; 1],0.05079834652133286,0.13761287808316736,tvm
64,16,4,448,224,32,512,2,2,0,[64; 16; 4; 448; 224; 32; 512; 2; 2; 0],0.050156180979683995,0.13937477954109395,tvm
64,32,8,16,16,16,256,4,1,0,[64; 32; 8; 16; 16; 16; 256; 4; 1; 0],0.04662219254532829,0.14993946627177962,tvm
32,16,4,128,32,16,256,32,1,1,[32; 16; 4; 128; 32; 16; 256; 32; 1; 1],0.041723688249476254,0.16754287456249548,tvm
64,16,4,1024,1024,16,8,4,1,0,[64; 16; 4; 1024; 1024; 16; 8; 4; 1; 0],0.023716929252259433,0.29474754477334814,tvm
64,64,4,2048,128,16,4,1,1,0,[64; 64; 4; 2048; 128; 16; 4; 1; 1; 0],0.0220493727538269,0.31703879945761226,tvm
64,32,8,1024,512,16,128,1,1,0,[64; 32; 8; 1024; 512; 16; 128; 1; 1; 0],0.04045391723047942,0.17280172465967697,tvm
64,32,4,256,256,16,8,8,1,1,[64; 32; 4; 256; 256; 16; 8; 8; 1; 1],0.017513141880044714,0.3991577704644747,tvm
32,32,4,1792,896,64,128,4,4,1,[32; 32; 4; 1792; 896; 64; 128; 4; 4; 1],0.020641670882469043,0.33865992275866097,tvm
64,64,4,1792,32,16,256,16,1,0,[64; 64; 4; 1792; 32; 16; 256; 16; 1; 0],0.057465733494609594,0.12164652292000051,tvm
64,32,16,32,16,16,16,8,1,1,[64; 32; 16; 32; 16; 16; 16; 8; 1; 1],0.03852015204029158,0.181476611498176,tvm
32,16,4,224,16,16,128,8,1,0,[32; 16; 4; 224; 16; 16; 128; 8; 1; 0],0.03986463771434501,0.17535608166711578,tvm
16,16,4,512,256,32,64,32,2,1,[16; 16; 4; 512; 256; 32; 64; 32; 2; 1],0.02578019245993346,0.2711580480840487,tvm
32,32,4,448,448,16,256,4,1,0,[32; 32; 4; 448; 448; 16; 256; 4; 1; 0],0.03427603654563427,0.2039473454685952,tvm
64,32,4,896,128,16,32,32,1,0,[64; 32; 4; 896; 128; 16; 32; 32; 1; 0],0.0348132069921121,0.20080042232967968,tvm
64,64,4,1024,64,64,512,64,4,1,[64; 64; 4; 1024; 64; 64; 512; 64; 4; 1],0.04140841600019485,0.16881849976183036,tvm
16,16,8,2048,256,32,128,16,2,0,[16; 16; 8; 2048; 256; 32; 128; 16; 2; 0],0.04257612448418513,0.16418842135956468,tvm
64,32,4,512,32,32,8,8,2,0,[64; 32; 4; 512; 32; 32; 8; 8; 2; 0],0.03483889694325626,0.2006523535476003,tvm
32,16,4,64,64,16,256,64,1,0,[32; 16; 4; 64; 64; 16; 256; 64; 1; 0],0.04374972579535097,0.1597840109756644,tvm
64,32,8,256,32,16,32,4,1,0,[64; 32; 8; 256; 32; 16; 32; 4; 1; 0],0.027754398761317134,0.25187022521308333,tvm
16,16,4,1792,448,32,32,4,2,0,[16; 16; 4; 1792; 448; 32; 32; 4; 2; 0],0.020390851743286476,0.34282563350833223,tvm
32,16,4,512,32,32,512,32,2,1,[32; 16; 4; 512; 32; 32; 512; 32; 2; 1],0.03840891126310453,0.1820022082578978,tvm
32,16,8,3584,224,32,128,64,2,0,[32; 16; 8; 3584; 224; 32; 128; 64; 2; 0],0.034823996014893055,0.2007382111942886,tvm
32,32,16,3584,256,16,64,32,1,1,[32; 32; 16; 3584; 256; 16; 64; 32; 1; 1],0.03538324777036905,0.19756543299907922,tvm
16,16,4,512,256,64,512,2,4,0,[16; 16; 4; 512; 256; 64; 512; 2; 4; 0],0.03429216577205807,0.20385141939220033,tvm
64,16,8,2048,2048,16,4,4,1,1,[64; 16; 8; 2048; 2048; 16; 4; 4; 1; 1],0.02526745875366032,0.2766604562342068,tvm
16,8,4,2048,256,16,4,2,1,0,[16; 8; 4; 2048; 256; 16; 4; 2; 1; 0],0.05125482741277665,0.1363872832966382,tvm
64,64,8,448,112,16,512,4,1,0,[64; 64; 8; 448; 112; 16; 512; 4; 1; 0],0.038474327011499554,0.18169276007289956,tvm
16,16,4,14336,2048,64,64,2,4,1,[16; 16; 4; 14336; 2048; 64; 64; 2; 4; 1],0.05255578400101513,0.13301117659155542,tvm
64,64,8,3584,896,16,32,8,1,1,[64; 64; 8; 3584; 896; 16; 32; 8; 1; 1],0.029276080254931003,0.23877877795779195,tvm
64,64,16,128,32,16,2,2,1,0,[64; 64; 16; 128; 32; 16; 2; 2; 1; 0],0.10726649011485279,0.06516952926474769,tvm
16,16,8,2048,128,32,8,4,2,1,[16; 16; 8; 2048; 128; 32; 8; 4; 2; 1],0.042681384773459285,0.16378350195923347,tvm
32,32,16,32,16,16,256,32,1,0,[32; 32; 16; 32; 16; 16; 256; 32; 1; 0],0.04111895395908505,0.17000691879522256,tvm
32,32,8,3584,128,16,32,1,1,0,[32; 32; 8; 3584; 128; 16; 32; 1; 1; 0],0.02146187613834627,0.32571740800314375,tvm
64,16,4,1792,112,16,16,8,1,0,[64; 16; 4; 1792; 112; 16; 16; 8; 1; 0],0.04693340422818437,0.14894522955717623,tvm
64,64,8,512,32,32,1,1,2,0,[64; 64; 8; 512; 32; 32; 1; 1; 2; 0],0.18821736006066203,0.037140605225860365,tvm
64,64,8,512,32,32,4,4,2,0,[64; 64; 8; 512; 32; 32; 4; 4; 2; 0],0.04806254303548485,0.14544604228506045,tvm
32,16,4,256,128,16,64,4,1,1,[32; 16; 4; 256; 128; 16; 64; 4; 1; 1],0.034117178234737366,0.20489697648995736,tvm
16,16,4,128,64,64,256,8,4,1,[16; 16; 4; 128; 64; 64; 256; 8; 4; 1],0.03526785003487021,0.19821187454735623,tvm
64,32,16,3584,224,16,16,8,1,0,[64; 32; 16; 3584; 224; 16; 16; 8; 1; 0],0.047971370979212224,0.1457224699643442,tvm
8,8,4,2048,512,32,128,8,2,0,[8; 8; 4; 2048; 512; 32; 128; 8; 2; 0],0.0496704705292359,0.14073767758153358,tvm
64,16,4,896,112,16,32,16,1,0,[64; 16; 4; 896; 112; 16; 32; 16; 1; 0],0.04235169797902927,0.1650584746360834,tvm
16,8,4,7168,224,32,4,4,2,0,[16; 8; 4; 7168; 224; 32; 4; 4; 2; 0],0.03577433928148821,0.19540561215295385,tvm
32,16,4,896,112,16,8,8,1,1,[32; 16; 4; 896; 112; 16; 8; 8; 1; 1],0.028113323729485273,0.24865457865926463,tvm
16,16,4,1024,1024,16,4,2,1,0,[16; 16; 4; 1024; 1024; 16; 4; 2; 1; 0],0.022201649728231132,0.31486428946663775,tvm
16,16,4,2048,256,32,1,1,2,0,[16; 16; 4; 2048; 256; 32; 1; 1; 2; 0],0.07183084602002054,0.09731900783569064,tvm
16,16,4,14336,896,32,32,8,2,1,[16; 16; 4; 14336; 896; 32; 32; 8; 2; 1],0.0349892255035229,0.19979026589093335,tvm
16,8,4,3584,256,64,16,8,4,1,[16; 8; 4; 3584; 256; 64; 16; 8; 4; 1],0.030970670748502016,0.22571376394890583,tvm
32,16,4,1024,512,32,4,4,2,1,[32; 16; 4; 1024; 512; 32; 4; 4; 2; 1],0.02313157863682136,0.30220620807691106,tvm
64,16,4,896,32,32,32,8,2,1,[64; 16; 4; 896; 32; 32; 32; 8; 2; 1],0.03107923624338582,0.22492530421027843,tvm
64,32,4,2048,256,32,64,4,2,0,[64; 32; 4; 2048; 256; 32; 64; 4; 2; 0],0.02432484526070766,0.28738134165887386,tvm
16,8,8,1792,1792,32,16,8,2,0,[16; 8; 8; 1792; 1792; 32; 16; 8; 2; 0],0.02476017887238413,0.28232860120665026,tvm
16,16,8,7168,1792,16,16,2,1,1,[16; 16; 8; 7168; 1792; 16; 16; 2; 1; 1],0.018866610364057124,0.37052266049784527,tvm
64,16,4,7168,896,32,16,16,2,0,[64; 16; 4; 7168; 896; 32; 16; 16; 2; 0],0.09070416807662696,0.07706929918326444,tvm
64,64,16,896,128,16,256,8,1,0,[64; 64; 16; 896; 128; 16; 256; 8; 1; 0],0.04030035401228815,0.17346018013973677,tvm
32,16,8,448,16,16,64,64,1,0,[32; 16; 8; 448; 16; 16; 64; 64; 1; 0],0.03254824853502214,0.21477366621263302,tvm
16,16,4,896,16,16,8,2,1,1,[16; 16; 4; 896; 16; 16; 8; 2; 1; 1],0.05386986944358796,0.1297665418325742,tvm
16,8,4,2048,512,16,128,16,1,1,[16; 8; 4; 2048; 512; 16; 128; 16; 1; 1],0.0735576170263812,0.09503443625912385,tvm
64,16,8,448,224,32,256,4,2,1,[64; 16; 8; 448; 224; 32; 256; 4; 2; 1],0.04346921225078404,0.16081512189217512,tvm
32,16,4,224,16,16,256,8,1,0,[32; 16; 4; 224; 16; 16; 256; 8; 1; 0],0.044398130499757826,0.1574504734316414,tvm
32,8,8,3584,256,16,16,16,1,1,[32; 8; 8; 3584; 256; 16; 16; 16; 1; 1],0.033175817981828004,0.21071090607308324,tvm
16,16,4,1792,256,32,256,8,2,1,[16; 16; 4; 1792; 256; 32; 256; 8; 2; 1],0.035084623261354864,0.19924702096962787,tvm
64,32,8,7168,224,32,128,32,2,1,[64; 32; 8; 7168; 224; 32; 128; 32; 2; 1],0.10052974801510572,0.06953669739246003,tvm
16,16,8,1024,32,32,128,2,2,0,[16; 16; 8; 1024; 32; 32; 128; 2; 2; 0],0.035098352236673236,0.1991690840506892,tvm
32,32,4,14336,512,64,128,64,4,1,[32; 32; 4; 14336; 512; 64; 128; 64; 4; 1],0.07584134896751493,0.09217276277167624,tvm
32,32,8,128,64,16,256,64,1,0,[32; 32; 8; 128; 64; 16; 256; 64; 1; 0],0.033338549197651446,0.2096823897531545,tvm
64,16,4,224,32,32,4,1,2,1,[64; 16; 4; 224; 32; 32; 4; 1; 2; 1],0.041410886507947,0.16880842831812226,tvm
32,16,8,3584,64,32,32,16,2,0,[32; 16; 8; 3584; 64; 32; 32; 16; 2; 0],0.03302306099794805,0.2116856056166639,tvm
64,64,16,3584,112,16,64,8,1,1,[64; 64; 16; 3584; 112; 16; 64; 8; 1; 1],0.05246281600557268,0.13324688224749745,tvm
16,16,8,7168,256,16,2,2,1,0,[16; 16; 8; 7168; 256; 16; 2; 2; 1; 0],0.043902189761865884,0.15922911145399696,tvm
32,32,4,14336,1792,64,16,4,4,1,[32; 32; 4; 14336; 1792; 64; 16; 4; 4; 1],0.057805519085377455,0.1209314746632038,tvm
32,16,4,1792,32,32,32,8,2,0,[32; 16; 4; 1792; 32; 32; 32; 8; 2; 0],0.03356411849381402,0.20827320902096805,tvm
16,16,8,3584,3584,32,2,1,2,1,[16; 16; 8; 3584; 3584; 32; 2; 1; 2; 1],0.031887689023278654,0.21922274334660805,tvm
16,16,8,896,32,32,512,16,2,0,[16; 16; 8; 896; 32; 32; 512; 16; 2; 0],0.03460718796122819,0.20199580140687562,tvm
32,8,4,1024,512,32,32,4,2,1,[32; 8; 4; 1024; 512; 32; 32; 4; 2; 1],0.04230234626447782,0.1652510388658216,tvm
32,8,4,3584,896,64,32,4,4,0,[32; 8; 4; 3584; 896; 64; 32; 4; 4; 0],0.03325706924078986,0.21019611247321807,tvm
32,16,16,2048,2048,16,128,8,1,1,[32; 16; 16; 2048; 2048; 16; 128; 8; 1; 1],0.059947224566712976,0.11661101439128678,tvm
16,16,4,128,64,16,64,8,1,1,[16; 16; 4; 128; 64; 16; 64; 8; 1; 1],0.035725334542803466,0.19567365165723377,tvm
64,32,16,1024,512,16,128,32,1,0,[64; 32; 16; 1024; 512; 16; 128; 32; 1; 0],0.049730338738299906,0.14056824956398128,tvm
16,16,4,64,64,32,32,4,2,0,[16; 16; 4; 64; 64; 32; 32; 4; 2; 0],0.026377170521300286,0.2650210969755699,tvm
16,8,8,2048,1024,32,8,2,2,0,[16; 8; 8; 2048; 1024; 32; 8; 2; 2; 0],0.02981059270678088,0.23449740618798792,tvm
16,16,4,224,112,16,8,1,1,1,[16; 16; 4; 224; 112; 16; 8; 1; 1; 1],0.025263397255912423,0.27670493385566625,tvm
16,8,8,1792,1792,32,16,16,2,1,[16; 8; 8; 1792; 1792; 32; 16; 16; 2; 1],0.025053087796550244,0.27902774793409874,tvm
16,16,4,256,64,32,64,64,2,0,[16; 16; 4; 256; 64; 32; 64; 64; 2; 0],0.03437821572879329,0.20334117168308433,tvm
32,16,4,128,128,16,128,32,1,1,[32; 16; 4; 128; 128; 16; 128; 32; 1; 1],0.03426255704835057,0.2040275819694898,tvm
64,32,16,256,16,16,128,16,1,0,[64; 32; 16; 256; 16; 16; 128; 16; 1; 0],0.04412556724855676,0.1584230436583296,tvm
64,64,4,3584,16,16,64,2,1,1,[64; 64; 4; 3584; 16; 16; 64; 2; 1; 1],0.04407902900129557,0.1585903053005365,tvm
32,16,8,7168,256,32,32,8,2,0,[32; 16; 8; 7168; 256; 32; 32; 8; 2; 0],0.04908841598080471,0.14240644206975836,tvm
64,16,8,3584,448,32,8,8,2,0,[64; 16; 8; 3584; 448; 32; 8; 8; 2; 0],0.0515819969587028,0.13552221858070665,tvm
32,16,8,7168,512,32,8,4,2,1,[32; 16; 8; 7168; 512; 32; 8; 4; 2; 1],0.04042906075483188,0.17290796610532674,tvm
32,16,4,3584,512,64,64,8,4,0,[32; 16; 4; 3584; 512; 64; 64; 8; 4; 0],0.027482526726089418,0.2543618618600492,tvm
32,32,8,7168,224,32,32,2,2,0,[32; 32; 8; 7168; 224; 32; 32; 2; 2; 0],0.03395022248150781,0.20590459077180698,tvm
32,16,4,896,128,32,64,2,2,1,[32; 16; 4; 896; 128; 32; 64; 2; 2; 1],0.027642161294352263,0.25289291210723597,tvm
32,32,8,512,16,16,64,1,1,0,[32; 32; 8; 512; 16; 16; 64; 1; 1; 0],0.02877984376391396,0.2428959213264326,tvm
16,16,8,3584,896,16,64,2,1,0,[16; 16; 8; 3584; 896; 16; 64; 2; 1; 0],0.03958839172264561,0.17657970840649007,tvm
16,16,16,7168,3584,16,16,2,1,0,[16; 16; 16; 7168; 3584; 16; 16; 2; 1; 0],0.021537664637435228,0.32457124689908434,tvm
64,16,4,1792,896,32,128,2,2,1,[64; 16; 4; 1792; 896; 32; 128; 2; 2; 1],0.04209632647689432,0.1660597788860173,tvm
16,16,4,3584,896,32,64,4,2,1,[16; 16; 4; 3584; 896; 32; 64; 4; 2; 1],0.02859797771088779,0.2444405942733933,tvm
64,32,8,512,256,16,128,4,1,0,[64; 32; 8; 512; 256; 16; 128; 4; 1; 0],0.04083168524084613,0.17120299163341138,tvm
64,64,16,1792,128,16,8,8,1,1,[64; 64; 16; 1792; 128; 16; 8; 8; 1; 1],0.0210393340094015,0.332258932889365,tvm
16,16,4,256,256,32,128,64,2,1,[16; 16; 4; 256; 256; 32; 128; 64; 2; 1],0.02982114301994443,0.2344144442079703,tvm
16,16,4,7168,7168,32,8,8,2,1,[16; 16; 4; 7168; 7168; 32; 8; 8; 2; 1],0.01956360338954255,0.3573220396812657,tvm
32,32,4,1024,64,32,64,1,2,0,[32; 32; 4; 1024; 64; 32; 64; 1; 2; 0],0.030162100738380104,0.23176458189371132,tvm
32,16,4,3584,896,64,16,2,4,1,[32; 16; 4; 3584; 896; 64; 16; 2; 4; 1],0.022515476623084396,0.3104756245532695,tvm
64,32,4,1792,128,16,64,8,1,1,[64; 32; 4; 1792; 128; 16; 64; 8; 1; 1],0.027876944979652762,0.25076301121837424,tvm
64,32,16,512,512,16,8,4,1,1,[64; 32; 16; 512; 512; 16; 8; 4; 1; 1],0.02526822523213923,0.27665206410204396,tvm
32,16,4,256,256,16,32,4,1,1,[32; 16; 4; 256; 256; 16; 32; 4; 1; 1],0.025135402276646346,0.27811397604571636,tvm
64,32,4,896,896,32,128,64,2,1,[64; 32; 4; 896; 896; 32; 128; 64; 2; 1],0.02835550525924191,0.246530844813222,tvm
64,32,4,1792,1792,16,8,2,1,0,[64; 32; 4; 1792; 1792; 16; 8; 2; 1; 0],0.023650788265513256,0.29557182569089996,tvm
64,64,4,1792,1792,32,32,32,2,0,[64; 64; 4; 1792; 1792; 32; 32; 32; 2; 0],0.01624839150463231,0.4302276114330283,tvm
64,32,8,1792,256,32,64,1,2,1,[64; 32; 8; 1792; 256; 32; 64; 1; 2; 1],0.022719759872416034,0.307684003084637,tvm
16,16,8,448,448,16,16,8,1,1,[16; 16; 8; 448; 448; 16; 16; 8; 1; 1],0.019366018619621173,0.3609676724974362,tvm
64,64,4,1024,1024,32,64,8,2,1,[64; 64; 4; 1024; 1024; 32; 64; 8; 2; 1],0.01678842824185267,0.4163883935983775,tvm
64,32,4,256,64,64,64,16,4,1,[64; 32; 4; 256; 64; 64; 64; 16; 4; 1],0.021112902875756845,0.3311011615884239,tvm
32,32,8,512,128,32,64,1,2,1,[32; 32; 8; 512; 128; 32; 64; 1; 2; 1],0.019810126861557364,0.3528754114256647,tvm
32,32,8,896,448,32,16,4,2,1,[32; 32; 8; 896; 448; 32; 16; 4; 2; 1],0.015954019356286153,0.43816586344508157,tvm
32,32,4,1792,1792,32,16,8,2,1,[32; 32; 4; 1792; 1792; 32; 16; 8; 2; 1],0.015867537498706952,0.4405539717323072,tvm
8,8,4,14336,256,64,64,4,4,1,[8; 8; 4; 14336; 256; 64; 64; 4; 4; 1],0.039799238031264395,0.17564423372063698,tvm
64,64,8,256,128,16,512,4,1,0,[64; 64; 8; 256; 128; 16; 512; 4; 1; 0],0.03922548046102747,0.17821341088765233,tvm
16,16,4,1024,256,16,512,2,1,1,[16; 16; 4; 1024; 256; 16; 512; 2; 1; 1],0.04077215353026986,0.17145296633587945,tvm
32,8,4,448,448,32,1,1,2,1,[32; 8; 4; 448; 448; 32; 1; 1; 2; 1],0.04221388848964125,0.16559731682576573,tvm
64,64,8,512,32,32,2,2,2,1,[64; 64; 8; 512; 32; 32; 2; 2; 2; 1],0.032265391026157886,0.2166564992502149,tvm
16,8,4,7168,112,16,16,16,1,0,[16; 8; 4; 7168; 112; 16; 16; 16; 1; 0],0.040250866033602506,0.17367344744410726,tvm
64,32,16,3584,224,16,32,32,1,0,[64; 32; 16; 3584; 224; 16; 32; 32; 1; 0],0.056908768019638956,0.12283707607682308,tvm
64,64,16,128,64,16,256,4,1,1,[64; 64; 16; 128; 64; 16; 256; 4; 1; 1],0.0393512534792535,0.17764381178739716,tvm
8,8,8,14336,256,32,8,4,2,1,[8; 8; 8; 14336; 256; 32; 8; 4; 2; 1],0.028043037513270974,0.24927779893167806,tvm
64,64,8,448,112,16,512,8,1,1,[64; 64; 8; 448; 112; 16; 512; 8; 1; 1],0.03984346822835505,0.17544925121984722,tvm
16,16,16,7168,1792,16,128,2,1,1,[16; 16; 16; 7168; 1792; 16; 128; 2; 1; 1],0.05298297246918082,0.13193874071019535,tvm
64,64,8,448,64,16,256,4,1,1,[64; 64; 8; 448; 64; 16; 256; 4; 1; 1],0.0392489354708232,0.17810691125274614,tvm
32,8,4,1024,256,64,2,1,4,1,[32; 8; 4; 1024; 256; 64; 2; 1; 4; 1],0.05527508642990142,0.12646758455152965,tvm
64,32,4,256,64,32,256,16,2,1,[64; 32; 4; 256; 64; 32; 256; 16; 2; 1],0.04697034653509036,0.14882808372393497,tvm
64,16,8,3584,1792,16,8,8,1,0,[64; 16; 8; 3584; 1792; 16; 8; 8; 1; 0],0.0457069770200178,0.15294178531223163,tvm
16,16,8,1024,128,16,128,8,1,0,[16; 16; 8; 1024; 128; 16; 128; 8; 1; 0],0.04162340651964769,0.16794652939727328,tvm
32,32,8,448,448,16,512,32,1,1,[32; 32; 8; 448; 448; 16; 512; 32; 1; 1],0.035681173496413976,0.19591582847938635,tvm
32,32,16,448,16,16,512,4,1,1,[32; 32; 16; 448; 16; 16; 512; 4; 1; 1],0.04100840725004673,0.17046520787901853,tvm
32,32,4,2048,1024,32,1,1,2,0,[32; 32; 4; 2048; 1024; 32; 1; 1; 2; 0],0.058460119529627264,0.11957735842678045,tvm
64,8,8,512,512,16,4,4,1,1,[64; 8; 8; 512; 512; 16; 4; 4; 1; 1],0.036261332978028804,0.1927812932553335,tvm
32,16,16,7168,448,16,8,4,1,0,[32; 16; 16; 7168; 448; 16; 8; 4; 1; 0],0.050587694509886205,0.13818591130498215,tvm
32,32,8,112,16,16,256,2,1,0,[32; 32; 8; 112; 16; 16; 256; 2; 1; 0],0.03504871251061559,0.1994511685571724,tvm
32,32,8,128,32,16,512,1,1,0,[32; 32; 8; 128; 32; 16; 512; 1; 1; 0],0.035830899490974844,0.1950971582063534,tvm
64,8,4,896,448,32,16,2,2,0,[64; 8; 4; 896; 448; 32; 16; 2; 2; 0],0.04159209178760648,0.1680729765255443,tvm
8,8,4,3584,448,16,64,2,1,1,[8; 8; 4; 3584; 448; 16; 64; 2; 1; 1],0.052770331501960754,0.13247039515768297,tvm
32,32,4,112,112,16,1,1,1,1,[32; 32; 4; 112; 112; 16; 1; 1; 1; 1],0.03206329100066796,0.21802211964208654,tvm
32,32,4,448,112,16,1,1,1,1,[32; 32; 4; 448; 112; 16; 1; 1; 1; 1],0.03208595450269058,0.21786812251698712,tvm
64,16,8,448,64,32,64,4,2,0,[64; 16; 8; 448; 64; 32; 64; 4; 2; 0],0.03359059651847929,0.2081090361947267,tvm
32,8,8,2048,1024,16,32,1,1,1,[32; 8; 8; 2048; 1024; 16; 32; 1; 1; 1],0.03506780875613913,0.1993425570236942,tvm
16,8,8,7168,3584,32,64,16,2,0,[16; 8; 8; 7168; 3584; 32; 64; 16; 2; 0],0.051664832048118114,0.13530493354078937,tvm
32,8,4,2048,256,64,32,32,4,1,[32; 8; 4; 2048; 256; 64; 32; 32; 4; 1],0.05234833643771708,0.13353827728573228,tvm
16,16,16,1792,128,16,4,2,1,0,[16; 16; 16; 1792; 128; 16; 4; 2; 1; 0],0.05353841104079038,0.13056993158315194,tvm
32,32,4,7168,3584,32,4,1,2,1,[32; 32; 4; 7168; 3584; 32; 4; 1; 2; 1],0.04135425924323499,0.16903958128110397,tvm
64,64,16,16,16,16,16,4,1,0,[64; 64; 16; 16; 16; 16; 16; 4; 1; 0],0.03581294702598825,0.19519495733188033,tvm
8,8,4,256,256,64,8,2,4,0,[8; 8; 4; 256; 256; 64; 8; 2; 4; 0],0.03560860123252496,0.19631511558172426,tvm
64,16,4,896,224,32,128,1,2,1,[64; 16; 4; 896; 224; 32; 128; 1; 2; 1],0.03639406547881663,0.1920782021655572,tvm
16,8,4,896,896,32,8,1,2,1,[16; 8; 4; 896; 896; 32; 8; 1; 2; 1],0.026529416965786368,0.2635001996343141,tvm
16,16,4,448,32,32,64,8,2,0,[16; 16; 4; 448; 32; 32; 64; 8; 2; 0],0.032116621267050505,0.2176600897255172,tvm
16,8,4,1792,1792,32,4,4,2,0,[16; 8; 4; 1792; 1792; 32; 4; 4; 2; 0],0.03295141545822844,0.21214586898484925,tvm
16,16,4,3584,128,32,64,4,2,1,[16; 16; 4; 3584; 128; 32; 64; 4; 2; 1],0.025560004985891283,0.2734939476938802,tvm
64,64,4,3584,3584,64,64,16,4,0,[64; 64; 4; 3584; 3584; 64; 64; 16; 4; 0],0.0400276577565819,0.17464191157967995,tvm
64,16,16,896,224,16,16,16,1,0,[64; 16; 16; 896; 224; 16; 16; 16; 1; 0],0.03329135023523122,0.20997966790991934,tvm
32,32,4,3584,128,16,64,2,1,0,[32; 32; 4; 3584; 128; 16; 64; 2; 1; 0],0.02589327801251784,0.2699738002769359,tvm
64,16,4,896,224,16,4,2,1,1,[64; 16; 4; 896; 224; 16; 4; 2; 1; 1],0.026041392469778657,0.2684382824297599,tvm
64,64,4,2048,256,64,128,16,4,1,[64; 64; 4; 2048; 256; 64; 128; 16; 4; 1],0.022141094494145364,0.3157254339217569,tvm
32,32,4,2048,32,32,8,4,2,1,[32; 32; 4; 2048; 32; 32; 8; 4; 2; 1],0.02698182949097827,0.2590820118036857,tvm
32,32,8,896,128,32,4,4,2,0,[32; 32; 8; 896; 128; 32; 4; 4; 2; 0],0.03736737376311794,0.1870751396922195,tvm
32,32,8,448,64,16,32,4,1,1,[32; 32; 8; 448; 64; 16; 32; 4; 1; 1],0.020350700855487958,0.34350201087947013,tvm
32,32,8,1024,64,32,64,8,2,0,[32; 32; 8; 1024; 64; 32; 64; 8; 2; 0],0.027298830274958163,0.25607348726143836,tvm
32,32,8,128,64,16,16,16,1,1,[32; 32; 8; 128; 64; 16; 16; 16; 1; 1],0.025615982507588342,0.2728962929528796,tvm
64,16,4,896,896,16,32,16,1,1,[64; 16; 4; 896; 896; 16; 32; 16; 1; 1],0.027834268985316157,0.25114748550983956,tvm
64,32,4,2048,1024,64,64,64,4,0,[64; 32; 4; 2048; 1024; 64; 64; 64; 4; 0],0.022198657388798892,0.3149067326114043,tvm
16,16,8,224,224,16,16,16,1,1,[16; 16; 8; 224; 224; 16; 16; 16; 1; 1],0.022251638118177652,0.3141569456388036,tvm
32,16,8,896,448,16,32,16,1,0,[32; 16; 8; 896; 448; 16; 32; 16; 1; 0],0.02789794746786356,0.2505742286137441,tvm
16,16,4,3584,512,32,8,2,2,0,[16; 16; 4; 3584; 512; 32; 8; 2; 2; 0],0.021587586379610002,0.3238206691448086,tvm
16,16,4,3584,896,64,16,4,4,1,[16; 16; 4; 3584; 896; 64; 16; 4; 4; 1],0.021513843239517882,0.3249306313539599,tvm
32,32,8,1792,224,32,8,4,2,0,[32; 32; 8; 1792; 224; 32; 8; 4; 2; 0],0.02218771312618628,0.3150620628142322,tvm
32,32,8,512,512,16,32,32,1,0,[32; 32; 8; 512; 512; 16; 32; 32; 1; 0],0.022359155118465424,0.3126462797734929,tvm
32,32,8,448,224,32,8,1,2,0,[32; 32; 8; 448; 224; 32; 8; 1; 2; 0],0.022757071361411363,0.3071795379839739,tvm
32,32,16,1024,1024,16,8,1,1,1,[32; 32; 16; 1024; 1024; 16; 8; 1; 1; 1],0.02662470447830856,0.26255715523009504,tvm
16,16,4,512,512,32,8,1,2,1,[16; 16; 4; 512; 512; 32; 8; 1; 2; 1],0.01758419061661698,0.39754497770631936,tvm
64,32,4,1792,224,16,16,1,1,1,[64; 32; 4; 1792; 224; 16; 16; 1; 1; 1],0.02235499711241573,0.31270443165408474,tvm
32,32,4,512,256,16,32,32,1,1,[32; 32; 4; 512; 256; 16; 32; 32; 1; 1],0.021910206618485972,0.3190525214293813,tvm
64,32,4,256,256,32,32,32,2,0,[64; 32; 4; 256; 256; 32; 32; 32; 2; 0],0.023955715383635834,0.2918095558708252,tvm
64,64,4,1792,448,64,256,64,4,0,[64; 64; 4; 1792; 448; 64; 256; 64; 4; 0],0.029210775974206626,0.23931259727024526,tvm
32,8,4,1024,512,64,128,32,4,0,[32; 8; 4; 1024; 512; 64; 128; 32; 4; 0],0.060913073481060565,0.11476200866535152,tvm
16,8,8,14336,224,32,64,8,2,1,[16; 8; 8; 14336; 224; 32; 64; 8; 2; 1],0.10027502500452101,0.06971333755689905,tvm
32,16,8,1792,32,16,16,8,1,1,[32; 16; 8; 1792; 32; 16; 16; 8; 1; 1],0.04267078946577385,0.16382416998105315,tvm
32,16,8,896,112,16,512,8,1,0,[32; 16; 8; 896; 112; 16; 512; 8; 1; 0],0.04698696598643437,0.14877544271926174,tvm
32,16,4,128,64,16,2,2,1,1,[32; 16; 4; 128; 64; 16; 2; 2; 1; 1],0.035126811475493014,0.1990077201155518,tvm
16,8,8,7168,16,16,16,2,1,1,[16; 8; 8; 7168; 16; 16; 16; 2; 1; 1],0.06608658854383975,0.10577799248979823,tvm
64,16,4,256,16,16,16,1,1,1,[64; 16; 4; 256; 16; 16; 16; 1; 1; 1],0.0421974552446045,0.16566180652707713,tvm
64,64,16,256,16,16,256,64,1,1,[64; 64; 16; 256; 16; 16; 256; 64; 1; 1],0.03846143826376647,0.18175364682740539,tvm
32,16,8,512,64,32,1024,8,2,1,[32; 16; 8; 512; 64; 32; 1024; 8; 2; 1],0.039488266746047884,0.17702743733026216,tvm
64,64,8,224,224,16,512,32,1,0,[64; 64; 8; 224; 224; 16; 512; 32; 1; 0],0.03668732428923249,0.19054283194804528,tvm
32,8,4,512,256,64,128,8,4,1,[32; 8; 4; 512; 256; 64; 128; 8; 4; 1],0.03275844774907455,0.2133955406011005,tvm
64,16,4,512,32,16,16,16,1,1,[64; 16; 4; 512; 32; 16; 16; 16; 1; 1],0.05271608103066683,0.1326067213266487,tvm
8,8,4,14336,512,16,16,1,1,0,[8; 8; 4; 14336; 512; 16; 16; 1; 1; 0],0.03505300072720274,0.19942676865440828,tvm
64,64,4,896,896,64,512,64,4,1,[64; 64; 4; 896; 896; 64; 512; 64; 4; 1],0.02990243351086974,0.2337771828545516,tvm
64,16,4,32,32,16,8,2,1,1,[64; 16; 4; 32; 32; 16; 8; 2; 1; 1],0.042557933484204113,0.16425860220072191,tvm
16,16,4,448,32,16,16,8,1,0,[16; 16; 4; 448; 32; 16; 16; 8; 1; 0],0.04882019496290013,0.14318883142476088,tvm
16,8,8,7168,7168,16,64,16,1,1,[16; 8; 8; 7168; 7168; 16; 64; 16; 1; 1],0.06408553197979927,0.10908088691329239,tvm
32,32,8,1792,448,16,256,64,1,1,[32; 32; 8; 1792; 448; 16; 256; 64; 1; 1],0.03297816374106333,0.2119737994375447,tvm
16,8,4,7168,512,64,1,1,4,1,[16; 8; 4; 7168; 512; 64; 1; 1; 4; 1],0.03791476122569293,0.1843742764211199,tvm
64,64,8,512,64,32,512,32,2,0,[64; 64; 8; 512; 64; 32; 512; 32; 2; 0],0.0370865537552163,0.18849167579188825,tvm
64,64,8,1024,64,32,256,4,2,1,[64; 64; 8; 1024; 64; 32; 256; 4; 2; 1],0.03383410122478381,0.2066112712799373,tvm
64,32,4,3584,64,16,64,64,1,0,[64; 32; 4; 3584; 64; 16; 64; 64; 1; 0],0.0718733505345881,0.09726145524971147,tvm
8,8,4,448,224,32,2,1,2,1,[8; 8; 4; 448; 224; 32; 2; 1; 2; 1],0.03739113098708913,0.18695627765526632,tvm
16,8,8,7168,512,16,64,1,1,1,[16; 8; 8; 7168; 512; 16; 64; 1; 1; 1],0.06374217255506665,0.10966847200929011,tvm
64,16,8,256,32,16,32,16,1,0,[64; 16; 8; 256; 32; 16; 32; 16; 1; 0],0.040497575246263295,0.17261543744675625,tvm
32,16,4,2048,64,64,128,1,4,1,[32; 16; 4; 2048; 64; 64; 128; 1; 4; 1],0.0383557720342651,0.18225435953737817,tvm
64,16,8,1024,32,32,128,32,2,0,[64; 16; 8; 1024; 32; 32; 128; 32; 2; 0],0.046814135275781155,0.14932469916374036,tvm
64,16,8,224,16,16,32,4,1,1,[64; 16; 8; 224; 16; 16; 32; 4; 1; 1],0.0408867480000481,0.1709724301541038,tvm
32,8,4,512,512,64,8,4,4,1,[32; 8; 4; 512; 512; 64; 8; 4; 4; 1],0.03179941920097917,0.21983126869346764,tvm
16,8,4,2048,256,64,4,4,4,1,[16; 8; 4; 2048; 256; 64; 4; 4; 4; 1],0.04938072623917833,0.14156346410961543,tvm
32,16,8,128,64,32,256,16,2,0,[32; 16; 8; 128; 64; 32; 256; 16; 2; 0],0.035853545006830245,0.1949739325730537,tvm
64,32,4,3584,448,16,64,16,1,1,[64; 32; 4; 3584; 448; 16; 64; 16; 1; 1],0.05310207395814359,0.1316428181727283,tvm
32,16,4,224,32,16,32,32,1,0,[32; 16; 4; 224; 32; 16; 32; 32; 1; 0],0.0501125727314502,0.13949606427369649,tvm
64,32,16,64,16,16,128,64,1,1,[64; 32; 16; 64; 16; 16; 128; 64; 1; 1],0.03824823419563472,0.18276678162215643,tvm
16,16,8,7168,64,16,8,1,1,0,[16; 16; 8; 7168; 64; 16; 8; 1; 1; 0],0.04454336751950905,0.1569370942510122,tvm
8,8,4,3584,256,64,8,2,4,1,[8; 8; 4; 3584; 256; 64; 8; 2; 4; 1],0.029068261734209955,0.2404858856227944,tvm
16,16,4,1792,112,16,16,8,1,1,[16; 16; 4; 1792; 112; 16; 16; 8; 1; 1],0.026191715733148158,0.2668976228166489,tvm
32,16,8,2048,128,16,32,2,1,0,[32; 16; 8; 2048; 128; 16; 32; 2; 1; 0],0.04595814546337351,0.1521059345668718,tvm
16,16,8,1792,224,32,128,64,2,1,[16; 16; 8; 1792; 224; 32; 128; 64; 2; 1],0.03269155521411449,0.21383218451621827,tvm
64,64,16,1024,256,16,1,1,1,1,[64; 64; 16; 1024; 256; 16; 1; 1; 1; 1],0.06455506302881986,0.10828750432085918,tvm
8,8,4,1024,512,64,16,2,4,1,[8; 8; 4; 1024; 512; 64; 16; 2; 4; 1],0.02982615423388779,0.2343750592801607,tvm
64,32,8,1024,16,16,32,1,1,0,[64; 32; 8; 1024; 16; 16; 32; 1; 1; 0],0.031644098984543234,0.22091027682858738,tvm
64,32,8,896,32,16,32,2,1,0,[64; 32; 8; 896; 32; 16; 32; 2; 1; 0],0.02851439523510635,0.2451571078056776,tvm
16,16,4,3584,128,16,64,4,1,1,[16; 16; 4; 3584; 128; 16; 64; 4; 1; 1],0.03441109327832237,0.20314689248976608,tvm
64,64,4,3584,448,32,32,4,2,0,[64; 64; 4; 3584; 448; 32; 32; 4; 2; 0],0.029621684283483773,0.2359928827735288,tvm
64,32,4,32,16,16,64,64,1,0,[64; 32; 4; 32; 16; 16; 64; 64; 1; 0],0.02878816396696493,0.24282572083056186,tvm
64,16,16,896,224,16,4,4,1,0,[64; 16; 16; 896; 224; 16; 4; 4; 1; 0],0.04612804047064856,0.15154571049066679,tvm
32,32,8,1024,16,16,32,16,1,1,[32; 32; 8; 1024; 16; 16; 32; 16; 1; 1],0.032109280000440776,0.2177098541783156,tvm
32,16,4,224,224,16,64,4,1,1,[32; 16; 4; 224; 224; 16; 64; 4; 1; 1],0.033914406260009855,0.2061220418565758,tvm
16,16,16,896,896,16,64,2,1,1,[16; 16; 16; 896; 896; 16; 64; 2; 1; 1],0.05241733253933489,0.13336250297400898,tvm
64,32,8,1792,32,32,64,8,2,0,[64; 32; 8; 1792; 32; 32; 64; 8; 2; 0],0.024250059999758378,0.2882676029146451,tvm
64,32,4,1024,32,32,128,4,2,0,[64; 32; 4; 1024; 32; 32; 128; 4; 2; 0],0.0385752422735095,0.18121744037540904,tvm
64,16,4,448,224,16,16,1,1,0,[64; 16; 4; 448; 224; 16; 16; 1; 1; 0],0.036037868238054216,0.19397669752521698,tvm
32,16,8,1792,256,32,4,4,2,1,[32; 16; 8; 1792; 256; 32; 4; 4; 2; 1],0.022760230756830424,0.3071368977473478,tvm
64,64,4,128,64,32,128,16,2,0,[64; 64; 4; 128; 64; 32; 128; 16; 2; 0],0.03249589749611914,0.21511966756731418,tvm
16,16,4,3584,512,16,32,8,1,0,[16; 16; 4; 3584; 512; 16; 32; 8; 1; 0],0.021354189375415444,0.3273599640693768,tvm
64,64,8,896,224,32,128,32,2,1,[64; 64; 8; 896; 224; 32; 128; 32; 2; 1],0.02273311952012591,0.30750318540655563,tvm
64,32,8,2048,512,32,64,2,2,1,[64; 32; 8; 2048; 512; 32; 64; 2; 2; 1],0.025148176529910415,0.27797270543064573,tvm
64,64,8,896,32,32,16,16,2,1,[64; 64; 8; 896; 32; 32; 16; 16; 2; 1],0.015476532484171912,0.45168429516210856,tvm
32,16,4,896,896,32,8,1,2,0,[32; 16; 4; 896; 896; 32; 8; 1; 2; 0],0.02427868638187647,0.28792771390979927,tvm
16,16,4,1024,256,16,16,1,1,0,[16; 16; 4; 1024; 256; 16; 16; 1; 1; 0],0.02388433672604151,0.2926816326050535,tvm
32,32,4,1792,256,16,16,8,1,0,[32; 32; 4; 1792; 256; 16; 16; 8; 1; 0],0.02468672176473774,0.283168690168163,tvm
16,16,4,512,256,16,8,2,1,0,[16; 16; 4; 512; 256; 16; 8; 2; 1; 0],0.02300074850791134,0.303925181576687,tvm
32,32,4,7168,3584,64,8,4,4,0,[32; 32; 4; 7168; 3584; 64; 8; 4; 4; 0],0.036495801992714405,0.19154276067319112,tvm
64,32,4,1792,448,64,512,16,4,1,[64; 32; 4; 1792; 448; 64; 512; 16; 4; 1],0.0364024672890082,0.19203386987940416,tvm
8,8,8,14336,14336,16,32,32,1,1,[8; 8; 8; 14336; 14336; 16; 32; 32; 1; 1],0.03894057701108977,0.17951728513616685,tvm
64,8,4,3584,896,32,4,4,2,0,[64; 8; 4; 3584; 896; 32; 4; 4; 2; 0],0.06071836652699858,0.11513001858438204,tvm
32,16,4,3584,32,32,128,2,2,1,[32; 16; 4; 3584; 32; 32; 128; 2; 2; 1],0.031429057475179434,0.22242177234195779,tvm
8,8,4,7168,128,32,16,4,2,0,[8; 8; 4; 7168; 128; 32; 16; 4; 2; 0],0.03690314677078277,0.18942847096717622,tvm
16,8,8,896,224,16,4,2,1,1,[16; 8; 8; 896; 224; 16; 4; 2; 1; 1],0.03239890100667253,0.21576369720772248,tvm
32,16,8,64,64,16,32,2,1,0,[32; 16; 8; 64; 64; 16; 32; 2; 1; 0],0.039763004053384066,0.17580428926550717,tvm
32,16,8,64,64,16,32,32,1,0,[32; 16; 8; 64; 64; 16; 32; 32; 1; 0],0.0397095232619904,0.17604106250648235,tvm
64,64,16,1792,896,16,512,64,1,1,[64; 64; 16; 1792; 896; 16; 512; 64; 1; 1],0.039131963218096644,0.17863930382705398,tvm
8,4,4,7168,7168,32,8,2,2,1,[8; 4; 4; 7168; 7168; 32; 8; 2; 2; 1],0.04046921926783398,0.17273638565651572,tvm
32,8,4,3584,448,32,32,4,2,1,[32; 8; 4; 3584; 448; 32; 32; 4; 2; 1],0.03735060500912368,0.18715912807728513,tvm
32,8,4,1792,256,64,16,1,4,1,[32; 8; 4; 1792; 256; 64; 16; 1; 4; 1],0.036885772249661386,0.18951769856820172,tvm
32,16,8,1792,128,32,256,64,2,1,[32; 16; 8; 1792; 128; 32; 256; 64; 2; 1],0.03706259775208309,0.18861351040278249,tvm
64,64,8,3584,16,16,8,4,1,0,[64; 64; 8; 3584; 16; 16; 8; 4; 1; 0],0.06898901052772999,0.10132782907296296,tvm
64,16,4,448,224,16,128,8,1,0,[64; 16; 4; 448; 224; 16; 128; 8; 1; 0],0.049453434243332595,0.14135533302440245,tvm
16,8,4,7168,896,16,32,8,1,0,[16; 8; 4; 7168; 896; 16; 32; 8; 1; 0],0.030271502735558897,0.2309269786747375,tvm
32,32,4,448,64,16,512,16,1,0,[32; 32; 4; 448; 64; 16; 512; 16; 1; 0],0.035393632540944964,0.19750746574485484,tvm
16,16,8,224,32,32,512,64,2,1,[16; 16; 8; 224; 32; 32; 512; 64; 2; 1],0.03459961200132966,0.20204003057600825,tvm
16,16,8,512,128,32,256,2,2,1,[16; 16; 8; 512; 128; 32; 256; 2; 2; 1],0.03420522797387093,0.2043695388320947,tvm
64,64,8,224,32,32,512,16,2,0,[64; 64; 8; 224; 32; 32; 512; 16; 2; 0],0.03627031249925494,0.19273356596556107,tvm
16,16,4,7168,64,16,16,1,1,1,[16; 16; 4; 7168; 64; 16; 16; 1; 1; 1],0.02944303274853155,0.23742481715017327,tvm
64,64,8,3584,16,16,8,8,1,1,[64; 64; 8; 3584; 16; 16; 8; 8; 1; 1],0.047434004256501794,0.14737331954656718,tvm
64,64,16,112,16,16,128,1,1,1,[64; 64; 16; 112; 16; 16; 128; 1; 1; 1],0.029935713799204677,0.2335172868619685,tvm
16,16,8,1792,256,32,2,1,2,0,[16; 16; 8; 1792; 256; 32; 2; 1; 2; 0],0.04310932772932574,0.16215763582671863,tvm
64,32,4,2048,2048,16,128,32,1,1,[64; 32; 4; 2048; 2048; 16; 128; 32; 1; 1],0.040521676011849195,0.17251277229062612,tvm
32,16,4,896,64,32,32,4,2,0,[32; 16; 4; 896; 64; 32; 32; 4; 2; 0],0.029907416959758848,0.23373822875016462,tvm
32,16,8,256,64,32,64,8,2,1,[32; 16; 8; 256; 64; 32; 64; 8; 2; 1],0.030245429486967623,0.23112605062126126,tvm
16,16,4,224,112,16,16,16,1,0,[16; 16; 4; 224; 112; 16; 16; 16; 1; 0],0.029031693760771304,0.240788798761459,tvm
64,64,16,128,16,16,32,32,1,0,[64; 64; 16; 128; 16; 16; 32; 32; 1; 0],0.026593075541313738,0.2628694321499801,tvm
64,64,16,112,16,16,64,1,1,1,[64; 64; 16; 112; 16; 16; 64; 1; 1; 1],0.027465204242616892,0.2545222895455377,tvm
64,32,16,448,32,16,32,16,1,0,[64; 32; 16; 448; 32; 16; 32; 16; 1; 0],0.03777129726950079,0.1850745717519026,tvm
32,32,8,512,16,16,16,2,1,0,[32; 32; 8; 512; 16; 16; 16; 2; 1; 0],0.035182584484573454,0.19869224416221618,tvm
64,32,16,2048,512,16,64,1,1,0,[64; 32; 16; 2048; 512; 16; 64; 1; 1; 0],0.04185207677073777,0.16702890766831208,tvm
16,16,16,448,448,16,64,4,1,1,[16; 16; 16; 448; 448; 16; 64; 4; 1; 1],0.05244981299620122,0.13327991592978544,tvm
64,32,4,3584,896,64,64,8,4,1,[64; 32; 4; 3584; 896; 64; 64; 8; 4; 1],0.03689774050144479,0.18945622609040091,tvm
32,32,4,16,16,16,128,2,1,1,[32; 32; 4; 16; 16; 16; 128; 2; 1; 1],0.02853450452676043,0.24498433677412484,tvm
64,64,4,2048,32,16,64,16,1,1,[64; 64; 4; 2048; 32; 16; 64; 16; 1; 1],0.026200525055173784,0.2668078846491002,tvm
64,64,8,1024,32,16,32,8,1,0,[64; 64; 8; 1024; 32; 16; 32; 8; 1; 0],0.03080847777891904,0.22690204679472933,tvm
16,16,8,128,128,16,32,1,1,1,[16; 16; 8; 128; 128; 16; 32; 1; 1; 1],0.024835360381985083,0.2814739371262515,tvm
64,64,8,448,224,16,128,8,1,1,[64; 64; 8; 448; 224; 16; 128; 8; 1; 1],0.028000963502563536,0.24965236164200827,tvm
64,64,16,1024,128,16,64,32,1,1,[64; 64; 16; 1024; 128; 16; 64; 32; 1; 1],0.030715921486262232,0.22758577077992556,tvm
64,32,16,256,128,16,64,4,1,1,[64; 32; 16; 256; 128; 16; 64; 4; 1; 1],0.035201694001443684,0.1985843825123863,tvm
64,32,4,512,16,16,32,8,1,1,[64; 32; 4; 512; 16; 16; 32; 8; 1; 1],0.033023381722159684,0.21168354971882927,tvm
64,16,4,512,256,32,64,16,2,0,[64; 16; 4; 512; 256; 32; 64; 16; 2; 0],0.03799486352363601,0.18398557116327005,tvm
32,32,4,224,32,16,16,2,1,1,[32; 32; 4; 224; 32; 16; 16; 2; 1; 1],0.032719707232899964,0.21364820341783647,tvm
32,32,8,512,128,32,128,8,2,0,[32; 32; 8; 512; 128; 32; 128; 8; 2; 0],0.025568883516825736,0.273398979742957,tvm
32,32,4,224,32,16,16,1,1,1,[32; 32; 4; 224; 32; 16; 16; 1; 1; 1],0.03266859770519659,0.21398245280527262,tvm
64,16,4,896,896,16,16,16,1,0,[64; 16; 4; 896; 896; 16; 16; 16; 1; 0],0.026393898471724242,0.26485313164917984,tvm
16,16,16,2048,256,16,32,1,1,1,[16; 16; 16; 2048; 256; 16; 32; 1; 1; 1],0.04598320502554998,0.15202304108168366,tvm
64,64,4,1792,64,64,64,2,4,0,[64; 64; 4; 1792; 64; 64; 64; 2; 4; 0],0.016766143613494933,0.41694183396115403,tvm
16,16,8,7168,448,16,32,8,1,1,[16; 16; 8; 7168; 448; 16; 32; 8; 1; 1],0.020928165497025475,0.3340238621325997,tvm
64,16,8,512,512,32,8,2,2,0,[64; 16; 8; 512; 512; 32; 8; 2; 2; 0],0.02719631075160578,0.2570387848011304,tvm
64,64,8,512,64,32,32,8,2,0,[64; 64; 8; 512; 64; 32; 32; 8; 2; 0],0.022480262123281136,0.310961973144749,tvm
64,32,4,1792,128,64,128,32,4,1,[64; 32; 4; 1792; 128; 64; 128; 32; 4; 1],0.023551102756755427,0.2968229020469753,tvm
64,64,8,448,64,16,8,2,1,1,[64; 64; 8; 448; 64; 16; 8; 2; 1; 1],0.021643158863298595,0.3229892046174842,tvm
32,32,8,448,448,32,128,8,2,1,[32; 32; 8; 448; 448; 32; 128; 8; 2; 1],0.022658344503724948,0.3085179795689598,tvm
16,16,4,2048,512,32,32,8,2,1,[16; 16; 4; 2048; 512; 32; 32; 8; 2; 1],0.026526762230787426,0.2635265701048642,tvm
16,16,8,896,448,16,8,4,1,0,[16; 16; 8; 896; 448; 16; 8; 4; 1; 0],0.02260950714116916,0.30918438969144113,tvm
64,64,4,896,32,32,16,4,2,1,[64; 64; 4; 896; 32; 32; 16; 4; 2; 1],0.024899775628000498,0.2807457694038675,tvm
32,32,8,896,64,32,16,1,2,1,[32; 32; 8; 896; 64; 32; 16; 1; 2; 1],0.020345302997156978,0.3435931461745008,tvm
64,64,4,512,32,32,32,1,2,1,[64; 64; 4; 512; 32; 32; 32; 1; 2; 1],0.02674486703472212,0.26137750685359873,tvm
64,32,8,1792,1792,32,8,4,2,0,[64; 32; 8; 1792; 1792; 32; 8; 4; 2; 0],0.0222570848709438,0.3140800651657954,tvm
64,64,8,512,512,32,16,2,2,1,[64; 64; 8; 512; 512; 32; 16; 2; 2; 1],0.01494818611536175,0.4676491590831049,tvm
8,8,4,14336,112,16,32,2,1,1,[8; 8; 4; 14336; 112; 16; 32; 2; 1; 1],0.039092719031032175,0.178818635283914,tvm
64,16,4,512,256,32,256,2,2,1,[64; 16; 4; 512; 256; 32; 256; 2; 2; 1],0.05408223392441869,0.1292569880977195,tvm
64,64,4,3584,64,16,128,4,1,0,[64; 64; 4; 3584; 64; 16; 128; 4; 1; 0],0.07011751038953662,0.09969701758991481,tvm
64,32,16,128,16,16,512,2,1,0,[64; 32; 16; 128; 16; 16; 512; 2; 1; 0],0.04236379102803767,0.16501135750670032,tvm
16,16,4,896,32,16,32,8,1,1,[16; 16; 4; 896; 32; 16; 32; 8; 1; 1],0.037977637781295925,0.18406902258964372,tvm
64,32,8,2048,1024,32,16,1,2,0,[64; 32; 8; 2048; 1024; 32; 16; 1; 2; 0],0.016094336519017816,0.43434575003488707,tvm
8,8,8,7168,512,16,32,4,1,0,[8; 8; 8; 7168; 512; 16; 32; 4; 1; 0],0.025184274243656546,0.2775742750826916,tvm
64,16,4,2048,32,32,64,64,2,0,[64; 16; 4; 2048; 32; 32; 64; 64; 2; 0],0.03634541278006509,0.19233532190067337,tvm
32,16,16,896,128,16,16,1,1,1,[32; 16; 16; 896; 128; 16; 16; 1; 1; 1],0.04602822446031496,0.15187434989359205,tvm
32,8,8,7168,256,32,16,16,2,0,[32; 8; 8; 7168; 256; 32; 16; 16; 2; 0],0.06883563299197704,0.10155360476573852,tvm
64,64,16,3584,256,16,16,8,1,0,[64; 64; 16; 3584; 256; 16; 16; 8; 1; 0],0.04166860500117764,0.16776435559743602,tvm
32,32,8,3584,256,32,64,4,2,0,[32; 32; 8; 3584; 256; 32; 64; 4; 2; 0],0.020465226989472285,0.3415797279093323,tvm
32,16,8,1024,256,16,64,8,1,0,[32; 16; 8; 1024; 256; 16; 64; 8; 1; 0],0.04888674203539267,0.14299391564293096,tvm
16,16,8,2048,2048,16,128,8,1,0,[16; 16; 8; 2048; 2048; 16; 128; 8; 1; 0],0.056499886559322476,0.12372603012798852,tvm
32,32,8,3584,224,16,64,4,1,0,[32; 32; 8; 3584; 224; 16; 64; 4; 1; 0],0.024569199129473418,0.2845231800120337,tvm
16,16,16,2048,128,16,8,1,1,1,[16; 16; 16; 2048; 128; 16; 8; 1; 1; 1],0.05983409599866718,0.11683149130927593,tvm
8,8,8,14336,3584,32,32,8,2,1,[8; 8; 8; 14336; 3584; 32; 32; 8; 2; 1],0.025927854527253658,0.2696137722972298,tvm
64,32,16,1792,128,16,8,8,1,0,[64; 32; 16; 1792; 128; 16; 8; 8; 1; 0],0.036200484493747354,0.19310533448451736,tvm
64,64,4,2048,256,16,16,4,1,1,[64; 64; 4; 2048; 256; 16; 16; 4; 1; 1],0.021039297484094277,0.33225950970803536,tvm
64,64,4,1792,448,16,64,32,1,1,[64; 64; 4; 1792; 448; 16; 64; 32; 1; 1],0.0215112196165137,0.32497026162571485,tvm
16,16,4,224,32,32,256,1,2,1,[16; 16; 4; 224; 32; 32; 256; 1; 2; 1],0.036200686008669436,0.1931042595433844,tvm
32,16,4,896,32,16,256,2,1,0,[32; 16; 4; 896; 32; 16; 256; 2; 1; 0],0.04637727251974866,0.1507313019257423,tvm
32,16,4,896,64,32,16,2,2,1,[32; 16; 4; 896; 64; 32; 16; 2; 2; 1],0.030290606257040054,0.2307813388529308,tvm
16,16,8,112,16,16,4,2,1,1,[16; 16; 8; 112; 16; 16; 4; 2; 1; 1],0.053799153538420796,0.12993711251747445,tvm
64,32,16,1792,64,16,128,2,1,1,[64; 32; 16; 1792; 64; 16; 128; 2; 1; 1],0.03892904525855556,0.1795704626259834,tvm
32,32,16,1024,64,16,64,4,1,1,[32; 32; 16; 1024; 64; 16; 64; 4; 1; 1],0.041097340756095946,0.17009632589499768,tvm
64,32,8,128,32,16,64,8,1,1,[64; 32; 8; 128; 32; 16; 64; 8; 1; 1],0.027299166715238243,0.2560703313616018,tvm
64,64,8,3584,3584,32,32,16,2,1,[64; 64; 8; 3584; 3584; 32; 32; 16; 2; 1],0.03049725975142792,0.2292175337602049,tvm
32,8,8,1792,448,16,8,8,1,1,[32; 8; 8; 1792; 448; 16; 8; 8; 1; 1],0.030866817745845765,0.2264731895664071,tvm
16,8,8,3584,224,32,32,16,2,0,[16; 8; 8; 3584; 224; 32; 32; 16; 2; 0],0.0401296962518245,0.17419784647258185,tvm
16,16,16,14336,1024,16,32,4,1,1,[16; 16; 16; 14336; 1024; 16; 32; 4; 1; 1],0.03979239478940144,0.1756744398939408,tvm
16,16,4,64,64,64,32,32,4,1,[16; 16; 4; 64; 64; 64; 32; 32; 4; 1],0.028040423523634672,0.2493010371535408,tvm
64,64,8,512,32,16,128,64,1,0,[64; 64; 8; 512; 32; 16; 128; 64; 1; 0],0.038957471784669906,0.17943943347518487,tvm
32,16,4,256,32,16,32,2,1,0,[32; 16; 4; 256; 32; 16; 32; 2; 1; 0],0.03749589924700558,0.18643389829422288,tvm
64,64,8,448,448,32,32,4,2,0,[64; 64; 8; 448; 448; 32; 32; 4; 2; 0],0.013855248602339998,0.5045385230753671,tvm
16,16,8,7168,128,32,64,1,2,1,[16; 16; 8; 7168; 128; 32; 64; 1; 2; 1],0.03076569299446419,0.22721759161818655,tvm
64,8,8,1024,512,16,16,8,1,1,[64; 8; 8; 1024; 512; 16; 16; 8; 1; 1],0.03688443498685956,0.1895245696228532,tvm
32,32,8,1024,16,16,512,16,1,0,[32; 32; 8; 1024; 16; 16; 512; 16; 1; 0],0.04792380199069157,0.14586711354880524,tvm
32,16,4,128,16,16,32,2,1,0,[32; 16; 4; 128; 16; 16; 32; 2; 1; 0],0.03923642903100699,0.17816368205022803,tvm
8,8,4,14336,3584,64,1,1,4,1,[8; 8; 4; 14336; 3584; 64; 1; 1; 4; 1],0.06350609206128865,0.11007615867656047,tvm
32,32,4,448,224,32,8,2,2,0,[32; 32; 4; 448; 224; 32; 8; 2; 2; 0],0.02347203911631368,0.2978227256705653,tvm
64,32,16,32,16,16,16,8,1,0,[64; 32; 16; 32; 16; 16; 16; 8; 1; 0],0.04493922623805702,0.15555467354145763,tvm
16,16,4,448,448,32,32,2,2,0,[16; 16; 4; 448; 448; 32; 32; 2; 2; 0],0.019941592123359442,0.3505490746888778,tvm
64,16,8,896,112,16,2,2,1,1,[64; 16; 8; 896; 112; 16; 2; 2; 1; 1],0.04084160173078999,0.17116142292227018,tvm
64,32,16,224,16,16,512,4,1,1,[64; 32; 16; 224; 16; 16; 512; 4; 1; 1],0.04275252198567614,0.16351097764498607,tvm
64,32,4,1792,224,32,128,64,2,0,[64; 32; 4; 1792; 224; 32; 128; 64; 2; 0],0.03349666396388784,0.20869262306846462,tvm
16,16,8,64,32,16,8,2,1,0,[16; 16; 8; 64; 32; 16; 8; 2; 1; 0],0.053352041519246995,0.1310260388844691,tvm
32,16,8,256,32,32,16,1,2,0,[32; 16; 8; 256; 32; 32; 16; 1; 2; 0],0.03263611119473353,0.2141954543835088,tvm
32,32,4,128,32,32,4,4,2,1,[32; 32; 4; 128; 32; 32; 4; 4; 2; 1],0.02722797548631206,0.25673986191815495,tvm
8,4,4,7168,3584,64,4,4,4,1,[8; 4; 4; 7168; 3584; 64; 4; 4; 4; 1],0.04438044648850337,0.1575132117807228,tvm
32,32,16,1024,16,16,512,8,1,1,[32; 32; 16; 1024; 16; 16; 512; 8; 1; 1],0.05047107441350818,0.13850520813949058,tvm
8,8,8,7168,256,16,16,1,1,1,[8; 8; 8; 7168; 256; 16; 16; 1; 1; 1],0.0306802709819749,0.22785022566370713,tvm
64,16,8,64,64,32,512,16,2,0,[64; 16; 8; 64; 64; 32; 512; 16; 2; 0],0.04018568299943581,0.17395515379855084,tvm
32,32,16,2048,1024,16,4,1,1,0,[32; 32; 16; 2048; 1024; 16; 4; 1; 1; 0],0.03941551549360156,0.1773541860134103,tvm
64,32,8,1792,256,16,128,2,1,1,[64; 32; 8; 1792; 256; 16; 128; 2; 1; 1],0.0365348887280561,0.19133783925550793,tvm
16,8,8,448,448,16,4,2,1,1,[16; 8; 8; 448; 448; 16; 4; 2; 1; 1],0.023679929872741923,0.2952080814527019,tvm
32,16,8,112,16,16,512,8,1,1,[32; 16; 8; 112; 16; 16; 512; 8; 1; 1],0.045687818026635796,0.1530059208034674,tvm
32,32,8,448,64,32,1024,32,2,1,[32; 32; 8; 448; 64; 32; 1024; 32; 2; 1],0.033056839543860406,0.21146929843040613,tvm
64,64,8,896,224,16,16,8,1,0,[64; 64; 8; 896; 224; 16; 16; 8; 1; 0],0.01947975263465196,0.35886013533002775,tvm
16,8,8,512,512,16,4,4,1,1,[16; 8; 8; 512; 512; 16; 4; 4; 1; 1],0.02165973451337777,0.32274202910239264,tvm
16,16,8,448,448,32,16,4,2,0,[16; 16; 8; 448; 448; 32; 16; 4; 2; 0],0.01932594063691795,0.36171624439913913,tvm
64,32,16,64,16,16,32,1,1,0,[64; 32; 16; 64; 16; 16; 32; 1; 1; 0],0.03646837401902303,0.1916868205591015,tvm
64,8,4,224,224,16,16,4,1,0,[64; 8; 4; 224; 224; 16; 16; 4; 1; 0],0.04497710021678358,0.1554236852303364,tvm
64,32,16,512,512,16,2,2,1,1,[64; 32; 16; 512; 512; 16; 2; 2; 1; 1],0.05645294697023928,0.12382890605076656,tvm
16,8,4,14336,128,64,16,16,4,0,[16; 8; 4; 14336; 128; 64; 16; 16; 4; 0],0.07473978993948549,0.09353125921716753,tvm
32,16,4,128,32,16,256,32,1,0,[32; 16; 4; 128; 32; 16; 256; 32; 1; 0],0.04223529901355505,0.16551336985735854,tvm
4,4,4,3584,1792,64,4,4,4,1,[4; 4; 4; 3584; 1792; 64; 4; 4; 4; 1],0.04731075873132795,0.1477572301548767,tvm
16,8,8,2048,256,32,64,1,2,0,[16; 8; 8; 2048; 256; 32; 64; 1; 2; 0],0.06085594242904335,0.11486974628348642,tvm
8,8,4,448,112,16,2,2,1,1,[8; 8; 4; 448; 112; 16; 2; 2; 1; 1],0.06302329245954752,0.1109194139794209,tvm
16,16,8,1024,1024,16,256,32,1,1,[16; 16; 8; 1024; 1024; 16; 256; 32; 1; 1],0.04115507751703262,0.16985769650837237,tvm
32,16,4,224,224,16,512,4,1,0,[32; 16; 4; 224; 224; 16; 512; 4; 1; 0],0.04322078125551343,0.161739479565167,tvm
32,16,16,1024,128,16,32,16,1,1,[32; 16; 16; 1024; 128; 16; 32; 16; 1; 1],0.06243865704163909,0.11195799201774692,tvm
64,32,16,112,112,16,512,64,1,1,[64; 32; 16; 112; 112; 16; 512; 64; 1; 1],0.043589567474555224,0.16037109500449329,tvm
64,64,4,896,448,32,1024,8,2,0,[64; 64; 4; 896; 448; 32; 1024; 8; 2; 0],0.032550140749663115,0.21476118092481725,tvm
8,4,4,3584,448,32,16,8,2,1,[8; 4; 4; 3584; 448; 32; 16; 8; 2; 1],0.04837923124432564,0.14449395922318584,tvm
16,16,4,896,16,16,128,8,1,1,[16; 16; 4; 896; 16; 16; 128; 8; 1; 1],0.040091542759910226,0.17436362348362572,tvm
16,16,8,128,128,32,2,2,2,0,[16; 16; 8; 128; 128; 32; 2; 2; 2; 0],0.06172399746719748,0.11325427635145784,tvm
32,16,4,7168,128,64,8,4,4,0,[32; 16; 4; 7168; 128; 64; 8; 4; 4; 0],0.06604038598015904,0.10585199591000076,tvm
32,16,8,448,16,16,64,1,1,1,[32; 16; 8; 448; 16; 16; 64; 1; 1; 1],0.03940512874396518,0.1774009345861419,tvm
64,64,16,896,128,16,256,8,1,1,[64; 64; 16; 896; 128; 16; 256; 8; 1; 1],0.04002746078185737,0.17464277099073808,tvm
32,32,4,512,32,32,1024,16,2,0,[32; 32; 4; 512; 32; 32; 1024; 16; 2; 0],0.03507931774947792,0.19927715574715546,tvm
16,16,4,7168,16,16,16,2,1,1,[16; 16; 4; 7168; 16; 16; 16; 2; 1; 1],0.049850002746097744,0.1402308180858402,tvm
64,8,8,2048,2048,32,32,16,2,1,[64; 8; 8; 2048; 2048; 32; 32; 16; 2; 1],0.031253391527570784,0.22367193846785735,tvm
32,32,16,448,32,16,256,16,1,1,[32; 32; 16; 448; 32; 16; 256; 16; 1; 1],0.03967425896553323,0.17619753585667794,tvm
64,16,4,3584,512,16,32,32,1,1,[64; 16; 4; 3584; 512; 16; 32; 32; 1; 1],0.05185213347431272,0.13481618205989013,tvm
8,8,4,512,256,16,2,1,1,1,[8; 8; 4; 512; 256; 16; 2; 1; 1; 1],0.03191919723758474,0.21900634325588145,tvm
16,16,8,1024,64,16,64,4,1,0,[16; 16; 8; 1024; 64; 16; 64; 4; 1; 0],0.040557459986303,0.1723605637292742,tvm
32,32,8,128,128,32,1024,2,2,0,[32; 32; 8; 128; 128; 32; 1024; 2; 2; 0],0.03182055550860241,0.2196852492024171,tvm
16,8,4,7168,224,32,32,8,2,0,[16; 8; 4; 7168; 224; 32; 32; 8; 2; 0],0.034070886962581426,0.205175364948498,tvm
32,16,8,896,448,32,256,2,2,1,[32; 16; 8; 896; 448; 32; 256; 2; 2; 1],0.03617672569816932,0.1932321549769335,tvm
16,16,4,896,64,16,8,4,1,1,[16; 16; 4; 896; 64; 16; 8; 4; 1; 1],0.03862344450317323,0.18099128020786284,tvm
64,16,4,3584,448,32,8,2,2,1,[64; 16; 4; 3584; 448; 32; 8; 2; 2; 1],0.04273117473348975,0.16359266297418193,tvm
16,8,4,14336,256,16,32,8,1,1,[16; 8; 4; 14336; 256; 16; 32; 8; 1; 1],0.05864945298526436,0.11919133616511354,tvm
16,16,4,512,64,64,512,2,4,1,[16; 16; 4; 512; 64; 64; 512; 2; 4; 1],0.035208635963499546,0.19854522833300495,tvm
32,8,4,1024,512,32,32,2,2,1,[32; 8; 4; 1024; 512; 32; 32; 2; 2; 1],0.04268534324364737,0.16376831332396577,tvm
32,16,4,2048,512,64,128,16,4,0,[32; 16; 4; 2048; 512; 64; 128; 16; 4; 0],0.04231741325929761,0.16519220170270627,tvm
64,16,4,1792,64,32,32,2,2,1,[64; 16; 4; 1792; 64; 32; 32; 2; 2; 1],0.03764056949876249,0.18571734593166808,tvm
32,16,8,1792,64,32,128,16,2,1,[32; 16; 8; 1792; 64; 32; 128; 16; 2; 1],0.03398036723956466,0.2057219281175793,tvm
16,8,8,14336,896,16,32,1,1,0,[16; 8; 8; 14336; 896; 16; 32; 1; 1; 0],0.0529932975769043,0.13191303403080337,tvm
16,16,8,512,64,32,128,1,2,0,[16; 16; 8; 512; 64; 32; 128; 1; 2; 0],0.03515635977964848,0.19884045761510757,tvm
32,16,8,896,896,32,128,1,2,0,[32; 16; 8; 896; 896; 32; 128; 1; 2; 0],0.035118829749990255,0.19905295012481464,tvm
32,32,16,3584,448,16,4,1,1,1,[32; 32; 16; 3584; 448; 16; 4; 1; 1; 1],0.02063036523759365,0.33884551175702055,tvm
32,32,8,7168,1024,16,16,2,1,1,[32; 32; 8; 7168; 1024; 16; 16; 2; 1; 1],0.030465620511677116,0.22945558138188216,tvm
16,16,4,256,64,32,8,4,2,1,[16; 16; 4; 256; 64; 32; 8; 4; 2; 1],0.03905879700323567,0.17897393680833454,tvm
16,8,8,3584,1792,32,8,1,2,0,[16; 8; 8; 3584; 1792; 32; 8; 1; 2; 0],0.02749630023026839,0.25423444638458664,tvm
64,32,4,64,32,16,128,16,1,0,[64; 32; 4; 64; 32; 16; 128; 16; 1; 0],0.044254595530219376,0.1579611469252539,tvm
32,16,8,512,64,32,64,16,2,0,[32; 16; 8; 512; 64; 32; 64; 16; 2; 0],0.03185254370328039,0.21946462837587247,tvm
32,16,4,512,128,32,16,16,2,1,[32; 16; 4; 512; 128; 32; 16; 16; 2; 1],0.027947040740400553,0.2501340564677788,tvm
32,32,4,448,16,16,32,4,1,1,[32; 32; 4; 448; 16; 16; 32; 4; 1; 1],0.02951926353853196,0.23681168934116018,tvm
16,16,4,3584,896,32,64,8,2,0,[16; 16; 4; 3584; 896; 32; 64; 8; 2; 0],0.02932396699907258,0.23838884646431888,tvm
64,32,4,112,16,16,64,64,1,1,[64; 32; 4; 112; 16; 16; 64; 64; 1; 1],0.026352625514846295,0.2652679393454903,tvm
16,16,16,1024,256,16,32,16,1,1,[16; 16; 16; 1024; 256; 16; 32; 16; 1; 1],0.03202291252091527,0.21829702910692228,tvm
64,64,16,1792,256,16,32,8,1,1,[64; 64; 16; 1792; 256; 16; 32; 8; 1; 1],0.022609122359426692,0.30918965166076123,tvm
32,32,8,224,224,32,4,2,2,0,[32; 32; 8; 224; 224; 32; 4; 2; 2; 0],0.033965442213229835,0.20581232603365912,tvm
32,16,4,1792,256,16,4,1,1,0,[32; 16; 4; 1792; 256; 16; 4; 1; 1; 0],0.02774533274350688,0.25195252590014894,tvm
32,16,4,1024,256,32,8,2,2,0,[32; 16; 4; 1024; 256; 32; 8; 2; 2; 0],0.03655217099003494,0.19124737265462177,tvm
16,16,8,7168,512,32,16,1,2,1,[16; 16; 8; 7168; 512; 32; 16; 1; 2; 1],0.01698451061383821,0.4115812828290218,tvm
64,64,8,256,128,32,128,64,2,0,[64; 64; 8; 256; 128; 32; 128; 64; 2; 0],0.02983670448884368,0.2342921842886672,tvm
64,32,4,128,32,32,16,1,2,1,[64; 32; 4; 128; 32; 32; 16; 1; 2; 1],0.030527057766448706,0.22899379036618803,tvm
64,32,4,1792,224,32,32,2,2,0,[64; 32; 4; 1792; 224; 32; 32; 2; 2; 0],0.021625739900628105,0.32324936389638315,tvm
64,64,8,224,32,32,128,16,2,1,[64; 64; 8; 224; 32; 32; 128; 16; 2; 1],0.017990727355936542,0.3885616478068606,tvm
32,32,8,448,224,32,32,32,2,0,[32; 32; 8; 448; 224; 32; 32; 32; 2; 0],0.022088498750235885,0.31647721946662466,tvm
64,64,4,128,128,64,8,8,4,0,[64; 64; 4; 128; 128; 64; 8; 8; 4; 0],0.025702571496367455,0.27197693692456554,tvm
32,32,8,448,64,32,16,1,2,1,[32; 32; 8; 448; 64; 32; 16; 1; 2; 1],0.020008619118016213,0.34937476821537655,tvm
32,32,8,256,64,32,64,32,2,1,[32; 32; 8; 256; 64; 32; 64; 32; 2; 1],0.02057801213231869,0.33970757824988174,tvm
64,64,8,2048,512,16,16,2,1,1,[64; 64; 8; 2048; 512; 16; 16; 2; 1; 1],0.01719578361371532,0.4065244610946984,tvm
32,32,4,1024,1024,64,64,16,4,1,[32; 32; 4; 1024; 1024; 64; 64; 16; 4; 1],0.02109670711797662,0.33135534505809283,tvm
64,64,4,1792,1792,64,32,32,4,1,[64; 64; 4; 1792; 1792; 64; 32; 32; 4; 1],0.01225226212409325,0.5705482461822544,tvm
64,8,4,1792,32,32,32,32,2,0,[64; 8; 4; 1792; 32; 32; 32; 32; 2; 0],0.05443168745841831,0.12842715324611026,tvm
32,16,4,448,32,16,1024,1,1,1,[32; 16; 4; 448; 32; 16; 1024; 1; 1; 1],0.05021747900173068,0.13920465156018183,tvm
16,8,8,896,128,32,256,8,2,1,[16; 8; 8; 896; 128; 32; 256; 8; 2; 1],0.045772475947160274,0.15272293058248596,tvm
16,8,8,3584,112,16,16,8,1,0,[16; 8; 8; 3584; 112; 16; 16; 8; 1; 0],0.0633716534357518,0.11030967771345694,tvm
64,16,4,256,128,32,512,2,2,1,[64; 16; 4; 256; 128; 32; 512; 2; 2; 1],0.052045952528715134,0.13431412678651272,tvm
32,32,4,14336,3584,64,4,2,4,0,[32; 32; 4; 14336; 3584; 64; 4; 2; 4; 0],0.0851394860073924,0.0821065171342437,tvm
32,16,16,7168,256,16,16,16,1,1,[32; 16; 16; 7168; 256; 16; 16; 16; 1; 1],0.0399276822572574,0.17507919998026047,tvm
64,64,4,1792,16,16,512,8,1,0,[64; 64; 4; 1792; 16; 16; 512; 8; 1; 0],0.04934765479993075,0.14165833604470454,tvm
32,8,8,1024,256,32,2,1,2,0,[32; 8; 8; 1024; 256; 32; 2; 1; 2; 0],0.06301649694796652,0.1109313751990818,tvm
32,16,4,128,32,32,4096,16,2,0,[32; 16; 4; 128; 32; 32; 4096; 16; 2; 0],0.06708390999119729,0.10420541479445604,tvm
16,8,4,14336,2048,64,2,2,4,1,[16; 8; 4; 14336; 2048; 64; 2; 2; 4; 1],0.07785346545279026,0.0897905652113284,tvm
32,16,4,14336,128,32,64,8,2,0,[32; 16; 4; 14336; 128; 32; 64; 8; 2; 0],0.10849452507682145,0.06443188411320218,tvm
4,4,4,7168,448,16,16,8,1,0,[4; 4; 4; 7168; 448; 16; 16; 8; 1; 0],0.0497951572178863,0.140385271525073,tvm
64,64,4,448,64,16,2,2,1,0,[64; 64; 4; 448; 64; 16; 2; 2; 1; 0],0.05535701650660485,0.12628040866025725,tvm
32,32,8,1792,64,32,2048,4,2,1,[32; 32; 8; 1792; 64; 32; 2048; 4; 2; 1],0.03830853872932494,0.18247907381848213,tvm
64,8,4,3584,1792,16,16,1,1,1,[64; 8; 4; 3584; 1792; 16; 16; 1; 1; 1],0.05772464396432042,0.12110090572386199,tvm
8,8,4,1792,448,64,64,1,4,1,[8; 8; 4; 1792; 448; 64; 64; 1; 4; 1],0.039249326509889215,0.178105136782547,tvm
16,8,4,7168,1792,64,2,1,4,1,[16; 8; 4; 7168; 1792; 64; 2; 1; 4; 1],0.04164438822772354,0.16786191283302226,tvm
64,32,8,1792,224,32,512,8,2,1,[64; 32; 8; 1792; 224; 32; 512; 8; 2; 1],0.034687182516790926,0.20152996465719844,tvm
64,16,4,256,32,16,64,8,1,1,[64; 16; 4; 256; 32; 16; 64; 8; 1; 1],0.036763780983164907,0.19014656489950807,tvm
64,16,8,3584,3584,16,4,2,1,0,[64; 16; 8; 3584; 3584; 16; 4; 2; 1; 0],0.0630405240226537,0.11088909515020241,tvm
64,16,4,128,64,32,4,2,2,1,[64; 16; 4; 128; 64; 32; 4; 2; 2; 1],0.034504101262427866,0.20259929721104647,tvm
32,8,8,1792,896,32,2,2,2,1,[32; 8; 8; 1792; 896; 32; 2; 2; 2; 1],0.035555091220885515,0.19661056761852305,tvm
64,64,8,512,512,16,512,16,1,1,[64; 64; 8; 512; 512; 16; 512; 16; 1; 1],0.03971691575134173,0.1760082960729525,tvm
64,32,4,3584,32,32,64,64,2,0,[64; 32; 4; 3584; 32; 32; 64; 64; 2; 0],0.03878414275823161,0.18024136076033265,tvm
64,64,4,64,64,64,256,32,4,0,[64; 64; 4; 64; 64; 64; 256; 32; 4; 0],0.04265845677582547,0.16387153204820537,tvm
64,32,8,3584,224,32,8,8,2,1,[64; 32; 8; 3584; 224; 32; 8; 8; 2; 1],0.03831386478850618,0.1824537071698326,tvm
32,16,4,1792,256,64,256,1,4,0,[32; 16; 4; 1792; 256; 64; 256; 1; 4; 0],0.03672339871991426,0.19035565634822016,tvm
32,8,4,1792,448,16,8,2,1,1,[32; 8; 4; 1792; 448; 16; 8; 2; 1; 1],0.03265103371813893,0.2140975604941771,tvm
32,32,4,512,256,32,512,16,2,1,[32; 32; 4; 512; 256; 32; 512; 16; 2; 1],0.0312975212582387,0.2233565594216666,tvm
16,16,8,1792,256,32,256,1,2,1,[16; 16; 8; 1792; 256; 32; 256; 1; 2; 1],0.03457257529953495,0.20219803141944998,tvm
32,16,4,512,512,32,256,32,2,0,[32; 16; 4; 512; 512; 32; 256; 32; 2; 0],0.03487812902312726,0.20042665310491134,tvm
64,64,8,1024,256,32,256,64,2,1,[64; 64; 8; 1024; 256; 32; 256; 64; 2; 1],0.03183595970040187,0.21957895199177627,tvm
64,16,4,1024,128,64,16,2,4,1,[64; 16; 4; 1024; 128; 64; 16; 2; 4; 1],0.041298982803709805,0.16926583155551045,tvm
8,8,8,3584,256,16,32,8,1,1,[8; 8; 8; 3584; 256; 16; 32; 8; 1; 1],0.033476254262495786,0.20881985815534598,tvm
16,8,4,7168,7168,32,16,8,2,1,[16; 8; 4; 7168; 7168; 32; 16; 8; 2; 1],0.02661200921284035,0.26268240818486316,tvm
8,8,4,7168,512,32,4,4,2,1,[8; 8; 4; 7168; 512; 32; 4; 4; 2; 1],0.025150905246846378,0.2779425471193802,tvm
64,32,4,3584,896,64,64,1,4,0,[64; 32; 4; 3584; 896; 64; 64; 1; 4; 0],0.03607663552975282,0.193768253719267,tvm
32,16,4,2048,128,32,64,1,2,0,[32; 16; 4; 2048; 128; 32; 64; 1; 2; 0],0.04075065325014293,0.1715434259116361,tvm
16,16,4,14336,7168,32,32,4,2,0,[16; 16; 4; 14336; 7168; 32; 32; 4; 2; 0],0.0601776335388422,0.11616453249452856,tvm
8,8,4,2048,1024,64,32,8,4,1,[8; 8; 4; 2048; 1024; 64; 32; 8; 4; 1],0.029092626471538097,0.2402844814821247,tvm
32,16,4,512,128,64,128,1,4,1,[32; 16; 4; 512; 128; 64; 128; 1; 4; 1],0.024421484617050737,0.2862441320125965,tvm
32,32,4,3584,32,16,4,4,1,0,[32; 32; 4; 3584; 32; 16; 4; 4; 1; 0],0.043299150245729834,0.1614467403400387,tvm
16,16,8,7168,224,32,64,8,2,1,[16; 16; 8; 7168; 224; 32; 64; 8; 2; 1],0.030610719230026007,0.22836793262308225,tvm
16,16,4,224,112,16,64,4,1,1,[16; 16; 4; 224; 112; 16; 64; 4; 1; 1],0.03463605773868039,0.20182743427119024,tvm
32,16,8,896,224,32,64,8,2,0,[32; 16; 8; 896; 224; 32; 64; 8; 2; 0],0.031866930483374745,0.21936554794047938,tvm
64,32,16,896,224,16,32,2,1,0,[64; 32; 16; 896; 224; 16; 32; 2; 1; 0],0.030282115505542606,0.23084604724485575,tvm
32,32,4,1792,448,16,128,2,1,1,[32; 32; 4; 1792; 448; 16; 128; 2; 1; 1],0.02747845050180331,0.2543995945553009,tvm
32,16,16,512,256,16,32,16,1,0,[32; 16; 16; 512; 256; 16; 32; 16; 1; 0],0.0383284330018796,0.18238435853414245,tvm
16,16,8,1792,128,32,32,16,2,1,[16; 16; 8; 1792; 128; 32; 32; 16; 2; 1],0.022741771244909614,0.30738620098605474,tvm
64,32,8,2048,64,16,32,8,1,0,[64; 32; 8; 2048; 64; 16; 32; 8; 1; 0],0.035305238503497094,0.1980019669311747,tvm
32,16,4,3584,512,64,32,32,4,0,[32; 16; 4; 3584; 512; 64; 32; 32; 4; 0],0.02402803025324829,0.2909313244984631,tvm
32,16,8,3584,896,32,16,8,2,1,[32; 16; 8; 3584; 896; 32; 16; 8; 2; 1],0.019147854385664687,0.36508041715108347,tvm
64,64,16,896,448,16,64,2,1,1,[64; 64; 16; 896; 448; 16; 64; 2; 1; 1],0.027536265028174967,0.25386546285467604,tvm
64,16,4,2048,1024,16,8,1,1,1,[64; 16; 4; 2048; 1024; 16; 8; 1; 1; 1],0.022389941761502996,0.31221638453236455,tvm
32,32,4,3584,256,32,16,8,2,1,[32; 32; 4; 3584; 256; 32; 16; 8; 2; 1],0.01772007139516063,0.39449652943135327,tvm
64,16,8,1792,1792,32,32,32,2,0,[64; 16; 8; 1792; 1792; 32; 32; 32; 2; 0],0.02000206900993362,0.34948917850423245,tvm
16,16,4,3584,1792,64,32,1,4,0,[16; 16; 4; 3584; 1792; 64; 32; 1; 4; 0],0.01943176263011992,0.35974640076300307,tvm
16,16,4,1792,1792,32,4,4,2,1,[16; 16; 4; 1792; 1792; 32; 4; 4; 2; 1],0.025279339984990656,0.2765304264595993,tvm
64,64,8,2048,64,32,32,8,2,1,[64; 64; 8; 2048; 64; 32; 32; 8; 2; 1],0.020801817619940266,0.33605268512525016,tvm
64,64,8,1792,448,32,128,64,2,1,[64; 64; 8; 1792; 448; 32; 128; 64; 2; 1],0.023232119507156312,0.30089836032882594,tvm
64,64,8,64,32,32,128,8,2,1,[64; 64; 8; 64; 32; 32; 128; 8; 2; 1],0.018145573121728376,0.3852458459025414,tvm
32,32,8,1024,1024,32,64,2,2,1,[32; 32; 8; 1024; 1024; 32; 64; 2; 2; 1],0.025903471978381276,0.26986755568909293,tvm
32,32,4,448,448,32,8,4,2,1,[32; 32; 4; 448; 448; 32; 8; 4; 2; 1],0.016221159632550552,0.43094987195853807,tvm
8,8,4,14336,224,16,16,2,1,1,[8; 8; 4; 14336; 224; 16; 16; 2; 1; 1],0.031865431752521545,0.21937586538784307,tvm
32,16,8,896,224,16,128,4,1,1,[32; 16; 8; 896; 224; 16; 128; 4; 1; 1],0.04019421001430601,0.17391825002105007,tvm
32,32,4,512,64,16,256,32,1,1,[32; 32; 4; 512; 64; 16; 256; 32; 1; 1],0.033735778473783284,0.20721343875610052,tvm
64,32,8,64,16,16,4,4,1,0,[64; 32; 8; 64; 16; 16; 4; 4; 1; 0],0.0634117869194597,0.11023986243354754,tvm
16,16,4,1024,1024,32,1024,16,2,0,[16; 16; 4; 1024; 1024; 32; 1024; 16; 2; 0],0.03603847970953211,0.19397340628710513,tvm
32,32,4,448,224,16,512,16,1,0,[32; 32; 4; 448; 224; 16; 512; 16; 1; 0],0.036865355214104056,0.18962265861993424,tvm
32,32,8,128,16,16,256,2,1,0,[32; 32; 8; 128; 16; 16; 256; 2; 1; 0],0.03445088327862322,0.20291226236873516,tvm
32,16,4,512,512,32,1024,4,2,0,[32; 16; 4; 512; 512; 32; 1024; 4; 2; 0],0.039810853253584355,0.1755929877247049,tvm
32,16,8,3584,128,16,64,1,1,1,[32; 16; 8; 3584; 128; 16; 64; 1; 1; 1],0.03863089525839314,0.1809563723519422,tvm
32,8,4,3584,896,64,4,2,4,1,[32; 8; 4; 3584; 896; 64; 4; 2; 4; 1],0.034573227050714195,0.20219421971841245,tvm
16,16,4,1024,128,32,512,4,2,0,[16; 16; 4; 1024; 128; 32; 512; 4; 2; 0],0.03547172149410471,0.19707266442730914,tvm
64,16,8,1792,896,32,128,16,2,0,[64; 16; 8; 1792; 896; 32; 128; 16; 2; 0],0.04027526424033567,0.17356823843419195,tvm
16,16,8,1792,128,32,256,32,2,0,[16; 16; 8; 1792; 128; 32; 256; 32; 2; 0],0.03491543896961957,0.20021248115337195,tvm
32,32,4,1792,32,32,512,32,2,1,[32; 32; 4; 1792; 32; 32; 512; 32; 2; 1],0.031578919501043856,0.2213662397928337,tvm
16,16,8,128,64,32,512,4,2,1,[16; 16; 8; 128; 64; 32; 512; 4; 2; 1],0.03465937700821087,0.20169164220726193,tvm
32,16,16,3584,256,16,4,2,1,1,[32; 16; 16; 3584; 256; 16; 4; 2; 1; 1],0.03082218224881217,0.22680115931557923,tvm
32,32,4,7168,7168,16,8,8,1,1,[32; 32; 4; 7168; 7168; 16; 8; 8; 1; 1],0.03955095127457753,0.17674686553392735,tvm
32,16,8,1792,256,16,2,1,1,0,[32; 16; 8; 1792; 256; 16; 2; 1; 1; 0],0.045623089536093175,0.15322300040939493,tvm
64,64,4,896,896,64,256,1,4,0,[64; 64; 4; 896; 896; 64; 256; 1; 4; 0],0.028579025238286704,0.24460269755112696,tvm
16,8,8,896,224,32,32,16,2,1,[16; 8; 8; 896; 224; 32; 32; 16; 2; 1],0.03498408501036465,0.19981962268258854,tvm
64,32,8,512,64,16,128,32,1,0,[64; 32; 8; 512; 64; 16; 128; 32; 1; 0],0.041824052517767996,0.1671408255739185,tvm
32,16,4,7168,256,16,32,4,1,1,[32; 16; 4; 7168; 256; 16; 32; 4; 1; 1],0.050237151503097266,0.1391501400360186,tvm
64,32,16,32,16,16,128,64,1,1,[64; 32; 16; 32; 16; 16; 128; 64; 1; 1],0.03932926949346438,0.17774310981871475,tvm
32,32,4,512,32,32,512,2,2,0,[32; 32; 4; 512; 32; 32; 512; 2; 2; 0],0.03131660679355264,0.22322043741041095,tvm
64,32,16,1024,16,16,64,8,1,1,[64; 32; 16; 1024; 16; 16; 64; 8; 1; 1],0.04110376426251605,0.17006974402686403,tvm
32,32,16,112,16,16,128,32,1,1,[32; 32; 16; 112; 16; 16; 128; 32; 1; 1],0.037760204228106886,0.1851289422175124,tvm
16,16,8,1792,448,32,128,8,2,0,[16; 16; 8; 1792; 448; 32; 128; 8; 2; 0],0.033684032736346126,0.207531762048304,tvm
32,32,16,1792,32,16,32,8,1,1,[32; 32; 16; 1792; 32; 16; 32; 8; 1; 1],0.03598058974603191,0.19428549437374382,tvm
64,32,16,128,16,16,32,8,1,1,[64; 32; 16; 128; 16; 16; 32; 8; 1; 1],0.036914591502863914,0.1893697419386133,tvm
8,8,4,2048,1024,16,16,1,1,1,[8; 8; 4; 2048; 1024; 16; 16; 1; 1; 1],0.032526894530747086,0.21491466577169446,tvm
64,32,16,512,512,16,64,32,1,1,[64; 32; 16; 512; 512; 16; 64; 32; 1; 1],0.04220601503038779,0.16562820871938733,tvm
16,8,8,7168,1792,32,32,16,2,1,[16; 8; 8; 7168; 1792; 32; 32; 16; 2; 1],0.02929143124492839,0.23865363929176472,tvm
64,32,4,3584,256,16,32,32,1,1,[64; 32; 4; 3584; 256; 16; 32; 32; 1; 1],0.04722529475111514,0.1480246275541054,tvm
32,16,4,3584,256,16,32,16,1,0,[32; 16; 4; 3584; 256; 16; 32; 16; 1; 0],0.03006967023247853,0.23247699800565674,tvm
16,16,4,256,128,16,64,4,1,1,[16; 16; 4; 256; 128; 16; 64; 4; 1; 1],0.03413299599196762,0.20480202406819825,tvm
64,64,4,32,32,16,64,4,1,0,[64; 64; 4; 32; 32; 16; 64; 4; 1; 0],0.026396268978714943,0.26482934661347685,tvm
16,8,4,1792,1792,16,32,8,1,1,[16; 8; 4; 1792; 1792; 16; 32; 8; 1; 1],0.03308563900645822,0.2112852245441637,tvm
64,64,4,112,16,16,64,32,1,0,[64; 64; 4; 112; 16; 16; 64; 32; 1; 0],0.03057494602398947,0.2286351269821321,tvm
16,8,4,448,448,32,16,2,2,0,[16; 8; 4; 448; 448; 32; 16; 2; 2; 0],0.026819909748155624,0.26064616668396495,tvm
32,32,4,512,64,16,32,8,1,0,[32; 32; 4; 512; 64; 16; 32; 8; 1; 0],0.026113532774616033,0.2676967045018846,tvm
32,16,8,512,256,32,64,1,2,1,[32; 16; 8; 512; 256; 32; 64; 1; 2; 1],0.02926300576655194,0.2388854624994443,tvm
64,16,16,1024,512,16,32,4,1,1,[64; 16; 16; 1024; 512; 16; 32; 4; 1; 1],0.036992045992519706,0.18897323678934227,tvm
16,16,4,448,448,64,64,64,4,0,[16; 16; 4; 448; 448; 64; 64; 64; 4; 0],0.026806583744473755,0.2607757382776452,tvm
64,32,4,224,112,16,64,1,1,1,[64; 32; 4; 224; 112; 16; 64; 1; 1; 1],0.027035726758185774,0.25856551699872865,tvm
64,32,4,512,64,32,4,4,2,1,[64; 32; 4; 512; 64; 32; 4; 4; 2; 1],0.028307694010436535,0.2469472315226169,tvm
64,32,4,2048,64,64,128,4,4,1,[64; 32; 4; 2048; 64; 64; 128; 4; 4; 1],0.027032586513087153,0.2585955533068353,tvm
32,32,8,3584,224,32,16,8,2,1,[32; 32; 8; 3584; 224; 32; 16; 8; 2; 1],0.016919143876293674,0.4131714179971862,tvm
16,16,16,7168,512,16,4,1,1,1,[16; 16; 16; 7168; 512; 16; 4; 1; 1; 1],0.03560126025695354,0.19635559573488134,tvm
16,16,8,512,256,16,32,8,1,1,[16; 16; 8; 512; 256; 16; 32; 8; 1; 1],0.02158795463037677,0.32381514536028383,tvm
32,16,8,896,896,32,32,8,2,1,[32; 16; 8; 896; 896; 32; 32; 8; 2; 1],0.02123292550095357,0.3292295574791483,tvm
32,32,4,3584,448,32,32,2,2,0,[32; 32; 4; 3584; 448; 32; 32; 2; 2; 0],0.01795076474081725,0.38942667722514024,tvm
64,64,4,2048,32,32,32,8,2,1,[64; 64; 4; 2048; 32; 32; 32; 8; 2; 1],0.026159408735111356,0.26722724268931797,tvm
64,32,8,2048,1024,16,16,4,1,0,[64; 32; 8; 2048; 1024; 16; 16; 4; 1; 0],0.01858220051508397,0.3761936946591537,tvm
64,32,8,512,256,32,8,4,2,0,[64; 32; 8; 512; 256; 32; 8; 4; 2; 0],0.024387886136537418,0.2866384822173512,tvm
64,64,8,2048,128,16,16,8,1,1,[64; 64; 8; 2048; 128; 16; 16; 8; 1; 1],0.021813164494233206,0.3204719181627573,tvm
32,32,4,896,32,32,64,8,2,1,[32; 32; 4; 896; 32; 32; 64; 8; 2; 1],0.020527596498141065,0.34054189769853044,tvm
32,32,4,2048,256,64,32,8,4,0,[32; 32; 4; 2048; 256; 64; 32; 8; 4; 0],0.021179472387302667,0.3300604726516962,tvm
64,64,8,1792,224,32,128,1,2,1,[64; 64; 8; 1792; 224; 32; 128; 1; 2; 1],0.02313715498894453,0.30213337249142747,tvm
32,32,8,1024,64,32,32,2,2,1,[32; 32; 8; 1024; 64; 32; 32; 2; 2; 1],0.029643726244103163,0.2358174073361389,tvm
64,64,8,1792,224,32,64,2,2,0,[64; 64; 8; 1792; 224; 32; 64; 2; 2; 0],0.016429747745860368,0.42547863636116945,tvm
32,32,8,896,64,32,64,1,2,1,[32; 32; 8; 896; 64; 32; 64; 1; 2; 1],0.020148557639913633,0.34694824272774255,tvm
64,64,4,256,32,32,64,16,2,1,[64; 64; 4; 256; 32; 32; 64; 16; 2; 1],0.017834529367974028,0.39196473999587106,tvm
64,64,4,1024,512,64,64,2,4,0,[64; 64; 4; 1024; 512; 64; 64; 2; 4; 0],0.016308467864291742,0.4286427593834705,tvm
64,64,4,2048,512,32,32,8,2,0,[64; 64; 4; 2048; 512; 32; 32; 8; 2; 0],0.015891704621026292,0.4398840044772502,tvm
64,64,4,512,64,32,256,2,2,1,[64; 64; 4; 512; 64; 32; 256; 2; 2; 1],0.039930621278472245,0.17506631359215669,tvm
32,16,4,1024,256,64,1024,2,4,0,[32; 16; 4; 1024; 256; 64; 1024; 2; 4; 0],0.07700062601361424,0.09078506277897919,tvm
16,16,16,7168,3584,16,64,64,1,0,[16; 16; 16; 7168; 3584; 16; 64; 64; 1; 0],0.04920623847283423,0.14206545518666264,tvm
64,16,8,896,448,32,128,2,2,0,[64; 16; 8; 896; 448; 32; 128; 2; 2; 0],0.04259714501677081,0.16410739883892342,tvm
16,16,4,128,64,32,4,1,2,0,[16; 16; 4; 128; 64; 32; 4; 1; 2; 0],0.048621359281241894,0.1437743981247271,tvm
32,8,4,3584,1792,16,8,1,1,1,[32; 8; 4; 3584; 1792; 16; 8; 1; 1; 1],0.03022346197394654,0.2312940414533807,tvm
64,16,4,3584,3584,32,64,32,2,1,[64; 16; 4; 3584; 3584; 32; 64; 32; 2; 1],0.07668384804856032,0.09116009230835552,tvm
32,8,4,2048,1024,16,32,32,1,1,[32; 8; 4; 2048; 1024; 16; 32; 32; 1; 1],0.03528514428762719,0.19811472527031446,tvm
32,32,8,224,16,16,512,32,1,0,[32; 32; 8; 224; 16; 16; 512; 32; 1; 0],0.036748894257470965,0.19022359197230848,tvm
16,16,16,1024,256,16,1,1,1,0,[16; 16; 16; 1024; 256; 16; 1; 1; 1; 0],0.11257067485712469,0.062098825253904325,tvm
16,16,4,448,224,32,1024,16,2,0,[16; 16; 4; 448; 224; 32; 1024; 16; 2; 0],0.03549472271697596,0.1969449577732111,tvm
32,16,8,64,32,32,256,32,2,1,[32; 16; 8; 64; 32; 32; 256; 32; 2; 1],0.03583229775540531,0.19508954503516726,tvm
64,32,16,1024,64,16,128,1,1,1,[64; 32; 16; 1024; 64; 16; 128; 1; 1; 1],0.04388487950200215,0.159291918902221,tvm
16,16,8,7168,112,16,64,1,1,1,[16; 16; 8; 7168; 112; 16; 64; 1; 1; 1],0.03866528021171689,0.18079544822614027,tvm
64,16,4,224,32,32,128,4,2,0,[64; 16; 4; 224; 32; 32; 128; 4; 2; 0],0.04178055375814438,0.16731483998830415,tvm
16,16,8,3584,896,32,128,2,2,1,[16; 16; 8; 3584; 896; 32; 128; 2; 2; 1],0.033070459961891174,0.21138220256755408,tvm
8,8,4,3584,224,32,8,1,2,0,[8; 8; 4; 3584; 224; 32; 8; 1; 2; 0],0.03500636573880911,0.19969244219250046,tvm
32,16,4,512,128,16,128,16,1,1,[32; 16; 4; 512; 128; 16; 128; 16; 1; 1],0.034495831467211246,0.2026478669839061,tvm
8,8,8,3584,224,32,32,8,2,1,[8; 8; 8; 3584; 224; 32; 32; 8; 2; 1],0.03754123020917177,0.18620877972610506,tvm
32,16,8,7168,512,16,32,2,1,0,[32; 16; 8; 7168; 512; 16; 32; 2; 1; 0],0.042705399740953,0.16369139989487122,tvm
32,32,16,448,16,16,64,16,1,1,[32; 32; 16; 448; 16; 16; 64; 16; 1; 1],0.03735255799256265,0.1871493424374995,tvm
64,16,4,896,128,64,128,32,4,1,[64; 16; 4; 896; 128; 64; 128; 32; 4; 1],0.03345567500218749,0.2089483074608297,tvm
64,16,16,896,224,16,8,8,1,0,[64; 16; 16; 896; 224; 16; 8; 8; 1; 0],0.03743650601245463,0.18672967675832297,tvm
64,16,4,3584,3584,64,8,8,4,0,[64; 16; 4; 3584; 3584; 64; 8; 8; 4; 0],0.04515884449938312,0.1547981739604112,tvm
32,32,8,1792,896,32,2,1,2,1,[32; 32; 8; 1792; 896; 32; 2; 1; 2; 1],0.029404645261820406,0.23773477300687876,tvm
32,32,8,3584,64,16,128,16,1,1,[32; 32; 8; 3584; 64; 16; 128; 16; 1; 1],0.0266757482313551,0.26205475497965275,tvm
64,64,4,256,32,16,128,16,1,0,[64; 64; 4; 256; 32; 16; 128; 16; 1; 0],0.04156711249379441,0.16817397811094734,tvm
8,8,8,14336,1024,32,16,16,2,0,[8; 8; 8; 14336; 1024; 32; 16; 16; 2; 0],0.02689010399626568,0.2599657728225024,tvm
16,16,4,896,64,32,16,8,2,0,[16; 16; 4; 896; 64; 32; 16; 8; 2; 0],0.03183113626437262,0.219612225231522,tvm
64,64,4,896,448,64,256,2,4,0,[64; 64; 4; 896; 448; 64; 256; 2; 4; 0],0.02884222602006048,0.2423705667449037,tvm
32,16,4,224,112,16,8,4,1,1,[32; 16; 4; 224; 112; 16; 8; 4; 1; 1],0.0252477087196894,0.2768768740275876,tvm
16,16,8,896,112,16,8,4,1,1,[16; 16; 8; 896; 112; 16; 8; 4; 1; 1],0.02769005676964298,0.2524554833824127,tvm
16,16,8,7168,128,16,32,16,1,0,[16; 16; 8; 7168; 128; 16; 32; 16; 1; 0],0.02539477270329371,0.2752734489236045,tvm
32,16,4,512,32,32,64,8,2,1,[32; 16; 4; 512; 32; 32; 64; 8; 2; 1],0.028122691030148417,0.24857175507040283,tvm
64,32,4,3584,512,32,128,32,2,1,[64; 32; 4; 3584; 512; 32; 128; 32; 2; 1],0.056723021902143955,0.12323932033674756,tvm
32,16,4,1024,128,64,128,4,4,1,[32; 16; 4; 1024; 128; 64; 128; 4; 4; 1],0.03689939499599859,0.18944773125480038,tvm
8,8,4,1792,448,16,16,1,1,1,[8; 8; 4; 1792; 448; 16; 16; 1; 1; 1],0.030090434243902564,0.23231657642438983,tvm
64,32,8,448,112,16,128,64,1,1,[64; 32; 8; 448; 112; 16; 128; 64; 1; 1],0.0321288094855845,0.21757751932274852,tvm
64,32,8,256,16,16,64,1,1,0,[64; 32; 8; 256; 16; 16; 64; 1; 1; 0],0.02813301229616627,0.2484805605981722,tvm
64,16,4,224,224,32,8,1,2,0,[64; 16; 4; 224; 224; 32; 8; 1; 2; 0],0.03314651775872335,0.2108971662589485,tvm
64,64,16,1792,896,16,64,64,1,1,[64; 64; 16; 1792; 896; 16; 64; 64; 1; 1],0.025685186963528395,0.27216101936858844,tvm
32,16,8,1792,224,32,4,1,2,1,[32; 16; 8; 1792; 224; 32; 4; 1; 2; 1],0.02543784654699266,0.27480732906194477,tvm
64,64,8,3584,512,32,128,4,2,0,[64; 64; 8; 3584; 512; 32; 128; 4; 2; 0],0.04327182797715068,0.16154867944007228,tvm
64,32,8,448,64,16,64,1,1,0,[64; 32; 8; 448; 64; 16; 64; 1; 1; 0],0.0281624854542315,0.24822051583576837,tvm
64,32,4,1024,128,16,64,32,1,0,[64; 32; 4; 1024; 128; 16; 64; 32; 1; 0],0.03319488151464611,0.21058989662554883,tvm
64,64,8,3584,256,32,8,8,2,1,[64; 64; 8; 3584; 256; 32; 8; 8; 2; 1],0.031055586703587323,0.22509658997552195,tvm
64,64,8,1792,32,16,16,16,1,1,[64; 64; 8; 1792; 32; 16; 16; 16; 1; 1],0.03088320849929005,0.22635299265707337,tvm
16,16,4,896,896,64,64,64,4,0,[16; 16; 4; 896; 896; 64; 64; 64; 4; 0],0.02792292449157685,0.2503500902556035,tvm
16,16,4,1792,448,64,64,4,4,0,[16; 16; 4; 1792; 448; 64; 64; 4; 4; 0],0.025771065207663924,0.2712540832261678,tvm
64,64,8,112,16,16,32,32,1,1,[64; 64; 8; 112; 16; 16; 32; 32; 1; 1],0.01907849937560968,0.36640757373210725,tvm
64,16,8,256,256,32,32,4,2,1,[64; 16; 8; 256; 256; 32; 32; 4; 2; 1],0.02980290027335286,0.23455793236730602,tvm
16,16,16,3584,3584,16,4,2,1,0,[16; 16; 16; 3584; 3584; 16; 4; 2; 1; 0],0.03252513275947422,0.21492630693814488,tvm
32,16,4,3584,3584,64,16,16,4,0,[32; 16; 4; 3584; 3584; 64; 16; 16; 4; 0],0.02139980226638727,0.32666220835351717,tvm
64,32,4,2048,64,32,32,16,2,0,[64; 32; 4; 2048; 64; 32; 32; 16; 2; 0],0.036443070974200964,0.19181991198314313,tvm
32,32,4,896,128,64,128,4,4,0,[32; 32; 4; 896; 128; 64; 128; 4; 4; 0],0.023963889107108116,0.2917100240041237,tvm
64,64,8,448,32,32,8,4,2,0,[64; 64; 8; 448; 32; 32; 8; 4; 2; 0],0.03375298576429486,0.20710780123225364,tvm
64,32,4,2048,64,32,64,32,2,1,[64; 32; 4; 2048; 64; 32; 64; 32; 2; 1],0.02755608147708699,0.25368290017865225,tvm
64,32,4,1792,128,32,32,8,2,0,[64; 32; 4; 1792; 128; 32; 32; 8; 2; 0],0.02517921000253409,0.27763010300812163,tvm
64,32,8,1024,128,32,64,1,2,1,[64; 32; 8; 1024; 128; 32; 64; 1; 2; 1],0.0264554547611624,0.26423687401242457,tvm
16,16,8,3584,1792,32,32,4,2,0,[16; 16; 8; 3584; 1792; 32; 32; 4; 2; 0],0.01678941713180393,0.41636386848860046,tvm
32,32,4,256,128,32,64,16,2,0,[32; 32; 4; 256; 128; 32; 64; 16; 2; 0],0.019703448371728882,0.3547859509047595,tvm
32,32,8,2048,128,32,32,16,2,1,[32; 32; 8; 2048; 128; 32; 32; 16; 2; 1],0.0260377720114775,0.26847560780489355,tvm
64,64,4,256,256,32,128,32,2,1,[64; 64; 4; 256; 256; 32; 128; 32; 2; 1],0.022767990740248933,0.3070322166948596,tvm
64,64,8,1792,448,32,16,8,2,1,[64; 64; 8; 1792; 448; 32; 16; 8; 2; 1],0.013054251990979537,0.535496531819448,tvm
32,32,8,16,16,16,1024,2,1,1,[32; 32; 8; 16; 16; 16; 1024; 2; 1; 1],0.043174977239686996,0.16191106778953673,tvm
64,8,4,1792,448,32,32,4,2,1,[64; 8; 4; 1792; 448; 32; 32; 4; 2; 1],0.04307156626600772,0.16229980176466458,tvm
64,16,8,896,112,16,16,2,1,0,[64; 16; 8; 896; 112; 16; 16; 2; 1; 0],0.040151526511181146,0.17410313564840416,tvm
64,8,4,1792,896,16,32,1,1,0,[64; 8; 4; 1792; 896; 16; 32; 1; 1; 0],0.044591023528482765,0.15676937001011967,tvm
64,32,4,896,128,32,512,1,2,0,[64; 32; 4; 896; 128; 32; 512; 1; 2; 0],0.04490364249795675,0.155677942318037,tvm
64,32,4,896,128,32,256,64,2,0,[64; 32; 4; 896; 128; 32; 256; 64; 2; 0],0.041108320001512766,0.17005089642217,tvm
64,32,4,16,16,16,4,1,1,0,[64; 32; 4; 16; 16; 16; 4; 1; 1; 0],0.061965656583197415,0.1128125973664291,tvm
32,16,4,1792,256,32,512,1,2,0,[32; 16; 4; 1792; 256; 32; 512; 1; 2; 0],0.04059497354319319,0.1722012864284477,tvm
32,32,4,7168,256,32,4,2,2,1,[32; 32; 4; 7168; 256; 32; 4; 2; 2; 1],0.02905928378459066,0.24056018443143942,tvm
64,64,8,1792,896,16,256,16,1,1,[64; 64; 8; 1792; 896; 16; 256; 16; 1; 1],0.030328740540426224,0.23049116257725175,tvm
16,16,8,32,32,16,32,8,1,1,[16; 16; 8; 32; 32; 16; 32; 8; 1; 1],0.04032190376892686,0.17336747557176949,tvm
32,32,4,1024,512,16,256,16,1,0,[32; 32; 4; 1024; 512; 16; 256; 16; 1; 0],0.04790981125552207,0.14590971000456493,tvm
32,32,8,7168,896,32,8,2,2,0,[32; 32; 8; 7168; 896; 32; 8; 2; 2; 0],0.03647554153576493,0.19164915371612365,tvm
64,64,8,256,256,16,256,32,1,1,[64; 64; 8; 256; 256; 16; 256; 32; 1; 1],0.03922810050426051,0.17820150802120632,tvm
32,32,8,7168,1792,32,64,4,2,0,[32; 32; 8; 7168; 1792; 32; 64; 4; 2; 0],0.03870539949275553,0.18060804844489659,tvm
64,64,4,3584,256,16,128,16,1,1,[64; 64; 4; 3584; 256; 16; 128; 16; 1; 1],0.05573989497497678,0.1254129859735994,tvm
16,16,4,128,128,32,1024,16,2,1,[16; 16; 4; 128; 128; 32; 1024; 16; 2; 1],0.03552012599539012,0.19680410670767076,tvm
64,64,4,3584,256,64,4,2,4,0,[64; 64; 4; 3584; 256; 64; 4; 2; 4; 0],0.03791773575358093,0.18435981283525052,tvm
64,64,4,3584,64,16,16,4,1,1,[64; 64; 4; 3584; 64; 16; 16; 4; 1; 1],0.044760957767721266,0.15617419767786497,tvm
16,16,4,2048,64,64,8,8,4,0,[16; 16; 4; 2048; 64; 64; 8; 8; 4; 0],0.03981234802631661,0.1755863950060375,tvm
16,16,4,896,64,64,512,8,4,0,[16; 16; 4; 896; 64; 64; 512; 8; 4; 0],0.0355888995109126,0.1964237940126014,tvm
16,16,8,1024,1024,32,512,64,2,0,[16; 16; 8; 1024; 1024; 32; 512; 64; 2; 0],0.03376290498999879,0.20704695489731667,tvm
8,8,4,2048,256,64,4,4,4,1,[8; 8; 4; 2048; 256; 64; 4; 4; 4; 1],0.029722750768996775,0.23519043445865478,tvm
16,8,4,14336,3584,64,32,32,4,0,[16; 8; 4; 14336; 3584; 64; 32; 32; 4; 0],0.05672178801614791,0.12324200119849124,tvm
32,16,4,256,64,16,64,4,1,1,[32; 16; 4; 256; 64; 16; 64; 4; 1; 1],0.03501824528211728,0.19962469879198944,tvm
32,16,4,3584,896,64,128,16,4,1,[32; 16; 4; 3584; 896; 64; 128; 16; 4; 1],0.02960546052781865,0.23612220658071054,tvm
32,32,16,32,16,16,16,8,1,1,[32; 32; 16; 32; 16; 16; 16; 8; 1; 1],0.03824450803222135,0.18278458859444868,tvm
32,8,8,512,512,16,32,2,1,1,[32; 8; 8; 512; 512; 16; 32; 2; 1; 1],0.03557056497083977,0.19652503895840234,tvm
32,16,4,7168,448,32,8,2,2,1,[32; 16; 4; 7168; 448; 32; 8; 2; 2; 1],0.03819563495926559,0.18301846988855705,tvm
32,32,8,256,128,32,1024,8,2,0,[32; 32; 8; 256; 128; 32; 1024; 8; 2; 0],0.031583947711624205,0.22133099796431938,tvm
32,16,16,1792,256,16,32,2,1,0,[32; 16; 16; 1792; 256; 16; 32; 2; 1; 0],0.04028855246724561,0.17351099105260517,tvm
32,16,4,7168,512,16,16,2,1,1,[32; 16; 4; 7168; 512; 16; 16; 2; 1; 1],0.04642760747810826,0.1505678850662908,tvm
64,32,4,1792,224,16,128,4,1,0,[64; 32; 4; 1792; 224; 16; 128; 4; 1; 0],0.04380508721806109,0.15958207392369808,tvm
64,64,4,3584,224,32,128,64,2,1,[64; 64; 4; 3584; 224; 32; 128; 64; 2; 1],0.03898925898829475,0.17929313990720722,tvm
64,64,16,2048,16,16,16,1,1,0,[64; 64; 16; 2048; 16; 16; 16; 1; 1; 0],0.03910227754386142,0.17877492324648725,tvm
64,16,4,448,64,64,32,8,4,1,[64; 16; 4; 448; 64; 64; 32; 8; 4; 1],0.034886946727056056,0.20037599510665352,tvm
32,16,8,64,64,32,8,4,2,1,[32; 16; 8; 64; 64; 32; 8; 4; 2; 1],0.03597117977915332,0.19433631895270598,tvm
16,16,8,3584,64,32,32,1,2,0,[16; 16; 8; 3584; 64; 32; 32; 1; 2; 0],0.03126879897899926,0.22356172590324397,tvm
64,32,4,1024,1024,16,128,4,1,1,[64; 32; 4; 1024; 1024; 16; 128; 4; 1; 1],0.039752638491336256,0.1758501305061848,tvm
64,32,8,1024,16,16,64,2,1,0,[64; 32; 8; 1024; 16; 16; 64; 2; 1; 0],0.03457009751582518,0.20221252379940835,tvm
64,64,8,1792,1792,16,128,16,1,0,[64; 64; 8; 1792; 1792; 16; 128; 16; 1; 0],0.027432384726125747,0.25482679455166457,tvm
16,8,8,7168,7168,16,16,8,1,0,[16; 8; 8; 7168; 7168; 16; 16; 8; 1; 0],0.024451866862364113,0.2858884643047985,tvm
8,8,4,1024,1024,32,16,1,2,0,[8; 8; 4; 1024; 1024; 32; 16; 1; 2; 0],0.032876768498681486,0.21262754783661356,tvm
64,16,4,448,224,32,32,4,2,1,[64; 16; 4; 448; 224; 32; 32; 4; 2; 1],0.03069111524382606,0.2277697180806391,tvm
64,64,8,3584,128,32,16,16,2,1,[64; 64; 8; 3584; 128; 32; 16; 16; 2; 1],0.03562081325799227,0.1962478120877322,tvm
64,16,4,256,256,64,32,2,4,0,[64; 16; 4; 256; 256; 64; 32; 2; 4; 0],0.028279446240048856,0.2471939021481557,tvm
32,32,4,3584,1792,16,64,64,1,1,[32; 32; 4; 3584; 1792; 16; 64; 64; 1; 1],0.025756070506758988,0.2714120022630081,tvm
16,8,8,1792,1792,16,16,8,1,1,[16; 8; 8; 1792; 1792; 16; 16; 8; 1; 1],0.025794368295464665,0.2710090274975171,tvm
64,32,8,128,16,16,16,2,1,1,[64; 32; 8; 128; 16; 16; 16; 2; 1; 1],0.029832221509423107,0.23432739209376596,tvm
16,16,4,1792,448,64,64,16,4,1,[16; 16; 4; 1792; 448; 64; 64; 16; 4; 1],0.02454419987043366,0.2848129783642915,tvm
32,16,16,2048,2048,16,32,16,1,1,[32; 16; 16; 2048; 2048; 16; 32; 16; 1; 1],0.027247501246165484,0.256555880244264,tvm
64,64,8,256,16,16,64,2,1,1,[64; 64; 8; 256; 16; 16; 64; 2; 1; 1],0.020401874760864303,0.34264040675693874,tvm
64,64,4,64,32,16,64,32,1,1,[64; 64; 4; 64; 32; 16; 64; 32; 1; 1],0.02302643287112005,0.30358617445406494,tvm
32,32,8,2048,1024,16,64,32,1,1,[32; 32; 8; 2048; 1024; 16; 64; 32; 1; 1],0.031204630970023572,0.22402144968104348,tvm
32,32,8,1024,512,32,4,4,2,0,[32; 32; 8; 1024; 512; 32; 4; 4; 2; 0],0.031605797237716615,0.22117798877493847,tvm
64,64,8,896,112,16,64,4,1,1,[64; 64; 8; 896; 112; 16; 64; 4; 1; 1],0.020468808623263612,0.3415199582608672,tvm
64,16,8,896,896,32,32,8,2,1,[64; 16; 8; 896; 896; 32; 32; 8; 2; 1],0.02510094572789967,0.2784957484249977,tvm
32,32,4,512,128,16,32,4,1,1,[32; 32; 4; 512; 128; 16; 32; 4; 1; 1],0.021702628873754293,0.32210414265160836,tvm
32,32,8,1792,224,32,32,16,2,0,[32; 32; 8; 1792; 224; 32; 32; 16; 2; 0],0.018251133238663897,0.38301767760139466,tvm
64,64,4,224,32,32,64,32,2,0,[64; 64; 4; 224; 32; 32; 64; 32; 2; 0],0.019736050599021837,0.3541998755826625,tvm
16,16,4,2048,2048,64,8,2,4,1,[16; 16; 4; 2048; 2048; 64; 8; 2; 4; 1],0.02368284302065149,0.2951717688864859,tvm
32,32,4,896,224,32,128,2,2,1,[32; 32; 4; 896; 224; 32; 128; 2; 2; 1],0.02042768252431415,0.3422075244387699,tvm
64,32,8,512,32,32,64,64,2,1,[64; 32; 8; 512; 32; 32; 64; 64; 2; 1],0.024621125863632187,0.2839231116149863,tvm
64,32,4,1024,256,64,16,1,4,0,[64; 32; 4; 1024; 256; 64; 16; 1; 4; 0],0.022012779518263415,0.3175658331046668,tvm
64,32,8,256,128,16,1024,64,1,0,[64; 32; 8; 256; 128; 16; 1024; 64; 1; 0],0.048924217000603676,0.14288438518250401,tvm
16,16,8,7168,112,16,128,1,1,0,[16; 16; 8; 7168; 112; 16; 128; 1; 1; 0],0.04220114799682051,0.16564731052324314,tvm
16,16,16,256,256,16,128,2,1,1,[16; 16; 16; 256; 256; 16; 128; 2; 1; 1],0.05248072755057365,0.13320140540982756,tvm
64,32,4,224,32,16,256,32,1,1,[64; 32; 4; 224; 32; 16; 256; 32; 1; 1],0.05634106649085879,0.1240748019528679,tvm
64,64,8,64,32,16,1024,64,1,0,[64; 64; 8; 64; 32; 16; 1024; 64; 1; 0],0.045716725988313556,0.15290917088974462,tvm
16,16,8,448,64,16,512,4,1,1,[16; 16; 8; 448; 64; 16; 512; 4; 1; 1],0.042154539725743234,0.1658304588816956,tvm
64,64,16,16,16,16,512,4,1,1,[64; 64; 16; 16; 16; 16; 512; 4; 1; 1],0.04053617600584403,0.17245106360449142,tvm
32,16,8,448,224,32,1024,1,2,0,[32; 16; 8; 448; 224; 32; 1024; 1; 2; 0],0.03838319523492828,0.1821241463583361,tvm
16,16,4,1792,224,32,1024,8,2,0,[16; 16; 4; 1792; 224; 32; 1024; 8; 2; 0],0.03552997874794528,0.19674953132559733,tvm
32,8,4,7168,3584,64,16,2,4,0,[32; 8; 4; 7168; 3584; 64; 16; 2; 4; 0],0.05284903396386653,0.1322731210459997,tvm
32,16,4,3584,32,32,128,64,2,0,[32; 16; 4; 3584; 32; 32; 128; 64; 2; 0],0.037724116002209485,0.18530604312258067,tvm
32,16,4,128,64,32,256,8,2,0,[32; 16; 4; 128; 64; 32; 256; 8; 2; 0],0.036670293484348804,0.19063132586190715,tvm
32,8,4,2048,512,64,16,16,4,0,[32; 8; 4; 2048; 512; 64; 16; 16; 4; 0],0.044090977986343205,0.15854732614077907,tvm
16,16,4,7168,1792,64,128,16,4,1,[16; 16; 4; 7168; 1792; 64; 128; 16; 4; 1],0.030509207281284034,0.22912777124022538,tvm
32,8,4,7168,3584,64,8,4,4,1,[32; 8; 4; 7168; 3584; 64; 8; 4; 4; 1],0.05496074550319463,0.12719089966238428,tvm
32,8,4,896,448,16,32,8,1,1,[32; 8; 4; 896; 448; 16; 32; 8; 1; 1],0.03910224721767008,0.17877506189740666,tvm
16,8,8,448,224,16,32,1,1,0,[16; 8; 8; 448; 224; 16; 32; 1; 1; 0],0.039898460963740945,0.1752074264974662,tvm
32,32,16,32,32,16,64,16,1,0,[32; 32; 16; 32; 32; 16; 64; 16; 1; 0],0.039261000230908394,0.17805217965800474,tvm
64,64,4,896,16,16,128,4,1,0,[64; 64; 4; 896; 16; 16; 128; 4; 1; 0],0.04475665726931766,0.15618920386753096,tvm
16,16,8,1792,64,16,32,16,1,1,[16; 16; 8; 1792; 64; 16; 32; 16; 1; 1],0.03903567302040756,0.17907995753043843,tvm
32,32,8,1024,32,32,1024,64,2,1,[32; 32; 8; 1024; 32; 32; 1024; 64; 2; 1],0.04892966628540307,0.1428684721839623,tvm
32,32,8,7168,32,32,32,32,2,0,[32; 32; 8; 7168; 32; 32; 32; 32; 2; 0],0.0418023697566241,0.1672275210081585,tvm
32,32,4,128,32,16,2,1,1,1,[32; 32; 4; 128; 32; 16; 2; 1; 1; 1],0.03714632079936564,0.1881883997186081,tvm
8,8,4,14336,14336,16,8,2,1,1,[8; 8; 4; 14336; 14336; 16; 8; 2; 1; 1],0.028103035991080105,0.24874560417192831,tvm
32,32,16,896,448,16,128,2,1,1,[32; 32; 16; 896; 448; 16; 128; 2; 1; 1],0.036613559001125395,0.19092671833546143,tvm
64,16,4,64,32,32,32,4,2,1,[64; 16; 4; 64; 32; 32; 32; 4; 2; 1],0.0312374162604101,0.22378632753715758,tvm
32,16,8,512,64,32,128,2,2,0,[32; 16; 8; 512; 64; 32; 128; 2; 2; 0],0.03369915176881477,0.2074386534896611,tvm
64,16,4,256,256,16,64,64,1,1,[64; 16; 4; 256; 256; 16; 64; 64; 1; 1],0.03684127074666321,0.18974662179099266,tvm
64,32,4,1024,128,16,128,16,1,1,[64; 32; 4; 1024; 128; 16; 128; 16; 1; 1],0.03611807053675875,0.19354596086610326,tvm
64,16,8,64,64,32,32,32,2,0,[64; 16; 8; 64; 64; 32; 32; 32; 2; 0],0.040918786951806396,0.17083856065674657,tvm
32,32,8,1792,448,32,256,4,2,0,[32; 32; 8; 1792; 448; 32; 256; 4; 2; 0],0.027076967002358288,0.25817170239406145,tvm
64,32,8,1792,32,16,8,2,1,0,[64; 32; 8; 1792; 32; 16; 8; 2; 1; 0],0.04441901354584843,0.15737645005221026,tvm
8,8,8,1792,224,16,8,1,1,1,[8; 8; 8; 1792; 224; 16; 8; 1; 1; 1],0.03127644374035299,0.22350708170978814,tvm
16,8,4,3584,1792,16,32,32,1,1,[16; 8; 4; 3584; 1792; 16; 32; 32; 1; 1],0.03371973999310285,0.20731199790082988,tvm
64,64,4,3584,896,64,64,16,4,0,[64; 64; 4; 3584; 896; 64; 64; 16; 4; 0],0.02829774102428928,0.24703408871635324,tvm
8,8,8,2048,2048,16,32,2,1,0,[8; 8; 8; 2048; 2048; 16; 32; 2; 1; 0],0.026816533762030303,0.26067897994201505,tvm
32,16,8,896,128,32,128,1,2,1,[32; 16; 8; 896; 128; 32; 128; 1; 2; 1],0.03303967573447153,0.21157915479700698,tvm
64,64,16,448,32,16,64,2,1,0,[64; 64; 16; 448; 32; 16; 64; 2; 1; 0],0.030610661022365093,0.22836836687581452,tvm
32,32,16,256,128,16,32,32,1,1,[32; 32; 16; 256; 128; 16; 32; 32; 1; 1],0.02421265176963061,0.28871297258876466,tvm
32,32,16,2048,1024,16,16,1,1,1,[32; 32; 16; 2048; 1024; 16; 16; 1; 1; 1],0.02384207522845827,0.2932004282212267,tvm
8,8,4,896,448,32,4,4,2,1,[8; 8; 4; 896; 448; 32; 4; 4; 2; 1],0.026226596964988858,0.2665426504246292,tvm
32,16,4,1792,224,32,32,8,2,0,[32; 16; 4; 1792; 224; 32; 32; 8; 2; 0],0.02687705954303965,0.26009194404143804,tvm
32,16,8,512,256,16,8,4,1,0,[32; 16; 8; 512; 256; 16; 8; 4; 1; 0],0.02903854672331363,0.2407319737201012,tvm
16,16,4,256,128,64,32,2,4,0,[16; 16; 4; 256; 128; 64; 32; 2; 4; 0],0.022762150125345215,0.3071109991003386,tvm
32,32,4,3584,32,16,32,8,1,1,[32; 32; 4; 3584; 32; 16; 32; 8; 1; 1],0.023791258630808443,0.29382668547070157,tvm
64,16,4,2048,512,32,8,1,2,0,[64; 16; 4; 2048; 512; 32; 8; 1; 2; 0],0.02751818299293518,0.25403227634838244,tvm
64,16,4,448,448,16,32,2,1,1,[64; 16; 4; 448; 448; 16; 32; 2; 1; 1],0.03027857973938808,0.23087300417770332,tvm
32,16,4,3584,448,32,16,2,2,0,[32; 16; 4; 3584; 448; 32; 16; 2; 2; 0],0.025598511972930282,0.27308253987805753,tvm
32,32,8,3584,512,16,4,2,1,0,[32; 32; 8; 3584; 512; 16; 4; 2; 1; 0],0.02795151947066188,0.25009397696622376,tvm
64,16,8,1792,896,32,8,2,2,0,[64; 16; 8; 1792; 896; 32; 8; 2; 2; 0],0.024052190885413438,0.2906390814861731,tvm
32,32,4,3584,1792,16,16,16,1,0,[32; 32; 4; 3584; 1792; 16; 16; 16; 1; 0],0.021113144874107093,0.3310973665150065,tvm
16,16,16,3584,896,16,16,8,1,0,[16; 16; 16; 3584; 896; 16; 16; 8; 1; 0],0.021775730390800163,0.32102283327405745,tvm
32,32,4,1024,64,64,32,1,4,1,[32; 32; 4; 1024; 64; 64; 32; 1; 4; 1],0.0316725600278005,0.22071176629015052,tvm
32,32,4,448,224,16,32,8,1,0,[32; 32; 4; 448; 224; 16; 32; 8; 1; 0],0.022957112872973084,0.3045028660767025,tvm
64,64,8,64,64,16,16,1,1,1,[64; 64; 8; 64; 64; 16; 16; 1; 1; 1],0.02146086862194352,0.32573269935211036,tvm
64,32,4,512,128,32,32,2,2,0,[64; 32; 4; 512; 128; 32; 32; 2; 2; 0],0.028141395247075707,0.24840654151265226,tvm
64,32,8,1024,1024,16,32,1,1,0,[64; 32; 8; 1024; 1024; 16; 32; 1; 1; 0],0.018300173484021798,0.3819912785400751,tvm
64,32,4,64,64,64,128,16,4,1,[64; 32; 4; 64; 64; 64; 128; 16; 4; 1],0.021462372882524505,0.32570986931079776,tvm
32,32,8,1792,896,16,32,4,1,1,[32; 32; 8; 1792; 896; 16; 32; 4; 1; 1],0.017385174374794587,0.4020958614485719,tvm
32,32,8,64,64,32,128,4,2,1,[32; 32; 8; 64; 64; 32; 128; 4; 2; 1],0.021743488759966567,0.3214988516257506,tvm
32,32,4,448,224,32,64,64,2,0,[32; 32; 4; 448; 224; 32; 64; 64; 2; 0],0.021325667010387406,0.327797797051867,tvm
64,64,8,2048,1024,16,8,8,1,0,[64; 64; 8; 2048; 1024; 16; 8; 8; 1; 0],0.021950844500679523,0.318461855371909,tvm
64,32,4,896,896,64,8,4,4,1,[64; 32; 4; 896; 896; 64; 8; 4; 4; 1],0.017452593107009307,0.40054257976478813,tvm
64,64,4,2048,1024,64,32,4,4,0,[64; 64; 4; 2048; 1024; 64; 32; 4; 4; 0],0.013410670013399795,0.5212645348578281,tvm
16,16,8,224,32,16,16,8,1,1,[16; 16; 8; 224; 32; 16; 16; 8; 1; 1],0.04157160222530365,0.16815581532750526,tvm
64,32,8,224,112,16,512,64,1,1,[64; 32; 8; 224; 112; 16; 512; 64; 1; 1],0.04385809751693159,0.15938919064986698,tvm
16,16,4,1792,224,32,2048,64,2,1,[16; 16; 4; 1792; 224; 32; 2048; 64; 2; 1],0.03818036196753383,0.18309168133636222,tvm
64,16,4,3584,224,16,32,32,1,0,[64; 16; 4; 3584; 224; 16; 32; 32; 1; 0],0.07162476156372577,0.09759902181938986,tvm
64,16,4,128,32,32,4,1,2,0,[64; 16; 4; 128; 32; 32; 4; 1; 2; 0],0.04898495995439589,0.1427072038677729,tvm
8,8,8,14336,512,32,1,1,2,0,[8; 8; 8; 14336; 512; 32; 1; 1; 2; 0],0.06333563302177936,0.11037241333425729,tvm
64,16,16,1024,512,16,64,2,1,0,[64; 16; 16; 1024; 512; 16; 64; 2; 1; 0],0.059079507482238114,0.11832371264720376,tvm
16,16,8,896,16,16,32,4,1,0,[16; 16; 8; 896; 16; 16; 32; 4; 1; 0],0.041883017984218895,0.1669055145286001,tvm
16,16,4,7168,64,16,128,16,1,1,[16; 16; 4; 7168; 64; 16; 128; 16; 1; 1],0.03738395147956908,0.1869921822065035,tvm
64,64,16,896,448,16,1024,32,1,1,[64; 64; 16; 896; 448; 16; 1024; 32; 1; 1],0.04101389925926924,0.17044238155646213,tvm
64,16,4,32,32,16,64,2,1,0,[64; 16; 4; 32; 32; 16; 64; 2; 1; 0],0.039992036239709705,0.17479746779498842,tvm
32,16,4,448,16,16,32,1,1,1,[32; 16; 4; 448; 16; 16; 32; 1; 1; 1],0.039719514024909586,0.17599678239473573,tvm
16,16,8,896,32,32,8,1,2,0,[16; 16; 8; 896; 32; 32; 8; 1; 2; 0],0.036809990007895976,0.1899078664560126,tvm
32,16,4,1024,1024,16,128,64,1,0,[32; 16; 4; 1024; 1024; 16; 128; 64; 1; 0],0.05652835650835186,0.1236637167336334,tvm
64,8,8,2048,1024,16,32,4,1,0,[64; 8; 8; 2048; 1024; 16; 32; 4; 1; 0],0.03463195450603962,0.20185134701096819,tvm
64,32,16,448,448,16,256,32,1,1,[64; 32; 16; 448; 448; 16; 256; 32; 1; 1],0.04669841879513115,0.14969471872986648,tvm
16,16,4,14336,64,64,64,4,4,1,[16; 16; 4; 14336; 64; 64; 64; 4; 4; 1],0.04504984722007066,0.1551727053039205,tvm
64,64,4,896,128,32,512,16,2,1,[64; 64; 4; 896; 128; 32; 512; 16; 2; 1],0.04342146549606696,0.16099195609369416,tvm
64,16,4,128,64,16,32,16,1,0,[64; 16; 4; 128; 64; 16; 32; 16; 1; 0],0.037551113055087626,0.18615977258547747,tvm
32,8,4,3584,3584,64,4,1,4,1,[32; 8; 4; 3584; 3584; 64; 4; 1; 4; 1],0.03190530126448721,0.2191017288543074,tvm
32,16,8,1792,64,16,32,32,1,1,[32; 16; 8; 1792; 64; 16; 32; 32; 1; 1],0.0407578710000962,0.17151304754485747,tvm
32,16,4,256,32,16,64,8,1,0,[32; 16; 4; 256; 32; 16; 64; 8; 1; 0],0.03515515674371272,0.1988472620852949,tvm
64,16,4,448,32,32,4,4,2,1,[64; 16; 4; 448; 32; 32; 4; 4; 2; 1],0.04313182772602886,0.16207304524793162,tvm
64,64,8,896,32,32,1024,2,2,1,[64; 64; 8; 896; 32; 32; 1024; 2; 2; 1],0.03867986524710432,0.18072727559954455,tvm
64,64,16,1792,1792,16,512,4,1,0,[64; 64; 16; 1792; 1792; 16; 512; 4; 1; 0],0.04275626747403294,0.16349665393295135,tvm
32,32,4,1024,1024,64,2,1,4,0,[32; 32; 4; 1024; 1024; 64; 2; 1; 4; 0],0.03187664248980582,0.21929871280835922,tvm
64,16,4,3584,256,32,16,1,2,1,[64; 16; 4; 3584; 256; 32; 16; 1; 2; 1],0.04964775900589302,0.1408020584743194,tvm
64,64,4,1792,256,32,256,4,2,0,[64; 64; 4; 1792; 256; 32; 256; 4; 2; 0],0.0402693537180312,0.17359371386028885,tvm
32,32,16,224,224,16,512,1,1,0,[32; 32; 16; 224; 224; 16; 512; 1; 1; 0],0.03980338427936658,0.1756259371716397,tvm
64,8,8,224,224,32,8,2,2,1,[64; 8; 8; 224; 224; 32; 8; 2; 2; 1],0.04182125424267724,0.16715200902638352,tvm
32,16,4,896,448,32,512,32,2,0,[32; 16; 4; 896; 448; 32; 512; 32; 2; 0],0.040084600273985416,0.17439382253746583,tvm
32,16,8,7168,448,32,32,1,2,1,[32; 16; 8; 7168; 448; 32; 32; 1; 2; 1],0.04416448046686128,0.15828345749276906,tvm
16,16,8,512,256,16,2,2,1,0,[16; 16; 8; 512; 256; 16; 2; 2; 1; 0],0.043785126705188304,0.15965482328587915,tvm
64,32,16,2048,32,16,16,1,1,1,[64; 32; 16; 2048; 32; 16; 16; 1; 1; 1],0.04223776271101087,0.16550371558492435,tvm
32,32,4,224,224,32,1024,4,2,1,[32; 32; 4; 224; 224; 32; 1024; 4; 2; 1],0.048624421760905534,0.1437653428772925,tvm
64,64,8,896,224,32,256,64,2,0,[64; 64; 8; 896; 224; 32; 256; 64; 2; 0],0.0295982732786797,0.23617954334187752,tvm
64,64,8,3584,224,32,128,32,2,0,[64; 64; 8; 3584; 224; 32; 128; 32; 2; 0],0.04985568521078676,0.14021483481996558,tvm
16,16,4,512,64,64,8,8,4,1,[16; 16; 4; 512; 64; 64; 8; 8; 4; 1],0.03479517571395263,0.2009044795213815,tvm
16,8,8,448,224,16,8,4,1,0,[16; 8; 8; 448; 224; 16; 8; 4; 1; 0],0.03397345927078277,0.20576375843711958,tvm
8,8,4,14336,512,32,32,2,2,0,[8; 8; 4; 14336; 512; 32; 32; 2; 2; 0],0.041168595547787845,0.1698019224035029,tvm
32,32,4,512,256,32,512,64,2,0,[32; 32; 4; 512; 256; 32; 512; 64; 2; 0],0.032714562490582466,0.213681802062278,tvm
32,16,4,1792,224,32,128,32,2,1,[32; 16; 4; 1792; 224; 32; 128; 32; 2; 1],0.030144049262162298,0.23190337190170923,tvm
16,16,8,14336,2048,16,8,4,1,0,[16; 16; 8; 14336; 2048; 16; 8; 4; 1; 0],0.039419087988790125,0.1773381126588876,tvm
16,8,4,1792,896,16,32,1,1,0,[16; 8; 4; 1792; 896; 16; 32; 1; 1; 0],0.03020466899033636,0.23143794983825847,tvm
16,16,4,14336,896,16,32,4,1,0,[16; 16; 4; 14336; 896; 16; 32; 4; 1; 0],0.042094379488844424,0.16606745963601258,tvm
16,8,8,7168,256,32,16,2,2,1,[16; 8; 8; 7168; 256; 32; 16; 2; 2; 1],0.029011933540459722,0.24095280160895802,tvm
64,16,4,896,224,16,32,32,1,1,[64; 16; 4; 896; 224; 16; 32; 32; 1; 1],0.03491149848559871,0.20023507926909268,tvm
64,16,4,256,256,64,64,32,4,1,[64; 16; 4; 256; 256; 64; 64; 32; 4; 1],0.02601239795330912,0.2687374950673236,tvm
16,16,4,2048,128,16,32,4,1,0,[16; 16; 4; 2048; 128; 16; 32; 4; 1; 0],0.04891539376694709,0.14291015830256412,tvm
32,16,4,512,128,32,64,32,2,0,[32; 16; 4; 512; 128; 32; 64; 32; 2; 0],0.027261883020401,0.2564205363743741,tvm
32,32,4,256,32,16,128,8,1,1,[32; 32; 4; 256; 32; 16; 128; 8; 1; 1],0.02752330747898668,0.25398497880400944,tvm
8,8,8,14336,896,16,16,2,1,1,[8; 8; 8; 14336; 896; 16; 16; 2; 1; 1],0.027941432257648557,0.2501842640780563,tvm
64,64,8,2048,256,16,2,2,1,1,[64; 64; 8; 2048; 256; 16; 2; 2; 1; 1],0.032844290719367564,0.21283780266092084,tvm
64,64,4,128,32,16,8,1,1,1,[64; 64; 4; 128; 32; 16; 8; 1; 1; 1],0.020778208505362272,0.3364345229697071,tvm
32,32,4,3584,448,16,64,32,1,1,[32; 32; 4; 3584; 448; 16; 64; 32; 1; 1],0.02609711396507919,0.2678651239374873,tvm
64,32,8,256,128,16,32,1,1,0,[64; 32; 8; 256; 128; 16; 32; 1; 1; 0],0.02812701923539862,0.24853350467613444,tvm
32,32,4,1792,64,64,64,32,4,1,[32; 32; 4; 1792; 64; 64; 64; 32; 4; 1],0.018419717496726662,0.37951215418526035,tvm
64,32,4,1024,128,64,16,2,4,0,[64; 32; 4; 1024; 128; 64; 16; 2; 4; 0],0.028746972500812262,0.24317366520836745,tvm
64,64,8,512,32,32,128,4,2,0,[64; 64; 8; 512; 32; 32; 128; 4; 2; 0],0.02977236977312714,0.23479846313666214,tvm
16,16,8,7168,3584,16,16,1,1,0,[16; 16; 8; 7168; 3584; 16; 16; 1; 1; 0],0.018937290005851537,0.369139758883485,tvm
64,64,4,2048,128,32,8,1,2,0,[64; 64; 4; 2048; 128; 32; 8; 1; 2; 0],0.0266181654878892,0.26262165474353316,tvm
64,32,4,512,256,64,64,32,4,0,[64; 32; 4; 512; 256; 64; 64; 32; 4; 0],0.021838435262907296,0.3201010778707246,tvm
64,32,4,1024,256,64,8,8,4,1,[64; 32; 4; 1024; 256; 64; 8; 8; 4; 1],0.02090855099959299,0.3343372128849458,tvm
32,32,8,512,64,32,32,4,2,1,[32; 32; 8; 512; 64; 32; 32; 4; 2; 1],0.01897828362416476,0.36834240677938657,tvm
32,16,4,256,256,32,2048,16,2,1,[32; 16; 4; 256; 256; 32; 2048; 16; 2; 1],0.05221813771640882,0.1338712365544587,tvm
32,32,8,64,64,32,2048,64,2,1,[32; 32; 8; 64; 64; 32; 2048; 64; 2; 1],0.038546589261386544,0.1813521455624428,tvm
32,32,4,1792,448,32,2048,1,2,0,[32; 32; 4; 1792; 448; 32; 2048; 1; 2; 0],0.04064654523972422,0.17198280014791478,tvm
64,16,8,7168,7168,32,4,1,2,1,[64; 16; 8; 7168; 7168; 32; 4; 1; 2; 1],0.08662575599737465,0.0806977853893538,tvm
16,4,4,896,448,32,4,2,2,1,[16; 4; 4; 896; 448; 32; 4; 2; 2; 1],0.038362960738595575,0.1822202075147389,tvm
32,8,4,7168,896,32,4,4,2,0,[32; 8; 4; 7168; 896; 32; 4; 4; 2; 0],0.06018382159527391,0.11615258854242673,tvm
32,32,8,512,32,16,1024,32,1,0,[32; 32; 8; 512; 32; 16; 1024; 32; 1; 0],0.04096794326324016,0.17063357615365402,tvm
32,32,8,2048,512,32,256,64,2,0,[32; 32; 8; 2048; 512; 32; 256; 64; 2; 0],0.03745621273992583,0.18663143322056294,tvm
32,16,8,32,16,16,32,16,1,1,[32; 16; 8; 32; 16; 16; 32; 16; 1; 1],0.04185604478698224,0.16701307307566726,tvm
32,16,4,7168,112,16,16,2,1,1,[32; 16; 4; 7168; 112; 16; 16; 2; 1; 1],0.053250247496180236,0.1312765103517709,tvm
32,8,8,7168,448,16,8,8,1,0,[32; 8; 8; 7168; 448; 16; 8; 8; 1; 0],0.06676303793210536,0.10470623990741193,tvm
32,16,4,3584,128,16,1,1,1,1,[32; 16; 4; 3584; 128; 16; 1; 1; 1; 1],0.03921270300634205,0.17827148170673313,tvm
32,32,4,128,32,16,4,4,1,0,[32; 32; 4; 128; 32; 16; 4; 4; 1; 0],0.04333058750489727,0.16132960730976917,tvm
64,16,4,32,32,32,8,8,2,0,[64; 16; 4; 32; 32; 32; 8; 8; 2; 0],0.0425892504863441,0.1641378185067642,tvm
8,8,8,1792,1792,32,64,4,2,1,[8; 8; 8; 1792; 1792; 32; 64; 4; 2; 1],0.0505694585153833,0.1382357429146714,tvm
16,16,16,14336,256,16,8,4,1,0,[16; 16; 16; 14336; 256; 16; 8; 4; 1; 0],0.05103317811153829,0.1369796458960128,tvm
32,16,8,1792,448,32,1024,2,2,0,[32; 16; 8; 1792; 448; 32; 1024; 2; 2; 0],0.04333102976670489,0.16132796068553393,tvm
64,16,4,3584,32,32,64,8,2,1,[64; 16; 4; 3584; 32; 32; 64; 8; 2; 1],0.055669013992883265,0.12557266898171277,tvm
32,32,4,512,256,64,1024,2,4,1,[32; 32; 4; 512; 256; 64; 1024; 2; 4; 1],0.0365520705236122,0.1912478983140198,tvm
32,32,4,7168,256,64,64,4,4,1,[32; 32; 4; 7168; 256; 64; 64; 4; 4; 1],0.032147387973964214,0.21745177780316693,tvm
64,16,4,256,64,16,64,64,1,0,[64; 16; 4; 256; 64; 16; 64; 64; 1; 0],0.04344685102114454,0.16089789023523374,tvm
8,8,8,896,896,16,2,1,1,1,[8; 8; 8; 896; 896; 16; 2; 1; 1; 1],0.027577836241107434,0.2534827825341366,tvm
16,16,4,1792,128,16,128,16,1,0,[16; 16; 4; 1792; 128; 16; 128; 16; 1; 0],0.0398440805147402,0.1754465550806361,tvm
64,16,8,1024,1024,32,128,8,2,1,[64; 16; 8; 1024; 1024; 32; 128; 8; 2; 1],0.04403110174462199,0.15876292869552133,tvm
64,16,4,1792,128,64,128,4,4,1,[64; 16; 4; 1792; 128; 64; 128; 4; 4; 1],0.03312114329310134,0.21105873685594329,tvm
32,32,8,128,32,16,512,1,1,1,[32; 32; 8; 128; 32; 16; 512; 1; 1; 1],0.035678750020451844,0.19592913604483214,tvm
32,32,4,1792,256,16,256,64,1,1,[32; 32; 4; 1792; 256; 16; 256; 64; 1; 1],0.03352174803148955,0.20853645997517634,tvm
64,64,8,896,64,32,1024,1,2,0,[64; 64; 8; 896; 64; 32; 1024; 1; 2; 0],0.03766577300848439,0.1855930758434726,tvm
16,16,4,7168,64,64,64,16,4,0,[16; 16; 4; 7168; 64; 64; 64; 16; 4; 0],0.02720680698985234,0.2569396206351595,tvm
16,16,4,1792,128,64,512,1,4,0,[16; 16; 4; 1792; 128; 64; 512; 1; 4; 0],0.034533152531366795,0.20242885905991706,tvm
32,32,4,7168,512,16,4,2,1,0,[32; 32; 4; 7168; 512; 16; 4; 2; 1; 0],0.037496889010071754,0.18642897720898927,tvm
16,16,4,512,128,64,512,8,4,1,[16; 16; 4; 512; 128; 64; 512; 8; 4; 1],0.034295039251446724,0.20383433928776667,tvm
32,16,8,1024,128,32,128,8,2,0,[32; 16; 8; 1024; 128; 32; 128; 8; 2; 0],0.043832761293742806,0.15948132082804858,tvm
16,16,8,224,112,16,64,64,1,0,[16; 16; 8; 224; 112; 16; 64; 64; 1; 0],0.03994852094911039,0.17498787190573917,tvm
32,32,16,896,112,16,64,1,1,0,[32; 32; 16; 896; 112; 16; 64; 1; 1; 0],0.03647768747759983,0.1916378792092944,tvm
32,32,4,512,32,32,512,32,2,0,[32; 32; 4; 512; 32; 32; 512; 32; 2; 0],0.03111662872834131,0.22465501413074512,tvm
64,16,4,1024,512,32,64,64,2,0,[64; 16; 4; 1024; 512; 32; 64; 64; 2; 0],0.03863355750218034,0.18094390262331259,tvm
64,32,16,112,112,16,64,16,1,1,[64; 32; 16; 112; 112; 16; 64; 16; 1; 1],0.03597432404058054,0.19431933338847682,tvm
32,32,4,1792,448,64,256,2,4,0,[32; 32; 4; 1792; 448; 64; 256; 2; 4; 0],0.028404526761732996,0.2461053734605564,tvm
64,32,8,3584,448,16,32,1,1,0,[64; 32; 8; 3584; 448; 16; 32; 1; 1; 0],0.04150985227897763,0.16840596347308512,tvm
32,16,4,512,32,32,64,64,2,0,[32; 16; 4; 512; 32; 32; 64; 64; 2; 0],0.029324932722374797,0.23838099588658018,tvm
16,16,8,112,112,16,4,1,1,1,[16; 16; 8; 112; 112; 16; 4; 1; 1; 1],0.03767241176683456,0.18556037001116182,tvm
64,64,4,3584,448,32,64,4,2,1,[64; 64; 4; 3584; 448; 32; 64; 4; 2; 1],0.030079651216510683,0.23239985784242026,tvm
64,64,16,1792,64,16,32,32,1,0,[64; 64; 16; 1792; 64; 16; 32; 32; 1; 0],0.029570290760602802,0.2364030412572163,tvm
32,32,16,3584,16,16,64,4,1,1,[32; 32; 16; 3584; 16; 16; 64; 4; 1; 1],0.03609132528072223,0.19368938691759724,tvm
16,16,8,3584,128,32,32,4,2,0,[16; 16; 8; 3584; 128; 32; 32; 4; 2; 0],0.02408280299277976,0.2902696446407207,tvm
32,16,8,1792,224,16,32,16,1,1,[32; 16; 8; 1792; 224; 16; 32; 16; 1; 1],0.029676993959583342,0.23555305757001313,tvm
64,64,16,128,32,16,64,32,1,1,[64; 64; 16; 128; 32; 16; 64; 32; 1; 1],0.02661808824632317,0.26262241683086635,tvm
16,16,16,448,224,16,32,16,1,0,[16; 16; 16; 448; 224; 16; 32; 16; 1; 0],0.036480577022302896,0.19162270000260484,tvm
64,64,4,224,16,16,64,64,1,0,[64; 64; 4; 224; 16; 16; 64; 64; 1; 0],0.0210639821307268,0.33187013848010055,tvm
32,32,16,3584,3584,16,32,1,1,0,[32; 32; 16; 3584; 3584; 16; 32; 1; 1; 0],0.0348408967256546,0.20064083659245505,tvm
32,32,4,3584,112,16,4,1,1,1,[32; 32; 4; 3584; 112; 16; 4; 1; 1; 1],0.02162656537257135,0.3232370256782717,tvm
64,32,4,512,128,16,8,1,1,0,[64; 32; 4; 512; 128; 16; 8; 1; 1; 0],0.031701814208645374,0.2205080952357702,tvm
64,64,8,1792,128,16,4,2,1,1,[64; 64; 8; 1792; 128; 16; 4; 2; 1; 1],0.018528159242123365,0.37729094268436025,tvm
64,32,4,896,112,16,32,1,1,1,[64; 32; 4; 896; 112; 16; 32; 1; 1; 1],0.02789158176165074,0.2506314172643373,tvm
64,16,4,1792,896,32,8,4,2,0,[64; 16; 4; 1792; 896; 32; 8; 4; 2; 0],0.024012175999814644,0.2911234145010693,tvm
32,32,4,2048,128,64,128,4,4,1,[32; 32; 4; 2048; 128; 64; 128; 4; 4; 1],0.02631119597936049,0.26568562949971136,tvm
32,32,4,1024,64,32,128,4,2,1,[32; 32; 4; 1024; 64; 32; 128; 4; 2; 1],0.02799666754435748,0.2496906696338419,tvm
64,32,8,2048,128,16,16,16,1,1,[64; 32; 8; 2048; 128; 16; 16; 16; 1; 1],0.029268453014083207,0.23884100274459397,tvm
64,32,4,896,224,32,16,1,2,0,[64; 32; 4; 896; 224; 32; 16; 1; 2; 0],0.022854582261061296,0.30586893196367043,tvm
32,32,8,512,256,32,128,32,2,1,[32; 32; 8; 512; 256; 32; 128; 32; 2; 1],0.0224093267461285,0.3119463045838433,tvm
16,16,4,2048,512,64,8,1,4,1,[16; 16; 4; 2048; 512; 64; 8; 1; 4; 1],0.026640268275514245,0.2624037638949688,tvm
64,64,8,896,128,32,8,2,2,1,[64; 64; 8; 896; 128; 32; 8; 2; 2; 1],0.017108561645727605,0.40859698269330286,tvm
16,16,8,2048,1024,32,32,1,2,1,[16; 16; 8; 2048; 1024; 32; 32; 1; 2; 1],0.02240560800419189,0.31199807947005076,tvm
8,8,8,2048,128,16,4,2,1,1,[8; 8; 8; 2048; 128; 16; 4; 2; 1; 1],0.05311498208902776,0.13161082601797078,tvm
32,32,16,128,32,16,1024,4,1,0,[32; 32; 16; 128; 32; 16; 1024; 4; 1; 0],0.044751677953172475,0.15620658233153703,tvm
16,16,4,448,32,32,4096,32,2,1,[16; 16; 4; 448; 32; 32; 4096; 32; 2; 1],0.05917037895414978,0.11814199588080217,tvm
32,32,16,7168,1024,16,128,2,1,0,[32; 32; 16; 7168; 1024; 16; 128; 2; 1; 0],0.07247572101186961,0.09645308206760449,tvm
64,8,4,256,256,64,64,4,4,1,[64; 8; 4; 256; 256; 64; 64; 4; 4; 1],0.03457869350677356,0.20216225535812418,tvm
32,16,4,1792,32,32,2,1,2,1,[32; 16; 4; 1792; 32; 32; 2; 1; 2; 1],0.05810995097272098,0.12029792745735195,tvm
32,16,4,32,16,16,32,1,1,0,[32; 16; 4; 32; 16; 16; 32; 1; 1; 0],0.04024527547881007,0.17369757278335207,tvm
16,16,4,7168,64,64,4,4,4,0,[16; 16; 4; 7168; 64; 64; 4; 4; 4; 0],0.04910055123036727,0.14237124617744087,tvm
64,32,8,128,64,32,1024,16,2,1,[64; 32; 8; 128; 64; 32; 1024; 16; 2; 1],0.03711180546088144,0.1883634218236882,tvm
32,16,4,896,896,16,4,4,1,1,[32; 16; 4; 896; 896; 16; 4; 4; 1; 1],0.024179384257877246,0.2891102019849523,tvm
64,64,16,112,16,16,128,4,1,1,[64; 64; 16; 112; 16; 16; 128; 4; 1; 1],0.02930847753304988,0.2385148344462376,tvm
32,32,8,896,64,32,64,4,2,1,[32; 32; 8; 896; 64; 32; 64; 4; 2; 1],0.0206368253857363,0.33873943961837966,tvm
16,16,8,448,32,32,1024,4,2,1,[16; 16; 8; 448; 32; 32; 1024; 4; 2; 1],0.034953569469507784,0.199994071357002,tvm
32,8,8,896,448,32,32,8,2,1,[32; 8; 8; 896; 448; 32; 32; 8; 2; 1],0.038021483982447535,0.18385675503601612,tvm
32,16,4,1792,256,64,512,32,4,0,[32; 16; 4; 1792; 256; 64; 512; 32; 4; 0],0.03816571849165484,0.18316193020695212,tvm
64,16,8,256,256,32,4,1,2,1,[64; 16; 8; 256; 256; 32; 4; 1; 2; 1],0.024220716120908037,0.2886168448435038,tvm
64,64,8,1024,128,16,256,32,1,1,[64; 64; 8; 1024; 128; 16; 256; 32; 1; 1],0.03858579252846539,0.18116789130376557,tvm
32,16,4,256,32,16,32,4,1,0,[32; 16; 4; 256; 32; 16; 32; 4; 1; 0],0.03743542346637696,0.18673507654976224,tvm
64,64,16,512,32,16,64,2,1,0,[64; 64; 16; 512; 32; 16; 64; 2; 1; 0],0.03294055053265765,0.21221584198285318,tvm
64,16,8,896,448,16,8,2,1,0,[64; 16; 8; 896; 448; 16; 8; 2; 1; 0],0.0289592330227606,0.24139129172283175,tvm
32,16,8,512,512,16,16,1,1,0,[32; 16; 8; 512; 512; 16; 16; 1; 1; 0],0.021990390872815624,0.3178891501791487,tvm
32,32,8,896,448,32,128,8,2,0,[32; 32; 8; 896; 448; 32; 128; 8; 2; 0],0.025587980286218226,0.2731949371725825,tvm
64,64,8,256,64,16,64,2,1,1,[64; 64; 8; 256; 64; 16; 64; 2; 1; 1],0.021161761978873983,0.33033670228619744,tvm
32,16,4,512,512,64,256,8,4,1,[32; 16; 4; 512; 512; 64; 256; 8; 4; 1],0.03221998771186918,0.2169618042433799,tvm
16,16,4,7168,896,64,4,4,4,0,[16; 16; 4; 7168; 896; 64; 4; 4; 4; 0],0.025409674737602472,0.2751120090617207,tvm
64,8,8,1024,512,32,4,1,2,1,[64; 8; 8; 1024; 512; 32; 4; 1; 2; 1],0.03573341725859791,0.19562939128036133,tvm
64,64,16,896,224,16,128,32,1,1,[64; 64; 16; 896; 224; 16; 128; 32; 1; 1],0.03324941301252693,0.2102445136109004,tvm
32,32,8,1024,32,32,64,32,2,1,[32; 32; 8; 1024; 32; 32; 64; 32; 2; 1],0.02434436438488774,0.2871509215088058,tvm
16,16,4,1024,64,32,2048,1,2,0,[16; 16; 4; 1024; 64; 32; 2048; 1; 2; 0],0.038683241000398993,0.18071150415226492,tvm
32,16,8,1792,256,32,32,16,2,0,[32; 16; 8; 1792; 256; 32; 32; 16; 2; 0],0.026797437749337405,0.26086474132548415,tvm
16,16,8,896,224,16,2,1,1,1,[16; 16; 8; 896; 224; 16; 2; 1; 1; 1],0.0278563475003466,0.2509484298535437,tvm
32,32,8,32,32,16,32,2,1,0,[32; 32; 8; 32; 32; 16; 32; 2; 1; 0],0.02731015725294128,0.2559672799362514,tvm
16,16,16,7168,3584,16,8,8,1,1,[16; 16; 16; 7168; 3584; 16; 8; 8; 1; 1],0.017517978500109166,0.39904756514132633,tvm
64,32,4,512,512,32,128,4,2,0,[64; 32; 4; 512; 512; 32; 128; 4; 2; 0],0.03507524495944381,0.1993002949729796,tvm
32,16,8,1024,32,32,256,32,2,1,[32; 16; 8; 1024; 32; 32; 256; 32; 2; 1],0.04806433850899339,0.14544060905693446,tvm
32,32,8,32,32,32,128,32,2,0,[32; 32; 8; 32; 32; 32; 128; 32; 2; 0],0.02725843177177012,0.25645300232958756,tvm
32,32,8,2048,64,32,16,1,2,0,[32; 32; 8; 2048; 64; 32; 16; 1; 2; 0],0.03704868972999975,0.1886843156292835,tvm
8,8,8,7168,1792,32,32,32,2,0,[8; 8; 8; 7168; 1792; 32; 32; 32; 2; 0],0.03431553998962045,0.20371256488404707,tvm
64,32,16,3584,448,16,4,2,1,1,[64; 32; 16; 3584; 448; 16; 4; 2; 1; 1],0.0410168127855286,0.17043027461005042,tvm
16,16,4,7168,128,32,16,8,2,0,[16; 16; 4; 7168; 128; 32; 16; 8; 2; 0],0.027312487014569342,0.25594544586648993,tvm
64,64,8,1024,512,16,512,1,1,0,[64; 64; 8; 1024; 512; 16; 512; 1; 1; 0],0.0409002672531642,0.17091591659772967,tvm
64,64,4,2048,256,16,128,4,1,1,[64; 64; 4; 2048; 256; 16; 128; 4; 1; 1],0.0320611015195027,0.21803700856673178,tvm
16,16,8,448,64,16,64,16,1,0,[16; 16; 8; 448; 64; 16; 64; 16; 1; 0],0.04050345049472526,0.17259039862732278,tvm
32,32,8,512,32,16,64,32,1,1,[32; 32; 8; 512; 32; 16; 64; 32; 1; 1],0.02579118899302557,0.2710424350175183,tvm
32,16,4,512,512,16,2,2,1,1,[32; 16; 4; 512; 512; 16; 2; 2; 1; 1],0.02504347823560238,0.2791348150964431,tvm
32,32,4,128,64,32,256,4,2,0,[32; 32; 4; 128; 64; 32; 256; 4; 2; 0],0.029892293270677328,0.23385648613062296,tvm
16,8,8,7168,1792,16,16,16,1,0,[16; 8; 8; 7168; 1792; 16; 16; 16; 1; 0],0.027083956461865455,0.25810507694876067,tvm
64,16,8,224,224,32,128,2,2,1,[64; 16; 8; 224; 224; 32; 128; 2; 2; 1],0.03257957403548062,0.2145671597502684,tvm
32,32,4,1024,32,16,64,32,1,1,[32; 32; 4; 1024; 32; 16; 64; 32; 1; 1],0.033698428771458566,0.20744310407099426,tvm
64,64,8,2048,256,16,8,4,1,0,[64; 64; 8; 2048; 256; 16; 8; 4; 1; 0],0.025521695788484067,0.27390447424034153,tvm
64,64,4,16,16,16,128,64,1,0,[64; 64; 4; 16; 16; 16; 128; 64; 1; 0],0.0451153147732839,0.15494753171502332,tvm
16,16,8,1024,512,32,512,32,2,0,[16; 16; 8; 1024; 512; 32; 512; 32; 2; 0],0.034283308719750494,0.2039040841655829,tvm
32,32,8,224,112,16,4,2,1,1,[32; 32; 8; 224; 112; 16; 4; 2; 1; 1],0.023697032855125144,0.29499501939352607,tvm
32,32,4,14336,32,16,32,16,1,1,[32; 32; 4; 14336; 32; 16; 32; 16; 1; 1],0.09179869899526238,0.07615038931028247,tvm
64,32,8,2048,64,32,2,2,2,1,[64; 32; 8; 2048; 64; 32; 2; 2; 2; 1],0.03216306725516915,0.21734577150887788,tvm
64,64,4,256,128,32,512,1,2,0,[64; 64; 4; 256; 128; 32; 512; 1; 2; 0],0.044935423240531236,0.15556783852346828,tvm
64,64,4,64,32,16,128,1,1,0,[64; 64; 4; 64; 32; 16; 128; 1; 1; 0],0.037370880774687976,0.18705758391976335,tvm
32,32,16,896,896,16,32,4,1,1,[32; 32; 16; 896; 896; 16; 32; 4; 1; 1],0.023720727127511054,0.29470035336982353,tvm
32,32,16,896,112,16,8,4,1,0,[32; 32; 16; 896; 112; 16; 8; 4; 1; 0],0.03018402523593977,0.23159623714941607,tvm
64,64,16,256,128,16,128,16,1,0,[64; 64; 16; 256; 128; 16; 128; 16; 1; 0],0.04105927952332422,0.17025400220906517,tvm
64,64,4,512,128,64,4,1,4,0,[64; 64; 4; 512; 128; 64; 4; 1; 4; 0],0.02655020577367395,0.26329387901008866,tvm
16,8,4,512,256,16,32,4,1,0,[16; 8; 4; 512; 256; 16; 32; 4; 1; 0],0.02948757220292464,0.2370661992299703,tvm
16,16,4,448,112,16,1,1,1,1,[16; 16; 4; 448; 112; 16; 1; 1; 1; 1],0.04392629995709285,0.15914171404135982,tvm
64,32,4,256,256,16,32,16,1,1,[64; 32; 4; 256; 256; 16; 32; 16; 1; 1],0.024533995252568275,0.2849314428694562,tvm
16,4,4,512,512,64,8,4,4,1,[16; 4; 4; 512; 512; 64; 8; 4; 4; 1],0.036386181018315256,0.19211982326883778,tvm
32,32,4,1792,448,64,2048,16,4,0,[32; 32; 4; 1792; 448; 64; 2048; 16; 4; 0],0.03966504003619775,0.17623848760236294,tvm
8,8,4,1024,256,64,64,32,4,1,[8; 8; 4; 1024; 256; 64; 64; 32; 4; 1],0.03688149095978588,0.18953969822664815,tvm
16,16,8,512,16,16,32,2,1,0,[16; 16; 8; 512; 16; 16; 32; 2; 1; 0],0.04460897675016895,0.1567062769858354,tvm
32,8,8,1792,256,16,16,1,1,0,[32; 8; 8; 1792; 256; 16; 16; 1; 1; 0],0.03419998026220128,0.20440089769270303,tvm
64,8,8,3584,224,32,8,4,2,1,[64; 8; 8; 3584; 224; 32; 8; 4; 2; 1],0.07911394210532308,0.08835998410192127,tvm
16,16,8,1024,256,32,2048,2,2,1,[16; 16; 8; 1024; 256; 32; 2048; 2; 2; 1],0.03683276573428884,0.18979043596932427,tvm
16,8,8,14336,224,32,32,32,2,1,[16; 8; 8; 14336; 224; 32; 32; 32; 2; 1],0.06470510305371135,0.1080364041900047,tvm
32,16,4,7168,7168,64,128,8,4,1,[32; 16; 4; 7168; 7168; 64; 128; 8; 4; 1],0.07613049098290503,0.0918226925429441,tvm
64,64,4,1024,256,32,1024,64,2,0,[64; 64; 4; 1024; 256; 32; 1024; 64; 2; 0],0.056194393429905176,0.12439864975829605,tvm
16,16,4,896,64,64,2048,16,4,1,[16; 16; 4; 896; 64; 64; 2048; 16; 4; 1],0.03719737351639196,0.18793011457075387,tvm
64,64,8,224,112,16,256,4,1,0,[64; 64; 8; 224; 112; 16; 256; 4; 1; 0],0.03945143322926015,0.17719271758882468,tvm
32,16,4,64,64,64,1024,1,4,1,[32; 16; 4; 64; 64; 64; 1024; 1; 4; 1],0.037805806496180594,0.1849056352593059,tvm
32,8,8,1024,1024,32,1,1,2,1,[32; 8; 8; 1024; 1024; 32; 1; 1; 2; 1],0.06429438199847937,0.1087265550951559,tvm
32,32,4,7168,448,64,32,16,4,0,[32; 32; 4; 7168; 448; 64; 32; 16; 4; 0],0.030776034749578685,0.2271412390695447,tvm
64,64,8,512,64,16,512,2,1,1,[64; 64; 8; 512; 64; 16; 512; 2; 1; 1],0.042223547236062586,0.16555943600816572,tvm
16,16,8,448,32,32,8,8,2,0,[16; 16; 8; 448; 32; 32; 8; 8; 2; 0],0.04668054805370048,0.14975202644632432,tvm
64,64,8,3584,112,16,32,16,1,0,[64; 64; 8; 3584; 112; 16; 32; 16; 1; 0],0.037211674731224775,0.1878578891479143,tvm
8,8,8,7168,3584,32,1,1,2,1,[8; 8; 8; 7168; 3584; 32; 1; 1; 2; 1],0.06038398947566748,0.11576755241525709,tvm
64,32,8,896,32,32,256,16,2,1,[64; 32; 8; 896; 32; 32; 256; 16; 2; 1],0.03164299624040723,0.2209179754520207,tvm
32,32,4,1792,256,32,1024,64,2,1,[32; 32; 4; 1792; 256; 32; 1024; 64; 2; 1],0.046518547751475126,0.1502735361390338,tvm
8,8,4,7168,7168,32,2,2,2,1,[8; 8; 4; 7168; 7168; 32; 2; 2; 2; 1],0.03862589399795979,0.18097980248783116,tvm
64,16,8,448,112,16,16,2,1,0,[64; 16; 8; 448; 112; 16; 16; 2; 1; 0],0.03920861805090681,0.17829005494635106,tvm
64,32,4,3584,448,16,4,2,1,0,[64; 32; 4; 3584; 448; 16; 4; 2; 1; 0],0.039196723024360836,0.17834416061572428,tvm
64,64,8,1024,16,16,128,2,1,0,[64; 64; 8; 1024; 16; 16; 128; 2; 1; 0],0.035878323717042804,0.19483927738090115,tvm
16,16,4,1024,64,16,32,16,1,0,[16; 16; 4; 1024; 64; 16; 32; 16; 1; 0],0.029440209502354264,0.23744758562630652,tvm
32,32,4,896,128,32,1024,16,2,1,[32; 32; 4; 896; 128; 32; 1024; 16; 2; 1],0.04301782121183351,0.16250257381105326,tvm
32,32,8,128,128,16,512,1,1,1,[32; 32; 8; 128; 128; 16; 512; 1; 1; 1],0.03528803325025365,0.19809850600320492,tvm
32,32,4,1024,256,64,1024,64,4,0,[32; 32; 4; 1024; 256; 64; 1024; 64; 4; 0],0.0618478445103392,0.11302749064275074,tvm
64,64,8,1792,896,32,1024,1,2,1,[64; 64; 8; 1792; 896; 32; 1024; 1; 2; 1],0.0347081784857437,0.20140805342285537,tvm
16,16,8,224,112,16,64,2,1,0,[16; 16; 8; 224; 112; 16; 64; 2; 1; 0],0.039952268241904676,0.1749714590505914,tvm
32,32,8,256,128,16,256,1,1,1,[32; 32; 8; 256; 128; 16; 256; 1; 1; 1],0.03266069001983851,0.2140342614445851,tvm
16,8,8,1792,224,16,32,16,1,0,[16; 8; 8; 1792; 224; 16; 32; 16; 1; 0],0.0457852982217446,0.15268016018615116,tvm
64,16,8,896,112,16,16,16,1,1,[64; 16; 8; 896; 112; 16; 16; 16; 1; 1],0.03665588778676465,0.19070624362808997,tvm
64,32,4,3584,448,32,64,16,2,1,[64; 32; 4; 3584; 448; 32; 64; 16; 2; 1],0.04039606673177332,0.17304919097899005,tvm
16,8,8,14336,512,32,16,2,2,0,[16; 8; 8; 14336; 512; 32; 16; 2; 2; 0],0.04815067572053522,0.14517982483235156,tvm
16,8,8,14336,14336,32,8,2,2,0,[16; 8; 8; 14336; 14336; 32; 8; 2; 2; 0],0.049124652752652764,0.14230139603967326,tvm
32,16,4,896,64,32,128,4,2,0,[32; 16; 4; 896; 64; 32; 128; 4; 2; 0],0.03638994350330904,0.19209995932065682,tvm
64,64,8,256,256,16,128,64,1,0,[64; 64; 8; 256; 256; 16; 128; 64; 1; 0],0.03479849302675575,0.20088532745633061,tvm
8,8,4,7168,3584,64,4,4,4,0,[8; 8; 4; 7168; 3584; 64; 4; 4; 4; 0],0.03225998376728967,0.2166928141406804,tvm
16,8,4,1792,256,32,8,1,2,1,[16; 8; 4; 1792; 256; 32; 8; 1; 2; 1],0.028262584703043103,0.24734137872089176,tvm
16,16,4,7168,128,64,64,4,4,0,[16; 16; 4; 7168; 128; 64; 64; 4; 4; 0],0.0243534816254396,0.2870434204924686,tvm
64,64,8,3584,1792,16,32,16,1,1,[64; 64; 8; 3584; 1792; 16; 32; 16; 1; 1],0.029042198497336358,0.2407017040155486,tvm
32,32,4,2048,512,16,128,64,1,1,[32; 32; 4; 2048; 512; 16; 128; 64; 1; 1],0.042766040249262005,0.16345929213746413,tvm
16,16,8,128,64,32,32,1,2,1,[16; 16; 8; 128; 64; 32; 32; 1; 2; 1],0.03118514973903075,0.22416139493207177,tvm
8,8,4,1792,448,16,16,2,1,0,[8; 8; 4; 1792; 448; 16; 16; 2; 1; 0],0.03497792826965451,0.1998547945085518,tvm
64,64,16,1024,128,16,64,1,1,0,[64; 64; 16; 1024; 128; 16; 64; 1; 1; 0],0.032088214240502566,0.217852779661483,tvm
16,16,4,3584,512,32,64,32,2,0,[16; 16; 4; 3584; 512; 32; 64; 32; 2; 0],0.028169126017019153,0.24816200056910392,tvm
16,16,4,7168,512,32,1,1,2,1,[16; 16; 4; 7168; 512; 32; 1; 1; 2; 1],0.03123846504604444,0.22377881423952478,tvm
8,8,4,1792,448,32,8,2,2,1,[8; 8; 4; 1792; 448; 32; 8; 2; 2; 1],0.02629201579838991,0.2658794487372382,tvm
32,32,16,1024,128,16,8,8,1,1,[32; 32; 16; 1024; 128; 16; 8; 8; 1; 1],0.03148404374951497,0.22203331701234724,tvm
16,16,4,896,896,64,2,2,4,1,[16; 16; 4; 896; 896; 64; 2; 2; 4; 1],0.03333791100885719,0.20968640371046146,tvm
32,32,16,224,224,16,16,2,1,1,[32; 32; 16; 224; 224; 16; 16; 2; 1; 1],0.020918363006785512,0.33418038803510014,tvm
64,16,16,1792,1792,16,8,8,1,1,[64; 16; 16; 1792; 1792; 16; 8; 8; 1; 1],0.01859214314026758,0.37599251543660706,tvm
64,32,8,896,224,16,64,2,1,0,[64; 32; 8; 896; 224; 16; 64; 2; 1; 0],0.027267760771792382,0.2563652631828177,tvm
64,32,8,2048,64,32,64,16,2,1,[64; 32; 8; 2048; 64; 32; 64; 16; 2; 1],0.026531330484431237,0.26348119521441804,tvm
32,32,4,2048,256,16,4,1,1,1,[32; 32; 4; 2048; 256; 16; 4; 1; 1; 1],0.019070098118390888,0.3665689931571531,tvm
64,64,4,1024,1024,16,64,16,1,0,[64; 64; 4; 1024; 1024; 16; 64; 16; 1; 0],0.02491708437446505,0.28055074829824456,tvm
32,32,8,1792,224,16,32,8,1,1,[32; 32; 8; 1792; 224; 16; 32; 8; 1; 1],0.019529208017047495,0.35795136497929114,tvm
64,64,8,512,64,32,64,1,2,0,[64; 64; 8; 512; 64; 32; 64; 1; 2; 0],0.019447325117653236,0.35945851804169515,tvm
32,32,4,448,32,32,64,2,2,1,[32; 32; 4; 448; 32; 32; 64; 2; 2; 1],0.020098250883165747,0.34781666858989707,tvm
32,32,4,448,32,32,128,1,2,1,[32; 32; 4; 448; 32; 32; 128; 1; 2; 1],0.02101090585347265,0.3327084855559089,tvm
32,32,4,2048,2048,64,64,4,4,1,[32; 32; 4; 2048; 2048; 64; 64; 4; 4; 1],0.020300624368246645,0.3443493431463573,tvm
32,32,8,2048,512,32,8,2,2,1,[32; 32; 8; 2048; 512; 32; 8; 2; 2; 1],0.019427984138019383,0.3598163667936433,tvm
32,32,4,64,64,16,1024,4,1,1,[32; 32; 4; 64; 64; 16; 1024; 4; 1; 1],0.039119713997934014,0.17869523961846573,tvm
64,8,4,896,224,32,16,16,2,1,[64; 8; 4; 896; 224; 32; 16; 16; 2; 1],0.047205405484419316,0.14808699543898554,tvm
64,64,8,896,32,32,2048,2,2,1,[64; 64; 8; 896; 32; 32; 2048; 2; 2; 1],0.04178424226120114,0.1673000702745235,tvm
32,16,8,64,16,16,32,32,1,0,[32; 16; 8; 64; 16; 16; 32; 32; 1; 0],0.03910176671342924,0.17877725878472453,tvm
32,8,4,2048,512,16,2,1,1,1,[32; 8; 4; 2048; 512; 16; 2; 1; 1; 1],0.039438462525140494,0.17725099355002719,tvm
64,64,8,32,32,16,4,2,1,0,[64; 64; 8; 32; 32; 16; 4; 2; 1; 0],0.04305189725710079,0.1623739512551606,tvm
16,16,16,896,896,16,64,4,1,0,[16; 16; 16; 896; 896; 16; 64; 4; 1; 0],0.05245187447872013,0.13327467771438245,tvm
32,32,4,1792,16,16,512,4,1,0,[32; 32; 4; 1792; 16; 16; 512; 4; 1; 0],0.037179613718762994,0.1880198842178624,tvm
64,64,16,3584,128,16,128,8,1,1,[64; 64; 16; 3584; 128; 16; 128; 8; 1; 1],0.05935110489372164,0.11778224987023192,tvm
32,32,4,1792,16,16,512,1,1,0,[32; 32; 4; 1792; 16; 16; 512; 1; 1; 0],0.03684057999635115,0.1897501794857474,tvm
32,16,4,3584,128,16,64,1,1,0,[32; 16; 4; 3584; 128; 16; 64; 1; 1; 0],0.037587981729302555,0.1859771752846485,tvm
32,8,8,1024,1024,32,32,32,2,0,[32; 8; 8; 1024; 1024; 32; 32; 32; 2; 0],0.031025041011162102,0.2253182087382783,tvm
16,16,4,2048,128,32,256,4,2,0,[16; 16; 4; 2048; 128; 32; 256; 4; 2; 0],0.05411872442346066,0.12916983430666848,tvm
64,16,8,2048,256,16,1,1,1,0,[64; 16; 8; 2048; 256; 16; 1; 1; 1; 0],0.07784840650856495,0.08979640021144897,tvm
64,16,8,1792,128,16,32,1,1,0,[64; 16; 8; 1792; 128; 16; 32; 1; 1; 0],0.038989263237454,0.17929312036733802,tvm
64,32,8,128,32,32,512,32,2,0,[64; 32; 8; 128; 32; 32; 512; 32; 2; 0],0.04000277124578133,0.1747505597478795,tvm
16,16,8,896,64,32,1024,64,2,0,[16; 16; 8; 896; 64; 32; 1024; 64; 2; 0],0.03540651226649061,0.19743561901979864,tvm
16,16,8,7168,1024,32,128,1,2,1,[16; 16; 8; 7168; 1024; 32; 128; 1; 2; 1],0.033497562049888074,0.20868702791730553,tvm
32,16,4,1024,512,64,512,1,4,0,[32; 16; 4; 1024; 512; 64; 512; 1; 4; 0],0.06284889648668468,0.11122719820781089,tvm
16,16,8,1792,64,32,1024,8,2,1,[16; 16; 8; 1792; 64; 32; 1024; 8; 2; 1],0.03488341276533902,0.20039629475739254,tvm
32,32,4,224,224,16,512,2,1,1,[32; 32; 4; 224; 224; 16; 512; 2; 1; 1],0.03704629326239228,0.1886965213268209,tvm
64,32,4,512,512,64,512,32,4,1,[64; 32; 4; 512; 512; 64; 512; 32; 4; 1],0.0427149542956613,0.16365478511999054,tvm
32,16,8,32,32,32,16,1,2,0,[32; 16; 8; 32; 32; 32; 16; 1; 2; 0],0.03356788796372712,0.20824982120473257,tvm
32,16,8,512,32,32,16,1,2,1,[32; 16; 8; 512; 32; 32; 16; 1; 2; 1],0.03231337748002261,0.21633475705188882,tvm
64,64,4,1792,64,16,4,2,1,0,[64; 64; 4; 1792; 64; 16; 4; 2; 1; 0],0.03003754623932764,0.2327256231573975,tvm
16,16,4,512,64,32,256,32,2,0,[16; 16; 4; 512; 64; 32; 256; 32; 2; 0],0.036523760471027344,0.19139613710400716,tvm
64,64,8,128,32,32,256,64,2,0,[64; 64; 8; 128; 32; 32; 256; 64; 2; 0],0.03796876047272235,0.18411205895669971,tvm
32,32,16,1024,256,16,128,64,1,1,[32; 32; 16; 1024; 256; 16; 128; 64; 1; 1],0.04346255422569811,0.1608397571473926,tvm
32,32,16,16,16,16,128,16,1,1,[32; 32; 16; 16; 16; 16; 128; 16; 1; 1],0.03799035772681236,0.18400739253194748,tvm
64,16,8,512,128,32,64,2,2,0,[64; 16; 8; 512; 128; 32; 64; 2; 2; 0],0.04024317272705957,0.1737066486799695,tvm
64,16,4,896,224,32,64,32,2,0,[64; 16; 4; 896; 224; 32; 64; 32; 2; 0],0.033960032218601555,0.20584511291593027,tvm
32,32,16,112,16,16,32,2,1,1,[32; 32; 16; 112; 16; 16; 32; 2; 1; 1],0.03635988524183631,0.192258765949659,tvm
16,16,4,1792,32,32,32,1,2,0,[16; 16; 4; 1792; 32; 32; 32; 1; 2; 0],0.031096475548110902,0.22480060982638714,tvm
64,64,16,1792,448,16,128,32,1,1,[64; 64; 16; 1792; 448; 16; 128; 32; 1; 1],0.03332703351043165,0.20975484255082524,tvm
32,32,4,1024,16,16,4,4,1,1,[32; 32; 4; 1024; 16; 16; 4; 4; 1; 1],0.05221423495095223,0.13388124279199423,tvm
8,8,4,2048,2048,32,32,16,2,0,[8; 8; 4; 2048; 2048; 32; 32; 16; 2; 0],0.03568917099619284,0.19587192617649712,tvm
16,16,8,896,32,32,32,4,2,1,[16; 16; 8; 896; 32; 32; 32; 4; 2; 1],0.03248212003381923,0.21521091170737625,tvm
32,32,8,512,64,32,256,32,2,1,[32; 32; 8; 512; 64; 32; 256; 32; 2; 1],0.028029203007463366,0.24940083614954364,tvm
64,64,4,3584,896,16,64,2,1,1,[64; 64; 4; 3584; 896; 16; 64; 2; 1; 1],0.04138159449212253,0.1689279195850559,tvm
8,8,4,14336,512,16,8,4,1,1,[8; 8; 4; 14336; 512; 16; 8; 4; 1; 1],0.025383510743267834,0.27539558012166127,tvm
16,16,4,448,32,32,64,4,2,1,[16; 16; 4; 448; 32; 32; 64; 4; 2; 1],0.029869079240597785,0.23403823768244028,tvm
16,8,4,7168,896,64,32,2,4,1,[16; 8; 4; 7168; 896; 64; 32; 2; 4; 1],0.03219077648827806,0.2171586842340441,tvm
16,16,4,128,64,64,32,16,4,0,[16; 16; 4; 128; 64; 64; 32; 16; 4; 0],0.026161199726630002,0.2672089483553345,tvm
16,16,8,512,512,32,64,1,2,1,[16; 16; 8; 512; 512; 32; 64; 1; 2; 1],0.030142642732243985,0.23191419308396702,tvm
64,32,16,1024,512,16,32,1,1,0,[64; 32; 16; 1024; 512; 16; 32; 1; 1; 0],0.026658528484404087,0.2622240260093984,tvm
32,16,8,1792,256,32,32,4,2,0,[32; 16; 8; 1792; 256; 32; 32; 4; 2; 0],0.027498207753524184,0.254216810394516,tvm
32,32,4,512,128,16,64,8,1,0,[32; 32; 4; 512; 128; 16; 64; 8; 1; 0],0.024887228006264195,0.2808873155703453,tvm
32,16,8,2048,1024,32,2,2,2,1,[32; 16; 8; 2048; 1024; 32; 2; 2; 2; 1],0.03654126822948456,0.19130443483146925,tvm
32,32,4,2048,64,64,8,2,4,0,[32; 32; 4; 2048; 64; 64; 8; 2; 4; 0],0.04646654077805579,0.1504417275229576,tvm
64,32,8,2048,512,16,64,32,1,1,[64; 32; 8; 2048; 512; 16; 64; 32; 1; 1],0.031964092748239636,0.21869873553822847,tvm
16,16,4,1792,256,32,4,4,2,0,[16; 16; 4; 1792; 256; 32; 4; 4; 2; 0],0.024217030382715166,0.28866077120901334,tvm
64,64,4,1024,64,16,64,64,1,1,[64; 64; 4; 1024; 64; 16; 64; 64; 1; 1],0.03013597778044641,0.23196548383448917,tvm
64,64,8,448,112,16,64,2,1,0,[64; 64; 8; 448; 112; 16; 64; 2; 1; 0],0.020953903760528192,0.3336135713210155,tvm
64,32,4,1024,64,32,32,32,2,1,[64; 32; 4; 1024; 64; 32; 32; 32; 2; 1],0.0387150514870882,0.18056302130963353,tvm
64,32,8,256,128,32,8,2,2,0,[64; 32; 8; 256; 128; 32; 8; 2; 2; 0],0.028586792293936014,0.24453623879128022,tvm
64,16,4,2048,1024,32,32,4,2,0,[64; 16; 4; 2048; 1024; 32; 32; 4; 2; 0],0.023177847877377644,0.3016029229137204,tvm
32,32,4,1024,128,64,32,1,4,0,[32; 32; 4; 1024; 128; 64; 32; 1; 4; 0],0.026047950494103134,0.26837069842593614,tvm
64,32,4,2048,1024,16,4,2,1,0,[64; 32; 4; 2048; 1024; 16; 4; 2; 1; 0],0.02030549375922419,0.34426676590866373,tvm
32,32,4,896,32,32,64,1,2,0,[32; 32; 4; 896; 32; 32; 64; 1; 2; 0],0.021437166375108063,0.3260928494161313,tvm
64,32,4,1792,448,64,128,1,4,1,[64; 32; 4; 1792; 448; 64; 128; 1; 4; 1],0.028409511782228947,0.2460621893206715,tvm
64,64,8,32,32,32,64,2,2,0,[64; 64; 8; 32; 32; 32; 64; 2; 2; 0],0.019891819771146402,0.35142620167947514,tvm
64,64,4,448,224,32,64,4,2,0,[64; 64; 4; 448; 224; 32; 64; 4; 2; 0],0.01680240675341338,0.4160419854879753,tvm
64,32,4,1792,448,64,32,16,4,1,[64; 32; 4; 1792; 448; 64; 32; 16; 4; 1],0.01695491175632924,0.4122997964915461,tvm
32,32,4,1792,448,64,16,8,4,0,[32; 32; 4; 1792; 448; 64; 16; 8; 4; 0],0.018344698008149862,0.38106414526753435,tvm
16,16,8,1024,128,16,256,4,1,1,[16; 16; 8; 1024; 128; 16; 256; 4; 1; 1],0.04173131025163457,0.16751227374637384,tvm
32,32,4,896,32,32,2048,8,2,0,[32; 32; 4; 896; 32; 32; 2048; 8; 2; 0],0.03910607524449006,0.17875756191236836,tvm
64,16,8,512,64,16,32,2,1,0,[64; 16; 8; 512; 64; 16; 32; 2; 1; 0],0.046712917974218726,0.14964825512559052,tvm
32,32,4,2048,64,32,256,4,2,0,[32; 32; 4; 2048; 64; 32; 256; 4; 2; 0],0.04229623172432184,0.1652749283252786,tvm
64,32,8,3584,32,32,32,16,2,0,[64; 32; 8; 3584; 32; 32; 32; 16; 2; 0],0.04327722650486976,0.16152852738564616,tvm
16,8,4,1792,448,64,1,1,4,1,[16; 8; 4; 1792; 448; 64; 1; 1; 4; 1],0.04341752827167511,0.1610065553000897,tvm
32,32,4,896,224,32,1024,2,2,0,[32; 32; 4; 896; 224; 32; 1024; 2; 2; 0],0.03649648727150634,0.19153916415743164,tvm
64,16,4,256,64,16,64,4,1,0,[64; 16; 4; 256; 64; 16; 64; 4; 1; 0],0.03759004070889205,0.18596698845854243,tvm
32,16,4,256,64,16,8,8,1,0,[32; 16; 4; 256; 64; 16; 8; 8; 1; 0],0.03650434303563088,0.19149794477450055,tvm
64,32,8,64,32,16,128,8,1,0,[64; 32; 8; 64; 32; 16; 128; 8; 1; 0],0.042112576542422175,0.16599570106152892,tvm
64,32,4,3584,224,32,32,8,2,0,[64; 32; 4; 3584; 224; 32; 32; 8; 2; 0],0.039358124253340065,0.17761280038830682,tvm
32,16,4,448,64,16,8,1,1,1,[32; 16; 4; 448; 64; 16; 8; 1; 1; 1],0.034444891731254756,0.20294755812292453,tvm
16,16,4,7168,1792,64,128,32,4,1,[16; 16; 4; 7168; 1792; 64; 128; 32; 4; 1],0.030291487521026284,0.2307746247791342,tvm
32,32,4,224,16,16,256,8,1,0,[32; 32; 4; 224; 16; 16; 256; 8; 1; 0],0.036290523246861994,0.19262622969403256,tvm
64,16,4,1792,224,16,64,64,1,1,[64; 16; 4; 1792; 224; 16; 64; 64; 1; 1],0.04041182226501405,0.17298172353684224,tvm
32,32,8,64,64,32,1024,64,2,0,[32; 32; 8; 64; 64; 32; 1024; 64; 2; 0],0.03335161821451038,0.2096002245439859,tvm
64,64,4,3584,1792,64,128,32,4,0,[64; 64; 4; 3584; 1792; 64; 128; 32; 4; 0],0.04004624695517123,0.1745608439785135,tvm
16,16,8,1024,512,32,1024,8,2,0,[16; 16; 8; 1024; 512; 32; 1024; 8; 2; 0],0.03388818149687722,0.20628155179441654,tvm
16,8,4,3584,256,16,4,1,1,0,[16; 8; 4; 3584; 256; 16; 4; 1; 1; 0],0.03421558073023334,0.20430770185612435,tvm
8,8,4,7168,224,32,8,1,2,0,[8; 8; 4; 7168; 224; 32; 8; 1; 2; 0],0.035296409274451435,0.19805149618226459,tvm
8,8,4,14336,1792,16,4,2,1,0,[8; 8; 4; 14336; 1792; 16; 4; 2; 1; 0],0.032417896727565676,0.215637267445623,tvm
32,32,16,112,112,16,128,4,1,1,[32; 32; 16; 112; 112; 16; 128; 4; 1; 1],0.03632468677824363,0.19244506385815754,tvm
64,32,4,1792,32,32,2,1,2,1,[64; 32; 4; 1792; 32; 32; 2; 1; 2; 1],0.03699011949356645,0.18898307878898576,tvm
32,32,4,1792,32,16,16,1,1,0,[32; 32; 4; 1792; 32; 16; 16; 1; 1; 0],0.04289254650939256,0.16297718917518442,tvm
32,32,4,224,224,32,512,8,2,1,[32; 32; 4; 224; 224; 32; 512; 8; 2; 1],0.03181730228243396,0.21970771137709127,tvm
64,32,16,896,64,16,32,1,1,1,[64; 32; 16; 896; 64; 16; 32; 1; 1; 1],0.03561186173465103,0.19629714163089568,tvm
32,16,4,512,512,64,128,64,4,0,[32; 16; 4; 512; 512; 64; 128; 64; 4; 0],0.02961149625480175,0.23607407766613947,tvm
8,8,4,7168,3584,16,32,32,1,1,[8; 8; 4; 7168; 3584; 16; 32; 32; 1; 1],0.0425919815315865,0.1641272938072266,tvm
8,8,8,7168,3584,32,32,16,2,0,[8; 8; 8; 7168; 3584; 32; 32; 16; 2; 0],0.033400381449609995,0.20929421651106,tvm
32,32,4,448,448,32,256,32,2,1,[32; 32; 4; 448; 448; 32; 256; 32; 2; 1],0.029536584275774658,0.23667281908423468,tvm
32,16,8,3584,224,32,8,4,2,1,[32; 16; 8; 3584; 224; 32; 8; 4; 2; 1],0.024532504379749298,0.28494875853103196,tvm
8,8,4,3584,448,32,16,16,2,0,[8; 8; 4; 3584; 448; 32; 16; 16; 2; 0],0.034721628471743315,0.201330034746371,tvm
16,16,4,512,32,32,64,64,2,1,[16; 16; 4; 512; 32; 32; 64; 64; 2; 1],0.029906011535786092,0.2337492132075752,tvm
16,8,4,512,256,64,8,1,4,1,[16; 8; 4; 512; 256; 64; 8; 1; 4; 1],0.028962188283912838,0.2413666604933154,tvm
64,32,4,32,32,16,16,8,1,0,[64; 32; 4; 32; 32; 16; 16; 8; 1; 0],0.04215289402054623,0.16583693312395925,tvm
16,16,8,7168,224,32,64,8,2,1,[16; 16; 8; 7168; 224; 32; 64; 8; 2; 1],0.03052260575350374,0.22902719129293916,tvm
32,32,4,128,32,16,32,16,1,0,[32; 32; 4; 128; 32; 16; 32; 16; 1; 0],0.026154129474889487,0.2672811830108218,tvm
32,32,8,448,32,16,32,1,1,0,[32; 32; 8; 448; 32; 16; 32; 1; 1; 0],0.027498048497363925,0.2542182827023818,tvm
8,8,4,1024,1024,16,8,4,1,1,[8; 8; 4; 1024; 1024; 16; 8; 4; 1; 1],0.0268161779968068,0.26068243832134014,tvm
16,8,8,1792,896,32,4,2,2,1,[16; 8; 8; 1792; 896; 32; 4; 2; 2; 1],0.02994859777390957,0.23341682703944866,tvm
64,64,4,64,64,32,4,2,2,1,[64; 64; 4; 64; 64; 32; 4; 2; 2; 1],0.01737552462145686,0.4023191713034184,tvm
32,32,4,896,128,32,4,4,2,1,[32; 32; 4; 896; 128; 32; 4; 4; 2; 1],0.021350389753933996,0.3274182226757057,tvm
32,32,16,3584,3584,16,32,32,1,0,[32; 32; 16; 3584; 3584; 16; 32; 32; 1; 0],0.03240360924974084,0.21573234675154515,tvm
32,32,4,3584,112,16,8,2,1,0,[32; 32; 4; 3584; 112; 16; 8; 2; 1; 0],0.02632605901453644,0.2655356300313208,tvm
32,16,16,2048,1024,16,8,1,1,0,[32; 16; 16; 2048; 1024; 16; 8; 1; 1; 0],0.02722871000878513,0.2567329360961733,tvm
64,32,8,1792,64,32,32,2,2,1,[64; 32; 8; 1792; 64; 32; 32; 2; 2; 1],0.024935530993388966,0.2803432045830516,tvm
64,32,4,448,112,16,32,8,1,1,[64; 32; 4; 448; 112; 16; 32; 8; 1; 1],0.02734195877565071,0.25566956354612164,tvm
64,64,4,1024,64,64,8,1,4,0,[64; 64; 4; 1024; 64; 64; 8; 1; 4; 0],0.03389852197142318,0.20621862724751655,tvm
32,32,4,1792,32,32,64,64,2,0,[32; 32; 4; 1792; 32; 32; 64; 64; 2; 0],0.02015700761694461,0.3468027992800989,tvm
32,16,4,1792,1792,16,4,4,1,0,[32; 16; 4; 1792; 1792; 16; 4; 4; 1; 0],0.02581561024999246,0.27078603213219443,tvm
32,32,4,512,512,16,2,1,1,1,[32; 32; 4; 512; 512; 16; 2; 1; 1; 1],0.029107151261996478,0.24016457686787668,tvm
64,64,8,64,32,32,128,16,2,0,[64; 64; 8; 64; 32; 32; 128; 16; 2; 0],0.030683074961416423,0.22782940352155512,tvm
64,32,8,1792,224,32,128,2,2,1,[64; 32; 8; 1792; 224; 32; 128; 2; 2; 1],0.027708693756721914,0.25228568073407737,tvm
32,32,4,512,64,64,32,4,4,0,[32; 32; 4; 512; 64; 64; 32; 4; 4; 0],0.022478611732367426,0.3109848041283123,tvm
64,64,8,1024,256,32,128,1,2,1,[64; 64; 8; 1024; 256; 32; 128; 1; 2; 1],0.026586821710225195,0.26293126507777137,tvm
16,16,4,896,448,16,8,1,1,0,[16; 16; 4; 896; 448; 16; 8; 1; 1; 0],0.02136340836295858,0.3272186978734775,tvm
32,32,4,896,448,16,16,16,1,0,[32; 32; 4; 896; 448; 16; 16; 16; 1; 0],0.02358467661542818,0.2964003611605066,tvm
16,16,4,7168,896,64,16,8,4,0,[16; 16; 4; 7168; 896; 64; 16; 8; 4; 0],0.02296711050439626,0.30437031533978015,tvm
32,32,4,2048,1024,32,64,1,2,1,[32; 32; 4; 2048; 1024; 32; 64; 1; 2; 1],0.024373444146476686,0.28680832403725687,tvm
16,16,4,512,512,64,16,1,4,0,[16; 16; 4; 512; 512; 64; 16; 1; 4; 0],0.019899195875041187,0.35129593731144665,tvm
64,32,4,1792,896,64,32,1,4,0,[64; 32; 4; 1792; 896; 64; 32; 1; 4; 0],0.015576896752463654,0.4487740259022416,tvm
32,32,8,1792,896,32,32,32,2,0,[32; 32; 8; 1792; 896; 32; 32; 32; 2; 0],0.017303843138506636,0.40398578574204325,tvm
32,32,4,1792,896,64,32,32,4,0,[32; 32; 4; 1792; 896; 64; 32; 32; 4; 0],0.01722066948423162,0.40593698596141314,tvm
64,64,4,512,512,64,8,2,4,1,[64; 64; 4; 512; 512; 64; 8; 2; 4; 1],0.01717839387129061,0.4069359870918754,tvm
64,16,8,16,16,16,64,4,1,1,[64; 16; 8; 16; 16; 16; 64; 4; 1; 1],0.0420224592089653,0.16635167951273241,tvm
16,16,8,128,32,16,128,2,1,1,[16; 16; 8; 128; 32; 16; 128; 2; 1; 1],0.04022964497562498,0.17376505984336163,tvm
16,16,16,7168,224,16,64,4,1,1,[16; 16; 16; 7168; 224; 16; 64; 4; 1; 1],0.05310445150826126,0.1316369243655436,tvm
32,16,4,1792,224,32,1024,16,2,1,[32; 16; 4; 1792; 224; 32; 1024; 16; 2; 1],0.04460143350297585,0.1567327800394634,tvm
32,32,8,14336,14336,16,32,8,1,1,[32; 32; 8; 14336; 14336; 16; 32; 8; 1; 1],0.1308569589164108,0.05342097756629117,tvm
32,32,8,7168,3584,32,32,4,2,1,[32; 32; 8; 7168; 3584; 32; 32; 4; 2; 1],0.04089907248271629,0.17092090950524155,tvm
32,16,8,1024,512,32,512,1,2,1,[32; 16; 8; 1024; 512; 32; 512; 1; 2; 1],0.05676858499646187,0.12314040709491621,tvm
8,4,4,14336,2048,16,8,2,1,1,[8; 4; 4; 14336; 2048; 16; 8; 2; 1; 1],0.041975160769652575,0.1665391278672767,tvm
16,16,4,14336,3584,32,16,1,2,0,[16; 16; 4; 14336; 3584; 32; 16; 1; 2; 0],0.03888339351397008,0.17978129054386954,tvm
32,32,16,2048,16,16,128,64,1,0,[32; 32; 16; 2048; 16; 16; 128; 64; 1; 0],0.04687500448198989,0.149130794629631,tvm
16,16,8,256,64,16,8,8,1,0,[16; 16; 8; 256; 64; 16; 8; 8; 1; 0],0.04442664224188775,0.1573494262430586,tvm
32,32,16,1792,32,16,4,1,1,1,[32; 32; 16; 1792; 32; 16; 4; 1; 1; 1],0.03656041924841702,0.1912042260557321,tvm
32,16,4,1792,64,16,128,32,1,1,[32; 16; 4; 1792; 64; 16; 128; 32; 1; 1],0.038658669975120574,0.18082636239595212,tvm
32,16,8,7168,256,32,4,2,2,1,[32; 16; 8; 7168; 256; 32; 4; 2; 2; 1],0.042030423297546804,0.16632015854750343,tvm
32,8,8,2048,512,32,16,8,2,0,[32; 8; 8; 2048; 512; 32; 16; 8; 2; 0],0.03698332724161446,0.18901778687994286,tvm
32,16,4,128,64,64,512,32,4,0,[32; 16; 4; 128; 64; 64; 512; 32; 4; 0],0.03611094824736938,0.19358413461701088,tvm
16,16,8,14336,896,32,16,4,2,0,[16; 16; 8; 14336; 896; 32; 16; 4; 2; 0],0.035024076991248876,0.19959146013793072,tvm
64,64,4,1024,64,64,256,64,4,1,[64; 64; 4; 1024; 64; 64; 256; 64; 4; 1],0.040338286955375224,0.17329706326894867,tvm
64,16,4,448,112,16,128,4,1,1,[64; 16; 4; 448; 112; 16; 128; 4; 1; 1],0.03930805972777307,0.1778390160969337,tvm
32,32,16,256,256,16,512,2,1,1,[32; 32; 16; 256; 256; 16; 512; 2; 1; 1],0.03992334823124111,0.17509820634724232,tvm
64,64,16,1792,1792,16,256,8,1,0,[64; 64; 16; 1792; 1792; 16; 256; 8; 1; 0],0.035832791530992836,0.19508685670275988,tvm
64,16,8,512,128,32,8,4,2,0,[64; 16; 8; 512; 128; 32; 8; 4; 2; 0],0.048676864709705114,0.14361045454254392,tvm
32,32,8,7168,224,32,32,2,2,1,[32; 32; 8; 7168; 224; 32; 32; 2; 2; 1],0.0322562669753097,0.21671778299756428,tvm
64,32,16,2048,512,16,2,1,1,0,[64; 32; 16; 2048; 512; 16; 2; 1; 1; 0],0.07451338646933436,0.0938154471014893,tvm
32,32,4,1792,224,16,256,32,1,1,[32; 32; 4; 1792; 224; 16; 256; 32; 1; 1],0.03342198976315558,0.20915890155567593,tvm
16,8,4,2048,256,64,32,32,4,0,[16; 8; 4; 2048; 256; 64; 32; 32; 4; 0],0.056098373024724424,0.12461157587557338,tvm
32,16,4,1024,512,32,128,1,2,1,[32; 16; 4; 1024; 512; 32; 128; 1; 2; 1],0.04532617871882394,0.15422669336481068,tvm
64,32,8,896,32,32,256,32,2,1,[64; 32; 8; 896; 32; 32; 256; 32; 2; 1],0.03355777624528855,0.20831257159502994,tvm
32,16,8,512,128,16,32,2,1,0,[32; 16; 8; 512; 128; 16; 32; 2; 1; 0],0.02987071475945413,0.234025423327179,tvm
64,16,16,1024,256,16,32,4,1,0,[64; 16; 16; 1024; 256; 16; 32; 4; 1; 0],0.05024414893705398,0.13913076078618417,tvm
64,32,8,1792,32,32,1,1,2,1,[64; 32; 8; 1792; 32; 32; 1; 1; 2; 1],0.05759534647222608,0.12137276871904337,tvm
32,32,16,224,16,16,128,8,1,1,[32; 32; 16; 224; 16; 16; 128; 8; 1; 1],0.03729881776962429,0.1874189876430789,tvm
32,32,4,32,16,16,8,1,1,0,[32; 32; 4; 32; 16; 16; 8; 1; 1; 0],0.042623529967386276,0.16400581256445693,tvm
64,16,4,896,224,16,8,2,1,0,[64; 16; 4; 896; 224; 16; 8; 2; 1; 0],0.03397950698854402,0.2057271363302438,tvm
64,32,4,256,64,16,128,2,1,1,[64; 32; 4; 256; 64; 16; 128; 2; 1; 1],0.030667401500977576,0.22794584231219697,tvm
16,8,4,3584,256,16,8,1,1,1,[16; 8; 4; 3584; 256; 16; 8; 1; 1; 1],0.0287502795108594,0.2431456940801654,tvm
32,16,8,32,32,32,32,8,2,1,[32; 16; 8; 32; 32; 32; 32; 8; 2; 1],0.03242038079770282,0.21562074518143806,tvm
32,16,4,1792,224,32,64,1,2,0,[32; 16; 4; 1792; 224; 32; 64; 1; 2; 0],0.030448221776168793,0.2295866969853062,tvm
16,16,4,3584,1792,32,64,32,2,0,[16; 16; 4; 3584; 1792; 32; 64; 32; 2; 0],0.029341085522901267,0.2382497628184358,tvm
16,8,4,256,256,64,8,2,4,1,[16; 8; 4; 256; 256; 64; 8; 2; 4; 1],0.027838314010296017,0.25111099271605397,tvm
16,16,4,112,112,16,16,4,1,1,[16; 16; 4; 112; 112; 16; 16; 4; 1; 1],0.0268004999961704,0.26083493470888824,tvm
64,64,16,128,64,16,64,64,1,1,[64; 64; 16; 128; 64; 16; 64; 64; 1; 1],0.026939322240650654,0.25949081436496557,tvm
64,16,8,256,256,32,4,4,2,0,[64; 16; 8; 256; 256; 32; 4; 4; 2; 0],0.03731448302278295,0.18734030597177245,tvm
32,32,8,3584,64,16,32,2,1,1,[32; 32; 8; 3584; 64; 16; 32; 2; 1; 1],0.020114804385229945,0.3475304324510215,tvm
64,32,8,32,32,32,128,32,2,0,[64; 32; 8; 32; 32; 32; 128; 32; 2; 0],0.035334122250787914,0.1978401109570731,tvm
64,64,8,256,32,32,8,4,2,0,[64; 64; 8; 256; 32; 32; 8; 4; 2; 0],0.03341015224577859,0.20923300843533046,tvm
64,32,4,1792,112,16,16,2,1,1,[64; 32; 4; 1792; 112; 16; 16; 2; 1; 1],0.028169815486762673,0.2481559266851282,tvm
64,64,8,64,64,32,8,8,2,0,[64; 64; 8; 64; 64; 32; 8; 8; 2; 0],0.03362193703651428,0.20791504841243377,tvm
64,32,8,448,448,16,64,2,1,1,[64; 32; 8; 448; 448; 16; 64; 2; 1; 1],0.027874635707121342,0.2507837856650715,tvm
32,32,4,448,448,16,64,8,1,0,[32; 32; 4; 448; 448; 16; 64; 8; 1; 0],0.025903915287926793,0.26986293728055766,tvm
64,64,8,2048,256,16,2,1,1,1,[64; 64; 8; 2048; 256; 16; 2; 1; 1; 1],0.0328158590127714,0.21302220563374785,tvm
64,32,8,2048,2048,32,128,16,2,1,[64; 32; 8; 2048; 2048; 32; 128; 16; 2; 1],0.03165328048635274,0.22084619853795603,tvm
64,64,4,1024,128,16,64,1,1,0,[64; 64; 4; 1024; 128; 16; 64; 1; 1; 0],0.026684957032557577,0.2619643216265158,tvm
32,16,4,2048,1024,64,32,16,4,0,[32; 16; 4; 2048; 1024; 64; 32; 16; 4; 0],0.02250115611241199,0.3106732219332763,tvm
64,64,8,1024,256,16,64,2,1,0,[64; 64; 8; 1024; 256; 16; 64; 2; 1; 0],0.02251251437701285,0.310516477617647,tvm
16,16,4,1792,448,32,4,4,2,1,[16; 16; 4; 1792; 448; 32; 4; 4; 2; 1],0.01842678725370206,0.3793665477557532,tvm
16,16,4,7168,448,32,32,8,2,0,[16; 16; 4; 7168; 448; 32; 32; 8; 2; 0],0.01989681724808179,0.3513379340779042,tvm
32,32,8,224,224,32,8,4,2,1,[32; 32; 8; 224; 224; 32; 8; 4; 2; 1],0.0171322702371981,0.4080315433904766,tvm
64,32,8,1792,256,16,16,1,1,1,[64; 32; 8; 1792; 256; 16; 16; 1; 1; 1],0.01958956738235429,0.35684844541097477,tvm
64,64,4,128,128,32,128,4,2,1,[64; 64; 4; 128; 128; 32; 128; 4; 2; 1],0.019338853628141806,0.36147471825807276,tvm
32,32,8,1024,512,16,8,2,1,1,[32; 32; 8; 1024; 512; 16; 8; 2; 1; 1],0.019099962519248948,0.3659958316473989,tvm
32,32,4,256,128,64,64,2,4,1,[32; 32; 4; 256; 128; 64; 64; 2; 4; 1],0.01671015701140277,0.4183387781393344,tvm
64,64,4,1792,1792,64,4,1,4,1,[64; 64; 4; 1792; 1792; 64; 4; 1; 4; 1],0.01896927724010311,0.36851729131186806,tvm
64,64,8,128,128,32,64,64,2,1,[64; 64; 8; 128; 128; 32; 64; 64; 2; 1],0.01826638387865387,0.3826978953856207,tvm
16,16,4,128,64,16,1024,8,1,1,[16; 16; 4; 128; 64; 16; 1024; 8; 1; 1],0.04152010224061087,0.16836438952284763,tvm
4,4,4,7168,1024,32,32,1,2,0,[4; 4; 4; 7168; 1024; 32; 32; 1; 2; 0],0.05348867748398334,0.13069133497944319,tvm
32,16,8,256,256,32,2048,8,2,1,[32; 16; 8; 256; 256; 32; 2048; 8; 2; 1],0.040869506483431906,0.17104455786615747,tvm
64,4,4,1024,1024,64,8,4,4,0,[64; 4; 4; 1024; 1024; 64; 8; 4; 4; 0],0.05362808553036302,0.1303515983748627,tvm
32,16,8,128,32,32,1,1,2,1,[32; 16; 8; 128; 32; 32; 1; 1; 2; 1],0.07957023195922375,0.08785329003752301,tvm
64,16,4,256,128,16,2,1,1,0,[64; 16; 4; 256; 128; 16; 2; 1; 1; 0],0.05647641501855105,0.12377745054055689,tvm
64,64,4,512,512,32,2048,4,2,0,[64; 64; 4; 512; 512; 32; 2048; 4; 2; 0],0.08327966695651412,0.08394013715637068,tvm
32,16,4,7168,224,16,32,16,1,0,[32; 16; 4; 7168; 224; 16; 32; 16; 1; 0],0.05551793298218399,0.12591439002078766,tvm
16,16,8,14336,3584,16,32,1,1,0,[16; 16; 8; 14336; 3584; 16; 32; 1; 1; 0],0.03396333724958822,0.2058250817725935,tvm
64,32,8,896,448,16,512,4,1,0,[64; 32; 8; 896; 448; 16; 512; 4; 1; 0],0.0434928325121291,0.16072778577291288,tvm
32,32,8,112,16,16,1024,32,1,0,[32; 32; 8; 112; 16; 16; 1024; 32; 1; 0],0.04235355550190434,0.16505123557696008,tvm
32,32,8,14336,128,32,64,4,2,0,[32; 32; 8; 14336; 128; 32; 64; 4; 2; 0],0.0746931160101667,0.09358970464848686,tvm
32,32,4,512,256,64,1024,32,4,1,[32; 32; 4; 512; 256; 64; 1024; 32; 4; 1],0.040082780295051634,0.17440174097727623,tvm
64,64,8,3584,224,32,128,2,2,0,[64; 64; 8; 3584; 224; 32; 128; 2; 2; 0],0.047622234269510955,0.14679081680848768,tvm
16,16,4,1024,256,16,128,2,1,1,[16; 16; 4; 1024; 256; 16; 128; 2; 1; 1],0.03621178650064394,0.1930450646654055,tvm
32,8,4,512,256,64,64,4,4,1,[32; 8; 4; 512; 256; 64; 64; 4; 4; 1],0.031985809036996216,0.2185502532882984,tvm
64,64,8,2048,2048,32,256,2,2,0,[64; 64; 8; 2048; 2048; 32; 256; 2; 2; 0],0.029688930546399206,0.23545835225494519,tvm
64,16,8,2048,32,32,32,16,2,0,[64; 16; 8; 2048; 32; 32; 32; 16; 2; 0],0.04043833649484441,0.17286830450006038,tvm
32,16,4,1792,64,32,256,16,2,0,[32; 16; 4; 1792; 64; 32; 256; 16; 2; 0],0.04077355773188174,0.1714470616627265,tvm
64,8,8,1024,512,32,8,1,2,0,[64; 8; 8; 1024; 512; 32; 8; 1; 2; 0],0.037299717718269676,0.1874144656929311,tvm
32,8,4,1792,1792,32,32,1,2,0,[32; 8; 4; 1792; 1792; 32; 32; 1; 2; 0],0.030969069281127304,0.22572543602163447,tvm
8,8,4,1792,224,32,2,2,2,1,[8; 8; 4; 1792; 224; 32; 2; 2; 2; 1],0.03702744352631271,0.1887925819588118,tvm
32,16,4,7168,32,32,64,1,2,1,[32; 16; 4; 7168; 32; 32; 64; 1; 2; 1],0.05736166296992451,0.1218672246362851,tvm
16,16,8,128,64,32,1024,1,2,1,[16; 16; 8; 128; 64; 32; 1024; 1; 2; 1],0.03524381195893511,0.19834706514754327,tvm
16,16,4,14336,128,64,64,32,4,0,[16; 16; 4; 14336; 128; 64; 64; 32; 4; 0],0.04772438353393227,0.14647662576293694,tvm
32,16,4,1024,128,16,64,2,1,1,[32; 16; 4; 1024; 128; 16; 64; 2; 1; 1],0.045482463494408876,0.1536967466048976,tvm
16,8,8,14336,1024,16,32,8,1,0,[16; 8; 8; 14336; 1024; 16; 32; 8; 1; 0],0.03972530149621889,0.1759711419013908,tvm
16,16,8,1792,896,32,512,16,2,0,[16; 16; 8; 1792; 896; 32; 512; 16; 2; 0],0.03358311398187652,0.20815540424390563,tvm
64,64,8,224,224,32,256,2,2,0,[64; 64; 8; 224; 224; 32; 256; 2; 2; 0],0.02921840298222378,0.2392501284522508,tvm
64,32,4,1792,1792,32,256,2,2,0,[64; 32; 4; 1792; 1792; 32; 256; 2; 2; 0],0.03542761452263221,0.1973180176215625,tvm
64,32,16,512,16,16,32,1,1,0,[64; 32; 16; 512; 16; 16; 32; 1; 1; 0],0.04168360849143937,0.16770397092906,tvm
64,32,4,896,448,64,256,32,4,1,[64; 32; 4; 896; 448; 64; 256; 32; 4; 1],0.034508859273046255,0.20257136323618566,tvm
16,16,8,128,32,32,16,4,2,0,[16; 16; 8; 128; 32; 32; 16; 4; 2; 0],0.037408820004202425,0.1868678740971078,tvm
16,16,4,128,32,32,128,32,2,0,[16; 16; 4; 128; 32; 32; 128; 32; 2; 0],0.03578328725416213,0.195356749004483,tvm
32,16,4,512,32,32,16,8,2,1,[32; 16; 4; 512; 32; 32; 16; 8; 2; 1],0.030565470224246383,0.22870600764130805,tvm
16,16,8,1792,64,32,16,2,2,1,[16; 16; 8; 1792; 64; 32; 16; 2; 2; 1],0.03230818151496351,0.2163695491010232,tvm
64,64,8,1792,224,16,128,2,1,1,[64; 64; 8; 1792; 224; 16; 128; 2; 1; 1],0.028977438516449183,0.24123963416222838,tvm
32,16,16,3584,512,16,8,2,1,0,[32; 16; 16; 3584; 512; 16; 8; 2; 1; 0],0.0255017020390369,0.2741192198060311,tvm
32,16,4,224,32,32,32,16,2,0,[32; 16; 4; 224; 32; 32; 32; 16; 2; 0],0.03123953624162823,0.22377114092210723,tvm
8,8,4,7168,256,16,8,8,1,1,[8; 8; 4; 7168; 256; 16; 8; 8; 1; 1],0.026904997008387,0.25982187117462013,tvm
8,8,4,3584,3584,64,8,2,4,1,[8; 8; 4; 3584; 3584; 64; 8; 2; 4; 1],0.0296078544924967,0.23610311474741338,tvm
16,16,4,64,32,32,64,4,2,1,[16; 16; 4; 64; 32; 32; 64; 4; 2; 1],0.03007574996445328,0.23243000340569367,tvm
16,8,8,896,448,32,32,32,2,1,[16; 8; 8; 896; 448; 32; 32; 32; 2; 1],0.02625796850770712,0.2662242002695237,tvm
32,32,8,3584,3584,32,128,2,2,1,[32; 32; 8; 3584; 3584; 32; 128; 2; 2; 1],0.029551062500104308,0.23655686378931357,tvm
16,8,8,2048,2048,16,16,16,1,0,[16; 8; 8; 2048; 2048; 16; 16; 16; 1; 0],0.0328321720007807,0.21291636345290962,tvm
32,16,4,3584,448,16,16,16,1,0,[32; 16; 4; 3584; 448; 16; 16; 16; 1; 0],0.029084884270559996,0.24034844359833077,tvm
16,8,4,1792,448,16,8,2,1,1,[16; 8; 4; 1792; 448; 16; 8; 2; 1; 1],0.026824194472283125,0.2606045327433713,tvm
16,16,8,448,448,32,2,1,2,1,[16; 16; 8; 448; 448; 32; 2; 1; 2; 1],0.022643817123025656,0.3087159125463118,tvm
64,64,16,128,64,16,32,4,1,1,[64; 64; 16; 128; 64; 16; 32; 4; 1; 1],0.023994721996132284,0.29133518061986585,tvm
32,16,8,256,256,16,4,4,1,1,[32; 16; 8; 256; 256; 16; 4; 4; 1; 1],0.020744364243000746,0.3369834131708953,tvm
64,32,8,896,224,32,128,16,2,0,[64; 32; 8; 896; 224; 32; 128; 16; 2; 0],0.03143096552230418,0.22240827001340552,tvm
32,32,4,3584,64,64,16,16,4,1,[32; 32; 4; 3584; 64; 64; 16; 16; 4; 1],0.019717339746421203,0.3545359950464656,tvm
32,32,4,1024,64,64,128,1,4,1,[32; 32; 4; 1024; 64; 64; 128; 1; 4; 1],0.027531365514732897,0.2539106410441512,tvm
32,32,4,2048,128,64,32,1,4,0,[32; 32; 4; 2048; 128; 64; 32; 1; 4; 0],0.02594631799729541,0.26942191440786867,tvm
64,32,4,512,64,32,8,1,2,1,[64; 32; 4; 512; 64; 32; 8; 1; 2; 1],0.02833830250892788,0.246680501221424,tvm
64,32,4,224,32,32,32,2,2,0,[64; 32; 4; 224; 32; 32; 32; 2; 2; 0],0.030748394026886672,0.22734542365217855,tvm
64,32,8,1024,1024,16,4,1,1,0,[64; 32; 8; 1024; 1024; 16; 4; 1; 1; 0],0.031617933709640056,0.22109309010712858,tvm
16,16,8,7168,512,16,32,8,1,1,[16; 16; 8; 7168; 512; 16; 32; 8; 1; 1],0.017382151243509725,0.4021657945978829,tvm
32,32,8,896,448,32,64,32,2,0,[32; 32; 8; 896; 448; 32; 64; 32; 2; 0],0.02149734747945331,0.32517996340469624,tvm
64,64,8,1024,512,16,32,32,1,1,[64; 64; 8; 1024; 512; 16; 32; 32; 1; 1],0.017128138861153275,0.40812996224132553,tvm
32,32,4,2048,1024,16,8,2,1,1,[32; 32; 4; 2048; 1024; 16; 8; 2; 1; 1],0.017563996516400948,0.39800205267286726,tvm
64,64,4,128,64,64,64,4,4,1,[64; 64; 4; 128; 64; 64; 64; 4; 4; 1],0.015227014373522252,0.4590858388379948,tvm
64,64,4,448,448,32,8,8,2,1,[64; 64; 4; 448; 448; 32; 8; 8; 2; 1],0.013776670501101762,0.5074162633204892,tvm
64,64,8,896,896,32,32,8,2,0,[64; 64; 8; 896; 896; 32; 32; 8; 2; 0],0.013526791124604642,0.5167897250923938,tvm
64,16,8,256,64,32,2,2,2,1,[64; 16; 8; 256; 64; 32; 2; 2; 2; 1],0.039325875230133533,0.17775845103913102,tvm
32,4,4,896,896,64,32,2,4,1,[32; 4; 4; 896; 896; 64; 32; 2; 4; 1],0.054125326103530824,0.12915407942845902,tvm
16,16,8,1792,64,16,512,2,1,1,[16; 16; 8; 1792; 64; 16; 512; 2; 1; 1],0.041914305242244154,0.16678092661359797,tvm
32,32,4,224,112,16,1024,2,1,1,[32; 32; 4; 224; 112; 16; 1024; 2; 1; 1],0.04712507297517732,0.14833943430387575,tvm
64,16,8,512,32,32,512,32,2,0,[64; 16; 8; 512; 32; 32; 512; 32; 2; 0],0.050993656972423196,0.13708580795542974,tvm
64,8,4,512,256,16,64,1,1,0,[64; 8; 4; 512; 256; 16; 64; 1; 1; 0],0.06623501901049167,0.10554094753953895,tvm
32,16,4,512,64,64,2,2,4,1,[32; 16; 4; 512; 64; 64; 2; 2; 4; 1],0.03597709827590734,0.1943043492017247,tvm
32,16,8,3584,128,16,128,8,1,1,[32; 16; 8; 3584; 128; 16; 128; 8; 1; 1],0.04053998051676899,0.17243487977936023,tvm
8,8,8,896,896,32,64,2,2,0,[8; 8; 8; 896; 896; 32; 64; 2; 2; 0],0.05064567248336971,0.13802771932709765,tvm
64,32,16,64,32,16,128,32,1,0,[64; 32; 16; 64; 32; 16; 128; 32; 1; 0],0.042718271259218454,0.16364207774812844,tvm
32,32,4,7168,64,16,8,8,1,0,[32; 32; 4; 7168; 64; 16; 8; 8; 1; 0],0.05859909451100975,0.11929376597027914,tvm
16,16,16,512,128,16,8,4,1,1,[16; 16; 16; 512; 128; 16; 8; 4; 1; 1],0.047787270217668265,0.14628386670394253,tvm
64,16,8,448,224,16,128,64,1,1,[64; 16; 8; 448; 224; 16; 128; 64; 1; 1],0.04310689552221447,0.16216678519714361,tvm
32,8,4,896,896,64,64,8,4,1,[32; 8; 4; 896; 896; 64; 64; 8; 4; 1],0.04147656203713268,0.16854113078148286,tvm
32,32,16,448,448,16,512,16,1,1,[32; 32; 16; 448; 448; 16; 512; 16; 1; 1],0.04091192700434476,0.17086720617985776,tvm
64,8,8,896,448,32,16,1,2,0,[64; 8; 8; 896; 448; 32; 16; 1; 2; 0],0.03640275780344382,0.19203233734135775,tvm
64,64,8,3584,64,32,32,1,2,0,[64; 64; 8; 3584; 64; 32; 32; 1; 2; 0],0.03390250098891556,0.20619442409137356,tvm
64,8,8,2048,512,16,16,4,1,1,[64; 8; 8; 2048; 512; 16; 16; 4; 1; 1],0.03590138372965157,0.19471412910731592,tvm
64,64,8,512,512,16,256,64,1,1,[64; 64; 8; 512; 512; 16; 256; 64; 1; 1],0.033942079287953675,0.20595399024795913,tvm
32,32,4,7168,448,32,16,2,2,0,[32; 32; 4; 7168; 448; 32; 16; 2; 2; 0],0.03627493849489838,0.1927089874363204,tvm
32,8,4,448,224,32,32,1,2,0,[32; 8; 4; 448; 224; 32; 32; 1; 2; 0],0.03227535245241597,0.21658963064688058,tvm
32,32,4,1024,32,16,8,2,1,0,[32; 32; 4; 1024; 32; 16; 8; 2; 1; 0],0.03523238701745868,0.19841138391226987,tvm
16,16,4,896,448,64,512,1,4,1,[16; 16; 4; 896; 448; 64; 512; 1; 4; 1],0.03387127397581935,0.20638452133973995,tvm
16,8,4,1792,224,32,32,2,2,0,[16; 8; 4; 1792; 224; 32; 32; 2; 2; 0],0.03508672903990373,0.199235062884216,tvm
32,32,16,16,16,16,64,8,1,1,[32; 32; 16; 16; 16; 16; 64; 8; 1; 1],0.03605236951261759,0.19389867465493865,tvm
8,8,4,3584,256,64,32,4,4,0,[8; 8; 4; 3584; 256; 64; 32; 4; 4; 0],0.032817084749694914,0.21301424913228023,tvm
64,32,8,64,64,32,256,1,2,1,[64; 32; 8; 64; 64; 32; 256; 1; 2; 1],0.03764802374644205,0.1856805741981957,tvm
64,64,8,2048,512,16,128,1,1,0,[64; 64; 8; 2048; 512; 16; 128; 1; 1; 0],0.03189227101393044,0.21919124742208657,tvm
32,16,4,448,112,16,64,2,1,1,[32; 16; 4; 448; 112; 16; 64; 2; 1; 1],0.034125581732951105,0.20484652016691476,tvm
16,16,8,224,224,32,512,8,2,1,[16; 16; 8; 224; 224; 32; 512; 8; 2; 1],0.03368411702103913,0.20753124276050908,tvm
16,8,4,14336,896,64,8,2,4,1,[16; 8; 4; 14336; 896; 64; 8; 2; 4; 1],0.057396263000555336,0.12179375975399358,tvm
32,32,8,1024,1024,32,512,1,2,0,[32; 32; 8; 1024; 1024; 32; 512; 1; 2; 0],0.04571230674628168,0.1529239533998202,tvm
64,64,8,2048,256,16,128,16,1,1,[64; 64; 8; 2048; 256; 16; 128; 16; 1; 1],0.032215324230492115,0.21699321157382873,tvm
16,16,4,896,448,32,128,16,2,1,[16; 16; 4; 896; 448; 32; 128; 16; 2; 1],0.029914705257397145,0.23368128171472097,tvm
32,32,8,1024,128,16,128,32,1,1,[32; 32; 8; 1024; 128; 16; 128; 32; 1; 1],0.03736397949978709,0.18709213419589046,tvm
16,16,4,512,64,32,128,32,2,1,[16; 16; 4; 512; 64; 32; 128; 32; 2; 1],0.03006736875977367,0.23249479269430048,tvm
32,16,16,512,256,16,4,2,1,0,[32; 16; 16; 512; 256; 16; 4; 2; 1; 0],0.03775453579146415,0.18515673733292562,tvm
8,8,4,3584,896,64,32,8,4,1,[8; 8; 4; 3584; 896; 64; 32; 8; 4; 1],0.029679834260605276,0.23553051561158234,tvm
8,8,4,2048,2048,16,16,8,1,0,[8; 8; 4; 2048; 2048; 16; 16; 8; 1; 0],0.030372053966857493,0.2301624603424855,tvm
16,16,4,32,32,32,32,16,2,1,[16; 16; 4; 32; 32; 32; 32; 16; 2; 1],0.031509375490713865,0.22185481488602785,tvm
16,8,4,3584,3584,16,8,4,1,1,[16; 8; 4; 3584; 3584; 16; 8; 4; 1; 1],0.028282661747653037,0.24716579822076878,tvm
64,64,16,1024,32,16,8,8,1,1,[64; 64; 16; 1024; 32; 16; 8; 8; 1; 1],0.042339089734014124,0.16510762774029777,tvm
32,32,4,3584,224,32,128,16,2,0,[32; 32; 4; 3584; 224; 32; 128; 16; 2; 0],0.025514712498988956,0.2739794409575915,tvm
64,16,4,1792,448,64,16,8,4,0,[64; 16; 4; 1792; 448; 64; 16; 8; 4; 0],0.026615147246047854,0.26265143686945797,tvm
32,16,4,224,224,32,32,1,2,0,[32; 16; 4; 224; 224; 32; 32; 1; 2; 0],0.024519975355360657,0.28509435940923056,tvm
32,16,8,3584,1792,16,4,4,1,0,[32; 16; 8; 3584; 1792; 16; 4; 4; 1; 0],0.029327358526643366,0.23836127826909198,tvm
32,32,4,3584,256,32,128,4,2,1,[32; 32; 4; 3584; 256; 32; 128; 4; 2; 1],0.020768511603819206,0.3365916056007188,tvm
64,16,16,1024,1024,16,2,2,1,1,[64; 16; 16; 1024; 1024; 16; 2; 2; 1; 1],0.07206720451358706,0.0969998311138699,tvm
64,16,4,512,512,16,16,16,1,1,[64; 16; 4; 512; 512; 16; 16; 16; 1; 1],0.027093308744952083,0.25801598219224925,tvm
64,32,4,1792,256,64,128,4,4,0,[64; 32; 4; 1792; 256; 64; 128; 4; 4; 0],0.03332834399770945,0.20974659488473538,tvm
64,64,4,1792,64,64,8,8,4,0,[64; 64; 4; 1792; 64; 64; 8; 8; 4; 0],0.01987982023274526,0.3516383239297194,tvm
64,32,4,512,64,16,16,1,1,1,[64; 32; 4; 512; 64; 16; 16; 1; 1; 1],0.03983130777487531,0.17550281567898005,tvm
32,32,4,896,224,32,4,2,2,0,[32; 32; 4; 896; 224; 32; 4; 2; 2; 0],0.02154257337679155,0.3244972893627344,tvm
64,64,16,448,224,16,32,1,1,0,[64; 64; 16; 448; 224; 16; 32; 1; 1; 0],0.02374651885475032,0.2943802714589581,tvm
64,32,4,448,448,16,64,16,1,1,[64; 32; 4; 448; 448; 16; 64; 16; 1; 1],0.02673643024172634,0.2614599856250405,tvm
64,64,8,1024,32,32,16,8,2,0,[64; 64; 8; 1024; 32; 32; 16; 8; 2; 0],0.03001702099572867,0.23288475787325444,tvm
64,64,16,448,224,16,32,1,1,1,[64; 64; 16; 448; 224; 16; 32; 1; 1; 1],0.023368025373201817,0.2991483685516406,tvm
16,16,4,1024,512,32,4,4,2,0,[16; 16; 4; 1024; 512; 32; 4; 4; 2; 0],0.022882440622197464,0.3054965500439415,tvm
64,64,8,128,64,16,8,4,1,1,[64; 64; 8; 128; 64; 16; 8; 4; 1; 1],0.02078406873624772,0.3363396626222238,tvm
64,32,8,2048,256,16,8,4,1,1,[64; 32; 8; 2048; 256; 16; 8; 4; 1; 1],0.020137339015491307,0.3471415295381873,tvm
64,64,8,1024,1024,16,32,4,1,0,[64; 64; 8; 1024; 1024; 16; 32; 4; 1; 0],0.015608357731252909,0.44786945475176054,tvm
32,32,4,448,224,32,8,2,2,1,[32; 32; 4; 448; 224; 32; 8; 2; 2; 1],0.01631102798273787,0.4285754812060155,tvm
32,32,8,1792,448,32,16,1,2,1,[32; 32; 8; 1792; 448; 32; 16; 1; 2; 1],0.016162820626050234,0.4325053670025763,tvm
64,64,4,448,448,64,64,32,4,1,[64; 64; 4; 448; 448; 64; 64; 32; 4; 1],0.013560438004788011,0.51550743893364,tvm
32,32,4,1792,448,32,1024,4,2,1,[32; 32; 4; 1792; 448; 32; 1024; 4; 2; 1],0.049850102222990245,0.14023053825239162,tvm
64,32,16,112,16,16,128,1,1,0,[64; 32; 16; 112; 16; 16; 128; 1; 1; 0],0.03868564876029268,0.1807002568312048,tvm
64,32,8,3584,32,16,64,64,1,1,[64; 32; 8; 3584; 32; 16; 64; 64; 1; 1],0.060920143499970436,0.11474869008918305,tvm
64,64,16,896,448,16,512,4,1,1,[64; 64; 16; 896; 448; 16; 512; 4; 1; 1],0.0370777192292735,0.1885365877938776,tvm
64,64,8,3584,32,32,8,4,2,0,[64; 64; 8; 3584; 32; 32; 8; 4; 2; 0],0.05963697342667729,0.11721766322131327,tvm
32,8,4,128,128,64,32,4,4,0,[32; 8; 4; 128; 128; 64; 32; 4; 4; 0],0.030775751045439392,0.22714333295539763,tvm
32,16,4,7168,896,64,2,2,4,1,[32; 16; 4; 7168; 896; 64; 2; 2; 4; 1],0.06541673897299916,0.10686113029192738,tvm
16,8,4,14336,1024,16,16,1,1,0,[16; 8; 4; 14336; 1024; 16; 16; 1; 1; 0],0.055627804948017,0.1256656931403126,tvm
64,16,4,896,64,16,32,16,1,1,[64; 16; 4; 896; 64; 16; 32; 16; 1; 1],0.04118155501782894,0.16974848724484132,tvm
8,8,4,14336,256,32,32,32,2,0,[8; 8; 4; 14336; 256; 32; 32; 32; 2; 0],0.036603868240490556,0.1909772655922166,tvm
32,32,4,7168,256,64,32,4,4,0,[32; 32; 4; 7168; 256; 64; 32; 4; 4; 0],0.032095287984702736,0.21780476529758772,tvm
64,16,4,128,64,64,8,4,4,1,[64; 16; 4; 128; 64; 64; 8; 4; 4; 1],0.029454130213707685,0.23733536233955224,tvm
32,32,16,1024,16,16,128,32,1,1,[32; 32; 16; 1024; 16; 16; 128; 32; 1; 1],0.043819893267937005,0.15952815366124173,tvm
64,32,8,128,16,16,128,2,1,0,[64; 32; 8; 128; 16; 16; 128; 2; 1; 0],0.042015703744255006,0.16637842624788857,tvm
64,16,4,3584,3584,16,32,4,1,1,[64; 16; 4; 3584; 3584; 16; 32; 4; 1; 1],0.04519963596248999,0.15465847274672537,tvm
64,64,16,1024,16,16,128,4,1,0,[64; 64; 16; 1024; 16; 16; 128; 4; 1; 0],0.03845496627036482,0.1817842360728808,tvm
16,16,8,2048,2048,32,256,64,2,1,[16; 16; 8; 2048; 2048; 32; 256; 64; 2; 1],0.05229464592412114,0.13367538001518936,tvm
32,8,8,1024,256,16,32,1,1,1,[32; 8; 8; 1024; 256; 16; 32; 1; 1; 1],0.059917898499406874,0.11666808819631526,tvm
64,16,8,256,64,32,128,64,2,0,[64; 16; 8; 256; 64; 32; 128; 64; 2; 0],0.036502096510957927,0.19150973053200157,tvm
32,8,8,1024,256,32,8,8,2,1,[32; 8; 8; 1024; 256; 32; 8; 8; 2; 1],0.04443398502189666,0.1573234240237919,tvm
64,32,8,1024,1024,16,128,4,1,0,[64; 32; 8; 1024; 1024; 16; 128; 4; 1; 0],0.039869308238849044,0.17533553942767055,tvm
32,32,4,128,64,16,512,32,1,0,[32; 32; 4; 128; 64; 16; 512; 32; 1; 0],0.03522339998744428,0.1984620073348541,tvm
16,16,4,1792,256,32,512,4,2,1,[16; 16; 4; 1792; 256; 32; 512; 4; 2; 1],0.03505315777147189,0.19942587518765315,tvm
16,16,4,14336,448,32,128,8,2,1,[16; 16; 4; 14336; 448; 32; 128; 8; 2; 1],0.05867813853546977,0.11913306797285406,tvm
8,8,4,14336,1024,64,32,16,4,0,[8; 8; 4; 14336; 1024; 64; 32; 16; 4; 0],0.03469243849394843,0.2014994324450861,tvm
64,32,8,64,32,16,4,2,1,1,[64; 32; 8; 64; 32; 16; 4; 2; 1; 1],0.03151695796987042,0.22180144014372996,tvm
64,32,4,3584,3584,64,16,4,4,1,[64; 32; 4; 3584; 3584; 64; 16; 4; 4; 1],0.028309426503255963,0.24693211873658638,tvm
32,32,16,64,32,16,8,2,1,1,[32; 32; 16; 64; 32; 16; 8; 2; 1; 1],0.03939818247454241,0.17743221203627005,tvm
8,8,4,3584,256,64,32,2,4,0,[8; 8; 4; 3584; 256; 64; 32; 2; 4; 0],0.03194347000680864,0.2188399276965422,tvm
16,16,4,1792,896,64,256,64,4,1,[16; 16; 4; 1792; 896; 64; 256; 64; 4; 1],0.034117838251404464,0.20489301271539095,tvm
16,8,4,3584,256,64,16,2,4,0,[16; 8; 4; 3584; 256; 64; 16; 2; 4; 0],0.033287820231635123,0.21000193518298413,tvm
64,32,4,1024,1024,64,256,8,4,0,[64; 32; 4; 1024; 1024; 64; 256; 8; 4; 0],0.037205928238108754,0.18788690398823407,tvm
32,16,8,1792,224,32,2,2,2,1,[32; 16; 8; 1792; 224; 32; 2; 2; 2; 1],0.030518889718223363,0.22905507805850855,tvm
64,32,16,256,64,16,16,16,1,0,[64; 32; 16; 256; 64; 16; 16; 16; 1; 0],0.0441975814756006,0.15816491385452383,tvm
64,16,4,1792,448,16,2,1,1,1,[64; 16; 4; 1792; 448; 16; 2; 1; 1; 1],0.025720307778101414,0.27178938630814015,tvm
64,64,4,896,896,64,256,4,4,1,[64; 64; 4; 896; 896; 64; 256; 4; 4; 1],0.027941086271312088,0.2501873620369592,tvm
16,8,4,7168,7168,64,16,8,4,0,[16; 8; 4; 7168; 7168; 64; 16; 8; 4; 0],0.026734040991868824,0.26148335258380256,tvm
32,32,8,1792,256,32,1,1,2,1,[32; 32; 8; 1792; 256; 32; 1; 1; 2; 1],0.030220062762964517,0.23132005785354348,tvm
8,8,8,7168,1024,16,32,2,1,0,[8; 8; 8; 7168; 1024; 16; 32; 2; 1; 0],0.025269674777518958,0.2766361944984641,tvm
32,32,8,32,32,32,256,16,2,0,[32; 32; 8; 32; 32; 32; 256; 16; 2; 0],0.027798219758551568,0.25147317804465436,tvm
8,8,4,7168,512,32,32,8,2,1,[8; 8; 4; 7168; 512; 32; 32; 8; 2; 1],0.03295036172494292,0.2121526532855923,tvm
32,16,16,3584,512,16,8,2,1,0,[32; 16; 16; 3584; 512; 16; 8; 2; 1; 0],0.02567019750131294,0.2723199409084845,tvm
64,64,16,32,16,16,64,64,1,0,[64; 64; 16; 32; 16; 16; 64; 64; 1; 0],0.024356228270335123,0.28701105068804167,tvm
16,16,4,512,128,16,32,16,1,1,[16; 16; 4; 512; 128; 16; 32; 16; 1; 1],0.02540004946058616,0.2752162619806704,tvm
64,64,4,1024,32,32,8,4,2,0,[64; 64; 4; 1024; 32; 32; 8; 4; 2; 0],0.027785206970293075,0.25159095176583207,tvm
32,32,8,512,16,16,32,4,1,1,[32; 32; 8; 512; 16; 16; 32; 4; 1; 1],0.028089419764000922,0.24886618254840634,tvm
32,32,16,3584,128,16,64,1,1,1,[32; 32; 16; 3584; 128; 16; 64; 1; 1; 1],0.035655806539580226,0.19605521078051502,tvm
64,64,4,512,16,16,32,4,1,0,[64; 64; 4; 512; 16; 16; 32; 4; 1; 0],0.031295168737415224,0.22337334958380023,tvm
64,16,4,512,512,16,32,8,1,1,[64; 16; 4; 512; 512; 16; 32; 8; 1; 1],0.03137853374937549,0.2227799017793747,tvm
16,16,4,7168,256,16,4,2,1,0,[16; 16; 4; 7168; 256; 16; 4; 2; 1; 0],0.02450012811459601,0.2853253107073369,tvm
32,32,4,256,128,64,128,1,4,0,[32; 32; 4; 256; 128; 64; 128; 1; 4; 0],0.02413130263448693,0.2896862540970448,tvm
16,16,8,896,224,32,32,8,2,1,[16; 16; 8; 896; 224; 32; 32; 8; 2; 1],0.022556237498065457,0.3099145709591952,tvm
64,32,4,2048,256,32,4,1,2,0,[64; 32; 4; 2048; 256; 32; 4; 1; 2; 0],0.023867442010669038,0.29288880909574744,tvm
64,64,4,224,16,16,16,1,1,1,[64; 64; 4; 224; 16; 16; 16; 1; 1; 1],0.020921284012729302,0.3341337301483684,tvm
64,64,4,896,64,16,64,64,1,1,[64; 64; 4; 896; 64; 16; 64; 64; 1; 1],0.026264528220053762,0.2661577092913172,tvm
64,16,4,1792,1792,64,8,2,4,0,[64; 16; 4; 1792; 1792; 64; 8; 2; 4; 0],0.029034930979833007,0.2407619522678429,tvm
64,32,8,896,896,32,128,8,2,1,[64; 32; 8; 896; 896; 32; 128; 8; 2; 1],0.029637302504852414,0.23586851959695507,tvm
64,32,4,64,64,32,8,1,2,1,[64; 32; 4; 64; 64; 32; 8; 1; 2; 1],0.024689497746294364,0.28313685189144316,tvm
64,32,4,1792,256,64,64,1,4,1,[64; 32; 4; 1792; 256; 64; 64; 1; 4; 1],0.018853843881515786,0.3707735520988441,tvm
32,32,8,3584,512,32,64,1,2,1,[32; 32; 8; 3584; 512; 32; 64; 1; 2; 1],0.02108774599037133,0.33149615278268874,tvm
64,32,4,512,128,64,8,4,4,1,[64; 32; 4; 512; 128; 64; 8; 4; 4; 1],0.02538687124615535,0.27535912554507186,tvm
64,64,8,896,32,32,128,16,2,1,[64; 64; 8; 896; 32; 32; 128; 16; 2; 1],0.018039089627563953,0.3875199253949648,tvm
32,32,4,128,128,64,32,4,4,1,[32; 32; 4; 128; 128; 64; 32; 4; 4; 1],0.0177169572270941,0.3945658713888105,tvm
64,64,8,512,256,32,32,16,2,1,[64; 64; 8; 512; 256; 32; 32; 16; 2; 1],0.017130367748904973,0.4080768591271791,tvm
32,16,4,64,16,16,128,16,1,0,[32; 16; 4; 64; 16; 16; 128; 16; 1; 0],0.040336544276215136,0.17330455030548297,tvm
8,8,8,1792,896,32,1,1,2,1,[8; 8; 8; 1792; 896; 32; 1; 1; 2; 1],0.03511749499011785,0.19906051580939396,tvm
16,16,8,448,32,32,2048,64,2,0,[16; 16; 8; 448; 32; 32; 2048; 64; 2; 0],0.03811705426778644,0.18339577391148237,tvm
64,64,16,1792,448,16,512,8,1,0,[64; 64; 16; 1792; 448; 16; 512; 8; 1; 0],0.03670920594595373,0.1904292530042371,tvm
64,64,4,3584,256,16,128,1,1,1,[64; 64; 4; 3584; 256; 16; 128; 1; 1; 1],0.05291506845969707,0.13210805296398717,tvm
16,16,4,14336,32,32,32,32,2,1,[16; 16; 4; 14336; 32; 32; 32; 32; 2; 1],0.05745244352146983,0.12167466235016326,tvm
16,16,8,14336,512,16,32,32,1,1,[16; 16; 8; 14336; 512; 16; 32; 32; 1; 1],0.03508327872259542,0.19925465695326883,tvm
64,64,4,256,64,16,256,2,1,1,[64; 64; 4; 256; 64; 16; 256; 2; 1; 1],0.0515455404529348,0.1356180690946399,tvm
64,32,4,64,64,16,128,2,1,0,[64; 32; 4; 64; 64; 16; 128; 2; 1; 0],0.04189521149965003,0.16685693702071563,tvm
64,64,4,128,32,32,256,2,2,0,[64; 64; 4; 128; 32; 32; 256; 2; 2; 0],0.0461421764921397,0.15149928326110704,tvm
32,16,4,7168,64,64,32,2,4,1,[32; 16; 4; 7168; 64; 64; 32; 2; 4; 1],0.05190244899131358,0.13468548792055268,tvm
16,16,8,128,64,16,32,1,1,0,[16; 16; 8; 128; 64; 16; 32; 1; 1; 0],0.03992816753452644,0.1750770721101057,tvm
64,32,16,896,896,16,128,8,1,1,[64; 32; 16; 896; 896; 16; 128; 8; 1; 1],0.0419106159824878,0.16679560781420213,tvm
32,8,8,1024,1024,32,16,4,2,0,[32; 8; 8; 1024; 1024; 32; 16; 4; 2; 0],0.028989523241762072,0.24113906973800106,tvm
16,16,4,7168,3584,64,128,32,4,0,[16; 16; 4; 7168; 3584; 64; 128; 32; 4; 0],0.03489612526027486,0.20032329132611573,tvm
16,16,4,1024,1024,64,512,64,4,0,[16; 16; 4; 1024; 1024; 64; 512; 64; 4; 0],0.034834217512980103,0.2006793080413484,tvm
16,16,4,7168,128,16,64,8,1,0,[16; 16; 4; 7168; 128; 16; 64; 8; 1; 0],0.03491701098391786,0.20020346729811342,tvm
64,16,4,448,32,32,16,8,2,1,[64; 16; 4; 448; 32; 32; 16; 8; 2; 1],0.033343712450005114,0.2096499205704251,tvm
64,64,16,1024,512,16,128,2,1,0,[64; 64; 16; 1024; 512; 16; 128; 2; 1; 0],0.0353959160274826,0.19749472400259394,tvm
64,16,8,256,32,32,32,2,2,1,[64; 16; 8; 256; 32; 32; 32; 2; 2; 1],0.03229255974292755,0.2164742195204166,tvm
64,64,16,2048,128,16,128,2,1,1,[64; 64; 16; 2048; 128; 16; 128; 2; 1; 1],0.03459990274859592,0.20203833280861877,tvm
32,16,4,2048,64,64,128,32,4,1,[32; 16; 4; 2048; 64; 64; 128; 32; 4; 1],0.03744868899229914,0.18666892900053667,tvm
64,32,4,3584,512,32,32,4,2,1,[64; 32; 4; 3584; 512; 32; 32; 4; 2; 1],0.0327801137464121,0.21325449694120732,tvm
64,64,8,3584,512,16,32,32,1,0,[64; 64; 8; 3584; 512; 16; 32; 32; 1; 0],0.04039813025156036,0.17304035169787743,tvm
32,32,4,896,448,32,512,16,2,1,[32; 32; 4; 896; 448; 32; 512; 16; 2; 1],0.03366413526237011,0.2076544254644996,tvm
16,8,8,1024,256,16,32,32,1,1,[16; 8; 8; 1024; 256; 16; 32; 32; 1; 1],0.029060648230370134,0.2405488897305864,tvm
16,16,4,2048,256,64,128,16,4,0,[16; 16; 4; 2048; 256; 64; 128; 16; 4; 0],0.04375855904072523,0.15975175645433706,tvm
16,16,8,1792,128,32,128,4,2,1,[16; 16; 8; 1792; 128; 32; 128; 4; 2; 1],0.032599191763438284,0.21443803629839955,tvm
64,64,4,3584,896,64,64,4,4,0,[64; 64; 4; 3584; 896; 64; 64; 4; 4; 0],0.02836988028138876,0.2464059276010617,tvm
8,8,4,7168,7168,64,32,16,4,1,[8; 8; 4; 7168; 7168; 64; 32; 16; 4; 1],0.036698455980513245,0.1904850348575592,tvm
32,32,8,1792,128,16,128,16,1,1,[32; 32; 8; 1792; 128; 16; 128; 16; 1; 1],0.027111525472719222,0.2578426165543807,tvm
64,32,8,448,16,16,128,1,1,1,[64; 32; 8; 448; 16; 16; 128; 1; 1; 1],0.029292511520907283,0.2386448380050052,tvm
32,32,4,256,256,64,256,16,4,1,[32; 32; 4; 256; 256; 64; 256; 16; 4; 1],0.027645493508316576,0.2528624299856943,tvm
32,16,4,1024,128,32,16,8,2,0,[32; 16; 4; 1024; 128; 32; 16; 8; 2; 0],0.046705532469786704,0.1496719188714688,tvm
32,32,4,512,128,16,128,8,1,1,[32; 32; 4; 512; 128; 16; 128; 8; 1; 1],0.026587557746097445,0.26292398622783403,tvm
32,32,8,64,64,32,512,8,2,0,[32; 32; 8; 64; 64; 32; 512; 8; 2; 0],0.0293121452559717,0.23848498994601924,tvm
32,32,16,3584,224,16,2,1,1,1,[32; 32; 16; 3584; 224; 16; 2; 1; 1; 1],0.025073299708310515,0.2788028200512305,tvm
32,16,4,128,128,32,64,32,2,0,[32; 16; 4; 128; 128; 32; 64; 32; 2; 0],0.026654470013454556,0.26226395284310744,tvm
16,8,8,512,256,32,4,4,2,1,[16; 8; 8; 512; 256; 32; 4; 4; 2; 1],0.02675441646715626,0.26128421358949155,tvm
16,16,4,7168,1792,16,2,2,1,1,[16; 16; 4; 7168; 1792; 16; 2; 2; 1; 1],0.034597552730701864,0.20205205614047064,tvm
64,32,4,1792,448,64,2,2,4,1,[64; 32; 4; 1792; 448; 64; 2; 2; 4; 1],0.02923793176887557,0.23909032697409252,tvm
32,16,16,3584,512,16,32,1,1,1,[32; 16; 16; 3584; 512; 16; 32; 1; 1; 1],0.028111448511481285,0.24867116555063332,tvm
16,16,8,1024,128,16,32,8,1,1,[16; 16; 8; 1024; 128; 16; 32; 8; 1; 1],0.024012586509343237,0.291118437572174,tvm
32,16,4,448,448,16,32,32,1,0,[32; 16; 4; 448; 448; 16; 32; 32; 1; 0],0.03048716124612838,0.22929345931000394,tvm
64,64,16,256,256,16,64,4,1,1,[64; 64; 16; 256; 256; 16; 64; 4; 1; 1],0.028162538772448897,0.24822004589676422,tvm
64,64,4,896,128,16,4,2,1,0,[64; 64; 4; 896; 128; 16; 4; 2; 1; 0],0.019484746735543013,0.35876815652496863,tvm
32,32,8,256,32,32,4,1,2,1,[32; 32; 8; 256; 32; 32; 4; 1; 2; 1],0.02726667100796476,0.25637550930308645,tvm
32,32,8,256,256,16,64,1,1,1,[32; 32; 8; 256; 256; 16; 64; 1; 1; 1],0.025444183498620987,0.27473888745714853,tvm
32,16,4,3584,512,32,16,16,2,1,[32; 16; 4; 3584; 512; 32; 16; 16; 2; 1],0.021704217127989978,0.32208057196643314,tvm
64,16,4,1024,1024,64,16,2,4,1,[64; 16; 4; 1024; 1024; 64; 16; 2; 4; 1],0.02168970010825433,0.3222961420294755,tvm
64,16,4,1792,896,32,16,4,2,1,[64; 16; 4; 1792; 896; 32; 16; 4; 2; 1],0.022548624372575432,0.31001920787543963,tvm
32,32,8,3584,448,16,32,8,1,1,[32; 32; 8; 3584; 448; 16; 32; 8; 1; 1],0.018347529228776693,0.3810053429811461,tvm
64,32,4,448,224,16,16,2,1,0,[64; 32; 4; 448; 224; 16; 16; 2; 1; 0],0.026431564008817077,0.26447571034142225,tvm
64,64,8,224,224,16,64,2,1,1,[64; 64; 8; 224; 224; 16; 64; 2; 1; 1],0.0203530803846661,0.34346185120623196,tvm
16,16,8,7168,448,16,4,2,1,1,[16; 16; 8; 7168; 448; 16; 4; 2; 1; 1],0.019341129634995013,0.3614321809838006,tvm
64,32,4,2048,256,64,8,1,4,0,[64; 32; 4; 2048; 256; 64; 8; 1; 4; 0],0.025007196993101388,0.27953979282824476,tvm
64,32,4,896,448,16,16,4,1,0,[64; 32; 4; 896; 448; 16; 16; 4; 1; 0],0.02337486925534904,0.2990607814872367,tvm
16,16,4,3584,512,16,8,4,1,0,[16; 16; 4; 3584; 512; 16; 8; 4; 1; 0],0.020438741863472387,0.34202235701992634,tvm
16,16,4,7168,448,16,8,1,1,1,[16; 16; 4; 7168; 448; 16; 8; 1; 1; 1],0.0181030206149444,0.3861513951376637,tvm
16,16,4,3584,512,16,32,16,1,1,[16; 16; 4; 3584; 512; 16; 32; 16; 1; 1],0.020926558005157858,0.33404952046789954,tvm
32,32,8,3584,256,32,64,8,2,1,[32; 32; 8; 3584; 256; 32; 64; 8; 2; 1],0.020064021373400465,0.34841004884166504,tvm
32,32,4,3584,256,64,16,16,4,0,[32; 32; 4; 3584; 256; 64; 16; 16; 4; 0],0.021814150764839724,0.3204574288509108,tvm
64,64,8,128,32,32,128,64,2,1,[64; 64; 8; 128; 32; 32; 128; 64; 2; 1],0.019547056988812983,0.3576245094423891,tvm
64,64,4,1792,224,32,64,2,2,1,[64; 64; 4; 1792; 224; 32; 64; 2; 2; 1],0.015702494740253314,0.4451844615968262,tvm
64,16,8,1792,64,16,32,4,1,1,[64; 16; 8; 1792; 64; 16; 32; 4; 1; 1],0.0401864955201745,0.17395163664264476,tvm
64,16,8,64,32,16,64,1,1,1,[64; 16; 8; 64; 32; 16; 64; 1; 1; 1],0.040041892032604665,0.17457982906937938,tvm
16,16,16,14336,1792,16,16,2,1,0,[16; 16; 16; 14336; 1792; 16; 16; 2; 1; 0],0.04283634852617979,0.1631910026690151,tvm
32,16,8,3584,128,16,128,2,1,1,[32; 16; 8; 3584; 128; 16; 128; 2; 1; 1],0.04061751696281135,0.17210571175650757,tvm
16,16,8,14336,2048,16,16,4,1,0,[16; 16; 8; 14336; 2048; 16; 16; 4; 1; 0],0.03620594850508496,0.1930761920429976,tvm
64,8,4,1792,224,32,4,2,2,1,[64; 8; 4; 1792; 224; 32; 4; 2; 2; 1],0.04536577145336196,0.1540920928425789,tvm
32,16,8,1792,64,32,512,32,2,0,[32; 16; 8; 1792; 64; 32; 512; 32; 2; 0],0.04095117776887491,0.17070343388218315,tvm
32,16,8,224,32,16,128,32,1,1,[32; 16; 8; 224; 32; 16; 128; 32; 1; 1],0.038725443999283016,0.18051456470831148,tvm
16,16,8,14336,128,32,16,8,2,1,[16; 16; 8; 14336; 128; 32; 16; 8; 2; 1],0.04388032021233812,0.15930846978416305,tvm
32,16,8,512,16,16,64,32,1,0,[32; 16; 8; 512; 16; 16; 64; 32; 1; 0],0.0415685810148716,0.16816803691628876,tvm
16,16,8,2048,64,32,1024,4,2,1,[16; 16; 8; 2048; 64; 32; 1024; 4; 2; 1],0.06066876894328743,0.11522413901625932,tvm
16,16,8,224,16,16,32,16,1,1,[16; 16; 8; 224; 16; 16; 32; 16; 1; 1],0.04251193377422169,0.16443633695406154,tvm
32,16,4,64,32,32,512,1,2,1,[32; 16; 4; 64; 32; 32; 512; 1; 2; 1],0.03834876522887498,0.1822876597185224,tvm
64,16,4,32,32,16,128,32,1,1,[64; 16; 4; 32; 32; 16; 128; 32; 1; 1],0.040741457720287144,0.171582144032754,tvm
64,64,16,448,224,16,512,4,1,1,[64; 64; 16; 448; 224; 16; 512; 4; 1; 1],0.03727449075086042,0.1875413057522537,tvm
32,16,4,7168,3584,64,16,4,4,1,[32; 16; 4; 7168; 3584; 64; 16; 4; 4; 1],0.03586625150637701,0.19490485827390566,tvm
32,16,4,1792,64,16,128,4,1,1,[32; 16; 4; 1792; 64; 16; 128; 4; 1; 1],0.03897810127818957,0.17934446362009548,tvm
64,32,8,896,448,32,1024,2,2,1,[64; 32; 8; 896; 448; 32; 1024; 2; 2; 1],0.04117275553289801,0.16978476607136692,tvm
8,8,4,512,128,32,32,8,2,1,[8; 8; 4; 512; 128; 32; 32; 8; 2; 1],0.03470934502547607,0.2014012843381445,tvm
32,32,8,7168,1024,16,4,2,1,1,[32; 32; 8; 7168; 1024; 16; 4; 2; 1; 1],0.052669914555735886,0.13272295437785903,tvm
64,32,8,256,64,16,128,2,1,0,[64; 32; 8; 256; 64; 16; 128; 2; 1; 0],0.03991161851445213,0.17514966635931792,tvm
64,32,8,448,112,16,128,16,1,0,[64; 32; 8; 448; 112; 16; 128; 16; 1; 0],0.038046363508328795,0.18373652622901432,tvm
64,64,8,448,16,16,128,1,1,0,[64; 64; 8; 448; 16; 16; 128; 1; 1; 0],0.04028805921552703,0.1735131153692438,tvm
32,8,8,2048,512,32,16,8,2,1,[32; 8; 8; 2048; 512; 32; 16; 8; 2; 1],0.03644084621919319,0.1918316228064102,tvm
32,32,8,112,16,16,2,2,1,1,[32; 32; 8; 112; 16; 16; 2; 2; 1; 1],0.06434119760524482,0.10864744404597204,tvm
64,8,8,1792,1792,16,32,1,1,1,[64; 8; 8; 1792; 1792; 16; 32; 1; 1; 1],0.03850294346921146,0.18155772096376382,tvm
16,16,4,128,64,64,256,2,4,0,[16; 16; 4; 128; 64; 64; 256; 2; 4; 0],0.03547634248388931,0.19704699462300065,tvm
64,16,8,896,64,32,64,2,2,1,[64; 16; 8; 896; 64; 32; 64; 2; 2; 1],0.03321218804921955,0.2104801603648314,tvm
16,16,8,896,224,32,256,8,2,1,[16; 16; 8; 896; 224; 32; 256; 8; 2; 1],0.03385820152470842,0.20646420518128414,tvm
16,16,4,2048,512,64,128,4,4,0,[16; 16; 4; 2048; 512; 64; 128; 4; 4; 0],0.04271731077460572,0.16364575718615537,tvm
32,32,8,128,64,32,1024,1,2,0,[32; 32; 8; 128; 64; 32; 1024; 1; 2; 0],0.0332660642452538,0.21013927632464155,tvm
32,32,4,1792,224,16,128,4,1,0,[32; 32; 4; 1792; 224; 16; 128; 4; 1; 0],0.03016917174682021,0.23171026123391858,tvm
32,16,4,1024,32,32,64,2,2,1,[32; 16; 4; 1024; 32; 32; 64; 2; 2; 1],0.03304052847670391,0.21157369415551286,tvm
32,16,8,448,448,32,128,1,2,1,[32; 16; 8; 448; 448; 32; 128; 1; 2; 1],0.030949751962907612,0.22586632277520635,tvm
32,16,8,256,32,32,128,16,2,0,[32; 16; 8; 256; 32; 32; 128; 16; 2; 0],0.03338852274464443,0.20936855218573436,tvm
64,16,4,256,64,32,64,4,2,1,[64; 16; 4; 256; 64; 32; 64; 4; 2; 1],0.029331320256460458,0.23832908323064494,tvm
64,64,8,224,224,32,256,2,2,0,[64; 64; 8; 224; 224; 32; 256; 2; 2; 0],0.030229681986384094,0.2312464507504676,tvm
32,16,4,1024,128,16,16,4,1,1,[32; 16; 4; 1024; 128; 16; 16; 4; 1; 1],0.04267991450615227,0.16378914408694495,tvm
64,64,16,448,112,16,128,16,1,1,[64; 64; 16; 448; 112; 16; 128; 16; 1; 1],0.0313555765314959,0.2229430117365208,tvm
32,16,8,896,224,32,2,1,2,1,[32; 16; 8; 896; 224; 32; 2; 1; 2; 1],0.030824859451968223,0.22678146116316875,tvm
32,16,8,512,32,32,32,32,2,1,[32; 16; 8; 512; 32; 32; 32; 32; 2; 1],0.02823328599333763,0.24759805388279127,tvm
16,16,4,224,112,16,8,1,1,1,[16; 16; 4; 224; 112; 16; 8; 1; 1; 1],0.02521386375883594,0.2772485301550388,tvm
16,8,4,3584,896,64,8,1,4,1,[16; 8; 4; 3584; 896; 64; 8; 1; 4; 1],0.03286822949303314,0.21268278743606794,tvm
64,16,4,1792,896,64,2,1,4,0,[64; 16; 4; 1792; 896; 64; 2; 1; 4; 0],0.03625792753882706,0.19279939977763022,tvm
8,8,8,14336,896,16,16,8,1,1,[8; 8; 8; 14336; 896; 16; 16; 8; 1; 1],0.03188304102513939,0.21925470224608554,tvm
64,32,4,224,16,16,16,4,1,1,[64; 32; 4; 224; 16; 16; 16; 4; 1; 1],0.028976284491363913,0.24124924190160116,tvm
32,16,4,256,128,64,128,1,4,1,[32; 16; 4; 256; 128; 64; 128; 1; 4; 1],0.024047275772318244,0.2906984863006275,tvm
64,64,16,2048,2048,16,64,4,1,0,[64; 64; 16; 2048; 2048; 16; 64; 4; 1; 0],0.032722969772294164,0.21362690230473455,tvm
16,16,4,3584,128,32,16,16,2,1,[16; 16; 4; 3584; 128; 32; 16; 16; 2; 1],0.02566695329733193,0.2723543610995438,tvm
16,16,8,3584,448,32,2,2,2,1,[16; 16; 8; 3584; 448; 32; 2; 2; 2; 1],0.02292581700021401,0.3049185408136779,tvm
64,32,4,64,32,32,128,16,2,0,[64; 32; 4; 64; 32; 32; 128; 16; 2; 0],0.03708800073945895,0.1884843218100261,tvm
64,16,4,2048,512,16,16,1,1,0,[64; 16; 4; 2048; 512; 16; 16; 1; 1; 0],0.030780882516410202,0.22710546596381115,tvm
32,16,4,3584,896,16,8,2,1,1,[32; 16; 4; 3584; 896; 16; 8; 2; 1; 1],0.021032882388681173,0.3323608499056031,tvm
32,32,16,2048,512,16,16,4,1,1,[32; 32; 16; 2048; 512; 16; 16; 4; 1; 1],0.02414254262112081,0.28955138555087845,tvm
64,64,8,256,64,16,16,8,1,0,[64; 64; 8; 256; 64; 16; 16; 8; 1; 0],0.025022717018146068,0.2793664117928227,tvm
32,32,4,1024,128,64,8,2,4,0,[32; 32; 4; 1024; 128; 64; 8; 2; 4; 0],0.03253739973297343,0.2148452772512882,tvm
32,32,4,512,32,32,16,8,2,1,[32; 32; 4; 512; 32; 32; 16; 8; 2; 1],0.02419154325616546,0.28896489126980623,tvm
64,32,8,2048,256,32,16,4,2,0,[64; 32; 8; 2048; 256; 32; 16; 4; 2; 0],0.021614618628518656,0.32341568393176673,tvm
16,16,4,7168,7168,16,32,2,1,0,[16; 16; 4; 7168; 7168; 16; 32; 2; 1; 0],0.02874342247378081,0.24320369896950408,tvm
64,64,8,896,128,16,16,2,1,1,[64; 64; 8; 896; 128; 16; 16; 2; 1; 1],0.01828868588199839,0.38223121725478615,tvm
64,32,4,1024,1024,64,32,16,4,0,[64; 32; 4; 1024; 1024; 64; 32; 16; 4; 0],0.015845837391680107,0.44115728906425916,tvm
64,32,4,1792,896,32,32,2,2,1,[64; 32; 4; 1792; 896; 32; 32; 2; 2; 1],0.01684978263801895,0.41487221626786214,tvm
64,64,4,512,512,32,8,2,2,0,[64; 64; 4; 512; 512; 32; 8; 2; 2; 0],0.01915050926618278,0.3650298051870067,tvm
64,64,4,1792,1792,64,64,1,4,1,[64; 64; 4; 1792; 1792; 64; 64; 1; 4; 1],0.012543149234261364,0.5573167101904708,tvm
16,8,8,512,32,32,32,8,2,0,[16; 8; 8; 512; 32; 32; 32; 8; 2; 0],0.04654015350388363,0.15020377330907023,tvm
8,8,4,32,32,32,32,8,2,1,[8; 8; 4; 32; 32; 32; 32; 8; 2; 1],0.04935398150701076,0.1416401768046548,tvm
32,8,4,128,32,32,32,32,2,0,[32; 8; 4; 128; 32; 32; 32; 32; 2; 0],0.0440342832589522,0.15875145793920675,tvm
16,16,4,7168,224,16,128,32,1,0,[16; 16; 4; 7168; 224; 16; 128; 32; 1; 0],0.03959915350424126,0.17653171969744128,tvm
8,8,4,256,64,64,64,2,4,1,[8; 8; 4; 256; 64; 64; 64; 2; 4; 1],0.044623745256103575,0.1566544140691668,tvm
64,8,4,1792,896,64,32,8,4,0,[64; 8; 4; 1792; 896; 64; 32; 8; 4; 0],0.03882423578761518,0.18005522903033208,tvm
64,16,4,1792,256,32,128,16,2,0,[64; 16; 4; 1792; 256; 32; 128; 16; 2; 0],0.0460119167692028,0.1519281776877774,tvm
32,16,4,1792,256,32,256,16,2,0,[32; 16; 4; 1792; 256; 32; 256; 16; 2; 0],0.03843634371878579,0.1818723112117985,tvm
8,8,8,448,224,32,128,64,2,1,[8; 8; 8; 448; 224; 32; 128; 64; 2; 1],0.05143046856392175,0.13592150454507967,tvm
64,16,4,448,448,32,256,16,2,1,[64; 16; 4; 448; 448; 32; 256; 16; 2; 1],0.04494256724137813,0.15554310970092033,tvm
64,64,4,256,64,16,128,2,1,0,[64; 64; 4; 256; 64; 16; 128; 2; 1; 0],0.039061125251464546,0.17896326902166154,tvm
64,16,4,128,64,16,128,1,1,1,[64; 16; 4; 128; 64; 16; 128; 1; 1; 1],0.03842638497008011,0.18191944602932794,tvm
32,32,4,1792,112,16,512,16,1,0,[32; 32; 4; 1792; 112; 16; 512; 16; 1; 0],0.035460920771583915,0.1971326890154642,tvm
64,16,4,112,112,16,64,2,1,0,[64; 16; 4; 112; 112; 16; 64; 2; 1; 0],0.03863616200396791,0.1809317050163716,tvm
32,32,4,224,224,32,1024,2,2,0,[32; 32; 4; 224; 224; 32; 1024; 2; 2; 0],0.03721991926431656,0.18781627700543127,tvm
32,16,8,32,32,32,256,32,2,0,[32; 16; 8; 32; 32; 32; 256; 32; 2; 0],0.03599943872541189,0.19418376825225583,tvm
8,8,4,14336,224,16,16,8,1,1,[8; 8; 4; 14336; 224; 16; 16; 8; 1; 1],0.03205638023791835,0.21806912117912322,tvm
16,16,4,1792,224,32,256,4,2,1,[16; 16; 4; 1792; 224; 32; 256; 4; 2; 1],0.03505999024491757,0.19938701117237295,tvm
64,16,4,256,64,32,128,4,2,0,[64; 16; 4; 256; 64; 32; 128; 4; 2; 0],0.040049970732070506,0.17454461361363574,tvm
16,16,8,128,64,32,512,32,2,1,[16; 16; 8; 128; 64; 32; 512; 32; 2; 1],0.03495659300824627,0.1999767730515844,tvm
16,16,4,512,64,64,512,4,4,1,[16; 16; 4; 512; 64; 64; 512; 4; 4; 1],0.03511856123805046,0.19905447205771495,tvm
64,32,8,2048,1024,16,128,2,1,1,[64; 32; 8; 2048; 1024; 16; 128; 2; 1; 1],0.04309798829490319,0.16220030083152098,tvm
64,64,8,512,512,16,128,4,1,0,[64; 64; 8; 512; 512; 16; 128; 4; 1; 0],0.0312284097308293,0.22385086935008097,tvm
64,64,4,3584,512,16,8,8,1,0,[64; 64; 4; 3584; 512; 16; 8; 8; 1; 0],0.031308793753851205,0.22327614157306155,tvm
32,32,16,512,64,16,4,4,1,1,[32; 32; 16; 512; 64; 16; 4; 4; 1; 1],0.03829906549071893,0.18252420984947235,tvm
64,64,4,256,256,64,256,8,4,0,[64; 64; 4; 256; 256; 64; 256; 8; 4; 0],0.04134505952242762,0.16907719440758498,tvm
64,16,8,256,128,32,32,16,2,0,[64; 16; 8; 256; 128; 32; 32; 16; 2; 0],0.030750944453757256,0.2273265680401742,tvm
64,16,8,1792,224,32,8,1,2,0,[64; 16; 8; 1792; 224; 32; 8; 1; 2; 0],0.03587914921808988,0.1948347945536604,tvm
16,16,4,1024,64,32,128,16,2,1,[16; 16; 4; 1024; 64; 32; 128; 16; 2; 1],0.030149659258313477,0.2318602212639966,tvm
64,16,4,224,224,16,2,1,1,1,[64; 16; 4; 224; 224; 16; 2; 1; 1; 1],0.02780796174192801,0.2513850792640652,tvm
32,32,8,896,896,16,128,16,1,1,[32; 32; 8; 896; 896; 16; 128; 16; 1; 1],0.029710438509937376,0.23528789938016306,tvm
32,32,8,512,256,32,512,64,2,0,[32; 32; 8; 512; 256; 32; 512; 64; 2; 0],0.028550466056913137,0.24484737491610942,tvm
16,16,4,896,64,64,128,8,4,1,[16; 16; 4; 896; 64; 64; 128; 8; 4; 1],0.028005812724586576,0.2496091341969745,tvm
64,64,4,3584,448,64,32,16,4,1,[64; 64; 4; 3584; 448; 64; 32; 16; 4; 1],0.0252316509722732,0.277053082033691,tvm
64,64,8,2048,16,16,32,8,1,0,[64; 64; 8; 2048; 16; 16; 32; 8; 1; 0],0.026927391008939594,0.2596057918996273,tvm
16,8,8,3584,512,16,32,16,1,1,[16; 8; 8; 3584; 512; 16; 32; 16; 1; 1],0.029098573955707252,0.24023536951698565,tvm
64,64,16,2048,1024,16,64,4,1,0,[64; 64; 16; 2048; 1024; 16; 64; 4; 1; 0],0.03199546248652041,0.21848431381830302,tvm
32,16,4,512,512,64,2,2,4,0,[32; 16; 4; 512; 512; 64; 2; 2; 4; 0],0.03485007502604276,0.20058799475877173,tvm
64,64,16,32,32,16,32,2,1,0,[64; 64; 16; 32; 32; 16; 32; 2; 1; 0],0.027792109234724194,0.2515284683010868,tvm
32,16,8,3584,256,32,8,8,2,0,[32; 16; 8; 3584; 256; 32; 8; 8; 2; 0],0.029155132011510432,0.2397693367982974,tvm
8,8,4,3584,512,32,8,4,2,1,[8; 8; 4; 3584; 512; 32; 8; 4; 2; 1],0.026404502510558814,0.2647467667255331,tvm
32,32,4,3584,112,16,2,1,1,0,[32; 32; 4; 3584; 112; 16; 2; 1; 1; 0],0.05294632841832936,0.13203005525585493,tvm
16,16,4,3584,256,64,64,2,4,1,[16; 16; 4; 3584; 256; 64; 64; 2; 4; 1],0.022251962014706805,0.31415237281308,tvm
8,8,8,2048,1024,16,8,8,1,1,[8; 8; 8; 2048; 1024; 16; 8; 8; 1; 1],0.02423545514466241,0.2884413197499304,tvm
64,64,4,896,64,64,4,1,4,0,[64; 64; 4; 896; 64; 64; 4; 1; 4; 0],0.03496066672960296,0.19995347116041845,tvm
32,32,4,512,64,64,128,1,4,0,[32; 32; 4; 512; 64; 64; 128; 1; 4; 0],0.024643778131576255,0.283662132865483,tvm
64,32,4,2048,64,32,32,8,2,1,[64; 32; 4; 2048; 64; 32; 32; 8; 2; 1],0.03376468049827963,0.20703606737883526,tvm
16,8,8,448,448,16,16,16,1,1,[16; 8; 8; 448; 448; 16; 16; 16; 1; 1],0.023438850737875327,0.29824442950910396,tvm
64,32,4,2048,128,64,128,1,4,1,[64; 32; 4; 2048; 128; 64; 128; 1; 4; 1],0.026629476516973227,0.26251010462826874,tvm
32,16,4,896,448,32,8,4,2,0,[32; 16; 4; 896; 448; 32; 8; 4; 2; 0],0.027477838506456465,0.254405260625726,tvm
32,32,8,1792,896,16,64,8,1,1,[32; 32; 8; 1792; 896; 16; 64; 8; 1; 1],0.025654084514826536,0.2724909814118126,tvm
64,64,8,2048,64,32,8,2,2,1,[64; 64; 8; 2048; 64; 32; 8; 2; 2; 1],0.021195133624132723,0.3298165885921707,tvm
32,32,8,3584,224,16,16,4,1,1,[32; 32; 8; 3584; 224; 16; 16; 4; 1; 1],0.017895735742058605,0.3906241558002871,tvm
64,64,4,32,32,16,32,1,1,1,[64; 64; 4; 32; 32; 16; 32; 1; 1; 1],0.02498088136781007,0.27983426860489047,tvm
64,32,4,448,64,64,16,1,4,1,[64; 32; 4; 448; 64; 64; 16; 1; 4; 1],0.028601449739653617,0.24441092078542054,tvm
32,32,4,896,64,32,16,1,2,1,[32; 32; 4; 896; 64; 32; 16; 1; 2; 1],0.02189041013480164,0.31934105499252724,tvm
64,64,4,256,256,16,64,4,1,0,[64; 64; 4; 256; 256; 16; 64; 4; 1; 0],0.022603133489610627,0.3092715737789101,tvm
64,32,4,448,64,64,32,2,4,1,[64; 32; 4; 448; 64; 64; 32; 2; 4; 1],0.025867710763122886,0.2702406382489927,tvm
32,32,8,3584,256,32,8,1,2,0,[32; 32; 8; 3584; 256; 32; 8; 1; 2; 0],0.02088577375980094,0.334701828481996,tvm
32,32,4,1792,256,16,32,16,1,1,[32; 32; 4; 1792; 256; 16; 32; 16; 1; 1],0.021610009745927528,0.32348466052793196,tvm
64,64,8,64,32,32,64,64,2,1,[64; 64; 8; 64; 32; 32; 64; 64; 2; 1],0.016035945882322267,0.4359273046919467,tvm
32,32,8,896,896,32,16,2,2,1,[32; 32; 8; 896; 896; 32; 16; 2; 2; 1],0.014523401361657307,0.4813271004905259,tvm
32,32,4,896,896,32,32,32,2,0,[32; 32; 4; 896; 896; 32; 32; 32; 2; 0],0.019543308997526765,0.3576930942222387,tvm
64,64,8,1792,1792,32,16,2,2,0,[64; 64; 8; 1792; 1792; 32; 16; 2; 2; 0],0.016255342750810087,0.4300436338888206,tvm
16,16,4,64,32,16,256,64,1,1,[16; 16; 4; 64; 32; 16; 256; 64; 1; 1],0.04149705695454031,0.16845789026254826,tvm
32,16,8,896,128,16,256,16,1,1,[32; 16; 8; 896; 128; 16; 256; 16; 1; 1],0.04340867348946631,0.16103939845945778,tvm
64,32,8,896,32,32,2048,16,2,0,[64; 32; 8; 896; 32; 32; 2048; 16; 2; 0],0.04282502649584785,0.16323414691510907,tvm
64,16,4,1024,16,16,128,32,1,1,[64; 16; 4; 1024; 16; 16; 128; 32; 1; 1],0.04691191099118441,0.14901347054440625,tvm
16,16,8,128,32,16,128,16,1,0,[16; 16; 8; 128; 32; 16; 128; 16; 1; 0],0.042033268546219915,0.16630890026979187,tvm
64,64,1,1024,256,128,16,1,8,1,[64; 64; 1; 1024; 256; 128; 16; 1; 8; 1],0.03148713946575299,0.22201148739693857,tvm
16,16,4,14336,128,32,16,2,2,0,[16; 16; 4; 14336; 128; 32; 16; 2; 2; 0],0.051506628980860114,0.13572052384294733,tvm
64,16,8,32,32,16,64,32,1,1,[64; 16; 8; 32; 32; 16; 64; 32; 1; 1],0.041579671029467136,0.16812318360365472,tvm
16,16,8,512,32,16,64,2,1,1,[16; 16; 8; 512; 32; 16; 64; 2; 1; 1],0.03948262374615297,0.17705273873415756,tvm
32,32,1,1792,896,128,32,2,8,1,[32; 32; 1; 1792; 896; 128; 32; 2; 8; 1],0.030173484701663256,0.23167714089984867,tvm
64,64,8,512,32,16,256,4,1,1,[64; 64; 8; 512; 32; 16; 256; 4; 1; 1],0.039806960499845445,0.175610159100035,tvm
64,8,4,1024,512,64,16,4,4,1,[64; 8; 4; 1024; 512; 64; 16; 4; 4; 1],0.04173394001554698,0.16750171836310018,tvm
64,64,8,3584,16,16,64,64,1,1,[64; 64; 8; 3584; 16; 16; 64; 64; 1; 1],0.033888236503116786,0.20628121696517707,tvm
64,64,2,1792,448,32,64,32,2,0,[64; 64; 2; 1792; 448; 32; 64; 32; 2; 0],0.023221449373522773,0.30103662153996646,tvm
64,32,8,224,224,16,256,8,1,1,[64; 32; 8; 224; 224; 16; 256; 8; 1; 1],0.04019979102304205,0.17389410463999153,tvm
64,16,8,896,64,16,8,1,1,1,[64; 16; 8; 896; 64; 16; 8; 1; 1; 1],0.04072827723575756,0.17163767144389114,tvm
64,32,8,2048,256,16,128,4,1,0,[64; 32; 8; 2048; 256; 16; 128; 4; 1; 0],0.04165044252295047,0.16783751247816195,tvm
8,8,4,256,128,64,32,4,4,1,[8; 8; 4; 256; 128; 64; 32; 4; 4; 1],0.031406011257786304,0.22258498888277486,tvm
32,32,16,256,32,16,256,4,1,1,[32; 32; 16; 256; 32; 16; 256; 4; 1; 1],0.038491197978146374,0.181613122840073,tvm
64,16,8,3584,448,32,32,16,2,0,[64; 16; 8; 3584; 448; 32; 32; 16; 2; 0],0.05077017855364829,0.13768922753107662,tvm
16,16,8,896,64,16,32,32,1,0,[16; 16; 8; 896; 64; 16; 32; 32; 1; 0],0.0407314992044121,0.17162409445291038,tvm
32,16,8,512,32,32,256,32,2,1,[32; 16; 8; 512; 32; 32; 256; 32; 2; 1],0.0353628930170089,0.19767915094798272,tvm
16,8,8,14336,256,32,8,8,2,1,[16; 8; 8; 14336; 256; 32; 8; 8; 2; 1],0.05338873097207397,0.1309359960311323,tvm
16,8,4,256,256,16,1,1,1,1,[16; 8; 4; 256; 256; 16; 1; 1; 1; 1],0.04009226226480678,0.17436049431421022,tvm
64,16,4,1024,32,32,16,2,2,1,[64; 16; 4; 1024; 32; 32; 16; 2; 2; 1],0.03705253399675712,0.1886647392936333,tvm
16,16,4,1792,128,64,512,4,4,0,[16; 16; 4; 1792; 128; 64; 512; 4; 4; 0],0.034612541494425386,0.2019645586497178,tvm
64,64,8,1024,1024,16,256,1,1,1,[64; 64; 8; 1024; 1024; 16; 256; 1; 1; 1],0.0351427867426537,0.19891725485111034,tvm
32,32,8,224,32,16,256,8,1,0,[32; 32; 8; 224; 32; 16; 256; 8; 1; 0],0.033045429503545165,0.21154231528195797,tvm
32,32,4,448,64,16,1,1,1,1,[32; 32; 4; 448; 64; 16; 1; 1; 1; 1],0.04012490471359342,0.17421864840711856,tvm
64,16,4,448,112,16,32,16,1,1,[64; 16; 4; 448; 112; 16; 32; 16; 1; 1],0.0368378785206005,0.18976409466026747,tvm
64,64,8,1792,224,32,512,64,2,1,[64; 64; 8; 1792; 224; 32; 512; 64; 2; 1],0.030428445723373443,0.22973590995142246,tvm
16,16,8,896,128,32,256,16,2,0,[16; 16; 8; 896; 128; 32; 256; 16; 2; 0],0.03417078754864633,0.204575521026983,tvm
32,32,4,32,16,16,8,8,1,0,[32; 32; 4; 32; 16; 16; 8; 8; 1; 0],0.04264055145904422,0.16394034381522885,tvm
64,64,8,448,224,32,512,8,2,0,[64; 64; 8; 448; 224; 32; 512; 8; 2; 0],0.03040792205138132,0.22989096903282524,tvm
16,16,4,2048,128,64,128,32,4,0,[16; 16; 4; 2048; 128; 64; 128; 32; 4; 0],0.04364728898508474,0.16015901168696822,tvm
64,32,4,3584,512,16,16,4,1,0,[64; 32; 4; 3584; 512; 16; 16; 4; 1; 0],0.04365377273643389,0.16013522379549838,tvm
32,8,8,1792,1792,32,16,4,2,0,[32; 8; 8; 1792; 1792; 32; 16; 4; 2; 0],0.025985045707784593,0.2690203721509119,tvm
64,64,4,3584,512,32,4,4,2,1,[64; 64; 4; 3584; 512; 32; 4; 4; 2; 1],0.03383702127030119,0.20659344127322005,tvm
16,8,8,7168,256,16,32,16,1,1,[16; 8; 8; 7168; 256; 16; 32; 16; 1; 1],0.039483744476456195,0.17704771316294593,tvm
64,64,8,896,32,16,128,64,1,1,[64; 64; 8; 896; 32; 16; 128; 64; 1; 1],0.023936049488838762,0.2920493070473596,tvm
16,8,4,3584,448,64,32,32,4,1,[16; 8; 4; 3584; 448; 64; 32; 32; 4; 1],0.031518743955530226,0.22178887193377908,tvm
32,32,8,1792,896,16,128,2,1,1,[32; 32; 8; 1792; 896; 16; 128; 2; 1; 1],0.02990437246626243,0.2337620250869076,tvm
64,64,4,448,32,16,128,2,1,1,[64; 64; 4; 448; 32; 16; 128; 2; 1; 1],0.02468160112039186,0.28322743863205585,tvm
64,32,8,512,128,32,2,2,2,1,[64; 32; 8; 512; 128; 32; 2; 2; 2; 1],0.0313686637673527,0.222849998282111,tvm
64,32,16,256,128,16,64,16,1,1,[64; 32; 16; 256; 128; 16; 64; 16; 1; 1],0.035878359514754266,0.19483908297958716,tvm
32,16,8,2048,1024,32,1,1,2,1,[32; 16; 8; 2048; 1024; 32; 1; 1; 2; 1],0.06405974854715168,0.1091247909211078,tvm
64,64,8,224,112,16,128,2,1,1,[64; 64; 8; 224; 112; 16; 128; 2; 1; 1],0.026533491036389023,0.2634597406379592,tvm
32,16,4,448,64,32,64,64,2,1,[32; 16; 4; 448; 64; 32; 64; 64; 2; 1],0.031208649510517716,0.22399260385524777,tvm
64,16,4,896,448,64,32,1,4,0,[64; 16; 4; 896; 448; 64; 32; 1; 4; 0],0.026195263781119138,0.2668614725576935,tvm
64,64,4,896,128,64,2,1,4,1,[64; 64; 4; 896; 128; 64; 2; 1; 4; 1],0.019507895485730842,0.3583424296987808,tvm
64,32,8,112,16,16,64,32,1,0,[64; 32; 8; 112; 16; 16; 64; 32; 1; 0],0.030572744784876704,0.22865158872240454,tvm
64,32,4,2048,64,64,16,2,4,1,[64; 32; 4; 2048; 64; 64; 16; 2; 4; 1],0.03499580849893391,0.19975268372152685,tvm
64,64,8,512,16,16,32,16,1,0,[64; 64; 8; 512; 16; 16; 32; 16; 1; 0],0.02695162972668186,0.2593723176504659,tvm
64,64,4,1792,64,64,8,1,4,0,[64; 64; 4; 1792; 64; 64; 8; 1; 4; 0],0.029620512737892568,0.23600221672476104,tvm
32,16,8,1024,512,32,16,8,2,0,[32; 16; 8; 1024; 512; 32; 16; 8; 2; 0],0.024486120004439726,0.2854885406670871,tvm
64,64,4,1024,64,64,32,1,4,0,[64; 64; 4; 1024; 64; 64; 32; 1; 4; 0],0.02278843949898146,0.3067567073637978,tvm
32,32,4,512,64,64,32,1,4,0,[32; 32; 4; 512; 64; 64; 32; 1; 4; 0],0.0214548023941461,0.3258247984877275,tvm
32,16,4,2048,1024,32,32,2,2,0,[32; 16; 4; 2048; 1024; 32; 32; 2; 2; 0],0.023734373127808794,0.294530916364339,tvm
32,32,4,3584,256,16,16,8,1,0,[32; 32; 4; 3584; 256; 16; 16; 8; 1; 0],0.02470298676053062,0.2829822456058553,tvm
64,64,4,224,32,16,32,2,1,1,[64; 64; 4; 224; 32; 16; 32; 2; 1; 1],0.025057339225895703,0.27898040584621503,tvm
64,64,8,128,128,16,32,4,1,0,[64; 64; 8; 128; 128; 16; 32; 4; 1; 0],0.01946011048858054,0.35922235234834826,tvm
32,32,4,512,64,64,64,1,4,0,[32; 32; 4; 512; 64; 64; 64; 1; 4; 0],0.01843916272628121,0.37911193531055215,tvm
64,64,4,128,32,32,128,32,2,1,[64; 64; 4; 128; 32; 32; 128; 32; 2; 1],0.01808014075504616,0.38664005780572364,tvm
64,64,4,1024,1024,16,8,1,1,1,[64; 64; 4; 1024; 1024; 16; 8; 1; 1; 1],0.017359127494273707,0.40269919493204026,tvm
64,32,16,16,16,16,64,8,1,1,[64; 32; 16; 16; 16; 16; 64; 8; 1; 1],0.037097008258569986,0.18843855595961034,tvm
32,32,16,16,16,16,128,16,1,1,[32; 32; 16; 16; 16; 16; 128; 16; 1; 1],0.03808545001083985,0.18354796030182222,tvm
64,64,1,896,112,16,32,16,1,0,[64; 64; 1; 896; 112; 16; 32; 16; 1; 0],0.04926921025617048,0.14188387900516783,tvm
32,32,8,3584,3584,16,128,32,1,0,[32; 32; 8; 3584; 3584; 16; 128; 32; 1; 0],0.03660778020275757,0.1909568574753432,tvm
64,64,4,2048,1024,16,128,1,1,1,[64; 64; 4; 2048; 1024; 16; 128; 1; 1; 1],0.03280299948528409,0.2131057152198143,tvm
64,32,1,2048,512,16,16,2,1,1,[64; 32; 1; 2048; 512; 16; 16; 2; 1; 1],0.03273276530671865,0.2135629727938633,tvm
32,32,16,896,32,16,64,32,1,0,[32; 32; 16; 896; 32; 16; 64; 32; 1; 0],0.03780981298768893,0.18488604185751492,tvm
64,64,4,896,64,32,2,2,2,0,[64; 64; 4; 896; 64; 32; 2; 2; 2; 0],0.059877049061469734,0.11674768172844019,tvm
32,8,4,1024,1024,64,8,1,4,0,[32; 8; 4; 1024; 1024; 64; 8; 1; 4; 0],0.03479243873152882,0.2009202838756999,tvm
64,32,4,3584,512,32,64,16,2,0,[64; 32; 4; 3584; 512; 32; 64; 16; 2; 0],0.03945571626536548,0.17717348278893078,tvm
64,32,1,448,224,16,16,16,1,0,[64; 32; 1; 448; 224; 16; 16; 16; 1; 0],0.03291405696654692,0.21238666123023528,tvm
64,16,4,1792,224,16,32,1,1,0,[64; 16; 4; 1792; 224; 16; 32; 1; 1; 0],0.03826614300487563,0.18268124555369952,tvm
64,32,4,3584,1792,32,64,8,2,1,[64; 32; 4; 3584; 1792; 32; 64; 8; 2; 1],0.03852578002260998,0.1814501007523815,tvm
64,64,8,448,448,16,128,16,1,0,[64; 64; 8; 448; 448; 16; 128; 16; 1; 0],0.02870996028650552,0.24348715905233764,tvm
32,8,4,1792,1792,32,16,1,2,0,[32; 8; 4; 1792; 1792; 32; 16; 1; 2; 0],0.03029145923210308,0.23077484029749493,tvm
16,8,4,256,256,16,2,1,1,1,[16; 8; 4; 256; 256; 16; 2; 1; 1; 1],0.03039042849559337,0.23002330051648645,tvm
64,64,1,1792,112,112,32,32,7,0,[64; 64; 1; 1792; 112; 112; 32; 32; 7; 0],0.019786561373621225,0.35329568057167193,tvm
32,32,2,512,32,32,128,2,2,1,[32; 32; 2; 512; 32; 32; 128; 2; 2; 1],0.026736962725408375,0.261454778482506,tvm
64,16,16,512,256,16,8,4,1,1,[64; 16; 16; 512; 256; 16; 8; 4; 1; 1],0.03254853771068156,0.2147717580680305,tvm
16,8,4,7168,256,64,32,4,4,1,[16; 8; 4; 7168; 256; 64; 32; 4; 4; 1],0.030785194016061723,0.22707365959816503,tvm
32,16,4,2048,256,32,2,2,2,1,[32; 16; 4; 2048; 256; 32; 2; 2; 2; 1],0.031713107775431126,0.2204295686240619,tvm
64,64,8,448,448,32,512,32,2,1,[64; 64; 8; 448; 448; 32; 512; 32; 2; 1],0.026793107273988426,0.2609069039727716,tvm
64,64,1,512,128,16,16,2,1,0,[64; 64; 1; 512; 128; 16; 16; 2; 1; 0],0.035465859284158796,0.19710523889066042,tvm
32,32,4,1792,32,32,256,64,2,0,[32; 32; 4; 1792; 32; 32; 256; 64; 2; 0],0.03093746496597305,0.22595602691931163,tvm
64,64,4,512,512,64,256,16,4,1,[64; 64; 4; 512; 512; 64; 256; 16; 4; 1],0.03101532196160406,0.22538881509341357,tvm
64,64,4,3584,3584,16,32,1,1,0,[64; 64; 4; 3584; 3584; 16; 32; 1; 1; 0],0.03890745772514492,0.17967009605330436,tvm
64,32,2,448,64,64,64,4,4,0,[64; 32; 2; 448; 64; 64; 64; 4; 4; 0],0.027663353481329978,0.2526991773208034,tvm
32,32,8,448,16,16,8,8,1,1,[32; 32; 8; 448; 16; 16; 8; 8; 1; 1],0.03360823797993362,0.20799979668200605,tvm
32,32,1,1024,1024,16,8,4,1,0,[32; 32; 1; 1024; 1024; 16; 8; 4; 1; 0],0.02287043261458166,0.30565694949774064,tvm
64,32,4,256,32,32,2,2,2,1,[64; 32; 4; 256; 32; 32; 2; 2; 2; 1],0.037889483210165054,0.18449728194738857,tvm
32,32,16,1792,128,16,8,1,1,0,[32; 32; 16; 1792; 128; 16; 8; 1; 1; 0],0.02857459324877709,0.24464063602955538,tvm
64,64,1,1792,128,64,64,64,4,1,[64; 64; 1; 1792; 128; 64; 64; 64; 4; 1],0.032025846012402326,0.21827703361714548,tvm
64,64,1,2048,512,32,32,4,2,0,[64; 64; 1; 2048; 512; 32; 32; 4; 2; 0],0.039198446029331535,0.17833632132854932,tvm
64,32,2,256,128,128,64,2,8,1,[64; 32; 2; 256; 128; 128; 64; 2; 8; 1],0.02255629637511447,0.3099137620118804,tvm
16,8,8,7168,1024,32,32,4,2,0,[16; 8; 8; 7168; 1024; 32; 32; 4; 2; 0],0.029189295775722712,0.23948870573577877,tvm
64,64,1,224,224,224,64,16,14,0,[64; 64; 1; 224; 224; 224; 64; 16; 14; 0],0.02692245924845338,0.25965334749529806,tvm
32,32,2,1792,1792,128,8,1,8,0,[32; 32; 2; 1792; 1792; 128; 8; 1; 8; 0],0.024526001507183537,0.2850243104086569,tvm
64,64,16,1792,224,16,64,16,1,0,[64; 64; 16; 1792; 224; 16; 64; 16; 1; 0],0.030443586001638323,0.22962165712969793,tvm
64,64,16,1792,224,16,64,32,1,0,[64; 64; 16; 1792; 224; 16; 64; 32; 1; 0],0.029235239257104695,0.23911234675351073,tvm
16,8,4,3584,1792,32,16,16,2,1,[16; 8; 4; 3584; 1792; 32; 16; 16; 2; 1],0.029226856771856546,0.2391809259967375,tvm
64,32,1,1792,896,64,32,2,4,1,[64; 32; 1; 1792; 896; 64; 32; 2; 4; 1],0.032836284779477865,0.21288969545774003,tvm
32,32,8,448,112,16,8,1,1,0,[32; 32; 8; 448; 112; 16; 8; 1; 1; 0],0.03153390600346029,0.22168223200448375,tvm
64,64,1,64,64,64,64,16,4,1,[64; 64; 1; 64; 64; 64; 64; 16; 4; 1],0.03049577522324398,0.2292286920234931,tvm
64,16,8,256,256,16,16,2,1,1,[64; 16; 8; 256; 256; 16; 16; 2; 1; 1],0.026876585267018527,0.2600965337380502,tvm
64,32,1,1024,1024,128,32,16,8,1,[64; 32; 1; 1024; 1024; 128; 32; 16; 8; 1],0.03333908028434962,0.20967904954319402,tvm
32,32,4,512,64,16,16,2,1,1,[32; 32; 4; 512; 64; 16; 16; 2; 1; 1],0.02602508949348703,0.26860644104282877,tvm
64,32,2,512,512,64,16,2,4,0,[64; 32; 2; 512; 512; 64; 16; 2; 4; 0],0.02437181113054976,0.28682754142568234,tvm
64,32,4,1024,128,16,1,1,1,1,[64; 32; 4; 1024; 128; 16; 1; 1; 1; 1],0.03502829698845744,0.19956741456686247,tvm
64,64,4,1024,64,32,8,1,2,0,[64; 64; 4; 1024; 64; 32; 8; 1; 2; 0],0.03456192201701924,0.20226035644731646,tvm
64,32,8,256,16,16,64,32,1,1,[64; 32; 8; 256; 16; 16; 64; 32; 1; 1],0.027312981721479446,0.2559408100496476,tvm
32,32,4,1792,64,32,16,8,2,0,[32; 32; 4; 1792; 64; 32; 16; 8; 2; 0],0.02826392778661102,0.24732962521855006,tvm
64,64,2,512,512,32,32,32,2,0,[64; 64; 2; 512; 512; 32; 32; 32; 2; 0],0.024772642500465736,0.28218655585633395,tvm
64,32,16,448,448,16,8,8,1,1,[64; 32; 16; 448; 448; 16; 8; 8; 1; 1],0.018966328381793573,0.3685745878668374,tvm
32,16,8,448,448,16,8,8,1,1,[32; 16; 8; 448; 448; 16; 8; 8; 1; 1],0.021537727501709014,0.32457029954121075,tvm
64,64,4,448,32,16,64,4,1,0,[64; 64; 4; 448; 32; 16; 64; 4; 1; 0],0.02587175799999386,0.27019836327582863,tvm
16,16,4,2048,256,64,16,16,4,0,[16; 16; 4; 2048; 256; 64; 16; 16; 4; 0],0.03584207745734602,0.19503631381260592,tvm
64,64,8,1024,1024,16,2,2,1,0,[64; 64; 8; 1024; 1024; 16; 2; 2; 1; 0],0.04408355173654854,0.15857403478837703,tvm
64,64,4,256,32,16,32,4,1,1,[64; 64; 4; 256; 32; 16; 32; 4; 1; 1],0.025058971252292395,0.27896223656935537,tvm
64,32,8,896,224,16,32,1,1,0,[64; 32; 8; 896; 224; 16; 32; 1; 1; 0],0.025037955027073622,0.2791963904044004,tvm
64,64,8,224,32,16,64,4,1,1,[64; 64; 8; 224; 32; 16; 64; 4; 1; 1],0.0217968215001747,0.32071220414456475,tvm
64,32,4,2048,512,32,64,4,2,0,[64; 32; 4; 2048; 512; 32; 64; 4; 2; 0],0.023056085512507707,0.3031957295124701,tvm
32,32,4,3584,896,64,16,8,4,1,[32; 32; 4; 3584; 896; 64; 16; 8; 4; 1],0.016211061738431454,0.43121831126546883,tvm
64,64,8,2048,1024,16,16,8,1,0,[64; 64; 8; 2048; 1024; 16; 16; 8; 1; 0],0.017157822498120368,0.40742388303833277,tvm
64,64,4,1024,256,32,8,2,2,1,[64; 64; 4; 1024; 256; 32; 8; 2; 2; 1],0.01692801562603563,0.4129548803059424,tvm
