kc,ku,mc,mr,nc,nr,nvr,pack_c,X,time,peak,backend
64,2,64,4,1024,32,2,1,[64; 2; 64; 4; 1024; 32; 2; 1],0.006322429748252034,0.6318101421687794,tvm
256,128,8,4,128,32,2,0,[256; 128; 8; 4; 128; 32; 2; 0],0.009074647183297202,0.4401906936335392,tvm
256,32,16,16,64,16,1,1,[256; 32; 16; 16; 64; 16; 1; 1],0.010403097869129851,0.3839793961708982,tvm
16,8,32,16,64,16,1,0,[16; 8; 32; 16; 64; 16; 1; 0],0.013558764272602275,0.2946120426451353,tvm
8,1,16,2,32,32,2,0,[8; 1; 16; 2; 32; 32; 2; 0],0.012199478878756054,0.3274381863188695,tvm
8,8,16,8,128,32,2,0,[8; 8; 16; 8; 128; 32; 2; 0],0.011149033438414335,0.35828892792910705,tvm
128,32,64,8,256,32,2,1,[128; 32; 64; 8; 256; 32; 2; 1],0.0058061295276274905,0.6879927874649926,tvm
64,8,64,4,128,64,4,0,[64; 8; 64; 4; 128; 64; 4; 0],0.00606214112485759,0.6589380147742895,tvm
1,1,4,1,256,16,1,1,[1; 1; 4; 1; 256; 16; 1; 1],0.028375783236697316,0.14077409616412656,tvm
16,16,8,8,256,32,2,0,[16; 16; 8; 8; 256; 32; 2; 0],0.007704088755417615,0.51850067735606,tvm
16,4,64,8,1024,32,2,0,[16; 4; 64; 8; 1024; 32; 2; 0],0.008660874256747775,0.4612207866870973,tvm
8,2,4,2,128,32,2,1,[8; 2; 4; 2; 128; 32; 2; 1],0.008161793244653381,0.4894237232377823,tvm
64,2,16,1,128,128,8,1,[64; 2; 16; 1; 128; 128; 8; 1],0.013081275625154376,0.30536587964051076,tvm
16,2,64,2,512,64,4,0,[16; 2; 64; 2; 512; 64; 4; 0],0.010714770993217826,0.37281013664442303,tvm
512,2,64,8,1024,16,1,0,[512; 2; 64; 8; 1024; 16; 1; 0],0.011765129878767766,0.33952665880077937,tvm
32,4,16,4,1024,64,4,0,[32; 4; 16; 4; 1024; 64; 4; 0],0.00626861430646386,0.6372341705528518,tvm
16,1,2,2,256,128,8,1,[16; 1; 2; 2; 256; 128; 8; 1],0.00871587912843097,0.45831007741548846,tvm
4,2,8,8,16,16,1,1,[4; 2; 8; 8; 16; 16; 1; 1],0.013505941373296082,0.2957642957042079,tvm
16,8,2,1,128,128,8,1,[16; 8; 2; 1; 128; 128; 8; 1],0.009243859502021223,0.432132837720197,tvm
8,1,4,1,128,16,1,1,[8; 1; 4; 1; 128; 16; 1; 1],0.009446676573134027,0.42285508635445945,tvm
16,8,64,1,512,64,4,0,[16; 8; 64; 1; 512; 64; 4; 0],0.007103905634721741,0.5623069116474413,tvm
16,4,8,4,32,32,2,1,[16; 4; 8; 4; 32; 32; 2; 1],0.008932639000704512,0.44718870176889364,tvm
1,1,32,2,128,128,8,0,[1; 1; 32; 2; 128; 128; 8; 0],0.05097780248615891,0.07835911010836165,tvm
64,8,8,2,512,128,8,0,[64; 8; 8; 2; 512; 128; 8; 0],0.007469291056622751,0.5347997832476206,tvm
16,4,32,2,64,64,4,1,[16; 4; 32; 2; 64; 64; 4; 1],0.01027386424539145,0.3888094238627969,tvm
16,1,64,1,256,64,4,1,[16; 1; 64; 1; 256; 64; 4; 1],0.008201099684811197,0.48707800070926704,tvm
64,64,4,2,128,128,8,0,[64; 64; 4; 2; 128; 128; 8; 0],0.006688213863526471,0.5972559071233157,tvm
8,4,32,8,256,16,1,0,[8; 4; 32; 8; 256; 16; 1; 0],0.0141433751268778,0.28243436960842705,tvm
8,8,16,8,512,16,1,0,[8; 8; 16; 8; 512; 16; 1; 0],0.012905102223157883,0.3095345677252423,tvm
128,8,16,4,64,64,4,0,[128; 8; 16; 4; 64; 64; 4; 0],0.005837914090079721,0.6842470061152766,tvm
8,1,2,1,128,16,1,0,[8; 1; 2; 1; 128; 16; 1; 0],0.010792322573252022,0.37013119381693604,tvm
4,4,64,2,1024,16,1,1,[4; 4; 64; 2; 1024; 16; 1; 1],0.027746671228669584,0.14396592676557882,tvm
128,1,32,4,512,32,2,1,[128; 1; 32; 4; 512; 32; 2; 1],0.006430746434489265,0.621168207888217,tvm
8,2,16,1,1024,64,4,0,[8; 2; 16; 1; 1024; 64; 4; 0],0.00789487206202466,0.5059708639624008,tvm
8,4,1,1,256,128,8,1,[8; 4; 1; 1; 256; 128; 8; 1],0.010288056117133237,0.38827308022191515,tvm
16,8,16,8,64,16,1,0,[16; 8; 16; 8; 64; 16; 1; 0],0.011399163253372535,0.3504270576099882,tvm
64,2,8,2,1024,128,8,1,[64; 2; 8; 2; 1024; 128; 8; 1],0.007140903748222627,0.559393513613664,tvm
16,16,32,8,32,32,2,1,[16; 16; 32; 8; 32; 32; 2; 1],0.006522972311358899,0.6123857418709582,tvm
128,4,16,16,64,16,1,1,[128; 4; 16; 16; 64; 16; 1; 1],0.01009309662913438,0.3957730104916104,tvm
32,16,8,2,64,64,4,1,[32; 16; 8; 2; 64; 64; 4; 1],0.00947981131321285,0.42137708295181425,tvm
128,16,8,4,64,64,4,0,[128; 16; 8; 4; 64; 64; 4; 0],0.005740550499467645,0.6958522947347434,tvm
32,4,64,4,1024,32,2,0,[32; 4; 64; 4; 1024; 32; 2; 0],0.007766297116177157,0.5143474655089565,tvm
2,2,1,1,64,16,1,1,[2; 2; 1; 1; 64; 16; 1; 1],0.009256293124053627,0.43155237032358434,tvm
1,1,16,2,64,64,4,1,[1; 1; 16; 2; 64; 64; 4; 1],0.015370508859632537,0.2598856859310731,tvm
512,1,64,8,256,16,1,1,[512; 1; 64; 8; 256; 16; 1; 1],0.012052782622049563,0.3314234864559405,tvm
64,64,16,4,64,64,4,0,[64; 64; 16; 4; 64; 64; 4; 0],0.005969216028461233,0.669195957902863,tvm
16,4,4,4,1024,16,1,1,[16; 4; 4; 4; 1024; 16; 1; 1],0.009373223612783477,0.4261687764119187,tvm
16,4,8,1,512,64,4,1,[16; 4; 8; 1; 512; 64; 4; 1],0.010383288055891171,0.38471197337425633,tvm
8,4,1,1,256,128,8,1,[8; 4; 1; 1; 256; 128; 8; 1],0.010679654937121086,0.3740359835232706,tvm
512,256,64,8,64,16,1,1,[512; 256; 64; 8; 64; 16; 1; 1],0.012386666814563796,0.3224899238751268,tvm
4,1,2,1,32,16,1,0,[4; 1; 2; 1; 32; 16; 1; 0],0.022757784026907757,0.17552566776151124,tvm
16,1,2,1,128,128,8,1,[16; 1; 2; 1; 128; 128; 8; 1],0.014367311378009617,0.2780322033118369,tvm
8,2,16,4,32,16,1,0,[8; 2; 16; 4; 32; 16; 1; 0],0.013404070137767121,0.2980121110259024,tvm
16,8,8,4,512,16,1,0,[16; 8; 8; 4; 512; 16; 1; 0],0.010496159113245085,0.3805749507983821,tvm
512,512,32,16,16,16,1,0,[512; 512; 32; 16; 16; 16; 1; 0],0.0468206275254488,0.0853165677013627,tvm
16,4,1,1,1024,128,8,1,[16; 4; 1; 1; 1024; 128; 8; 1],0.015758342982735485,0.2534895478840391,tvm
512,128,32,16,16,16,1,0,[512; 128; 32; 16; 16; 16; 1; 0],0.013045702507952228,0.3061985535589423,tvm
32,1,16,4,64,64,4,1,[32; 1; 16; 4; 64; 64; 4; 1],0.006714739676681347,0.5948965157900944,tvm
64,64,32,8,512,16,1,1,[64; 64; 32; 8; 512; 16; 1; 1],0.008188465697458014,0.4878295135724015,tvm
64,4,32,16,16,16,1,0,[64; 4; 32; 16; 16; 16; 1; 0],0.012530617357697338,0.3187851902317838,tvm
32,4,16,8,32,16,1,1,[32; 4; 16; 8; 32; 16; 1; 1],0.008845464559271932,0.4515958671620104,tvm
64,32,64,4,1024,64,4,0,[64; 32; 64; 4; 1024; 64; 4; 0],0.005944488220848143,0.6719796708631215,tvm
256,16,32,8,512,16,1,0,[256; 16; 32; 8; 512; 16; 1; 0],0.011587893197429366,0.34471971479521285,tvm
8,2,4,2,256,32,2,0,[8; 2; 4; 2; 256; 32; 2; 0],0.009957857560948469,0.4011480595746503,tvm
64,64,4,4,256,32,2,0,[64; 64; 4; 4; 256; 32; 2; 0],0.007738089436315931,0.5162224178164885,tvm
256,8,64,4,128,32,2,1,[256; 8; 64; 4; 128; 32; 2; 1],0.010526016427320428,0.37949544024340115,tvm
128,64,8,4,64,32,2,0,[128; 64; 8; 4; 64; 32; 2; 0],0.00824685649422463,0.48437550003358076,tvm
128,8,64,8,64,32,2,1,[128; 8; 64; 8; 64; 32; 2; 1],0.006645091998507269,0.6011316681533628,tvm
256,128,16,4,1024,32,2,1,[256; 128; 16; 4; 1024; 32; 2; 1],0.010679565617465414,0.37403911181204696,tvm
128,32,16,8,256,32,2,1,[128; 32; 16; 8; 256; 32; 2; 1],0.00673707781243138,0.5929240168080551,tvm
64,16,32,8,128,32,2,1,[64; 16; 32; 8; 128; 32; 2; 1],0.006166907500301022,0.6477436604814087,tvm
256,8,32,4,32,32,2,0,[256; 8; 32; 4; 32; 32; 2; 0],0.011607528635067865,0.34413658270263514,tvm
64,8,32,4,128,32,2,0,[64; 8; 32; 4; 128; 32; 2; 0],0.007801235929946415,0.5120438958603161,tvm
128,16,32,8,32,32,2,1,[128; 16; 32; 8; 32; 32; 2; 1],0.0068467198725556955,0.5834290452143431,tvm
256,256,16,8,32,32,2,0,[256; 256; 16; 8; 32; 32; 2; 0],0.008095539815258235,0.49342913866798366,tvm
64,8,32,4,512,32,2,0,[64; 8; 32; 4; 512; 32; 2; 0],0.0074569055723259225,0.5356880544283558,tvm
128,8,32,4,64,32,2,0,[128; 8; 32; 4; 64; 32; 2; 0],0.007757425250019878,0.5149357047410804,tvm
256,32,64,8,32,32,2,1,[256; 32; 64; 8; 32; 32; 2; 1],0.009440875801374204,0.4231149018519862,tvm
256,256,64,8,256,32,2,1,[256; 256; 64; 8; 256; 32; 2; 1],0.007512480500736274,0.5317252055035274,tvm
64,1,16,4,1024,64,4,1,[64; 1; 16; 4; 1024; 64; 4; 1],0.005885378530365415,0.6787286862663735,tvm
256,128,16,4,256,32,2,0,[256; 128; 16; 4; 256; 32; 2; 0],0.010422960491268896,0.38324766187508946,tvm
64,64,16,8,1024,32,2,0,[64; 64; 16; 8; 1024; 32; 2; 0],0.008599596112617292,0.46450730776000215,tvm
128,8,64,4,128,32,2,0,[128; 8; 64; 4; 128; 32; 2; 0],0.007304258062504232,0.5468830925622741,tvm
32,16,64,4,512,64,4,1,[32; 16; 64; 4; 512; 64; 4; 1],0.0059855675281141885,0.6673678342667981,tvm
128,64,64,8,512,32,2,1,[128; 64; 64; 8; 512; 32; 2; 1],0.006920567378983833,0.5772034313582209,tvm
32,32,16,4,256,64,4,0,[32; 32; 16; 4; 256; 64; 4; 0],0.006856915570097044,0.5825615318227849,tvm
64,2,8,4,512,64,4,0,[64; 2; 8; 4; 512; 64; 4; 0],0.005561430312809534,0.718264010050546,tvm
256,16,64,4,1024,32,2,1,[256; 16; 64; 4; 1024; 32; 2; 1],0.008871472251485102,0.45027196443369794,tvm
256,64,64,4,32,32,2,1,[256; 64; 64; 4; 32; 32; 2; 1],0.010589397817966528,0.37722402224967244,tvm
256,16,32,8,32,32,2,0,[256; 16; 32; 8; 32; 32; 2; 0],0.009706067183287814,0.4115544599746036,tvm
128,64,16,4,1024,32,2,0,[128; 64; 16; 4; 1024; 32; 2; 0],0.007732709316769615,0.5165815853742703,tvm
64,16,32,8,128,32,2,0,[64; 16; 32; 8; 128; 32; 2; 0],0.006866111434646882,0.5817813002478127,tvm
256,32,32,8,32,32,2,0,[256; 32; 32; 8; 32; 32; 2; 0],0.010136790442629717,0.39406706301200334,tvm
128,16,64,4,32,32,2,1,[128; 16; 64; 4; 32; 32; 2; 1],0.007672227002331056,0.5206539427054967,tvm
256,256,32,8,256,32,2,0,[256; 256; 32; 8; 256; 32; 2; 0],0.00814910398912616,0.4901858220763215,tvm
128,2,32,4,128,64,4,1,[128; 2; 32; 4; 128; 64; 4; 1],0.00630794138123747,0.6332613124745932,tvm
128,4,16,4,1024,64,4,1,[128; 4; 16; 4; 1024; 64; 4; 1],0.0058765674039023,0.6797463491089483,tvm
128,4,32,4,128,64,4,1,[128; 4; 32; 4; 128; 64; 4; 1],0.006008741467667278,0.6647939938154833,tvm
256,128,32,4,256,32,2,0,[256; 128; 32; 4; 256; 32; 2; 0],0.010768758249469101,0.3709411192597039,tvm
64,1,16,4,256,64,4,0,[64; 1; 16; 4; 256; 64; 4; 0],0.006476258247857913,0.6168029570804228,tvm
128,2,16,4,128,64,4,0,[128; 2; 16; 4; 128; 64; 4; 0],0.00646088931534905,0.6182701859023305,tvm
64,32,32,4,128,32,2,0,[64; 32; 32; 4; 128; 32; 2; 0],0.007745836119283922,0.515706138960312,tvm
256,16,64,4,512,32,2,0,[256; 16; 64; 4; 512; 32; 2; 0],0.010660189320333302,0.37471897712697877,tvm
64,16,64,8,32,32,2,0,[64; 16; 64; 8; 32; 32; 2; 0],0.007291423491551541,0.5478457317317654,tvm
128,16,64,8,32,32,2,0,[128; 16; 64; 8; 32; 32; 2; 0],0.0073919108108384535,0.5403981920666788,tvm
32,32,32,4,512,64,4,0,[32; 32; 32; 4; 512; 64; 4; 0],0.005996134874294512,0.66619169212154,tvm
64,2,16,4,256,64,4,0,[64; 2; 16; 4; 256; 64; 4; 0],0.00609822483966127,0.6550390225226788,tvm
64,64,32,4,32,32,2,0,[64; 64; 32; 4; 32; 32; 2; 0],0.007333668618230149,0.5446899016087883,tvm
256,64,64,4,256,32,2,0,[256; 64; 64; 4; 256; 32; 2; 0],0.011227111637708731,0.3557972314694526,tvm
64,4,16,4,256,64,4,0,[64; 4; 16; 4; 256; 64; 4; 0],0.006078512407839298,0.657163294253301,tvm
128,1,64,4,1024,64,4,1,[128; 1; 64; 4; 1024; 64; 4; 1],0.00633461399411317,0.630594893675833,tvm
128,32,64,4,64,32,2,0,[128; 32; 64; 4; 64; 32; 2; 0],0.007926531441626139,0.5039499644343486,tvm
64,2,64,4,512,64,4,0,[64; 2; 64; 4; 512; 64; 4; 0],0.0057537000902812,0.6942619836655428,tvm
128,32,4,4,128,64,4,0,[128; 32; 4; 4; 128; 64; 4; 0],0.005595282091235276,0.7139184714837767,tvm
128,16,4,4,64,64,4,0,[128; 16; 4; 4; 64; 64; 4; 0],0.005897828654269688,0.6772959121495326,tvm
128,32,8,4,128,64,4,0,[128; 32; 8; 4; 128; 64; 4; 0],0.005644803124596365,0.7076553690047203,tvm
64,64,16,4,128,64,4,1,[64; 64; 16; 4; 128; 64; 4; 1],0.0077267610031412914,0.5169792667938423,tvm
64,32,8,4,256,64,4,0,[64; 32; 8; 4; 256; 64; 4; 0],0.005637418347760104,0.7085823672607852,tvm
128,64,8,4,256,64,4,0,[128; 64; 8; 4; 256; 64; 4; 0],0.0063000586233101785,0.6340536615509155,tvm
128,128,8,4,256,64,4,0,[128; 128; 8; 4; 256; 64; 4; 0],0.009341893557575531,0.4275980253335209,tvm
64,8,64,4,128,64,4,0,[64; 8; 64; 4; 128; 64; 4; 0],0.006389177942764945,0.6252095768624919,tvm
64,16,64,4,512,64,4,1,[64; 16; 64; 4; 512; 64; 4; 1],0.0055554543432663195,0.7190366424191752,tvm
128,64,64,4,128,64,4,1,[128; 64; 64; 4; 128; 64; 4; 1],0.0062256873497972265,0.6416279863821532,tvm
128,16,16,4,64,64,4,0,[128; 16; 16; 4; 64; 64; 4; 0],0.006397643679520115,0.6243822629388559,tvm
128,32,64,4,512,64,4,1,[128; 32; 64; 4; 512; 64; 4; 1],0.00564227084396407,0.7079729684314098,tvm
128,16,64,4,128,64,4,0,[128; 16; 64; 4; 128; 64; 4; 0],0.00623095909395488,0.6410851327800683,tvm
128,128,64,4,512,64,4,0,[128; 128; 64; 4; 512; 64; 4; 0],0.006660647937678732,0.5997277255112461,tvm
64,64,64,4,256,64,4,0,[64; 64; 64; 4; 256; 64; 4; 0],0.00608360947080655,0.6566126996257777,tvm
128,32,8,8,512,32,2,1,[128; 32; 8; 8; 512; 32; 2; 1],0.006635493758949451,0.6020012049152571,tvm
128,8,16,8,512,32,2,1,[128; 8; 16; 8; 512; 32; 2; 1],0.0067346608702791855,0.5931368060006922,tvm
32,4,64,4,512,32,2,1,[32; 4; 64; 4; 512; 32; 2; 1],0.007225562192616053,0.5528393682885153,tvm
64,2,32,4,256,32,2,1,[64; 2; 32; 4; 256; 32; 2; 1],0.007224283486721106,0.552937221447308,tvm
32,32,64,2,1024,64,4,0,[32; 32; 64; 2; 1024; 64; 4; 0],0.006624737070524134,0.60297868361728,tvm
64,4,64,4,256,32,2,1,[64; 4; 64; 4; 256; 32; 2; 1],0.007238691381644458,0.5518366549269526,tvm
64,8,64,2,1024,64,4,0,[64; 8; 64; 2; 1024; 64; 4; 0],0.008390688934014179,0.4760723785030365,tvm
32,2,32,8,512,32,2,1,[32; 2; 32; 8; 512; 32; 2; 1],0.006411502879927866,0.6230325889115377,tvm
32,2,64,8,1024,32,2,1,[32; 2; 64; 8; 1024; 32; 2; 1],0.007259363250341266,0.5502652368177678,tvm
32,32,64,8,1024,32,2,1,[32; 32; 64; 8; 1024; 32; 2; 1],0.006848830438684672,0.5832492531180845,tvm
32,8,64,8,512,32,2,1,[32; 8; 64; 8; 512; 32; 2; 1],0.006565984309418127,0.6083741675053187,tvm
64,32,32,8,512,32,2,1,[64; 32; 32; 8; 512; 32; 2; 1],0.00625723518896848,0.6383930150392435,tvm
64,4,64,8,256,32,2,1,[64; 4; 64; 8; 256; 32; 2; 1],0.006446139494073577,0.6196848891910814,tvm
128,16,64,8,128,32,2,1,[128; 16; 64; 8; 128; 32; 2; 1],0.006585177005035803,0.6066010427723529,tvm
64,8,64,8,256,32,2,1,[64; 8; 64; 8; 256; 32; 2; 1],0.0063767077517695725,0.6264322270354512,tvm
64,64,4,4,64,64,4,1,[64; 64; 4; 4; 64; 64; 4; 1],0.007007689811871387,0.5700274049413863,tvm
128,64,4,4,256,64,4,1,[128; 64; 4; 4; 256; 64; 4; 1],0.0061224317469168454,0.6524491253180307,tvm
128,128,8,4,128,64,4,1,[128; 128; 8; 4; 128; 64; 4; 1],0.01248259175918065,0.3200116862876111,tvm
64,2,16,4,64,64,4,1,[64; 2; 16; 4; 64; 64; 4; 1],0.006058989376469981,0.6592807793339476,tvm
128,128,16,4,256,64,4,0,[128; 128; 16; 4; 256; 64; 4; 0],0.008023707254324108,0.4978465828177487,tvm
64,64,8,4,128,64,4,0,[64; 64; 8; 4; 128; 64; 4; 0],0.008973424119176343,0.4451561839765013,tvm
32,4,16,4,128,64,4,1,[32; 4; 16; 4; 128; 64; 4; 1],0.006278603133978322,0.6362203746367623,tvm
128,128,4,4,256,64,4,0,[128; 128; 4; 4; 256; 64; 4; 0],0.006629091803915799,0.6025825793716789,tvm
32,8,16,4,64,64,4,1,[32; 8; 16; 4; 64; 64; 4; 1],0.00666287713102065,0.5995270750975609,tvm
128,64,32,4,64,64,4,1,[128; 64; 32; 4; 64; 64; 4; 1],0.006558923691045493,0.6090290764548447,tvm
128,128,16,4,64,64,4,0,[128; 128; 16; 4; 64; 64; 4; 0],0.00700786680681631,0.570013007982665,tvm
32,4,16,4,256,64,4,1,[32; 4; 16; 4; 256; 64; 4; 1],0.006385691565810703,0.6255509206680737,tvm
32,16,16,4,128,64,4,1,[32; 16; 16; 4; 128; 64; 4; 1],0.006319833308225498,0.6320697150186145,tvm
64,16,16,4,64,64,4,1,[64; 16; 16; 4; 64; 64; 4; 1],0.006260992435272783,0.638009912867943,tvm
64,2,16,4,256,64,4,0,[64; 2; 16; 4; 256; 64; 4; 0],0.006739940683473833,0.5926721651853462,tvm
128,128,32,4,512,64,4,1,[128; 128; 32; 4; 512; 64; 4; 1],0.0076527649944182485,0.5219780355216435,tvm
128,64,64,4,1024,64,4,1,[128; 64; 64; 4; 1024; 64; 4; 1],0.006227833124285098,0.6414069160778584,tvm
128,64,64,4,512,64,4,1,[128; 64; 64; 4; 512; 64; 4; 1],0.005966780474409461,0.6694691140770661,tvm
64,4,32,4,64,64,4,1,[64; 4; 32; 4; 64; 64; 4; 1],0.005755308462539688,0.6940679659648551,tvm
32,32,64,4,64,64,4,1,[32; 32; 64; 4; 64; 64; 4; 1],0.005498594808159396,0.7264720128436569,tvm
64,2,4,4,512,64,4,1,[64; 2; 4; 4; 512; 64; 4; 1],0.0052752760966541246,0.7572258143282437,tvm
64,1,32,4,64,64,4,0,[64; 1; 32; 4; 64; 64; 4; 0],0.006243748248380143,0.639771989386596,tvm
128,8,8,4,256,64,4,1,[128; 8; 8; 4; 256; 64; 4; 1],0.0053658778488170356,0.7444402110226725,tvm
32,4,8,4,1024,64,4,1,[32; 4; 8; 4; 1024; 64; 4; 1],0.005686941061867401,0.7024119284231782,tvm
64,1,64,4,64,64,4,0,[64; 1; 64; 4; 64; 64; 4; 0],0.0062282674698508345,0.6413621857814831,tvm
64,1,32,4,256,64,4,0,[64; 1; 32; 4; 256; 64; 4; 0],0.00636777606268879,0.6273108851143441,tvm
128,1,8,4,1024,64,4,1,[128; 1; 8; 4; 1024; 64; 4; 1],0.005739233318308834,0.696011996123606,tvm
128,32,8,4,256,64,4,1,[128; 32; 8; 4; 256; 64; 4; 1],0.00576866928167874,0.6924604346416574,tvm
128,2,8,4,512,64,4,1,[128; 2; 8; 4; 512; 64; 4; 1],0.005755279315053485,0.6940714810568869,tvm
64,8,8,4,128,64,4,0,[64; 8; 8; 4; 128; 64; 4; 0],0.006168316278490238,0.6475957226812231,tvm
128,32,16,4,128,64,4,0,[128; 32; 16; 4; 128; 64; 4; 0],0.006143028469523415,0.6502615538757455,tvm
64,1,32,4,512,64,4,1,[64; 1; 32; 4; 512; 64; 4; 1],0.0057993732552859,0.688794299358873,tvm
128,1,32,4,1024,64,4,1,[128; 1; 32; 4; 1024; 64; 4; 1],0.005755659440183081,0.6940256419980567,tvm
64,16,32,4,64,64,4,0,[64; 16; 32; 4; 64; 64; 4; 0],0.006317237071925774,0.6323294808496897,tvm
32,8,32,4,1024,64,4,1,[32; 8; 32; 4; 1024; 64; 4; 1],0.0058133113125222735,0.6871428387966506,tvm
128,8,32,4,128,64,4,0,[128; 8; 32; 4; 128; 64; 4; 0],0.005716873718483839,0.6987342094298755,tvm
128,32,16,4,512,64,4,1,[128; 32; 16; 4; 512; 64; 4; 1],0.005251914306427352,0.760594138637531,tvm
32,1,64,4,512,64,4,0,[32; 1; 64; 4; 512; 64; 4; 0],0.00644075294258073,0.6202031460773065,tvm
128,32,8,4,512,64,4,1,[128; 32; 8; 4; 512; 64; 4; 1],0.005237727185885888,0.7626543148065112,tvm
128,16,4,4,1024,64,4,1,[128; 16; 4; 4; 1024; 64; 4; 1],0.005211221345234662,0.7665334042561882,tvm
128,16,64,4,64,64,4,0,[128; 16; 64; 4; 64; 64; 4; 0],0.005847803091455717,0.6830899015617937,tvm
128,16,8,4,64,64,4,0,[128; 16; 8; 4; 64; 64; 4; 0],0.006331420809146948,0.6309129275255738,tvm
128,8,64,4,1024,64,4,1,[128; 8; 64; 4; 1024; 64; 4; 1],0.005603025754680857,0.7129318002434857,tvm
128,4,64,4,512,64,4,1,[128; 4; 64; 4; 512; 64; 4; 1],0.005725500937842298,0.6976813525072317,tvm
128,32,32,4,1024,64,4,1,[128; 32; 32; 4; 1024; 64; 4; 1],0.005620416246529203,0.7107258720494276,tvm
64,8,32,4,512,64,4,0,[64; 8; 32; 4; 512; 64; 4; 0],0.006007078249240294,0.6649780596083339,tvm
128,8,64,4,1024,64,4,0,[128; 8; 64; 4; 1024; 64; 4; 0],0.005783010128652677,0.6907432546769363,tvm
128,32,32,4,1024,64,4,0,[128; 32; 32; 4; 1024; 64; 4; 0],0.005799581282190047,0.688769592791499,tvm
128,16,64,4,1024,64,4,0,[128; 16; 64; 4; 1024; 64; 4; 0],0.005768106348114088,0.6925280147446111,tvm
128,32,32,4,256,32,2,1,[128; 32; 32; 4; 256; 32; 2; 1],0.0069121512497076765,0.577906225397509,tvm
128,32,32,2,1024,64,4,1,[128; 32; 32; 2; 1024; 64; 4; 1],0.008306418123538606,0.4809022587937717,tvm
128,16,4,2,1024,64,4,0,[128; 16; 4; 2; 1024; 64; 4; 0],0.008396652323426679,0.47573426697094084,tvm
128,64,8,8,512,32,2,1,[128; 64; 8; 8; 512; 32; 2; 1],0.006717805066728033,0.5946250595867366,tvm
64,32,64,8,64,32,2,1,[64; 32; 64; 8; 64; 32; 2; 1],0.006068231181416195,0.658276706782122,tvm
32,1,8,8,128,32,2,1,[32; 1; 8; 8; 128; 32; 2; 1],0.006025082533597015,0.6629909575214482,tvm
64,2,16,8,128,32,2,1,[64; 2; 16; 8; 128; 32; 2; 1],0.005891380496905185,0.6780372172861077,tvm
128,64,8,4,64,64,4,0,[128; 64; 8; 4; 64; 64; 4; 0],0.0066758008179022,0.598366450266635,tvm
128,64,4,4,64,64,4,0,[128; 64; 4; 4; 64; 64; 4; 0],0.00682274425344076,0.5854792572769739,tvm
128,32,2,2,512,64,4,1,[128; 32; 2; 2; 512; 64; 4; 1],0.008603415684774518,0.4643010851102366,tvm
64,2,16,8,512,32,2,1,[64; 2; 16; 8; 512; 32; 2; 1],0.0061738744989270344,0.6470127047107065,tvm
32,1,16,8,256,32,2,1,[32; 1; 16; 8; 256; 32; 2; 1],0.006580063563887961,0.6070724392417517,tvm
32,4,32,8,128,32,2,1,[32; 4; 32; 8; 128; 32; 2; 1],0.006438031370635144,0.6204653267635682,tvm
32,4,32,8,512,32,2,1,[32; 4; 32; 8; 512; 32; 2; 1],0.006426010746508837,0.6216259816038179,tvm
32,8,16,8,1024,32,2,1,[32; 8; 16; 8; 1024; 32; 2; 1],0.006358666505548172,0.6282095836618926,tvm
32,2,64,8,512,32,2,1,[32; 2; 64; 8; 512; 32; 2; 1],0.0064988200610969216,0.6146616155765671,tvm
128,4,32,8,1024,32,2,1,[128; 4; 32; 8; 1024; 32; 2; 1],0.006235038315935526,0.6406657081618717,tvm
128,64,32,8,1024,32,2,1,[128; 64; 32; 8; 1024; 32; 2; 1],0.006890998425660655,0.5796801844011842,tvm
128,64,8,4,256,64,4,1,[128; 64; 8; 4; 256; 64; 4; 1],0.006179828465974424,0.6463893391360307,tvm
64,16,8,8,512,32,2,1,[64; 16; 8; 8; 512; 32; 2; 1],0.005420191504526883,0.7369804618082246,tvm
64,64,64,8,512,32,2,1,[64; 64; 64; 8; 512; 32; 2; 1],0.006935152996447869,0.5759894900864089,tvm
64,32,8,8,512,32,2,1,[64; 32; 8; 8; 512; 32; 2; 1],0.0055413811569451354,0.7208627461203871,tvm
32,16,8,8,256,32,2,1,[32; 16; 8; 8; 256; 32; 2; 1],0.005818910714879166,0.686481617234814,tvm
64,64,32,4,128,64,4,0,[64; 64; 32; 4; 128; 64; 4; 0],0.006534458254463971,0.6113093209167526,tvm
32,32,64,8,128,32,2,1,[32; 32; 64; 8; 128; 32; 2; 1],0.006099340127548203,0.6549192461088356,tvm
32,32,32,8,1024,32,2,1,[32; 32; 32; 8; 1024; 32; 2; 1],0.0075383751827757806,0.5298987037979126,tvm
64,64,32,4,64,64,4,0,[64; 64; 32; 4; 64; 64; 4; 0],0.0059461819982971065,0.6717882566055364,tvm
128,64,64,4,256,64,4,1,[128; 64; 64; 4; 256; 64; 4; 1],0.00613897309085587,0.6506911138029327,tvm
128,64,8,4,1024,64,4,0,[128; 64; 8; 4; 1024; 64; 4; 0],0.006169880281959195,0.6474315635872911,tvm
64,1,16,4,256,64,4,1,[64; 1; 16; 4; 256; 64; 4; 1],0.005779412975243758,0.6911731788688728,tvm
32,2,32,4,128,64,4,0,[32; 2; 32; 4; 128; 64; 4; 0],0.007384600627119653,0.540933144498745,tvm
64,8,16,4,64,64,4,0,[64; 8; 16; 4; 64; 64; 4; 0],0.00627159331634175,0.6369314840116725,tvm
32,4,32,4,256,64,4,0,[32; 4; 32; 4; 256; 64; 4; 0],0.006859820321551524,0.5823148494932827,tvm
32,2,4,4,128,64,4,1,[32; 2; 4; 4; 128; 64; 4; 1],0.006123704748461023,0.6523134935757857,tvm
32,16,32,4,64,64,4,0,[32; 16; 32; 4; 64; 64; 4; 0],0.007684466749196872,0.5198246499684215,tvm
32,8,64,4,64,64,4,0,[32; 8; 64; 4; 64; 64; 4; 0],0.007657445690711029,0.5216589708159358,tvm
128,2,16,4,128,64,4,0,[128; 2; 16; 4; 128; 64; 4; 0],0.006240660310140811,0.6400885546685214,tvm
32,32,32,4,128,64,4,0,[32; 32; 32; 4; 128; 64; 4; 0],0.0062556515040341765,0.6385546310434966,tvm
32,16,32,4,256,64,4,1,[32; 16; 32; 4; 256; 64; 4; 1],0.006212481057445984,0.6429919385118334,tvm
32,32,64,4,64,64,4,0,[32; 32; 64; 4; 64; 64; 4; 0],0.0065794270631158724,0.6071311680752176,tvm
64,8,4,4,128,64,4,0,[64; 8; 4; 4; 128; 64; 4; 0],0.005683181407221127,0.7028766023586149,tvm
32,8,4,4,256,64,4,1,[32; 8; 4; 4; 256; 64; 4; 1],0.005948565376456827,0.6715190949913619,tvm
128,4,64,4,64,64,4,0,[128; 4; 64; 4; 64; 64; 4; 0],0.005911079751967918,0.6757775915246894,tvm
128,32,16,4,64,64,4,0,[128; 32; 16; 4; 64; 64; 4; 0],0.005910681815294083,0.6758230882533963,tvm
32,1,32,4,1024,64,4,1,[32; 1; 32; 4; 1024; 64; 4; 1],0.005887272251129616,0.678510364002409,tvm
128,1,8,4,128,64,4,1,[128; 1; 8; 4; 128; 64; 4; 1],0.005445070659334306,0.7336131132196547,tvm
64,1,64,4,512,64,4,1,[64; 1; 64; 4; 512; 64; 4; 1],0.005621518248517532,0.7105865464634328,tvm
64,8,32,4,1024,64,4,1,[64; 8; 32; 4; 1024; 64; 4; 1],0.005308113119099289,0.7525414678376448,tvm
64,16,16,4,1024,64,4,1,[64; 16; 16; 4; 1024; 64; 4; 1],0.005293775437166914,0.7545796540687844,tvm
64,8,4,4,1024,64,4,0,[64; 8; 4; 4; 1024; 64; 4; 0],0.0052391261560842395,0.7624506681245509,tvm
32,32,32,4,512,64,4,1,[32; 32; 32; 4; 512; 64; 4; 1],0.006195471214596182,0.6447572912104318,tvm
64,16,4,4,1024,64,4,0,[64; 16; 4; 4; 1024; 64; 4; 0],0.0052689484364236705,0.7581351926849714,tvm
128,16,4,4,64,64,4,1,[128; 16; 4; 4; 64; 64; 4; 1],0.005459022941067815,0.7317381299214466,tvm
64,32,32,4,1024,64,4,1,[64; 32; 32; 4; 1024; 64; 4; 1],0.005308430998411495,0.752496404171135,tvm
64,32,16,4,1024,64,4,1,[64; 32; 16; 4; 1024; 64; 4; 1],0.005308060841343831,0.7525488794291851,tvm
128,32,32,4,1024,64,4,0,[128; 32; 32; 4; 1024; 64; 4; 0],0.005388671779655851,0.7412912497614306,tvm
32,16,4,4,1024,64,4,1,[32; 16; 4; 4; 1024; 64; 4; 1],0.005428698379546404,0.7358255992164747,tvm
128,32,8,4,128,64,4,1,[128; 32; 8; 4; 128; 64; 4; 1],0.005348853032046463,0.7468096831531226,tvm
128,32,16,4,1024,64,4,0,[128; 32; 16; 4; 1024; 64; 4; 0],0.0052920192465535365,0.7548300661787526,tvm
64,1,8,4,1024,64,4,1,[64; 1; 8; 4; 1024; 64; 4; 1],0.005301547374983784,0.7534734588894354,tvm
32,32,8,4,1024,64,4,1,[32; 32; 8; 4; 1024; 64; 4; 1],0.0092135468730703,0.43355455755814654,tvm
128,8,4,4,256,64,4,1,[128; 8; 4; 4; 256; 64; 4; 1],0.005381381124607287,0.742295545622918,tvm
128,32,32,4,1024,64,4,1,[128; 32; 32; 4; 1024; 64; 4; 1],0.005273694412608165,0.7574529211524177,tvm
128,16,4,4,1024,64,4,1,[128; 16; 4; 4; 1024; 64; 4; 1],0.005223925567406695,0.7646692485471722,tvm
32,8,4,4,128,32,2,1,[32; 8; 4; 4; 128; 32; 2; 1],0.0066736731241689995,0.5985572208546908,tvm
128,2,64,8,512,32,2,1,[128; 2; 64; 8; 512; 32; 2; 1],0.005891001746931579,0.6780808103097026,tvm
64,8,8,4,1024,32,2,1,[64; 8; 8; 4; 1024; 32; 2; 1],0.006385796194081195,0.6255406713101322,tvm
128,4,32,8,512,32,2,1,[128; 4; 32; 8; 512; 32; 2; 1],0.006021190529281739,0.6634195046094558,tvm
128,1,64,8,256,32,2,1,[128; 1; 64; 8; 256; 32; 2; 1],0.0061204916855786,0.6526559373501725,tvm
64,4,64,8,1024,32,2,1,[64; 4; 64; 8; 1024; 32; 2; 1],0.006046384907676838,0.6606551351078387,tvm
64,64,32,8,256,32,2,1,[64; 64; 32; 8; 256; 32; 2; 1],0.007313363865250722,0.5462021734041389,tvm
128,64,32,4,128,64,4,1,[128; 64; 32; 4; 128; 64; 4; 1],0.006089746595534962,0.6559509784896607,tvm
32,8,32,4,256,64,4,0,[32; 8; 32; 4; 256; 64; 4; 0],0.007042152370559052,0.5672378312623932,tvm
32,16,4,4,256,32,2,1,[32; 16; 4; 4; 256; 32; 2; 1],0.006738689189660363,0.5927822348928619,tvm
128,1,32,8,256,32,2,1,[128; 1; 32; 8; 256; 32; 2; 1],0.006862059570266865,0.5821248266925041,tvm
64,4,16,8,64,32,2,1,[64; 4; 16; 8; 64; 32; 2; 1],0.00649719825014472,0.6148150455477116,tvm
64,32,32,8,512,32,2,1,[64; 32; 32; 8; 512; 32; 2; 1],0.006269336736295372,0.6371607406201762,tvm
64,8,16,8,64,32,2,1,[64; 8; 16; 8; 64; 32; 2; 1],0.00639717181911692,0.6244283178635427,tvm
64,16,64,8,512,32,2,1,[64; 16; 64; 8; 512; 32; 2; 1],0.006226237310329452,0.6415713116922411,tvm
128,16,16,8,256,32,2,1,[128; 16; 16; 8; 256; 32; 2; 1],0.006451025066780858,0.6192155815151066,tvm
32,16,16,8,1024,32,2,1,[32; 16; 16; 8; 1024; 32; 2; 1],0.006488919127150439,0.6155994796392888,tvm
32,4,32,4,128,64,4,1,[32; 4; 32; 4; 128; 64; 4; 1],0.006402548882761039,0.6239039031549909,tvm
32,1,8,4,128,64,4,0,[32; 1; 8; 4; 128; 64; 4; 0],0.007190051255747676,0.5555697860849049,tvm
32,32,16,4,512,64,4,1,[32; 32; 16; 4; 512; 64; 4; 1],0.0073064862517639995,0.5467163148539191,tvm
128,16,4,4,64,64,4,0,[128; 16; 4; 4; 64; 64; 4; 0],0.0067516165727283806,0.5916472292325391,tvm
64,32,16,4,512,64,4,1,[64; 32; 16; 4; 512; 64; 4; 1],0.005868424690561369,0.6806895289156586,tvm
64,64,16,4,512,64,4,0,[64; 64; 16; 4; 512; 64; 4; 0],0.007312176006962545,0.5462909035958192,tvm
128,16,64,4,256,64,4,0,[128; 16; 64; 4; 256; 64; 4; 0],0.006427551823435351,0.6214769398716798,tvm
32,16,16,4,512,64,4,0,[32; 16; 16; 4; 512; 64; 4; 0],0.006616812199354172,0.603700863458861,tvm
64,8,8,4,256,64,4,1,[64; 8; 8; 4; 256; 64; 4; 1],0.0058324913115939125,0.6848831870790382,tvm
64,1,4,4,64,64,4,1,[64; 1; 4; 4; 64; 64; 4; 1],0.006443051883252338,0.6199818518423675,tvm
128,16,64,4,64,64,4,1,[128; 16; 64; 4; 64; 64; 4; 1],0.0063793871231609955,0.6261691226720727,tvm
32,16,64,4,256,64,4,1,[32; 16; 64; 4; 256; 64; 4; 1],0.006190868283738382,0.6452366703694585,tvm
64,4,64,4,1024,64,4,1,[64; 4; 64; 4; 1024; 64; 4; 1],0.00599411700386554,0.6664159601020768,tvm
128,16,16,4,64,64,4,0,[128; 16; 16; 4; 64; 64; 4; 0],0.006854991181171499,0.5827250732381798,tvm
128,1,8,8,128,32,2,1,[128; 1; 8; 8; 128; 32; 2; 1],0.006830093756434508,0.5848492539845476,tvm
64,4,64,4,1024,64,4,0,[64; 4; 64; 4; 1024; 64; 4; 0],0.005635206849547103,0.7088604455427007,tvm
64,8,8,4,1024,64,4,1,[64; 8; 8; 4; 1024; 64; 4; 1],0.0053730938452645205,0.7434404373219323,tvm
64,1,16,4,64,64,4,0,[64; 1; 16; 4; 64; 64; 4; 0],0.006469031635788269,0.6174919930822828,tvm
128,1,64,4,64,64,4,0,[128; 1; 64; 4; 64; 64; 4; 0],0.0060759624393540435,0.6574390934714065,tvm
128,1,64,4,128,64,4,0,[128; 1; 64; 4; 128; 64; 4; 0],0.005937503061431926,0.6727702195292647,tvm
128,1,64,4,1024,64,4,0,[128; 1; 64; 4; 1024; 64; 4; 0],0.0055234885949175805,0.7231978792842685,tvm
64,32,8,8,256,32,2,1,[64; 32; 8; 8; 256; 32; 2; 1],0.005560731966397725,0.7183542134800911,tvm
128,16,16,4,128,64,4,1,[128; 16; 16; 4; 128; 64; 4; 1],0.005504394939634949,0.7257065094170292,tvm
32,2,32,4,1024,64,4,0,[32; 2; 32; 4; 1024; 64; 4; 0],0.006599601314519532,0.6052752352338201,tvm
64,16,64,4,1024,64,4,0,[64; 16; 64; 4; 1024; 64; 4; 0],0.006191190630488563,0.6452030758710486,tvm
64,1,8,4,256,64,4,1,[64; 1; 8; 4; 256; 64; 4; 1],0.006078410842746962,0.6571742748948516,tvm
64,1,4,4,256,64,4,1,[64; 1; 4; 4; 256; 64; 4; 1],0.005995651001285296,0.6662454564548396,tvm
32,8,4,4,256,64,4,0,[32; 8; 4; 4; 256; 64; 4; 0],0.006388829555362463,0.6252436699837127,tvm
32,32,64,4,512,64,4,0,[32; 32; 64; 4; 512; 64; 4; 0],0.005637945912894793,0.7085160623763825,tvm
32,32,64,4,1024,64,4,0,[32; 32; 64; 4; 1024; 64; 4; 0],0.005879815595108084,0.6793708362926659,tvm
128,64,8,4,512,64,4,1,[128; 64; 8; 4; 512; 64; 4; 1],0.0063571803766535595,0.6283564412872606,tvm
64,32,16,4,128,64,4,1,[64; 32; 16; 4; 128; 64; 4; 1],0.005656533969158772,0.7061877927145734,tvm
32,16,16,8,128,32,2,1,[32; 16; 16; 8; 128; 32; 2; 1],0.006167670064314734,0.6476635741602466,tvm
32,8,64,4,256,64,4,1,[32; 8; 64; 4; 256; 64; 4; 1],0.006446020561270416,0.6196963227352732,tvm
128,4,8,4,1024,64,4,0,[128; 4; 8; 4; 1024; 64; 4; 0],0.005538020501262508,0.7213001896949625,tvm
128,16,16,4,256,64,4,0,[128; 16; 16; 4; 256; 64; 4; 0],0.0058315625647082925,0.6849922630119386,tvm
32,32,64,4,1024,64,4,1,[32; 32; 64; 4; 1024; 64; 4; 1],0.005689287063432857,0.7021222858958628,tvm
128,2,64,4,64,64,4,0,[128; 2; 64; 4; 64; 64; 4; 0],0.006125089254055638,0.6521660456539942,tvm
64,32,16,4,512,64,4,0,[64; 32; 16; 4; 512; 64; 4; 0],0.005676790497091133,0.7036678982855038,tvm
128,4,64,4,512,64,4,0,[128; 4; 64; 4; 512; 64; 4; 0],0.006314205878879875,0.6326330364767685,tvm
64,2,16,4,64,64,4,1,[64; 2; 16; 4; 64; 64; 4; 1],0.0061772220287821256,0.6466620787601496,tvm
128,4,16,4,64,64,4,0,[128; 4; 16; 4; 64; 64; 4; 0],0.006637824000790715,0.6017898693335939,tvm
64,16,16,4,128,64,4,1,[64; 16; 16; 4; 128; 64; 4; 1],0.005862326339411084,0.6813976238819425,tvm
32,2,8,8,128,32,2,1,[32; 2; 8; 8; 128; 32; 2; 1],0.006065405250410549,0.6585834042704496,tvm
128,1,4,4,1024,64,4,1,[128; 1; 4; 4; 1024; 64; 4; 1],0.006067304908356164,0.6583772034587764,tvm
128,4,16,4,1024,64,4,1,[128; 4; 16; 4; 1024; 64; 4; 1],0.0061657129699597135,0.6478691527739635,tvm
64,32,4,4,1024,64,4,1,[64; 32; 4; 4; 1024; 64; 4; 1],0.005362389216315933,0.7449245246766311,tvm
32,8,8,4,128,32,2,1,[32; 8; 8; 4; 128; 32; 2; 1],0.00697499375382904,0.5726994717238778,tvm
128,32,4,4,256,32,2,1,[128; 32; 4; 4; 256; 32; 2; 1],0.007046282815281302,0.5669053233901125,tvm
128,32,64,8,64,32,2,1,[128; 32; 64; 8; 64; 32; 2; 1],0.006830184313002974,0.5848414998831817,tvm
32,32,8,4,1024,32,2,1,[32; 32; 8; 4; 1024; 32; 2; 1],0.008946023124735802,0.4465196638101925,tvm
32,2,4,4,1024,32,2,1,[32; 2; 4; 4; 1024; 32; 2; 1],0.006326737129711546,0.631379991960779,tvm
32,8,4,4,512,32,2,1,[32; 8; 4; 4; 512; 32; 2; 1],0.006403391060302965,0.6238218469677911,tvm
32,8,8,4,256,64,4,0,[32; 8; 8; 4; 256; 64; 4; 0],0.006694127936498262,0.596728248397479,tvm
64,1,8,4,512,32,2,1,[64; 1; 8; 4; 512; 32; 2; 1],0.006776731868740171,0.5894545210681104,tvm
64,64,8,4,512,64,4,0,[64; 64; 8; 4; 512; 64; 4; 0],0.008680857936269604,0.4601590381297973,tvm
32,32,64,4,64,64,4,0,[32; 32; 64; 4; 64; 64; 4; 0],0.0064667358819860965,0.617711208713909,tvm
32,32,16,8,64,32,2,1,[32; 32; 16; 8; 64; 32; 2; 1],0.007822045881766826,0.5106816424340574,tvm
64,2,64,8,64,32,2,1,[64; 2; 64; 8; 64; 32; 2; 1],0.006306326496996917,0.6334234740300017,tvm
32,4,4,4,256,64,4,0,[32; 4; 4; 4; 256; 64; 4; 0],0.00623132075270405,0.6410479249301703,tvm
128,64,8,8,512,32,2,1,[128; 64; 8; 8; 512; 32; 2; 1],0.006712330941809341,0.5951099957265339,tvm
32,32,64,4,256,64,4,0,[32; 32; 64; 4; 256; 64; 4; 0],0.0056407863448839635,0.7081592873515244,tvm
32,8,16,4,64,64,4,1,[32; 8; 16; 4; 64; 64; 4; 1],0.006598743188078515,0.6053539475989846,tvm
32,8,64,8,128,32,2,1,[32; 8; 64; 8; 128; 32; 2; 1],0.006582424131920561,0.6068547328520043,tvm
32,16,16,4,128,64,4,1,[32; 16; 16; 4; 128; 64; 4; 1],0.0062896235613152385,0.6351056146927692,tvm
32,4,16,8,256,32,2,1,[32; 4; 16; 8; 256; 32; 2; 1],0.006420890684239566,0.6221216704249686,tvm
128,4,64,8,128,32,2,1,[128; 4; 64; 8; 128; 32; 2; 1],0.006609130185097456,0.6044025652728666,tvm
32,4,32,4,64,64,4,1,[32; 4; 32; 4; 64; 64; 4; 1],0.006674377189483494,0.5984940803749157,tvm
32,32,8,4,128,64,4,1,[32; 32; 8; 4; 128; 64; 4; 1],0.009689307131338865,0.412266345152305,tvm
64,16,16,8,1024,32,2,1,[64; 16; 16; 8; 1024; 32; 2; 1],0.006488991260994226,0.6155926364251568,tvm
32,8,32,4,512,64,4,0,[32; 8; 32; 4; 512; 64; 4; 0],0.006552513877977617,0.6096248420809347,tvm
32,32,8,4,256,64,4,1,[32; 32; 8; 4; 256; 64; 4; 1],0.00928108612424694,0.4303995442580116,tvm
32,32,32,4,512,64,4,0,[32; 32; 32; 4; 512; 64; 4; 0],0.00592921059433138,0.6737111415665098,tvm
32,8,4,4,128,64,4,1,[32; 8; 4; 4; 128; 64; 4; 1],0.0059701784630306065,0.6690880788289695,tvm
32,2,4,4,256,64,4,1,[32; 2; 4; 4; 256; 64; 4; 1],0.006024076938047074,0.6631016302043159,tvm
32,1,4,4,256,64,4,1,[32; 1; 4; 4; 256; 64; 4; 1],0.005981980124488473,0.6677680558888215,tvm
64,2,16,8,512,32,2,1,[64; 2; 16; 8; 512; 32; 2; 1],0.005809571128338575,0.6875852192617201,tvm
32,2,8,4,512,64,4,1,[32; 2; 8; 4; 512; 64; 4; 1],0.0058428030970389955,0.6836744575766384,tvm
32,16,64,4,256,64,4,1,[32; 16; 64; 4; 256; 64; 4; 1],0.006407330991351046,0.623438252758805,tvm
64,64,4,4,1024,64,4,1,[64; 64; 4; 4; 1024; 64; 4; 1],0.006547580807819031,0.6100841448684331,tvm
32,8,32,4,512,64,4,1,[32; 8; 32; 4; 512; 64; 4; 1],0.005947232879407238,0.6716695510489877,tvm
32,8,64,4,1024,64,4,0,[32; 8; 64; 4; 1024; 64; 4; 0],0.006392662122379988,0.6248688201603337,tvm
64,16,64,4,128,64,4,0,[64; 16; 64; 4; 128; 64; 4; 0],0.006095413154980633,0.6553411781170607,tvm
32,8,16,4,1024,64,4,1,[32; 8; 16; 4; 1024; 64; 4; 1],0.0058866613762802444,0.6785807748668895,tvm
64,2,8,4,128,64,4,0,[64; 2; 8; 4; 128; 64; 4; 0],0.005893712441320531,0.6777689406916879,tvm
64,32,16,4,128,64,4,0,[64; 32; 16; 4; 128; 64; 4; 0],0.006111791131843347,0.6535850378267842,tvm
64,1,32,4,128,64,4,1,[64; 1; 32; 4; 128; 64; 4; 1],0.0058216000034008175,0.6861644970045551,tvm
64,32,32,4,128,64,4,0,[64; 32; 32; 4; 128; 64; 4; 0],0.006147839631012175,0.6497526737595747,tvm
128,2,8,4,128,64,4,0,[128; 2; 8; 4; 128; 64; 4; 0],0.00598658443777822,0.6672544719970126,tvm
128,32,8,4,64,64,4,0,[128; 32; 8; 4; 64; 64; 4; 0],0.006094705218856689,0.6554172998779725,tvm
64,16,4,4,256,64,4,0,[64; 16; 4; 4; 256; 64; 4; 0],0.0055156076268758625,0.7242312195361577,tvm
64,16,32,4,128,64,4,1,[64; 16; 32; 4; 128; 64; 4; 1],0.005713897873647511,0.6990981159320704,tvm
64,1,4,4,128,64,4,1,[64; 1; 4; 4; 128; 64; 4; 1],0.005590508088062052,0.7145281207311439,tvm
128,4,8,4,64,64,4,1,[128; 4; 8; 4; 64; 64; 4; 1],0.005757099032052793,0.6938520973593368,tvm
128,32,4,4,256,64,4,0,[128; 32; 4; 4; 256; 64; 4; 0],0.00564537184254732,0.707584079402783,tvm
64,2,16,4,1024,64,4,0,[64; 2; 16; 4; 1024; 64; 4; 0],0.005740593223890755,0.6958471158470043,tvm
128,8,64,4,1024,64,4,0,[128; 8; 64; 4; 1024; 64; 4; 0],0.005666659002599772,0.704925995416804,tvm
128,2,4,4,128,64,4,1,[128; 2; 4; 4; 128; 64; 4; 1],0.005748069874243811,0.6949420110556234,tvm
64,4,16,4,1024,64,4,1,[64; 4; 16; 4; 1024; 64; 4; 1],0.005626059843052644,0.7100129308130184,tvm
128,4,4,4,128,64,4,1,[128; 4; 4; 4; 128; 64; 4; 1],0.005692008904588874,0.7017865405788153,tvm
128,32,16,4,512,64,4,0,[128; 32; 16; 4; 512; 64; 4; 0],0.005766419184510596,0.6927306375549704,tvm
64,1,8,4,512,64,4,1,[64; 1; 8; 4; 512; 64; 4; 1],0.005608257750282064,0.7122666995635736,tvm
64,1,4,4,512,64,4,0,[64; 1; 4; 4; 512; 64; 4; 0],0.005613558656477835,0.7115941032317618,tvm
64,32,64,4,512,64,4,1,[64; 32; 64; 4; 512; 64; 4; 1],0.005610478307062294,0.7119847933583474,tvm
64,8,16,4,1024,64,4,0,[64; 8; 16; 4; 1024; 64; 4; 0],0.005407066251791548,0.7387694272789236,tvm
64,32,8,4,512,64,4,0,[64; 32; 8; 4; 512; 64; 4; 0],0.005424201059213374,0.7364356878530859,tvm
64,2,4,4,512,64,4,1,[64; 2; 4; 4; 512; 64; 4; 1],0.0052673316895379685,0.7583678935635109,tvm
128,4,4,4,512,64,4,1,[128; 4; 4; 4; 512; 64; 4; 1],0.005229745191172697,0.7638183299709695,tvm
128,4,4,4,1024,64,4,0,[128; 4; 4; 4; 1024; 64; 4; 0],0.005082777192001231,0.7859040613429806,tvm
128,32,16,4,512,64,4,1,[128; 32; 16; 4; 512; 64; 4; 1],0.005236786251771264,0.7627913468387474,tvm
128,32,16,4,1024,64,4,1,[128; 32; 16; 4; 1024; 64; 4; 1],0.005100000686070416,0.7832499413197304,tvm
32,16,4,4,128,32,2,1,[32; 16; 4; 4; 128; 32; 2; 1],0.006900414693518542,0.5788891560165629,tvm
32,16,32,4,512,32,2,1,[32; 16; 32; 4; 512; 32; 2; 1],0.006986117688938975,0.5717875672807222,tvm
32,32,32,8,32,32,2,1,[32; 32; 32; 8; 32; 32; 2; 1],0.007431630932842381,0.5375099051867784,tvm
32,8,64,4,512,32,2,1,[32; 8; 64; 4; 512; 32; 2; 1],0.006988357054069638,0.5716043423638486,tvm
32,2,64,4,256,32,2,1,[32; 2; 64; 4; 256; 32; 2; 1],0.0071457721933256835,0.5590123964245969,tvm
128,8,4,4,256,32,2,1,[128; 8; 4; 4; 256; 32; 2; 1],0.006675108757917769,0.5984284875294383,tvm
64,16,8,4,128,32,2,1,[64; 16; 8; 4; 128; 32; 2; 1],0.006616169746848755,0.6037594848587179,tvm
32,8,16,4,1024,32,2,1,[32; 8; 16; 4; 1024; 32; 2; 1],0.00713457737583667,0.5598895390249791,tvm
64,8,16,4,256,32,2,1,[64; 8; 16; 4; 256; 32; 2; 1],0.006759599185897969,0.5909485352961182,tvm
32,1,16,4,128,32,2,1,[32; 1; 16; 4; 128; 32; 2; 1],0.007227830559713766,0.5526658663472362,tvm
64,8,4,4,256,32,2,1,[64; 8; 4; 4; 256; 32; 2; 1],0.006360878323903307,0.6279911412680499,tvm
128,2,32,8,32,32,2,1,[128; 2; 32; 8; 32; 32; 2; 1],0.0063299955072579905,0.631054987877171,tvm
128,8,8,4,1024,32,2,1,[128; 8; 8; 4; 1024; 32; 2; 1],0.006611730437725782,0.6041648666289609,tvm
32,4,8,4,512,32,2,1,[32; 4; 8; 4; 512; 32; 2; 1],0.006517108500702307,0.6129367399153733,tvm
32,1,4,4,256,32,2,1,[32; 1; 4; 4; 256; 32; 2; 1],0.006595502869458869,0.6056513532262287,tvm
128,128,64,4,1024,64,4,0,[128; 128; 64; 4; 1024; 64; 4; 0],0.006494478933745995,0.6150724759978826,tvm
64,16,8,4,512,32,2,1,[64; 16; 8; 4; 512; 32; 2; 1],0.006465239552198909,0.6178541732048634,tvm
32,4,4,4,512,32,2,1,[32; 4; 4; 4; 512; 32; 2; 1],0.00634541580802761,0.6295214307377124,tvm
128,1,64,8,32,32,2,1,[128; 1; 64; 8; 32; 32; 2; 1],0.006440681740059517,0.6202100024986369,tvm
64,64,16,8,512,32,2,1,[64; 64; 16; 8; 512; 32; 2; 1],0.008518657807144336,0.468920730064437,tvm
64,1,32,4,1024,32,2,1,[64; 1; 32; 4; 1024; 32; 2; 1],0.006720914621837437,0.5943499453357373,tvm
64,4,16,4,512,32,2,1,[64; 4; 16; 4; 512; 32; 2; 1],0.0067050244979327545,0.5957584851967084,tvm
32,4,32,4,128,64,4,0,[32; 4; 32; 4; 128; 64; 4; 0],0.007328580992179923,0.5450680346383171,tvm
64,16,64,8,32,32,2,1,[64; 16; 64; 8; 32; 32; 2; 1],0.00606456241075648,0.6586749327552824,tvm
128,64,16,4,64,64,4,1,[128; 64; 16; 4; 64; 64; 4; 1],0.006417562995920889,0.6224442581450712,tvm
128,64,8,8,512,32,2,1,[128; 64; 8; 8; 512; 32; 2; 1],0.006822496623499319,0.5855005078839285,tvm
32,8,8,4,128,64,4,1,[32; 8; 8; 4; 128; 64; 4; 1],0.006126588625193108,0.6520064398757197,tvm
32,2,8,8,64,32,2,1,[32; 2; 8; 8; 64; 32; 2; 1],0.006431097062886693,0.6211343413159767,tvm
64,64,32,4,64,64,4,1,[64; 64; 32; 4; 64; 64; 4; 1],0.0066792810102924705,0.5980546756364612,tvm
32,4,32,4,128,64,4,1,[32; 4; 32; 4; 128; 64; 4; 1],0.006452560686739162,0.6190682167940864,tvm
128,16,32,8,1024,32,2,1,[128; 16; 32; 8; 1024; 32; 2; 1],0.006320406624581665,0.6320123807476756,tvm
64,64,64,4,256,64,4,1,[64; 64; 64; 4; 256; 64; 4; 1],0.006285416617174633,0.6355307024804421,tvm
32,4,64,8,128,32,2,1,[32; 4; 64; 8; 128; 32; 2; 1],0.006293876940617338,0.6346764126124507,tvm
32,16,64,4,256,64,4,0,[32; 16; 64; 4; 256; 64; 4; 0],0.0068343123712111264,0.5844882441900076,tvm
128,64,8,4,1024,64,4,1,[128; 64; 8; 4; 1024; 64; 4; 1],0.005934057531703729,0.6731608543991239,tvm
32,4,64,4,256,64,4,1,[32; 4; 64; 4; 256; 64; 4; 1],0.006384056381648406,0.6257111465334226,tvm
32,16,8,4,512,64,4,1,[32; 16; 8; 4; 512; 64; 4; 1],0.00573541087214835,0.6964758632190137,tvm
64,2,16,4,128,64,4,0,[64; 2; 16; 4; 128; 64; 4; 0],0.006195279027451761,0.6447772925795539,tvm
32,2,32,4,1024,64,4,0,[32; 2; 32; 4; 1024; 64; 4; 0],0.00634788180468604,0.6292768770751878,tvm
128,1,16,4,256,64,4,0,[128; 1; 16; 4; 256; 64; 4; 0],0.005780433784821071,0.6910511194825298,tvm
32,4,8,8,256,32,2,1,[32; 4; 8; 8; 256; 32; 2; 1],0.005999088782118633,0.6658636641620959,tvm
32,1,8,8,256,32,2,1,[32; 1; 8; 8; 256; 32; 2; 1],0.006088498528697528,0.6560854403211577,tvm
32,16,4,4,1024,64,4,0,[32; 16; 4; 4; 1024; 64; 4; 0],0.005803989784908481,0.6882464280833027,tvm
128,4,64,4,256,64,4,0,[128; 4; 64; 4; 256; 64; 4; 0],0.0064113938133232296,0.6230431875506214,tvm
128,16,32,4,128,64,4,0,[128; 16; 32; 4; 128; 64; 4; 0],0.006476616254076362,0.6167688622250956,tvm
32,4,4,4,1024,64,4,1,[32; 4; 4; 4; 1024; 64; 4; 1],0.005541039659874514,0.7209071732552267,tvm
128,16,32,4,64,64,4,1,[128; 16; 32; 4; 64; 64; 4; 1],0.006229896564036608,0.6411944720165607,tvm
64,1,8,4,256,64,4,0,[64; 1; 8; 4; 256; 64; 4; 0],0.006327363371383399,0.6313175020359032,tvm
128,2,8,4,256,64,4,0,[128; 2; 8; 4; 256; 64; 4; 0],0.005487338188686408,0.727962283485845,tvm
128,4,32,4,128,64,4,1,[128; 4; 32; 4; 128; 64; 4; 1],0.005498713973793201,0.7264562690718832,tvm
64,8,8,4,128,64,4,0,[64; 8; 8; 4; 128; 64; 4; 0],0.005816240161948372,0.6867968183688451,tvm
64,8,8,4,64,64,4,1,[64; 8; 8; 4; 64; 64; 4; 1],0.005727697498514317,0.6974137930872526,tvm
128,4,64,4,1024,64,4,1,[128; 4; 64; 4; 1024; 64; 4; 1],0.005377257250074763,0.7428648198000383,tvm
64,2,64,4,512,64,4,1,[64; 2; 64; 4; 512; 64; 4; 1],0.0056377656874246895,0.7085387118881745,tvm
128,32,4,4,64,64,4,1,[128; 32; 4; 4; 64; 64; 4; 1],0.00554946371994447,0.7198128395251874,tvm
128,8,4,4,64,64,4,1,[128; 8; 4; 4; 64; 64; 4; 1],0.005521516875887755,0.7234561313285828,tvm
128,32,16,4,256,64,4,1,[128; 32; 16; 4; 256; 64; 4; 1],0.0054674444036209024,0.7306110393092917,tvm
64,32,4,4,256,64,4,0,[64; 32; 4; 4; 256; 64; 4; 0],0.0055029424984240904,0.7258980516767507,tvm
128,8,64,4,1024,64,4,1,[128; 8; 64; 4; 1024; 64; 4; 1],0.0054736417514504865,0.729783829392323,tvm
128,32,4,4,128,64,4,1,[128; 32; 4; 4; 128; 64; 4; 1],0.00536267644201871,0.7448846264145543,tvm
64,1,4,4,512,64,4,0,[64; 1; 4; 4; 512; 64; 4; 0],0.005384505653637461,0.7418648052485066,tvm
64,32,16,4,512,64,4,1,[64; 32; 16; 4; 512; 64; 4; 1],0.005439526408736128,0.7343608501798553,tvm
64,8,8,4,512,64,4,1,[64; 8; 8; 4; 512; 64; 4; 1],0.00533473925315775,0.7487854698298068,tvm
64,4,4,4,1024,64,4,1,[64; 4; 4; 4; 1024; 64; 4; 1],0.0052124169014859945,0.7663575868147529,tvm
128,8,64,4,512,32,2,1,[128; 8; 64; 4; 512; 32; 2; 1],0.006572384882019833,0.6077816971771167,tvm
64,4,32,4,512,32,2,1,[64; 4; 32; 4; 512; 32; 2; 1],0.0065619373781373724,0.6087493689598592,tvm
64,8,16,4,1024,32,2,1,[64; 8; 16; 4; 1024; 32; 2; 1],0.006474763067672029,0.6169453918769369,tvm
64,8,16,4,512,32,2,1,[64; 8; 16; 4; 512; 32; 2; 1],0.006538435627589934,0.6109374574614629,tvm
128,8,8,4,128,32,2,1,[128; 8; 8; 4; 128; 32; 2; 1],0.006342230131849647,0.6298376367699324,tvm
128,1,8,4,128,32,2,1,[128; 1; 8; 4; 128; 32; 2; 1],0.006432887748815119,0.6209614397252623,tvm
32,8,16,4,256,64,4,0,[32; 8; 16; 4; 256; 64; 4; 0],0.006827623248682357,0.5850608758862228,tvm
32,8,8,4,256,64,4,0,[32; 8; 8; 4; 256; 64; 4; 0],0.006515815883176401,0.6130583352438005,tvm
32,1,16,4,256,64,4,0,[32; 1; 16; 4; 256; 64; 4; 0],0.006971980619709939,0.5729469796290725,tvm
128,16,8,4,512,32,2,1,[128; 16; 8; 4; 512; 32; 2; 1],0.00698578663286753,0.5718146642643082,tvm
64,16,4,4,512,32,2,1,[64; 16; 4; 4; 512; 32; 2; 1],0.006481184507720172,0.6163341335734281,tvm
64,8,8,4,1024,32,2,1,[64; 8; 8; 4; 1024; 32; 2; 1],0.0068522031215252355,0.5829621754128742,tvm
32,32,64,8,512,32,2,1,[32; 32; 64; 8; 512; 32; 2; 1],0.0062703369912924245,0.6370590996373047,tvm
32,2,8,4,64,64,4,1,[32; 2; 8; 4; 64; 64; 4; 1],0.0067584324278868735,0.5910505550980559,tvm
128,1,32,8,64,32,2,1,[128; 1; 32; 8; 64; 32; 2; 1],0.006813720130594447,0.5862546687468275,tvm
32,4,64,4,256,64,4,0,[32; 4; 64; 4; 256; 64; 4; 0],0.006976826436584815,0.5725490342068189,tvm
128,4,4,4,1024,32,2,1,[128; 4; 4; 4; 1024; 32; 2; 1],0.006577884996659122,0.6072734990234802,tvm
128,4,4,4,512,32,2,1,[128; 4; 4; 4; 512; 32; 2; 1],0.006601052373298444,0.6051421822152898,tvm
64,1,64,8,64,32,2,1,[64; 1; 64; 8; 64; 32; 2; 1],0.00644130480941385,0.6201500093982882,tvm
32,1,4,4,64,64,4,0,[32; 1; 4; 4; 64; 64; 4; 0],0.007678416499402374,0.5202342486118255,tvm
64,2,8,8,32,32,2,1,[64; 2; 8; 8; 32; 32; 2; 1],0.0065474456787342206,0.6100967360553171,tvm
128,64,32,4,64,64,4,1,[128; 64; 32; 4; 64; 64; 4; 1],0.0063311000558314845,0.6309448915462792,tvm
128,64,4,4,1024,64,4,0,[128; 64; 4; 4; 1024; 64; 4; 0],0.006198259063239675,0.6444672927251566,tvm
128,1,64,8,128,32,2,1,[128; 1; 64; 8; 128; 32; 2; 1],0.006439243064960465,0.6203485716872474,tvm
128,2,16,8,128,32,2,1,[128; 2; 16; 8; 128; 32; 2; 1],0.0058112120314035565,0.6873910668736081,tvm
128,64,32,4,512,64,4,1,[128; 64; 32; 4; 512; 64; 4; 1],0.005917413589486387,0.675054257689964,tvm
32,16,64,4,256,64,4,1,[32; 16; 64; 4; 256; 64; 4; 1],0.006338257997413166,0.6302323508644717,tvm
64,8,16,8,128,32,2,1,[64; 8; 16; 8; 128; 32; 2; 1],0.005722225221688859,0.6980807436510299,tvm
32,2,8,4,512,64,4,0,[32; 2; 8; 4; 512; 64; 4; 0],0.006257248067413457,0.6383917011214909,tvm
32,16,8,4,1024,64,4,0,[32; 16; 8; 4; 1024; 64; 4; 0],0.005972696533717681,0.6688059933305922,tvm
32,2,8,8,1024,32,2,1,[32; 2; 8; 8; 1024; 32; 2; 1],0.005348025719285943,0.7469252108661485,tvm
32,2,8,4,1024,64,4,0,[32; 2; 8; 4; 1024; 64; 4; 0],0.006010598219290841,0.6645886303421121,tvm
32,32,32,4,512,64,4,1,[32; 32; 32; 4; 512; 64; 4; 1],0.0062556415650760755,0.6385556455785618,tvm
128,4,16,4,128,64,4,0,[128; 4; 16; 4; 128; 64; 4; 0],0.005662425661284942,0.7054530120204301,tvm
32,2,8,8,512,32,2,1,[32; 2; 8; 8; 512; 32; 2; 1],0.005562242033192888,0.7181591908905547,tvm
64,2,8,8,512,32,2,1,[64; 2; 8; 8; 512; 32; 2; 1],0.005367445221054368,0.744222823630523,tvm
32,1,32,4,1024,64,4,1,[32; 1; 32; 4; 1024; 64; 4; 1],0.005912005377467722,0.6756717869912066,tvm
32,16,64,4,512,64,4,1,[32; 16; 64; 4; 512; 64; 4; 1],0.005958046036539599,0.67045054932393,tvm
32,32,4,4,1024,64,4,1,[32; 32; 4; 4; 1024; 64; 4; 1],0.007124073687009513,0.5607150365919431,tvm
128,32,16,4,256,64,4,0,[128; 32; 16; 4; 256; 64; 4; 0],0.005472300435940269,0.729962706700126,tvm
32,16,4,4,512,64,4,0,[32; 16; 4; 4; 512; 64; 4; 0],0.005984263472782914,0.6675132631213523,tvm
128,4,32,4,64,64,4,1,[128; 4; 32; 4; 64; 64; 4; 1],0.006069459130230825,0.6581435268587634,tvm
128,1,32,4,128,64,4,1,[128; 1; 32; 4; 128; 64; 4; 1],0.0060962551506236196,0.6552506644487495,tvm
128,2,4,4,128,64,4,0,[128; 2; 4; 4; 128; 64; 4; 0],0.006081955187255517,0.6567912973883306,tvm
64,2,4,4,256,64,4,0,[64; 2; 4; 4; 256; 64; 4; 0],0.005880639495444484,0.6792756538110676,tvm
128,16,64,4,128,64,4,1,[128; 16; 64; 4; 128; 64; 4; 1],0.005843215905770194,0.6836261576695434,tvm
128,1,64,4,512,64,4,0,[128; 1; 64; 4; 512; 64; 4; 0],0.006058879902411718,0.659292691460217,tvm
128,1,8,4,64,64,4,1,[128; 1; 8; 4; 64; 64; 4; 1],0.006157257470476907,0.6487588438925295,tvm
128,1,4,4,256,64,4,0,[128; 1; 4; 4; 256; 64; 4; 0],0.005506980123755056,0.7253658354175153,tvm
64,4,32,4,512,64,4,0,[64; 4; 32; 4; 512; 64; 4; 0],0.0057206295896321535,0.6982754564873158,tvm
64,16,64,4,512,64,4,0,[64; 16; 64; 4; 512; 64; 4; 0],0.005837490753037855,0.6842966279674951,tvm
64,1,4,4,256,64,4,1,[64; 1; 4; 4; 256; 64; 4; 1],0.005471319374919403,0.7300935961454601,tvm
64,16,32,4,512,64,4,0,[64; 16; 32; 4; 512; 64; 4; 0],0.005628373626677785,0.7097210496406018,tvm
64,1,64,4,512,64,4,1,[64; 1; 64; 4; 512; 64; 4; 1],0.005698183442291338,0.7010260863923592,tvm
64,8,8,4,128,64,4,1,[64; 8; 8; 4; 128; 64; 4; 1],0.005466647809953429,0.7307175031144486,tvm
64,32,4,4,256,64,4,0,[64; 32; 4; 4; 256; 64; 4; 0],0.005505516812263522,0.7255586304263631,tvm
128,4,16,4,1024,64,4,0,[128; 4; 16; 4; 1024; 64; 4; 0],0.005321892160282005,0.7505930443136916,tvm
64,8,64,4,512,64,4,1,[64; 8; 64; 4; 512; 64; 4; 1],0.005683977622538805,0.7027781429426215,tvm
128,8,16,4,1024,64,4,0,[128; 8; 16; 4; 1024; 64; 4; 0],0.005335622998245526,0.7486614476713863,tvm
64,16,8,4,1024,64,4,0,[64; 16; 8; 4; 1024; 64; 4; 0],0.005353511282010004,0.7461598617562741,tvm
64,32,16,4,1024,64,4,1,[64; 32; 16; 4; 1024; 64; 4; 1],0.005461383181682322,0.7314218953713391,tvm
128,32,8,4,1024,64,4,1,[128; 32; 8; 4; 1024; 64; 4; 1],0.0052965248469263315,0.7541879540909474,tvm
64,4,4,4,1024,64,4,0,[64; 4; 4; 4; 1024; 64; 4; 0],0.005253615374385845,0.7603478658850639,tvm
64,16,4,4,1024,64,4,1,[64; 16; 4; 4; 1024; 64; 4; 1],0.005208008245972451,0.7670063197738586,tvm
128,128,32,4,512,64,4,0,[128; 128; 32; 4; 512; 64; 4; 0],0.007066271311487071,0.5653017075075475,tvm
64,32,64,4,1024,32,2,1,[64; 32; 64; 4; 1024; 32; 2; 1],0.006757271941751242,0.5911520614427112,tvm
64,1,64,4,256,32,2,1,[64; 1; 64; 4; 256; 32; 2; 1],0.006935034383786842,0.5759993414645508,tvm
64,2,64,4,256,32,2,1,[64; 2; 64; 4; 256; 32; 2; 1],0.0068508698750520125,0.5830756255700903,tvm
128,128,32,4,1024,64,4,0,[128; 128; 32; 4; 1024; 64; 4; 0],0.007362095173448324,0.5425867424944227,tvm
32,1,64,4,128,64,4,0,[32; 1; 64; 4; 128; 64; 4; 0],0.007303378821234219,0.5469489308813072,tvm
32,2,64,4,128,64,4,0,[32; 2; 64; 4; 128; 64; 4; 0],0.00736660799884703,0.5422543508111795,tvm
128,4,8,4,64,32,2,1,[128; 4; 8; 4; 64; 32; 2; 1],0.006465919184847735,0.6177892305638686,tvm
128,64,8,8,256,32,2,1,[128; 64; 8; 8; 256; 32; 2; 1],0.006726823005010374,0.5938279088241118,tvm
32,2,8,4,256,32,2,1,[32; 2; 8; 4; 256; 32; 2; 1],0.0068668208114104345,0.5817211993441778,tvm
128,8,32,4,512,32,2,1,[128; 8; 32; 4; 512; 32; 2; 1],0.006526997240143828,0.6120081089550475,tvm
128,1,16,4,256,32,2,1,[128; 1; 16; 4; 256; 32; 2; 1],0.006674496253253892,0.598483404069309,tvm
64,1,64,4,1024,32,2,1,[64; 1; 64; 4; 1024; 32; 2; 1],0.006978695557336323,0.5723956870272064,tvm
128,2,16,4,128,32,2,1,[128; 2; 16; 4; 128; 32; 2; 1],0.006514420310850255,0.6131896696075895,tvm
32,32,4,4,64,64,4,1,[32; 32; 4; 4; 64; 64; 4; 1],0.005536358003155328,0.7215167869958221,tvm
128,8,64,8,32,32,2,1,[128; 8; 64; 8; 32; 32; 2; 1],0.005969207843008917,0.6691968755575581,tvm
32,1,4,4,128,32,2,1,[32; 1; 4; 4; 128; 32; 2; 1],0.0067587003140943125,0.591027128361516,tvm
128,8,8,4,256,32,2,1,[128; 8; 8; 4; 256; 32; 2; 1],0.006351017756969668,0.6289661580164144,tvm
128,4,8,4,256,32,2,1,[128; 4; 8; 4; 256; 32; 2; 1],0.006333863188046962,0.6306696433913597,tvm
32,32,4,4,128,64,4,1,[32; 32; 4; 4; 128; 64; 4; 1],0.009218640931067057,0.4333149829747048,tvm
64,4,4,4,128,32,2,1,[64; 4; 4; 4; 128; 32; 2; 1],0.0062278645928017795,0.6414036751396623,tvm
128,16,64,8,64,32,2,1,[128; 16; 64; 8; 64; 32; 2; 1],0.005835141659190413,0.684572110053873,tvm
64,4,4,4,256,32,2,1,[64; 4; 4; 4; 256; 32; 2; 1],0.006206878249940928,0.64357235267717,tvm
32,32,64,4,64,64,4,0,[32; 32; 64; 4; 64; 64; 4; 0],0.005912550339417066,0.6756095100729533,tvm
32,4,64,8,64,32,2,1,[32; 4; 64; 8; 64; 32; 2; 1],0.006580753935850225,0.6070087526497288,tvm
128,32,8,8,32,32,2,1,[128; 32; 8; 8; 32; 32; 2; 1],0.006725846804329194,0.5939140980023614,tvm
128,2,4,4,1024,32,2,1,[128; 2; 4; 4; 1024; 32; 2; 1],0.006561602494912222,0.6087804375825232,tvm
64,1,16,8,32,32,2,1,[64; 1; 16; 8; 32; 32; 2; 1],0.006616572383791208,0.6037227444047698,tvm
64,4,16,8,64,32,2,1,[64; 4; 16; 8; 64; 32; 2; 1],0.0061950480958330445,0.6448013278189231,tvm
128,16,8,8,32,32,2,1,[128; 16; 8; 8; 32; 32; 2; 1],0.0064434983796672896,0.6199388907585165,tvm
32,1,8,4,256,64,4,1,[32; 1; 8; 4; 256; 64; 4; 1],0.00608161449781619,0.6568280905554974,tvm
32,8,32,8,256,32,2,1,[32; 8; 32; 8; 256; 32; 2; 1],0.00645319432078395,0.6190074309756671,tvm
64,64,64,4,512,64,4,0,[64; 64; 64; 4; 512; 64; 4; 0],0.006064065877581015,0.6587288658692299,tvm
64,64,64,4,128,64,4,1,[64; 64; 64; 4; 128; 64; 4; 1],0.006161166718811728,0.6483472076642086,tvm
32,1,16,4,256,64,4,1,[32; 1; 16; 4; 256; 64; 4; 1],0.006415777446818538,0.6226174880919649,tvm
32,32,64,4,128,64,4,1,[32; 32; 64; 4; 128; 64; 4; 1],0.005740790591516998,0.6958231927145903,tvm
32,16,16,8,512,32,2,1,[32; 16; 16; 8; 512; 32; 2; 1],0.006128254688519519,0.6518291815740868,tvm
64,8,8,8,32,32,2,1,[64; 8; 8; 8; 32; 32; 2; 1],0.006023630652634893,0.6631507588115328,tvm
128,16,32,8,512,32,2,1,[128; 16; 32; 8; 512; 32; 2; 1],0.005932321721047629,0.6733578227766462,tvm
128,8,16,8,256,32,2,1,[128; 8; 16; 8; 256; 32; 2; 1],0.0058671841834438965,0.6808334480733002,tvm
32,4,8,8,64,32,2,1,[32; 4; 8; 8; 64; 32; 2; 1],0.006165285376482643,0.6479140857505907,tvm
64,1,64,8,1024,32,2,1,[64; 1; 64; 8; 1024; 32; 2; 1],0.005997592190396972,0.6660298185146935,tvm
64,2,32,8,256,32,2,1,[64; 2; 32; 8; 256; 32; 2; 1],0.0058689542493084446,0.6806281099509219,tvm
32,1,32,4,1024,64,4,0,[32; 1; 32; 4; 1024; 64; 4; 0],0.006325922382529825,0.6314613105476883,tvm
64,2,16,4,256,64,4,0,[64; 2; 16; 4; 256; 64; 4; 0],0.005954213404038455,0.6708821076829243,tvm
128,16,64,4,64,64,4,0,[128; 16; 64; 4; 64; 64; 4; 0],0.00580709597124951,0.6878782885407915,tvm
128,2,32,4,64,64,4,0,[128; 2; 32; 4; 64; 64; 4; 0],0.005878484436834697,0.6795246769839438,tvm
64,8,32,4,64,64,4,0,[64; 8; 32; 4; 64; 64; 4; 0],0.006199180468684062,0.6443715033421492,tvm
64,1,16,4,64,64,4,1,[64; 1; 16; 4; 64; 64; 4; 1],0.005816810466058087,0.6867294819736952,tvm
64,32,32,4,64,64,4,0,[64; 32; 32; 4; 64; 64; 4; 0],0.006261410380830057,0.6379673260716204,tvm
32,2,4,4,1024,64,4,0,[32; 2; 4; 4; 1024; 64; 4; 0],0.005805120563309174,0.6881123646841462,tvm
128,8,16,4,128,64,4,0,[128; 8; 16; 4; 128; 64; 4; 0],0.005754896534199361,0.6941176464871016,tvm
32,4,8,8,1024,32,2,1,[32; 4; 8; 8; 1024; 32; 2; 1],0.005359430659154896,0.7453357440629943,tvm
64,4,8,4,128,64,4,0,[64; 4; 8; 4; 128; 64; 4; 0],0.005879669843125157,0.6793876773142155,tvm
128,4,64,4,512,64,4,0,[128; 4; 64; 4; 512; 64; 4; 0],0.0055645381871727295,0.7178628493022942,tvm
64,32,64,4,512,64,4,0,[64; 32; 64; 4; 512; 64; 4; 0],0.0057578668420319445,0.693759572370652,tvm
128,32,32,4,256,64,4,1,[128; 32; 32; 4; 256; 64; 4; 1],0.005408313249063212,0.7385990888725147,tvm
128,1,16,4,1024,64,4,0,[128; 1; 16; 4; 1024; 64; 4; 0],0.005250161964795552,0.7608480014293791,tvm
128,1,8,4,512,64,4,1,[128; 1; 8; 4; 512; 64; 4; 1],0.005306867940817028,0.7527180405925545,tvm
128,16,8,4,256,64,4,1,[128; 16; 8; 4; 256; 64; 4; 1],0.005210046219872311,0.7667062957827538,tvm
64,8,32,4,1024,64,4,1,[64; 8; 32; 4; 1024; 64; 4; 1],0.005276929688989185,0.7569885280886534,tvm
64,16,16,4,512,64,4,1,[64; 16; 16; 4; 512; 64; 4; 1],0.005363225063774735,0.7448084297405532,tvm
64,16,16,4,1024,64,4,1,[64; 16; 16; 4; 1024; 64; 4; 1],0.005240438906184863,0.7622596712998154,tvm
128,4,4,4,1024,64,4,1,[128; 4; 4; 4; 1024; 64; 4; 1],0.005086490309622604,0.7853303545154338,tvm
32,16,16,8,32,32,2,1,[32; 16; 16; 8; 32; 32; 2; 1],0.006828975441749208,0.5849450290411423,tvm
128,2,8,4,512,32,2,1,[128; 2; 8; 4; 512; 32; 2; 1],0.006817009052610956,0.5859718253660366,tvm
128,1,4,4,32,32,2,1,[128; 1; 4; 4; 32; 32; 2; 1],0.007427589254803024,0.5378023879702503,tvm
128,4,8,4,1024,32,2,1,[128; 4; 8; 4; 1024; 32; 2; 1],0.0066474950581323355,0.6009143599450143,tvm
32,8,32,8,64,32,2,1,[32; 8; 32; 8; 64; 32; 2; 1],0.006497669935924932,0.6147704142387492,tvm
64,2,4,4,32,32,2,1,[64; 2; 4; 4; 32; 32; 2; 1],0.007208741313661449,0.5541293638218129,tvm
32,8,16,8,64,32,2,1,[32; 8; 16; 8; 64; 32; 2; 1],0.006382151055731811,0.6258979461960101,tvm
128,2,4,4,64,32,2,1,[128; 2; 4; 4; 64; 32; 2; 1],0.006983547064010054,0.5719980407494376,tvm
64,2,4,4,256,32,2,1,[64; 2; 4; 4; 256; 32; 2; 1],0.006347860122332349,0.6292790264930317,tvm
32,8,4,4,256,64,4,0,[32; 8; 4; 4; 256; 64; 4; 0],0.006241433533432428,0.6400092569596671,tvm
128,64,8,4,256,64,4,1,[128; 64; 8; 4; 256; 64; 4; 1],0.006161376535601448,0.648325129135336,tvm
32,2,64,8,128,32,2,1,[32; 2; 64; 8; 128; 32; 2; 1],0.006385787055478431,0.6255415665118761,tvm
128,64,32,4,64,64,4,0,[128; 64; 32; 4; 64; 64; 4; 0],0.0067409820621833205,0.5925806063933428,tvm
32,1,32,4,256,64,4,1,[32; 1; 32; 4; 256; 64; 4; 1],0.006430514564272016,0.6211906058481115,tvm
128,64,8,4,512,64,4,1,[128; 64; 8; 4; 512; 64; 4; 1],0.006119111152656842,0.652803183083354,tvm
32,1,16,8,512,32,2,1,[32; 1; 16; 8; 512; 32; 2; 1],0.0061988555316929705,0.6444052805670532,tvm
32,8,4,4,128,64,4,1,[32; 8; 4; 4; 128; 64; 4; 1],0.006065580899303313,0.6585643328166724,tvm
128,64,32,4,256,64,4,0,[128; 64; 32; 4; 256; 64; 4; 0],0.006650176874245517,0.6006720292756778,tvm
128,64,4,4,512,64,4,1,[128; 64; 4; 4; 512; 64; 4; 1],0.006181892844324466,0.6461734841881994,tvm
32,4,64,4,256,64,4,1,[32; 4; 64; 4; 256; 64; 4; 1],0.006448801184887998,0.6194291192378596,tvm
128,32,8,8,128,32,2,1,[128; 32; 8; 8; 128; 32; 2; 1],0.006280514135141857,0.6360267889127222,tvm
32,32,4,4,512,64,4,1,[32; 32; 4; 4; 512; 64; 4; 1],0.007226216432172805,0.5527893159012586,tvm
128,64,4,4,1024,64,4,1,[128; 64; 4; 4; 1024; 64; 4; 1],0.006129286062787287,0.6517194983519351,tvm
128,64,32,4,256,64,4,1,[128; 64; 32; 4; 256; 64; 4; 1],0.0062798048165859655,0.6360986296174251,tvm
64,4,16,4,64,64,4,0,[64; 4; 16; 4; 64; 64; 4; 0],0.006299531378317624,0.6341067292472228,tvm
32,32,8,8,256,32,2,1,[32; 32; 8; 8; 256; 32; 2; 1],0.007927252940135077,0.503904097454871,tvm
64,8,16,4,64,64,4,0,[64; 8; 16; 4; 64; 64; 4; 0],0.006266868440434337,0.6374116955004064,tvm
32,2,8,8,64,32,2,1,[32; 2; 8; 8; 64; 32; 2; 1],0.006109266658313572,0.6538551124887251,tvm
64,8,16,8,512,32,2,1,[64; 8; 16; 8; 512; 32; 2; 1],0.005751995500759222,0.6944677264730098,tvm
64,4,16,8,512,32,2,1,[64; 4; 16; 8; 512; 32; 2; 1],0.005729722121031955,0.6971673588554052,tvm
64,4,16,4,128,64,4,0,[64; 4; 16; 4; 128; 64; 4; 0],0.006092880561482161,0.6556135801098837,tvm
64,1,32,4,64,64,4,1,[64; 1; 32; 4; 64; 64; 4; 1],0.005753715471655596,0.6942601276989847,tvm
32,16,4,4,1024,64,4,0,[32; 16; 4; 4; 1024; 64; 4; 0],0.005748716532252729,0.694863838855853,tvm
32,4,32,4,512,64,4,1,[32; 4; 32; 4; 512; 64; 4; 1],0.005992897873511538,0.6665515285603586,tvm
128,8,64,4,128,64,4,0,[128; 8; 64; 4; 128; 64; 4; 0],0.006151209752715658,0.6493966875916886,tvm
128,1,8,4,64,64,4,0,[128; 1; 8; 4; 64; 64; 4; 0],0.006433473186916672,0.6209049330024008,tvm
128,4,16,4,64,64,4,1,[128; 4; 16; 4; 64; 64; 4; 1],0.006064644694561139,0.6586659959943953,tvm
128,1,8,8,1024,32,2,1,[128; 1; 8; 8; 1024; 32; 2; 1],0.006162464967928827,0.6482106200820797,tvm
32,16,4,4,512,64,4,1,[32; 16; 4; 4; 512; 64; 4; 1],0.005608033905446064,0.7122951297095464,tvm
128,8,16,4,64,64,4,1,[128; 8; 16; 4; 64; 64; 4; 1],0.006023959380399901,0.6631145706414205,tvm
32,1,8,8,256,32,2,1,[32; 1; 8; 8; 256; 32; 2; 1],0.006019013591867406,0.6636594480352248,tvm
64,4,8,4,128,64,4,0,[64; 4; 8; 4; 128; 64; 4; 0],0.005891531312954612,0.6780198603564669,tvm
64,1,4,4,128,64,4,0,[64; 1; 4; 4; 128; 64; 4; 0],0.005720699722587597,0.6982668959748171,tvm
32,2,4,4,1024,64,4,1,[32; 2; 4; 4; 1024; 64; 4; 1],0.005519605532754213,0.7237066515697176,tvm
32,4,8,8,256,32,2,1,[32; 4; 8; 8; 256; 32; 2; 1],0.005875674469280057,0.6798496511302968,tvm
64,16,64,4,1024,64,4,0,[64; 16; 64; 4; 1024; 64; 4; 0],0.0056391639009234495,0.7083630318744771,tvm
64,4,8,8,1024,32,2,1,[64; 4; 8; 8; 1024; 32; 2; 1],0.005419641092885286,0.7370553085773847,tvm
128,8,64,4,256,64,4,1,[128; 8; 64; 4; 256; 64; 4; 1],0.005703482311218977,0.7003747921226563,tvm
128,1,4,4,128,64,4,1,[128; 1; 4; 4; 128; 64; 4; 1],0.005460963409859687,0.7314781181069796,tvm
128,2,32,4,1024,64,4,1,[128; 2; 32; 4; 1024; 64; 4; 1],0.005308761748892721,0.7524495215722216,tvm
128,16,32,4,512,64,4,0,[128; 16; 32; 4; 512; 64; 4; 0],0.005464511254103854,0.731003204558378,tvm
64,2,16,4,512,64,4,0,[64; 2; 16; 4; 512; 64; 4; 0],0.005717537031159736,0.6986531466828094,tvm
128,16,4,4,256,64,4,0,[128; 16; 4; 4; 256; 64; 4; 0],0.005369341000914574,0.7439600571866887,tvm
128,32,16,4,256,64,4,1,[128; 32; 16; 4; 256; 64; 4; 1],0.005399889436375815,0.7397513014222442,tvm
128,4,16,4,512,64,4,1,[128; 4; 16; 4; 512; 64; 4; 1],0.005379052527132444,0.7426168861423508,tvm
64,32,8,4,256,64,4,1,[64; 32; 8; 4; 256; 64; 4; 1],0.005410248559201136,0.7383348832100732,tvm
64,4,16,4,1024,64,4,0,[64; 4; 16; 4; 1024; 64; 4; 0],0.005449795535241719,0.7329770836839411,tvm
128,4,8,4,1024,64,4,0,[128; 4; 8; 4; 1024; 64; 4; 0],0.005377506931836251,0.7428303280180459,tvm
64,16,32,4,1024,64,4,1,[64; 16; 32; 4; 1024; 64; 4; 1],0.00535409631265793,0.746078330464738,tvm
64,32,4,4,512,64,4,0,[64; 32; 4; 4; 512; 64; 4; 0],0.005319741685525514,0.7508964672033002,tvm
64,2,4,4,1024,64,4,0,[64; 2; 4; 4; 1024; 64; 4; 0],0.005242868348432239,0.7619064551353316,tvm
128,16,16,4,1024,64,4,1,[128; 16; 16; 4; 1024; 64; 4; 1],0.005383028066717088,0.7420684396563779,tvm
128,4,4,4,512,64,4,1,[128; 4; 4; 4; 512; 64; 4; 1],0.005439701220893767,0.7343372505004809,tvm
64,4,4,4,512,64,4,1,[64; 4; 4; 4; 512; 64; 4; 1],0.005332681466825306,0.7490744127406732,tvm
128,64,64,8,128,32,2,1,[128; 64; 64; 8; 128; 32; 2; 1],0.00684931525029242,0.5832079692819945,tvm
32,32,8,4,256,64,4,0,[32; 32; 8; 4; 256; 64; 4; 0],0.008520354502252303,0.4688273518477778,tvm
64,4,64,4,512,32,2,1,[64; 4; 64; 4; 512; 32; 2; 1],0.006692371243843809,0.5968848846766796,tvm
32,2,16,4,1024,32,2,1,[32; 2; 16; 4; 1024; 32; 2; 1],0.007086246434482746,0.5637082022235399,tvm
64,4,32,4,64,32,2,1,[64; 4; 32; 4; 64; 32; 2; 1],0.007096242319676094,0.5629141534554544,tvm
64,16,4,4,64,32,2,1,[64; 16; 4; 4; 64; 32; 2; 1],0.006751010994776152,0.5917003010639725,tvm
128,2,64,4,1024,32,2,1,[128; 2; 64; 4; 1024; 32; 2; 1],0.006652078242041171,0.6005003388038194,tvm
128,16,16,4,512,32,2,1,[128; 16; 16; 4; 512; 32; 2; 1],0.006814679873059504,0.586172103826477,tvm
32,1,64,4,256,64,4,0,[32; 1; 64; 4; 256; 64; 4; 0],0.006896691062138416,0.579201707326682,tvm
128,64,8,4,128,64,4,0,[128; 64; 8; 4; 128; 64; 4; 0],0.0064486487390240654,0.619443762523771,tvm
64,64,8,8,512,32,2,1,[64; 64; 8; 8; 512; 32; 2; 1],0.0070584363711532205,0.565929198486576,tvm
32,16,8,4,256,64,4,0,[32; 16; 8; 4; 256; 64; 4; 0],0.006488197686849162,0.6156679298153611,tvm
128,64,16,4,64,64,4,0,[128; 64; 16; 4; 64; 64; 4; 0],0.006579905384569429,0.6070870331149347,tvm
32,2,8,4,64,64,4,1,[32; 2; 8; 4; 64; 64; 4; 1],0.0065116426994791254,0.6134512322696651,tvm
128,32,32,8,128,32,2,1,[128; 32; 32; 8; 128; 32; 2; 1],0.005924532342760358,0.6742431312703554,tvm
32,32,8,8,256,32,2,1,[32; 32; 8; 8; 256; 32; 2; 1],0.007958288930240087,0.5019389561136138,tvm
64,64,64,4,128,64,4,0,[64; 64; 64; 4; 128; 64; 4; 0],0.005854128561622929,0.6823518130916875,tvm
32,16,64,8,64,32,2,1,[32; 16; 64; 8; 64; 32; 2; 1],0.006309559248620644,0.6330989345996723,tvm
128,64,8,4,512,64,4,0,[128; 64; 8; 4; 512; 64; 4; 0],0.006213737062353175,0.6428619682504672,tvm
64,4,4,4,512,32,2,1,[64; 4; 4; 4; 512; 32; 2; 1],0.006082486346713267,0.6567339424039558,tvm
64,32,16,8,256,32,2,1,[64; 32; 16; 8; 256; 32; 2; 1],0.005714808408811223,0.6989867292727278,tvm
32,2,64,4,64,64,4,1,[32; 2; 64; 4; 64; 64; 4; 1],0.006519946065964177,0.6126699818803664,tvm
32,16,16,4,256,64,4,1,[32; 16; 16; 4; 256; 64; 4; 1],0.006276727552176453,0.6364104869758319,tvm
32,16,32,8,1024,32,2,1,[32; 16; 32; 8; 1024; 32; 2; 1],0.006443867561756633,0.6199033732167977,tvm
64,4,32,8,32,32,2,1,[64; 4; 32; 8; 32; 32; 2; 1],0.006184843747178093,0.6458651829187778,tvm
64,2,16,8,32,32,2,1,[64; 2; 16; 8; 32; 32; 2; 1],0.005925390316406265,0.6741455034675148,tvm
32,8,32,4,256,64,4,1,[32; 8; 32; 4; 256; 64; 4; 1],0.006390431939507835,0.6250868917638273,tvm
64,2,32,8,64,32,2,1,[64; 2; 32; 8; 64; 32; 2; 1],0.005936850495345425,0.6728441690130216,tvm
128,1,64,8,256,32,2,1,[128; 1; 64; 8; 256; 32; 2; 1],0.00622098828171147,0.6421126446803532,tvm
32,32,4,4,512,64,4,0,[32; 32; 4; 4; 512; 64; 4; 0],0.006742566431057639,0.5924413617484594,tvm
64,2,8,8,32,32,2,1,[64; 2; 8; 8; 32; 32; 2; 1],0.006057786493329331,0.6594116914641932,tvm
32,32,32,4,1024,64,4,0,[32; 32; 32; 4; 1024; 64; 4; 0],0.00575380097143352,0.6942498111991554,tvm
128,64,64,4,512,64,4,1,[128; 64; 64; 4; 512; 64; 4; 1],0.005938311216596048,0.6726786610528984,tvm
128,8,32,8,512,32,2,1,[128; 8; 32; 8; 512; 32; 2; 1],0.005863797654455993,0.6812266509673465,tvm
128,8,16,8,256,32,2,1,[128; 8; 16; 8; 256; 32; 2; 1],0.005655519627907779,0.7063144504677467,tvm
32,8,4,4,256,64,4,1,[32; 8; 4; 4; 256; 64; 4; 1],0.005937947338679805,0.6727198828582672,tvm
128,2,32,8,1024,32,2,1,[128; 2; 32; 8; 1024; 32; 2; 1],0.005815252152387984,0.6869135049380274,tvm
64,8,32,4,64,64,4,0,[64; 8; 32; 4; 64; 64; 4; 0],0.006220822280738503,0.6421297792839411,tvm
64,1,16,8,256,32,2,1,[64; 1; 16; 8; 256; 32; 2; 1],0.005784884313470684,0.6905194679163192,tvm
64,1,8,8,128,32,2,1,[64; 1; 8; 8; 128; 32; 2; 1],0.005599289564997889,0.7134075121004648,tvm
64,32,64,4,64,64,4,0,[64; 32; 64; 4; 64; 64; 4; 0],0.006500636489363387,0.6144898648972803,tvm
128,8,64,4,128,64,4,0,[128; 8; 64; 4; 128; 64; 4; 0],0.006111195310950279,0.6536487601595062,tvm
32,2,16,4,512,64,4,1,[32; 2; 16; 4; 512; 64; 4; 1],0.0060608700950979255,0.6590762011754845,tvm
64,8,8,8,128,32,2,1,[64; 8; 8; 8; 128; 32; 2; 1],0.005570279034145642,0.7171230047199812,tvm
32,16,8,8,256,32,2,1,[32; 16; 8; 8; 256; 32; 2; 1],0.005877748721104581,0.6796097328476053,tvm
64,1,64,4,64,64,4,1,[64; 1; 64; 4; 64; 64; 4; 1],0.005906344376853667,0.6763193920336836,tvm
32,4,64,4,512,64,4,1,[32; 4; 64; 4; 512; 64; 4; 1],0.006108450499596074,0.6539424749958083,tvm
128,8,16,4,128,64,4,0,[128; 8; 16; 4; 128; 64; 4; 0],0.0061213768713059835,0.6525615596092197,tvm
32,8,4,4,512,64,4,0,[32; 8; 4; 4; 512; 64; 4; 0],0.005989826597215142,0.6668933020452448,tvm
32,2,4,4,512,64,4,0,[32; 2; 4; 4; 512; 64; 4; 0],0.006049325842468534,0.6603339516036355,tvm
32,8,64,4,1024,64,4,1,[32; 8; 64; 4; 1024; 64; 4; 1],0.0060284220016910695,0.6626236910711784,tvm
32,4,8,8,256,32,2,1,[32; 4; 8; 8; 256; 32; 2; 1],0.005955063184956089,0.6707863735495685,tvm
64,32,32,4,64,64,4,1,[64; 32; 32; 4; 64; 64; 4; 1],0.0059563302784226835,0.6706436767897054,tvm
128,16,16,4,256,64,4,0,[128; 16; 16; 4; 256; 64; 4; 0],0.006103876658016816,0.6544324962479007,tvm
64,16,8,4,64,64,4,1,[64; 16; 8; 4; 64; 64; 4; 1],0.005934645181696396,0.6730941978494835,tvm
128,4,4,4,128,64,4,0,[128; 4; 4; 4; 128; 64; 4; 0],0.006091290255426429,0.6557847468418811,tvm
64,4,16,4,256,64,4,1,[64; 4; 16; 4; 256; 64; 4; 1],0.0056806397187756374,0.7031910904140563,tvm
128,8,4,4,64,64,4,1,[128; 8; 4; 4; 64; 64; 4; 1],0.005506690373294987,0.7254040026414345,tvm
64,1,32,4,512,64,4,0,[64; 1; 32; 4; 512; 64; 4; 0],0.005684916592144873,0.7026620660740631,tvm
64,4,4,4,128,64,4,1,[64; 4; 4; 4; 128; 64; 4; 1],0.005380193440942094,0.7424594081873331,tvm
128,16,32,4,512,64,4,0,[128; 16; 32; 4; 512; 64; 4; 0],0.005356210494937841,0.7457838413689146,tvm
128,8,64,4,512,64,4,1,[128; 8; 64; 4; 512; 64; 4; 1],0.005432289130112622,0.7353392174860955,tvm
64,16,8,4,256,64,4,1,[64; 16; 8; 4; 256; 64; 4; 1],0.005345132340153214,0.7473295297269922,tvm
128,16,16,4,512,64,4,0,[128; 16; 16; 4; 512; 64; 4; 0],0.005292239467962645,0.7547986560844404,tvm
32,4,8,4,64,64,4,1,[32; 4; 8; 4; 64; 64; 4; 1],0.006540975999087095,0.6107001827636654,tvm
128,2,8,4,128,32,2,1,[128; 2; 8; 4; 128; 32; 2; 1],0.00625970093824435,0.6381415466176554,tvm
128,64,4,4,128,64,4,0,[128; 64; 4; 4; 128; 64; 4; 0],0.0062904431251809,0.6350228685964572,tvm
64,1,4,4,128,32,2,1,[64; 1; 4; 4; 128; 32; 2; 1],0.0062003112470847555,0.6442539864387286,tvm
32,8,4,4,1024,32,2,1,[32; 8; 4; 4; 1024; 32; 2; 1],0.006332194432616234,0.6308358469726938,tvm
64,8,8,4,256,32,2,1,[64; 8; 8; 4; 256; 32; 2; 1],0.00631915099802427,0.6321379627333121,tvm
32,4,8,4,128,64,4,1,[32; 4; 8; 4; 128; 64; 4; 1],0.006019326436216943,0.6636249554536153,tvm
64,1,4,4,512,32,2,1,[64; 1; 4; 4; 512; 32; 2; 1],0.006011722311086487,0.664464363353687,tvm
32,4,16,8,64,32,2,1,[32; 4; 16; 8; 64; 32; 2; 1],0.006400277561624534,0.6241253132592777,tvm
128,64,16,4,256,64,4,0,[128; 64; 16; 4; 256; 64; 4; 0],0.006653268821537495,0.6003928813404141,tvm
32,2,64,8,64,32,2,1,[32; 2; 64; 8; 64; 32; 2; 1],0.006597171435714699,0.6054981709994761,tvm
32,1,16,8,32,32,2,1,[32; 1; 16; 8; 32; 32; 2; 1],0.007095659369952045,0.5629604001301199,tvm
32,1,64,8,128,32,2,1,[32; 1; 64; 8; 128; 32; 2; 1],0.006502767748315819,0.6142884680342169,tvm
128,16,16,8,64,32,2,1,[128; 16; 16; 8; 64; 32; 2; 1],0.006464724239776842,0.6179034232453399,tvm
32,1,8,4,256,64,4,1,[32; 1; 8; 4; 256; 64; 4; 1],0.0062342005330719985,0.6407518040050678,tvm
64,4,4,4,512,32,2,1,[64; 4; 4; 4; 512; 32; 2; 1],0.00630639330483973,0.6334167637514254,tvm
32,8,32,4,128,64,4,1,[32; 8; 32; 4; 128; 64; 4; 1],0.006273513310588896,0.6367365526032919,tvm
32,4,32,8,512,32,2,1,[32; 4; 32; 8; 512; 32; 2; 1],0.006277413784118835,0.6363409160952673,tvm
128,64,16,4,512,64,4,0,[128; 64; 16; 4; 512; 64; 4; 0],0.006239594375074375,0.6401979035772856,tvm
32,1,32,4,256,64,4,1,[32; 1; 32; 4; 256; 64; 4; 1],0.006512999752885662,0.6133234131208732,tvm
128,2,32,8,32,32,2,1,[128; 2; 32; 8; 32; 32; 2; 1],0.005949154750851449,0.6714525685390065,tvm
128,2,16,8,32,32,2,1,[128; 2; 16; 8; 32; 32; 2; 1],0.0059609481249935925,0.6701241403773384,tvm
128,8,64,8,32,32,2,1,[128; 8; 64; 8; 32; 32; 2; 1],0.005971484060864896,0.6689417902451327,tvm
32,4,32,4,512,64,4,0,[32; 4; 32; 4; 512; 64; 4; 0],0.006567761811311357,0.6082095168578683,tvm
128,32,8,8,512,32,2,1,[128; 32; 8; 8; 512; 32; 2; 1],0.005763346503954381,0.6930999611691674,tvm
64,2,16,8,64,32,2,1,[64; 2; 16; 8; 64; 32; 2; 1],0.005790303002868313,0.6898732650288708,tvm
64,1,64,8,128,32,2,1,[64; 1; 64; 8; 128; 32; 2; 1],0.0059182815020903945,0.6749552613684083,tvm
64,16,64,8,128,32,2,1,[64; 16; 64; 8; 128; 32; 2; 1],0.00591654497111449,0.6751533635926689,tvm
128,64,4,4,512,64,4,1,[128; 64; 4; 4; 512; 64; 4; 1],0.006014879094436765,0.6641156331454559,tvm
128,64,8,4,1024,64,4,1,[128; 64; 8; 4; 1024; 64; 4; 1],0.005950269282038789,0.6713268003102112,tvm
64,4,64,8,128,32,2,1,[64; 4; 64; 8; 128; 32; 2; 1],0.00585776047228137,0.6819287434160834,tvm
32,8,64,4,1024,64,4,0,[32; 8; 64; 4; 1024; 64; 4; 0],0.0063819264905760065,0.6259199700895809,tvm
32,32,64,4,512,64,4,1,[32; 32; 64; 4; 512; 64; 4; 1],0.005801574152428657,0.6885329969320529,tvm
64,16,32,8,256,32,2,1,[64; 16; 32; 8; 256; 32; 2; 1],0.005737555002269801,0.6962155894827967,tvm
64,1,64,8,512,32,2,1,[64; 1; 64; 8; 512; 32; 2; 1],0.006149495187855791,0.6495777484278459,tvm
64,4,32,8,128,32,2,1,[64; 4; 32; 8; 128; 32; 2; 1],0.005799168153316714,0.6888186602781338,tvm
64,1,16,4,256,64,4,0,[64; 1; 16; 4; 256; 64; 4; 0],0.005971433965896722,0.6689474020659925,tvm
64,4,64,4,256,64,4,0,[64; 4; 64; 4; 256; 64; 4; 0],0.005981864596833475,0.6677809524825726,tvm
64,4,32,8,256,32,2,1,[64; 4; 32; 8; 256; 32; 2; 1],0.005935471817792859,0.6730004556875556,tvm
128,16,64,4,128,64,4,0,[128; 16; 64; 4; 128; 64; 4; 0],0.005832302813360002,0.6849053222930918,tvm
64,2,8,4,64,64,4,0,[64; 2; 8; 4; 64; 64; 4; 0],0.006433749251300469,0.6208782907241536,tvm
128,4,16,8,1024,32,2,1,[128; 4; 16; 8; 1024; 32; 2; 1],0.0062202052140492015,0.6421934808634501,tvm
64,16,16,8,512,32,2,1,[64; 16; 16; 8; 512; 32; 2; 1],0.005669018435582984,0.7046326067705667,tvm
128,8,8,4,64,64,4,0,[128; 8; 8; 4; 64; 64; 4; 0],0.006243787378480192,0.6397679799063821,tvm
64,32,8,4,64,64,4,0,[64; 32; 8; 4; 64; 64; 4; 0],0.006485680569312535,0.6159068729033401,tvm
64,1,64,4,64,64,4,1,[64; 1; 64; 4; 64; 64; 4; 1],0.006033464378560893,0.6620699133137217,tvm
128,32,16,4,64,64,4,1,[128; 32; 16; 4; 64; 64; 4; 1],0.006077110811020248,0.6573148593656488,tvm
64,32,8,4,128,64,4,0,[64; 32; 8; 4; 128; 64; 4; 0],0.005989552220853511,0.6669238518678465,tvm
128,8,8,4,64,64,4,1,[128; 8; 8; 4; 64; 64; 4; 1],0.005491761563462205,0.7273759415689041,tvm
64,4,64,4,256,64,4,1,[64; 4; 64; 4; 256; 64; 4; 1],0.005803136096801609,0.6883476746817714,tvm
128,1,64,4,1024,64,4,1,[128; 1; 64; 4; 1024; 64; 4; 1],0.0054485596920130774,0.7331433376697326,tvm
64,1,4,4,256,64,4,1,[64; 1; 4; 4; 256; 64; 4; 1],0.005408266501035541,0.7386054731826514,tvm
64,4,4,4,256,64,4,0,[64; 4; 4; 4; 256; 64; 4; 0],0.005461974906211253,0.731342656582454,tvm
64,32,16,4,256,64,4,1,[64; 32; 16; 4; 256; 64; 4; 1],0.005644265249429736,0.7077228056386661,tvm
128,4,16,4,512,64,4,0,[128; 4; 16; 4; 512; 64; 4; 0],0.005470200594572816,0.7302429168792093,tvm
128,16,32,4,512,64,4,0,[128; 16; 32; 4; 512; 64; 4; 0],0.0054792731534689665,0.7290337835350013,tvm
64,2,8,4,512,64,4,1,[64; 2; 8; 4; 512; 64; 4; 1],0.005342785028915387,0.7476578631699426,tvm
128,4,4,4,256,64,4,1,[128; 4; 4; 4; 256; 64; 4; 1],0.005394898747908883,0.740435627201266,tvm
128,16,32,4,1024,64,4,0,[128; 16; 32; 4; 1024; 64; 4; 0],0.005401583781349473,0.7395192594971243,tvm
128,1,8,4,1024,64,4,0,[128; 1; 8; 4; 1024; 64; 4; 0],0.005411852558609098,0.7381160508042157,tvm
64,8,32,4,1024,64,4,1,[64; 8; 32; 4; 1024; 64; 4; 1],0.005225563065323513,0.764429629527002,tvm
64,2,4,4,512,64,4,1,[64; 2; 4; 4; 512; 64; 4; 1],0.005291463938192464,0.7549092812035233,tvm
128,32,16,4,512,64,4,1,[128; 32; 16; 4; 512; 64; 4; 1],0.00537678172258893,0.7429305194431145,tvm
128,32,4,4,1024,64,4,1,[128; 32; 4; 4; 1024; 64; 4; 1],0.005208351409237366,0.7669557839378094,tvm
64,64,8,4,1024,32,2,1,[64; 64; 8; 4; 1024; 32; 2; 1],0.010198842559475452,0.3916694678636835,tvm
64,64,8,4,512,32,2,1,[64; 64; 8; 4; 512; 32; 2; 1],0.010064914808026515,0.39688117726636546,tvm
64,4,8,8,256,32,2,0,[64; 4; 8; 8; 256; 32; 2; 0],0.006149635060864966,0.6495629738284645,tvm
64,64,8,8,1024,32,2,1,[64; 64; 8; 8; 1024; 32; 2; 1],0.008111519884550944,0.49245706044600035,tvm
32,16,8,4,128,64,4,0,[32; 16; 8; 4; 128; 64; 4; 0],0.007065368496114388,0.5653739419666592,tvm
32,4,16,4,1024,32,2,1,[32; 4; 16; 4; 1024; 32; 2; 1],0.007202177061117254,0.5546344118170806,tvm
128,64,64,8,64,32,2,1,[128; 64; 64; 8; 64; 32; 2; 1],0.007004484563367441,0.5702882491862936,tvm
128,64,8,4,128,32,2,1,[128; 64; 8; 4; 128; 32; 2; 1],0.007183191322837956,0.5561003540856614,tvm
64,64,4,4,256,32,2,1,[64; 64; 4; 4; 256; 32; 2; 1],0.008577638625865802,0.46569637779442324,tvm
64,2,16,4,64,32,2,1,[64; 2; 16; 4; 64; 32; 2; 1],0.006994096009293571,0.571135316528019,tvm
128,2,16,4,64,32,2,1,[128; 2; 16; 4; 64; 32; 2; 1],0.007340724638197571,0.5441663371092011,tvm
128,8,64,4,128,32,2,1,[128; 8; 64; 4; 128; 32; 2; 1],0.007179911379353143,0.5563543931171919,tvm
128,4,32,4,256,32,2,1,[128; 4; 32; 4; 256; 32; 2; 1],0.007189511685282923,0.5556114814128774,tvm
128,4,4,4,32,32,2,1,[128; 4; 4; 4; 32; 32; 2; 1],0.007379352682619356,0.5413178377425558,tvm
64,1,64,4,512,32,2,1,[64; 1; 64; 4; 512; 32; 2; 1],0.006956759883905761,0.5742005336904841,tvm
32,2,8,4,512,32,2,1,[32; 2; 8; 4; 512; 32; 2; 1],0.006531872437335551,0.6115513241291475,tvm
64,64,16,4,256,64,4,0,[64; 64; 16; 4; 256; 64; 4; 0],0.007124212497728877,0.5607041114184432,tvm
64,1,4,4,32,32,2,1,[64; 1; 4; 4; 32; 32; 2; 1],0.0068997534399386495,0.5789446351768125,tvm
64,1,32,4,512,32,2,1,[64; 1; 32; 4; 512; 32; 2; 1],0.006643415064900182,0.601283406060262,tvm
64,8,16,4,128,32,2,1,[64; 8; 16; 4; 128; 32; 2; 1],0.006679631624137983,0.5980232837481879,tvm
32,4,8,4,1024,32,2,1,[32; 4; 8; 4; 1024; 32; 2; 1],0.006486478450824507,0.6158311121171584,tvm
64,4,4,4,32,32,2,1,[64; 4; 4; 4; 32; 32; 2; 1],0.00689384805446025,0.5794405688287239,tvm
128,64,4,4,128,64,4,0,[128; 64; 4; 4; 128; 64; 4; 0],0.00634189261472784,0.6298711568875507,tvm
128,4,8,4,1024,32,2,1,[128; 4; 8; 4; 1024; 32; 2; 1],0.006415675816242583,0.622627350961556,tvm
128,1,8,4,128,32,2,1,[128; 1; 8; 4; 128; 32; 2; 1],0.006426254447433166,0.6216024078677415,tvm
64,64,32,4,512,64,4,0,[64; 64; 32; 4; 512; 64; 4; 0],0.006371528434101492,0.626941444177758,tvm
128,8,4,4,128,32,2,1,[128; 8; 4; 4; 128; 32; 2; 1],0.006363757376675494,0.627707029299419,tvm
32,4,32,4,64,64,4,1,[32; 4; 32; 4; 64; 64; 4; 1],0.006478573501226492,0.6165825296786406,tvm
128,4,4,4,512,32,2,1,[128; 4; 4; 4; 512; 32; 2; 1],0.006232366940821521,0.6409403162594743,tvm
128,64,8,4,512,64,4,0,[128; 64; 8; 4; 512; 64; 4; 0],0.006229076374438591,0.6412788988247488,tvm
32,16,32,4,256,64,4,1,[32; 16; 32; 4; 256; 64; 4; 1],0.006223745251190849,0.6418282042201066,tvm
128,16,64,8,32,32,2,1,[128; 16; 64; 8; 32; 32; 2; 1],0.005818279001687188,0.6865561512153145,tvm
128,1,64,8,64,32,2,1,[128; 1; 64; 8; 64; 32; 2; 1],0.006223446936928667,0.6418589695675305,tvm
32,8,32,4,512,64,4,0,[32; 8; 32; 4; 512; 64; 4; 0],0.006435976873035543,0.6206633921932022,tvm
64,2,16,4,64,64,4,0,[64; 2; 16; 4; 64; 64; 4; 0],0.0063668824441265315,0.6273989308189986,tvm
128,32,32,8,256,32,2,1,[128; 32; 32; 8; 256; 32; 2; 1],0.005929990409640595,0.6736225461007687,tvm
128,2,8,8,64,32,2,1,[128; 2; 8; 8; 64; 32; 2; 1],0.005772493066615425,0.692001738589765,tvm
128,1,64,8,512,32,2,1,[128; 1; 64; 8; 512; 32; 2; 1],0.00597048884810647,0.669053295252718,tvm
128,64,64,4,256,64,4,1,[128; 64; 64; 4; 256; 64; 4; 1],0.005947380748693831,0.6716528513787402,tvm
64,2,16,4,128,64,4,0,[64; 2; 16; 4; 128; 64; 4; 0],0.006136717624031007,0.6509302664428828,tvm
128,1,16,8,256,32,2,1,[128; 1; 16; 8; 256; 32; 2; 1],0.006313099802355282,0.6327438759331744,tvm
128,16,16,8,256,32,2,1,[128; 16; 16; 8; 256; 32; 2; 1],0.005984097748296335,0.6675317493322178,tvm
32,16,8,4,512,64,4,0,[32; 16; 8; 4; 512; 64; 4; 0],0.006168784377223346,0.6475465819236903,tvm
64,2,8,8,32,32,2,1,[64; 2; 8; 8; 32; 32; 2; 1],0.006320106622297317,0.6320423810576848,tvm
64,4,32,4,128,64,4,0,[64; 4; 32; 4; 128; 64; 4; 0],0.006279822497162968,0.6360968387083975,tvm
64,4,16,4,128,64,4,0,[64; 4; 16; 4; 128; 64; 4; 0],0.006221931093023159,0.6420153451352872,tvm
128,32,64,4,128,64,4,0,[128; 32; 64; 4; 128; 64; 4; 0],0.005967906370642595,0.6693428130416734,tvm
32,1,32,4,512,64,4,1,[32; 1; 32; 4; 512; 64; 4; 1],0.005993266902805772,0.6665104863301119,tvm
32,4,64,4,512,64,4,1,[32; 4; 64; 4; 512; 64; 4; 1],0.006214877066668123,0.6427440471057914,tvm
128,8,16,4,64,64,4,1,[128; 8; 16; 4; 64; 64; 4; 1],0.005676723907527048,0.7036761525073703,tvm
32,8,4,4,1024,64,4,0,[32; 8; 4; 4; 1024; 64; 4; 0],0.0057868429939844646,0.6902857468653766,tvm
128,4,4,4,128,64,4,0,[128; 4; 4; 4; 128; 64; 4; 0],0.005717737440136261,0.6986286586115158,tvm
128,1,32,4,256,64,4,1,[128; 1; 32; 4; 256; 64; 4; 1],0.005800942439236678,0.6886079770549952,tvm
32,2,8,8,1024,32,2,1,[32; 2; 8; 8; 1024; 32; 2; 1],0.005361034527595621,0.7451127608922101,tvm
64,8,4,4,128,64,4,0,[64; 8; 4; 4; 128; 64; 4; 0],0.005740280088502914,0.695885074684054,tvm
64,2,64,4,1024,64,4,0,[64; 2; 64; 4; 1024; 64; 4; 0],0.005709311437385622,0.6996597193731672,tvm
128,32,4,4,128,64,4,0,[128; 32; 4; 4; 128; 64; 4; 0],0.0055431035871151835,0.7206387496312601,tvm
128,32,8,4,64,64,4,1,[128; 32; 8; 4; 64; 64; 4; 1],0.005544827159610577,0.7204147438882088,tvm
128,1,64,4,1024,64,4,0,[128; 1; 64; 4; 1024; 64; 4; 0],0.00540251171332784,0.7393922401391073,tvm
64,2,64,4,512,64,4,1,[64; 2; 64; 4; 512; 64; 4; 1],0.005497231468325481,0.7266521813955983,tvm
64,16,64,4,1024,64,4,1,[64; 16; 64; 4; 1024; 64; 4; 1],0.005302709440002218,0.7533083385563678,tvm
128,8,16,4,256,64,4,1,[128; 8; 16; 4; 256; 64; 4; 1],0.0054654703417327255,0.730874927194067,tvm
128,8,8,4,128,64,4,1,[128; 8; 8; 4; 128; 64; 4; 1],0.005378367779485416,0.7427114325152055,tvm
128,16,8,4,1024,64,4,0,[128; 16; 8; 4; 1024; 64; 4; 0],0.005279228345898446,0.7566589236850715,tvm
128,4,32,4,512,32,2,1,[128; 4; 32; 4; 512; 32; 2; 1],0.006549529251060449,0.6099026487206646,tvm
128,32,32,8,256,32,2,0,[128; 32; 32; 8; 256; 32; 2; 0],0.006771851753001101,0.589879309795131,tvm
32,8,8,4,256,64,4,0,[32; 8; 8; 4; 256; 64; 4; 0],0.006500320887425914,0.6145196994539549,tvm
32,32,16,4,128,64,4,1,[32; 32; 16; 4; 128; 64; 4; 1],0.0073029586201300845,0.5469804014888536,tvm
128,16,8,8,256,32,2,0,[128; 16; 8; 8; 256; 32; 2; 0],0.005581532808719203,0.7156771042992176,tvm
32,4,8,4,128,32,2,1,[32; 4; 8; 4; 128; 32; 2; 1],0.006784233060898259,0.5888027728761931,tvm
64,8,32,8,512,32,2,0,[64; 8; 32; 8; 512; 32; 2; 0],0.006055355341231916,0.6596764373009648,tvm
64,2,32,8,512,32,2,0,[64; 2; 32; 8; 512; 32; 2; 0],0.006136836374935228,0.6509176706112519,tvm
64,4,16,8,128,32,2,0,[64; 4; 16; 8; 128; 32; 2; 0],0.0062123599054757506,0.6430044779881967,tvm
32,2,4,4,128,32,2,1,[32; 2; 4; 4; 128; 32; 2; 1],0.0066210303048137575,0.6033162595844064,tvm
32,4,64,8,64,32,2,1,[32; 4; 64; 8; 64; 32; 2; 1],0.006431126996176317,0.6211314502839468,tvm
128,64,8,4,256,64,4,0,[128; 64; 8; 4; 256; 64; 4; 0],0.006433724804082885,0.620880649971266,tvm
32,1,32,8,64,32,2,1,[32; 1; 32; 8; 64; 32; 2; 1],0.0066173310042358935,0.603653532751834,tvm
64,2,8,4,1024,32,2,1,[64; 2; 8; 4; 1024; 32; 2; 1],0.006046193499059882,0.6606760499339546,tvm
32,8,64,4,64,64,4,1,[32; 8; 64; 4; 64; 64; 4; 1],0.006552917053340934,0.6095873342481342,tvm
128,64,32,4,128,64,4,0,[128; 64; 32; 4; 128; 64; 4; 0],0.006650210125371814,0.6006690259086965,tvm
128,4,4,4,1024,32,2,1,[128; 4; 4; 4; 1024; 32; 2; 1],0.006168231935589574,0.6476045777473552,tvm
64,32,16,8,32,32,2,1,[64; 32; 16; 8; 32; 32; 2; 1],0.005899281248275656,0.6771291399715587,tvm
64,32,32,8,32,32,2,1,[64; 32; 32; 8; 32; 32; 2; 1],0.006019376058247872,0.6636194847174882,tvm
64,4,8,8,512,32,2,0,[64; 4; 8; 8; 512; 32; 2; 0],0.005445706025057007,0.7335275205299798,tvm
32,8,16,4,128,64,4,1,[32; 8; 16; 4; 128; 64; 4; 1],0.0062379726296057925,0.6403643419557092,tvm
128,16,32,8,64,32,2,1,[128; 16; 32; 8; 64; 32; 2; 1],0.005797095342131797,0.6890649544891375,tvm
32,2,16,8,128,32,2,1,[32; 2; 16; 8; 128; 32; 2; 1],0.0061883661182946526,0.645497561349204,tvm
128,64,32,4,64,64,4,1,[128; 64; 32; 4; 64; 64; 4; 1],0.006009589247696567,0.6647002105220969,tvm
64,2,4,4,512,32,2,1,[64; 2; 4; 4; 512; 32; 2; 1],0.006092294184782077,0.6556766822050839,tvm
32,2,16,8,1024,32,2,1,[32; 2; 16; 8; 1024; 32; 2; 1],0.00612867706513498,0.651784258762745,tvm
128,64,64,4,64,64,4,0,[128; 64; 64; 4; 64; 64; 4; 0],0.006493620428955182,0.6151537931418578,tvm
64,16,64,8,32,32,2,1,[64; 16; 64; 8; 32; 32; 2; 1],0.005867750624020118,0.6807677241331827,tvm
64,8,16,8,32,32,2,1,[64; 8; 16; 8; 32; 32; 2; 1],0.005868756787094753,0.680651010598907,tvm
32,4,16,4,1024,64,4,0,[32; 4; 16; 4; 1024; 64; 4; 0],0.006261987058678642,0.6379085744929891,tvm
128,32,64,8,256,32,2,1,[128; 32; 64; 8; 256; 32; 2; 1],0.006054815814422909,0.6597352191258959,tvm
64,32,64,4,64,64,4,0,[64; 32; 64; 4; 64; 64; 4; 0],0.006245726843189914,0.6395693148909899,tvm
64,2,64,8,64,32,2,1,[64; 2; 64; 8; 64; 32; 2; 1],0.006014332248014398,0.664176017115454,tvm
32,32,32,4,1024,64,4,0,[32; 32; 32; 4; 1024; 64; 4; 0],0.005770494564785622,0.6922414003250412,tvm
64,32,8,4,64,64,4,0,[64; 32; 8; 4; 64; 64; 4; 0],0.006431292757042684,0.6211154411717487,tvm
128,16,64,8,256,32,2,1,[128; 16; 64; 8; 256; 32; 2; 1],0.005782946340332273,0.6907508738643631,tvm
128,2,64,8,128,32,2,1,[128; 2; 64; 8; 128; 32; 2; 1],0.005887796185561456,0.6784499857333833,tvm
128,4,8,4,64,64,4,0,[128; 4; 8; 4; 64; 64; 4; 0],0.00590992843353888,0.6759092403600016,tvm
128,16,8,4,64,64,4,0,[128; 16; 8; 4; 64; 64; 4; 0],0.005921121533901896,0.6746315229680645,tvm
128,2,64,4,64,64,4,0,[128; 2; 64; 4; 64; 64; 4; 0],0.005914244437008165,0.6754159860386107,tvm
64,4,64,4,256,64,4,0,[64; 4; 64; 4; 256; 64; 4; 0],0.006011268749716692,0.6645144984215687,tvm
64,32,8,8,128,32,2,1,[64; 32; 8; 8; 128; 32; 2; 1],0.0055077574361348525,0.7252634641983232,tvm
64,8,32,4,256,64,4,0,[64; 8; 32; 4; 256; 64; 4; 0],0.005948215810349211,0.671558558979171,tvm
128,1,32,4,256,64,4,0,[128; 1; 32; 4; 256; 64; 4; 0],0.005763448723882902,0.6930876684201758,tvm
32,16,32,4,1024,64,4,1,[32; 16; 32; 4; 1024; 64; 4; 1],0.005793033276859205,0.6895481256860598,tvm
32,2,16,4,1024,64,4,1,[32; 2; 16; 4; 1024; 64; 4; 1],0.005869911590707488,0.6805171042812554,tvm
128,32,64,4,256,64,4,0,[128; 32; 64; 4; 256; 64; 4; 0],0.005683094532287214,0.7028873469200563,tvm
128,32,4,4,64,64,4,0,[128; 32; 4; 4; 64; 64; 4; 0],0.00583232453209348,0.6849027718046766,tvm
64,2,16,8,512,32,2,1,[64; 2; 16; 8; 512; 32; 2; 1],0.00581928959582001,0.6864369219508405,tvm
64,32,64,4,1024,64,4,0,[64; 32; 64; 4; 1024; 64; 4; 0],0.00575074181688251,0.6946191231135301,tvm
64,16,4,4,64,64,4,1,[64; 16; 4; 4; 64; 64; 4; 1],0.00568414268491324,0.7027577348995083,tvm
64,2,8,4,256,64,4,1,[64; 2; 8; 4; 256; 64; 4; 1],0.005552629467274528,0.7194024491707979,tvm
64,8,32,4,512,64,4,0,[64; 8; 32; 4; 512; 64; 4; 0],0.005818101220938843,0.6865771299610787,tvm
64,1,16,4,512,64,4,0,[64; 1; 16; 4; 512; 64; 4; 0],0.005864546779775992,0.6811396324555908,tvm
128,2,8,4,128,64,4,1,[128; 2; 8; 4; 128; 64; 4; 1],0.005519768128579017,0.7236853333409102,tvm
64,1,8,4,1024,64,4,1,[64; 1; 8; 4; 1024; 64; 4; 1],0.005526497028768063,0.7228041953703335,tvm
64,16,8,4,128,64,4,1,[64; 16; 8; 4; 128; 64; 4; 1],0.005554464092710987,0.7191648323619987,tvm
64,32,8,4,256,64,4,1,[64; 32; 8; 4; 256; 64; 4; 1],0.005450740405649412,0.7328500241829653,tvm
128,4,4,4,256,64,4,1,[128; 4; 4; 4; 256; 64; 4; 1],0.005765332003647927,0.6928612672379892,tvm
128,32,8,4,256,64,4,1,[128; 32; 8; 4; 256; 64; 4; 1],0.005788557275081985,0.6900813187580772,tvm
128,16,8,4,512,64,4,0,[128; 16; 8; 4; 512; 64; 4; 0],0.00569514056405751,0.7014006402766112,tvm
64,16,16,4,1024,64,4,1,[64; 16; 16; 4; 1024; 64; 4; 1],0.005236334662185982,0.7628571311421196,tvm
128,4,4,4,512,64,4,1,[128; 4; 4; 4; 512; 64; 4; 1],0.005690542500815354,0.7019673849238252,tvm
128,4,4,4,1024,64,4,1,[128; 4; 4; 4; 1024; 64; 4; 1],0.0055497658759122714,0.719773649449421,tvm
64,2,16,8,32,32,2,0,[64; 2; 16; 8; 32; 32; 2; 0],0.006962542072869837,0.5737236768249423,tvm
32,1,8,8,64,32,2,0,[32; 1; 8; 8; 64; 32; 2; 0],0.0069788569962838665,0.572382446039844,tvm
32,8,32,8,128,32,2,1,[32; 8; 32; 8; 128; 32; 2; 1],0.006423564424039796,0.6218627189517685,tvm
32,1,32,8,128,32,2,1,[32; 1; 32; 8; 128; 32; 2; 1],0.006590314631466754,0.6061281534302403,tvm
128,2,8,8,32,32,2,0,[128; 2; 8; 8; 32; 32; 2; 0],0.006431345682358369,0.6211103298416437,tvm
32,2,32,8,128,32,2,1,[32; 2; 32; 8; 128; 32; 2; 1],0.00644750936771743,0.6195532274983591,tvm
128,2,4,4,512,32,2,1,[128; 2; 4; 4; 512; 32; 2; 1],0.006323431618511677,0.6317100395932528,tvm
64,1,4,4,256,32,2,1,[64; 1; 4; 4; 256; 32; 2; 1],0.006369793321937323,0.6271122211042665,tvm
128,4,32,8,512,32,2,0,[128; 4; 32; 8; 512; 32; 2; 0],0.006040210748324171,0.6613304410286537,tvm
128,64,64,4,128,64,4,0,[128; 64; 64; 4; 128; 64; 4; 0],0.006434387119952589,0.6208167403711748,tvm
64,32,16,8,1024,32,2,0,[64; 32; 16; 8; 1024; 32; 2; 0],0.006365419510984793,0.6275431228376711,tvm
128,1,16,8,64,32,2,1,[128; 1; 16; 8; 64; 32; 2; 1],0.005912511529459152,0.6756139448003143,tvm
128,64,32,4,128,64,4,1,[128; 64; 32; 4; 128; 64; 4; 1],0.00599326837254921,0.6665103228801622,tvm
64,2,16,4,64,64,4,0,[64; 2; 16; 4; 64; 64; 4; 0],0.006273880062508397,0.6366993309237957,tvm
32,8,32,4,512,64,4,0,[32; 8; 32; 4; 512; 64; 4; 0],0.00648566905874759,0.6159079659958179,tvm
32,4,64,4,512,64,4,0,[32; 4; 64; 4; 512; 64; 4; 0],0.006534084750455804,0.6113442648286105,tvm
64,4,4,4,1024,32,2,1,[64; 4; 4; 4; 1024; 32; 2; 1],0.006038124869519379,0.6615588985679915,tvm
64,16,16,8,1024,32,2,0,[64; 16; 16; 8; 1024; 32; 2; 0],0.005939069997111801,0.6725927190684433,tvm
64,1,64,8,64,32,2,1,[64; 1; 64; 8; 64; 32; 2; 1],0.006571834193891846,0.6078326263629679,tvm
64,32,32,4,64,64,4,0,[64; 32; 32; 4; 64; 64; 4; 0],0.006443373000365682,0.6199509539287161,tvm
32,32,4,4,1024,64,4,0,[32; 32; 4; 4; 1024; 64; 4; 0],0.006958385376492515,0.574066399310118,tvm
64,16,8,4,64,64,4,0,[64; 16; 8; 4; 64; 64; 4; 0],0.006392895316821523,0.624846026742277,tvm
128,32,64,8,128,32,2,1,[128; 32; 64; 8; 128; 32; 2; 1],0.006679074751446024,0.5980731443723415,tvm
128,32,32,8,512,32,2,1,[128; 32; 32; 8; 512; 32; 2; 1],0.006666047120233998,0.599241974448422,tvm
32,32,32,4,1024,64,4,0,[32; 32; 32; 4; 1024; 64; 4; 0],0.005773293400125112,0.6919058085647738,tvm
64,2,32,8,32,32,2,1,[64; 2; 32; 8; 32; 32; 2; 1],0.00640523707261309,0.6236420592728514,tvm
64,32,64,8,512,32,2,1,[64; 32; 64; 8; 512; 32; 2; 1],0.0058107867516810074,0.6874413756346581,tvm
128,2,8,4,64,64,4,0,[128; 2; 8; 4; 64; 64; 4; 0],0.006363888634950854,0.6276940825389046,tvm
64,1,8,8,256,32,2,0,[64; 1; 8; 8; 256; 32; 2; 0],0.005806441746244673,0.6879557933529149,tvm
128,4,64,8,1024,32,2,1,[128; 4; 64; 8; 1024; 32; 2; 1],0.006014370592311025,0.6641717826969357,tvm
64,1,64,4,256,64,4,0,[64; 1; 64; 4; 256; 64; 4; 0],0.006086851411964744,0.6562629786301698,tvm
128,16,32,8,512,32,2,1,[128; 16; 32; 8; 512; 32; 2; 1],0.005884497193619609,0.6788303412611771,tvm
64,4,64,4,256,64,4,0,[64; 4; 64; 4; 256; 64; 4; 0],0.006128740809799638,0.6517774795938597,tvm
128,2,16,8,1024,32,2,1,[128; 2; 16; 8; 1024; 32; 2; 1],0.0059775068439194,0.6682677816017404,tvm
64,2,64,8,1024,32,2,1,[64; 2; 64; 8; 1024; 32; 2; 1],0.00617963784316089,0.6464092782582886,tvm
64,2,16,4,64,64,4,1,[64; 2; 16; 4; 64; 64; 4; 1],0.005998117972922046,0.6659714357284039,tvm
128,4,16,4,128,64,4,0,[128; 4; 16; 4; 128; 64; 4; 0],0.005938110560236964,0.6727013917261642,tvm
32,8,16,4,512,64,4,1,[32; 8; 16; 4; 512; 64; 4; 1],0.0060532448114827275,0.659906440677521,tvm
64,1,4,4,64,64,4,0,[64; 1; 4; 4; 64; 64; 4; 0],0.006430797933717258,0.6211632334381582,tvm
64,8,16,4,256,64,4,0,[64; 8; 16; 4; 256; 64; 4; 0],0.006027759343851358,0.6626965361797202,tvm
32,8,64,4,1024,64,4,1,[32; 8; 64; 4; 1024; 64; 4; 1],0.0059337516213417985,0.673195558730169,tvm
64,2,32,4,128,64,4,1,[64; 2; 32; 4; 128; 64; 4; 1],0.005816904471430462,0.6867183839298832,tvm
64,32,16,4,256,64,4,0,[64; 32; 16; 4; 256; 64; 4; 0],0.005882557437871583,0.6790541835390134,tvm
32,16,4,4,512,64,4,1,[32; 16; 4; 4; 512; 64; 4; 1],0.0055959871533559635,0.7138285218720803,tvm
64,1,32,4,128,64,4,1,[64; 1; 32; 4; 128; 64; 4; 1],0.005790834686195012,0.6898099245723688,tvm
128,32,64,4,256,64,4,0,[128; 32; 64; 4; 256; 64; 4; 0],0.005683711315214168,0.7028110712453942,tvm
128,1,4,4,128,64,4,0,[128; 1; 4; 4; 128; 64; 4; 0],0.005625621350191068,0.7100682732511968,tvm
32,4,8,8,512,32,2,1,[32; 4; 8; 8; 512; 32; 2; 1],0.005539245408726856,0.721140686744434,tvm
64,8,8,8,128,32,2,1,[64; 8; 8; 8; 128; 32; 2; 1],0.005406618998677004,0.7388305406896081,tvm
128,16,8,4,256,64,4,0,[128; 16; 8; 4; 256; 64; 4; 0],0.005448182309919503,0.7331941206927524,tvm
64,1,8,4,256,64,4,1,[64; 1; 8; 4; 256; 64; 4; 1],0.005552119248022791,0.7194685595987114,tvm
64,8,16,4,512,64,4,0,[64; 8; 16; 4; 512; 64; 4; 0],0.005715988125302829,0.6988424661717799,tvm
128,16,32,4,256,64,4,1,[128; 16; 32; 4; 256; 64; 4; 1],0.0055777313755243085,0.7161648650962054,tvm
64,8,64,4,512,64,4,1,[64; 8; 64; 4; 512; 64; 4; 1],0.0056858031239244156,0.7025525068370869,tvm
64,16,16,4,256,64,4,1,[64; 16; 16; 4; 256; 64; 4; 1],0.00570297319063684,0.7004373165656022,tvm
128,4,32,4,1024,64,4,1,[128; 4; 32; 4; 1024; 64; 4; 1],0.005334705529094208,0.7487902033785708,tvm
64,8,32,4,1024,64,4,0,[64; 8; 32; 4; 1024; 64; 4; 0],0.005503205968125258,0.7258632988174427,tvm
64,16,8,4,128,64,4,1,[64; 16; 8; 4; 128; 64; 4; 1],0.005554648530960549,0.7191409529928383,tvm
64,16,8,4,512,64,4,0,[64; 16; 8; 4; 512; 64; 4; 0],0.005551104623009451,0.7196000632986876,tvm
128,1,4,4,512,64,4,1,[128; 1; 4; 4; 512; 64; 4; 1],0.00592588559811702,0.6740891588194909,tvm
64,16,8,4,256,64,4,1,[64; 16; 8; 4; 256; 64; 4; 1],0.005449888063594699,0.7329646391783781,tvm
128,32,8,4,1024,64,4,0,[128; 32; 8; 4; 1024; 64; 4; 0],0.0056519925565226,0.7067552191811287,tvm
128,16,8,4,1024,64,4,0,[128; 16; 8; 4; 1024; 64; 4; 0],0.005636311092530377,0.7087215685076576,tvm
128,16,4,4,1024,64,4,1,[128; 16; 4; 4; 1024; 64; 4; 1],0.005569905653828755,0.7171710772783675,tvm
32,16,16,8,128,32,2,1,[32; 16; 16; 8; 128; 32; 2; 1],0.006124197723693214,0.6522609847557793,tvm
64,2,16,8,64,32,2,0,[64; 2; 16; 8; 64; 32; 2; 0],0.006526470562675968,0.6120574971929992,tvm
64,8,4,4,256,32,2,1,[64; 8; 4; 4; 256; 32; 2; 1],0.006282251124503091,0.6358509328789683,tvm
128,2,4,4,512,32,2,1,[128; 2; 4; 4; 512; 32; 2; 1],0.0066082841221941635,0.604479947325405,tvm
32,1,32,4,512,64,4,0,[32; 1; 32; 4; 512; 64; 4; 0],0.006566160373040475,0.6083578546902809,tvm
32,1,16,8,512,32,2,0,[32; 1; 16; 8; 512; 32; 2; 0],0.006683159503154457,0.5977076016530498,tvm
32,8,16,8,1024,32,2,1,[32; 8; 16; 8; 1024; 32; 2; 1],0.006190954125486314,0.6452277237285222,tvm
32,2,16,4,256,64,4,1,[32; 2; 16; 4; 256; 64; 4; 1],0.006461061755544506,0.6182536848014689,tvm
32,2,64,4,256,64,4,1,[32; 2; 64; 4; 256; 64; 4; 1],0.006439354867325164,0.6203378009751681,tvm
128,64,8,4,1024,64,4,0,[128; 64; 8; 4; 1024; 64; 4; 0],0.006139374279882759,0.650648593161113,tvm
128,64,32,4,1024,64,4,0,[128; 64; 32; 4; 1024; 64; 4; 0],0.00605128218739992,0.6601204694127154,tvm
128,1,32,8,256,32,2,0,[128; 1; 32; 8; 256; 32; 2; 0],0.006196686939802021,0.6446307965693134,tvm
32,8,64,4,128,64,4,1,[32; 8; 64; 4; 128; 64; 4; 1],0.006174741065478884,0.6469219025924349,tvm
32,1,64,4,1024,64,4,0,[32; 1; 64; 4; 1024; 64; 4; 0],0.006381856568623334,0.6259268278975016,tvm
128,1,32,8,512,32,2,0,[128; 1; 32; 8; 512; 32; 2; 0],0.006137509939435404,0.650846235283279,tvm
64,4,64,8,1024,32,2,0,[64; 4; 64; 8; 1024; 32; 2; 0],0.0060448829681263305,0.6608192845350314,tvm
128,4,64,8,1024,32,2,0,[128; 4; 64; 8; 1024; 32; 2; 0],0.006365999550325796,0.6274859441186743,tvm
64,1,32,8,256,32,2,0,[64; 1; 32; 8; 256; 32; 2; 0],0.006860194931505248,0.5822830514261725,tvm
128,4,32,8,1024,32,2,0,[128; 4; 32; 8; 1024; 32; 2; 0],0.006404366431524977,0.6237268402432853,tvm
64,2,4,4,512,32,2,1,[64; 2; 4; 4; 512; 32; 2; 1],0.006273226375924423,0.636765676658145,tvm
128,32,32,8,128,32,2,1,[128; 32; 32; 8; 128; 32; 2; 1],0.006302876499830745,0.6337701901984764,tvm
128,4,16,8,1024,32,2,0,[128; 4; 16; 8; 1024; 32; 2; 0],0.006325359325273894,0.6315175206148893,tvm
128,4,8,8,64,32,2,1,[128; 4; 8; 8; 64; 32; 2; 1],0.006273730119573884,0.6367145481174368,tvm
64,2,16,8,32,32,2,1,[64; 2; 16; 8; 32; 32; 2; 1],0.006391923248884268,0.6249410517863313,tvm
128,64,4,4,512,64,4,1,[128; 64; 4; 4; 512; 64; 4; 1],0.006059711035049986,0.6592022647598553,tvm
128,64,32,4,512,64,4,1,[128; 64; 32; 4; 512; 64; 4; 1],0.005897977876884397,0.6772787761295181,tvm
128,1,16,8,256,32,2,1,[128; 1; 16; 8; 256; 32; 2; 1],0.0061428200351656415,0.6502836181473001,tvm
64,2,8,8,32,32,2,1,[64; 2; 8; 8; 32; 32; 2; 1],0.0060960484988754615,0.6552728769845119,tvm
64,2,32,4,128,64,4,0,[64; 2; 32; 4; 128; 64; 4; 0],0.006261132060899399,0.6379956850041948,tvm
128,16,64,8,1024,32,2,1,[128; 16; 64; 8; 1024; 32; 2; 1],0.005805646222142968,0.6880500611387182,tvm
128,8,16,8,128,32,2,1,[128; 8; 16; 8; 128; 32; 2; 1],0.005739316598919686,0.696001896610328,tvm
64,1,64,4,256,64,4,0,[64; 1; 64; 4; 256; 64; 4; 0],0.006030629410815891,0.6623811489611675,tvm
64,32,16,8,1024,32,2,1,[64; 32; 16; 8; 1024; 32; 2; 1],0.005817370998556726,0.6866633121879766,tvm
128,16,64,4,64,64,4,0,[128; 16; 64; 4; 64; 64; 4; 0],0.005856860560015775,0.6820335224242523,tvm
128,4,16,4,64,64,4,1,[128; 4; 16; 4; 64; 64; 4; 1],0.005533839939744212,0.7218450988085279,tvm
64,1,64,4,64,64,4,1,[64; 1; 64; 4; 64; 64; 4; 1],0.005765003683336545,0.6929007260899691,tvm
32,4,8,8,256,32,2,1,[32; 4; 8; 8; 256; 32; 2; 1],0.005818585719680414,0.6865199604406,tvm
128,16,16,4,256,64,4,0,[128; 16; 16; 4; 256; 64; 4; 0],0.005602447250566911,0.7130054169971931,tvm
128,32,8,4,128,64,4,0,[128; 32; 8; 4; 128; 64; 4; 0],0.005613797286059707,0.7115638550067789,tvm
64,1,8,4,64,64,4,1,[64; 1; 8; 4; 64; 64; 4; 1],0.0057658491205074824,0.6927991271723833,tvm
128,16,8,8,1024,32,2,1,[128; 16; 8; 8; 1024; 32; 2; 1],0.0056456577804056,0.7075482421125882,tvm
64,2,8,8,512,32,2,0,[64; 2; 8; 8; 512; 32; 2; 0],0.005653536529280245,0.7065622053394232,tvm
64,4,8,8,1024,32,2,0,[64; 4; 8; 8; 1024; 32; 2; 0],0.005468976152769756,0.7304064099954415,tvm
32,1,8,8,512,32,2,1,[32; 1; 8; 8; 512; 32; 2; 1],0.005728492746129632,0.6973169758823753,tvm
128,2,16,4,256,64,4,1,[128; 2; 16; 4; 256; 64; 4; 1],0.005631363470456563,0.7093442394638004,tvm
64,2,64,4,1024,64,4,1,[64; 2; 64; 4; 1024; 64; 4; 1],0.005749784439103678,0.6947347818691346,tvm
128,2,64,4,512,64,4,1,[128; 2; 64; 4; 512; 64; 4; 1],0.005734270438551903,0.696614378568445,tvm
64,1,16,4,512,64,4,1,[64; 1; 16; 4; 512; 64; 4; 1],0.005679023248376325,0.7033912458867495,tvm
128,1,16,4,512,64,4,1,[128; 1; 16; 4; 512; 64; 4; 1],0.0053664041552110575,0.7443672005613475,tvm
128,8,32,4,256,64,4,1,[128; 8; 32; 4; 256; 64; 4; 1],0.0054618633148493245,0.7313575986486281,tvm
64,2,32,4,1024,64,4,0,[64; 2; 32; 4; 1024; 64; 4; 0],0.005491060692293104,0.7274687827985156,tvm
128,4,32,4,512,64,4,1,[128; 4; 32; 4; 512; 64; 4; 1],0.005275672745483462,0.757168882682312,tvm
128,8,8,4,512,64,4,0,[128; 8; 8; 4; 512; 64; 4; 0],0.005348144186427817,0.7469086656699383,tvm
128,4,8,4,256,64,4,1,[128; 4; 8; 4; 256; 64; 4; 1],0.005318174939020537,0.7511176830205835,tvm
128,1,16,4,1024,64,4,0,[128; 1; 16; 4; 1024; 64; 4; 0],0.005385709031543229,0.7416990436541698,tvm
128,32,4,4,128,64,4,1,[128; 32; 4; 4; 128; 64; 4; 1],0.005291086628858466,0.7549631140620834,tvm
128,8,4,4,128,64,4,1,[128; 8; 4; 4; 128; 64; 4; 1],0.005912329186685383,0.6756347814818999,tvm
128,8,32,4,1024,64,4,0,[128; 8; 32; 4; 1024; 64; 4; 0],0.005933132844802458,0.67326576744267,tvm
128,8,8,4,256,64,4,1,[128; 8; 8; 4; 256; 64; 4; 1],0.0059182100667385384,0.6749634083699576,tvm
128,16,8,4,1024,64,4,0,[128; 16; 8; 4; 1024; 64; 4; 0],0.005751923592470121,0.6944764084357035,tvm
128,8,8,4,1024,64,4,0,[128; 8; 8; 4; 1024; 64; 4; 0],0.005768209906818811,0.6925155815451698,tvm
64,32,8,4,512,64,4,1,[64; 32; 8; 4; 512; 64; 4; 1],0.005446372284495737,0.7334377874730764,tvm
128,2,4,4,1024,64,4,1,[128; 2; 4; 4; 1024; 64; 4; 1],0.005740101682022214,0.695906703291703,tvm
128,32,4,4,1024,64,4,0,[128; 32; 4; 4; 1024; 64; 4; 0],0.005661417970259208,0.7055785775012027,tvm
32,1,32,8,1024,32,2,1,[32; 1; 32; 8; 1024; 32; 2; 1],0.0065520395000930876,0.6096689798708457,tvm
64,64,8,4,512,64,4,1,[64; 64; 8; 4; 512; 64; 4; 1],0.009873782750219107,0.4045638170443436,tvm
32,8,64,8,512,32,2,0,[32; 8; 64; 8; 512; 32; 2; 0],0.007079601637087762,0.5642372894498667,tvm
32,8,64,8,512,32,2,1,[32; 8; 64; 8; 512; 32; 2; 1],0.006362421874655411,0.627838787931928,tvm
128,1,32,8,128,32,2,0,[128; 1; 32; 8; 128; 32; 2; 0],0.006351589428959414,0.6289095481962965,tvm
32,32,16,4,1024,64,4,1,[32; 32; 16; 4; 1024; 64; 4; 1],0.0072127221210394055,0.5538235316792699,tvm
128,8,4,4,1024,32,2,1,[128; 8; 4; 4; 1024; 32; 2; 1],0.006217766342160758,0.642445376406195,tvm
128,16,8,8,32,32,2,0,[128; 16; 8; 8; 32; 32; 2; 0],0.006184058278449811,0.6459472175441041,tvm
128,64,32,4,64,64,4,0,[128; 64; 32; 4; 64; 64; 4; 0],0.006539321635500528,0.6108546819917183,tvm
64,8,64,8,128,32,2,0,[64; 8; 64; 8; 128; 32; 2; 0],0.006368193062371574,0.6272698077730108,tvm
128,64,64,4,64,64,4,0,[128; 64; 64; 4; 64; 64; 4; 0],0.0065462498751003295,0.610208182441862,tvm
64,64,32,4,128,64,4,1,[64; 64; 32; 4; 128; 64; 4; 1],0.0065880716138053685,0.6063345197591001,tvm
32,2,16,8,256,32,2,0,[32; 2; 16; 8; 256; 32; 2; 0],0.006970924499910325,0.5730337831297162,tvm
128,4,16,8,128,32,2,0,[128; 4; 16; 8; 128; 32; 2; 0],0.006012560719682369,0.6643717085498744,tvm
64,1,64,8,256,32,2,0,[64; 1; 64; 8; 256; 32; 2; 0],0.006522264506202191,0.6124521988178634,tvm
32,1,16,8,512,32,2,0,[32; 1; 16; 8; 512; 32; 2; 0],0.006633000695728697,0.6022274715978145,tvm
64,32,64,8,256,32,2,0,[64; 32; 64; 8; 256; 32; 2; 0],0.006839314184617251,0.5840607888843151,tvm
64,1,8,8,64,32,2,0,[64; 1; 8; 8; 64; 32; 2; 0],0.006478748007793911,0.6165659218864167,tvm
128,64,32,4,512,64,4,0,[128; 64; 32; 4; 512; 64; 4; 0],0.006539451947901398,0.6108425094211685,tvm
64,16,8,8,64,32,2,0,[64; 16; 8; 8; 64; 32; 2; 0],0.0062521694708266295,0.6389102625471692,tvm
32,1,64,4,1024,64,4,0,[32; 1; 64; 4; 1024; 64; 4; 0],0.006448272557463497,0.6194798998487978,tvm
32,8,64,4,1024,64,4,0,[32; 8; 64; 4; 1024; 64; 4; 0],0.0064207602554233745,0.6221343079616111,tvm
128,4,32,8,1024,32,2,0,[128; 4; 32; 8; 1024; 32; 2; 0],0.006552434613695368,0.6096322166643373,tvm
128,2,32,8,1024,32,2,0,[128; 2; 32; 8; 1024; 32; 2; 0],0.006543920680996962,0.6104253753709415,tvm
128,4,64,8,64,32,2,1,[128; 4; 64; 8; 64; 32; 2; 1],0.005830963687913027,0.6850626160433089,tvm
128,1,32,8,128,32,2,1,[128; 1; 32; 8; 128; 32; 2; 1],0.005862205558514688,0.6814116629351611,tvm
128,2,8,8,32,32,2,1,[128; 2; 8; 8; 32; 32; 2; 1],0.005895440932363272,0.6775702248438872,tvm
128,8,32,8,64,32,2,1,[128; 8; 32; 8; 64; 32; 2; 1],0.005572717651375569,0.7168091922096964,tvm
128,64,16,4,512,64,4,1,[128; 64; 16; 4; 512; 64; 4; 1],0.005843690625624731,0.6835706224040891,tvm
128,1,64,8,512,32,2,1,[128; 1; 64; 8; 512; 32; 2; 1],0.00578856128413463,0.6900808408202616,tvm
128,64,16,4,1024,64,4,1,[128; 64; 16; 4; 1024; 64; 4; 1],0.005978969122224953,0.6681043431461539,tvm
64,1,32,8,1024,32,2,1,[64; 1; 32; 8; 1024; 32; 2; 1],0.00605669852666324,0.6595301417942511,tvm
32,1,8,4,1024,64,4,0,[32; 1; 8; 4; 1024; 64; 4; 0],0.006006889903801493,0.6649989099296209,tvm
64,1,32,8,512,32,2,1,[64; 1; 32; 8; 512; 32; 2; 1],0.006027552379237022,0.6627192908111863,tvm
128,4,32,8,1024,32,2,1,[128; 4; 32; 8; 1024; 32; 2; 1],0.006071739400795195,0.6578963579319762,tvm
32,32,64,4,1024,64,4,0,[32; 32; 64; 4; 1024; 64; 4; 0],0.00592288380721584,0.6744307955575042,tvm
64,16,32,8,1024,32,2,1,[64; 16; 32; 8; 1024; 32; 2; 1],0.006091673159971833,0.6557435261536108,tvm
64,1,16,8,1024,32,2,1,[64; 1; 16; 8; 1024; 32; 2; 1],0.006074731747503392,0.6575722853502031,tvm
64,4,16,4,256,64,4,0,[64; 4; 16; 4; 256; 64; 4; 0],0.0059384691921877675,0.6726607664059654,tvm
128,2,16,4,64,64,4,1,[128; 2; 16; 4; 64; 64; 4; 1],0.005610712563793641,0.711955066790008,tvm
128,1,64,4,256,64,4,0,[128; 1; 64; 4; 256; 64; 4; 0],0.005989050092466641,0.6669797674792929,tvm
32,16,16,4,1024,64,4,1,[32; 16; 16; 4; 1024; 64; 4; 1],0.005792780655610841,0.6895781966517452,tvm
64,32,64,4,256,64,4,0,[64; 32; 64; 4; 256; 64; 4; 0],0.0060316979070194066,0.6622638102360099,tvm
128,2,8,8,256,32,2,1,[128; 2; 8; 8; 256; 32; 2; 1],0.005958716123132035,0.670375153900703,tvm
64,16,8,8,128,32,2,0,[64; 16; 8; 8; 128; 32; 2; 0],0.005745584530814085,0.6952426192099295,tvm
128,8,16,4,64,64,4,1,[128; 8; 16; 4; 64; 64; 4; 1],0.005749062620452605,0.694822008701787,tvm
64,8,16,8,256,32,2,1,[64; 8; 16; 8; 256; 32; 2; 1],0.005796574434498325,0.6891268771296225,tvm
128,8,16,4,256,64,4,0,[128; 8; 16; 4; 256; 64; 4; 0],0.0058035865586134605,0.688294246626966,tvm
32,2,4,4,512,64,4,1,[32; 2; 4; 4; 512; 64; 4; 1],0.005644043878419325,0.7077505639828516,tvm
32,16,8,8,512,32,2,0,[32; 16; 8; 8; 512; 32; 2; 0],0.005628891594824381,0.7096557414195267,tvm
64,16,32,4,128,64,4,1,[64; 16; 32; 4; 128; 64; 4; 1],0.00561905765789561,0.7108977129790202,tvm
64,32,4,4,128,64,4,0,[64; 32; 4; 4; 128; 64; 4; 0],0.0056789003720041364,0.703406465411457,tvm
64,2,64,4,256,64,4,1,[64; 2; 64; 4; 256; 64; 4; 1],0.005662591189320665,0.7054323903213757,tvm
64,4,64,4,256,64,4,1,[64; 4; 64; 4; 256; 64; 4; 1],0.005623944372928236,0.710280005137279,tvm
128,4,64,4,1024,64,4,0,[128; 4; 64; 4; 1024; 64; 4; 0],0.005314251473464537,0.751672226660934,tvm
128,8,16,4,128,64,4,1,[128; 8; 16; 4; 128; 64; 4; 1],0.005402542061347049,0.7393880867073243,tvm
32,2,8,8,512,32,2,0,[32; 2; 8; 8; 512; 32; 2; 0],0.0057635329067124985,0.6930775451013659,tvm
32,8,8,8,1024,32,2,1,[32; 8; 8; 8; 1024; 32; 2; 1],0.005348570935893804,0.7468490716441628,tvm
128,4,16,4,256,64,4,1,[128; 4; 16; 4; 256; 64; 4; 1],0.005548275752516929,0.7199669620391763,tvm
128,4,8,4,128,64,4,1,[128; 4; 8; 4; 128; 64; 4; 1],0.00558893153356621,0.7147296784912235,tvm
128,2,8,4,1024,64,4,1,[128; 2; 8; 4; 1024; 64; 4; 1],0.0054059253161540255,0.7389253466300431,tvm
64,32,8,4,128,64,4,1,[64; 32; 8; 4; 128; 64; 4; 1],0.005590527594904415,0.7145256275518904,tvm
128,32,16,4,512,64,4,0,[128; 32; 16; 4; 512; 64; 4; 0],0.005530574686417822,0.7222712764200175,tvm
128,4,16,4,1024,64,4,0,[128; 4; 16; 4; 1024; 64; 4; 0],0.005490226125402842,0.7275793650124273,tvm
128,1,8,4,128,32,2,1,[128; 1; 8; 4; 128; 32; 2; 1],0.006564615934621543,0.6085009813031095,tvm
128,1,32,8,128,32,2,0,[128; 1; 32; 8; 128; 32; 2; 0],0.006434799244743772,0.6207769793841174,tvm
128,32,16,8,256,32,2,0,[128; 32; 16; 8; 256; 32; 2; 0],0.006720992940245196,0.5943430194928173,tvm
128,1,4,4,512,32,2,1,[128; 1; 4; 4; 512; 32; 2; 1],0.00635861542832572,0.6282146299177973,tvm
32,16,64,4,64,64,4,1,[32; 16; 64; 4; 64; 64; 4; 1],0.006527852747240104,0.6119279022928474,tvm
32,8,32,4,512,64,4,0,[32; 8; 32; 4; 512; 64; 4; 0],0.006519132875837386,0.6127464057222691,tvm
128,32,64,8,512,32,2,0,[128; 32; 64; 8; 512; 32; 2; 0],0.006729242319124751,0.5936144143215812,tvm
32,2,16,4,128,64,4,1,[32; 2; 16; 4; 128; 64; 4; 1],0.006328905874397606,0.6311636351323439,tvm
64,16,16,8,256,32,2,0,[64; 16; 16; 8; 256; 32; 2; 0],0.006087266752729192,0.6562182011005666,tvm
32,32,4,4,1024,64,4,0,[32; 32; 4; 4; 1024; 64; 4; 0],0.006940649313037284,0.5755333626483399,tvm
32,8,64,4,1024,64,4,0,[32; 8; 64; 4; 1024; 64; 4; 0],0.006362867949064821,0.6277947727458871,tvm
64,32,16,8,512,32,2,0,[64; 32; 16; 8; 512; 32; 2; 0],0.006497804191894829,0.6147577120095361,tvm
128,1,16,8,64,32,2,1,[128; 1; 16; 8; 64; 32; 2; 1],0.00619198837375734,0.6451199512946281,tvm
64,8,32,4,64,64,4,0,[64; 8; 32; 4; 64; 64; 4; 0],0.006351047748466954,0.6289631878550225,tvm
128,2,16,8,1024,32,2,0,[128; 2; 16; 8; 1024; 32; 2; 0],0.0059814973719767295,0.6678219498699094,tvm
64,1,16,8,1024,32,2,0,[64; 1; 16; 8; 1024; 32; 2; 0],0.006144220409623813,0.6501354072257005,tvm
128,2,16,8,512,32,2,0,[128; 2; 16; 8; 512; 32; 2; 0],0.005742201719840523,0.6956521963157677,tvm
128,4,64,8,64,32,2,1,[128; 4; 64; 8; 64; 32; 2; 1],0.005857908465259243,0.6819115153105175,tvm
128,16,8,8,64,32,2,1,[128; 16; 8; 8; 64; 32; 2; 1],0.005671177379554138,0.7043643622392372,tvm
64,32,32,8,32,32,2,1,[64; 32; 32; 8; 32; 32; 2; 1],0.0059613002522382885,0.6700845569044095,tvm
64,2,8,8,32,32,2,1,[64; 2; 8; 8; 32; 32; 2; 1],0.006059267121599987,0.659250559173309,tvm
64,1,64,4,128,64,4,0,[64; 1; 64; 4; 128; 64; 4; 0],0.0061504255354520865,0.649479489682435,tvm
32,32,32,4,1024,64,4,1,[32; 32; 32; 4; 1024; 64; 4; 1],0.005804253407404758,0.6882151687242275,tvm
128,1,16,8,128,32,2,1,[128; 1; 16; 8; 128; 32; 2; 1],0.005879797936358955,0.679372876641551,tvm
64,8,8,8,64,32,2,1,[64; 8; 8; 8; 64; 32; 2; 1],0.005521686463907827,0.7234339117596662,tvm
128,16,16,8,128,32,2,1,[128; 16; 16; 8; 128; 32; 2; 1],0.005556149844778702,0.7189466356543773,tvm
64,1,32,8,512,32,2,1,[64; 1; 32; 8; 512; 32; 2; 1],0.005989932811644394,0.6668814765884865,tvm
32,32,64,4,512,64,4,0,[32; 32; 64; 4; 512; 64; 4; 0],0.005470636344398372,0.7301847512100602,tvm
32,2,8,8,128,32,2,1,[32; 2; 8; 8; 128; 32; 2; 1],0.005795189652417321,0.6892915465551674,tvm
32,1,64,4,512,64,4,1,[32; 1; 64; 4; 512; 64; 4; 1],0.005957040091743693,0.670563765993722,tvm
64,1,16,8,128,32,2,1,[64; 1; 16; 8; 128; 32; 2; 1],0.005825488435220905,0.6857064918271978,tvm
32,8,4,4,1024,64,4,0,[32; 8; 4; 4; 1024; 64; 4; 0],0.0057368629713892005,0.6962995731320281,tvm
128,2,8,4,128,64,4,0,[128; 2; 8; 4; 128; 64; 4; 0],0.005556647687626537,0.7188822222777055,tvm
64,8,16,4,64,64,4,1,[64; 8; 16; 4; 64; 64; 4; 1],0.005734614656830672,0.6965725645291928,tvm
64,8,8,4,128,64,4,0,[64; 8; 8; 4; 128; 64; 4; 0],0.005793719596113078,0.689466442382738,tvm
32,4,8,4,512,64,4,1,[32; 4; 8; 4; 512; 64; 4; 1],0.005807666660984978,0.6878106942552656,tvm
128,8,8,4,128,64,4,0,[128; 8; 8; 4; 128; 64; 4; 0],0.005539083744224627,0.7211617340612003,tvm
64,16,8,8,256,32,2,0,[64; 16; 8; 8; 256; 32; 2; 0],0.005412251965026371,0.7380615802641728,tvm
32,8,8,4,1024,64,4,1,[32; 8; 8; 4; 1024; 64; 4; 1],0.0056772869429551065,0.7036063666029898,tvm
32,8,4,4,512,64,4,1,[32; 8; 4; 4; 512; 64; 4; 1],0.005613041932519991,0.7116596109770843,tvm
128,1,8,8,1024,32,2,0,[128; 1; 8; 8; 1024; 32; 2; 0],0.005718692533264402,0.6985119788937165,tvm
128,1,16,4,128,64,4,1,[128; 1; 16; 4; 128; 64; 4; 1],0.005612087748886552,0.7117806094332308,tvm
64,4,8,8,256,32,2,1,[64; 4; 8; 8; 256; 32; 2; 1],0.005539212157600559,0.7211450156524756,tvm
128,8,4,4,128,64,4,0,[128; 8; 4; 4; 128; 64; 4; 0],0.005638889473630115,0.7083975057102287,tvm
128,2,8,8,1024,32,2,0,[128; 2; 8; 8; 1024; 32; 2; 0],0.005553579940169584,0.7192793263318471,tvm
128,16,64,4,128,64,4,1,[128; 16; 64; 4; 128; 64; 4; 1],0.005517711062566377,0.7239551315391451,tvm
128,2,8,8,1024,32,2,1,[128; 2; 8; 8; 1024; 32; 2; 1],0.005609730214928277,0.7120797409232114,tvm
128,32,16,4,128,64,4,1,[128; 32; 16; 4; 128; 64; 4; 1],0.0054839662843733095,0.7284098827299275,tvm
64,8,8,8,1024,32,2,0,[64; 8; 8; 8; 1024; 32; 2; 0],0.0054005203492124565,0.7396648803809722,tvm
64,16,8,8,512,32,2,1,[64; 16; 8; 8; 512; 32; 2; 1],0.005386896125855856,0.7415355976370512,tvm
32,4,8,8,512,32,2,1,[32; 4; 8; 8; 512; 32; 2; 1],0.0057050750037888065,0.7001792676594777,tvm
64,1,32,4,1024,64,4,0,[64; 1; 32; 4; 1024; 64; 4; 0],0.005537149350857362,0.7214136706420471,tvm
64,32,4,4,256,64,4,1,[64; 32; 4; 4; 256; 64; 4; 1],0.005424153780040797,0.7364421069317828,tvm
64,2,16,4,1024,64,4,0,[64; 2; 16; 4; 1024; 64; 4; 0],0.005575259841862135,0.7164823436751339,tvm
128,8,8,4,256,64,4,1,[128; 8; 8; 4; 256; 64; 4; 1],0.006008631440636236,0.6648061671880917,tvm
128,4,32,4,1024,64,4,0,[128; 4; 32; 4; 1024; 64; 4; 0],0.006000763940392062,0.665677783324743,tvm
64,32,16,4,1024,64,4,0,[64; 32; 16; 4; 1024; 64; 4; 0],0.00547965984151233,0.7289823371577708,tvm
128,1,4,4,1024,64,4,0,[128; 1; 4; 4; 1024; 64; 4; 0],0.005281933590595145,0.7562713861468954,tvm
128,32,32,4,512,64,4,1,[128; 32; 32; 4; 512; 64; 4; 1],0.005341180563846137,0.747882456012455,tvm
128,8,16,4,512,64,4,1,[128; 8; 16; 4; 512; 64; 4; 1],0.005317380964697804,0.7512298375112298,tvm
64,8,8,4,512,64,4,1,[64; 8; 8; 4; 512; 64; 4; 1],0.005292871064739302,0.7547085861786412,tvm
64,16,16,4,512,64,4,1,[64; 16; 16; 4; 512; 64; 4; 1],0.005386243254179135,0.7416254798733579,tvm
128,2,4,4,1024,64,4,0,[128; 2; 4; 4; 1024; 64; 4; 0],0.005214318029175047,0.7660781746999074,tvm
64,8,4,4,1024,64,4,1,[64; 8; 4; 4; 1024; 64; 4; 1],0.005163487316167448,0.7736196476338352,tvm
64,8,16,8,32,32,2,0,[64; 8; 16; 8; 32; 32; 2; 0],0.007117872184608132,0.5612035639995347,tvm
64,64,32,4,512,64,4,0,[64; 64; 32; 4; 512; 64; 4; 0],0.0065295586246065795,0.611768033300401,tvm
32,1,64,8,128,32,2,1,[32; 1; 64; 8; 128; 32; 2; 1],0.006488386308774352,0.6156500319183074,tvm
32,1,16,8,1024,32,2,1,[32; 1; 16; 8; 1024; 32; 2; 1],0.0062625951250083745,0.6378466367949814,tvm
64,8,32,8,256,32,2,0,[64; 8; 32; 8; 256; 32; 2; 0],0.006218444403202739,0.6423753239697501,tvm
32,1,4,4,512,32,2,1,[32; 1; 4; 4; 512; 32; 2; 1],0.006798594622523524,0.5875589676815469,tvm
32,4,32,8,256,32,2,1,[32; 4; 32; 8; 256; 32; 2; 1],0.006417511511244811,0.6224492517225585,tvm
128,64,4,4,64,64,4,1,[128; 64; 4; 4; 64; 64; 4; 1],0.006388234498444945,0.6253019107341187,tvm
128,2,4,4,1024,32,2,1,[128; 2; 4; 4; 1024; 32; 2; 1],0.005861074314452708,0.6815431819803229,tvm
64,64,64,4,64,64,4,1,[64; 64; 64; 4; 64; 64; 4; 1],0.006068989750929177,0.6581944280732488,tvm
32,1,16,4,256,64,4,1,[32; 1; 16; 4; 256; 64; 4; 1],0.006374388438416645,0.626660153626826,tvm
32,2,4,4,64,64,4,1,[32; 2; 4; 4; 64; 64; 4; 1],0.006588449308765121,0.606299760518905,tvm
32,16,16,8,512,32,2,1,[32; 16; 16; 8; 512; 32; 2; 1],0.0060670981256407686,0.6583996426913494,tvm
32,8,16,4,128,64,4,1,[32; 8; 16; 4; 128; 64; 4; 1],0.006234738939383533,0.6406964713249416,tvm
64,16,16,4,64,64,4,0,[64; 16; 16; 4; 64; 64; 4; 0],0.006197880466061179,0.6445066599733627,tvm
64,32,16,8,1024,32,2,0,[64; 32; 16; 8; 1024; 32; 2; 0],0.006381582250469364,0.625953733935097,tvm
64,32,16,8,512,32,2,0,[64; 32; 16; 8; 512; 32; 2; 0],0.006305586997768842,0.6334977599244404,tvm
64,4,4,4,256,32,2,1,[64; 4; 4; 4; 256; 32; 2; 1],0.006177946153911762,0.6465862826541384,tvm
64,4,16,8,256,32,2,0,[64; 4; 16; 8; 256; 32; 2; 0],0.006011206656694412,0.664521362553167,tvm
64,32,32,4,64,64,4,0,[64; 32; 32; 4; 64; 64; 4; 0],0.006284779490670189,0.6355951301116006,tvm
128,2,64,8,1024,32,2,0,[128; 2; 64; 8; 1024; 32; 2; 0],0.005832290247781202,0.6849067979109764,tvm
128,2,64,8,512,32,2,0,[128; 2; 64; 8; 512; 32; 2; 0],0.00581282615166856,0.6872001903839157,tvm
64,2,8,8,32,32,2,0,[64; 2; 8; 8; 32; 32; 2; 0],0.00664972243248485,0.6007130791777359,tvm
128,32,32,8,32,32,2,1,[128; 32; 32; 8; 32; 32; 2; 1],0.005973355066089425,0.6687322608314937,tvm
32,16,8,8,64,32,2,1,[32; 16; 8; 8; 64; 32; 2; 1],0.006075367746234406,0.6575034475190624,tvm
32,2,8,8,128,32,2,0,[32; 2; 8; 8; 128; 32; 2; 0],0.006321706736343913,0.6318824021257043,tvm
128,1,64,8,512,32,2,1,[128; 1; 64; 8; 512; 32; 2; 1],0.006038013001671061,0.6615711554429764,tvm
128,4,32,4,64,64,4,0,[128; 4; 32; 4; 64; 64; 4; 0],0.005859140910615679,0.681768078125209,tvm
64,8,32,8,1024,32,2,1,[64; 8; 32; 8; 1024; 32; 2; 1],0.00591507121862378,0.6753215794795839,tvm
128,16,32,8,256,32,2,1,[128; 16; 32; 8; 256; 32; 2; 1],0.0057508679674356245,0.6946038860072219,tvm
64,16,64,4,256,64,4,0,[64; 16; 64; 4; 256; 64; 4; 0],0.0059191489417571574,0.674856347998807,tvm
64,4,32,8,128,32,2,1,[64; 4; 32; 8; 128; 32; 2; 1],0.005747059818531852,0.6950641483170946,tvm
128,16,16,8,128,32,2,1,[128; 16; 16; 8; 128; 32; 2; 1],0.005665701282850932,0.7050451548135983,tvm
32,16,4,4,1024,64,4,0,[32; 16; 4; 4; 1024; 64; 4; 0],0.005754980811616406,0.6941074816500177,tvm
32,4,4,4,1024,64,4,0,[32; 4; 4; 4; 1024; 64; 4; 0],0.005814472780912183,0.6870055787703874,tvm
64,16,16,8,256,32,2,1,[64; 16; 16; 8; 256; 32; 2; 1],0.005729294185584877,0.6972194320455288,tvm
64,8,64,4,64,64,4,1,[64; 8; 64; 4; 64; 64; 4; 1],0.0058037335038534366,0.6882768196442871,tvm
64,8,32,4,64,64,4,1,[64; 8; 32; 4; 64; 64; 4; 1],0.00574799640889978,0.6949508931338801,tvm
128,8,64,4,64,64,4,1,[128; 8; 64; 4; 64; 64; 4; 1],0.0055946539068827406,0.7139986323695503,tvm
128,4,16,4,256,64,4,0,[128; 4; 16; 4; 256; 64; 4; 0],0.0056623623459017836,0.7054609002524131,tvm
128,4,8,8,128,32,2,1,[128; 4; 8; 8; 128; 32; 2; 1],0.0060752646895707585,0.6575146009609453,tvm
128,16,8,8,128,32,2,0,[128; 16; 8; 8; 128; 32; 2; 0],0.006102622814069036,0.6545669558482481,tvm
64,1,32,4,128,64,4,1,[64; 1; 32; 4; 128; 64; 4; 1],0.005912238528253511,0.6756451416846413,tvm
64,2,8,4,64,64,4,1,[64; 2; 8; 4; 64; 64; 4; 1],0.006002583184454124,0.6654760317925532,tvm
128,1,8,8,512,32,2,0,[128; 1; 8; 8; 512; 32; 2; 0],0.006126014435722027,0.6520675522411543,tvm
64,4,8,8,256,32,2,0,[64; 4; 8; 8; 256; 32; 2; 0],0.0057753589426283725,0.6916583502041698,tvm
64,4,8,4,64,64,4,1,[64; 4; 8; 4; 64; 64; 4; 1],0.005955227250524331,0.6707678934911399,tvm
64,16,4,4,128,64,4,0,[64; 16; 4; 4; 128; 64; 4; 0],0.005794275311927777,0.6894003172186564,tvm
128,2,8,8,512,32,2,1,[128; 2; 8; 8; 512; 32; 2; 1],0.005528040746867191,0.7226023506355327,tvm
128,16,32,4,128,64,4,1,[128; 16; 32; 4; 128; 64; 4; 1],0.005360871313314419,0.7451354462052078,tvm
64,4,64,4,512,64,4,1,[64; 4; 64; 4; 512; 64; 4; 1],0.005568913969909772,0.7172987874617783,tvm
64,4,64,4,1024,64,4,1,[64; 4; 64; 4; 1024; 64; 4; 1],0.0055399580305675045,0.7210479241998952,tvm
64,2,4,4,128,64,4,1,[64; 2; 4; 4; 128; 64; 4; 1],0.005450473974633496,0.7328858474851894,tvm
64,2,16,4,512,64,4,0,[64; 2; 16; 4; 512; 64; 4; 0],0.0057224520642193966,0.698053071177651,tvm
64,32,64,4,512,64,4,1,[64; 32; 64; 4; 512; 64; 4; 1],0.005567546184465755,0.7174750070759486,tvm
128,8,32,4,256,64,4,1,[128; 8; 32; 4; 256; 64; 4; 1],0.005547445936826989,0.720074658425611,tvm
128,32,64,4,512,64,4,1,[128; 32; 64; 4; 512; 64; 4; 1],0.005815901808091439,0.6868367743997569,tvm
128,1,32,4,1024,64,4,0,[128; 1; 32; 4; 1024; 64; 4; 0],0.005946393808699213,0.671764327524258,tvm
128,32,32,4,256,64,4,1,[128; 32; 32; 4; 256; 64; 4; 1],0.005896311718970537,0.6774701590560868,tvm
64,4,4,4,128,64,4,1,[64; 4; 4; 4; 128; 64; 4; 1],0.005529614536499139,0.7223966899913875,tvm
128,32,4,4,128,64,4,1,[128; 32; 4; 4; 128; 64; 4; 1],0.005794427779619582,0.6893821771573606,tvm
128,32,4,4,512,64,4,1,[128; 32; 4; 4; 512; 64; 4; 1],0.0051812437232001685,0.7709684105784566,tvm
64,32,4,4,512,64,4,1,[64; 32; 4; 4; 512; 64; 4; 1],0.0051169743746868335,0.7806517964709785,tvm
64,8,32,4,1024,64,4,1,[64; 8; 32; 4; 1024; 64; 4; 1],0.005219134036451578,0.7653712685277381,tvm
64,8,64,8,128,32,2,0,[64; 8; 64; 8; 128; 32; 2; 0],0.006357418300467543,0.6283329253010558,tvm
32,4,16,8,1024,32,2,0,[32; 4; 16; 8; 1024; 32; 2; 0],0.006457987823523581,0.6185479668364773,tvm
32,16,16,8,1024,32,2,0,[32; 16; 16; 8; 1024; 32; 2; 0],0.00647826369095128,0.6166120165307237,tvm
32,8,32,8,128,32,2,1,[32; 8; 32; 8; 128; 32; 2; 1],0.006169973275973462,0.6474218054801862,tvm
128,8,4,4,256,32,2,1,[128; 8; 4; 4; 256; 32; 2; 1],0.006275526699027978,0.6365322672778942,tvm
64,64,64,4,512,64,4,0,[64; 64; 64; 4; 512; 64; 4; 0],0.006039365878677927,0.6614229570356297,tvm
128,64,4,4,64,64,4,1,[128; 64; 4; 4; 64; 64; 4; 1],0.00600249896524474,0.6654853688812534,tvm
32,16,16,8,1024,32,2,1,[32; 16; 16; 8; 1024; 32; 2; 1],0.006168563282699324,0.6475697913805364,tvm
32,8,64,4,1024,64,4,0,[32; 8; 64; 4; 1024; 64; 4; 0],0.006347165064653382,0.6293479368199449,tvm
128,16,32,8,1024,32,2,0,[128; 16; 32; 8; 1024; 32; 2; 0],0.00592412862170022,0.6742890799944851,tvm
32,16,64,4,128,64,4,1,[32; 16; 64; 4; 128; 64; 4; 1],0.006126909654994961,0.6519722768947086,tvm
64,16,8,8,32,32,2,0,[64; 16; 8; 8; 32; 32; 2; 0],0.00651838444173336,0.6128167606255832,tvm
32,8,64,4,128,64,4,1,[32; 8; 64; 4; 128; 64; 4; 1],0.006172193221573252,0.6471889480279502,tvm
32,8,8,4,256,64,4,1,[32; 8; 8; 4; 256; 64; 4; 1],0.006076540434150957,0.657376558484693,tvm
32,16,8,8,32,32,2,1,[32; 16; 8; 8; 32; 32; 2; 1],0.006540894755744375,0.6107077681669015,tvm
64,4,64,8,1024,32,2,0,[64; 4; 64; 8; 1024; 32; 2; 0],0.006055618847312871,0.6596477319354068,tvm
64,32,8,8,64,32,2,0,[64; 32; 8; 8; 64; 32; 2; 0],0.0063640649896115065,0.6276766885026871,tvm
64,2,64,8,512,32,2,0,[64; 2; 64; 8; 512; 32; 2; 0],0.006133602000772953,0.6512609128521616,tvm
64,1,16,8,1024,32,2,0,[64; 1; 16; 8; 1024; 32; 2; 0],0.0060228618094697595,0.6632354127425867,tvm
128,1,32,8,256,32,2,1,[128; 1; 32; 8; 256; 32; 2; 1],0.006129340814368334,0.6517136767352206,tvm
64,4,64,8,1024,32,2,1,[64; 4; 64; 8; 1024; 32; 2; 1],0.006169190841319505,0.6475039175868409,tvm
64,4,64,8,128,32,2,1,[64; 4; 64; 8; 128; 32; 2; 1],0.005964380157820415,0.6697385365112257,tvm
64,1,32,8,1024,32,2,1,[64; 1; 32; 8; 1024; 32; 2; 1],0.006143208534922451,0.6502424938673621,tvm
128,8,32,4,64,64,4,0,[128; 8; 32; 4; 64; 64; 4; 0],0.0058816810924327,0.6791553597209836,tvm
64,4,32,8,1024,32,2,1,[64; 4; 32; 8; 1024; 32; 2; 1],0.005872507965250406,0.6802162315883564,tvm
128,2,64,8,512,32,2,1,[128; 2; 64; 8; 512; 32; 2; 1],0.005926657751842868,0.6740013352134503,tvm
32,1,32,4,512,64,4,1,[32; 1; 32; 4; 512; 64; 4; 1],0.006350597250275314,0.6290078051984895,tvm
128,8,64,4,128,64,4,0,[128; 8; 64; 4; 128; 64; 4; 0],0.005751470154791605,0.6945311599621741,tvm
128,4,32,8,256,32,2,1,[128; 4; 32; 8; 256; 32; 2; 1],0.006079848841181956,0.6570188408366203,tvm
64,16,16,8,1024,32,2,1,[64; 16; 16; 8; 1024; 32; 2; 1],0.005713160193408839,0.6991883831130276,tvm
32,16,4,4,1024,64,4,0,[32; 16; 4; 4; 1024; 64; 4; 0],0.0057517725945217535,0.6944946401218732,tvm
32,32,64,4,1024,64,4,0,[32; 32; 64; 4; 1024; 64; 4; 0],0.0058951242826879025,0.6776066197325187,tvm
64,1,8,8,128,32,2,0,[64; 1; 8; 8; 128; 32; 2; 0],0.005831099377246574,0.6850466746772311,tvm
128,2,32,4,256,64,4,0,[128; 2; 32; 4; 256; 64; 4; 0],0.005658586720528547,0.7059316107330278,tvm
32,4,4,4,1024,64,4,0,[32; 4; 4; 4; 1024; 64; 4; 0],0.005822519975481555,0.6860560813730595,tvm
128,2,8,8,256,32,2,1,[128; 2; 8; 8; 256; 32; 2; 1],0.005717442341847345,0.6986647174135845,tvm
128,8,8,8,256,32,2,0,[128; 8; 8; 8; 256; 32; 2; 0],0.005516585682926234,0.7241028178821549,tvm
64,8,8,4,256,64,4,0,[64; 8; 8; 4; 256; 64; 4; 0],0.005592331122898031,0.7142951928828543,tvm
32,8,8,4,1024,64,4,1,[32; 8; 8; 4; 1024; 64; 4; 1],0.005691608406777959,0.7018359227486949,tvm
64,32,8,4,64,64,4,1,[64; 32; 8; 4; 64; 64; 4; 1],0.005810058588394895,0.6875275313185425,tvm
64,2,16,4,128,64,4,1,[64; 2; 16; 4; 128; 64; 4; 1],0.0057394121249672025,0.69599031244303,tvm
128,16,8,8,512,32,2,0,[128; 16; 8; 8; 512; 32; 2; 0],0.005721323068428319,0.6981908188576688,tvm
32,2,4,4,512,64,4,1,[32; 2; 4; 4; 512; 64; 4; 1],0.005695732033927925,0.7013278037486035,tvm
128,32,8,4,128,64,4,0,[128; 32; 8; 4; 128; 64; 4; 0],0.005789826092950534,0.6899300901211656,tvm
128,16,8,8,512,32,2,1,[128; 16; 8; 8; 512; 32; 2; 1],0.005619927469524555,0.7107876853850533,tvm
64,32,8,8,1024,32,2,0,[64; 32; 8; 8; 1024; 32; 2; 0],0.006125209809397347,0.6521532098323763,tvm
64,2,4,4,256,64,4,0,[64; 2; 4; 4; 256; 64; 4; 0],0.005603695375612006,0.7128466075226246,tvm
64,8,8,8,128,32,2,1,[64; 8; 8; 8; 128; 32; 2; 1],0.005364670942071825,0.7446076900576014,tvm
32,1,8,8,1024,32,2,0,[32; 1; 8; 8; 1024; 32; 2; 0],0.005575359282374848,0.7164695647010809,tvm
128,32,4,4,64,64,4,1,[128; 32; 4; 4; 64; 64; 4; 1],0.005460622152895667,0.7315238312134431,tvm
64,8,4,4,256,64,4,0,[64; 8; 4; 4; 256; 64; 4; 0],0.005433834347059019,0.7351301094147712,tvm
128,4,4,4,256,64,4,0,[128; 4; 4; 4; 256; 64; 4; 0],0.005300635559251532,0.7536030714511688,tvm
128,8,4,4,256,64,4,0,[128; 8; 4; 4; 256; 64; 4; 0],0.005283447972033173,0.7560546179766863,tvm
64,8,8,4,512,64,4,0,[64; 8; 8; 4; 512; 64; 4; 0],0.005457002247567289,0.7320090879339486,tvm
64,16,32,4,1024,64,4,0,[64; 16; 32; 4; 1024; 64; 4; 0],0.005384955533372704,0.7418028270315831,tvm
64,16,16,4,256,64,4,1,[64; 16; 16; 4; 256; 64; 4; 1],0.005633576744003221,0.7090655581016709,tvm
64,2,8,4,512,64,4,0,[64; 2; 8; 4; 512; 64; 4; 0],0.0054518115357495844,0.7327060394331869,tvm
32,4,8,8,512,32,2,1,[32; 4; 8; 8; 512; 32; 2; 1],0.005428598255093675,0.7358391707006707,tvm
128,16,16,4,128,64,4,1,[128; 16; 16; 4; 128; 64; 4; 1],0.005302828780259006,0.7532913853387005,tvm
64,2,16,4,1024,64,4,1,[64; 2; 16; 4; 1024; 64; 4; 1],0.005234299998846836,0.7631536669612516,tvm
128,1,4,4,1024,64,4,1,[128; 1; 4; 4; 1024; 64; 4; 1],0.005131306126713753,0.7784714338712604,tvm
64,16,8,4,1024,64,4,0,[64; 16; 8; 4; 1024; 64; 4; 0],0.005308409279678017,0.7524994829218463,tvm
128,32,16,4,1024,64,4,0,[128; 32; 16; 4; 1024; 64; 4; 0],0.005155999373528175,0.7747431581555466,tvm
128,8,4,4,1024,64,4,1,[128; 8; 4; 4; 1024; 64; 4; 1],0.00505891274951864,0.7896114117554854,tvm
32,1,32,8,64,32,2,1,[32; 1; 32; 8; 64; 32; 2; 1],0.006664211497991346,0.5994070325197872,tvm
32,32,8,8,256,32,2,1,[32; 32; 8; 8; 256; 32; 2; 1],0.008065419999184087,0.4952718195083873,tvm
128,32,64,8,128,32,2,0,[128; 32; 64; 8; 128; 32; 2; 0],0.0067401143023744226,0.5926568985169911,tvm
128,32,32,8,128,32,2,0,[128; 32; 32; 8; 128; 32; 2; 0],0.0066755152511177585,0.5983920473294373,tvm
32,16,32,4,64,64,4,1,[32; 16; 32; 4; 64; 64; 4; 1],0.006570982877747156,0.6079113752712696,tvm
32,16,16,8,256,32,2,0,[32; 16; 16; 8; 256; 32; 2; 0],0.006836502565420233,0.5843009930692091,tvm
128,16,64,8,128,32,2,0,[128; 16; 64; 8; 128; 32; 2; 0],0.005992161124595441,0.6666334824841564,tvm
32,4,4,4,1024,32,2,1,[32; 4; 4; 4; 1024; 32; 2; 1],0.006305754563072696,0.6334809257385279,tvm
64,4,8,4,256,32,2,1,[64; 4; 8; 4; 256; 32; 2; 1],0.006254736887058243,0.6386480055396839,tvm
32,16,16,4,256,64,4,1,[32; 16; 16; 4; 256; 64; 4; 1],0.006299193002632819,0.6341407917531119,tvm
64,64,32,4,128,64,4,1,[64; 64; 32; 4; 128; 64; 4; 1],0.006632057804381475,0.6023130913388931,tvm
32,1,16,8,512,32,2,1,[32; 1; 16; 8; 512; 32; 2; 1],0.0062102460651658475,0.6432233435163509,tvm
64,8,8,8,32,32,2,0,[64; 8; 8; 8; 32; 32; 2; 0],0.006567784570506774,0.6082074092431772,tvm
128,2,64,8,128,32,2,0,[128; 2; 64; 8; 128; 32; 2; 0],0.00603931747173192,0.6614282585395693,tvm
32,4,16,8,512,32,2,1,[32; 4; 16; 8; 512; 32; 2; 1],0.006174883194034919,0.6469070122579955,tvm
128,4,32,8,256,32,2,0,[128; 4; 32; 8; 256; 32; 2; 0],0.006036201564711519,0.6617696899732582,tvm
128,2,64,8,256,32,2,0,[128; 2; 64; 8; 256; 32; 2; 0],0.006065390276489779,0.6585850301469829,tvm
64,1,64,8,64,32,2,1,[64; 1; 64; 8; 64; 32; 2; 1],0.006139529628853779,0.6506321297517715,tvm
64,1,32,8,64,32,2,1,[64; 1; 32; 8; 64; 32; 2; 1],0.0061057242201059125,0.6542344681964601,tvm
64,4,16,8,1024,32,2,0,[64; 4; 16; 8; 1024; 32; 2; 0],0.005941138027992565,0.6723585985166809,tvm
64,4,64,4,128,64,4,0,[64; 4; 64; 4; 128; 64; 4; 0],0.00616491033724742,0.6479535012797578,tvm
128,4,4,4,64,64,4,0,[128; 4; 4; 4; 64; 64; 4; 0],0.006027696777891833,0.6627034148012215,tvm
128,16,8,8,64,32,2,1,[128; 16; 8; 8; 64; 32; 2; 1],0.005698094624676742,0.7010370134598904,tvm
64,8,64,8,256,32,2,1,[64; 8; 64; 8; 256; 32; 2; 1],0.0058887507184408605,0.6783400128631808,tvm
64,4,64,8,128,32,2,1,[64; 4; 64; 8; 128; 32; 2; 1],0.005951998340606224,0.6711317795307689,tvm
128,4,32,8,256,32,2,1,[128; 4; 32; 8; 256; 32; 2; 1],0.005970734971924685,0.6690257157415872,tvm
128,16,4,4,64,64,4,0,[128; 16; 4; 4; 64; 64; 4; 0],0.0057373374365852214,0.6962419906877135,tvm
64,32,8,8,128,32,2,0,[64; 32; 8; 8; 128; 32; 2; 0],0.006081894251110498,0.6567978779581486,tvm
128,2,16,8,1024,32,2,1,[128; 2; 16; 8; 1024; 32; 2; 1],0.0056984813418239355,0.700989438848751,tvm
128,16,32,8,128,32,2,1,[128; 16; 32; 8; 128; 32; 2; 1],0.005652468971675262,0.7066956507169181,tvm
128,16,64,4,128,64,4,0,[128; 16; 64; 4; 128; 64; 4; 0],0.005629512066661846,0.709577524800283,tvm
128,8,32,4,64,64,4,0,[128; 8; 32; 4; 64; 64; 4; 0],0.0057518244357197545,0.6944883806411551,tvm
64,8,32,4,256,64,4,0,[64; 8; 32; 4; 256; 64; 4; 0],0.00587032094335882,0.6804696500647651,tvm
32,2,64,4,1024,64,4,1,[32; 2; 64; 4; 1024; 64; 4; 1],0.005805762375530321,0.6880362956174826,tvm
32,8,64,4,1024,64,4,1,[32; 8; 64; 4; 1024; 64; 4; 1],0.005751840624725446,0.6944864259492434,tvm
32,16,4,4,1024,64,4,0,[32; 16; 4; 4; 1024; 64; 4; 0],0.005706636933609843,0.6999876257360554,tvm
128,2,64,4,64,64,4,1,[128; 2; 64; 4; 64; 64; 4; 1],0.005454304751765449,0.7323711123406287,tvm
128,2,32,4,256,64,4,0,[128; 2; 32; 4; 256; 64; 4; 0],0.0055376074378727935,0.7213539932021088,tvm
128,2,8,8,256,32,2,0,[128; 2; 8; 8; 256; 32; 2; 0],0.005439478809421416,0.7343672763604591,tvm
64,1,8,8,256,32,2,0,[64; 1; 8; 8; 256; 32; 2; 0],0.005544343213841785,0.7204776262989171,tvm
64,1,8,4,256,64,4,0,[64; 1; 8; 4; 256; 64; 4; 0],0.005750012685894035,0.6947072043675232,tvm
64,2,8,4,256,64,4,0,[64; 2; 8; 4; 256; 64; 4; 0],0.005697171094652731,0.7011506538472189,tvm
128,4,8,4,128,64,4,0,[128; 4; 8; 4; 128; 64; 4; 0],0.005705864998162724,0.7000823257089823,tvm
128,8,16,4,256,64,4,0,[128; 8; 16; 4; 256; 64; 4; 0],0.005632968903228175,0.7091420717423105,tvm
64,2,16,4,128,64,4,1,[64; 2; 16; 4; 128; 64; 4; 1],0.005739628533774521,0.6959640705995841,tvm
64,4,8,8,256,32,2,0,[64; 4; 8; 8; 256; 32; 2; 0],0.005603979843726847,0.7128104221443278,tvm
128,16,8,8,512,32,2,1,[128; 16; 8; 8; 512; 32; 2; 1],0.005526368535356596,0.7228210012666995,tvm
128,4,32,4,128,64,4,1,[128; 4; 32; 4; 128; 64; 4; 1],0.005578914591751527,0.7160129757141742,tvm
64,8,64,4,256,64,4,1,[64; 8; 64; 4; 256; 64; 4; 1],0.005783832501037978,0.6906450415668787,tvm
64,1,16,4,512,64,4,0,[64; 1; 16; 4; 512; 64; 4; 0],0.005672817816957831,0.7041606776361123,tvm
64,4,16,4,256,64,4,1,[64; 4; 16; 4; 256; 64; 4; 1],0.005842689126438927,0.6836877936940486,tvm
128,16,8,4,256,64,4,0,[128; 16; 8; 4; 256; 64; 4; 0],0.005327228624082636,0.7498411500563513,tvm
32,2,8,8,512,32,2,0,[32; 2; 8; 8; 512; 32; 2; 0],0.005829333276778925,0.6852542217834032,tvm
64,8,32,4,1024,64,4,0,[64; 8; 32; 4; 1024; 64; 4; 0],0.0054373089369619265,0.7346603410633479,tvm
64,16,8,8,512,32,2,0,[64; 16; 8; 8; 512; 32; 2; 0],0.005394832282036077,0.7404447495794318,tvm
64,8,8,4,256,64,4,1,[64; 8; 8; 4; 256; 64; 4; 1],0.005442164001578931,0.7340049357087172,tvm
128,4,16,4,256,64,4,1,[128; 4; 16; 4; 256; 64; 4; 1],0.005350624909624457,0.7465623745947844,tvm
128,32,32,4,512,64,4,0,[128; 32; 32; 4; 512; 64; 4; 0],0.005329754436388612,0.7494857944715971,tvm
64,32,32,4,1024,64,4,0,[64; 32; 32; 4; 1024; 64; 4; 0],0.005416533094830811,0.7374782297383916,tvm
128,4,4,4,256,64,4,1,[128; 4; 4; 4; 256; 64; 4; 1],0.005294011461955961,0.7545460123766667,tvm
32,4,8,8,1024,32,2,1,[32; 4; 8; 8; 1024; 32; 2; 1],0.00529695281147724,0.7541270198669585,tvm
64,16,8,8,1024,32,2,1,[64; 16; 8; 8; 1024; 32; 2; 1],0.005250408161373343,0.7608123245508558,tvm
128,1,16,4,1024,64,4,0,[128; 1; 16; 4; 1024; 64; 4; 0],0.005260718498902861,0.7593212293963875,tvm
128,2,4,4,1024,64,4,1,[128; 2; 4; 4; 1024; 64; 4; 1],0.005115621846925933,0.7808581942966814,tvm
128,1,4,4,1024,32,2,0,[128; 1; 4; 4; 1024; 32; 2; 0],0.006129011402663309,0.6517487039360752,tvm
128,16,32,8,64,32,2,0,[128; 16; 32; 8; 64; 32; 2; 0],0.006142433216155041,0.6503245696818026,tvm
32,1,64,8,128,32,2,1,[32; 1; 64; 8; 128; 32; 2; 1],0.006456457689637318,0.618694558241522,tvm
128,32,32,8,512,32,2,0,[128; 32; 32; 8; 512; 32; 2; 0],0.006734549315297045,0.5931466310628757,tvm
64,4,4,4,512,32,2,0,[64; 4; 4; 4; 512; 32; 2; 0],0.006199719842697959,0.644315443188946,tvm
64,2,8,4,128,32,2,1,[64; 2; 8; 4; 128; 32; 2; 1],0.0063237030553864315,0.6316829242468496,tvm
64,1,8,4,1024,32,2,1,[64; 1; 8; 4; 1024; 32; 2; 1],0.006471987318946049,0.6172099914969778,tvm
32,8,8,8,32,32,2,0,[32; 8; 8; 8; 32; 32; 2; 0],0.007992761311470531,0.4997741184091865,tvm
32,8,64,8,128,32,2,1,[32; 8; 64; 8; 128; 32; 2; 1],0.006388577559846453,0.6252683325317954,tvm
32,2,64,4,512,64,4,0,[32; 2; 64; 4; 512; 64; 4; 0],0.006591514073079452,0.6060178577801375,tvm
128,8,4,4,1024,32,2,1,[128; 8; 4; 4; 1024; 32; 2; 1],0.006231402971025091,0.6410394668214042,tvm
32,2,64,4,256,64,4,1,[32; 2; 64; 4; 256; 64; 4; 1],0.006523813630337827,0.6123067678572517,tvm
32,2,16,8,256,32,2,1,[32; 2; 16; 8; 256; 32; 2; 1],0.006462952005676925,0.6180728612229341,tvm
32,4,32,4,1024,64,4,0,[32; 4; 32; 4; 1024; 64; 4; 0],0.006344130248180591,0.6296489955011292,tvm
64,8,4,4,256,32,2,1,[64; 8; 4; 4; 256; 32; 2; 1],0.006276308631640859,0.6364529650370155,tvm
128,64,16,4,1024,64,4,0,[128; 64; 16; 4; 1024; 64; 4; 0],0.0062006892476347275,0.6442147120368887,tvm
64,16,32,4,64,64,4,0,[64; 16; 32; 4; 64; 64; 4; 0],0.006366038011037745,0.6274821531334325,tvm
64,2,8,4,64,64,4,0,[64; 2; 8; 4; 64; 64; 4; 0],0.006367046065861359,0.6273828077847959,tvm
32,2,16,4,1024,64,4,0,[32; 2; 16; 4; 1024; 64; 4; 0],0.006221871066372842,0.6420215390969122,tvm
64,8,16,8,128,32,2,0,[64; 8; 16; 8; 128; 32; 2; 0],0.006144058315840084,0.6501525592289329,tvm
64,16,16,8,256,32,2,0,[64; 16; 16; 8; 256; 32; 2; 0],0.005998711283609737,0.6659055669189491,tvm
64,4,32,8,512,32,2,0,[64; 4; 32; 8; 512; 32; 2; 0],0.006223224037967157,0.6418819592103394,tvm
64,1,64,8,1024,32,2,0,[64; 1; 64; 8; 1024; 32; 2; 0],0.006045053312845994,0.6608006631813481,tvm
32,4,4,4,128,64,4,1,[32; 4; 4; 4; 128; 64; 4; 1],0.00609157768485602,0.655753803817681,tvm
64,1,16,4,128,64,4,0,[64; 1; 16; 4; 128; 64; 4; 0],0.006181675438710954,0.6461962097007498,tvm
64,16,16,8,512,32,2,0,[64; 16; 16; 8; 512; 32; 2; 0],0.005862237092514988,0.6814079975024526,tvm
64,4,64,8,64,32,2,1,[64; 4; 64; 8; 64; 32; 2; 1],0.00602680000156397,0.6628020238034505,tvm
64,32,32,8,512,32,2,1,[64; 32; 32; 8; 512; 32; 2; 1],0.005849240282259416,0.6829220625814731,tvm
64,1,64,8,256,32,2,1,[64; 1; 64; 8; 256; 32; 2; 1],0.006171293221996166,0.6472833317751758,tvm
32,1,64,4,512,64,4,1,[32; 1; 64; 4; 512; 64; 4; 1],0.0060901337856194004,0.6559092753475476,tvm
32,4,32,4,512,64,4,1,[32; 4; 32; 4; 512; 64; 4; 1],0.006008294723869767,0.6648434242457483,tvm
32,16,8,4,1024,64,4,0,[32; 16; 8; 4; 1024; 64; 4; 0],0.005976473221380729,0.6683833575635736,tvm
128,16,4,4,64,64,4,0,[128; 16; 4; 4; 64; 64; 4; 0],0.00608316181023838,0.6566610198288813,tvm
128,4,16,8,1024,32,2,1,[128; 4; 16; 8; 1024; 32; 2; 1],0.006099849124439061,0.6548645969112519,tvm
64,4,32,8,512,32,2,1,[64; 4; 32; 8; 512; 32; 2; 1],0.006042228436854202,0.6611096021677318,tvm
128,32,8,8,1024,32,2,1,[128; 32; 8; 8; 1024; 32; 2; 1],0.005964586562186014,0.6697153602262805,tvm
32,8,8,8,128,32,2,1,[32; 8; 8; 8; 128; 32; 2; 1],0.005910682717512827,0.6758229850943728,tvm
32,4,8,8,256,32,2,1,[32; 4; 8; 8; 256; 32; 2; 1],0.005885405720619019,0.6787255505768418,tvm
128,8,64,4,64,64,4,0,[128; 8; 64; 4; 64; 64; 4; 0],0.006125283682195004,0.6521453446648819,tvm
64,8,32,8,128,32,2,1,[64; 8; 32; 8; 128; 32; 2; 1],0.005904352248762734,0.6765475821555713,tvm
128,2,8,8,128,32,2,0,[128; 2; 8; 8; 128; 32; 2; 0],0.00570357296965085,0.700363659648203,tvm
64,8,32,4,64,64,4,1,[64; 8; 32; 4; 64; 64; 4; 1],0.005811554940009955,0.687350507623076,tvm
128,1,8,4,64,64,4,1,[128; 1; 8; 4; 64; 64; 4; 1],0.0056451053387718275,0.7076174842406598,tvm
128,1,64,4,512,64,4,0,[128; 1; 64; 4; 512; 64; 4; 0],0.005555302937864326,0.7190562391960047,tvm
32,2,4,4,512,64,4,1,[32; 2; 4; 4; 512; 64; 4; 1],0.0055990830005612224,0.7134338315211336,tvm
128,8,64,4,1024,64,4,0,[128; 8; 64; 4; 1024; 64; 4; 0],0.005353608597943094,0.7461462983360403,tvm
64,1,64,4,1024,64,4,1,[64; 1; 64; 4; 1024; 64; 4; 1],0.005288946216751356,0.7552686441475741,tvm
32,8,4,4,1024,64,4,1,[32; 8; 4; 4; 1024; 64; 4; 1],0.005412963124399539,0.737964613150465,tvm
128,4,4,4,64,64,4,1,[128; 4; 4; 4; 64; 64; 4; 1],0.005609333631582558,0.7121300853998679,tvm
128,2,64,4,512,64,4,1,[128; 2; 64; 4; 512; 64; 4; 1],0.005644488439429551,0.7076948214104132,tvm
64,8,16,4,128,64,4,1,[64; 8; 16; 4; 128; 64; 4; 1],0.005638837406877428,0.708404046767378,tvm
128,2,16,4,256,64,4,1,[128; 2; 16; 4; 256; 64; 4; 1],0.00561164381360868,0.7118369181607852,tvm
64,32,8,4,128,64,4,1,[64; 32; 8; 4; 128; 64; 4; 1],0.005462666158564389,0.7312501116021025,tvm
128,4,8,4,256,64,4,1,[128; 4; 8; 4; 256; 64; 4; 1],0.005372867970436346,0.7434716914830176,tvm
64,16,8,4,512,64,4,0,[64; 16; 8; 4; 512; 64; 4; 0],0.005425570030638482,0.7362498715411762,tvm
128,8,16,4,1024,64,4,0,[128; 8; 16; 4; 1024; 64; 4; 0],0.0052870460276608355,0.7555400912336242,tvm
128,16,4,4,512,64,4,0,[128; 16; 4; 4; 512; 64; 4; 0],0.005179428655537777,0.7712385870639016,tvm
128,32,32,4,1024,64,4,1,[128; 32; 32; 4; 1024; 64; 4; 1],0.005182646127650514,0.770759789441022,tvm
64,16,32,4,512,64,4,1,[64; 16; 32; 4; 512; 64; 4; 1],0.005364244876545854,0.7446668319637612,tvm
64,32,8,4,512,64,4,1,[64; 32; 8; 4; 512; 64; 4; 1],0.005267385218758136,0.7583601867336026,tvm
128,32,8,4,512,64,4,1,[128; 32; 8; 4; 512; 64; 4; 1],0.005213551841734443,0.7661907581159343,tvm
64,2,4,4,1024,64,4,0,[64; 2; 4; 4; 1024; 64; 4; 0],0.005244253123237286,0.7617052694110579,tvm
64,4,4,4,1024,64,4,0,[64; 4; 4; 4; 1024; 64; 4; 0],0.005221131410507951,0.7650784713167401,tvm
64,16,16,4,1024,64,4,1,[64; 16; 16; 4; 1024; 64; 4; 1],0.005269590532407165,0.7580428144329658,tvm
32,2,4,4,1024,32,2,1,[32; 2; 4; 4; 1024; 32; 2; 1],0.006276964253629558,0.6363864882272409,tvm
32,2,64,4,256,64,4,1,[32; 2; 64; 4; 256; 64; 4; 1],0.006143770631751977,0.6501830028371571,tvm
32,2,32,4,128,64,4,1,[32; 2; 32; 4; 128; 64; 4; 1],0.006278910441324115,0.6361892362415749,tvm
32,1,8,8,32,32,2,1,[32; 1; 8; 8; 32; 32; 2; 1],0.006712048372719437,0.5951350491350536,tvm
32,32,8,8,1024,32,2,0,[32; 32; 8; 8; 1024; 32; 2; 0],0.007356884132605046,0.5429710684706371,tvm
64,8,64,8,128,32,2,0,[64; 8; 64; 8; 128; 32; 2; 0],0.006452201370848343,0.6191026920119245,tvm
32,1,8,8,64,32,2,1,[32; 1; 8; 8; 64; 32; 2; 1],0.006255069936742075,0.6386140008813067,tvm
128,1,32,8,256,32,2,0,[128; 1; 32; 8; 256; 32; 2; 0],0.0062354164401767775,0.6406268573109112,tvm
128,1,64,8,128,32,2,0,[128; 1; 64; 8; 128; 32; 2; 0],0.0063779288175283,0.6263122954770283,tvm
128,64,16,4,256,64,4,1,[128; 64; 16; 4; 256; 64; 4; 1],0.006041884342266712,0.6611472533743682,tvm
128,4,32,8,32,32,2,1,[128; 4; 32; 8; 32; 32; 2; 1],0.005921668154769577,0.6745692486800072,tvm
128,2,64,8,256,32,2,0,[128; 2; 64; 8; 256; 32; 2; 0],0.0059776820344268344,0.6682481963894312,tvm
32,1,4,4,128,64,4,1,[32; 1; 4; 4; 128; 64; 4; 1],0.006074618278944399,0.6575845682256408,tvm
128,16,16,8,128,32,2,0,[128; 16; 16; 8; 128; 32; 2; 0],0.005855151473951992,0.6822326042060635,tvm
128,8,64,8,32,32,2,1,[128; 8; 64; 8; 32; 32; 2; 1],0.00579837506666081,0.6889128751023774,tvm
64,2,64,8,64,32,2,1,[64; 2; 64; 8; 64; 32; 2; 1],0.005948670310317539,0.6715072494716905,tvm
128,32,16,4,64,64,4,0,[128; 32; 16; 4; 64; 64; 4; 0],0.00608515425119549,0.6564460115880322,tvm
64,16,32,4,128,64,4,0,[64; 16; 32; 4; 128; 64; 4; 0],0.006212665030034259,0.6429728979083893,tvm
64,8,64,8,64,32,2,1,[64; 8; 64; 8; 64; 32; 2; 1],0.005963068251730874,0.6698858824793343,tvm
64,32,32,4,128,64,4,0,[64; 32; 32; 4; 128; 64; 4; 0],0.006209411905729212,0.6433097527979389,tvm
32,8,8,4,512,64,4,0,[32; 8; 8; 4; 512; 64; 4; 0],0.00614562671398744,0.6499866366767102,tvm
64,2,16,8,512,32,2,0,[64; 2; 16; 8; 512; 32; 2; 0],0.006200704498041887,0.6442131276142381,tvm
128,4,64,8,256,32,2,1,[128; 4; 64; 8; 256; 32; 2; 1],0.005951345185167156,0.6712054357141178,tvm
32,1,32,4,512,64,4,1,[32; 1; 32; 4; 512; 64; 4; 1],0.005982384813250974,0.6677228835643036,tvm
128,8,64,8,1024,32,2,1,[128; 8; 64; 8; 1024; 32; 2; 1],0.005947129939158913,0.6716811771326759,tvm
128,4,32,8,1024,32,2,1,[128; 4; 32; 8; 1024; 32; 2; 1],0.005934621127380524,0.6730969260473076,tvm
128,16,16,8,1024,32,2,1,[128; 16; 16; 8; 1024; 32; 2; 1],0.005804164189612493,0.6882257475148942,tvm
64,16,32,8,1024,32,2,1,[64; 16; 32; 8; 1024; 32; 2; 1],0.005806638626381755,0.6879324674944248,tvm
128,1,64,4,64,64,4,0,[128; 1; 64; 4; 64; 64; 4; 0],0.005927687438088469,0.6738842558445336,tvm
128,8,8,8,64,32,2,1,[128; 8; 8; 8; 64; 32; 2; 1],0.005692211059795227,0.7017616170822275,tvm
128,8,32,4,64,64,4,0,[128; 8; 32; 4; 64; 64; 4; 0],0.0058886108454316854,0.6783561255697823,tvm
64,16,32,4,256,64,4,0,[64; 16; 32; 4; 256; 64; 4; 0],0.005927344842348248,0.6739232058097534,tvm
64,16,16,8,512,32,2,1,[64; 16; 16; 8; 512; 32; 2; 1],0.005751227530709002,0.6945604597915801,tvm
64,8,16,8,512,32,2,1,[64; 8; 16; 8; 512; 32; 2; 1],0.005761362343037035,0.6933386585072072,tvm
64,16,16,8,256,32,2,1,[64; 16; 16; 8; 256; 32; 2; 1],0.0057428844083915465,0.6955695002773057,tvm
128,2,64,4,256,64,4,0,[128; 2; 64; 4; 256; 64; 4; 0],0.0058075296255992725,0.6878269239449712,tvm
128,2,32,4,64,64,4,1,[128; 2; 32; 4; 64; 64; 4; 1],0.005707456963136792,0.6998870537080385,tvm
128,8,32,4,64,64,4,1,[128; 8; 32; 4; 64; 64; 4; 1],0.005658762594975997,0.7059096703653429,tvm
128,2,8,4,128,64,4,0,[128; 2; 8; 4; 128; 64; 4; 0],0.005825280059070792,0.6857310202408405,tvm
64,2,16,4,128,64,4,1,[64; 2; 16; 4; 128; 64; 4; 1],0.005714000217267312,0.6990855943659066,tvm
32,8,8,4,1024,64,4,1,[32; 8; 8; 4; 1024; 64; 4; 1],0.005683427807525732,0.7028461297257629,tvm
64,1,64,4,512,64,4,0,[64; 1; 64; 4; 512; 64; 4; 0],0.0058151808771071956,0.6869219242725205,tvm
64,16,64,4,1024,64,4,0,[64; 16; 64; 4; 1024; 64; 4; 0],0.005609737621853128,0.7120788007150439,tvm
128,8,8,4,128,64,4,0,[128; 8; 8; 4; 128; 64; 4; 0],0.0056352211540797725,0.7088586461603652,tvm
128,16,64,4,512,64,4,0,[128; 16; 64; 4; 512; 64; 4; 0],0.005489868126460351,0.7276268110780252,tvm
128,2,64,4,256,64,4,1,[128; 2; 64; 4; 256; 64; 4; 1],0.005597401534032542,0.713648147950076,tvm
128,8,8,8,256,32,2,1,[128; 8; 8; 8; 256; 32; 2; 1],0.005592024026555009,0.714334419724608,tvm
128,2,32,4,256,64,4,1,[128; 2; 32; 4; 256; 64; 4; 1],0.005584085374721326,0.7153499579677518,tvm
32,1,4,4,512,64,4,1,[32; 1; 4; 4; 512; 64; 4; 1],0.0056992654062923975,0.7008930016989454,tvm
128,2,8,8,512,32,2,1,[128; 2; 8; 8; 512; 32; 2; 1],0.005690577374480199,0.7019630830448236,tvm
64,32,32,4,128,64,4,1,[64; 32; 32; 4; 128; 64; 4; 1],0.005701402093109209,0.7006303314272704,tvm
64,16,8,8,256,32,2,0,[64; 16; 8; 8; 256; 32; 2; 0],0.005483529188495595,0.7284679447819533,tvm
64,2,64,4,1024,64,4,1,[64; 2; 64; 4; 1024; 64; 4; 1],0.005570792935031932,0.7170568507357995,tvm
128,8,64,4,512,64,4,1,[128; 8; 64; 4; 512; 64; 4; 1],0.005558717966778204,0.7186144830460732,tvm
128,1,4,4,256,64,4,1,[128; 1; 4; 4; 256; 64; 4; 1],0.005428979653515853,0.7357874762909302,tvm
32,8,8,8,512,32,2,1,[32; 8; 8; 8; 512; 32; 2; 1],0.005458461688249372,0.7318133690842797,tvm
32,4,8,8,1024,32,2,0,[32; 4; 8; 8; 1024; 32; 2; 0],0.005572332403971814,0.7168587493538628,tvm
128,1,8,4,512,64,4,0,[128; 1; 8; 4; 512; 64; 4; 0],0.005856779411260504,0.6820429723569732,tvm
128,16,8,4,256,64,4,1,[128; 16; 8; 4; 256; 64; 4; 1],0.005617099719529506,0.7111455088124781,tvm
64,2,8,8,1024,32,2,1,[64; 2; 8; 8; 1024; 32; 2; 1],0.005482654596562497,0.7285841498386106,tvm
128,32,32,4,1024,64,4,1,[128; 32; 32; 4; 1024; 64; 4; 1],0.0055042708772816695,0.725722866325938,tvm
128,32,4,4,1024,64,4,0,[128; 32; 4; 4; 1024; 64; 4; 0],0.005078808811958879,0.7865181356481391,tvm
128,16,32,4,1024,64,4,1,[128; 16; 32; 4; 1024; 64; 4; 1],0.00513335606228793,0.7781605619452903,tvm
128,8,4,4,1024,64,4,1,[128; 8; 4; 4; 1024; 64; 4; 1],0.005105973999889102,0.7823336425492957,tvm
32,16,64,8,1024,32,2,1,[32; 16; 64; 8; 1024; 32; 2; 1],0.006780274256016128,0.589146557685459,tvm
32,1,64,8,128,32,2,1,[32; 1; 64; 8; 128; 32; 2; 1],0.00637441519938875,0.6266575227917822,tvm
32,2,32,8,512,32,2,1,[32; 2; 32; 8; 512; 32; 2; 1],0.006185397753142752,0.6458073348744026,tvm
64,32,64,8,256,32,2,0,[64; 32; 64; 8; 256; 32; 2; 0],0.006607277624425478,0.6045720287775221,tvm
64,2,32,8,64,32,2,0,[64; 2; 32; 8; 64; 32; 2; 0],0.006417523996788077,0.6224480407232592,tvm
32,1,8,8,64,32,2,0,[32; 1; 8; 8; 64; 32; 2; 0],0.0067635711311595514,0.5906014974385884,tvm
128,4,8,4,128,32,2,1,[128; 4; 8; 4; 128; 32; 2; 1],0.006196804373757914,0.6446185803462466,tvm
64,32,32,8,512,32,2,0,[64; 32; 32; 8; 512; 32; 2; 0],0.006398803001502529,0.624269138643158,tvm
128,4,4,4,512,32,2,0,[128; 4; 4; 4; 512; 32; 2; 0],0.006617079678107984,0.603676460374345,tvm
128,32,16,8,512,32,2,0,[128; 32; 16; 8; 512; 32; 2; 0],0.006960551123484038,0.57388778089971,tvm
32,1,64,4,512,64,4,0,[32; 1; 64; 4; 512; 64; 4; 0],0.006501669326098636,0.6143922487814689,tvm
32,4,8,8,32,32,2,1,[32; 4; 8; 8; 32; 32; 2; 1],0.006739125557942316,0.592743851372153,tvm
32,2,4,4,1024,32,2,1,[32; 2; 4; 4; 1024; 32; 2; 1],0.0062912502471590415,0.634941399747861,tvm
32,16,32,8,256,32,2,1,[32; 16; 32; 8; 256; 32; 2; 1],0.006429862187360413,0.6212536321459,tvm
64,32,16,8,512,32,2,0,[64; 32; 16; 8; 512; 32; 2; 0],0.006546401316882111,0.610194066134301,tvm
64,4,4,4,128,32,2,1,[64; 4; 4; 4; 128; 32; 2; 1],0.0065697251266101375,0.6080277578000236,tvm
32,4,64,4,128,64,4,1,[32; 4; 64; 4; 128; 64; 4; 1],0.006397515564458445,0.624394766663359,tvm
128,64,32,4,1024,64,4,0,[128; 64; 32; 4; 1024; 64; 4; 0],0.006326699687633663,0.6313837285343481,tvm
64,2,64,8,128,32,2,0,[64; 2; 64; 8; 128; 32; 2; 0],0.007061943440930918,0.56564814933843,tvm
32,2,8,8,64,32,2,1,[32; 2; 8; 8; 64; 32; 2; 1],0.006387010114849545,0.625421780499143,tvm
64,1,8,8,32,32,2,1,[64; 1; 8; 8; 32; 32; 2; 1],0.006594148377189413,0.6057757589916143,tvm
128,4,16,8,32,32,2,1,[128; 4; 16; 8; 32; 32; 2; 1],0.006610081691178493,0.6043155629114557,tvm
128,2,8,8,64,32,2,0,[128; 2; 8; 8; 64; 32; 2; 0],0.0065991001756628975,0.6053212001277086,tvm
64,8,64,8,1024,32,2,0,[64; 8; 64; 8; 1024; 32; 2; 0],0.006541706505231559,0.6106319864550146,tvm
128,32,32,8,128,32,2,1,[128; 32; 32; 8; 128; 32; 2; 1],0.00615928658953635,0.648545116390815,tvm
32,32,32,4,512,64,4,1,[32; 32; 32; 4; 512; 64; 4; 1],0.006223350028449204,0.6418689644378955,tvm
32,4,4,4,128,64,4,1,[32; 4; 4; 4; 128; 64; 4; 1],0.006072386662708595,0.657826232085401,tvm
128,2,64,8,32,32,2,1,[128; 2; 64; 8; 32; 32; 2; 1],0.006233490406884812,0.6408247991660146,tvm
128,32,16,4,64,64,4,0,[128; 32; 16; 4; 64; 64; 4; 0],0.006081024002924096,0.6568918715292726,tvm
128,1,32,8,256,32,2,1,[128; 1; 32; 8; 256; 32; 2; 1],0.00633421131351497,0.630634982065127,tvm
64,32,32,8,64,32,2,1,[64; 32; 32; 8; 64; 32; 2; 1],0.00599863137176726,0.6659144378992561,tvm
128,8,64,8,32,32,2,1,[128; 8; 64; 8; 32; 32; 2; 1],0.006264591997023672,0.637643319787318,tvm
64,16,32,8,64,32,2,1,[64; 16; 32; 8; 64; 32; 2; 1],0.0057686205036588944,0.6924662899148205,tvm
64,1,32,8,512,32,2,1,[64; 1; 32; 8; 512; 32; 2; 1],0.005882741941604763,0.6790328859820003,tvm
128,4,8,8,64,32,2,1,[128; 4; 8; 8; 64; 32; 2; 1],0.005613445500785019,0.711608447527746,tvm
128,2,64,8,1024,32,2,1,[128; 2; 64; 8; 1024; 32; 2; 1],0.005633189997752197,0.7091142389461721,tvm
128,8,32,8,512,32,2,1,[128; 8; 32; 8; 512; 32; 2; 1],0.005644752345688175,0.7076617349114619,tvm
128,32,64,4,128,64,4,0,[128; 32; 64; 4; 128; 64; 4; 0],0.005679239402525127,0.7033644745314229,tvm
32,4,16,4,1024,64,4,1,[32; 4; 16; 4; 1024; 64; 4; 1],0.005783510503533762,0.6906834932960746,tvm
64,4,16,8,256,32,2,1,[64; 4; 16; 8; 256; 32; 2; 1],0.005756367747380864,0.693940243813082,tvm
128,16,64,4,64,64,4,1,[128; 16; 64; 4; 64; 64; 4; 1],0.0054292377244564705,0.7357525017004374,tvm
32,1,4,4,1024,64,4,0,[32; 1; 4; 4; 1024; 64; 4; 0],0.005800319588161074,0.688681921294215,tvm
128,2,64,4,128,64,4,1,[128; 2; 64; 4; 128; 64; 4; 1],0.0053955438124830835,0.740347104374062,tvm
64,16,64,4,512,64,4,0,[64; 16; 64; 4; 512; 64; 4; 0],0.005702485497749876,0.7004972199703873,tvm
32,2,8,4,1024,64,4,1,[32; 2; 8; 4; 1024; 64; 4; 1],0.0056853666246752255,0.7026064459516588,tvm
64,32,64,4,512,64,4,0,[64; 32; 64; 4; 512; 64; 4; 0],0.005738319785450585,0.6961228003053119,tvm
64,2,8,8,128,32,2,1,[64; 2; 8; 8; 128; 32; 2; 1],0.0054583066594204865,0.7318341543161567,tvm
128,2,8,8,256,32,2,0,[128; 2; 8; 8; 256; 32; 2; 0],0.0054291408087010495,0.7357656356404139,tvm
128,8,64,4,512,64,4,0,[128; 8; 64; 4; 512; 64; 4; 0],0.0059837778462679125,0.6675674366130852,tvm
64,8,8,8,128,32,2,0,[64; 8; 8; 8; 128; 32; 2; 0],0.006041345935955178,0.6612061749884992,tvm
64,4,32,4,256,64,4,1,[64; 4; 32; 4; 256; 64; 4; 1],0.005927887119469233,0.6738615559961779,tvm
64,2,16,4,512,64,4,0,[64; 2; 16; 4; 512; 64; 4; 0],0.0060665264099952765,0.6584616909461948,tvm
64,1,32,4,1024,64,4,1,[64; 1; 32; 4; 1024; 64; 4; 1],0.005304012847773265,0.7531232206144154,tvm
128,8,16,4,256,64,4,1,[128; 8; 16; 4; 256; 64; 4; 1],0.005870098902960308,0.6804953892822423,tvm
128,32,16,4,128,64,4,1,[128; 32; 16; 4; 128; 64; 4; 1],0.005844017839990556,0.6835323483717656,tvm
64,2,32,4,512,64,4,1,[64; 2; 32; 4; 512; 64; 4; 1],0.005673998282873072,0.7040141781771134,tvm
64,16,8,8,1024,32,2,0,[64; 16; 8; 8; 1024; 32; 2; 0],0.00541827787674265,0.7372407486226398,tvm
64,4,16,4,512,64,4,1,[64; 4; 16; 4; 512; 64; 4; 1],0.0056010271873674355,0.7131861896876003,tvm
128,1,4,4,512,64,4,0,[128; 1; 4; 4; 512; 64; 4; 0],0.005685427124262787,0.7025989693981353,tvm
128,4,16,4,512,64,4,1,[128; 4; 16; 4; 512; 64; 4; 1],0.005596405404503457,0.7137751734141315,tvm
128,4,16,4,1024,64,4,0,[128; 4; 16; 4; 1024; 64; 4; 0],0.005613973968138453,0.7115414607844729,tvm
64,4,8,4,1024,64,4,1,[64; 4; 8; 4; 1024; 64; 4; 1],0.005474242563650478,0.7297037337401927,tvm
64,16,16,4,1024,64,4,1,[64; 16; 16; 4; 1024; 64; 4; 1],0.005465446345624514,0.730878136109265,tvm
64,32,4,4,1024,64,4,1,[64; 32; 4; 4; 1024; 64; 4; 1],0.005282318001263775,0.7562163499318956,tvm
64,2,16,4,64,64,4,0,[64; 2; 16; 4; 64; 64; 4; 0],0.006625642126891762,0.6028963173067097,tvm
32,4,8,4,256,64,4,1,[32; 4; 8; 4; 256; 64; 4; 1],0.006155294839118142,0.6489657022940487,tvm
64,1,64,8,32,32,2,1,[64; 1; 64; 8; 32; 32; 2; 1],0.006406766377040185,0.6234931950087218,tvm
128,32,16,8,32,32,2,1,[128; 32; 16; 8; 32; 32; 2; 1],0.006560459427419119,0.6088865089844329,tvm
128,64,64,4,64,64,4,1,[128; 64; 64; 4; 64; 64; 4; 1],0.006273364997468889,0.6367516061486821,tvm
64,16,64,8,512,32,2,0,[64; 16; 64; 8; 512; 32; 2; 0],0.006557334563694894,0.6091766706874255,tvm
64,1,32,8,1024,32,2,0,[64; 1; 32; 8; 1024; 32; 2; 0],0.006594413498532958,0.6057514044249577,tvm
32,16,64,4,1024,64,4,0,[32; 16; 64; 4; 1024; 64; 4; 0],0.006390124501194805,0.6251169656159822,tvm
64,16,8,8,32,32,2,1,[64; 16; 8; 8; 32; 32; 2; 1],0.005869216089195106,0.6805977454892187,tvm
64,8,8,8,32,32,2,1,[64; 8; 8; 8; 32; 32; 2; 1],0.005957503752142657,0.670511577379798,tvm
64,1,4,4,64,64,4,0,[64; 1; 4; 4; 64; 64; 4; 0],0.006271413687500171,0.6369497273090118,tvm
128,8,64,8,512,32,2,0,[128; 8; 64; 8; 512; 32; 2; 0],0.005788408030639403,0.6900991113534177,tvm
128,2,16,8,128,32,2,0,[128; 2; 16; 8; 128; 32; 2; 0],0.005972617749648634,0.6688148154685166,tvm
64,4,8,8,128,32,2,0,[64; 4; 8; 8; 128; 32; 2; 0],0.005717102620110381,0.6987062334763748,tvm
128,8,8,4,64,64,4,0,[128; 8; 8; 4; 64; 64; 4; 0],0.005863749131094664,0.6812322882151538,tvm
128,2,32,4,512,64,4,1,[128; 2; 32; 4; 512; 64; 4; 1],0.005409332436101977,0.7384599274090413,tvm
64,8,8,4,64,64,4,1,[64; 8; 8; 4; 64; 64; 4; 1],0.005699224158888683,0.7008980743221299,tvm
128,1,16,4,128,64,4,1,[128; 1; 16; 4; 128; 64; 4; 1],0.005420773246441968,0.7369013711682475,tvm
128,8,16,8,512,32,2,1,[128; 8; 16; 8; 512; 32; 2; 1],0.005841080623213202,0.6838760660519365,tvm
128,16,64,4,64,64,4,1,[128; 16; 64; 4; 64; 64; 4; 1],0.005352735999622382,0.7462679344501657,tvm
32,4,32,4,1024,64,4,1,[32; 4; 32; 4; 1024; 64; 4; 1],0.005894154033740051,0.6777181619667543,tvm
64,32,32,8,512,32,2,1,[64; 32; 32; 8; 512; 32; 2; 1],0.005763083689089399,0.6931315687220924,tvm
32,8,32,4,512,64,4,1,[32; 8; 32; 4; 512; 64; 4; 1],0.005980175126751419,0.6679696084862303,tvm
64,32,8,4,256,64,4,0,[64; 32; 8; 4; 256; 64; 4; 0],0.005587874504271895,0.7148648802047023,tvm
64,32,8,4,64,64,4,1,[64; 32; 8; 4; 64; 64; 4; 1],0.005784655972092878,0.6905467252272927,tvm
128,2,8,8,256,32,2,1,[128; 2; 8; 8; 256; 32; 2; 1],0.005656643937982153,0.7061740639663081,tvm
64,4,8,8,1024,32,2,0,[64; 4; 8; 8; 1024; 32; 2; 0],0.005335753441613633,0.7486431451163911,tvm
128,1,64,4,512,64,4,0,[128; 1; 64; 4; 512; 64; 4; 0],0.005518558529729489,0.7238439560939196,tvm
64,16,16,4,256,64,4,0,[64; 16; 16; 4; 256; 64; 4; 0],0.005858623313542921,0.68182831090391,tvm
128,2,4,4,64,64,4,1,[128; 2; 4; 4; 64; 64; 4; 1],0.00547638186981203,0.7294186806283374,tvm
128,4,8,4,1024,64,4,0,[128; 4; 8; 4; 1024; 64; 4; 0],0.005177160091989208,0.7715765336822744,tvm
64,32,64,4,512,64,4,0,[64; 32; 64; 4; 512; 64; 4; 0],0.005817133285745513,0.6866913721718688,tvm
128,8,8,8,32,32,2,1,[128; 8; 8; 8; 32; 32; 2; 1],0.0057265433424618095,0.6975543533349025,tvm
128,4,16,8,1024,32,2,0,[128; 4; 16; 8; 1024; 32; 2; 0],0.00572432665649103,0.6978244740044034,tvm
64,8,16,8,64,32,2,1,[64; 8; 16; 8; 64; 32; 2; 1],0.005721177090890706,0.6982086334043787,tvm
32,2,32,4,512,64,4,1,[32; 2; 32; 4; 512; 64; 4; 1],0.006197968687047251,0.6444974861591755,tvm
64,4,16,8,512,32,2,0,[64; 4; 16; 8; 512; 32; 2; 0],0.005880886965314858,0.6792470696435792,tvm
128,8,32,4,128,64,4,1,[128; 8; 32; 4; 128; 64; 4; 1],0.0054123427253216505,0.7380492036113334,tvm
64,16,8,4,64,64,4,1,[64; 16; 8; 4; 64; 64; 4; 1],0.005660284754412714,0.7057198376779716,tvm
64,4,64,8,32,32,2,1,[64; 4; 64; 8; 32; 32; 2; 1],0.005847976281074807,0.6830696716439264,tvm
64,16,64,4,128,64,4,1,[64; 16; 64; 4; 128; 64; 4; 1],0.005573390597419348,0.7167226427562515,tvm
64,4,8,4,512,64,4,1,[64; 4; 8; 4; 512; 64; 4; 1],0.0053354881893028505,0.7486803637020477,tvm
128,4,16,4,128,64,4,1,[128; 4; 16; 4; 128; 64; 4; 1],0.005616609152639285,0.7112076218118469,tvm
64,32,8,8,128,32,2,0,[64; 32; 8; 8; 128; 32; 2; 0],0.0061119302190491,0.6535701644049068,tvm
128,8,32,4,512,64,4,0,[128; 8; 32; 4; 512; 64; 4; 0],0.005589751839579549,0.7146247906411,tvm
64,2,32,4,1024,64,4,0,[64; 2; 32; 4; 1024; 64; 4; 0],0.005474627279909328,0.7296524555661436,tvm
128,32,64,4,512,64,4,0,[128; 32; 64; 4; 512; 64; 4; 0],0.005609782907413319,0.7120730523843292,tvm
64,4,32,4,1024,64,4,1,[64; 4; 32; 4; 1024; 64; 4; 1],0.005252306626061909,0.760537326262367,tvm
128,4,4,4,128,64,4,0,[128; 4; 4; 4; 128; 64; 4; 0],0.005565634251979645,0.717721477417314,tvm
128,1,4,4,512,64,4,0,[128; 1; 4; 4; 512; 64; 4; 0],0.0053667643733206205,0.7443172385121211,tvm
128,2,16,4,512,64,4,1,[128; 2; 16; 4; 512; 64; 4; 1],0.005427923839306459,0.7359305982092844,tvm
64,4,8,8,256,32,2,1,[64; 4; 8; 8; 256; 32; 2; 1],0.005458361782075372,0.7318267637027946,tvm
32,2,8,8,128,32,2,1,[32; 2; 8; 8; 128; 32; 2; 1],0.0059005956863984466,0.6769783002253814,tvm
128,8,4,4,64,64,4,1,[128; 8; 4; 4; 64; 64; 4; 1],0.005537223660212476,0.7214039892948729,tvm
128,16,4,4,1024,64,4,0,[128; 16; 4; 4; 1024; 64; 4; 0],0.005200787280045915,0.7680712597920313,tvm
128,1,32,8,512,32,2,1,[128; 1; 32; 8; 512; 32; 2; 1],0.0061811931227566674,0.646246632124924,tvm
128,2,16,8,256,32,2,1,[128; 2; 16; 8; 256; 32; 2; 1],0.006041990498488303,0.6611356371868964,tvm
32,1,64,4,512,64,4,1,[32; 1; 64; 4; 512; 64; 4; 1],0.006149657623609528,0.6495605906188044,tvm
64,2,32,4,1024,64,4,1,[64; 2; 32; 4; 1024; 64; 4; 1],0.005285410377837252,0.7557739044909861,tvm
32,4,64,4,1024,64,4,1,[32; 4; 64; 4; 1024; 64; 4; 1],0.006039202344254591,0.6614408675833634,tvm
64,8,16,8,1024,32,2,1,[64; 8; 16; 8; 1024; 32; 2; 1],0.0057794839958660305,0.6911646854550496,tvm
64,4,16,4,256,64,4,0,[64; 4; 16; 4; 256; 64; 4; 0],0.005934287153650075,0.673134807040513,tvm
64,4,8,4,1024,64,4,0,[64; 4; 8; 4; 1024; 64; 4; 0],0.005385795906477142,0.7416870797668411,tvm
128,4,4,4,1024,64,4,0,[128; 4; 4; 4; 1024; 64; 4; 0],0.005284787781420164,0.7558629415809368,tvm
64,8,8,4,256,32,2,1,[64; 8; 8; 4; 256; 32; 2; 1],0.00652260280912742,0.6124204332211398,tvm
32,2,4,4,1024,32,2,1,[32; 2; 4; 4; 1024; 32; 2; 1],0.006280646193772554,0.6360134156348398,tvm
64,1,4,4,128,32,2,1,[64; 1; 4; 4; 128; 32; 2; 1],0.0064570109971100464,0.6186415417107208,tvm
32,2,16,8,128,32,2,1,[32; 2; 16; 8; 128; 32; 2; 1],0.006233384250663221,0.6408357125858594,tvm
128,1,4,4,1024,32,2,0,[128; 1; 4; 4; 1024; 32; 2; 0],0.006629410621826537,0.6025536003070288,tvm
128,2,4,4,1024,32,2,0,[128; 2; 4; 4; 1024; 32; 2; 0],0.006513937871204689,0.6132350840731123,tvm
32,8,16,4,512,64,4,0,[32; 8; 16; 4; 512; 64; 4; 0],0.006556122752954252,0.6092892687671603,tvm
32,8,64,4,1024,64,4,0,[32; 8; 64; 4; 1024; 64; 4; 0],0.006458492003730498,0.6184996800782483,tvm
64,2,16,4,64,64,4,0,[64; 2; 16; 4; 64; 64; 4; 0],0.006314591446425766,0.6325944080446058,tvm
64,1,32,8,256,32,2,0,[64; 1; 32; 8; 256; 32; 2; 0],0.006256917433347553,0.6384254356315,tvm
64,1,64,8,256,32,2,0,[64; 1; 64; 8; 256; 32; 2; 0],0.006488619575975463,0.6156278991737185,tvm
64,32,32,4,64,64,4,0,[64; 32; 32; 4; 64; 64; 4; 0],0.00631047337083146,0.6330072251883884,tvm
128,64,16,4,1024,64,4,0,[128; 64; 16; 4; 1024; 64; 4; 0],0.006126937689259648,0.6519692937464694,tvm
64,1,32,8,1024,32,2,0,[64; 1; 32; 8; 1024; 32; 2; 0],0.006067492533475161,0.6583568444553721,tvm
64,16,64,8,1024,32,2,0,[64; 16; 64; 8; 1024; 32; 2; 0],0.006042236622306518,0.661108706558794,tvm
64,1,64,8,64,32,2,1,[64; 1; 64; 8; 64; 32; 2; 1],0.006093616437283345,0.6555344070648627,tvm
64,1,32,8,64,32,2,1,[64; 1; 32; 8; 64; 32; 2; 1],0.006007699375913944,0.6649093085633214,tvm
128,32,64,8,64,32,2,1,[128; 32; 64; 8; 64; 32; 2; 1],0.005889113097509835,0.6782982720750113,tvm
64,1,16,8,128,32,2,0,[64; 1; 16; 8; 128; 32; 2; 0],0.006243170748348348,0.6398311689860503,tvm
64,4,64,8,1024,32,2,0,[64; 4; 64; 8; 1024; 32; 2; 0],0.006051004376786295,0.6601507765255935,tvm
64,8,8,8,64,32,2,0,[64; 8; 8; 8; 64; 32; 2; 0],0.005858987868123222,0.6817858865740917,tvm
64,4,16,8,128,32,2,0,[64; 4; 16; 8; 128; 32; 2; 0],0.006162172503536567,0.6482413849665339,tvm
128,1,32,8,128,32,2,1,[128; 1; 32; 8; 128; 32; 2; 1],0.006031477656506468,0.6622879940185276,tvm
64,1,16,8,512,32,2,0,[64; 1; 16; 8; 512; 32; 2; 0],0.005947987439867575,0.6715843431882185,tvm
32,1,8,4,512,64,4,0,[32; 1; 8; 4; 512; 64; 4; 0],0.00626414775615558,0.63768854018009,tvm
128,16,16,8,512,32,2,0,[128; 16; 16; 8; 512; 32; 2; 0],0.005675046719261445,0.7038841150923768,tvm
128,8,16,8,1024,32,2,0,[128; 8; 16; 8; 1024; 32; 2; 0],0.005626202713756356,0.7099949008819564,tvm
128,16,4,4,64,64,4,0,[128; 16; 4; 4; 64; 64; 4; 0],0.00573683665425051,0.6963027673335611,tvm
64,4,64,8,1024,32,2,1,[64; 4; 64; 8; 1024; 32; 2; 1],0.006037982311681844,0.6615745180913876,tvm
128,4,64,8,1024,32,2,1,[128; 4; 64; 8; 1024; 32; 2; 1],0.005861957564775366,0.6814404904768895,tvm
32,16,32,4,1024,64,4,1,[32; 16; 32; 4; 1024; 64; 4; 1],0.00580517925118329,0.6881054081630658,tvm
32,1,16,4,1024,64,4,1,[32; 1; 16; 4; 1024; 64; 4; 1],0.00593836884945631,0.6726721325942836,tvm
64,2,32,4,64,64,4,1,[64; 2; 32; 4; 64; 64; 4; 1],0.005745930779085029,0.6952007240733462,tvm
32,2,16,4,1024,64,4,1,[32; 2; 16; 4; 1024; 64; 4; 1],0.00589173668413423,0.6779962262828497,tvm
64,16,16,8,512,32,2,1,[64; 16; 16; 8; 512; 32; 2; 1],0.005630412277241703,0.7094640749917075,tvm
32,1,4,4,1024,64,4,0,[32; 1; 4; 4; 1024; 64; 4; 0],0.005829558656841982,0.6852277287590068,tvm
32,2,4,4,1024,64,4,0,[32; 2; 4; 4; 1024; 64; 4; 0],0.005808749781863298,0.6876824425399644,tvm
128,16,64,4,256,64,4,0,[128; 16; 64; 4; 256; 64; 4; 0],0.005579527591180522,0.7159343103544116,tvm
64,32,8,4,128,64,4,0,[64; 32; 8; 4; 128; 64; 4; 0],0.005880771503143478,0.6792604058770176,tvm
128,4,16,4,256,64,4,0,[128; 4; 16; 4; 256; 64; 4; 0],0.005555734998779371,0.7190003193048031,tvm
128,1,8,8,512,32,2,1,[128; 1; 8; 8; 512; 32; 2; 1],0.0058518040023045614,0.6826228692078702,tvm
128,8,64,4,64,64,4,1,[128; 8; 64; 4; 64; 64; 4; 1],0.005558477932936512,0.7186455152453807,tvm
64,4,32,4,256,64,4,1,[64; 4; 32; 4; 256; 64; 4; 1],0.005820011814648751,0.6863517403935577,tvm
64,1,64,4,1024,64,4,0,[64; 1; 64; 4; 1024; 64; 4; 0],0.005663359312165994,0.7053367123491734,tvm
32,2,4,4,512,64,4,1,[32; 2; 4; 4; 512; 64; 4; 1],0.005738190593547188,0.6961384730906793,tvm
128,8,8,4,64,64,4,1,[128; 8; 8; 4; 64; 64; 4; 1],0.005545281841477845,0.7203556739382365,tvm
128,8,8,8,256,32,2,1,[128; 8; 8; 8; 256; 32; 2; 1],0.005801764185889624,0.6885104444283309,tvm
128,4,64,4,128,64,4,1,[128; 4; 64; 4; 128; 64; 4; 1],0.005530814938538242,0.7222399018020621,tvm
64,2,8,4,128,64,4,1,[64; 2; 8; 4; 128; 64; 4; 1],0.005474207158840727,0.7297084531490711,tvm
128,2,64,4,1024,64,4,0,[128; 2; 64; 4; 1024; 64; 4; 0],0.005352261847292539,0.7463340456924596,tvm
64,16,32,4,512,64,4,0,[64; 16; 32; 4; 512; 64; 4; 0],0.005603436031378806,0.7128796002534744,tvm
128,8,8,8,1024,32,2,0,[128; 8; 8; 8; 1024; 32; 2; 0],0.00533273268956691,0.7490672176219002,tvm
128,8,16,4,512,64,4,0,[128; 8; 16; 4; 512; 64; 4; 0],0.005345906844013371,0.7472212581797184,tvm
64,1,16,4,1024,64,4,1,[64; 1; 16; 4; 1024; 64; 4; 1],0.005321631870174315,0.7506297571020056,tvm
128,4,4,4,256,64,4,1,[128; 4; 4; 4; 256; 64; 4; 1],0.005255357624264434,0.760095796269305,tvm
128,2,32,4,512,64,4,1,[128; 2; 32; 4; 512; 64; 4; 1],0.005379167880164459,0.7426009611682003,tvm
128,4,8,4,1024,64,4,1,[128; 4; 8; 4; 1024; 64; 4; 1],0.005212754345848225,0.7663079771401038,tvm
64,8,8,8,512,32,2,1,[64; 8; 8; 8; 512; 32; 2; 1],0.005366927907743957,0.7442945585930926,tvm
64,2,32,4,1024,64,4,1,[64; 2; 32; 4; 1024; 64; 4; 1],0.005306563529302366,0.7527612203335649,tvm
64,4,8,4,512,64,4,1,[64; 4; 8; 4; 512; 64; 4; 1],0.005425493342045229,0.736260278330637,tvm
64,2,4,4,512,64,4,0,[64; 2; 4; 4; 512; 64; 4; 0],0.005405149502621498,0.7390314062835577,tvm
64,8,32,4,512,64,4,1,[64; 8; 32; 4; 512; 64; 4; 1],0.0054254373171716,0.7362678811996115,tvm
128,16,4,4,1024,64,4,0,[128; 16; 4; 4; 1024; 64; 4; 0],0.0052395144739421085,0.7623941603676491,tvm
128,32,4,4,1024,64,4,0,[128; 32; 4; 4; 1024; 64; 4; 0],0.005196360187255777,0.768725626043408,tvm
64,8,32,8,512,32,2,0,[64; 8; 32; 8; 512; 32; 2; 0],0.006012648969772272,0.6643619572965911,tvm
128,1,32,8,1024,32,2,0,[128; 1; 32; 8; 1024; 32; 2; 0],0.006126897285867017,0.6519735931120585,tvm
128,32,8,8,32,32,2,1,[128; 32; 8; 8; 32; 32; 2; 1],0.005810456277686171,0.6874804743709302,tvm
128,32,64,8,1024,32,2,1,[128; 32; 64; 8; 1024; 32; 2; 1],0.006032904624589719,0.6621313424736759,tvm
128,64,32,4,256,64,4,1,[128; 64; 32; 4; 256; 64; 4; 1],0.006008375028613955,0.6648345383022353,tvm
32,4,8,8,128,32,2,0,[32; 4; 8; 8; 128; 32; 2; 0],0.006256243053940125,0.6384942534448835,tvm
128,2,16,4,64,64,4,0,[128; 2; 16; 4; 64; 64; 4; 0],0.005881668097572401,0.6791568602356122,tvm
64,4,64,8,32,32,2,1,[64; 4; 64; 8; 32; 32; 2; 1],0.005918755377933849,0.6749012221366185,tvm
128,8,64,8,512,32,2,0,[128; 8; 64; 8; 512; 32; 2; 0],0.0058787901580217294,0.6794893389151777,tvm
64,8,8,8,64,32,2,0,[64; 8; 8; 8; 64; 32; 2; 0],0.005881661651073955,0.6791576046143105,tvm
32,32,64,4,1024,64,4,1,[32; 32; 64; 4; 1024; 64; 4; 1],0.005630138373817317,0.7094985900651776,tvm
128,8,16,8,64,32,2,1,[128; 8; 16; 8; 64; 32; 2; 1],0.0056954302490339614,0.7013649651442547,tvm
64,2,16,4,256,64,4,0,[64; 2; 16; 4; 256; 64; 4; 0],0.0059643190616043285,0.6697453970580753,tvm
128,8,8,8,64,32,2,0,[128; 8; 8; 8; 64; 32; 2; 0],0.005758761151810177,0.6936518346206468,tvm
64,4,32,8,64,32,2,1,[64; 4; 32; 8; 64; 32; 2; 1],0.006042489752871916,0.66108101154771,tvm
32,16,8,8,128,32,2,1,[32; 16; 8; 8; 128; 32; 2; 1],0.005794172779133078,0.6894125167411569,tvm
32,16,64,4,512,64,4,1,[32; 16; 64; 4; 512; 64; 4; 1],0.005975020627374761,0.6685458489957266,tvm
128,16,64,8,128,32,2,1,[128; 16; 64; 8; 128; 32; 2; 1],0.006321598440990783,0.6318932269081566,tvm
128,16,64,8,256,32,2,1,[128; 16; 64; 8; 256; 32; 2; 1],0.006281189067522064,0.6359584459493276,tvm
64,32,32,8,256,32,2,1,[64; 32; 32; 8; 256; 32; 2; 1],0.005990220219246112,0.6668494799675275,tvm
64,16,64,8,512,32,2,1,[64; 16; 64; 8; 512; 32; 2; 1],0.005842990467499476,0.6836525338034186,tvm
128,2,64,4,64,64,4,0,[128; 2; 64; 4; 64; 64; 4; 0],0.006386561697581783,0.6254656930046961,tvm
64,8,32,4,256,64,4,0,[64; 8; 32; 4; 256; 64; 4; 0],0.005996784682793077,0.6661195039330168,tvm
128,16,32,8,1024,32,2,1,[128; 16; 32; 8; 1024; 32; 2; 1],0.006292350371950306,0.6348303895952833,tvm
128,8,16,4,128,64,4,0,[128; 8; 16; 4; 128; 64; 4; 0],0.005684840529283974,0.702671467654761,tvm
64,32,16,8,128,32,2,1,[64; 32; 16; 8; 128; 32; 2; 1],0.005632439315377269,0.7092087485416033,tvm
32,2,8,8,256,32,2,1,[32; 2; 8; 8; 256; 32; 2; 1],0.0059159910888411105,0.6752165745533162,tvm
128,8,32,8,128,32,2,1,[128; 8; 32; 8; 128; 32; 2; 1],0.005628760503896046,0.7096722689356426,tvm
128,8,16,8,512,32,2,0,[128; 8; 16; 8; 512; 32; 2; 0],0.0057532657810952514,0.6943143929176846,tvm
32,32,64,4,1024,64,4,0,[32; 32; 64; 4; 1024; 64; 4; 0],0.005887278493901249,0.6785096445213692,tvm
32,1,64,4,1024,64,4,1,[32; 1; 64; 4; 1024; 64; 4; 1],0.006076202967960853,0.6574130685163402,tvm
32,2,16,4,1024,64,4,1,[32; 2; 16; 4; 1024; 64; 4; 1],0.005867535968718585,0.6807926290339582,tvm
128,1,64,4,256,64,4,0,[128; 1; 64; 4; 256; 64; 4; 0],0.005627254278806504,0.7098622241293948,tvm
64,16,16,8,128,32,2,1,[64; 16; 16; 8; 128; 32; 2; 1],0.005616062255285215,0.7112768798700526,tvm
32,8,8,4,512,64,4,1,[32; 8; 8; 4; 512; 64; 4; 1],0.005761635620729066,0.693305773055772,tvm
128,1,16,4,256,64,4,0,[128; 1; 16; 4; 256; 64; 4; 0],0.0056086705008056015,0.712214282782609,tvm
128,16,8,8,128,32,2,1,[128; 16; 8; 8; 128; 32; 2; 1],0.005467775627039373,0.7305667808205535,tvm
64,1,8,8,256,32,2,1,[64; 1; 8; 8; 256; 32; 2; 1],0.005559802972129546,0.7184742441628672,tvm
128,1,64,4,128,64,4,1,[128; 1; 64; 4; 128; 64; 4; 1],0.0054659142551827244,0.7308155692906493,tvm
128,2,8,8,256,32,2,1,[128; 2; 8; 8; 256; 32; 2; 1],0.005563088190683629,0.7180499573572926,tvm
128,8,4,4,128,64,4,0,[128; 8; 4; 4; 128; 64; 4; 0],0.005442369067168329,0.7339772787907639,tvm
128,16,4,4,128,64,4,0,[128; 16; 4; 4; 128; 64; 4; 0],0.005419348904979415,0.7370950474188764,tvm
64,1,64,4,1024,64,4,0,[64; 1; 64; 4; 1024; 64; 4; 0],0.005617991286271717,0.7110326510930153,tvm
128,16,64,4,1024,64,4,0,[128; 16; 64; 4; 1024; 64; 4; 0],0.005314233712852001,0.7516747388122418,tvm
128,4,32,4,256,64,4,1,[128; 4; 32; 4; 256; 64; 4; 1],0.005495965495356359,0.7268195627265723,tvm
128,2,8,8,1024,32,2,1,[128; 2; 8; 8; 1024; 32; 2; 1],0.005342308722902089,0.7477245223531886,tvm
128,16,8,8,512,32,2,0,[128; 16; 8; 8; 512; 32; 2; 0],0.005267861721222289,0.7582915895462015,tvm
128,4,4,4,64,64,4,1,[128; 4; 4; 4; 64; 64; 4; 1],0.005412713435362093,0.7379986555353293,tvm
128,2,16,4,256,64,4,1,[128; 2; 16; 4; 256; 64; 4; 1],0.005372671686927788,0.7434988532454743,tvm
64,1,16,4,512,64,4,1,[64; 1; 16; 4; 512; 64; 4; 1],0.005456800907268189,0.7320360969693179,tvm
64,8,8,4,256,64,4,1,[64; 8; 8; 4; 256; 64; 4; 1],0.005420366971520707,0.7369566044297815,tvm
128,8,64,4,1024,64,4,1,[128; 8; 64; 4; 1024; 64; 4; 1],0.0053549681906588376,0.7459568564876524,tvm
128,8,8,4,256,64,4,1,[128; 8; 8; 4; 256; 64; 4; 1],0.005264084968075622,0.758835630944522,tvm
64,32,8,4,128,64,4,1,[64; 32; 8; 4; 128; 64; 4; 1],0.005480021842231508,0.7289341818514752,tvm
64,4,16,4,1024,64,4,1,[64; 4; 16; 4; 1024; 64; 4; 1],0.005290904904541094,0.7549890444386483,tvm
128,2,8,4,1024,64,4,0,[128; 2; 8; 4; 1024; 64; 4; 0],0.0051973393419757485,0.7685808016870255,tvm
128,2,32,4,1024,64,4,1,[128; 2; 32; 4; 1024; 64; 4; 1],0.005214661287027411,0.766027747196659,tvm
64,4,8,8,1024,32,2,1,[64; 4; 8; 8; 1024; 32; 2; 1],0.005317945993738249,0.7511500197254264,tvm
128,16,4,4,512,64,4,0,[128; 16; 4; 4; 512; 64; 4; 0],0.005255854157439899,0.7600239881924304,tvm
128,8,16,4,1024,64,4,1,[128; 8; 16; 4; 1024; 64; 4; 1],0.005243512037850451,0.7618129240974896,tvm
64,8,8,4,1024,64,4,1,[64; 8; 8; 4; 1024; 64; 4; 1],0.005212606374698225,0.7663297304559079,tvm
64,16,4,4,512,64,4,1,[64; 16; 4; 4; 512; 64; 4; 1],0.0051382447782089,0.7774201912365248,tvm
64,4,4,4,1024,64,4,1,[64; 4; 4; 4; 1024; 64; 4; 1],0.005103597781271674,0.7826978945625104,tvm
64,8,4,4,1024,64,4,0,[64; 8; 4; 4; 1024; 64; 4; 0],0.0052616166867665015,0.7591916089482533,tvm
32,4,8,4,512,32,2,1,[32; 4; 8; 4; 512; 32; 2; 1],0.006770379943191074,0.5900075433894306,tvm
32,1,16,8,1024,32,2,0,[32; 1; 16; 8; 1024; 32; 2; 0],0.006526286189910024,0.6120747883031942,tvm
32,2,8,4,512,32,2,1,[32; 2; 8; 4; 512; 32; 2; 1],0.006538260873639956,0.6109537865336647,tvm
128,64,4,4,64,64,4,0,[128; 64; 4; 4; 64; 64; 4; 0],0.006589671931578778,0.6061872699538478,tvm
64,4,8,4,512,32,2,0,[64; 4; 8; 4; 512; 32; 2; 0],0.006464394245995209,0.6179349659204246,tvm
32,2,64,4,64,64,4,1,[32; 2; 64; 4; 64; 64; 4; 1],0.0066315964359091595,0.602354995015254,tvm
128,8,4,4,256,32,2,0,[128; 8; 4; 4; 256; 32; 2; 0],0.006346577196381986,0.6294062318145974,tvm
64,2,8,4,256,32,2,0,[64; 2; 8; 4; 256; 32; 2; 0],0.00652798694500234,0.6119153227096116,tvm
64,1,8,4,128,32,2,1,[64; 1; 8; 4; 128; 32; 2; 1],0.0066992254432989284,0.5962741919800466,tvm
32,1,32,8,512,32,2,1,[32; 1; 32; 8; 512; 32; 2; 1],0.006583262118510902,0.6067774860222016,tvm
64,1,64,8,128,32,2,0,[64; 1; 64; 8; 128; 32; 2; 0],0.00671545768273063,0.5948329104012714,tvm
32,8,16,4,256,64,4,1,[32; 8; 16; 4; 256; 64; 4; 1],0.006418695251340978,0.6223344592128286,tvm
64,64,64,4,1024,64,4,0,[64; 64; 64; 4; 1024; 64; 4; 0],0.005892752815270796,0.6778793143577109,tvm
32,8,64,4,256,64,4,1,[32; 8; 64; 4; 256; 64; 4; 1],0.006421375190257095,0.6220747300603231,tvm
128,64,64,4,512,64,4,0,[128; 64; 64; 4; 512; 64; 4; 0],0.006500800809590146,0.6144743324856746,tvm
64,4,4,4,512,32,2,0,[64; 4; 4; 4; 512; 32; 2; 0],0.006253401188587304,0.6387844178917371,tvm
64,4,4,4,1024,32,2,0,[64; 4; 4; 4; 1024; 32; 2; 0],0.006069504655897617,0.6581385903071659,tvm
32,8,16,8,512,32,2,1,[32; 8; 16; 8; 512; 32; 2; 1],0.006110902839282062,0.6536800442018712,tvm
64,8,8,4,64,64,4,0,[64; 8; 8; 4; 64; 64; 4; 0],0.006200242314662319,0.6442611490600739,tvm
32,16,4,4,256,64,4,1,[32; 16; 4; 4; 256; 64; 4; 1],0.005904321224079467,0.6765511371238149,tvm
64,1,32,8,32,32,2,1,[64; 1; 32; 8; 32; 32; 2; 1],0.0060275218420429155,0.6627226483415533,tvm
128,1,64,8,64,32,2,1,[128; 1; 64; 8; 64; 32; 2; 1],0.005999459528538864,0.6658225160272221,tvm
64,1,16,8,64,32,2,1,[64; 1; 16; 8; 64; 32; 2; 1],0.005839586403453723,0.6840510546659119,tvm
128,16,32,8,256,32,2,0,[128; 16; 32; 8; 256; 32; 2; 0],0.0058745434653246775,0.6799805400494153,tvm
128,64,8,4,512,64,4,1,[128; 64; 8; 4; 512; 64; 4; 1],0.006204368590260856,0.6438326769247104,tvm
64,2,32,8,32,32,2,1,[64; 2; 32; 8; 32; 32; 2; 1],0.0061707625281997025,0.6473389990038462,tvm
128,16,32,8,32,32,2,1,[128; 16; 32; 8; 32; 32; 2; 1],0.006194634624989703,0.644844366119798,tvm
128,32,64,8,1024,32,2,1,[128; 32; 64; 8; 1024; 32; 2; 1],0.006148350126750302,0.6496987249824309,tvm
128,4,32,8,512,32,2,0,[128; 4; 32; 8; 512; 32; 2; 0],0.006341113185044378,0.6299485786685706,tvm
128,32,8,8,256,32,2,0,[128; 32; 8; 8; 256; 32; 2; 0],0.006580041881534271,0.6070744396483722,tvm
128,2,64,8,512,32,2,0,[128; 2; 64; 8; 512; 32; 2; 0],0.006221902905963361,0.6420182536546257,tvm
64,16,16,8,256,32,2,0,[64; 16; 16; 8; 256; 32; 2; 0],0.006207149875990581,0.6435441898295964,tvm
128,4,64,8,64,32,2,1,[128; 4; 64; 8; 64; 32; 2; 1],0.005839594436110929,0.6840501137191229,tvm
128,1,16,8,256,32,2,0,[128; 1; 16; 8; 256; 32; 2; 0],0.006039747124304995,0.6613812061800355,tvm
32,16,16,4,512,64,4,1,[32; 16; 16; 4; 512; 64; 4; 1],0.0059267454635119066,0.6739913604672072,tvm
32,16,32,4,512,64,4,1,[32; 16; 32; 4; 512; 64; 4; 1],0.005876477654965129,0.6797567305850569,tvm
32,8,32,4,512,64,4,1,[32; 8; 32; 4; 512; 64; 4; 1],0.005946822093392257,0.6717159476712385,tvm
128,32,8,8,512,32,2,1,[128; 32; 8; 8; 512; 32; 2; 1],0.005702752656361554,0.7004644035611813,tvm
64,32,64,8,1024,32,2,1,[64; 32; 64; 8; 1024; 32; 2; 1],0.0062969776190584525,0.6343638932438388,tvm
128,16,64,8,256,32,2,1,[128; 16; 64; 8; 256; 32; 2; 1],0.005941891839029267,0.6722733005432552,tvm
64,16,64,8,128,32,2,1,[64; 16; 64; 8; 128; 32; 2; 1],0.0058792742565856315,0.6794333898645296,tvm
128,8,16,8,256,32,2,0,[128; 8; 16; 8; 256; 32; 2; 0],0.005894911249924917,0.6776311073633411,tvm
128,2,64,8,1024,32,2,1,[128; 2; 64; 8; 1024; 32; 2; 1],0.0059300599386915565,0.6736146479788575,tvm
128,2,32,8,256,32,2,1,[128; 2; 32; 8; 256; 32; 2; 1],0.006002286529110279,0.6655089220952861,tvm
64,32,8,8,128,32,2,1,[64; 32; 8; 8; 128; 32; 2; 1],0.005505319124495145,0.725584684150631,tvm
32,16,4,4,1024,64,4,0,[32; 16; 4; 4; 1024; 64; 4; 0],0.005735197439207695,0.6965017822729185,tvm
128,16,16,8,1024,32,2,1,[128; 16; 16; 8; 1024; 32; 2; 1],0.0057932474664994515,0.6895226315110177,tvm
128,16,16,8,256,32,2,1,[128; 16; 16; 8; 256; 32; 2; 1],0.005815717529912945,0.6868585376695613,tvm
128,32,32,4,64,64,4,1,[128; 32; 32; 4; 64; 64; 4; 1],0.005486726346134674,0.7280434609080447,tvm
32,2,8,4,512,64,4,1,[32; 2; 8; 4; 512; 64; 4; 1],0.005713665312214289,0.6991265710919231,tvm
64,2,8,8,128,32,2,0,[64; 2; 8; 8; 128; 32; 2; 0],0.0056518636556575075,0.7067713379986925,tvm
64,4,4,4,64,64,4,1,[64; 4; 4; 4; 64; 64; 4; 1],0.00577940287621459,0.6911743866369144,tvm
128,1,8,4,64,64,4,1,[128; 1; 8; 4; 64; 64; 4; 1],0.005614617621176876,0.7114598905237536,tvm
64,8,32,4,256,64,4,1,[64; 8; 32; 4; 256; 64; 4; 1],0.005685070063918829,0.7026430973027797,tvm
64,2,64,4,512,64,4,1,[64; 2; 64; 4; 512; 64; 4; 1],0.005427237127150875,0.7360237160288337,tvm
32,4,8,8,512,32,2,0,[32; 4; 8; 8; 512; 32; 2; 0],0.0057039107487071306,0.7003221849150889,tvm
64,8,64,4,512,64,4,1,[64; 8; 64; 4; 512; 64; 4; 1],0.005353917593311053,0.7461032353366596,tvm
64,16,8,8,256,32,2,1,[64; 16; 8; 8; 256; 32; 2; 1],0.005288627558911685,0.7553141516581399,tvm
64,2,8,8,512,32,2,0,[64; 2; 8; 8; 512; 32; 2; 0],0.005446408373245504,0.7334329276001166,tvm
128,32,8,4,128,64,4,1,[128; 32; 8; 4; 128; 64; 4; 1],0.00523303803493036,0.7633377039172232,tvm
128,2,8,4,1024,64,4,0,[128; 2; 8; 4; 1024; 64; 4; 0],0.005164594716916326,0.7734537668582671,tvm
64,16,8,8,1024,32,2,1,[64; 16; 8; 8; 1024; 32; 2; 1],0.005197459686314687,0.7685630056185454,tvm
64,16,32,4,1024,64,4,1,[64; 16; 32; 4; 1024; 64; 4; 1],0.005219718026637565,0.7652856375976427,tvm
64,2,4,4,1024,64,4,0,[64; 2; 4; 4; 1024; 64; 4; 0],0.005211705189140048,0.7664622408840357,tvm
32,2,8,8,32,32,2,0,[32; 2; 8; 8; 32; 32; 2; 0],0.00814523224835284,0.4904188261670545,tvm
128,4,64,8,32,32,2,0,[128; 4; 64; 8; 32; 32; 2; 0],0.0063229989900719374,0.6317532620782201,tvm
32,16,4,2,1024,128,8,1,[32; 16; 4; 2; 1024; 128; 8; 1],0.007722570371697657,0.517259804162472,tvm
64,16,4,4,256,32,2,0,[64; 16; 4; 4; 256; 32; 2; 0],0.00636084056168329,0.6279948694450755,tvm
128,4,8,4,512,32,2,0,[128; 4; 8; 4; 512; 32; 2; 0],0.0064778254891280085,0.6166537281375505,tvm
32,4,4,4,256,32,2,1,[32; 4; 4; 4; 256; 32; 2; 1],0.0066058259981218725,0.6047048831184701,tvm
32,8,4,2,1024,128,8,1,[32; 8; 4; 2; 1024; 128; 8; 1],0.007738384432741441,0.5162027388034661,tvm
128,4,8,4,128,32,2,0,[128; 4; 8; 4; 128; 32; 2; 0],0.0066641054436331615,0.5994165716437796,tvm
128,4,8,4,256,32,2,0,[128; 4; 8; 4; 256; 32; 2; 0],0.0069044444389874116,0.5785512901717365,tvm
128,8,32,8,64,32,2,0,[128; 8; 32; 8; 64; 32; 2; 0],0.006640673120273277,0.6015316769470582,tvm
64,1,64,8,128,32,2,0,[64; 1; 64; 8; 128; 32; 2; 0],0.0071677310625091195,0.5572998209975957,tvm
128,1,16,8,64,32,2,0,[128; 1; 16; 8; 64; 32; 2; 0],0.0069009668222861364,0.5788428405705514,tvm
32,2,16,4,128,64,4,1,[32; 2; 16; 4; 128; 64; 4; 1],0.006504023243905976,0.6141698896660623,tvm
64,2,8,4,64,64,4,0,[64; 2; 8; 4; 64; 64; 4; 0],0.00671888112265151,0.5945298279840433,tvm
128,1,32,8,32,32,2,1,[128; 1; 32; 8; 32; 32; 2; 1],0.006856146559584886,0.5826268740581145,tvm
32,16,4,4,128,64,4,1,[32; 16; 4; 4; 128; 64; 4; 1],0.006134187184215989,0.651198784473641,tvm
32,16,64,4,1024,64,4,0,[32; 16; 64; 4; 1024; 64; 4; 0],0.006359317558235489,0.6281452689718497,tvm
128,2,16,4,64,64,4,0,[128; 2; 16; 4; 64; 64; 4; 0],0.005812291594338603,0.6872633922885267,tvm
128,2,64,8,512,32,2,0,[128; 2; 64; 8; 512; 32; 2; 0],0.005846124280651566,0.6832860620694899,tvm
128,32,16,8,1024,32,2,1,[128; 32; 16; 8; 1024; 32; 2; 1],0.005892925779335201,0.6778594178299456,tvm
128,32,16,8,256,32,2,1,[128; 32; 16; 8; 256; 32; 2; 1],0.0059703868682845496,0.6690647233121403,tvm
64,1,16,8,512,32,2,0,[64; 1; 16; 8; 512; 32; 2; 0],0.0059803910335176624,0.6679454931470645,tvm
64,1,64,8,1024,32,2,1,[64; 1; 64; 8; 1024; 32; 2; 1],0.006057331316696946,0.6594612427892543,tvm
128,32,8,8,256,32,2,1,[128; 32; 8; 8; 256; 32; 2; 1],0.005773225529992487,0.6919139426206404,tvm
64,4,64,8,128,32,2,1,[64; 4; 64; 8; 128; 32; 2; 1],0.0058550357789499685,0.6822460850634833,tvm
32,16,32,4,512,64,4,1,[32; 16; 32; 4; 512; 64; 4; 1],0.005872081346751656,0.6802656506631971,tvm
64,8,64,8,1024,32,2,1,[64; 8; 64; 8; 1024; 32; 2; 1],0.006012151534378063,0.6644169254972818,tvm
128,8,32,8,64,32,2,1,[128; 8; 32; 8; 64; 32; 2; 1],0.005697480970411561,0.701112519522235,tvm
32,16,64,4,512,64,4,1,[32; 16; 64; 4; 512; 64; 4; 1],0.005947267098235898,0.6716656864596051,tvm
64,2,32,8,512,32,2,1,[64; 2; 32; 8; 512; 32; 2; 1],0.005830532936670352,0.6851132274670632,tvm
128,2,16,8,512,32,2,1,[128; 2; 16; 8; 512; 32; 2; 1],0.005740461441746447,0.6958630902117775,tvm
128,8,32,8,128,32,2,1,[128; 8; 32; 8; 128; 32; 2; 1],0.005671857281413395,0.7042799280555615,tvm
32,1,32,4,1024,64,4,1,[32; 1; 32; 4; 1024; 64; 4; 1],0.0059190164029132575,0.6748714594082158,tvm
128,8,64,4,128,64,4,0,[128; 8; 64; 4; 128; 64; 4; 0],0.005685465599526651,0.7025942146985834,tvm
32,4,32,4,1024,64,4,1,[32; 4; 32; 4; 1024; 64; 4; 1],0.005840202473336831,0.6839788956516976,tvm
64,32,8,8,128,32,2,1,[64; 32; 8; 8; 128; 32; 2; 1],0.005527049564989284,0.7227319370172833,tvm
32,16,64,4,1024,64,4,1,[32; 16; 64; 4; 1024; 64; 4; 1],0.005906633094127756,0.676286333421752,tvm
64,2,32,4,64,64,4,1,[64; 2; 32; 4; 64; 64; 4; 1],0.005739522028306965,0.6959769852601387,tvm
32,8,32,4,1024,64,4,1,[32; 8; 32; 4; 1024; 64; 4; 1],0.005817593875690363,0.6866370055130755,tvm
64,16,16,8,128,32,2,1,[64; 16; 16; 8; 128; 32; 2; 1],0.0055930777816683985,0.7141998366601775,tvm
128,1,8,8,256,32,2,1,[128; 1; 8; 8; 256; 32; 2; 1],0.00621930571651319,0.6422863612394936,tvm
64,32,4,4,64,64,4,1,[64; 32; 4; 4; 64; 64; 4; 1],0.006052517848729622,0.6599857014768936,tvm
64,16,4,4,128,64,4,0,[64; 16; 4; 4; 128; 64; 4; 0],0.005999316468660254,0.6658383932507052,tvm
64,8,16,4,128,64,4,1,[64; 8; 16; 4; 128; 64; 4; 1],0.00589944000239484,0.6771109184047411,tvm
128,1,8,8,1024,32,2,1,[128; 1; 8; 8; 1024; 32; 2; 1],0.006173085879709106,0.6470953613694864,tvm
64,2,64,4,1024,64,4,0,[64; 2; 64; 4; 1024; 64; 4; 0],0.006012034245941322,0.6644298875695768,tvm
32,4,8,8,512,32,2,0,[32; 4; 8; 8; 512; 32; 2; 0],0.0058917223796015605,0.677997872392178,tvm
64,1,64,4,1024,64,4,1,[64; 1; 64; 4; 1024; 64; 4; 1],0.005871783127076924,0.6803002004067217,tvm
64,16,16,4,512,64,4,0,[64; 16; 16; 4; 512; 64; 4; 0],0.006038598687155172,0.6615069894596873,tvm
64,1,8,8,1024,32,2,1,[64; 1; 8; 8; 1024; 32; 2; 1],0.005688299090252258,0.7022442341227334,tvm
128,2,16,4,256,64,4,1,[128; 2; 16; 4; 256; 64; 4; 1],0.005938276124652475,0.6726826362135547,tvm
128,2,8,8,1024,32,2,1,[128; 2; 8; 8; 1024; 32; 2; 1],0.005767068687418941,0.6926526203527871,tvm
128,32,8,4,256,64,4,0,[128; 32; 8; 4; 256; 64; 4; 0],0.005808877089293674,0.6876673712820727,tvm
64,32,32,4,1024,64,4,0,[64; 32; 32; 4; 1024; 64; 4; 0],0.00579723284317879,0.6890486109757319,tvm
32,2,8,8,1024,32,2,1,[32; 2; 8; 8; 1024; 32; 2; 1],0.005358174712455366,0.7455104494464566,tvm
64,4,8,8,512,32,2,1,[64; 4; 8; 8; 512; 32; 2; 1],0.005651417530316394,0.7068271308334216,tvm
64,16,8,8,512,32,2,1,[64; 16; 8; 8; 512; 32; 2; 1],0.0053458920592674986,0.7472233247153479,tvm
128,8,16,4,1024,64,4,0,[128; 8; 16; 4; 1024; 64; 4; 0],0.005289004846417811,0.7552602718450379,tvm
128,32,16,4,1024,64,4,0,[128; 32; 16; 4; 1024; 64; 4; 0],0.005278095028188545,0.7568213942268079,tvm
128,2,4,4,512,64,4,1,[128; 2; 4; 4; 512; 64; 4; 1],0.005297313247865532,0.7540757080402578,tvm
64,4,4,4,512,64,4,0,[64; 4; 4; 4; 512; 64; 4; 0],0.005340728588635102,0.7479457478134286,tvm
64,8,4,4,512,64,4,0,[64; 8; 4; 4; 512; 64; 4; 0],0.005321207936503924,0.7506895587921162,tvm
64,16,8,4,1024,64,4,1,[64; 16; 8; 4; 1024; 64; 4; 1],0.005276858966681175,0.7569986735134565,tvm
64,4,4,4,1024,64,4,0,[64; 4; 4; 4; 1024; 64; 4; 0],0.005246210661425721,0.7614210514774991,tvm
32,4,64,8,256,32,2,1,[32; 4; 64; 8; 256; 32; 2; 1],0.006607386880205013,0.6045620319376993,tvm
64,64,32,4,512,64,4,1,[64; 64; 32; 4; 512; 64; 4; 1],0.006604082183912396,0.6048645560205261,tvm
128,64,8,4,64,64,4,1,[128; 64; 8; 4; 64; 64; 4; 1],0.006141630656202324,0.6504095510955527,tvm
32,32,4,4,1024,64,4,0,[32; 32; 4; 4; 1024; 64; 4; 0],0.0069374746235553175,0.5757967351018717,tvm
64,4,32,8,128,32,2,0,[64; 4; 32; 8; 128; 32; 2; 0],0.006362498694215901,0.6278312075296261,tvm
64,4,8,8,32,32,2,0,[64; 4; 8; 8; 32; 32; 2; 0],0.006649632065091282,0.6007212427685505,tvm
128,64,8,4,512,64,4,0,[128; 64; 8; 4; 512; 64; 4; 0],0.006250688682484906,0.639061620408078,tvm
32,8,4,4,1024,32,2,0,[32; 8; 4; 4; 1024; 32; 2; 0],0.006557695436640643,0.6091431474197234,tvm
32,4,32,4,128,64,4,1,[32; 4; 32; 4; 128; 64; 4; 1],0.006367763257003389,0.6273121466477145,tvm
32,2,32,4,1024,64,4,0,[32; 2; 32; 4; 1024; 64; 4; 0],0.006340008636470884,0.6300583275417724,tvm
128,8,4,4,1024,32,2,0,[128; 8; 4; 4; 1024; 32; 2; 0],0.007037746181595139,0.5675929672686559,tvm
128,1,4,4,1024,32,2,1,[128; 1; 4; 4; 1024; 32; 2; 1],0.007321186625631526,0.545618550975084,tvm
32,16,32,4,512,64,4,0,[32; 16; 32; 4; 512; 64; 4; 0],0.006487565187853761,0.6157279537744017,tvm
128,64,32,4,64,64,4,1,[128; 64; 32; 4; 64; 64; 4; 1],0.006520016933791339,0.6126633226046583,tvm
128,64,16,4,1024,64,4,0,[128; 64; 16; 4; 1024; 64; 4; 0],0.006554679494001903,0.6094234266909037,tvm
128,64,8,4,256,64,4,1,[128; 64; 8; 4; 256; 64; 4; 1],0.006321611945168115,0.6318918770628538,tvm
32,1,8,4,256,64,4,1,[32; 1; 8; 4; 256; 64; 4; 1],0.006306218361714855,0.6334343355990277,tvm
64,4,32,8,256,32,2,0,[64; 4; 32; 8; 256; 32; 2; 0],0.006689176749205217,0.5971699340385734,tvm
64,4,4,4,512,32,2,1,[64; 4; 4; 4; 512; 32; 2; 1],0.0064706864359322935,0.6173340769401232,tvm
32,8,8,4,256,64,4,1,[32; 8; 8; 4; 256; 64; 4; 1],0.006236848246771842,0.6404797872327274,tvm
128,1,64,8,1024,32,2,0,[128; 1; 64; 8; 1024; 32; 2; 0],0.00653310956840869,0.611435518762962,tvm
128,32,8,8,64,32,2,0,[128; 32; 8; 8; 64; 32; 2; 0],0.00709114212077111,0.5633190211199515,tvm
128,64,16,4,1024,64,4,1,[128; 64; 16; 4; 1024; 64; 4; 1],0.006151282716018613,0.6493889847873399,tvm
128,4,16,8,256,32,2,0,[128; 4; 16; 8; 256; 32; 2; 0],0.006464186299126595,0.6179548443142739,tvm
128,4,64,8,256,32,2,1,[128; 4; 64; 8; 256; 32; 2; 1],0.005817329096316826,0.6866682582259884,tvm
128,4,32,8,1024,32,2,1,[128; 4; 32; 8; 1024; 32; 2; 1],0.005786708527011797,0.6903017871815984,tvm
64,32,32,4,256,64,4,0,[64; 32; 32; 4; 256; 64; 4; 0],0.005949520746071357,0.671411262954747,tvm
128,4,32,4,64,64,4,0,[128; 4; 32; 4; 64; 64; 4; 0],0.00585273424803745,0.6825143717117699,tvm
128,16,32,8,256,32,2,1,[128; 16; 32; 8; 256; 32; 2; 1],0.005665551907441113,0.7050637437190858,tvm
128,1,64,4,128,64,4,0,[128; 1; 64; 4; 128; 64; 4; 0],0.005790369970782194,0.6898652863723023,tvm
128,16,32,8,128,32,2,1,[128; 16; 32; 8; 128; 32; 2; 1],0.005643348093144596,0.7078378246679047,tvm
64,8,32,8,512,32,2,1,[64; 8; 32; 8; 512; 32; 2; 1],0.005682616159901954,0.7029465171837612,tvm
128,32,32,4,128,64,4,0,[128; 32; 32; 4; 128; 64; 4; 0],0.005690828278602567,0.7019321340471271,tvm
64,4,8,8,64,32,2,1,[64; 4; 8; 8; 64; 32; 2; 1],0.00558399768488016,0.7153611916622719,tvm
128,2,16,8,128,32,2,1,[128; 2; 16; 8; 128; 32; 2; 1],0.005707274998712819,0.6999093681303509,tvm
128,8,64,4,128,64,4,0,[128; 8; 64; 4; 128; 64; 4; 0],0.005721317313145846,0.6981915211933657,tvm
32,8,64,4,1024,64,4,1,[32; 8; 64; 4; 1024; 64; 4; 1],0.005753911245847121,0.694236505816512,tvm
32,16,32,4,1024,64,4,1,[32; 16; 32; 4; 1024; 64; 4; 1],0.005744881746068131,0.6953276698565946,tvm
32,2,4,4,1024,64,4,0,[32; 2; 4; 4; 1024; 64; 4; 0],0.005760588843259029,0.6934317561597269,tvm
128,2,8,8,128,32,2,1,[128; 2; 8; 8; 128; 32; 2; 1],0.005565016399486922,0.7178011619990062,tvm
64,2,64,4,256,64,4,1,[64; 2; 64; 4; 256; 64; 4; 1],0.005803202067909297,0.6883398495090406,tvm
128,4,8,4,128,64,4,0,[128; 4; 8; 4; 128; 64; 4; 0],0.0057124128434224986,0.6992798573189177,tvm
64,4,64,4,1024,64,4,0,[64; 4; 64; 4; 1024; 64; 4; 0],0.005642543372232467,0.7079387741621892,tvm
64,16,8,8,128,32,2,0,[64; 16; 8; 8; 128; 32; 2; 0],0.005674951498804148,0.703895925619275,tvm
64,8,8,4,256,64,4,0,[64; 8; 8; 4; 256; 64; 4; 0],0.005595455651928205,0.7138963270522392,tvm
64,1,8,8,1024,32,2,0,[64; 1; 8; 8; 1024; 32; 2; 0],0.005414603496319614,0.7377410443461667,tvm
64,2,16,4,512,64,4,0,[64; 2; 16; 4; 512; 64; 4; 0],0.005732909630751237,0.696779732348893,tvm
64,16,16,4,128,64,4,1,[64; 16; 16; 4; 128; 64; 4; 1],0.005628439372230787,0.7097127594202051,tvm
64,1,8,8,1024,32,2,1,[64; 1; 8; 8; 1024; 32; 2; 1],0.005553358314500656,0.7193080316220187,tvm
128,4,8,8,256,32,2,0,[128; 4; 8; 8; 256; 32; 2; 0],0.005436949504655786,0.7347089088604908,tvm
128,4,64,4,512,64,4,1,[128; 4; 64; 4; 512; 64; 4; 1],0.00540962812374346,0.7384195635486667,tvm
128,4,8,8,512,32,2,0,[128; 4; 8; 8; 512; 32; 2; 0],0.005346427315089386,0.7471485166966033,tvm
64,2,8,4,256,64,4,1,[64; 2; 8; 4; 256; 64; 4; 1],0.005496882280567661,0.7266983417521395,tvm
32,4,8,8,512,32,2,1,[32; 4; 8; 8; 512; 32; 2; 1],0.005517306315596215,0.7240082405436598,tvm
128,2,4,4,128,64,4,1,[128; 2; 4; 4; 128; 64; 4; 1],0.005277796532027423,0.7568641977489712,tvm
64,16,4,4,256,64,4,0,[64; 16; 4; 4; 256; 64; 4; 0],0.005432028468931094,0.7353745034552966,tvm
128,1,8,4,512,64,4,1,[128; 1; 8; 4; 512; 64; 4; 1],0.005324707999534439,0.7501961118702659,tvm
64,32,4,4,128,64,4,1,[64; 32; 4; 4; 128; 64; 4; 1],0.005407768534496427,0.7386734865987038,tvm
128,1,16,4,1024,64,4,1,[128; 1; 16; 4; 1024; 64; 4; 1],0.005211173876887187,0.7665403865743461,tvm
128,4,8,4,256,64,4,1,[128; 4; 8; 4; 256; 64; 4; 1],0.005256867341813631,0.7598775046731729,tvm
32,2,8,8,1024,32,2,1,[32; 2; 8; 8; 1024; 32; 2; 1],0.005331359374395106,0.749260171295142,tvm
128,1,4,4,1024,64,4,1,[128; 1; 4; 4; 1024; 64; 4; 1],0.005200975312618539,0.7680434914589291,tvm
128,4,8,4,512,64,4,1,[128; 4; 8; 4; 512; 64; 4; 1],0.005246590189926792,0.7613659717057063,tvm
128,16,16,4,1024,64,4,0,[128; 16; 16; 4; 1024; 64; 4; 0],0.005149446689756587,0.7757290207589391,tvm
128,2,16,4,512,32,2,1,[128; 2; 16; 4; 512; 32; 2; 1],0.006512349063996226,0.6133846940391144,tvm
32,32,8,4,1024,64,4,1,[32; 32; 8; 4; 1024; 64; 4; 1],0.009178093809168786,0.4352292884721568,tvm
64,8,16,2,1024,128,8,1,[64; 8; 16; 2; 1024; 128; 8; 1],0.007138248183764517,0.5596016186689391,tvm
32,16,8,4,512,32,2,1,[32; 16; 8; 4; 512; 32; 2; 1],0.006642006439506076,0.6014109252192007,tvm
64,8,1,1,1024,128,8,0,[64; 8; 1; 1; 1024; 128; 8; 0],0.013032986491452903,0.30649730518134893,tvm
64,8,4,2,1024,128,8,0,[64; 8; 4; 2; 1024; 128; 8; 0],0.00726720251259394,0.5496716557950196,tvm
128,1,8,4,512,32,2,0,[128; 1; 8; 4; 512; 32; 2; 0],0.006382909370586276,0.6258235870468474,tvm
64,8,8,4,512,32,2,1,[64; 8; 8; 4; 512; 32; 2; 1],0.0062989924917928874,0.634160977854771,tvm
128,32,16,8,512,32,2,0,[128; 32; 16; 8; 512; 32; 2; 0],0.006600221066037193,0.6052184007366289,tvm
64,8,8,4,128,32,2,1,[64; 8; 8; 4; 128; 32; 2; 1],0.006390651818946935,0.6250653847628133,tvm
64,16,4,4,1024,32,2,0,[64; 16; 4; 4; 1024; 32; 2; 0],0.0061551102771773,0.6489851616317633,tvm
32,32,64,4,128,64,4,1,[32; 32; 64; 4; 128; 64; 4; 1],0.005764206500316504,0.6929965534503147,tvm
64,4,16,8,64,32,2,0,[64; 4; 16; 8; 64; 32; 2; 0],0.0063868298748275265,0.6254394302624368,tvm
32,4,32,8,512,32,2,1,[32; 4; 32; 8; 512; 32; 2; 1],0.006249627687793691,0.6391701134288601,tvm
32,1,4,4,1024,32,2,1,[32; 1; 4; 4; 1024; 32; 2; 1],0.006775863308575936,0.5895300799588837,tvm
32,1,64,4,256,64,4,1,[32; 1; 64; 4; 256; 64; 4; 1],0.0065300120040774345,0.611725558176764,tvm
64,8,64,8,128,32,2,0,[64; 8; 64; 8; 128; 32; 2; 0],0.006685735876089893,0.5974772728281091,tvm
64,16,32,8,128,32,2,0,[64; 16; 32; 8; 128; 32; 2; 0],0.006502142510726117,0.6143475372164905,tvm
32,4,16,4,128,64,4,1,[32; 4; 16; 4; 128; 64; 4; 1],0.006352822121698409,0.6287875154652213,tvm
32,4,16,8,256,32,2,1,[32; 4; 16; 8; 256; 32; 2; 1],0.00643536563438829,0.6207223435370414,tvm
64,1,4,4,256,32,2,1,[64; 1; 4; 4; 256; 32; 2; 1],0.006338172315736301,0.6302408705704605,tvm
64,2,4,4,256,32,2,1,[64; 2; 4; 4; 256; 32; 2; 1],0.006286534247919917,0.6354177167517953,tvm
64,8,4,4,1024,32,2,1,[64; 8; 4; 4; 1024; 32; 2; 1],0.006239190443011466,0.6402393506948602,tvm
128,4,64,8,128,32,2,0,[128; 4; 64; 8; 128; 32; 2; 0],0.006438480064389296,0.6204220869128578,tvm
64,2,4,4,64,64,4,0,[64; 2; 4; 4; 64; 64; 4; 0],0.006304852751782164,0.6335715353488802,tvm
32,4,8,4,128,64,4,1,[32; 4; 8; 4; 128; 64; 4; 1],0.006030417942383792,0.6624043766552279,tvm
64,4,4,4,1024,32,2,1,[64; 4; 4; 4; 1024; 32; 2; 1],0.006036641098035034,0.6617215059208172,tvm
32,32,32,4,512,64,4,1,[32; 32; 32; 4; 512; 64; 4; 1],0.006220118564669974,0.6422024269415484,tvm
128,16,16,8,32,32,2,1,[128; 16; 16; 8; 32; 32; 2; 1],0.005776559213700239,0.6915146353250085,tvm
64,2,64,4,128,64,4,0,[64; 2; 64; 4; 128; 64; 4; 0],0.006187298502482008,0.6456089416880132,tvm
64,1,16,8,64,32,2,1,[64; 1; 16; 8; 64; 32; 2; 1],0.0059628726812661625,0.6699078534152143,tvm
32,1,8,8,256,32,2,0,[32; 1; 8; 8; 256; 32; 2; 0],0.0061838794717914425,0.6459658950852785,tvm
32,2,8,8,256,32,2,0,[32; 2; 8; 8; 256; 32; 2; 0],0.006137448188383132,0.6508527836790718,tvm
64,4,32,8,32,32,2,1,[64; 4; 32; 8; 32; 32; 2; 1],0.0063795285532251,0.6261552409034716,tvm
64,16,16,4,128,64,4,0,[64; 16; 16; 4; 128; 64; 4; 0],0.006205957557540387,0.6436678306382766,tvm
32,4,8,8,256,32,2,0,[32; 4; 8; 8; 256; 32; 2; 0],0.006039845997293014,0.6613703792920479,tvm
128,32,8,8,512,32,2,0,[128; 32; 8; 8; 512; 32; 2; 0],0.006636454942054115,0.6019140147825426,tvm
128,8,8,8,64,32,2,0,[128; 8; 8; 8; 64; 32; 2; 0],0.006198812588991132,0.644409744729089,tvm
128,2,32,8,64,32,2,1,[128; 2; 32; 8; 64; 32; 2; 1],0.0063108101894613355,0.6329734405205109,tvm
128,32,16,8,512,32,2,1,[128; 32; 16; 8; 512; 32; 2; 1],0.006262381124543026,0.6378684335324173,tvm
64,4,32,8,1024,32,2,1,[64; 4; 32; 8; 1024; 32; 2; 1],0.005972396182187367,0.6688396275533484,tvm
128,4,16,8,256,32,2,1,[128; 4; 16; 8; 256; 32; 2; 1],0.0059656440644175746,0.6695966428706518,tvm
32,16,16,4,1024,64,4,1,[32; 16; 16; 4; 1024; 64; 4; 1],0.005767822127381805,0.6925621404189349,tvm
64,4,64,4,64,64,4,1,[64; 4; 64; 4; 64; 64; 4; 1],0.0058109705641982146,0.6874196305013294,tvm
64,8,8,8,64,32,2,1,[64; 8; 8; 8; 64; 32; 2; 1],0.005636984627926722,0.7086368868748254,tvm
128,4,4,4,128,64,4,0,[128; 4; 4; 4; 128; 64; 4; 0],0.005574964714469388,0.7165202728059656,tvm
128,4,8,8,256,32,2,1,[128; 4; 8; 8; 256; 32; 2; 1],0.005695934531104285,0.7013028707197587,tvm
128,2,8,8,256,32,2,0,[128; 2; 8; 8; 256; 32; 2; 0],0.005706712472601794,0.6999783600932042,tvm
128,4,64,4,512,64,4,1,[128; 4; 64; 4; 512; 64; 4; 1],0.005253368311969098,0.7603836245393517,tvm
32,2,8,8,512,32,2,1,[32; 2; 8; 8; 512; 32; 2; 1],0.00552209706074791,0.7233801206591278,tvm
128,8,32,4,512,64,4,0,[128; 8; 32; 4; 512; 64; 4; 0],0.005353048909455538,0.7462243117262175,tvm
64,1,16,4,512,64,4,1,[64; 1; 16; 4; 512; 64; 4; 1],0.005369246689951979,0.743973124865113,tvm
128,32,32,4,512,64,4,0,[128; 32; 32; 4; 512; 64; 4; 0],0.005327845283318311,0.7497543614118088,tvm
128,2,8,4,128,64,4,1,[128; 2; 8; 4; 128; 64; 4; 1],0.005261899437755346,0.7591508133799054,tvm
128,2,4,4,128,64,4,1,[128; 2; 4; 4; 128; 64; 4; 1],0.005281340374494903,0.7563563328328884,tvm
64,16,8,8,256,32,2,1,[64; 16; 8; 8; 256; 32; 2; 1],0.005331957967428025,0.7491760554935696,tvm
128,8,64,4,1024,64,4,1,[128; 8; 64; 4; 1024; 64; 4; 1],0.005320446529367473,0.75079698969743,tvm
128,16,8,4,128,64,4,1,[128; 16; 8; 4; 128; 64; 4; 1],0.005230266811850015,0.7637421534681332,tvm
128,8,8,4,1024,64,4,0,[128; 8; 8; 4; 1024; 64; 4; 0],0.005149129807250574,0.7757767598848277,tvm
64,16,16,4,512,64,4,1,[64; 16; 16; 4; 512; 64; 4; 1],0.005435960185423028,0.7348426224325592,tvm
64,8,32,4,512,64,4,1,[64; 8; 32; 4; 512; 64; 4; 1],0.005482685344759375,0.7285800637662807,tvm
64,16,32,4,512,64,4,1,[64; 16; 32; 4; 512; 64; 4; 1],0.005423430964583531,0.7365402572985428,tvm
128,2,32,4,1024,64,4,1,[128; 2; 32; 4; 1024; 64; 4; 1],0.005240154467173852,0.7623010472532146,tvm
128,4,8,4,1024,64,4,1,[128; 4; 8; 4; 1024; 64; 4; 1],0.005153284408152103,0.7751513251968248,tvm
32,16,16,8,1024,32,2,0,[32; 16; 16; 8; 1024; 32; 2; 0],0.0063919906242517754,0.6249344645374585,tvm
32,2,16,8,512,32,2,0,[32; 2; 16; 8; 512; 32; 2; 0],0.00659070244000759,0.6060924877820213,tvm
32,4,4,4,256,32,2,0,[32; 4; 4; 4; 256; 32; 2; 0],0.006841600683401339,0.5838655927094116,tvm
32,2,64,8,512,32,2,1,[32; 2; 64; 8; 512; 32; 2; 1],0.006269284189329483,0.6371660810805371,tvm
128,4,8,4,512,32,2,1,[128; 4; 8; 4; 512; 32; 2; 1],0.00620235109818168,0.6440421019162094,tvm
128,16,32,8,64,32,2,0,[128; 16; 32; 8; 64; 32; 2; 0],0.005915463902056217,0.6752767499277145,tvm
32,1,64,8,256,32,2,1,[32; 1; 64; 8; 256; 32; 2; 1],0.006420705874916166,0.6221395771609605,tvm
128,64,4,4,256,64,4,0,[128; 64; 4; 4; 256; 64; 4; 0],0.006233280255401041,0.6408464042081214,tvm
64,16,4,4,256,32,2,0,[64; 16; 4; 4; 256; 32; 2; 0],0.006304414113401435,0.6336156169696847,tvm
64,4,64,8,128,32,2,0,[64; 4; 64; 8; 128; 32; 2; 0],0.006391947012161836,0.6249387284492246,tvm
64,64,32,4,512,64,4,1,[64; 64; 32; 4; 512; 64; 4; 1],0.006642608990659937,0.6013563712258158,tvm
32,2,32,8,256,32,2,1,[32; 2; 32; 8; 256; 32; 2; 1],0.006384235806763172,0.6256935612972762,tvm
128,2,4,4,512,32,2,0,[128; 2; 4; 4; 512; 32; 2; 0],0.005970280406472739,0.6690766540486909,tvm
64,1,4,4,128,32,2,1,[64; 1; 4; 4; 128; 32; 2; 1],0.006119491845311131,0.6527625722969067,tvm
32,1,64,4,256,64,4,1,[32; 1; 64; 4; 256; 64; 4; 1],0.006455523427575827,0.6187840975112499,tvm
64,16,4,4,512,32,2,1,[64; 16; 4; 4; 512; 32; 2; 1],0.006194088309712242,0.6449012410481461,tvm
64,16,4,4,1024,32,2,1,[64; 16; 4; 4; 1024; 32; 2; 1],0.006309449498075992,0.6331099471219077,tvm
128,64,8,4,512,64,4,0,[128; 64; 8; 4; 512; 64; 4; 0],0.006418654564185999,0.6223384041234539,tvm
64,1,4,4,256,32,2,1,[64; 1; 4; 4; 256; 32; 2; 1],0.006427507367334329,0.6214812383407509,tvm
64,1,16,4,64,64,4,0,[64; 1; 16; 4; 64; 64; 4; 0],0.006530791491968557,0.6116525451788946,tvm
64,64,64,4,64,64,4,1,[64; 64; 64; 4; 64; 64; 4; 1],0.006547264696564525,0.6101136005989292,tvm
128,64,32,4,1024,64,4,0,[128; 64; 32; 4; 1024; 64; 4; 0],0.006270347308600321,0.6370580514122932,tvm
64,64,64,4,1024,64,4,0,[64; 64; 64; 4; 1024; 64; 4; 0],0.005823609251820017,0.6859277580903695,tvm
32,4,8,4,128,64,4,1,[32; 4; 8; 4; 128; 64; 4; 1],0.0060495369107229635,0.6603109125617117,tvm
64,8,16,8,128,32,2,0,[64; 8; 16; 8; 128; 32; 2; 0],0.0061118272205931135,0.6535811785771638,tvm
128,2,8,8,64,32,2,0,[128; 2; 8; 8; 64; 32; 2; 0],0.005862382065970451,0.6813911466607869,tvm
64,4,32,8,1024,32,2,0,[64; 4; 32; 8; 1024; 32; 2; 0],0.00598132012237329,0.6678417400121122,tvm
64,1,64,4,128,64,4,0,[64; 1; 64; 4; 128; 64; 4; 0],0.0061280356530915014,0.6518524800161754,tvm
128,8,64,8,256,32,2,0,[128; 8; 64; 8; 256; 32; 2; 0],0.005839854406076483,0.6840196621920581,tvm
128,8,32,8,256,32,2,0,[128; 8; 32; 8; 256; 32; 2; 0],0.005826078056998085,0.6856370956611354,tvm
128,16,32,8,1024,32,2,0,[128; 16; 32; 8; 1024; 32; 2; 0],0.00570056068681879,0.7007337448984198,tvm
32,1,4,4,128,64,4,1,[32; 1; 4; 4; 128; 64; 4; 1],0.00597151271358598,0.6689385805052465,tvm
128,32,8,8,256,32,2,1,[128; 32; 8; 8; 256; 32; 2; 1],0.005830229623825289,0.6851488699126649,tvm
64,16,64,8,32,32,2,1,[64; 16; 64; 8; 32; 32; 2; 1],0.005770670439233072,0.6922203026770181,tvm
64,16,32,4,256,64,4,0,[64; 16; 32; 4; 256; 64; 4; 0],0.005899229654460214,0.6771350620457827,tvm
128,2,64,8,256,32,2,1,[128; 2; 64; 8; 256; 32; 2; 1],0.005757437655120157,0.6938112885239522,tvm
64,4,32,8,256,32,2,1,[64; 4; 32; 8; 256; 32; 2; 1],0.005725877126678824,0.6976355149996396,tvm
64,1,16,4,64,64,4,1,[64; 1; 16; 4; 64; 64; 4; 1],0.005820790436700918,0.6862599300790609,tvm
128,32,64,4,256,64,4,0,[128; 32; 64; 4; 256; 64; 4; 0],0.005597753282927442,0.7136033040752746,tvm
32,8,8,4,1024,64,4,1,[32; 8; 8; 4; 1024; 64; 4; 1],0.005624939782137517,0.7101543114790949,tvm
64,2,64,4,128,64,4,1,[64; 2; 64; 4; 128; 64; 4; 1],0.005635701090795919,0.7087982797063306,tvm
128,2,8,8,128,32,2,0,[128; 2; 8; 8; 128; 32; 2; 0],0.005642077849188354,0.7079971855882636,tvm
128,2,8,4,128,64,4,0,[128; 2; 8; 4; 128; 64; 4; 0],0.005609587060462218,0.712097912919475,tvm
128,1,64,4,64,64,4,1,[128; 1; 64; 4; 64; 64; 4; 1],0.005456567749206442,0.7320673767270965,tvm
64,1,8,8,256,32,2,1,[64; 1; 8; 8; 256; 32; 2; 1],0.005577733900281601,0.7161645409246873,tvm
32,2,4,4,1024,64,4,1,[32; 2; 4; 4; 1024; 64; 4; 1],0.0054870127205504104,0.7280054633615897,tvm
64,32,16,4,128,64,4,1,[64; 32; 16; 4; 128; 64; 4; 1],0.005637552967527881,0.7085654469419373,tvm
128,32,8,4,64,64,4,1,[128; 32; 8; 4; 64; 64; 4; 1],0.005375834254664369,0.7430614577875658,tvm
128,32,64,4,256,64,4,1,[128; 32; 64; 4; 256; 64; 4; 1],0.005374853724788409,0.743197013841059,tvm
64,4,4,4,256,64,4,0,[64; 4; 4; 4; 256; 64; 4; 0],0.005455476719362196,0.7322137814130838,tvm
128,16,64,4,1024,64,4,0,[128; 16; 64; 4; 1024; 64; 4; 0],0.0053370527166407555,0.7484608922149641,tvm
128,16,8,8,1024,32,2,1,[128; 16; 8; 8; 1024; 32; 2; 1],0.005413929568021558,0.737832878670972,tvm
128,32,16,4,128,64,4,1,[128; 32; 16; 4; 128; 64; 4; 1],0.005383880969020538,0.741950882844639,tvm
128,16,16,4,256,64,4,1,[128; 16; 16; 4; 256; 64; 4; 1],0.005338972216122784,0.7481918010422125,tvm
128,4,8,8,1024,32,2,0,[128; 4; 8; 8; 1024; 32; 2; 0],0.005454304970044177,0.73237108303148,tvm
64,2,8,8,512,32,2,1,[64; 2; 8; 8; 512; 32; 2; 1],0.005378839377954137,0.7426463140854359,tvm
128,32,4,4,256,64,4,0,[128; 32; 4; 4; 256; 64; 4; 0],0.005369845785025973,0.7438901223633403,tvm
32,2,8,8,1024,32,2,1,[32; 2; 8; 8; 1024; 32; 2; 1],0.0054560622229473665,0.7321352057340298,tvm
32,8,8,8,1024,32,2,1,[32; 8; 8; 8; 1024; 32; 2; 1],0.005245412248768844,0.7615369486035743,tvm
32,4,8,8,1024,32,2,1,[32; 4; 8; 8; 1024; 32; 2; 1],0.0052811493806075305,0.7563836866200728,tvm
64,32,8,4,1024,64,4,0,[64; 32; 8; 4; 1024; 64; 4; 0],0.005371555220335722,0.7436533879373537,tvm
128,16,32,4,1024,64,4,1,[128; 16; 32; 4; 1024; 64; 4; 1],0.005196873753448017,0.7686496589309911,tvm
128,8,8,4,1024,64,4,1,[128; 8; 8; 4; 1024; 64; 4; 1],0.005228509784501512,0.7639988070666072,tvm
128,16,4,4,1024,64,4,1,[128; 16; 4; 4; 1024; 64; 4; 1],0.00523401222017128,0.7631956269992274,tvm
