kc,ku,mc,mr,nc,nr,nvr,pack_c,X,time,peak,backend
2,1,16,2,256,64,4,1,[2; 1; 16; 2; 256; 64; 4; 1],0.029398573271464556,0.23778387481993676,tvm
14,14,16,4,64,32,2,0,[14; 14; 16; 4; 64; 32; 2; 0],0.02365664261742495,0.2954986799994018,tvm
112,28,32,8,256,16,1,0,[112; 28; 32; 8; 256; 16; 1; 0],0.03903825453016907,0.1790681153857519,tvm
32,8,4,4,32,32,2,0,[32; 8; 4; 4; 32; 32; 2; 0],0.021676013624528423,0.32249964351176913,tvm
8,1,32,1,2048,32,2,0,[8; 1; 32; 1; 2048; 32; 2; 0],0.1021202050615102,0.06845370769140216,tvm
224,32,32,8,128,32,2,1,[224; 32; 32; 8; 128; 32; 2; 1],0.03476121526909992,0.20110075590138232,tvm
112,56,16,2,4096,64,4,0,[112; 56; 16; 2; 4096; 64; 4; 0],0.3807596929837018,0.018359366276109196,tvm
56,2,32,2,1024,64,4,1,[56; 2; 32; 2; 1024; 64; 4; 1],0.03188355703605339,0.2192511537769114,tvm
7,1,64,1,64,32,2,0,[7; 1; 64; 1; 64; 32; 2; 0],0.02897906774887815,0.24122607142658292,tvm
56,14,8,4,512,64,4,1,[56; 14; 8; 4; 512; 64; 4; 1],0.013392472523264587,0.5219728212638245,tvm
512,512,64,16,2048,16,1,1,[512; 512; 64; 16; 2048; 16; 1; 1],0.34670991101302207,0.02016240795148227,tvm
256,128,8,8,256,16,1,1,[256; 128; 8; 8; 256; 16; 1; 1],0.037490196293219924,0.18646225834594776,tvm
16,16,2,2,512,16,1,0,[16; 16; 2; 2; 512; 16; 1; 0],0.023481384996557608,0.297704188560065,tvm
224,16,32,4,32,32,2,0,[224; 16; 32; 4; 32; 32; 2; 0],0.05470069998409599,0.1277955614589782,tvm
14,14,8,8,32,16,1,1,[14; 14; 8; 8; 32; 16; 1; 1],0.029342645255383104,0.2382370984560164,tvm
7,7,32,2,256,32,2,1,[7; 7; 32; 2; 256; 32; 2; 1],0.016808540356578305,0.4158901676391439,tvm
16,2,2,1,16,16,1,1,[16; 2; 2; 1; 16; 16; 1; 1],0.02682859724154696,0.2605617656312317,tvm
16,8,64,2,512,32,2,1,[16; 8; 64; 2; 512; 32; 2; 1],0.0152555723907426,0.45822644261507045,tvm
14,7,8,8,2048,16,1,0,[14; 7; 8; 8; 2048; 16; 1; 0],0.06770660600159317,0.10324704012636782,tvm
8,4,2,1,128,16,1,0,[8; 4; 2; 1; 128; 16; 1; 0],0.023060293489834294,0.30314040321075286,tvm
16,8,32,8,1024,16,1,1,[16; 8; 32; 8; 1024; 16; 1; 1],0.038442672754172236,0.18184236854103694,tvm
224,1,16,8,512,32,2,1,[224; 1; 16; 8; 512; 32; 2; 1],0.02363737759878859,0.29573951837300805,tvm
224,8,16,8,1024,32,2,1,[224; 8; 16; 8; 1024; 32; 2; 1],0.0433504082611762,0.16125584387926586,tvm
112,14,64,4,128,64,4,1,[112; 14; 64; 4; 128; 64; 4; 1],0.04148371471092105,0.1685120707096739,tvm
64,64,8,1,4096,128,8,0,[64; 64; 8; 1; 4096; 128; 8; 0],0.2671748730354011,0.026164536310045942,tvm
32,16,32,4,2048,32,2,1,[32; 16; 32; 4; 2048; 32; 2; 1],0.05690666101872921,0.12284162418817615,tvm
28,14,64,1,1024,32,2,0,[28; 14; 64; 1; 1024; 32; 2; 0],0.05032002704683691,0.13892096401617665,tvm
8,8,64,4,1024,64,4,1,[8; 8; 64; 4; 1024; 64; 4; 1],0.031469443754758686,0.22213632757997478,tvm
32,1,32,8,32,32,2,1,[32; 1; 32; 8; 32; 32; 2; 1],0.017705345642752945,0.3948246370173509,tvm
112,1,16,16,128,16,1,0,[112; 1; 16; 16; 128; 16; 1; 0],0.041083855961915106,0.1701521559501838,tvm
224,56,32,8,32,16,1,0,[224; 56; 32; 8; 32; 16; 1; 0],0.040108975023031235,0.17428784112913887,tvm
56,8,8,2,4096,64,4,1,[56; 8; 8; 2; 4096; 64; 4; 1],0.13823184603825212,0.05057088411256711,tvm
2,1,32,4,2048,64,4,0,[2; 1; 32; 4; 2048; 64; 4; 0],0.2472293870523572,0.028275387283091258,tvm
448,112,64,8,1024,16,1,0,[448; 112; 64; 8; 1024; 16; 1; 0],0.05553708493243903,0.1258709684739599,tvm
32,2,32,8,128,16,1,0,[32; 2; 32; 8; 128; 16; 1; 0],0.023422387981554493,0.2984540548201918,tvm
16,1,16,8,256,16,1,0,[16; 1; 16; 8; 256; 16; 1; 0],0.029001252725720406,0.24104154164578487,tvm
16,1,8,2,512,16,1,0,[16; 1; 8; 2; 512; 16; 1; 0],0.024188118521124125,0.28900580508408175,tvm
448,2,32,16,64,16,1,0,[448; 2; 32; 16; 64; 16; 1; 0],0.04139693977776915,0.16886530029016025,tvm
224,7,64,8,64,32,2,1,[224; 7; 64; 8; 64; 32; 2; 1],0.03130699275061488,0.22328898602148142,tvm
112,112,64,8,4096,16,1,1,[112; 112; 64; 8; 4096; 16; 1; 1],0.1420035269111395,0.04922769749966186,tvm
4,1,64,4,128,64,4,1,[4; 1; 64; 4; 128; 64; 4; 1],0.0180135301197879,0.3880697797811202,tvm
16,8,4,1,64,16,1,1,[16; 8; 4; 1; 64; 16; 1; 1],0.037667732511181384,0.1855834211573948,tvm
56,7,8,8,1024,16,1,1,[56; 7; 8; 8; 1024; 16; 1; 1],0.045422936498653144,0.15389816699486053,tvm
32,4,32,4,512,64,4,1,[32; 4; 32; 4; 512; 64; 4; 1],0.012474550938350148,0.5603814278537238,tvm
56,2,16,4,2048,64,4,0,[56; 2; 16; 4; 2048; 64; 4; 0],0.07251351943705231,0.09640280489674757,tvm
16,1,32,2,2048,128,8,1,[16; 1; 32; 2; 2048; 128; 8; 1],0.07163030654191971,0.09759146657533374,tvm
1,1,1,1,256,16,1,0,[1; 1; 1; 1; 256; 16; 1; 0],0.08411464549135417,0.08310689090861346,tvm
16,4,8,1,2048,128,8,1,[16; 4; 8; 1; 2048; 128; 8; 1],0.06418919004499912,0.10890473398661128,tvm
32,2,32,8,128,16,1,0,[32; 2; 32; 8; 128; 16; 1; 0],0.023441448371158913,0.29821137994473956,tvm
448,1,64,16,16,16,1,1,[448; 1; 64; 16; 16; 16; 1; 1],0.041387168515939265,0.16890516837300534,tvm
64,64,16,4,1024,32,2,1,[64; 64; 16; 4; 1024; 32; 2; 1],0.03710876853438094,0.18837883720636067,tvm
7,1,2,2,2048,16,1,0,[7; 1; 2; 2; 2048; 16; 1; 0],0.09374445455614477,0.07456981535350404,tvm
16,8,32,2,256,64,4,1,[16; 8; 32; 2; 256; 64; 4; 1],0.018715778249315917,0.3735087354394241,tvm
8,8,16,1,1024,16,1,0,[8; 8; 16; 1; 1024; 16; 1; 0],0.05445164057891816,0.12838009272714468,tvm
8,4,16,2,1024,16,1,0,[8; 4; 16; 2; 1024; 16; 1; 0],0.05241536698304117,0.13336750401706476,tvm
128,4,4,2,128,64,4,1,[128; 4; 4; 2; 128; 64; 4; 1],0.08970580797176808,0.07792702417737206,tvm
224,16,32,4,1024,32,2,0,[224; 16; 32; 4; 1024; 32; 2; 0],0.05777085048612207,0.12100404629400345,tvm
8,4,8,8,64,32,2,1,[8; 4; 8; 8; 64; 32; 2; 1],0.018608143756864592,0.3756692101052718,tvm
112,56,64,16,4096,16,1,1,[112; 56; 64; 16; 4096; 16; 1; 1],0.23691594111733139,0.029506273970837,tvm
112,4,32,16,1024,16,1,0,[112; 4; 32; 16; 1024; 16; 1; 0],0.05959041556343436,0.11730924512894578,tvm
64,1,1,1,128,128,8,0,[64; 1; 1; 1; 128; 128; 8; 0],0.0582656980259344,0.11997636522873462,tvm
512,128,16,8,4096,16,1,1,[512; 128; 16; 8; 4096; 16; 1; 1],0.21196546591818333,0.032979460292673034,tvm
112,112,4,2,64,64,4,1,[112; 112; 4; 2; 64; 64; 4; 1],0.0177716463804245,0.39335166348834866,tvm
28,14,16,8,2048,16,1,0,[28; 14; 16; 8; 2048; 16; 1; 0],0.0913469095248729,0.07652701884526501,tvm
16,1,8,2,512,32,2,1,[16; 1; 8; 2; 512; 32; 2; 1],0.017134939145762473,0.4079679891011134,tvm
16,16,16,8,256,32,2,1,[16; 16; 16; 8; 256; 32; 2; 1],0.015159893373493105,0.46111845871485385,tvm
14,7,8,8,256,32,2,1,[14; 7; 8; 8; 256; 32; 2; 1],0.014968829607823864,0.46700422476670383,tvm
8,1,32,2,128,128,8,1,[8; 1; 32; 2; 128; 128; 8; 1],0.015123596007470042,0.46222516544437087,tvm
14,7,32,2,512,64,4,0,[14; 7; 32; 2; 512; 64; 4; 0],0.020500767393969,0.3409875607253201,tvm
32,8,16,4,64,64,4,1,[32; 8; 16; 4; 64; 64; 4; 1],0.017729764891555533,0.3942808440734687,tvm
16,1,64,2,128,32,2,1,[16; 1; 64; 2; 128; 32; 2; 1],0.016499960504006594,0.42366808483991225,tvm
7,1,4,4,512,64,4,1,[7; 1; 4; 4; 512; 64; 4; 1],0.015602274623233825,0.44804407276980557,tvm
16,8,32,4,256,64,4,0,[16; 8; 32; 4; 256; 64; 4; 0],0.022531048249220476,0.3102610490796194,tvm
8,4,32,2,64,32,2,1,[8; 4; 32; 2; 64; 32; 2; 1],0.018003021861659363,0.38829629383243675,tvm
16,1,64,8,32,32,2,1,[16; 1; 64; 8; 32; 32; 2; 1],0.017727460101014003,0.3943321054924734,tvm
16,1,16,2,512,32,2,1,[16; 1; 16; 2; 512; 32; 2; 1],0.01507584287901409,0.4636892758014617,tvm
32,32,32,8,64,32,2,1,[32; 32; 32; 8; 64; 32; 2; 1],0.016388682124670595,0.42654477117129225,tvm
4,4,8,2,256,64,4,1,[4; 4; 8; 2; 256; 64; 4; 1],0.018050055514322594,0.38728449677729515,tvm
32,16,16,1,512,128,8,1,[32; 16; 16; 1; 512; 128; 8; 1],0.025337535014841706,0.27589529378338934,tvm
16,16,8,1,512,64,4,1,[16; 16; 8; 1; 512; 64; 4; 1],0.016987915005302057,0.4114988016177899,tvm
16,8,32,4,512,32,2,0,[16; 8; 32; 4; 512; 32; 2; 0],0.024482081120368093,0.28553563858796505,tvm
14,2,64,1,256,128,8,1,[14; 2; 64; 1; 256; 128; 8; 1],0.014328222023323178,0.48788374826183367,tvm
28,2,4,2,512,128,8,1,[28; 2; 4; 2; 512; 128; 8; 1],0.015876760880928487,0.4402980380629034,tvm
4,4,4,4,512,32,2,1,[4; 4; 4; 4; 512; 32; 2; 1],0.017055756616173312,0.4098620087037265,tvm
32,8,64,1,128,128,8,1,[32; 8; 64; 1; 128; 128; 8; 1],0.028565503715071827,0.24471848059792176,tvm
32,2,2,2,512,128,8,1,[32; 2; 2; 2; 512; 128; 8; 1],0.015747079014545307,0.4439240230019584,tvm
14,2,32,1,256,128,8,1,[14; 2; 32; 1; 256; 128; 8; 1],0.014751892624190077,0.47387185120936076,tvm
16,16,8,2,256,64,4,1,[16; 16; 8; 2; 256; 64; 4; 1],0.016807269741548225,0.4159216085754763,tvm
16,4,4,2,256,128,8,1,[16; 4; 4; 2; 256; 128; 8; 1],0.01811708410969004,0.38585164281087314,tvm
7,7,32,1,256,32,2,1,[7; 7; 32; 1; 256; 32; 2; 1],0.0173581286217086,0.4027223682352559,tvm
8,2,64,2,256,32,2,1,[8; 2; 64; 2; 256; 32; 2; 1],0.017075132025638595,0.40939693210982525,tvm
8,4,8,4,256,64,4,1,[8; 4; 8; 4; 256; 64; 4; 1],0.015344259125413373,0.4555779858467649,tvm
8,4,32,4,64,32,2,1,[8; 4; 32; 4; 64; 32; 2; 1],0.01755282876547426,0.3982552761191817,tvm
4,4,32,4,64,32,2,1,[4; 4; 32; 4; 64; 32; 2; 1],0.02014458624762483,0.34701664162950435,tvm
4,1,32,8,256,32,2,1,[4; 1; 32; 8; 256; 32; 2; 1],0.01930855499813333,0.3620419377494835,tvm
4,4,8,4,512,32,2,1,[4; 4; 8; 4; 512; 32; 2; 1],0.016134497127495706,0.4332646137916347,tvm
28,7,16,4,256,32,2,1,[28; 7; 16; 4; 256; 32; 2; 1],0.015989316743798554,0.4371985856980368,tvm
28,4,16,2,256,128,8,1,[28; 4; 16; 2; 256; 128; 8; 1],0.017476063512731344,0.4000046498786223,tvm
16,8,32,2,32,32,2,1,[16; 8; 32; 2; 32; 32; 2; 1],0.020242664875695482,0.3453352959994845,tvm
8,8,64,2,128,128,8,1,[8; 8; 64; 2; 128; 128; 8; 1],0.014971086609875783,0.4669338204252542,tvm
32,8,8,2,256,64,4,1,[32; 8; 8; 2; 256; 64; 4; 1],0.018333753483602777,0.3812916254665904,tvm
32,1,32,4,64,64,4,1,[32; 1; 32; 4; 64; 64; 4; 1],0.017789404606446624,0.392959001232307,tvm
32,4,4,4,512,32,2,1,[32; 4; 4; 4; 512; 32; 2; 1],0.013863805768778548,0.5042271064132599,tvm
28,14,64,2,128,128,8,1,[28; 14; 64; 2; 128; 128; 8; 1],0.01866922972840257,0.3744400153816527,tvm
7,7,16,2,512,64,4,1,[7; 7; 16; 2; 512; 64; 4; 1],0.014789383509196341,0.4726705925449717,tvm
8,1,32,2,512,32,2,1,[8; 1; 32; 2; 512; 32; 2; 1],0.015956860239384696,0.4380878544898645,tvm
1,1,32,2,256,64,4,1,[1; 1; 32; 2; 256; 64; 4; 1],0.055690206470899284,0.1255248832722416,tvm
4,2,64,2,256,128,8,1,[4; 2; 64; 2; 256; 128; 8; 1],0.017277925624512136,0.40459177904720567,tvm
32,8,32,4,64,32,2,1,[32; 8; 32; 4; 64; 32; 2; 1],0.019938100886065513,0.3506104571650675,tvm
28,7,16,4,256,64,4,1,[28; 7; 16; 4; 256; 64; 4; 1],0.014183758990839124,0.49285289401643323,tvm
4,4,64,4,128,64,4,1,[4; 4; 64; 4; 128; 64; 4; 1],0.017202145740156993,0.40637411008255236,tvm
14,7,32,1,256,64,4,1,[14; 7; 32; 1; 256; 64; 4; 1],0.01593349114409648,0.43873038265419445,tvm
16,2,64,1,512,64,4,1,[16; 2; 64; 1; 512; 64; 4; 1],0.014503560116281733,0.48198556841358603,tvm
4,4,32,1,512,128,8,1,[4; 4; 32; 1; 512; 128; 8; 1],0.016776491480413824,0.4166846610823202,tvm
1,1,32,2,512,64,4,1,[1; 1; 32; 2; 512; 64; 4; 1],0.07644865603651851,0.09144054361567056,tvm
16,2,64,4,256,32,2,1,[16; 2; 64; 4; 256; 32; 2; 1],0.017007371614454314,0.4110280427297501,tvm
32,4,64,4,128,64,4,1,[32; 4; 64; 4; 128; 64; 4; 1],0.015647156367776915,0.4467589191517647,tvm
28,4,32,2,256,32,2,1,[28; 4; 32; 2; 256; 32; 2; 1],0.02231141336960718,0.31331527729163056,tvm
4,4,32,2,256,64,4,1,[4; 4; 32; 2; 256; 64; 4; 1],0.017697179253445938,0.39500682942483606,tvm
16,16,32,1,512,64,4,1,[16; 16; 32; 1; 512; 64; 4; 1],0.014490016008494422,0.48243608996488696,tvm
32,1,32,4,256,64,4,1,[32; 1; 32; 4; 256; 64; 4; 1],0.014416251622606069,0.48490459584548873,tvm
16,16,32,8,512,32,2,1,[16; 16; 32; 8; 512; 32; 2; 1],0.01302884062170051,0.5365409609066407,tvm
32,1,64,2,512,64,4,1,[32; 1; 64; 2; 512; 64; 4; 1],0.01634139462839812,0.4277790742852844,tvm
28,7,64,1,512,64,4,1,[28; 7; 64; 1; 512; 64; 4; 1],0.015984912868589163,0.43731903477579936,tvm
16,2,32,4,256,64,4,1,[16; 2; 32; 4; 256; 64; 4; 1],0.015318207239033654,0.45635279361239806,tvm
7,7,32,4,512,32,2,1,[7; 7; 32; 4; 512; 32; 2; 1],0.01673791476059705,0.4176450153231221,tvm
32,8,64,4,256,64,4,1,[32; 8; 64; 4; 256; 64; 4; 1],0.014168202236760408,0.49339404886029226,tvm
32,2,32,4,512,64,4,1,[32; 2; 32; 4; 512; 64; 4; 1],0.012614625884452835,0.5541588574007784,tvm
7,1,2,2,128,128,8,1,[7; 1; 2; 2; 128; 128; 8; 1],0.015982895478373393,0.4373742339819207,tvm
28,1,16,1,128,32,2,1,[28; 1; 16; 1; 128; 32; 2; 1],0.03947773401159793,0.17707466858692972,tvm
14,2,4,1,64,64,4,1,[14; 2; 4; 1; 64; 64; 4; 1],0.01739175510010682,0.4019437156531563,tvm
7,7,8,2,128,32,2,1,[7; 7; 8; 2; 128; 32; 2; 1],0.017941361234989017,0.38963078526248435,tvm
28,4,4,1,128,128,8,1,[28; 4; 4; 1; 128; 128; 8; 1],0.028228547715116292,0.24763961423786865,tvm
28,1,8,1,128,128,8,1,[28; 1; 8; 1; 128; 128; 8; 1],0.028147551231086254,0.24835221399104612,tvm
4,2,8,4,512,64,4,1,[4; 2; 8; 4; 512; 64; 4; 1],0.01835320988902822,0.38088741473205073,tvm
14,14,4,4,128,32,2,1,[14; 14; 4; 4; 128; 32; 2; 1],0.019294218625873327,0.362310949316832,tvm
28,7,64,2,128,128,8,1,[28; 7; 64; 2; 128; 128; 8; 1],0.018537716008722782,0.37709643752106986,tvm
56,7,64,4,512,32,2,1,[56; 7; 64; 4; 512; 32; 2; 1],0.014222291501937434,0.49151760570470543,tvm
16,2,8,4,64,64,4,1,[16; 2; 8; 4; 64; 64; 4; 1],0.020280336757423356,0.34469381599927734,tvm
8,4,32,4,64,64,4,1,[8; 4; 32; 4; 64; 64; 4; 1],0.018865838006604463,0.37053782950004466,tvm
28,28,4,2,256,128,8,1,[28; 28; 4; 2; 256; 128; 8; 1],0.02346137011772953,0.29795815980005397,tvm
7,7,32,1,128,128,8,1,[7; 7; 32; 1; 128; 128; 8; 1],0.015767645236337557,0.44334499932536486,tvm
28,14,1,1,256,64,4,1,[28; 14; 1; 1; 256; 64; 4; 1],0.02958264824701473,0.2363042892000752,tvm
28,4,16,1,128,64,4,1,[28; 4; 16; 1; 128; 64; 4; 1],0.018965233233757317,0.3685958712189133,tvm
32,1,64,1,128,128,8,1,[32; 1; 64; 1; 128; 128; 8; 1],0.02865844126790762,0.2439248736983751,tvm
28,2,64,4,64,64,4,1,[28; 2; 64; 4; 64; 64; 4; 1],0.017882238986203447,0.3909189823522659,tvm
14,7,4,1,128,64,4,1,[14; 7; 4; 1; 128; 64; 4; 1],0.021926932618953288,0.3188091461832735,tvm
14,14,32,4,128,64,4,1,[14; 14; 32; 4; 128; 64; 4; 1],0.015089365508174524,0.4632737316144688,tvm
28,1,64,2,128,128,8,1,[28; 1; 64; 2; 128; 128; 8; 1],0.01843857899075374,0.37912393737999794,tvm
8,2,8,1,128,32,2,1,[8; 2; 8; 1; 128; 32; 2; 1],0.018542984500527382,0.37698929568041484,tvm
16,4,16,2,128,128,8,1,[16; 4; 16; 2; 128; 128; 8; 1],0.01875684584956616,0.37269094829333227,tvm
14,7,16,2,128,128,8,1,[14; 7; 16; 2; 128; 128; 8; 1],0.019394038477912545,0.360446158474317,tvm
8,2,4,2,128,32,2,1,[8; 2; 4; 2; 128; 32; 2; 1],0.017126523511251435,0.4081684564923048,tvm
56,7,32,4,512,64,4,1,[56; 7; 32; 4; 512; 64; 4; 1],0.012341444817138836,0.5664253067808395,tvm
32,2,16,2,128,128,8,1,[32; 2; 16; 2; 128; 128; 8; 1],0.019232089252909645,0.3634813968851078,tvm
16,16,8,1,256,64,4,1,[16; 16; 8; 1; 256; 64; 4; 1],0.01781557861249894,0.392381680029315,tvm
16,1,8,1,256,32,2,1,[16; 1; 8; 1; 256; 32; 2; 1],0.019157536764396355,0.364895902465827,tvm
16,4,8,4,128,32,2,1,[16; 4; 8; 4; 128; 32; 2; 1],0.017364816885674372,0.40256725496677687,tvm
7,1,4,4,256,32,2,1,[7; 1; 4; 4; 256; 32; 2; 1],0.015985225996701047,0.43731046831050957,tvm
28,7,64,1,256,128,8,1,[28; 7; 64; 1; 256; 128; 8; 1],0.026934288500342518,0.25953931051780965,tvm
16,1,16,1,256,128,8,1,[16; 1; 16; 1; 256; 128; 8; 1],0.027850767015479505,0.25099871263083456,tvm
16,4,16,2,256,128,8,1,[16; 4; 16; 2; 256; 128; 8; 1],0.018171279749367386,0.3847008445792066,tvm
8,4,8,2,256,32,2,1,[8; 4; 8; 2; 256; 32; 2; 1],0.016734423872549087,0.4177321382502923,tvm
28,2,16,8,128,32,2,1,[28; 2; 16; 8; 128; 32; 2; 1],0.01624273700872436,0.43037738423714544,tvm
16,4,2,1,256,64,4,1,[16; 4; 2; 1; 256; 64; 4; 1],0.02801657421514392,0.2495132564383285,tvm
28,28,16,1,512,32,2,1,[28; 28; 16; 1; 512; 32; 2; 1],0.020315068133641034,0.34410451496791367,tvm
8,8,4,2,512,128,8,1,[8; 8; 4; 2; 512; 128; 8; 1],0.019711463624844328,0.35464168464161294,tvm
16,8,1,1,512,32,2,1,[16; 8; 1; 1; 512; 32; 2; 1],0.025995772739406675,0.2689093621775606,tvm
32,2,32,8,128,32,2,1,[32; 2; 32; 8; 128; 32; 2; 1],0.017029858252499253,0.4104853113290453,tvm
14,14,4,2,512,32,2,1,[14; 14; 4; 2; 512; 32; 2; 1],0.017099041113397107,0.4088244843852444,tvm
14,14,16,1,512,32,2,1,[14; 14; 16; 1; 512; 32; 2; 1],0.01657303239335306,0.4218000967324692,tvm
14,1,2,1,512,32,2,1,[14; 1; 2; 1; 512; 32; 2; 1],0.02470310524222441,0.2829808883588435,tvm
28,1,16,4,128,64,4,1,[28; 1; 16; 4; 128; 64; 4; 1],0.014901792135788128,0.46910509843163584,tvm
14,2,4,4,128,64,4,1,[14; 2; 4; 4; 128; 64; 4; 1],0.016028456011554226,0.43613100735513827,tvm
8,1,16,1,512,64,4,1,[8; 1; 16; 1; 512; 64; 4; 1],0.015007344860350713,0.4658056925936,tvm
16,8,32,1,512,64,4,1,[16; 8; 32; 1; 512; 64; 4; 1],0.014461322512943298,0.48339331761738685,tvm
8,1,64,2,512,128,8,1,[8; 1; 64; 2; 512; 128; 8; 1],0.014255858986871317,0.49036025630615815,tvm
8,2,64,4,128,64,4,1,[8; 2; 64; 4; 128; 64; 4; 1],0.01584529600222595,0.4411723621751616,tvm
16,1,8,1,512,64,4,1,[16; 1; 8; 1; 512; 64; 4; 1],0.016927215387113392,0.4129744028653706,tvm
32,16,16,2,512,64,4,1,[32; 16; 16; 2; 512; 64; 4; 1],0.016821877361508086,0.41556043457208786,tvm
32,8,64,2,512,64,4,1,[32; 8; 64; 2; 512; 64; 4; 1],0.016714135388610885,0.41823920317350316,tvm
14,7,16,2,512,128,8,1,[14; 7; 16; 2; 512; 128; 8; 1],0.01765472299302928,0.3959567459329025,tvm
28,7,16,2,512,64,4,1,[28; 7; 16; 2; 512; 64; 4; 1],0.01726741826860234,0.40483797623514056,tvm
32,8,16,8,256,32,2,1,[32; 8; 16; 8; 256; 32; 2; 1],0.01618460426107049,0.4319232372879964,tvm
28,7,64,1,512,64,4,1,[28; 7; 64; 1; 512; 64; 4; 1],0.015476666390895844,0.4516803871135218,tvm
14,2,8,2,512,128,8,1,[14; 2; 8; 2; 512; 128; 8; 1],0.017353086994262412,0.40283937197906017,tvm
8,2,1,1,512,64,4,1,[8; 2; 1; 1; 512; 64; 4; 1],0.01845447300001979,0.37879741494970737,tvm
16,2,4,1,512,64,4,1,[16; 2; 4; 1; 512; 64; 4; 1],0.02010288674500771,0.34773645971032835,tvm
14,2,64,2,512,64,4,1,[14; 2; 64; 2; 512; 64; 4; 1],0.01255136149120517,0.5569520622575459,tvm
32,4,16,8,256,32,2,1,[32; 4; 16; 8; 256; 32; 2; 1],0.016081311769085005,0.43469754004181044,tvm
32,1,16,8,512,32,2,1,[32; 1; 16; 8; 512; 32; 2; 1],0.014820609474554658,0.4716747093747117,tvm
32,4,8,4,512,64,4,1,[32; 4; 8; 4; 512; 64; 4; 1],0.012467184627894312,0.5607125325653698,tvm
16,1,8,8,512,32,2,0,[16; 1; 8; 8; 512; 32; 2; 0],0.020707981602754444,0.33757547214243394,tvm
28,4,64,2,256,128,8,1,[28; 4; 64; 2; 256; 128; 8; 1],0.017105016886489466,0.4086816583144197,tvm
14,14,32,1,512,64,4,0,[14; 14; 32; 1; 512; 64; 4; 0],0.02042640736908652,0.3422288873591228,tvm
14,1,16,2,256,128,8,1,[14; 1; 16; 2; 256; 128; 8; 1],0.018770729133393615,0.3724152970824332,tvm
8,4,64,1,512,128,8,0,[8; 4; 64; 1; 512; 128; 8; 0],0.02115760638844222,0.3304015841076132,tvm
32,2,16,2,128,64,4,1,[32; 2; 16; 2; 128; 64; 4; 1],0.02023329649819061,0.3454951924068232,tvm
7,1,16,8,64,32,2,1,[7; 1; 16; 8; 64; 32; 2; 1],0.0196396742539946,0.3559380148703249,tvm
14,7,4,4,512,64,4,0,[14; 7; 4; 4; 512; 64; 4; 0],0.02397274863324128,0.2916022177354096,tvm
28,1,8,4,64,32,2,1,[28; 1; 8; 4; 64; 32; 2; 1],0.01908651486155577,0.36625369887443454,tvm
8,2,8,4,32,32,2,1,[8; 2; 8; 4; 32; 32; 2; 1],0.019579749350668862,0.3570273828059941,tvm
4,4,16,1,512,32,2,1,[4; 4; 16; 1; 512; 32; 2; 1],0.023062373627908528,0.3031130611034429,tvm
56,2,16,1,512,128,8,1,[56; 2; 16; 1; 512; 128; 8; 1],0.024761211621807888,0.2823168257449055,tvm
2,2,16,2,512,128,8,1,[2; 2; 16; 2; 512; 128; 8; 1],0.0281714485026896,0.2481415418166824,tvm
32,4,32,8,32,32,2,1,[32; 4; 32; 8; 32; 32; 2; 1],0.017232817626791075,0.4056508237978939,tvm
16,2,16,4,64,64,4,1,[16; 2; 16; 4; 64; 64; 4; 1],0.020103635761188343,0.34772350383319184,tvm
32,4,8,4,256,64,4,0,[32; 4; 8; 4; 256; 64; 4; 0],0.019944012979976833,0.35050652412254835,tvm
14,7,32,2,64,64,4,1,[14; 7; 32; 2; 64; 64; 4; 1],0.017082595877582207,0.4092180554268355,tvm
8,2,64,1,128,128,8,1,[8; 2; 64; 1; 128; 128; 8; 1],0.015424484125105664,0.453208458057185,tvm
56,2,4,4,128,32,2,1,[56; 2; 4; 4; 128; 32; 2; 1],0.01444871787680313,0.4838150157177379,tvm
16,2,64,1,512,64,4,0,[16; 2; 64; 1; 512; 64; 4; 0],0.019904058863176033,0.35121010818550263,tvm
16,4,64,2,128,128,8,1,[16; 4; 64; 2; 128; 128; 8; 1],0.01875843948801048,0.37265928603147785,tvm
28,28,32,4,512,32,2,0,[28; 28; 32; 4; 512; 32; 2; 0],0.017586042726179585,0.39750310945510214,tvm
28,14,32,4,512,32,2,0,[28; 14; 32; 4; 512; 32; 2; 0],0.020129146258113906,0.347282819501043,tvm
32,4,16,1,512,128,8,1,[32; 4; 16; 1; 512; 128; 8; 1],0.025217296788468957,0.2772107861245142,tvm
56,7,2,2,512,64,4,1,[56; 7; 2; 2; 512; 64; 4; 1],0.017066094500478357,0.40961373244890475,tvm
28,14,4,2,512,64,4,1,[28; 14; 4; 2; 512; 64; 4; 1],0.016959588247118518,0.41218610763468116,tvm
32,32,8,4,128,32,2,1,[32; 32; 8; 4; 128; 32; 2; 1],0.018743587395874783,0.3729545747579348,tvm
32,8,4,4,128,64,4,1,[32; 8; 4; 4; 128; 64; 4; 1],0.015015747369034216,0.46554503714431383,tvm
8,4,64,2,128,32,2,1,[8; 4; 64; 2; 128; 32; 2; 1],0.01860230349120684,0.3757871529174343,tvm
14,1,8,2,512,32,2,1,[14; 1; 8; 2; 512; 32; 2; 1],0.016395039740018547,0.42637936702303836,tvm
8,8,32,8,128,32,2,1,[8; 8; 32; 8; 128; 32; 2; 1],0.01650206811609678,0.4236139747749463,tvm
14,7,32,1,256,64,4,1,[14; 7; 32; 1; 256; 64; 4; 1],0.015400381380459294,0.4539177630715393,tvm
2,2,64,1,512,64,4,1,[2; 2; 64; 1; 512; 64; 4; 1],0.043124239484313875,0.16210156399881354,tvm
28,7,4,4,128,64,4,1,[28; 7; 4; 4; 128; 64; 4; 1],0.01498361598351039,0.4665433680601388,tvm
28,4,64,4,128,32,2,1,[28; 4; 64; 4; 128; 32; 2; 1],0.01746901049045846,0.4001661496788767,tvm
56,2,8,2,512,128,8,1,[56; 2; 8; 2; 512; 128; 8; 1],0.015167987119639292,0.4608724026153384,tvm
7,7,64,2,256,64,4,1,[7; 7; 64; 2; 256; 64; 4; 1],0.01481926700216718,0.4717174382271654,tvm
56,8,4,4,256,64,4,1,[56; 8; 4; 4; 256; 64; 4; 1],0.012384784437017515,0.5644431441028868,tvm
14,2,64,4,128,32,2,1,[14; 2; 64; 4; 128; 32; 2; 1],0.018970152479596436,0.36850028876601737,tvm
8,2,32,2,128,128,8,1,[8; 2; 32; 2; 128; 128; 8; 1],0.015115340240299702,0.46247762574533097,tvm
32,16,16,2,512,128,8,1,[32; 16; 16; 2; 512; 128; 8; 1],0.01553885912289843,0.44987258146676234,tvm
16,1,32,4,128,64,4,1,[16; 1; 32; 4; 128; 64; 4; 1],0.016148907889146358,0.43287798250214615,tvm
28,1,32,2,512,128,8,1,[28; 1; 32; 2; 512; 128; 8; 1],0.01576700762961991,0.4433629278858403,tvm
56,14,32,2,512,64,4,1,[56; 14; 32; 2; 512; 64; 4; 1],0.016557508381083608,0.42219556866738983,tvm
56,14,64,2,512,128,8,1,[56; 14; 64; 2; 512; 128; 8; 1],0.01513781162793748,0.46179109890397807,tvm
16,1,64,1,512,64,4,1,[16; 1; 64; 1; 512; 64; 4; 1],0.014291992119979113,0.4891205234359507,tvm
8,2,16,2,512,64,4,1,[8; 2; 16; 2; 512; 64; 4; 1],0.014127330126939341,0.49482149874423204,tvm
32,4,8,2,512,128,8,1,[32; 4; 8; 2; 512; 128; 8; 1],0.015752024512039497,0.44378464884458013,tvm
8,8,64,1,512,128,8,1,[8; 8; 64; 1; 512; 128; 8; 1],0.012481187004595995,0.560083481169902,tvm
32,16,32,2,512,128,8,1,[32; 16; 32; 2; 512; 128; 8; 1],0.015686978120356798,0.4456248114221038,tvm
16,1,32,4,256,64,4,1,[16; 1; 32; 4; 256; 64; 4; 1],0.015310632123146206,0.45657857954137665,tvm
28,7,64,4,256,32,2,1,[28; 7; 64; 4; 256; 32; 2; 1],0.016307270736433566,0.4286742263405572,tvm
28,7,64,8,256,32,2,1,[28; 7; 64; 8; 256; 32; 2; 1],0.015821371373021975,0.4418394905126002,tvm
32,4,16,2,512,64,4,1,[32; 4; 16; 2; 512; 64; 4; 1],0.016852325497893617,0.4148096158919085,tvm
14,2,16,4,256,64,4,1,[14; 2; 16; 4; 256; 64; 4; 1],0.01598324187216349,0.43736475507145867,tvm
8,8,16,4,512,32,2,1,[8; 8; 16; 4; 512; 32; 2; 1],0.014953648264054209,0.4674783399493584,tvm
28,28,4,4,512,32,2,1,[28; 28; 4; 4; 512; 32; 2; 1],0.014287955244071782,0.4892587180777389,tvm
14,2,16,8,512,32,2,1,[14; 2; 16; 8; 512; 32; 2; 1],0.016112397250253707,0.43385888257916394,tvm
7,7,16,4,512,64,4,1,[7; 7; 16; 4; 512; 64; 4; 1],0.01607074125786312,0.4349834618391569,tvm
14,2,64,2,512,128,8,1,[14; 2; 64; 2; 512; 128; 8; 1],0.017774035746697336,0.39329878516563693,tvm
28,4,16,8,512,32,2,1,[28; 4; 16; 8; 512; 32; 2; 1],0.013545233872719109,0.5160860810787442,tvm
56,8,8,4,512,64,4,1,[56; 8; 8; 4; 512; 64; 4; 1],0.013194697618018836,0.5297966553716508,tvm
56,1,32,4,512,64,4,1,[56; 1; 32; 4; 512; 64; 4; 1],0.012354534745099954,0.5658251654874528,tvm
56,56,32,4,512,64,4,1,[56; 56; 32; 4; 512; 64; 4; 1],0.014377011364558712,0.4862280824162953,tvm
28,14,4,2,256,32,2,1,[28; 14; 4; 2; 256; 32; 2; 1],0.02158052774029784,0.32392658561417503,tvm
32,32,16,4,64,64,4,1,[32; 32; 16; 4; 64; 64; 4; 1],0.015238697873428464,0.4587338580191901,tvm
7,7,64,8,64,32,2,1,[7; 7; 64; 8; 64; 32; 2; 1],0.019337648758664727,0.36149724063709615,tvm
8,2,16,2,64,64,4,1,[8; 2; 16; 2; 64; 64; 4; 1],0.016855784866493195,0.41472448313948046,tvm
28,28,32,2,256,128,8,1,[28; 28; 32; 2; 256; 128; 8; 1],0.013244855974335223,0.5277903119680794,tvm
16,2,4,2,256,128,8,1,[16; 2; 4; 2; 256; 128; 8; 1],0.018069058482069522,0.38687719526745457,tvm
16,4,64,4,64,64,4,1,[16; 4; 64; 4; 64; 64; 4; 1],0.019919505633879453,0.3509377589560801,tvm
28,2,4,2,128,64,4,1,[28; 2; 4; 2; 128; 64; 4; 1],0.01986809424124658,0.35184585807702823,tvm
14,1,64,1,128,64,4,1,[14; 1; 64; 1; 128; 64; 4; 1],0.016623677365714684,0.4205150589053273,tvm
28,2,8,2,256,64,4,1,[28; 2; 8; 2; 256; 64; 4; 1],0.018305414501810446,0.38188191073058136,tvm
14,2,4,2,128,32,2,1,[14; 2; 4; 2; 128; 32; 2; 1],0.02035270511987619,0.34346818398306317,tvm
4,4,16,4,256,64,4,1,[4; 4; 16; 4; 256; 64; 4; 1],0.01805651726317592,0.387145902212436,tvm
4,2,64,4,512,64,4,1,[4; 2; 64; 4; 512; 64; 4; 1],0.022157753264764324,0.31548806339418456,tvm
14,7,8,2,256,32,2,1,[14; 7; 8; 2; 256; 32; 2; 1],0.01698762085288763,0.41150592700439215,tvm
56,7,32,2,128,128,8,1,[56; 7; 32; 2; 128; 128; 8; 1],0.016712546988856047,0.4182789536105985,tvm
56,8,2,2,128,64,4,1,[56; 8; 2; 2; 128; 64; 4; 1],0.017799791879951954,0.39272968548245385,tvm
8,4,8,2,128,32,2,1,[8; 4; 8; 2; 128; 32; 2; 1],0.017757578752934933,0.3936632783065254,tvm
56,14,64,8,32,32,2,1,[56; 14; 64; 8; 32; 32; 2; 1],0.014755259646335617,0.47376371776708914,tvm
56,8,64,2,128,64,4,1,[56; 8; 64; 2; 128; 64; 4; 1],0.018380446505034342,0.38032300601359115,tvm
14,14,32,8,128,32,2,1,[14; 14; 32; 8; 128; 32; 2; 1],0.015553844859823585,0.44943914058983064,tvm
28,14,2,2,512,128,8,1,[28; 14; 2; 2; 512; 128; 8; 1],0.015860818384680897,0.44074060348729655,tvm
56,8,64,4,64,32,2,1,[56; 8; 64; 4; 64; 32; 2; 1],0.016855083114933223,0.4147417499515761,tvm
14,2,64,4,128,32,2,1,[14; 2; 64; 4; 128; 32; 2; 1],0.018562954617664218,0.3765837287569841,tvm
56,56,64,4,64,64,4,1,[56; 56; 64; 4; 64; 64; 4; 1],0.015578753751469776,0.4487205317053778,tvm
16,4,32,4,128,32,2,1,[16; 4; 32; 4; 128; 32; 2; 1],0.01769912612508051,0.3949633793931093,tvm
7,1,64,1,256,128,8,1,[7; 1; 64; 1; 256; 128; 8; 1],0.014295614382717758,0.48899658871028473,tvm
56,4,8,4,64,64,4,1,[56; 4; 8; 4; 64; 64; 4; 1],0.014762157021323219,0.47354235946475975,tvm
32,8,2,2,512,128,8,1,[32; 8; 2; 2; 512; 128; 8; 1],0.015552011231193319,0.4494921308084909,tvm
28,14,32,1,512,64,4,1,[28; 14; 32; 1; 512; 64; 4; 1],0.016026116150896996,0.4361946837802871,tvm
8,2,32,8,128,32,2,1,[8; 2; 32; 8; 128; 32; 2; 1],0.01806918511283584,0.3868744839910245,tvm
16,8,4,4,128,32,2,1,[16; 8; 4; 4; 128; 32; 2; 1],0.017604446125915274,0.39708756621294855,tvm
28,2,64,8,128,32,2,1,[28; 2; 64; 8; 128; 32; 2; 1],0.01690475398208946,0.4135231233813334,tvm
56,14,8,2,256,64,4,1,[56; 14; 8; 2; 256; 64; 4; 1],0.017347348504699767,0.4029726309339315,tvm
56,2,8,2,256,128,8,1,[56; 2; 8; 2; 256; 128; 8; 1],0.016296931367833167,0.4289461929295786,tvm
28,7,64,8,128,32,2,1,[28; 7; 64; 8; 128; 32; 2; 1],0.01636927024810575,0.42705059912341586,tvm
56,56,32,2,256,128,8,1,[56; 56; 32; 2; 256; 128; 8; 1],0.015414697991218418,0.45349618076520737,tvm
56,56,32,2,256,64,4,1,[56; 56; 32; 2; 256; 64; 4; 1],0.014312634477391839,0.48841509071644595,tvm
8,8,8,2,512,64,4,1,[8; 8; 8; 2; 512; 64; 4; 1],0.015321708255214617,0.45624851682497647,tvm
8,8,32,2,128,64,4,1,[8; 8; 32; 2; 128; 64; 4; 1],0.014976095873862505,0.4667776385477783,tvm
14,7,64,1,256,128,8,1,[14; 7; 64; 1; 256; 128; 8; 1],0.014514387265080586,0.4816260265760419,tvm
32,32,8,4,128,64,4,1,[32; 32; 8; 4; 128; 64; 4; 1],0.01863886250066571,0.37505006898446686,tvm
16,1,32,1,512,64,4,1,[16; 1; 32; 1; 512; 64; 4; 1],0.014065647235838696,0.4969914678974132,tvm
56,1,32,8,128,32,2,1,[56; 1; 32; 8; 128; 32; 2; 1],0.015120372147066519,0.46232371787376175,tvm
28,1,8,2,512,64,4,1,[28; 1; 8; 2; 512; 64; 4; 1],0.016343644267180935,0.42772019216693574,tvm
28,28,64,4,256,32,2,1,[28; 28; 64; 4; 256; 32; 2; 1],0.01452278986107558,0.48134736738172007,tvm
28,14,32,4,256,32,2,1,[28; 14; 32; 4; 256; 32; 2; 1],0.01598640449810773,0.43727823022957507,tvm
8,1,32,4,128,64,4,1,[8; 1; 32; 4; 128; 64; 4; 1],0.015564322384307161,0.4491365890567067,tvm
56,56,32,4,128,64,4,1,[56; 56; 32; 4; 128; 64; 4; 1],0.014503136742860079,0.48199963846497595,tvm
28,2,8,8,256,32,2,1,[28; 2; 8; 8; 256; 32; 2; 1],0.0144341396226082,0.4843036612807481,tvm
16,16,32,1,512,64,4,1,[16; 16; 32; 1; 512; 64; 4; 1],0.014338519744342193,0.4875333570904372,tvm
32,32,64,2,512,128,8,1,[32; 32; 64; 2; 512; 128; 8; 1],0.012501352233812213,0.559180041960545,tvm
56,56,8,2,512,64,4,1,[56; 56; 8; 2; 512; 64; 4; 1],0.017876737751066685,0.3910392804330058,tvm
56,7,16,2,512,64,4,1,[56; 7; 16; 2; 512; 64; 4; 1],0.016331684368196875,0.42803341707236686,tvm
56,1,16,2,512,64,4,1,[56; 1; 16; 2; 512; 64; 4; 1],0.01621471025282517,0.43112128170459757,tvm
7,1,8,4,512,64,4,1,[7; 1; 8; 4; 512; 64; 4; 1],0.016538769006729126,0.4226739404741937,tvm
56,4,32,2,512,64,4,1,[56; 4; 32; 2; 512; 64; 4; 1],0.016461286752019078,0.4246634404694541,tvm
56,56,32,4,256,32,2,1,[56; 56; 32; 4; 256; 32; 2; 1],0.014841098367469385,0.4710235383918317,tvm
28,4,8,4,256,64,4,1,[28; 4; 8; 4; 256; 64; 4; 1],0.014039202505955473,0.4979276183031958,tvm
56,4,32,8,256,32,2,1,[56; 4; 32; 8; 256; 32; 2; 1],0.014870381884975359,0.47009597471936415,tvm
16,4,8,4,512,32,2,1,[16; 4; 8; 4; 512; 32; 2; 1],0.014994672877946869,0.4661993444983933,tvm
56,7,16,8,256,32,2,1,[56; 7; 16; 8; 256; 32; 2; 1],0.015819297375855967,0.44189741810757366,tvm
28,4,8,4,512,32,2,1,[28; 4; 8; 4; 512; 32; 2; 1],0.013940442993771285,0.501455130930207,tvm
32,4,32,4,512,32,2,1,[32; 4; 32; 4; 512; 32; 2; 1],0.014481178252026439,0.48273051715860504,tvm
32,2,32,4,512,64,4,1,[32; 2; 32; 4; 512; 64; 4; 1],0.012678428989602253,0.5513701005384558,tvm
8,8,4,2,256,32,2,1,[8; 8; 4; 2; 256; 32; 2; 1],0.016191005619475618,0.43175246991811433,tvm
32,1,16,2,256,64,4,1,[32; 1; 16; 2; 256; 64; 4; 1],0.018176859128288925,0.38458276082402126,tvm
16,4,8,2,256,32,2,1,[16; 4; 8; 2; 256; 32; 2; 1],0.017674565489869565,0.3955122218236922,tvm
32,8,8,4,32,32,2,1,[32; 8; 8; 4; 32; 32; 2; 1],0.019018669001525268,0.36756024651914593,tvm
32,4,16,8,32,32,2,1,[32; 4; 16; 8; 32; 32; 2; 1],0.017360109748551622,0.4026764097646269,tvm
32,4,16,4,64,32,2,1,[32; 4; 16; 4; 64; 32; 2; 1],0.018927697994513437,0.36932682826474733,tvm
32,8,32,4,64,32,2,1,[32; 8; 32; 4; 64; 32; 2; 1],0.01996408248669468,0.35015416668036614,tvm
14,7,64,1,128,32,2,1,[14; 7; 64; 1; 128; 32; 2; 1],0.018204443738795817,0.3840000148847763,tvm
14,14,32,1,32,32,2,1,[14; 14; 32; 1; 32; 32; 2; 1],0.020754174882313237,0.33682411882459345,tvm
16,16,16,2,256,128,8,1,[16; 16; 16; 2; 256; 128; 8; 1],0.014851089857984334,0.47070664399140966,tvm
28,2,4,4,64,64,4,1,[28; 2; 4; 4; 64; 64; 4; 1],0.01784060662612319,0.3918312203818667,tvm
32,16,16,4,64,32,2,1,[32; 16; 16; 4; 64; 32; 2; 1],0.018978161126142368,0.3683447843130208,tvm
56,8,64,2,128,64,4,1,[56; 8; 64; 2; 128; 64; 4; 1],0.01825119848945178,0.3830163082554171,tvm
56,56,4,2,256,64,4,1,[56; 56; 4; 2; 256; 64; 4; 1],0.022932278749067336,0.3048326223119442,tvm
8,1,16,2,256,32,2,1,[8; 1; 16; 2; 256; 32; 2; 1],0.016163808875717223,0.4324789237744859,tvm
8,1,64,2,128,32,2,1,[8; 1; 64; 2; 128; 32; 2; 1],0.017069416615413502,0.4095340118627319,tvm
16,4,8,8,128,32,2,1,[16; 4; 8; 8; 128; 32; 2; 1],0.016720723768230528,0.4180744065605982,tvm
56,7,32,2,128,128,8,1,[56; 7; 32; 2; 128; 128; 8; 1],0.01662629487691447,0.4204488563698549,tvm
32,8,64,8,128,32,2,1,[32; 8; 64; 8; 128; 32; 2; 1],0.01746129951789044,0.4003428644875118,tvm
16,4,32,8,128,32,2,1,[16; 4; 32; 8; 128; 32; 2; 1],0.01695591924362816,0.4122752984503402,tvm
32,8,32,4,64,64,4,1,[32; 8; 32; 4; 64; 64; 4; 1],0.0177230192348361,0.39443091349391707,tvm
56,2,64,8,64,32,2,1,[56; 2; 64; 8; 64; 32; 2; 1],0.01631119826924987,0.42857100694099715,tvm
8,4,64,1,128,128,8,1,[8; 4; 64; 1; 128; 128; 8; 1],0.015146628982620314,0.4615222750017696,tvm
56,8,16,8,32,32,2,1,[56; 8; 16; 8; 32; 32; 2; 1],0.015001391875557601,0.4659905377218092,tvm
56,2,32,8,64,32,2,1,[56; 2; 32; 8; 64; 32; 2; 1],0.015929437009617686,0.4388420420913822,tvm
8,8,4,2,512,32,2,1,[8; 8; 4; 2; 512; 32; 2; 1],0.017203245137352496,0.4063481401824909,tvm
14,7,4,2,512,64,4,1,[14; 7; 4; 2; 512; 64; 4; 1],0.019082608370808885,0.366328676396263,tvm
14,14,32,1,128,128,8,1,[14; 14; 32; 1; 128; 128; 8; 1],0.014859491493552923,0.47044050394992537,tvm
7,1,8,2,512,128,8,1,[7; 1; 8; 2; 512; 128; 8; 1],0.01773220649920404,0.3942265542069147,tvm
56,4,4,2,512,64,4,1,[56; 4; 4; 2; 512; 64; 4; 1],0.01729304576292634,0.4042380250709363,tvm
28,2,32,1,512,128,8,1,[28; 2; 32; 1; 512; 128; 8; 1],0.02542555902618915,0.2749401363984256,tvm
28,28,8,2,512,128,8,1,[28; 28; 8; 2; 512; 128; 8; 1],0.01625172237982042,0.4301394340421849,tvm
16,1,16,2,512,128,8,1,[16; 1; 16; 2; 512; 128; 8; 1],0.01731878239661455,0.40363730582082724,tvm
56,7,16,2,512,128,8,1,[56; 7; 16; 2; 512; 128; 8; 1],0.015290881361579522,0.45716832806193186,tvm
8,8,32,2,256,32,2,1,[8; 8; 32; 2; 256; 32; 2; 1],0.015829002630198374,0.44162647704222785,tvm
56,56,8,2,512,128,8,1,[56; 56; 8; 2; 512; 128; 8; 1],0.019129419146338478,0.36543224931138096,tvm
14,7,32,1,256,32,2,1,[14; 7; 32; 1; 256; 32; 2; 1],0.016470472241053358,0.4244266080751789,tvm
14,2,32,1,256,32,2,1,[14; 2; 32; 1; 256; 32; 2; 1],0.0163955153839197,0.4263669974975459,tvm
56,8,32,4,128,32,2,1,[56; 8; 32; 4; 128; 32; 2; 1],0.016130766860442236,0.43336480696460933,tvm
56,2,16,4,128,32,2,1,[56; 2; 16; 4; 128; 32; 2; 1],0.015595442382618785,0.4482403573532245,tvm
14,1,64,2,256,128,8,1,[14; 1; 64; 2; 256; 128; 8; 1],0.01868525386089459,0.3741189024622641,tvm
7,1,8,4,512,64,4,1,[7; 1; 8; 4; 512; 64; 4; 1],0.016581840493017808,0.42157604094733586,tvm
7,7,16,4,256,64,4,1,[7; 7; 16; 4; 256; 64; 4; 1],0.01649616187205538,0.4237656444502182,tvm
56,28,32,2,256,64,4,1,[56; 28; 32; 2; 256; 64; 4; 1],0.017981795623200014,0.38875465015560257,tvm
56,4,64,2,512,64,4,1,[56; 4; 64; 2; 512; 64; 4; 1],0.016121321124956012,0.4336187222178257,tvm
8,8,8,4,256,64,4,1,[8; 8; 8; 4; 256; 64; 4; 1],0.01740152112324722,0.4017181381533271,tvm
8,2,16,4,512,32,2,1,[8; 2; 16; 4; 512; 32; 2; 1],0.014469942107098177,0.4831053652410606,tvm
28,14,32,2,512,64,4,1,[28; 14; 32; 2; 512; 64; 4; 1],0.016907950630411506,0.413444941937149,tvm
7,7,16,4,512,64,4,1,[7; 7; 16; 4; 512; 64; 4; 1],0.016072492609964684,0.4349360635159146,tvm
14,2,64,2,512,32,2,1,[14; 2; 64; 2; 512; 32; 2; 1],0.01411198262940161,0.49535964224490303,tvm
14,7,16,4,512,32,2,1,[14; 7; 16; 4; 512; 32; 2; 1],0.016741004365030676,0.41756793763633054,tvm
28,28,64,8,256,32,2,1,[28; 28; 64; 8; 256; 32; 2; 1],0.014255674148444086,0.49036661429509704,tvm
32,8,64,8,256,32,2,1,[32; 8; 64; 8; 256; 32; 2; 1],0.016321496601449326,0.42830059260900866,tvm
32,4,64,4,256,32,2,1,[32; 4; 64; 4; 256; 32; 2; 1],0.01602672375156544,0.43617814688943246,tvm
14,7,64,1,512,64,4,1,[14; 7; 64; 1; 512; 64; 4; 1],0.014485626597888768,0.48258227695069195,tvm
56,14,64,2,512,128,8,1,[56; 14; 64; 2; 512; 128; 8; 1],0.014979707018937916,0.46666511286429047,tvm
16,1,32,4,512,64,4,1,[16; 1; 32; 4; 512; 64; 4; 1],0.014116667356574908,0.49519525324869285,tvm
32,32,8,4,256,64,4,1,[32; 32; 8; 4; 256; 64; 4; 1],0.017522886366350576,0.3989357986188067,tvm
56,1,16,8,512,32,2,1,[56; 1; 16; 8; 512; 32; 2; 1],0.018139113730285317,0.38538303307483096,tvm
56,56,16,4,256,64,4,1,[56; 56; 16; 4; 256; 64; 4; 1],0.015300147759262472,0.4568914481518469,tvm
56,8,8,4,512,32,2,1,[56; 8; 8; 4; 512; 32; 2; 1],0.014869783510221168,0.47011489184503213,tvm
32,32,32,8,512,32,2,1,[32; 32; 32; 8; 512; 32; 2; 1],0.015319396887207404,0.4563173549282577,tvm
32,8,32,4,512,32,2,1,[32; 8; 32; 4; 512; 32; 2; 1],0.015141180134378374,0.4616883627713121,tvm
32,1,32,4,512,32,2,1,[32; 1; 32; 4; 512; 32; 2; 1],0.014799181604757905,0.4723576514811626,tvm
14,14,2,2,256,128,8,1,[14; 14; 2; 2; 256; 128; 8; 1],0.01936915286933072,0.3609092619499893,tvm
16,1,2,2,256,128,8,1,[16; 1; 2; 2; 256; 128; 8; 1],0.017910795111674815,0.3902957195970622,tvm
56,2,2,2,64,64,4,1,[56; 2; 2; 2; 64; 64; 4; 1],0.019642355502583086,0.35588942811606145,tvm
32,16,8,2,128,128,8,1,[32; 16; 8; 2; 128; 128; 8; 1],0.019006254005944356,0.3678003390084301,tvm
8,1,8,4,64,64,4,1,[8; 1; 8; 4; 64; 64; 4; 1],0.01724774410831742,0.40529976690085623,tvm
32,1,4,2,256,128,8,1,[32; 1; 4; 2; 256; 128; 8; 1],0.018105688504874706,0.3860944953727979,tvm
56,28,4,2,64,64,4,1,[56; 28; 4; 2; 64; 64; 4; 1],0.01968174724606797,0.35517713845569443,tvm
4,4,4,4,512,64,4,1,[4; 4; 4; 4; 512; 64; 4; 1],0.01694359048269689,0.41257528466622834,tvm
14,14,64,2,64,32,2,1,[14; 14; 64; 2; 64; 32; 2; 1],0.0173972713528201,0.4018162690514973,tvm
4,4,16,8,512,32,2,1,[4; 4; 16; 8; 512; 32; 2; 1],0.020475635130424052,0.3414060966675319,tvm
4,4,8,4,256,32,2,1,[4; 4; 8; 4; 256; 32; 2; 1],0.017253487487323582,0.40516484981964984,tvm
7,7,16,4,64,64,4,1,[7; 7; 16; 4; 64; 64; 4; 1],0.016979720385279506,0.4116973959551805,tvm
16,16,32,2,64,32,2,1,[16; 16; 32; 2; 64; 32; 2; 1],0.0179343513736967,0.3897830772357482,tvm
8,2,64,2,32,32,2,1,[8; 2; 64; 2; 32; 32; 2; 1],0.02037616923917085,0.34307266418008636,tvm
16,8,32,2,128,32,2,1,[16; 8; 32; 2; 128; 32; 2; 1],0.016471561626531184,0.42439853762298235,tvm
16,1,32,2,128,32,2,1,[16; 1; 32; 2; 128; 32; 2; 1],0.016907842131331563,0.4134475950489689,tvm
14,14,64,1,128,32,2,1,[14; 14; 64; 1; 128; 32; 2; 1],0.019441451353486627,0.35956711973630456,tvm
32,1,16,4,64,64,4,1,[32; 1; 16; 4; 64; 64; 4; 1],0.017658453522017226,0.395873096018892,tvm
8,1,4,2,256,32,2,1,[8; 1; 4; 2; 256; 32; 2; 1],0.015465240605408326,0.45201409050319125,tvm
32,4,32,2,256,64,4,1,[32; 4; 32; 2; 256; 64; 4; 1],0.018358829140197486,0.38077083311160825,tvm
28,1,64,2,256,32,2,1,[28; 1; 64; 2; 256; 32; 2; 1],0.02175348173477687,0.32135116354689464,tvm
7,7,4,2,512,128,8,1,[7; 7; 4; 2; 512; 128; 8; 1],0.019465429475530982,0.35912419376382543,tvm
16,8,4,2,512,128,8,1,[16; 8; 4; 2; 512; 128; 8; 1],0.01697959064040333,0.41170054182770427,tvm
14,1,32,4,128,32,2,1,[14; 1; 32; 4; 128; 32; 2; 1],0.018288403371116146,0.38223712178763225,tvm
32,32,64,2,128,64,4,1,[32; 32; 64; 2; 128; 64; 4; 1],0.014677872619358823,0.4762615705934662,tvm
32,32,64,2,128,128,8,1,[32; 32; 64; 2; 128; 128; 8; 1],0.01364244511933066,0.512408633901079,tvm
16,2,4,2,512,128,8,1,[16; 2; 4; 2; 512; 128; 8; 1],0.0169195476337336,0.41316155833441076,tvm
8,2,16,2,128,64,4,1,[8; 2; 16; 2; 128; 64; 4; 1],0.015589370974339545,0.44841492823367907,tvm
28,28,16,2,256,128,8,1,[28; 28; 16; 2; 256; 128; 8; 1],0.014594801497878507,0.4789723702431173,tvm
8,4,16,8,128,32,2,1,[8; 4; 16; 8; 128; 32; 2; 1],0.016988228278933093,0.4114912133206683,tvm
16,8,8,8,128,32,2,1,[16; 8; 8; 8; 128; 32; 2; 1],0.01649253026698716,0.4238589563579249,tvm
28,28,8,8,128,32,2,1,[28; 28; 8; 8; 128; 32; 2; 1],0.019037639402085915,0.3671939844548548,tvm
14,2,32,1,128,64,4,1,[14; 2; 32; 1; 128; 64; 4; 1],0.01655237702652812,0.42232645229522864,tvm
32,32,8,2,512,64,4,1,[32; 32; 8; 2; 512; 64; 4; 1],0.015714786248281598,0.4448362552453473,tvm
56,14,8,2,512,64,4,1,[56; 14; 8; 2; 512; 64; 4; 1],0.016102477617096156,0.43412615330977256,tvm
28,7,8,2,512,32,2,1,[28; 7; 8; 2; 512; 32; 2; 1],0.02041214713244699,0.34246797366821896,tvm
8,8,16,2,256,128,8,1,[8; 8; 16; 2; 256; 128; 8; 1],0.01579705413314514,0.44251963737968664,tvm
16,16,16,4,128,64,4,1,[16; 16; 16; 4; 128; 64; 4; 1],0.015945466759148985,0.4384008804669041,tvm
7,1,64,4,256,32,2,1,[7; 1; 64; 4; 256; 32; 2; 1],0.01592829724540934,0.43887344384418653,tvm
32,4,8,2,512,128,8,1,[32; 4; 8; 2; 512; 128; 8; 1],0.015744355478091165,0.44400081517431483,tvm
16,1,32,4,128,64,4,1,[16; 1; 32; 4; 128; 64; 4; 1],0.016103417350677773,0.4341008193749909,tvm
8,2,64,2,256,128,8,1,[8; 2; 64; 2; 256; 128; 8; 1],0.014779471617657691,0.4729875903218893,tvm
14,14,32,1,256,64,4,1,[14; 14; 32; 1; 256; 64; 4; 1],0.015215953375445679,0.4594195640706551,tvm
16,4,32,2,512,128,8,1,[16; 4; 32; 2; 512; 128; 8; 1],0.016936719126533717,0.41274266960683487,tvm
32,16,4,4,256,32,2,1,[32; 16; 4; 4; 256; 32; 2; 1],0.0160580346127972,0.435327662147128,tvm
8,8,4,4,512,64,4,1,[8; 8; 4; 4; 512; 64; 4; 1],0.01430636300938204,0.48862919681838973,tvm
32,32,64,2,256,128,8,1,[32; 32; 64; 2; 256; 128; 8; 1],0.013140975497663021,0.5319625371731233,tvm
32,4,64,2,512,128,8,1,[32; 4; 64; 2; 512; 128; 8; 1],0.015717064758064225,0.44477176713800376,tvm
32,4,64,8,256,32,2,1,[32; 4; 64; 8; 256; 32; 2; 1],0.01630090322578326,0.42884167642991283,tvm
16,8,32,1,512,32,2,1,[16; 8; 32; 1; 512; 32; 2; 1],0.015897954639513046,0.43971107134073356,tvm
14,7,16,4,512,32,2,1,[14; 7; 16; 4; 512; 32; 2; 1],0.016804657265311107,0.4159862683481662,tvm
32,2,64,2,512,64,4,1,[32; 2; 64; 2; 512; 64; 4; 1],0.017055919393897057,0.4098580970761393,tvm
32,2,8,8,256,32,2,1,[32; 2; 8; 8; 256; 32; 2; 1],0.016172212752280757,0.43225418647060526,tvm
56,4,64,4,256,32,2,1,[56; 4; 64; 4; 256; 32; 2; 1],0.015608558140229434,0.4478637042488482,tvm
16,2,32,2,512,64,4,1,[16; 2; 32; 2; 512; 64; 4; 1],0.01791571150533855,0.3901886154275048,tvm
8,8,64,1,256,128,8,1,[8; 8; 64; 1; 256; 128; 8; 1],0.014162688254145905,0.4935861427734459,tvm
7,7,64,1,512,128,8,1,[7; 7; 64; 1; 512; 128; 8; 1],0.013329173874808475,0.524451607603259,tvm
56,1,16,8,512,32,2,1,[56; 1; 16; 8; 512; 32; 2; 1],0.01638658350566402,0.42659939848049466,tvm
8,8,64,4,512,64,4,1,[8; 8; 64; 4; 512; 64; 4; 1],0.01333821113803424,0.5240962670573616,tvm
16,4,8,8,512,32,2,1,[16; 4; 8; 8; 512; 32; 2; 1],0.013322740735020489,0.524704849077431,tvm
56,28,4,4,512,32,2,1,[56; 28; 4; 4; 512; 32; 2; 1],0.014073382510105148,0.4967183022025625,tvm
32,32,32,4,512,32,2,1,[32; 32; 32; 4; 512; 32; 2; 1],0.014649680233560503,0.4771781059529429,tvm
56,56,16,4,512,64,4,1,[56; 56; 16; 4; 512; 64; 4; 1],0.015778119501192123,0.44305068586522595,tvm
28,4,16,4,512,64,4,1,[28; 4; 16; 4; 512; 64; 4; 1],0.012869379366748035,0.543189105507976,tvm
32,8,4,4,64,32,2,1,[32; 8; 4; 4; 64; 32; 2; 1],0.018929110490716994,0.36929926898017074,tvm
56,7,4,2,256,64,4,1,[56; 7; 4; 2; 256; 64; 4; 1],0.017343297135084867,0.4030667647690313,tvm
28,4,32,2,64,64,4,1,[28; 4; 32; 2; 64; 64; 4; 1],0.023278792767086998,0.30029506841739145,tvm
16,4,4,2,256,32,2,1,[16; 4; 4; 2; 256; 32; 2; 1],0.02014834588044323,0.34695188915989006,tvm
14,14,64,2,64,32,2,1,[14; 14; 64; 2; 64; 32; 2; 1],0.017449312610551715,0.4006178823594152,tvm
32,16,8,8,64,32,2,1,[32; 16; 8; 8; 64; 32; 2; 1],0.01731869686045684,0.4036392993648293,tvm
8,8,16,8,32,32,2,1,[8; 8; 16; 8; 32; 32; 2; 1],0.019598283746745437,0.35668973656060754,tvm
28,2,32,2,128,128,8,1,[28; 2; 32; 2; 128; 128; 8; 1],0.018674719874979928,0.3743299344496422,tvm
28,1,16,8,32,32,2,1,[28; 1; 16; 8; 32; 32; 2; 1],0.016922244627494365,0.4130957104419152,tvm
14,1,16,2,64,64,4,1,[14; 1; 16; 2; 64; 64; 4; 1],0.024460318352794275,0.28578968457571574,tvm
16,16,32,1,128,32,2,1,[16; 16; 32; 1; 128; 32; 2; 1],0.01773391049937345,0.3941886741175132,tvm
14,7,16,2,128,32,2,1,[14; 7; 16; 2; 128; 32; 2; 1],0.016895693261176348,0.41374488507848056,tvm
56,2,64,2,128,128,8,1,[56; 2; 64; 2; 128; 128; 8; 1],0.01679351963684894,0.4162621545591817,tvm
8,8,2,2,256,128,8,1,[8; 8; 2; 2; 256; 128; 8; 1],0.01649349511717446,0.4238341611043704,tvm
28,14,32,8,32,32,2,1,[28; 14; 32; 8; 32; 32; 2; 1],0.016354246268747374,0.4274429130999073,tvm
16,8,16,2,128,64,4,1,[16; 8; 16; 2; 128; 64; 4; 1],0.019872857868904248,0.35176151879015627,tvm
28,7,2,2,512,64,4,1,[28; 7; 2; 2; 512; 64; 4; 1],0.016575085988733917,0.42174783717068576,tvm
8,8,2,2,128,128,8,1,[8; 8; 2; 2; 128; 128; 8; 1],0.014766931999474764,0.4733892366346177,tvm
16,2,32,1,256,32,2,1,[16; 2; 32; 1; 256; 32; 2; 1],0.016798040363937616,0.41615012913494553,tvm
8,1,2,2,512,32,2,1,[8; 1; 2; 2; 512; 32; 2; 1],0.01395166089059785,0.501051933635918,tvm
14,14,16,4,128,32,2,1,[14; 14; 16; 4; 128; 32; 2; 1],0.016273305867798626,0.4295689347607837,tvm
16,4,64,4,128,32,2,1,[16; 4; 64; 4; 128; 32; 2; 1],0.018208217748906463,0.3839204233531586,tvm
28,14,4,4,128,32,2,1,[28; 14; 4; 4; 128; 32; 2; 1],0.016922197508392856,0.4130968606884304,tvm
32,4,32,2,256,128,8,1,[32; 4; 32; 2; 256; 128; 8; 1],0.01787926338147372,0.3909840421004227,tvm
28,14,32,2,128,64,4,1,[28; 14; 32; 2; 128; 64; 4; 1],0.020288981613703072,0.3445469467006326,tvm
16,1,32,4,128,32,2,1,[16; 1; 32; 4; 128; 32; 2; 1],0.018116858758730814,0.38585644232048927,tvm
32,1,64,2,256,128,8,1,[32; 1; 64; 2; 256; 128; 8; 1],0.017599127255380154,0.3972075754227886,tvm
8,4,8,2,128,128,8,1,[8; 4; 8; 2; 128; 128; 8; 1],0.01504432299407199,0.4646607673486657,tvm
56,2,8,4,32,32,2,1,[56; 2; 8; 4; 32; 32; 2; 1],0.017478247871622443,0.3999546589573434,tvm
56,8,32,2,256,64,4,1,[56; 8; 32; 2; 256; 64; 4; 1],0.017935149982804433,0.3897657211324639,tvm
56,28,8,8,64,32,2,1,[56; 28; 8; 8; 64; 32; 2; 1],0.015318133984692395,0.4563549759815633,tvm
56,8,8,8,32,32,2,1,[56; 8; 8; 8; 32; 32; 2; 1],0.014797120733419433,0.4724234391680365,tvm
16,8,64,2,256,32,2,1,[16; 8; 64; 2; 256; 32; 2; 1],0.01612998661585152,0.4333857698181127,tvm
8,4,16,2,128,64,4,1,[8; 4; 16; 2; 128; 64; 4; 1],0.0155312227725517,0.45009377362231745,tvm
14,7,16,2,512,128,8,1,[14; 7; 16; 2; 512; 128; 8; 1],0.017639551631873474,0.3962972989650879,tvm
32,1,8,2,512,64,4,1,[32; 1; 8; 2; 512; 64; 4; 1],0.01626104736351408,0.42989276830665285,tvm
56,8,64,4,128,32,2,1,[56; 8; 64; 4; 128; 32; 2; 1],0.01575666226563044,0.44365402702797413,tvm
7,7,8,4,128,64,4,1,[7; 7; 8; 4; 128; 64; 4; 1],0.01712182501796633,0.4082804642222056,tvm
8,4,64,2,256,32,2,1,[8; 4; 64; 2; 256; 32; 2; 1],0.016266364749753848,0.4297522386968761,tvm
8,4,64,2,128,64,4,1,[8; 4; 64; 2; 128; 64; 4; 1],0.01442627125652507,0.48456780982160086,tvm
8,4,16,4,128,64,4,1,[8; 4; 16; 4; 128; 64; 4; 1],0.015352828515460715,0.45532369879771906,tvm
7,1,16,2,512,64,4,1,[7; 1; 16; 2; 512; 64; 4; 1],0.014600266236811876,0.47879309550132687,tvm
56,1,16,8,128,32,2,1,[56; 1; 16; 8; 128; 32; 2; 1],0.015588560374453664,0.44843824565882434,tvm
8,8,32,1,128,128,8,1,[8; 8; 32; 1; 128; 128; 8; 1],0.016201710852328688,0.43146719074189094,tvm
8,4,32,4,128,64,4,1,[8; 4; 32; 4; 128; 64; 4; 1],0.01623292561271228,0.430637510048853,tvm
8,1,32,2,128,128,8,1,[8; 1; 32; 2; 128; 128; 8; 1],0.015215214749332517,0.45944186669947173,tvm
56,56,64,2,128,64,4,1,[56; 56; 64; 2; 128; 64; 4; 1],0.014600061142118648,0.47879982135830007,tvm
28,4,64,2,512,128,8,1,[28; 4; 64; 2; 512; 128; 8; 1],0.01565772562753409,0.44645734846533963,tvm
8,8,8,4,256,64,4,1,[8; 8; 8; 4; 256; 64; 4; 1],0.015969007363310084,0.43775461477510785,tvm
16,2,64,1,512,32,2,1,[16; 2; 64; 1; 512; 32; 2; 1],0.016906083619687706,0.41349060042066665,tvm
16,2,8,8,256,32,2,1,[16; 2; 8; 8; 256; 32; 2; 1],0.015319705766160041,0.45630815456704893,tvm
28,14,32,4,256,32,2,1,[28; 14; 32; 4; 256; 32; 2; 1],0.015989190491382033,0.43720203786642353,tvm
28,7,8,8,256,32,2,1,[28; 7; 8; 8; 256; 32; 2; 1],0.014394155994523317,0.48564894456655966,tvm
8,1,32,8,512,32,2,1,[8; 1; 32; 8; 512; 32; 2; 1],0.021216817141976207,0.32947951711552276,tvm
14,14,64,2,512,32,2,1,[14; 14; 64; 2; 512; 32; 2; 1],0.014923014619853348,0.46843796945468413,tvm
56,56,32,2,256,128,8,1,[56; 56; 32; 2; 256; 128; 8; 1],0.015195819636574015,0.4600282731601779,tvm
32,8,64,8,512,32,2,1,[32; 8; 64; 8; 512; 32; 2; 1],0.014660757879028097,0.47681755093073586,tvm
56,56,4,4,512,32,2,1,[56; 56; 4; 4; 512; 32; 2; 1],0.016327363875461742,0.4281466818518475,tvm
56,4,64,4,512,32,2,1,[56; 4; 64; 4; 512; 32; 2; 1],0.013839836232364178,0.5051003891447435,tvm
56,4,32,4,512,32,2,1,[56; 4; 32; 4; 512; 32; 2; 1],0.014473191113211215,0.48299691560665503,tvm
56,56,32,4,256,64,4,1,[56; 56; 32; 4; 256; 64; 4; 1],0.014036997861694545,0.4980058225799839,tvm
28,4,4,4,512,32,2,1,[28; 4; 4; 4; 512; 32; 2; 1],0.013471980637405068,0.518892273884173,tvm
8,8,64,4,512,64,4,1,[8; 8; 64; 4; 512; 64; 4; 1],0.013796794111840427,0.5066761604181224,tvm
56,4,8,4,512,64,4,1,[56; 4; 8; 4; 512; 64; 4; 1],0.013390882639214396,0.5220347944948295,tvm
28,14,64,2,128,128,8,1,[28; 14; 64; 2; 128; 128; 8; 1],0.018511676375055686,0.3776268839750413,tvm
28,7,16,8,32,32,2,1,[28; 7; 16; 8; 32; 32; 2; 1],0.01628866561804898,0.42916386342418966,tvm
56,14,16,2,64,64,4,1,[56; 14; 16; 2; 64; 64; 4; 1],0.01957386074354872,0.3571347910488554,tvm
32,4,32,8,64,32,2,1,[32; 4; 32; 8; 64; 32; 2; 1],0.017544029600685462,0.3984550200709614,tvm
7,7,64,1,128,32,2,1,[7; 7; 64; 1; 128; 32; 2; 1],0.02054189212503843,0.340304905902313,tvm
28,28,8,4,64,64,4,1,[28; 28; 8; 4; 64; 64; 4; 1],0.015024701860966161,0.46526757944048436,tvm
28,4,32,1,512,32,2,1,[28; 4; 32; 1; 512; 32; 2; 1],0.01946887350641191,0.3590606649308396,tvm
8,8,32,1,128,32,2,1,[8; 8; 32; 1; 128; 32; 2; 1],0.016904535877984017,0.4135284587003008,tvm
28,28,16,2,128,32,2,1,[28; 28; 16; 2; 128; 32; 2; 1],0.018774897005641833,0.37233262395879074,tvm
8,1,64,2,64,64,4,1,[8; 1; 64; 2; 64; 64; 4; 1],0.0162314013869036,0.4306779494903624,tvm
8,1,32,4,128,32,2,1,[8; 1; 32; 4; 128; 32; 2; 1],0.015574280609143898,0.44884941026184116,tvm
16,1,32,2,256,128,8,1,[16; 1; 32; 2; 256; 128; 8; 1],0.018223007500637323,0.38360883440464943,tvm
16,4,2,2,512,32,2,1,[16; 4; 2; 2; 512; 32; 2; 1],0.017295529483817518,0.40417997455396215,tvm
32,16,64,4,128,32,2,1,[32; 16; 64; 4; 128; 32; 2; 1],0.01787522662198171,0.3910723379624305,tvm
28,28,8,2,256,64,4,1,[28; 28; 8; 2; 256; 64; 4; 1],0.0167051593598444,0.41846393177609165,tvm
7,1,2,2,256,32,2,1,[7; 1; 2; 2; 256; 32; 2; 1],0.014625858224462718,0.47795531444264794,tvm
7,7,16,8,128,32,2,1,[7; 7; 16; 8; 128; 32; 2; 1],0.01679588225670159,0.4162036003721949,tvm
14,2,32,1,256,32,2,1,[14; 2; 32; 1; 256; 32; 2; 1],0.017171839252114296,0.40709131759464584,tvm
8,4,32,1,256,32,2,1,[8; 4; 32; 1; 256; 32; 2; 1],0.016279556875815615,0.4294039893095332,tvm
28,2,4,2,512,128,8,1,[28; 2; 4; 2; 512; 128; 8; 1],0.01589923963183537,0.43967553345566496,tvm
28,1,64,1,512,64,4,1,[28; 1; 64; 1; 512; 64; 4; 1],0.027993928990326822,0.24971509605108327,tvm
28,2,32,2,512,64,4,1,[28; 2; 32; 2; 512; 64; 4; 1],0.01705891513847746,0.4097861212111395,tvm
16,16,64,1,256,32,2,1,[16; 16; 64; 1; 256; 32; 2; 1],0.017161503492388874,0.4073364941345003,tvm
7,7,32,2,256,32,2,1,[7; 7; 32; 2; 256; 32; 2; 1],0.016842089273268357,0.4150617273928092,tvm
56,4,64,4,32,32,2,1,[56; 4; 64; 4; 32; 32; 2; 1],0.017317807010840625,0.4036600397666252,tvm
8,1,64,1,256,32,2,1,[8; 1; 64; 1; 256; 32; 2; 1],0.017920828249771148,0.39007720900153914,tvm
7,7,8,2,512,64,4,1,[7; 7; 8; 2; 512; 64; 4; 1],0.015211245859973133,0.4595617433981186,tvm
56,14,32,4,64,32,2,1,[56; 14; 32; 4; 64; 32; 2; 1],0.017800747737055644,0.3927085968481311,tvm
8,4,4,2,128,64,4,1,[8; 4; 4; 2; 128; 64; 4; 1],0.017962480866117403,0.38917267156859425,tvm
16,4,64,4,128,64,4,1,[16; 4; 64; 4; 128; 64; 4; 1],0.01661827086354606,0.42065186709653923,tvm
14,1,64,8,256,32,2,1,[14; 1; 64; 8; 256; 32; 2; 1],0.016939061373705044,0.4126855976517221,tvm
7,1,64,4,128,64,4,1,[7; 1; 64; 4; 128; 64; 4; 1],0.016345274256309494,0.4276775389050592,tvm
8,2,64,8,256,32,2,1,[8; 2; 64; 8; 256; 32; 2; 1],0.018402561225229874,0.3798659643681933,tvm
8,1,16,2,256,64,4,1,[8; 1; 16; 2; 256; 64; 4; 1],0.014607540855649859,0.4785546544586867,tvm
7,1,32,2,512,32,2,1,[7; 1; 32; 2; 512; 32; 2; 1],0.016384854243369773,0.4266444219053957,tvm
7,7,16,4,256,64,4,1,[7; 7; 16; 4; 256; 64; 4; 1],0.016475624113809317,0.4242938912892203,tvm
28,14,32,2,512,128,8,1,[28; 14; 32; 2; 512; 128; 8; 1],0.01580760136130266,0.4422243771771456,tvm
8,1,16,2,128,128,8,1,[8; 1; 16; 2; 128; 128; 8; 1],0.01515664512407966,0.46121728188784417,tvm
7,1,4,4,512,64,4,1,[7; 1; 4; 4; 512; 64; 4; 1],0.01474377661361359,0.47413270357148646,tvm
8,2,8,8,256,32,2,1,[8; 2; 8; 8; 256; 32; 2; 1],0.016037944878917187,0.43587296997485603,tvm
28,14,64,2,512,32,2,1,[28; 14; 64; 2; 512; 32; 2; 1],0.021759882365586236,0.321256638672014,tvm
28,4,64,4,256,32,2,1,[28; 4; 64; 4; 256; 32; 2; 1],0.016425436129793525,0.42559032292523613,tvm
32,32,64,2,128,128,8,1,[32; 32; 64; 2; 128; 128; 8; 1],0.013524814508855343,0.5168652525392972,tvm
8,4,64,1,512,32,2,1,[8; 4; 64; 1; 512; 32; 2; 1],0.016842958139022812,0.4150403158973973,tvm
8,8,16,8,512,32,2,1,[8; 8; 16; 8; 512; 32; 2; 1],0.016241519362665713,0.4304096501424432,tvm
28,14,16,8,256,32,2,1,[28; 14; 16; 8; 256; 32; 2; 1],0.015307409630622715,0.45667469776741637,tvm
28,14,64,8,256,32,2,1,[28; 14; 64; 8; 256; 32; 2; 1],0.015655613387934864,0.44651758404138686,tvm
56,1,16,8,512,32,2,1,[56; 1; 16; 8; 512; 32; 2; 1],0.018135623773559928,0.38545719485304847,tvm
28,14,32,8,256,32,2,1,[28; 14; 32; 8; 256; 32; 2; 1],0.015192494145594537,0.4601289689286303,tvm
14,7,64,1,512,32,2,1,[14; 7; 64; 1; 512; 32; 2; 1],0.016993575147353113,0.41136174148472193,tvm
16,2,4,4,256,64,4,1,[16; 2; 4; 4; 256; 64; 4; 1],0.014785645995289087,0.4727900741634109,tvm
16,1,16,4,512,32,2,1,[16; 1; 16; 4; 512; 32; 2; 1],0.016398240259150043,0.42629614862277915,tvm
56,4,4,4,256,32,2,1,[56; 4; 4; 4; 256; 32; 2; 1],0.014222579746274278,0.49150764427936416,tvm
56,1,32,4,512,32,2,1,[56; 1; 32; 4; 512; 32; 2; 1],0.01419036986771971,0.4926232883167259,tvm
56,2,16,4,512,32,2,1,[56; 2; 16; 4; 512; 32; 2; 1],0.015828340750886127,0.44164494413448313,tvm
32,8,16,4,256,64,4,1,[32; 8; 16; 4; 256; 64; 4; 1],0.01427358336513862,0.4897513460943574,tvm
56,28,8,8,512,32,2,1,[56; 28; 8; 8; 512; 32; 2; 1],0.015443035488715395,0.45266402915248116,tvm
32,1,32,4,256,64,4,1,[32; 1; 32; 4; 256; 64; 4; 1],0.014410222240258008,0.4851074848198528,tvm
28,14,16,4,512,32,2,1,[28; 14; 16; 4; 512; 32; 2; 1],0.01509618162526749,0.46306455766047405,tvm
28,7,16,4,256,64,4,1,[28; 7; 16; 4; 256; 64; 4; 1],0.013942081743152812,0.5013961899986579,tvm
16,8,8,8,512,32,2,1,[16; 8; 8; 8; 512; 32; 2; 1],0.012409370945533738,0.5633248210041318,tvm
16,4,4,4,512,64,4,1,[16; 4; 4; 4; 512; 64; 4; 1],0.013078159361612052,0.5345176238779978,tvm
56,1,4,4,512,64,4,1,[56; 1; 4; 4; 512; 64; 4; 1],0.012665964750340208,0.551912689199526,tvm
56,14,4,4,512,64,4,1,[56; 14; 4; 4; 512; 64; 4; 1],0.012224289806908928,0.571853807222058,tvm
14,14,64,4,64,32,2,1,[14; 14; 64; 4; 64; 32; 2; 1],0.01657350012101233,0.42178819293601805,tvm
56,4,8,2,128,64,4,1,[56; 4; 8; 2; 128; 64; 4; 1],0.018105735129211098,0.3860935011353641,tvm
7,7,64,2,32,32,2,1,[7; 7; 64; 2; 32; 32; 2; 1],0.020998113352106884,0.33291117870669373,tvm
8,2,64,8,32,32,2,1,[8; 2; 64; 8; 32; 32; 2; 1],0.018530348752392456,0.37724636271425394,tvm
8,8,32,2,64,32,2,1,[8; 8; 32; 2; 64; 32; 2; 1],0.017958282493054867,0.38926365421471426,tvm
8,8,2,2,64,32,2,1,[8; 8; 2; 2; 64; 32; 2; 1],0.018080708396155387,0.3866279192995061,tvm
14,14,8,1,256,64,4,1,[14; 14; 8; 1; 256; 64; 4; 1],0.017134102759882808,0.4079879036930954,tvm
7,1,4,1,256,64,4,1,[7; 1; 4; 1; 256; 64; 4; 1],0.019060326128965244,0.3667569284684727,tvm
16,16,8,2,128,64,4,1,[16; 16; 8; 2; 128; 64; 4; 1],0.018706595757976174,0.3736920793665001,tvm
64,8,8,4,512,64,4,1,[64; 8; 8; 4; 512; 64; 4; 1],0.01781829449464567,0.39232187282387143,tvm
7,1,1,1,128,128,8,1,[7; 1; 1; 1; 128; 128; 8; 1],0.015423521108459681,0.45323675557019394,tvm
14,2,8,1,512,64,4,1,[14; 2; 8; 1; 512; 64; 4; 1],0.016689084499375895,0.41886699458727555,tvm
14,7,16,1,512,128,8,1,[14; 7; 16; 1; 512; 128; 8; 1],0.014430854644160718,0.4844139061088316,tvm
56,4,32,2,128,128,8,1,[56; 4; 32; 2; 128; 128; 8; 1],0.016757926234276965,0.4171462846260868,tvm
28,7,8,4,64,64,4,1,[28; 7; 8; 4; 64; 64; 4; 1],0.017864355497295037,0.391310320023868,tvm
32,4,8,8,32,32,2,1,[32; 4; 8; 8; 32; 32; 2; 1],0.017009296745527536,0.4109815221199411,tvm
32,16,4,4,128,32,2,1,[32; 16; 4; 4; 128; 32; 2; 1],0.017167759127914906,0.4071880677368108,tvm
32,16,32,4,64,64,4,1,[32; 16; 32; 4; 64; 64; 4; 1],0.017541076260386035,0.3985221067907736,tvm
16,16,8,2,256,32,2,1,[16; 16; 8; 2; 256; 32; 2; 1],0.01764609300880693,0.39615039222437504,tvm
7,1,64,4,128,32,2,1,[7; 1; 64; 4; 128; 32; 2; 1],0.01608251201105304,0.4346650984536679,tvm
8,8,4,2,128,32,2,1,[8; 8; 4; 2; 128; 32; 2; 1],0.018378427368588746,0.38036479000452467,tvm
8,2,64,2,128,32,2,1,[8; 2; 64; 2; 128; 32; 2; 1],0.01698936350294389,0.4114637176051571,tvm
32,2,64,4,128,32,2,1,[32; 2; 64; 4; 128; 32; 2; 1],0.017447441263357177,0.4006608511328255,tvm
14,7,2,2,512,64,4,1,[14; 7; 2; 2; 512; 64; 4; 1],0.017906242370372638,0.3903949540096162,tvm
8,4,2,2,128,32,2,1,[8; 4; 2; 2; 128; 32; 2; 1],0.016697286861017346,0.4186612307049232,tvm
7,1,32,2,128,32,2,1,[7; 1; 32; 2; 128; 32; 2; 1],0.016693153622327372,0.4187648915730786,tvm
32,2,32,4,128,32,2,1,[32; 2; 32; 4; 128; 32; 2; 1],0.017488840501755476,0.3997124146660827,tvm
8,2,32,8,128,32,2,1,[8; 2; 32; 8; 128; 32; 2; 1],0.017865067609818652,0.3912947221551336,tvm
16,16,64,8,128,32,2,1,[16; 16; 64; 8; 128; 32; 2; 1],0.014982460008468479,0.46657936431770547,tvm
32,1,16,4,128,32,2,1,[32; 1; 16; 4; 128; 32; 2; 1],0.01710743736475706,0.4086238352137867,tvm
7,7,16,1,256,64,4,1,[7; 7; 16; 1; 256; 64; 4; 1],0.01570731561514549,0.4450478259904703,tvm
16,2,32,1,256,64,4,1,[16; 2; 32; 1; 256; 64; 4; 1],0.0154196385119576,0.45335087857252154,tvm
56,1,64,4,64,32,2,1,[56; 1; 64; 4; 64; 32; 2; 1],0.017350103240460157,0.40290864957880596,tvm
14,7,64,2,256,32,2,1,[14; 7; 64; 2; 256; 32; 2; 1],0.01553852972574532,0.4498821181957974,tvm
28,4,2,2,512,128,8,1,[28; 4; 2; 2; 512; 128; 8; 1],0.015784596500452608,0.44286888590824736,tvm
28,14,8,2,512,128,8,1,[28; 14; 8; 2; 512; 128; 8; 1],0.015724487864645198,0.44456180238366055,tvm
14,1,64,4,256,32,2,1,[14; 1; 64; 4; 256; 32; 2; 1],0.01840837427880615,0.37974600911471834,tvm
56,28,32,4,64,32,2,1,[56; 28; 32; 4; 64; 32; 2; 1],0.017985273123485968,0.3886794834123566,tvm
56,7,8,4,64,64,4,1,[56; 7; 8; 4; 64; 64; 4; 1],0.014714230492245406,0.47508476031762287,tvm
14,7,32,4,256,32,2,1,[14; 7; 32; 4; 256; 32; 2; 1],0.018584443372674286,0.3761482938437202,tvm
7,7,8,4,128,64,4,1,[7; 7; 8; 4; 128; 64; 4; 1],0.017150618397863582,0.4075950210365278,tvm
56,56,16,4,64,32,2,1,[56; 56; 16; 4; 64; 32; 2; 1],0.017824558744905517,0.3921839955036554,tvm
7,1,16,4,256,64,4,1,[7; 1; 16; 4; 256; 64; 4; 1],0.016238729120232165,0.43048360588496126,tvm
8,2,16,2,512,32,2,1,[8; 2; 16; 2; 512; 32; 2; 1],0.015734750864794478,0.44427183669666415,tvm
56,8,16,8,64,32,2,1,[56; 8; 16; 8; 64; 32; 2; 1],0.015899725520284846,0.4396620971694253,tvm
32,4,32,4,128,64,4,1,[32; 4; 32; 4; 128; 64; 4; 1],0.015956928866216913,0.43808597038159164,tvm
56,7,8,4,128,32,2,1,[56; 7; 8; 4; 128; 32; 2; 1],0.014971727505326271,0.4669138323670236,tvm
56,2,8,4,128,32,2,1,[56; 2; 8; 4; 128; 32; 2; 1],0.014640736015280709,0.47746962033675033,tvm
8,4,32,4,256,64,4,1,[8; 4; 32; 4; 256; 64; 4; 1],0.016188991634408012,0.4318061819124716,tvm
56,56,16,8,128,32,2,1,[56; 56; 16; 8; 128; 32; 2; 1],0.017967825871892273,0.3890569018482181,tvm
28,2,32,4,256,32,2,1,[28; 2; 32; 4; 256; 32; 2; 1],0.016055624379077926,0.43539301254306817,tvm
14,14,64,4,512,32,2,1,[14; 14; 64; 4; 512; 32; 2; 1],0.013448509358568117,0.5197978809609094,tvm
28,14,16,4,256,32,2,1,[28; 14; 16; 4; 256; 32; 2; 1],0.015804997005034238,0.44229724715797397,tvm
56,28,64,4,256,32,2,1,[56; 28; 64; 4; 256; 32; 2; 1],0.015671527246013284,0.4460641618987708,tvm
56,28,32,4,256,32,2,1,[56; 28; 32; 4; 256; 32; 2; 1],0.015626305248588324,0.44735505645508794,tvm
8,8,32,1,512,128,8,1,[8; 8; 32; 1; 512; 128; 8; 1],0.01357419288251549,0.5149850696221452,tvm
28,28,8,4,256,32,2,1,[28; 28; 8; 4; 256; 32; 2; 1],0.017225086747203022,0.4058328860260615,tvm
14,7,64,1,512,128,8,1,[14; 7; 64; 1; 512; 128; 8; 1],0.013019280246226117,0.5369349560389866,tvm
56,28,64,4,512,32,2,1,[56; 28; 64; 4; 512; 32; 2; 1],0.014005438017193228,0.4991280285618375,tvm
32,32,64,4,512,32,2,1,[32; 32; 64; 4; 512; 32; 2; 1],0.013572314637713134,0.5150563373503203,tvm
56,28,4,4,512,32,2,1,[56; 28; 4; 4; 512; 32; 2; 1],0.014234333764761686,0.4911017812419339,tvm
56,14,32,4,256,64,4,1,[56; 14; 32; 4; 256; 64; 4; 1],0.01333921161131002,0.5240569585641457,tvm
28,2,4,4,512,64,4,1,[28; 2; 4; 4; 512; 64; 4; 1],0.012483487938879989,0.5599802475792556,tvm
28,4,8,4,512,64,4,1,[28; 4; 8; 4; 512; 64; 4; 1],0.012357353698462248,0.5656960897329149,tvm
8,4,4,1,128,128,8,1,[8; 4; 4; 1; 128; 128; 8; 1],0.015897613135166466,0.43972051698775144,tvm
28,2,16,8,32,32,2,1,[28; 2; 16; 8; 32; 32; 2; 1],0.016536399023607373,0.42273451775607346,tvm
7,1,4,1,256,128,8,1,[7; 1; 4; 1; 256; 128; 8; 1],0.017619021877180785,0.3967590661613513,tvm
28,7,2,2,512,32,2,1,[28; 7; 2; 2; 512; 32; 2; 1],0.01960744764073752,0.3565230311844772,tvm
16,4,32,1,256,128,8,1,[16; 4; 32; 1; 256; 128; 8; 1],0.014656018232926726,0.47697175014162774,tvm
16,16,32,2,128,64,4,1,[16; 16; 32; 2; 128; 64; 4; 1],0.015029127476736903,0.46513057244920203,tvm
7,1,16,2,64,64,4,1,[7; 1; 16; 2; 64; 64; 4; 1],0.01621359962155111,0.43115081350441686,tvm
28,4,8,2,512,32,2,1,[28; 4; 8; 2; 512; 32; 2; 1],0.020252306130714715,0.34517089666469347,tvm
8,8,32,2,128,32,2,1,[8; 8; 32; 2; 128; 32; 2; 1],0.01658284562290646,0.4215504881146838,tvm
56,7,4,2,512,64,4,1,[56; 7; 4; 2; 512; 64; 4; 1],0.017176780995214358,0.40697419782055205,tvm
16,2,4,2,512,32,2,1,[16; 2; 4; 2; 512; 32; 2; 1],0.018990722863236442,0.36810113638166847,tvm
28,1,64,2,512,32,2,1,[28; 1; 64; 2; 512; 32; 2; 1],0.020169829396763816,0.3465823398480639,tvm
16,16,64,4,128,32,2,1,[16; 16; 64; 4; 128; 32; 2; 1],0.015517800609814003,0.4504830834239244,tvm
14,1,16,2,256,32,2,1,[14; 1; 16; 2; 256; 32; 2; 1],0.01566490001277998,0.4462528749601698,tvm
32,1,16,4,128,32,2,1,[32; 1; 16; 4; 128; 32; 2; 1],0.017074631119612604,0.4094089422896575,tvm
32,1,4,4,128,32,2,1,[32; 1; 4; 4; 128; 32; 2; 1],0.016694800375262275,0.4187235851603794,tvm
14,2,32,1,128,64,4,1,[14; 2; 32; 1; 128; 64; 4; 1],0.01594342151656747,0.43845711909470264,tvm
7,1,16,8,128,32,2,1,[7; 1; 16; 8; 128; 32; 2; 1],0.01822761510265991,0.38351186522731434,tvm
32,16,16,8,128,32,2,1,[32; 16; 16; 8; 128; 32; 2; 1],0.017176043504150584,0.406991672149492,tvm
8,8,2,2,256,64,4,1,[8; 8; 2; 2; 256; 64; 4; 1],0.01459921125206165,0.47882769459065755,tvm
14,2,64,1,256,32,2,1,[14; 2; 64; 1; 256; 32; 2; 1],0.017157084366772324,0.4074414112111612,tvm
8,4,8,1,512,64,4,1,[8; 4; 8; 1; 512; 64; 4; 1],0.016348787263268605,0.4275856400904111,tvm
56,2,16,4,64,32,2,1,[56; 2; 16; 4; 64; 32; 2; 1],0.016679602122167125,0.41910512106138975,tvm
16,8,32,1,512,32,2,1,[16; 8; 32; 1; 512; 32; 2; 1],0.0157993838947732,0.44245438386868285,tvm
14,7,16,1,512,64,4,1,[14; 7; 16; 1; 512; 64; 4; 1],0.01515055014169775,0.4614028270450198,tvm
7,1,8,8,512,32,2,1,[7; 1; 8; 8; 512; 32; 2; 1],0.016091612371383235,0.43441928038848,tvm
32,4,2,2,512,128,8,1,[32; 4; 2; 2; 512; 128; 8; 1],0.015811183606274426,0.4421241850542164,tvm
8,4,64,1,128,64,4,1,[8; 4; 64; 1; 128; 64; 4; 1],0.014861892006592825,0.4703645177589526,tvm
56,7,64,2,512,64,4,1,[56; 7; 64; 2; 512; 64; 4; 1],0.016076214495114982,0.434835369283661,tvm
14,7,4,4,128,64,4,1,[14; 7; 4; 4; 128; 64; 4; 1],0.01611170422984287,0.43387754435800246,tvm
32,32,4,4,128,64,4,1,[32; 32; 4; 4; 128; 64; 4; 1],0.01856786123244092,0.3764842153415695,tvm
16,16,64,1,512,32,2,1,[16; 16; 64; 1; 512; 32; 2; 1],0.016616266017081216,0.4207026211232147,tvm
8,1,64,4,128,64,4,1,[8; 1; 64; 4; 128; 64; 4; 1],0.015847910981392488,0.44109956667944644,tvm
7,7,64,8,512,32,2,1,[7; 7; 64; 8; 512; 32; 2; 1],0.019248973490903154,0.3631625691609114,tvm
16,16,16,4,128,64,4,1,[16; 16; 16; 4; 128; 64; 4; 1],0.015934245369862765,0.4387096159500695,tvm
56,2,16,8,64,32,2,1,[56; 2; 16; 8; 64; 32; 2; 1],0.016087196388980374,0.43453852974997675,tvm
8,1,8,4,512,32,2,1,[8; 1; 8; 4; 512; 32; 2; 1],0.015064142848132178,0.46404941437032565,tvm
14,14,4,4,256,32,2,1,[14; 14; 4; 4; 256; 32; 2; 1],0.016184657375561073,0.4319218198108026,tvm
7,1,64,4,512,64,4,1,[7; 1; 64; 4; 512; 64; 4; 1],0.014760575257241726,0.47359310493248125,tvm
28,2,16,4,256,32,2,1,[28; 2; 16; 4; 256; 32; 2; 1],0.015823760099010542,0.441772791228286,tvm
8,1,16,2,256,64,4,1,[8; 1; 16; 2; 256; 64; 4; 1],0.01442687027156353,0.48454769018374644,tvm
16,16,8,4,256,32,2,1,[16; 16; 8; 4; 256; 32; 2; 1],0.016175852972082794,0.4321569118321785,tvm
56,2,16,4,256,32,2,1,[56; 2; 16; 4; 256; 32; 2; 1],0.01586053500068374,0.4407484783057639,tvm
16,16,32,8,256,32,2,1,[16; 16; 32; 8; 256; 32; 2; 1],0.01375703900703229,0.5081403536831782,tvm
56,1,8,8,256,32,2,1,[56; 1; 8; 8; 256; 32; 2; 1],0.014529370004311204,0.4811293720644749,tvm
14,7,64,4,512,32,2,1,[14; 7; 64; 4; 512; 32; 2; 1],0.01659185189055279,0.4213216651630661,tvm
16,1,64,4,512,32,2,1,[16; 1; 64; 4; 512; 32; 2; 1],0.016828124382300302,0.41540616814190123,tvm
32,8,4,4,256,32,2,1,[32; 8; 4; 4; 256; 32; 2; 1],0.016041266382671893,0.43578271814112857,tvm
32,32,32,8,256,32,2,1,[32; 32; 32; 8; 256; 32; 2; 1],0.015053970128064975,0.4643629957544775,tvm
8,2,32,2,128,128,8,1,[8; 2; 32; 2; 128; 128; 8; 1],0.015056288975756615,0.46429147832660916,tvm
28,14,64,2,512,128,8,1,[28; 14; 64; 2; 512; 128; 8; 1],0.015584683860652149,0.44854978959927044,tvm
7,7,64,2,256,64,4,1,[7; 7; 64; 2; 256; 64; 4; 1],0.013884183863410726,0.5034870421940243,tvm
7,7,32,1,512,64,4,1,[7; 7; 32; 1; 512; 64; 4; 1],0.015134061628486961,0.46190552399419216,tvm
8,1,64,4,512,64,4,1,[8; 1; 64; 4; 512; 64; 4; 1],0.017260744352824986,0.4049945079872852,tvm
14,14,8,4,512,64,4,1,[14; 14; 8; 4; 512; 64; 4; 1],0.015092567366082221,0.46317544902112207,tvm
28,14,8,4,256,64,4,1,[28; 14; 8; 4; 256; 64; 4; 1],0.013985129247885197,0.4998528467460361,tvm
28,4,8,4,256,64,4,1,[28; 4; 8; 4; 256; 64; 4; 1],0.01414223262690939,0.49430007630940487,tvm
16,16,32,4,512,32,2,1,[16; 16; 32; 4; 512; 32; 2; 1],0.012696558755123988,0.5505827840040111,tvm
16,8,64,4,512,32,2,1,[16; 8; 64; 4; 512; 32; 2; 1],0.015740887611173093,0.44409863276736133,tvm
28,14,32,8,512,32,2,1,[28; 14; 32; 8; 512; 32; 2; 1],0.014495568873826414,0.48225128158225733,tvm
56,7,32,4,256,64,4,1,[56; 7; 32; 4; 256; 64; 4; 1],0.013748954108450562,0.5084391591917578,tvm
28,14,8,4,512,32,2,1,[28; 14; 8; 4; 512; 32; 2; 1],0.014106921007623896,0.49553737933945624,tvm
56,28,64,4,512,64,4,1,[56; 28; 64; 4; 512; 64; 4; 1],0.011757320884498768,0.5945662906830397,tvm
56,4,32,4,512,64,4,1,[56; 4; 32; 4; 512; 64; 4; 1],0.012253723121830262,0.5704802203513913,tvm
56,7,2,2,128,64,4,1,[56; 7; 2; 2; 128; 64; 4; 1],0.017807233991334215,0.39256555341882715,tvm
8,2,4,2,32,32,2,1,[8; 2; 4; 2; 32; 32; 2; 1],0.018185063381679356,0.384409254999314,tvm
14,14,8,1,64,64,4,1,[14; 14; 8; 1; 64; 64; 4; 1],0.018153623619582504,0.38507500282896323,tvm
28,2,32,2,256,64,4,1,[28; 2; 32; 2; 256; 64; 4; 1],0.018152080243453383,0.3851077437357528,tvm
28,1,4,2,512,32,2,1,[28; 1; 4; 2; 512; 32; 2; 1],0.019847128249239177,0.35221753892453644,tvm
14,14,2,2,256,64,4,1,[14; 14; 2; 2; 256; 64; 4; 1],0.0188410010014195,0.37102628815422256,tvm
7,1,2,2,64,32,2,1,[7; 1; 2; 2; 64; 32; 2; 1],0.01695853951969184,0.41221159749926944,tvm
56,4,32,2,128,64,4,1,[56; 4; 32; 2; 128; 64; 4; 1],0.018680366250919178,0.37421678851305684,tvm
32,4,16,2,256,64,4,1,[32; 4; 16; 2; 256; 64; 4; 1],0.01857784963794984,0.3762817981036316,tvm
28,4,8,8,64,32,2,1,[28; 4; 8; 8; 64; 32; 2; 1],0.016281510645058006,0.42935246114822423,tvm
14,7,16,1,128,64,4,1,[14; 7; 16; 1; 128; 64; 4; 1],0.0175400392326992,0.3985456687938612,tvm
16,16,2,2,512,64,4,1,[16; 16; 2; 2; 512; 64; 4; 1],0.018028944119578227,0.38773799620774485,tvm
8,8,1,1,64,64,4,1,[8; 8; 1; 1; 64; 64; 4; 1],0.016152378491824493,0.4327849715882341,tvm
8,2,64,8,128,32,2,1,[8; 2; 64; 8; 128; 32; 2; 1],0.018519681238103658,0.3774636602429161,tvm
28,14,8,4,64,64,4,1,[28; 14; 8; 4; 64; 64; 4; 1],0.01766804076032713,0.39565828274313053,tvm
28,2,4,4,128,32,2,1,[28; 2; 4; 4; 128; 32; 2; 1],0.016635084117297083,0.4202267098486127,tvm
8,2,16,2,128,32,2,1,[8; 2; 16; 2; 128; 32; 2; 1],0.01720701312297024,0.4062591582111829,tvm
28,14,8,2,256,128,8,1,[28; 14; 8; 2; 256; 128; 8; 1],0.017497087246738374,0.39952402180367275,tvm
16,2,32,2,256,64,4,1,[16; 2; 32; 2; 256; 64; 4; 1],0.019099339871900156,0.3660077632814644,tvm
32,4,32,8,128,32,2,1,[32; 4; 32; 8; 128; 32; 2; 1],0.01724274575826712,0.4054172557357945,tvm
16,16,16,4,128,32,2,1,[16; 16; 16; 4; 128; 32; 2; 1],0.01639774302020669,0.4263090754655913,tvm
32,32,16,8,128,32,2,1,[32; 32; 16; 8; 128; 32; 2; 1],0.016467884357552975,0.4244933055690593,tvm
32,8,32,8,128,32,2,1,[32; 8; 32; 8; 128; 32; 2; 1],0.01724974950775504,0.405252648076073,tvm
8,8,32,2,64,64,4,1,[8; 8; 32; 2; 64; 64; 4; 1],0.015832561010029167,0.44152722116393656,tvm
32,8,32,2,256,128,8,1,[32; 8; 32; 2; 256; 128; 8; 1],0.018041940114926547,0.387458700236082,tvm
7,7,32,1,64,64,4,1,[7; 7; 32; 1; 64; 64; 4; 1],0.016485566360643134,0.42403800474550113,tvm
32,32,64,4,128,32,2,1,[32; 32; 64; 4; 128; 32; 2; 1],0.01482621711329557,0.47149631043766754,tvm
16,16,8,2,512,128,8,1,[16; 16; 8; 2; 512; 128; 8; 1],0.015737395879114047,0.44419716707667933,tvm
14,14,32,8,128,32,2,1,[14; 14; 32; 8; 128; 32; 2; 1],0.015553293866105378,0.44945506249970474,tvm
8,4,32,1,64,64,4,1,[8; 4; 32; 1; 64; 64; 4; 1],0.01599315187195316,0.43709374628810754,tvm
8,1,64,4,512,32,2,1,[8; 1; 64; 4; 512; 32; 2; 1],0.015369750501122326,0.45482239065339464,tvm
8,4,32,1,512,32,2,1,[8; 4; 32; 1; 512; 32; 2; 1],0.016238465526839718,0.4304905937763898,tvm
16,2,64,1,256,128,8,1,[16; 2; 64; 1; 256; 128; 8; 1],0.014200462610460818,0.49227316450360475,tvm
28,4,2,2,512,128,8,1,[28; 4; 2; 2; 512; 128; 8; 1],0.01577962000737898,0.443008555554425,tvm
56,7,16,4,64,64,4,1,[56; 7; 16; 4; 64; 64; 4; 1],0.01475367890088819,0.47381447797713894,tvm
8,2,16,8,512,32,2,1,[8; 2; 16; 8; 512; 32; 2; 1],0.017817165498854592,0.3923467325437407,tvm
16,1,64,4,256,32,2,1,[16; 1; 64; 4; 256; 32; 2; 1],0.017017696372931823,0.410778669067436,tvm
32,32,64,2,64,64,4,1,[32; 32; 64; 2; 64; 64; 4; 1],0.01660419613472186,0.42100843726173953,tvm
8,8,32,4,256,32,2,1,[8; 8; 32; 4; 256; 32; 2; 1],0.014748810994205996,0.47397086242496805,tvm
7,1,64,1,128,64,4,1,[7; 1; 64; 1; 128; 64; 4; 1],0.016806839616037905,0.41593225296182307,tvm
56,2,16,8,32,32,2,1,[56; 2; 16; 8; 32; 32; 2; 1],0.015533524623606354,0.4500270760213151,tvm
28,7,64,2,512,128,8,1,[28; 7; 64; 2; 512; 128; 8; 1],0.015565409354167059,0.4491052247716967,tvm
56,8,32,2,512,128,8,1,[56; 8; 32; 2; 512; 128; 8; 1],0.015105783881153911,0.46277020257042567,tvm
16,8,64,1,256,64,4,1,[16; 8; 64; 1; 256; 64; 4; 1],0.014990325376857072,0.46633455184762124,tvm
56,7,8,8,32,32,2,1,[56; 7; 8; 8; 32; 32; 2; 1],0.015015069511719048,0.46556605423709,tvm
16,4,64,1,512,128,8,1,[16; 4; 64; 1; 512; 128; 8; 1],0.013219622866017744,0.5287977378414029,tvm
8,2,8,4,512,32,2,1,[8; 2; 8; 4; 512; 32; 2; 1],0.014789555862080306,0.4726650841889027,tvm
8,8,16,2,128,128,8,1,[8; 8; 16; 2; 128; 128; 8; 1],0.015446264995262027,0.4525693861144379,tvm
32,16,8,4,256,32,2,1,[32; 16; 8; 4; 256; 32; 2; 1],0.01623054573428817,0.43070065425457194,tvm
56,2,4,4,128,32,2,1,[56; 2; 4; 4; 128; 32; 2; 1],0.01449289926677011,0.482340112767828,tvm
8,8,16,1,512,128,8,1,[8; 8; 16; 1; 512; 128; 8; 1],0.014388470503035933,0.4858408449453809,tvm
7,7,16,2,512,64,4,1,[7; 7; 16; 2; 512; 64; 4; 1],0.014648777869297192,0.477207500109499,tvm
56,14,4,4,256,32,2,1,[56; 14; 4; 4; 256; 32; 2; 1],0.014157544763293117,0.4937654645310575,tvm
8,4,32,2,512,128,8,1,[8; 4; 32; 2; 512; 128; 8; 1],0.01464489073259756,0.47733416345037916,tvm
8,1,4,4,512,64,4,1,[8; 1; 4; 4; 512; 64; 4; 1],0.014232802495826036,0.491154617561561,tvm
32,2,16,4,512,32,2,1,[32; 2; 16; 4; 512; 32; 2; 1],0.014393854624358937,0.48565911280196805,tvm
14,7,32,1,256,128,8,1,[14; 7; 32; 1; 256; 128; 8; 1],0.01479725749231875,0.47241907294614804,tvm
28,28,16,8,256,32,2,1,[28; 28; 16; 8; 256; 32; 2; 1],0.014646144350990653,0.47729330663013947,tvm
16,2,32,4,256,64,4,1,[16; 2; 32; 4; 256; 64; 4; 1],0.015491911879507825,0.4512358914146337,tvm
56,56,16,4,512,32,2,1,[56; 56; 16; 4; 512; 32; 2; 1],0.016221282625338063,0.43094660441630644,tvm
56,28,64,8,512,32,2,1,[56; 28; 64; 8; 512; 32; 2; 1],0.013764153642114252,0.5078776979993727,tvm
28,4,32,8,512,32,2,1,[28; 4; 32; 8; 512; 32; 2; 1],0.014627276483224705,0.4779089719595942,tvm
28,14,8,4,512,32,2,1,[28; 14; 8; 4; 512; 32; 2; 1],0.014072750374907628,0.49674061433869154,tvm
56,28,4,4,512,64,4,1,[56; 28; 4; 4; 512; 64; 4; 1],0.012387156311888248,0.5643350653416485,tvm
56,1,64,2,128,128,8,1,[56; 1; 64; 2; 128; 128; 8; 1],0.016489670000737533,0.4239324781122971,tvm
14,14,16,1,128,64,4,1,[14; 14; 16; 1; 128; 64; 4; 1],0.01687764987582341,0.41418720722962155,tvm
28,28,4,4,64,32,2,1,[28; 28; 4; 4; 64; 32; 2; 1],0.022212956129806116,0.3147040234454235,tvm
56,28,16,2,128,64,4,1,[56; 28; 16; 2; 128; 64; 4; 1],0.01907732311519794,0.36643016551403285,tvm
16,2,32,2,128,32,2,1,[16; 2; 32; 2; 128; 32; 2; 1],0.016610758379101753,0.42084211371477953,tvm
16,2,32,1,128,64,4,1,[16; 2; 32; 1; 128; 64; 4; 1],0.016502148122526705,0.42361192099130934,tvm
16,4,64,1,128,64,4,1,[16; 4; 64; 1; 128; 64; 4; 1],0.015728778758784756,0.444440523569725,tvm
16,8,32,1,128,64,4,1,[16; 8; 32; 1; 128; 64; 4; 1],0.016307157871779054,0.4286771932688738,tvm
56,56,4,2,128,128,8,1,[56; 56; 4; 2; 128; 128; 8; 1],0.015164156502578408,0.4609888235773648,tvm
32,32,4,2,128,128,8,1,[32; 32; 4; 2; 128; 128; 8; 1],0.013696259877178818,0.5103952998376214,tvm
8,4,64,8,128,32,2,1,[8; 4; 64; 8; 128; 32; 2; 1],0.01811795189860277,0.38583316181592053,tvm
32,1,64,8,32,32,2,1,[32; 1; 64; 8; 32; 32; 2; 1],0.017630809132242575,0.39649380889063596,tvm
8,4,2,1,256,64,4,1,[8; 4; 2; 1; 256; 64; 4; 1],0.02013538099708967,0.34717528651069784,tvm
56,2,16,2,256,128,8,1,[56; 2; 16; 2; 256; 128; 8; 1],0.016531597619177774,0.42285729593110866,tvm
64,8,32,4,512,64,4,1,[64; 8; 32; 4; 512; 64; 4; 1],0.013528979616239667,0.5167061275098331,tvm
16,1,64,8,128,32,2,1,[16; 1; 64; 8; 128; 32; 2; 1],0.017419984767911956,0.4012923524217629,tvm
14,1,8,8,128,32,2,1,[14; 1; 8; 8; 128; 32; 2; 1],0.017287178110564128,0.4043752324385896,tvm
28,14,64,8,64,32,2,1,[28; 14; 64; 8; 64; 32; 2; 1],0.018519930250477046,0.3774585850012368,tvm
7,1,64,8,256,32,2,1,[7; 1; 64; 8; 256; 32; 2; 1],0.02076328548719175,0.33667632567008243,tvm
8,8,2,1,256,64,4,1,[8; 8; 2; 1; 256; 64; 4; 1],0.020513496769126505,0.3407759654700905,tvm
28,28,4,4,64,64,4,1,[28; 28; 4; 4; 64; 64; 4; 1],0.015102561621461064,0.46286893852053596,tvm
7,1,4,2,64,64,4,1,[7; 1; 4; 2; 64; 64; 4; 1],0.016867601254489273,0.41443395306763964,tvm
32,1,4,4,128,32,2,1,[32; 1; 4; 4; 128; 32; 2; 1],0.016812224261229858,0.4157990375364701,tvm
32,1,2,2,512,64,4,1,[32; 1; 2; 2; 512; 64; 4; 1],0.016132755728904158,0.43331138115121687,tvm
16,8,16,2,512,32,2,1,[16; 8; 16; 2; 512; 32; 2; 1],0.015210999001283199,0.45956920160713627,tvm
8,8,2,1,64,64,4,1,[8; 8; 2; 1; 64; 64; 4; 1],0.017492666869657114,0.39962498107092187,tvm
8,1,16,1,64,64,4,1,[8; 1; 16; 1; 64; 64; 4; 1],0.016225069877691567,0.4308460129517326,tvm
8,4,2,2,512,128,8,1,[8; 4; 2; 2; 512; 128; 8; 1],0.015914162999251857,0.43926323156268404,tvm
7,7,2,2,256,128,8,1,[7; 7; 2; 2; 256; 128; 8; 1],0.016844332625623792,0.41500644887721033,tvm
56,2,32,4,64,32,2,1,[56; 2; 32; 4; 64; 32; 2; 1],0.01780472998507321,0.39262076271458396,tvm
8,1,8,1,256,64,4,1,[8; 1; 8; 1; 256; 64; 4; 1],0.01656285612261854,0.4220592520344545,tvm
8,1,32,4,256,32,2,1,[8; 1; 32; 4; 256; 32; 2; 1],0.014602257986553013,0.4787277880656617,tvm
28,28,64,2,128,128,8,1,[28; 28; 64; 2; 128; 128; 8; 1],0.013700374373001978,0.5102420179438448,tvm
14,7,64,8,512,32,2,1,[14; 7; 64; 8; 512; 32; 2; 1],0.01739172200905159,0.40194448042743725,tvm
8,8,2,1,128,128,8,1,[8; 8; 2; 1; 128; 128; 8; 1],0.016717514605261385,0.4181546618458819,tvm
7,7,32,1,512,32,2,1,[7; 7; 32; 1; 512; 32; 2; 1],0.015332570386817679,0.4559252943444382,tvm
16,16,64,4,128,32,2,1,[16; 16; 64; 4; 128; 32; 2; 1],0.01551012636628002,0.45070597760341036,tvm
16,8,32,2,512,32,2,1,[16; 8; 32; 2; 512; 32; 2; 1],0.01389859413029626,0.5029650194208282,tvm
8,1,2,2,256,64,4,1,[8; 1; 2; 2; 256; 64; 4; 1],0.014167567889671773,0.49341614037810827,tvm
14,7,8,4,128,64,4,1,[14; 7; 8; 4; 128; 64; 4; 1],0.016112763376440853,0.43384902411511733,tvm
56,1,2,2,512,128,8,1,[56; 1; 2; 2; 512; 128; 8; 1],0.015428672602865845,0.4530854239118532,tvm
16,8,4,4,128,64,4,1,[16; 8; 4; 4; 128; 64; 4; 1],0.01597127938293852,0.437692341299492,tvm
14,7,8,8,256,32,2,1,[14; 7; 8; 8; 256; 32; 2; 1],0.015294215874746442,0.457068654183787,tvm
56,56,4,4,32,32,2,1,[56; 56; 4; 4; 32; 32; 2; 1],0.017072793503757566,0.4094530086788738,tvm
56,4,2,2,512,128,8,1,[56; 4; 2; 2; 512; 128; 8; 1],0.015548234368907288,0.44960131811789456,tvm
14,7,32,2,256,128,8,1,[14; 7; 32; 2; 256; 128; 8; 1],0.01858752200496383,0.37608599278590443,tvm
56,56,64,1,256,128,8,1,[56; 56; 64; 1; 256; 128; 8; 1],0.014249709114665166,0.49057188539184626,tvm
16,8,32,4,256,32,2,1,[16; 8; 32; 4; 256; 32; 2; 1],0.016955920757027343,0.41227526165274553,tvm
8,2,32,1,128,64,4,1,[8; 2; 32; 1; 128; 64; 4; 1],0.014395935257198289,0.48558892088454325,tvm
8,8,32,1,128,64,4,1,[8; 8; 32; 1; 128; 64; 4; 1],0.014512557885609567,0.4816867379111953,tvm
28,7,16,4,256,32,2,1,[28; 7; 16; 4; 256; 32; 2; 1],0.01592643474577926,0.4389247674228693,tvm
56,56,8,4,128,32,2,1,[56; 56; 8; 4; 128; 32; 2; 1],0.019217240100260824,0.3637622587944764,tvm
56,8,16,8,64,32,2,1,[56; 8; 16; 8; 64; 32; 2; 1],0.015888770867604762,0.4399652260653746,tvm
56,1,32,8,256,32,2,1,[56; 1; 32; 8; 256; 32; 2; 1],0.015930350898997858,0.43881686668348424,tvm
56,8,16,8,128,32,2,1,[56; 8; 16; 8; 128; 32; 2; 1],0.01531484563020058,0.45645296305706945,tvm
56,7,8,4,64,64,4,1,[56; 7; 8; 4; 64; 64; 4; 1],0.014693649631226435,0.4757501942751299,tvm
56,4,64,4,256,32,2,1,[56; 4; 64; 4; 256; 32; 2; 1],0.01563646100112237,0.4470645030333203,tvm
32,32,64,4,256,32,2,1,[32; 32; 64; 4; 256; 32; 2; 1],0.014457614248385653,0.4835173042085579,tvm
28,7,16,8,256,32,2,1,[28; 7; 16; 8; 256; 32; 2; 1],0.01567224011523649,0.4460438721756517,tvm
56,28,16,8,256,32,2,1,[56; 28; 16; 8; 256; 32; 2; 1],0.015760168520500883,0.44355532477799275,tvm
56,14,16,8,512,32,2,1,[56; 14; 16; 8; 512; 32; 2; 1],0.015788621763931587,0.442755977765974,tvm
16,4,4,4,256,64,4,1,[16; 4; 4; 4; 256; 64; 4; 1],0.01480019764858298,0.47232522380104575,tvm
28,4,64,4,256,64,4,1,[28; 4; 64; 4; 256; 64; 4; 1],0.013896375254262239,0.5030453293582848,tvm
28,4,16,4,512,64,4,1,[28; 4; 16; 4; 512; 64; 4; 1],0.012871750863268971,0.543089028130189,tvm
8,8,4,1,512,64,4,1,[8; 8; 4; 1; 512; 64; 4; 1],0.0165704388928134,0.4218661142221435,tvm
28,28,32,1,128,128,8,1,[28; 28; 32; 1; 128; 128; 8; 1],0.014753202383872122,0.4738297818179825,tvm
56,56,16,1,256,128,8,1,[56; 56; 16; 1; 256; 128; 8; 1],0.01613810588605702,0.4331677283581536,tvm
7,1,4,1,512,32,2,1,[7; 1; 4; 1; 512; 32; 2; 1],0.017943017010111362,0.38959483027449243,tvm
64,32,32,2,512,128,8,1,[64; 32; 32; 2; 512; 128; 8; 1],0.019355486758286133,0.36116408509716313,tvm
16,1,32,2,128,64,4,1,[16; 1; 32; 2; 128; 64; 4; 1],0.019997351133497432,0.3495716317626145,tvm
8,1,64,8,256,32,2,1,[8; 1; 64; 8; 256; 32; 2; 1],0.018322922755032778,0.38151700796460414,tvm
14,1,4,2,512,64,4,1,[14; 1; 4; 2; 512; 64; 4; 1],0.018175324745243415,0.38461522776896306,tvm
8,8,2,2,128,32,2,1,[8; 8; 2; 2; 128; 32; 2; 1],0.016289781749946997,0.4291344582740903,tvm
8,2,32,2,128,32,2,1,[8; 2; 32; 2; 128; 32; 2; 1],0.016299979120958596,0.4288659890170189,tvm
56,2,64,2,256,128,8,1,[56; 2; 64; 2; 256; 128; 8; 1],0.016157412756001577,0.4326501261205996,tvm
28,7,64,4,128,32,2,1,[28; 7; 64; 4; 128; 32; 2; 1],0.017754607106326148,0.3937291670158039,tvm
28,1,2,2,512,64,4,1,[28; 1; 2; 2; 512; 64; 4; 1],0.016175156750250608,0.4321755130167972,tvm
28,7,16,8,128,32,2,1,[28; 7; 16; 8; 128; 32; 2; 1],0.016818507632706314,0.4156436955840537,tvm
14,7,64,8,512,32,2,1,[14; 7; 64; 8; 512; 32; 2; 1],0.017542743124067783,0.398484240305385,tvm
56,4,64,4,32,32,2,1,[56; 4; 64; 4; 32; 32; 2; 1],0.01714650823851116,0.4076927249226141,tvm
56,2,32,4,32,32,2,1,[56; 2; 32; 4; 32; 32; 2; 1],0.017288697621552274,0.40433969172739925,tvm
14,1,2,2,512,128,8,1,[14; 1; 2; 2; 512; 128; 8; 1],0.016991256386972964,0.4114178791408399,tvm
7,1,2,2,64,64,4,1,[7; 1; 2; 2; 64; 64; 4; 1],0.016547121485928074,0.4224605876382488,tvm
28,28,8,4,64,64,4,1,[28; 28; 8; 4; 64; 64; 4; 1],0.0150611175049562,0.4641426284846581,tvm
8,8,2,2,512,32,2,1,[8; 8; 2; 2; 512; 32; 2; 1],0.013712427375139669,0.5097935234530615,tvm
56,56,8,4,128,32,2,1,[56; 56; 8; 4; 128; 32; 2; 1],0.019287987757707015,0.36242799168479506,tvm
8,1,2,1,128,128,8,1,[8; 1; 2; 1; 128; 128; 8; 1],0.015736190747702494,0.44423118521788957,tvm
56,28,8,4,32,32,2,1,[56; 28; 8; 4; 32; 32; 2; 1],0.017094269627705216,0.4089385986598067,tvm
16,2,16,2,512,64,4,1,[16; 2; 16; 2; 512; 64; 4; 1],0.017662142985500395,0.39579040167467056,tvm
8,1,64,1,64,64,4,1,[8; 1; 64; 1; 64; 64; 4; 1],0.016140249121235684,0.43311020878043793,tvm
32,32,64,4,64,64,4,1,[32; 32; 64; 4; 64; 64; 4; 1],0.015140950999921188,0.4616953496978528,tvm
56,28,32,8,64,32,2,1,[56; 28; 32; 8; 64; 32; 2; 1],0.01584757148521021,0.4411090161789506,tvm
56,14,8,4,64,32,2,1,[56; 14; 8; 4; 64; 32; 2; 1],0.0162023818702437,0.43144932162751964,tvm
56,28,32,1,512,128,8,1,[56; 28; 32; 1; 512; 128; 8; 1],0.02466919500147924,0.2833698734898928,tvm
32,32,16,2,128,64,4,1,[32; 32; 16; 2; 128; 64; 4; 1],0.016547850362258032,0.42244197969123887,tvm
56,4,64,8,64,32,2,1,[56; 4; 64; 8; 64; 32; 2; 1],0.016262433753581718,0.42985611948316427,tvm
7,7,8,2,128,128,8,1,[7; 7; 8; 2; 128; 128; 8; 1],0.016084675735328346,0.43460662693452584,tvm
56,28,16,8,64,32,2,1,[56; 28; 16; 8; 64; 32; 2; 1],0.015985306003130972,0.4373082795723439,tvm
16,2,32,2,512,64,4,1,[16; 2; 32; 2; 512; 64; 4; 1],0.017936128249857575,0.3897444626446723,tvm
56,1,64,8,128,32,2,1,[56; 1; 64; 8; 128; 32; 2; 1],0.015379450982436538,0.45453551460646313,tvm
56,28,64,2,128,128,8,1,[56; 28; 64; 2; 128; 128; 8; 1],0.016701514250598848,0.41855526162341933,tvm
32,1,16,4,256,32,2,1,[32; 1; 16; 4; 256; 32; 2; 1],0.016038720234064385,0.4358518986957351,tvm
14,14,32,2,512,32,2,1,[14; 14; 32; 2; 512; 32; 2; 1],0.013938927731942385,0.5015096427142851,tvm
8,8,32,2,512,32,2,1,[8; 8; 32; 2; 512; 32; 2; 1],0.014758708624867722,0.473653003413049,tvm
7,7,4,4,512,64,4,1,[7; 7; 4; 4; 512; 64; 4; 1],0.01563867536606267,0.44700120074342703,tvm
64,1,8,4,512,64,4,1,[64; 1; 8; 4; 512; 64; 4; 1],0.016651617392199114,0.4198094696759939,tvm
8,2,16,2,256,128,8,1,[8; 2; 16; 2; 256; 128; 8; 1],0.0159619347541593,0.4379485804404198,tvm
32,32,16,2,512,128,8,1,[32; 32; 16; 2; 512; 128; 8; 1],0.014165470493026078,0.4934891975602379,tvm
28,14,8,4,256,32,2,1,[28; 14; 8; 4; 256; 32; 2; 1],0.015325554355513304,0.4561340167216764,tvm
56,2,16,8,512,32,2,1,[56; 2; 16; 8; 512; 32; 2; 1],0.01724200925673358,0.405434573348036,tvm
28,28,8,4,256,32,2,1,[28; 28; 8; 4; 256; 32; 2; 1],0.017168083868455142,0.40718036562665644,tvm
32,4,8,4,256,32,2,1,[32; 4; 8; 4; 256; 32; 2; 1],0.016317084373440593,0.42841640740947273,tvm
16,16,64,4,256,32,2,1,[16; 16; 64; 4; 256; 32; 2; 1],0.015024879248812795,0.4652620863637908,tvm
56,7,8,8,128,32,2,1,[56; 7; 8; 8; 128; 32; 2; 1],0.014333801897009835,0.48769382449222715,tvm
16,1,64,1,512,128,8,1,[16; 1; 64; 1; 512; 128; 8; 1],0.025861237721983343,0.2703082792021353,tvm
28,28,16,8,256,32,2,1,[28; 28; 16; 8; 256; 32; 2; 1],0.01452757726656273,0.48118874457865074,tvm
16,2,32,4,256,64,4,1,[16; 2; 32; 4; 256; 64; 4; 1],0.015457187633728608,0.4522495833208958,tvm
16,8,16,4,256,64,4,1,[16; 8; 16; 4; 256; 64; 4; 1],0.015029726724606007,0.46511202730134255,tvm
56,56,16,4,512,32,2,1,[56; 56; 16; 4; 512; 32; 2; 1],0.016450998897198588,0.4249290094996644,tvm
8,2,64,2,512,64,4,1,[8; 2; 64; 2; 512; 64; 4; 1],0.012216722505399957,0.5722080258086216,tvm
28,7,64,4,512,32,2,1,[28; 7; 64; 4; 512; 32; 2; 1],0.014984395616920665,0.4665190939548375,tvm
56,28,64,4,512,32,2,1,[56; 28; 64; 4; 512; 32; 2; 1],0.013760845991782844,0.5079997749296068,tvm
32,16,16,4,256,64,4,1,[32; 16; 16; 4; 256; 64; 4; 1],0.014379145111888647,0.4861559301524074,tvm
32,32,64,8,512,32,2,1,[32; 32; 64; 8; 512; 32; 2; 1],0.014106579503277317,0.49554937573935587,tvm
32,16,64,4,512,32,2,1,[32; 16; 64; 4; 512; 32; 2; 1],0.014439250604482368,0.4841322349856999,tvm
56,28,16,4,256,64,4,1,[56; 28; 16; 4; 256; 64; 4; 1],0.013298091856995597,0.5256774236364775,tvm
16,16,64,4,512,32,2,1,[16; 16; 64; 4; 512; 32; 2; 1],0.01282408699626103,0.5451075518050374,tvm
16,4,16,4,512,64,4,1,[16; 4; 16; 4; 512; 64; 4; 1],0.014163944113533944,0.4935423784952026,tvm
32,2,4,4,64,64,4,1,[32; 2; 4; 4; 64; 64; 4; 1],0.01768987372634001,0.395169958520274,tvm
16,2,32,1,64,64,4,1,[16; 2; 32; 1; 64; 64; 4; 1],0.016861981130205095,0.41457208454257355,tvm
64,4,16,2,512,128,8,1,[64; 4; 16; 2; 512; 128; 8; 1],0.01982385100563988,0.35263111414012693,tvm
7,7,4,2,128,32,2,1,[7; 7; 4; 2; 128; 32; 2; 1],0.018042252893792465,0.38745198328706437,tvm
7,1,1,1,256,128,8,1,[7; 1; 1; 1; 256; 128; 8; 1],0.015266205387888476,0.4579072853436534,tvm
14,1,32,2,128,32,2,1,[14; 1; 32; 2; 128; 32; 2; 1],0.016265879647107795,0.42976505533837733,tvm
64,4,8,4,64,32,2,1,[64; 4; 8; 4; 64; 32; 2; 1],0.022267121385084465,0.3139384990890303,tvm
56,8,32,2,256,64,4,1,[56; 8; 32; 2; 256; 64; 4; 1],0.01805643961415626,0.3871475670755216,tvm
28,28,4,2,512,64,4,1,[28; 28; 4; 2; 512; 64; 4; 1],0.019542520749382675,0.3577075217836209,tvm
64,32,32,2,128,64,4,1,[64; 32; 32; 2; 128; 64; 4; 1],0.022907484497409314,0.3051625623693971,tvm
4,4,4,4,256,64,4,1,[4; 4; 4; 4; 256; 64; 4; 1],0.01660201101913117,0.42106384935001084,tvm
64,1,8,8,512,32,2,1,[64; 1; 8; 8; 512; 32; 2; 1],0.022042201017029583,0.3171419524423115,tvm
7,1,8,2,128,32,2,1,[7; 1; 8; 2; 128; 32; 2; 1],0.017994216381339356,0.388486306851132,tvm
16,8,4,4,128,32,2,1,[16; 8; 4; 4; 128; 32; 2; 1],0.017756932269548997,0.3936776105552052,tvm
28,28,32,2,512,32,2,1,[28; 28; 32; 2; 512; 32; 2; 1],0.015708330523921177,0.44501907163344234,tvm
16,8,16,2,256,64,4,1,[16; 8; 16; 2; 256; 64; 4; 1],0.018983335641678423,0.36824438015618405,tvm
8,8,16,2,128,32,2,1,[8; 8; 16; 2; 128; 32; 2; 1],0.01717986835865304,0.40690106121481057,tvm
28,2,32,8,128,32,2,1,[28; 2; 32; 8; 128; 32; 2; 1],0.016127682116348296,0.4334476967139956,tvm
8,1,4,2,128,32,2,1,[8; 1; 4; 2; 128; 32; 2; 1],0.01723828137619421,0.4055222509780148,tvm
7,1,8,1,64,64,4,1,[7; 1; 8; 1; 64; 64; 4; 1],0.01696910650935024,0.4119549053932091,tvm
32,4,8,2,512,64,4,1,[32; 4; 8; 2; 512; 64; 4; 1],0.016643388022203,0.4200170456484599,tvm
64,2,4,4,128,32,2,1,[64; 2; 4; 4; 128; 32; 2; 1],0.019781791255809367,0.35338087316100597,tvm
64,4,16,8,256,32,2,1,[64; 4; 16; 8; 256; 32; 2; 1],0.0235305558599066,0.2970820880002116,tvm
32,32,4,2,128,64,4,1,[32; 32; 4; 2; 128; 64; 4; 1],0.022249245492275804,0.3141907292583714,tvm
64,64,8,8,256,32,2,1,[64; 64; 8; 8; 256; 32; 2; 1],0.026794483477715403,0.2608935034138864,tvm
64,16,64,2,512,128,8,1,[64; 16; 64; 2; 512; 128; 8; 1],0.018083427887177095,0.3865697759451688,tvm
32,16,8,4,64,64,4,1,[32; 16; 8; 4; 64; 64; 4; 1],0.01758683312800713,0.3974852445454916,tvm
56,56,16,8,128,32,2,1,[56; 56; 16; 8; 128; 32; 2; 1],0.01770086825126782,0.3949245069470518,tvm
32,16,32,4,128,32,2,1,[32; 16; 32; 4; 128; 32; 2; 1],0.0176882877422031,0.3952053906262376,tvm
14,1,16,8,512,32,2,1,[14; 1; 16; 8; 512; 32; 2; 1],0.016662510752212256,0.4195350130975038,tvm
28,14,32,2,256,128,8,1,[28; 14; 32; 2; 256; 128; 8; 1],0.01691404849407263,0.4132958865002914,tvm
14,2,64,4,256,32,2,1,[14; 2; 64; 4; 256; 32; 2; 1],0.01719585873070173,0.4065226852664076,tvm
16,4,16,2,512,128,8,1,[16; 4; 16; 2; 512; 128; 8; 1],0.017009122617309913,0.41098572947863515,tvm
8,2,2,1,128,128,8,1,[8; 2; 2; 1; 128; 128; 8; 1],0.01576871727593243,0.4433148584213744,tvm
14,7,32,1,128,128,8,1,[14; 7; 32; 1; 128; 128; 8; 1],0.014979572122683749,0.46666931534585404,tvm
56,4,64,8,64,32,2,1,[56; 4; 64; 8; 64; 32; 2; 1],0.016089810873381793,0.434467920206037,tvm
8,4,8,4,128,64,4,1,[8; 4; 8; 4; 128; 64; 4; 1],0.0155647206120193,0.4491250977719765,tvm
28,28,16,2,256,128,8,1,[28; 28; 16; 2; 256; 128; 8; 1],0.014656457380624488,0.4769574587586194,tvm
8,2,64,4,128,64,4,1,[8; 2; 64; 4; 128; 64; 4; 1],0.01528571976814419,0.4573227020185894,tvm
16,8,32,1,256,64,4,1,[16; 8; 32; 1; 256; 64; 4; 1],0.015389584616059437,0.45423621501595884,tvm
56,2,16,8,32,32,2,1,[56; 2; 16; 8; 32; 32; 2; 1],0.015465059754205868,0.45201937643761986,tvm
64,4,64,4,512,32,2,1,[64; 4; 64; 4; 512; 32; 2; 1],0.014794321003137156,0.4725128422713229,tvm
56,2,64,8,128,32,2,1,[56; 2; 64; 8; 128; 32; 2; 1],0.015246379509335384,0.45850273255931795,tvm
28,14,8,4,256,32,2,1,[28; 14; 8; 4; 256; 32; 2; 1],0.015598538244375959,0.4481513945184632,tvm
28,28,64,2,128,128,8,1,[28; 28; 64; 2; 128; 128; 8; 1],0.013600883132312447,0.5139744675887181,tvm
16,2,64,1,512,64,4,1,[16; 2; 64; 1; 512; 64; 4; 1],0.014288441743701696,0.48924205956524697,tvm
14,14,16,4,256,32,2,1,[14; 14; 16; 4; 256; 32; 2; 1],0.01495768124004826,0.46735229575223336,tvm
7,7,64,2,512,32,2,1,[7; 7; 64; 2; 512; 32; 2; 1],0.01533106985152699,0.4559699182357065,tvm
16,2,8,8,256,32,2,1,[16; 2; 8; 8; 256; 32; 2; 1],0.01556237749173306,0.4491927194530602,tvm
64,8,8,4,256,64,4,1,[64; 8; 8; 4; 256; 64; 4; 1],0.019353991869138554,0.36119198116506257,tvm
14,14,4,4,256,64,4,1,[14; 14; 4; 4; 256; 64; 4; 1],0.016000484116375446,0.4368934474621516,tvm
8,4,32,1,256,128,8,1,[8; 4; 32; 1; 256; 128; 8; 1],0.014249533618567511,0.4905779272353065,tvm
14,14,64,4,512,32,2,1,[14; 14; 64; 4; 512; 32; 2; 1],0.013342772756004706,0.5239170893861397,tvm
56,14,4,4,256,32,2,1,[56; 14; 4; 4; 256; 32; 2; 1],0.014112829259829596,0.49532992555676064,tvm
16,1,64,4,256,64,4,1,[16; 1; 64; 4; 256; 64; 4; 1],0.015296212979592383,0.4570089783656341,tvm
14,14,32,1,512,128,8,1,[14; 14; 32; 1; 512; 128; 8; 1],0.013124526885803789,0.5326292313232246,tvm
16,8,64,1,512,64,4,1,[16; 8; 64; 1; 512; 64; 4; 1],0.014452469244133681,0.4836894338664061,tvm
64,64,64,4,512,64,4,1,[64; 64; 64; 4; 512; 64; 4; 1],0.013953150977613404,0.5009984252218238,tvm
8,2,64,1,512,64,4,1,[8; 2; 64; 1; 512; 64; 4; 1],0.01395955414045602,0.5007686202819015,tvm
56,28,64,8,512,32,2,1,[56; 28; 64; 8; 512; 32; 2; 1],0.013411169376922771,0.5212451256260741,tvm
16,8,8,8,512,32,2,1,[16; 8; 8; 8; 512; 32; 2; 1],0.012432066316250712,0.5622964428309837,tvm
56,1,32,4,256,64,4,1,[56; 1; 32; 4; 256; 64; 4; 1],0.013788362732157111,0.5069859853892197,tvm
32,1,16,4,512,64,4,1,[32; 1; 16; 4; 512; 64; 4; 1],0.012561141862533987,0.5565184075754445,tvm
56,14,32,4,512,64,4,1,[56; 14; 32; 4; 512; 64; 4; 1],0.011839057129691355,0.5904614354073068,tvm
7,1,32,8,256,32,2,1,[7; 1; 32; 8; 256; 32; 2; 1],0.02031518137664534,0.3441025968246124,tvm
28,4,16,8,64,32,2,1,[28; 4; 16; 8; 64; 32; 2; 1],0.01677188024041243,0.41679922384747287,tvm
4,4,4,4,512,32,2,1,[4; 4; 4; 4; 512; 32; 2; 1],0.015862133004702628,0.44070407583861515,tvm
28,7,64,1,512,64,4,1,[28; 7; 64; 1; 512; 64; 4; 1],0.015448180754901841,0.45251326208417897,tvm
64,4,2,2,512,64,4,1,[64; 4; 2; 2; 512; 64; 4; 1],0.020590845524566248,0.3394958530637573,tvm
8,2,32,8,512,32,2,1,[8; 2; 32; 8; 512; 32; 2; 1],0.01805366500047967,0.38720706662502796,tvm
28,28,32,1,256,128,8,1,[28; 28; 32; 1; 256; 128; 8; 1],0.014417433878406882,0.484864832786673,tvm
64,2,64,4,256,64,4,1,[64; 2; 64; 4; 256; 64; 4; 1],0.016307662386680022,0.4286639311576907,tvm
16,2,64,2,256,64,4,1,[16; 2; 64; 2; 256; 64; 4; 1],0.018832276749890298,0.371198170009231,tvm
8,1,2,1,64,64,4,1,[8; 1; 2; 1; 64; 64; 4; 1],0.017316504003247246,0.40369041380152626,tvm
28,28,64,2,256,128,8,1,[28; 28; 64; 2; 256; 128; 8; 1],0.013155630382243544,0.5313699506260007,tvm
16,8,32,2,128,64,4,1,[16; 8; 32; 2; 128; 64; 4; 1],0.02001842323807068,0.34920366022495947,tvm
8,4,32,4,256,64,4,1,[8; 4; 32; 4; 256; 64; 4; 1],0.015775101870531216,0.4431354373517758,tvm
56,1,16,4,256,64,4,1,[56; 1; 16; 4; 256; 64; 4; 1],0.013322840764885768,0.5247009095155694,tvm
56,1,8,4,256,32,2,1,[56; 1; 8; 4; 256; 32; 2; 1],0.014294005755800754,0.48905161968539146,tvm
56,8,16,8,512,32,2,1,[56; 8; 16; 8; 512; 32; 2; 1],0.015628045133780688,0.4473052519893475,tvm
32,16,64,8,128,32,2,1,[32; 16; 64; 8; 128; 32; 2; 1],0.017566424881806597,0.39794703325812625,tvm
32,4,16,4,256,64,4,1,[32; 4; 16; 4; 256; 64; 4; 1],0.01456012373091653,0.48011313611458084,tvm
28,28,64,4,512,32,2,1,[28; 28; 64; 4; 512; 32; 2; 1],0.013488249853253365,0.518266397992365,tvm
8,4,64,1,512,128,8,1,[8; 4; 64; 1; 512; 128; 8; 1],0.012547032616566867,0.5571442173057344,tvm
8,2,16,2,64,64,4,1,[8; 2; 16; 2; 64; 64; 4; 1],0.01596891213557683,0.43775722524596106,tvm
16,16,8,4,512,32,2,1,[16; 16; 8; 4; 512; 32; 2; 1],0.01560692474595271,0.4479105769046199,tvm
8,8,8,2,256,32,2,1,[8; 8; 8; 2; 256; 32; 2; 1],0.017368348635500297,0.4024853953229794,tvm
14,2,32,2,512,32,2,1,[14; 2; 32; 2; 512; 32; 2; 1],0.014033595623914152,0.49812655672893924,tvm
14,1,4,4,128,64,4,1,[14; 1; 4; 4; 128; 64; 4; 1],0.016187754983548075,0.4318391694074473,tvm
56,56,8,2,512,64,4,1,[56; 56; 8; 2; 512; 64; 4; 1],0.017594429635209963,0.3973136277562115,tvm
8,4,8,1,512,32,2,1,[8; 4; 8; 1; 512; 32; 2; 1],0.016292774729663506,0.4290556263531572,tvm
32,1,8,4,128,32,2,1,[32; 1; 8; 4; 128; 32; 2; 1],0.01713099211337976,0.4080619861593944,tvm
7,7,2,1,512,128,8,1,[7; 7; 2; 1; 512; 128; 8; 1],0.02288374974159524,0.3054790733863075,tvm
32,2,32,4,256,64,4,1,[32; 2; 32; 4; 256; 64; 4; 1],0.014676069520646706,0.4763200839865351,tvm
8,1,4,4,256,64,4,1,[8; 1; 4; 4; 256; 64; 4; 1],0.014892532635712996,0.4693967666656712,tvm
64,2,32,2,512,128,8,1,[64; 2; 32; 2; 512; 128; 8; 1],0.019017655489733443,0.3675798349823114,tvm
14,14,4,4,128,64,4,1,[14; 14; 4; 4; 128; 64; 4; 1],0.018225977750262246,0.3835463184720547,tvm
8,8,8,2,512,64,4,1,[8; 8; 8; 2; 512; 64; 4; 1],0.014682341017760336,0.4761166259665727,tvm
64,1,64,4,512,64,4,1,[64; 1; 64; 4; 512; 64; 4; 1],0.017764548130799085,0.39350883654321356,tvm
14,7,8,8,128,32,2,1,[14; 7; 8; 8; 128; 32; 2; 1],0.017179052985738963,0.4069203740433057,tvm
8,1,8,2,256,64,4,1,[8; 1; 8; 2; 256; 64; 4; 1],0.015667201252654195,0.44618732815999274,tvm
64,4,16,8,512,32,2,1,[64; 4; 16; 8; 512; 32; 2; 1],0.020370252605061978,0.3431723112225685,tvm
28,7,8,4,512,32,2,1,[28; 7; 8; 4; 512; 32; 2; 1],0.014406454865820706,0.48523434333950083,tvm
14,1,64,1,256,32,2,1,[14; 1; 64; 1; 256; 32; 2; 1],0.01707122300285846,0.4094906771176356,tvm
8,2,32,2,512,32,2,1,[8; 2; 32; 2; 512; 32; 2; 1],0.014629395649535581,0.47783974363210174,tvm
8,8,4,1,512,32,2,1,[8; 8; 4; 1; 512; 32; 2; 1],0.01576700425357558,0.44336302281908674,tvm
28,1,64,8,128,32,2,1,[28; 1; 64; 8; 128; 32; 2; 1],0.01634939687210135,0.42756969699569064,tvm
16,2,32,1,512,128,8,1,[16; 2; 32; 1; 512; 128; 8; 1],0.012976908357813954,0.5386881431167219,tvm
7,7,4,4,512,32,2,1,[7; 7; 4; 4; 512; 32; 2; 1],0.01350004060077481,0.5178137513353448,tvm
16,16,32,2,128,128,8,1,[16; 16; 32; 2; 128; 128; 8; 1],0.01378142149769701,0.5072413370300617,tvm
8,1,4,2,512,128,8,1,[8; 1; 4; 2; 512; 128; 8; 1],0.019590243260608986,0.3568361338688838,tvm
64,16,64,4,256,32,2,1,[64; 16; 64; 4; 256; 32; 2; 1],0.02164011588320136,0.3230346225684128,tvm
14,7,16,2,512,32,2,1,[14; 7; 16; 2; 512; 32; 2; 1],0.015013812750112265,0.4656050253866657,tvm
28,28,8,4,256,32,2,1,[28; 28; 8; 4; 256; 32; 2; 1],0.01717433548765257,0.4070321481545803,tvm
64,64,4,2,512,128,8,1,[64; 64; 4; 2; 512; 128; 8; 1],0.03102203522576019,0.22534004025828275,tvm
28,14,16,2,512,128,8,1,[28; 14; 16; 2; 512; 128; 8; 1],0.01593805188895203,0.4386048379922994,tvm
7,7,8,4,256,32,2,1,[7; 7; 8; 4; 256; 32; 2; 1],0.014974918885855004,0.466814326004113,tvm
28,28,16,8,64,32,2,1,[28; 28; 16; 8; 64; 32; 2; 1],0.01753226201981306,0.39872246141238105,tvm
56,8,32,4,512,32,2,1,[56; 8; 32; 4; 512; 32; 2; 1],0.014198065240634605,0.4923562857465934,tvm
7,1,32,4,256,32,2,1,[7; 1; 32; 4; 256; 32; 2; 1],0.01536422863136977,0.4549858528135845,tvm
32,8,64,4,256,32,2,1,[32; 8; 64; 4; 256; 32; 2; 1],0.016184367617825046,0.43192955274739947,tvm
32,8,4,4,256,32,2,1,[32; 8; 4; 4; 256; 32; 2; 1],0.016126349131809548,0.433483524977005,tvm
16,4,64,2,512,128,8,1,[16; 4; 64; 2; 512; 128; 8; 1],0.01690482275444083,0.4135214410828584,tvm
7,1,8,1,256,64,4,1,[7; 1; 8; 1; 256; 64; 4; 1],0.016329809761373326,0.42808255385816385,tvm
14,7,8,2,512,64,4,1,[14; 7; 8; 2; 512; 64; 4; 1],0.015634267241694033,0.4471272339533847,tvm
8,2,64,1,256,128,8,1,[8; 2; 64; 1; 256; 128; 8; 1],0.014162863633828238,0.49358003066341216,tvm
8,4,4,2,64,64,4,1,[8; 4; 4; 2; 64; 64; 4; 1],0.016088707488961518,0.43449771657933756,tvm
64,1,64,4,256,64,4,1,[64; 1; 64; 4; 256; 64; 4; 1],0.019592241500504315,0.35679973965647205,tvm
56,2,32,2,128,128,8,1,[56; 2; 32; 2; 128; 128; 8; 1],0.016691074997652322,0.41881704250025326,tvm
28,7,8,8,64,32,2,1,[28; 7; 8; 8; 64; 32; 2; 1],0.016203825623961166,0.4314108796832249,tvm
32,4,4,4,64,64,4,1,[32; 4; 4; 4; 64; 64; 4; 1],0.017646186868660152,0.3961482851052594,tvm
4,4,64,4,512,32,2,1,[4; 4; 64; 4; 512; 32; 2; 1],0.02964873774908483,0.23577754728807784,tvm
64,64,64,2,256,64,4,1,[64; 64; 64; 2; 256; 64; 4; 1],0.013986409147037193,0.49980710511014176,tvm
16,4,64,2,128,32,2,1,[16; 4; 64; 2; 128; 32; 2; 1],0.016424107365310192,0.4256247545867551,tvm
32,8,2,2,256,128,8,1,[32; 8; 2; 2; 256; 128; 8; 1],0.01809285127092153,0.38636843701366574,tvm
28,14,64,1,512,32,2,1,[28; 14; 64; 1; 512; 32; 2; 1],0.019190747378161177,0.3642644306089805,tvm
64,32,64,1,256,128,8,1,[64; 32; 64; 1; 256; 128; 8; 1],0.03008981450693682,0.23232136127177175,tvm
14,7,64,4,128,32,2,1,[14; 7; 64; 4; 128; 32; 2; 1],0.01845224149292335,0.37884322451272967,tvm
56,56,4,4,64,32,2,1,[56; 56; 4; 4; 64; 32; 2; 1],0.02053538351901807,0.34041276415376776,tvm
7,7,16,4,128,32,2,1,[7; 7; 16; 4; 128; 32; 2; 1],0.01610434948815964,0.43407569314155026,tvm
56,56,8,4,64,32,2,1,[56; 56; 8; 4; 64; 32; 2; 1],0.02055502199800685,0.3400875303049791,tvm
32,1,64,2,512,64,4,1,[32; 1; 64; 2; 512; 64; 4; 1],0.01647192213567905,0.42438924911652304,tvm
64,32,64,1,512,128,8,1,[64; 32; 64; 1; 512; 128; 8; 1],0.026636586524546146,0.2624400337567569,tvm
8,8,2,2,128,32,2,1,[8; 8; 2; 2; 128; 32; 2; 1],0.01631679412093945,0.4284240283264777,tvm
32,2,64,8,128,32,2,1,[32; 2; 64; 8; 128; 32; 2; 1],0.017645470623392612,0.39616436511471376,tvm
8,2,32,2,128,32,2,1,[8; 2; 32; 2; 128; 32; 2; 1],0.01627196351182647,0.4296043720590919,tvm
64,64,64,2,256,128,8,1,[64; 64; 64; 2; 256; 128; 8; 1],0.01494689186802134,0.4676896526978131,tvm
8,2,4,1,64,64,4,1,[8; 2; 4; 1; 64; 64; 4; 1],0.01669360962114297,0.41875345268724723,tvm
8,1,16,8,256,32,2,1,[8; 1; 16; 8; 256; 32; 2; 1],0.017584079265361652,0.39754749516154964,tvm
7,7,4,2,256,64,4,1,[7; 7; 4; 2; 256; 64; 4; 1],0.018418432387989014,0.3795386338755572,tvm
16,1,8,2,512,128,8,1,[16; 1; 8; 2; 512; 128; 8; 1],0.01702649111393839,0.4105664884142823,tvm
56,1,16,2,512,128,8,1,[56; 1; 16; 2; 512; 128; 8; 1],0.015131826105061918,0.46197376431177684,tvm
7,7,64,1,256,32,2,1,[7; 7; 64; 1; 256; 32; 2; 1],0.016826500766910613,0.41544625133310714,tvm
32,16,64,8,128,32,2,1,[32; 16; 64; 8; 128; 32; 2; 1],0.017252704012207687,0.40518324905593445,tvm
8,4,8,2,64,64,4,1,[8; 4; 8; 2; 64; 64; 4; 1],0.016031797626055777,0.43604010166054635,tvm
56,56,32,2,128,64,4,1,[56; 56; 32; 2; 128; 64; 4; 1],0.01475756024592556,0.47368986134389574,tvm
28,1,8,2,512,128,8,1,[28; 1; 8; 2; 512; 128; 8; 1],0.016026907367631793,0.4361731497110172,tvm
32,32,4,4,64,64,4,1,[32; 32; 4; 4; 64; 64; 4; 1],0.014968774485168979,0.46700594451421806,tvm
16,1,32,1,512,64,4,1,[16; 1; 32; 1; 512; 64; 4; 1],0.014084022986935452,0.49634303161470017,tvm
16,1,32,4,128,64,4,1,[16; 1; 32; 4; 128; 64; 4; 1],0.01618583401432261,0.43189042099905817,tvm
14,2,16,2,512,64,4,1,[14; 2; 16; 2; 512; 64; 4; 1],0.01378620124887675,0.5070654736914005,tvm
32,2,16,8,256,32,2,1,[32; 2; 16; 8; 256; 32; 2; 1],0.01670188337448053,0.4185460112449198,tvm
8,2,16,4,256,32,2,1,[8; 2; 16; 4; 256; 32; 2; 1],0.01523136260220781,0.4589547796369434,tvm
56,8,64,8,32,32,2,1,[56; 8; 64; 8; 32; 32; 2; 1],0.014761128491954878,0.47357535506019327,tvm
8,8,16,2,128,64,4,1,[8; 8; 16; 2; 128; 64; 4; 1],0.015344904240919277,0.45555883288118076,tvm
28,28,32,1,128,128,8,1,[28; 28; 32; 1; 128; 128; 8; 1],0.014917777851223946,0.46860241092094845,tvm
14,14,16,1,512,128,8,1,[14; 14; 16; 1; 512; 128; 8; 1],0.014389264397323132,0.48581403980366966,tvm
16,4,8,4,256,32,2,1,[16; 4; 8; 4; 256; 32; 2; 1],0.015874272881774232,0.4403670466502245,tvm
8,8,64,1,512,32,2,1,[8; 8; 64; 1; 512; 32; 2; 1],0.015544124878942966,0.44972018181200024,tvm
56,7,16,4,128,64,4,1,[56; 7; 16; 4; 128; 64; 4; 1],0.01364360173465684,0.5123651952482392,tvm
28,28,64,1,128,128,8,1,[28; 28; 64; 1; 128; 128; 8; 1],0.015502878261031583,0.45091669746502344,tvm
8,4,64,2,512,32,2,1,[8; 4; 64; 2; 512; 32; 2; 1],0.015234685241011903,0.4588546829866995,tvm
56,7,8,8,128,32,2,1,[56; 7; 8; 8; 128; 32; 2; 1],0.014264171506511047,0.4900744963334021,tvm
8,1,8,4,512,32,2,1,[8; 1; 8; 4; 512; 32; 2; 1],0.015281175263226032,0.45745870630050545,tvm
8,8,32,2,256,128,8,1,[8; 8; 32; 2; 256; 128; 8; 1],0.015069912245962769,0.46387175668786157,tvm
56,8,4,4,256,32,2,1,[56; 8; 4; 4; 256; 32; 2; 1],0.014122046763077378,0.4950066221947097,tvm
16,1,32,4,256,64,4,1,[16; 1; 32; 4; 256; 64; 4; 1],0.015382213518023491,0.45445388327732034,tvm
56,14,16,8,512,32,2,1,[56; 14; 16; 8; 512; 32; 2; 1],0.014887952245771885,0.4695411800942565,tvm
14,1,64,1,512,128,8,1,[14; 1; 64; 1; 512; 128; 8; 1],0.026457189756911248,0.26421954602493564,tvm
16,2,8,4,512,32,2,1,[16; 2; 8; 4; 512; 32; 2; 1],0.014296647248556837,0.48896126099581266,tvm
56,28,8,8,512,32,2,1,[56; 28; 8; 8; 512; 32; 2; 1],0.01514998564380221,0.4614200192015661,tvm
56,4,32,4,512,32,2,1,[56; 4; 32; 4; 512; 32; 2; 1],0.01409298411454074,0.4960274282473689,tvm
14,14,64,4,512,64,4,1,[14; 14; 64; 4; 512; 64; 4; 1],0.01216760255920235,0.5745179983200348,tvm
32,4,32,4,512,32,2,1,[32; 4; 32; 4; 512; 32; 2; 1],0.014522202516673133,0.4813668352745235,tvm
28,7,32,4,512,32,2,1,[28; 7; 32; 4; 512; 32; 2; 1],0.014959310385165736,0.46730139870610204,tvm
28,28,32,4,256,64,4,1,[28; 28; 32; 4; 256; 64; 4; 1],0.013131409883499146,0.5323500468484269,tvm
28,7,8,8,512,32,2,1,[28; 7; 8; 8; 512; 32; 2; 1],0.011899282500962727,0.5874729561300096,tvm
16,8,16,4,512,64,4,1,[16; 8; 16; 4; 512; 64; 4; 1],0.013598394492873922,0.5140685299525587,tvm
16,16,4,4,512,64,4,1,[16; 16; 4; 4; 512; 64; 4; 1],0.01389807925443165,0.5029836525387218,tvm
16,8,64,4,512,64,4,1,[16; 8; 64; 4; 512; 64; 4; 1],0.013531154108932242,0.5166230914517531,tvm
32,2,64,4,512,64,4,1,[32; 2; 64; 4; 512; 64; 4; 1],0.01257524749962613,0.5558941616755058,tvm
56,7,32,4,512,64,4,1,[56; 7; 32; 4; 512; 64; 4; 1],0.011874096817336977,0.5887190221036482,tvm
28,28,32,1,64,32,2,1,[28; 28; 32; 1; 64; 32; 2; 1],0.022572367743123323,0.30969310558022106,tvm
4,4,16,4,128,32,2,1,[4; 4; 16; 4; 128; 32; 2; 1],0.01835721588577144,0.38080429571485097,tvm
7,1,4,1,512,128,8,1,[7; 1; 4; 1; 512; 128; 8; 1],0.01741509701241739,0.40140497992530644,tvm
8,4,2,1,512,32,2,1,[8; 4; 2; 1; 512; 32; 2; 1],0.016687576891854405,0.4189048363324034,tvm
56,56,16,4,64,32,2,1,[56; 56; 16; 4; 64; 32; 2; 1],0.01767623538034968,0.39547485741437194,tvm
8,1,64,8,256,32,2,1,[8; 1; 64; 8; 256; 32; 2; 1],0.01988186113885604,0.35160222767096977,tvm
16,4,8,8,64,32,2,1,[16; 4; 8; 8; 64; 32; 2; 1],0.018148817238397896,0.3851769828766957,tvm
56,28,2,2,512,64,4,1,[56; 28; 2; 2; 512; 64; 4; 1],0.017479659494711086,0.3999223594018992,tvm
16,16,16,2,128,64,4,1,[16; 16; 16; 2; 128; 64; 4; 1],0.01614813512424007,0.43289869776808915,tvm
16,2,2,2,256,128,8,1,[16; 2; 2; 2; 256; 128; 8; 1],0.01788856476196088,0.390780745112186,tvm
7,1,2,1,256,128,8,1,[7; 1; 2; 1; 256; 128; 8; 1],0.022550453373696655,0.3099940631269324,tvm
16,4,16,2,256,32,2,1,[16; 4; 16; 2; 256; 32; 2; 1],0.01649985575932078,0.4236707743773896,tvm
14,2,32,2,64,64,4,1,[14; 2; 32; 2; 64; 64; 4; 1],0.015938708267640322,0.43858677562090737,tvm
14,1,32,1,64,64,4,1,[14; 1; 32; 1; 64; 64; 4; 1],0.01679582626093179,0.41620498795745764,tvm
28,2,64,8,32,32,2,1,[28; 2; 64; 8; 32; 32; 2; 1],0.01655195211060345,0.4223372941121811,tvm
8,1,32,8,128,32,2,1,[8; 1; 32; 8; 128; 32; 2; 1],0.017963369231438264,0.38915342531802766,tvm
8,4,16,8,128,32,2,1,[8; 4; 16; 8; 128; 32; 2; 1],0.017051572125637904,0.40996258967559274,tvm
14,1,32,8,128,32,2,1,[14; 1; 32; 8; 128; 32; 2; 1],0.01759476214647293,0.3973061192002526,tvm
16,1,2,2,512,64,4,1,[16; 1; 2; 2; 512; 64; 4; 1],0.017001184110995382,0.41117763451226974,tvm
14,14,8,8,128,32,2,1,[14; 14; 8; 8; 128; 32; 2; 1],0.01946760862483643,0.35908399441255984,tvm
16,8,8,8,128,32,2,1,[16; 8; 8; 8; 128; 32; 2; 1],0.016394087491789833,0.42640413320762843,tvm
32,16,16,8,128,32,2,1,[32; 16; 16; 8; 128; 32; 2; 1],0.017020339873852208,0.4107148692962327,tvm
56,7,64,2,256,128,8,1,[56; 7; 64; 2; 256; 128; 8; 1],0.01606784699833952,0.4350618142797276,tvm
16,2,64,1,128,128,8,1,[16; 2; 64; 1; 128; 128; 8; 1],0.014907910750480369,0.4689125648569781,tvm
16,16,16,1,512,64,4,1,[16; 16; 16; 1; 512; 64; 4; 1],0.015218339249258861,0.45934753800465494,tvm
7,7,8,1,256,64,4,1,[7; 7; 8; 1; 256; 64; 4; 1],0.016095389757538214,0.4343173276305838,tvm
14,1,8,2,512,64,4,1,[14; 1; 8; 2; 512; 64; 4; 1],0.01821751776151359,0.38372443261369243,tvm
8,4,8,2,256,32,2,1,[8; 4; 8; 2; 256; 32; 2; 1],0.017319878737907857,0.40361175574322067,tvm
8,1,2,1,128,64,4,1,[8; 1; 2; 1; 128; 64; 4; 1],0.02186140962294303,0.31976468065125574,tvm
32,2,4,4,256,64,4,1,[32; 2; 4; 4; 256; 64; 4; 1],0.014671198994619772,0.4764782121236464,tvm
56,14,32,2,512,128,8,1,[56; 14; 32; 2; 512; 128; 8; 1],0.015079718868946657,0.46357009221584816,tvm
56,2,32,4,64,64,4,1,[56; 2; 32; 4; 64; 64; 4; 1],0.014797899522818625,0.4723985762903161,tvm
14,1,64,2,512,128,8,1,[14; 1; 64; 2; 512; 128; 8; 1],0.017372472648276016,0.4023898502070965,tvm
32,2,8,4,256,64,4,1,[32; 2; 8; 4; 256; 64; 4; 1],0.014756599382963032,0.4737207052417125,tvm
56,14,4,4,256,32,2,1,[56; 14; 4; 4; 256; 32; 2; 1],0.014046292752027512,0.4976762758741179,tvm
8,8,8,8,256,32,2,1,[8; 8; 8; 8; 256; 32; 2; 1],0.01546129773487337,0.4521293611013901,tvm
32,16,64,8,512,32,2,1,[32; 16; 64; 8; 512; 32; 2; 1],0.014020293252542615,0.4985991762618033,tvm
8,4,16,2,512,32,2,1,[8; 4; 16; 2; 512; 32; 2; 1],0.01561239964212291,0.4477535053487861,tvm
28,28,32,1,128,128,8,1,[28; 28; 32; 1; 128; 128; 8; 1],0.014777513744775206,0.47305025645049775,tvm
56,4,16,4,64,64,4,1,[56; 4; 16; 4; 64; 64; 4; 1],0.014796612900681794,0.4724396531549839,tvm
16,2,4,4,256,64,4,1,[16; 2; 4; 4; 256; 64; 4; 1],0.01505970724974759,0.46418609277971407,tvm
56,4,64,8,256,32,2,1,[56; 4; 64; 8; 256; 32; 2; 1],0.014782246114918962,0.4728988147214994,tvm
32,16,16,4,512,32,2,1,[32; 16; 16; 4; 512; 32; 2; 1],0.014664868998806924,0.4766838808608101,tvm
32,1,2,2,512,128,8,1,[32; 1; 2; 2; 512; 128; 8; 1],0.015581843123072758,0.44863156504993296,tvm
56,56,16,4,128,64,4,1,[56; 56; 16; 4; 128; 64; 4; 1],0.0159281806263607,0.43887665708019225,tvm
56,28,64,8,512,32,2,1,[56; 28; 64; 8; 512; 32; 2; 1],0.013807736249873415,0.5062746376496549,tvm
56,7,64,4,512,32,2,1,[56; 7; 64; 4; 512; 32; 2; 1],0.013761591369984671,0.5079722598008266,tvm
56,14,32,4,512,64,4,1,[56; 14; 32; 4; 512; 64; 4; 1],0.011882426930242218,0.5883063037294999,tvm
8,8,8,4,256,64,4,1,[8; 8; 8; 4; 256; 64; 4; 1],0.01605897137778811,0.43530226825956936,tvm
28,4,16,8,512,32,2,1,[28; 4; 16; 8; 512; 32; 2; 1],0.014782246260438114,0.47289881006619644,tvm
56,7,16,2,512,128,8,1,[56; 7; 16; 2; 512; 128; 8; 1],0.015373458882095292,0.45471267853769487,tvm
14,1,64,1,256,64,4,1,[14; 1; 64; 1; 256; 64; 4; 1],0.014838127011898905,0.4711178615104777,tvm
16,2,32,4,256,64,4,1,[16; 2; 32; 4; 256; 64; 4; 1],0.015342538245022297,0.45562908529393126,tvm
28,14,16,4,128,64,4,1,[28; 14; 16; 4; 128; 64; 4; 1],0.014843650627881289,0.47094254923624934,tvm
28,28,64,1,256,128,8,1,[28; 28; 64; 1; 256; 128; 8; 1],0.014550238498486578,0.4804393183928754,tvm
28,1,4,4,256,32,2,1,[28; 1; 4; 4; 256; 32; 2; 1],0.015201028756564483,0.4598706297195743,tvm
8,4,64,2,256,32,2,1,[8; 4; 64; 2; 256; 32; 2; 1],0.016296778252581134,0.42895022306384323,tvm
28,7,16,2,512,128,8,1,[28; 7; 16; 2; 512; 128; 8; 1],0.015723564982181415,0.44458789559419853,tvm
8,8,8,1,512,128,8,1,[8; 8; 8; 1; 512; 128; 8; 1],0.015803548885742202,0.4423377759772319,tvm
32,32,8,4,512,32,2,1,[32; 32; 8; 4; 512; 32; 2; 1],0.0160147606220562,0.43650397477930747,tvm
16,8,32,1,512,64,4,1,[16; 8; 32; 1; 512; 64; 4; 1],0.014273017121013254,0.4897707756809868,tvm
56,8,16,8,512,32,2,1,[56; 8; 16; 8; 512; 32; 2; 1],0.017067096865503117,0.40958967548817476,tvm
56,7,16,8,64,32,2,1,[56; 7; 16; 8; 64; 32; 2; 1],0.015827368246391416,0.4416720807807374,tvm
28,28,64,1,128,128,8,1,[28; 28; 64; 1; 128; 128; 8; 1],0.015528086107224226,0.45018469233078445,tvm
64,4,32,4,128,64,4,1,[64; 4; 32; 4; 128; 64; 4; 1],0.018292645749170333,0.38214847444819305,tvm
8,1,32,8,256,32,2,1,[8; 1; 32; 8; 256; 32; 2; 1],0.019011530879652128,0.36769825170410364,tvm
64,32,64,2,512,64,4,1,[64; 32; 64; 2; 512; 64; 4; 1],0.016887578123714775,0.4139437055719722,tvm
16,8,4,2,512,64,4,1,[16; 8; 4; 2; 512; 64; 4; 1],0.017287006514379755,0.4043792463924736,tvm
56,7,64,1,256,128,8,1,[56; 7; 64; 1; 256; 128; 8; 1],0.025786210491787642,0.2710947647345466,tvm
14,14,2,2,128,128,8,1,[14; 14; 2; 2; 128; 128; 8; 1],0.014160337130306289,0.49366809577615345,tvm
56,7,2,2,256,128,8,1,[56; 7; 2; 2; 256; 128; 8; 1],0.015947657491778955,0.4383406572576747,tvm
32,8,4,2,512,64,4,1,[32; 8; 4; 2; 512; 64; 4; 1],0.016515697730937973,0.4232643864371364,tvm
8,2,16,8,128,32,2,1,[8; 2; 16; 8; 128; 32; 2; 1],0.01744309812784195,0.4007606111845871,tvm
8,2,8,4,64,64,4,1,[8; 2; 8; 4; 64; 64; 4; 1],0.01719276499352418,0.4065958366382434,tvm
7,1,8,1,256,32,2,1,[7; 1; 8; 1; 256; 32; 2; 1],0.018286382139194757,0.38227937125317535,tvm
28,28,16,2,256,32,2,1,[28; 28; 16; 2; 256; 32; 2; 1],0.01727399035007693,0.40468395113092875,tvm
7,7,2,2,128,32,2,1,[7; 7; 2; 2; 128; 32; 2; 1],0.016419863735791296,0.4257347551203527,tvm
16,2,16,1,512,32,2,1,[16; 2; 16; 1; 512; 32; 2; 1],0.016585505480179563,0.42148288305235204,tvm
8,8,32,8,128,32,2,1,[8; 8; 32; 8; 128; 32; 2; 1],0.016056684631621465,0.43536426273826234,tvm
8,1,16,8,512,32,2,1,[8; 1; 16; 8; 512; 32; 2; 1],0.017511425248812884,0.3991968995864891,tvm
14,14,64,4,128,32,2,1,[14; 14; 64; 4; 128; 32; 2; 1],0.015044919011415914,0.46464235941465354,tvm
7,1,8,2,512,128,8,1,[7; 1; 8; 2; 512; 128; 8; 1],0.01780376085662283,0.39264213460080627,tvm
56,4,32,4,64,32,2,1,[56; 4; 32; 4; 64; 32; 2; 1],0.01756334860692732,0.39801673491292416,tvm
4,4,4,4,128,64,4,1,[4; 4; 4; 4; 128; 64; 4; 1],0.01828948874026537,0.38221443835533037,tvm
16,1,16,1,512,64,4,1,[16; 1; 16; 1; 512; 64; 4; 1],0.01508640288375318,0.46336470797786194,tvm
16,16,16,2,256,64,4,1,[16; 16; 16; 2; 256; 64; 4; 1],0.014763004495762289,0.4735151756319852,tvm
56,8,4,2,512,128,8,1,[56; 8; 4; 2; 512; 128; 8; 1],0.015028293651994318,0.4651563795959628,tvm
16,8,8,2,512,64,4,1,[16; 8; 8; 2; 512; 64; 4; 1],0.017564043519087136,0.39800098758978636,tvm
56,1,4,2,512,128,8,1,[56; 1; 4; 2; 512; 128; 8; 1],0.014912637998349965,0.46876392140948797,tvm
16,2,32,1,128,128,8,1,[16; 2; 32; 1; 128; 128; 8; 1],0.014243338868254796,0.49079129067461397,tvm
32,8,64,2,512,64,4,1,[32; 8; 64; 2; 512; 64; 4; 1],0.0167101863771677,0.41833804296870597,tvm
14,7,32,2,256,32,2,1,[14; 7; 32; 2; 256; 32; 2; 1],0.01499226936721243,0.4662740840259088,tvm
14,1,64,1,256,64,4,1,[14; 1; 64; 1; 256; 64; 4; 1],0.014796005241805688,0.4724590558345567,tvm
7,1,16,1,512,128,8,1,[7; 1; 16; 1; 512; 128; 8; 1],0.014771423127967864,0.47324530656975133,tvm
14,2,64,1,128,64,4,1,[14; 2; 64; 1; 128; 64; 4; 1],0.015356180374510586,0.45522431335008723,tvm
7,1,16,1,256,128,8,1,[7; 1; 16; 1; 256; 128; 8; 1],0.015227193769533187,0.45908043021383127,tvm
8,2,8,2,512,64,4,1,[8; 2; 8; 2; 512; 64; 4; 1],0.014824289624812081,0.4715576154803628,tvm
14,7,16,4,512,32,2,1,[14; 7; 16; 4; 512; 32; 2; 1],0.01672542784945108,0.41795682176800586,tvm
8,1,32,4,256,64,4,1,[8; 1; 32; 4; 256; 64; 4; 1],0.016515367635292932,0.42327284629911155,tvm
8,8,16,2,128,64,4,1,[8; 8; 16; 2; 128; 64; 4; 1],0.015351828624261543,0.45535335481918365,tvm
14,14,64,1,512,32,2,1,[14; 14; 64; 1; 512; 32; 2; 1],0.015908110508462414,0.4394303561663106,tvm
56,8,4,4,128,32,2,1,[56; 8; 4; 4; 128; 32; 2; 1],0.014494817005470395,0.482276296694772,tvm
16,1,8,4,256,32,2,1,[16; 1; 8; 4; 256; 32; 2; 1],0.016385367373004556,0.42663106096624737,tvm
56,7,16,4,128,32,2,1,[56; 7; 16; 4; 128; 32; 2; 1],0.015885166736552492,0.4400650482680294,tvm
8,1,32,2,512,128,8,1,[8; 1; 32; 2; 512; 128; 8; 1],0.014596155262552202,0.4789279464984498,tvm
16,1,4,4,256,32,2,1,[16; 1; 4; 4; 256; 32; 2; 1],0.016493534989422187,0.42383313650772225,tvm
14,14,16,4,256,32,2,1,[14; 14; 16; 4; 256; 32; 2; 1],0.015005973487859592,0.46584826184867345,tvm
56,4,8,4,64,64,4,1,[56; 4; 8; 4; 64; 64; 4; 1],0.014756676129763946,0.47371824150608977,tvm
56,2,16,8,128,32,2,1,[56; 2; 16; 8; 128; 32; 2; 1],0.01552983300643973,0.4501340525534257,tvm
8,8,32,1,128,128,8,1,[8; 8; 32; 1; 128; 128; 8; 1],0.015924728999380022,0.4389717819963416,tvm
14,2,32,1,256,128,8,1,[14; 2; 32; 1; 256; 128; 8; 1],0.01465348550118506,0.4770541906975872,tvm
56,1,16,4,128,64,4,1,[56; 1; 16; 4; 128; 64; 4; 1],0.013775753614027053,0.5074500359492956,tvm
14,14,32,2,512,128,8,1,[14; 14; 32; 2; 512; 128; 8; 1],0.012897089618491009,0.5420220277173334,tvm
14,14,64,2,512,32,2,1,[14; 14; 64; 2; 512; 32; 2; 1],0.014067743381019682,0.49691741435220643,tvm
32,4,16,4,512,32,2,1,[32; 4; 16; 4; 512; 32; 2; 1],0.014615277119446546,0.4783013424607158,tvm
14,14,64,2,512,64,4,1,[14; 14; 64; 2; 512; 64; 4; 1],0.01264668011572212,0.5527542882954869,tvm
8,8,4,4,512,64,4,1,[8; 8; 4; 4; 512; 64; 4; 1],0.01416653287014924,0.49345218980125966,tvm
14,14,64,4,512,32,2,1,[14; 14; 64; 4; 512; 32; 2; 1],0.013352104258956388,0.523550934825688,tvm
56,4,64,8,512,32,2,1,[56; 4; 64; 8; 512; 32; 2; 1],0.013294214848428965,0.5258307276035008,tvm
28,4,64,4,512,32,2,1,[28; 4; 64; 4; 512; 32; 2; 1],0.014838586008409038,0.4711032885953649,tvm
28,1,16,4,256,64,4,1,[28; 1; 16; 4; 256; 64; 4; 1],0.013828728871885687,0.5055060903593694,tvm
32,4,64,4,512,32,2,1,[32; 4; 64; 4; 512; 32; 2; 1],0.0143646665092092,0.48664594212368567,tvm
28,14,4,4,512,32,2,1,[28; 14; 4; 4; 512; 32; 2; 1],0.013424791512079537,0.5207162182277957,tvm
56,56,4,4,256,64,4,1,[56; 56; 4; 4; 256; 64; 4; 1],0.014673475991003215,0.4764042733264275,tvm
28,28,32,8,512,32,2,1,[28; 28; 32; 8; 512; 32; 2; 1],0.013224055495811626,0.5286204877830956,tvm
32,1,8,4,512,64,4,1,[32; 1; 8; 4; 512; 64; 4; 1],0.012424435932189226,0.5626417734229417,tvm
32,2,32,4,512,64,4,1,[32; 2; 32; 4; 512; 64; 4; 1],0.012706301873549819,0.5501606003253011,tvm
56,4,32,4,512,64,4,1,[56; 4; 32; 4; 512; 64; 4; 1],0.011973490822128952,0.5838319643380089,tvm
16,4,16,1,256,32,2,1,[16; 4; 16; 1; 256; 32; 2; 1],0.017031771480105817,0.41043920033990705,tvm
32,16,64,1,128,128,8,1,[32; 16; 64; 1; 128; 128; 8; 1],0.028660352749284357,0.24390860530637462,tvm
7,1,4,1,128,64,4,1,[7; 1; 4; 1; 128; 64; 4; 1],0.015744858130346984,0.44398664051427755,tvm
32,8,32,8,64,32,2,1,[32; 8; 32; 8; 64; 32; 2; 1],0.018325519369682297,0.3814629493247404,tvm
32,1,64,8,64,32,2,1,[32; 1; 64; 8; 64; 32; 2; 1],0.018436890881275758,0.3791586505383142,tvm
16,1,64,1,64,64,4,1,[16; 1; 64; 1; 64; 64; 4; 1],0.018002265773247927,0.3883126021311625,tvm
14,14,8,1,256,64,4,1,[14; 14; 8; 1; 256; 64; 4; 1],0.017167459765914828,0.4071951681835879,tvm
8,4,8,4,64,64,4,1,[8; 4; 8; 4; 64; 64; 4; 1],0.017927535518538207,0.3899312685470928,tvm
56,14,2,2,512,64,4,1,[56; 14; 2; 2; 512; 64; 4; 1],0.01733982062432915,0.4031475767897177,tvm
4,4,4,4,512,32,2,1,[4; 4; 4; 4; 512; 32; 2; 1],0.015470845508389175,0.45185033118429213,tvm
8,1,4,2,512,128,8,1,[8; 1; 4; 2; 512; 128; 8; 1],0.0194418778992258,0.3595592310012932,tvm
8,8,4,4,64,64,4,1,[8; 8; 4; 4; 64; 64; 4; 1],0.016604013362666592,0.42101307159776924,tvm
56,7,4,2,256,128,8,1,[56; 7; 4; 2; 256; 128; 8; 1],0.016112451266963035,0.4338574280748951,tvm
56,4,4,2,256,128,8,1,[56; 4; 4; 2; 256; 128; 8; 1],0.01614169988897629,0.4330712821293821,tvm
16,4,32,2,128,64,4,1,[16; 4; 32; 2; 128; 64; 4; 1],0.020287289371481165,0.3445756867102001,tvm
32,8,64,2,256,128,8,1,[32; 8; 64; 2; 256; 128; 8; 1],0.017755161883542314,0.3937168645669367,tvm
32,1,16,4,128,32,2,1,[32; 1; 16; 4; 128; 32; 2; 1],0.01725256713689305,0.4051864636259321,tvm
28,2,16,2,512,64,4,1,[28; 2; 16; 2; 512; 64; 4; 1],0.01705573537037708,0.40986251925601475,tvm
28,28,16,8,64,32,2,1,[28; 28; 16; 8; 64; 32; 2; 1],0.01751194812823087,0.3991849801906007,tvm
56,1,64,4,32,32,2,1,[56; 1; 64; 4; 32; 32; 2; 1],0.01719541472266428,0.40653318221240015,tvm
16,1,16,1,512,32,2,1,[16; 1; 16; 1; 512; 32; 2; 1],0.016555572365177795,0.42224494040267474,tvm
56,1,8,2,512,64,4,1,[56; 1; 8; 2; 512; 64; 4; 1],0.01545004898798652,0.45245854379505646,tvm
14,14,16,1,256,32,2,1,[14; 14; 16; 1; 256; 32; 2; 1],0.016677751613315195,0.41915162359688707,tvm
56,7,16,4,32,32,2,1,[56; 7; 16; 4; 32; 32; 2; 1],0.017183683143230155,0.4068107290153748,tvm
56,7,8,4,64,32,2,1,[56; 7; 8; 4; 64; 32; 2; 1],0.016124343150295317,0.4335374533714656,tvm
8,1,2,2,512,128,8,1,[8; 1; 2; 2; 512; 128; 8; 1],0.016402595007093623,0.42618297066064764,tvm
14,2,32,4,256,32,2,1,[14; 2; 32; 4; 256; 32; 2; 1],0.01829914835980162,0.38201267781526693,tvm
16,2,16,2,512,64,4,1,[16; 2; 16; 2; 512; 64; 4; 1],0.01836320335860364,0.38068013135580897,tvm
8,2,8,4,128,64,4,1,[8; 2; 8; 4; 128; 64; 4; 1],0.015653274225769565,0.44658430982818814,tvm
8,1,2,2,256,128,8,1,[8; 1; 2; 2; 256; 128; 8; 1],0.016847970226081088,0.4149168459382237,tvm
56,56,16,2,256,64,4,1,[56; 56; 16; 2; 256; 64; 4; 1],0.01520136051112786,0.45986059350078584,tvm
8,8,64,2,256,32,2,1,[8; 8; 64; 2; 256; 32; 2; 1],0.0162638223846443,0.4298194176829455,tvm
14,14,64,2,128,64,4,1,[14; 14; 64; 2; 128; 64; 4; 1],0.014519253396429121,0.48146460949472225,tvm
28,14,64,4,128,64,4,1,[28; 14; 64; 4; 128; 64; 4; 1],0.015279916871804744,0.45749638072743015,tvm
8,1,8,2,512,64,4,1,[8; 1; 8; 2; 512; 64; 4; 1],0.014491310139419511,0.48239300652678535,tvm
32,2,32,4,256,32,2,1,[32; 2; 32; 4; 256; 32; 2; 1],0.016102455265354365,0.4341267559182272,tvm
14,14,64,1,128,64,4,1,[14; 14; 64; 1; 128; 64; 4; 1],0.015468456753296778,0.45192010930093507,tvm
14,2,16,4,256,64,4,1,[14; 2; 16; 4; 256; 64; 4; 1],0.016038363508414477,0.435861592923687,tvm
8,1,32,4,256,64,4,1,[8; 1; 32; 4; 256; 64; 4; 1],0.016741223604185507,0.4175624692641317,tvm
8,4,2,2,128,128,8,1,[8; 4; 2; 2; 128; 128; 8; 1],0.014895662752678618,0.4692981294443979,tvm
28,7,16,4,256,32,2,1,[28; 7; 16; 4; 256; 32; 2; 1],0.016063458373537287,0.43518067555008755,tvm
16,16,64,1,512,32,2,1,[16; 16; 64; 1; 512; 32; 2; 1],0.01617513012024574,0.43217622453107435,tvm
14,7,32,1,128,128,8,1,[14; 7; 32; 1; 128; 128; 8; 1],0.014990750642027706,0.4663213226339881,tvm
56,14,32,8,32,32,2,1,[56; 14; 32; 8; 32; 32; 2; 1],0.014747497509233654,0.4740130766111196,tvm
8,2,16,4,512,32,2,1,[8; 2; 16; 4; 512; 32; 2; 1],0.014505925733828917,0.48190696650019904,tvm
56,8,64,4,64,64,4,1,[56; 8; 64; 4; 64; 64; 4; 1],0.014778427255805582,0.47302101540747543,tvm
28,28,64,4,256,32,2,1,[28; 28; 64; 4; 256; 32; 2; 1],0.014503397862426937,0.48199096053046603,tvm
56,14,64,4,128,64,4,1,[56; 14; 64; 4; 128; 64; 4; 1],0.013104524376103655,0.5334422269772711,tvm
14,2,32,2,512,128,8,1,[14; 2; 32; 2; 512; 128; 8; 1],0.017608363239560276,0.39699923107908563,tvm
8,1,8,4,512,32,2,1,[8; 1; 8; 4; 512; 32; 2; 1],0.015264502755599096,0.4579583612117672,tvm
8,4,32,2,256,128,8,1,[8; 4; 32; 2; 256; 128; 8; 1],0.015048568486236036,0.4645296775610542,tvm
64,16,32,4,512,64,4,1,[64; 16; 32; 4; 512; 64; 4; 1],0.01850657002069056,0.37773107922490223,tvm
16,16,32,1,256,128,8,1,[16; 16; 32; 1; 256; 128; 8; 1],0.014460563979810104,0.4834186741559209,tvm
14,7,16,4,512,64,4,1,[14; 7; 16; 4; 512; 64; 4; 1],0.014515699993353337,0.4815824706950118,tvm
28,2,16,4,512,32,2,1,[28; 2; 16; 4; 512; 32; 2; 1],0.014419745624763891,0.484787100173352,tvm
56,4,8,8,256,32,2,1,[56; 4; 8; 8; 256; 32; 2; 1],0.015401465265313163,0.4538858184104424,tvm
14,2,64,1,256,128,8,1,[14; 2; 64; 1; 256; 128; 8; 1],0.014482003869488835,0.4827029967444283,tvm
56,4,64,4,512,32,2,1,[56; 4; 64; 4; 512; 32; 2; 1],0.013651312881847844,0.512075778144529,tvm
56,1,4,4,256,64,4,1,[56; 1; 4; 4; 256; 64; 4; 1],0.012528251390904188,0.5579794377164193,tvm
56,7,16,4,256,64,4,1,[56; 7; 16; 4; 256; 64; 4; 1],0.013578979385783896,0.5148035406832687,tvm
14,14,64,1,512,128,8,1,[14; 14; 64; 1; 512; 128; 8; 1],0.012974220124306157,0.5387997582660491,tvm
32,1,64,4,512,64,4,1,[32; 1; 64; 4; 512; 64; 4; 1],0.012397134123602882,0.5638808612514286,tvm
32,2,64,4,512,64,4,1,[32; 2; 64; 4; 512; 64; 4; 1],0.012608763121534139,0.5544165275599304,tvm
56,7,32,4,512,64,4,1,[56; 7; 32; 4; 512; 64; 4; 1],0.012276754059712403,0.5694100112021326,tvm
14,2,16,2,128,32,2,1,[14; 2; 16; 2; 128; 32; 2; 1],0.017306475987425074,0.4039243270406977,tvm
7,7,16,4,64,64,4,1,[7; 7; 16; 4; 64; 64; 4; 1],0.01690966699970886,0.4134029763440655,tvm
56,1,2,2,128,128,8,1,[56; 1; 2; 2; 128; 128; 8; 1],0.016556920250877738,0.42221056577814203,tvm
28,14,64,1,512,64,4,1,[28; 14; 64; 1; 512; 64; 4; 1],0.015450452629011124,0.4524467233756426,tvm
7,7,64,4,128,32,2,1,[7; 7; 64; 4; 128; 32; 2; 1],0.016059394256444648,0.43529080580740903,tvm
4,4,8,4,512,32,2,1,[4; 4; 8; 4; 512; 32; 2; 1],0.016424990637460724,0.425601866141909,tvm
28,1,16,4,128,32,2,1,[28; 1; 16; 4; 128; 32; 2; 1],0.016872316977242008,0.4143181209845521,tvm
56,7,2,2,512,64,4,1,[56; 7; 2; 2; 512; 64; 4; 1],0.01705501737887971,0.4098797738736664,tvm
8,4,4,1,128,64,4,1,[8; 4; 4; 1; 128; 64; 4; 1],0.015360480872914195,0.4550968634708131,tvm
56,2,16,2,256,128,8,1,[56; 2; 16; 2; 256; 128; 8; 1],0.01666975225089118,0.41935276310377967,tvm
8,2,4,2,256,128,8,1,[8; 2; 4; 2; 256; 128; 8; 1],0.020276640396332368,0.34475665248426,tvm
7,1,16,1,256,32,2,1,[7; 1; 16; 1; 256; 32; 2; 1],0.016825310507556424,0.41547564091177736,tvm
7,1,8,2,512,128,8,1,[7; 1; 8; 2; 512; 128; 8; 1],0.01792212700820528,0.3900489413709771,tvm
8,1,2,2,128,32,2,1,[8; 1; 2; 2; 128; 32; 2; 1],0.016563836863497272,0.4220342620055664,tvm
56,4,16,4,64,32,2,1,[56; 4; 16; 4; 64; 32; 2; 1],0.016574075008975342,0.4217735628010073,tvm
8,2,16,8,512,32,2,1,[8; 2; 16; 8; 512; 32; 2; 1],0.016212408896535635,0.4311824794994185,tvm
28,14,32,4,128,32,2,1,[28; 14; 32; 4; 128; 32; 2; 1],0.01720917722559534,0.40620806997499176,tvm
8,8,4,2,512,64,4,1,[8; 8; 4; 2; 512; 64; 4; 1],0.016917717264732346,0.41320625928886295,tvm
56,28,16,2,512,64,4,1,[56; 28; 16; 2; 512; 64; 4; 1],0.01615851724636741,0.4326205529927692,tvm
64,8,32,4,512,32,2,1,[64; 8; 32; 4; 512; 32; 2; 1],0.018972592748468742,0.3684528919870935,tvm
8,1,8,2,512,128,8,1,[8; 1; 8; 2; 512; 128; 8; 1],0.017139518487965688,0.40785898807921406,tvm
14,14,4,4,128,64,4,1,[14; 14; 4; 4; 128; 64; 4; 1],0.018283943238202482,0.3823303636198508,tvm
32,32,8,2,512,128,8,1,[32; 32; 8; 2; 512; 128; 8; 1],0.01680502775707282,0.4159770973138997,tvm
7,1,4,1,128,128,8,1,[7; 1; 4; 1; 128; 128; 8; 1],0.015930610505165532,0.4388097156979628,tvm
16,1,32,1,512,32,2,1,[16; 1; 32; 1; 512; 32; 2; 1],0.015955879614921287,0.4381147787132607,tvm
7,7,2,2,512,32,2,1,[7; 7; 2; 2; 512; 32; 2; 1],0.01414860473596491,0.4940774583162406,tvm
28,28,32,1,64,64,4,1,[28; 28; 32; 1; 64; 64; 4; 1],0.018886202364228666,0.3701382910048135,tvm
64,16,64,4,512,32,2,1,[64; 16; 64; 4; 512; 32; 2; 1],0.018013497727224603,0.3880704776230994,tvm
8,2,8,2,256,128,8,1,[8; 2; 8; 2; 256; 128; 8; 1],0.017310937255388126,0.40382023015483076,tvm
16,1,4,4,128,64,4,1,[16; 1; 4; 4; 128; 64; 4; 1],0.015914640243863687,0.43925005903680686,tvm
28,28,32,1,128,64,4,1,[28; 28; 32; 1; 128; 64; 4; 1],0.017977726383833215,0.3888426443598008,tvm
16,8,32,1,128,128,8,1,[16; 8; 32; 1; 128; 128; 8; 1],0.014517702889861539,0.48151603044228836,tvm
16,4,16,4,128,64,4,1,[16; 4; 16; 4; 128; 64; 4; 1],0.015590659371810034,0.4483778716445068,tvm
28,1,32,4,256,32,2,1,[28; 1; 32; 4; 256; 32; 2; 1],0.015925501502351835,0.438950488663376,tvm
7,1,64,2,128,64,4,1,[7; 1; 64; 2; 128; 64; 4; 1],0.015323877625633031,0.45618392664355983,tvm
28,2,32,8,256,32,2,1,[28; 2; 32; 8; 256; 32; 2; 1],0.015065370622323826,0.4640115959914157,tvm
8,1,16,2,128,64,4,1,[8; 1; 16; 2; 128; 64; 4; 1],0.01558772797579877,0.4484621926633569,tvm
56,8,32,2,512,128,8,1,[56; 8; 32; 2; 512; 128; 8; 1],0.015068775624968112,0.46390674601882,tvm
8,2,64,4,128,64,4,1,[8; 2; 64; 4; 128; 64; 4; 1],0.015401186858071014,0.453894023304008,tvm
8,2,8,2,128,128,8,1,[8; 2; 8; 2; 128; 128; 8; 1],0.015064291132148355,0.46404484654099576,tvm
16,16,32,1,128,128,8,1,[16; 16; 32; 1; 128; 128; 8; 1],0.014148494985420257,0.4940812908984486,tvm
56,56,4,4,128,64,4,1,[56; 56; 4; 4; 128; 64; 4; 1],0.016997189522953704,0.41127426726791505,tvm
8,1,32,2,512,32,2,1,[8; 1; 32; 2; 512; 32; 2; 1],0.014725301618454978,0.4747275708027318,tvm
56,28,16,4,256,32,2,1,[56; 28; 16; 4; 256; 32; 2; 1],0.01602562449988909,0.43620806582077637,tvm
56,7,32,8,32,32,2,1,[56; 7; 32; 8; 32; 32; 2; 1],0.015066079125972465,0.46398977519079326,tvm
56,8,16,8,128,32,2,1,[56; 8; 16; 8; 128; 32; 2; 1],0.0152662833861541,0.45790494581063346,tvm
7,7,32,2,256,128,8,1,[7; 7; 32; 2; 256; 128; 8; 1],0.015791354497196153,0.4426793577402035,tvm
56,28,32,4,64,64,4,1,[56; 28; 32; 4; 64; 64; 4; 1],0.014721301733516157,0.47485655774253305,tvm
8,8,32,2,256,64,4,1,[8; 8; 32; 2; 256; 64; 4; 1],0.013689598010387272,0.5106436771454116,tvm
8,4,64,4,512,64,4,1,[8; 4; 64; 4; 512; 64; 4; 1],0.015668581268982962,0.4461480300392517,tvm
16,2,16,8,512,32,2,1,[16; 2; 16; 8; 512; 32; 2; 1],0.015377935487776995,0.4545803090553348,tvm
32,2,64,8,512,32,2,1,[32; 2; 64; 8; 512; 32; 2; 1],0.01383060950320214,0.5054373536501183,tvm
56,1,4,4,64,64,4,1,[56; 1; 4; 4; 64; 64; 4; 1],0.01485577825224027,0.47055809180596037,tvm
14,7,32,1,256,128,8,1,[14; 7; 32; 1; 256; 128; 8; 1],0.014766837004572153,0.47339228194245286,tvm
16,16,64,1,512,64,4,1,[16; 16; 64; 1; 512; 64; 4; 1],0.014351106627145782,0.4871057576454627,tvm
56,8,4,4,128,64,4,1,[56; 8; 4; 4; 128; 64; 4; 1],0.012821190000977367,0.5452307208717581,tvm
56,8,8,4,128,64,4,1,[56; 8; 8; 4; 128; 64; 4; 1],0.012982547632418573,0.5384541512646371,tvm
28,2,4,4,256,64,4,1,[28; 2; 4; 4; 256; 64; 4; 1],0.013640973629662767,0.5124639088419297,tvm
16,8,16,8,512,32,2,1,[16; 8; 16; 8; 512; 32; 2; 1],0.015990117768524215,0.4371766842410095,tvm
28,7,32,4,256,64,4,1,[28; 7; 32; 4; 256; 64; 4; 1],0.013913136383052915,0.5024393116121214,tvm
28,14,64,4,512,32,2,1,[28; 14; 64; 4; 512; 32; 2; 1],0.015692223998485133,0.44547583996643836,tvm
56,28,16,4,512,64,4,1,[56; 28; 16; 4; 512; 64; 4; 1],0.012693425989709795,0.5507186690444074,tvm
56,28,8,4,512,64,4,1,[56; 28; 8; 4; 512; 64; 4; 1],0.013342593621928245,0.5239241233561914,tvm
28,4,8,4,512,64,4,1,[28; 4; 8; 4; 512; 64; 4; 1],0.012470268688048236,0.5605738610401004,tvm
32,16,64,4,512,64,4,0,[32; 16; 64; 4; 512; 64; 4; 0],0.016647820855723694,0.41990520724898706,tvm
8,4,4,2,128,32,2,1,[8; 4; 4; 2; 128; 32; 2; 1],0.017234166647540405,0.4056190710947039,tvm
16,4,64,4,128,32,2,1,[16; 4; 64; 4; 128; 32; 2; 1],0.01807013261714019,0.386854198293814,tvm
8,4,32,8,128,32,2,1,[8; 4; 32; 8; 128; 32; 2; 1],0.01786101551260799,0.3913834945013125,tvm
32,8,64,4,64,64,4,1,[32; 8; 64; 4; 64; 64; 4; 1],0.01802846509963274,0.38774829848432696,tvm
7,7,4,4,64,64,4,1,[7; 7; 4; 4; 64; 64; 4; 1],0.017248581891180947,0.4052800810390594,tvm
16,2,64,2,128,32,2,1,[16; 2; 64; 2; 128; 32; 2; 1],0.016422413638792932,0.4256686514187982,tvm
4,1,32,4,128,64,4,1,[4; 1; 32; 4; 128; 64; 4; 1],0.017680288379779086,0.3953841994263904,tvm
56,28,32,4,32,32,2,1,[56; 28; 32; 4; 32; 32; 2; 1],0.017131579021224752,0.4080480064333795,tvm
64,4,32,4,512,32,2,1,[64; 4; 32; 4; 512; 32; 2; 1],0.019380706478841603,0.3606941095928766,tvm
16,1,32,2,128,128,8,1,[16; 1; 32; 2; 128; 128; 8; 1],0.018654902232810855,0.3747275959651793,tvm
28,1,32,4,128,32,2,1,[28; 1; 32; 4; 128; 32; 2; 1],0.017135631263954565,0.4079515110348725,tvm
56,8,16,2,128,128,8,1,[56; 8; 16; 2; 128; 128; 8; 1],0.016623587609501556,0.4205173294043398,tvm
56,4,4,2,128,128,8,1,[56; 4; 4; 2; 128; 128; 8; 1],0.016761858511017635,0.4170484234830988,tvm
28,7,16,2,256,128,8,1,[28; 7; 16; 2; 256; 128; 8; 1],0.017471588391344994,0.4001071058959697,tvm
16,8,32,2,128,32,2,1,[16; 8; 32; 2; 128; 32; 2; 1],0.016470890259370208,0.4244158364597082,tvm
64,16,32,4,256,64,4,1,[64; 16; 32; 4; 256; 64; 4; 1],0.02024111186619848,0.34536179202390654,tvm
56,28,64,2,64,64,4,1,[56; 28; 64; 2; 64; 64; 4; 1],0.019652147631859407,0.3557120981186754,tvm
28,14,16,8,128,32,2,1,[28; 14; 16; 8; 128; 32; 2; 1],0.016122721252031624,0.4335810659621615,tvm
16,4,64,2,256,32,2,1,[16; 4; 64; 2; 256; 32; 2; 1],0.015968608378898352,0.4377655523135154,tvm
16,8,32,4,128,32,2,1,[16; 8; 32; 4; 128; 32; 2; 1],0.017715401481837034,0.3946005216892083,tvm
56,7,2,2,256,128,8,1,[56; 7; 2; 2; 256; 128; 8; 1],0.01603176537901163,0.43604097873204006,tvm
7,7,2,2,256,128,8,1,[7; 7; 2; 2; 256; 128; 8; 1],0.016404603637056425,0.42613078751112177,tvm
8,4,4,2,512,32,2,1,[8; 4; 4; 2; 512; 32; 2; 1],0.014995074510807171,0.4661868576663961,tvm
8,8,8,1,256,128,8,1,[8; 8; 8; 1; 256; 128; 8; 1],0.016184010863071308,0.4319390740534914,tvm
16,4,16,1,512,64,4,1,[16; 4; 16; 1; 512; 64; 4; 1],0.015203736635157838,0.45978872394444725,tvm
16,16,16,2,256,32,2,1,[16; 16; 16; 2; 256; 32; 2; 1],0.016442473366623744,0.4251493379856439,tvm
56,7,32,2,512,64,4,1,[56; 7; 32; 2; 512; 64; 4; 1],0.01633077801670879,0.4280571727516196,tvm
7,7,4,1,128,128,8,1,[7; 7; 4; 1; 128; 128; 8; 1],0.015974534122506157,0.437603163451127,tvm
7,1,32,1,512,32,2,1,[7; 1; 32; 1; 512; 32; 2; 1],0.015427226986503229,0.4531278805181534,tvm
16,16,16,1,128,128,8,1,[16; 16; 16; 1; 128; 128; 8; 1],0.014172848634188995,0.49323229557419745,tvm
14,2,16,8,256,32,2,1,[14; 2; 16; 8; 256; 32; 2; 1],0.016698121500667185,0.4186403043232951,tvm
32,4,16,2,512,128,8,1,[32; 4; 16; 2; 512; 128; 8; 1],0.015834275487577543,0.4414794142081793,tvm
7,7,32,4,256,64,4,1,[7; 7; 32; 4; 256; 64; 4; 1],0.015717367874458432,0.4447631895176683,tvm
8,8,64,2,256,32,2,1,[8; 8; 64; 2; 256; 32; 2; 1],0.016198585741221905,0.43155043152176775,tvm
14,14,16,1,128,128,8,1,[14; 14; 16; 1; 128; 128; 8; 1],0.014865582896163687,0.47024773367418266,tvm
7,7,8,2,512,64,4,1,[7; 7; 8; 2; 512; 64; 4; 1],0.015569847368169576,0.44897721225949855,tvm
16,8,16,2,512,32,2,1,[16; 8; 16; 2; 512; 32; 2; 1],0.014980210631620139,0.4666494242685178,tvm
28,7,32,2,512,128,8,1,[28; 7; 32; 2; 512; 128; 8; 1],0.015593987627653405,0.44828217346217064,tvm
8,1,8,2,128,128,8,1,[8; 1; 8; 2; 128; 128; 8; 1],0.015052337374072522,0.46441336604026257,tvm
16,2,64,2,512,64,4,1,[16; 2; 64; 2; 512; 64; 4; 1],0.01805936763412319,0.3870847976680035,tvm
14,7,32,1,128,64,4,1,[14; 7; 32; 1; 128; 64; 4; 1],0.015890022506937385,0.43993057049571194,tvm
28,2,32,4,128,64,4,1,[28; 2; 32; 4; 128; 64; 4; 1],0.015244533104123548,0.45855826603018623,tvm
8,2,16,1,128,64,4,1,[8; 2; 16; 1; 128; 64; 4; 1],0.014535768248606473,0.48091759218415153,tvm
8,2,8,4,256,64,4,1,[8; 2; 8; 4; 256; 64; 4; 1],0.015264987770933658,0.45794381047441246,tvm
32,32,64,2,128,64,4,1,[32; 32; 64; 2; 128; 64; 4; 1],0.01463944575516507,0.4775117025315173,tvm
8,1,16,2,128,128,8,1,[8; 1; 16; 2; 128; 128; 8; 1],0.015062300371937454,0.46410617860806097,tvm
14,14,64,2,128,64,4,1,[14; 14; 64; 2; 128; 64; 4; 1],0.014474180614342913,0.4829638963976695,tvm
7,7,32,1,128,64,4,1,[7; 7; 32; 1; 128; 64; 4; 1],0.01512655836995691,0.46213464396175,tvm
14,1,32,1,512,64,4,1,[14; 1; 32; 1; 512; 64; 4; 1],0.013904358725994825,0.5027564956014547,tvm
7,7,4,4,256,32,2,1,[7; 7; 4; 4; 256; 32; 2; 1],0.013684275385458022,0.5108422967061393,tvm
16,1,8,4,256,64,4,1,[16; 1; 8; 4; 256; 64; 4; 1],0.015071778994752094,0.4638143028172534,tvm
8,8,32,1,128,128,8,1,[8; 8; 32; 1; 128; 128; 8; 1],0.01600378577131778,0.43680331432548636,tvm
56,14,8,4,256,32,2,1,[56; 14; 8; 4; 256; 32; 2; 1],0.01463670062366873,0.47760126044816764,tvm
8,2,64,2,256,64,4,1,[8; 2; 64; 2; 256; 64; 4; 1],0.013563691754825413,0.515383775525548,tvm
56,56,32,4,512,32,2,1,[56; 56; 32; 4; 512; 32; 2; 1],0.014645937859313563,0.47730003594281967,tvm
56,4,32,8,512,32,2,1,[56; 4; 32; 8; 512; 32; 2; 1],0.015500658366363496,0.45098127456547915,tvm
32,32,64,2,128,128,8,1,[32; 32; 64; 2; 128; 128; 8; 1],0.013399288116488606,0.5217073180226971,tvm
14,14,64,1,256,128,8,1,[14; 14; 64; 1; 256; 128; 8; 1],0.01436812276369892,0.4865288793556379,tvm
32,4,32,8,512,32,2,1,[32; 4; 32; 8; 512; 32; 2; 1],0.014598409878090024,0.47885397964872506,tvm
56,2,8,4,128,64,4,1,[56; 2; 8; 4; 128; 64; 4; 1],0.013009187619900331,0.5373515142462235,tvm
28,2,64,4,256,64,4,1,[28; 2; 64; 4; 256; 64; 4; 1],0.013737402361584827,0.5088667043934645,tvm
14,14,8,4,512,64,4,1,[14; 14; 8; 4; 512; 64; 4; 1],0.015106082515558228,0.4627610539970853,tvm
32,8,8,4,512,64,4,1,[32; 8; 8; 4; 512; 64; 4; 1],0.012507101870141923,0.5589229814586408,tvm
56,4,32,2,256,64,4,1,[56; 4; 32; 2; 256; 64; 4; 1],0.017902497231261805,0.390476623253412,tvm
16,16,2,2,256,128,8,1,[16; 16; 2; 2; 256; 128; 8; 1],0.01922882325015962,0.3635431339569174,tvm
28,4,4,2,256,128,8,1,[28; 4; 4; 2; 256; 128; 8; 1],0.017534143233206123,0.3986796830442254,tvm
14,7,2,2,128,32,2,1,[14; 7; 2; 2; 128; 32; 2; 1],0.02038754301611334,0.3428812712322276,tvm
16,8,32,4,512,64,4,0,[16; 8; 32; 4; 512; 64; 4; 0],0.02274756639963016,0.3073078914841775,tvm
4,1,4,4,128,64,4,1,[4; 1; 4; 4; 128; 64; 4; 1],0.018670774006750435,0.3744090450743629,tvm
32,16,4,2,512,64,4,1,[32; 16; 4; 2; 512; 64; 4; 1],0.01661098300246522,0.4208364228432004,tvm
14,14,64,2,512,128,8,0,[14; 14; 64; 2; 512; 128; 8; 0],0.01779211373650469,0.39289916702387107,tvm
14,1,16,4,128,32,2,1,[14; 1; 16; 4; 128; 32; 2; 1],0.017964165628654882,0.38913617315551885,tvm
28,7,4,2,512,64,4,1,[28; 7; 4; 2; 512; 64; 4; 1],0.016781166254077107,0.4165685841392741,tvm
8,8,8,4,128,32,2,1,[8; 8; 8; 4; 128; 32; 2; 1],0.015609368245350197,0.44784046072774514,tvm
8,1,8,2,128,32,2,1,[8; 1; 8; 2; 128; 32; 2; 1],0.017397530376911163,0.4018102865878021,tvm
32,2,4,4,128,32,2,1,[32; 2; 4; 4; 128; 32; 2; 1],0.016688426752807572,0.4188835035328073,tvm
4,4,8,4,512,32,2,1,[4; 4; 8; 4; 512; 32; 2; 1],0.01617621787590906,0.4321471632177691,tvm
16,16,8,2,512,64,4,1,[16; 16; 8; 2; 512; 64; 4; 1],0.015490898251300678,0.45126541748989385,tvm
14,1,8,2,128,128,8,1,[14; 1; 8; 2; 128; 128; 8; 1],0.018801210768288,0.37181151537631574,tvm
28,14,32,8,128,32,2,1,[28; 14; 32; 8; 128; 32; 2; 1],0.016044744610553607,0.4356882478558483,tvm
8,4,16,1,256,32,2,1,[8; 4; 16; 1; 256; 32; 2; 1],0.01651935713016428,0.42317062410994366,tvm
56,8,2,2,256,128,8,1,[56; 8; 2; 2; 256; 128; 8; 1],0.016020765498979017,0.4363403650788199,tvm
56,7,8,4,64,32,2,1,[56; 7; 8; 4; 64; 32; 2; 1],0.016069191886344925,0.4350254024041477,tvm
56,7,4,4,64,32,2,1,[56; 7; 4; 4; 64; 32; 2; 1],0.016001006384612992,0.4368791873859216,tvm
8,1,64,4,256,32,2,1,[8; 1; 64; 4; 256; 32; 2; 1],0.013820931373629719,0.5057912869753861,tvm
14,7,16,2,256,32,2,1,[14; 7; 16; 2; 256; 32; 2; 1],0.015564279863610864,0.4491378160714267,tvm
56,28,64,2,512,64,4,1,[56; 28; 64; 2; 512; 64; 4; 1],0.0161116162489634,0.43387991363786527,tvm
16,2,64,8,256,32,2,1,[16; 2; 64; 8; 256; 32; 2; 1],0.016226530395215377,0.4308072333644361,tvm
8,8,8,2,128,64,4,1,[8; 8; 8; 2; 128; 64; 4; 1],0.01610409250133671,0.4340826200598652,tvm
14,1,64,4,512,32,2,1,[14; 1; 64; 4; 512; 32; 2; 1],0.016410045500379056,0.4259894749533262,tvm
32,2,16,4,256,32,2,1,[32; 2; 16; 4; 256; 32; 2; 1],0.015930316760204732,0.4388178070714538,tvm
8,2,2,2,256,32,2,1,[8; 2; 2; 2; 256; 32; 2; 1],0.015025138738565147,0.46525405111395585,tvm
28,7,4,4,128,64,4,1,[28; 7; 4; 4; 128; 64; 4; 1],0.014789280277909711,0.4726738918531532,tvm
16,16,16,1,256,128,8,1,[16; 16; 16; 1; 256; 128; 8; 1],0.015484397124964744,0.45145488133963,tvm
32,8,32,2,512,128,8,1,[32; 8; 32; 2; 512; 128; 8; 1],0.015710371255408973,0.4449612649516404,tvm
7,1,16,1,256,128,8,1,[7; 1; 16; 1; 256; 128; 8; 1],0.015031432238174602,0.4650592542281643,tvm
32,16,64,4,128,64,4,1,[32; 16; 64; 4; 128; 64; 4; 1],0.015350576635682955,0.45539049330674575,tvm
14,14,64,8,256,32,2,1,[14; 14; 64; 8; 256; 32; 2; 1],0.014282432501204312,0.4894479050453919,tvm
56,2,16,8,512,32,2,1,[56; 2; 16; 8; 512; 32; 2; 1],0.017083496146369725,0.40919649038889283,tvm
56,1,16,4,512,32,2,1,[56; 1; 16; 4; 512; 32; 2; 1],0.016035616514272988,0.43593625854325924,tvm
7,7,8,4,256,32,2,1,[7; 7; 8; 4; 256; 32; 2; 1],0.01493170001776889,0.46816549075777614,tvm
8,4,4,4,256,64,4,1,[8; 4; 4; 4; 256; 64; 4; 1],0.013981867610709742,0.4999694505269184,tvm
56,7,16,8,256,32,2,1,[56; 7; 16; 8; 256; 32; 2; 1],0.015570372866932303,0.44896205931669164,tvm
16,16,32,1,256,64,4,1,[16; 16; 32; 1; 256; 64; 4; 1],0.015409731888212264,0.4536423292357269,tvm
14,2,64,1,128,128,8,1,[14; 2; 64; 1; 128; 128; 8; 1],0.01563780350261368,0.447026122658357,tvm
7,7,64,1,128,128,8,1,[7; 7; 64; 1; 128; 128; 8; 1],0.015356416231952608,0.45521732161188017,tvm
56,28,4,4,64,64,4,1,[56; 28; 4; 4; 64; 64; 4; 1],0.014725581626407802,0.47471854382514805,tvm
28,1,32,4,512,32,2,1,[28; 1; 32; 4; 512; 32; 2; 1],0.014917895867256448,0.4685987037897384,tvm
56,28,32,8,256,32,2,1,[56; 28; 32; 8; 256; 32; 2; 1],0.014646043768152595,0.47729658447882867,tvm
8,2,64,4,512,64,4,1,[8; 2; 64; 4; 512; 64; 4; 1],0.015072471258463338,0.46379300028463677,tvm
28,28,32,2,512,128,8,1,[28; 28; 32; 2; 512; 128; 8; 1],0.012742810387862846,0.5485843745524864,tvm
16,8,64,4,256,64,4,1,[16; 8; 64; 4; 256; 64; 4; 1],0.015691685752244666,0.4454911203958241,tvm
8,1,4,4,512,64,4,1,[8; 1; 4; 4; 512; 64; 4; 1],0.014420758525375277,0.4847530491801748,tvm
8,2,4,4,512,64,4,1,[8; 2; 4; 4; 512; 64; 4; 1],0.01432214947999455,0.4880906093342441,tvm
56,2,32,4,64,64,4,1,[56; 2; 32; 4; 64; 64; 4; 1],0.0148010891280137,0.4722967753390449,tvm
56,28,4,4,256,32,2,1,[56; 28; 4; 4; 256; 32; 2; 1],0.01410617950023152,0.4955634278262186,tvm
56,2,8,4,512,32,2,1,[56; 2; 8; 4; 512; 32; 2; 1],0.01455101661849767,0.4804136267551323,tvm
56,8,32,8,512,32,2,1,[56; 8; 32; 8; 512; 32; 2; 1],0.014975728234276175,0.4667890974855514,tvm
56,4,32,4,512,32,2,1,[56; 4; 32; 4; 512; 32; 2; 1],0.014421885745832697,0.4847151606846297,tvm
8,8,64,4,512,64,4,1,[8; 8; 64; 4; 512; 64; 4; 1],0.013479985995218158,0.5185841193860627,tvm
8,2,64,1,512,64,4,1,[8; 2; 64; 1; 512; 64; 4; 1],0.01392575426143594,0.5019840602835575,tvm
32,4,4,4,512,32,2,1,[32; 4; 4; 4; 512; 32; 2; 1],0.014006328739924356,0.49909628686213603,tvm
28,28,4,4,512,32,2,1,[28; 28; 4; 4; 512; 32; 2; 1],0.01422899798490107,0.4912859411523256,tvm
28,4,16,4,256,64,4,1,[28; 4; 16; 4; 256; 64; 4; 1],0.01402716149459593,0.49835504277610354,tvm
16,8,64,4,512,64,4,1,[16; 8; 64; 4; 512; 64; 4; 1],0.013679729483556002,0.5110120543735713,tvm
56,14,8,4,512,64,4,1,[56; 14; 8; 4; 512; 64; 4; 1],0.012970766139915213,0.5389432352152763,tvm
28,1,16,4,512,64,4,1,[28; 1; 16; 4; 512; 64; 4; 1],0.012504612503107637,0.559034249556265,tvm
16,8,16,1,64,64,4,1,[16; 8; 16; 1; 64; 64; 4; 1],0.0168493767559994,0.4148822100602399,tvm
16,8,32,4,64,64,4,1,[16; 8; 32; 4; 64; 64; 4; 1],0.020379765395773575,0.3430121265339189,tvm
28,4,4,4,64,64,4,1,[28; 4; 4; 4; 64; 64; 4; 1],0.01784467851393856,0.3917418103781668,tvm
56,56,16,4,128,32,2,1,[56; 56; 16; 4; 128; 32; 2; 1],0.0165841716225259,0.4215167827358722,tvm
28,14,32,2,256,64,4,1,[28; 14; 32; 2; 256; 64; 4; 1],0.017785232252208516,0.39305118806073547,tvm
16,8,2,2,256,128,8,1,[16; 8; 2; 2; 256; 128; 8; 1],0.018271862500114366,0.3825831475375273,tvm
28,7,8,4,512,64,4,0,[28; 7; 8; 4; 512; 64; 4; 0],0.018532071728259325,0.37721128911922625,tvm
32,2,16,8,64,32,2,1,[32; 2; 16; 8; 64; 32; 2; 1],0.017532643250888214,0.39871379156206377,tvm
8,1,4,1,256,32,2,1,[8; 1; 4; 1; 256; 32; 2; 1],0.01815145049476996,0.38512110471176203,tvm
32,1,16,8,32,32,2,1,[32; 1; 16; 8; 32; 32; 2; 1],0.017774516745703295,0.3932881420450719,tvm
8,8,4,1,256,128,8,1,[8; 8; 4; 1; 256; 128; 8; 1],0.01875600911444053,0.372707574623888,tvm
28,4,32,8,32,32,2,1,[28; 4; 32; 8; 32; 32; 2; 1],0.01616109360475093,0.4325515857795443,tvm
56,2,64,2,128,128,8,1,[56; 2; 64; 2; 128; 128; 8; 1],0.016777950135292485,0.41664843501722587,tvm
56,1,64,4,32,32,2,1,[56; 1; 64; 4; 32; 32; 2; 1],0.017179697140818462,0.40690511650856903,tvm
8,8,1,1,64,64,4,1,[8; 8; 1; 1; 64; 64; 4; 1],0.016095308383228257,0.4343195234426799,tvm
28,7,32,4,128,32,2,1,[28; 7; 32; 4; 128; 32; 2; 1],0.01748620974831283,0.39977255032876124,tvm
16,4,32,2,256,64,4,1,[16; 4; 32; 2; 256; 64; 4; 1],0.01894447088125162,0.3689998369701007,tvm
16,16,8,4,64,64,4,1,[16; 16; 8; 4; 64; 64; 4; 1],0.01523512025596574,0.45884158111120504,tvm
8,8,8,8,128,32,2,1,[8; 8; 8; 8; 128; 32; 2; 1],0.018138098501367494,0.38540460380340463,tvm
4,2,4,4,256,32,2,1,[4; 2; 4; 4; 256; 32; 2; 1],0.01609113736776635,0.43443210426318274,tvm
14,1,32,2,128,32,2,1,[14; 1; 32; 2; 128; 32; 2; 1],0.016265691490843892,0.4297700267216852,tvm
56,7,8,2,128,128,8,1,[56; 7; 8; 2; 128; 128; 8; 1],0.016793861374026164,0.416253684068059,tvm
16,2,16,1,256,128,8,1,[16; 2; 16; 1; 256; 128; 8; 1],0.015514941478613764,0.4505660995436289,tvm
32,4,2,2,256,128,8,1,[32; 4; 2; 2; 256; 128; 8; 1],0.018114770617103204,0.3859009211006252,tvm
7,7,16,1,256,32,2,1,[7; 7; 16; 1; 256; 32; 2; 1],0.0167000429937616,0.4185921359171358,tvm
7,7,4,2,512,64,4,1,[7; 7; 4; 2; 512; 64; 4; 1],0.0177343622490298,0.39417863289947735,tvm
16,8,8,2,512,64,4,1,[16; 8; 8; 2; 512; 64; 4; 1],0.018010325875366107,0.3881388218648524,tvm
14,14,16,1,256,32,2,1,[14; 14; 16; 1; 256; 32; 2; 1],0.016690902877599,0.41882136142848714,tvm
32,32,8,2,512,128,8,1,[32; 32; 8; 2; 512; 128; 8; 1],0.01683296775445342,0.41528664277380445,tvm
28,28,64,2,256,32,2,1,[28; 28; 64; 2; 256; 32; 2; 1],0.01686631763004698,0.4144654938914011,tvm
14,14,64,1,64,64,4,1,[14; 14; 64; 1; 64; 64; 4; 1],0.016773921001004055,0.4167485149267263,tvm
32,16,16,2,256,128,8,1,[32; 16; 16; 2; 256; 128; 8; 1],0.0180232061247807,0.38786143920615707,tvm
14,1,64,2,128,128,8,1,[14; 1; 64; 2; 128; 128; 8; 1],0.018863181379856542,0.37059001479631803,tvm
32,16,64,2,512,64,4,1,[32; 16; 64; 2; 512; 64; 4; 1],0.016619973990600556,0.4206087609174452,tvm
16,2,32,4,256,32,2,1,[16; 2; 32; 4; 256; 32; 2; 1],0.017246932140551507,0.40531884799560247,tvm
32,1,64,8,256,32,2,1,[32; 1; 64; 8; 256; 32; 2; 1],0.016535169503185898,0.42276595140556483,tvm
14,14,16,2,256,32,2,1,[14; 14; 16; 2; 256; 32; 2; 1],0.01563517324393615,0.44710132453299306,tvm
56,4,8,2,512,128,8,1,[56; 4; 8; 2; 512; 128; 8; 1],0.014998558879597113,0.46607855613221716,tvm
16,16,64,2,128,64,4,1,[16; 16; 64; 2; 128; 64; 4; 1],0.014452478615567088,0.48368912022724153,tvm
28,2,64,4,256,32,2,1,[28; 2; 64; 4; 256; 32; 2; 1],0.015548250259598717,0.4496008586143689,tvm
32,2,64,8,256,32,2,1,[32; 2; 64; 8; 256; 32; 2; 1],0.016536855488084257,0.4227228490751294,tvm
32,8,8,4,128,64,4,1,[32; 8; 8; 4; 128; 64; 4; 1],0.014978154125856236,0.4667134953965531,tvm
16,4,32,1,256,64,4,1,[16; 4; 32; 1; 256; 64; 4; 1],0.015305085747968405,0.45674403801328495,tvm
28,2,64,8,256,32,2,1,[28; 2; 64; 8; 256; 32; 2; 1],0.014481505990261212,0.48271959224184074,tvm
16,4,64,1,256,128,8,1,[16; 4; 64; 1; 256; 128; 8; 1],0.014224233134882525,0.4914505126834312,tvm
32,4,8,8,256,32,2,1,[32; 4; 8; 8; 256; 32; 2; 1],0.016319994116201997,0.4283400237091203,tvm
16,1,32,1,512,64,4,1,[16; 1; 32; 1; 512; 64; 4; 1],0.014127114496659487,0.49482905148957695,tvm
8,1,16,1,128,128,8,1,[8; 1; 16; 1; 128; 128; 8; 1],0.015883140498772264,0.44012118807404743,tvm
56,8,16,4,256,32,2,1,[56; 8; 16; 4; 256; 32; 2; 1],0.016096591134555638,0.4342849121426508,tvm
8,4,32,1,128,64,4,1,[8; 4; 32; 1; 128; 64; 4; 1],0.01442784775281325,0.4845148622602845,tvm
16,16,32,2,256,128,8,1,[16; 16; 32; 2; 256; 128; 8; 1],0.013818493986036628,0.5058805014302183,tvm
56,2,8,4,128,32,2,1,[56; 2; 8; 4; 128; 32; 2; 1],0.014735292497789487,0.4744056942008682,tvm
16,4,64,4,256,64,4,1,[16; 4; 64; 4; 256; 64; 4; 1],0.015498074382776394,0.45105646637207303,tvm
8,1,64,2,256,64,4,1,[8; 1; 64; 2; 256; 64; 4; 1],0.013428356498479843,0.5205779774656732,tvm
16,1,8,4,512,32,2,1,[16; 1; 8; 4; 512; 32; 2; 1],0.014629739249357954,0.47782852089954064,tvm
14,14,16,1,512,64,4,1,[14; 14; 16; 1; 512; 64; 4; 1],0.014964936126489192,0.4671257269379776,tvm
8,4,8,4,512,32,2,1,[8; 4; 8; 4; 512; 32; 2; 1],0.014983653876697645,0.4665421881867012,tvm
8,8,32,2,512,32,2,1,[8; 8; 32; 2; 512; 32; 2; 1],0.014856251742457971,0.4705430944393842,tvm
8,4,64,1,256,128,8,1,[8; 4; 64; 1; 256; 128; 8; 1],0.014214777358574793,0.49177742924336254,tvm
32,32,64,2,512,128,8,1,[32; 32; 64; 2; 512; 128; 8; 1],0.012521255353931338,0.5582911991705237,tvm
56,8,16,4,128,64,4,1,[56; 8; 16; 4; 128; 64; 4; 1],0.013528506009606645,0.516724216384476,tvm
28,28,16,4,512,64,4,1,[28; 28; 16; 4; 512; 64; 4; 1],0.013325470732524991,0.5245973524675674,tvm
32,16,32,4,512,64,4,1,[32; 16; 32; 4; 512; 64; 4; 1],0.01258468849118799,0.5554771317193538,tvm
56,7,8,4,512,64,4,1,[56; 7; 8; 4; 512; 64; 4; 1],0.012867326760897413,0.5432757554514085,tvm
56,4,8,2,128,128,8,1,[56; 4; 8; 2; 128; 128; 8; 1],0.016665895003825426,0.41944982043041146,tvm
32,16,16,8,128,32,2,1,[32; 16; 16; 8; 128; 32; 2; 1],0.016642407746985555,0.4200417855963696,tvm
28,2,2,2,512,64,4,1,[28; 2; 2; 2; 512; 64; 4; 1],0.01663900035782717,0.4201278031332125,tvm
32,1,64,2,512,64,4,1,[32; 1; 64; 2; 512; 64; 4; 1],0.016322234499966726,0.4282812299186682,tvm
4,2,8,4,256,32,2,1,[4; 2; 8; 4; 256; 32; 2; 1],0.01697128772502765,0.4119019593520725,tvm
14,1,16,1,128,64,4,1,[14; 1; 16; 1; 128; 64; 4; 1],0.01688408898189664,0.41402924813781705,tvm
64,8,4,4,512,64,4,1,[64; 8; 4; 4; 512; 64; 4; 1],0.017004060617182404,0.41110807730259685,tvm
56,28,16,1,128,128,8,1,[56; 28; 16; 1; 128; 128; 8; 1],0.02653019322315231,0.2634924897782579,tvm
8,1,4,1,64,64,4,1,[8; 1; 4; 1; 64; 64; 4; 1],0.016852287371875718,0.4148105543424874,tvm
14,7,8,1,512,64,4,1,[14; 7; 8; 1; 512; 64; 4; 1],0.016748491500038654,0.4173812708237356,tvm
56,2,8,4,32,32,2,1,[56; 2; 8; 4; 32; 32; 2; 1],0.017292614124016836,0.4042481152087877,tvm
14,14,64,2,128,32,2,1,[14; 14; 64; 2; 128; 32; 2; 1],0.016171844268683344,0.43226403559943566,tvm
14,7,64,1,256,32,2,1,[14; 7; 64; 1; 256; 32; 2; 1],0.017090016772272065,0.40904036314396786,tvm
56,7,4,4,64,32,2,1,[56; 7; 4; 4; 64; 32; 2; 1],0.015980746131390333,0.43743305908198477,tvm
14,14,16,1,256,32,2,1,[14; 14; 16; 1; 256; 32; 2; 1],0.016636563115753233,0.4201893514921556,tvm
16,4,16,2,512,64,4,1,[16; 4; 16; 2; 512; 64; 4; 1],0.01811208901926875,0.3859580559277142,tvm
56,28,8,2,512,128,8,1,[56; 28; 8; 2; 512; 128; 8; 1],0.015100066753802821,0.46294541478806167,tvm
8,4,2,2,256,128,8,1,[8; 4; 2; 2; 256; 128; 8; 1],0.016697231127182022,0.4186626281579447,tvm
16,4,32,1,128,64,4,1,[16; 4; 32; 1; 128; 64; 4; 1],0.016742361127398908,0.41753409889281917,tvm
8,4,8,1,128,64,4,1,[8; 4; 8; 1; 128; 64; 4; 1],0.014886952878441662,0.46957270058870637,tvm
16,2,4,4,128,64,4,1,[16; 2; 4; 4; 128; 64; 4; 1],0.015790257864864543,0.4427101017914019,tvm
16,4,4,4,128,64,4,1,[16; 4; 4; 4; 128; 64; 4; 1],0.01565470124478452,0.4465436010154206,tvm
32,1,64,4,256,32,2,1,[32; 1; 64; 4; 256; 32; 2; 1],0.015956847521010786,0.43808820366692663,tvm
32,4,64,2,512,128,8,1,[32; 4; 64; 2; 512; 128; 8; 1],0.015801191271748394,0.4424037749081162,tvm
28,7,16,2,512,128,8,1,[28; 7; 16; 2; 512; 128; 8; 1],0.015797428495716304,0.4425091506862805,tvm
16,4,64,2,512,128,8,1,[16; 4; 64; 2; 512; 128; 8; 1],0.01708062825491652,0.4092651957725564,tvm
28,28,16,1,128,128,8,1,[28; 28; 16; 1; 128; 128; 8; 1],0.014751837006770074,0.47387363780243147,tvm
16,8,16,4,256,32,2,1,[16; 8; 16; 4; 256; 32; 2; 1],0.017094276990974322,0.4089384225116753,tvm
32,32,32,2,128,64,4,1,[32; 32; 32; 2; 128; 64; 4; 1],0.01510308898286894,0.46285277631587984,tvm
56,28,8,4,128,32,2,1,[56; 28; 8; 4; 128; 32; 2; 1],0.014812611363595352,0.47192939145403423,tvm
56,56,32,1,256,128,8,1,[56; 56; 32; 1; 256; 128; 8; 1],0.015116862865397707,0.4624310433263135,tvm
8,4,8,8,512,32,2,1,[8; 4; 8; 8; 512; 32; 2; 1],0.01413364487234503,0.4946004183496096,tvm
28,1,32,4,128,64,4,1,[28; 1; 32; 4; 128; 64; 4; 1],0.015276223246473819,0.4576069983973475,tvm
14,14,32,2,128,64,4,1,[14; 14; 32; 2; 128; 64; 4; 1],0.015085463761352003,0.46339355403682714,tvm
28,28,32,4,128,64,4,1,[28; 28; 32; 4; 128; 64; 4; 1],0.014282376010669395,0.48944984093994814,tvm
16,8,32,1,512,32,2,1,[16; 8; 32; 1; 512; 32; 2; 1],0.01585499625070952,0.44090244842245474,tvm
32,1,32,8,512,32,2,1,[32; 1; 32; 8; 512; 32; 2; 1],0.014743915235158056,0.4741282457998157,tvm
28,28,4,4,256,32,2,1,[28; 28; 4; 4; 256; 32; 2; 1],0.01655730075435713,0.4222008629532856,tvm
56,4,64,8,32,32,2,1,[56; 4; 64; 8; 32; 32; 2; 1],0.015401523385662585,0.4538841055927098,tvm
7,7,32,1,128,64,4,1,[7; 7; 32; 1; 128; 64; 4; 1],0.0151632817578502,0.46101541726266504,tvm
8,1,4,4,256,32,2,1,[8; 1; 4; 4; 256; 32; 2; 1],0.014146124507533386,0.49416408451261246,tvm
8,8,16,4,256,32,2,1,[8; 8; 16; 4; 256; 32; 2; 1],0.015090357017470524,0.4632432922941163,tvm
14,14,16,8,512,32,2,1,[14; 14; 16; 8; 512; 32; 2; 1],0.014684281632071361,0.4760537043500294,tvm
32,16,64,2,512,128,8,1,[32; 16; 64; 2; 512; 128; 8; 1],0.015521187364356592,0.4503847871020432,tvm
16,1,16,4,256,64,4,1,[16; 1; 16; 4; 256; 64; 4; 1],0.015351535752415657,0.45536204190949875,tvm
28,28,16,2,256,128,8,1,[28; 28; 16; 2; 256; 128; 8; 1],0.014802447869442403,0.47225342242870494,tvm
32,16,32,8,256,32,2,1,[32; 16; 32; 8; 256; 32; 2; 1],0.016442145133623853,0.4251578252019697,tvm
8,4,4,4,256,64,4,1,[8; 4; 4; 4; 256; 64; 4; 1],0.01414629037026316,0.49415829052691956,tvm
56,14,8,8,128,32,2,1,[56; 14; 8; 8; 128; 32; 2; 1],0.014053316146600991,0.49742755330793775,tvm
14,14,64,1,128,128,8,1,[14; 14; 64; 1; 128; 128; 8; 1],0.015694878762587905,0.4454004884274756,tvm
16,4,32,1,512,64,4,1,[16; 4; 32; 1; 512; 64; 4; 1],0.014285721612395719,0.48933521570243993,tvm
8,1,64,4,512,64,4,1,[8; 1; 64; 4; 512; 64; 4; 1],0.016229723987635225,0.4307224615768237,tvm
28,2,32,8,512,32,2,1,[28; 2; 32; 8; 512; 32; 2; 1],0.014160594873828813,0.4936591102953105,tvm
56,2,32,4,64,64,4,1,[56; 2; 32; 4; 64; 64; 4; 1],0.014912797370925546,0.4687589117448599,tvm
16,4,16,8,512,32,2,1,[16; 4; 16; 8; 512; 32; 2; 1],0.01609317524707876,0.43437709211148906,tvm
32,8,32,4,256,64,4,1,[32; 8; 32; 4; 256; 64; 4; 1],0.014447714755078778,0.48384860755984316,tvm
56,2,16,4,128,64,4,1,[56; 2; 16; 4; 128; 64; 4; 1],0.013671335123945028,0.5113258217496955,tvm
56,14,8,4,128,64,4,1,[56; 14; 8; 4; 128; 64; 4; 1],0.012920602748636156,0.541035646917057,tvm
56,28,64,8,512,32,2,1,[56; 28; 64; 8; 512; 32; 2; 1],0.013186448748456314,0.5301280731466854,tvm
16,4,8,4,512,64,4,1,[16; 4; 8; 4; 512; 64; 4; 1],0.013617533608339727,0.5133460190166522,tvm
56,2,8,4,256,64,4,1,[56; 2; 8; 4; 256; 64; 4; 1],0.0127030138974078,0.5503030007778833,tvm
56,28,8,4,512,64,4,1,[56; 28; 8; 4; 512; 64; 4; 1],0.012856807123171166,0.5437202720470181,tvm
32,16,8,4,512,64,4,1,[32; 16; 8; 4; 512; 64; 4; 1],0.012437736630090512,0.5620400941562465,tvm
56,28,32,4,512,64,4,1,[56; 28; 32; 4; 512; 64; 4; 1],0.01182946187327616,0.5909403776395664,tvm
56,8,32,2,64,64,4,1,[56; 8; 32; 2; 64; 64; 4; 1],0.01970527449157089,0.3547530723135534,tvm
28,4,32,4,512,64,4,0,[28; 4; 32; 4; 512; 64; 4; 0],0.017660114885075018,0.3958358545319832,tvm
32,8,16,8,64,32,2,1,[32; 8; 16; 8; 64; 32; 2; 1],0.018005476391408592,0.3882433607811801,tvm
32,16,4,2,256,128,8,1,[32; 16; 4; 2; 256; 128; 8; 1],0.018271239736350253,0.38259618764451975,tvm
16,2,64,1,128,32,2,1,[16; 2; 64; 1; 128; 32; 2; 1],0.01759944125660695,0.39720048862587515,tvm
14,14,64,2,512,128,8,0,[14; 14; 64; 2; 512; 128; 8; 0],0.017912513227201998,0.3902582835808245,tvm
14,1,8,1,128,128,8,1,[14; 1; 8; 1; 128; 128; 8; 1],0.02830041921697557,0.2470107107980054,tvm
32,8,64,2,256,128,8,1,[32; 8; 64; 2; 256; 128; 8; 1],0.01769872388103977,0.3949723558406058,tvm
7,1,8,2,128,32,2,1,[7; 1; 8; 2; 128; 32; 2; 1],0.017659852863289416,0.395841727605684,tvm
64,2,32,4,256,64,4,1,[64; 2; 32; 4; 256; 64; 4; 1],0.019219000882003456,0.36372893209097723,tvm
7,1,32,4,128,32,2,1,[7; 1; 32; 4; 128; 32; 2; 1],0.015803510381374508,0.4423388537084422,tvm
28,2,32,2,512,64,4,1,[28; 2; 32; 2; 512; 64; 4; 1],0.016963609494268894,0.4120883983463772,tvm
32,1,64,8,128,32,2,1,[32; 1; 64; 8; 128; 32; 2; 1],0.01801311713643372,0.3880786769840916,tvm
56,2,32,2,128,128,8,1,[56; 2; 32; 2; 128; 128; 8; 1],0.016703264613170177,0.41851140052913954,tvm
7,7,64,8,512,32,2,1,[7; 7; 64; 8; 512; 32; 2; 1],0.01873152476036921,0.3731947482170095,tvm
32,1,16,4,128,32,2,1,[32; 1; 16; 4; 128; 32; 2; 1],0.017197609500726685,0.40648129999528615,tvm
16,4,32,2,256,64,4,1,[16; 4; 32; 2; 256; 64; 4; 1],0.019114646507659927,0.3657146714099745,tvm
28,28,16,2,512,32,2,1,[28; 28; 16; 2; 512; 32; 2; 1],0.016202916856855154,0.4314350760683631,tvm
14,1,32,1,64,64,4,1,[14; 1; 32; 1; 64; 64; 4; 1],0.016782034130301327,0.4165470414605306,tvm
28,1,2,2,512,64,4,1,[28; 1; 2; 2; 512; 64; 4; 1],0.016117205494083464,0.43372944951485803,tvm
56,2,4,4,32,32,2,1,[56; 2; 4; 4; 32; 32; 2; 1],0.01723973234766163,0.40548812044723237,tvm
8,4,2,2,128,32,2,1,[8; 4; 2; 2; 128; 32; 2; 1],0.016659340501064435,0.4196148500728474,tvm
8,2,8,2,256,128,8,1,[8; 2; 8; 2; 256; 128; 8; 1],0.017355771124130115,0.40277707148071396,tvm
28,2,16,2,512,128,8,1,[28; 2; 16; 2; 512; 128; 8; 1],0.015804105496499687,0.44232219711611853,tvm
8,4,2,2,256,128,8,1,[8; 4; 2; 2; 256; 128; 8; 1],0.016613154497463256,0.4207814155784852,tvm
16,8,64,2,256,64,4,1,[16; 8; 64; 2; 256; 64; 4; 1],0.01923795699258335,0.36337053198329006,tvm
56,7,64,2,512,64,4,1,[56; 7; 64; 2; 512; 64; 4; 1],0.016161529114469886,0.43253992967830396,tvm
8,8,1,1,128,128,8,1,[8; 8; 1; 1; 128; 128; 8; 1],0.015074507857207209,0.4637303408432313,tvm
7,7,16,2,64,64,4,1,[7; 7; 16; 2; 64; 64; 4; 1],0.015955281764036044,0.4381311950518854,tvm
14,1,16,1,512,32,2,1,[14; 1; 16; 1; 512; 32; 2; 1],0.016566671372856945,0.4219620531689912,tvm
16,2,32,4,256,32,2,1,[16; 2; 32; 4; 256; 32; 2; 1],0.017474350868724287,0.40004385394242736,tvm
7,1,8,2,512,64,4,1,[7; 1; 8; 2; 512; 64; 4; 1],0.015221952518913895,0.4592385016298453,tvm
56,28,8,2,512,128,8,1,[56; 28; 8; 2; 512; 128; 8; 1],0.01486207899870351,0.470358599713841,tvm
56,56,16,2,512,64,4,1,[56; 56; 16; 2; 512; 64; 4; 1],0.015218478394672275,0.45934333810362554,tvm
16,4,16,2,512,32,2,1,[16; 4; 16; 2; 512; 32; 2; 1],0.014904131996445358,0.4690314517030516,tvm
8,8,16,2,256,32,2,1,[8; 8; 16; 2; 256; 32; 2; 1],0.016329249861883,0.42809723200968647,tvm
14,14,16,1,128,64,4,1,[14; 14; 16; 1; 128; 64; 4; 1],0.016773689130786806,0.4167542758280964,tvm
14,7,8,4,128,64,4,1,[14; 7; 8; 4; 128; 64; 4; 1],0.016041608876548707,0.4357734140299429,tvm
7,1,64,4,512,32,2,1,[7; 1; 64; 4; 512; 32; 2; 1],0.01799878999008797,0.38838758997223566,tvm
7,7,64,1,512,32,2,1,[7; 7; 64; 1; 512; 32; 2; 1],0.01551385535276495,0.45059764370052524,tvm
16,4,32,1,128,128,8,1,[16; 4; 32; 1; 128; 128; 8; 1],0.014253913017455488,0.490427201155642,tvm
16,1,8,4,256,32,2,1,[16; 1; 8; 4; 256; 32; 2; 1],0.01630976374144666,0.4286087019704809,tvm
8,2,8,1,128,128,8,1,[8; 2; 8; 1; 128; 128; 8; 1],0.015886160981608555,0.4400375065290848,tvm
16,16,16,4,128,64,4,1,[16; 16; 16; 4; 128; 64; 4; 1],0.015984230383764952,0.43733770715460063,tvm
7,1,16,1,512,128,8,1,[7; 1; 16; 1; 512; 128; 8; 1],0.01481467837584205,0.4718635456889785,tvm
56,1,16,8,256,32,2,1,[56; 1; 16; 8; 256; 32; 2; 1],0.01607379101915285,0.4349009302371217,tvm
56,28,32,8,64,32,2,1,[56; 28; 32; 8; 64; 32; 2; 1],0.01583884927094914,0.44135192822930136,tvm
8,1,16,4,256,32,2,1,[8; 1; 16; 4; 256; 32; 2; 1],0.015414115245221183,0.45351332564053093,tvm
56,1,32,4,128,32,2,1,[56; 1; 32; 4; 128; 32; 2; 1],0.016160352242877707,0.43257142923648634,tvm
8,1,16,1,128,64,4,1,[8; 1; 16; 1; 128; 64; 4; 1],0.014486098982160911,0.48256654018968215,tvm
56,4,32,8,128,32,2,1,[56; 4; 32; 8; 128; 32; 2; 1],0.014836448128335178,0.47117117292486926,tvm
56,56,64,4,64,64,4,1,[56; 56; 64; 4; 64; 64; 4; 1],0.015422408119775355,0.45326946430000786,tvm
56,1,8,4,128,32,2,1,[56; 1; 8; 4; 128; 32; 2; 1],0.014767140004551038,0.4733825686295576,tvm
8,2,8,4,512,64,4,1,[8; 2; 8; 4; 512; 64; 4; 1],0.014558072871295735,0.480180771759283,tvm
56,56,4,4,256,32,2,1,[56; 56; 4; 4; 256; 32; 2; 1],0.017508665507193655,0.3992598215891742,tvm
8,2,32,2,256,64,4,1,[8; 2; 32; 2; 256; 64; 4; 1],0.01384960487484932,0.504744123015475,tvm
28,2,32,4,512,32,2,1,[28; 2; 32; 4; 512; 32; 2; 1],0.014647510135546327,0.47724880214980875,tvm
14,7,32,1,512,64,4,1,[14; 7; 32; 1; 512; 64; 4; 1],0.014082005392992869,0.4964141449729245,tvm
32,16,16,4,256,64,4,1,[32; 16; 16; 4; 256; 64; 4; 1],0.014381493238033727,0.4860765534540853,tvm
7,7,32,1,512,64,4,1,[7; 7; 32; 1; 512; 64; 4; 1],0.014325057010864839,0.48799154246749016,tvm
8,8,4,4,512,64,4,1,[8; 8; 4; 4; 512; 64; 4; 1],0.014257528353482485,0.49030284165341986,tvm
32,4,64,8,512,32,2,1,[32; 4; 64; 8; 512; 32; 2; 1],0.014184008265146986,0.49284423246169234,tvm
28,28,32,4,512,64,4,1,[28; 28; 32; 4; 512; 64; 4; 1],0.012198206066386774,0.5730766170551603,tvm
56,1,4,4,512,64,4,1,[56; 1; 4; 4; 512; 64; 4; 1],0.012621180736459792,0.5538710531632467,tvm
7,7,16,1,128,32,2,1,[7; 7; 16; 1; 128; 32; 2; 1],0.016861603246070445,0.4145813754866867,tvm
28,7,64,4,64,64,4,1,[28; 7; 64; 4; 64; 64; 4; 1],0.0178472955012694,0.3916843684338315,tvm
14,7,8,1,256,64,4,1,[14; 7; 8; 1; 256; 64; 4; 1],0.017271792865358293,0.40473543894145425,tvm
4,1,4,4,64,64,4,1,[4; 1; 4; 4; 64; 64; 4; 1],0.018530231522163376,0.3772487493372957,tvm
8,1,32,1,128,32,2,1,[8; 1; 32; 1; 128; 32; 2; 1],0.017365872743539512,0.4025427785808974,tvm
7,7,64,1,512,64,4,0,[7; 7; 64; 1; 512; 64; 4; 0],0.02048848761478439,0.3411919316886207,tvm
32,16,4,4,128,32,2,1,[32; 16; 4; 4; 128; 32; 2; 1],0.017412662506103516,0.40146110132303675,tvm
32,1,8,4,512,64,4,0,[32; 1; 8; 4; 512; 64; 4; 0],0.017317389603704214,0.40366976932663035,tvm
4,1,8,4,128,64,4,1,[4; 1; 8; 4; 128; 64; 4; 1],0.01875872164964676,0.37265368063064697,tvm
14,1,16,4,128,32,2,1,[14; 1; 16; 4; 128; 32; 2; 1],0.01815665976027958,0.3850106109252237,tvm
8,2,4,1,512,32,2,1,[8; 2; 4; 1; 512; 32; 2; 1],0.016769717360148206,0.4168529806756914,tvm
14,1,32,4,128,32,2,1,[14; 1; 32; 4; 128; 32; 2; 1],0.018494492367608473,0.37797775292875535,tvm
32,32,16,8,32,32,2,1,[32; 32; 16; 8; 32; 32; 2; 1],0.016821814380818978,0.41556199042581105,tvm
32,4,32,4,128,32,2,1,[32; 4; 32; 4; 128; 32; 2; 1],0.017592532880371436,0.39735646448421325,tvm
16,8,4,4,128,32,2,1,[16; 8; 4; 4; 128; 32; 2; 1],0.01769821989000775,0.3949836034421429,tvm
28,28,16,1,512,64,4,1,[28; 28; 16; 1; 512; 64; 4; 1],0.01621336123207584,0.43115715283250083,tvm
56,2,32,4,32,32,2,1,[56; 2; 32; 4; 32; 32; 2; 1],0.017155608511529863,0.4074764624040307,tvm
28,28,64,8,64,32,2,1,[28; 28; 64; 8; 64; 32; 2; 1],0.015979637479176745,0.4374634077760574,tvm
56,8,32,4,512,64,4,0,[56; 8; 32; 4; 512; 64; 4; 0],0.018062808114336804,0.3870110684018265,tvm
14,7,16,8,128,32,2,1,[14; 7; 16; 8; 128; 32; 2; 1],0.017161161493277177,0.4073446118087737,tvm
16,4,32,2,128,32,2,1,[16; 4; 32; 2; 128; 32; 2; 1],0.016530827851966023,0.422876986516757,tvm
7,1,16,2,128,32,2,1,[7; 1; 16; 2; 128; 32; 2; 1],0.01770016399677843,0.3949402202114622,tvm
7,1,32,2,128,32,2,1,[7; 1; 32; 2; 128; 32; 2; 1],0.016712475626263767,0.4182807396697733,tvm
4,4,8,8,512,32,2,1,[4; 4; 8; 8; 512; 32; 2; 1],0.016462333733215928,0.42463643247384625,tvm
56,1,4,2,256,128,8,1,[56; 1; 4; 2; 256; 128; 8; 1],0.016023868491174653,0.4362558685823449,tvm
8,4,64,8,256,32,2,1,[8; 4; 64; 8; 256; 32; 2; 1],0.017420647374819964,0.401277088977235,tvm
14,2,64,1,64,64,4,1,[14; 2; 64; 1; 64; 64; 4; 1],0.01666507462505251,0.4194704688665407,tvm
56,56,8,2,256,128,8,1,[56; 56; 8; 2; 256; 128; 8; 1],0.019066225504502654,0.3666434483855128,tvm
16,16,16,2,128,64,4,1,[16; 16; 16; 2; 128; 64; 4; 1],0.016370043624192476,0.42703042381241696,tvm
8,4,8,2,64,64,4,1,[8; 4; 8; 2; 64; 64; 4; 1],0.016067131131421775,0.43508119834757825,tvm
7,7,2,2,256,64,4,1,[7; 7; 2; 2; 256; 64; 4; 1],0.013747129123657942,0.5085066564651994,tvm
8,8,32,2,64,64,4,1,[8; 8; 32; 2; 64; 64; 4; 1],0.0158678017614875,0.4405466347350784,tvm
8,8,32,1,64,64,4,1,[8; 8; 32; 1; 64; 64; 4; 1],0.01598417488276027,0.43733922569918054,tvm
14,14,16,1,128,64,4,1,[14; 14; 16; 1; 128; 64; 4; 1],0.016843910387251526,0.41501685214126394,tvm
8,2,8,8,256,32,2,1,[8; 2; 8; 8; 256; 32; 2; 1],0.01662768638925627,0.4204136704901698,tvm
16,2,16,8,256,32,2,1,[16; 2; 16; 8; 256; 32; 2; 1],0.016272059263428673,0.4296018440872924,tvm
16,8,64,1,256,64,4,1,[16; 8; 64; 1; 256; 64; 4; 1],0.015064387873280793,0.4640418665178887,tvm
16,16,16,4,128,64,4,1,[16; 16; 16; 4; 128; 64; 4; 1],0.016040768998209387,0.4357962306823949,tvm
32,4,16,8,256,32,2,1,[32; 4; 16; 8; 256; 32; 2; 1],0.016631443868391216,0.4203186880215752,tvm
8,1,32,4,128,64,4,1,[8; 1; 32; 4; 128; 64; 4; 1],0.015424184006405994,0.4532172764383101,tvm
14,1,16,4,256,64,4,1,[14; 1; 16; 4; 256; 64; 4; 1],0.015888470865320414,0.439973533382924,tvm
8,2,16,4,128,64,4,1,[8; 2; 16; 4; 128; 64; 4; 1],0.015515649109147489,0.45054555033377924,tvm
8,8,8,4,256,64,4,1,[8; 8; 8; 4; 256; 64; 4; 1],0.016942725371336564,0.41259635114508175,tvm
56,14,64,8,64,32,2,1,[56; 14; 64; 8; 64; 32; 2; 1],0.016130320640513673,0.4333767953198017,tvm
7,7,16,2,128,128,8,1,[7; 7; 16; 2; 128; 128; 8; 1],0.01605712901800871,0.4353522138874599,tvm
56,1,32,4,256,32,2,1,[56; 1; 32; 4; 256; 32; 2; 1],0.015828430885449052,0.44164242919953506,tvm
7,7,4,4,512,64,4,1,[7; 7; 4; 4; 512; 64; 4; 1],0.015074155118782073,0.4637411922315066,tvm
16,8,8,8,256,32,2,1,[16; 8; 8; 8; 256; 32; 2; 1],0.014272171392804012,0.48979979810158814,tvm
56,4,32,8,256,32,2,1,[56; 4; 32; 8; 256; 32; 2; 1],0.01552533361245878,0.4502645058175703,tvm
7,7,32,1,128,64,4,1,[7; 7; 32; 1; 128; 64; 4; 1],0.01514770751236938,0.4614894142204904,tvm
16,16,64,4,256,32,2,1,[16; 16; 64; 4; 256; 32; 2; 1],0.014425005501834676,0.4846103293185964,tvm
16,4,32,1,512,128,8,1,[16; 4; 32; 1; 512; 128; 8; 1],0.012991709867492318,0.5380744134502433,tvm
28,1,32,4,512,32,2,1,[28; 1; 32; 4; 512; 32; 2; 1],0.014941016852390021,0.46787355477404735,tvm
14,7,64,2,512,32,2,1,[14; 7; 64; 2; 512; 32; 2; 1],0.014109377632848918,0.49545109986932623,tvm
8,4,64,4,512,64,4,1,[8; 4; 64; 4; 512; 64; 4; 1],0.01749776376527734,0.39950857494936964,tvm
56,8,16,4,64,64,4,1,[56; 8; 16; 4; 64; 64; 4; 1],0.01478053760365583,0.4729534780208285,tvm
56,28,8,4,512,32,2,1,[56; 28; 8; 4; 512; 32; 2; 1],0.015142372605623677,0.46165200452605987,tvm
56,56,64,2,512,128,8,1,[56; 56; 64; 2; 512; 128; 8; 1],0.014320654270704836,0.4881415705263449,tvm
32,4,32,4,512,32,2,1,[32; 4; 32; 4; 512; 32; 2; 1],0.014617610111599788,0.47822500486036074,tvm
56,28,16,4,128,64,4,1,[56; 28; 16; 4; 128; 64; 4; 1],0.01358672688365914,0.5145099865865562,tvm
28,7,8,8,512,32,2,1,[28; 7; 8; 8; 512; 32; 2; 1],0.012143686253693886,0.5756494791307939,tvm
56,7,4,4,512,64,4,1,[56; 7; 4; 4; 512; 64; 4; 1],0.01235406931664329,0.5658464824419529,tvm
56,56,32,4,512,64,4,1,[56; 56; 32; 4; 512; 64; 4; 1],0.014478588884230703,0.4828168492497462,tvm
32,16,32,4,512,64,4,1,[32; 16; 32; 4; 512; 64; 4; 1],0.012501938996138051,0.5591537975690083,tvm
56,28,64,4,128,64,4,0,[56; 28; 64; 4; 128; 64; 4; 0],0.022712322766892612,0.307784753607703,tvm
14,7,2,2,128,64,4,1,[14; 7; 2; 2; 128; 64; 4; 1],0.020172983640804887,0.34652814829664685,tvm
56,7,2,2,256,64,4,1,[56; 7; 2; 2; 256; 64; 4; 1],0.0171924636233598,0.4066029639387169,tvm
8,8,2,1,256,128,8,1,[8; 8; 2; 1; 256; 128; 8; 1],0.024488069146173075,0.2854658170449965,tvm
28,2,2,2,512,32,2,1,[28; 2; 2; 2; 512; 32; 2; 1],0.019173244625562802,0.36459695806241094,tvm
56,28,16,1,128,128,8,1,[56; 28; 16; 1; 128; 128; 8; 1],0.026551333023235202,0.2632827007423409,tvm
64,2,64,8,512,32,2,1,[64; 2; 64; 8; 512; 32; 2; 1],0.014534303481923416,0.48096605904513345,tvm
14,2,64,8,128,32,2,1,[14; 2; 64; 8; 128; 32; 2; 1],0.017686924751615152,0.3952358459617634,tvm
8,1,8,4,64,64,4,1,[8; 1; 8; 4; 64; 64; 4; 1],0.01717209562775679,0.4070852398100607,tvm
14,1,32,2,64,64,4,1,[14; 1; 32; 2; 64; 64; 4; 1],0.024182875640690327,0.2890684619369409,tvm
8,8,4,1,512,128,8,1,[8; 8; 4; 1; 512; 128; 8; 1],0.017939346755156294,0.3896745384364339,tvm
7,7,32,4,64,64,4,1,[7; 7; 32; 4; 64; 64; 4; 1],0.016922609240282327,0.41308680992447483,tvm
16,16,8,2,128,64,4,1,[16; 16; 8; 2; 128; 64; 4; 1],0.01837555324891582,0.3804242828486873,tvm
8,2,4,1,512,32,2,1,[8; 2; 4; 1; 512; 32; 2; 1],0.019476098503218964,0.35892746514458695,tvm
7,7,16,4,64,64,4,1,[7; 7; 16; 4; 64; 64; 4; 1],0.016900760761927813,0.41362082838389835,tvm
56,2,32,4,32,32,2,1,[56; 2; 32; 4; 32; 32; 2; 1],0.01728730835020542,0.404372185944355,tvm
14,1,64,2,128,32,2,1,[14; 1; 64; 2; 128; 32; 2; 1],0.016334861516952515,0.4279501640960859,tvm
28,7,8,8,128,32,2,1,[28; 7; 8; 8; 128; 32; 2; 1],0.015690781263401732,0.4455168005542089,tvm
7,1,8,1,512,128,8,1,[7; 1; 8; 1; 512; 128; 8; 1],0.01601093474891968,0.4366082790474393,tvm
8,2,64,2,128,32,2,1,[8; 2; 64; 2; 128; 32; 2; 1],0.01684328052215278,0.41503237195821474,tvm
56,28,8,2,128,128,8,1,[56; 28; 8; 2; 128; 128; 8; 1],0.016618879744783044,0.42063645528580884,tvm
32,8,4,2,512,64,4,1,[32; 8; 4; 2; 512; 64; 4; 1],0.016503357997862622,0.4235808656378913,tvm
16,2,64,2,128,32,2,1,[16; 2; 64; 2; 128; 32; 2; 1],0.016424343368271366,0.42561863874393696,tvm
14,7,32,2,128,32,2,1,[14; 7; 32; 2; 128; 32; 2; 1],0.016096478997496888,0.4342879376137936,tvm
16,8,32,2,256,64,4,1,[16; 8; 32; 2; 256; 64; 4; 1],0.018632796389283612,0.3751721706510547,tvm
16,1,16,2,512,128,8,1,[16; 1; 16; 2; 512; 128; 8; 1],0.01730599586153403,0.40393553324512455,tvm
28,7,8,2,512,64,4,1,[28; 7; 8; 2; 512; 64; 4; 1],0.016661778383422643,0.4195534537670813,tvm
8,1,16,8,512,32,2,1,[8; 1; 16; 8; 512; 32; 2; 1],0.01759570449939929,0.39728484113297763,tvm
14,1,8,2,512,64,4,1,[14; 1; 8; 2; 512; 64; 4; 1],0.01807747085695155,0.38669716145489025,tvm
8,1,4,2,256,64,4,1,[8; 1; 4; 2; 256; 64; 4; 1],0.017599568382138386,0.39719761955987837,tvm
56,7,8,4,32,32,2,1,[56; 7; 8; 4; 32; 32; 2; 1],0.01727512723300606,0.40465731872067046,tvm
8,8,4,2,64,64,4,1,[8; 8; 4; 2; 64; 64; 4; 1],0.016002041898900643,0.4368509163288044,tvm
56,28,32,2,256,64,4,1,[56; 28; 32; 2; 256; 64; 4; 1],0.01797406587866135,0.3889218340389936,tvm
14,1,64,2,256,32,2,1,[14; 1; 64; 2; 256; 32; 2; 1],0.015554696641629562,0.44941452911127416,tvm
16,16,32,2,256,32,2,1,[16; 16; 32; 2; 256; 32; 2; 1],0.015727333986433223,0.444481351556268,tvm
8,4,4,2,128,128,8,1,[8; 4; 4; 2; 128; 128; 8; 1],0.015292732627131045,0.4571129854362793,tvm
56,2,64,2,512,128,8,1,[56; 2; 64; 2; 512; 128; 8; 1],0.015090980858076364,0.46322414244701,tvm
56,14,4,2,512,128,8,1,[56; 14; 4; 2; 512; 128; 8; 1],0.01505845773499459,0.4642246098298179,tvm
14,1,64,1,512,32,2,1,[14; 1; 64; 1; 512; 32; 2; 1],0.016008432139642537,0.43667653432191533,tvm
56,4,16,8,64,32,2,1,[56; 4; 16; 8; 64; 32; 2; 1],0.015895077638560906,0.43979065882056095,tvm
56,1,2,2,512,128,8,1,[56; 1; 2; 2; 512; 128; 8; 1],0.015344682120485231,0.4555654272781776,tvm
56,4,8,8,64,32,2,1,[56; 4; 8; 8; 64; 32; 2; 1],0.015151542495004833,0.4613726073745495,tvm
56,56,64,2,128,64,4,1,[56; 56; 64; 2; 128; 64; 4; 1],0.01455933801480569,0.4801390461268141,tvm
16,2,64,1,128,128,8,1,[16; 2; 64; 1; 128; 128; 8; 1],0.014975103636970744,0.46680856681408245,tvm
32,2,4,4,256,32,2,1,[32; 2; 4; 4; 256; 32; 2; 1],0.01613252324750647,0.4333176254834877,tvm
56,1,32,8,256,32,2,1,[56; 1; 32; 8; 256; 32; 2; 1],0.015117767004994676,0.4624033869788516,tvm
56,4,64,4,256,32,2,1,[56; 4; 64; 4; 256; 32; 2; 1],0.015533636993495747,0.4500238205382124,tvm
56,4,16,4,128,32,2,1,[56; 4; 16; 4; 128; 32; 2; 1],0.015994377725291997,0.43706024621467704,tvm
8,8,16,4,256,32,2,1,[8; 8; 16; 4; 256; 32; 2; 1],0.015119638381293043,0.462346154741092,tvm
7,7,64,2,128,128,8,1,[7; 7; 64; 2; 128; 128; 8; 1],0.015913125505903736,0.4392918703540171,tvm
56,1,32,8,128,32,2,1,[56; 1; 32; 8; 128; 32; 2; 1],0.015105847007362172,0.4627682686882561,tvm
16,16,16,4,256,64,4,1,[16; 16; 16; 4; 256; 64; 4; 1],0.014494764123810455,0.482278056197093,tvm
32,32,64,1,256,128,8,1,[32; 32; 64; 1; 256; 128; 8; 1],0.014375491999089718,0.4862794725293102,tvm
14,2,32,2,512,64,4,1,[14; 2; 32; 2; 512; 64; 4; 1],0.012586320983245969,0.5554050842952393,tvm
7,7,32,1,256,64,4,1,[7; 7; 32; 1; 256; 64; 4; 1],0.014955061749788001,0.4674341559817205,tvm
56,1,4,4,64,64,4,1,[56; 1; 4; 4; 64; 64; 4; 1],0.014809415384661406,0.4720312372294562,tvm
16,4,16,4,512,32,2,1,[16; 4; 16; 4; 512; 32; 2; 1],0.01723028512788005,0.40571044615828433,tvm
32,32,32,8,512,32,2,1,[32; 32; 32; 8; 512; 32; 2; 1],0.015117985982215032,0.4623966892739798,tvm
28,28,16,8,512,32,2,1,[28; 28; 16; 8; 512; 32; 2; 1],0.01394813961815089,0.5011784265171703,tvm
14,14,8,4,512,64,4,1,[14; 14; 8; 4; 512; 64; 4; 1],0.01521789762773551,0.45936086821388905,tvm
16,1,32,4,512,64,4,1,[16; 1; 32; 4; 512; 64; 4; 1],0.013971021253382787,0.50035760019863,tvm
56,7,8,4,128,64,4,1,[56; 7; 8; 4; 128; 64; 4; 1],0.012988136120839044,0.5382224671522056,tvm
56,14,4,4,512,64,4,1,[56; 14; 4; 4; 512; 64; 4; 1],0.012246802943991497,0.5708025758752275,tvm
56,4,64,4,512,64,4,1,[56; 4; 64; 4; 512; 64; 4; 1],0.011867885245010257,0.589027153730338,tvm
16,2,8,2,256,128,8,1,[16; 2; 8; 2; 256; 128; 8; 1],0.01824676839169115,0.3831093000473369,tvm
32,2,64,8,64,32,2,1,[32; 2; 64; 8; 64; 32; 2; 1],0.018333033891394734,0.3813065915919084,tvm
16,16,64,8,32,32,2,1,[16; 16; 64; 8; 32; 32; 2; 1],0.016404864378273487,0.4261240145285721,tvm
64,32,32,8,512,32,2,1,[64; 32; 32; 8; 512; 32; 2; 1],0.020956719003152102,0.33356875499524635,tvm
32,2,32,8,64,32,2,1,[32; 2; 32; 8; 64; 32; 2; 1],0.01750899275066331,0.39925235941409815,tvm
14,7,4,2,512,64,4,1,[14; 7; 4; 2; 512; 64; 4; 1],0.01914878739626147,0.36506262887599167,tvm
32,16,4,4,128,32,2,1,[32; 16; 4; 4; 128; 32; 2; 1],0.017147903883596882,0.40765954335407456,tvm
28,7,32,2,256,128,8,1,[28; 7; 32; 2; 256; 128; 8; 1],0.017128446022979915,0.4081226433085665,tvm
32,2,16,8,32,32,2,1,[32; 2; 16; 8; 32; 32; 2; 1],0.017299193132203072,0.40409437672868026,tvm
4,2,64,4,256,64,4,1,[4; 2; 64; 4; 256; 64; 4; 1],0.01694109264644794,0.41263611577806786,tvm
28,2,64,8,64,32,2,1,[28; 2; 64; 8; 64; 32; 2; 1],0.018176720244809985,0.3845856993184825,tvm
4,2,16,4,256,64,4,1,[4; 2; 16; 4; 256; 64; 4; 1],0.018052660365356132,0.38722861479639664,tvm
28,7,64,8,64,32,2,1,[28; 7; 64; 8; 64; 32; 2; 1],0.01814406449557282,0.3852778779733924,tvm
7,1,16,8,512,32,2,1,[7; 1; 16; 8; 512; 32; 2; 1],0.019400436518481,0.3603272874817769,tvm
16,16,16,2,64,64,4,1,[16; 16; 16; 2; 64; 64; 4; 1],0.015348787244874984,0.4554435835965361,tvm
28,4,4,4,128,32,2,1,[28; 4; 4; 4; 128; 32; 2; 1],0.0169344519963488,0.41279792627324907,tvm
16,8,4,2,512,128,8,1,[16; 8; 4; 2; 512; 128; 8; 1],0.017138450144557282,0.40788441240042156,tvm
56,4,32,2,256,128,8,1,[56; 4; 32; 2; 256; 128; 8; 1],0.016486497886944562,0.42401404559074707,tvm
64,1,64,4,512,32,2,1,[64; 1; 64; 4; 512; 32; 2; 1],0.014717626880155876,0.4749751249701901,tvm
8,1,2,1,64,64,4,1,[8; 1; 2; 1; 64; 64; 4; 1],0.017342616396490484,0.403082586090141,tvm
7,1,4,2,512,64,4,1,[7; 1; 4; 2; 512; 64; 4; 1],0.018215960764791816,0.38375723119573585,tvm
28,28,16,1,256,64,4,1,[28; 28; 16; 1; 256; 64; 4; 1],0.017472461360739544,0.4000871155093391,tvm
16,8,64,2,128,64,4,1,[16; 8; 64; 2; 128; 64; 4; 1],0.020429593132575974,0.34217552064313833,tvm
4,1,8,4,256,32,2,1,[4; 1; 8; 4; 256; 32; 2; 1],0.017290721618337557,0.40429236101129135,tvm
8,2,32,1,256,32,2,1,[8; 2; 32; 1; 256; 32; 2; 1],0.016176764998817816,0.432132547340431,tvm
7,7,4,2,128,64,4,1,[7; 7; 4; 2; 128; 64; 4; 1],0.02076101876446046,0.33671308455408244,tvm
8,1,4,2,128,64,4,1,[8; 1; 4; 2; 128; 64; 4; 1],0.01789576213923283,0.39062357960946514,tvm
16,8,32,2,128,128,8,1,[16; 8; 32; 2; 128; 128; 8; 1],0.01892966401646845,0.36928847023301936,tvm
56,7,32,2,512,64,4,1,[56; 7; 32; 2; 512; 64; 4; 1],0.01610045036068186,0.4341808154471162,tvm
8,1,32,1,64,64,4,1,[8; 1; 32; 1; 64; 64; 4; 1],0.016014205728424713,0.4365190996802755,tvm
7,1,32,4,256,32,2,1,[7; 1; 32; 4; 256; 32; 2; 1],0.015369139262475073,0.4548404791759889,tvm
7,7,64,4,128,64,4,1,[7; 7; 64; 4; 128; 64; 4; 1],0.016100052249385044,0.4341915515791991,tvm
8,4,32,1,64,64,4,1,[8; 4; 32; 1; 64; 64; 4; 1],0.016000016476027668,0.43690621676173447,tvm
14,1,64,4,512,32,2,1,[14; 1; 64; 4; 512; 32; 2; 1],0.01643905049422756,0.4252378608558522,tvm
8,8,4,2,128,128,8,1,[8; 8; 4; 2; 128; 128; 8; 1],0.01531889001489617,0.45633245358306385,tvm
7,7,32,4,512,64,4,1,[7; 7; 32; 4; 512; 64; 4; 1],0.014707274473039433,0.475309458559523,tvm
32,2,64,8,256,32,2,1,[32; 2; 64; 8; 256; 32; 2; 1],0.01655636462965049,0.42222473490028706,tvm
7,1,32,2,512,32,2,1,[7; 1; 32; 2; 512; 32; 2; 1],0.015550546755548567,0.449534461813852,tvm
16,16,16,1,128,128,8,1,[16; 16; 16; 1; 128; 128; 8; 1],0.014639590139267966,0.4775069930349989,tvm
32,1,2,2,512,128,8,1,[32; 1; 2; 2; 512; 128; 8; 1],0.015562026121187955,0.44920286164723605,tvm
16,8,16,1,512,64,4,1,[16; 8; 16; 1; 512; 64; 4; 1],0.015297169768018648,0.45698039393414575,tvm
32,4,4,4,256,32,2,1,[32; 4; 4; 4; 256; 32; 2; 1],0.015970005508279428,0.43772725457374045,tvm
16,16,64,1,128,64,4,1,[16; 16; 64; 1; 128; 64; 4; 1],0.01608497410779819,0.43459856508426614,tvm
14,7,64,1,128,64,4,1,[14; 7; 64; 1; 128; 64; 4; 1],0.015389323612907901,0.45424391886874943,tvm
8,1,64,1,128,128,8,1,[8; 1; 64; 1; 128; 128; 8; 1],0.015177859866525978,0.4605726188106325,tvm
64,8,32,4,512,64,4,1,[64; 8; 32; 4; 512; 64; 4; 1],0.013516993873054162,0.5171642994232684,tvm
56,56,8,8,256,32,2,1,[56; 56; 8; 8; 256; 32; 2; 1],0.020214843476423994,0.34581057601655435,tvm
8,1,16,1,256,128,8,1,[8; 1; 16; 1; 256; 128; 8; 1],0.015041938633657992,0.464734422664419,tvm
8,4,8,8,512,32,2,1,[8; 4; 8; 8; 512; 32; 2; 1],0.014042949624126777,0.4977947549321464,tvm
64,2,32,4,512,64,4,1,[64; 2; 32; 4; 512; 64; 4; 1],0.017297955375397578,0.4041232917393855,tvm
16,4,64,4,256,64,4,1,[16; 4; 64; 4; 256; 64; 4; 1],0.015584012639010325,0.448569109163056,tvm
7,1,4,4,512,32,2,1,[7; 1; 4; 4; 512; 32; 2; 1],0.014740440004970878,0.47424002704866863,tvm
56,56,64,4,64,64,4,1,[56; 56; 64; 4; 64; 64; 4; 1],0.015548651019344106,0.44958927034697505,tvm
28,28,64,4,256,32,2,1,[28; 28; 64; 4; 256; 32; 2; 1],0.014489841356407851,0.4824419049678036,tvm
8,4,64,1,128,64,4,1,[8; 4; 64; 1; 128; 64; 4; 1],0.014751043752767146,0.47389912089138225,tvm
8,8,32,2,256,128,8,1,[8; 8; 32; 2; 256; 128; 8; 1],0.014942315145162866,0.467832902649603,tvm
14,7,8,4,512,32,2,1,[14; 7; 8; 4; 512; 32; 2; 1],0.015156224515521899,0.46123008137729155,tvm
14,1,32,1,512,64,4,1,[14; 1; 32; 1; 512; 64; 4; 1],0.013915980991441756,0.5023366064502234,tvm
14,14,64,8,512,32,2,1,[14; 14; 64; 8; 512; 32; 2; 1],0.013366019760724157,0.5230058605186387,tvm
14,2,32,1,512,128,8,1,[14; 2; 32; 1; 512; 128; 8; 1],0.013152332481695339,0.5315031897494724,tvm
32,32,4,4,512,32,2,1,[32; 32; 4; 4; 512; 32; 2; 1],0.014538982621161267,0.4808112678043986,tvm
28,14,64,4,512,32,2,1,[28; 14; 64; 4; 512; 32; 2; 1],0.014908673765603453,0.4688885662516014,tvm
56,1,16,4,512,64,4,1,[56; 1; 16; 4; 512; 64; 4; 1],0.012700688617769629,0.5504037518789491,tvm
56,4,16,4,512,64,4,1,[56; 4; 16; 4; 512; 64; 4; 1],0.012378595303744078,0.5647253581795578,tvm
64,64,32,2,512,128,8,1,[64; 64; 32; 2; 512; 128; 8; 1],0.01821500124060549,0.38377744664014607,tvm
28,7,4,4,64,64,4,1,[28; 7; 4; 4; 64; 64; 4; 1],0.017788162251235917,0.3929864461507803,tvm
56,2,16,4,512,64,4,0,[56; 2; 16; 4; 512; 64; 4; 0],0.019199303002096713,0.3641021065141401,tvm
28,4,64,2,512,32,2,1,[28; 4; 64; 2; 512; 32; 2; 1],0.021628690883517265,0.32320526028664887,tvm
4,1,8,4,128,32,2,1,[4; 1; 8; 4; 128; 32; 2; 1],0.017704516125377268,0.394843135907376,tvm
4,2,8,8,128,32,2,1,[4; 2; 8; 8; 128; 32; 2; 1],0.01938979036640376,0.3605251286666284,tvm
8,1,8,8,128,32,2,1,[8; 1; 8; 8; 128; 32; 2; 1],0.01713557160110213,0.407952931445663,tvm
28,14,4,4,128,32,2,1,[28; 14; 4; 4; 128; 32; 2; 1],0.017027256631990895,0.4105480300057772,tvm
8,2,4,4,128,32,2,1,[8; 2; 4; 4; 128; 32; 2; 1],0.016364009614335373,0.4271878855743747,tvm
28,1,32,8,32,32,2,1,[28; 1; 32; 8; 32; 32; 2; 1],0.01668203648296185,0.419043962276812,tvm
32,2,32,4,128,32,2,1,[32; 2; 32; 4; 128; 32; 2; 1],0.017253109108423814,0.4051737355126073,tvm
32,32,8,8,32,32,2,1,[32; 32; 8; 8; 32; 32; 2; 1],0.01611983112525195,0.4336588027721914,tvm
56,14,4,2,128,128,8,1,[56; 14; 4; 2; 128; 128; 8; 1],0.016707728122128174,0.41839959422180495,tvm
56,1,32,4,32,32,2,1,[56; 1; 32; 4; 32; 32; 2; 1],0.01710673901834525,0.40864051641695437,tvm
8,8,8,8,128,32,2,1,[8; 8; 8; 8; 128; 32; 2; 1],0.01815406235982664,0.3850656964876385,tvm
28,2,32,8,128,32,2,1,[28; 2; 32; 8; 128; 32; 2; 1],0.016019239381421357,0.436381934261751,tvm
32,32,64,8,32,32,2,1,[32; 32; 64; 8; 32; 32; 2; 1],0.01630637387279421,0.42869780376676686,tvm
8,2,2,2,128,32,2,1,[8; 2; 2; 2; 128; 32; 2; 1],0.016622892988380045,0.4205349015693757,tvm
28,28,8,2,512,64,4,1,[28; 28; 8; 2; 512; 64; 4; 1],0.015242383640725166,0.4586229313891019,tvm
16,4,64,1,256,32,2,1,[16; 4; 64; 1; 256; 32; 2; 1],0.017152718879515305,0.40754510790794246,tvm
32,1,4,2,512,64,4,1,[32; 1; 4; 2; 512; 64; 4; 1],0.01611673174193129,0.4337421990141647,tvm
32,4,16,2,512,64,4,1,[32; 4; 16; 2; 512; 64; 4; 1],0.01683429762488231,0.41525383609317873,tvm
7,1,64,4,512,32,2,1,[7; 1; 64; 4; 512; 32; 2; 1],0.01795219536870718,0.3893956434348946,tvm
28,28,64,4,128,32,2,1,[28; 28; 64; 4; 128; 32; 2; 1],0.0147979189932812,0.47239795472867596,tvm
8,2,2,2,128,64,4,1,[8; 2; 2; 2; 128; 64; 4; 1],0.015613022522302344,0.4477356422615232,tvm
28,28,16,2,256,64,4,1,[28; 28; 16; 2; 256; 64; 4; 1],0.01459584862459451,0.47893800809138437,tvm
14,1,16,2,512,128,8,1,[14; 1; 16; 2; 512; 128; 8; 1],0.01782509926124476,0.39217210317955375,tvm
32,16,64,2,512,64,4,1,[32; 16; 64; 2; 512; 64; 4; 1],0.016646098374621943,0.41994865759799593,tvm
56,28,16,2,256,128,8,1,[56; 28; 16; 2; 256; 128; 8; 1],0.016316665016347542,0.4284274182048189,tvm
56,56,16,4,256,32,2,1,[56; 56; 16; 4; 256; 32; 2; 1],0.01609410799574107,0.4343519173921625,tvm
8,8,32,2,64,64,4,1,[8; 8; 32; 2; 64; 64; 4; 1],0.01588740962324664,0.44000292259337714,tvm
64,1,16,4,512,64,4,1,[64; 1; 16; 4; 512; 64; 4; 1],0.01653670085943304,0.4227268018021302,tvm
14,1,8,4,256,32,2,1,[14; 1; 8; 4; 256; 32; 2; 1],0.016201123769860715,0.4314828258809584,tvm
7,1,32,4,512,64,4,1,[7; 1; 32; 4; 512; 64; 4; 1],0.014769800996873528,0.473297281943502,tvm
8,8,8,4,256,64,4,1,[8; 8; 8; 4; 256; 64; 4; 1],0.017114236223278567,0.40846150394712144,tvm
14,7,16,4,256,64,4,1,[14; 7; 16; 4; 256; 64; 4; 1],0.01578870849334635,0.44275354565020913,tvm
32,8,8,2,512,128,8,1,[32; 8; 8; 2; 512; 128; 8; 1],0.015661423502024263,0.44635193383048055,tvm
7,7,2,2,128,128,8,1,[7; 7; 2; 2; 128; 128; 8; 1],0.01586534848320298,0.44061475700125224,tvm
7,1,16,4,512,64,4,1,[7; 1; 16; 4; 512; 64; 4; 1],0.016070628742454574,0.4349865072919954,tvm
14,2,32,1,128,64,4,1,[14; 2; 32; 1; 128; 64; 4; 1],0.015927187487250194,0.43890402321581307,tvm
16,16,64,1,128,64,4,1,[16; 16; 64; 1; 128; 64; 4; 1],0.01619701462914236,0.4315922919578679,tvm
7,1,64,2,256,128,8,1,[7; 1; 64; 2; 256; 128; 8; 1],0.01584187100525014,0.44126774320722273,tvm
8,1,16,2,256,128,8,1,[8; 1; 16; 2; 256; 128; 8; 1],0.015794264996657148,0.44259778268543715,tvm
8,1,16,1,128,128,8,1,[8; 1; 16; 1; 128; 128; 8; 1],0.015960956865455955,0.4379754124764355,tvm
56,8,32,4,256,32,2,1,[56; 8; 32; 4; 256; 32; 2; 1],0.015572325995890424,0.44890574911618725,tvm
8,2,16,1,128,128,8,1,[8; 2; 16; 1; 128; 128; 8; 1],0.015837642742553726,0.4413855508865639,tvm
16,4,64,1,256,128,8,1,[16; 4; 64; 1; 256; 128; 8; 1],0.014184220373863354,0.49283686254253134,tvm
14,7,4,4,256,32,2,1,[14; 7; 4; 4; 256; 32; 2; 1],0.01616260188166052,0.43251122052314467,tvm
14,14,32,1,128,128,8,1,[14; 14; 32; 1; 128; 128; 8; 1],0.014834481524303555,0.4712336359861323,tvm
16,8,32,2,512,128,8,1,[16; 8; 32; 2; 512; 128; 8; 1],0.016690603632014245,0.418828870470459,tvm
56,1,8,8,256,32,2,1,[56; 1; 8; 8; 256; 32; 2; 1],0.01455233377055265,0.4803701438467756,tvm
14,1,32,2,512,32,2,1,[14; 1; 32; 2; 512; 32; 2; 1],0.014082528388826177,0.49639570918339526,tvm
14,7,64,4,512,64,4,1,[14; 7; 64; 4; 512; 64; 4; 1],0.014280420611612499,0.48951686065760225,tvm
56,56,8,8,512,32,2,1,[56; 56; 8; 8; 512; 32; 2; 1],0.01664603062090464,0.4199503668993469,tvm
28,14,32,4,512,32,2,1,[28; 14; 32; 4; 512; 32; 2; 1],0.014841149852145463,0.4710219043880961,tvm
56,14,8,8,512,32,2,1,[56; 14; 8; 8; 512; 32; 2; 1],0.014010717131895944,0.49893996152077796,tvm
56,56,16,4,256,64,4,1,[56; 56; 16; 4; 256; 64; 4; 1],0.015173122228588909,0.4607164274664108,tvm
32,32,64,2,128,128,8,1,[32; 32; 64; 2; 128; 128; 8; 1],0.013457294000545517,0.5194585677018941,tvm
14,2,64,2,512,64,4,1,[14; 2; 64; 2; 512; 64; 4; 1],0.012570654391311109,0.5560972761687359,tvm
32,16,8,8,512,32,2,1,[32; 16; 8; 8; 512; 32; 2; 1],0.01308725812123157,0.5341460068955092,tvm
56,8,32,4,128,64,4,1,[56; 8; 32; 4; 128; 64; 4; 1],0.013582248502643779,0.5146796324118181,tvm
16,1,32,4,512,64,4,1,[16; 1; 32; 4; 512; 64; 4; 1],0.013703270349651575,0.5101341860955411,tvm
28,7,8,8,512,32,2,1,[28; 7; 8; 8; 512; 32; 2; 1],0.012140437815105543,0.5758035066881066,tvm
32,1,32,4,512,64,4,1,[32; 1; 32; 4; 512; 64; 4; 1],0.012558451999211684,0.5566376068567586,tvm
32,1,4,4,64,64,4,1,[32; 1; 4; 4; 64; 64; 4; 1],0.01798148700618185,0.3887613223680223,tvm
32,16,8,2,64,64,4,1,[32; 16; 8; 2; 64; 64; 4; 1],0.02299259800929576,0.304032918065216,tvm
16,2,16,2,128,64,4,1,[16; 2; 16; 2; 128; 64; 4; 1],0.020050443621585146,0.3486459850265404,tvm
7,1,16,8,512,32,2,1,[7; 1; 16; 8; 512; 32; 2; 1],0.02011243623564951,0.34757135260799077,tvm
32,16,2,2,128,128,8,1,[32; 16; 2; 2; 128; 128; 8; 1],0.0188964229892008,0.36993809202205635,tvm
64,64,64,2,512,128,8,1,[64; 64; 64; 2; 512; 128; 8; 1],0.014651725126896054,0.4771115077660207,tvm
4,2,16,4,128,64,4,1,[4; 2; 16; 4; 128; 64; 4; 1],0.018133292731363326,0.3855067455330875,tvm
32,4,64,8,128,32,2,1,[32; 4; 64; 8; 128; 32; 2; 1],0.017301029874943197,0.4040514765419199,tvm
16,16,4,4,128,32,2,1,[16; 16; 4; 4; 128; 32; 2; 1],0.019637479475932196,0.3559777961949888,tvm
56,7,32,2,128,128,8,1,[56; 7; 32; 2; 128; 128; 8; 1],0.01671285688644275,0.4182711976871694,tvm
16,8,4,2,512,128,8,1,[16; 8; 4; 2; 512; 128; 8; 1],0.01694982426124625,0.4124235484051375,tvm
28,7,64,8,32,32,2,1,[28; 7; 64; 8; 32; 32; 2; 1],0.015996694623026997,0.4369969441439446,tvm
8,1,4,2,512,64,4,1,[8; 1; 4; 2; 512; 64; 4; 1],0.01747776073170826,0.3999658064882676,tvm
14,7,64,8,128,32,2,1,[14; 7; 64; 8; 128; 32; 2; 1],0.018003892357228324,0.3882775195476033,tvm
14,14,8,1,128,128,8,1,[14; 14; 8; 1; 128; 128; 8; 1],0.014866078126942739,0.470232068402582,tvm
56,4,2,2,512,64,4,1,[56; 4; 2; 2; 512; 64; 4; 1],0.01718963249004446,0.406669931466847,tvm
16,1,64,2,512,128,8,1,[16; 1; 64; 2; 512; 128; 8; 1],0.016798983997432515,0.4161267531259668,tvm
8,8,64,8,128,32,2,1,[8; 8; 64; 8; 128; 32; 2; 1],0.016209737252211198,0.4312535458101321,tvm
16,8,16,8,128,32,2,1,[16; 8; 16; 8; 128; 32; 2; 1],0.016526127379620448,0.4229972640345954,tvm
16,8,2,2,512,128,8,1,[16; 8; 2; 2; 512; 128; 8; 1],0.016527661500731483,0.42295800082530005,tvm
16,2,16,1,128,64,4,1,[16; 2; 16; 1; 128; 64; 4; 1],0.01755100963055156,0.3982965546607692,tvm
4,2,8,4,512,64,4,1,[4; 2; 8; 4; 512; 64; 4; 1],0.018700986984185874,0.3738041565708833,tvm
14,14,64,2,128,32,2,1,[14; 14; 64; 2; 128; 32; 2; 1],0.01603855425491929,0.4358564092223314,tvm
8,8,32,1,256,32,2,1,[8; 8; 32; 1; 256; 32; 2; 1],0.0160662374983076,0.4351053983487446,tvm
8,4,4,2,512,32,2,1,[8; 4; 4; 2; 512; 32; 2; 1],0.014102599263424054,0.49568923686266614,tvm
8,1,1,1,128,128,8,1,[8; 1; 1; 1; 128; 128; 8; 1],0.015093071502633393,0.4631599781029981,tvm
7,7,64,2,256,32,2,1,[7; 7; 64; 2; 256; 32; 2; 1],0.016098716005217284,0.43422759084644874,tvm
28,4,4,2,512,128,8,1,[28; 4; 4; 2; 512; 128; 8; 1],0.015737593872472644,0.4441915786690929,tvm
28,4,32,2,512,128,8,1,[28; 4; 32; 2; 512; 128; 8; 1],0.015617301018210128,0.4476129811748891,tvm
14,7,32,2,128,128,8,1,[14; 7; 32; 2; 128; 128; 8; 1],0.01949638352380134,0.3585540189098455,tvm
32,4,32,2,512,128,8,1,[32; 4; 32; 2; 512; 128; 8; 1],0.015793304599355906,0.44262469723731906,tvm
16,4,64,1,512,32,2,1,[16; 4; 64; 1; 512; 32; 2; 1],0.016195673524634913,0.4316280305375104,tvm
28,28,4,4,128,64,4,1,[28; 28; 4; 4; 128; 64; 4; 1],0.017652821232331917,0.39599940285257335,tvm
8,8,8,1,128,128,8,1,[8; 8; 8; 1; 128; 128; 8; 1],0.015849134884774685,0.44106550404729206,tvm
32,32,32,4,64,64,4,1,[32; 32; 32; 4; 64; 64; 4; 1],0.015247287868987769,0.4584754171845219,tvm
8,1,64,4,256,64,4,1,[8; 1; 64; 4; 256; 64; 4; 1],0.01630188024137169,0.4288159747932527,tvm
8,2,32,4,512,32,2,1,[8; 2; 32; 4; 512; 32; 2; 1],0.014215086499461904,0.4917667343727584,tvm
32,2,8,8,256,32,2,1,[32; 2; 8; 8; 256; 32; 2; 1],0.016340741014573723,0.4277961850342089,tvm
16,16,16,2,256,128,8,1,[16; 16; 16; 2; 256; 128; 8; 1],0.0147762548585888,0.4730905587083446,tvm
8,4,2,2,256,32,2,1,[8; 4; 2; 2; 256; 32; 2; 1],0.014984250243287534,0.4665236200121652,tvm
56,14,16,4,128,32,2,1,[56; 14; 16; 4; 128; 32; 2; 1],0.015817517618415877,0.44194713957693477,tvm
28,14,16,4,256,32,2,1,[28; 14; 16; 4; 256; 32; 2; 1],0.01585050212452188,0.4410274584205029,tvm
56,2,16,4,128,32,2,1,[56; 2; 16; 4; 128; 32; 2; 1],0.015841537388041615,0.4412770361507733,tvm
56,14,64,2,512,128,8,1,[56; 14; 64; 2; 512; 128; 8; 1],0.015003778360551223,0.4659164177635748,tvm
14,14,64,4,256,64,4,1,[14; 14; 64; 4; 256; 64; 4; 1],0.013942783494712785,0.5013709543232543,tvm
7,1,32,1,512,128,8,1,[7; 1; 32; 1; 512; 128; 8; 1],0.013657155504915863,0.5118567086792304,tvm
16,4,32,4,256,64,4,1,[16; 4; 32; 4; 256; 64; 4; 1],0.015420400479342788,0.45332847717095087,tvm
28,7,64,4,128,64,4,1,[28; 7; 64; 4; 128; 64; 4; 1],0.015337768127210438,0.4557707880760659,tvm
56,14,64,8,256,32,2,1,[56; 14; 64; 8; 256; 32; 2; 1],0.014716463629156351,0.47501266899590133,tvm
56,1,64,8,512,32,2,1,[56; 1; 64; 8; 512; 32; 2; 1],0.013271840871311724,0.5267171852382042,tvm
56,7,16,4,512,32,2,1,[56; 7; 16; 4; 512; 32; 2; 1],0.015499193745199591,0.4510238907641093,tvm
56,28,64,2,512,128,8,1,[56; 28; 64; 2; 512; 128; 8; 1],0.014830682630417868,0.47135434294366685,tvm
7,7,32,1,256,128,8,1,[7; 7; 32; 1; 256; 128; 8; 1],0.014412472868571058,0.4850317312243273,tvm
8,1,32,1,512,128,8,1,[8; 1; 32; 1; 512; 128; 8; 1],0.01328609386109747,0.5261521361922119,tvm
14,1,16,4,512,64,4,1,[14; 1; 16; 4; 512; 64; 4; 1],0.014181682141497731,0.49292507030681465,tvm
8,8,16,2,512,64,4,1,[8; 8; 16; 2; 512; 64; 4; 1],0.014097409875830635,0.49587170467757846,tvm
32,32,64,4,256,64,4,1,[32; 32; 64; 4; 256; 64; 4; 1],0.013294606003910303,0.5258152565492027,tvm
32,2,64,4,512,32,2,1,[32; 2; 64; 4; 512; 32; 2; 1],0.01421272664447315,0.4918483864167639,tvm
32,4,64,4,256,64,4,1,[32; 4; 64; 4; 256; 64; 4; 1],0.014503405633149669,0.48199070228642266,tvm
14,14,64,8,512,32,2,1,[14; 14; 64; 8; 512; 32; 2; 1],0.013437807385344058,0.5202118519938648,tvm
32,32,64,4,512,32,2,1,[32; 32; 64; 4; 512; 32; 2; 1],0.013464157877024263,0.5191937535577718,tvm
56,2,32,4,128,64,4,1,[56; 2; 32; 4; 128; 64; 4; 1],0.01372851786436513,0.5091960207016811,tvm
16,16,8,4,512,64,4,1,[16; 16; 8; 4; 512; 64; 4; 1],0.015013086231192574,0.4656275571203038,tvm
28,14,64,4,512,64,4,1,[28; 14; 64; 4; 512; 64; 4; 1],0.012403030370478518,0.5636127992805171,tvm
56,1,8,2,128,128,8,1,[56; 1; 8; 2; 128; 128; 8; 1],0.0165272165031638,0.42296938902739467,tvm
56,8,8,2,256,64,4,1,[56; 8; 8; 2; 256; 64; 4; 1],0.017221301386598498,0.4059220908883595,tvm
14,2,8,2,128,128,8,1,[14; 2; 8; 2; 128; 128; 8; 1],0.01916550751775503,0.3647441457102361,tvm
32,16,8,2,256,128,8,1,[32; 16; 8; 2; 256; 128; 8; 1],0.01816155738197267,0.3849067852300766,tvm
7,1,8,4,64,64,4,1,[7; 1; 8; 4; 64; 64; 4; 1],0.017436323745641857,0.40091631519596654,tvm
7,1,8,2,128,32,2,1,[7; 1; 8; 2; 128; 32; 2; 1],0.017574338504346088,0.3977678400207173,tvm
4,2,32,4,128,64,4,1,[4; 2; 32; 4; 128; 64; 4; 1],0.017720095143886283,0.3944960007214467,tvm
7,1,64,4,64,64,4,1,[7; 1; 64; 4; 64; 64; 4; 1],0.0174014967342373,0.4017187011800487,tvm
56,2,16,2,128,128,8,1,[56; 2; 16; 2; 128; 128; 8; 1],0.01675088086631149,0.4173217350453261,tvm
7,1,8,4,128,32,2,1,[7; 1; 8; 4; 128; 32; 2; 1],0.01723201450658962,0.40566972967632176,tvm
32,4,32,2,256,128,8,1,[32; 4; 32; 2; 256; 128; 8; 1],0.018065598123939708,0.3869512992987022,tvm
16,1,4,2,512,128,8,1,[16; 1; 4; 2; 512; 128; 8; 1],0.017053948977263644,0.40990545216163266,tvm
8,8,8,4,128,32,2,1,[8; 8; 8; 4; 128; 32; 2; 1],0.016058267006883398,0.4353213621164835,tvm
14,14,8,4,64,64,4,1,[14; 14; 8; 4; 64; 64; 4; 1],0.015484392875805497,0.4514550052259005,tvm
7,1,8,1,256,64,4,1,[7; 1; 8; 1; 256; 64; 4; 1],0.01615805964684114,0.43263280489457123,tvm
16,8,8,1,512,64,4,1,[16; 8; 8; 1; 512; 64; 4; 1],0.017056989017874002,0.4098323953507458,tvm
28,7,64,8,128,32,2,1,[28; 7; 64; 8; 128; 32; 2; 1],0.016333504376234487,0.4279857222090054,tvm
8,2,8,2,256,128,8,1,[8; 2; 8; 2; 256; 128; 8; 1],0.01734723412664607,0.40297528791226483,tvm
8,4,64,8,256,32,2,1,[8; 4; 64; 8; 256; 32; 2; 1],0.017348773748381063,0.40293952575864334,tvm
14,7,16,2,128,128,8,1,[14; 7; 16; 2; 128; 128; 8; 1],0.019347758876392618,0.3613083412568373,tvm
56,14,16,2,256,128,8,1,[56; 14; 16; 2; 256; 128; 8; 1],0.016623677482130006,0.42051505596046773,tvm
56,1,8,2,256,128,8,1,[56; 1; 8; 2; 256; 128; 8; 1],0.016202641127165407,0.4314424180479044,tvm
4,4,4,4,512,64,4,1,[4; 4; 4; 4; 512; 64; 4; 1],0.01673147061956115,0.417805871678363,tvm
14,1,16,2,256,128,8,1,[14; 1; 16; 2; 256; 128; 8; 1],0.018656216620001942,0.37470119526656415,tvm
32,32,32,4,128,32,2,1,[32; 32; 32; 4; 128; 32; 2; 1],0.015117009519599378,0.46242655715757763,tvm
16,16,8,2,512,64,4,1,[16; 16; 8; 2; 512; 64; 4; 1],0.015386773273348808,0.4543192092636352,tvm
14,7,32,2,128,128,8,1,[14; 7; 32; 2; 128; 128; 8; 1],0.0194021015195176,0.3602963658155559,tvm
16,1,64,1,512,32,2,1,[16; 1; 64; 1; 512; 32; 2; 1],0.016245404753135517,0.4303067096753888,tvm
16,2,32,8,256,32,2,1,[16; 2; 32; 8; 256; 32; 2; 1],0.016451889008749276,0.4249060191780437,tvm
56,28,4,2,512,128,8,1,[56; 28; 4; 2; 512; 128; 8; 1],0.014909689489286393,0.46885662318385724,tvm
7,7,16,8,256,32,2,1,[7; 7; 16; 8; 256; 32; 2; 1],0.01761829201132059,0.3967755025387781,tvm
16,1,64,1,256,128,8,1,[16; 1; 64; 1; 256; 128; 8; 1],0.02811946504516527,0.24860027228251208,tvm
8,1,8,8,512,32,2,1,[8; 1; 8; 8; 512; 32; 2; 1],0.015142141986871138,0.46165903560590865,tvm
7,7,32,1,64,64,4,1,[7; 7; 32; 1; 64; 64; 4; 1],0.016537166375201195,0.42271490218236485,tvm
8,2,64,1,64,64,4,1,[8; 2; 64; 1; 64; 64; 4; 1],0.016118921397719532,0.43368327781880417,tvm
8,4,64,1,64,64,4,1,[8; 4; 64; 1; 64; 64; 4; 1],0.016046999138779938,0.43562703569747674,tvm
28,28,4,4,64,64,4,1,[28; 28; 4; 4; 64; 64; 4; 1],0.01513091311790049,0.46200163943817846,tvm
7,1,8,2,128,128,8,1,[7; 1; 8; 2; 128; 128; 8; 1],0.016061475238529965,0.43523440797624247,tvm
8,2,16,4,256,64,4,1,[8; 2; 16; 4; 256; 64; 4; 1],0.016342654853360727,0.42774608711932316,tvm
56,2,16,8,64,32,2,1,[56; 2; 16; 8; 64; 32; 2; 1],0.016108257870655507,0.4339703723890159,tvm
8,1,16,2,512,128,8,1,[8; 1; 16; 2; 512; 128; 8; 1],0.015960570133756846,0.4379860248150935,tvm
14,7,16,4,512,32,2,1,[14; 7; 16; 4; 512; 32; 2; 1],0.01835363599820994,0.3808785718180563,tvm
56,4,64,4,128,32,2,1,[56; 4; 64; 4; 128; 32; 2; 1],0.0161167609912809,0.4337414118412814,tvm
28,1,64,4,128,64,4,1,[28; 1; 64; 4; 128; 64; 4; 1],0.015442470379639417,0.4526805941543853,tvm
56,1,16,8,256,32,2,1,[56; 1; 16; 8; 256; 32; 2; 1],0.015445912256836891,0.45257972144522757,tvm
56,28,16,8,256,32,2,1,[56; 28; 16; 8; 256; 32; 2; 1],0.01644870324525982,0.4249883144241895,tvm
16,16,64,2,512,32,2,1,[16; 16; 64; 2; 512; 32; 2; 1],0.014465701882727444,0.48324697434927627,tvm
7,7,32,1,128,128,8,1,[7; 7; 32; 1; 128; 128; 8; 1],0.015293450007447973,0.45709154332490454,tvm
56,4,64,8,32,32,2,1,[56; 4; 64; 8; 32; 32; 2; 1],0.015157870104303584,0.46118000870596854,tvm
16,4,64,1,256,128,8,1,[16; 4; 64; 1; 256; 128; 8; 1],0.014127544622169808,0.4948139859842832,tvm
32,16,64,4,256,32,2,1,[32; 16; 64; 4; 256; 32; 2; 1],0.016600888600805774,0.4210923182947786,tvm
7,1,64,1,256,128,8,1,[7; 1; 64; 1; 256; 128; 8; 1],0.014313600870082155,0.4883821150328432,tvm
8,1,8,4,512,64,4,1,[8; 1; 8; 4; 512; 64; 4; 1],0.014621447859099135,0.478099483309129,tvm
56,28,4,4,512,32,2,1,[56; 28; 4; 4; 512; 32; 2; 1],0.013954201131127775,0.5009607215043558,tvm
14,14,64,2,512,32,2,1,[14; 14; 64; 2; 512; 32; 2; 1],0.014093229518039152,0.4960187909888864,tvm
32,8,64,4,256,64,4,1,[32; 8; 64; 4; 256; 64; 4; 1],0.014384083391632885,0.4859890252536351,tvm
14,14,64,2,512,128,8,1,[14; 14; 64; 2; 512; 128; 8; 1],0.01297886812244542,0.5386068030522178,tvm
56,4,64,4,512,32,2,1,[56; 4; 64; 4; 512; 32; 2; 1],0.013740115246037021,0.508766232414455,tvm
28,4,4,4,256,64,4,1,[28; 4; 4; 4; 256; 64; 4; 1],0.013873815769329667,0.5038633050123328,tvm
14,2,32,2,512,64,4,1,[14; 2; 32; 2; 512; 64; 4; 1],0.012566823133965954,0.556266813986785,tvm
8,2,32,1,512,128,8,1,[8; 2; 32; 1; 512; 128; 8; 1],0.01324958901386708,0.5276017738625983,tvm
28,7,8,4,512,32,2,1,[28; 7; 8; 4; 512; 32; 2; 1],0.014144320623017848,0.4942271073303176,tvm
32,4,8,8,512,32,2,1,[32; 4; 8; 8; 512; 32; 2; 1],0.01334384412621148,0.5238750243593694,tvm
56,8,16,4,128,64,4,1,[56; 8; 16; 4; 128; 64; 4; 1],0.013536309881601483,0.5164263176457082,tvm
