kc,ku,mc,mr,nc,nr,pack_c,X,time,peak,backend
112,4,16,1,128,16,0,[112; 4; 16; 1; 128; 16; 0],1.1542091141454875,0.048452271471393124,tvm
2048,64,32,1,4096,128,0,[2048; 64; 32; 1; 4096; 128; 0],0.9065782239194959,0.06168695856332347,tvm
1792,7,2,1,2048,128,0,[1792; 7; 2; 1; 2048; 128; 0],0.7477133919019252,0.07479343547810721,tvm
896,2,16,1,1024,64,1,[896; 2; 16; 1; 1024; 64; 1],0.7380260969512165,0.07577517050461417,tvm
14336,2,1,1,2048,16,1,[14336; 2; 1; 1; 2048; 16; 1],2.6439637830480933,0.021151595831944904,tvm
56,2,2,1,2048,128,1,[56; 2; 2; 1; 2048; 128; 1],0.1955862429458648,0.2859304033403425,tvm
7168,2,1,1,4096,64,0,[7168; 2; 1; 1; 4096; 64; 0],1.997891052858904,0.027991543008968483,tvm
1024,32,16,1,1024,128,0,[1024; 32; 16; 1; 1024; 128; 0],0.7925622290931642,0.07056108817766986,tvm
1792,7,1,1,128,16,1,[1792; 7; 1; 1; 128; 16; 1],1.1291004940867424,0.049529739492822335,tvm
3584,64,16,1,2048,128,0,[3584; 64; 16; 1; 2048; 128; 0],1.891839524032548,0.02956067500594791,tvm
224,28,1,1,2048,128,1,[224; 28; 1; 1; 2048; 128; 1],0.7355443618725985,0.07603083679542877,tvm
448,4,64,1,512,64,1,[448; 4; 64; 1; 512; 64; 1],0.7720628820825368,0.07243458354387618,tvm
3584,56,4,1,128,64,1,[3584; 56; 4; 1; 128; 64; 1],2.198801212012768,0.025433883257750634,tvm
14336,64,4,1,4096,128,0,[14336; 64; 4; 1; 4096; 128; 0],1.95340058603324,0.02862907574267601,tvm
896,28,2,1,32,16,0,[896; 28; 2; 1; 32; 16; 0],1.8016209560446441,0.031040965162900523,tvm
32,2,4,1,1024,64,0,[32; 2; 4; 1; 1024; 64; 0],0.23146386095322669,0.24161030194097666,tvm
32,2,16,1,256,64,1,[32; 2; 16; 1; 256; 64; 1],0.23167785699479282,0.2413871315055814,tvm
7168,2,1,1,4096,64,0,[7168; 2; 1; 1; 4096; 64; 0],1.9738458159845322,0.02833253381821976,tvm
512,16,4,1,256,16,0,[512; 16; 4; 1; 256; 16; 0],1.622648511081934,0.03446467485188449,tvm
14336,4,4,1,512,128,1,[14336; 4; 4; 1; 512; 128; 1],1.947134894086048,0.028721201342130503,tvm
448,4,4,1,64,64,1,[448; 4; 4; 1; 64; 64; 1],1.1567809730768204,0.048344548047488924,tvm
224,32,1,1,256,64,0,[224; 32; 1; 1; 256; 64; 0],1.2349676999729127,0.04528381862502149,tvm
896,7,1,1,512,128,0,[896; 7; 1; 1; 512; 128; 0],0.7504378778394312,0.0745218957954828,tvm
1024,32,1,1,64,64,1,[1024; 32; 1; 1; 64; 64; 1],1.0538925698492676,0.053064282767770005,tvm
4,4,32,1,1024,16,1,[4; 4; 32; 1; 1024; 16; 1],0.35958577902056277,0.1555235401290309,tvm
224,2,64,1,512,128,1,[224; 2; 64; 1; 512; 128; 1],0.7713050101883709,0.07250575660033033,tvm
512,32,8,1,4096,64,1,[512; 32; 8; 1; 4096; 64; 1],0.733960852958262,0.07619487212148841,tvm
112,2,1,1,1024,64,0,[112; 2; 1; 1; 1024; 64; 0],0.7275316419545561,0.07686820766048073,tvm
512,8,4,1,32,16,0,[512; 8; 4; 1; 32; 16; 0],1.3855198100209236,0.04036322896926951,tvm
3584,2,64,1,32,16,1,[3584; 2; 64; 1; 32; 16; 1],2.8577848828863353,0.0195690213312524,tvm
14336,2,1,1,32,16,0,[14336; 2; 1; 1; 32; 16; 0],2.876777559053153,0.01943982535505452,tvm
512,1,64,1,16,16,1,[512; 1; 64; 1; 16; 16; 1],1.5248775859363377,0.036674454296600906,tvm
28,2,2,1,4096,64,0,[28; 2; 2; 1; 4096; 64; 0],0.22599745797924697,0.2474543467584877,tvm
1024,2,8,1,2048,16,1,[1024; 2; 8; 1; 2048; 16; 1],0.9669520610477775,0.05783539390022573,tvm
2,2,32,1,2048,128,0,[2; 2; 32; 1; 2048; 128; 0],0.3939771191217005,0.1419474650152418,tvm
1792,8,16,1,256,64,1,[1792; 8; 16; 1; 256; 64; 1],1.5843979211058468,0.03529672223648247,tvm
896,16,4,1,16,16,0,[896; 16; 4; 1; 16; 16; 0],1.4336845979560167,0.03900722196016017,tvm
448,28,16,1,256,64,1,[448; 28; 16; 1; 256; 64; 1],0.9505334019195288,0.0588343904805439,tvm
224,28,1,1,512,128,1,[224; 28; 1; 1; 512; 128; 1],0.7296019052155316,0.0766500922401139,tvm
56,4,2,1,64,16,0,[56; 4; 2; 1; 64; 16; 0],0.47230112296529114,0.11840762304823724,tvm
14336,4,32,1,512,128,0,[14336; 4; 32; 1; 512; 128; 0],2.0057183948811144,0.027882305649716166,tvm
56,8,16,1,2048,64,0,[56; 8; 16; 1; 2048; 64; 0],0.2364005921408534,0.23656477687675326,tvm
16,1,8,1,2048,64,1,[16; 1; 8; 1; 2048; 64; 1],0.15604340191930532,0.3583878116311084,tvm
2048,64,2,1,512,64,1,[2048; 64; 2; 1; 512; 64; 1],0.7919871809426695,0.07061232135950642,tvm
64,32,64,1,256,64,1,[64; 32; 64; 1; 256; 64; 1],0.25396016682498157,0.22020797211034196,tvm
128,1,32,1,64,64,0,[128; 1; 32; 1; 64; 64; 0],1.0961631499230862,0.05101800159698611,tvm
64,64,16,1,1024,16,1,[64; 64; 16; 1; 1024; 16; 1],0.3658689020667225,0.1528527104037244,tvm
32,32,32,1,2048,16,0,[32; 32; 32; 1; 2048; 16; 0],0.29341153195127845,0.1905993706567049,tvm
448,4,4,1,64,64,1,[448; 4; 4; 1; 64; 64; 1],1.2386930759530514,0.04514762730089964,tvm
896,56,4,1,256,128,1,[896; 56; 4; 1; 256; 128; 1],1.0813625860027969,0.05171628282429654,tvm
16,4,8,1,256,16,0,[16; 4; 8; 1; 256; 16; 0],0.2292671180330217,0.24392531215609606,tvm
1792,16,4,1,128,16,1,[1792; 16; 4; 1; 128; 16; 1],1.2675349218770862,0.04412032549802705,tvm
7168,4,2,1,256,128,1,[7168; 4; 2; 1; 256; 128; 1],1.9657088811509311,0.028449814654441383,tvm
128,16,32,1,128,16,0,[128; 16; 32; 1; 128; 16; 0],1.2439914748538285,0.04495533487470605,tvm
1792,8,8,1,2048,16,0,[1792; 8; 8; 1; 2048; 16; 0],1.2799881610553712,0.04369107077304765,tvm
512,4,8,1,2048,128,1,[512; 4; 8; 1; 2048; 128; 1],0.7501236088573933,0.07455311721026649,tvm
56,28,16,1,128,64,1,[56; 28; 16; 1; 128; 64; 1],0.23481791210360825,0.2381592308369477,tvm
112,2,4,1,1024,64,1,[112; 2; 4; 1; 1024; 64; 1],0.7183727528899908,0.07784823840875457,tvm
224,28,1,1,2048,128,1,[224; 28; 1; 1; 2048; 128; 1],0.7244068668223917,0.0771997835672707,tvm
7168,2,32,1,128,128,0,[7168; 2; 32; 1; 128; 128; 0],1.9587108499836177,0.028551459412092944,tvm
224,2,4,1,128,64,1,[224; 2; 4; 1; 128; 64; 1],0.9473991477862,0.059029030650926594,tvm
64,32,4,1,1024,16,1,[64; 32; 4; 1; 1024; 16; 1],0.4346141992136836,0.12867516393737877,tvm
3584,16,64,1,64,64,0,[3584; 16; 64; 1; 64; 64; 0],2.2213879709597677,0.025175275127275906,tvm
2048,16,64,1,256,128,1,[2048; 16; 64; 1; 256; 128; 1],0.8998461989685893,0.06214845758912347,tvm
16,16,8,1,2048,128,0,[16; 16; 8; 1; 2048; 128; 0],0.12981851189397275,0.43078643035908804,tvm
16,16,64,1,2048,64,1,[16; 16; 64; 1; 2048; 64; 1],0.1297807740047574,0.4309116952198429,tvm
8,8,64,1,2048,64,1,[8; 8; 64; 1; 2048; 64; 1],0.11716858204454184,0.47729563981642886,tvm
16,16,8,1,1024,64,1,[16; 16; 8; 1; 1024; 64; 1],0.15600336901843548,0.35847977954068794,tvm
14,1,4,1,256,128,0,[14; 1; 4; 1; 256; 128; 0],0.2738528160843998,0.20421208053634865,tvm
32,4,2,1,2048,128,0,[32; 4; 2; 1; 2048; 128; 0],0.20860669086687267,0.2680836990459841,tvm
32,2,4,1,512,64,0,[32; 2; 4; 1; 512; 64; 0],0.24118689610622823,0.23187019790951732,tvm
28,1,64,1,256,64,0,[28; 1; 64; 1; 256; 64; 0],0.2716928878799081,0.20583554383673275,tvm
32,2,2,1,256,64,0,[32; 2; 2; 1; 256; 64; 0],0.253674719016999,0.22045576141777773,tvm
1,1,4,1,256,64,0,[1; 1; 4; 1; 256; 64; 0],0.44916925113648176,0.12450552479234737,tvm
32,2,16,1,512,128,0,[32; 2; 16; 1; 512; 128; 0],0.22815029486082494,0.24511935593792608,tvm
2,2,2,1,256,64,0,[2; 2; 2; 1; 256; 64; 0],0.25522434897720814,0.21911723374922754,tvm
4,2,32,1,512,64,0,[4; 2; 32; 1; 512; 64; 0],0.27532452205196023,0.2031204954667247,tvm
32,2,8,1,4096,16,1,[32; 2; 8; 1; 4096; 16; 1],0.2639467800036073,0.2118762476760241,tvm
8,1,8,1,2048,16,1,[8; 1; 8; 1; 2048; 16; 1],0.17746666399762034,0.3151242722074452,tvm
28,1,2,1,512,64,1,[28; 1; 2; 1; 512; 64; 1],0.21605778695084155,0.25883840671781677,tvm
4,2,2,1,256,64,1,[4; 2; 2; 1; 256; 64; 1],0.15220422809943557,0.36742772544267266,tvm
32,1,32,1,512,64,1,[32; 1; 32; 1; 512; 64; 1],0.22124022990465164,0.2527752450692853,tvm
8,8,8,1,4096,64,1,[8; 8; 8; 1; 4096; 64; 1],0.14550954196602106,0.38433255013882556,tvm
8,2,8,1,256,128,0,[8; 2; 8; 1; 256; 128; 0],0.15656527900137007,0.3571932020307258,tvm
7,1,16,1,512,64,1,[7; 1; 16; 1; 512; 64; 1],0.11930694500915706,0.46874097169314866,tvm
28,2,16,1,512,64,1,[28; 2; 16; 1; 512; 64; 1],0.21994368312880397,0.2542653307327901,tvm
7,1,8,1,256,64,0,[7; 1; 8; 1; 256; 64; 0],0.1458579928148538,0.383414389942422,tvm
16,1,8,1,256,64,0,[16; 1; 8; 1; 256; 64; 0],0.14980442984960973,0.373313749062535,tvm
32,1,1,1,1024,64,0,[32; 1; 1; 1; 1024; 64; 0],0.22767192590981722,0.24563438425642925,tvm
56,2,1,1,4096,64,0,[56; 2; 1; 1; 4096; 64; 0],0.227464561117813,0.24585831330608038,tvm
28,1,1,1,1024,64,0,[28; 1; 1; 1; 1024; 64; 0],0.22799606178887188,0.24528517244793435,tvm
14,2,1,1,1024,128,1,[14; 2; 1; 1; 1024; 128; 1],0.23578433296643198,0.23718307586320886,tvm
4,2,8,1,512,128,1,[4; 2; 8; 1; 512; 128; 1],0.13701268984004855,0.4081669617509169,tvm
56,1,4,1,1024,64,0,[56; 1; 4; 1; 1024; 64; 0],0.21802660380490124,0.2565010524283375,tvm
7,1,8,1,256,128,1,[7; 1; 8; 1; 256; 128; 1],0.16528744506649673,0.33834423002203556,tvm
56,2,1,1,2048,64,1,[56; 2; 1; 1; 2048; 64; 1],0.2293518311344087,0.2438352162122471,tvm
56,2,64,1,4096,128,0,[56; 2; 64; 1; 4096; 128; 0],0.21065912186168134,0.26547178607367894,tvm
8,1,1,1,2048,64,0,[8; 1; 1; 1; 2048; 64; 0],0.2549317560624331,0.2193687212496095,tvm
56,1,32,1,2048,128,1,[56; 1; 32; 1; 2048; 128; 1],0.20522568887099624,0.2725002588174373,tvm
56,1,32,1,4096,128,1,[56; 1; 32; 1; 4096; 128; 1],0.213959515793249,0.26137679890514076,tvm
56,1,4,1,2048,64,0,[56; 1; 4; 1; 2048; 64; 0],0.2170939410571009,0.2576030130597886,tvm
56,2,2,1,4096,64,0,[56; 2; 2; 1; 4096; 64; 0],0.2308731919620186,0.24222844089466009,tvm
16,2,64,1,1024,64,1,[16; 2; 64; 1; 1024; 64; 1],0.12503529503010213,0.4472661364926573,tvm
14,2,64,1,2048,128,0,[14; 2; 64; 1; 2048; 128; 0],0.14613327104598284,0.38269213392024914,tvm
32,2,16,1,1024,128,1,[32; 2; 16; 1; 1024; 128; 1],0.1961081561166793,0.2851694413977354,tvm
2,2,64,1,2048,128,1,[2; 2; 64; 1; 2048; 128; 1],0.35821261000819504,0.1561197226754634,tvm
1,1,4,1,2048,128,0,[1; 1; 4; 1; 2048; 128; 0],0.4708014731295407,0.1187847883346488,tvm
8,2,4,1,2048,128,0,[8; 2; 4; 1; 2048; 128; 0],0.17346211289986968,0.32239923980180774,tvm
4,2,2,1,4096,128,0,[4; 2; 2; 1; 4096; 128; 0],0.22924901102669537,0.24394457835554695,tvm
28,2,2,1,4096,128,0,[28; 2; 2; 1; 4096; 128; 0],0.20653936779126525,0.2707670403535457,tvm
14,2,2,1,2048,128,0,[14; 2; 2; 1; 2048; 128; 0],0.22268246579915285,0.2511381088431709,tvm
28,1,16,1,1024,64,1,[28; 1; 16; 1; 1024; 64; 1],0.21631063893437386,0.2585358427529773,tvm
14,1,16,1,2048,128,0,[14; 1; 16; 1; 2048; 128; 0],0.24549211096018553,0.22780387163807161,tvm
2,1,16,1,4096,128,0,[2; 1; 16; 1; 4096; 128; 0],0.37158660194836557,0.15050072591450525,tvm
8,1,32,1,2048,128,1,[8; 1; 32; 1; 2048; 128; 1],0.14633062505163252,0.38217600255312667,tvm
16,1,4,1,4096,128,1,[16; 1; 4; 1; 4096; 128; 1],0.21720588998869061,0.2574702432620274,tvm
28,2,32,1,2048,64,0,[28; 2; 32; 1; 2048; 64; 0],0.2423675819300115,0.23074064975192318,tvm
2,1,32,1,4096,64,0,[2; 1; 32; 1; 4096; 64; 0],0.49165537883527577,0.11374644871335808,tvm
56,2,8,1,4096,128,1,[56; 2; 8; 1; 4096; 128; 1],0.20706925704143941,0.27007414877690716,tvm
1,1,8,1,1024,128,1,[1; 1; 8; 1; 1024; 128; 1],0.4246498919092119,0.13169449562768198,tvm
2,2,4,1,4096,64,1,[2; 2; 4; 1; 4096; 64; 1],0.28909792797639966,0.19344328658730015,tvm
8,2,2,1,2048,64,1,[8; 2; 2; 1; 2048; 64; 1],0.21587008400820196,0.25906347139425073,tvm
32,1,8,1,2048,128,0,[32; 1; 8; 1; 2048; 128; 0],0.21235926914960146,0.2633464202305967,tvm
8,2,8,1,2048,128,1,[8; 2; 8; 1; 2048; 128; 1],0.17241695104166865,0.32435356845985497,tvm
14,2,8,1,4096,128,1,[14; 2; 8; 1; 4096; 128; 1],0.19448289996944368,0.2875525475099347,tvm
16,2,8,1,2048,64,0,[16; 2; 8; 1; 2048; 64; 0],0.13724051415920258,0.4074893895286633,tvm
1,1,8,1,4096,64,1,[1; 1; 8; 1; 4096; 64; 1],0.7442934738937765,0.07513710020963406,tvm
8,2,8,1,4096,64,1,[8; 2; 8; 1; 4096; 64; 1],0.1429252449888736,0.3912818434398128,tvm
7,7,8,1,16,16,1,[7; 7; 8; 1; 16; 16; 1],0.2564121070317924,0.21810223386370498,tvm
16,2,4,1,4096,16,1,[16; 2; 4; 1; 4096; 16; 1],0.2639539148658514,0.21187052051020144,tvm
8,8,1,1,512,64,0,[8; 8; 1; 1; 512; 64; 0],0.17008595098741353,0.32879878090267284,tvm
8,1,1,1,2048,128,1,[8; 1; 1; 1; 2048; 128; 1],0.23494766699150205,0.23802770229404357,tvm
16,16,1,1,4096,128,0,[16; 16; 1; 1; 4096; 128; 0],0.22855216590687633,0.24468835423821628,tvm
7,1,8,1,128,16,1,[7; 1; 8; 1; 128; 16; 1],0.1874579240102321,0.2983285642824083,tvm
16,8,1,1,512,16,1,[16; 8; 1; 1; 512; 16; 1],0.19080556998960674,0.29309444863889217,tvm
14,2,8,1,16,16,1,[14; 2; 8; 1; 16; 16; 1],0.21524754795245826,0.2598127312729494,tvm
16,16,2,1,4096,16,1,[16; 16; 2; 1; 4096; 16; 1],0.19538498087786138,0.28622493439397195,tvm
8,8,4,1,2048,64,0,[8; 8; 4; 1; 2048; 64; 0],0.1581656748894602,0.35357895050501875,tvm
14,14,32,1,64,64,0,[14; 14; 32; 1; 64; 64; 0],0.1604960379190743,0.3484450710336631,tvm
8,1,16,1,64,64,0,[8; 1; 16; 1; 64; 64; 0],0.1521345260553062,0.3675960663459325,tvm
14,14,1,1,512,128,1,[14; 14; 1; 1; 512; 128; 1],0.20752551406621933,0.2694803749070031,tvm
16,16,32,1,32,16,1,[16; 16; 32; 1; 32; 16; 1],0.1828849669545889,0.30578813701631097,tvm
4,4,8,1,256,64,0,[4; 4; 8; 1; 256; 64; 0],0.1862191860564053,0.3003130585931897,tvm
14,1,1,1,1024,64,1,[14; 1; 1; 1; 1024; 64; 1],0.20653697196394205,0.2707701812491797,tvm
16,2,8,1,16,16,1,[16; 2; 8; 1; 16; 16; 1],0.21714647603221238,0.25754069029900967,tvm
16,16,4,1,256,128,1,[16; 16; 4; 1; 256; 128; 1],0.24704396002925932,0.226372882489051,tvm
4,2,8,1,256,64,0,[4; 2; 8; 1; 256; 64; 0],0.18830501101911068,0.296986538120633,tvm
8,4,1,1,1024,64,1,[8; 4; 1; 1; 1024; 64; 1],0.13377017807215452,0.4180606928935115,tvm
14,2,2,1,512,64,1,[14; 2; 2; 1; 512; 64; 1],0.31370507506653666,0.17826952057269674,tvm
14,2,4,1,512,64,1,[14; 2; 4; 1; 512; 64; 1],0.19195323111489415,0.29134207852880495,tvm
8,4,32,1,256,16,0,[8; 4; 32; 1; 256; 16; 0],0.2672976211179048,0.20922016851270545,tvm
8,8,2,1,256,64,1,[8; 8; 2; 1; 256; 64; 1],0.19945833110250533,0.2803796312954856,tvm
8,8,1,1,1024,64,1,[8; 8; 1; 1; 1024; 64; 1],0.12626984994858503,0.442893163776663,tvm
14,1,16,1,2048,16,0,[14; 1; 16; 1; 2048; 16; 0],0.19489043089561164,0.28695125294934415,tvm
8,1,16,1,1024,16,0,[8; 1; 16; 1; 1024; 16; 0],0.21265767607837915,0.26297688550269605,tvm
16,16,1,1,4096,64,1,[16; 16; 1; 1; 4096; 64; 1],0.23322767484933138,0.23978309336343176,tvm
16,8,1,1,512,64,1,[16; 8; 1; 1; 512; 64; 1],0.20900943805463612,0.2675671197140605,tvm
8,8,4,1,2048,64,1,[8; 8; 4; 1; 2048; 64; 1],0.1453256809618324,0.384818794332854,tvm
7,7,32,1,512,16,0,[7; 7; 32; 1; 512; 16; 0],0.28093895595520735,0.19906122717367047,tvm
4,1,32,1,1024,64,1,[4; 1; 32; 1; 1024; 64; 1],0.23603289597667754,0.2369333016142767,tvm
4,4,8,1,4096,64,1,[4; 4; 8; 1; 4096; 64; 1],0.22922257403843105,0.24397271328066147,tvm
14,14,32,1,64,64,1,[14; 14; 32; 1; 64; 64; 1],0.14713061321526766,0.38009801027275353,tvm
7,7,64,1,128,64,1,[7; 7; 64; 1; 128; 64; 1],0.12821320607326925,0.4361801334362916,tvm
4,2,32,1,2048,64,1,[4; 2; 32; 1; 2048; 64; 1],0.2339588040485978,0.23903376306247837,tvm
16,1,8,1,512,16,0,[16; 1; 8; 1; 512; 16; 0],0.19366910099051893,0.28876084541783,tvm
8,4,16,1,4096,128,0,[8; 4; 16; 1; 4096; 128; 0],0.1639499410521239,0.34110444306627496,tvm
16,4,8,1,4096,16,0,[16; 4; 8; 1; 4096; 16; 0],0.17727378685958683,0.3154671332069477,tvm
16,2,8,1,512,16,0,[16; 2; 8; 1; 512; 16; 0],0.1921893258113414,0.29098417977817354,tvm
16,1,16,1,128,64,1,[16; 1; 16; 1; 128; 64; 1],0.15726572019048035,0.3556023096806989,tvm
16,1,32,1,4096,128,0,[16; 1; 32; 1; 4096; 128; 0],0.2500562919303775,0.223645855505624,tvm
14,14,16,1,4096,128,0,[14; 14; 16; 1; 4096; 128; 0],0.16844581393525004,0.3320002559091812,tvm
8,4,16,1,1024,64,0,[8; 4; 16; 1; 1024; 64; 0],0.14671855396591127,0.3811655160282372,tvm
8,1,8,1,2048,128,0,[8; 1; 8; 1; 2048; 128; 0],0.15372392092831433,0.3637953871825339,tvm
8,8,16,1,256,128,0,[8; 8; 16; 1; 256; 128; 0],0.17377127893269062,0.3218256415952099,tvm
16,1,32,1,4096,64,0,[16; 1; 32; 1; 4096; 64; 0],0.17089523514732718,0.3272417354709845,tvm
7,7,64,1,4096,16,1,[7; 7; 64; 1; 4096; 16; 1],0.30685413908213377,0.18224963007054137,tvm
16,16,32,1,256,128,0,[16; 16; 32; 1; 256; 128; 0],0.1519928090274334,0.3679388103370043,tvm
8,8,32,1,256,16,1,[8; 8; 32; 1; 256; 16; 1],0.17730922088958323,0.31540408926707336,tvm
16,2,8,1,2048,128,0,[16; 2; 8; 1; 2048; 128; 0],0.13198588602244854,0.4237123757597961,tvm
14,7,64,1,256,64,0,[14; 7; 64; 1; 256; 64; 0],0.15768018388189375,0.354667606014601,tvm
16,1,64,1,512,16,1,[16; 1; 64; 1; 512; 16; 1],0.17195004294626415,0.3252343086114266,tvm
16,16,8,1,2048,128,0,[16; 16; 8; 1; 2048; 128; 0],0.13279931992292404,0.42111701600423357,tvm
16,8,64,1,1024,128,0,[16; 8; 64; 1; 1024; 128; 0],0.13966456498019397,0.40041690847828154,tvm
14,7,32,1,1024,128,1,[14; 7; 32; 1; 1024; 128; 1],0.14893080200999975,0.37550360690046103,tvm
16,2,32,1,512,128,1,[16; 2; 32; 1; 512; 128; 1],0.14551210007630289,0.3843257935526198,tvm
16,16,8,1,512,128,1,[16; 16; 8; 1; 512; 128; 1],0.18611114704981446,0.30048739272110725,tvm
8,8,32,1,256,128,1,[8; 8; 32; 1; 256; 128; 1],0.14884601905941963,0.3757174944061375,tvm
16,16,8,1,2048,128,1,[16; 16; 8; 1; 2048; 128; 1],0.18583708303049207,0.3009305377665519,tvm
8,8,16,1,512,64,1,[8; 8; 16; 1; 512; 64; 1],0.12093213107436895,0.4624416425684422,tvm
14,2,64,1,1024,64,1,[14; 2; 64; 1; 1024; 64; 1],0.12622866593301296,0.44303766438449976,tvm
16,4,64,1,4096,64,1,[16; 4; 64; 1; 4096; 64; 1],0.15460198419168591,0.36172920823574256,tvm
16,1,32,1,2048,64,1,[16; 1; 32; 1; 2048; 64; 1],0.13253613584674895,0.42195325053084476,tvm
16,1,32,1,128,16,1,[16; 1; 32; 1; 128; 16; 1],0.17265185108408332,0.3239122719054875,tvm
14,7,4,1,4096,128,0,[14; 7; 4; 1; 4096; 128; 0],0.2457747480366379,0.2275419007854976,tvm
28,14,16,1,2048,128,1,[28; 14; 16; 1; 2048; 128; 1],0.19787080097012222,0.2826291350676731,tvm
14,14,32,1,1024,16,0,[14; 14; 32; 1; 1024; 16; 0],0.24586311890743673,0.2274601151317363,tvm
32,8,16,1,1024,128,1,[32; 8; 16; 1; 1024; 128; 1],0.19615515298210084,0.2851011175752105,tvm
28,14,64,1,512,64,1,[28; 14; 64; 1; 512; 64; 1],0.1416990088764578,0.3946679216513891,tvm
14,1,32,1,2048,16,1,[14; 1; 32; 1; 2048; 16; 1],0.1840585561003536,0.3038383790365174,tvm
16,8,2,1,256,64,1,[16; 8; 2; 1; 256; 64; 1],0.2744277729652822,0.20378423338518392,tvm
7,1,2,1,256,64,0,[7; 1; 2; 1; 256; 64; 0],0.20524123194627464,0.272479622164675,tvm
8,2,64,1,32,16,0,[8; 2; 64; 1; 32; 16; 0],0.28075748682022095,0.19918989148504349,tvm
16,16,32,1,1024,16,1,[16; 16; 32; 1; 1024; 16; 1],0.18529388797469437,0.30181272542012233,tvm
8,2,4,1,64,64,0,[8; 2; 4; 1; 64; 64; 0],0.163329052971676,0.34240113633078806,tvm
16,1,16,1,2048,16,1,[16; 1; 16; 1; 2048; 16; 1],0.17532729706726968,0.3189694603680359,tvm
32,8,64,1,256,128,0,[32; 8; 64; 1; 256; 128; 0],0.251742844004184,0.22214753930564107,tvm
8,8,8,1,4096,16,0,[8; 8; 8; 1; 4096; 16; 0],0.16612184513360262,0.33664478797690156,tvm
7,1,4,1,2048,64,0,[7; 1; 4; 1; 2048; 64; 0],0.18606867198832333,0.30055598686082324,tvm
14,2,64,1,16,16,0,[14; 2; 64; 1; 16; 16; 0],0.25168968201614916,0.2221944613913298,tvm
4,4,2,1,256,128,1,[4; 4; 2; 1; 256; 128; 1],0.1739311059936881,0.32152991274236364,tvm
28,7,64,1,2048,128,1,[28; 7; 64; 1; 2048; 128; 1],0.19878336298279464,0.28133165922026254,tvm
4,4,1,1,2048,128,1,[4; 4; 1; 1; 2048; 128; 1],0.22466896590776742,0.24891757126924083,tvm
8,8,1,1,512,16,0,[8; 8; 1; 1; 512; 16; 0],0.1681420209351927,0.33260010211777014,tvm
4,2,8,1,2048,128,1,[4; 2; 8; 1; 2048; 128; 1],0.1574341340456158,0.3552219070683211,tvm
4,4,16,1,256,128,0,[4; 4; 16; 1; 256; 128; 0],0.19238644605502486,0.29068603573735324,tvm
4,1,32,1,1024,64,1,[4; 1; 32; 1; 1024; 64; 1],0.2343012928031385,0.23868435664297036,tvm
16,8,2,1,1024,64,0,[16; 8; 2; 1; 1024; 64; 0],0.214610252995044,0.26058425705609134,tvm
4,1,16,1,128,128,1,[4; 1; 16; 1; 128; 128; 1],0.12720925617031753,0.4396225166072657,tvm
14,7,64,1,128,16,1,[14; 7; 64; 1; 128; 16; 1],0.17919604992493987,0.31208306967010896,tvm
16,16,4,1,1024,64,1,[16; 16; 4; 1; 1024; 64; 1],0.18922486482188106,0.29554283675126475,tvm
8,1,4,1,256,64,1,[8; 1; 4; 1; 256; 64; 1],0.13603572989813983,0.41109827083816786,tvm
14,1,64,1,128,16,0,[14; 1; 64; 1; 128; 16; 0],0.24087151582352817,0.2321737924973473,tvm
4,1,8,1,512,64,0,[4; 1; 8; 1; 512; 64; 0],0.19960210099816322,0.2801776787602449,tvm
14,1,64,1,256,16,0,[14; 1; 64; 1; 256; 16; 0],0.23998455586843193,0.23303188461841223,tvm
8,2,1,1,512,64,1,[8; 2; 1; 1; 512; 64; 1],0.12577269389294088,0.4446438380411611,tvm
14,14,64,1,64,16,1,[14; 14; 64; 1; 64; 16; 1],0.18012260203249753,0.3104777118600784,tvm
8,4,4,1,512,64,0,[8; 4; 4; 1; 512; 64; 0],0.16414114693179727,0.3407070949526781,tvm
4,4,64,1,256,128,0,[4; 4; 64; 1; 256; 128; 0],0.1660649620462209,0.3367601006512619,tvm
8,8,1,1,256,128,1,[8; 8; 1; 1; 256; 128; 1],0.1626269721891731,0.34387932444736546,tvm
4,4,64,1,2048,64,1,[4; 4; 64; 1; 2048; 64; 1],0.2487414989154786,0.2248279984528682,tvm
8,8,2,1,2048,64,0,[8; 8; 2; 1; 2048; 64; 0],0.19646747107617557,0.2846479013905061,tvm
8,4,16,1,4096,128,0,[8; 4; 16; 1; 4096; 128; 0],0.16412402293644845,0.34074264286702294,tvm
14,14,8,1,4096,128,0,[14; 14; 8; 1; 4096; 128; 0],0.19232874386943877,0.29077324693233086,tvm
7,1,8,1,512,128,1,[7; 1; 8; 1; 512; 128; 1],0.15537754213437438,0.3599236579824954,tvm
8,4,32,1,256,128,0,[8; 4; 32; 1; 256; 128; 0],0.16820266586728394,0.33248018421693026,tvm
7,1,32,1,64,64,1,[7; 1; 32; 1; 64; 64; 1],0.12914173491299152,0.43304399906824725,tvm
8,4,16,1,128,128,1,[8; 4; 16; 1; 128; 128; 1],0.15103964507579803,0.37026075706989575,tvm
16,2,16,1,2048,128,1,[16; 2; 16; 1; 2048; 128; 1],0.16060587484389544,0.3482067725585381,tvm
16,4,16,1,64,64,0,[16; 4; 16; 1; 64; 64; 0],0.16783669590950012,0.3332051613044644,tvm
16,4,32,1,512,128,0,[16; 4; 32; 1; 512; 128; 0],0.15527332480996847,0.36016523380159526,tvm
8,2,64,1,4096,128,1,[8; 2; 64; 1; 4096; 128; 1],0.15600237692706287,0.35848205927964794,tvm
16,4,8,1,1024,128,0,[16; 4; 8; 1; 1024; 128; 0],0.1320829119067639,0.42340112377905176,tvm
14,14,32,1,1024,128,1,[14; 14; 32; 1; 1024; 128; 1],0.14863399788737297,0.3762534422017609,tvm
8,8,16,1,4096,64,0,[8; 8; 16; 1; 4096; 64; 0],0.14378814306110144,0.3889336919078851,tvm
16,8,64,1,4096,128,0,[16; 8; 64; 1; 4096; 128; 0],0.1604301519691944,0.34858817153069704,tvm
16,4,64,1,128,128,0,[16; 4; 64; 1; 128; 128; 0],0.13851227890700102,0.40374798375010124,tvm
14,1,32,1,512,64,1,[14; 1; 32; 1; 512; 64; 1],0.1258157598786056,0.4444916391022248,tvm
16,4,8,1,2048,64,1,[16; 4; 8; 1; 2048; 64; 1],0.15525802900083363,0.36020071678890797,tvm
14,7,8,1,1024,64,0,[14; 7; 8; 1; 1024; 64; 0],0.14002140704542398,0.39939645310942457,tvm
16,8,16,1,2048,64,1,[16; 8; 16; 1; 2048; 64; 1],0.13980628922581673,0.400010998382227,tvm
8,2,8,1,1024,64,1,[8; 2; 8; 1; 1024; 64; 1],0.1302009669598192,0.4295210292147203,tvm
16,2,64,1,2048,128,1,[16; 2; 64; 1; 2048; 128; 1],0.14555514906533062,0.3842121264169948,tvm
16,2,16,1,1024,64,1,[16; 2; 16; 1; 1024; 64; 1],0.13525044289417565,0.413485177102822,tvm
16,4,64,1,256,128,1,[16; 4; 64; 1; 256; 128; 1],0.14895685808733106,0.375437922438898,tvm
8,4,16,1,512,64,1,[8; 4; 16; 1; 512; 64; 1],0.1196723619941622,0.46730968121161837,tvm
16,16,64,1,2048,64,0,[16; 16; 64; 1; 2048; 64; 0],0.1545496250037104,0.36185175688385346,tvm
56,14,64,1,1024,128,1,[56; 14; 64; 1; 1024; 128; 1],0.1923685350921005,0.29071310080184637,tvm
56,14,64,1,4096,128,1,[56; 14; 64; 1; 4096; 128; 1],0.20091315498575568,0.27834938601854237,tvm
7,1,1,1,512,16,0,[7; 1; 1; 1; 512; 16; 0],0.21119355293922126,0.2648000024386518,tvm
7,1,8,1,64,16,1,[7; 1; 8; 1; 64; 16; 1],0.2122084810398519,0.26353354521599454,tvm
28,4,8,1,4096,128,1,[28; 4; 8; 1; 4096; 128; 1],0.20455760997720063,0.27339023632299214,tvm
32,16,64,1,2048,128,1,[32; 16; 64; 1; 2048; 128; 1],0.19654389983043075,0.2845372122033912,tvm
32,8,64,1,4096,128,1,[32; 8; 64; 1; 4096; 128; 1],0.2060366130899638,0.2714277452663943,tvm
4,1,16,1,128,16,1,[4; 1; 16; 1; 128; 16; 1],0.2046758329961449,0.27323232310668877,tvm
4,4,32,1,2048,64,1,[4; 4; 32; 1; 2048; 64; 1],0.2331843408755958,0.23982765362091316,tvm
8,1,32,1,128,16,1,[8; 1; 32; 1; 128; 16; 1],0.17498057195916772,0.3196015003676145,tvm
28,7,8,1,512,128,1,[28; 7; 8; 1; 512; 128; 1],0.20059260609559715,0.2787941909817025,tvm
28,7,64,1,128,128,1,[28; 7; 64; 1; 128; 128; 1],0.22196652693673968,0.2519481387807255,tvm
14,14,64,1,4096,16,1,[14; 14; 64; 1; 4096; 16; 1],0.23894695099443197,0.2340438038677317,tvm
4,1,64,1,1024,64,1,[4; 1; 64; 1; 1024; 64; 1],0.24802805087529123,0.2254747119770417,tvm
7,1,2,1,128,16,1,[7; 1; 2; 1; 128; 16; 1],0.13868757197633386,0.40323766965129665,tvm
7,1,4,1,4096,128,1,[7; 1; 4; 1; 4096; 128; 1],0.20469504594802856,0.273206677153937,tvm
14,1,32,1,256,16,1,[14; 1; 32; 1; 256; 16; 1],0.1726276041008532,0.3239577680789751,tvm
4,1,1,1,256,128,0,[4; 1; 1; 1; 256; 128; 0],0.16831855080090463,0.33225127632831764,tvm
16,8,32,1,2048,16,1,[16; 8; 32; 1; 2048; 16; 1],0.1735104590188712,0.32230940802969676,tvm
4,4,64,1,1024,64,1,[4; 4; 64; 1; 1024; 64; 1],0.24956376594491303,0.2240872312596758,tvm
8,8,1,1,128,16,0,[8; 8; 1; 1; 128; 16; 0],0.18399563105776906,0.3039422893458534,tvm
8,1,2,1,256,128,0,[8; 1; 2; 1; 256; 128; 0],0.2642855108715594,0.21160468899300336,tvm
4,2,8,1,256,64,0,[4; 2; 8; 1; 256; 64; 0],0.18396604200825095,0.3039911753432469,tvm
4,2,64,1,512,64,1,[4; 2; 64; 1; 512; 64; 1],0.13378100097179413,0.4180268717313914,tvm
8,8,1,1,4096,64,0,[8; 8; 1; 1; 4096; 64; 0],0.25058860587887466,0.22317077481314124,tvm
4,4,16,1,256,128,0,[4; 4; 16; 1; 256; 128; 0],0.197031986201182,0.28383235844880217,tvm
7,7,2,1,256,128,0,[7; 7; 2; 1; 256; 128; 0],0.24392631906084716,0.22926617164006455,tvm
4,1,8,1,512,64,1,[4; 1; 8; 1; 512; 64; 1],0.12378622614778578,0.45177928977790127,tvm
4,2,1,1,256,128,1,[4; 2; 1; 1; 256; 128; 1],0.16418288787826896,0.3406204754712161,tvm
4,4,64,1,64,64,1,[4; 4; 64; 1; 64; 64; 1],0.15133160795085132,0.3695464159179228,tvm
8,8,4,1,2048,128,1,[8; 8; 4; 1; 2048; 128; 1],0.20279390807263553,0.27576791563828823,tvm
4,1,8,1,64,64,1,[4; 1; 8; 1; 64; 64; 1],0.15256544714793563,0.36655779128747534,tvm
4,2,16,1,64,64,1,[4; 2; 16; 1; 64; 64; 1],0.12567798793315887,0.4449789040470335,tvm
8,4,2,1,1024,64,0,[8; 4; 2; 1; 1024; 64; 0],0.16153099318034947,0.3462125269724188,tvm
8,1,2,1,256,64,1,[8; 1; 2; 1; 256; 64; 1],0.18597573903389275,0.30070617610580685,tvm
7,7,16,1,4096,128,0,[7; 7; 16; 1; 4096; 128; 0],0.16739333211444318,0.33408770007098776,tvm
8,2,1,1,512,128,1,[8; 2; 1; 1; 512; 128; 1],0.12387270689941943,0.4514638836361413,tvm
7,7,2,1,128,64,1,[7; 7; 2; 1; 128; 64; 1],0.16409591911360621,0.3408010000213121,tvm
7,1,64,1,4096,128,1,[7; 1; 64; 1; 4096; 128; 1],0.16011207085102797,0.3492806821877058,tvm
7,1,16,1,128,128,0,[7; 1; 16; 1; 128; 128; 0],0.15519357798621058,0.3603503061080424,tvm
16,8,32,1,4096,128,1,[16; 8; 32; 1; 4096; 128; 1],0.14708590880036354,0.38021353499768507,tvm
8,1,32,1,512,128,0,[8; 1; 32; 1; 512; 128; 0],0.16342698503285646,0.34219595571741096,tvm
7,1,8,1,1024,128,1,[7; 1; 8; 1; 1024; 128; 1],0.16646598908118904,0.33594882439354007,tvm
16,8,32,1,4096,64,0,[16; 8; 32; 1; 4096; 64; 0],0.17141005001030862,0.3262588939794957,tvm
7,7,8,1,256,128,1,[7; 7; 8; 1; 256; 128; 1],0.1480905469506979,0.37763418722433034,tvm
16,1,8,1,128,128,0,[16; 1; 8; 1; 128; 128; 0],0.2938271570019424,0.19032976360644444,tvm
14,14,64,1,128,128,0,[14; 14; 64; 1; 128; 128; 0],0.1675995548721403,0.3336766220888661,tvm
14,7,16,1,1024,128,1,[14; 7; 16; 1; 1024; 128; 1],0.16139708692207932,0.34649976898488155,tvm
16,2,16,1,512,128,0,[16; 2; 16; 1; 512; 128; 0],0.14398163510486484,0.3884110170898023,tvm
14,7,64,1,512,128,0,[14; 7; 64; 1; 512; 128; 0],0.15081108105368912,0.3708219113781449,tvm
7,1,16,1,4096,64,1,[7; 1; 16; 1; 4096; 64; 1],0.15637370408512652,0.35763080282916027,tvm
8,8,8,1,128,64,0,[8; 8; 8; 1; 128; 64; 0],0.15827124915085733,0.35334309695141747,tvm
16,2,64,1,2048,64,0,[16; 2; 64; 1; 2048; 64; 0],0.15313278301618993,0.3651997451611702,tvm
16,4,64,1,1024,64,0,[16; 4; 64; 1; 1024; 64; 0],0.15434092213399708,0.36234106003837846,tvm
16,1,16,1,128,64,1,[16; 1; 16; 1; 128; 64; 1],0.15879115602001548,0.3521861968577404,tvm
8,8,8,1,256,64,1,[8; 8; 8; 1; 256; 64; 1],0.12528188293799758,0.44638579834412556,tvm
7,1,8,1,1024,64,1,[7; 1; 8; 1; 1024; 64; 1],0.13071509497240186,0.4278316390707645,tvm
16,2,64,1,256,64,1,[16; 2; 64; 1; 256; 64; 1],0.13678028504364192,0.4088604824554202,tvm
14,7,64,1,128,64,1,[14; 7; 64; 1; 128; 64; 1],0.13924078387208283,0.40163558246490066,tvm
8,4,32,1,2048,64,1,[8; 4; 32; 1; 2048; 64; 1],0.11874818918295205,0.47094657794884515,tvm
8,4,8,1,512,64,1,[8; 4; 8; 1; 512; 64; 1],0.12154787499457598,0.46009898022346274,tvm
8,2,16,1,64,64,1,[8; 2; 16; 1; 64; 64; 1],0.13614727999083698,0.4107614440560043,tvm
8,8,8,1,512,64,1,[8; 8; 8; 1; 512; 64; 1],0.12140882504172623,0.4606259331981275,tvm
8,1,32,1,64,64,1,[8; 1; 32; 1; 64; 64; 1],0.12850124295800924,0.435202431089385,tvm
16,8,4,1,2048,64,1,[16; 8; 4; 1; 2048; 64; 1],0.19601081311702728,0.28531106240523657,tvm
8,1,16,1,64,16,0,[8; 1; 16; 1; 64; 16; 0],0.2398361130617559,0.2331761160544381,tvm
8,4,4,1,64,16,0,[8; 4; 4; 1; 64; 16; 0],0.21264395001344383,0.2629938605344647,tvm
8,2,2,1,128,16,0,[8; 2; 2; 1; 128; 16; 0],0.2080132921691984,0.2688484603562959,tvm
16,4,8,1,64,16,1,[16; 4; 8; 1; 64; 16; 1],0.1897924121003598,0.2946590578329412,tvm
8,8,64,1,1024,16,1,[8; 8; 64; 1; 1024; 16; 1],0.23378198011778295,0.2392145592451477,tvm
16,8,16,1,1024,16,0,[16; 8; 16; 1; 1024; 16; 0],0.20430357800796628,0.2737301709476313,tvm
14,1,4,1,512,16,1,[14; 1; 4; 1; 512; 16; 1],0.251714430982247,0.22217261487593282,tvm
32,8,32,1,512,128,1,[32; 8; 32; 1; 512; 128; 1],0.2050123019143939,0.2727838905817725,tvm
56,7,64,1,512,128,1,[56; 7; 64; 1; 512; 128; 1],0.195651720976457,0.28583471208036415,tvm
16,2,16,1,2048,16,1,[16; 2; 16; 1; 2048; 16; 1],0.17707185889594257,0.31582688340216425,tvm
56,14,8,1,512,128,1,[56; 14; 8; 1; 512; 128; 1],0.19457756588235497,0.2874126473919712,tvm
8,2,2,1,4096,64,0,[8; 2; 2; 1; 4096; 64; 0],0.18083206610754132,0.30925960498662414,tvm
32,16,8,1,2048,128,1,[32; 16; 8; 1; 2048; 128; 1],0.19895495707169175,0.28108901711446965,tvm
56,8,64,1,4096,128,1,[56; 8; 64; 1; 4096; 128; 1],0.2075980871450156,0.26938616873800064,tvm
28,7,64,1,1024,128,1,[28; 7; 64; 1; 1024; 128; 1],0.19538206979632378,0.28622919898244203,tvm
8,8,16,1,2048,16,1,[8; 8; 16; 1; 2048; 16; 1],0.2191511858254671,0.2551848082532005,tvm
4,4,2,1,32,16,1,[4; 4; 2; 1; 32; 16; 1],0.1534314788877964,0.3644887850832116,tvm
4,1,16,1,32,16,1,[4; 1; 16; 1; 32; 16; 1],0.22031143493950367,0.25384090185191605,tvm
28,14,64,1,2048,128,1,[28; 14; 64; 1; 2048; 128; 1],0.19856040505692363,0.28164755867264135,tvm
4,1,2,1,128,64,0,[4; 1; 2; 1; 128; 64; 0],0.16892354213632643,0.3310613347676603,tvm
8,8,4,1,4096,16,1,[8; 8; 4; 1; 4096; 16; 1],0.1382091238629073,0.40463358547012895,tvm
16,8,32,1,1024,16,1,[16; 8; 32; 1; 1024; 16; 1],0.17682961514219642,0.3162595433370273,tvm
14,1,64,1,2048,16,1,[14; 1; 64; 1; 2048; 16; 1],0.1808705658186227,0.3091937766668683,tvm
7,1,1,1,2048,16,1,[7; 1; 1; 1; 2048; 16; 1],0.25687812198884785,0.21770656411043535,tvm
16,8,32,1,512,16,1,[16; 8; 32; 1; 512; 16; 1],0.17451428715139627,0.32045544377015717,tvm
4,1,1,1,256,64,0,[4; 1; 1; 1; 256; 64; 0],0.16728084185160697,0.334312361859961,tvm
8,1,1,1,256,128,0,[8; 1; 1; 1; 256; 128; 0],0.2120601248461753,0.26371791195492156,tvm
7,7,4,1,512,16,1,[7; 7; 4; 1; 512; 16; 1],0.11009367508813739,0.5079679035926666,tvm
4,1,32,1,512,64,0,[4; 1; 32; 1; 512; 64; 0],0.2754731990862638,0.20301086827623058,tvm
8,4,4,1,2048,64,0,[8; 4; 4; 1; 2048; 64; 0],0.1577816898934543,0.35443943699105596,tvm
8,2,4,1,64,16,1,[8; 2; 4; 1; 64; 16; 1],0.1957228579558432,0.2857308232539211,tvm
8,2,2,1,1024,16,1,[8; 2; 2; 1; 1024; 16; 1],0.11895645409822464,0.4701220606925267,tvm
8,2,2,1,256,16,1,[8; 2; 2; 1; 256; 16; 1],0.12783381901681423,0.437474635143127,tvm
4,1,2,1,512,16,1,[4; 1; 2; 1; 512; 16; 1],0.13485443778336048,0.4146993918225636,tvm
8,8,4,1,128,128,1,[8; 8; 4; 1; 128; 128; 1],0.150034936144948,0.37274020818261544,tvm
16,1,16,1,4096,128,1,[16; 1; 16; 1; 4096; 128; 1],0.23495147190988064,0.23802384755769435,tvm
14,2,8,1,4096,128,0,[14; 2; 8; 1; 4096; 128; 0],0.1917226209770888,0.29169251415573105,tvm
4,1,1,1,256,128,1,[4; 1; 1; 1; 256; 128; 1],0.1653266150970012,0.33826406776985857,tvm
8,2,8,1,4096,128,1,[8; 2; 8; 1; 4096; 128; 1],0.17624505097046494,0.3173085032765264,tvm
8,1,32,1,4096,64,0,[8; 1; 32; 1; 4096; 64; 0],0.16475477698259056,0.33943812954960795,tvm
14,1,8,1,256,128,1,[14; 1; 8; 1; 256; 128; 1],0.22202918585389853,0.2518770364276926,tvm
14,1,16,1,1024,128,1,[14; 1; 16; 1; 1024; 128; 1],0.20642166794277728,0.2709214293764751,tvm
14,14,16,1,128,128,0,[14; 14; 16; 1; 128; 128; 0],0.15423010499216616,0.3626014086949749,tvm
8,2,2,1,1024,64,1,[8; 2; 2; 1; 1024; 64; 1],0.17430483107455075,0.3208405239750035,tvm
8,2,1,1,256,128,1,[8; 2; 1; 1; 256; 128; 1],0.16588744800537825,0.33712046333680545,tvm
14,1,8,1,128,64,0,[14; 1; 8; 1; 128; 64; 0],0.2114219709765166,0.26451391534678775,tvm
8,8,8,1,128,128,0,[8; 8; 8; 1; 128; 128; 0],0.15474963816814125,0.3613840652252108,tvm
8,8,1,1,512,128,1,[8; 8; 1; 1; 512; 128; 1],0.12356229592114687,0.45259804308769164,tvm
8,2,64,1,2048,128,0,[8; 2; 64; 1; 2048; 128; 0],0.14200907293707132,0.39380619967933345,tvm
14,2,16,1,256,64,0,[14; 2; 16; 1; 256; 64; 0],0.17059470410458744,0.32781822640313424,tvm
16,2,8,1,128,128,0,[16; 2; 8; 1; 128; 128; 0],0.15158769115805626,0.3689221262366407,tvm
16,16,16,1,512,128,1,[16; 16; 16; 1; 512; 128; 1],0.15853900206275284,0.3527463438378242,tvm
14,14,16,1,256,64,0,[14; 14; 16; 1; 256; 64; 0],0.17387667205184698,0.3216305711019001,tvm
7,7,16,1,64,64,0,[7; 7; 16; 1; 64; 64; 0],0.16469291900284588,0.33956562110825766,tvm
16,16,32,1,2048,64,0,[16; 16; 32; 1; 2048; 64; 0],0.17731671803630888,0.3153907536337428,tvm
14,7,32,1,128,128,1,[14; 7; 32; 1; 128; 128; 1],0.1527863631490618,0.3660277801021586,tvm
16,16,64,1,2048,64,0,[16; 16; 64; 1; 2048; 64; 0],0.154157669050619,0.36277178863524584,tvm
8,8,64,1,1024,128,1,[8; 8; 64; 1; 1024; 128; 1],0.1428113980218768,0.3915937670798973,tvm
16,4,64,1,128,128,1,[16; 4; 64; 1; 128; 128; 1],0.1516709979623556,0.36871949208914384,tvm
8,2,8,1,4096,64,1,[8; 2; 8; 1; 4096; 64; 1],0.14276476111263037,0.3917216888641979,tvm
14,14,64,1,4096,64,1,[14; 14; 64; 1; 4096; 64; 1],0.16169160697609186,0.345868622244582,tvm
14,1,8,1,1024,64,1,[14; 1; 8; 1; 1024; 64; 1],0.15164769510738552,0.36877615115569096,tvm
16,1,64,1,1024,64,1,[16; 1; 64; 1; 1024; 64; 1],0.12618854804895818,0.4431785149919953,tvm
7,1,1,1,2048,16,0,[7; 1; 1; 1; 2048; 16; 0],0.27519087912514806,0.20321913833452618,tvm
4,2,2,1,1024,128,0,[4; 2; 2; 1; 1024; 128; 0],0.17045516800135374,0.3280865812932653,tvm
14,7,2,1,512,16,0,[14; 7; 2; 1; 512; 16; 0],0.20094513101503253,0.27830509279246834,tvm
8,1,4,1,4096,64,0,[8; 1; 4; 1; 4096; 64; 0],0.15622050501406193,0.3579815167560713,tvm
8,8,2,1,4096,64,0,[8; 8; 2; 1; 4096; 64; 0],0.214264458976686,0.26100480499856676,tvm
4,1,32,1,128,128,0,[4; 1; 32; 1; 128; 128; 0],0.17066991003230214,0.32767377285632115,tvm
4,2,64,1,512,128,0,[4; 2; 64; 1; 512; 128; 0],0.16295597702264786,0.3431850390216796,tvm
8,1,64,1,256,16,1,[8; 1; 64; 1; 256; 16; 1],0.21498951083049178,0.26012456662328326,tvm
4,2,1,1,1024,128,0,[4; 2; 1; 1; 1024; 128; 0],0.16695696115493774,0.33496089618830116,tvm
16,2,4,1,2048,16,1,[16; 2; 4; 1; 2048; 16; 1],0.23640173813328147,0.23656363009397074,tvm
16,16,4,1,4096,16,1,[16; 16; 4; 1; 4096; 16; 1],0.20415879413485527,0.27392429295204984,tvm
4,4,16,1,1024,128,1,[4; 4; 16; 1; 1024; 128; 1],0.1419704391155392,0.3939133645126004,tvm
4,2,32,1,64,64,0,[4; 2; 32; 1; 64; 64; 0],0.3009760929271579,0.1858089550882304,tvm
7,1,8,1,512,16,1,[7; 1; 8; 1; 512; 16; 1],0.15973141393624246,0.3501130551292539,tvm
14,1,32,1,1024,16,1,[14; 1; 32; 1; 1024; 16; 1],0.18747521401382983,0.2983010507682785,tvm
14,2,1,1,16,16,1,[14; 2; 1; 1; 16; 16; 1],0.2168654480483383,0.2578744278381687,tvm
8,2,16,1,512,16,1,[8; 2; 16; 1; 512; 16; 1],0.17679703305475414,0.31631782709845374,tvm
8,2,2,1,512,16,0,[8; 2; 2; 1; 512; 16; 0],0.152372385840863,0.3670222332263023,tvm
7,7,1,1,1024,16,0,[7; 7; 1; 1; 1024; 16; 0],0.15840853308327496,0.3530368739917199,tvm
8,8,32,1,512,16,1,[8; 8; 32; 1; 512; 16; 1],0.17886867886409163,0.3126542538832395,tvm
8,1,16,1,512,16,1,[8; 1; 16; 1; 512; 16; 1],0.1771593380253762,0.315670931923006,tvm
8,4,2,1,256,64,0,[8; 4; 2; 1; 256; 64; 0],0.20754780108109117,0.2694514374136067,tvm
16,4,2,1,64,16,1,[16; 4; 2; 1; 64; 16; 1],0.24711270118132234,0.22630991068443015,tvm
4,2,2,1,2048,16,1,[4; 2; 2; 1; 2048; 16; 1],0.19017109088599682,0.29407231705295583,tvm
14,14,1,1,1024,16,1,[14; 14; 1; 1; 1024; 16; 1],0.18444201000966132,0.3032067007424391,tvm
7,7,1,1,1024,128,0,[7; 7; 1; 1; 1024; 128; 0],0.15333749004639685,0.3647121999741344,tvm
8,4,4,1,2048,64,0,[8; 4; 4; 1; 2048; 64; 0],0.1606223441194743,0.34817106947297344,tvm
8,4,4,1,2048,16,1,[8; 4; 4; 1; 2048; 16; 1],0.1453734280075878,0.38469240286756096,tvm
7,1,16,1,256,128,0,[7; 1; 16; 1; 256; 128; 0],0.18198798294179142,0.3072953083458294,tvm
8,8,1,1,512,128,0,[8; 8; 1; 1; 512; 128; 0],0.18809650698676705,0.2973157462050462,tvm
7,1,64,1,4096,128,1,[7; 1; 64; 1; 4096; 128; 1],0.14248556201346219,0.3924892637757191,tvm
7,1,4,1,256,128,1,[7; 1; 4; 1; 256; 128; 1],0.19259270397014916,0.29037472438208906,tvm
8,1,4,1,1024,128,1,[8; 1; 4; 1; 1024; 128; 1],0.1992748249322176,0.2806378244334458,tvm
8,8,8,1,4096,128,0,[8; 8; 8; 1; 4096; 128; 0],0.17612178716808558,0.3175305805860409,tvm
14,14,8,1,128,128,1,[14; 14; 8; 1; 128; 128; 1],0.1505793179385364,0.3713926593568478,tvm
16,16,8,1,128,128,1,[16; 16; 8; 1; 128; 128; 1],0.14976686984300613,0.3734073723511482,tvm
14,14,64,1,4096,128,0,[14; 14; 64; 1; 4096; 128; 0],0.16355237597599626,0.34193360383551397,tvm
16,4,32,1,4096,128,0,[16; 4; 32; 1; 4096; 128; 0],0.14895986602641642,0.37543034123980623,tvm
8,2,8,1,2048,128,1,[8; 2; 8; 1; 2048; 128; 1],0.17305966699495912,0.32314897112891294,tvm
14,7,32,1,4096,128,1,[14; 7; 32; 1; 4096; 128; 1],0.1586221840698272,0.35256136246815867,tvm
8,8,1,1,64,16,1,[8; 8; 1; 1; 64; 16; 1],0.12368191103450954,0.4521603269675344,tvm
8,4,2,1,64,16,1,[8; 4; 2; 1; 64; 16; 1],0.13921534293331206,0.4017089794486408,tvm
14,14,8,1,128,64,0,[14; 14; 8; 1; 128; 64; 0],0.20756318303756416,0.26943146908289783,tvm
8,2,32,1,256,128,0,[8; 2; 32; 1; 256; 128; 0],0.16280286200344563,0.34350780229004657,tvm
7,1,4,1,128,64,1,[7; 1; 4; 1; 128; 64; 1],0.13364185788668692,0.41846210624182256,tvm
7,7,1,1,128,128,1,[7; 7; 1; 1; 128; 128; 1],0.14443870703689754,0.38718190214100484,tvm
14,2,16,1,512,128,0,[14; 2; 16; 1; 512; 128; 0],0.14569184719584882,0.38385163212431817,tvm
7,7,1,1,1024,16,1,[7; 7; 1; 1; 1024; 16; 1],0.1306679849512875,0.42798588616929845,tvm
16,16,16,1,1024,128,1,[16; 16; 16; 1; 1024; 128; 1],0.15786955691874027,0.3542421631177375,tvm
8,2,64,1,64,64,0,[8; 2; 64; 1; 64; 64; 0],0.15483890403993428,0.36117572440909324,tvm
8,8,16,1,64,64,0,[8; 8; 16; 1; 64; 64; 0],0.15954729402437806,0.3505170907178683,tvm
8,8,64,1,4096,128,1,[8; 8; 64; 1; 4096; 128; 1],0.1362464630510658,0.4104624228841283,tvm
7,7,8,1,2048,128,0,[7; 7; 8; 1; 2048; 128; 0],0.16446145810186863,0.3400435213136294,tvm
8,8,32,1,512,128,0,[8; 8; 32; 1; 512; 128; 0],0.16456282790750265,0.33983405635668273,tvm
8,4,32,1,1024,128,0,[8; 4; 32; 1; 1024; 128; 0],0.15954660577699542,0.350518602768025,tvm
16,2,64,1,256,128,1,[16; 2; 64; 1; 256; 128; 1],0.14778237789869308,0.378421663858123,tvm
16,4,8,1,128,64,1,[16; 4; 8; 1; 128; 64; 1],0.17434523813426495,0.3207661644894808,tvm
8,2,64,1,1024,128,1,[8; 2; 64; 1; 1024; 128; 1],0.1414276659488678,0.39542513098923865,tvm
7,7,1,1,512,128,1,[7; 7; 1; 1; 512; 128; 1],0.13033867813646793,0.4290672126870845,tvm
14,7,16,1,64,64,1,[14; 7; 16; 1; 64; 64; 1],0.14842092292383313,0.3767935964259737,tvm
14,14,16,1,512,64,1,[14; 14; 16; 1; 512; 64; 1],0.13479682081378996,0.4148766491354238,tvm
14,7,32,1,2048,64,1,[14; 7; 32; 1; 2048; 64; 1],0.12750481208786368,0.4386034724304838,tvm
14,7,32,1,1024,64,1,[14; 7; 32; 1; 1024; 64; 1],0.12789964396506548,0.4372494840455415,tvm
8,8,8,1,64,64,1,[8; 8; 8; 1; 64; 64; 1],0.13954192982055247,0.4007688112472739,tvm
8,8,16,1,64,16,1,[8; 8; 16; 1; 64; 16; 1],0.17935991496779025,0.31179794740299843,tvm
8,2,32,1,256,16,1,[8; 2; 32; 1; 256; 16; 1],0.17465253919363022,0.32020177657613436,tvm
16,16,2,1,256,16,1,[16; 16; 2; 1; 256; 16; 1],0.19762523798272014,0.28298032125949013,tvm
16,16,2,1,1024,16,1,[16; 16; 2; 1; 1024; 16; 1],0.1863921880722046,0.30003431963398314,tvm
8,1,4,1,512,128,0,[8; 1; 4; 1; 512; 128; 0],0.1872533371206373,0.2986545083429112,tvm
7,7,2,1,4096,64,1,[7; 7; 2; 1; 4096; 64; 1],0.19407162489369512,0.2881619266287194,tvm
8,8,1,1,256,16,0,[8; 8; 1; 1; 256; 16; 0],0.19603052898310125,0.2852823671059636,tvm
16,8,32,1,512,16,1,[16; 8; 32; 1; 512; 16; 1],0.1635152348317206,0.342011271248742,tvm
8,2,1,1,4096,64,1,[8; 2; 1; 1; 4096; 64; 1],0.2541001420468092,0.2200866669450002,tvm
4,4,1,1,64,64,0,[4; 4; 1; 1; 64; 64; 0],0.2767736501991749,0.20205699962076829,tvm
4,4,8,1,512,128,0,[4; 4; 8; 1; 512; 128; 0],0.1561841571237892,0.35806482784940075,tvm
16,1,32,1,128,64,0,[16; 1; 32; 1; 128; 64; 0],0.14461879595182836,0.38669975756098324,tvm
8,2,1,1,1024,64,0,[8; 2; 1; 1; 1024; 64; 0],0.13249915302731097,0.42207102502614613,tvm
8,1,64,1,128,128,0,[8; 1; 64; 1; 128; 128; 0],0.13666181382723153,0.40921492088516237,tvm
8,4,1,1,1024,128,0,[8; 4; 1; 1; 1024; 128; 0],0.14827546384185553,0.3771632331090167,tvm
16,1,32,1,512,64,0,[16; 1; 32; 1; 512; 64; 0],0.12226233002729714,0.4574103349809164,tvm
7,7,4,1,2048,64,1,[7; 7; 4; 1; 2048; 64; 1],0.1646362270694226,0.3396825493926782,tvm
8,1,32,1,64,64,0,[8; 1; 32; 1; 64; 64; 0],0.15182218211703002,0.3683523221279026,tvm
8,4,4,1,2048,64,1,[8; 4; 4; 1; 2048; 64; 1],0.1461772550828755,0.3825769836875585,tvm
4,1,2,1,256,128,1,[4; 1; 2; 1; 256; 128; 1],0.17315138899721205,0.32297779219220574,tvm
7,1,16,1,512,64,0,[7; 1; 16; 1; 512; 64; 0],0.16993052698671818,0.3290995109884193,tvm
8,1,1,1,16,16,1,[8; 1; 1; 1; 16; 16; 1],0.197147523984313,0.2836660192485258,tvm
7,1,4,1,128,128,1,[7; 1; 4; 1; 128; 128; 1],0.1412764908745885,0.3958482617109825,tvm
14,2,32,1,4096,128,0,[14; 2; 32; 1; 4096; 128; 0],0.16168121993541718,0.34589084221205124,tvm
8,8,2,1,256,64,1,[8; 8; 2; 1; 256; 64; 1],0.20158828399144113,0.27741718033428825,tvm
8,1,1,1,1024,128,1,[8; 1; 1; 1; 1024; 128; 1],0.15005516912788153,0.3726899490258358,tvm
7,7,64,1,256,64,0,[7; 7; 64; 1; 256; 64; 0],0.15628153085708618,0.3578417297721115,tvm
4,1,2,1,512,128,1,[4; 1; 2; 1; 512; 128; 1],0.16281320084817708,0.343485989108969,tvm
8,1,1,1,256,128,1,[8; 1; 1; 1; 256; 128; 1],0.13207241520285606,0.42343477438068367,tvm
7,1,8,1,128,128,1,[7; 1; 8; 1; 128; 128; 1],0.13983086007647216,0.3999407091020466,tvm
16,2,16,1,4096,64,0,[16; 2; 16; 1; 4096; 64; 0],0.1461658738553524,0.3826067731013361,tvm
16,8,64,1,256,64,0,[16; 8; 64; 1; 256; 64; 0],0.1526522859930992,0.3663492686631724,tvm
7,1,32,1,1024,128,1,[7; 1; 32; 1; 1024; 128; 1],0.13908711913973093,0.40207931316163376,tvm
16,4,8,1,4096,64,0,[16; 4; 8; 1; 4096; 64; 0],0.15736722783185542,0.35537293313120677,tvm
4,1,1,1,128,128,1,[4; 1; 1; 1; 128; 128; 1],0.12758663413114846,0.43832219349754187,tvm
8,2,4,1,256,64,1,[8; 2; 4; 1; 256; 64; 1],0.13178649498149753,0.4243534463920975,tvm
8,2,8,1,512,128,0,[8; 2; 8; 1; 512; 128; 0],0.16890993784181774,0.33108799901226404,tvm
14,7,32,1,512,64,0,[14; 7; 32; 1; 512; 64; 0],0.1740481487940997,0.3213136923363197,tvm
8,2,4,1,512,128,1,[8; 2; 4; 1; 512; 128; 1],0.19477740698494017,0.28711776277860235,tvm
8,8,4,1,1024,16,1,[8; 8; 4; 1; 1024; 16; 1],0.12446993310004473,0.44929768933340286,tvm
14,7,32,1,2048,128,0,[14; 7; 32; 1; 2048; 128; 0],0.16072191204875708,0.34795537596869835,tvm
14,2,16,1,2048,64,0,[14; 2; 16; 1; 2048; 64; 0],0.13203490409068763,0.42355507218698873,tvm
8,2,2,1,512,64,1,[8; 2; 2; 1; 512; 64; 1],0.18396387179382145,0.30399476151497035,tvm
4,4,16,1,256,64,1,[4; 4; 16; 1; 256; 64; 1],0.1373949151020497,0.4070314632226083,tvm
14,2,64,1,2048,64,0,[14; 2; 64; 1; 2048; 64; 0],0.1527551100589335,0.36610266793534846,tvm
4,2,1,1,128,128,1,[4; 2; 1; 1; 128; 128; 1],0.12756190192885697,0.43840717712505534,tvm
16,8,32,1,256,128,0,[16; 8; 32; 1; 256; 128; 0],0.1523314940277487,0.3671207565465498,tvm
16,16,64,1,128,128,0,[16; 16; 64; 1; 128; 128; 0],0.16005275887437165,0.3494101178051492,tvm
16,4,32,1,128,128,0,[16; 4; 32; 1; 128; 128; 0],0.15175761911086738,0.36850903210650465,tvm
8,4,16,1,256,128,1,[8; 4; 16; 1; 256; 128; 1],0.15319730411283672,0.3650459363967838,tvm
16,4,16,1,256,128,0,[16; 4; 16; 1; 256; 128; 0],0.1589420649688691,0.35185181055931797,tvm
16,2,64,1,256,128,0,[16; 2; 64; 1; 256; 128; 0],0.13699356000870466,0.40822395833628883,tvm
8,1,1,1,512,64,1,[8; 1; 1; 1; 512; 64; 1],0.12244004989042878,0.45674641086294554,tvm
16,2,32,1,128,128,1,[16; 2; 32; 1; 128; 128; 1],0.15008521499112248,0.37261533946992204,tvm
7,1,16,1,4096,64,1,[7; 1; 16; 1; 4096; 64; 1],0.15455993614159524,0.3618276167123948,tvm
16,8,64,1,1024,128,0,[16; 8; 64; 1; 1024; 128; 0],0.13628278812393546,0.41035301745130165,tvm
16,2,64,1,128,128,1,[16; 2; 64; 1; 128; 128; 1],0.15045257401652634,0.3717055271330247,tvm
14,7,8,1,512,64,1,[14; 7; 8; 1; 512; 64; 1],0.15386043000034988,0.36347261822423194,tvm
16,4,32,1,128,64,1,[16; 4; 32; 1; 128; 64; 1],0.14702675491571426,0.3803665078875801,tvm
16,1,32,1,2048,64,1,[16; 1; 32; 1; 2048; 64; 1],0.12837833003140986,0.4356191058074256,tvm
16,1,64,1,2048,64,1,[16; 1; 64; 1; 2048; 64; 1],0.12374123488552868,0.4519435528913859,tvm
8,1,64,1,64,64,1,[8; 1; 64; 1; 64; 64; 1],0.11675926088355482,0.4789688878649802,tvm
8,8,32,1,2048,64,1,[8; 8; 32; 1; 2048; 64; 1],0.10912180319428444,0.5124920198923409,tvm
8,4,32,1,256,64,1,[8; 4; 32; 1; 256; 64; 1],0.11482841009274125,0.4870227959105785,tvm
4,2,2,1,128,128,0,[4; 2; 2; 1; 128; 128; 0],0.2020110699813813,0.27683657800776795,tvm
16,2,64,1,128,16,1,[16; 2; 64; 1; 128; 16; 1],0.1821928070858121,0.3069498419166094,tvm
4,2,4,1,128,64,0,[4; 2; 4; 1; 128; 64; 0],0.19991416111588478,0.2797403296553649,tvm
16,2,64,1,512,16,1,[16; 2; 64; 1; 512; 16; 1],0.16646229894831777,0.3359562717002743,tvm
4,2,16,1,1024,128,0,[4; 2; 16; 1; 1024; 128; 0],0.18705201288685203,0.29897595043343295,tvm
7,1,1,1,2048,128,1,[7; 1; 1; 1; 2048; 128; 1],0.25103075592778623,0.2227776956120108,tvm
14,14,32,1,512,16,1,[14; 14; 32; 1; 512; 16; 1],0.15890201018191874,0.35194050263623955,tvm
4,2,64,1,256,128,0,[4; 2; 64; 1; 256; 128; 0],0.16563009517267346,0.3376442745808431,tvm
14,1,32,1,512,16,1,[14; 1; 32; 1; 512; 16; 1],0.15924251684919,0.3511879518099804,tvm
4,2,64,1,128,128,0,[4; 2; 64; 1; 128; 128; 0],0.16571999317966402,0.3374611129310373,tvm
16,8,32,1,128,16,1,[16; 8; 32; 1; 128; 16; 1],0.1735244879964739,0.32228335020051885,tvm
8,2,8,1,512,16,1,[8; 2; 8; 1; 512; 16; 1],0.17120262305252254,0.32665418517668754,tvm
8,8,2,1,512,16,0,[8; 8; 2; 1; 512; 16; 0],0.15036128414794803,0.37193120323651163,tvm
8,1,2,1,4096,16,1,[8; 1; 2; 1; 4096; 16; 1],0.165490984916687,0.3379280953671714,tvm
8,1,16,1,256,128,0,[8; 1; 16; 1; 256; 128; 0],0.1713317718822509,0.326407955272695,tvm
14,14,8,1,256,64,0,[14; 14; 8; 1; 256; 64; 0],0.177249054890126,0.3155111510636816,tvm
8,1,32,1,512,128,0,[8; 1; 32; 1; 512; 128; 0],0.1605568730738014,0.34831304485873577,tvm
7,1,2,1,1024,64,1,[7; 1; 2; 1; 1024; 64; 1],0.1452877197880298,0.3849193408426037,tvm
8,1,32,1,128,128,0,[8; 1; 32; 1; 128; 128; 0],0.1503176859114319,0.3720390783974956,tvm
7,1,32,1,128,128,0,[7; 1; 32; 1; 128; 128; 0],0.1496528941206634,0.3736917596010032,tvm
7,7,4,1,1024,128,1,[7; 7; 4; 1; 1024; 128; 1],0.18984495103359222,0.29457751195836557,tvm
8,8,2,1,512,64,1,[8; 8; 2; 1; 512; 64; 1],0.18485640687868,0.3025269952911933,tvm
7,1,16,1,64,64,0,[7; 1; 16; 1; 64; 64; 0],0.16174542298540473,0.3457535446822486,tvm
16,4,8,1,512,128,1,[16; 4; 8; 1; 512; 128; 1],0.185318891890347,0.30177200372223,tvm
14,14,16,1,2048,128,1,[14; 14; 16; 1; 2048; 128; 1],0.16140952613204718,0.346473065583394,tvm
7,1,16,1,256,64,0,[7; 1; 16; 1; 256; 64; 0],0.17715795314870775,0.31567339958139085,tvm
8,8,32,1,256,128,0,[8; 8; 32; 1; 256; 128; 0],0.1680923760868609,0.3326983331143755,tvm
16,8,8,1,4096,128,0,[16; 8; 8; 1; 4096; 128; 0],0.1884381480049342,0.296776708566829,tvm
8,8,32,1,128,64,0,[8; 8; 32; 1; 128; 64; 0],0.15153440786525607,0.36905184849543105,tvm
8,2,32,1,256,128,0,[8; 2; 32; 1; 256; 128; 0],0.16752714687027037,0.3338208426401471,tvm
8,8,64,1,4096,128,0,[8; 8; 64; 1; 4096; 128; 0],0.16138307796791196,0.34652984710362755,tvm
16,16,16,1,512,128,1,[16; 16; 16; 1; 512; 128; 1],0.15930609800852835,0.3510477880786426,tvm
4,2,2,1,64,16,1,[4; 2; 2; 1; 64; 16; 1],0.1292805951088667,0.4325788668147753,tvm
4,4,4,1,512,64,1,[4; 4; 4; 1; 512; 64; 1],0.125464468030259,0.4457361850037558,tvm
16,1,32,1,2048,64,0,[16; 1; 32; 1; 2048; 64; 0],0.17586580384522676,0.31799276556657996,tvm
4,2,4,1,128,128,1,[4; 2; 4; 1; 128; 128; 1],0.1521205969620496,0.36762972569247165,tvm
4,1,4,1,128,128,1,[4; 1; 4; 1; 128; 128; 1],0.15184779604896903,0.36829018786218354,tvm
8,2,64,1,128,64,0,[8; 2; 64; 1; 128; 64; 0],0.1519195211585611,0.36811630860108097,tvm
8,4,64,1,128,128,0,[8; 4; 64; 1; 128; 128; 0],0.16440619807690382,0.34015781635661874,tvm
16,4,64,1,128,64,0,[16; 4; 64; 1; 128; 64; 0],0.16023588203825057,0.34901079971578075,tvm
16,16,64,1,1024,64,0,[16; 16; 64; 1; 1024; 64; 0],0.15046335314400494,0.37167889831492545,tvm
14,1,32,1,128,128,1,[14; 1; 32; 1; 128; 128; 1],0.22626274800859392,0.24716420986458287,tvm
16,8,32,1,1024,64,0,[16; 8; 32; 1; 1024; 64; 0],0.1754683731123805,0.31871300987965623,tvm
14,1,8,1,256,64,1,[14; 1; 8; 1; 256; 64; 1],0.1601902968250215,0.3491101174150398,tvm
4,4,4,1,512,16,1,[4; 4; 4; 1; 512; 16; 1],0.12259963806718588,0.4561518632109368,tvm
16,16,16,1,512,128,0,[16; 16; 16; 1; 512; 128; 0],0.14842407102696598,0.3767856045612234,tvm
7,1,4,1,128,64,1,[7; 1; 4; 1; 128; 64; 1],0.13295361096970737,0.42062831483437685,tvm
16,8,16,1,4096,64,1,[16; 8; 16; 1; 4096; 64; 1],0.15001811110414565,0.37278201226323743,tvm
4,4,8,1,128,128,1,[4; 4; 8; 1; 128; 128; 1],0.12788781011477113,0.4372899440778998,tvm
16,16,8,1,2048,64,1,[16; 16; 8; 1; 2048; 64; 1],0.15380035806447268,0.36361458475857467,tvm
4,4,8,1,128,64,1,[4; 4; 8; 1; 128; 64; 1],0.1364567840937525,0.4098297765460365,tvm
4,2,8,1,128,64,1,[4; 2; 8; 1; 128; 64; 1],0.12713634502142668,0.43987463477818467,tvm
7,7,32,1,512,128,1,[7; 7; 32; 1; 512; 128; 1],0.13488703989423811,0.4145991592460041,tvm
16,1,16,1,256,64,1,[16; 1; 16; 1; 256; 64; 1],0.1434627252165228,0.3898159138475119,tvm
4,2,1,1,128,128,1,[4; 2; 1; 1; 128; 128; 1],0.1269760150462389,0.44043005533736695,tvm
4,2,1,1,512,64,1,[4; 2; 1; 1; 512; 64; 1],0.13049592799507082,0.42855017924732286,tvm
16,2,32,1,4096,64,1,[16; 2; 32; 1; 4096; 64; 1],0.1784894149750471,0.313318598423058,tvm
14,14,32,1,128,64,1,[14; 14; 32; 1; 128; 64; 1],0.1423442659433931,0.3928788628238315,tvm
14,7,32,1,512,64,1,[14; 7; 32; 1; 512; 64; 1],0.1258410019800067,0.4444024797435927,tvm
8,2,8,1,64,64,1,[8; 2; 8; 1; 64; 64; 1],0.1245119720697403,0.4491459929813798,tvm
8,1,16,1,64,64,1,[8; 1; 16; 1; 64; 64; 1],0.12060194509103894,0.46370772288222945,tvm
8,1,64,1,512,64,1,[8; 1; 64; 1; 512; 64; 1],0.11020812508650124,0.5074403841771113,tvm
8,1,32,1,512,64,1,[8; 1; 32; 1; 512; 64; 1],0.11172824283130467,0.5005364079498815,tvm
8,2,32,1,512,64,1,[8; 2; 32; 1; 512; 64; 1],0.11289734300225973,0.49535313981848067,tvm
8,1,8,1,4096,16,1,[8; 1; 8; 1; 4096; 16; 1],0.22684649587608874,0.246528178085153,tvm
4,4,8,1,2048,128,1,[4; 4; 8; 1; 2048; 128; 1],0.15645562508143485,0.3574435454412392,tvm
7,7,1,1,256,128,0,[7; 7; 1; 1; 256; 128; 0],0.16011980595067143,0.34926380906658117,tvm
16,8,4,1,2048,64,0,[16; 8; 4; 1; 2048; 64; 0],0.1617169389501214,0.3458144440303936,tvm
8,1,32,1,128,16,1,[8; 1; 32; 1; 128; 16; 1],0.17581925611011684,0.31807695340439673,tvm
14,1,16,1,4096,128,0,[14; 1; 16; 1; 4096; 128; 0],0.1708054910413921,0.3274136738366391,tvm
16,4,64,1,256,16,1,[16; 4; 64; 1; 256; 16; 1],0.17611832288093865,0.31753682648420234,tvm
8,8,2,1,256,16,0,[8; 8; 2; 1; 256; 16; 0],0.18080054596066475,0.3093135202451228,tvm
4,4,4,1,1024,64,0,[4; 4; 4; 1; 1024; 64; 0],0.17319321003742516,0.3228998026033974,tvm
14,1,32,1,256,16,1,[14; 1; 32; 1; 256; 16; 1],0.16137704416178167,0.34654280367949397,tvm
14,2,16,1,512,16,1,[14; 2; 16; 1; 512; 16; 1],0.1625420181080699,0.3440590561398771,tvm
8,4,4,1,128,64,0,[8; 4; 4; 1; 128; 64; 0],0.15662664198316634,0.357053261343264,tvm
4,1,16,1,128,128,0,[4; 1; 16; 1; 128; 128; 0],0.17999334796331823,0.3107006673642761,tvm
14,1,8,1,1024,128,1,[14; 1; 8; 1; 1024; 128; 1],0.20865713502280414,0.26801888814979363,tvm
4,4,2,1,1024,128,1,[4; 4; 2; 1; 1024; 128; 1],0.17875705217011273,0.3128494940726235,tvm
8,2,1,1,2048,16,1,[8; 2; 1; 1; 2048; 16; 1],0.25120066688396037,0.22262700982066616,tvm
8,8,2,1,256,128,1,[8; 8; 2; 1; 256; 128; 1],0.3138209169264883,0.178203715294202,tvm
8,4,2,1,1024,64,0,[8; 4; 2; 1; 1024; 64; 0],0.16193439112976193,0.34535007013130425,tvm
4,2,2,1,2048,16,1,[4; 2; 2; 1; 2048; 16; 1],0.18771180789917707,0.29792506906848937,tvm
16,1,16,1,4096,64,0,[16; 1; 16; 1; 4096; 64; 0],0.14800414582714438,0.3778546406304566,tvm
7,7,16,1,64,64,0,[7; 7; 16; 1; 64; 64; 0],0.15791865484789014,0.3541320269426073,tvm
8,8,4,1,512,128,1,[8; 8; 4; 1; 512; 128; 1],0.1941092109773308,0.28810612877028524,tvm
8,1,2,1,1024,64,1,[8; 1; 2; 1; 1024; 64; 1],0.17083360301330686,0.327359795420209,tvm
7,1,32,1,512,64,0,[7; 1; 32; 1; 512; 64; 0],0.1679494099225849,0.3329815410432888,tvm
14,2,16,1,64,64,0,[14; 2; 16; 1; 64; 64; 0],0.15837804204784334,0.3531048408619651,tvm
8,8,32,1,256,64,0,[8; 8; 32; 1; 256; 64; 0],0.16268687997944653,0.3437526943807555,tvm
16,4,8,1,128,64,0,[16; 4; 8; 1; 128; 64; 0],0.2091695659328252,0.2673622861142875,tvm
8,4,16,1,2048,128,1,[8; 4; 16; 1; 2048; 128; 1],0.15249846503138542,0.36671879498474763,tvm
4,1,2,1,16,16,1,[4; 1; 2; 1; 16; 16; 1],0.2530221401248127,0.2210243471411106,tvm
16,16,64,1,4096,64,0,[16; 16; 64; 1; 4096; 64; 0],0.15356766106560826,0.364165560283171,tvm
7,7,4,1,2048,16,1,[7; 7; 4; 1; 2048; 16; 1],0.17516819410957396,0.3192591761170458,tvm
8,2,64,1,4096,128,0,[8; 2; 64; 1; 4096; 128; 0],0.15961605706252158,0.35036608698727534,tvm
8,4,32,1,4096,64,0,[8; 4; 32; 1; 4096; 64; 0],0.16526104300282896,0.33839828381317927,tvm
8,4,64,1,4096,128,0,[8; 4; 64; 1; 4096; 128; 0],0.16054480499587953,0.348339227387449,tvm
8,8,32,1,2048,128,0,[8; 8; 32; 1; 2048; 128; 0],0.15780545910820365,0.3543860500731313,tvm
7,1,4,1,64,16,1,[7; 1; 4; 1; 64; 16; 1],0.16911553405225277,0.3306854905242123,tvm
16,16,32,1,256,128,0,[16; 16; 32; 1; 256; 128; 0],0.14871468511410058,0.3760493006485936,tvm
7,1,16,1,4096,64,1,[7; 1; 16; 1; 4096; 64; 1],0.15606555994600058,0.35833692810049395,tvm
16,16,64,1,256,128,1,[16; 16; 64; 1; 256; 128; 1],0.14660541201010346,0.3814596785109084,tvm
16,4,64,1,2048,64,0,[16; 4; 64; 1; 2048; 64; 0],0.15140299522317946,0.36937217292760327,tvm
8,2,64,1,1024,128,0,[8; 2; 64; 1; 1024; 128; 0],0.13794807391241193,0.4053993053128199,tvm
14,14,64,1,256,128,1,[14; 14; 64; 1; 256; 128; 1],0.15287668397650123,0.36581152781891485,tvm
14,1,8,1,2048,64,1,[14; 1; 8; 1; 2048; 64; 1],0.15102105611003935,0.3703063319368199,tvm
16,16,8,1,1024,64,1,[16; 16; 8; 1; 1024; 64; 1],0.15326224802993238,0.36489125046900833,tvm
16,16,64,1,128,128,0,[16; 16; 64; 1; 128; 128; 0],0.1610844552051276,0.34717225359901255,tvm
16,8,8,1,1024,64,1,[16; 8; 8; 1; 1024; 64; 1],0.1556648260448128,0.35925940852709987,tvm
4,2,64,1,256,128,1,[4; 2; 64; 1; 256; 128; 1],0.13528182497248054,0.41338925864364695,tvm
14,2,8,1,2048,64,1,[14; 2; 8; 1; 2048; 64; 1],0.1518246689811349,0.36834628857502877,tvm
16,2,8,1,512,128,0,[16; 2; 8; 1; 512; 128; 0],0.1445562420412898,0.38686709438226585,tvm
8,2,1,1,256,16,1,[8; 2; 1; 1; 256; 16; 1],0.15054772305302322,0.37147060214013844,tvm
16,16,16,1,256,64,1,[16; 16; 16; 1; 256; 64; 1],0.14413716201670468,0.3879919137498493,tvm
8,4,4,1,128,16,1,[8; 4; 4; 1; 128; 16; 1],0.15148659702390432,0.36916832533051497,tvm
16,8,64,1,1024,128,0,[16; 8; 64; 1; 1024; 128; 0],0.13630536501295865,0.41028504878011657,tvm
4,2,4,1,512,64,1,[4; 2; 4; 1; 512; 64; 1],0.122183094965294,0.45770696305588354,tvm
4,2,1,1,512,16,1,[4; 2; 1; 1; 512; 16; 1],0.14166973112151027,0.39474948452727154,tvm
4,4,8,1,128,128,1,[4; 4; 8; 1; 128; 128; 1],0.12881443393416703,0.4341443084081272,tvm
16,2,32,1,128,64,1,[16; 2; 32; 1; 128; 64; 1],0.1465057390742004,0.3817191987612828,tvm
8,8,2,1,512,16,1,[8; 8; 2; 1; 512; 16; 1],0.11401986586861312,0.4904763999439843,tvm
8,8,32,1,4096,64,1,[8; 8; 32; 1; 4096; 64; 1],0.14120650384575129,0.3960444583659028,tvm
16,1,64,1,1024,64,1,[16; 1; 64; 1; 1024; 64; 1],0.12269607605412602,0.4557933320431784,tvm
7,1,8,1,128,64,1,[7; 1; 8; 1; 128; 64; 1],0.12867992697283626,0.43459811214486194,tvm
8,8,64,1,1024,64,1,[8; 8; 64; 1; 1024; 64; 1],0.10718276281841099,0.5217634987454078,tvm
8,4,64,1,256,64,1,[8; 4; 64; 1; 256; 64; 1],0.11218947311863303,0.498478616386738,tvm
7,7,32,1,512,64,1,[7; 7; 32; 1; 512; 64; 1],0.11315778805874288,0.494213030253842,tvm
4,1,1,1,2048,64,1,[4; 1; 1; 1; 2048; 64; 1],0.20852917106822133,0.2681833579774674,tvm
7,1,1,1,2048,16,1,[7; 1; 1; 1; 2048; 16; 1],0.25275197601877153,0.2212605978960969,tvm
28,14,64,1,1024,128,1,[28; 14; 64; 1; 1024; 128; 1],0.19542297907173634,0.28616928059828933,tvm
14,7,32,1,16,16,1,[14; 7; 32; 1; 16; 16; 1],0.18759850109927356,0.2981050115306592,tvm
8,4,2,1,4096,128,0,[8; 4; 2; 1; 4096; 128; 0],0.2597696140874177,0.21528327525833627,tvm
4,4,2,1,128,64,0,[4; 4; 2; 1; 128; 64; 0],0.18569169798865914,0.30116614764731603,tvm
16,2,8,1,64,16,1,[16; 2; 8; 1; 64; 16; 1],0.19079014798626304,0.2931181401324763,tvm
14,14,16,1,4096,16,1,[14; 14; 16; 1; 4096; 16; 1],0.1815932928584516,0.3079632097256204,tvm
16,1,4,1,2048,64,0,[16; 1; 4; 1; 2048; 64; 0],0.1643171322066337,0.34034219428201296,tvm
16,8,4,1,512,16,0,[16; 8; 4; 1; 512; 16; 0],0.3220088300295174,0.17367242174137576,tvm
16,4,4,1,64,64,1,[16; 4; 4; 1; 64; 64; 1],0.150748860090971,0.3709749665741112,tvm
16,8,4,1,128,16,1,[16; 8; 4; 1; 128; 16; 1],0.2824913919903338,0.19796728296502192,tvm
16,4,1,1,1024,128,0,[16; 4; 1; 1; 1024; 128; 0],0.2354309679940343,0.23753907062366758,tvm
4,2,64,1,256,64,0,[4; 2; 64; 1; 256; 64; 0],0.28201651689596474,0.19830063128523637,tvm
16,4,4,1,512,16,1,[16; 4; 4; 1; 512; 16; 1],0.27521351515315473,0.20320242376982076,tvm
4,1,1,1,1024,16,0,[4; 1; 1; 1; 1024; 16; 0],0.20059339795261621,0.27879309042136874,tvm
7,7,8,1,256,16,1,[7; 7; 8; 1; 256; 16; 1],0.15418532211333513,0.3627067256909573,tvm
16,8,4,1,512,16,1,[16; 8; 4; 1; 512; 16; 1],0.2438641618937254,0.22932460800740667,tvm
16,16,8,1,256,16,1,[16; 16; 8; 1; 256; 16; 1],0.176046100910753,0.3176670942668828,tvm
8,8,4,1,256,16,0,[8; 8; 4; 1; 256; 16; 0],0.1778613799251616,0.31442493787501474,tvm
4,1,16,1,128,128,0,[4; 1; 16; 1; 128; 128; 0],0.17759328405372798,0.31489959561992453,tvm
8,8,2,1,512,128,1,[8; 8; 2; 1; 512; 128; 1],0.2912950529716909,0.1919842193089638,tvm
8,2,4,1,256,64,0,[8; 2; 4; 1; 256; 64; 0],0.18439191114157438,0.3032890813219858,tvm
4,4,1,1,512,16,0,[4; 4; 1; 1; 512; 16; 0],0.18949864502064884,0.2951158480697291,tvm
14,1,8,1,128,64,0,[14; 1; 8; 1; 128; 64; 0],0.21096465201117098,0.2650873158142723,tvm
14,1,64,1,512,16,1,[14; 1; 64; 1; 512; 16; 1],0.16023847390897572,0.34900515443688807,tvm
4,2,2,1,1024,128,1,[4; 2; 2; 1; 1024; 128; 1],0.1676014477852732,0.3336728535005368,tvm
4,4,1,1,1024,128,0,[4; 4; 1; 1; 1024; 128; 0],0.17097880109213293,0.3270817959660293,tvm
14,1,32,1,2048,128,0,[14; 1; 32; 1; 2048; 128; 0],0.25962771917693317,0.21540093450199654,tvm
14,1,32,1,256,128,0,[14; 1; 32; 1; 256; 128; 0],0.2884582309052348,0.19387227453289652,tvm
14,2,8,1,512,128,1,[14; 2; 8; 1; 512; 128; 1],0.19161941902711987,0.2918496132451921,tvm
7,7,8,1,4096,128,1,[7; 7; 8; 1; 4096; 128; 1],0.1804926749318838,0.3098411243250649,tvm
7,1,8,1,1024,128,0,[7; 1; 8; 1; 1024; 128; 0],0.16043462581001222,0.3485784508860262,tvm
14,1,32,1,4096,64,0,[14; 1; 32; 1; 4096; 64; 0],0.17460158094763756,0.3202952288851541,tvm
4,2,2,1,16,16,1,[4; 2; 2; 1; 16; 16; 1],0.25526990415528417,0.2190781303357797,tvm
16,1,8,1,1024,128,0,[16; 1; 8; 1; 1024; 128; 0],0.2343561239540577,0.23862851283671374,tvm
8,4,1,1,1024,64,0,[8; 4; 1; 1; 1024; 64; 0],0.14811489707790315,0.3775721040667454,tvm
14,1,16,1,2048,64,0,[14; 1; 16; 1; 2048; 64; 0],0.1331883689854294,0.4198869147459215,tvm
14,1,32,1,2048,64,0,[14; 1; 32; 1; 2048; 64; 0],0.17299280897714198,0.3232738612893599,tvm
7,1,16,1,64,64,0,[7; 1; 16; 1; 64; 64; 0],0.16098078014329076,0.34739583994781686,tvm
7,7,32,1,512,128,0,[7; 7; 32; 1; 512; 128; 0],0.16423865198157728,0.34050482428220585,tvm
14,7,16,1,2048,128,1,[14; 7; 16; 1; 2048; 128; 1],0.16075880685821176,0.34787551877427153,tvm
14,1,64,1,2048,128,0,[14; 1; 64; 1; 2048; 128; 0],0.26517047197557986,0.21089849452952478,tvm
14,2,16,1,4096,64,0,[14; 2; 16; 1; 4096; 64; 0],0.143799931043759,0.38890180911363154,tvm
7,1,64,1,1024,64,0,[7; 1; 64; 1; 1024; 64; 0],0.15449981694109738,0.36196841161730453,tvm
8,2,2,1,64,16,1,[8; 2; 2; 1; 64; 16; 1],0.14152142615057528,0.39516315553400044,tvm
16,16,8,1,128,64,1,[16; 16; 8; 1; 128; 64; 1],0.1735776390414685,0.3221846641200876,tvm
14,14,64,1,1024,128,0,[14; 14; 64; 1; 1024; 128; 0],0.14760169596411288,0.37888489673540354,tvm
8,4,32,1,4096,128,1,[8; 4; 32; 1; 4096; 128; 1],0.15715441014617682,0.3558541773108098,tvm
16,4,64,1,1024,64,0,[16; 4; 64; 1; 1024; 64; 0],0.1490329010412097,0.3752463579694362,tvm
16,2,64,1,512,128,1,[16; 2; 64; 1; 512; 128; 1],0.14079722296446562,0.3971957127836778,tvm
16,2,32,1,2048,128,0,[16; 2; 32; 1; 2048; 128; 0],0.14952961611561477,0.3739998455563039,tvm
4,2,2,1,1024,16,1,[4; 2; 2; 1; 1024; 16; 1],0.11975291185081005,0.46699535292306166,tvm
7,7,1,1,64,16,1,[7; 7; 1; 1; 64; 16; 1],0.1264232660178095,0.44235570789205203,tvm
16,4,64,1,2048,128,1,[16; 4; 64; 1; 2048; 128; 1],0.14560944912955165,0.38406884764447247,tvm
16,16,16,1,2048,64,1,[16; 16; 16; 1; 2048; 64; 1],0.13730530394241214,0.40729710890694143,tvm
16,2,16,1,2048,64,1,[16; 2; 16; 1; 2048; 64; 1],0.13587198709137738,0.4115936958787758,tvm
14,14,16,1,256,64,1,[14; 14; 16; 1; 256; 64; 1],0.13988819811493158,0.39977677950634805,tvm
8,1,1,1,128,64,1,[8; 1; 1; 1; 128; 64; 1],0.14983347011730075,0.373241394526549,tvm
16,4,64,1,64,64,1,[16; 4; 64; 1; 64; 64; 1],0.14521216601133347,0.3851196140753702,tvm
8,4,16,1,2048,64,1,[8; 4; 16; 1; 2048; 64; 1],0.11581156915053725,0.4828883136937783,tvm
14,2,64,1,1024,64,1,[14; 2; 64; 1; 1024; 64; 1],0.12059752712957561,0.4637247103188602,tvm
8,4,8,1,128,64,1,[8; 4; 8; 1; 128; 64; 1],0.12587852706201375,0.4442700009174916,tvm
7,1,64,1,128,64,1,[7; 1; 64; 1; 128; 64; 1],0.11419265484437346,0.4897342426231265,tvm
16,8,2,1,1024,16,0,[16; 8; 2; 1; 1024; 16; 0],0.23041531397029757,0.24270979376198235,tvm
14,14,4,1,256,128,0,[14; 14; 4; 1; 256; 128; 0],0.2109309691004455,0.2651296467836463,tvm
14,7,8,1,32,16,1,[14; 7; 8; 1; 32; 16; 1],0.16907522501423955,0.3307643288874724,tvm
4,4,16,1,32,16,1,[4; 4; 16; 1; 32; 16; 1],0.25229116901755333,0.22166472790588393,tvm
16,16,4,1,4096,128,1,[16; 16; 4; 1; 4096; 128; 1],0.23849908215925097,0.23448330629629693,tvm
16,1,64,1,16,16,1,[16; 1; 64; 1; 16; 16; 1],0.20341969607397914,0.274919559967266,tvm
4,4,16,1,1024,64,0,[4; 4; 16; 1; 1024; 64; 0],0.2573331440798938,0.21732161060438712,tvm
14,1,16,1,512,128,0,[14; 1; 16; 1; 512; 128; 0],0.262788699939847,0.2128099623238537,tvm
7,7,8,1,32,16,1,[7; 7; 8; 1; 32; 16; 1],0.2725333580747247,0.2052007641501257,tvm
14,1,1,1,256,16,1,[14; 1; 1; 1; 256; 16; 1],0.24091204488649964,0.23213473348615968,tvm
7,1,2,1,128,128,0,[7; 1; 2; 1; 128; 128; 0],0.16510464600287378,0.3387188349161291,tvm
4,2,1,1,4096,16,1,[4; 2; 1; 1; 4096; 16; 1],0.28520266781561077,0.19608530930534407,tvm
8,8,2,1,512,128,1,[8; 8; 2; 1; 512; 128; 1],0.29571317904628813,0.18911586393848046,tvm
8,2,1,1,2048,128,0,[8; 2; 1; 1; 2048; 128; 0],0.2524248610716313,0.2215473273746345,tvm
14,2,1,1,512,128,1,[14; 2; 1; 1; 512; 128; 1],0.21080677513964474,0.2652858443296595,tvm
16,2,4,1,4096,128,0,[16; 2; 4; 1; 4096; 128; 0],0.24031829787418246,0.23270826161814825,tvm
7,1,2,1,128,64,0,[7; 1; 2; 1; 128; 64; 0],0.16940410900861025,0.3301221774407544,tvm
14,7,2,1,64,16,1,[14; 7; 2; 1; 64; 16; 1],0.22216809215024114,0.25171955518938655,tvm
8,1,1,1,512,16,0,[8; 1; 1; 1; 512; 16; 0],0.2107624679338187,0.26534161362588515,tvm
14,14,1,1,128,64,1,[14; 14; 1; 1; 128; 64; 1],0.16680882615037262,0.3352583590686002,tvm
8,8,4,1,256,128,1,[8; 8; 4; 1; 256; 128; 1],0.19936497509479523,0.28051092378058,tvm
16,1,1,1,128,64,1,[16; 1; 1; 1; 128; 64; 1],0.2324043051339686,0.2406326048955768,tvm
14,2,1,1,128,128,1,[14; 2; 1; 1; 128; 128; 1],0.15515859099105,0.36043156215925676,tvm
16,2,16,1,128,16,1,[16; 2; 16; 1; 128; 16; 1],0.17396147805266082,0.32147377660475074,tvm
16,1,64,1,2048,128,0,[16; 1; 64; 1; 2048; 128; 0],0.25443611200898886,0.21979605368029526,tvm
16,4,64,1,128,16,1,[16; 4; 64; 1; 128; 16; 1],0.17965963506139815,0.31127778543144347,tvm
7,1,2,1,1024,64,0,[7; 1; 2; 1; 1024; 64; 0],0.16043807892128825,0.3485709484265887,tvm
16,8,32,1,128,16,1,[16; 8; 32; 1; 128; 16; 1],0.17435494903475046,0.32074829904706165,tvm
8,2,8,1,128,16,1,[8; 2; 8; 1; 128; 16; 1],0.20773840905167162,0.26920420536879686,tvm
7,1,4,1,1024,64,0,[7; 1; 4; 1; 1024; 64; 0],0.18014209996908903,0.3104441068630235,tvm
7,7,8,1,4096,128,1,[7; 7; 8; 1; 4096; 128; 1],0.17838241206482053,0.31350654297135344,tvm
14,7,8,1,2048,128,1,[14; 7; 8; 1; 2048; 128; 1],0.19279626104980707,0.29006814255016017,tvm
8,4,4,1,2048,16,1,[8; 4; 4; 1; 2048; 16; 1],0.14232069696299732,0.3929439254212851,tvm
7,7,8,1,256,128,0,[7; 7; 8; 1; 256; 128; 0],0.15491782408207655,0.36099173006525304,tvm
8,1,32,1,1024,64,0,[8; 1; 32; 1; 1024; 64; 0],0.1634624560829252,0.34212169982912055,tvm
14,14,16,1,1024,128,1,[14; 14; 16; 1; 1024; 128; 1],0.16115081612952054,0.3470292901798643,tvm
7,7,8,1,2048,64,0,[7; 7; 8; 1; 2048; 64; 0],0.15297088911756873,0.3655862475268208,tvm
16,16,32,1,1024,64,0,[16; 16; 32; 1; 1024; 64; 0],0.17286306899040937,0.3235164900169397,tvm
14,2,64,1,128,64,0,[14; 2; 64; 1; 128; 64; 0],0.1548269991762936,0.3612034957136608,tvm
14,2,32,1,256,128,1,[14; 2; 32; 1; 256; 128; 1],0.15668963710777462,0.35690971250936987,tvm
8,4,4,1,64,16,1,[8; 4; 4; 1; 64; 16; 1],0.18023756798356771,0.3102796712083462,tvm
8,1,4,1,1024,16,1,[8; 1; 4; 1; 1024; 16; 1],0.13680140115320683,0.4087973724092401,tvm
16,4,64,1,64,64,0,[16; 4; 64; 1; 64; 64; 0],0.16547522088512778,0.3379602881579205,tvm
8,8,64,1,2048,64,0,[8; 8; 64; 1; 2048; 64; 0],0.1481767708901316,0.37741444220564946,tvm
16,8,64,1,4096,128,0,[16; 8; 64; 1; 4096; 128; 0],0.1605084149632603,0.3484182019125547,tvm
16,8,8,1,512,128,0,[16; 8; 8; 1; 512; 128; 0],0.1446445370092988,0.3866309401629052,tvm
16,16,64,1,1024,64,0,[16; 16; 64; 1; 1024; 64; 0],0.1505442161578685,0.37147925546796473,tvm
16,4,16,1,1024,64,0,[16; 4; 16; 1; 1024; 64; 0],0.1408105050213635,0.3971582469990335,tvm
8,1,16,1,128,128,1,[8; 1; 16; 1; 128; 128; 1],0.14265573397278786,0.3920210690164131,tvm
4,1,1,1,256,16,1,[4; 1; 1; 1; 256; 16; 1],0.1967964929062873,0.2841720017844213,tvm
7,1,1,1,256,16,1,[7; 1; 1; 1; 256; 16; 1],0.1891753461677581,0.2956201982246706,tvm
14,2,64,1,512,128,1,[14; 2; 64; 1; 512; 128; 1],0.140906001906842,0.39688907907774384,tvm
16,8,32,1,1024,128,0,[16; 8; 32; 1; 1024; 128; 0],0.15069345594383776,0.3711113597008206,tvm
8,4,64,1,2048,128,1,[8; 4; 64; 1; 2048; 128; 1],0.14867806597612798,0.37614192090925236,tvm
7,7,2,1,64,16,1,[7; 7; 2; 1; 64; 16; 1],0.13562008389271796,0.4123581974596916,tvm
8,1,4,1,512,64,1,[8; 1; 4; 1; 512; 64; 1],0.12871209788136184,0.4344894866439079,tvm
7,7,1,1,512,128,1,[7; 7; 1; 1; 512; 128; 1],0.12013629102148116,0.4655050764246896,tvm
7,1,1,1,128,128,1,[7; 1; 1; 1; 128; 128; 1],0.1466523138806224,0.38133768130557094,tvm
14,14,32,1,64,64,1,[14; 14; 32; 1; 64; 64; 1],0.13827442494221032,0.4044424943853929,tvm
4,1,1,1,512,64,1,[4; 1; 1; 1; 512; 64; 1],0.1486000318545848,0.3763394437765586,tvm
8,2,2,1,512,16,1,[8; 2; 2; 1; 512; 16; 1],0.11286458792164922,0.4954968990996175,tvm
14,1,64,1,128,64,1,[14; 1; 64; 1; 128; 64; 1],0.1356281591579318,0.4123336457601901,tvm
16,16,64,1,1024,64,1,[16; 16; 64; 1; 1024; 64; 1],0.12254680204205215,0.4563485329804273,tvm
7,7,16,1,256,64,1,[7; 7; 16; 1; 256; 64; 1],0.1176064929459244,0.4755184168194462,tvm
14,2,32,1,32,16,1,[14; 2; 32; 1; 32; 16; 1],0.1728720278479159,0.32349972421525885,tvm
4,4,64,1,2048,64,1,[4; 4; 64; 1; 2048; 64; 1],0.25043080979958177,0.22331139438509587,tvm
32,16,64,1,512,16,1,[32; 16; 64; 1; 512; 16; 1],0.2200139171909541,0.2541841627445587,tvm
14,2,4,1,4096,64,0,[14; 2; 4; 1; 4096; 64; 0],0.19287515385076404,0.28994949435842954,tvm
28,14,64,1,512,16,1,[28; 14; 64; 1; 512; 16; 1],0.18518634606152773,0.30198799491811723,tvm
4,1,1,1,16,16,1,[4; 1; 1; 1; 16; 16; 1],0.2545882419217378,0.2196647139364935,tvm
28,14,64,1,1024,128,1,[28; 14; 64; 1; 1024; 128; 1],0.1956313499249518,0.2858644759890833,tvm
16,1,1,1,1024,64,0,[16; 1; 1; 1; 1024; 64; 0],0.23834864189848304,0.2346313068448378,tvm
8,8,1,1,2048,64,0,[8; 8; 1; 1; 2048; 64; 0],0.2561129431705922,0.21835699766287617,tvm
16,8,64,1,4096,16,1,[16; 8; 64; 1; 4096; 16; 1],0.23431680700741708,0.23866855326158107,tvm
16,1,4,1,128,64,0,[16; 1; 4; 1; 128; 64; 0],0.23616512096486986,0.23680064653430416,tvm
8,1,1,1,32,16,1,[8; 1; 1; 1; 32; 16; 1],0.13848734111525118,0.40382068774641666,tvm
4,2,4,1,32,16,1,[4; 2; 4; 1; 32; 16; 1],0.16643490898422897,0.33601155956189804,tvm
8,8,8,1,64,16,1,[8; 8; 8; 1; 64; 16; 1],0.14970811386592686,0.37355392362645673,tvm
8,1,2,1,128,64,0,[8; 1; 2; 1; 128; 64; 0],0.24139702902175486,0.2316683579742542,tvm
14,14,16,1,1024,16,1,[14; 14; 16; 1; 1024; 16; 1],0.17116461601108313,0.3267267186210506,tvm
7,7,2,1,128,16,0,[7; 7; 2; 1; 128; 16; 0],0.1782889508176595,0.3136708869330228,tvm
4,4,16,1,256,128,0,[4; 4; 16; 1; 256; 128; 0],0.1985717781353742,0.281631427479124,tvm
4,4,64,1,2048,128,0,[4; 4; 64; 1; 2048; 128; 0],0.16139092692174017,0.3465129942555654,tvm
16,1,16,1,2048,128,1,[16; 1; 16; 1; 2048; 128; 1],0.20463043195195496,0.27329294474862714,tvm
14,1,32,1,128,16,1,[14; 1; 32; 1; 128; 16; 1],0.16435783705674112,0.3402579051586492,tvm
8,8,1,1,512,128,0,[8; 8; 1; 1; 512; 128; 0],0.18333942908793688,0.3050301487876344,tvm
7,7,4,1,2048,64,0,[7; 7; 4; 1; 2048; 64; 0],0.187634008936584,0.2980485981740889,tvm
4,1,16,1,1024,128,1,[4; 1; 16; 1; 1024; 128; 1],0.14084467105567455,0.3970619045375674,tvm
16,16,8,1,256,128,1,[16; 16; 8; 1; 256; 128; 1],0.19223086605779827,0.2909212993740484,tvm
16,1,32,1,4096,64,0,[16; 1; 32; 1; 4096; 64; 0],0.17221902986057103,0.32472632889994557,tvm
7,1,1,1,128,16,1,[7; 1; 1; 1; 128; 16; 1],0.1454699409659952,0.3844371762438953,tvm
8,4,16,1,4096,128,1,[8; 4; 16; 1; 4096; 128; 1],0.1625212209764868,0.344103083876193,tvm
7,7,32,1,128,128,0,[7; 7; 32; 1; 128; 128; 0],0.1497276360169053,0.37350521801479,tvm
16,2,32,1,128,64,0,[16; 2; 32; 1; 128; 64; 0],0.17661806498654187,0.316638353713108,tvm
8,1,32,1,64,64,0,[8; 1; 32; 1; 64; 64; 0],0.15184944798238575,0.3682861813223082,tvm
16,2,8,1,64,64,1,[16; 2; 8; 1; 64; 64; 1],0.1499780451413244,0.37288159930765913,tvm
8,8,1,1,512,128,1,[8; 8; 1; 1; 512; 128; 1],0.12857705703936517,0.43494581864796933,tvm
14,2,8,1,64,64,1,[14; 2; 8; 1; 64; 64; 1],0.14404051611199975,0.3882522420972803,tvm
7,7,64,1,2048,64,0,[7; 7; 64; 1; 2048; 64; 0],0.1561380021739751,0.3581706730884167,tvm
7,7,16,1,2048,64,0,[7; 7; 16; 1; 2048; 64; 0],0.15615269704721868,0.3581369671535201,tvm
16,16,16,1,1024,64,0,[16; 16; 16; 1; 1024; 64; 0],0.14251929009333253,0.3923963787408005,tvm
14,2,32,1,2048,64,0,[14; 2; 32; 1; 2048; 64; 0],0.17579318513162434,0.31812412575300036,tvm
16,8,8,1,1024,64,0,[16; 8; 8; 1; 1024; 64; 0],0.13792148884385824,0.4054774480911042,tvm
14,7,64,1,2048,128,0,[14; 7; 64; 1; 2048; 128; 0],0.1490240190178156,0.37526872313548126,tvm
14,14,8,1,1024,64,1,[14; 14; 8; 1; 1024; 64; 1],0.15175994508899748,0.36850338408159977,tvm
16,8,64,1,128,128,0,[16; 8; 64; 1; 128; 128; 0],0.1634727579075843,0.34210013979790294,tvm
8,2,8,1,2048,64,0,[8; 2; 8; 1; 2048; 64; 0],0.145407993812114,0.38460095533395827,tvm
16,4,32,1,512,128,1,[16; 4; 32; 1; 512; 128; 1],0.1453666719608009,0.3847102817928833,tvm
16,2,64,1,128,128,1,[16; 2; 64; 1; 128; 128; 1],0.15105874906294048,0.37021393120389134,tvm
4,1,32,1,512,128,1,[4; 1; 32; 1; 512; 128; 1],0.13216199702583253,0.42314776253269204,tvm
16,16,64,1,256,128,1,[16; 16; 64; 1; 256; 128; 1],0.1492160758934915,0.37478571258804044,tvm
16,4,16,1,2048,128,0,[16; 4; 16; 1; 2048; 128; 0],0.13226804602891207,0.4228084939056941,tvm
16,16,64,1,2048,128,1,[16; 16; 64; 1; 2048; 128; 1],0.14066720893606544,0.39756282758657235,tvm
7,1,4,1,1024,64,1,[7; 1; 4; 1; 1024; 64; 1],0.1612931981217116,0.3467229491669768,tvm
4,4,32,1,512,128,1,[4; 4; 32; 1; 512; 128; 1],0.1333913030102849,0.4192481224133586,tvm
8,2,2,1,256,16,1,[8; 2; 2; 1; 256; 16; 1],0.12944664293900132,0.43202397577576596,tvm
4,2,32,1,256,64,1,[4; 2; 32; 1; 256; 64; 1],0.14254352101124823,0.3923296754323918,tvm
7,7,16,1,128,128,1,[7; 7; 16; 1; 128; 128; 1],0.13963622995652258,0.4004981611917334,tvm
14,14,16,1,256,64,1,[14; 14; 16; 1; 256; 64; 1],0.13971876702271402,0.4002615720495285,tvm
16,2,64,1,4096,64,1,[16; 2; 64; 1; 4096; 64; 1],0.15055078198201954,0.3714630545061693,tvm
4,4,4,1,512,16,1,[4; 4; 4; 1; 512; 16; 1],0.12211224087513983,0.4579725417578395,tvm
8,8,2,1,512,16,1,[8; 8; 2; 1; 512; 16; 1],0.11410738294944167,0.49010021865203923,tvm
14,7,32,1,512,64,1,[14; 7; 32; 1; 512; 64; 1],0.12605886696837842,0.44363442793248137,tvm
14,7,32,1,1024,64,1,[14; 7; 32; 1; 1024; 64; 1],0.12470478098839521,0.44845155807248094,tvm
7,1,32,1,2048,64,1,[7; 1; 32; 1; 2048; 64; 1],0.12146084499545395,0.46042865365728736,tvm
8,8,8,1,512,64,1,[8; 8; 8; 1; 512; 64; 1],0.12073326390236616,0.4632033585918596,tvm
8,1,64,1,2048,64,1,[8; 1; 64; 1; 2048; 64; 1],0.10686449403874576,0.5233174389339924,tvm
8,2,64,1,64,64,1,[8; 2; 64; 1; 64; 64; 1],0.11256597307510674,0.4968113525391856,tvm
16,1,64,1,512,128,0,[16; 1; 64; 1; 512; 128; 0],0.2700794048141688,0.20706522724978793,tvm
16,4,2,1,128,128,1,[16; 4; 2; 1; 128; 128; 1],0.15005420381203294,0.3726923465828869,tvm
2,2,2,1,1024,16,1,[2; 2; 2; 1; 1024; 16; 1],0.21029252908192575,0.265934570179364,tvm
16,16,8,1,32,16,1,[16; 16; 8; 1; 32; 16; 1],0.18010846292600036,0.31050208538124263,tvm
7,7,32,1,64,16,1,[7; 7; 32; 1; 64; 16; 1],0.18797711818479002,0.29750457860704865,tvm
8,2,2,1,2048,64,0,[8; 2; 2; 1; 2048; 64; 0],0.1939274868927896,0.28837610505544403,tvm
16,1,64,1,128,128,0,[16; 1; 64; 1; 128; 128; 0],0.2916914748493582,0.19172330409112875,tvm
14,2,1,1,512,64,1,[14; 2; 1; 1; 512; 64; 1],0.18674296513199806,0.29947073665561524,tvm
2,2,4,1,512,16,1,[2; 2; 4; 1; 512; 16; 1],0.21494740503840148,0.2601755221159437,tvm
16,2,1,1,128,64,1,[16; 2; 1; 1; 128; 64; 1],0.23177095013670623,0.2412901759273432,tvm
16,16,4,1,1024,64,1,[16; 16; 4; 1; 1024; 64; 1],0.1898891469463706,0.29450895026205826,tvm
4,1,4,1,512,16,0,[4; 1; 4; 1; 512; 16; 0],0.17960667400620878,0.3113695726663259,tvm
14,1,32,1,4096,16,1,[14; 1; 32; 1; 4096; 16; 1],0.24066411308012903,0.232373878338535,tvm
8,8,2,1,128,64,0,[8; 8; 2; 1; 128; 64; 0],0.18399699684232473,0.30394003322378765,tvm
8,8,16,1,2048,16,1,[8; 8; 16; 1; 2048; 16; 1],0.19483428285457194,0.2870339475885572,tvm
4,2,4,1,2048,128,0,[4; 2; 4; 1; 2048; 128; 0],0.20186995691619813,0.2770300949563732,tvm
14,1,8,1,2048,16,1,[14; 1; 8; 1; 2048; 16; 1],0.17146152211353183,0.32616095228819725,tvm
16,4,4,1,2048,64,1,[16; 4; 4; 1; 2048; 64; 1],0.1921011188533157,0.291117790813263,tvm
8,8,1,1,256,128,0,[8; 8; 1; 1; 256; 128; 0],0.15590200386941433,0.358712857726807,tvm
14,2,16,1,2048,16,1,[14; 2; 16; 1; 2048; 16; 1],0.1723551549948752,0.32446986186746885,tvm
7,7,1,1,128,16,0,[7; 7; 1; 1; 128; 16; 0],0.1796586939599365,0.3112794159897671,tvm
4,2,32,1,512,128,0,[4; 2; 32; 1; 512; 128; 0],0.17869676603004336,0.3129550387270641,tvm
8,8,8,1,2048,16,1,[8; 8; 8; 1; 2048; 16; 1],0.15423420793376863,0.3625917627647706,tvm
16,2,16,1,1024,16,1,[16; 2; 16; 1; 1024; 16; 1],0.17112834309227765,0.32679597267635185,tvm
16,2,8,1,4096,128,1,[16; 2; 8; 1; 4096; 128; 1],0.18766810302622616,0.2979944510097067,tvm
8,2,32,1,256,16,1,[8; 2; 32; 1; 256; 16; 1],0.17407955811358988,0.3212557174395051,tvm
16,4,16,1,128,16,1,[16; 4; 16; 1; 128; 16; 1],0.1716146501712501,0.3258699258922713,tvm
16,4,32,1,128,16,1,[16; 4; 32; 1; 128; 16; 1],0.17332699103280902,0.3226505750783355,tvm
4,2,1,1,1024,64,0,[4; 2; 1; 1; 1024; 64; 0],0.16302202199585736,0.34304600475851327,tvm
16,4,32,1,256,16,1,[16; 4; 32; 1; 256; 16; 1],0.1671675369143486,0.334538956340471,tvm
16,2,32,1,512,16,1,[16; 2; 32; 1; 512; 16; 1],0.16376216406933963,0.34149556859577257,tvm
8,2,1,1,512,64,0,[8; 2; 1; 1; 512; 64; 0],0.17339283507317305,0.3225280520370578,tvm
8,1,8,1,2048,128,0,[8; 1; 8; 1; 2048; 128; 0],0.15367536596022546,0.3639103312616005,tvm
8,4,4,1,4096,64,1,[8; 4; 4; 1; 4096; 64; 1],0.15932470001280308,0.3510068013863473,tvm
14,14,16,1,128,64,0,[14; 14; 16; 1; 128; 64; 0],0.18704971997067332,0.2989796153776729,tvm
8,4,1,1,32,16,1,[8; 4; 1; 1; 32; 16; 1],0.13841978879645467,0.4040177623415483,tvm
8,4,2,1,32,16,1,[8; 4; 2; 1; 32; 16; 1],0.1397007128689438,0.4003132996593716,tvm
8,4,2,1,256,64,1,[8; 4; 2; 1; 256; 64; 1],0.18955708388239145,0.29502486632486274,tvm
16,4,32,1,64,64,0,[16; 4; 32; 1; 64; 64; 0],0.1607386169489473,0.34791921440443613,tvm
4,4,4,1,256,128,1,[4; 4; 4; 1; 256; 128; 1],0.14527159417048097,0.38496206813635314,tvm
16,2,8,1,128,64,1,[16; 2; 8; 1; 128; 64; 1],0.17209090711548924,0.3249680896609082,tvm
16,4,8,1,512,64,1,[16; 4; 8; 1; 512; 64; 1],0.15522899897769094,0.36026807942870637,tvm
8,4,16,1,2048,128,0,[8; 4; 16; 1; 2048; 128; 0],0.14360539615154266,0.3894286345223287,tvm
16,2,32,1,256,128,0,[16; 2; 32; 1; 256; 128; 0],0.15322243887931108,0.3649860538859005,tvm
8,8,4,1,128,64,1,[8; 8; 4; 1; 128; 64; 1],0.13602449488826096,0.41113222570150215,tvm
16,16,32,1,128,128,1,[16; 16; 32; 1; 128; 128; 1],0.15026116697117686,0.3721790164458173,tvm
8,2,4,1,128,16,1,[8; 2; 4; 1; 128; 16; 1],0.1425564680248499,0.3922940439544621,tvm
8,8,4,1,64,16,1,[8; 8; 4; 1; 64; 16; 1],0.1798653998412192,0.3109216857867146,tvm
4,4,1,1,128,16,1,[4; 4; 1; 1; 128; 16; 1],0.11399063002318144,0.4906021953028988,tvm
16,8,8,1,2048,64,0,[16; 8; 8; 1; 2048; 64; 0],0.13632244314067066,0.4102336493164629,tvm
7,7,8,1,128,128,1,[7; 7; 8; 1; 128; 128; 1],0.14068989898078144,0.3974987098467722,tvm
7,7,1,1,256,128,1,[7; 7; 1; 1; 256; 128; 1],0.16304072691127658,0.3430066486624907,tvm
8,4,1,1,1024,64,1,[8; 4; 1; 1; 1024; 64; 1],0.1240283390507102,0.4508973816900687,tvm
8,8,1,1,512,64,1,[8; 8; 1; 1; 512; 64; 1],0.12092052190564573,0.4624860400203273,tvm
4,4,1,1,1024,16,1,[4; 4; 1; 1; 1024; 16; 1],0.12823581811971962,0.43610322102926985,tvm
16,2,16,1,2048,64,1,[16; 2; 16; 1; 2048; 64; 1],0.1353242490440607,0.4132596613569592,tvm
7,7,2,1,128,16,1,[7; 7; 2; 1; 128; 16; 1],0.1362470779567957,0.41046057039892625,tvm
16,1,16,1,1024,64,1,[16; 1; 16; 1; 1024; 64; 1],0.13581688702106476,0.4117606768932916,tvm
16,2,16,1,1024,64,1,[16; 2; 16; 1; 1024; 64; 1],0.13491092389449477,0.41452576054603235,tvm
8,2,4,1,1024,16,1,[8; 2; 4; 1; 1024; 16; 1],0.1371218089479953,0.4078421497089718,tvm
8,8,4,1,512,16,1,[8; 8; 4; 1; 512; 16; 1],0.11478895787149668,0.4871901824907139,tvm
8,8,8,1,128,64,1,[8; 8; 8; 1; 128; 64; 1],0.12548451800830662,0.44566496505673603,tvm
16,4,64,1,1024,64,1,[16; 4; 64; 1; 1024; 64; 1],0.12285401695407927,0.4552073649674539,tvm
8,1,64,1,256,64,1,[8; 1; 64; 1; 256; 64; 1],0.11171164084225893,0.5006107950047947,tvm
32,16,16,1,4096,128,1,[32; 16; 16; 1; 4096; 128; 1],0.20166130689904094,0.27731672571838967,tvm
32,16,32,1,4096,128,1,[32; 16; 32; 1; 4096; 128; 1],0.20357105415314436,0.2747151532224334,tvm
4,1,1,1,2048,128,1,[4; 1; 1; 1; 2048; 128; 1],0.21190110896714032,0.26391581245573154,tvm
8,2,32,1,16,16,1,[8; 2; 32; 1; 16; 16; 1],0.19718072400428355,0.28361825739172375,tvm
4,4,16,1,1024,64,0,[4; 4; 16; 1; 1024; 64; 0],0.2582891520578414,0.21651723615868185,tvm
7,7,8,1,1024,16,0,[7; 7; 8; 1; 1024; 16; 0],0.1740054450929165,0.3213925478221137,tvm
4,1,1,1,128,16,0,[4; 1; 1; 1; 128; 16; 0],0.16263982886448503,0.3438521407934489,tvm
4,1,64,1,64,16,1,[4; 1; 64; 1; 64; 16; 1],0.24366235407069325,0.2295145409171751,tvm
14,1,64,1,16,16,1,[14; 1; 64; 1; 16; 16; 1],0.19038473791442811,0.2937423133070121,tvm
16,1,2,1,128,64,1,[16; 1; 2; 1; 128; 64; 1],0.2871418388094753,0.1947610754503809,tvm
4,2,1,1,32,16,0,[4; 2; 1; 1; 32; 16; 0],0.35770341800525784,0.1563419596189358,tvm
4,1,8,1,64,16,1,[4; 1; 8; 1; 64; 16; 1],0.18580545810982585,0.30098175749109457,tvm
8,8,8,1,2048,16,0,[8; 8; 8; 1; 2048; 16; 0],0.1670593291055411,0.33475564419394294,tvm
4,4,64,1,64,16,1,[4; 4; 64; 1; 64; 16; 1],0.24200831400230527,0.23108319052543222,tvm
4,2,2,1,256,128,0,[4; 2; 2; 1; 256; 128; 0],0.19578055408783257,0.28564661896014587,tvm
4,1,4,1,16,16,1,[4; 1; 4; 1; 16; 16; 1],0.24980513006448746,0.22387071602131023,tvm
14,14,1,1,1024,64,1,[14; 14; 1; 1; 1024; 64; 1],0.20788597222417593,0.26901311683035095,tvm
8,2,2,1,64,16,0,[8; 2; 2; 1; 64; 16; 0],0.18882374907843769,0.2961706544132984,tvm
7,1,8,1,256,16,1,[7; 1; 8; 1; 256; 16; 1],0.17546789511106908,0.3187138781025103,tvm
14,7,8,1,32,16,1,[14; 7; 8; 1; 32; 16; 1],0.16865257709287107,0.3315932332450391,tvm
8,8,4,1,4096,128,1,[8; 8; 4; 1; 4096; 128; 1],0.2055764279793948,0.27203533927994256,tvm
8,1,8,1,64,16,1,[8; 1; 8; 1; 64; 16; 1],0.22661907691508532,0.24677557641931533,tvm
8,2,2,1,512,128,0,[8; 2; 2; 1; 512; 128; 0],0.23117144498974085,0.24191592233986853,tvm
8,4,16,1,128,16,1,[8; 4; 16; 1; 128; 16; 1],0.1712226909585297,0.326615900148878,tvm
8,4,32,1,128,16,1,[8; 4; 32; 1; 128; 16; 1],0.17345468397252262,0.3224130479070395,tvm
8,4,2,1,1024,128,1,[8; 4; 2; 1; 1024; 128; 1],0.2812185531947762,0.19886331359723444,tvm
8,2,2,1,512,16,0,[8; 2; 2; 1; 512; 16; 0],0.1527652160730213,0.366078448817837,tvm
14,7,32,1,64,16,1,[14; 7; 32; 1; 64; 16; 1],0.18202513619326055,0.3072325861300683,tvm
16,8,8,1,512,16,1,[16; 8; 8; 1; 512; 16; 1],0.17296724603511393,0.3233216381440232,tvm
8,8,32,1,256,16,1,[8; 8; 32; 1; 256; 16; 1],0.17427183804102242,0.3209012652989245,tvm
14,1,8,1,512,16,1,[14; 1; 8; 1; 512; 16; 1],0.1690747099928558,0.3307653364343869,tvm
16,1,32,1,256,16,1,[16; 1; 32; 1; 256; 16; 1],0.16561171296052635,0.3376817516926648,tvm
14,2,16,1,2048,128,1,[14; 2; 16; 1; 2048; 128; 1],0.16304864711128175,0.34298998687897614,tvm
14,7,32,1,512,16,1,[14; 7; 32; 1; 512; 16; 1],0.1593709560111165,0.3509049247934015,tvm
8,1,16,1,256,128,0,[8; 1; 16; 1; 256; 128; 0],0.17394135892391205,0.3215109602414711,tvm
8,2,2,1,256,64,1,[8; 2; 2; 1; 256; 64; 1],0.1897835039999336,0.294672888605497,tvm
4,4,8,1,1024,64,1,[4; 4; 8; 1; 1024; 64; 1],0.14751828205771744,0.3790991364138358,tvm
16,8,16,1,64,64,0,[16; 8; 16; 1; 64; 64; 0],0.15959212509915233,0.35041862685009373,tvm
8,4,4,1,2048,64,1,[8; 4; 4; 1; 2048; 64; 1],0.14921513106673956,0.3747880857224871,tvm
7,1,2,1,256,64,1,[7; 1; 2; 1; 256; 64; 1],0.15249515790492296,0.36672674792861704,tvm
8,2,16,1,256,128,0,[8; 2; 16; 1; 256; 128; 0],0.1724335658363998,0.3243223154498384,tvm
16,4,16,1,256,64,0,[16; 4; 16; 1; 256; 64; 0],0.1803123119752854,0.31015105247498903,tvm
16,2,16,1,128,128,1,[16; 2; 16; 1; 128; 128; 1],0.14964852994307876,0.37370265751761783,tvm
7,7,32,1,2048,64,0,[7; 7; 32; 1; 2048; 64; 0],0.16942832409404218,0.3300749956205219,tvm
16,4,8,1,128,64,1,[16; 4; 8; 1; 128; 64; 1],0.17243009386584163,0.32432884585010296,tvm
14,14,8,1,4096,64,1,[14; 14; 8; 1; 4096; 64; 1],0.15680017694830894,0.3566581009138106,tvm
16,4,8,1,128,128,0,[16; 4; 8; 1; 128; 128; 0],0.15301432204432786,0.36548247632095693,tvm
8,4,64,1,512,128,0,[8; 4; 64; 1; 512; 128; 0],0.14075360191054642,0.39731880800375485,tvm
16,1,8,1,2048,64,1,[16; 1; 8; 1; 2048; 64; 1],0.15346169215627015,0.3644170251712449,tvm
14,14,8,1,2048,64,0,[14; 14; 8; 1; 2048; 64; 0],0.13891537091694772,0.402576424510778,tvm
4,1,2,1,128,64,1,[4; 1; 2; 1; 128; 64; 1],0.1478493670001626,0.37825020470511606,tvm
4,2,2,1,512,64,1,[4; 2; 2; 1; 512; 64; 1],0.12105767312459648,0.46196207055602734,tvm
14,2,8,1,2048,64,1,[14; 2; 8; 1; 2048; 64; 1],0.1513409719336778,0.36952355081901384,tvm
14,14,64,1,128,128,1,[14; 14; 64; 1; 128; 128; 1],0.15476612886413932,0.36134555890084963,tvm
8,8,16,1,512,128,1,[8; 8; 16; 1; 512; 128; 1],0.14628737210296094,0.38228900095335977,tvm
16,8,32,1,1024,128,1,[16; 8; 32; 1; 1024; 128; 1],0.14476662408560514,0.38630487991668333,tvm
8,8,32,1,128,128,1,[8; 8; 32; 1; 128; 128; 1],0.14259162987582386,0.3921973076683034,tvm
16,2,8,1,512,128,0,[16; 2; 8; 1; 512; 128; 0],0.14795562019571662,0.3779785672173632,tvm
8,8,64,1,512,128,1,[8; 8; 64; 1; 512; 128; 1],0.13117792806588113,0.42632212718931456,tvm
8,1,2,1,1024,16,1,[8; 1; 2; 1; 1024; 16; 1],0.1298704189248383,0.4306142522393728,tvm
8,1,4,1,64,64,1,[8; 1; 4; 1; 64; 64; 1],0.1352542599197477,0.4134735080914681,tvm
8,4,1,1,128,64,1,[8; 4; 1; 1; 128; 64; 1],0.14984724298119545,0.3732070889042071,tvm
4,1,64,1,128,128,1,[4; 1; 64; 1; 128; 128; 1],0.12823834805749357,0.4360946174093002,tvm
14,1,32,1,1024,64,1,[14; 1; 32; 1; 1024; 64; 1],0.12603604584001005,0.4437147560494181,tvm
7,7,4,1,128,128,0,[7; 7; 4; 1; 128; 128; 0],0.1518358059693128,0.3683192707827825,tvm
16,16,64,1,1024,16,1,[16; 16; 64; 1; 1024; 16; 1],0.16979729710146785,0.3293577358885408,tvm
8,4,64,1,256,16,1,[8; 4; 64; 1; 256; 16; 1],0.18607047200202942,0.30055307933396,tvm
16,2,8,1,4096,128,1,[16; 2; 8; 1; 4096; 128; 1],0.18757477309554815,0.2981427214887065,tvm
8,2,4,1,64,64,0,[8; 2; 4; 1; 64; 64; 0],0.17255132319405675,0.3241009822361046,tvm
4,4,4,1,2048,64,0,[4; 4; 4; 1; 2048; 64; 0],0.1989886041264981,0.28104148767123427,tvm
7,7,1,1,128,64,0,[7; 7; 1; 1; 128; 64; 0],0.18425113800913095,0.3035208028433556,tvm
8,8,8,1,64,16,1,[8; 8; 8; 1; 64; 16; 1],0.14991359692066908,0.37304190201591314,tvm
8,1,16,1,256,16,1,[8; 1; 16; 1; 256; 16; 1],0.17557792621664703,0.3185141466150374,tvm
7,7,2,1,2048,64,1,[7; 7; 2; 1; 2048; 64; 1],0.18246542988345027,0.3064912261410548,tvm
8,2,2,1,16,16,1,[8; 2; 2; 1; 16; 16; 1],0.19775885180570185,0.2827891283889469,tvm
8,8,16,1,128,16,1,[8; 8; 16; 1; 128; 16; 1],0.17109434702433646,0.3268609063125779,tvm
8,8,16,1,256,16,1,[8; 8; 16; 1; 256; 16; 1],0.1756957748439163,0.3183005020070338,tvm
8,2,4,1,512,64,0,[8; 2; 4; 1; 512; 64; 0],0.16588098811917007,0.3371335917842321,tvm
14,14,16,1,128,16,1,[14; 14; 16; 1; 128; 16; 1],0.1662933670450002,0.3362975585081507,tvm
4,4,16,1,4096,128,1,[4; 4; 16; 1; 4096; 128; 1],0.18530321400612593,0.3017975356406098,tvm
8,8,8,1,256,16,1,[8; 8; 8; 1; 256; 16; 1],0.1576798278838396,0.3546684067573422,tvm
8,1,64,1,2048,128,0,[8; 1; 64; 1; 2048; 128; 0],0.13987011299468577,0.3998284703999497,tvm
14,1,32,1,256,16,1,[14; 1; 32; 1; 256; 16; 1],0.1617745419498533,0.34569131001260145,tvm
14,2,16,1,256,64,0,[14; 2; 16; 1; 256; 64; 0],0.16915796301327646,0.33060254650231335,tvm
7,1,8,1,256,64,0,[7; 1; 8; 1; 256; 64; 0],0.18929010699503124,0.2954409727012374,tvm
4,4,8,1,1024,64,1,[4; 4; 8; 1; 1024; 64; 1],0.19468557997606695,0.28725318711436243,tvm
16,4,8,1,64,64,0,[16; 4; 8; 1; 64; 64; 0],0.16535794106312096,0.3381999858838701,tvm
7,1,32,1,2048,64,0,[7; 1; 32; 1; 2048; 64; 0],0.1683865098748356,0.3321171831098737,tvm
14,14,8,1,256,128,0,[14; 14; 8; 1; 256; 128; 0],0.18154909810982645,0.3080381776366776,tvm
14,7,32,1,128,64,0,[14; 7; 32; 1; 128; 64; 0],0.17847505398094654,0.3133438096021174,tvm
8,4,4,1,1024,64,0,[8; 4; 4; 1; 1024; 64; 0],0.1493559719529003,0.374434665062935,tvm
8,1,64,1,512,64,0,[8; 1; 64; 1; 512; 64; 0],0.14951025205664337,0.3740482847433498,tvm
8,4,2,1,2048,16,1,[8; 4; 2; 1; 2048; 16; 1],0.15776955499313772,0.35446669882390036,tvm
8,1,16,1,64,64,0,[8; 1; 16; 1; 64; 64; 0],0.1545556120108813,0.3618377398641213,tvm
4,2,4,1,256,128,1,[4; 2; 4; 1; 256; 128; 1],0.14768614992499352,0.3786682323409196,tvm
14,7,32,1,2048,64,0,[14; 7; 32; 1; 2048; 64; 0],0.178764017065987,0.31283730501922064,tvm
14,7,64,1,256,128,0,[14; 7; 64; 1; 256; 128; 0],0.14440889190882444,0.3872618409719683,tvm
14,14,8,1,64,64,1,[14; 14; 8; 1; 64; 64; 1],0.14384719100780785,0.3887740382104357,tvm
8,2,16,1,4096,64,0,[8; 2; 16; 1; 4096; 64; 0],0.14309103693813086,0.3908284860463591,tvm
8,4,8,1,512,128,0,[8; 4; 8; 1; 512; 128; 0],0.16911393287591636,0.3306886214654258,tvm
16,8,32,1,128,128,0,[16; 8; 32; 1; 128; 128; 0],0.1479255009908229,0.37805552767269507,tvm
16,16,8,1,1024,64,1,[16; 16; 8; 1; 1024; 64; 1],0.1534749169368297,0.3643856237195534,tvm
14,1,64,1,2048,128,1,[14; 1; 64; 1; 2048; 128; 1],0.20521244895644486,0.2725178400127318,tvm
16,8,32,1,512,128,0,[16; 8; 32; 1; 512; 128; 0],0.15478025889024138,0.36131257134665024,tvm
16,16,32,1,128,128,1,[16; 16; 32; 1; 128; 128; 1],0.14968632999807596,0.373608286969506,tvm
14,1,8,1,2048,64,1,[14; 1; 8; 1; 2048; 64; 1],0.15288711595349014,0.36578656732818493,tvm
8,4,8,1,1024,128,0,[8; 4; 8; 1; 1024; 128; 0],0.15467522200196981,0.36155793157756794,tvm
16,4,64,1,128,128,1,[16; 4; 64; 1; 128; 128; 1],0.1512137691024691,0.3698343984497651,tvm
14,7,32,1,1024,128,1,[14; 7; 32; 1; 1024; 128; 1],0.14697274984791875,0.3805062733819787,tvm
16,2,16,1,4096,64,1,[16; 2; 16; 1; 4096; 64; 1],0.14734939183108509,0.3795336556084482,tvm
16,4,16,1,1024,64,0,[16; 4; 16; 1; 1024; 64; 0],0.14151862589642406,0.39517097469744755,tvm
16,2,16,1,128,64,1,[16; 2; 16; 1; 128; 64; 1],0.15516417287290096,0.3604185959805437,tvm
7,7,16,1,256,128,1,[7; 7; 16; 1; 256; 128; 1],0.14686906011775136,0.38077491126106866,tvm
8,2,4,1,256,64,1,[8; 2; 4; 1; 256; 64; 1],0.1326405880972743,0.421620969384729,tvm
4,2,2,1,128,16,1,[4; 2; 2; 1; 128; 16; 1],0.12999229482375085,0.4302105244711433,tvm
16,8,16,1,2048,128,0,[16; 8; 16; 1; 2048; 128; 0],0.1330767679028213,0.42023904107869237,tvm
16,16,8,1,1024,128,0,[16; 16; 8; 1; 1024; 128; 0],0.1317767878063023,0.42438470586743754,tvm
16,8,8,1,2048,128,0,[16; 8; 8; 1; 2048; 128; 0],0.1295821499079466,0.4315721985864645,tvm
4,1,16,1,512,128,1,[4; 1; 16; 1; 512; 128; 1],0.14393931813538074,0.3885252067175593,tvm
4,1,16,1,512,64,1,[4; 1; 16; 1; 512; 64; 1],0.13685054006054997,0.4086505855847522,tvm
16,1,32,1,256,64,1,[16; 1; 32; 1; 256; 64; 1],0.13552087917923927,0.4126600540966713,tvm
8,8,1,1,64,16,1,[8; 8; 1; 1; 64; 16; 1],0.12551793293096125,0.44554632176816755,tvm
4,4,4,1,512,64,1,[4; 4; 4; 1; 512; 64; 1],0.1223927631508559,0.45692287594164227,tvm
8,2,64,1,4096,64,1,[8; 2; 64; 1; 4096; 64; 1],0.1604934490751475,0.34845069163631803,tvm
16,8,64,1,1024,64,1,[16; 8; 64; 1; 1024; 64; 1],0.1292395400814712,0.43271628247887156,tvm
8,1,16,1,128,64,1,[8; 1; 16; 1; 128; 64; 1],0.11719477409496903,0.47718896823859364,tvm
8,4,32,1,256,64,1,[8; 4; 32; 1; 256; 64; 1],0.11488984804600477,0.4867623578972786,tvm
8,4,64,1,256,64,1,[8; 4; 64; 1; 256; 64; 1],0.11156554915942252,0.5012663295675639,tvm
16,8,4,1,128,64,1,[16; 8; 4; 1; 128; 64; 1],0.20917092892341316,0.26736054393968695,tvm
16,4,8,1,64,16,1,[16; 4; 8; 1; 64; 16; 1],0.1906651840545237,0.2933102527902576,tvm
16,4,32,1,32,16,1,[16; 4; 32; 1; 32; 16; 1],0.18201984697952867,0.30724151383130754,tvm
4,1,1,1,512,64,0,[4; 1; 1; 1; 512; 64; 0],0.18680337397381663,0.2993738932208577,tvm
14,1,16,1,2048,16,1,[14; 1; 16; 1; 2048; 16; 1],0.17177791381254792,0.325560207899371,tvm
14,2,8,1,4096,128,1,[14; 2; 8; 1; 4096; 128; 1],0.19243202288635075,0.29061718779707346,tvm
8,4,64,1,256,16,1,[8; 4; 64; 1; 256; 16; 1],0.18681756081059575,0.29935115890969005,tvm
4,2,16,1,256,128,0,[4; 2; 16; 1; 256; 128; 0],0.20023292512632906,0.27929499255954165,tvm
4,4,4,1,512,16,0,[4; 4; 4; 1; 512; 16; 0],0.1768305329605937,0.31625790182850316,tvm
4,2,64,1,128,128,0,[4; 2; 64; 1; 128; 128; 0],0.16833140584640205,0.3322259031351675,tvm
4,4,64,1,1024,128,0,[4; 4; 64; 1; 1024; 128; 0],0.16421978594735265,0.3405439424410288,tvm
7,1,4,1,512,64,0,[7; 1; 4; 1; 512; 64; 0],0.19899754296056926,0.28102886347905565,tvm
8,4,4,1,128,128,0,[8; 4; 4; 1; 128; 128; 0],0.15088915289379656,0.370630043716234,tvm
16,4,16,1,128,16,1,[16; 4; 16; 1; 128; 16; 1],0.17196491383947432,0.32520618354472747,tvm
8,4,2,1,16,16,1,[8; 4; 2; 1; 16; 16; 1],0.19835076993331313,0.2819452294142109,tvm
16,1,64,1,512,16,1,[16; 1; 64; 1; 512; 16; 1],0.16563089890405536,0.3376426361468239,tvm
8,4,4,1,256,64,0,[8; 4; 4; 1; 256; 64; 0],0.18623492494225502,0.30028767885869656,tvm
7,7,1,1,512,16,0,[7; 7; 1; 1; 512; 16; 0],0.170363234821707,0.32826362678461957,tvm
14,7,8,1,512,128,1,[14; 7; 8; 1; 512; 128; 1],0.1897658829111606,0.2947002510430936,tvm
8,8,8,1,64,16,1,[8; 8; 8; 1; 64; 16; 1],0.14993059495463967,0.37299960925422004,tvm
14,1,64,1,1024,64,0,[14; 1; 64; 1; 1024; 64; 0],0.15294657391496003,0.3656443678459102,tvm
4,4,4,1,1024,128,1,[4; 4; 4; 1; 1024; 128; 1],0.17952962894923985,0.31150319677397253,tvm
14,1,16,1,256,128,1,[14; 1; 16; 1; 256; 128; 1],0.22131294012069702,0.2526921982186588,tvm
16,1,32,1,256,64,0,[16; 1; 32; 1; 256; 64; 0],0.174787841970101,0.31995390928220074,tvm
14,14,32,1,512,16,1,[14; 14; 32; 1; 512; 16; 1],0.15934031293727458,0.3509724080644189,tvm
14,14,8,1,4096,128,0,[14; 14; 8; 1; 4096; 128; 0],0.1917928890325129,0.291585645408642,tvm
16,8,32,1,4096,64,0,[16; 8; 32; 1; 4096; 64; 0],0.17079390003345907,0.32743589391879707,tvm
4,2,8,1,1024,128,1,[4; 2; 8; 1; 1024; 128; 1],0.15505132777616382,0.360680905706701,tvm
8,8,32,1,4096,64,0,[8; 8; 32; 1; 4096; 64; 0],0.16249716514721513,0.34415402436509374,tvm
16,8,64,1,128,64,0,[16; 8; 64; 1; 128; 64; 0],0.16357365413568914,0.3418891240697154,tvm
14,14,32,1,2048,128,0,[14; 14; 32; 1; 2048; 128; 0],0.15816898294724524,0.3535715555052024,tvm
14,7,8,1,512,64,0,[14; 7; 8; 1; 512; 64; 0],0.15166205703280866,0.3687412292003624,tvm
14,14,16,1,512,128,1,[14; 14; 16; 1; 512; 128; 1],0.16222247597761452,0.34473677581551915,tvm
7,1,4,1,256,16,1,[7; 1; 4; 1; 256; 16; 1],0.12054821802303195,0.4639143925184235,tvm
7,7,64,1,512,64,0,[7; 7; 64; 1; 512; 64; 0],0.152179823955521,0.36748664757082894,tvm
8,4,64,1,4096,64,0,[8; 4; 64; 1; 4096; 64; 0],0.14476951793767512,0.386297157923875,tvm
16,2,32,1,256,128,1,[16; 2; 32; 1; 256; 128; 1],0.1541056230198592,0.36289430740711226,tvm
8,8,64,1,2048,128,1,[8; 8; 64; 1; 2048; 128; 1],0.13692551106214523,0.4084268366027975,tvm
16,1,32,1,4096,64,1,[16; 1; 32; 1; 4096; 64; 1],0.16981426416896284,0.3293248279643321,tvm
8,1,1,1,256,64,1,[8; 1; 1; 1; 256; 64; 1],0.14116538292728364,0.396159824552317,tvm
8,2,16,1,128,128,1,[8; 2; 16; 1; 128; 128; 1],0.1411687780637294,0.3961502968318314,tvm
16,2,8,1,1024,64,0,[16; 2; 8; 1; 1024; 64; 0],0.13709818595089018,0.4079124238256941,tvm
14,7,64,1,4096,64,1,[14; 7; 64; 1; 4096; 64; 1],0.15169850806705654,0.3686526258294694,tvm
4,1,64,1,64,64,1,[4; 1; 64; 1; 64; 64; 1],0.12011731509119272,0.4655786161293728,tvm
8,8,4,1,128,16,1,[8; 8; 4; 1; 128; 16; 1],0.1348978269379586,0.41456600601174687,tvm
16,8,32,1,64,64,1,[16; 8; 32; 1; 64; 64; 1],0.1471938320901245,0.3799347604394993,tvm
16,1,32,1,128,64,1,[16; 1; 32; 1; 128; 64; 1],0.1466750509571284,0.3812785676118794,tvm
4,4,32,1,256,128,1,[4; 4; 32; 1; 256; 128; 1],0.14495495986193419,0.3858029651872522,tvm
4,2,16,1,512,64,1,[4; 2; 16; 1; 512; 64; 1],0.13732511596754193,0.4072383477655428,tvm
7,1,4,1,64,64,1,[7; 1; 4; 1; 64; 64; 1],0.1346346049103886,0.4153765175792346,tvm
16,8,32,1,256,64,1,[16; 8; 32; 1; 256; 64; 1],0.13897748407907784,0.4023965011592287,tvm
8,2,4,1,512,64,1,[8; 2; 4; 1; 512; 64; 1],0.12756155501119792,0.43840836942152417,tvm
14,2,16,1,512,64,1,[14; 2; 16; 1; 512; 64; 1],0.13417150592431426,0.41681020830816284,tvm
4,2,2,1,512,16,1,[4; 2; 2; 1; 512; 16; 1],0.11963425297290087,0.46745854087458594,tvm
8,8,1,1,64,16,1,[8; 8; 1; 1; 64; 16; 1],0.12372088595293462,0.4520178860876225,tvm
14,14,64,1,512,64,1,[14; 14; 64; 1; 512; 64; 1],0.12332570692524314,0.45346631069573395,tvm
16,8,32,1,1024,64,1,[16; 8; 32; 1; 1024; 64; 1],0.12851129216142,0.43516839954490893,tvm
14,1,64,1,512,64,1,[14; 1; 64; 1; 512; 64; 1],0.12272381596267223,0.4556903066829607,tvm
14,2,32,1,1024,64,1,[14; 2; 32; 1; 1024; 64; 1],0.12455868604592979,0.4489775471195312,tvm
7,1,16,1,1024,64,1,[7; 1; 16; 1; 1024; 64; 1],0.1168705029413104,0.47851298596205294,tvm
7,7,8,1,256,64,1,[7; 7; 8; 1; 256; 64; 1],0.11755318799987435,0.47573404247780254,tvm
8,1,32,1,2048,64,1,[8; 1; 32; 1; 2048; 64; 1],0.11437539011240005,0.48895180404084415,tvm
7,7,64,1,64,64,1,[7; 7; 64; 1; 64; 64; 1],0.11417819792404771,0.48979625138710353,tvm
8,2,64,1,128,64,1,[8; 2; 64; 1; 128; 64; 1],0.11224469589069486,0.49823337209441776,tvm
16,2,2,1,128,128,1,[16; 2; 2; 1; 128; 128; 1],0.14889438799582422,0.3755954410780193,tvm
16,1,32,1,4096,16,1,[16; 1; 32; 1; 4096; 16; 1],0.23023868794552982,0.24289598690974093,tvm
8,1,4,1,256,16,0,[8; 1; 4; 1; 256; 16; 0],0.2020565029233694,0.276774330567043,tvm
4,2,2,1,128,128,0,[4; 2; 2; 1; 128; 128; 0],0.19999965885654092,0.27962074362060524,tvm
8,1,32,1,32,16,1,[8; 1; 32; 1; 32; 16; 1],0.19611223391257226,0.28516351181979055,tvm
8,2,32,1,32,16,1,[8; 2; 32; 1; 32; 16; 1],0.19427464506588876,0.2878607927162422,tvm
7,7,32,1,256,16,1,[7; 7; 32; 1; 256; 16; 1],0.17941161594353616,0.31170809670948824,tvm
4,1,4,1,4096,64,1,[4; 1; 4; 1; 4096; 64; 1],0.19479081803001463,0.2870979951668779,tvm
8,1,4,1,512,128,0,[8; 1; 4; 1; 512; 128; 0],0.18722858605906367,0.29869398957962207,tvm
4,1,4,1,2048,128,1,[4; 1; 4; 1; 2048; 128; 1],0.18413426401093602,0.3037134540587835,tvm
8,4,1,1,256,16,0,[8; 4; 1; 1; 256; 16; 0],0.20244645001366735,0.2762412150450544,tvm
4,4,32,1,1024,64,1,[4; 4; 32; 1; 1024; 64; 1],0.23288818798027933,0.24013263110651586,tvm
7,1,4,1,512,16,0,[7; 1; 4; 1; 512; 16; 0],0.18226102809421718,0.3068349494024812,tvm
4,4,4,1,2048,64,0,[4; 4; 4; 1; 2048; 64; 0],0.1965731750242412,0.2844948367265108,tvm
16,4,16,1,32,16,1,[16; 4; 16; 1; 32; 16; 1],0.17896044114604592,0.3124939398629157,tvm
16,16,1,1,128,128,1,[16; 16; 1; 1; 128; 128; 1],0.1506511471234262,0.3712155824974609,tvm
8,4,4,1,4096,16,0,[8; 4; 4; 1; 4096; 16; 0],0.18420014902949333,0.3036048213206332,tvm
14,2,32,1,2048,16,1,[14; 2; 32; 1; 2048; 16; 1],0.1749907899647951,0.3195828383001426,tvm
8,8,2,1,4096,64,1,[8; 8; 2; 1; 4096; 64; 1],0.18711924296803772,0.29886853135081276,tvm
8,8,8,1,4096,16,1,[8; 8; 8; 1; 4096; 16; 1],0.1446224299725145,0.38669004070780516,tvm
8,8,2,1,256,16,0,[8; 8; 2; 1; 256; 16; 0],0.1790713060181588,0.3123004716772565,tvm
16,8,8,1,2048,16,1,[16; 8; 8; 1; 2048; 16; 1],0.17571802693419158,0.31826019395424654,tvm
7,1,4,1,1024,128,0,[7; 1; 4; 1; 1024; 128; 0],0.16899801697582006,0.33091544110446486,tvm
8,8,1,1,128,128,0,[8; 8; 1; 1; 128; 128; 0],0.1640923758968711,0.34080835887512856,tvm
14,7,8,1,2048,128,1,[14; 7; 8; 1; 2048; 128; 1],0.19550881604664028,0.2860436396893334,tvm
7,7,8,1,512,16,1,[7; 7; 8; 1; 512; 16; 1],0.14551799488253891,0.3843102248520867,tvm
16,2,8,1,256,16,1,[16; 2; 8; 1; 256; 16; 1],0.1819862008560449,0.30729831751128484,tvm
8,4,32,1,512,16,1,[8; 4; 32; 1; 512; 16; 1],0.17250742600299418,0.32418345475958044,tvm
16,1,16,1,1024,128,1,[16; 1; 16; 1; 1024; 128; 1],0.20226092520169914,0.27649459863572073,tvm
4,1,32,1,2048,128,1,[4; 1; 32; 1; 2048; 128; 1],0.13206437486223876,0.42346055392811105,tvm
16,1,32,1,256,16,1,[16; 1; 32; 1; 256; 16; 1],0.16791568603366613,0.33304841646611194,tvm
7,1,64,1,4096,128,0,[7; 1; 64; 1; 4096; 128; 0],0.1606097819749266,0.34819830178253935,tvm
14,1,32,1,128,128,1,[14; 1; 32; 1; 128; 128; 1],0.2244524850975722,0.24915764826137912,tvm
14,2,16,1,64,64,0,[14; 2; 16; 1; 64; 64; 0],0.1577186188660562,0.35458117586502125,tvm
7,1,8,1,128,128,0,[7; 1; 8; 1; 128; 128; 0],0.15192842110991478,0.3680947443854121,tvm
8,8,32,1,256,64,0,[8; 8; 32; 1; 256; 64; 0],0.16234358702786267,0.344479596374418,tvm
14,14,64,1,128,64,0,[14; 14; 64; 1; 128; 64; 0],0.15983593999408185,0.34988409575095564,tvm
14,14,8,1,4096,64,0,[14; 14; 8; 1; 4096; 64; 0],0.15570331900380552,0.3591705924519599,tvm
14,14,64,1,256,64,0,[14; 14; 64; 1; 256; 64; 0],0.15266025019809604,0.3663301564144221,tvm
8,4,4,1,1024,64,0,[8; 4; 4; 1; 1024; 64; 0],0.14871791400946677,0.3760411360380797,tvm
16,2,8,1,64,64,1,[16; 2; 8; 1; 64; 64; 1],0.14890847192145884,0.37555991685167683,tvm
7,7,8,1,128,128,0,[7; 7; 8; 1; 128; 128; 0],0.15218938188627362,0.3674635683527753,tvm
14,2,64,1,4096,128,1,[14; 2; 64; 1; 4096; 128; 1],0.1436253299470991,0.3893745856244968,tvm
8,1,64,1,64,64,0,[8; 1; 64; 1; 64; 64; 0],0.1519752349704504,0.36798135791141917,tvm
16,2,8,1,128,128,0,[16; 2; 8; 1; 128; 128; 0],0.14513677801005542,0.38531965570752014,tvm
16,1,16,1,4096,64,1,[16; 1; 16; 1; 4096; 64; 1],0.14550265297293663,0.3843507468123977,tvm
14,7,64,1,1024,64,0,[14; 7; 64; 1; 1024; 64; 0],0.15181593620218337,0.36836747664524205,tvm
14,7,32,1,2048,128,1,[14; 7; 32; 1; 2048; 128; 1],0.14714947412721813,0.3800492911376916,tvm
14,2,64,1,1024,128,1,[14; 2; 64; 1; 1024; 128; 1],0.14108910388313234,0.3963740061717072,tvm
14,7,64,1,2048,128,0,[14; 7; 64; 1; 2048; 128; 0],0.14516386785544455,0.3852477490405739,tvm
7,7,8,1,256,128,1,[7; 7; 8; 1; 256; 128; 1],0.14957018801942468,0.3738983956219302,tvm
7,1,1,1,128,16,1,[7; 1; 1; 1; 128; 16; 1],0.1452728130389005,0.3849588382263806,tvm
8,4,8,1,2048,64,0,[8; 4; 8; 1; 2048; 64; 0],0.14499106095172465,0.3857069047308611,tvm
4,4,4,1,128,128,1,[4; 4; 4; 1; 128; 128; 1],0.15111392200924456,0.37007876302695736,tvm
16,2,64,1,512,128,1,[16; 2; 64; 1; 512; 128; 1],0.14089572499506176,0.3969180281040707,tvm
16,8,16,1,1024,64,0,[16; 8; 16; 1; 1024; 64; 0],0.14032143610529602,0.3985424813595009,tvm
8,1,32,1,4096,64,1,[8; 1; 32; 1; 4096; 64; 1],0.1637168920133263,0.34159000116360144,tvm
8,4,1,1,128,128,1,[8; 4; 1; 1; 128; 128; 1],0.14606121298857033,0.3828809318303384,tvm
7,1,32,1,128,128,1,[7; 1; 32; 1; 128; 128; 1],0.14497850695624948,0.38574030390732106,tvm
4,1,8,1,256,64,1,[4; 1; 8; 1; 256; 64; 1],0.13658881396986544,0.40943362569698744,tvm
8,8,1,1,64,16,1,[8; 8; 1; 1; 64; 16; 1],0.12368729105219245,0.4521406593805584,tvm
7,7,1,1,128,16,1,[7; 7; 1; 1; 128; 16; 1],0.14450863492675126,0.386994544386086,tvm
7,7,4,1,1024,16,1,[7; 7; 4; 1; 1024; 16; 1],0.11640281113795936,0.4804355907440478,tvm
7,7,8,1,512,64,1,[7; 7; 8; 1; 512; 64; 1],0.11823256593197584,0.47300041991399217,tvm
4,4,16,1,4096,128,0,[4; 4; 16; 1; 4096; 128; 0],0.18858873890712857,0.2965397279679218,tvm
14,2,8,1,32,16,1,[14; 2; 8; 1; 32; 16; 1],0.16849886206910014,0.3318957329836405,tvm
4,2,4,1,512,64,0,[4; 2; 4; 1; 512; 64; 0],0.1817820470314473,0.3076434347978202,tvm
8,8,8,1,16,16,1,[8; 8; 8; 1; 16; 16; 1],0.19786938815377653,0.28263115308099757,tvm
4,4,32,1,512,128,0,[4; 4; 32; 1; 512; 128; 0],0.17587609705515206,0.3179741549290601,tvm
4,1,32,1,1024,128,0,[4; 1; 32; 1; 1024; 128; 0],0.18082817597314715,0.3092662580506149,tvm
4,1,8,1,128,128,0,[4; 1; 8; 1; 128; 128; 0],0.17834560596384108,0.313571242930828,tvm
8,2,8,1,2048,16,1,[8; 2; 8; 1; 2048; 16; 1],0.177256345981732,0.3154981731322435,tvm
16,8,8,1,512,128,1,[16; 8; 8; 1; 512; 128; 1],0.18618473294191062,0.3003686309273358,tvm
8,4,8,1,512,16,1,[8; 4; 8; 1; 512; 16; 1],0.17092996696010232,0.3271752421644525,tvm
8,8,2,1,64,16,1,[8; 8; 2; 1; 64; 16; 1],0.14334402000531554,0.3901387259214548,tvm
16,2,8,1,1024,64,0,[16; 2; 8; 1; 1024; 64; 0],0.13743799203075469,0.40690388812446515,tvm
8,8,2,1,512,16,0,[8; 8; 2; 1; 512; 16; 0],0.15072460798546672,0.3710346577164472,tvm
14,14,16,1,4096,64,0,[14; 14; 16; 1; 4096; 64; 0],0.14260459202341735,0.3921616586101936,tvm
8,2,8,1,256,64,1,[8; 2; 8; 1; 256; 64; 1],0.12040316499769688,0.46447328302709545,tvm
8,1,16,1,512,128,1,[8; 1; 16; 1; 512; 128; 1],0.14602167694829404,0.38298459860268497,tvm
7,7,1,1,128,64,1,[7; 7; 1; 1; 128; 64; 1],0.1488049749750644,0.3758211265631721,tvm
7,1,32,1,512,128,0,[7; 1; 32; 1; 512; 128; 0],0.16240179701708257,0.3443561238885235,tvm
14,14,8,1,4096,128,0,[14; 14; 8; 1; 4096; 128; 0],0.19223078712821007,0.29092141882576944,tvm
14,14,32,1,512,128,0,[14; 14; 32; 1; 512; 128; 0],0.16055278480052948,0.3483219142091698,tvm
8,8,8,1,4096,16,1,[8; 8; 8; 1; 4096; 16; 1],0.1911985338665545,0.29249206153623064,tvm
14,2,16,1,64,64,0,[14; 2; 16; 1; 64; 64; 0],0.15989131294190884,0.34976292522941177,tvm
14,7,16,1,1024,64,1,[14; 7; 16; 1; 1024; 64; 1],0.13269260013476014,0.42145570496423995,tvm
8,1,32,1,64,64,0,[8; 1; 32; 1; 64; 64; 0],0.15139417303726077,0.3693936973358244,tvm
4,1,1,1,512,64,1,[4; 1; 1; 1; 512; 64; 1],0.13113939599134028,0.4264473914232932,tvm
7,7,32,1,256,64,0,[7; 7; 32; 1; 256; 64; 0],0.166521631879732,0.33583656791043054,tvm
7,1,8,1,1024,64,0,[7; 1; 8; 1; 1024; 64; 0],0.15349913202226162,0.36432814046937284,tvm
7,7,16,1,256,128,0,[7; 7; 16; 1; 256; 128; 0],0.15051365504041314,0.3715546826520002,tvm
8,8,32,1,128,64,1,[8; 8; 32; 1; 128; 64; 1],0.11238998314365745,0.4975893026147261,tvm
16,1,64,1,2048,64,0,[16; 1; 64; 1; 2048; 64; 0],0.14968160912394524,0.373620070365658,tvm
14,1,8,1,2048,64,1,[14; 1; 8; 1; 2048; 64; 1],0.15098283090628684,0.37040008455030693,tvm
8,8,4,1,256,64,0,[8; 8; 4; 1; 256; 64; 0],0.1826654609758407,0.3061555974215062,tvm
14,2,16,1,512,64,0,[14; 2; 16; 1; 512; 64; 0],0.14865041500888765,0.37621188834211927,tvm
7,7,8,1,4096,64,0,[7; 7; 8; 1; 4096; 64; 0],0.15287514496594667,0.36581521048297655,tvm
8,4,64,1,4096,128,1,[8; 4; 64; 1; 4096; 128; 1],0.14339240221306682,0.390007088731492,tvm
8,4,4,1,2048,16,1,[8; 4; 4; 1; 2048; 16; 1],0.14068066305480897,0.3975248063164545,tvm
8,8,16,1,64,64,0,[8; 8; 16; 1; 64; 64; 0],0.1510029959026724,0.37035062118488477,tvm
8,4,32,1,256,128,1,[8; 4; 32; 1; 256; 128; 1],0.14724302501417696,0.37980782674051156,tvm
16,1,64,1,128,64,0,[16; 1; 64; 1; 128; 64; 0],0.155027249827981,0.36073692460768636,tvm
7,1,4,1,512,128,1,[7; 1; 4; 1; 512; 128; 1],0.1837701650802046,0.3043151934315663,tvm
14,7,16,1,256,128,1,[14; 7; 16; 1; 256; 128; 1],0.17109241499565542,0.32686459732743517,tvm
7,1,8,1,512,128,1,[7; 1; 8; 1; 512; 128; 1],0.15895006502978504,0.3518341016271616,tvm
16,1,32,1,256,64,0,[16; 1; 32; 1; 256; 64; 0],0.17676639603450894,0.31637265106890367,tvm
8,1,2,1,128,16,1,[8; 1; 2; 1; 128; 16; 1],0.13552163587883115,0.41265774996499155,tvm
7,1,64,1,2048,128,0,[7; 1; 64; 1; 2048; 128; 0],0.14462526491843164,0.3866824608056856,tvm
16,16,64,1,1024,64,0,[16; 16; 64; 1; 1024; 64; 0],0.15237613790668547,0.36701319577728764,tvm
8,4,32,1,4096,128,0,[8; 4; 32; 1; 4096; 128; 0],0.15942178294062614,0.3507930491165142,tvm
14,2,64,1,4096,64,1,[14; 2; 64; 1; 4096; 64; 1],0.15333379106596112,0.3647209981867332,tvm
8,8,32,1,256,64,1,[8; 8; 32; 1; 256; 64; 1],0.11464343313127756,0.48780860626613487,tvm
16,16,16,1,512,64,0,[16; 16; 16; 1; 512; 64; 0],0.15634162700735033,0.3577041790073228,tvm
8,8,8,1,512,16,1,[8; 8; 8; 1; 512; 16; 1],0.14989325194619596,0.37309253490215305,tvm
14,7,32,1,1024,64,0,[14; 7; 32; 1; 1024; 64; 0],0.17389587685465813,0.3215950506984968,tvm
4,1,64,1,4096,128,1,[4; 1; 64; 1; 4096; 128; 1],0.16345335403457284,0.34214075118644893,tvm
14,7,32,1,512,16,1,[14; 7; 32; 1; 512; 16; 1],0.15987557382322848,0.34979735800771883,tvm
14,1,8,1,4096,64,1,[14; 1; 8; 1; 4096; 64; 1],0.15728721884079278,0.35555370452535023,tvm
16,16,8,1,2048,64,1,[16; 16; 8; 1; 2048; 64; 1],0.15401967288926244,0.36309681928451953,tvm
7,7,4,1,4096,16,1,[7; 7; 4; 1; 4096; 16; 1],0.1431211440358311,0.3907462710005481,tvm
14,2,64,1,512,128,0,[14; 2; 64; 1; 512; 128; 0],0.1433571269735694,0.390103056010909,tvm
8,8,64,1,64,64,1,[8; 8; 64; 1; 64; 64; 1],0.11252376507036388,0.4969977079807332,tvm
8,8,8,1,128,16,1,[8; 8; 8; 1; 128; 16; 1],0.17850936600007117,0.3132835805002581,tvm
16,4,32,1,1024,128,1,[16; 4; 32; 1; 1024; 128; 1],0.1449373320210725,0.38584988804128467,tvm
4,1,64,1,512,128,0,[4; 1; 64; 1; 512; 128; 0],0.16230966011062264,0.34455160152031694,tvm
7,7,2,1,1024,16,1,[7; 7; 2; 1; 1024; 16; 1],0.11695196200162172,0.4781796934074339,tvm
8,1,64,1,512,128,0,[8; 1; 64; 1; 512; 128; 0],0.13855497702024877,0.4036235618238416,tvm
4,2,8,1,4096,128,0,[4; 2; 8; 1; 4096; 128; 0],0.1874537030234933,0.2983352818926413,tvm
7,7,4,1,64,16,0,[7; 7; 4; 1; 64; 16; 0],0.20427765394560993,0.2737649089519279,tvm
4,1,8,1,2048,128,0,[4; 1; 8; 1; 2048; 128; 0],0.18618307798169553,0.30037130086995056,tvm
4,4,2,1,512,64,0,[4; 4; 2; 1; 512; 64; 0],0.1695779520086944,0.32978375237404717,tvm
8,8,4,1,2048,128,0,[8; 8; 4; 1; 2048; 128; 0],0.17346538580022752,0.322393156855735,tvm
4,1,8,1,256,128,0,[4; 1; 8; 1; 256; 128; 0],0.16864422615617514,0.33160965310217116,tvm
16,2,32,1,2048,16,1,[16; 2; 32; 1; 2048; 16; 1],0.1743576938752085,0.3207432496403592,tvm
8,2,64,1,2048,16,1,[8; 2; 64; 1; 2048; 16; 1],0.22250202111899853,0.25134177681659814,tvm
7,7,1,1,16,16,1,[7; 7; 1; 1; 16; 16; 1],0.20876400801353157,0.2678816806856308,tvm
4,2,8,1,512,16,1,[4; 2; 8; 1; 512; 16; 1],0.12936891103163362,0.43228355937585844,tvm
8,1,64,1,512,16,1,[8; 1; 64; 1; 512; 16; 1],0.17699536914005876,0.3159633701437686,tvm
16,8,32,1,64,16,1,[16; 8; 32; 1; 64; 16; 1],0.1854393391404301,0.3015759956466572,tvm
7,7,4,1,256,64,0,[7; 7; 4; 1; 256; 64; 0],0.22010029898956418,0.2540844042014905,tvm
16,2,8,1,256,16,1,[16; 2; 8; 1; 256; 16; 1],0.1795329749584198,0.31149739119671727,tvm
8,2,32,1,512,16,1,[8; 2; 32; 1; 512; 16; 1],0.17255043098703027,0.324102658066017,tvm
8,8,32,1,256,16,1,[8; 8; 32; 1; 256; 16; 1],0.17405907181091607,0.32129352840675135,tvm
14,14,64,1,512,16,1,[14; 14; 64; 1; 512; 16; 1],0.15979642304591835,0.3499706205392549,tvm
8,2,4,1,1024,16,0,[8; 2; 4; 1; 1024; 16; 0],0.17171494709327817,0.32567958864381524,tvm
8,2,16,1,1024,16,1,[8; 2; 16; 1; 1024; 16; 1],0.197222308954224,0.28355845558178466,tvm
14,1,32,1,4096,128,1,[14; 1; 32; 1; 4096; 128; 1],0.15605717594735324,0.35835617935441577,tvm
4,4,8,1,2048,128,1,[4; 4; 8; 1; 2048; 128; 1],0.15693583292886615,0.3563498041819542,tvm
7,7,8,1,4096,128,0,[7; 7; 8; 1; 4096; 128; 0],0.17903866502456367,0.3123574079691707,tvm
14,14,8,1,512,16,1,[14; 14; 8; 1; 512; 16; 1],0.16537288017570972,0.33816943427431195,tvm
16,1,32,1,2048,128,1,[16; 1; 32; 1; 2048; 128; 1],0.20716279093176126,0.26995221044185747,tvm
7,1,8,1,4096,128,0,[7; 1; 8; 1; 4096; 128; 0],0.18087489902973175,0.3091863693266841,tvm
16,1,8,1,512,64,0,[16; 1; 8; 1; 512; 64; 0],0.15024420199915767,0.37222104140595635,tvm
4,4,16,1,2048,128,1,[4; 4; 16; 1; 2048; 128; 1],0.14308411604724824,0.3908473901803781,tvm
8,4,2,1,1024,64,0,[8; 4; 2; 1; 1024; 64; 0],0.16052968008443713,0.3483720474862829,tvm
14,14,32,1,2048,64,0,[14; 14; 32; 1; 2048; 64; 0],0.17599006392993033,0.31776824261851083,tvm
8,1,16,1,512,64,0,[8; 1; 16; 1; 512; 64; 0],0.15642160293646157,0.3575212904323048,tvm
4,4,8,1,1024,128,1,[4; 4; 8; 1; 1024; 128; 1],0.15545465191826224,0.35974512594668506,tvm
14,14,64,1,4096,128,0,[14; 14; 64; 1; 4096; 128; 0],0.1650767750106752,0.33877602303362686,tvm
16,8,32,1,4096,128,0,[16; 8; 32; 1; 4096; 128; 0],0.1485390719026327,0.3764938922601558,tvm
14,2,64,1,4096,128,0,[14; 2; 64; 1; 4096; 128; 0],0.16281814593821764,0.3434755568003708,tvm
7,7,8,1,512,64,0,[7; 7; 8; 1; 512; 64; 0],0.170093793887645,0.3287836202317518,tvm
4,2,1,1,1024,128,1,[4; 2; 1; 1; 1024; 128; 1],0.12035309406928718,0.46466651950915283,tvm
8,2,8,1,256,128,1,[8; 2; 8; 1; 256; 128; 1],0.16685338411480188,0.33516882878956367,tvm
4,4,2,1,256,64,1,[4; 4; 2; 1; 256; 64; 1],0.14770967094227672,0.3786079339056129,tvm
14,2,8,1,128,64,1,[14; 2; 8; 1; 128; 64; 1],0.16607545409351587,0.3367388253645413,tvm
4,2,4,1,64,16,1,[4; 2; 4; 1; 64; 16; 1],0.13341215206310153,0.419182604196972,tvm
16,2,16,1,128,128,0,[16; 2; 16; 1; 128; 128; 0],0.14498709607869387,0.3857174524205915,tvm
16,2,8,1,256,128,0,[16; 2; 8; 1; 256; 128; 0],0.17354077706113458,0.3222530997059701,tvm
4,4,2,1,128,128,1,[4; 4; 2; 1; 128; 128; 1],0.1655315300449729,0.3378453235956887,tvm
8,4,8,1,1024,128,0,[8; 4; 8; 1; 1024; 128; 0],0.15287584206089377,0.3658135424108249,tvm
4,1,2,1,64,16,1,[4; 1; 2; 1; 64; 16; 1],0.13406484201550484,0.41714182848077064,tvm
14,14,8,1,1024,64,0,[14; 14; 8; 1; 1024; 64; 0],0.13902538199909031,0.4022578649249765,tvm
4,2,2,1,128,128,1,[4; 2; 2; 1; 128; 128; 1],0.1656454880721867,0.3376128983903393,tvm
14,14,32,1,1024,128,1,[14; 14; 32; 1; 1024; 128; 1],0.14706870983354747,0.38025799911230773,tvm
14,7,16,1,2048,64,0,[14; 7; 16; 1; 2048; 64; 0],0.13237811997532845,0.42245692372543137,tvm
8,1,1,1,256,128,1,[8; 1; 1; 1; 256; 128; 1],0.1339884230401367,0.4173797412077989,tvm
8,4,1,1,256,128,1,[8; 4; 1; 1; 256; 128; 1],0.16126233781687915,0.34678930052990853,tvm
7,1,1,1,256,64,1,[7; 1; 1; 1; 256; 64; 1],0.1297146629076451,0.43113131607295946,tvm
16,8,32,1,1024,128,1,[16; 8; 32; 1; 1024; 128; 1],0.14551426703110337,0.384320070288226,tvm
16,2,64,1,512,128,1,[16; 2; 64; 1; 512; 128; 1],0.141048135003075,0.39648913707447553,tvm
16,4,64,1,1024,128,1,[16; 4; 64; 1; 1024; 128; 1],0.14085756102576852,0.397025569135778,tvm
8,1,1,1,128,64,1,[8; 1; 1; 1; 128; 64; 1],0.14985430287197232,0.37318950648425436,tvm
14,2,64,1,128,64,1,[14; 2; 64; 1; 128; 64; 1],0.13587131490930915,0.41159573211359074,tvm
8,4,2,1,256,16,1,[8; 4; 2; 1; 256; 16; 1],0.1211045109666884,0.46178340416003233,tvm
8,2,4,1,1024,16,1,[8; 2; 4; 1; 1024; 16; 1],0.13619964593090117,0.4106035147969882,tvm
8,8,8,1,1024,64,1,[8; 8; 8; 1; 1024; 64; 1],0.12749419594183564,0.43863999392448066,tvm
7,7,1,1,128,16,1,[7; 7; 1; 1; 128; 16; 1],0.145316548878327,0.3848429773828329,tvm
8,4,1,1,512,16,1,[8; 4; 1; 1; 512; 16; 1],0.14150418690405786,0.39521129767878,tvm
14,7,32,1,1024,64,1,[14; 7; 32; 1; 1024; 64; 1],0.12527422490529716,0.44641308597686336,tvm
8,8,64,1,512,64,1,[8; 8; 64; 1; 512; 64; 1],0.11119237309321761,0.5029486445662029,tvm
7,1,8,1,1024,16,0,[7; 1; 8; 1; 1024; 16; 0],0.23828160599805415,0.23469731580451922,tvm
16,8,1,1,64,64,1,[16; 8; 1; 1; 64; 64; 1],0.15129562211222947,0.3696343129601561,tvm
14,7,2,1,64,64,1,[14; 7; 2; 1; 64; 64; 1],0.16238271002657712,0.3443966006244154,tvm
7,7,1,1,64,16,0,[7; 7; 1; 1; 64; 16; 0],0.1681153131648898,0.3326529408923163,tvm
8,8,4,1,32,16,0,[8; 8; 4; 1; 32; 16; 0],0.24979385291226208,0.22388082285185845,tvm
8,1,4,1,2048,16,0,[8; 1; 4; 1; 2048; 16; 0],0.17976919002830982,0.31108808647647845,tvm
4,4,2,1,2048,128,1,[4; 4; 2; 1; 2048; 128; 1],0.22784551698714495,0.24544724018637845,tvm
16,8,64,1,2048,16,1,[16; 8; 64; 1; 2048; 16; 1],0.16924476390704513,0.3304329897263391,tvm
7,1,64,1,256,16,1,[7; 1; 64; 1; 256; 16; 1],0.18846423598006368,0.29673562754500094,tvm
8,2,16,1,64,16,1,[8; 2; 16; 1; 64; 16; 1],0.17994337598793209,0.3107869518747047,tvm
7,1,2,1,1024,16,0,[7; 1; 2; 1; 1024; 16; 0],0.16087380796670914,0.3476268389501051,tvm
8,4,2,1,256,128,1,[8; 4; 2; 1; 256; 128; 1],0.3124839721713215,0.17896614967078242,tvm
14,2,64,1,64,16,1,[14; 2; 64; 1; 64; 16; 1],0.18239257903769612,0.3066136441975262,tvm
14,14,4,1,128,64,1,[14; 14; 4; 1; 128; 64; 1],0.20283479313366115,0.27571232957297076,tvm
14,1,8,1,128,128,1,[14; 1; 8; 1; 128; 128; 1],0.2246903709601611,0.2488938582207824,tvm
14,2,64,1,1024,16,1,[14; 2; 64; 1; 1024; 16; 1],0.17278680205345154,0.32365928802845284,tvm
16,8,16,1,128,16,1,[16; 8; 16; 1; 128; 16; 1],0.17170887696556747,0.3256911018324795,tvm
8,8,32,1,128,16,1,[8; 8; 32; 1; 128; 16; 1],0.17341594700701535,0.32248506725319204,tvm
7,7,2,1,512,16,0,[7; 7; 2; 1; 512; 16; 0],0.15804380108602345,0.3538516091681052,tvm
8,8,1,1,512,16,0,[8; 8; 1; 1; 512; 16; 0],0.17022431315854192,0.32853152581821443,tvm
14,7,16,1,128,16,1,[14; 7; 16; 1; 128; 16; 1],0.1675992519594729,0.33367722516360815,tvm
14,7,8,1,128,16,1,[14; 7; 8; 1; 128; 16; 1],0.18177764397114515,0.3076508866085345,tvm
14,14,64,1,512,16,1,[14; 14; 64; 1; 512; 16; 1],0.16001511993817985,0.3494923064454097,tvm
8,1,4,1,2048,16,1,[8; 1; 4; 1; 2048; 16; 1],0.2195821488276124,0.25468396967568474,tvm
8,8,16,1,512,16,1,[8; 8; 16; 1; 512; 16; 1],0.17586960410699248,0.3179858942498741,tvm
14,7,16,1,512,16,1,[14; 7; 16; 1; 512; 16; 1],0.1629543248564005,0.34318851851655385,tvm
16,1,64,1,256,128,1,[16; 1; 64; 1; 256; 128; 1],0.22129305498674512,0.2527149048427346,tvm
8,1,16,1,2048,128,0,[8; 1; 16; 1; 2048; 128; 0],0.14581483602523804,0.3835278690273591,tvm
16,4,16,1,64,64,0,[16; 4; 16; 1; 64; 64; 0],0.16535510797984898,0.33820578037509746,tvm
16,2,8,1,64,64,0,[16; 2; 8; 1; 64; 64; 0],0.16976994695141912,0.3294107958302915,tvm
4,4,16,1,2048,128,1,[4; 4; 16; 1; 2048; 128; 1],0.1423488191794604,0.3928662960163329,tvm
8,8,32,1,4096,128,0,[8; 8; 32; 1; 4096; 128; 0],0.16206273203715682,0.3450765801017805,tvm
14,2,32,1,4096,128,0,[14; 2; 32; 1; 4096; 128; 0],0.16231312393210828,0.3445442486630042,tvm
7,7,32,1,128,64,0,[7; 7; 32; 1; 128; 64; 0],0.15844717505387962,0.352950775640629,tvm
7,1,16,1,128,128,0,[7; 1; 16; 1; 128; 128; 0],0.1528017648961395,0.3659908861088439,tvm
8,8,32,1,128,64,0,[8; 8; 32; 1; 128; 64; 0],0.1515796589665115,0.36894167538461503,tvm
16,16,32,1,4096,64,0,[16; 16; 32; 1; 4096; 64; 0],0.17523829801939428,0.3191314567957286,tvm
8,1,32,1,1024,64,0,[8; 1; 32; 1; 1024; 64; 0],0.16474314709194005,0.3394620918715555,tvm
14,7,32,1,2048,128,0,[14; 7; 32; 1; 2048; 128; 0],0.16521210898645222,0.3384985136768591,tvm
7,7,16,1,128,128,0,[7; 7; 16; 1; 128; 128; 0],0.15483738901093602,0.3611792583856052,tvm
8,2,2,1,32,16,1,[8; 2; 2; 1; 32; 16; 1],0.15045974892564118,0.3716878017719649,tvm
8,4,32,1,2048,128,0,[8; 4; 32; 1; 2048; 128; 0],0.15961344097740948,0.35037182953313073,tvm
8,4,32,1,1024,128,0,[8; 4; 32; 1; 1024; 128; 0],0.15987731306813657,0.34979355269436885,tvm
8,2,32,1,2048,128,0,[8; 2; 32; 1; 2048; 128; 0],0.1598500341642648,0.3498532460485105,tvm
8,1,64,1,4096,128,0,[8; 1; 64; 1; 4096; 128; 0],0.16180404904298484,0.34562826866264984,tvm
8,1,32,1,128,64,0,[8; 1; 32; 1; 128; 64; 0],0.14996054698713124,0.37292510901638964,tvm
7,1,64,1,256,128,0,[7; 1; 64; 1; 256; 128; 0],0.14607229619286954,0.38285188082134936,tvm
14,14,8,1,256,64,1,[14; 14; 8; 1; 256; 64; 1],0.1582538930233568,0.35338184903343556,tvm
8,8,8,1,1024,128,0,[8; 8; 8; 1; 1024; 128; 0],0.15567006589844823,0.3592473158572152,tvm
16,4,32,1,4096,128,1,[16; 4; 32; 1; 4096; 128; 1],0.15119848912581801,0.3698717735651234,tvm
8,2,32,1,4096,128,1,[8; 2; 32; 1; 4096; 128; 1],0.14655892993323505,0.3815806608223023,tvm
7,7,8,1,1024,64,0,[7; 7; 8; 1; 1024; 64; 0],0.1478100810199976,0.3783507386466234,tvm
4,4,2,1,64,64,1,[4; 4; 2; 1; 64; 64; 1],0.12072340701706707,0.4632411784520558,tvm
16,2,64,1,1024,64,0,[16; 2; 64; 1; 1024; 64; 0],0.1532910771202296,0.3648226262346037,tvm
16,2,32,1,256,128,1,[16; 2; 32; 1; 256; 128; 1],0.15423061698675156,0.3626002049783489,tvm
4,2,2,1,128,64,1,[4; 2; 2; 1; 128; 64; 1],0.14190746005624533,0.39408818473086416,tvm
14,7,32,1,4096,64,1,[14; 7; 32; 1; 4096; 64; 1],0.1728217659983784,0.3235938078185017,tvm
4,4,32,1,64,64,1,[4; 4; 32; 1; 64; 64; 1],0.12180204293690622,0.45913887800964176,tvm
7,7,64,1,128,128,1,[7; 7; 64; 1; 128; 128; 1],0.14693350601010025,0.3806079011650964,tvm
16,1,16,1,512,64,1,[16; 1; 16; 1; 512; 64; 1],0.1372930791694671,0.40733337522646523,tvm
8,8,8,1,128,64,1,[8; 8; 8; 1; 128; 64; 1],0.12522578821517527,0.44658575626003744,tvm
7,7,2,1,1024,16,1,[7; 7; 2; 1; 1024; 16; 1],0.11638851696625352,0.4804945950943626,tvm
7,1,32,1,128,64,1,[7; 1; 32; 1; 128; 64; 1],0.11696072109043598,0.4781438829373489,tvm
8,8,64,1,256,64,1,[8; 8; 64; 1; 256; 64; 1],0.11272870702669024,0.4960941610027733,tvm
14,14,64,1,2048,16,1,[14; 14; 64; 1; 2048; 16; 1],0.17187760095112026,0.3253713865207916,tvm
8,1,4,1,512,128,1,[8; 1; 4; 1; 512; 128; 1],0.19186635501682758,0.2914739967225027,tvm
4,4,4,1,2048,16,0,[4; 4; 4; 1; 2048; 16; 0],0.19797562900930643,0.2824794830211372,tvm
8,8,1,1,256,16,0,[8; 8; 1; 1; 256; 16; 0],0.19677286804653704,0.2842061199215088,tvm
8,2,1,1,128,64,0,[8; 2; 1; 1; 128; 64; 0],0.1514560729265213,0.3692427266384017,tvm
4,4,8,1,128,128,0,[4; 4; 8; 1; 128; 128; 0],0.17373583489097655,0.3218912976037847,tvm
16,16,64,1,1024,16,1,[16; 16; 64; 1; 1024; 16; 1],0.16884974110871553,0.33120603541420945,tvm
4,1,2,1,1024,128,0,[4; 1; 2; 1; 1024; 128; 0],0.16724579990841448,0.3343824081917628,tvm
4,4,32,1,512,128,0,[4; 4; 32; 1; 512; 128; 0],0.1753457779996097,0.318935841919489,tvm
16,1,8,1,1024,16,1,[16; 1; 8; 1; 1024; 16; 1],0.17380399419926107,0.3217650640940857,tvm
8,4,1,1,128,128,0,[8; 4; 1; 1; 128; 128; 0],0.16159826889634132,0.34606839364848846,tvm
8,8,32,1,64,16,1,[8; 8; 32; 1; 64; 16; 1],0.17937568621709943,0.31177053319059156,tvm
16,8,8,1,2048,16,1,[16; 8; 8; 1; 2048; 16; 1],0.1720368720125407,0.32507015896718194,tvm
7,7,1,1,512,128,0,[7; 7; 1; 1; 512; 128; 0],0.1670027410145849,0.334869074564766,tvm
4,2,1,1,1024,128,0,[4; 2; 1; 1; 1024; 128; 0],0.16453298390842974,0.3398956975365965,tvm
7,7,4,1,4096,64,1,[7; 7; 4; 1; 4096; 64; 1],0.17477703117765486,0.31997369995653746,tvm
7,1,4,1,32,16,1,[7; 1; 4; 1; 32; 16; 1],0.20535612106323242,0.2723271799437302,tvm
16,2,8,1,128,128,1,[16; 2; 8; 1; 128; 128; 1],0.1487540570087731,0.37594976875175307,tvm
14,1,16,1,256,16,1,[14; 1; 16; 1; 256; 16; 1],0.16258713300339878,0.3439635861723712,tvm
8,1,2,1,128,128,1,[8; 1; 2; 1; 128; 128; 1],0.16643693600781262,0.33600746730105774,tvm
14,2,16,1,4096,128,1,[14; 2; 16; 1; 4096; 128; 1],0.16714592301286757,0.3345822160976554,tvm
4,1,2,1,512,128,1,[4; 1; 2; 1; 512; 128; 1],0.17203454207628965,0.32507456152923936,tvm
14,2,32,1,64,64,0,[14; 2; 32; 1; 64; 64; 0],0.1570776749867946,0.3560280182275096,tvm
16,4,32,1,4096,64,0,[16; 4; 32; 1; 4096; 64; 0],0.17002433794550598,0.3289179302745316,tvm
16,4,8,1,256,64,1,[16; 4; 8; 1; 256; 64; 1],0.16415858385153115,0.34067090505551845,tvm
8,1,8,1,64,64,0,[8; 1; 8; 1; 64; 64; 0],0.15537930210120976,0.35991958116085476,tvm
8,8,64,1,4096,64,0,[8; 8; 64; 1; 4096; 64; 0],0.14973303419537842,0.3734917523968766,tvm
16,8,8,1,4096,64,1,[16; 8; 8; 1; 4096; 64; 1],0.15952368406578898,0.35056896824342243,tvm
7,1,32,1,128,128,0,[7; 1; 32; 1; 128; 128; 0],0.15144342393614352,0.3692735668530173,tvm
16,8,32,1,256,128,0,[16; 8; 32; 1; 256; 128; 0],0.15308586205355823,0.36531167923114866,tvm
7,7,64,1,128,128,0,[7; 7; 64; 1; 128; 128; 0],0.1685862340964377,0.3317237236662079,tvm
16,2,32,1,4096,128,1,[16; 2; 32; 1; 4096; 128; 1],0.14983301190659404,0.373242535951933,tvm
14,7,16,1,4096,64,0,[14; 7; 16; 1; 4096; 64; 0],0.14293550211004913,0.3912537648643526,tvm
16,8,64,1,256,128,0,[16; 8; 64; 1; 256; 128; 0],0.14202481601387262,0.3937625472992749,tvm
7,1,2,1,1024,64,1,[7; 1; 2; 1; 1024; 64; 1],0.14493441698141396,0.3858576485701454,tvm
8,1,64,1,128,64,0,[8; 1; 64; 1; 128; 64; 0],0.1535088769160211,0.3643050125624153,tvm
14,7,64,1,1024,64,0,[14; 7; 64; 1; 1024; 64; 0],0.15495172212831676,0.36091275763313024,tvm
14,14,64,1,128,128,1,[14; 14; 64; 1; 128; 128; 1],0.15606680396012962,0.35833407178390253,tvm
16,4,8,1,512,64,0,[16; 4; 8; 1; 512; 64; 0],0.15070675895549357,0.37107860139072274,tvm
16,8,16,1,4096,64,1,[16; 8; 16; 1; 4096; 64; 1],0.14714852184988558,0.3800517506413322,tvm
14,7,64,1,1024,128,0,[14; 7; 64; 1; 1024; 128; 0],0.14919834793545306,0.3748302451547753,tvm
8,2,16,1,2048,64,0,[8; 2; 16; 1; 2048; 64; 0],0.14500719914212823,0.38566397850716083,tvm
16,16,32,1,512,128,1,[16; 16; 32; 1; 512; 128; 1],0.1450558421202004,0.3855346500762921,tvm
16,8,16,1,64,64,1,[16; 8; 16; 1; 64; 64; 1],0.14800043310970068,0.37786411943728154,tvm
8,1,32,1,128,128,1,[8; 1; 32; 1; 128; 128; 1],0.14458428602665663,0.3867920565241977,tvm
16,16,64,1,512,128,1,[16; 16; 64; 1; 512; 128; 1],0.1422676988877356,0.393090306306728,tvm
8,2,32,1,4096,64,1,[8; 2; 32; 1; 4096; 64; 1],0.1646211559418589,0.33971364745540156,tvm
14,7,64,1,1024,128,1,[14; 7; 64; 1; 1024; 128; 1],0.14205237198621035,0.3936861634296549,tvm
16,8,64,1,512,128,1,[16; 8; 64; 1; 512; 128; 1],0.14081862615421414,0.3971353425369272,tvm
7,7,16,1,256,128,1,[7; 7; 16; 1; 256; 128; 1],0.14416926982812583,0.3879055044116147,tvm
14,7,16,1,64,64,1,[14; 7; 16; 1; 64; 64; 1],0.1419802240561694,0.3938862169368671,tvm
7,1,1,1,512,16,1,[7; 1; 1; 1; 512; 16; 1],0.18254808010533452,0.30635245958798274,tvm
4,1,16,1,512,128,1,[4; 1; 16; 1; 512; 128; 1],0.14303934597410262,0.39096972201941155,tvm
16,2,32,1,128,64,1,[16; 2; 32; 1; 128; 64; 1],0.14909437508322299,0.37509163777719373,tvm
16,4,32,1,64,64,1,[16; 4; 32; 1; 64; 64; 1],0.14565880200825632,0.3839387154245812,tvm
16,4,16,1,1024,128,0,[16; 4; 16; 1; 1024; 128; 0],0.13573161605745554,0.41201935818446705,tvm
4,1,1,1,128,64,1,[4; 1; 1; 1; 128; 64; 1],0.11536257993429899,0.48476770686979315,tvm
14,7,32,1,64,64,1,[14; 7; 32; 1; 64; 64; 1],0.13924193801358342,0.4016322534082928,tvm
4,1,64,1,256,64,1,[4; 1; 64; 1; 256; 64; 1],0.13243963615968823,0.4222606989489405,tvm
8,4,4,1,512,64,1,[8; 4; 4; 1; 512; 64; 1],0.13213553605601192,0.4232325005260301,tvm
8,2,2,1,512,16,1,[8; 2; 2; 1; 512; 16; 1],0.1283831677865237,0.4356026907384322,tvm
8,1,16,1,2048,64,1,[8; 1; 16; 1; 2048; 64; 1],0.11962986108846962,0.4674757023413739,tvm
8,8,4,1,512,16,1,[8; 8; 4; 1; 512; 16; 1],0.14092273311689496,0.39684195797525806,tvm
7,1,32,1,64,64,1,[7; 1; 32; 1; 64; 64; 1],0.1141435680910945,0.48994484988152864,tvm
56,8,64,1,1024,16,1,[56; 8; 64; 1; 1024; 16; 1],0.319856378948316,0.17484113812959107,tvm
28,14,4,1,256,128,1,[28; 14; 4; 1; 256; 128; 1],0.21497285598888993,0.26014471955577295,tvm
14,14,2,1,256,64,1,[14; 14; 2; 1; 256; 64; 1],0.3133113319054246,0.17849355461619382,tvm
28,14,16,1,256,128,1,[28; 14; 16; 1; 256; 128; 1],0.2132800160907209,0.26220953260593083,tvm
14,7,2,1,64,64,0,[14; 7; 2; 1; 64; 64; 0],0.1834604039322585,0.3048290101551445,tvm
4,1,32,1,2048,64,1,[4; 1; 32; 1; 2048; 64; 1],0.23273105802945793,0.24029475827955352,tvm
14,14,2,1,2048,16,0,[14; 14; 2; 1; 2048; 16; 0],0.19229046697728336,0.2908311275771151,tvm
28,4,64,1,1024,16,1,[28; 4; 64; 1; 1024; 16; 1],0.1893444408196956,0.2953561936713387,tvm
32,16,8,1,512,16,1,[32; 16; 8; 1; 512; 16; 1],0.24107022397220135,0.23198241745435194,tvm
28,14,32,1,2048,64,1,[28; 14; 32; 1; 2048; 64; 1],0.15903868502937257,0.3516380516036386,tvm
16,1,8,1,16,16,1,[16; 1; 8; 1; 16; 16; 1],0.20170994591899216,0.27724985537298563,tvm
16,8,4,1,1024,64,0,[16; 8; 4; 1; 1024; 64; 0],0.15966927912086248,0.35024930056207826,tvm
16,2,32,1,16,16,1,[16; 2; 32; 1; 16; 16; 1],0.2015825230628252,0.2774251085045902,tvm
14,2,32,1,16,16,1,[14; 2; 32; 1; 16; 16; 1],0.18738666479475796,0.2984420123736456,tvm
2,2,2,1,512,16,1,[2; 2; 2; 1; 512; 16; 1],0.21303481189534068,0.2625113371649681,tvm
8,4,4,1,256,16,0,[8; 4; 4; 1; 256; 16; 0],0.17723454302176833,0.315536984945788,tvm
8,1,8,1,4096,16,1,[8; 1; 8; 1; 4096; 16; 1],0.17373734107241035,0.3218885070309973,tvm
7,1,2,1,256,16,0,[7; 1; 2; 1; 256; 16; 0],0.1933428889606148,0.28924804855235936,tvm
8,8,64,1,2048,16,1,[8; 8; 64; 1; 2048; 16; 1],0.22467607399448752,0.24890969625321763,tvm
4,1,1,1,1024,16,0,[4; 1; 1; 1; 1024; 16; 0],0.2012508779298514,0.2778822825946945,tvm
8,8,1,1,2048,16,0,[8; 8; 1; 1; 2048; 16; 0],0.26835006987676024,0.2083996227726583,tvm
16,4,2,1,128,64,1,[16; 4; 2; 1; 128; 64; 1],0.283781980862841,0.19706696374201024,tvm
14,7,2,1,128,64,1,[14; 7; 2; 1; 128; 64; 1],0.3471357880625874,0.16110137662686172,tvm
8,1,1,1,128,128,0,[8; 1; 1; 1; 128; 128; 0],0.14596590888686478,0.38313092255451875,tvm
8,4,8,1,4096,16,1,[8; 4; 8; 1; 4096; 16; 1],0.16891649411991239,0.3310751482542215,tvm
8,1,8,1,2048,16,1,[8; 1; 8; 1; 2048; 16; 1],0.17760103312321007,0.31488585595409363,tvm
14,14,2,1,64,64,1,[14; 14; 2; 1; 64; 64; 1],0.16294356202706695,0.34321118697554714,tvm
16,2,8,1,128,16,1,[16; 2; 8; 1; 128; 16; 1],0.18489540787413716,0.3024631816242954,tvm
4,2,8,1,1024,16,1,[4; 2; 8; 1; 1024; 16; 1],0.15646505798213184,0.357421996032621,tvm
8,8,16,1,64,16,1,[8; 8; 16; 1; 64; 16; 1],0.1797467819415033,0.3111268681935749,tvm
8,2,1,1,128,64,0,[8; 2; 1; 1; 128; 64; 0],0.1576227790210396,0.35479677290722395,tvm
4,4,1,1,2048,16,1,[4; 4; 1; 1; 2048; 16; 1],0.19459153898060322,0.2873920090580496,tvm
16,16,8,1,256,16,1,[16; 16; 8; 1; 256; 16; 1],0.17838799394667149,0.31349673313805887,tvm
8,4,8,1,2048,16,1,[8; 4; 8; 1; 2048; 16; 1],0.18004595790989697,0.3106098797359296,tvm
14,7,8,1,1024,16,1,[14; 7; 8; 1; 1024; 16; 1],0.17645165091380477,0.31693697986794006,tvm
8,2,8,1,256,16,1,[8; 2; 8; 1; 256; 16; 1],0.17853494710288942,0.3132386921486267,tvm
8,4,8,1,4096,128,0,[8; 4; 8; 1; 4096; 128; 0],0.17744579189457,0.31516133877415814,tvm
8,4,4,1,32,16,1,[8; 4; 4; 1; 32; 16; 1],0.21376187982968986,0.2616184577806371,tvm
8,8,4,1,1024,64,0,[8; 8; 4; 1; 1024; 64; 0],0.14958265493623912,0.37386723318403087,tvm
14,2,16,1,1024,128,1,[14; 2; 16; 1; 1024; 128; 1],0.1603831669781357,0.3486902920488981,tvm
16,4,8,1,4096,128,0,[16; 4; 8; 1; 4096; 128; 0],0.18676694203168154,0.29943229098780694,tvm
7,1,16,1,2048,64,0,[7; 1; 16; 1; 2048; 64; 0],0.15482113510370255,0.36121717681422627,tvm
14,7,32,1,1024,128,0,[14; 7; 32; 1; 1024; 128; 0],0.15791560290381312,0.35413887104871355,tvm
8,2,16,1,512,128,0,[8; 2; 16; 1; 512; 128; 0],0.15420087100937963,0.36267015203780284,tvm
14,1,8,1,512,64,1,[14; 1; 8; 1; 512; 64; 1],0.1529582010116428,0.36561657343940995,tvm
16,2,32,1,256,128,0,[16; 2; 32; 1; 256; 128; 0],0.15158311882987618,0.36893325434277197,tvm
14,7,64,1,128,128,1,[14; 7; 64; 1; 128; 128; 1],0.15546624409034848,0.3597183019410524,tvm
8,2,4,1,64,16,1,[8; 2; 4; 1; 64; 16; 1],0.17993292212486267,0.3108050081825792,tvm
8,1,4,1,128,16,1,[8; 1; 4; 1; 128; 16; 1],0.14338773908093572,0.39001977220497774,tvm
8,8,2,1,32,16,1,[8; 8; 2; 1; 32; 16; 1],0.16071038600057364,0.3479803311102353,tvm
16,4,64,1,256,128,1,[16; 4; 64; 1; 256; 128; 1],0.1483641299419105,0.376937830965136,tvm
8,4,8,1,1024,64,0,[8; 4; 8; 1; 1024; 64; 0],0.14793017506599426,0.3780435824427614,tvm
16,4,16,1,128,64,1,[16; 4; 16; 1; 128; 64; 1],0.15536176203750074,0.3599602154346998,tvm
7,7,64,1,2048,128,1,[7; 7; 64; 1; 2048; 128; 1],0.1440439340658486,0.3882430294341175,tvm
4,1,2,1,1024,16,1,[4; 1; 2; 1; 1024; 16; 1],0.13803226803429425,0.4051520280709939,tvm
16,8,64,1,512,128,1,[16; 8; 64; 1; 512; 128; 1],0.14103945391252637,0.3965135412961668,tvm
16,4,16,1,1024,64,0,[16; 4; 16; 1; 1024; 64; 0],0.14089287188835442,0.39692606576753137,tvm
8,4,1,1,512,128,1,[8; 4; 1; 1; 512; 128; 1],0.13441246980801225,0.4160629844330093,tvm
4,2,1,1,256,16,1,[4; 2; 1; 1; 256; 16; 1],0.15757053694687784,0.3549144047924845,tvm
16,8,8,1,1024,128,0,[16; 8; 8; 1; 1024; 128; 0],0.1308380109257996,0.42742971203566205,tvm
8,4,8,1,2048,64,1,[8; 4; 8; 1; 2048; 64; 1],0.12727818894200027,0.4393844208359809,tvm
4,4,32,1,128,64,1,[4; 4; 32; 1; 128; 64; 1],0.12811154685914516,0.4365262515705955,tvm
8,2,4,1,64,64,1,[8; 2; 4; 1; 64; 64; 1],0.13260747585445642,0.4217262486370895,tvm
8,2,64,1,2048,64,1,[8; 2; 64; 1; 2048; 64; 1],0.10663936007767916,0.5244222517145326,tvm
4,2,2,1,256,16,0,[4; 2; 2; 1; 256; 16; 0],0.191073773894459,0.2926830417042131,tvm
8,1,2,1,64,64,0,[8; 1; 2; 1; 64; 64; 0],0.1823610020801425,0.3066667362836507,tvm
4,4,4,1,4096,16,0,[4; 4; 4; 1; 4096; 16; 0],0.1976297611836344,0.2829738446193314,tvm
8,4,4,1,256,128,1,[8; 4; 4; 1; 256; 128; 1],0.202683016192168,0.27591879371042405,tvm
8,4,64,1,512,16,1,[8; 4; 64; 1; 512; 16; 1],0.17795642791315913,0.3142570009363398,tvm
16,8,32,1,32,16,1,[16; 8; 32; 1; 32; 16; 1],0.18140099802985787,0.3082896673155484,tvm
8,1,4,1,64,64,0,[8; 1; 4; 1; 64; 64; 0],0.16020185803063214,0.3490849233636236,tvm
16,16,8,1,256,16,1,[16; 16; 8; 1; 256; 16; 1],0.17763647204264998,0.3148230354400764,tvm
8,8,4,1,64,64,0,[8; 8; 4; 1; 64; 64; 0],0.15696791582740843,0.3562769693318967,tvm
14,14,8,1,256,128,1,[14; 14; 8; 1; 256; 128; 1],0.19856923096813262,0.2816350401352378,tvm
14,7,64,1,128,16,1,[14; 7; 64; 1; 128; 16; 1],0.17740080086514354,0.3152412675737899,tvm
16,2,16,1,128,16,1,[16; 2; 16; 1; 128; 16; 1],0.1722823060117662,0.32460706283739865,tvm
8,4,8,1,4096,128,1,[8; 4; 8; 1; 4096; 128; 1],0.17585387593135238,0.3180143345556072,tvm
8,8,4,1,512,64,0,[8; 8; 4; 1; 512; 64; 0],0.16212062002159655,0.34495336451269143,tvm
4,4,4,1,1024,128,1,[4; 4; 4; 1; 1024; 128; 1],0.17486886214464903,0.31980566835892005,tvm
8,4,8,1,4096,128,0,[8; 4; 8; 1; 4096; 128; 0],0.17669583391398191,0.3164989920507009,tvm
4,4,2,1,512,128,1,[4; 4; 2; 1; 512; 128; 1],0.1889954931102693,0.2959015181420463,tvm
8,2,8,1,4096,128,0,[8; 2; 8; 1; 4096; 128; 0],0.1768591171130538,0.3162067879010442,tvm
4,4,2,1,256,128,1,[4; 4; 2; 1; 256; 128; 1],0.16321353102102876,0.3426434866244513,tvm
14,14,8,1,256,16,1,[14; 14; 8; 1; 256; 16; 1],0.17218481400050223,0.3247908571842475,tvm
14,14,64,1,512,16,1,[14; 14; 64; 1; 512; 16; 1],0.15926015004515648,0.3511490684736683,tvm
16,16,8,1,64,64,0,[16; 16; 8; 1; 64; 64; 0],0.16351251816377044,0.3420169535724541,tvm
14,7,16,1,1024,128,1,[14; 7; 16; 1; 1024; 128; 1],0.16105506103485823,0.34723561603090086,tvm
14,14,16,1,2048,128,1,[14; 14; 16; 1; 2048; 128; 1],0.16200403589755297,0.34520160577171183,tvm
14,14,32,1,256,128,0,[14; 14; 32; 1; 256; 128; 0],0.16016214387491345,0.349171483225212,tvm
14,1,16,1,2048,64,0,[14; 1; 16; 1; 2048; 64; 0],0.13403102895244956,0.417247064134482,tvm
7,1,32,1,1024,128,0,[7; 1; 32; 1; 1024; 128; 0],0.1611656048335135,0.3469974464533157,tvm
8,2,8,1,64,64,0,[8; 2; 8; 1; 64; 64; 0],0.15226790099404752,0.36727408053992633,tvm
8,1,8,1,256,128,1,[8; 1; 8; 1; 256; 128; 1],0.1671978619415313,0.33447828030773413,tvm
16,16,16,1,256,128,1,[16; 16; 16; 1; 256; 128; 1],0.16693869698792696,0.33499754306443263,tvm
8,2,32,1,128,128,0,[8; 2; 32; 1; 128; 128; 0],0.14627160597592592,0.3823302066057686,tvm
16,8,8,1,512,64,1,[16; 8; 8; 1; 512; 64; 1],0.158441293053329,0.35296387864311435,tvm
14,1,8,1,64,64,1,[14; 1; 8; 1; 64; 64; 1],0.14174991310574114,0.3945261912902598,tvm
8,8,16,1,512,64,0,[8; 8; 16; 1; 512; 64; 0],0.15615610079839826,0.35812916080386,tvm
4,1,1,1,256,16,1,[4; 1; 1; 1; 256; 16; 1],0.19110233499668539,0.29263929890915946,tvm
8,8,64,1,512,64,0,[8; 8; 64; 1; 512; 64; 0],0.14769617398269475,0.3786425323372685,tvm
14,2,64,1,256,128,0,[14; 2; 64; 1; 256; 128; 0],0.1446573999710381,0.3865965608709261,tvm
8,4,16,1,2048,128,0,[8; 4; 16; 1; 2048; 128; 0],0.14276838395744562,0.39171174866000014,tvm
16,16,16,1,4096,64,0,[16; 16; 16; 1; 4096; 64; 0],0.146623644977808,0.3814122431739958,tvm
8,1,64,1,128,128,0,[8; 1; 64; 1; 128; 128; 0],0.14599413610994816,0.38305684614084046,tvm
14,1,16,1,4096,64,1,[14; 1; 16; 1; 4096; 64; 1],0.14189474284648895,0.3941235045884374,tvm
8,2,8,1,128,128,1,[8; 2; 8; 1; 128; 128; 1],0.14234530297107995,0.3928760005849672,tvm
7,7,32,1,4096,64,1,[7; 7; 32; 1; 4096; 64; 1],0.16444734507240355,0.3400727041759833,tvm
16,8,64,1,4096,64,1,[16; 8; 64; 1; 4096; 64; 1],0.1491543089505285,0.3749409167379953,tvm
8,8,64,1,1024,128,0,[8; 8; 64; 1; 1024; 128; 0],0.13675458496436477,0.40893731897841606,tvm
7,7,16,1,4096,64,1,[7; 7; 16; 1; 4096; 64; 1],0.1522744749672711,0.36725822463254787,tvm
8,8,16,1,256,128,1,[8; 8; 16; 1; 256; 128; 1],0.1516650919802487,0.36873385037485296,tvm
16,8,64,1,512,128,0,[16; 8; 64; 1; 512; 128; 0],0.13631307985633612,0.41026182808189166,tvm
8,8,32,1,2048,128,1,[8; 8; 32; 1; 2048; 128; 1],0.14108358789235353,0.39638950333474127,tvm
16,8,32,1,128,64,1,[16; 8; 32; 1; 128; 64; 1],0.148234142921865,0.3772683690208348,tvm
16,4,8,1,2048,64,0,[16; 4; 8; 1; 2048; 64; 0],0.13675892306491733,0.40892434716517223,tvm
16,2,16,1,2048,128,0,[16; 2; 16; 1; 2048; 128; 0],0.1289673480205238,0.4336295519113382,tvm
16,4,32,1,256,64,1,[16; 4; 32; 1; 256; 64; 1],0.13750954600982368,0.4066921530621454,tvm
4,2,1,1,128,128,1,[4; 2; 1; 1; 128; 128; 1],0.12768813595175743,0.4379737625307829,tvm
16,16,64,1,128,64,1,[16; 16; 64; 1; 128; 64; 1],0.14037184906192124,0.39839934935005344,tvm
16,1,64,1,128,64,1,[16; 1; 64; 1; 128; 64; 1],0.14123177202418447,0.39597360092428013,tvm
4,2,1,1,128,64,1,[4; 2; 1; 1; 128; 64; 1],0.11483276705257595,0.48700431739773914,tvm
4,4,2,1,128,16,1,[4; 4; 2; 1; 128; 16; 1],0.12903536204248667,0.4334009875131716,tvm
8,2,2,1,256,16,1,[8; 2; 2; 1; 256; 16; 1],0.12196427187882364,0.458528161336429,tvm
16,8,64,1,2048,64,1,[16; 8; 64; 1; 2048; 64; 1],0.12576313107274473,0.4446776480221805,tvm
16,8,64,1,512,64,1,[16; 8; 64; 1; 512; 64; 1],0.12634297995828092,0.4426368077735679,tvm
8,2,16,1,64,64,1,[8; 2; 16; 1; 64; 64; 1],0.11981066688895226,0.46677023661980876,tvm
8,2,16,1,256,64,1,[8; 2; 16; 1; 256; 64; 1],0.11884526698850095,0.4705618890043332,tvm
8,1,32,1,64,64,1,[8; 1; 32; 1; 64; 64; 1],0.11248508398421109,0.4971686142954126,tvm
7,1,4,1,2048,128,0,[7; 1; 4; 1; 2048; 128; 0],0.17391524999402463,0.3215592268950237,tvm
4,4,1,1,256,16,0,[4; 4; 1; 1; 256; 16; 0],0.16506285197101533,0.3388045987667381,tvm
14,14,4,1,128,64,0,[14; 14; 4; 1; 128; 64; 0],0.23387685418128967,0.23911751989781682,tvm
8,4,64,1,128,16,1,[8; 4; 64; 1; 128; 16; 1],0.18810371309518814,0.29730435626772284,tvm
8,1,32,1,2048,16,1,[8; 1; 32; 1; 2048; 16; 1],0.2091429280117154,0.2673963392642216,tvm
4,4,4,1,2048,64,0,[4; 4; 4; 1; 2048; 64; 0],0.1973102679476142,0.28343204798739186,tvm
7,7,4,1,2048,128,1,[7; 7; 4; 1; 2048; 128; 1],0.19334400398656726,0.2892463804422852,tvm
4,1,16,1,4096,128,0,[4; 1; 16; 1; 4096; 128; 0],0.18836384895257652,0.2968937704570534,tvm
4,2,1,1,512,16,0,[4; 2; 1; 1; 512; 16; 0],0.1883430469315499,0.2969265616354714,tvm
7,7,32,1,128,16,1,[7; 7; 32; 1; 128; 16; 1],0.1754860880319029,0.3186808365297111,tvm
16,4,32,1,32,16,1,[16; 4; 32; 1; 32; 16; 1],0.18092336086556315,0.30910355117097477,tvm
16,1,1,1,128,128,1,[16; 1; 1; 1; 128; 128; 1],0.22340521006844938,0.25032564511901356,tvm
4,4,16,1,256,128,0,[4; 4; 16; 1; 256; 128; 0],0.19457275792956352,0.2874197494470329,tvm
16,8,64,1,64,16,1,[16; 8; 64; 1; 64; 16; 1],0.18068537791259587,0.30951067529319304,tvm
16,8,4,1,128,128,1,[16; 8; 4; 1; 128; 128; 1],0.14963341504335403,0.373740406293141,tvm
4,1,16,1,256,128,0,[4; 1; 16; 1; 256; 128; 0],0.19527528388425708,0.2863857228674186,tvm
14,14,32,1,32,16,1,[14; 14; 32; 1; 32; 16; 1],0.17195504298433661,0.3252248515818606,tvm
4,2,1,1,512,64,0,[4; 2; 1; 1; 512; 64; 0],0.18522683391347528,0.30192198479976745,tvm
14,1,8,1,2048,16,1,[14; 1; 8; 1; 2048; 16; 1],0.17176176980137825,0.3255908075353599,tvm
16,1,64,1,128,16,1,[16; 1; 64; 1; 128; 16; 1],0.17710072407498956,0.3157754076129778,tvm
16,8,8,1,256,128,1,[16; 8; 8; 1; 256; 128; 1],0.19314716500230134,0.2895411554845602,tvm
14,1,8,1,1024,16,1,[14; 1; 8; 1; 1024; 16; 1],0.17214491218328476,0.32486614111365847,tvm
8,2,2,1,512,16,0,[8; 2; 2; 1; 512; 16; 0],0.1536499229259789,0.3639705915132469,tvm
8,4,8,1,256,16,1,[8; 4; 8; 1; 256; 16; 1],0.1804220201447606,0.3099624607265952,tvm
4,2,1,1,1024,64,0,[4; 2; 1; 1; 1024; 64; 0],0.16283478401601315,0.343440461270448,tvm
14,1,32,1,256,16,1,[14; 1; 32; 1; 256; 16; 1],0.16146134911105037,0.3463618608492471,tvm
7,1,8,1,4096,128,0,[7; 1; 8; 1; 4096; 128; 0],0.17884369590319693,0.3126979290542254,tvm
16,16,8,1,128,128,1,[16; 16; 8; 1; 128; 128; 1],0.14830992696806788,0.3770755908023214,tvm
8,2,2,1,256,64,1,[8; 2; 2; 1; 256; 64; 1],0.18896918301470578,0.29594271637921654,tvm
8,4,2,1,128,64,1,[8; 4; 2; 1; 128; 64; 1],0.16650242591276765,0.33587530648131536,tvm
8,2,16,1,4096,128,0,[8; 2; 16; 1; 4096; 128; 0],0.16225087689235806,0.3446764319827681,tvm
16,1,32,1,1024,64,0,[16; 1; 32; 1; 1024; 64; 0],0.1700723711401224,0.3288250346510285,tvm
4,4,16,1,4096,128,1,[4; 4; 16; 1; 4096; 128; 1],0.18508643098175526,0.302151016888137,tvm
16,8,64,1,128,64,0,[16; 8; 64; 1; 128; 64; 0],0.16440148302353919,0.3401675721217555,tvm
7,1,2,1,128,128,1,[7; 1; 2; 1; 128; 128; 1],0.16303087607957423,0.34302737418915175,tvm
7,1,16,1,2048,64,0,[7; 1; 16; 1; 2048; 64; 0],0.1550211689900607,0.360751074822039,tvm
7,7,64,1,4096,128,0,[7; 7; 64; 1; 4096; 128; 0],0.16225480195134878,0.34466809401488074,tvm
16,16,16,1,128,128,1,[16; 16; 16; 1; 128; 128; 1],0.14902787189930677,0.375259021152227,tvm
14,1,16,1,4096,64,0,[14; 1; 16; 1; 4096; 64; 0],0.14327832288108766,0.3903176154549695,tvm
8,2,8,1,512,128,0,[8; 2; 8; 1; 512; 128; 0],0.16919048107229173,0.33053900537961173,tvm
14,1,16,1,2048,64,0,[14; 1; 16; 1; 2048; 64; 0],0.13378242310136557,0.4180224280357088,tvm
8,8,64,1,4096,64,0,[8; 8; 64; 1; 4096; 64; 0],0.14488294394686818,0.3859947334714702,tvm
8,2,4,1,64,16,1,[8; 2; 4; 1; 64; 16; 1],0.1797065429855138,0.3111965341063925,tvm
14,7,8,1,512,64,0,[14; 7; 8; 1; 512; 64; 0],0.1517055209260434,0.36863558420261033,tvm
7,7,16,1,1024,64,0,[7; 7; 16; 1; 1024; 64; 0],0.1562797750812024,0.3578457500612309,tvm
14,14,32,1,4096,64,1,[14; 14; 32; 1; 4096; 64; 1],0.16995843895711005,0.3290454635644546,tvm
14,2,64,1,2048,128,0,[14; 2; 64; 1; 2048; 128; 0],0.14456370007246733,0.38684713593592,tvm
14,2,64,1,512,128,0,[14; 2; 64; 1; 512; 128; 0],0.14954189606942236,0.37396913375614493,tvm
7,1,4,1,128,16,1,[7; 1; 4; 1; 128; 16; 1],0.13545064092613757,0.4128740399525257,tvm
16,8,64,1,256,128,1,[16; 8; 64; 1; 256; 128; 1],0.14844102202914655,0.3767425780883709,tvm
8,4,16,1,4096,64,1,[8; 4; 16; 1; 4096; 64; 1],0.146985265891999,0.3804738726290082,tvm
8,8,1,1,256,64,1,[8; 8; 1; 1; 256; 64; 1],0.16687972890213132,0.33511591672186075,tvm
8,2,1,1,256,16,1,[8; 2; 1; 1; 256; 16; 1],0.1507643300574273,0.37093690073793606,tvm
4,1,8,1,128,128,1,[4; 1; 8; 1; 128; 128; 1],0.12841883511282504,0.4354817055005996,tvm
8,4,64,1,512,128,1,[8; 4; 64; 1; 512; 128; 1],0.1309376358985901,0.4271044986381606,tvm
4,4,8,1,128,128,1,[4; 4; 8; 1; 128; 128; 1],0.12857485585846007,0.4349532648506065,tvm
4,4,16,1,128,128,1,[4; 4; 16; 1; 128; 128; 1],0.1274686900433153,0.4387277637695164,tvm
4,1,1,1,128,128,1,[4; 1; 1; 1; 128; 128; 1],0.1276719809975475,0.4380291814725394,tvm
4,2,32,1,64,64,1,[4; 2; 32; 1; 64; 64; 1],0.12109556514769793,0.4618175179671018,tvm
8,8,2,1,128,16,1,[8; 8; 2; 1; 128; 16; 1],0.13858068292029202,0.40354869203162597,tvm
16,8,32,1,2048,64,1,[16; 8; 32; 1; 2048; 64; 1],0.1296979901380837,0.43118673831254806,tvm
16,4,32,1,512,64,1,[16; 4; 32; 1; 512; 64; 1],0.12709398614242673,0.4400212396412097,tvm
14,14,32,1,1024,64,1,[14; 14; 32; 1; 1024; 64; 1],0.12484709289856255,0.44794037277881404,tvm
8,8,4,1,512,16,1,[8; 8; 4; 1; 512; 16; 1],0.12146253907121718,0.4604222319158285,tvm
56,14,64,1,2048,64,1,[56; 14; 64; 1; 2048; 64; 1],0.21583650005050004,0.2591037814282968,tvm
28,14,16,1,4096,64,1,[28; 14; 16; 1; 4096; 64; 1],0.17348294192925096,0.3223605313088363,tvm
4,4,64,1,512,16,1,[4; 4; 64; 1; 512; 16; 1],0.30157239409163594,0.18544155376615878,tvm
4,4,4,1,4096,64,0,[4; 4; 4; 1; 4096; 64; 0],0.19539000396616757,0.28621757612030535,tvm
14,1,16,1,4096,16,1,[14; 1; 16; 1; 4096; 16; 1],0.19514662097208202,0.2865745410028592,tvm
8,1,2,1,4096,64,1,[8; 1; 2; 1; 4096; 64; 1],0.19042408419772983,0.29368161894513156,tvm
7,1,4,1,2048,16,0,[7; 1; 4; 1; 2048; 16; 0],0.18278527003712952,0.305954923621435,tvm
16,2,8,1,4096,16,1,[16; 2; 8; 1; 4096; 16; 1],0.1859193539712578,0.3007973733707084,tvm
16,1,4,1,128,128,1,[16; 1; 4; 1; 128; 128; 1],0.22251285891979933,0.2513295348629273,tvm
8,1,4,1,2048,16,0,[8; 1; 4; 1; 2048; 16; 0],0.17888263403438032,0.3126298627880503,tvm
8,4,8,1,32,16,1,[8; 4; 8; 1; 32; 16; 1],0.2744717909954488,0.20375155177335016,tvm
16,4,4,1,2048,64,1,[16; 4; 4; 1; 2048; 64; 1],0.1910888848360628,0.2926598968920206,tvm
8,4,64,1,128,16,1,[8; 4; 64; 1; 128; 16; 1],0.18881260603666306,0.2961881333414474,tvm
8,4,2,1,512,128,0,[8; 4; 2; 1; 512; 128; 0],0.23017215309664607,0.2429661997811334,tvm
8,4,1,1,16,16,1,[8; 4; 1; 1; 16; 16; 1],0.19716378301382065,0.2836426268480211,tvm
4,4,1,1,64,64,0,[4; 4; 1; 1; 64; 64; 0],0.2996622920036316,0.18662359204225668,tvm
7,7,4,1,256,64,0,[7; 7; 4; 1; 256; 64; 0],0.22365951701067388,0.25004101806526047,tvm
14,7,8,1,512,128,1,[14; 7; 8; 1; 512; 128; 1],0.19005678198300302,0.29424918568985703,tvm
8,1,8,1,128,16,1,[8; 1; 8; 1; 128; 16; 1],0.20498352102003992,0.27282219104757205,tvm
16,8,64,1,128,16,1,[16; 8; 64; 1; 128; 16; 1],0.1793911550194025,0.31174364938608445,tvm
16,16,8,1,128,16,1,[16; 16; 8; 1; 128; 16; 1],0.18315357295796275,0.30533967986619065,tvm
16,1,64,1,128,16,1,[16; 1; 64; 1; 128; 16; 1],0.17802869295701385,0.31412943837562496,tvm
14,1,32,1,1024,128,1,[14; 1; 32; 1; 1024; 128; 1],0.20602497598156333,0.2714430765828015,tvm
16,1,8,1,128,64,0,[16; 1; 8; 1; 128; 64; 0],0.20763349905610085,0.2693402249038009,tvm
4,1,64,1,1024,128,0,[4; 1; 64; 1; 1024; 128; 0],0.1624809990171343,0.3441882661457289,tvm
14,1,64,1,1024,128,1,[14; 1; 64; 1; 1024; 128; 1],0.2069195208605379,0.27026958645929644,tvm
14,1,8,1,64,64,0,[14; 1; 8; 1; 64; 64; 0],0.16312723397277296,0.34282475078727465,tvm
7,7,8,1,128,16,1,[7; 7; 8; 1; 128; 16; 1],0.1730624281335622,0.3231438154223373,tvm
8,2,2,1,1024,16,0,[8; 2; 2; 1; 1024; 16; 0],0.1430160461459309,0.39103341786046497,tvm
14,1,32,1,128,64,0,[14; 1; 32; 1; 128; 64; 0],0.173369905911386,0.3225707082169013,tvm
8,8,8,1,128,16,1,[8; 8; 8; 1; 128; 16; 1],0.18378052301704884,0.30429804211703876,tvm
14,2,16,1,256,64,0,[14; 2; 16; 1; 256; 64; 0],0.1684828749857843,0.33192722606408465,tvm
16,4,64,1,128,64,0,[16; 4; 64; 1; 128; 64; 0],0.15787825803272426,0.3542226398377265,tvm
16,16,16,1,512,128,1,[16; 16; 16; 1; 512; 128; 1],0.15861087781377137,0.35258649409276355,tvm
7,1,8,1,2048,64,0,[7; 1; 8; 1; 2048; 64; 0],0.1551970348227769,0.36034227971684063,tvm
8,4,8,1,512,128,0,[8; 4; 8; 1; 512; 128; 0],0.16915985592640936,0.3305988470317823,tvm
16,8,16,1,4096,128,0,[16; 8; 16; 1; 4096; 128; 0],0.16695542400702834,0.33496398015184636,tvm
14,7,64,1,256,64,0,[14; 7; 64; 1; 256; 64; 0],0.1535592379514128,0.36418553568902245,tvm
8,8,64,1,256,64,0,[8; 8; 64; 1; 256; 64; 0],0.150040945969522,0.3727252782363373,tvm
14,14,8,1,512,64,0,[14; 14; 8; 1; 512; 64; 0],0.15099303098395467,0.3703750628019125,tvm
8,2,8,1,512,64,0,[8; 2; 8; 1; 512; 64; 0],0.16019343119114637,0.349103286679736,tvm
8,8,64,1,4096,64,0,[8; 8; 64; 1; 4096; 64; 0],0.14966664905659854,0.3736574159028901,tvm
7,7,8,1,2048,128,0,[7; 7; 8; 1; 2048; 128; 0],0.16199441999197006,0.3452220967617616,tvm
16,2,8,1,2048,64,1,[16; 2; 8; 1; 2048; 64; 1],0.15503810811787844,0.3607116599411366,tvm
16,16,64,1,2048,64,0,[16; 16; 64; 1; 2048; 64; 0],0.15248035383410752,0.3667623528351492,tvm
8,1,64,1,256,128,0,[8; 1; 64; 1; 256; 128; 0],0.1450208891183138,0.38562757181628005,tvm
14,7,64,1,128,128,1,[14; 7; 64; 1; 128; 128; 1],0.1559746058192104,0.35854588661794534,tvm
16,8,16,1,512,64,0,[16; 8; 16; 1; 512; 64; 0],0.1602998930029571,0.34887143269834675,tvm
8,8,16,1,256,128,1,[8; 8; 16; 1; 256; 128; 1],0.1521365570370108,0.3675911590383138,tvm
16,16,16,1,512,128,0,[16; 16; 16; 1; 512; 128; 0],0.14434450794942677,0.38743457667905973,tvm
16,4,32,1,1024,128,1,[16; 4; 32; 1; 1024; 128; 1],0.14530124003067613,0.3848835241979119,tvm
8,1,64,1,128,128,1,[8; 1; 64; 1; 128; 128; 1],0.14641163498163223,0.3819645435989371,tvm
8,8,64,1,128,128,1,[8; 8; 64; 1; 128; 128; 1],0.14745603199116886,0.3792591769774642,tvm
7,7,1,1,64,64,1,[7; 7; 1; 1; 64; 64; 1],0.11441978299990296,0.4887620992375135,tvm
4,4,2,1,64,16,1,[4; 4; 2; 1; 64; 16; 1],0.13121323892846704,0.4262073994211911,tvm
4,4,32,1,256,64,1,[4; 4; 32; 1; 256; 64; 1],0.14326788298785686,0.39034605779770865,tvm
7,7,4,1,256,16,1,[7; 7; 4; 1; 256; 16; 1],0.11248400597833097,0.4971733789789332,tvm
7,7,1,1,256,16,1,[7; 7; 1; 1; 256; 16; 1],0.1480542439967394,0.3777267832630651,tvm
14,14,32,1,2048,64,1,[14; 14; 32; 1; 2048; 64; 1],0.12640330684371293,0.44242555618009843,tvm
14,2,64,1,2048,64,1,[14; 2; 64; 1; 2048; 64; 1],0.12568147387355566,0.4449665619739377,tvm
14,1,32,1,1024,64,1,[14; 1; 32; 1; 1024; 64; 1],0.12532640411518514,0.44622722345033206,tvm
7,1,16,1,1024,64,1,[7; 1; 16; 1; 1024; 64; 1],0.11753270588815212,0.4758169473827349,tvm
8,1,32,1,64,64,1,[8; 1; 32; 1; 64; 64; 1],0.11231427290476859,0.4979247239640808,tvm
8,2,32,1,512,64,1,[8; 2; 32; 1; 512; 64; 1],0.11175817297771573,0.5004023584430325,tvm
8,8,1,1,256,16,0,[8; 8; 1; 1; 256; 16; 0],0.19928991817869246,0.2806165702932813,tvm
28,14,32,1,2048,64,1,[28; 14; 32; 1; 2048; 64; 1],0.1565533010289073,0.3572205310637752,tvm
4,1,4,1,128,128,0,[4; 1; 4; 1; 128; 128; 0],0.18959613586775959,0.294964098700511,tvm
8,4,2,1,256,16,0,[8; 4; 2; 1; 256; 16; 0],0.1779823419637978,0.3142112454319118,tvm
4,2,1,1,1024,16,0,[4; 2; 1; 1; 1024; 16; 0],0.17729584500193596,0.31542788457745685,tvm
4,4,8,1,256,128,0,[4; 4; 8; 1; 256; 128; 0],0.17235184693709016,0.3244760896223298,tvm
14,1,16,1,2048,16,1,[14; 1; 16; 1; 2048; 16; 1],0.17248193500563502,0.32423136562971816,tvm
8,4,16,1,128,16,1,[8; 4; 16; 1; 128; 16; 1],0.17162977205589414,0.32584121428023993,tvm
8,1,16,1,256,16,1,[8; 1; 16; 1; 256; 16; 1],0.17611247510649264,0.3175473702218817,tvm
4,1,32,1,512,128,0,[4; 1; 32; 1; 512; 128; 0],0.17828582390211523,0.31367638833717637,tvm
16,1,8,1,128,64,0,[16; 1; 8; 1; 128; 64; 0],0.20940783200785518,0.2670580789511041,tvm
7,1,4,1,128,128,0,[7; 1; 4; 1; 128; 128; 0],0.15604983689263463,0.3583730329164662,tvm
16,1,8,1,1024,16,1,[16; 1; 8; 1; 1024; 16; 1],0.17623976012691855,0.31731802910455503,tvm
16,2,8,1,256,128,1,[16; 2; 8; 1; 256; 128; 1],0.19295871700160205,0.28982392815593305,tvm
16,4,8,1,2048,128,1,[16; 4; 8; 1; 2048; 128; 1],0.18486957112327218,0.30250545286353714,tvm
8,8,1,1,256,128,0,[8; 8; 1; 1; 256; 128; 0],0.15639968100003898,0.3575714028043279,tvm
8,1,4,1,32,16,1,[8; 1; 4; 1; 32; 16; 1],0.2118037138134241,0.2640371706730143,tvm
14,14,1,1,128,128,1,[14; 14; 1; 1; 128; 128; 1],0.15477840206585824,0.3613169058919321,tvm
16,8,64,1,512,16,1,[16; 8; 64; 1; 512; 16; 1],0.1651649468112737,0.33859517054327,tvm
16,2,16,1,512,16,1,[16; 2; 16; 1; 512; 16; 1],0.16529731615446508,0.33832402506205295,tvm
7,7,1,1,2048,16,1,[7; 7; 1; 1; 2048; 16; 1],0.24835377698764205,0.22517899269201003,tvm
8,4,16,1,4096,128,0,[8; 4; 16; 1; 4096; 128; 0],0.1625734339468181,0.34399256985386373,tvm
16,1,32,1,1024,64,0,[16; 1; 32; 1; 1024; 64; 0],0.1700530529487878,0.3288623894930901,tvm
14,1,64,1,512,64,0,[14; 1; 64; 1; 512; 64; 0],0.15187920117750764,0.3682140339148382,tvm
8,1,16,1,256,64,0,[8; 1; 16; 1; 256; 64; 0],0.16892738593742251,0.3310538017444362,tvm
8,1,2,1,32,16,1,[8; 1; 2; 1; 32; 16; 1],0.1609093169681728,0.347550125667334,tvm
8,1,32,1,4096,128,0,[8; 1; 32; 1; 4096; 128; 0],0.16100474703125656,0.34734412720437713,tvm
7,7,8,1,512,128,0,[7; 7; 8; 1; 512; 128; 0],0.18662192905321717,0.29966496229596906,tvm
8,2,32,1,512,128,0,[8; 2; 32; 1; 512; 128; 0],0.16449964698404074,0.3399645796124956,tvm
14,2,16,1,128,128,0,[14; 2; 16; 1; 128; 128; 0],0.15421207109466195,0.36264381209824204,tvm
14,2,64,1,64,64,0,[14; 2; 64; 1; 64; 64; 0],0.15697500598616898,0.35626087721417754,tvm
14,14,8,1,256,64,1,[14; 14; 8; 1; 256; 64; 1],0.1582435960881412,0.35340484364488156,tvm
8,8,64,1,128,64,0,[8; 8; 64; 1; 128; 64; 0],0.15248683816753328,0.36674675667345824,tvm
8,8,64,1,128,128,0,[8; 8; 64; 1; 128; 128; 0],0.16284419782459736,0.3434206074297484,tvm
16,1,8,1,2048,64,1,[16; 1; 8; 1; 2048; 64; 1],0.15607452997937799,0.3583163334896638,tvm
14,14,64,1,512,64,0,[14; 14; 64; 1; 512; 64; 0],0.15512764896266162,0.36050345446022936,tvm
7,7,64,1,4096,64,1,[7; 7; 64; 1; 4096; 64; 1],0.15443948283791542,0.3621098200129675,tvm
14,2,64,1,4096,64,1,[14; 2; 64; 1; 4096; 64; 1],0.1505583068355918,0.37144448890755566,tvm
16,4,64,1,1024,64,0,[16; 4; 64; 1; 1024; 64; 0],0.15229278919287026,0.3672140593768275,tvm
16,2,64,1,1024,64,0,[16; 2; 64; 1; 1024; 64; 0],0.1496427410747856,0.37371711405222574,tvm
14,2,64,1,4096,128,1,[14; 2; 64; 1; 4096; 128; 1],0.14328003209084272,0.39031295929551607,tvm
14,14,16,1,4096,64,0,[14; 14; 16; 1; 4096; 64; 0],0.14444312895648181,0.3871700491214246,tvm
14,14,64,1,512,128,0,[14; 14; 64; 1; 512; 128; 0],0.1491077388636768,0.3750580201907726,tvm
14,2,64,1,2048,128,1,[14; 2; 64; 1; 2048; 128; 1],0.14208187302574515,0.3936044207637939,tvm
14,7,64,1,4096,128,1,[14; 7; 64; 1; 4096; 128; 1],0.1613061830867082,0.34669503836236726,tvm
7,1,64,1,2048,128,1,[7; 1; 64; 1; 2048; 128; 1],0.13643266796134412,0.40990221894054335,tvm
8,1,1,1,512,16,1,[8; 1; 1; 1; 512; 16; 1],0.18741416512057185,0.29839822031250895,tvm
14,2,64,1,2048,128,0,[14; 2; 64; 1; 2048; 128; 0],0.1488065840676427,0.37581706269066734,tvm
16,2,16,1,64,64,1,[16; 2; 16; 1; 64; 64; 1],0.1476833859924227,0.378675319214327,tvm
7,1,16,1,128,128,1,[7; 1; 16; 1; 128; 128; 1],0.14051405200734735,0.3979961614829036,tvm
8,8,32,1,2048,128,1,[8; 8; 32; 1; 2048; 128; 1],0.14180520898662508,0.394372348752069,tvm
7,1,32,1,128,128,1,[7; 1; 32; 1; 128; 128; 1],0.14494397188536823,0.38583221230864273,tvm
14,1,16,1,128,64,1,[14; 1; 16; 1; 128; 64; 1],0.15072441496886313,0.37103513286076584,tvm
4,4,1,1,256,128,1,[4; 4; 1; 1; 256; 128; 1],0.16408846294507384,0.34081648599544184,tvm
4,2,64,1,256,128,1,[4; 2; 64; 1; 256; 128; 1],0.13404296501539648,0.41720990972491373,tvm
4,4,32,1,512,128,1,[4; 4; 32; 1; 512; 128; 1],0.13275920902378857,0.4212442492280331,tvm
4,2,32,1,128,128,1,[4; 2; 32; 1; 128; 128; 1],0.12852178909815848,0.43513285743805946,tvm
7,1,2,1,1024,16,1,[7; 1; 2; 1; 1024; 16; 1],0.12220012000761926,0.4576431948663097,tvm
7,7,1,1,64,64,1,[7; 7; 1; 1; 64; 64; 1],0.11425079614855349,0.48948502083625417,tvm
4,1,32,1,128,64,1,[4; 1; 32; 1; 128; 64; 1],0.12830221699550748,0.4358775291879136,tvm
4,4,2,1,1024,16,1,[4; 4; 2; 1; 1024; 16; 1],0.1210452641826123,0.46200942854703286,tvm
8,4,8,1,64,64,1,[8; 4; 8; 1; 64; 64; 1],0.12712958897463977,0.4398980110325791,tvm
8,4,16,1,64,64,1,[8; 4; 16; 1; 64; 64; 1],0.12114203698001802,0.46164035810754794,tvm
8,4,16,1,1024,64,1,[8; 4; 16; 1; 1024; 64; 1],0.11483838385902345,0.48698049775749336,tvm
2,2,32,1,128,128,1,[2; 2; 32; 1; 128; 128; 1],0.16668936191126704,0.33549863465854,tvm
4,2,16,1,2048,16,1,[4; 2; 16; 1; 2048; 16; 1],0.2768371051643044,0.20201068530947863,tvm
4,4,8,1,2048,16,0,[4; 4; 8; 1; 2048; 16; 0],0.19698638911359012,0.2838980580586475,tvm
28,14,32,1,2048,64,0,[28; 14; 32; 1; 2048; 64; 0],0.1726026211399585,0.32400465858502886,tvm
14,14,4,1,64,64,0,[14; 14; 4; 1; 64; 64; 0],0.16677552089095116,0.33532531054062886,tvm
8,1,8,1,4096,16,0,[8; 1; 8; 1; 4096; 16; 0],0.2608249818440527,0.21441218144805754,tvm
2,2,1,1,256,16,1,[2; 2; 1; 1; 256; 16; 1],0.22494485811330378,0.2486122768148122,tvm
8,4,64,1,64,16,1,[8; 4; 64; 1; 64; 16; 1],0.19452105509117246,0.28749614434859816,tvm
16,8,1,1,256,128,1,[16; 8; 1; 1; 256; 128; 1],0.22079159901477396,0.2532888641727317,tvm
4,1,32,1,256,16,1,[4; 1; 32; 1; 256; 16; 1],0.21874318807385862,0.25566077657444847,tvm
4,2,4,1,128,16,0,[4; 2; 4; 1; 128; 16; 0],0.19351166998967528,0.2889957661794616,tvm
14,2,1,1,64,64,1,[14; 2; 1; 1; 64; 64; 1],0.13740890403278172,0.4069900253333765,tvm
8,2,2,1,4096,64,1,[8; 2; 2; 1; 4096; 64; 1],0.19052757392637432,0.2935220985648203,tvm
16,8,4,1,128,64,1,[16; 8; 4; 1; 128; 64; 1],0.2099747839383781,0.2663369966831138,tvm
14,7,8,1,4096,128,1,[14; 7; 8; 1; 4096; 128; 1],0.19078121706843376,0.29313186168255345,tvm
4,4,2,1,2048,16,0,[4; 4; 2; 1; 2048; 16; 0],0.21619293093681335,0.25867660469286224,tvm
14,7,1,1,64,64,1,[14; 7; 1; 1; 64; 64; 1],0.13990576192736626,0.3997265914063423,tvm
2,2,2,1,256,16,1,[2; 2; 2; 1; 256; 16; 1],0.2255998549517244,0.24789046670841342,tvm
16,1,8,1,128,128,1,[16; 1; 8; 1; 128; 128; 1],0.22653298592194915,0.24686936035267595,tvm
8,4,2,1,64,64,0,[8; 4; 2; 1; 64; 64; 0],0.18043842702172697,0.3099342765086253,tvm
4,1,1,1,512,64,0,[4; 1; 1; 1; 512; 64; 0],0.18286229902878404,0.3058260430408918,tvm
8,2,4,1,4096,64,0,[8; 2; 4; 1; 4096; 64; 0],0.15698651783168316,0.3562347525492198,tvm
8,2,2,1,128,64,0,[8; 2; 2; 1; 128; 64; 0],0.23895345209166408,0.2340374363450523,tvm
14,1,16,1,1024,16,1,[14; 1; 16; 1; 1024; 16; 1],0.17211416899226606,0.32492416900229915,tvm
4,4,1,1,1024,64,0,[4; 4; 1; 1; 1024; 64; 0],0.16360138612799346,0.34183117060867185,tvm
4,4,64,1,256,128,0,[4; 4; 64; 1; 256; 128; 0],0.16662813210859895,0.3356219182537865,tvm
4,2,1,1,1024,64,0,[4; 2; 1; 1; 1024; 64; 0],0.16284361714497209,0.3434218320239519,tvm
14,1,16,1,512,16,1,[14; 1; 16; 1; 512; 16; 1],0.1618115019518882,0.34561234929987467,tvm
14,1,32,1,512,16,1,[14; 1; 32; 1; 512; 16; 1],0.15896940208040178,0.35179130449926893,tvm
7,7,8,1,512,16,1,[7; 7; 8; 1; 512; 16; 1],0.1457114100921899,0.38380009704079343,tvm
4,2,4,1,256,128,1,[4; 2; 4; 1; 256; 128; 1],0.15065466589294374,0.37120691219131147,tvm
7,1,32,1,1024,64,0,[7; 1; 32; 1; 1024; 64; 0],0.16734495316632092,0.3341842838711216,tvm
8,8,16,1,256,64,0,[8; 8; 16; 1; 256; 64; 0],0.1694228530395776,0.33008565450299276,tvm
8,1,32,1,512,128,0,[8; 1; 32; 1; 512; 128; 0],0.1642693260218948,0.3404412417561112,tvm
7,1,8,1,128,128,0,[7; 1; 8; 1; 128; 128; 0],0.15346783283166587,0.36440244383117537,tvm
14,1,64,1,4096,64,0,[14; 1; 64; 1; 4096; 64; 0],0.15851972810924053,0.35278923324164707,tvm
8,8,32,1,64,64,0,[8; 8; 32; 1; 64; 64; 0],0.15251260693185031,0.3666847905781506,tvm
16,8,16,1,4096,128,0,[16; 8; 16; 1; 4096; 128; 0],0.16950222104787827,0.3299310946346644,tvm
14,14,8,1,128,64,1,[14; 14; 8; 1; 128; 64; 1],0.16651183180510998,0.3358563336135079,tvm
16,16,8,1,64,64,1,[16; 16; 8; 1; 64; 64; 1],0.1503107571043074,0.37205622811496525,tvm
14,14,32,1,4096,64,1,[14; 14; 32; 1; 4096; 64; 1],0.16777536901645362,0.33332695771242143,tvm
16,4,16,1,256,128,0,[16; 4; 16; 1; 256; 128; 0],0.1654323700349778,0.33804782777100495,tvm
16,16,64,1,128,128,0,[16; 16; 64; 1; 128; 128; 0],0.16264877514913678,0.34383322765299124,tvm
7,1,64,1,128,64,0,[7; 1; 64; 1; 128; 64; 0],0.16027472889982164,0.3489262076262078,tvm
16,2,8,1,1024,64,1,[16; 2; 8; 1; 1024; 64; 1],0.15377428312785923,0.3636762415392564,tvm
16,4,16,1,128,128,0,[16; 4; 16; 1; 128; 128; 0],0.15153432893566787,0.3690520407232294,tvm
16,16,32,1,2048,128,0,[16; 16; 32; 1; 2048; 128; 0],0.15436484897509217,0.36228489649451906,tvm
8,8,16,1,4096,64,0,[8; 8; 16; 1; 4096; 64; 0],0.14629998500458896,0.3822560428258361,tvm
16,4,64,1,1024,128,0,[16; 4; 64; 1; 1024; 128; 0],0.13760054390877485,0.4064231996816041,tvm
14,14,16,1,2048,64,0,[14; 14; 16; 1; 2048; 64; 0],0.13440291490405798,0.41609256297197195,tvm
14,14,16,1,64,64,1,[14; 14; 16; 1; 64; 64; 1],0.14198896195739508,0.39386197745507706,tvm
16,2,16,1,1024,64,0,[16; 2; 16; 1; 1024; 64; 0],0.1390601599123329,0.4021572632203882,tvm
4,2,16,1,512,128,1,[4; 2; 16; 1; 512; 128; 1],0.14322449988685548,0.39046429470874205,tvm
8,1,1,1,256,64,1,[8; 1; 1; 1; 256; 64; 1],0.13469365914352238,0.41519440253489326,tvm
16,1,64,1,64,64,1,[16; 1; 64; 1; 64; 64; 1],0.14586226711980999,0.3834031544799575,tvm
16,2,64,1,64,64,1,[16; 2; 64; 1; 64; 64; 1],0.1441323950421065,0.38800474603225604,tvm
4,1,64,1,256,128,1,[4; 1; 64; 1; 256; 128; 1],0.13377378904260695,0.4180494081357113,tvm
4,2,32,1,512,64,1,[4; 2; 32; 1; 512; 64; 1],0.13091532792896032,0.4271772772373902,tvm
4,2,8,1,128,128,1,[4; 2; 8; 1; 128; 128; 1],0.12886560917831957,0.4339719005708315,tvm
4,4,8,1,128,128,1,[4; 4; 8; 1; 128; 128; 1],0.12810853798873723,0.43653650421215445,tvm
16,2,16,1,2048,64,1,[16; 2; 16; 1; 2048; 64; 1],0.13563578994944692,0.41231044810648354,tvm
14,7,32,1,2048,64,1,[14; 7; 32; 1; 2048; 64; 1],0.1264322460629046,0.44232428889627656,tvm
7,7,32,1,1024,64,1,[7; 7; 32; 1; 1024; 64; 1],0.11590984906069934,0.4824788729044689,tvm
7,7,32,1,64,64,1,[7; 7; 32; 1; 64; 64; 1],0.11438698996789753,0.48890221999047534,tvm
28,14,8,1,64,16,1,[28; 14; 8; 1; 64; 16; 1],0.219797866884619,0.25443401305932684,tvm
16,8,64,1,16,16,1,[16; 8; 64; 1; 16; 16; 1],0.20258346991613507,0.2760543757912954,tvm
4,1,4,1,256,16,0,[4; 1; 4; 1; 256; 16; 0],0.18667937885038555,0.29957274165859393,tvm
28,14,64,1,2048,16,1,[28; 14; 64; 1; 2048; 16; 1],0.22161303600296378,0.2523500166866782,tvm
8,4,4,1,2048,128,1,[8; 4; 4; 1; 2048; 128; 1],0.19986956077627838,0.27980275293610746,tvm
7,1,1,1,1024,16,0,[7; 1; 1; 1; 1024; 16; 0],0.19708679500035942,0.28375342616551935,tvm
8,4,32,1,1024,16,1,[8; 4; 32; 1; 1024; 16; 1],0.21004971000365913,0.2662419925852748,tvm
7,1,16,1,128,16,1,[7; 1; 16; 1; 128; 16; 1],0.17725892108865082,0.3154935897717925,tvm
4,2,2,1,512,64,0,[4; 2; 2; 1; 512; 64; 0],0.1651308168657124,0.3386651528455277,tvm
14,1,64,1,32,16,1,[14; 1; 64; 1; 32; 16; 1],0.18203151086345315,0.3072218269686478,tvm
4,2,8,1,4096,64,1,[4; 2; 8; 1; 4096; 64; 1],0.1830326698254794,0.3055413734971828,tvm
8,4,1,1,2048,64,1,[8; 4; 1; 1; 2048; 64; 1],0.23836950212717056,0.2346107737536732,tvm
4,1,32,1,512,128,0,[4; 1; 32; 1; 512; 128; 0],0.17653874680399895,0.3167806181122531,tvm
8,4,4,1,512,128,0,[8; 4; 4; 1; 512; 128; 0],0.18749088002368808,0.298276125890858,tvm
4,1,4,1,1024,64,0,[4; 1; 4; 1; 1024; 64; 0],0.17148298700340092,0.32612012602873675,tvm
8,8,1,1,2048,16,1,[8; 8; 1; 1; 2048; 16; 1],0.2507956090848893,0.2229865727609456,tvm
16,4,8,1,2048,16,1,[16; 4; 8; 1; 2048; 16; 1],0.17579368478618562,0.3181232215557268,tvm
4,2,64,1,4096,128,0,[4; 2; 64; 1; 4096; 128; 0],0.16159703698940575,0.3460710318407614,tvm
7,7,2,1,512,16,0,[7; 7; 2; 1; 512; 16; 0],0.1548996779602021,0.36103401937156854,tvm
16,4,8,1,128,64,0,[16; 4; 8; 1; 128; 64; 0],0.20999402599409223,0.2663125918396681,tvm
8,8,2,1,1024,16,0,[8; 8; 2; 1; 1024; 16; 0],0.1414713568519801,0.3953030109963959,tvm
8,8,8,1,1024,128,1,[8; 8; 8; 1; 1024; 128; 1],0.16907094907946885,0.33077269417259386,tvm
7,7,1,1,1024,64,0,[7; 7; 1; 1; 1024; 64; 0],0.1442913170903921,0.38757739870306535,tvm
14,7,1,1,64,64,1,[14; 7; 1; 1; 64; 64; 1],0.13917341106571257,0.401830011243513,tvm
16,4,8,1,64,64,0,[16; 4; 8; 1; 64; 64; 0],0.1625684779137373,0.34400305674884873,tvm
16,2,16,1,128,64,0,[16; 2; 16; 1; 128; 64; 0],0.1919481649529189,0.29134976803268947,tvm
8,1,32,1,4096,128,0,[8; 1; 32; 1; 4096; 128; 0],0.1624659919179976,0.34422005906048453,tvm
8,1,16,1,512,128,0,[8; 1; 16; 1; 512; 128; 0],0.15579386707395315,0.3589618409483794,tvm
16,8,16,1,64,64,0,[16; 8; 16; 1; 64; 64; 0],0.16551688103936613,0.33787522446144025,tvm
8,2,32,1,512,64,0,[8; 2; 32; 1; 512; 64; 0],0.16364284208975732,0.3417445738485723,tvm
8,8,16,1,64,64,0,[8; 8; 16; 1; 64; 64; 0],0.15457492507994175,0.36179253073815826,tvm
14,14,32,1,512,128,0,[14; 14; 32; 1; 512; 128; 0],0.1629270319826901,0.3432460080612951,tvm
7,1,16,1,4096,128,1,[7; 1; 16; 1; 4096; 128; 1],0.1653528951574117,0.3382103063880138,tvm
8,4,16,1,512,128,0,[8; 4; 16; 1; 512; 128; 0],0.1540026320144534,0.3631369970877171,tvm
8,4,32,1,1024,128,0,[8; 4; 32; 1; 1024; 128; 0],0.1583334889728576,0.3532042001734715,tvm
16,4,8,1,1024,64,1,[16; 4; 8; 1; 1024; 64; 1],0.15449033910408616,0.3619906180389385,tvm
16,4,16,1,256,128,0,[16; 4; 16; 1; 256; 128; 0],0.15885886107571423,0.35203609641063205,tvm
7,7,32,1,4096,64,1,[7; 7; 32; 1; 4096; 64; 1],0.16672183806076646,0.33543328206920464,tvm
8,1,16,1,2048,64,0,[8; 1; 16; 1; 2048; 64; 0],0.1443858991842717,0.3873235104624765,tvm
14,14,64,1,256,128,0,[14; 14; 64; 1; 256; 128; 0],0.1633125189691782,0.3424358015314663,tvm
16,1,16,1,2048,64,0,[16; 1; 16; 1; 2048; 64; 0],0.13716030004434288,0.4077276975571905,tvm
7,7,64,1,4096,64,1,[7; 7; 64; 1; 4096; 64; 1],0.15434226603247225,0.3623379050400064,tvm
8,2,32,1,4096,64,1,[8; 2; 32; 1; 4096; 64; 1],0.16469970508478582,0.33955163006845807,tvm
4,4,4,1,128,128,1,[4; 4; 4; 1; 128; 128; 1],0.15108880097977817,0.3701402947847753,tvm
14,2,64,1,256,128,1,[14; 2; 64; 1; 256; 128; 1],0.15123387798666954,0.3697852232438471,tvm
16,8,16,1,4096,64,0,[16; 8; 16; 1; 4096; 64; 0],0.1509938749950379,0.37037299251490274,tvm
16,4,16,1,4096,64,0,[16; 4; 16; 1; 4096; 64; 0],0.1477007840294391,0.37863071412123844,tvm
4,2,1,1,1024,16,1,[4; 2; 1; 1; 1024; 16; 1],0.13708337722346187,0.40795648944489177,tvm
14,2,32,1,2048,128,1,[14; 2; 32; 1; 2048; 128; 1],0.14803943689912558,0.37776456398871683,tvm
16,2,64,1,128,128,1,[16; 2; 64; 1; 128; 128; 1],0.15138416993431747,0.3694181059855707,tvm
14,14,32,1,2048,128,1,[14; 14; 32; 1; 2048; 128; 1],0.1485009379684925,0.37659057308579935,tvm
4,4,8,1,256,128,1,[4; 4; 8; 1; 256; 128; 1],0.14295098511502147,0.3912113882134889,tvm
8,8,64,1,1024,128,0,[8; 8; 64; 1; 1024; 128; 0],0.13983361795544624,0.3999328212415404,tvm
7,1,32,1,1024,128,1,[7; 1; 32; 1; 1024; 128; 1],0.13901322591118515,0.40229304058495075,tvm
8,8,32,1,2048,128,1,[8; 8; 32; 1; 2048; 128; 1],0.14145654696039855,0.3953443975201059,tvm
7,7,4,1,64,16,1,[7; 7; 4; 1; 64; 16; 1],0.16791589092463255,0.3330480100804415,tvm
8,2,64,1,512,128,1,[8; 2; 64; 1; 512; 128; 1],0.13118744106031954,0.4262912126445064,tvm
8,2,4,1,256,64,1,[8; 2; 4; 1; 256; 64; 1],0.131500702816993,0.4252756991813326,tvm
8,4,4,1,128,64,1,[8; 4; 4; 1; 128; 64; 1],0.13812271179631352,0.4048867315594215,tvm
7,7,4,1,128,64,1,[7; 7; 4; 1; 128; 64; 1],0.13111721607856452,0.4265195296689645,tvm
4,1,16,1,128,128,1,[4; 1; 16; 1; 128; 128; 1],0.12777231191284955,0.43768522691737627,tvm
14,7,16,1,512,64,1,[14; 7; 16; 1; 512; 64; 1],0.13556384784169495,0.4125292563149934,tvm
14,14,64,1,2048,64,1,[14; 14; 64; 1; 2048; 64; 1],0.1226409210357815,0.45599831492636156,tvm
8,8,2,1,256,16,1,[8; 8; 2; 1; 256; 16; 1],0.12312946282327175,0.4541890466427306,tvm
56,14,16,1,2048,64,1,[56; 14; 16; 1; 2048; 64; 1],0.21714181290008128,0.2575462209992095,tvm
8,8,1,1,2048,64,1,[8; 8; 1; 1; 2048; 64; 1],0.23932822002097964,0.23367095333943905,tvm
28,14,8,1,512,64,0,[28; 14; 8; 1; 512; 64; 0],0.16186613705940545,0.34549569384490225,tvm
14,2,1,1,256,128,1,[14; 2; 1; 1; 256; 128; 1],0.22400293499231339,0.24965768120516973,tvm
8,8,8,1,4096,16,0,[8; 8; 8; 1; 4096; 16; 0],0.16651817597448826,0.3358435378363818,tvm
7,1,2,1,4096,64,1,[7; 1; 2; 1; 4096; 64; 1],0.181804901920259,0.30760476061235165,tvm
28,14,1,1,64,64,1,[28; 14; 1; 1; 64; 64; 1],0.15988548402674496,0.34977567647090835,tvm
14,2,16,1,256,128,1,[14; 2; 16; 1; 256; 128; 1],0.17157934908755124,0.3259369710325521,tvm
14,1,2,1,64,64,1,[14; 1; 2; 1; 64; 64; 1],0.15911655500531197,0.35146596362312116,tvm
4,2,4,1,2048,64,0,[4; 2; 4; 1; 2048; 64; 0],0.19679260603152215,0.28417761450028994,tvm
4,4,8,1,2048,64,1,[4; 4; 8; 1; 2048; 64; 1],0.14643547777086496,0.3819023517022326,tvm
16,1,64,1,256,16,1,[16; 1; 64; 1; 256; 16; 1],0.17446416895836592,0.3205475007689346,tvm
2,1,4,1,128,16,1,[2; 1; 4; 1; 128; 16; 1],0.15022949106059968,0.37225749044689666,tvm
4,1,2,1,128,16,0,[4; 1; 2; 1; 128; 16; 0],0.17269301088526845,0.32383507037518405,tvm
16,4,64,1,1024,128,0,[16; 4; 64; 1; 1024; 128; 0],0.13697790587320924,0.4082706110655413,tvm
14,1,8,1,512,16,1,[14; 1; 8; 1; 512; 16; 1],0.16791667696088552,0.33304645104643343,tvm
4,4,8,1,64,64,1,[4; 4; 8; 1; 64; 64; 1],0.12185406405478716,0.45894286552633284,tvm
8,1,4,1,256,16,1,[8; 1; 4; 1; 256; 16; 1],0.13431012816727161,0.41638001613463416,tvm
14,7,32,1,512,128,0,[14; 7; 32; 1; 512; 128; 0],0.1589991480577737,0.3517254904599416,tvm
4,1,32,1,2048,128,0,[4; 1; 32; 1; 2048; 128; 0],0.17840859084390104,0.31346054059843004,tvm
4,4,1,1,256,128,0,[4; 4; 1; 1; 256; 128; 0],0.1647327048704028,0.33948360999310645,tvm
14,7,64,1,256,128,0,[14; 7; 64; 1; 256; 128; 0],0.14456678298301995,0.38683888635677727,tvm
16,16,8,1,2048,128,0,[16; 16; 8; 1; 2048; 128; 0],0.13004765706136823,0.4300273807081608,tvm
16,8,32,1,128,128,1,[16; 8; 32; 1; 128; 128; 1],0.14985544001683593,0.37318667461822136,tvm
16,8,8,1,2048,16,1,[16; 8; 8; 1; 2048; 16; 1],0.17462448100559413,0.3202532257292252,tvm
16,1,64,1,128,64,0,[16; 1; 64; 1; 128; 64; 0],0.15710347588174045,0.35596954821948135,tvm
14,14,32,1,2048,128,0,[14; 14; 32; 1; 2048; 128; 0],0.1580143121536821,0.35391764563036876,tvm
16,2,16,1,2048,128,1,[16; 2; 16; 1; 2048; 128; 1],0.15970005095005035,0.35018181272105414,tvm
4,1,32,1,128,64,1,[4; 1; 32; 1; 128; 64; 1],0.12818765500560403,0.43626707525688396,tvm
14,1,16,1,128,16,1,[14; 1; 16; 1; 128; 16; 1],0.1662782928906381,0.33632804595916077,tvm
8,1,32,1,128,64,0,[8; 1; 32; 1; 128; 64; 0],0.1492587758693844,0.37467849382787505,tvm
16,4,16,1,64,64,1,[16; 4; 16; 1; 64; 64; 1],0.14607731881551445,0.382838717104067,tvm
8,4,32,1,4096,64,0,[8; 4; 32; 1; 4096; 64; 0],0.16315415198914707,0.3427681897856536,tvm
4,1,2,1,2048,16,1,[4; 1; 2; 1; 2048; 16; 1],0.1876565448474139,0.29801280514253287,tvm
7,7,4,1,4096,16,0,[7; 7; 4; 1; 4096; 16; 0],0.15584170282818377,0.3588516572806566,tvm
4,2,64,1,128,128,0,[4; 2; 64; 1; 128; 128; 0],0.16749146883375943,0.33389195117059794,tvm
4,1,32,1,64,64,1,[4; 1; 32; 1; 64; 64; 1],0.12087378604337573,0.46266486029704496,tvm
4,1,2,1,512,128,0,[4; 1; 2; 1; 512; 128; 0],0.18751920107752085,0.2982310772016046,tvm
7,1,16,1,256,64,1,[7; 1; 16; 1; 256; 64; 1],0.11819958593696356,0.47313239627724174,tvm
8,2,16,1,2048,16,1,[8; 2; 16; 1; 2048; 16; 1],0.19707899307832122,0.2837646593369215,tvm
14,1,8,1,4096,16,1,[14; 1; 8; 1; 4096; 16; 1],0.17778829205781221,0.3145541963761498,tvm
7,1,4,1,2048,128,0,[7; 1; 4; 1; 2048; 128; 0],0.1762657940853387,0.31727116213062767,tvm
7,7,4,1,1024,64,0,[7; 7; 4; 1; 1024; 64; 0],0.18341870489530265,0.3048983110269772,tvm
14,7,32,1,512,128,1,[14; 7; 32; 1; 512; 128; 1],0.1475855610333383,0.37892631868439064,tvm
16,4,8,1,4096,16,1,[16; 4; 8; 1; 4096; 16; 1],0.17821810417808592,0.31379557981073997,tvm
8,4,4,1,2048,16,0,[8; 4; 4; 1; 2048; 16; 0],0.17855762597173452,0.3131989072378575,tvm
14,2,64,1,256,128,0,[14; 2; 64; 1; 256; 128; 0],0.15051119006238878,0.3715607677419341,tvm
16,16,8,1,2048,128,1,[16; 16; 8; 1; 2048; 128; 1],0.18695392599329352,0.2991328105906664,tvm
7,1,1,1,256,64,0,[7; 1; 1; 1; 256; 64; 0],0.1858082339167595,0.30097726109590406,tvm
16,1,64,1,64,16,1,[16; 1; 64; 1; 64; 16; 1],0.1805657921358943,0.30971565916120336,tvm
16,2,16,1,32,16,1,[16; 2; 16; 1; 32; 16; 1],0.1797229249496013,0.3111681681622743,tvm
7,7,2,1,1024,128,1,[7; 7; 2; 1; 1024; 128; 1],0.2568864200729877,0.21769953163520264,tvm
8,8,8,1,256,64,1,[8; 8; 8; 1; 256; 64; 1],0.11914123012684286,0.46939294880365257,tvm
14,2,32,1,1024,64,1,[14; 2; 32; 1; 1024; 64; 1],0.1250183831434697,0.44732664050818444,tvm
4,1,4,1,256,64,1,[4; 1; 4; 1; 256; 64; 1],0.1350432930048555,0.41411944339451623,tvm
4,2,1,1,512,16,1,[4; 2; 1; 1; 512; 16; 1],0.1413050398696214,0.3957682852991871,tvm
8,2,4,1,2048,64,1,[8; 2; 4; 1; 2048; 64; 1],0.14658190100453794,0.38152086274008695,tvm
4,1,32,1,512,128,1,[4; 1; 32; 1; 512; 128; 1],0.13172832713462412,0.4245408299778976,tvm
16,4,64,1,2048,64,0,[16; 4; 64; 1; 2048; 64; 0],0.15171471401117742,0.368613246894518,tvm
8,4,1,1,1024,128,0,[8; 4; 1; 1; 1024; 128; 0],0.16463698400184512,0.33968098767350224,tvm
16,8,64,1,1024,128,0,[16; 8; 64; 1; 1024; 128; 0],0.13758773892186582,0.40646102459094724,tvm
16,16,64,1,128,64,0,[16; 16; 64; 1; 128; 64; 0],0.163580876076594,0.34187402998837,tvm
16,16,32,1,128,128,1,[16; 16; 32; 1; 128; 128; 1],0.1496001749765128,0.37382344868322115,tvm
14,14,8,1,256,64,1,[14; 14; 8; 1; 256; 64; 1],0.15946531086228788,0.35069729605098005,tvm
16,16,4,1,1024,64,0,[16; 16; 4; 1; 1024; 64; 0],0.1632136390544474,0.34264325982387595,tvm
14,1,32,1,2048,128,1,[14; 1; 32; 1; 2048; 128; 1],0.20644457382149994,0.270891369524139,tvm
7,7,1,1,16,16,1,[7; 7; 1; 1; 16; 16; 1],0.20906831906177104,0.26749176338290687,tvm
28,14,32,1,1024,128,0,[28; 14; 32; 1; 1024; 128; 0],0.2214122659061104,0.25257884022129046,tvm
4,1,16,1,4096,128,0,[4; 1; 16; 1; 4096; 128; 0],0.18747534696012735,0.2983008392310237,tvm
28,14,4,1,2048,64,0,[28; 14; 4; 1; 2048; 64; 0],0.17416689894162118,0.3210946148388303,tvm
28,14,1,1,512,64,1,[28; 14; 1; 1; 512; 64; 1],0.2178101388271898,0.25675596937066086,tvm
1,1,64,1,512,128,1,[1; 1; 64; 1; 512; 128; 1],0.41326220287010074,0.1353234168161073,tvm
7,7,64,1,256,16,1,[7; 7; 64; 1; 256; 16; 1],0.18926653102971613,0.295477774274591,tvm
8,4,2,1,128,16,0,[8; 4; 2; 1; 128; 16; 0],0.18007920985110104,0.3105525250781269,tvm
4,4,1,1,256,16,0,[4; 4; 1; 1; 256; 16; 0],0.16448347503319383,0.33999800479681924,tvm
2,1,1,1,1024,64,1,[2; 1; 1; 1; 1024; 64; 1],0.20829444495029747,0.26848557265498724,tvm
16,4,2,1,128,128,1,[16; 4; 2; 1; 128; 128; 1],0.14946517487987876,0.3741610939021617,tvm
2,1,32,1,128,64,1,[2; 1; 32; 1; 128; 64; 1],0.157407368067652,0.35528230996974536,tvm
14,7,64,1,32,16,1,[14; 7; 64; 1; 32; 16; 1],0.1796402840409428,0.31131131656743194,tvm
4,2,2,1,512,64,0,[4; 2; 2; 1; 512; 64; 0],0.16654509608633816,0.335789252565815,tvm
4,2,32,1,128,128,0,[4; 2; 32; 1; 128; 128; 0],0.1733527360484004,0.32260265749551964,tvm
4,4,8,1,4096,64,1,[4; 4; 8; 1; 4096; 64; 1],0.19563824287615716,0.2858544040836349,tvm
7,7,2,1,256,16,0,[7; 7; 2; 1; 256; 16; 0],0.182715130969882,0.3060723708894783,tvm
14,14,8,1,256,128,1,[14; 14; 8; 1; 256; 128; 1],0.2003613451961428,0.2791159805729331,tvm
8,2,4,1,32,16,1,[8; 2; 4; 1; 32; 16; 1],0.2128828470595181,0.2626987289290527,tvm
28,14,32,1,1024,64,1,[28; 14; 32; 1; 1024; 64; 1],0.14795430097728968,0.377981937422133,tvm
14,1,8,1,128,16,1,[14; 1; 8; 1; 128; 16; 1],0.18171931197866797,0.307749642701147,tvm
14,7,32,1,128,16,1,[14; 7; 32; 1; 128; 16; 1],0.16618947498500347,0.3365077923158478,tvm
8,2,1,1,128,64,0,[8; 2; 1; 1; 128; 64; 0],0.1533073610626161,0.36478387564503173,tvm
8,1,4,1,4096,64,1,[8; 1; 4; 1; 4096; 64; 1],0.1601983429864049,0.34909258292440193,tvm
14,2,8,1,512,16,1,[14; 2; 8; 1; 512; 16; 1],0.16562916594557464,0.33764616886200977,tvm
8,4,4,1,1024,128,0,[8; 4; 4; 1; 1024; 128; 0],0.16993362712673843,0.32909350714690827,tvm
7,1,32,1,1024,64,0,[7; 1; 32; 1; 1024; 64; 0],0.16650264686904848,0.33587486076012146,tvm
8,4,8,1,128,64,0,[8; 4; 8; 1; 128; 64; 0],0.15238227602094412,0.36699841210960044,tvm
8,1,32,1,1024,64,0,[8; 1; 32; 1; 1024; 64; 0],0.16280003800056875,0.3435137609312964,tvm
16,1,64,1,1024,64,0,[16; 1; 64; 1; 1024; 64; 0],0.15145683498121798,0.36924086879452106,tvm
16,2,32,1,2048,64,0,[16; 2; 32; 1; 2048; 64; 0],0.17544207395985723,0.3187607856603957,tvm
14,14,32,1,2048,128,0,[14; 14; 32; 1; 2048; 128; 0],0.1599113531410694,0.3497190927025592,tvm
14,14,8,1,512,128,0,[14; 14; 8; 1; 512; 128; 0],0.15267212502658367,0.3663016632774037,tvm
7,1,16,1,64,64,0,[7; 1; 16; 1; 64; 64; 0],0.15985801699571311,0.3498357754233436,tvm
16,8,64,1,256,64,0,[16; 8; 64; 1; 256; 64; 0],0.15289201098494232,0.36577485620776523,tvm
4,1,1,1,512,16,1,[4; 1; 1; 1; 512; 16; 1],0.17523536295630038,0.3191368020122713,tvm
8,1,32,1,4096,64,1,[8; 1; 32; 1; 4096; 64; 1],0.17056206613779068,0.32788095618022356,tvm
14,7,8,1,512,64,0,[14; 7; 8; 1; 512; 64; 0],0.15272829495370388,0.36616694601537614,tvm
7,1,16,1,4096,64,1,[7; 1; 16; 1; 4096; 64; 1],0.1564703220501542,0.35740997142836917,tvm
14,2,64,1,128,128,0,[14; 2; 64; 1; 128; 128; 0],0.15016375691629946,0.37242044606346075,tvm
14,2,8,1,1024,64,1,[14; 2; 8; 1; 1024; 64; 1],0.15195835288614035,0.368022239456861,tvm
16,2,32,1,4096,128,1,[16; 2; 32; 1; 4096; 128; 1],0.16243540798313916,0.3442848700767155,tvm
16,2,64,1,256,128,1,[16; 2; 64; 1; 256; 128; 1],0.14858043403364718,0.3763890831054438,tvm
14,14,16,1,1024,128,0,[14; 14; 16; 1; 1024; 128; 0],0.1377897821366787,0.4058650247219364,tvm
14,14,64,1,1024,128,0,[14; 14; 64; 1; 1024; 128; 0],0.14896147907711565,0.37542627583861526,tvm
8,1,16,1,512,128,1,[8; 1; 16; 1; 512; 128; 1],0.14680962497368455,0.3809290660837643,tvm
16,4,32,1,1024,128,1,[16; 4; 32; 1; 1024; 128; 1],0.14515657909214497,0.3852670935282438,tvm
16,4,32,1,128,64,1,[16; 4; 32; 1; 128; 64; 1],0.14680870389565825,0.3809314560332907,tvm
8,8,32,1,512,128,1,[8; 8; 32; 1; 512; 128; 1],0.13654156890697777,0.409575294769265,tvm
16,2,32,1,256,64,1,[16; 2; 32; 1; 256; 64; 1],0.13527553202584386,0.41340848929464397,tvm
14,2,32,1,256,64,1,[14; 2; 32; 1; 256; 64; 1],0.1306041090283543,0.4281952057204583,tvm
4,2,2,1,512,16,1,[4; 2; 2; 1; 512; 16; 1],0.11982192820869386,0.4667263677807822,tvm
16,1,16,1,1024,64,1,[16; 1; 16; 1; 1024; 64; 1],0.1356797341722995,0.41217690817639324,tvm
8,1,1,1,512,64,1,[8; 1; 1; 1; 512; 64; 1],0.12558436207473278,0.4453106454452827,tvm
4,2,1,1,256,64,1,[4; 2; 1; 1; 256; 64; 1],0.15561003098264337,0.35938591477802007,tvm
4,4,1,1,1024,16,1,[4; 4; 1; 1; 1024; 16; 1],0.12795471912249923,0.4370612800907614,tvm
16,1,32,1,2048,64,1,[16; 1; 32; 1; 2048; 64; 1],0.12747836904600263,0.4386944526498628,tvm
14,14,32,1,2048,64,1,[14; 14; 32; 1; 2048; 64; 1],0.12545361393131316,0.445774749573593,tvm
7,1,16,1,256,64,1,[7; 1; 16; 1; 256; 64; 1],0.11742651811800897,0.47624722447387813,tvm
7,1,32,1,128,64,1,[7; 1; 32; 1; 128; 64; 1],0.11592931603081524,0.4823978545553407,tvm
8,1,32,1,128,64,1,[8; 1; 32; 1; 128; 64; 1],0.11424066801555455,0.48952841667311453,tvm
8,1,32,1,512,64,1,[8; 1; 32; 1; 512; 64; 1],0.11203844496048987,0.4991505670491485,tvm
16,8,1,1,32,16,1,[16; 8; 1; 1; 32; 16; 1],0.1811048409435898,0.3087938071779785,tvm
14,14,1,1,64,16,1,[14; 14; 1; 1; 64; 16; 1],0.17087069805711508,0.32728872749522103,tvm
56,14,64,1,256,64,1,[56; 14; 64; 1; 256; 64; 1],0.22599947499111295,0.24745213826506657,tvm
4,1,4,1,2048,64,0,[4; 1; 4; 1; 2048; 64; 0],0.197388089960441,0.2833203023776217,tvm
7,7,64,1,128,16,1,[7; 7; 64; 1; 128; 16; 1],0.19573931116610765,0.28570680564965945,tvm
32,16,4,1,64,64,1,[32; 16; 4; 1; 64; 64; 1],0.2640205789357424,0.211817024107595,tvm
16,1,32,1,1024,128,1,[16; 1; 32; 1; 1024; 128; 1],0.20213267812505364,0.27667002610401636,tvm
4,1,8,1,256,16,1,[4; 1; 8; 1; 256; 16; 1],0.138126275036484,0.4048762867062174,tvm
14,7,8,1,2048,16,0,[14; 7; 8; 1; 2048; 16; 0],0.18310820311307907,0.3054153357553143,tvm
14,2,4,1,2048,64,0,[14; 2; 4; 1; 2048; 64; 0],0.16096056788228452,0.34743946339846626,tvm
8,2,16,1,1024,16,1,[8; 2; 16; 1; 1024; 16; 1],0.19286791398189962,0.28996037847218964,tvm
2,2,16,1,256,128,1,[2; 2; 16; 1; 256; 128; 1],0.2250603260472417,0.24848472547575753,tvm
1,1,8,1,256,64,1,[1; 1; 8; 1; 256; 64; 1],0.4166162759065628,0.1342339619633002,tvm
7,1,8,1,4096,16,1,[7; 1; 8; 1; 4096; 16; 1],0.23698332300409675,0.2359830751987834,tvm
14,14,4,1,2048,64,0,[14; 14; 4; 1; 2048; 64; 0],0.16051219799555838,0.34840999021694813,tvm
4,4,8,1,4096,64,1,[4; 4; 8; 1; 4096; 64; 1],0.1850022419821471,0.3022885167993265,tvm
28,14,32,1,512,64,0,[28; 14; 32; 1; 512; 64; 0],0.17236976814456284,0.32444235398884463,tvm
7,7,1,1,256,16,0,[7; 7; 1; 1; 256; 16; 0],0.2031592559069395,0.27527199331223323,tvm
1,1,4,1,512,16,1,[1; 1; 4; 1; 512; 16; 1],0.40173744899220765,0.13920547729275315,tvm
7,7,4,1,4096,16,0,[7; 7; 4; 1; 4096; 16; 0],0.1569058548193425,0.3564178876417512,tvm
14,7,4,1,64,64,0,[14; 7; 4; 1; 64; 64; 0],0.16642975714057684,0.3360219608209632,tvm
8,8,4,1,128,64,0,[8; 8; 4; 1; 128; 64; 0],0.15786574804224074,0.35425071002969893,tvm
8,1,2,1,1024,16,0,[8; 1; 2; 1; 1024; 16; 0],0.15409398009069264,0.3629217267307847,tvm
14,14,32,1,128,16,1,[14; 14; 32; 1; 128; 16; 1],0.1646322028245777,0.3396908525419094,tvm
14,14,16,1,256,16,1,[14; 14; 16; 1; 256; 16; 1],0.16303559392690659,0.3430174478243423,tvm
7,7,4,1,1024,64,0,[7; 7; 4; 1; 1024; 64; 0],0.18329057493247092,0.3051114513331481,tvm
16,4,16,1,128,64,0,[16; 4; 16; 1; 128; 64; 0],0.1925114041659981,0.2904973530041437,tvm
14,1,64,1,512,16,1,[14; 1; 64; 1; 512; 16; 1],0.16030220594257116,0.3488663989650169,tvm
14,14,16,1,128,64,0,[14; 14; 16; 1; 128; 64; 0],0.19227311597205698,0.290857372600446,tvm
8,1,2,1,32,16,1,[8; 1; 2; 1; 32; 16; 1],0.1617262209765613,0.345794596544974,tvm
8,1,16,1,4096,128,0,[8; 1; 16; 1; 4096; 128; 0],0.16421309602446854,0.34055781595519263,tvm
14,7,32,1,512,64,0,[14; 7; 32; 1; 512; 64; 0],0.17904354888014495,0.31234888764838953,tvm
8,2,2,1,128,64,1,[8; 2; 2; 1; 128; 64; 1],0.16638710699044168,0.3361080936189723,tvm
8,1,8,1,256,128,1,[8; 1; 8; 1; 256; 128; 1],0.16739773494191468,0.33407891303151993,tvm
8,4,32,1,4096,128,0,[8; 4; 32; 1; 4096; 128; 0],0.16076640994288027,0.3478590667864198,tvm
16,2,32,1,1024,64,0,[16; 2; 32; 1; 1024; 64; 0],0.17054100707173347,0.3279214441944182,tvm
14,7,64,1,64,64,0,[14; 7; 64; 1; 64; 64; 0],0.16438299790024757,0.3402058244932952,tvm
8,4,8,1,128,128,0,[8; 4; 8; 1; 128; 128; 0],0.1454142511356622,0.38458440556255913,tvm
8,8,32,1,1024,128,0,[8; 8; 32; 1; 1024; 128; 0],0.1609193980693817,0.34752835272986304,tvm
16,4,8,1,128,128,0,[16; 4; 8; 1; 128; 128; 0],0.14718036097474396,0.3799695350857976,tvm
8,1,4,1,64,16,1,[8; 1; 4; 1; 64; 16; 1],0.1797104540746659,0.31118976144870275,tvm
7,7,64,1,128,128,0,[7; 7; 64; 1; 128; 128; 0],0.1690188441425562,0.3308746644023024,tvm
7,1,4,1,128,128,1,[7; 1; 4; 1; 128; 128; 1],0.14179488294757903,0.3944010684363569,tvm
8,4,64,1,64,64,0,[8; 4; 64; 1; 64; 64; 0],0.15354165597818792,0.36422723838068993,tvm
16,8,16,1,256,128,0,[16; 8; 16; 1; 256; 128; 0],0.16344837308861315,0.34215117762606445,tvm
16,1,8,1,1024,64,1,[16; 1; 8; 1; 1024; 64; 1],0.15529081807471812,0.3601246617583372,tvm
14,7,64,1,128,128,0,[14; 7; 64; 1; 128; 128; 0],0.1685150139965117,0.33186392124378294,tvm
7,1,1,1,1024,16,1,[7; 1; 1; 1; 1024; 16; 1],0.18238453310914338,0.30662717051706906,tvm
14,2,8,1,512,64,1,[14; 2; 8; 1; 512; 64; 1],0.15111417090520263,0.37007815348049505,tvm
8,1,1,1,1024,16,1,[8; 1; 1; 1; 1024; 16; 1],0.18678619503043592,0.2994014269856548,tvm
16,2,64,1,2048,64,0,[16; 2; 64; 1; 2048; 64; 0],0.15039741387590766,0.37184185480394005,tvm
8,8,64,1,512,128,0,[8; 8; 64; 1; 512; 128; 0],0.13779974984936416,0.4058356665702712,tvm
16,2,32,1,2048,128,1,[16; 2; 32; 1; 2048; 128; 1],0.14822277706116438,0.3772972983110158,tvm
14,7,32,1,1024,128,1,[14; 7; 32; 1; 1024; 128; 1],0.14682137384079397,0.38089858356709483,tvm
7,1,16,1,256,128,1,[7; 1; 16; 1; 256; 128; 1],0.15098244603723288,0.37040102873642833,tvm
14,2,64,1,512,128,1,[14; 2; 64; 1; 512; 128; 1],0.14229882787913084,0.3930043147005781,tvm
16,8,32,1,1024,128,1,[16; 8; 32; 1; 1024; 128; 1],0.14521700609475374,0.3851067780370229,tvm
7,1,32,1,256,128,1,[7; 1; 32; 1; 256; 128; 1],0.14699964108876884,0.38043666582534313,tvm
14,14,8,1,2048,64,0,[14; 14; 8; 1; 2048; 64; 0],0.13809054205194116,0.40498105447582466,tvm
7,1,1,1,512,128,1,[7; 1; 1; 1; 512; 128; 1],0.11825207807123661,0.47292237265922676,tvm
8,1,4,1,512,64,1,[8; 1; 4; 1; 512; 64; 1],0.1295578891877085,0.4316530138300447,tvm
4,4,4,1,256,64,1,[4; 4; 4; 1; 256; 64; 1],0.13448667107149959,0.4158334271178548,tvm
8,1,8,1,128,64,1,[8; 1; 8; 1; 128; 64; 1],0.12447727611288428,0.4492711849078195,tvm
7,7,4,1,512,16,1,[7; 7; 4; 1; 512; 16; 1],0.10777012212201953,0.5189198289115324,tvm
