kc,ku,mc,mr,nc,nr,nvr,pack_c,X,time,peak,backend
6,1,1,1,96,32,2,0,[6; 1; 1; 1; 96; 32; 2; 0],0.0019441014519543387,0.44470342355820486,tvm
6,2,1,1,3072,64,4,1,[6; 2; 1; 1; 3072; 64; 4; 1],0.03128223225940019,0.027637048541149997,tvm
3,1,1,1,768,32,2,1,[3; 1; 1; 1; 768; 32; 2; 1],0.004391914400912356,0.19685005045840012,tvm
6,2,197,1,3072,32,2,1,[6; 2; 197; 1; 3072; 32; 2; 1],0.028260737482924014,0.03059186165792586,tvm
8,8,197,1,64,32,2,0,[8; 8; 197; 1; 64; 32; 2; 0],0.002576672733994201,0.33552905653191,tvm
8,2,1,1,512,64,4,0,[8; 2; 1; 1; 512; 64; 4; 0],0.005144601913343649,0.16804965398511704,tvm
8,8,197,1,32,32,2,1,[8; 8; 197; 1; 32; 32; 2; 1],0.00444906871416606,0.194321244955333,tvm
48,1,1,1,128,128,8,1,[48; 1; 1; 1; 128; 128; 8; 1],0.006553080369485542,0.131930103505879,tvm
16,16,1,1,512,16,1,1,[16; 16; 1; 1; 512; 16; 1; 1],0.0036487590332399122,0.23694318083288066,tvm
16,4,1,1,192,16,1,0,[16; 4; 1; 1; 192; 16; 1; 0],0.0032172735009226017,0.26872088157275065,tvm
1,1,1,1,384,128,8,0,[1; 1; 1; 1; 384; 128; 8; 0],0.020683012524386868,0.041799934627956246,tvm
16,1,1,1,96,96,6,0,[16; 1; 1; 1; 96; 96; 6; 0],0.006789499195292592,0.12733613283701314,tvm
24,6,197,1,192,48,3,0,[24; 6; 197; 1; 192; 48; 3; 0],0.003973288650740869,0.2175901746447154,tvm
12,6,1,1,256,128,8,0,[12; 6; 1; 1; 256; 128; 8; 0],0.013930853136116639,0.062059987495465964,tvm
16,2,197,1,768,96,6,1,[16; 2; 197; 1; 768; 96; 6; 1],0.005544043408008292,0.1559418835321064,tvm
12,6,197,1,192,64,4,0,[12; 6; 197; 1; 192; 64; 4; 0],0.006110519221692812,0.1414852879210915,tvm
4,1,1,1,1024,32,2,1,[4; 1; 1; 1; 1024; 32; 2; 1],0.005664480340783484,0.152626281567956,tvm
8,8,197,1,32,32,2,1,[8; 8; 197; 1; 32; 32; 2; 1],0.0014999712966528023,0.5763767435802394,tvm
24,4,1,1,128,16,1,1,[24; 4; 1; 1; 128; 16; 1; 1],0.011465629810118116,0.075403495991614,tvm
24,24,197,1,512,64,4,0,[24; 24; 197; 1; 512; 64; 4; 0],0.004779835784574971,0.18087411584694185,tvm
24,4,1,1,768,96,6,0,[24; 4; 1; 1; 768; 96; 6; 0],0.012988872011192143,0.06656071217605458,tvm
12,4,197,1,192,48,3,0,[12; 4; 197; 1; 192; 48; 3; 0],0.005042556193075143,0.1714504585225726,tvm
4,1,197,1,768,32,2,1,[4; 1; 197; 1; 768; 32; 2; 1],0.004886023249127902,0.17694319640883477,tvm
12,3,1,1,384,96,6,1,[12; 3; 1; 1; 384; 96; 6; 1],0.007678447247599252,0.11259419301198972,tvm
8,8,197,1,64,16,1,1,[8; 8; 197; 1; 64; 16; 1; 1],0.004284359973098617,0.20179176746516375,tvm
24,3,197,1,384,128,8,0,[24; 3; 197; 1; 384; 128; 8; 0],0.0039055350280250423,0.22136495133824413,tvm
6,1,197,1,3072,96,6,0,[6; 1; 197; 1; 3072; 96; 6; 0],0.019284234003862366,0.04483188553174652,tvm
48,1,197,1,512,128,8,1,[48; 1; 197; 1; 512; 128; 8; 1],0.0036725090685649775,0.23541087449687123,tvm
2,1,1,1,192,48,3,1,[2; 1; 1; 1; 192; 48; 3; 1],0.003126498937490396,0.2765229058809578,tvm
24,4,197,1,192,96,6,1,[24; 4; 197; 1; 192; 96; 6; 1],0.005813593779748771,0.14871155505225753,tvm
6,3,1,1,3072,96,6,0,[6; 3; 1; 1; 3072; 96; 6; 0],0.03163375053554773,0.02732994212801463,tvm
2,1,1,1,1024,128,8,1,[2; 1; 1; 1; 1024; 128; 8; 1],0.00906920206034556,0.0953279644312644,tvm
24,6,197,1,128,32,2,0,[24; 6; 197; 1; 128; 32; 2; 0],0.002514541421987815,0.34381957834089755,tvm
12,6,197,1,1536,32,2,1,[12; 6; 197; 1; 1536; 32; 2; 1],0.009732566366437823,0.08883048302757182,tvm
16,8,197,1,192,16,1,0,[16; 8; 197; 1; 192; 16; 1; 0],0.003969133838836569,0.21781794379652047,tvm
24,4,1,1,32,32,2,0,[24; 4; 1; 1; 32; 32; 2; 0],0.0040869351287255995,0.21153958753883073,tvm
4,2,1,1,384,192,12,0,[4; 2; 1; 1; 384; 192; 12; 0],0.0071705415030010045,0.12056949549301706,tvm
12,12,197,1,96,48,3,0,[12; 12; 197; 1; 96; 48; 3; 0],0.005040936463046819,0.17150554817864636,tvm
24,3,1,1,96,48,3,1,[24; 3; 1; 1; 96; 48; 3; 1],0.014111611875705421,0.06126504746895568,tvm
2,1,1,1,64,64,4,1,[2; 1; 1; 1; 64; 64; 4; 1],0.013042704231338575,0.06628599070361979,tvm
24,4,197,1,16,16,1,1,[24; 4; 197; 1; 16; 16; 1; 1],0.0049471761885797605,0.17475596956185357,tvm
3,3,197,1,128,64,4,0,[3; 3; 197; 1; 128; 64; 4; 0],0.010707276058383286,0.08074402553128077,tvm
16,1,197,1,48,16,1,1,[16; 1; 197; 1; 48; 16; 1; 1],0.004286824776499998,0.20167574288735843,tvm
12,4,1,1,3072,64,4,0,[12; 4; 1; 1; 3072; 64; 4; 0],0.02845665201311931,0.030381246923566075,tvm
24,3,197,1,96,48,3,1,[24; 3; 197; 1; 96; 48; 3; 1],0.0017275542013521772,0.500446568189802,tvm
8,4,1,1,512,128,8,1,[8; 4; 1; 1; 512; 128; 8; 1],0.0024065757825155742,0.35924427467015635,tvm
12,6,197,1,48,16,1,0,[12; 6; 197; 1; 48; 16; 1; 0],0.008484051999403164,0.10190279025746078,tvm
24,24,1,1,1024,64,4,1,[24; 24; 1; 1; 1024; 64; 4; 1],0.008655860379803926,0.09988014287357941,tvm
24,4,1,1,768,96,6,0,[24; 4; 1; 1; 768; 96; 6; 0],0.007135299194487743,0.12116500624058821,tvm
32,4,1,1,3072,192,12,1,[32; 4; 1; 1; 3072; 192; 12; 1],0.022103048249846324,0.0391144498105406,tvm
24,8,1,1,512,64,4,1,[24; 8; 1; 1; 512; 64; 4; 1],0.004153908994339872,0.20812891486226773,tvm
6,3,197,1,3072,64,4,1,[6; 3; 197; 1; 3072; 64; 4; 1],0.019868065137416124,0.04351448243444844,tvm
6,2,1,1,96,16,1,1,[6; 2; 1; 1; 96; 16; 1; 1],0.0014268272352637723,0.6059237937582159,tvm
6,2,1,1,384,64,4,0,[6; 2; 1; 1; 384; 64; 4; 0],0.006340164996800013,0.1363605792380677,tvm
3,1,1,1,96,32,2,1,[3; 1; 1; 1; 96; 32; 2; 1],0.006498995368019678,0.1330280331761507,tvm
12,4,1,1,64,16,1,0,[12; 4; 1; 1; 64; 16; 1; 0],0.007439062683261,0.11621740644475742,tvm
12,12,197,1,256,64,4,0,[12; 12; 197; 1; 256; 64; 4; 0],0.0023110426409402862,0.37409459960324026,tvm
4,1,1,1,192,48,3,1,[4; 1; 1; 1; 192; 48; 3; 1],0.001670070800173562,0.5176718084878337,tvm
1,1,1,1,384,128,8,0,[1; 1; 1; 1; 384; 128; 8; 0],0.021195235138293356,0.040789760801784855,tvm
32,1,197,1,1024,128,8,1,[32; 1; 197; 1; 1024; 128; 8; 1],0.008083518376224674,0.1069520141095232,tvm
24,6,197,1,16,16,1,1,[24; 6; 197; 1; 16; 16; 1; 1],0.004960408310580533,0.1742897998103286,tvm
24,3,1,1,192,48,3,0,[24; 3; 1; 1; 192; 48; 3; 0],0.014478379860520363,0.05971307423602153,tvm
24,8,197,1,3072,192,12,1,[24; 8; 197; 1; 3072; 192; 12; 1],0.02512106648646295,0.03441528136930225,tvm
1,1,197,1,3072,96,6,0,[1; 1; 197; 1; 3072; 96; 6; 0],0.12488049594685435,0.006923007190782611,tvm
3,3,1,1,192,32,2,1,[3; 3; 1; 1; 192; 32; 2; 1],0.002104172672261484,0.41087339590785,tvm
3,3,1,1,64,32,2,0,[3; 3; 1; 1; 64; 32; 2; 0],0.005486543093866203,0.15757619262940115,tvm
1,1,1,1,192,16,1,1,[1; 1; 1; 1; 192; 16; 1; 1],0.018367546377703547,0.047069355571523204,tvm
6,6,1,1,128,32,2,0,[6; 6; 1; 1; 128; 32; 2; 0],0.005025990561989602,0.17201555808062022,tvm
3,1,197,1,64,16,1,0,[3; 1; 197; 1; 64; 16; 1; 0],0.01627235661726445,0.053129893337718094,tvm
4,1,1,1,32,16,1,0,[4; 1; 1; 1; 32; 16; 1; 0],0.014717074751388282,0.05874459334026399,tvm
3,1,197,1,256,32,2,1,[3; 1; 197; 1; 256; 32; 2; 1],0.010274006490362808,0.08414911672866204,tvm
4,1,197,1,48,16,1,0,[4; 1; 197; 1; 48; 16; 1; 0],0.012907265248941258,0.06698154525796915,tvm
4,1,197,1,192,16,1,1,[4; 1; 197; 1; 192; 16; 1; 1],0.007905204489361495,0.10936447913422682,tvm
8,8,197,1,16,16,1,1,[8; 8; 197; 1; 16; 16; 1; 1],0.004314984689699486,0.2003595918874007,tvm
4,2,197,1,48,48,3,0,[4; 2; 197; 1; 48; 48; 3; 0],0.013423120399238542,0.06440742135320598,tvm
8,2,1,1,192,48,3,1,[8; 2; 1; 1; 192; 48; 3; 1],0.0063883260590955615,0.1353325680985938,tvm
8,1,197,1,16,16,1,0,[8; 1; 197; 1; 16; 16; 1; 0],0.0139226732426323,0.06209644917768069,tvm
8,1,197,1,48,16,1,0,[8; 1; 197; 1; 48; 16; 1; 0],0.010336013612686656,0.08364429496952334,tvm
8,8,197,1,96,16,1,0,[8; 8; 197; 1; 96; 16; 1; 0],0.0137817821232602,0.06273126100066766,tvm
6,2,197,1,128,16,1,0,[6; 2; 197; 1; 128; 16; 1; 0],0.0174495977407787,0.04954547286830409,tvm
2,2,1,1,64,32,2,0,[2; 2; 1; 1; 64; 32; 2; 0],0.015098186355317011,0.0572617499269447,tvm
3,1,197,1,48,16,1,1,[3; 1; 197; 1; 48; 16; 1; 1],0.00541420018998906,0.1596816780116729,tvm
1,1,1,1,192,32,2,1,[1; 1; 1; 1; 192; 32; 2; 1],0.010451107504195534,0.0827231536065918,tvm
2,1,1,1,192,32,2,1,[2; 1; 1; 1; 192; 32; 2; 1],0.00761991243052762,0.1134591216514424,tvm
8,1,197,1,192,16,1,1,[8; 1; 197; 1; 192; 16; 1; 1],0.00694325243239291,0.12451636748724904,tvm
3,1,1,1,32,32,2,0,[3; 1; 1; 1; 32; 32; 2; 0],0.013430697872536257,0.06437108329243578,tvm
6,1,197,1,256,16,1,1,[6; 1; 197; 1; 256; 16; 1; 1],0.0104600821796339,0.08265217773449943,tvm
4,1,197,1,128,32,2,0,[4; 1; 197; 1; 128; 32; 2; 0],0.014832098386250436,0.05828902619942301,tvm
4,1,197,1,96,16,1,0,[4; 1; 197; 1; 96; 16; 1; 0],0.012754547118674964,0.06778355698437273,tvm
8,8,197,1,256,32,2,1,[8; 8; 197; 1; 256; 32; 2; 1],0.004328841438109521,0.1997182349571424,tvm
6,2,1,1,32,16,1,0,[6; 2; 1; 1; 32; 16; 1; 0],0.006729125248966739,0.12847859706004483,tvm
8,8,1,1,64,32,2,0,[8; 8; 1; 1; 64; 32; 2; 0],0.0036418254021555185,0.23739429433296377,tvm
4,1,1,1,64,32,2,0,[4; 1; 1; 1; 64; 32; 2; 0],0.008289319186587818,0.10429669216109058,tvm
8,1,197,1,48,48,3,0,[8; 1; 197; 1; 48; 48; 3; 0],0.0065083334484370425,0.13283716611603394,tvm
2,1,197,1,32,32,2,0,[2; 1; 197; 1; 32; 32; 2; 0],0.03970756224589422,0.02177289469634883,tvm
2,2,1,1,128,32,2,1,[2; 2; 1; 1; 128; 32; 2; 1],0.01262529264204204,0.0684775074875997,tvm
6,2,197,1,48,16,1,0,[6; 2; 197; 1; 48; 16; 1; 0],0.017347591230645776,0.049836807884963516,tvm
6,2,1,1,96,48,3,0,[6; 2; 1; 1; 96; 48; 3; 0],0.007540506063378416,0.11465391900251623,tvm
4,1,197,1,192,32,2,1,[4; 1; 197; 1; 192; 32; 2; 1],0.006193110282765701,0.13959844600772775,tvm
8,2,1,1,32,32,2,0,[8; 2; 1; 1; 32; 32; 2; 0],0.007764462570776232,0.1113468657422017,tvm
6,6,197,1,32,32,2,1,[6; 6; 197; 1; 32; 32; 2; 1],0.005481072468683124,0.1577334684714152,tvm
8,2,197,1,48,16,1,1,[8; 2; 197; 1; 48; 16; 1; 1],0.006869184493552893,0.1258589825677266,tvm
6,3,1,1,192,32,2,1,[6; 3; 1; 1; 192; 32; 2; 1],0.002975218249048339,0.2905832443401784,tvm
6,6,197,1,128,32,2,1,[6; 6; 197; 1; 128; 32; 2; 1],0.009785861693671905,0.08834669837891104,tvm
6,1,1,1,128,32,2,0,[6; 1; 1; 1; 128; 32; 2; 0],0.003682742244563997,0.23475674212733996,tvm
8,2,197,1,96,48,3,0,[8; 2; 197; 1; 96; 48; 3; 0],0.0038586911250604317,0.22405228700833926,tvm
4,2,1,1,96,32,2,0,[4; 2; 1; 1; 96; 32; 2; 0],0.0073858850664692,0.11705415988037655,tvm
6,3,197,1,48,48,3,1,[6; 3; 197; 1; 48; 48; 3; 1],0.004312437311455142,0.2004779452983741,tvm
6,2,197,1,128,16,1,1,[6; 2; 197; 1; 128; 16; 1; 1],0.007423745744745247,0.11645719036653769,tvm
2,2,197,1,96,32,2,0,[2; 2; 197; 1; 96; 32; 2; 0],0.033174346724990755,0.026060756481371596,tvm
6,3,1,1,128,32,2,1,[6; 3; 1; 1; 128; 32; 2; 1],0.005521317973034456,0.15658373157476835,tvm
6,1,197,1,128,32,2,0,[6; 1; 197; 1; 128; 32; 2; 0],0.01014160449267365,0.08524771125250703,tvm
4,2,1,1,96,16,1,1,[4; 2; 1; 1; 96; 16; 1; 1],0.003330455409013666,0.2595886944136005,tvm
3,1,197,1,64,32,2,1,[3; 1; 197; 1; 64; 32; 2; 1],0.0024247048277175054,0.35655827527774325,tvm
6,2,197,1,16,16,1,1,[6; 2; 197; 1; 16; 16; 1; 1],0.006747258375980891,0.12813331330340325,tvm
6,1,1,1,32,16,1,1,[6; 1; 1; 1; 32; 16; 1; 1],0.004523935691395309,0.19110540697405898,tvm
6,1,197,1,64,16,1,1,[6; 1; 197; 1; 64; 16; 1; 1],0.007321830882574432,0.11807819455187787,tvm
6,1,1,1,48,48,3,1,[6; 1; 1; 1; 48; 48; 3; 1],0.005852597656485159,0.14772048621360134,tvm
6,2,1,1,192,32,2,1,[6; 2; 1; 1; 192; 32; 2; 1],0.0031807894119992852,0.27180314678083617,tvm
8,1,197,1,32,32,2,1,[8; 1; 197; 1; 32; 32; 2; 1],0.004491574720304925,0.1924822863394063,tvm
6,2,1,1,128,32,2,1,[6; 2; 1; 1; 128; 32; 2; 1],0.005671785649610683,0.15242969760112757,tvm
1,1,197,1,96,32,2,1,[1; 1; 197; 1; 96; 32; 2; 1],0.018603336618980393,0.046472769328191374,tvm
6,1,1,1,96,48,3,1,[6; 1; 1; 1; 96; 48; 3; 1],0.00444068531942321,0.19468809637267104,tvm
4,1,197,1,96,32,2,1,[4; 1; 197; 1; 96; 32; 2; 1],0.0056242093778564595,0.15371912980915275,tvm
6,1,197,1,96,32,2,0,[6; 1; 197; 1; 96; 32; 2; 0],0.010142190498299897,0.08524278572498642,tvm
6,2,197,1,32,32,2,1,[6; 2; 197; 1; 32; 32; 2; 1],0.0033749362773960456,0.2561673763202485,tvm
6,1,197,1,96,48,3,1,[6; 1; 197; 1; 96; 48; 3; 1],0.004398815370223019,0.19654122727700182,tvm
8,1,197,1,96,32,2,1,[8; 1; 197; 1; 96; 32; 2; 1],0.003466649097390473,0.2493902749139975,tvm
6,3,1,1,16,16,1,1,[6; 3; 1; 1; 16; 16; 1; 1],0.0022495542507385835,0.3843199474494643,tvm
16,16,197,1,512,32,2,1,[16; 16; 197; 1; 512; 32; 2; 1],0.002555108359956648,0.3383608245261426,tvm
6,6,1,1,16,16,1,1,[6; 6; 1; 1; 16; 16; 1; 1],0.004410898152855225,0.19600284147774738,tvm
3,3,1,1,768,48,3,1,[3; 3; 1; 1; 768; 48; 3; 1],0.004420970282808412,0.19555629559205467,tvm
8,2,1,1,192,32,2,1,[8; 2; 1; 1; 192; 32; 2; 1],0.004396214528242126,0.19665750292087553,tvm
16,2,197,1,96,32,2,1,[16; 2; 197; 1; 96; 32; 2; 1],0.004893621968221851,0.176668442524324,tvm
6,2,1,1,384,48,3,1,[6; 2; 1; 1; 384; 48; 3; 1],0.0036782960305572487,0.23504050904179002,tvm
4,4,197,1,96,48,3,1,[4; 4; 197; 1; 96; 48; 3; 1],0.007095188877428882,0.12184997275814059,tvm
8,8,1,1,512,32,2,0,[8; 8; 1; 1; 512; 32; 2; 0],0.007408969744574279,0.11668944552806357,tvm
6,2,1,1,512,32,2,1,[6; 2; 1; 1; 512; 32; 2; 1],0.004833043749385979,0.17888283579853984,tvm
6,3,1,1,64,64,4,1,[6; 3; 1; 1; 64; 64; 4; 1],0.0032380957491113804,0.2669928990413043,tvm
24,3,1,1,32,32,2,1,[24; 3; 1; 1; 32; 32; 2; 1],0.0037725291840615682,0.22916948531006032,tvm
16,16,197,1,96,16,1,1,[16; 16; 197; 1; 96; 16; 1; 1],0.009115171065786853,0.09484721298030192,tvm
24,12,197,1,128,32,2,1,[24; 12; 197; 1; 128; 32; 2; 1],0.00396911956340773,0.2178187272056637,tvm
6,3,197,1,48,48,3,1,[6; 3; 197; 1; 48; 48; 3; 1],0.004410134941281285,0.19603676144598706,tvm
16,16,197,1,96,48,3,0,[16; 16; 197; 1; 96; 48; 3; 0],0.00721749005606398,0.11978521130101125,tvm
4,2,1,1,192,64,4,1,[4; 2; 1; 1; 192; 64; 4; 1],0.0032585869048489258,0.2653139525424606,tvm
8,8,197,1,192,64,4,1,[8; 8; 197; 1; 192; 64; 4; 1],0.0037929354366497137,0.22793653777355727,tvm
8,8,1,1,512,128,8,1,[8; 8; 1; 1; 512; 128; 8; 1],0.004590508840919938,0.1883339301564913,tvm
4,4,1,1,192,16,1,1,[4; 4; 1; 1; 192; 16; 1; 1],0.004945908935042098,0.17480074598688755,tvm
16,4,1,1,32,32,2,1,[16; 4; 1; 1; 32; 32; 2; 1],0.0034797826592694037,0.2484490142295517,tvm
8,8,197,1,128,32,2,0,[8; 8; 197; 1; 128; 32; 2; 0],0.012527901242719963,0.06900984887081271,tvm
8,2,197,1,96,48,3,1,[8; 2; 197; 1; 96; 48; 3; 1],0.004662508094043005,0.18542564516577484,tvm
6,3,197,1,96,32,2,1,[6; 3; 197; 1; 96; 32; 2; 1],0.00647212442709133,0.13358033844493197,tvm
8,8,197,1,16,16,1,1,[8; 8; 197; 1; 16; 16; 1; 1],0.002144514422980137,0.4031442093204234,tvm
4,2,1,1,48,48,3,1,[4; 2; 1; 1; 48; 48; 3; 1],0.001737121358019067,0.49769037001218075,tvm
24,8,197,1,512,32,2,0,[24; 8; 197; 1; 512; 32; 2; 0],0.0051310170674696565,0.1684945811055196,tvm
24,3,1,1,64,32,2,1,[24; 3; 1; 1; 64; 32; 2; 1],0.0073789982561720535,0.1171634063885884,tvm
24,12,197,1,384,32,2,0,[24; 12; 197; 1; 384; 32; 2; 0],0.0044050220312783495,0.19626430135644,tvm
8,4,1,1,512,32,2,1,[8; 4; 1; 1; 512; 32; 2; 1],0.005172511031560134,0.16714291495049863,tvm
6,3,1,1,64,16,1,1,[6; 3; 1; 1; 64; 16; 1; 1],0.004388135625049472,0.19701956486789865,tvm
16,8,197,1,256,32,2,0,[16; 8; 197; 1; 256; 32; 2; 0],0.007440704997861758,0.11619175490454432,tvm
4,2,1,1,32,32,2,1,[4; 2; 1; 1; 32; 32; 2; 1],0.0015240333905239822,0.5672766599499034,tvm
8,8,197,1,128,32,2,1,[8; 8; 197; 1; 128; 32; 2; 1],0.00157092063818709,0.5503451609282425,tvm
24,8,197,1,96,96,6,1,[24; 8; 197; 1; 96; 96; 6; 1],0.009342504810774699,0.0925392696005346,tvm
12,3,1,1,64,32,2,1,[12; 3; 1; 1; 64; 32; 2; 1],0.003446605936915148,0.2508405623540408,tvm
16,16,1,1,16,16,1,1,[16; 16; 1; 1; 16; 16; 1; 1],0.002119697608577553,0.4078641066207252,tvm
24,12,1,1,192,32,2,1,[24; 12; 1; 1; 192; 32; 2; 1],0.014731906616361812,0.058685450155404266,tvm
3,3,1,1,384,48,3,1,[3; 3; 1; 1; 384; 48; 3; 1],0.006281686495640315,0.13763000939773018,tvm
8,8,197,1,192,48,3,1,[8; 8; 197; 1; 192; 48; 3; 1],0.005636381996737327,0.1533871501131441,tvm
12,12,1,1,96,16,1,1,[12; 12; 1; 1; 96; 16; 1; 1],0.0033092836529249325,0.26124946124350334,tvm
4,2,1,1,192,32,2,1,[4; 2; 1; 1; 192; 32; 2; 1],0.0032973143097478896,0.26219780409550164,tvm
6,6,1,1,384,32,2,1,[6; 6; 1; 1; 384; 32; 2; 1],0.005453506746562198,0.15853076040908334,tvm
8,8,1,1,96,96,6,1,[8; 8; 1; 1; 96; 96; 6; 1],0.0037694866841775365,0.22935445694967538,tvm
24,4,197,1,96,32,2,1,[24; 4; 197; 1; 96; 32; 2; 1],0.003751674994418863,0.23044335469215943,tvm
8,4,1,1,32,32,2,1,[8; 4; 1; 1; 32; 32; 2; 1],0.004671427814173512,0.1850715896337854,tvm
16,16,197,1,64,32,2,0,[16; 16; 197; 1; 64; 32; 2; 0],0.007291886431630701,0.11856308782845791,tvm
4,4,1,1,256,32,2,1,[4; 4; 1; 1; 256; 32; 2; 1],0.008698543824721128,0.09939003456780175,tvm
24,24,197,1,64,64,4,1,[24; 24; 197; 1; 64; 64; 4; 1],0.0015379000469692983,0.5621617433020539,tvm
24,6,197,1,96,48,3,1,[24; 6; 197; 1; 96; 48; 3; 1],0.0017416187038179487,0.4964051945086039,tvm
16,16,197,1,64,64,4,1,[16; 16; 197; 1; 64; 64; 4; 1],0.004099045938346535,0.2109145846209548,tvm
6,3,1,1,192,48,3,1,[6; 3; 1; 1; 192; 48; 3; 1],0.004401619276904967,0.1964160271572796,tvm
6,3,1,1,32,32,2,1,[6; 3; 1; 1; 32; 32; 2; 1],0.003198461876309011,0.27030135260710086,tvm
6,3,1,1,96,16,1,1,[6; 3; 1; 1; 96; 16; 1; 1],0.004296508064726368,0.20122121462458653,tvm
8,4,1,1,64,32,2,1,[8; 4; 1; 1; 64; 32; 2; 1],0.0028089039515180048,0.3077885845692042,tvm
8,8,1,1,64,16,1,1,[8; 8; 1; 1; 64; 16; 1; 1],0.005785375185951125,0.14943690662067896,tvm
8,8,1,1,96,16,1,1,[8; 8; 1; 1; 96; 16; 1; 1],0.0014359067408804549,0.602092424817545,tvm
4,4,1,1,96,48,3,1,[4; 4; 1; 1; 96; 48; 3; 1],0.001642179187911097,0.5264642115750499,tvm
24,8,1,1,96,32,2,1,[24; 8; 1; 1; 96; 32; 2; 1],0.0075310603133402765,0.11479772242656695,tvm
6,2,1,1,96,32,2,1,[6; 2; 1; 1; 96; 32; 2; 1],0.002723893030633917,0.31739446509298846,tvm
16,8,197,1,96,32,2,1,[16; 8; 197; 1; 96; 32; 2; 1],0.003309513813292142,0.26123129263163913,tvm
24,8,197,1,64,32,2,1,[24; 8; 197; 1; 64; 32; 2; 1],0.005703685783373658,0.15157717382481786,tvm
8,8,197,1,96,32,2,1,[8; 8; 197; 1; 96; 32; 2; 1],0.004651299779652618,0.18587246842497435,tvm
8,8,1,1,32,32,2,1,[8; 8; 1; 1; 32; 32; 2; 1],0.0054865018100827,0.15757737832871319,tvm
4,1,1,1,128,128,8,1,[4; 1; 1; 1; 128; 128; 8; 1],0.0016164355911314487,0.5348487599332167,tvm
12,3,197,1,96,96,6,1,[12; 3; 197; 1; 96; 96; 6; 1],0.002480759892932838,0.3485015111262835,tvm
16,8,197,1,128,128,8,1,[16; 8; 197; 1; 128; 128; 8; 1],0.002500686390703777,0.34572450773615737,tvm
16,16,197,1,256,64,4,1,[16; 16; 197; 1; 256; 64; 4; 1],0.0018665910174604505,0.46316979099407324,tvm
3,1,1,1,64,64,4,1,[3; 1; 1; 1; 64; 64; 4; 1],0.0044250724677112885,0.19537500859861137,tvm
12,3,1,1,96,96,6,1,[12; 3; 1; 1; 96; 96; 6; 1],0.004886759626970161,0.17691653312700384,tvm
12,2,197,1,64,64,4,1,[12; 2; 197; 1; 64; 64; 4; 1],0.006804733260651119,0.12705105965400412,tvm
4,4,197,1,32,16,1,1,[4; 4; 197; 1; 32; 16; 1; 1],0.009671581428847276,0.08939061081054395,tvm
16,16,197,1,512,32,2,1,[16; 16; 197; 1; 512; 32; 2; 1],0.0032621484642731957,0.2650242871828313,tvm
6,1,1,1,96,48,3,1,[6; 1; 1; 1; 96; 48; 3; 1],0.002154528454411775,0.40127043560657394,tvm
64,32,197,1,128,128,8,1,[64; 32; 197; 1; 128; 128; 8; 1],0.005358759030059446,0.16133372793569722,tvm
8,8,1,1,192,48,3,1,[8; 8; 1; 1; 192; 48; 3; 1],0.0036271476856200024,0.23835494067586904,tvm
16,2,197,1,64,64,4,1,[16; 2; 197; 1; 64; 64; 4; 1],0.004109925372176804,0.2103562700387105,tvm
6,2,197,1,48,48,3,1,[6; 2; 197; 1; 48; 48; 3; 1],0.004390698282804806,0.19690457320066462,tvm
4,4,197,1,96,32,2,1,[4; 4; 197; 1; 96; 32; 2; 1],0.0043257990619167686,0.19985869871761647,tvm
8,2,197,1,32,32,2,1,[8; 2; 197; 1; 32; 32; 2; 1],0.004487376470933668,0.19266236675896475,tvm
12,4,197,1,96,96,6,1,[12; 4; 197; 1; 96; 96; 6; 1],0.0012557979061966762,0.6884456226296419,tvm
16,2,1,1,96,96,6,1,[16; 2; 1; 1; 96; 96; 6; 1],0.0012882007886219071,0.6711287394517504,tvm
16,2,1,1,96,32,2,1,[16; 2; 1; 1; 96; 32; 2; 1],0.0048960704953060485,0.17658009055576912,tvm
8,4,197,1,96,96,6,1,[8; 4; 197; 1; 96; 96; 6; 1],0.0025064007022592705,0.3449362947629511,tvm
24,24,197,1,192,48,3,1,[24; 24; 197; 1; 192; 48; 3; 1],0.003441091066633817,0.25124257239559195,tvm
16,4,1,1,96,96,6,1,[16; 4; 1; 1; 96; 96; 6; 1],0.004572229627228808,0.18908686612762435,tvm
16,8,197,1,96,16,1,1,[16; 8; 197; 1; 96; 16; 1; 1],0.004697816562838852,0.18403199866665967,tvm
16,8,1,1,64,32,2,1,[16; 8; 1; 1; 64; 32; 2; 1],0.0056617431619088165,0.15270006899025335,tvm
24,24,197,1,96,16,1,1,[24; 24; 197; 1; 96; 16; 1; 1],0.007745465685729869,0.11161996018152955,tvm
12,6,1,1,64,16,1,1,[12; 6; 1; 1; 64; 16; 1; 1],0.0040523139105062,0.213346890325329,tvm
16,2,197,1,48,48,3,1,[16; 2; 197; 1; 48; 48; 3; 1],0.00303011593859992,0.28531864421928366,tvm
16,4,1,1,32,16,1,1,[16; 4; 1; 1; 32; 16; 1; 1],0.006323519875877537,0.13671951514323263,tvm
12,4,1,1,32,32,2,1,[12; 4; 1; 1; 32; 32; 2; 1],0.0031076749073690735,0.2781978801510128,tvm
4,4,1,1,192,192,12,1,[4; 4; 1; 1; 192; 192; 12; 1],0.004905357374809682,0.17624578707929797,tvm
16,8,197,1,64,32,2,1,[16; 8; 197; 1; 64; 32; 2; 1],0.00496155987639213,0.17424934757760907,tvm
4,1,1,1,96,96,6,1,[4; 1; 1; 1; 96; 96; 6; 1],0.00822270337084774,0.10514164654092814,tvm
8,4,1,1,48,16,1,1,[8; 4; 1; 1; 48; 16; 1; 1],0.0014757590706722112,0.5858331407949725,tvm
16,2,1,1,96,16,1,1,[16; 2; 1; 1; 96; 16; 1; 1],0.0020938728303008247,0.4128944981364329,tvm
12,6,1,1,96,96,6,1,[12; 6; 1; 1; 96; 96; 6; 1],0.0037361662471084855,0.23139992019832298,tvm
16,8,1,1,64,16,1,1,[16; 8; 1; 1; 64; 16; 1; 1],0.008096380814095028,0.10678210317423245,tvm
8,4,1,1,96,96,6,1,[8; 4; 1; 1; 96; 96; 6; 1],0.005055788904428482,0.17100171462287386,tvm
8,8,197,1,128,32,2,1,[8; 8; 197; 1; 128; 32; 2; 1],0.005246344750048593,0.16479065189541037,tvm
24,8,197,1,32,32,2,1,[24; 8; 197; 1; 32; 32; 2; 1],0.0037951156264171004,0.22780559448850732,tvm
16,2,1,1,32,16,1,1,[16; 2; 1; 1; 32; 16; 1; 1],0.008454074311885051,0.10226413200711483,tvm
16,16,1,1,64,32,2,1,[16; 16; 1; 1; 64; 32; 2; 1],0.003969074496126268,0.2178212004517306,tvm
16,2,1,1,16,16,1,1,[16; 2; 1; 1; 16; 16; 1; 1],0.0021151871733309235,0.40873383799274376,tvm
24,12,197,1,96,96,6,1,[24; 12; 197; 1; 96; 96; 6; 1],0.00951662237639539,0.09084615709592088,tvm
4,2,197,1,32,32,2,1,[4; 2; 197; 1; 32; 32; 2; 1],0.003024966921657324,0.28580430590457534,tvm
4,4,1,1,128,64,4,1,[4; 4; 1; 1; 128; 64; 4; 1],0.0032679415671736933,0.2645544767730604,tvm
12,2,1,1,96,16,1,1,[12; 2; 1; 1; 96; 16; 1; 1],0.003375785621756222,0.2561029248589541,tvm
12,6,1,1,96,16,1,1,[12; 6; 1; 1; 96; 16; 1; 1],0.0050215168739669025,0.17216880737982954,tvm
12,2,1,1,16,16,1,1,[12; 2; 1; 1; 16; 16; 1; 1],0.010044528869912028,0.08607159007908186,tvm
8,4,1,1,16,16,1,1,[8; 4; 1; 1; 16; 16; 1; 1],0.005244697189482395,0.16484241896030125,tvm
8,8,197,1,96,16,1,1,[8; 8; 197; 1; 96; 16; 1; 1],0.00691506480507087,0.12502392903022272,tvm
8,4,1,1,96,16,1,1,[8; 4; 1; 1; 96; 16; 1; 1],0.004634165874449536,0.18655969485150675,tvm
24,24,197,1,32,32,2,1,[24; 24; 197; 1; 32; 32; 2; 1],0.00414329312479822,0.20866217894508135,tvm
16,8,197,1,32,32,2,1,[16; 8; 197; 1; 32; 32; 2; 1],0.007126138443709351,0.1213207655531528,tvm
6,3,1,1,96,48,3,1,[6; 3; 1; 1; 96; 48; 3; 1],0.0027141761092934757,0.318530757259381,tvm
8,4,1,1,96,48,3,1,[8; 4; 1; 1; 96; 48; 3; 1],0.004293085876270197,0.20138161600896862,tvm
16,16,1,1,96,16,1,1,[16; 16; 1; 1; 96; 16; 1; 1],0.006258994064410217,0.13812899685343247,tvm
16,16,1,1,48,48,3,1,[16; 16; 1; 1; 48; 48; 3; 1],0.006094970936828759,0.14184621721566404,tvm
3,3,1,1,96,48,3,1,[3; 3; 1; 1; 96; 48; 3; 1],0.004330012532591354,0.1996642191959594,tvm
4,4,1,1,96,16,1,1,[4; 4; 1; 1; 96; 16; 1; 1],0.004947708468534984,0.17473716912115564,tvm
4,4,1,1,32,32,2,1,[4; 4; 1; 1; 32; 32; 2; 1],0.0030162835791998077,0.28662708552686156,tvm
4,2,1,1,96,96,6,1,[4; 2; 1; 1; 96; 96; 6; 1],0.003293097317509819,0.2625335628047359,tvm
4,2,1,1,96,32,2,1,[4; 2; 1; 1; 96; 32; 2; 1],0.0032919096265686676,0.2626282825175053,tvm
4,4,1,1,96,48,3,1,[4; 4; 1; 1; 96; 48; 3; 1],0.006580814253538847,0.13137410328268398,tvm
4,2,1,1,96,48,3,1,[4; 2; 1; 1; 96; 48; 3; 1],0.004943675150570925,0.1748797291684362,tvm
64,2,197,1,128,128,8,1,[64; 2; 197; 1; 128; 128; 8; 1],0.0026991316553903744,0.3203061879927202,tvm
24,2,1,1,96,48,3,1,[24; 2; 1; 1; 96; 48; 3; 1],0.007071011306834407,0.12226660853914229,tvm
16,4,1,1,48,48,3,1,[16; 4; 1; 1; 48; 48; 3; 1],0.003026134563697269,0.28569402755582807,tvm
8,8,197,1,192,48,3,1,[8; 8; 197; 1; 192; 48; 3; 1],0.002814536062942352,0.30717267503219026,tvm
8,4,197,1,384,128,8,1,[8; 4; 197; 1; 384; 128; 8; 1],0.003602822973334696,0.23996421079450475,tvm
3,1,197,1,128,128,8,1,[3; 1; 197; 1; 128; 128; 8; 1],0.004266663810994942,0.20262870704757205,tvm
12,6,1,1,64,64,4,1,[12; 6; 1; 1; 64; 64; 4; 1],0.0033101162771345116,0.26118374674650113,tvm
4,2,1,1,384,192,12,1,[4; 2; 1; 1; 384; 192; 12; 1],0.0033682381181279197,0.25667679692108314,tvm
6,3,1,1,64,32,2,1,[6; 3; 1; 1; 64; 32; 2; 1],0.0014153374613670167,0.6108427106801365,tvm
24,6,197,1,256,64,4,1,[24; 6; 197; 1; 256; 64; 4; 1],0.0021386582193372305,0.4042481232445335,tvm
16,8,1,1,64,64,4,1,[16; 8; 1; 1; 64; 64; 4; 1],0.0027731836889870465,0.31175308540212954,tvm
24,12,197,1,96,48,3,1,[24; 12; 197; 1; 96; 48; 3; 1],0.003949288497096859,0.21891248817707423,tvm
3,1,1,1,48,48,3,1,[3; 1; 1; 1; 48; 48; 3; 1],0.006797527443268336,0.12718574196927193,tvm
6,3,1,1,64,64,4,1,[6; 3; 1; 1; 64; 64; 4; 1],0.004180705967883114,0.20679487581049202,tvm
4,4,197,1,256,128,8,1,[4; 4; 197; 1; 256; 128; 8; 1],0.004346940688265022,0.19888667304858842,tvm
24,4,197,1,192,64,4,1,[24; 4; 197; 1; 192; 64; 4; 1],0.0060322064673528075,0.14332211208413306,tvm
12,4,1,1,96,48,3,1,[12; 4; 1; 1; 96; 48; 3; 1],0.001555828546770499,0.5556837051377881,tvm
16,1,197,1,192,192,12,1,[16; 1; 197; 1; 192; 192; 12; 1],0.004424752878549043,0.19538912006133832,tvm
6,3,1,1,96,48,3,1,[6; 3; 1; 1; 96; 48; 3; 1],0.004028077652037609,0.21463056229594732,tvm
8,8,1,1,64,16,1,1,[8; 8; 1; 1; 64; 16; 1; 1],0.003742177286767401,0.2310282237257105,tvm
8,8,1,1,96,32,2,1,[8; 8; 1; 1; 96; 32; 2; 1],0.004168916748312768,0.20737966805848762,tvm
4,1,1,1,256,128,8,1,[4; 1; 1; 1; 256; 128; 8; 1],0.006476996757555753,0.13347985243624377,tvm
24,6,197,1,192,64,4,1,[24; 6; 197; 1; 192; 64; 4; 1],0.004497135909332428,0.1922442614274711,tvm
16,16,1,1,192,64,4,1,[16; 16; 1; 1; 192; 64; 4; 1],0.009356935493997298,0.09239655141185918,tvm
24,8,197,1,96,48,3,1,[24; 8; 197; 1; 96; 48; 3; 1],0.0017288423914578743,0.5000736768720293,tvm
3,3,1,1,32,16,1,1,[3; 3; 1; 1; 32; 16; 1; 1],0.001656235985137755,0.5219960073242002,tvm
12,4,197,1,384,192,12,1,[12; 4; 197; 1; 384; 192; 12; 1],0.006534511427162215,0.13230500567110104,tvm
16,8,197,1,384,64,4,1,[16; 8; 197; 1; 384; 64; 4; 1],0.00412685725314077,0.2094932095774821,tvm
4,2,197,1,64,64,4,1,[4; 2; 197; 1; 64; 64; 4; 1],0.005107709868752863,0.16926344558401202,tvm
4,2,197,1,192,96,6,1,[4; 2; 197; 1; 192; 96; 6; 1],0.0033172693802043796,0.26062055032000625,tvm
24,1,197,1,96,96,6,1,[24; 1; 197; 1; 96; 96; 6; 1],0.008762388373725116,0.09866585850280334,tvm
8,1,197,1,128,128,8,1,[8; 1; 197; 1; 128; 128; 8; 1],0.005058254624600522,0.1709183573369143,tvm
12,2,197,1,192,192,12,1,[12; 2; 197; 1; 192; 192; 12; 1],0.0033569178776815534,0.25754236562547955,tvm
24,12,197,1,64,64,4,1,[24; 12; 197; 1; 64; 64; 4; 1],0.001544282562463195,0.559838330395689,tvm
4,4,197,1,192,192,12,1,[4; 4; 197; 1; 192; 192; 12; 1],0.0048712981515564024,0.17747806529812676,tvm
4,4,1,1,32,16,1,1,[4; 4; 1; 1; 32; 16; 1; 1],0.004516602624789812,0.191415681929469,tvm
4,4,1,1,192,192,12,1,[4; 4; 1; 1; 192; 192; 12; 1],0.004876757746387739,0.1772793762554539,tvm
4,1,1,1,32,32,2,1,[4; 1; 1; 1; 32; 32; 2; 1],0.003023003609996522,0.28598992358780745,tvm
8,2,1,1,128,128,8,1,[8; 2; 1; 1; 128; 128; 8; 1],0.00375560993416002,0.23020190770209376,tvm
6,6,1,1,48,16,1,1,[6; 6; 1; 1; 48; 16; 1; 1],0.004545224495814182,0.1902103124333588,tvm
6,1,1,1,128,128,8,1,[6; 1; 1; 1; 128; 128; 8; 1],0.003945817443309352,0.21910506095372614,tvm
24,3,197,1,48,48,3,1,[24; 3; 197; 1; 48; 48; 3; 1],0.0055185086821438745,0.15666344319181258,tvm
12,12,197,1,192,64,4,1,[12; 12; 197; 1; 192; 64; 4; 1],0.002651539438375039,0.326055331825801,tvm
4,4,1,1,64,64,4,1,[4; 4; 1; 1; 64; 64; 4; 1],0.0050687641924014315,0.17056397548037713,tvm
4,1,197,1,96,96,6,1,[4; 1; 197; 1; 96; 96; 6; 1],0.003283327940152958,0.2633147182332007,tvm
4,2,1,1,192,96,6,1,[4; 2; 1; 1; 192; 96; 6; 1],0.003265456936787814,0.2647557717539574,tvm
16,2,197,1,128,64,4,1,[16; 2; 197; 1; 128; 64; 4; 1],0.0051161446535843424,0.16898438765269733,tvm
6,6,1,1,16,16,1,1,[6; 6; 1; 1; 16; 16; 1; 1],0.0066347649990348145,0.13030583171436225,tvm
12,1,1,1,96,96,6,1,[12; 1; 1; 1; 96; 96; 6; 1],0.0018751654351945035,0.4610518918502224,tvm
24,2,197,1,96,96,6,1,[24; 2; 197; 1; 96; 96; 6; 1],0.0029741836260654964,0.2906843289202926,tvm
4,1,1,1,96,48,3,1,[4; 1; 1; 1; 96; 48; 3; 1],0.00493533922417555,0.1751751059367139,tvm
16,4,197,1,192,96,6,1,[16; 4; 197; 1; 192; 96; 6; 1],0.005118427063280251,0.16890903411144972,tvm
8,2,1,1,32,16,1,1,[8; 2; 1; 1; 32; 16; 1; 1],0.00609529837674927,0.14183859722543238,tvm
24,3,197,1,64,64,4,1,[24; 3; 197; 1; 64; 64; 4; 1],0.0032366272498620674,0.2671140371401789,tvm
12,3,1,1,96,96,6,1,[12; 3; 1; 1; 96; 96; 6; 1],0.004988967812096234,0.17329207242676328,tvm
16,8,197,1,128,128,8,1,[16; 8; 197; 1; 128; 128; 8; 1],0.003740279469639063,0.23114544740476314,tvm
4,4,1,1,48,48,3,1,[4; 4; 1; 1; 48; 48; 3; 1],0.0017317153287876863,0.4992440484047755,tvm
16,8,197,1,128,64,4,1,[16; 8; 197; 1; 128; 64; 4; 1],0.002443306362692965,0.353843703200479,tvm
16,4,197,1,96,48,3,1,[16; 4; 197; 1; 96; 48; 3; 1],0.0036661310878116637,0.23582041959787797,tvm
6,2,1,1,96,16,1,1,[6; 2; 1; 1; 96; 16; 1; 1],0.004024114154162817,0.21484195982219434,tvm
4,2,1,1,96,96,6,1,[4; 2; 1; 1; 96; 96; 6; 1],0.004058113438077271,0.2130419922017245,tvm
4,2,1,1,16,16,1,1,[4; 2; 1; 1; 16; 16; 1; 1],0.004879384716332424,0.1771839323377655,tvm
4,2,1,1,32,32,2,1,[4; 2; 1; 1; 32; 32; 2; 1],0.004549916375253815,0.19001416732199675,tvm
16,2,197,1,96,96,6,1,[16; 2; 197; 1; 96; 96; 6; 1],0.0038164515935932286,0.22653204166925905,tvm
64,32,197,1,512,128,8,1,[64; 32; 197; 1; 512; 128; 8; 1],0.003617160786234308,0.23901303329361281,tvm
48,16,197,1,512,128,8,1,[48; 16; 197; 1; 512; 128; 8; 1],0.0036729630301124416,0.23538177878204908,tvm
6,1,1,1,48,48,3,1,[6; 1; 1; 1; 48; 48; 3; 1],0.004386168751807418,0.1971079136142026,tvm
4,4,1,1,192,48,3,1,[4; 4; 1; 1; 192; 48; 3; 1],0.0032929309381870553,0.2625468276308747,tvm
12,6,1,1,96,32,2,1,[12; 6; 1; 1; 96; 32; 2; 1],0.005487611590069719,0.15754551087271604,tvm
8,1,1,1,64,32,2,1,[8; 1; 1; 1; 64; 32; 2; 1],0.004158477058808785,0.20790028637941443,tvm
12,12,197,1,384,192,12,1,[12; 12; 197; 1; 384; 192; 12; 1],0.002685730654775398,0.32190442101532024,tvm
12,12,1,1,32,16,1,1,[12; 12; 1; 1; 32; 16; 1; 1],0.006636762307607569,0.13026661666601486,tvm
64,16,197,1,256,128,8,1,[64; 16; 197; 1; 256; 128; 8; 1],0.003596753093006555,0.2403691743838575,tvm
48,16,197,1,256,128,8,1,[48; 16; 197; 1; 256; 128; 8; 1],0.014569433114957064,0.059339890893971764,tvm
8,8,197,1,16,16,1,1,[8; 8; 197; 1; 16; 16; 1; 1],0.007316689065191895,0.1181611742313252,tvm
8,8,1,1,128,32,2,1,[8; 8; 1; 1; 128; 32; 2; 1],0.00437013908958761,0.19783090508228077,tvm
16,16,1,1,384,64,4,1,[16; 16; 1; 1; 384; 64; 4; 1],0.011750660502002575,0.0735744659869318,tvm
4,4,197,1,128,64,4,1,[4; 4; 197; 1; 128; 64; 4; 1],0.005065561439550947,0.17067181629233422,tvm
12,12,1,1,384,64,4,1,[12; 12; 1; 1; 384; 64; 4; 1],0.006942526364582591,0.12452938973902637,tvm
12,12,1,1,512,64,4,1,[12; 12; 1; 1; 512; 64; 4; 1],0.010800813426612876,0.08004476489690582,tvm
24,2,197,1,48,48,3,1,[24; 2; 197; 1; 48; 48; 3; 1],0.003181810876412783,0.271715889161607,tvm
24,4,197,1,128,128,8,1,[24; 4; 197; 1; 128; 128; 8; 1],0.002878948685975047,0.3003000976155866,tvm
8,1,1,1,96,16,1,1,[8; 1; 1; 1; 96; 16; 1; 1],0.00858692650217563,0.10068195776562484,tvm
64,32,197,1,128,128,8,1,[64; 32; 197; 1; 128; 128; 8; 1],0.005373214058636222,0.1608997076971102,tvm
12,6,197,1,512,64,4,1,[12; 6; 197; 1; 512; 64; 4; 1],0.005956065309874248,0.1451543135356964,tvm
4,2,197,1,128,128,8,1,[4; 2; 197; 1; 128; 128; 8; 1],0.003244570194510743,0.26646012248131956,tvm
16,8,197,1,256,128,8,1,[16; 8; 197; 1; 256; 128; 8; 1],0.0034426677812007256,0.2511275052880752,tvm
8,8,1,1,128,128,8,1,[8; 8; 1; 1; 128; 128; 8; 1],0.004411177658766974,0.1959904221291855,tvm
6,6,1,1,32,32,2,1,[6; 6; 1; 1; 32; 32; 2; 1],0.0029336411244003102,0.29470154486101324,tvm
12,2,1,1,64,16,1,1,[12; 2; 1; 1; 64; 16; 1; 1],0.004484656848944724,0.1927792026344238,tvm
12,1,1,1,64,64,4,1,[12; 1; 1; 1; 64; 64; 4; 1],0.004062177875312045,0.21282883171681868,tvm
12,1,197,1,128,128,8,1,[12; 1; 197; 1; 128; 128; 8; 1],0.0038691236841259524,0.2234481608782883,tvm
4,2,1,1,192,96,6,1,[4; 2; 1; 1; 192; 96; 6; 1],0.00489209881197894,0.1767234482900492,tvm
16,2,197,1,96,48,3,1,[16; 2; 197; 1; 96; 48; 3; 1],0.004232055434840731,0.20428573886606183,tvm
8,4,1,1,128,128,8,1,[8; 4; 1; 1; 128; 128; 8; 1],0.004988517590390984,0.17330771231395234,tvm
8,4,1,1,32,16,1,1,[8; 4; 1; 1; 32; 16; 1; 1],0.005420860565209296,0.1594854840903276,tvm
16,16,197,1,512,128,8,1,[16; 16; 197; 1; 512; 128; 8; 1],0.0017127614519267809,0.5047688167292605,tvm
16,1,1,1,128,128,8,1,[16; 1; 1; 1; 128; 128; 8; 1],0.005046020589361433,0.1713327474825026,tvm
8,2,1,1,128,128,8,1,[8; 2; 1; 1; 128; 128; 8; 1],0.0012652733839786379,0.6832899374758111,tvm
12,2,1,1,64,32,2,1,[12; 2; 1; 1; 64; 32; 2; 1],0.004379754282126669,0.19739659253413053,tvm
12,12,197,1,256,128,8,1,[12; 12; 197; 1; 256; 128; 8; 1],0.005200924933888018,0.16622977305351475,tvm
8,8,197,1,96,32,2,1,[8; 8; 197; 1; 96; 32; 2; 1],0.003118842108960962,0.2772017759233713,tvm
4,1,1,1,128,128,8,1,[4; 1; 1; 1; 128; 128; 8; 1],0.003237094686483033,0.2670754658609838,tvm
8,2,1,1,96,32,2,1,[8; 2; 1; 1; 96; 32; 2; 1],0.007351436870521866,0.11760266552723571,tvm
4,1,1,1,48,48,3,1,[4; 1; 1; 1; 48; 48; 3; 1],0.0017328741269011516,0.4989101966538207,tvm
12,3,197,1,128,128,8,1,[12; 3; 197; 1; 128; 128; 8; 1],0.002588331888546236,0.33401766413895023,tvm
24,24,197,1,384,48,3,1,[24; 24; 197; 1; 384; 48; 3; 1],0.004060753162775654,0.21290350257035195,tvm
16,1,1,1,96,96,6,1,[16; 1; 1; 1; 96; 96; 6; 1],0.007777695936965756,0.11115741453963937,tvm
12,12,197,1,384,64,4,1,[12; 12; 197; 1; 384; 64; 4; 1],0.003335519999382086,0.25919453985847224,tvm
24,24,197,1,384,64,4,1,[24; 24; 197; 1; 384; 64; 4; 1],0.0031782175647094846,0.27202309276382036,tvm
24,3,197,1,96,48,3,1,[24; 3; 197; 1; 96; 48; 3; 1],0.0034607652196427807,0.24981427995216904,tvm
6,2,1,1,96,96,6,1,[6; 2; 1; 1; 96; 96; 6; 1],0.0042395923446747474,0.20392257112043108,tvm
12,3,1,1,48,48,3,1,[12; 3; 1; 1; 48; 48; 3; 1],0.0035239293429185636,0.2453365227557432,tvm
12,2,1,1,128,128,8,1,[12; 2; 1; 1; 128; 128; 8; 1],0.0036769603757420555,0.23512588744013727,tvm
4,2,1,1,64,16,1,1,[4; 2; 1; 1; 64; 16; 1; 1],0.003412498874240555,0.2533476502965807,tvm
12,12,1,1,128,64,4,1,[12; 12; 1; 1; 128; 64; 4; 1],0.006834116196841933,0.1265048100627967,tvm
4,4,1,1,32,32,2,1,[4; 4; 1; 1; 32; 32; 2; 1],0.004508303623879328,0.19176804482494908,tvm
16,16,197,1,96,96,6,1,[16; 16; 197; 1; 96; 96; 6; 1],0.003957618566346355,0.21845171709579794,tvm
16,4,1,1,48,48,3,1,[16; 4; 1; 1; 48; 48; 3; 1],0.007551100818091072,0.11449305104724192,tvm
24,6,197,1,128,64,4,1,[24; 6; 197; 1; 128; 64; 4; 1],0.007629672123584896,0.11331398747215791,tvm
3,3,1,1,32,32,2,1,[3; 3; 1; 1; 32; 32; 2; 1],0.0016459476864838507,0.5252588393471118,tvm
24,4,197,1,64,64,4,1,[24; 4; 197; 1; 64; 64; 4; 1],0.0015422619380842661,0.560571813438175,tvm
4,2,1,1,48,48,3,1,[4; 2; 1; 1; 48; 48; 3; 1],0.0034834585021599196,0.24818684387728682,tvm
16,8,197,1,128,64,4,1,[16; 8; 197; 1; 128; 64; 4; 1],0.00414039447059622,0.20880826152394982,tvm
24,24,197,1,96,48,3,1,[24; 24; 197; 1; 96; 48; 3; 1],0.00865022030484397,0.09994526624303887,tvm
4,4,1,1,48,48,3,1,[4; 4; 1; 1; 48; 48; 3; 1],0.0034685252176132053,0.2492553800786528,tvm
12,6,197,1,96,48,3,1,[12; 6; 197; 1; 96; 48; 3; 1],0.004200362032861449,0.20582715600817092,tvm
24,24,197,1,64,64,4,1,[24; 24; 197; 1; 64; 64; 4; 1],0.006112240531365387,0.14144544328582626,tvm
24,24,1,1,48,48,3,1,[24; 24; 1; 1; 48; 48; 3; 1],0.001735839672619477,0.4980578477757225,tvm
3,3,1,1,192,192,12,1,[3; 3; 1; 1; 192; 192; 12; 1],0.002103307513607433,0.4110424014726042,tvm
3,3,1,1,128,16,1,1,[3; 3; 1; 1; 128; 16; 1; 1],0.008537825618986972,0.10126097791291638,tvm
3,3,197,1,32,16,1,1,[3; 3; 197; 1; 32; 16; 1; 1],0.00490842958970461,0.17613547380652148,tvm
8,8,197,1,256,64,4,1,[8; 8; 197; 1; 256; 64; 4; 1],0.00701456842944026,0.12325042946335041,tvm
16,4,197,1,64,64,4,1,[16; 4; 197; 1; 64; 64; 4; 1],0.004136735064093955,0.20899297586946833,tvm
16,8,197,1,192,96,6,1,[16; 8; 197; 1; 192; 96; 6; 1],0.005109588470077142,0.16920121385343562,tvm
12,6,1,1,64,64,4,1,[12; 6; 1; 1; 64; 64; 4; 1],0.004050506533531006,0.21344208786521965,tvm
12,3,197,1,128,128,8,1,[12; 3; 197; 1; 128; 128; 8; 1],0.0025867153744911775,0.3342264015416204,tvm
8,1,1,1,96,96,6,1,[8; 1; 1; 1; 96; 96; 6; 1],0.0025262952003686223,0.3422199318996535,tvm
6,3,197,1,128,128,8,1,[6; 3; 197; 1; 128; 128; 8; 1],0.0033423858403693885,0.25866210925936206,tvm
8,4,197,1,96,96,6,1,[8; 4; 197; 1; 96; 96; 6; 1],0.002519028421374969,0.3432071524451765,tvm
12,12,197,1,48,48,3,1,[12; 12; 197; 1; 48; 48; 3; 1],0.0042657457233872265,0.20267231745404513,tvm
16,8,197,1,96,96,6,1,[16; 8; 197; 1; 96; 96; 6; 1],0.0025696704542497173,0.33644336377794365,tvm
4,4,1,1,96,32,2,1,[4; 4; 1; 1; 96; 32; 2; 1],0.008222651362302713,0.10514231156536093,tvm
3,3,1,1,96,96,6,1,[3; 3; 1; 1; 96; 96; 6; 1],0.008667605128721334,0.09974480362098725,tvm
12,2,197,1,512,128,8,1,[12; 2; 197; 1; 512; 128; 8; 1],0.0017994909030676354,0.4804406457152713,tvm
12,6,197,1,384,128,8,1,[12; 6; 197; 1; 384; 128; 8; 1],0.0026740965331555344,0.3233049221332229,tvm
16,8,197,1,128,128,8,1,[16; 8; 197; 1; 128; 128; 8; 1],0.0032136612499016337,0.26902293185227105,tvm
16,16,197,1,512,128,8,1,[16; 16; 197; 1; 512; 128; 8; 1],0.004279180284356698,0.2020360241864737,tvm
6,3,197,1,96,96,6,1,[6; 3; 197; 1; 96; 96; 6; 1],0.002625517594424309,0.3292869083279325,tvm
6,6,197,1,96,96,6,1,[6; 6; 197; 1; 96; 96; 6; 1],0.003934120373742189,0.21975651207799748,tvm
8,8,1,1,128,128,8,1,[8; 8; 1; 1; 128; 128; 8; 1],0.0036197504741721787,0.23884203554840058,tvm
24,8,1,1,48,48,3,1,[24; 8; 1; 1; 48; 48; 3; 1],0.006940754494280554,0.12456118022053543,tvm
16,2,197,1,96,48,3,1,[16; 2; 197; 1; 96; 48; 3; 1],0.001489843227318488,0.5802949972022489,tvm
48,2,197,1,128,128,8,1,[48; 2; 197; 1; 128; 128; 8; 1],0.0027309605648042634,0.3165730705051526,tvm
12,3,1,1,96,96,6,1,[12; 3; 1; 1; 96; 96; 6; 1],0.0037580976568278857,0.23004952249120497,tvm
16,16,1,1,64,64,4,1,[16; 16; 1; 1; 64; 64; 4; 1],0.002769203438219847,0.31220117651751045,tvm
4,2,197,1,512,128,8,1,[4; 2; 197; 1; 512; 128; 8; 1],0.008993196373921819,0.09613362540770948,tvm
6,2,1,1,48,16,1,1,[6; 2; 1; 1; 48; 16; 1; 1],0.0032729988161008805,0.26414570245965047,tvm
12,6,1,1,128,128,8,1,[12; 6; 1; 1; 128; 128; 8; 1],0.003184048939147033,0.271524900512419,tvm
24,2,1,1,128,128,8,1,[24; 2; 1; 1; 128; 128; 8; 1],0.008596464758738875,0.1005702455244408,tvm
12,3,197,1,512,128,8,1,[12; 3; 197; 1; 512; 128; 8; 1],0.003246533466153778,0.26629898642406924,tvm
4,4,1,1,192,48,3,1,[4; 4; 1; 1; 192; 48; 3; 1],0.0032709064689697698,0.2643146722874275,tvm
24,2,197,1,48,48,3,1,[24; 2; 197; 1; 48; 48; 3; 1],0.004665476684749592,0.18530766089874348,tvm
12,12,197,1,512,64,4,1,[12; 12; 197; 1; 512; 64; 4; 1],0.00401025902829133,0.21558422169974734,tvm
8,2,1,1,384,192,12,1,[8; 2; 1; 1; 384; 192; 12; 1],0.007229324692161754,0.11958911907303602,tvm
6,1,1,1,64,32,2,1,[6; 1; 1; 1; 64; 32; 2; 1],0.007050608561257832,0.1226204183535521,tvm
4,1,1,1,192,64,4,1,[4; 1; 1; 1; 192; 64; 4; 1],0.0065039350592996925,0.13292699935439717,tvm
12,4,1,1,96,96,6,1,[12; 4; 1; 1; 96; 96; 6; 1],0.0024933505919761956,0.3467416793333271,tvm
24,8,1,1,64,64,4,1,[24; 8; 1; 1; 64; 64; 4; 1],0.0037219121877569705,0.2322861281554297,tvm
16,2,197,1,128,128,8,1,[16; 2; 197; 1; 128; 128; 8; 1],0.002499761922081234,0.34585236449588436,tvm
4,2,197,1,128,128,8,1,[4; 2; 197; 1; 128; 128; 8; 1],0.004852833873883355,0.17815334171675212,tvm
8,4,1,1,96,16,1,1,[8; 4; 1; 1; 96; 16; 1; 1],0.004440776683622971,0.19468409087467026,tvm
24,6,197,1,48,48,3,1,[24; 6; 197; 1; 48; 48; 3; 1],0.00363943497359287,0.23755021801504653,tvm
32,2,197,1,128,128,8,1,[32; 2; 197; 1; 128; 128; 8; 1],0.006718493183143437,0.12868191540295168,tvm
24,3,197,1,96,48,3,1,[24; 3; 197; 1; 96; 48; 3; 1],0.00518380175344646,0.16677886473065348,tvm
6,1,1,1,96,48,3,1,[6; 1; 1; 1; 96; 48; 3; 1],0.004132733905862551,0.20919531504366956,tvm
24,4,1,1,96,48,3,1,[24; 4; 1; 1; 96; 48; 3; 1],0.0035102071924484335,0.24629559568121476,tvm
3,1,197,1,128,128,8,1,[3; 1; 197; 1; 128; 128; 8; 1],0.002133710717316717,0.405185466057835,tvm
6,2,1,1,512,128,8,1,[6; 2; 1; 1; 512; 128; 8; 1],0.004168559469690081,0.207397442141529,tvm
16,16,197,1,96,48,3,1,[16; 16; 197; 1; 96; 48; 3; 1],0.00448777850397164,0.192645107298289,tvm
12,3,197,1,128,64,4,1,[12; 3; 197; 1; 128; 64; 4; 1],0.0027137722172483336,0.3185781643476298,tvm
24,6,1,1,96,48,3,1,[24; 6; 1; 1; 96; 48; 3; 1],0.010643929184880108,0.08122457002595226,tvm
16,2,197,1,384,128,8,1,[16; 2; 197; 1; 384; 128; 8; 1],0.0037029927188996226,0.23347293312677098,tvm
6,3,1,1,64,32,2,1,[6; 3; 1; 1; 64; 32; 2; 1],0.005619112285785377,0.15385856830368258,tvm
6,1,1,1,96,96,6,1,[6; 1; 1; 1; 96; 96; 6; 1],0.0013171370774216484,0.6563846590067617,tvm
16,2,197,1,64,64,4,1,[16; 2; 197; 1; 64; 64; 4; 1],0.0024919001261878293,0.34694350802541163,tvm
12,12,197,1,384,128,8,1,[12; 12; 197; 1; 384; 128; 8; 1],0.0026339470023231115,0.3282330930220119,tvm
16,16,197,1,768,64,4,1,[16; 16; 197; 1; 768; 64; 4; 1],0.0029746734217042103,0.2906364662152613,tvm
64,32,197,1,512,128,8,1,[64; 32; 197; 1; 512; 128; 8; 1],0.007175979058956727,0.1204781346664441,tvm
4,2,1,1,384,128,8,1,[4; 2; 1; 1; 384; 128; 8; 1],0.003379334091732744,0.255834003966526,tvm
4,4,197,1,96,96,6,1,[4; 4; 197; 1; 96; 96; 6; 1],0.0032863812521100044,0.26307007772561153,tvm
8,8,1,1,16,16,1,1,[8; 8; 1; 1; 16; 16; 1; 1],0.006565504489117302,0.13168044784092522,tvm
12,3,1,1,48,16,1,1,[12; 3; 1; 1; 48; 16; 1; 1],0.002050164435786428,0.4216971850343004,tvm
8,8,197,1,768,128,8,1,[8; 8; 197; 1; 768; 128; 8; 1],0.004282335874449927,0.20188714682255604,tvm
8,8,197,1,192,32,2,1,[8; 8; 197; 1; 192; 32; 2; 1],0.0031074201870069373,0.27822068449046905,tvm
12,1,197,1,48,48,3,1,[12; 1; 197; 1; 48; 48; 3; 1],0.002844623344572028,0.303923741987937,tvm
8,2,197,1,384,192,12,1,[8; 2; 197; 1; 384; 192; 12; 1],0.002510020622139564,0.34443883201709413,tvm
3,1,197,1,48,48,3,1,[3; 1; 197; 1; 48; 48; 3; 1],0.006794830871513113,0.12723621643816552,tvm
24,12,197,1,128,64,4,1,[24; 12; 197; 1; 128; 64; 4; 1],0.004578093685267959,0.18884466567616096,tvm
3,3,1,1,96,48,3,1,[3; 3; 1; 1; 96; 48; 3; 1],0.004325347406847868,0.19987956806887291,tvm
8,2,1,1,48,16,1,1,[8; 2; 1; 1; 48; 16; 1; 1],0.0015409107036248315,0.5610633824496196,tvm
12,1,197,1,192,192,12,1,[12; 1; 197; 1; 192; 192; 12; 1],0.003349642749526538,0.2581017248931316,tvm
16,1,1,1,64,64,4,1,[16; 1; 1; 1; 64; 64; 4; 1],0.002772899952105945,0.3117849855246199,tvm
8,8,1,1,96,32,2,1,[8; 8; 1; 1; 96; 32; 2; 1],0.0027629777177935466,0.31290464843812815,tvm
3,1,1,1,192,192,12,1,[3; 1; 1; 1; 192; 192; 12; 1],0.004210142527881544,0.2053490031995649,tvm
24,24,197,1,512,64,4,1,[24; 24; 197; 1; 512; 64; 4; 1],0.00432794831431238,0.19975944919895144,tvm
6,3,1,1,192,192,12,1,[6; 3; 1; 1; 192; 192; 12; 1],0.004329756156948861,0.1996760418115118,tvm
4,2,1,1,192,192,12,1,[4; 2; 1; 1; 192; 192; 12; 1],0.004873623278399464,0.17739339338359691,tvm
16,8,197,1,256,64,4,1,[16; 8; 197; 1; 256; 64; 4; 1],0.001864808549726149,0.4636125094747834,tvm
16,8,197,1,192,48,3,1,[16; 8; 197; 1; 192; 48; 3; 1],0.0014916914460627595,0.5795760066269077,tvm
16,16,197,1,192,96,6,1,[16; 16; 197; 1; 192; 96; 6; 1],0.002587139781098813,0.33417157346688836,tvm
16,8,1,1,64,64,4,1,[16; 8; 1; 1; 64; 64; 4; 1],0.0041478602506686,0.20843242519783867,tvm
4,4,197,1,64,64,4,1,[4; 4; 197; 1; 64; 64; 4; 1],0.006780145122320391,0.12751180923583152,tvm
8,2,197,1,384,128,8,1,[8; 2; 197; 1; 384; 128; 8; 1],0.003789369118749164,0.22815105742824834,tvm
24,12,1,1,48,48,3,1,[24; 12; 1; 1; 48; 48; 3; 1],0.008673221498611383,0.09968021358234527,tvm
8,4,197,1,128,64,4,1,[8; 4; 197; 1; 128; 64; 4; 1],0.003928443751647137,0.22007406140563404,tvm
8,8,1,1,48,16,1,1,[8; 8; 1; 1; 48; 16; 1; 1],0.002933816249424126,0.29468395357012295,tvm
8,2,197,1,96,48,3,1,[8; 2; 197; 1; 96; 48; 3; 1],0.003067362766159931,0.28185403466669523,tvm
6,6,197,1,128,128,8,1,[6; 6; 197; 1; 128; 128; 8; 1],0.003332819811475929,0.2594045343980684,tvm
12,6,197,1,128,64,4,1,[12; 6; 197; 1; 128; 64; 4; 1],0.003164038593240548,0.27324210686795614,tvm
12,3,197,1,192,192,12,1,[12; 3; 197; 1; 192; 192; 12; 1],0.005955884465947747,0.1451587209878823,tvm
24,4,197,1,128,64,4,1,[24; 4; 197; 1; 128; 64; 4; 1],0.0031595069376635365,0.2736340158404296,tvm
4,4,1,1,48,16,1,1,[4; 4; 1; 1; 48; 16; 1; 1],0.004839584245928563,0.17864108309632118,tvm
3,3,1,1,96,16,1,1,[3; 3; 1; 1; 96; 16; 1; 1],0.004322934284573421,0.199991143634487,tvm
8,2,1,1,96,48,3,1,[8; 2; 1; 1; 96; 48; 3; 1],0.0013881766808481188,0.6227943340039164,tvm
16,16,197,1,96,96,6,1,[16; 16; 197; 1; 96; 96; 6; 1],0.0012974006258446025,0.6663697813971331,tvm
6,2,1,1,96,48,3,1,[6; 2; 1; 1; 96; 48; 3; 1],0.004301734596083406,0.20097673441214053,tvm
16,2,1,1,64,64,4,1,[16; 2; 1; 1; 64; 64; 4; 1],0.0027518804527062457,0.3141664713590155,tvm
12,12,197,1,256,128,8,1,[12; 12; 197; 1; 256; 128; 8; 1],0.003427046314754989,0.2522722169543778,tvm
12,3,197,1,256,128,8,1,[12; 3; 197; 1; 256; 128; 8; 1],0.003456171223660931,0.25014633693778715,tvm
12,3,197,1,128,64,4,1,[12; 3; 197; 1; 128; 64; 4; 1],0.0040673881230759434,0.21255620198220979,tvm
16,8,197,1,384,128,8,1,[16; 8; 197; 1; 384; 128; 8; 1],0.0037172733718762174,0.23257599991689829,tvm
16,16,197,1,512,64,4,1,[16; 16; 197; 1; 512; 64; 4; 1],0.0034299495309824124,0.25205868588420477,tvm
4,2,197,1,32,32,2,1,[4; 2; 197; 1; 32; 32; 2; 1],0.001525376976132975,0.566776990183969,tvm
8,4,197,1,48,48,3,1,[8; 4; 197; 1; 48; 48; 3; 1],0.0051140400901203975,0.16905392922100024,tvm
8,8,197,1,32,32,2,1,[8; 8; 197; 1; 32; 32; 2; 1],0.004499143127759453,0.192158494824127,tvm
4,2,1,1,64,32,2,1,[4; 2; 1; 1; 64; 32; 2; 1],0.003390072437468916,0.2550236277765373,tvm
4,4,197,1,48,48,3,1,[4; 4; 197; 1; 48; 48; 3; 1],0.0034651646856218576,0.24949710904531502,tvm
8,4,1,1,96,96,6,1,[8; 4; 1; 1; 96; 96; 6; 1],0.005044478151830845,0.17138513547031456,tvm
6,3,1,1,48,48,3,1,[6; 3; 1; 1; 48; 48; 3; 1],0.005885911843506619,0.14688439011915336,tvm
12,2,197,1,512,128,8,1,[12; 2; 197; 1; 512; 128; 8; 1],0.004516250999586191,0.1914305851264217,tvm
8,4,1,1,96,48,3,1,[8; 4; 1; 1; 96; 48; 3; 1],0.0027636019367491826,0.3128339721912113,tvm
8,8,197,1,64,64,4,1,[8; 8; 197; 1; 64; 64; 4; 1],0.0026112373125215527,0.33108770592501846,tvm
6,2,197,1,128,128,8,1,[6; 2; 197; 1; 128; 128; 8; 1],0.0026216936894343235,0.3297671939757054,tvm
8,1,197,1,128,128,8,1,[8; 1; 197; 1; 128; 128; 8; 1],0.002530778703658143,0.3416136583490685,tvm
6,3,1,1,48,16,1,1,[6; 3; 1; 1; 48; 16; 1; 1],0.00401269159920048,0.21545353039362178,tvm
12,3,197,1,96,48,3,1,[12; 3; 197; 1; 96; 48; 3; 1],0.004173896253632847,0.2071322617748564,tvm
8,4,197,1,64,64,4,1,[8; 4; 197; 1; 64; 64; 4; 1],0.003939275651646312,0.2194689196393903,tvm
4,1,1,1,96,96,6,1,[4; 1; 1; 1; 96; 96; 6; 1],0.003322176096844487,0.2602356245503507,tvm
3,1,1,1,128,128,8,1,[3; 1; 1; 1; 128; 128; 8; 1],0.006537628680234775,0.13224192038351196,tvm
16,16,197,1,512,128,8,1,[16; 16; 197; 1; 512; 128; 8; 1],0.003414543745748233,0.2531959277151161,tvm
3,3,1,1,64,32,2,1,[3; 3; 1; 1; 64; 32; 2; 1],0.006647611371590756,0.13005401836865912,tvm
24,4,197,1,48,48,3,1,[24; 4; 197; 1; 48; 48; 3; 1],0.006926044123247266,0.1248257383354972,tvm
6,2,1,1,128,128,8,1,[6; 2; 1; 1; 128; 128; 8; 1],0.004232854844303802,0.20424715782352038,tvm
3,3,1,1,48,16,1,1,[3; 3; 1; 1; 48; 16; 1; 1],0.011323835627990775,0.07634767934034124,tvm
24,4,197,1,64,64,4,1,[24; 4; 197; 1; 64; 64; 4; 1],0.004583433750667609,0.18862464659877407,tvm
24,8,197,1,512,64,4,1,[24; 8; 197; 1; 512; 64; 4; 1],0.0021331760653993115,0.4052870203504443,tvm
8,1,1,1,256,128,8,1,[8; 1; 1; 1; 256; 128; 8; 1],0.0038822125643491745,0.22269480537151032,tvm
12,1,1,1,48,16,1,1,[12; 1; 1; 1; 48; 16; 1; 1],0.004062361971591599,0.21281918683623569,tvm
12,12,197,1,48,48,3,1,[12; 12; 197; 1; 48; 48; 3; 1],0.002474786200764356,0.34934273157073087,tvm
24,3,197,1,128,64,4,1,[24; 3; 197; 1; 128; 64; 4; 1],0.001532504071292351,0.5641411253801779,tvm
16,16,197,1,128,32,2,1,[16; 16; 197; 1; 128; 32; 2; 1],0.004986280342563987,0.1733854721421486,tvm
12,3,197,1,192,96,6,1,[12; 3; 197; 1; 192; 96; 6; 1],0.003775841905735433,0.2289684242646225,tvm
8,2,197,1,48,48,3,1,[8; 2; 197; 1; 48; 48; 3; 1],0.004245316471497063,0.2036476143140627,tvm
12,12,197,1,32,32,2,1,[12; 12; 197; 1; 32; 32; 2; 1],0.0015454172589670634,0.5594272785632175,tvm
8,8,197,1,192,96,6,1,[8; 8; 197; 1; 192; 96; 6; 1],0.0012671501481236191,0.6822779231875438,tvm
12,12,1,1,64,64,4,1,[12; 12; 1; 1; 64; 64; 4; 1],0.004058391154103447,0.21302741372142622,tvm
6,1,1,1,192,96,6,1,[6; 1; 1; 1; 192; 96; 6; 1],0.0027997871111438144,0.3087908248407401,tvm
8,2,197,1,192,192,12,1,[8; 2; 197; 1; 192; 192; 12; 1],0.004240539878082927,0.2038770053541905,tvm
12,1,197,1,128,64,4,1,[12; 1; 197; 1; 128; 64; 4; 1],0.005412422469817102,0.15973412575419052,tvm
8,8,1,1,32,32,2,1,[8; 8; 1; 1; 32; 32; 2; 1],0.004320048872614279,0.2001247200949811,tvm
24,24,197,1,384,64,4,1,[24; 24; 197; 1; 384; 64; 4; 1],0.004666787906899117,0.1852555952136739,tvm
8,4,1,1,32,32,2,1,[8; 4; 1; 1; 32; 32; 2; 1],0.003335084315040149,0.25922840017259463,tvm
8,1,1,1,48,16,1,1,[8; 1; 1; 1; 48; 16; 1; 1],0.0031727691894047894,0.27249021905396165,tvm
8,1,197,1,256,128,8,1,[8; 1; 197; 1; 256; 128; 8; 1],0.0033998130966210738,0.25429297048352706,tvm
6,1,1,1,192,48,3,1,[6; 1; 1; 1; 192; 48; 3; 1],0.007777898572385311,0.11115451858655868,tvm
6,1,1,1,48,48,3,1,[6; 1; 1; 1; 48; 48; 3; 1],0.005878370218852069,0.14707283468740096,tvm
16,4,197,1,512,128,8,1,[16; 4; 197; 1; 512; 128; 8; 1],0.005137122934684157,0.16829431228741382,tvm
24,24,197,1,192,64,4,1,[24; 24; 197; 1; 192; 64; 4; 1],0.0029964346540509723,0.28852575518700585,tvm
12,2,197,1,32,32,2,1,[12; 2; 197; 1; 32; 32; 2; 1],0.00676443480188027,0.1278079539163062,tvm
3,3,1,1,48,48,3,1,[3; 3; 1; 1; 48; 48; 3; 1],0.004527232034888584,0.19096626034760952,tvm
16,16,197,1,384,32,2,1,[16; 16; 197; 1; 384; 32; 2; 1],0.003366087250469718,0.2568408086593503,tvm
8,2,197,1,64,64,4,1,[8; 2; 197; 1; 64; 64; 4; 1],0.003979724904638715,0.21723827454024897,tvm
16,8,197,1,384,192,12,1,[16; 8; 197; 1; 384; 192; 12; 1],0.008756016570259817,0.09873765821378724,tvm
24,12,197,1,256,64,4,1,[24; 12; 197; 1; 256; 64; 4; 1],0.006124424719018862,0.14116404578274788,tvm
12,12,197,1,192,32,2,1,[12; 12; 197; 1; 192; 32; 2; 1],0.004608853218087461,0.18758431447450907,tvm
12,6,197,1,512,128,8,1,[12; 6; 197; 1; 512; 128; 8; 1],0.0036150683736195788,0.23915137476720644,tvm
6,6,1,1,96,48,3,1,[6; 6; 1; 1; 96; 48; 3; 1],0.004082456129253842,0.21177167471156305,tvm
16,8,197,1,192,32,2,1,[16; 8; 197; 1; 192; 32; 2; 1],0.001641606904740911,0.5266477430935392,tvm
24,4,197,1,96,96,6,1,[24; 4; 197; 1; 96; 96; 6; 1],0.0029335526560316794,0.29471043229818034,tvm
12,2,197,1,256,128,8,1,[12; 2; 197; 1; 256; 128; 8; 1],0.0035444316526991315,0.24391740514172597,tvm
8,2,197,1,32,32,2,1,[8; 2; 197; 1; 32; 32; 2; 1],0.0036038060643477365,0.23989875037436248,tvm
24,1,197,1,64,64,4,1,[24; 1; 197; 1; 64; 64; 4; 1],0.012873958359705284,0.06715483670776476,tvm
4,1,197,1,96,96,6,1,[4; 1; 197; 1; 96; 96; 6; 1],0.004527257471636403,0.1909651873888399,tvm
3,3,1,1,16,16,1,1,[3; 3; 1; 1; 16; 16; 1; 1],0.007311787572689354,0.1182403841514478,tvm
16,4,197,1,128,64,4,1,[16; 4; 197; 1; 128; 64; 4; 1],0.006894066682434641,0.12540473007482658,tvm
6,2,1,1,64,64,4,1,[6; 2; 1; 1; 64; 64; 4; 1],0.005144396091054659,0.16805637748848556,tvm
16,1,197,1,192,48,3,1,[16; 1; 197; 1; 192; 48; 3; 1],0.0032535208738408983,0.2657270707496463,tvm
12,12,1,1,96,48,3,1,[12; 12; 1; 1; 96; 48; 3; 1],0.0032437076297355816,0.2665309793962679,tvm
6,2,1,1,48,48,3,1,[6; 2; 1; 1; 48; 48; 3; 1],0.002936264434538316,0.29443825333276186,tvm
12,12,197,1,512,128,8,1,[12; 12; 197; 1; 512; 128; 8; 1],0.0036033343712915666,0.239930154225095,tvm
6,2,197,1,32,32,2,1,[6; 2; 197; 1; 32; 32; 2; 1],0.005872880225069821,0.14721031900804568,tvm
16,2,197,1,192,48,3,1,[16; 2; 197; 1; 192; 48; 3; 1],0.00443924331193557,0.1947513372614885,tvm
16,2,1,1,48,16,1,1,[16; 2; 1; 1; 48; 16; 1; 1],0.015052752976771444,0.05743458175143735,tvm
12,6,197,1,128,128,8,1,[12; 6; 197; 1; 128; 128; 8; 1],0.0012941170552949188,0.6680605652257228,tvm
8,4,1,1,96,48,3,1,[8; 4; 1; 1; 96; 48; 3; 1],0.0013929062351962784,0.6206796621215105,tvm
4,2,1,1,32,16,1,1,[4; 2; 1; 1; 32; 16; 1; 1],0.004469720472116023,0.19342340909727693,tvm
16,16,197,1,512,64,4,1,[16; 16; 197; 1; 512; 64; 4; 1],0.003913209096936043,0.22093083962865515,tvm
12,12,197,1,192,48,3,1,[12; 12; 197; 1; 192; 48; 3; 1],0.0041542521576047875,0.2081117223098569,tvm
16,16,197,1,384,64,4,1,[16; 16; 197; 1; 384; 64; 4; 1],0.004214846747345291,0.20511981176376218,tvm
16,16,197,1,384,96,6,1,[16; 16; 197; 1; 384; 96; 6; 1],0.00391326274984749,0.22092781054946156,tvm
6,2,1,1,48,16,1,1,[6; 2; 1; 1; 48; 16; 1; 1],0.004506687066168524,0.1918368324081551,tvm
4,2,1,1,48,16,1,1,[4; 2; 1; 1; 48; 16; 1; 1],0.0017440710944356397,0.4957071842924665,tvm
12,4,1,1,96,48,3,1,[12; 4; 1; 1; 96; 48; 3; 1],0.0015648305306967814,0.5524870294060589,tvm
6,1,197,1,96,96,6,1,[6; 1; 197; 1; 96; 96; 6; 1],0.003927554280380718,0.22012390146897376,tvm
16,2,197,1,128,128,8,1,[16; 2; 197; 1; 128; 128; 8; 1],0.0037710805918322876,0.22925751661236857,tvm
12,2,1,1,96,48,3,1,[12; 2; 1; 1; 96; 48; 3; 1],0.006239006906980649,0.13857150413814295,tvm
8,2,1,1,128,128,8,1,[8; 2; 1; 1; 128; 128; 8; 1],0.003762497246498242,0.22978051937000277,tvm
8,2,197,1,96,96,6,1,[8; 2; 197; 1; 96; 96; 6; 1],0.005026782717322931,0.1719884506742707,tvm
12,6,197,1,96,96,6,1,[12; 6; 197; 1; 96; 96; 6; 1],0.003730129814357497,0.23177439243558529,tvm
24,24,197,1,512,64,4,1,[24; 24; 197; 1; 512; 64; 4; 1],0.002121695437381277,0.40748005401550413,tvm
12,2,197,1,48,48,3,1,[12; 2; 197; 1; 48; 48; 3; 1],0.0028411347666406073,0.30429692444713713,tvm
8,1,1,1,192,48,3,1,[8; 1; 1; 1; 192; 48; 3; 1],0.0020466028436203487,0.4224310418230553,tvm
8,2,197,1,192,192,12,1,[8; 2; 197; 1; 192; 192; 12; 1],0.002589799860288622,0.3338283334883728,tvm
12,2,197,1,128,64,4,1,[12; 2; 197; 1; 128; 64; 4; 1],0.003611784501117654,0.23936881371550264,tvm
8,2,1,1,128,16,1,1,[8; 2; 1; 1; 128; 16; 1; 1],0.004330221687268931,0.19965457518500437,tvm
12,3,1,1,16,16,1,1,[12; 3; 1; 1; 16; 16; 1; 1],0.00630814881878905,0.13705265938772435,tvm
4,2,1,1,192,96,6,1,[4; 2; 1; 1; 192; 96; 6; 1],0.004920038845739327,0.17571986696350095,tvm
16,4,197,1,256,64,4,1,[16; 4; 197; 1; 256; 64; 4; 1],0.0018671981742954813,0.46301918207197107,tvm
16,2,197,1,192,64,4,1,[16; 2; 197; 1; 192; 64; 4; 1],0.0013649677039211383,0.6333839027436221,tvm
12,4,197,1,96,32,2,1,[12; 4; 197; 1; 96; 32; 2; 1],0.004556274812784977,0.18974899604445167,tvm
12,2,197,1,384,96,6,1,[12; 2; 197; 1; 384; 96; 6; 1],0.003808889399806503,0.22698179985811393,tvm
16,8,1,1,192,96,6,1,[16; 8; 1; 1; 192; 96; 6; 1],0.006286864940193482,0.1375166445681533,tvm
8,8,197,1,384,192,12,1,[8; 8; 197; 1; 384; 192; 12; 1],0.004083436033397447,0.21172085575912913,tvm
8,2,1,1,192,48,3,1,[8; 2; 1; 1; 192; 48; 3; 1],0.006379969054250978,0.13550983775579947,tvm
12,2,1,1,64,16,1,1,[12; 2; 1; 1; 64; 16; 1; 1],0.008380819737794809,0.1031579962911903,tvm
12,6,197,1,768,128,8,1,[12; 6; 197; 1; 768; 128; 8; 1],0.008583377188188024,0.10072359078176316,tvm
12,3,1,1,64,64,4,1,[12; 3; 1; 1; 64; 64; 4; 1],0.002728426716203103,0.3168670671249265,tvm
24,2,197,1,256,64,4,1,[24; 2; 197; 1; 256; 64; 4; 1],0.0041760218373383395,0.2070268320195391,tvm
8,4,197,1,128,64,4,1,[8; 4; 197; 1; 128; 64; 4; 1],0.008658271879539825,0.09985232428096505,tvm
3,1,197,1,128,128,8,1,[3; 1; 197; 1; 128; 128; 8; 1],0.006399739620974287,0.1350912103666108,tvm
12,4,1,1,96,32,2,1,[12; 4; 1; 1; 96; 32; 2; 1],0.005514555399713572,0.15677575230697227,tvm
6,6,1,1,96,96,6,1,[6; 6; 1; 1; 96; 96; 6; 1],0.004353565127530601,0.19858404459403473,tvm
8,8,1,1,64,64,4,1,[8; 8; 1; 1; 64; 64; 4; 1],0.005928021309955511,0.14584100262538693,tvm
16,8,197,1,384,96,6,1,[16; 8; 197; 1; 384; 96; 6; 1],0.001307400272708037,0.6612730542252523,tvm
8,2,1,1,192,96,6,1,[8; 2; 1; 1; 192; 96; 6; 1],0.0013376784536376363,0.6463052231106422,tvm
24,6,197,1,48,48,3,1,[24; 6; 197; 1; 48; 48; 3; 1],0.00479765724594472,0.18020223769827282,tvm
16,8,1,1,128,128,8,1,[16; 8; 1; 1; 128; 128; 8; 1],0.0025089957962336484,0.3445795217060064,tvm
8,2,1,1,128,64,4,1,[8; 2; 1; 1; 128; 64; 4; 1],0.0027538719841686543,0.31393927401079375,tvm
24,8,197,1,96,96,6,1,[24; 8; 197; 1; 96; 96; 6; 1],0.008860407004249282,0.09757436323342149,tvm
12,6,1,1,192,48,3,1,[12; 6; 1; 1; 192; 48; 3; 1],0.007275645446497947,0.11882774906860152,tvm
6,3,1,1,96,96,6,1,[6; 3; 1; 1; 96; 96; 6; 1],0.004364455591712613,0.1980885251920555,tvm
12,2,197,1,192,96,6,1,[12; 2; 197; 1; 192; 96; 6; 1],0.0012625876406673342,0.6847434139079792,tvm
24,4,197,1,128,128,8,1,[24; 4; 197; 1; 128; 128; 8; 1],0.002880139829358086,0.30017590209196837,tvm
16,2,197,1,192,48,3,1,[16; 2; 197; 1; 192; 48; 3; 1],0.004429568500199821,0.19517670206241783,tvm
12,2,197,1,384,128,8,1,[12; 2; 197; 1; 384; 128; 8; 1],0.003731200842594262,0.23170786240160163,tvm
8,8,1,1,48,48,3,1,[8; 8; 1; 1; 48; 48; 3; 1],0.005690856312867254,0.151918889512953,tvm
4,2,1,1,96,48,3,1,[4; 2; 1; 1; 96; 48; 3; 1],0.0033051469654310495,0.2615764383463109,tvm
4,1,1,1,96,96,6,1,[4; 1; 1; 1; 96; 96; 6; 1],0.0032979147508740425,0.26215006655324885,tvm
4,2,1,1,64,16,1,1,[4; 2; 1; 1; 64; 16; 1; 1],0.0068306873727124184,0.12656831212658254,tvm
8,4,1,1,128,128,8,1,[8; 4; 1; 1; 128; 128; 8; 1],0.0025023634516401216,0.3454928063554961,tvm
12,4,1,1,192,48,3,1,[12; 4; 1; 1; 192; 48; 3; 1],0.004531760998361278,0.19077541197366746,tvm
6,6,1,1,96,48,3,1,[6; 6; 1; 1; 96; 48; 3; 1],0.0039719938722555526,0.21766110402824598,tvm
16,8,197,1,128,32,2,1,[16; 8; 197; 1; 128; 32; 2; 1],0.004533135252131615,0.19071757698428146,tvm
6,2,1,1,128,128,8,1,[6; 2; 1; 1; 128; 128; 8; 1],0.002618458936922252,0.330174576823712,tvm
16,8,197,1,192,192,12,1,[16; 8; 197; 1; 192; 192; 12; 1],0.006372210627887398,0.13567482651074864,tvm
6,2,1,1,96,96,6,1,[6; 2; 1; 1; 96; 96; 6; 1],0.003937307876185514,0.2195786051321318,tvm
16,8,197,1,384,48,3,1,[16; 8; 197; 1; 384; 48; 3; 1],0.0046015648695174605,0.18788142641553843,tvm
16,1,1,1,96,96,6,1,[16; 1; 1; 1; 96; 96; 6; 1],0.003086716435063863,0.2800868138088895,tvm
12,12,197,1,192,192,12,1,[12; 12; 197; 1; 192; 192; 12; 1],0.0013251002419565339,0.6524401279649985,tvm
16,16,197,1,48,48,3,1,[16; 16; 197; 1; 48; 48; 3; 1],0.0030300465477921534,0.28532517827441484,tvm
24,3,197,1,64,64,4,1,[24; 3; 197; 1; 64; 64; 4; 1],0.0030602489241573494,0.2825092313909163,tvm
24,3,197,1,128,64,4,1,[24; 3; 197; 1; 128; 64; 4; 1],0.003039202154468512,0.28446563521858304,tvm
4,4,1,1,32,32,2,1,[4; 4; 1; 1; 32; 32; 2; 1],0.003029528532351833,0.28537396568350504,tvm
12,4,1,1,96,96,6,1,[12; 4; 1; 1; 96; 96; 6; 1],0.0034834168109227903,0.24818981429889356,tvm
24,8,197,1,192,48,3,1,[24; 8; 197; 1; 192; 48; 3; 1],0.003450481905019842,0.2505587901130001,tvm
16,8,197,1,256,64,4,1,[16; 8; 197; 1; 256; 64; 4; 1],0.001863480923930183,0.463942807423642,tvm
16,2,197,1,96,96,6,1,[16; 2; 197; 1; 96; 96; 6; 1],0.0012948448202223517,0.667685083128425,tvm
24,24,197,1,64,64,4,1,[24; 24; 197; 1; 64; 64; 4; 1],0.004589667245454621,0.1883684644643416,tvm
12,12,197,1,192,96,6,1,[12; 12; 197; 1; 192; 96; 6; 1],0.0038118204683996737,0.22680726403453544,tvm
16,8,197,1,96,96,6,1,[16; 8; 197; 1; 96; 96; 6; 1],0.003840794692223426,0.2250962732215417,tvm
4,2,1,1,32,32,2,1,[4; 2; 1; 1; 32; 32; 2; 1],0.003018772062205244,0.28639080845243076,tvm
16,16,197,1,96,96,6,1,[16; 16; 197; 1; 96; 96; 6; 1],0.0038349630558514036,0.22543856585774388,tvm
12,4,1,1,96,48,3,1,[12; 4; 1; 1; 96; 48; 3; 1],0.005816309880174231,0.14864210972931746,tvm
12,3,197,1,48,48,3,1,[12; 3; 197; 1; 48; 48; 3; 1],0.0014342521171784028,0.6027870282174612,tvm
6,6,197,1,384,128,8,1,[6; 6; 197; 1; 384; 128; 8; 1],0.0013354497350519523,0.647383835375083,tvm
12,4,1,1,32,32,2,1,[12; 4; 1; 1; 32; 32; 2; 1],0.004587417090078816,0.18846086031687118,tvm
3,1,197,1,32,32,2,1,[3; 1; 197; 1; 32; 32; 2; 1],0.005846302658028435,0.14787954404675407,tvm
24,4,1,1,64,64,4,1,[24; 4; 1; 1; 64; 64; 4; 1],0.0030659883268526755,0.2819803858536067,tvm
16,4,197,1,256,32,2,1,[16; 4; 197; 1; 256; 32; 2; 1],0.004422024940140545,0.19550965522168526,tvm
4,2,197,1,96,96,6,1,[4; 2; 197; 1; 96; 96; 6; 1],0.006643566448474303,0.13013320151665153,tvm
12,2,1,1,192,48,3,1,[12; 2; 1; 1; 192; 48; 3; 1],0.006847649565315805,0.12625479198112258,tvm
6,3,197,1,384,96,6,1,[6; 3; 197; 1; 384; 96; 6; 1],0.0027023675938835368,0.3199226387207153,tvm
8,4,1,1,128,64,4,1,[8; 4; 1; 1; 128; 64; 4; 1],0.002737104721745709,0.31586243834951533,tvm
12,2,197,1,384,192,12,1,[12; 2; 197; 1; 384; 192; 12; 1],0.006510230996354949,0.13279844784503478,tvm
24,8,197,1,256,32,2,1,[24; 8; 197; 1; 256; 32; 2; 1],0.005069887811259832,0.17052617407203277,tvm
16,8,1,1,64,64,4,1,[16; 8; 1; 1; 64; 64; 4; 1],0.002949732734123245,0.29309386624328965,tvm
8,8,197,1,512,32,2,1,[8; 8; 197; 1; 512; 32; 2; 1],0.004818965251615737,0.17940543794929822,tvm
8,8,197,1,384,32,2,1,[8; 8; 197; 1; 384; 32; 2; 1],0.0032742303374106996,0.2640463505424199,tvm
4,2,1,1,96,16,1,1,[4; 2; 1; 1; 96; 16; 1; 1],0.004961115409969352,0.17426495857993196,tvm
4,1,1,1,192,96,6,1,[4; 1; 1; 1; 192; 96; 6; 1],0.001643330484512262,0.526095377391583,tvm
12,2,197,1,512,128,8,1,[12; 2; 197; 1; 512; 128; 8; 1],0.0017831302029662766,0.48484881810109864,tvm
16,2,197,1,384,128,8,1,[16; 2; 197; 1; 384; 128; 8; 1],0.0024841919694154058,0.348020033102362,tvm
12,12,1,1,96,96,6,1,[12; 12; 1; 1; 96; 96; 6; 1],0.0024837997189024463,0.3480749936676063,tvm
12,12,197,1,192,32,2,1,[12; 12; 197; 1; 192; 32; 2; 1],0.0035205477761337534,0.24557217410581883,tvm
6,2,1,1,64,32,2,1,[6; 2; 1; 1; 64; 32; 2; 1],0.002815981140884105,0.3070150431324046,tvm
16,1,197,1,128,128,8,1,[16; 1; 197; 1; 128; 128; 8; 1],0.005922841373831034,0.14596855071088302,tvm
8,1,1,1,48,48,3,1,[8; 1; 1; 1; 48; 48; 3; 1],0.0028484525755629875,0.30351517130584355,tvm
4,2,1,1,32,16,1,1,[4; 2; 1; 1; 32; 16; 1; 1],0.0015711520936747547,0.5502640864045732,tvm
12,6,197,1,384,128,8,1,[12; 6; 197; 1; 384; 128; 8; 1],0.0013311809525475837,0.6494598422355864,tvm
24,4,197,1,512,64,4,1,[24; 4; 197; 1; 512; 64; 4; 1],0.004405148189107422,0.19625868059701929,tvm
8,8,197,1,96,32,2,1,[8; 8; 197; 1; 96; 32; 2; 1],0.004651554154406767,0.18586230380861404,tvm
16,16,197,1,384,64,4,1,[16; 16; 197; 1; 384; 64; 4; 1],0.0027895642961084377,0.3099224393697087,tvm
8,1,1,1,384,96,6,1,[8; 1; 1; 1; 384; 96; 6; 1],0.006744868500391021,0.12817871414075022,tvm
24,4,197,1,192,64,4,1,[24; 4; 197; 1; 192; 64; 4; 1],0.005536568656680174,0.15615241588044718,tvm
6,3,197,1,96,96,6,1,[6; 3; 197; 1; 96; 96; 6; 1],0.003932045532565098,0.2198724720424529,tvm
24,2,197,1,192,96,6,1,[24; 2; 197; 1; 192; 96; 6; 1],0.005183949091588147,0.16677412454367094,tvm
8,2,197,1,256,128,8,1,[8; 2; 197; 1; 256; 128; 8; 1],0.0017056008582585491,0.5068879786512841,tvm
16,1,197,1,96,48,3,1,[16; 1; 197; 1; 96; 48; 3; 1],0.006337613187497482,0.13641548416588575,tvm
24,6,197,1,128,64,4,1,[24; 6; 197; 1; 128; 64; 4; 1],0.0030620900906797033,0.28233936488676736,tvm
6,3,1,1,48,16,1,1,[6; 3; 1; 1; 48; 16; 1; 1],0.004537267843261361,0.1905438694152865,tvm
6,2,197,1,96,96,6,1,[6; 2; 197; 1; 96; 96; 6; 1],0.002643461812112946,0.32705165910360884,tvm
16,4,197,1,384,96,6,1,[16; 4; 197; 1; 384; 96; 6; 1],0.006483936886070296,0.13333698131545912,tvm
12,2,197,1,192,192,12,1,[12; 2; 197; 1; 192; 192; 12; 1],0.01805677413358353,0.047879458702460596,tvm
16,2,1,1,128,64,4,1,[16; 2; 1; 1; 128; 64; 4; 1],0.007198359438916668,0.12010355675691062,tvm
12,1,197,1,128,128,8,1,[12; 1; 197; 1; 128; 128; 8; 1],0.0012938046784256585,0.6682218621133608,tvm
3,3,197,1,32,32,2,1,[3; 3; 197; 1; 32; 32; 2; 1],0.004396809534227941,0.1966308898983003,tvm
12,3,1,1,96,48,3,1,[12; 3; 1; 1; 96; 48; 3; 1],0.003109378736553481,0.27804543758695033,tvm
16,1,197,1,256,64,4,1,[16; 1; 197; 1; 256; 64; 4; 1],0.0038954880292294547,0.2219358819592068,tvm
16,2,1,1,96,48,3,1,[16; 2; 1; 1; 96; 48; 3; 1],0.005122209251567256,0.16878431336323155,tvm
16,8,197,1,192,32,2,1,[16; 8; 197; 1; 192; 32; 2; 1],0.0044934980614925735,0.19239989860847972,tvm
12,4,197,1,96,48,3,1,[12; 4; 197; 1; 96; 48; 3; 1],0.003585840968298726,0.24110064530796793,tvm
6,1,1,1,192,96,6,1,[6; 1; 1; 1; 192; 96; 6; 1],0.0014055890787858516,0.6150791753272363,tvm
16,4,197,1,192,48,3,1,[16; 4; 197; 1; 192; 48; 3; 1],0.0015997105474525597,0.5404406270905143,tvm
24,6,197,1,96,48,3,1,[24; 6; 197; 1; 96; 48; 3; 1],0.003461325031821616,0.24977387661671846,tvm
16,8,197,1,384,64,4,1,[16; 8; 197; 1; 384; 64; 4; 1],0.0041486986228846945,0.2083903050126666,tvm
8,2,1,1,48,16,1,1,[8; 2; 1; 1; 48; 16; 1; 1],0.006091537557949778,0.14192616612866318,tvm
16,2,197,1,192,48,3,1,[16; 2; 197; 1; 192; 48; 3; 1],0.0058933894979418255,0.14669802016827524,tvm
24,3,197,1,256,64,4,1,[24; 3; 197; 1; 256; 64; 4; 1],0.004098088655155152,0.21096385270753493,tvm
8,1,1,1,128,128,8,1,[8; 1; 1; 1; 128; 128; 8; 1],0.0043907821891480125,0.19690081042173682,tvm
16,2,197,1,96,48,3,1,[16; 2; 197; 1; 96; 48; 3; 1],0.0014949734686524607,0.5783036218079898,tvm
24,24,197,1,64,64,4,1,[24; 24; 197; 1; 64; 64; 4; 1],0.001602892814844381,0.539367675381655,tvm
8,2,197,1,128,128,8,1,[8; 2; 197; 1; 128; 128; 8; 1],0.0037642618772224523,0.22967280163475198,tvm
4,2,197,1,32,32,2,1,[4; 2; 197; 1; 32; 32; 2; 1],0.0030354596565302927,0.28481636037185903,tvm
16,8,197,1,96,48,3,1,[16; 8; 197; 1; 96; 48; 3; 1],0.007437477805069648,0.11624217161888732,tvm
16,2,1,1,192,96,6,1,[16; 2; 1; 1; 192; 96; 6; 1],0.006158235373732168,0.14038901064358247,tvm
16,2,197,1,256,64,4,1,[16; 2; 197; 1; 256; 64; 4; 1],0.0037236947246128693,0.23217493252443067,tvm
8,2,1,1,192,96,6,1,[8; 2; 1; 1; 192; 96; 6; 1],0.0053431136620929465,0.1618061351683692,tvm
8,1,197,1,192,64,4,1,[8; 1; 197; 1; 192; 64; 4; 1],0.0014596804066968616,0.5922862069409938,tvm
8,2,1,1,32,32,2,1,[8; 2; 1; 1; 32; 32; 2; 1],0.0015052372109494172,0.5743603500761609,tvm
16,16,197,1,384,32,2,1,[16; 16; 197; 1; 384; 32; 2; 1],0.00505375209468184,0.1710706333099228,tvm
16,8,197,1,192,192,12,1,[16; 8; 197; 1; 192; 192; 12; 1],0.008432920687482692,0.10252065725127167,tvm
8,2,1,1,192,64,4,1,[8; 2; 1; 1; 192; 64; 4; 1],0.003304763464257121,0.2616067929760031,tvm
4,2,197,1,32,16,1,1,[4; 2; 197; 1; 32; 16; 1; 1],0.007261436490807682,0.11906026755491303,tvm
4,1,197,1,384,128,8,1,[4; 1; 197; 1; 384; 128; 8; 1],0.00657488931028638,0.13149249069121052,tvm
8,4,1,1,64,32,2,1,[8; 4; 1; 1; 64; 32; 2; 1],0.0028047272498952225,0.3082469325531988,tvm
24,3,197,1,384,48,3,1,[24; 3; 197; 1; 384; 48; 3; 1],0.0017796206266211811,0.48580498477926637,tvm
12,1,1,1,512,128,8,1,[12; 1; 1; 1; 512; 128; 8; 1],0.004114316252525896,0.21013177363256905,tvm
4,1,1,1,384,96,6,1,[4; 1; 1; 1; 384; 96; 6; 1],0.004119247998460196,0.20988019457720092,tvm
4,4,197,1,192,96,6,1,[4; 4; 197; 1; 192; 96; 6; 1],0.003645892094937153,0.23712950052173012,tvm
6,1,197,1,192,192,12,1,[6; 1; 197; 1; 192; 192; 12; 1],0.0032566506270086393,0.26547169790291353,tvm
6,1,1,1,192,48,3,1,[6; 1; 1; 1; 192; 48; 3; 1],0.004319353589380626,0.20015693402691384,tvm
12,12,1,1,48,16,1,1,[12; 12; 1; 1; 48; 16; 1; 1],0.006651261675870046,0.1299826429269873,tvm
16,16,197,1,256,32,2,1,[16; 16; 197; 1; 256; 32; 2; 1],0.006688808556646109,0.12925299985892733,tvm
8,8,197,1,64,64,4,1,[8; 8; 197; 1; 64; 64; 4; 1],0.00235566246919916,0.3670086791858965,tvm
6,3,1,1,96,48,3,1,[6; 3; 1; 1; 96; 48; 3; 1],0.0021679031415260397,0.3987948330662018,tvm
8,8,1,1,96,16,1,1,[8; 8; 1; 1; 96; 16; 1; 1],0.003709377684572246,0.2330710552943515,tvm
24,2,197,1,128,64,4,1,[24; 2; 197; 1; 128; 64; 4; 1],0.008333369551110081,0.10374537768019727,tvm
24,6,197,1,512,64,4,1,[24; 6; 197; 1; 512; 64; 4; 1],0.006438467622501776,0.1342786237531216,tvm
16,1,197,1,256,64,4,1,[16; 1; 197; 1; 256; 64; 4; 1],0.007376389927230775,0.11720483596413372,tvm
12,6,1,1,96,48,3,1,[12; 6; 1; 1; 96; 48; 3; 1],0.0031259006573236547,0.2765758308419129,tvm
16,2,1,1,64,64,4,1,[16; 2; 1; 1; 64; 64; 4; 1],0.005519986654690001,0.15662149666503566,tvm
24,12,197,1,48,48,3,1,[24; 12; 197; 1; 48; 48; 3; 1],0.0018242295809614006,0.47392531096493856,tvm
16,4,197,1,384,48,3,1,[16; 4; 197; 1; 384; 48; 3; 1],0.0015499455857934663,0.5577928537316886,tvm
16,4,197,1,384,128,8,1,[16; 4; 197; 1; 384; 128; 8; 1],0.0024585914397903252,0.3516438548660619,tvm
24,12,197,1,96,48,3,1,[24; 12; 197; 1; 96; 48; 3; 1],0.005171088967472315,0.1671888797247231,tvm
16,4,1,1,64,64,4,1,[16; 4; 1; 1; 64; 64; 4; 1],0.004119008248380851,0.20989241081719573,tvm
12,12,197,1,192,48,3,1,[12; 12; 197; 1; 192; 48; 3; 1],0.0031257377850124612,0.276590242333819,tvm
12,2,197,1,192,64,4,1,[12; 2; 197; 1; 192; 64; 4; 1],0.0026516806428844575,0.32603796907010973,tvm
8,8,1,1,192,96,6,1,[8; 8; 1; 1; 192; 96; 6; 1],0.007689996433327906,0.11242509394174469,tvm
12,3,197,1,64,64,4,1,[12; 3; 197; 1; 64; 64; 4; 1],0.002719565156439785,0.31789956176683853,tvm
6,1,197,1,512,128,8,1,[6; 1; 197; 1; 512; 128; 8; 1],0.00188637512474088,0.4583121141121542,tvm
16,4,197,1,128,64,4,1,[16; 4; 197; 1; 128; 64; 4; 1],0.004123452432395425,0.20966619249353916,tvm
12,6,197,1,384,192,12,1,[12; 6; 197; 1; 384; 192; 12; 1],0.011851715695229359,0.0729471237465286,tvm
12,12,1,1,128,128,8,1,[12; 12; 1; 1; 128; 128; 8; 1],0.002573511952505214,0.33594115255107593,tvm
6,3,1,1,64,32,2,1,[6; 3; 1; 1; 64; 32; 2; 1],0.0028196937309985515,0.3066108073809863,tvm
8,2,1,1,48,16,1,1,[8; 2; 1; 1; 48; 16; 1; 1],0.005032580469560344,0.1717903124764342,tvm
12,4,1,1,96,96,6,1,[12; 4; 1; 1; 96; 96; 6; 1],0.0062671260529896244,0.13794976582865337,tvm
16,1,1,1,192,96,6,1,[16; 1; 1; 1; 192; 96; 6; 1],0.0031690186806372367,0.27281270909224337,tvm
8,4,1,1,48,48,3,1,[8; 4; 1; 1; 48; 48; 3; 1],0.00142891827999847,0.6050370994130588,tvm
12,3,197,1,384,96,6,1,[12; 3; 197; 1; 384; 96; 6; 1],0.0038114453782327473,0.2268295844841509,tvm
8,1,197,1,384,128,8,1,[8; 1; 197; 1; 384; 128; 8; 1],0.0026898844698735047,0.3214073247797248,tvm
16,4,197,1,64,64,4,1,[16; 4; 197; 1; 64; 64; 4; 1],0.005509559843630996,0.1569179019677919,tvm
12,2,197,1,48,48,3,1,[12; 2; 197; 1; 48; 48; 3; 1],0.004200958719593473,0.20579792117363005,tvm
4,1,1,1,128,128,8,1,[4; 1; 1; 1; 128; 128; 8; 1],0.0032402591896243393,0.2668146345196549,tvm
6,1,197,1,256,128,8,1,[6; 1; 197; 1; 256; 128; 8; 1],0.005177773127797991,0.1669730500139251,tvm
24,4,197,1,96,48,3,1,[24; 4; 197; 1; 96; 48; 3; 1],0.001803102422854863,0.47947834824586744,tvm
16,8,197,1,512,128,8,1,[16; 8; 197; 1; 512; 128; 8; 1],0.0033759518119040877,0.2560903175158039,tvm
12,4,197,1,512,128,8,1,[12; 4; 197; 1; 512; 128; 8; 1],0.0035433373122941703,0.24399273770207627,tvm
8,1,197,1,256,128,8,1,[8; 1; 197; 1; 256; 128; 8; 1],0.0033945451286854222,0.2546876057480426,tvm
8,8,197,1,192,192,12,1,[8; 8; 197; 1; 192; 192; 12; 1],0.005098564848594833,0.16956704427655586,tvm
4,4,1,1,48,48,3,1,[4; 4; 1; 1; 48; 48; 3; 1],0.006958253696211614,0.12424792328271539,tvm
12,3,197,1,256,128,8,1,[12; 3; 197; 1; 256; 128; 8; 1],0.0035953427213826217,0.24046346577388356,tvm
24,6,197,1,64,64,4,1,[24; 6; 197; 1; 64; 64; 4; 1],0.0051317033503437415,0.16847204766243173,tvm
16,8,197,1,128,128,8,1,[16; 8; 197; 1; 128; 128; 8; 1],0.002439034200506285,0.3544634885599849,tvm
16,2,1,1,96,96,6,1,[16; 2; 1; 1; 96; 96; 6; 1],0.0012866734923591139,0.6719253769994304,tvm
8,4,1,1,96,48,3,1,[8; 4; 1; 1; 96; 48; 3; 1],0.002725143749557901,0.31724879524936134,tvm
16,16,197,1,256,64,4,1,[16; 16; 197; 1; 256; 64; 4; 1],0.005880034528672695,0.14703120657077615,tvm
12,12,197,1,384,128,8,1,[12; 12; 197; 1; 384; 128; 8; 1],0.00266829512474942,0.3240078518337664,tvm
16,16,197,1,96,96,6,1,[16; 16; 197; 1; 96; 96; 6; 1],0.0038334011551341973,0.22553041970852794,tvm
6,6,197,1,256,128,8,1,[6; 6; 197; 1; 256; 128; 8; 1],0.0038021999644115567,0.22738114237039406,tvm
12,1,197,1,96,96,6,1,[12; 1; 197; 1; 96; 96; 6; 1],0.004958922159858048,0.17434203311901142,tvm
24,2,1,1,96,96,6,1,[24; 2; 1; 1; 96; 96; 6; 1],0.0029980810795677826,0.2883673084495796,tvm
8,4,197,1,64,32,2,1,[8; 4; 197; 1; 64; 32; 2; 1],0.0015781869551574346,0.5478112517679041,tvm
16,2,1,1,256,128,8,1,[16; 2; 1; 1; 256; 128; 8; 1],0.007945864694193006,0.108804844368971,tvm
12,1,197,1,128,64,4,1,[12; 1; 197; 1; 128; 64; 4; 1],0.0040698595039430074,0.2124271293864001,tvm
8,2,197,1,192,192,12,1,[8; 2; 197; 1; 192; 192; 12; 1],0.005479958876094315,0.15776552178157108,tvm
6,3,1,1,96,96,6,1,[6; 3; 1; 1; 96; 96; 6; 1],0.0026293360169802327,0.3288087052568873,tvm
4,1,1,1,384,48,3,1,[4; 1; 1; 1; 384; 48; 3; 1],0.008624614871223457,0.10024199159468435,tvm
6,6,1,1,96,48,3,1,[6; 6; 1; 1; 96; 48; 3; 1],0.004775101348059252,0.18105344963619474,tvm
6,2,197,1,384,48,3,1,[6; 2; 197; 1; 384; 48; 3; 1],0.006363222622894682,0.13586646620188203,tvm
24,12,1,1,64,64,4,1,[24; 12; 1; 1; 64; 64; 4; 1],0.0039174040939542465,0.22069425330994943,tvm
8,2,197,1,32,32,2,1,[8; 2; 197; 1; 32; 32; 2; 1],0.004484769968257751,0.19277434016631007,tvm
16,4,1,1,64,64,4,1,[16; 4; 1; 1; 64; 64; 4; 1],0.004123651597183198,0.20965606600206746,tvm
12,12,1,1,32,32,2,1,[12; 12; 1; 1; 32; 32; 2; 1],0.00739355557016097,0.11693272110075568,tvm
6,3,1,1,32,16,1,1,[6; 3; 1; 1; 32; 16; 1; 1],0.003036594218428945,0.2847099445100921,tvm
6,6,1,1,256,128,8,1,[6; 6; 1; 1; 256; 128; 8; 1],0.006171867593366187,0.14007892398045427,tvm
24,12,197,1,192,64,4,1,[24; 12; 197; 1; 192; 64; 4; 1],0.005968406534520909,0.14485416943837082,tvm
8,1,197,1,192,192,12,1,[8; 1; 197; 1; 192; 192; 12; 1],0.002181659594498342,0.39628023253892114,tvm
8,1,1,1,192,192,12,1,[8; 1; 1; 1; 192; 192; 12; 1],0.0019782287963607814,0.4370316381093153,tvm
4,1,1,1,128,64,4,1,[4; 1; 1; 1; 128; 64; 4; 1],0.004210965693346225,0.20530886128914572,tvm
4,1,197,1,128,128,8,1,[4; 1; 197; 1; 128; 128; 8; 1],0.004698171600466594,0.18401809149387172,tvm
8,1,197,1,128,64,4,1,[8; 1; 197; 1; 128; 64; 4; 1],0.002617210669995984,0.3303320521117614,tvm
24,12,197,1,256,64,4,1,[24; 12; 197; 1; 256; 64; 4; 1],0.0020596474350895733,0.4197556128779742,tvm
24,12,197,1,192,48,3,1,[24; 12; 197; 1; 192; 48; 3; 1],0.0034505007206462324,0.25055742381258017,tvm
16,4,197,1,64,64,4,1,[16; 4; 197; 1; 64; 64; 4; 1],0.005519306221685838,0.15664080533014896,tvm
4,4,1,1,192,48,3,1,[4; 4; 1; 1; 192; 48; 3; 1],0.0016360358749807347,0.5284410841166621,tvm
24,2,197,1,192,48,3,1,[24; 2; 197; 1; 192; 48; 3; 1],0.0035869690036633983,0.24102482361726613,tvm
6,1,1,1,384,128,8,1,[6; 1; 1; 1; 384; 128; 8; 1],0.004420719371410087,0.19556739498549178,tvm
8,2,1,1,64,64,4,1,[8; 2; 1; 1; 64; 64; 4; 1],0.003952217593905516,0.21875024613061317,tvm
8,2,1,1,512,128,8,1,[8; 2; 1; 1; 512; 128; 8; 1],0.004692411130235996,0.18424399470408095,tvm
8,8,197,1,192,32,2,1,[8; 8; 197; 1; 192; 32; 2; 1],0.0031285623772419058,0.27634052551342914,tvm
6,1,1,1,192,48,3,1,[6; 1; 1; 1; 192; 48; 3; 1],0.004619878753146622,0.18713663661405033,tvm
8,1,1,1,32,32,2,1,[8; 1; 1; 1; 32; 32; 2; 1],0.004470437059353571,0.19339240435555663,tvm
16,16,197,1,384,64,4,1,[16; 16; 197; 1; 384; 64; 4; 1],0.0014039364068594296,0.6158032281266534,tvm
8,8,197,1,384,64,4,1,[8; 8; 197; 1; 384; 64; 4; 1],0.0016923210969252978,0.5108655638692509,tvm
16,2,197,1,128,64,4,1,[16; 2; 197; 1; 128; 64; 4; 1],0.00407671927678166,0.21206968464875114,tvm
4,2,1,1,96,48,3,1,[4; 2; 1; 1; 96; 48; 3; 1],0.004941146464261692,0.17496922580248844,tvm
16,1,197,1,512,128,8,1,[16; 1; 197; 1; 512; 128; 8; 1],0.007934529377962463,0.10896028362183492,tvm
12,4,197,1,384,64,4,1,[12; 4; 197; 1; 384; 64; 4; 1],0.0042128470304305665,0.20521717621923996,tvm
16,16,197,1,384,48,3,1,[16; 16; 197; 1; 384; 48; 3; 1],0.005989467907056678,0.144344804053458,tvm
16,2,197,1,512,64,4,1,[16; 2; 197; 1; 512; 64; 4; 1],0.003915104003681336,0.22082390930500045,tvm
12,3,197,1,128,64,4,1,[12; 3; 197; 1; 128; 64; 4; 1],0.0013668586561834672,0.6325076609183261,tvm
12,2,197,1,384,48,3,1,[12; 2; 197; 1; 384; 48; 3; 1],0.0019129585016344208,0.4519431920190145,tvm
16,1,197,1,192,64,4,1,[16; 1; 197; 1; 192; 64; 4; 1],0.004015889280708507,0.21528197392833565,tvm
16,8,197,1,512,64,4,1,[16; 8; 197; 1; 512; 64; 4; 1],0.003930334911274258,0.21996816834834954,tvm
8,1,1,1,192,48,3,1,[8; 1; 1; 1; 192; 48; 3; 1],0.004478195871342905,0.19305733743381656,tvm
12,1,197,1,256,128,8,1,[12; 1; 197; 1; 256; 128; 8; 1],0.003480430656054523,0.24840275726356198,tvm
16,2,1,1,192,96,6,1,[16; 2; 1; 1; 192; 96; 6; 1],0.0061824464064557105,0.13983923427557896,tvm
8,1,1,1,192,64,4,1,[8; 1; 1; 1; 192; 64; 4; 1],0.006317059873254038,0.13685932835447795,tvm
12,3,197,1,512,128,8,1,[12; 3; 197; 1; 512; 128; 8; 1],0.0017725563266139943,0.4877410993647043,tvm
16,8,197,1,96,48,3,1,[16; 8; 197; 1; 96; 48; 3; 1],0.0015063786158862058,0.5739251489041854,tvm
16,16,197,1,256,64,4,1,[16; 16; 197; 1; 256; 64; 4; 1],0.004433985595824197,0.19498226882892425,tvm
12,1,197,1,192,64,4,1,[12; 1; 197; 1; 192; 64; 4; 1],0.0039723138106637634,0.21764357315065888,tvm
12,12,197,1,48,48,3,1,[12; 12; 197; 1; 48; 48; 3; 1],0.0028642395955102984,0.30184226654214025,tvm
6,1,197,1,128,128,8,1,[6; 1; 197; 1; 128; 128; 8; 1],0.0026210633586742915,0.32984649858515885,tvm
24,4,197,1,192,48,3,1,[24; 4; 197; 1; 192; 48; 3; 1],0.0051704910947592,0.1672082120603353,tvm
16,2,197,1,192,64,4,1,[16; 2; 197; 1; 192; 64; 4; 1],0.004081590937857982,0.21181656481290756,tvm
16,8,197,1,192,96,6,1,[16; 8; 197; 1; 192; 96; 6; 1],0.0012944721565872896,0.6678773019790887,tvm
16,16,197,1,384,128,8,1,[16; 16; 197; 1; 384; 128; 8; 1],0.0012316937190917088,0.7019184704994013,tvm
8,2,1,1,128,128,8,1,[8; 2; 1; 1; 128; 128; 8; 1],0.0037634359978255816,0.22972320292628484,tvm
8,2,197,1,96,96,6,1,[8; 2; 197; 1; 96; 96; 6; 1],0.003794599811953958,0.22783656097410396,tvm
16,8,197,1,96,96,6,1,[16; 8; 197; 1; 96; 96; 6; 1],0.00515984496450983,0.16755320700041634,tvm
6,2,197,1,192,96,6,1,[6; 2; 197; 1; 192; 96; 6; 1],0.0026363633587607183,0.3279322512792667,tvm
12,12,197,1,192,96,6,1,[12; 12; 197; 1; 192; 96; 6; 1],0.0043670852755894884,0.1979692442144654,tvm
8,1,197,1,192,96,6,1,[8; 1; 197; 1; 192; 96; 6; 1],0.003818088247498963,0.22643493690720573,tvm
16,16,1,1,48,48,3,1,[16; 16; 1; 1; 48; 48; 3; 1],0.0015300245941034518,0.5650553427444548,tvm
48,3,197,1,256,128,8,1,[48; 3; 197; 1; 256; 128; 8; 1],0.0036447751554078422,0.23720216873894662,tvm
12,1,197,1,64,64,4,1,[12; 1; 197; 1; 64; 64; 4; 1],0.003858224779833108,0.22407936830107872,tvm
32,8,197,1,384,128,8,1,[32; 8; 197; 1; 384; 128; 8; 1],0.005597514376859181,0.15445222883262658,tvm
6,6,197,1,48,48,3,1,[6; 6; 197; 1; 48; 48; 3; 1],0.004399654128064867,0.1965037583099361,tvm
8,4,1,1,384,48,3,1,[8; 4; 1; 1; 384; 48; 3; 1],0.007163841626606882,0.12068225632146765,tvm
4,1,197,1,192,192,12,1,[4; 1; 197; 1; 192; 192; 12; 1],0.0047478032793151215,0.18209443832586172,tvm
4,2,197,1,48,48,3,1,[4; 2; 197; 1; 48; 48; 3; 1],0.005207770249398891,0.16601127354425096,tvm
16,8,197,1,384,32,2,1,[16; 8; 197; 1; 384; 32; 2; 1],0.0016892378771444783,0.51179800259394,tvm
8,8,1,1,32,32,2,1,[8; 8; 1; 1; 32; 32; 2; 1],0.0015019830862001982,0.5756047317521766,tvm
48,3,197,1,512,128,8,1,[48; 3; 197; 1; 512; 128; 8; 1],0.010772178313345648,0.08025754367224709,tvm
8,8,1,1,64,16,1,1,[8; 8; 1; 1; 64; 16; 1; 1],0.00436288709170185,0.19815973992839067,tvm
24,6,197,1,512,128,8,1,[24; 6; 197; 1; 512; 128; 8; 1],0.007617181821842678,0.11349979449741267,tvm
6,3,1,1,192,64,4,1,[6; 3; 1; 1; 192; 64; 4; 1],0.0028147580924269278,0.30714844510248634,tvm
16,1,197,1,192,64,4,1,[16; 1; 197; 1; 192; 64; 4; 1],0.002737010217970237,0.3158733444808691,tvm
16,2,1,1,192,96,6,1,[16; 2; 1; 1; 192; 96; 6; 1],0.012368277559289709,0.06990048268921781,tvm
24,4,197,1,384,96,6,1,[24; 4; 197; 1; 384; 96; 6; 1],0.005764629750046879,0.14997469202970767,tvm
12,6,1,1,64,64,4,1,[12; 6; 1; 1; 64; 64; 4; 1],0.0026972102641593665,0.3205343620839376,tvm
32,4,197,1,384,128,8,1,[32; 4; 197; 1; 384; 128; 8; 1],0.005556247910135426,0.15559935147089202,tvm
4,4,1,1,64,32,2,1,[4; 4; 1; 1; 64; 32; 2; 1],0.003448768562520854,0.250683267304152,tvm
16,4,197,1,64,64,4,1,[16; 4; 197; 1; 64; 64; 4; 1],0.004416807467350736,0.19574060626806988,tvm
8,4,197,1,192,192,12,1,[8; 4; 197; 1; 192; 192; 12; 1],0.004183207653113641,0.20667120619390517,tvm
12,6,1,1,48,48,3,1,[12; 6; 1; 1; 48; 48; 3; 1],0.002855123984772945,0.30280596430817525,tvm
6,3,1,1,96,96,6,1,[6; 3; 1; 1; 96; 96; 6; 1],0.00567130115814507,0.15244271946075633,tvm
48,6,197,1,384,128,8,1,[48; 6; 197; 1; 384; 128; 8; 1],0.002726923532463843,0.3170417362775957,tvm
16,1,1,1,128,128,8,1,[16; 1; 1; 1; 128; 128; 8; 1],0.0029694307813770138,0.2911495956904085,tvm
12,3,1,1,32,32,2,1,[12; 3; 1; 1; 32; 32; 2; 1],0.0046146181266522035,0.18734997083188354,tvm
12,3,197,1,64,32,2,1,[12; 3; 197; 1; 64; 32; 2; 1],0.004696927375334781,0.18406683824165992,tvm
8,8,1,1,128,128,8,1,[8; 8; 1; 1; 128; 128; 8; 1],0.0038025015310267918,0.2273631093568861,tvm
8,2,1,1,32,16,1,1,[8; 2; 1; 1; 32; 16; 1; 1],0.006794156186515465,0.12724885146804,tvm
6,2,1,1,48,48,3,1,[6; 2; 1; 1; 48; 48; 3; 1],0.009799005565582775,0.08822819475326568,tvm
16,1,197,1,192,96,6,1,[16; 1; 197; 1; 192; 96; 6; 1],0.012026374388369732,0.07188771474340969,tvm
6,3,197,1,384,64,4,1,[6; 3; 197; 1; 384; 64; 4; 1],0.001430483469448518,0.6043750870898728,tvm
3,3,1,1,32,16,1,1,[3; 3; 1; 1; 32; 16; 1; 1],0.0016559326541027986,0.5220916256989888,tvm
24,6,197,1,384,128,8,1,[24; 6; 197; 1; 384; 128; 8; 1],0.008615553000709042,0.10034742649223106,tvm
6,2,1,1,48,16,1,1,[6; 2; 1; 1; 48; 16; 1; 1],0.0030063728263485245,0.2875719750562785,tvm
6,2,1,1,96,16,1,1,[6; 2; 1; 1; 96; 16; 1; 1],0.004269188968464732,0.20250885538558783,tvm
12,4,1,1,128,128,8,1,[12; 4; 1; 1; 128; 128; 8; 1],0.0026354543151683174,0.32804536449471927,tvm
24,24,197,1,256,64,4,1,[24; 24; 197; 1; 256; 64; 4; 1],0.006204333156347275,0.13934592963372774,tvm
12,1,197,1,192,64,4,1,[12; 1; 197; 1; 192; 64; 4; 1],0.005820013124321122,0.14854752952630448,tvm
12,12,1,1,128,128,8,1,[12; 12; 1; 1; 128; 128; 8; 1],0.0012940967735630693,0.6680710354050169,tvm
12,1,197,1,256,128,8,1,[12; 1; 197; 1; 256; 128; 8; 1],0.0017345056112390012,0.4984409193182157,tvm
16,16,1,1,128,128,8,1,[16; 16; 1; 1; 128; 128; 8; 1],0.002535006220568903,0.34104396447380336,tvm
12,1,197,1,384,128,8,1,[12; 1; 197; 1; 384; 128; 8; 1],0.003958180495828856,0.2184207042452045,tvm
8,2,1,1,64,32,2,1,[8; 2; 1; 1; 64; 32; 2; 1],0.003576936222088989,0.24170086290318618,tvm
24,2,197,1,96,48,3,1,[24; 2; 197; 1; 96; 48; 3; 1],0.004865933093242347,0.17767374825379922,tvm
8,4,197,1,48,48,3,1,[8; 4; 197; 1; 48; 48; 3; 1],0.004030035939649679,0.21452626834482386,tvm
16,4,197,1,192,64,4,1,[16; 4; 197; 1; 192; 64; 4; 1],0.005396740278229117,0.16019829134935945,tvm
12,1,197,1,512,128,8,1,[12; 1; 197; 1; 512; 128; 8; 1],0.0017668425316514913,0.48931840610632477,tvm
16,2,197,1,192,64,4,1,[16; 2; 197; 1; 192; 64; 4; 1],0.0026079039998876397,0.3315108882327801,tvm
16,4,197,1,256,128,8,1,[16; 4; 197; 1; 256; 128; 8; 1],0.0033618464367464185,0.2571648014551426,tvm
6,2,197,1,512,128,8,1,[6; 2; 197; 1; 512; 128; 8; 1],0.004179428004135843,0.20685810847155128,tvm
8,4,1,1,192,48,3,1,[8; 4; 1; 1; 192; 48; 3; 1],0.003174133875290863,0.2723730647149683,tvm
12,1,1,1,128,128,8,1,[12; 1; 1; 1; 128; 128; 8; 1],0.002576652157586068,0.33553173597111463,tvm
8,4,197,1,512,128,8,1,[8; 4; 197; 1; 512; 128; 8; 1],0.005510078219231218,0.1569031394892241,tvm
12,3,197,1,384,96,6,1,[12; 3; 197; 1; 384; 96; 6; 1],0.003780957718845457,0.2286586192486087,tvm
12,4,1,1,48,48,3,1,[12; 4; 1; 1; 48; 48; 3; 1],0.0016961390610958915,0.5097156189952835,tvm
12,3,197,1,512,128,8,1,[12; 3; 197; 1; 512; 128; 8; 1],0.0017918600788107142,0.4824866526422007,tvm
8,4,197,1,96,96,6,1,[8; 4; 197; 1; 96; 96; 6; 1],0.0024982331742648967,0.3460640024856624,tvm
16,2,197,1,192,96,6,1,[16; 2; 197; 1; 192; 96; 6; 1],0.0025751386856427416,0.3357289361729209,tvm
12,3,197,1,128,64,4,1,[12; 3; 197; 1; 128; 64; 4; 1],0.0027208520004933234,0.3177492091711781,tvm
8,4,1,1,96,48,3,1,[8; 4; 1; 1; 96; 48; 3; 1],0.004129847344302107,0.20934153235019137,tvm
16,16,197,1,384,128,8,1,[16; 16; 197; 1; 384; 128; 8; 1],0.0024686102515261155,0.35021671440200014,tvm
8,8,197,1,192,96,6,1,[8; 8; 197; 1; 192; 96; 6; 1],0.0025243682648579124,0.34248115992586114,tvm
12,1,1,1,192,192,12,1,[12; 1; 1; 1; 192; 192; 12; 1],0.0033306516270386055,0.2595734013158472,tvm
12,3,197,1,384,32,2,1,[12; 3; 197; 1; 384; 32; 2; 1],0.0016284889388771262,0.5308900483074167,tvm
8,2,1,1,192,64,4,1,[8; 2; 1; 1; 192; 64; 4; 1],0.00445960734214168,0.19386203876267297,tvm
8,4,1,1,192,64,4,1,[8; 4; 1; 1; 192; 64; 4; 1],0.004534659063210711,0.19065348891222667,tvm
12,2,1,1,512,128,8,1,[12; 2; 1; 1; 512; 128; 8; 1],0.008201044620363973,0.1054193229581772,tvm
16,1,197,1,48,48,3,1,[16; 1; 197; 1; 48; 48; 3; 1],0.0030265982495620847,0.2856502581912423,tvm
16,16,1,1,192,96,6,1,[16; 16; 1; 1; 192; 96; 6; 1],0.01367352475062944,0.06322792309925597,tvm
6,1,197,1,192,64,4,1,[6; 1; 197; 1; 192; 64; 4; 1],0.008295853185700253,0.1042145457586946,tvm
8,8,197,1,256,32,2,1,[8; 8; 197; 1; 256; 32; 2; 1],0.00216138818723266,0.39999689853746206,tvm
12,1,197,1,256,64,4,1,[12; 1; 197; 1; 256; 64; 4; 1],0.0018092544996761717,0.47784795979963685,tvm
4,1,1,1,32,16,1,1,[4; 1; 1; 1; 32; 16; 1; 1],0.0031308193429140374,0.2761413153350092,tvm
16,1,197,1,128,128,8,1,[16; 1; 197; 1; 128; 128; 8; 1],0.00592370712547563,0.14594721736165417,tvm
4,2,1,1,128,128,8,1,[4; 2; 1; 1; 128; 128; 8; 1],0.006484040131908841,0.13333485818109153,tvm
12,1,197,1,192,48,3,1,[12; 1; 197; 1; 192; 48; 3; 1],0.002785742843116168,0.3103475877412562,tvm
4,2,1,1,192,48,3,1,[4; 2; 1; 1; 192; 48; 3; 1],0.008172100686351769,0.10579269695886818,tvm
12,1,197,1,384,64,4,1,[12; 1; 197; 1; 384; 64; 4; 1],0.00416345737176016,0.20765159679371747,tvm
4,1,1,1,96,96,6,1,[4; 1; 1; 1; 96; 96; 6; 1],0.001644849904550938,0.525609400004557,tvm
6,2,197,1,256,64,4,1,[6; 2; 197; 1; 256; 64; 4; 1],0.0018688329691940453,0.46261414780231397,tvm
8,1,197,1,192,48,3,1,[8; 1; 197; 1; 192; 48; 3; 1],0.002811078531522071,0.3075504870226652,tvm
16,8,197,1,512,32,2,1,[16; 8; 197; 1; 512; 32; 2; 1],0.004897746031929273,0.17651968186844036,tvm
8,8,1,1,48,16,1,1,[8; 8; 1; 1; 48; 16; 1; 1],0.004374262563942466,0.19764441635377392,tvm
12,4,1,1,96,96,6,1,[12; 4; 1; 1; 96; 96; 6; 1],0.003726404123881366,0.23200612244065216,tvm
8,4,1,1,48,16,1,1,[8; 4; 1; 1; 48; 16; 1; 1],0.002936501263320679,0.2944145068920949,tvm
24,3,197,1,256,64,4,1,[24; 3; 197; 1; 256; 64; 4; 1],0.0061690854709013365,0.14014209650790527,tvm
8,4,197,1,192,64,4,1,[8; 4; 197; 1; 192; 64; 4; 1],0.0012822848439100198,0.6742250565734974,tvm
12,6,197,1,128,64,4,1,[12; 6; 197; 1; 128; 64; 4; 1],0.0014868422185827512,0.5814662515116458,tvm
8,2,197,1,96,48,3,1,[8; 2; 197; 1; 96; 48; 3; 1],0.003966750911786221,0.217948792514241,tvm
12,4,197,1,192,64,4,1,[12; 4; 197; 1; 192; 64; 4; 1],0.002647342953423504,0.32657218450316394,tvm
16,16,197,1,128,64,4,1,[16; 16; 197; 1; 128; 64; 4; 1],0.002710801622015424,0.3189272739130935,tvm
8,4,1,1,128,128,8,1,[8; 4; 1; 1; 128; 128; 8; 1],0.003768886126636062,0.22939100370226057,tvm
16,4,197,1,192,96,6,1,[16; 4; 197; 1; 192; 96; 6; 1],0.0027010381418222096,0.3200801047723518,tvm
12,12,197,1,192,192,12,1,[12; 12; 197; 1; 192; 192; 12; 1],0.003983504066127352,0.2170321799794372,tvm
8,4,1,1,32,32,2,1,[8; 4; 1; 1; 32; 32; 2; 1],0.0015029082878754707,0.5752503851387417,tvm
4,2,197,1,32,32,2,1,[4; 2; 197; 1; 32; 32; 2; 1],0.0015143050004553515,0.5709210305510459,tvm
4,4,1,1,48,48,3,1,[4; 4; 1; 1; 48; 48; 3; 1],0.005054557812400162,0.17104336393336048,tvm
16,2,197,1,192,48,3,1,[16; 2; 197; 1; 192; 48; 3; 1],0.004441142154973932,0.19466806989285532,tvm
8,8,1,1,32,32,2,1,[8; 8; 1; 1; 32; 32; 2; 1],0.002990851313370513,0.28906437694299025,tvm
4,2,1,1,48,16,1,1,[4; 2; 1; 1; 48; 16; 1; 1],0.0034835524056688882,0.24818015369071694,tvm
6,2,197,1,512,128,8,1,[6; 2; 197; 1; 512; 128; 8; 1],0.005639428156428039,0.15330429743007282,tvm
12,2,197,1,384,48,3,1,[12; 2; 197; 1; 384; 48; 3; 1],0.007313186186365783,0.11821777121446438,tvm
6,3,197,1,192,64,4,1,[6; 3; 197; 1; 192; 64; 4; 1],0.0013828341088810703,0.6252004964848075,tvm
16,4,1,1,48,48,3,1,[16; 4; 1; 1; 48; 48; 3; 1],0.0015267514281731565,0.5662667514010792,tvm
16,2,1,1,128,128,8,1,[16; 2; 1; 1; 128; 128; 8; 1],0.006295161248999648,0.13733541322169548,tvm
16,16,197,1,256,64,4,1,[16; 16; 197; 1; 256; 64; 4; 1],0.0036865521906292997,0.23451412776038624,tvm
16,16,1,1,48,48,3,1,[16; 16; 1; 1; 48; 48; 3; 1],0.004536302723863628,0.19058440850530897,tvm
6,1,197,1,128,128,8,1,[6; 1; 197; 1; 128; 128; 8; 1],0.004811796752619557,0.17967271185299097,tvm
16,8,1,1,128,128,8,1,[16; 8; 1; 1; 128; 128; 8; 1],0.004313245502999052,0.200440380875014,tvm
24,3,197,1,96,48,3,1,[24; 3; 197; 1; 96; 48; 3; 1],0.008617010433226824,0.10033045429478755,tvm
12,4,197,1,96,48,3,1,[12; 4; 197; 1; 96; 48; 3; 1],0.001414738242601743,0.6111014358660741,tvm
16,16,1,1,96,96,6,1,[16; 16; 1; 1; 96; 96; 6; 1],0.0012895305153506342,0.670436690824252,tvm
16,16,197,1,48,48,3,1,[16; 16; 197; 1; 48; 48; 3; 1],0.0045705203447141685,0.1891575808055261,tvm
16,2,197,1,128,128,8,1,[16; 2; 197; 1; 128; 128; 8; 1],0.0025707330933073536,0.33630429144096563,tvm
8,2,1,1,128,128,8,1,[8; 2; 1; 1; 128; 128; 8; 1],0.0032885448163142428,0.26289700147603456,tvm
6,3,197,1,384,96,6,1,[6; 3; 197; 1; 384; 96; 6; 1],0.00448810393572785,0.1926311386298956,tvm
24,24,197,1,48,48,3,1,[24; 24; 197; 1; 48; 48; 3; 1],0.007293585003935732,0.11853547617009297,tvm
16,4,197,1,96,96,6,1,[16; 4; 197; 1; 96; 96; 6; 1],0.00516260409494862,0.16746365894578166,tvm
8,2,1,1,96,96,6,1,[8; 2; 1; 1; 96; 96; 6; 1],0.0012623636321222875,0.6848649227759287,tvm
6,1,1,1,96,96,6,1,[6; 1; 1; 1; 96; 96; 6; 1],0.0018777580917230807,0.4604153086808102,tvm
12,3,197,1,384,128,8,1,[12; 3; 197; 1; 384; 128; 8; 1],0.003980339097324759,0.21720475323563423,tvm
12,12,197,1,192,96,6,1,[12; 12; 197; 1; 192; 96; 6; 1],0.003793492061959114,0.2279030922716847,tvm
12,1,197,1,128,128,8,1,[12; 1; 197; 1; 128; 128; 8; 1],0.0026196018588962033,0.33003052295620905,tvm
12,3,197,1,512,128,8,1,[12; 3; 197; 1; 512; 128; 8; 1],0.0034285414949408732,0.2521622015379694,tvm
12,2,197,1,192,96,6,1,[12; 2; 197; 1; 192; 96; 6; 1],0.003750926029169932,0.23048936841334972,tvm
16,8,197,1,384,128,8,1,[16; 8; 197; 1; 384; 128; 8; 1],0.004472708562389016,0.19329418838029286,tvm
12,12,197,1,768,128,8,1,[12; 12; 197; 1; 768; 128; 8; 1],0.0028862634535471443,0.2995390356227056,tvm
2,2,197,1,32,32,2,1,[2; 2; 197; 1; 32; 32; 2; 1],0.0023116584670788143,0.3739949407496515,tvm
4,4,1,1,48,16,1,1,[4; 4; 1; 1; 48; 16; 1; 1],0.004924343782477081,0.17556624996512318,tvm
6,3,1,1,64,64,4,1,[6; 3; 1; 1; 64; 64; 4; 1],0.004183581091638189,0.20665275812546402,tvm
24,3,197,1,512,64,4,1,[24; 3; 197; 1; 512; 64; 4; 1],0.006459254684159532,0.1338464906096306,tvm
4,2,197,1,192,96,6,1,[4; 2; 197; 1; 192; 96; 6; 1],0.0049907394059118815,0.17323055786171743,tvm
12,6,197,1,128,32,2,1,[12; 6; 197; 1; 128; 32; 2; 1],0.005198739840125199,0.1662996414546012,tvm
12,6,197,1,192,192,12,1,[12; 6; 197; 1; 192; 192; 12; 1],0.012003736614133231,0.07202328734959493,tvm
24,4,197,1,48,48,3,1,[24; 4; 197; 1; 48; 48; 3; 1],0.0017712180779199116,0.4881096134948456,tvm
12,3,197,1,768,128,8,1,[12; 3; 197; 1; 768; 128; 8; 1],0.005472916564031038,0.15796852762392455,tvm
24,6,197,1,384,64,4,1,[24; 6; 197; 1; 384; 64; 4; 1],0.0016037292662076652,0.5390863593036295,tvm
16,2,1,1,32,32,2,1,[16; 2; 1; 1; 32; 32; 2; 1],0.006557755317771807,0.13183605205360535,tvm
12,1,197,1,768,128,8,1,[12; 1; 197; 1; 768; 128; 8; 1],0.008361869884538464,0.10339177520893586,tvm
24,12,197,1,256,64,4,1,[24; 12; 197; 1; 256; 64; 4; 1],0.010188438813202083,0.08485584369494348,tvm
4,1,1,1,16,16,1,1,[4; 1; 1; 1; 16; 16; 1; 1],0.010053223741124384,0.08599714814781169,tvm
6,3,1,1,16,16,1,1,[6; 3; 1; 1; 16; 16; 1; 1],0.00451449256070191,0.1915051492064375,tvm
24,6,197,1,128,64,4,1,[24; 6; 197; 1; 128; 64; 4; 1],0.0015321047030738555,0.564288178016836,tvm
8,8,197,1,512,32,2,1,[8; 8; 197; 1; 512; 32; 2; 1],0.0023952540796017274,0.3609423229005938,tvm
6,3,1,1,128,128,8,1,[6; 3; 1; 1; 128; 128; 8; 1],0.003914896813512314,0.22083559608635697,tvm
12,3,197,1,96,32,2,1,[12; 3; 197; 1; 96; 32; 2; 1],0.004626071808161214,0.1868861114311615,tvm
16,4,1,1,128,128,8,1,[16; 4; 1; 1; 128; 128; 8; 1],0.0025034342033904977,0.3453450345360305,tvm
24,12,197,1,512,64,4,1,[24; 12; 197; 1; 512; 64; 4; 1],0.004380077654786874,0.1973820191255579,tvm
6,3,1,1,128,64,4,1,[6; 3; 1; 1; 128; 64; 4; 1],0.00406286797078792,0.2127926818308368,tvm
12,3,197,1,64,32,2,1,[12; 3; 197; 1; 64; 32; 2; 1],0.0062614174239570275,0.1380755367180428,tvm
16,16,197,1,512,64,4,1,[16; 16; 197; 1; 512; 64; 4; 1],0.0019604332956077997,0.44099871868404095,tvm
16,8,197,1,256,32,2,1,[16; 8; 197; 1; 256; 32; 2; 1],0.0043742508423747495,0.19764494597644386,tvm
6,1,197,1,384,128,8,1,[6; 1; 197; 1; 384; 128; 8; 1],0.0026482258581381757,0.3264633070369567,tvm
8,4,197,1,512,64,4,1,[8; 4; 197; 1; 512; 64; 4; 1],0.003987338874139823,0.21682345010494697,tvm
12,2,197,1,512,64,4,1,[12; 2; 197; 1; 512; 64; 4; 1],0.003987762000178918,0.21680044380526767,tvm
12,2,197,1,192,48,3,1,[12; 2; 197; 1; 192; 48; 3; 1],0.004649617309041787,0.1859397266410171,tvm
12,4,197,1,64,64,4,1,[12; 4; 197; 1; 64; 64; 4; 1],0.00546562162344344,0.15817936750694614,tvm
4,4,1,1,192,48,3,1,[4; 4; 1; 1; 192; 48; 3; 1],0.006526812125230208,0.13246107821712086,tvm
8,4,197,1,192,32,2,1,[8; 4; 197; 1; 192; 32; 2; 1],0.001564843529195059,0.552482440128239,tvm
24,6,197,1,96,48,3,1,[24; 6; 197; 1; 96; 48; 3; 1],0.0017274505153181963,0.5004766062831743,tvm
12,12,197,1,384,64,4,1,[12; 12; 197; 1; 384; 64; 4; 1],0.004176418813585769,0.20700715374047735,tvm
24,4,197,1,96,48,3,1,[24; 4; 197; 1; 96; 48; 3; 1],0.003448535775532946,0.25070018921145215,tvm
8,1,197,1,128,128,8,1,[8; 1; 197; 1; 128; 128; 8; 1],0.0037904317505308427,0.22808709622788828,tvm
8,8,197,1,48,48,3,1,[8; 8; 197; 1; 48; 48; 3; 1],0.004670913192967419,0.1850919800287117,tvm
8,8,197,1,64,64,4,1,[8; 8; 197; 1; 64; 64; 4; 1],0.005241133592789993,0.164954500037529,tvm
12,12,197,1,64,64,4,1,[12; 12; 197; 1; 64; 64; 4; 1],0.006788021433749236,0.1273638540871628,tvm
16,8,197,1,48,48,3,1,[16; 8; 197; 1; 48; 48; 3; 1],0.004860356559220236,0.1778776023722988,tvm
8,4,197,1,32,32,2,1,[8; 4; 197; 1; 32; 32; 2; 1],0.004464939127501566,0.19363053935123736,tvm
8,4,197,1,256,128,8,1,[8; 4; 197; 1; 256; 128; 8; 1],0.0044688932175631635,0.1934592144719,tvm
16,16,197,1,384,64,4,1,[16; 16; 197; 1; 384; 64; 4; 1],0.004222592877340503,0.2047435299926632,tvm
8,4,197,1,384,96,6,1,[8; 4; 197; 1; 384; 96; 6; 1],0.003836863281321712,0.22532691629573887,tvm
6,2,1,1,96,96,6,1,[6; 2; 1; 1; 96; 96; 6; 1],0.003934071719413623,0.21975922989971142,tvm
12,1,197,1,192,96,6,1,[12; 1; 197; 1; 192; 96; 6; 1],0.0025050049043784384,0.3451284945260776,tvm
12,12,1,1,96,96,6,1,[12; 12; 1; 1; 96; 96; 6; 1],0.005165953443793114,0.16735508378754851,tvm
12,12,197,1,192,96,6,1,[12; 12; 197; 1; 192; 96; 6; 1],0.0038052190939197317,0.22720073406811525,tvm
12,12,197,1,256,128,8,1,[12; 12; 197; 1; 256; 128; 8; 1],0.0034210063095088117,0.2527176196739325,tvm
12,2,1,1,128,128,8,1,[12; 2; 1; 1; 128; 128; 8; 1],0.0038808916287962347,0.22277060379981156,tvm
12,2,197,1,512,128,8,1,[12; 2; 197; 1; 512; 128; 8; 1],0.0034392506204312667,0.25137701983467575,tvm
8,4,197,1,96,96,6,1,[8; 4; 197; 1; 96; 96; 6; 1],0.0052594898152165115,0.16437878992127708,tvm
8,4,197,1,384,48,3,1,[8; 4; 197; 1; 384; 48; 3; 1],0.004389100846310612,0.19697623766273067,tvm
8,2,197,1,256,64,4,1,[8; 2; 197; 1; 256; 64; 4; 1],0.007890793000115082,0.10956421888344588,tvm
24,24,197,1,64,64,4,1,[24; 24; 197; 1; 64; 64; 4; 1],0.004601014625222888,0.18790389552102105,tvm
16,16,197,1,256,128,8,1,[16; 16; 197; 1; 256; 128; 8; 1],0.003445252339588478,0.25093911452995,tvm
12,6,197,1,192,48,3,1,[12; 6; 197; 1; 192; 48; 3; 1],0.0027549299702513963,0.31381871073466105,tvm
12,4,197,1,256,64,4,1,[12; 4; 197; 1; 256; 64; 4; 1],0.005441388253530022,0.15888382360286604,tvm
16,16,197,1,384,96,6,1,[16; 16; 197; 1; 384; 96; 6; 1],0.003940309972676914,0.2194113096237518,tvm
8,8,197,1,384,96,6,1,[8; 8; 197; 1; 384; 96; 6; 1],0.0038864130910951644,0.2224541115841465,tvm
6,3,197,1,384,64,4,1,[6; 3; 197; 1; 384; 64; 4; 1],0.0028589347821252886,0.3024023411915256,tvm
16,16,1,1,96,96,6,1,[16; 16; 1; 1; 96; 96; 6; 1],0.003875540067383554,0.22307821784751758,tvm
6,3,197,1,256,64,4,1,[6; 3; 197; 1; 256; 64; 4; 1],0.008185859813238494,0.10561487628097288,tvm
8,8,1,1,64,64,4,1,[8; 8; 1; 1; 64; 64; 4; 1],0.0013206661878939485,0.654630654857044,tvm
24,3,197,1,192,64,4,1,[24; 3; 197; 1; 192; 64; 4; 1],0.0015036902514111716,0.5749512378744336,tvm
6,6,1,1,48,48,3,1,[6; 6; 1; 1; 48; 48; 3; 1],0.007339074058108963,0.11780076949534653,tvm
12,4,1,1,64,32,2,1,[12; 4; 1; 1; 64; 32; 2; 1],0.0034587609698064625,0.24995903994977364,tvm
6,2,197,1,384,48,3,1,[6; 2; 197; 1; 384; 48; 3; 1],0.004940417784382589,0.17499503263904942,tvm
8,1,197,1,64,64,4,1,[8; 1; 197; 1; 64; 64; 4; 1],0.0026413310624775477,0.32731549017472716,tvm
16,1,197,1,192,96,6,1,[16; 1; 197; 1; 192; 96; 6; 1],0.009099542439798824,0.0950101147555816,tvm
6,3,1,1,96,96,6,1,[6; 3; 1; 1; 96; 96; 6; 1],0.003932872183213476,0.21982625703390263,tvm
24,3,197,1,128,128,8,1,[24; 3; 197; 1; 128; 128; 8; 1],0.004768783495819662,0.18129331561947376,tvm
6,2,197,1,192,48,3,1,[6; 2; 197; 1; 192; 48; 3; 1],0.0020315740621299483,0.4255560196127721,tvm
4,1,1,1,96,48,3,1,[4; 1; 1; 1; 96; 48; 3; 1],0.0016776045595179312,0.5153470563271503,tvm
16,2,197,1,512,64,4,1,[16; 2; 197; 1; 512; 64; 4; 1],0.0040024475965765305,0.21600496960111554,tvm
6,3,197,1,96,48,3,1,[6; 3; 197; 1; 96; 48; 3; 1],0.005836825032019988,0.14811966551777406,tvm
6,3,1,1,48,16,1,1,[6; 3; 1; 1; 48; 16; 1; 1],0.004511553219344933,0.19162991754624628,tvm
24,24,1,1,48,48,3,1,[24; 24; 1; 1; 48; 48; 3; 1],0.005192337623157073,0.16650469098403967,tvm
16,1,197,1,48,48,3,1,[16; 1; 197; 1; 48; 48; 3; 1],0.006119076715549454,0.14128742155358653,tvm
16,2,197,1,64,64,4,1,[16; 2; 197; 1; 64; 64; 4; 1],0.0014018786496308167,0.6167071391352236,tvm
8,1,1,1,64,64,4,1,[8; 1; 1; 1; 64; 64; 4; 1],0.0013307777571753832,0.6496566137862135,tvm
12,3,1,1,128,64,4,1,[12; 3; 1; 1; 128; 64; 4; 1],0.0032706344063626602,0.2643366588899961,tvm
8,4,1,1,192,48,3,1,[8; 4; 1; 1; 192; 48; 3; 1],0.003198026279278565,0.27033816983630377,tvm
16,2,1,1,128,128,8,1,[16; 2; 1; 1; 128; 128; 8; 1],0.0037208992216619663,0.23234936501247527,tvm
4,2,1,1,64,32,2,1,[4; 2; 1; 1; 64; 32; 2; 1],0.003397944092284888,0.2544328417267221,tvm
8,8,197,1,48,48,3,1,[8; 8; 197; 1; 48; 48; 3; 1],0.004691114590968937,0.18429491641345758,tvm
12,2,197,1,384,32,2,1,[12; 2; 197; 1; 384; 32; 2; 1],0.006526669880258851,0.13246396512922498,tvm
6,1,197,1,384,64,4,1,[6; 1; 197; 1; 384; 64; 4; 1],0.002887829643441364,0.29937658316932697,tvm
16,1,1,1,48,48,3,1,[16; 1; 1; 1; 48; 48; 3; 1],0.0030495832179440185,0.28349728787248396,tvm
6,3,1,1,96,48,3,1,[6; 3; 1; 1; 96; 48; 3; 1],0.00406044924602611,0.21291943798452592,tvm
8,4,197,1,96,32,2,1,[8; 4; 197; 1; 96; 32; 2; 1],0.006218592876393814,0.13902639851379472,tvm
4,4,1,1,48,48,3,1,[4; 4; 1; 1; 48; 48; 3; 1],0.005222561376285739,0.1655411031365292,tvm
12,4,197,1,512,32,2,1,[12; 4; 197; 1; 512; 32; 2; 1],0.009145444942987524,0.09453324325039904,tvm
16,4,197,1,256,128,8,1,[16; 4; 197; 1; 256; 128; 8; 1],0.0051399016883806325,0.16820332835995436,tvm
6,2,197,1,512,128,8,1,[6; 2; 197; 1; 512; 128; 8; 1],0.003725972965185065,0.23203296951072488,tvm
12,2,1,1,96,48,3,1,[12; 2; 1; 1; 96; 48; 3; 1],0.001991058157727821,0.4342156295500615,tvm
6,6,1,1,32,32,2,1,[6; 6; 1; 1; 32; 32; 2; 1],0.0014729631639056606,0.5869451406620128,tvm
16,4,1,1,128,128,8,1,[16; 4; 1; 1; 128; 128; 8; 1],0.002532628204789944,0.3413641883137272,tvm
8,2,197,1,256,64,4,1,[8; 2; 197; 1; 256; 64; 4; 1],0.005977685468678828,0.1446293178118071,tvm
24,6,197,1,256,64,4,1,[24; 6; 197; 1; 256; 64; 4; 1],0.004100898724573199,0.2108192934022162,tvm
12,12,197,1,96,48,3,1,[12; 12; 197; 1; 96; 48; 3; 1],0.003983193062595092,0.21704912562418177,tvm
12,3,197,1,512,32,2,1,[12; 3; 197; 1; 512; 32; 2; 1],0.00705181532248389,0.12259943459835926,tvm
24,8,197,1,48,48,3,1,[24; 8; 197; 1; 48; 48; 3; 1],0.006924999615876004,0.12484456597608158,tvm
16,16,197,1,384,48,3,1,[16; 16; 197; 1; 384; 48; 3; 1],0.001531761250589625,0.5644147030718909,tvm
6,3,197,1,128,128,8,1,[6; 3; 197; 1; 128; 128; 8; 1],0.001310948733589612,0.6594831279643429,tvm
16,16,197,1,256,64,4,1,[16; 16; 197; 1; 256; 64; 4; 1],0.003909532002580818,0.22113863522740135,tvm
24,3,197,1,128,64,4,1,[24; 3; 197; 1; 128; 64; 4; 1],0.004582066809234675,0.1886809178963005,tvm
12,4,197,1,384,64,4,1,[12; 4; 197; 1; 384; 64; 4; 1],0.0028039478420396335,0.3083326153455429,tvm
8,1,1,1,96,48,3,1,[8; 1; 1; 1; 96; 48; 3; 1],0.0041384640644537285,0.20890566112543751,tvm
8,1,197,1,384,128,8,1,[8; 1; 197; 1; 384; 128; 8; 1],0.005094632251712028,0.16969793475045108,tvm
4,1,1,1,32,32,2,1,[4; 1; 1; 1; 32; 32; 2; 1],0.0060839704383397475,0.14210269102893566,tvm
12,3,197,1,256,128,8,1,[12; 3; 197; 1; 256; 128; 8; 1],0.004401316684379708,0.19642953084854312,tvm
12,4,197,1,384,128,8,1,[12; 4; 197; 1; 384; 128; 8; 1],0.0013203327034716494,0.6547959988837277,tvm
8,8,197,1,256,64,4,1,[8; 8; 197; 1; 256; 64; 4; 1],0.00524371990468353,0.164873141041798,tvm
8,8,197,1,256,128,8,1,[8; 8; 197; 1; 256; 128; 8; 1],0.003399575907678809,0.2543107125438111,tvm
8,2,1,1,128,128,8,1,[8; 2; 1; 1; 128; 128; 8; 1],0.0025319828928331845,0.3414511898463805,tvm
12,2,1,1,128,128,8,1,[12; 2; 1; 1; 128; 128; 8; 1],0.003954938714741729,0.21859973915803885,tvm
8,8,197,1,192,32,2,1,[8; 8; 197; 1; 192; 32; 2; 1],0.004691503592766821,0.18427963537350775,tvm
24,4,197,1,96,48,3,1,[24; 4; 197; 1; 96; 48; 3; 1],0.007261651000590064,0.11905675050457813,tvm
4,1,1,1,192,96,6,1,[4; 1; 1; 1; 192; 96; 6; 1],0.004901269530819263,0.17639278272542977,tvm
8,4,197,1,192,32,2,1,[8; 4; 197; 1; 192; 32; 2; 1],0.00312956912239315,0.27625163005425485,tvm
12,6,197,1,96,48,3,1,[12; 6; 197; 1; 96; 48; 3; 1],0.0030976995003584307,0.27909375048436286,tvm
12,3,197,1,384,48,3,1,[12; 3; 197; 1; 384; 48; 3; 1],0.00626874205772765,0.13791420407270047,tvm
8,4,1,1,32,32,2,1,[8; 4; 1; 1; 32; 32; 2; 1],0.002971761907247128,0.29092121051832187,tvm
12,3,197,1,192,48,3,1,[12; 3; 197; 1; 192; 48; 3; 1],0.005542137871088926,0.1559955005700181,tvm
16,8,197,1,384,96,6,1,[16; 8; 197; 1; 384; 96; 6; 1],0.0039085271273506805,0.22119548956913315,tvm
12,4,197,1,128,128,8,1,[12; 4; 197; 1; 128; 128; 8; 1],0.005153312493348494,0.16776560174537547,tvm
6,2,197,1,64,32,2,1,[6; 2; 197; 1; 64; 32; 2; 1],0.0016323497657140251,0.5296343893861492,tvm
6,3,197,1,384,192,12,1,[6; 3; 197; 1; 384; 192; 12; 1],0.001463974453145056,0.5905489467874674,tvm
6,6,1,1,192,96,6,1,[6; 6; 1; 1; 192; 96; 6; 1],0.004146685714658815,0.2084914630429631,tvm
16,16,197,1,192,192,12,1,[16; 16; 197; 1; 192; 192; 12; 1],0.003806837812589947,0.2271041252583292,tvm
6,2,1,1,96,32,2,1,[6; 2; 1; 1; 96; 32; 2; 1],0.0040766513120615855,0.21207322021155747,tvm
3,3,1,1,16,16,1,1,[3; 3; 1; 1; 16; 16; 1; 1],0.00973617062845733,0.08879759860633797,tvm
24,4,197,1,192,64,4,1,[24; 4; 197; 1; 192; 64; 4; 1],0.00600420556293102,0.14399050171868738,tvm
12,6,1,1,32,32,2,1,[12; 6; 1; 1; 32; 32; 2; 1],0.007701614318648353,0.11225550068577066,tvm
4,4,1,1,96,48,3,1,[4; 4; 1; 1; 96; 48; 3; 1],0.004923460903228261,0.1755977326562492,tvm
24,2,197,1,64,64,4,1,[24; 2; 197; 1; 64; 64; 4; 1],0.006809187427279539,0.12696795038493788,tvm
6,3,1,1,128,64,4,1,[6; 3; 1; 1; 128; 64; 4; 1],0.0027139420926687308,0.31855822339172507,tvm
8,4,1,1,192,48,3,1,[8; 4; 1; 1; 192; 48; 3; 1],0.004958039127814118,0.17437308362060677,tvm
8,4,1,1,96,32,2,1,[8; 4; 1; 1; 96; 32; 2; 1],0.004187167469353881,0.20647575664366233,tvm
4,1,1,1,192,192,12,1,[4; 1; 1; 1; 192; 192; 12; 1],0.004844229937589262,0.1784697635262985,tvm
24,12,197,1,48,48,3,1,[24; 12; 197; 1; 48; 48; 3; 1],0.006940733001101762,0.1245615659457487,tvm
12,6,1,1,128,64,4,1,[12; 6; 1; 1; 128; 64; 4; 1],0.006507610436528921,0.13285192465972362,tvm
8,4,197,1,512,128,8,1,[8; 4; 197; 1; 512; 128; 8; 1],0.006980565871344879,0.12385078622028775,tvm
4,1,1,1,192,48,3,1,[4; 1; 1; 1; 192; 48; 3; 1],0.004899754712823778,0.17644731667196525,tvm
6,6,1,1,64,32,2,1,[6; 6; 1; 1; 64; 32; 2; 1],0.004269165627192706,0.20250996258420556,tvm
12,12,197,1,48,48,3,1,[12; 12; 197; 1; 48; 48; 3; 1],0.00570629168942105,0.15150795270970224,tvm
12,1,1,1,128,64,4,1,[12; 1; 1; 1; 128; 64; 4; 1],0.00337010009388905,0.2565349833366207,tvm
8,1,197,1,192,192,12,1,[8; 1; 197; 1; 192; 192; 12; 1],0.008839108617394231,0.09780947478428433,tvm
4,1,197,1,32,32,2,1,[4; 1; 197; 1; 32; 32; 2; 1],0.0060145115639897995,0.14374377075019915,tvm
16,2,197,1,192,48,3,1,[16; 2; 197; 1; 192; 48; 3; 1],0.005897931594518013,0.146585045549214,tvm
8,1,197,1,384,64,4,1,[8; 1; 197; 1; 384; 64; 4; 1],0.001363504828987061,0.6340634466772215,tvm
8,1,197,1,384,96,6,1,[8; 1; 197; 1; 384; 96; 6; 1],0.0012901045156468172,0.6701383964965927,tvm
16,8,197,1,192,32,2,1,[16; 8; 197; 1; 192; 32; 2; 1],0.004783658470842056,0.18072957689146796,tvm
8,4,197,1,256,128,8,1,[8; 4; 197; 1; 256; 128; 8; 1],0.003401597910851706,0.2541595432753844,tvm
24,24,1,1,64,64,4,1,[24; 24; 1; 1; 64; 64; 4; 1],0.004173508066742215,0.20715152758849859,tvm
6,1,197,1,384,64,4,1,[6; 1; 197; 1; 384; 64; 4; 1],0.004129441564145964,0.2093621033253135,tvm
8,2,197,1,96,48,3,1,[8; 2; 197; 1; 96; 48; 3; 1],0.0034247695293743163,0.25243992742090265,tvm
8,4,197,1,384,96,6,1,[8; 4; 197; 1; 384; 96; 6; 1],0.002568303531006677,0.33662242838162565,tvm
6,2,197,1,384,96,6,1,[6; 2; 197; 1; 384; 96; 6; 1],0.0013645052422361914,0.6335985708722699,tvm
8,2,197,1,512,128,8,1,[8; 2; 197; 1; 512; 128; 8; 1],0.001798919249267783,0.4805933183384802,tvm
2,2,197,1,32,32,2,1,[2; 2; 197; 1; 32; 32; 2; 1],0.0039969526915228926,0.2163019275314882,tvm
8,8,197,1,256,128,8,1,[8; 8; 197; 1; 256; 128; 8; 1],0.006785424120607786,0.12741260620730835,tvm
12,12,1,1,48,48,3,1,[12; 12; 1; 1; 48; 48; 3; 1],0.002860320186300669,0.30225587176193586,tvm
6,6,197,1,192,48,3,1,[6; 6; 197; 1; 192; 48; 3; 1],0.004395137126266491,0.19670571055947325,tvm
4,1,1,1,32,32,2,1,[4; 1; 1; 1; 32; 32; 2; 1],0.0075359796901466325,0.11472278416023031,tvm
8,4,197,1,48,48,3,1,[8; 4; 197; 1; 48; 48; 3; 1],0.006204157529282384,0.1393498742332178,tvm
24,4,197,1,384,48,3,1,[24; 4; 197; 1; 384; 48; 3; 1],0.0032710089726606384,0.2643063894518601,tvm
8,4,197,1,32,32,2,1,[8; 4; 197; 1; 32; 32; 2; 1],0.0016763396270107478,0.5157359269554679,tvm
8,8,1,1,128,128,8,1,[8; 8; 1; 1; 128; 128; 8; 1],0.0037645126212737523,0.22965750374773472,tvm
16,16,197,1,512,64,4,1,[16; 16; 197; 1; 512; 64; 4; 1],0.003924453470972367,0.2202978269008146,tvm
8,4,197,1,64,32,2,1,[8; 4; 197; 1; 64; 32; 2; 1],0.0047305647531175055,0.18275800386387742,tvm
6,3,197,1,512,128,8,1,[6; 3; 197; 1; 512; 128; 8; 1],0.005538727251405362,0.1560915589785011,tvm
24,4,197,1,96,48,3,1,[24; 4; 197; 1; 96; 48; 3; 1],0.0034666908395593055,0.24938727202408248,tvm
12,1,1,1,128,128,8,1,[12; 1; 1; 1; 128; 128; 8; 1],0.0039284699014388025,0.22007259648646674,tvm
12,12,197,1,512,128,8,1,[12; 12; 197; 1; 512; 128; 8; 1],0.005258109718852211,0.1644219344318462,tvm
8,4,197,1,96,48,3,1,[8; 4; 197; 1; 96; 48; 3; 1],0.0027832630003103986,0.31062410247689637,tvm
6,2,197,1,128,128,8,1,[6; 2; 197; 1; 128; 128; 8; 1],0.0028146614240540657,0.3071589939877488,tvm
12,3,197,1,384,128,8,1,[12; 3; 197; 1; 384; 128; 8; 1],0.002626266155857593,0.32919305208281824,tvm
8,8,197,1,384,96,6,1,[8; 8; 197; 1; 384; 96; 6; 1],0.0025942654538084753,0.33325370391814874,tvm
12,6,1,1,128,128,8,1,[12; 6; 1; 1; 128; 128; 8; 1],0.0025851583923213184,0.3344276985102867,tvm
6,1,197,1,192,96,6,1,[6; 1; 197; 1; 192; 96; 6; 1],0.002631257360917516,0.328568609163759,tvm
6,3,1,1,32,32,2,1,[6; 3; 1; 1; 32; 32; 2; 1],0.004414191622345243,0.1958566019318482,tvm
12,6,197,1,128,64,4,1,[12; 6; 197; 1; 128; 64; 4; 1],0.0013564453820436029,0.637363348995338,tvm
16,8,197,1,384,96,6,1,[16; 8; 197; 1; 384; 96; 6; 1],0.00131298049200268,0.6584626174528164,tvm
16,16,197,1,96,96,6,1,[16; 16; 197; 1; 96; 96; 6; 1],0.003833671122265514,0.2255145378557316,tvm
16,8,197,1,192,64,4,1,[16; 8; 197; 1; 192; 64; 4; 1],0.0026980394213751424,0.3204358559697866,tvm
8,4,1,1,32,32,2,1,[8; 4; 1; 1; 32; 32; 2; 1],0.00446509791072458,0.19362365366099565,tvm
8,4,197,1,192,64,4,1,[8; 4; 197; 1; 192; 64; 4; 1],0.006387757821357809,0.13534460691949013,tvm
16,2,197,1,96,96,6,1,[16; 2; 197; 1; 96; 96; 6; 1],0.005149196840648074,0.16789969352186582,tvm
12,6,197,1,384,128,8,1,[12; 6; 197; 1; 384; 128; 8; 1],0.0026580352350720204,0.32525850674253615,tvm
8,1,1,1,256,64,4,1,[8; 1; 1; 1; 256; 64; 4; 1],0.00257334100024309,0.33596346980322545,tvm
4,4,1,1,192,64,4,1,[4; 4; 1; 1; 192; 64; 4; 1],0.0032438601920148358,0.26651844415390186,tvm
16,1,197,1,192,64,4,1,[16; 1; 197; 1; 192; 64; 4; 1],0.004002362686151173,0.21600955216278883,tvm
12,4,197,1,32,32,2,1,[12; 4; 197; 1; 32; 32; 2; 1],0.0030869797337800264,0.28006292427774576,tvm
6,1,197,1,192,48,3,1,[6; 1; 197; 1; 192; 48; 3; 1],0.0029353405770962127,0.2945309236599136,tvm
6,2,1,1,192,192,12,1,[6; 2; 1; 1; 192; 192; 12; 1],0.0029125000146450475,0.2968407097274936,tvm
6,3,1,1,64,64,4,1,[6; 3; 1; 1; 64; 64; 4; 1],0.002801484188239556,0.30860376619575036,tvm
6,1,1,1,256,128,8,1,[6; 1; 1; 1; 256; 128; 8; 1],0.0038787374360254034,0.22289432726193667,tvm
4,2,197,1,384,96,6,1,[4; 2; 197; 1; 384; 96; 6; 1],0.001664668248849921,0.519351872077735,tvm
8,4,1,1,192,32,2,1,[8; 4; 1; 1; 192; 32; 2; 1],0.0031704304346931167,0.2726912289158162,tvm
4,4,197,1,384,96,6,1,[4; 4; 197; 1; 384; 96; 6; 1],0.004715232003945857,0.18335228695111702,tvm
8,1,1,1,192,48,3,1,[8; 1; 1; 1; 192; 48; 3; 1],0.002972524249344133,0.29084660003003443,tvm
24,24,197,1,96,48,3,1,[24; 24; 197; 1; 96; 48; 3; 1],0.003954130399506539,0.21864442597453637,tvm
4,4,1,1,48,48,3,1,[4; 4; 1; 1; 48; 48; 3; 1],0.003928461686882656,0.22007305666626337,tvm
6,3,1,1,96,48,3,1,[6; 3; 1; 1; 96; 48; 3; 1],0.0026904519691015594,0.3213395300705836,tvm
4,1,197,1,384,96,6,1,[4; 1; 197; 1; 384; 96; 6; 1],0.004997795440431219,0.17298598586779626,tvm
12,12,197,1,256,64,4,1,[12; 12; 197; 1; 256; 64; 4; 1],0.0018140016873076092,0.4765974461202172,tvm
8,1,197,1,192,192,12,1,[8; 1; 197; 1; 192; 192; 12; 1],0.0016116052829602268,0.5364518102351665,tvm
16,1,197,1,384,128,8,1,[16; 1; 197; 1; 384; 128; 8; 1],0.005867996223969385,0.1473328438585379,tvm
16,4,1,1,64,64,4,1,[16; 4; 1; 1; 64; 64; 4; 1],0.003525930347677786,0.24519729154547026,tvm
6,2,1,1,48,16,1,1,[6; 2; 1; 1; 48; 16; 1; 1],0.0030015153424756136,0.28803736539141,tvm
8,1,1,1,384,96,6,1,[8; 1; 1; 1; 384; 96; 6; 1],0.0067653933219844475,0.12778984610091806,tvm
8,8,197,1,128,32,2,1,[8; 8; 197; 1; 128; 32; 2; 1],0.004712849156931043,0.18344499105325837,tvm
16,8,197,1,512,128,8,1,[16; 8; 197; 1; 512; 128; 8; 1],0.0051690522450371645,0.16725475589043023,tvm
24,12,197,1,128,64,4,1,[24; 12; 197; 1; 128; 64; 4; 1],0.0015285780009435257,0.5655900915065654,tvm
16,1,197,1,384,96,6,1,[16; 1; 197; 1; 384; 96; 6; 1],0.006036042905179784,0.14323101823657775,tvm
8,2,197,1,64,64,4,1,[8; 2; 197; 1; 64; 64; 4; 1],0.0026221097832603846,0.329714864323329,tvm
6,1,1,1,192,192,12,1,[6; 1; 1; 1; 192; 192; 12; 1],0.0038344018466887064,0.22547156140537902,tvm
8,1,197,1,384,192,12,1,[8; 1; 197; 1; 384; 192; 12; 1],0.004213002524920739,0.20520960201533145,tvm
8,8,197,1,256,32,2,1,[8; 8; 197; 1; 256; 32; 2; 1],0.007236483623273671,0.11947081157594927,tvm
16,2,197,1,512,128,8,1,[16; 2; 197; 1; 512; 128; 8; 1],0.0034723090939223766,0.2489837592343956,tvm
6,1,197,1,512,64,4,1,[6; 1; 197; 1; 512; 64; 4; 1],0.004214373904687818,0.20514282571532136,tvm
6,1,1,1,384,96,6,1,[6; 1; 1; 1; 384; 96; 6; 1],0.003285771905211732,0.2631188641114334,tvm
12,4,197,1,256,128,8,1,[12; 4; 197; 1; 256; 128; 8; 1],0.003426299153943546,0.25232722905514754,tvm
12,12,1,1,48,48,3,1,[12; 12; 1; 1; 48; 48; 3; 1],0.0028816310768888798,0.3000205607034095,tvm
2,2,197,1,32,32,2,1,[2; 2; 197; 1; 32; 32; 2; 1],0.006912661003298126,0.12506740472534142,tvm
12,1,197,1,256,64,4,1,[12; 1; 197; 1; 256; 64; 4; 1],0.0036086642503505573,0.23957578523537798,tvm
8,4,197,1,192,48,3,1,[8; 4; 197; 1; 192; 48; 3; 1],0.002819219782395521,0.3066623527641237,tvm
4,2,1,1,48,16,1,1,[4; 2; 1; 1; 48; 16; 1; 1],0.006972494258661754,0.12399416039024548,tvm
16,16,1,1,64,64,4,1,[16; 16; 1; 1; 64; 64; 4; 1],0.004141538876865525,0.2087505628059913,tvm
16,8,1,1,96,96,6,1,[16; 8; 1; 1; 96; 96; 6; 1],0.0038718044088454917,0.22329345187309332,tvm
6,3,197,1,256,128,8,1,[6; 3; 197; 1; 256; 128; 8; 1],0.00553946756554069,0.15607069834773651,tvm
6,1,197,1,384,192,12,1,[6; 1; 197; 1; 384; 192; 12; 1],0.003871648536005523,0.22330244168303248,tvm
8,1,197,1,128,64,4,1,[8; 1; 197; 1; 128; 64; 4; 1],0.002648197656526463,0.32646678366242715,tvm
6,2,197,1,96,96,6,1,[6; 2; 197; 1; 96; 96; 6; 1],0.005199395876843482,0.16627865850319382,tvm
12,3,197,1,512,128,8,1,[12; 3; 197; 1; 512; 128; 8; 1],0.005251883500022814,0.1646168601083432,tvm
8,1,197,1,512,128,8,1,[8; 1; 197; 1; 512; 128; 8; 1],0.007237832687678747,0.119448543332637,tvm
4,4,1,1,32,32,2,1,[4; 4; 1; 1; 32; 32; 2; 1],0.0060007248757756315,0.14407402260994728,tvm
16,4,197,1,384,64,4,1,[16; 4; 197; 1; 384; 64; 4; 1],0.0013990045772516169,0.6179740834922791,tvm
8,2,197,1,96,96,6,1,[8; 2; 197; 1; 96; 96; 6; 1],0.0013654349531861953,0.6331671599669959,tvm
8,1,1,1,48,48,3,1,[8; 1; 1; 1; 48; 48; 3; 1],0.004240006841428112,0.20390263595361924,tvm
8,2,1,1,48,48,3,1,[8; 2; 1; 1; 48; 48; 3; 1],0.0028293510622461326,0.30556426276145227,tvm
12,6,197,1,384,48,3,1,[12; 6; 197; 1; 384; 48; 3; 1],0.004739114592666738,0.18242829003678573,tvm
8,1,1,1,96,48,3,1,[8; 1; 1; 1; 96; 48; 3; 1],0.0027335518607287668,0.3162729721169739,tvm
8,4,197,1,384,128,8,1,[8; 4; 197; 1; 384; 128; 8; 1],0.0051413800902082585,0.16815496155888207,tvm
8,1,197,1,192,64,4,1,[8; 1; 197; 1; 192; 64; 4; 1],0.005135793377121445,0.16833788042951628,tvm
8,4,197,1,384,96,6,1,[8; 4; 197; 1; 384; 96; 6; 1],0.001293014756811317,0.6686300886160191,tvm
3,3,1,1,32,32,2,1,[3; 3; 1; 1; 32; 32; 2; 1],0.0016495704694534652,0.5241052670608326,tvm
12,6,197,1,384,64,4,1,[12; 6; 197; 1; 384; 64; 4; 1],0.004166120968875475,0.20751883535967786,tvm
16,8,197,1,384,48,3,1,[16; 8; 197; 1; 384; 48; 3; 1],0.003071963437832892,0.2814319209601221,tvm
12,4,197,1,384,128,8,1,[12; 4; 197; 1; 384; 128; 8; 1],0.003968850905948784,0.2178334716813693,tvm
8,4,1,1,48,48,3,1,[8; 4; 1; 1; 48; 48; 3; 1],0.004646482411772013,0.18606517679658266,tvm
12,12,1,1,128,128,8,1,[12; 12; 1; 1; 128; 128; 8; 1],0.005190577001485508,0.16656116866798112,tvm
12,6,197,1,384,96,6,1,[12; 6; 197; 1; 384; 96; 6; 1],0.0050241932476637885,0.1720770935374709,tvm
4,1,197,1,96,96,6,1,[4; 1; 197; 1; 96; 96; 6; 1],0.0016440115468867589,0.5258774325920974,tvm
24,3,197,1,48,48,3,1,[24; 3; 197; 1; 48; 48; 3; 1],0.00185378389141988,0.46636966446309036,tvm
12,1,1,1,192,192,12,1,[12; 1; 1; 1; 192; 192; 12; 1],0.009090534687857144,0.09510425966290066,tvm
8,4,1,1,192,64,4,1,[8; 4; 1; 1; 192; 64; 4; 1],0.0044463635349529795,0.19443947050940225,tvm
6,3,1,1,64,64,4,1,[6; 3; 1; 1; 64; 64; 4; 1],0.004179227122222073,0.2068680514709369,tvm
6,2,197,1,192,32,2,1,[6; 2; 197; 1; 192; 32; 2; 1],0.005468807910801843,0.1580872075833818,tvm
6,2,1,1,192,64,4,1,[6; 2; 1; 1; 192; 64; 4; 1],0.006322687753709033,0.1367375086522986,tvm
4,4,197,1,384,128,8,1,[4; 4; 197; 1; 384; 128; 8; 1],0.007048867119010538,0.12265071206930761,tvm
16,1,197,1,96,48,3,1,[16; 1; 197; 1; 96; 48; 3; 1],0.001498350095062051,0.5770003781344359,tvm
24,24,197,1,512,64,4,1,[24; 24; 197; 1; 512; 64; 4; 1],0.004249729216098785,0.20343615497982703,tvm
6,1,197,1,192,48,3,1,[6; 1; 197; 1; 192; 48; 3; 1],0.002922238862083759,0.29585143865073654,tvm
4,1,1,1,128,64,4,1,[4; 1; 1; 1; 128; 64; 4; 1],0.003237893215555232,0.267009599722182,tvm
6,3,1,1,192,96,6,1,[6; 3; 1; 1; 192; 96; 6; 1],0.004301990964449942,0.2009647576140629,tvm
12,4,1,1,96,96,6,1,[12; 4; 1; 1; 96; 96; 6; 1],0.0037278827221598476,0.23191410134481705,tvm
8,8,197,1,256,128,8,1,[8; 8; 197; 1; 256; 128; 8; 1],0.0034246579016325995,0.25244815577533297,tvm
6,1,197,1,512,64,4,1,[6; 1; 197; 1; 512; 64; 4; 1],0.004187714810541365,0.2064487699239498,tvm
16,2,197,1,512,128,8,1,[16; 2; 197; 1; 512; 128; 8; 1],0.0034372648733551614,0.251522243202827,tvm
16,8,1,1,64,64,4,1,[16; 8; 1; 1; 64; 64; 4; 1],0.00141537279705517,0.6108274606007368,tvm
6,3,1,1,128,64,4,1,[6; 3; 1; 1; 128; 64; 4; 1],0.004059161685290746,0.212986975749562,tvm
8,8,197,1,384,32,2,1,[8; 8; 197; 1; 384; 32; 2; 1],0.0071010675019351766,0.12174909915910043,tvm
6,1,197,1,512,128,8,1,[6; 1; 197; 1; 512; 128; 8; 1],0.0019137690142088104,0.4517517866627142,tvm
12,3,1,1,96,96,6,1,[12; 3; 1; 1; 96; 96; 6; 1],0.0038897932827239856,0.22226080117633812,tvm
12,12,197,1,384,48,3,1,[12; 12; 197; 1; 384; 48; 3; 1],0.0029018524510320276,0.2979298865182134,tvm
6,1,197,1,256,128,8,1,[6; 1; 197; 1; 256; 128; 8; 1],0.0037158969353185967,0.23266215034417956,tvm
8,1,1,1,192,64,4,1,[8; 1; 1; 1; 192; 64; 4; 1],0.005020857191993855,0.1721914283495577,tvm
4,2,1,1,64,32,2,1,[4; 2; 1; 1; 64; 32; 2; 1],0.0033904666561284102,0.254993975494749,tvm
12,6,197,1,64,64,4,1,[12; 6; 197; 1; 64; 64; 4; 1],0.0041664958189358,0.20750016536663488,tvm
12,1,197,1,256,64,4,1,[12; 1; 197; 1; 256; 64; 4; 1],0.003970564532210119,0.21773945856191418,tvm
12,12,197,1,192,48,3,1,[12; 12; 197; 1; 192; 48; 3; 1],0.004140081378864124,0.20882405255178088,tvm
16,8,1,1,96,48,3,1,[16; 8; 1; 1; 96; 48; 3; 1],0.006869065939099528,0.12586115479070592,tvm
12,2,197,1,64,64,4,1,[12; 2; 197; 1; 64; 64; 4; 1],0.005429633092717268,0.15922780723216545,tvm
6,6,197,1,32,32,2,1,[6; 6; 197; 1; 32; 32; 2; 1],0.005857646028744057,0.14759317432056235,tvm
16,8,197,1,384,32,2,1,[16; 8; 197; 1; 384; 32; 2; 1],0.0016825318125484046,0.5138378751478729,tvm
16,4,197,1,48,48,3,1,[16; 4; 197; 1; 48; 48; 3; 1],0.0015339862038672436,0.5635960540251328,tvm
8,2,197,1,256,64,4,1,[8; 2; 197; 1; 256; 64; 4; 1],0.0035265226251794957,0.24515611079755,tvm
16,16,1,1,64,64,4,1,[16; 16; 1; 1; 64; 64; 4; 1],0.0027543223404791206,0.31388794213468174,tvm
8,2,197,1,512,128,8,1,[8; 2; 197; 1; 512; 128; 8; 1],0.0034062923150486313,0.2538092716262457,tvm
6,2,197,1,256,128,8,1,[6; 2; 197; 1; 256; 128; 8; 1],0.003445018744969275,0.25095612982979054,tvm
24,4,197,1,128,64,4,1,[24; 4; 197; 1; 128; 64; 4; 1],0.009171845624223351,0.0942611342198402,tvm
8,4,197,1,64,32,2,1,[8; 4; 197; 1; 64; 32; 2; 1],0.00630497450765688,0.13712166010800636,tvm
12,12,197,1,384,64,4,1,[12; 12; 197; 1; 384; 64; 4; 1],0.004145973871345632,0.20852726000127214,tvm
12,1,1,1,96,48,3,1,[12; 1; 1; 1; 96; 48; 3; 1],0.003111948968580691,0.2778157933042449,tvm
8,1,197,1,64,64,4,1,[8; 1; 197; 1; 64; 64; 4; 1],0.002643439675011905,0.3270543979501548,tvm
12,2,197,1,128,64,4,1,[12; 2; 197; 1; 128; 64; 4; 1],0.004693379843956791,0.18420596673882395,tvm
12,1,197,1,256,128,8,1,[12; 1; 197; 1; 256; 128; 8; 1],0.00345992278016638,0.24987510599499482,tvm
8,4,197,1,128,64,4,1,[8; 4; 197; 1; 128; 64; 4; 1],0.007240584745886736,0.11940314239394934,tvm
8,1,1,1,128,64,4,1,[8; 1; 1; 1; 128; 64; 4; 1],0.004120789933949709,0.20980166067332529,tvm
16,16,197,1,256,128,8,1,[16; 16; 197; 1; 256; 128; 8; 1],0.0033266378450207412,0.2598865917198092,tvm
24,6,197,1,384,48,3,1,[24; 6; 197; 1; 384; 48; 3; 1],0.004255475811078213,0.20316143477490947,tvm
6,1,197,1,96,96,6,1,[6; 1; 197; 1; 96; 96; 6; 1],0.002608249782497296,0.33146693895275636,tvm
12,6,197,1,96,48,3,1,[12; 6; 197; 1; 96; 48; 3; 1],0.0027819068272947334,0.3107755309940779,tvm
8,4,197,1,384,128,8,1,[8; 4; 197; 1; 384; 128; 8; 1],0.003856063813145738,0.22420494403677446,tvm
16,4,1,1,96,48,3,1,[16; 4; 1; 1; 96; 48; 3; 1],0.006866453695693053,0.125909036854185,tvm
16,16,197,1,384,48,3,1,[16; 16; 197; 1; 384; 48; 3; 1],0.0046115550940157846,0.18747441021586375,tvm
16,8,197,1,96,48,3,1,[16; 8; 197; 1; 96; 48; 3; 1],0.0059494874003576115,0.14531479995681731,tvm
16,4,1,1,48,48,3,1,[16; 4; 1; 1; 48; 48; 3; 1],0.006020371372869704,0.1436038606064381,tvm
8,2,1,1,96,48,3,1,[8; 2; 1; 1; 96; 48; 3; 1],0.0013952729386801366,0.6196268468063275,tvm
24,12,197,1,64,64,4,1,[24; 12; 197; 1; 64; 64; 4; 1],0.001550433842567145,0.5576171957115482,tvm
12,6,197,1,384,96,6,1,[12; 6; 197; 1; 384; 96; 6; 1],0.003805599561019335,0.22717801953839853,tvm
16,8,197,1,384,48,3,1,[16; 8; 197; 1; 384; 48; 3; 1],0.0032544338755542412,0.26565252344582846,tvm
8,1,197,1,96,96,6,1,[8; 1; 197; 1; 96; 96; 6; 1],0.006308429001364857,0.13704657233069,tvm
16,4,197,1,384,64,4,1,[16; 4; 197; 1; 384; 64; 4; 1],0.0028363592027744744,0.30480926766358996,tvm
12,3,197,1,128,128,8,1,[12; 3; 197; 1; 128; 128; 8; 1],0.005175299622351304,0.16705285384728688,tvm
12,2,197,1,96,96,6,1,[12; 2; 197; 1; 96; 96; 6; 1],0.0025026134244399145,0.3454582969089833,tvm
4,4,1,1,192,64,4,1,[4; 4; 1; 1; 192; 64; 4; 1],0.001629915499506751,0.5304253942552256,tvm
6,3,1,1,192,192,12,1,[6; 3; 1; 1; 192; 192; 12; 1],0.0014469939287664602,0.5974790593389605,tvm
12,2,197,1,384,48,3,1,[12; 2; 197; 1; 384; 48; 3; 1],0.004389067966258153,0.19697771328103442,tvm
12,12,1,1,128,64,4,1,[12; 12; 1; 1; 128; 64; 4; 1],0.003227720153518021,0.26785115509046387,tvm
16,2,1,1,128,128,8,1,[16; 2; 1; 1; 128; 128; 8; 1],0.0037526533124037087,0.23038327803182998,tvm
3,3,197,1,384,96,6,1,[3; 3; 197; 1; 384; 96; 6; 1],0.006509221188025549,0.13281904953836976,tvm
8,8,1,1,192,32,2,1,[8; 8; 1; 1; 192; 32; 2; 1],0.006277110311202705,0.13773034542432988,tvm
6,1,1,1,128,64,4,1,[6; 1; 1; 1; 128; 64; 4; 1],0.00546266752644442,0.15826490761946388,tvm
8,8,197,1,256,128,8,1,[8; 8; 197; 1; 256; 128; 8; 1],0.0033973944082390517,0.2544740078843795,tvm
24,8,197,1,48,48,3,1,[24; 8; 197; 1; 48; 48; 3; 1],0.004696371157479007,0.18408863832062575,tvm
12,12,197,1,512,128,8,1,[12; 12; 197; 1; 512; 128; 8; 1],0.00523773690656526,0.16506147346669892,tvm
12,1,197,1,512,64,4,1,[12; 1; 197; 1; 512; 64; 4; 1],0.0071102610090747476,0.12159167860717877,tvm
8,1,197,1,48,48,3,1,[8; 1; 197; 1; 48; 48; 3; 1],0.002834770923072938,0.30498004773217674,tvm
16,1,197,1,384,48,3,1,[16; 1; 197; 1; 384; 48; 3; 1],0.007663142372621223,0.11281906682530386,tvm
4,2,1,1,48,16,1,1,[4; 2; 1; 1; 48; 16; 1; 1],0.008709961184649728,0.09925975019868465,tvm
24,6,197,1,256,64,4,1,[24; 6; 197; 1; 256; 64; 4; 1],0.004294294871215243,0.201324920005764,tvm
16,1,197,1,96,96,6,1,[16; 1; 197; 1; 96; 96; 6; 1],0.0038111409958219156,0.22684770056430875,tvm
24,6,197,1,192,64,4,1,[24; 6; 197; 1; 192; 64; 4; 1],0.0015704449688200839,0.5505118540244865,tvm
12,1,197,1,256,64,4,1,[12; 1; 197; 1; 256; 64; 4; 1],0.0043068781233159825,0.20073671617225425,tvm
6,3,197,1,512,128,8,1,[6; 3; 197; 1; 512; 128; 8; 1],0.003803859908657614,0.22728191683948512,tvm
6,1,197,1,128,64,4,1,[6; 1; 197; 1; 128; 64; 4; 1],0.003723173496837262,0.23220743598518379,tvm
24,12,197,1,384,64,4,1,[24; 12; 197; 1; 384; 64; 4; 1],0.0031021618597151246,0.2786922831640912,tvm
8,8,197,1,64,64,4,1,[8; 8; 197; 1; 64; 64; 4; 1],0.003952105806092732,0.21875643361970398,tvm
12,6,197,1,64,64,4,1,[12; 6; 197; 1; 64; 64; 4; 1],0.0027288635792501736,0.3168163399601414,tvm
16,1,1,1,48,48,3,1,[16; 1; 1; 1; 48; 48; 3; 1],0.0027288087803754024,0.31682270214244745,tvm
4,1,1,1,48,48,3,1,[4; 1; 1; 1; 48; 48; 3; 1],0.0017381646575813647,0.4973916410379557,tvm
8,1,1,1,128,64,4,1,[8; 1; 1; 1; 128; 64; 4; 1],0.004111871188797522,0.21025672540131307,tvm
12,12,1,1,96,96,6,1,[12; 12; 1; 1; 96; 96; 6; 1],0.006296068313531578,0.1373156275274959,tvm
8,4,1,1,48,16,1,1,[8; 4; 1; 1; 48; 16; 1; 1],0.0029416531688184477,0.2938988799199017,tvm
12,1,1,1,128,128,8,1,[12; 1; 1; 1; 128; 128; 8; 1],0.00387863415380707,0.22290026260403406,tvm
12,12,1,1,64,64,4,1,[12; 12; 1; 1; 64; 64; 4; 1],0.002716534938372206,0.3182541697573835,tvm
12,4,197,1,256,64,4,1,[12; 4; 197; 1; 256; 64; 4; 1],0.007923655430204235,0.10910981415635426,tvm
6,1,197,1,384,192,12,1,[6; 1; 197; 1; 384; 192; 12; 1],0.007304345679585822,0.11836085110878732,tvm
8,2,197,1,128,64,4,1,[8; 2; 197; 1; 128; 64; 4; 1],0.0034414262481732294,0.251218102345645,tvm
12,12,197,1,256,128,8,1,[12; 12; 197; 1; 256; 128; 8; 1],0.003447082119237166,0.25080591106425243,tvm
16,2,197,1,128,128,8,1,[16; 2; 197; 1; 128; 128; 8; 1],0.0037633968458976597,0.22972559281676178,tvm
16,16,197,1,64,64,4,1,[16; 16; 197; 1; 64; 64; 4; 1],0.0029525912505050655,0.2928101108748741,tvm
16,1,1,1,96,48,3,1,[16; 1; 1; 1; 96; 48; 3; 1],0.010520522249862552,0.08217734356674798,tvm
16,2,197,1,384,96,6,1,[16; 2; 197; 1; 384; 96; 6; 1],0.006523921503685415,0.13251976912048696,tvm
12,6,197,1,256,64,4,1,[12; 6; 197; 1; 256; 64; 4; 1],0.005403367278631777,0.1600018149511187,tvm
4,1,1,1,192,96,6,1,[4; 1; 1; 1; 192; 96; 6; 1],0.0035773225608863868,0.24167476002341653,tvm
8,8,197,1,32,32,2,1,[8; 8; 197; 1; 32; 32; 2; 1],0.0031819173746043816,0.2717067948805753,tvm
16,16,197,1,384,48,3,1,[16; 16; 197; 1; 384; 48; 3; 1],0.004621156782377511,0.18708488202033582,tvm
12,2,197,1,384,128,8,1,[12; 2; 197; 1; 384; 128; 8; 1],0.003950037840695586,0.21887095929094386,tvm
24,6,197,1,384,48,3,1,[24; 6; 197; 1; 384; 48; 3; 1],0.00727165381249506,0.11889297726783919,tvm
12,1,1,1,64,64,4,1,[12; 1; 1; 1; 64; 64; 4; 1],0.005408819153672084,0.15984053947184082,tvm
16,4,197,1,256,64,4,1,[16; 4; 197; 1; 256; 64; 4; 1],0.0036578345607267693,0.2363552963031755,tvm
16,4,1,1,48,48,3,1,[16; 4; 1; 1; 48; 48; 3; 1],0.007583072627312504,0.11401032456351057,tvm
12,12,197,1,96,96,6,1,[12; 12; 197; 1; 96; 96; 6; 1],0.0037839305950910784,0.22847897172061155,tvm
12,12,197,1,192,96,6,1,[12; 12; 197; 1; 192; 96; 6; 1],0.002605515328468755,0.3318148091405247,tvm
12,1,1,1,96,48,3,1,[12; 1; 1; 1; 96; 48; 3; 1],0.004659808153519407,0.18553308268187071,tvm
16,2,197,1,48,48,3,1,[16; 2; 197; 1; 48; 48; 3; 1],0.004849053344514687,0.17829223768110536,tvm
12,4,197,1,48,48,3,1,[12; 4; 197; 1; 48; 48; 3; 1],0.004290090408176184,0.20152222661342722,tvm
24,6,197,1,128,64,4,1,[24; 6; 197; 1; 128; 64; 4; 1],0.00458463415998267,0.18857525840880604,tvm
12,3,197,1,48,48,3,1,[12; 3; 197; 1; 48; 48; 3; 1],0.004515714586887043,0.19145332478254729,tvm
12,2,197,1,128,128,8,1,[12; 2; 197; 1; 128; 128; 8; 1],0.006274730752920732,0.13778257673066616,tvm
12,3,197,1,128,128,8,1,[12; 3; 197; 1; 128; 128; 8; 1],0.0012975105073564919,0.6663133489300029,tvm
6,3,197,1,192,64,4,1,[6; 3; 197; 1; 192; 64; 4; 1],0.0013817230938002467,0.6257032073269796,tvm
16,8,197,1,192,64,4,1,[16; 8; 197; 1; 192; 64; 4; 1],0.003990052624430973,0.21667598220007583,tvm
16,16,1,1,128,128,8,1,[16; 16; 1; 1; 128; 128; 8; 1],0.002518625795346452,0.3432620173373741,tvm
8,1,1,1,64,64,4,1,[8; 1; 1; 1; 64; 64; 4; 1],0.003926533907360863,0.22018110420690584,tvm
12,2,197,1,96,96,6,1,[12; 2; 197; 1; 96; 96; 6; 1],0.0037233565308270045,0.23219602105537399,tvm
8,1,197,1,384,96,6,1,[8; 1; 197; 1; 384; 96; 6; 1],0.0051169484067941085,0.16895784414801865,tvm
8,2,197,1,384,96,6,1,[8; 2; 197; 1; 384; 96; 6; 1],0.0051264624707982875,0.1686442798232257,tvm
6,1,197,1,512,64,4,1,[6; 1; 197; 1; 512; 64; 4; 1],0.0020802417529921513,0.41560004753535645,tvm
6,3,1,1,192,48,3,1,[6; 3; 1; 1; 192; 48; 3; 1],0.0014680737967864843,0.58889994039878,tvm
16,2,197,1,384,32,2,1,[16; 2; 197; 1; 384; 32; 2; 1],0.0068511076824506745,0.12619106449649586,tvm
6,6,1,1,192,64,4,1,[6; 6; 1; 1; 192; 64; 4; 1],0.002809885325405048,0.30768108705786623,tvm
12,4,197,1,512,128,8,1,[12; 4; 197; 1; 512; 128; 8; 1],0.005208812624914572,0.1659780517527736,tvm
4,4,1,1,48,48,3,1,[4; 4; 1; 1; 48; 48; 3; 1],0.008674186072312295,0.09966912909421909,tvm
16,1,197,1,96,96,6,1,[16; 1; 197; 1; 96; 96; 6; 1],0.009047668369021267,0.09555484752168189,tvm
4,2,1,1,96,96,6,1,[4; 2; 1; 1; 96; 96; 6; 1],0.004938643753121141,0.175057893350212,tvm
24,3,197,1,256,64,4,1,[24; 3; 197; 1; 256; 64; 4; 1],0.0020516093100013677,0.4214001989628303,tvm
6,2,197,1,384,48,3,1,[6; 2; 197; 1; 384; 48; 3; 1],0.0021565505012404174,0.40089419233692664,tvm
16,8,197,1,48,48,3,1,[16; 8; 197; 1; 48; 48; 3; 1],0.004009770193079021,0.21561050379415936,tvm
6,6,1,1,64,32,2,1,[6; 6; 1; 1; 64; 32; 2; 1],0.0037738670653197914,0.22908824197158384,tvm
12,1,1,1,192,96,6,1,[12; 1; 1; 1; 192; 96; 6; 1],0.00760456568968948,0.11368809300980262,tvm
12,1,197,1,192,48,3,1,[12; 1; 197; 1; 192; 48; 3; 1],0.006245538032089826,0.13842659623342074,tvm
8,4,197,1,384,32,2,1,[8; 4; 197; 1; 384; 32; 2; 1],0.003262750782596413,0.26497536251928683,tvm
8,4,197,1,256,64,4,1,[8; 4; 197; 1; 256; 64; 4; 1],0.005212054311414249,0.16587482013286678,tvm
4,1,1,1,192,48,3,1,[4; 1; 1; 1; 192; 48; 3; 1],0.0016483884828630835,0.5244810798040388,tvm
12,1,197,1,384,64,4,1,[12; 1; 197; 1; 384; 64; 4; 1],0.002330804356461158,0.3709228400195753,tvm
12,6,197,1,384,48,3,1,[12; 6; 197; 1; 384; 48; 3; 1],0.003853071088087745,0.22437908662039283,tvm
6,1,197,1,64,64,4,1,[6; 1; 197; 1; 64; 64; 4; 1],0.003928169688151684,0.2200894156981712,tvm
12,3,1,1,96,96,6,1,[12; 3; 1; 1; 96; 96; 6; 1],0.0037055887150927447,0.23330937076402802,tvm
16,8,197,1,512,32,2,1,[16; 8; 197; 1; 512; 32; 2; 1],0.007088313883286901,0.12196815570865693,tvm
12,1,197,1,192,64,4,1,[12; 1; 197; 1; 192; 64; 4; 1],0.006661774008534849,0.12977752927687727,tvm
8,8,197,1,192,32,2,1,[8; 8; 197; 1; 192; 32; 2; 1],0.0031189215296762995,0.27719471721313216,tvm
12,6,197,1,48,48,3,1,[12; 6; 197; 1; 48; 48; 3; 1],0.0014362443198479014,0.6019509072941902,tvm
6,3,197,1,64,32,2,1,[6; 3; 197; 1; 64; 32; 2; 1],0.001640283560846001,0.5270726306509269,tvm
16,4,1,1,96,96,6,1,[16; 4; 1; 1; 96; 96; 6; 1],0.0038344035638147034,0.22547146043450486,tvm
24,6,197,1,192,48,3,1,[24; 6; 197; 1; 192; 48; 3; 1],0.005183982910239138,0.16677303656247772,tvm
6,3,197,1,64,64,4,1,[6; 3; 197; 1; 64; 64; 4; 1],0.0028066934246453457,0.30803099613126284,tvm
8,8,1,1,48,48,3,1,[8; 8; 1; 1; 48; 48; 3; 1],0.004246599623002112,0.20358608020065314,tvm
8,4,1,1,128,128,8,1,[8; 4; 1; 1; 128; 128; 8; 1],0.003785091685131192,0.22840888500131692,tvm
16,16,197,1,384,192,12,1,[16; 16; 197; 1; 384; 192; 12; 1],0.004952952127496246,0.17455217598995995,tvm
8,2,1,1,128,64,4,1,[8; 2; 1; 1; 128; 64; 4; 1],0.0027637859056994785,0.3128131486761328,tvm
6,6,197,1,384,48,3,1,[6; 6; 197; 1; 384; 48; 3; 1],0.004915170844469685,0.17589390049408354,tvm
12,3,197,1,384,48,3,1,[12; 3; 197; 1; 384; 48; 3; 1],0.005292401903716382,0.16335656043458757,tvm
8,4,197,1,64,32,2,1,[8; 4; 197; 1; 64; 32; 2; 1],0.004705247745732777,0.18374134969038278,tvm
12,12,1,1,48,48,3,1,[12; 12; 1; 1; 48; 48; 3; 1],0.004294236685382202,0.201327647908076,tvm
6,2,197,1,384,192,12,1,[6; 2; 197; 1; 384; 192; 12; 1],0.004381881248264108,0.19730077618398814,tvm
8,1,197,1,192,192,12,1,[8; 1; 197; 1; 192; 192; 12; 1],0.0054945167794357985,0.15734751683065148,tvm
12,4,1,1,64,64,4,1,[12; 4; 1; 1; 64; 64; 4; 1],0.006817713190685026,0.12680917299510275,tvm
12,3,197,1,512,128,8,1,[12; 3; 197; 1; 512; 128; 8; 1],0.0051307524045114405,0.16850327267173892,tvm
24,24,197,1,128,64,4,1,[24; 24; 197; 1; 128; 64; 4; 1],0.003050266812351765,0.28343375337779114,tvm
12,1,197,1,96,96,6,1,[12; 1; 197; 1; 96; 96; 6; 1],0.0025689036410767585,0.33654379152430763,tvm
8,8,197,1,128,64,4,1,[8; 8; 197; 1; 128; 64; 4; 1],0.003941696566471364,0.21933412601633148,tvm
6,6,1,1,32,32,2,1,[6; 6; 1; 1; 32; 32; 2; 1],0.003351910498167854,0.2579271051244153,tvm
12,3,197,1,384,64,4,1,[12; 3; 197; 1; 384; 64; 4; 1],0.002785352735372726,0.3103910540482696,tvm
12,1,197,1,192,96,6,1,[12; 1; 197; 1; 192; 96; 6; 1],0.004996000905521214,0.17304812144311976,tvm
8,8,197,1,32,32,2,1,[8; 8; 197; 1; 32; 32; 2; 1],0.003413281410757918,0.2532895672486022,tvm
12,4,197,1,192,48,3,1,[12; 4; 197; 1; 192; 48; 3; 1],0.0013924494287493872,0.6208832820629299,tvm
24,6,197,1,96,48,3,1,[24; 6; 197; 1; 96; 48; 3; 1],0.0018208158580819145,0.4748138410543639,tvm
8,1,197,1,384,64,4,1,[8; 1; 197; 1; 384; 64; 4; 1],0.0040807675322867,0.21185930455198282,tvm
3,3,197,1,32,32,2,1,[3; 3; 197; 1; 32; 32; 2; 1],0.004916738558677025,0.17583781629039888,tvm
8,8,197,1,128,128,8,1,[8; 8; 197; 1; 128; 128; 8; 1],0.003762289408768993,0.2297932129871552,tvm
6,2,197,1,384,128,8,1,[6; 2; 197; 1; 384; 128; 8; 1],0.003623640055593569,0.23858566473621629,tvm
8,2,1,1,64,64,4,1,[8; 2; 1; 1; 64; 64; 4; 1],0.005255387652141508,0.16450709798282495,tvm
6,1,197,1,96,96,6,1,[6; 1; 197; 1; 96; 96; 6; 1],0.0039100494686863385,0.22110936916586743,tvm
8,2,1,1,48,48,3,1,[8; 2; 1; 1; 48; 48; 3; 1],0.0046569800324505195,0.18564575441686892,tvm
16,8,197,1,192,64,4,1,[16; 8; 197; 1; 192; 64; 4; 1],0.004011055156297516,0.21554143180285013,tvm
12,6,197,1,192,96,6,1,[12; 6; 197; 1; 192; 96; 6; 1],0.003742172564670909,0.23102851525089965,tvm
16,16,197,1,96,96,6,1,[16; 16; 197; 1; 96; 96; 6; 1],0.005127202057337854,0.16861995329231522,tvm
16,8,197,1,384,64,4,1,[16; 8; 197; 1; 384; 64; 4; 1],0.006856431253254414,0.12609308538143837,tvm
6,6,197,1,128,128,8,1,[6; 6; 197; 1; 128; 128; 8; 1],0.006576970816240646,0.13145087542333686,tvm
16,16,1,1,128,128,8,1,[16; 16; 1; 1; 128; 128; 8; 1],0.005028874657000415,0.1719169059473538,tvm
12,6,197,1,384,128,8,1,[12; 6; 197; 1; 384; 128; 8; 1],0.005264663370326161,0.16421725580813537,tvm
24,2,1,1,96,96,6,1,[24; 2; 1; 1; 96; 96; 6; 1],0.0029936037681181915,0.2887985980763363,tvm
8,4,1,1,192,96,6,1,[8; 4; 1; 1; 192; 96; 6; 1],0.0025201079042744823,0.34306014038611876,tvm
6,3,1,1,48,16,1,1,[6; 3; 1; 1; 48; 16; 1; 1],0.0029996588891663123,0.2882156283006076,tvm
8,1,197,1,384,192,12,1,[8; 1; 197; 1; 384; 192; 12; 1],0.0027215590635023545,0.31766665769729435,tvm
6,6,197,1,64,32,2,1,[6; 6; 197; 1; 64; 32; 2; 1],0.0032589977854513563,0.2652805028859003,tvm
16,8,1,1,48,48,3,1,[16; 8; 1; 1; 48; 48; 3; 1],0.003981199093686882,0.21715783387962545,tvm
4,4,1,1,128,64,4,1,[4; 4; 1; 1; 128; 64; 4; 1],0.0032352990019717254,0.26722370046838934,tvm
24,24,197,1,192,64,4,1,[24; 24; 197; 1; 192; 64; 4; 1],0.004507248064328451,0.1918129552865831,tvm
8,2,197,1,384,48,3,1,[8; 2; 197; 1; 384; 48; 3; 1],0.001469871695007896,0.5881796175576584,tvm
6,3,197,1,512,128,8,1,[6; 3; 197; 1; 512; 128; 8; 1],0.00357916543725878,0.24155032411430358,tvm
6,1,197,1,192,192,12,1,[6; 1; 197; 1; 192; 192; 12; 1],0.0026867761116591282,0.32177916413537655,tvm
12,3,1,1,128,64,4,1,[12; 3; 1; 1; 128; 64; 4; 1],0.0034194617473986,0.2528317715752451,tvm
4,4,197,1,192,48,3,1,[4; 4; 197; 1; 192; 48; 3; 1],0.007073046377627179,0.12223142975044435,tvm
8,4,1,1,192,48,3,1,[8; 4; 1; 1; 192; 48; 3; 1],0.004744761841720901,0.1822111625975739,tvm
16,8,197,1,48,48,3,1,[16; 8; 197; 1; 48; 48; 3; 1],0.005411024161730893,0.1597754039878501,tvm
4,2,1,1,96,48,3,1,[4; 2; 1; 1; 96; 48; 3; 1],0.004952944349497557,0.17455245010299258,tvm
24,24,197,1,384,64,4,1,[24; 24; 197; 1; 384; 64; 4; 1],0.0015892542978690472,0.543996371498131,tvm
6,2,197,1,64,64,4,1,[6; 2; 197; 1; 64; 64; 4; 1],0.0014037886558071477,0.6158680424237186,tvm
16,4,1,1,96,96,6,1,[16; 4; 1; 1; 96; 96; 6; 1],0.004574975566356443,0.18897337458724542,tvm
12,6,197,1,256,64,4,1,[12; 6; 197; 1; 256; 64; 4; 1],0.005909155806875788,0.14630661293828098,tvm
24,8,197,1,384,48,3,1,[24; 8; 197; 1; 384; 48; 3; 1],0.0035647373442770913,0.2425279867579969,tvm
8,1,197,1,192,192,12,1,[8; 1; 197; 1; 192; 192; 12; 1],0.00410306103003677,0.21070819203018867,tvm
6,6,1,1,192,64,4,1,[6; 6; 1; 1; 192; 64; 4; 1],0.004129352964810096,0.20936659539549218,tvm
6,1,1,1,96,48,3,1,[6; 1; 1; 1; 96; 48; 3; 1],0.004384494997793809,0.19718315834858866,tvm
16,2,197,1,384,64,4,1,[16; 2; 197; 1; 384; 64; 4; 1],0.001400751898472663,0.6172032123399216,tvm
12,1,197,1,48,48,3,1,[12; 1; 197; 1; 48; 48; 3; 1],0.0014298227742983727,0.6046543578471208,tvm
12,3,197,1,384,48,3,1,[12; 3; 197; 1; 384; 48; 3; 1],0.004396727505081799,0.1966345584140282,tvm
24,8,197,1,256,64,4,1,[24; 8; 197; 1; 256; 64; 4; 1],0.004109293564397376,0.2103886125145592,tvm
12,3,197,1,256,128,8,1,[12; 3; 197; 1; 256; 128; 8; 1],0.00512846234778408,0.1685785158980699,tvm
16,1,197,1,96,48,3,1,[16; 1; 197; 1; 96; 48; 3; 1],0.002960581721708877,0.2920198301195839,tvm
16,4,197,1,384,32,2,1,[16; 4; 197; 1; 384; 32; 2; 1],0.0051351178117329255,0.16836002660994762,tvm
12,2,197,1,48,48,3,1,[12; 2; 197; 1; 48; 48; 3; 1],0.0046880377776687965,0.18441587129412645,tvm
4,2,1,1,32,16,1,1,[4; 2; 1; 1; 32; 16; 1; 1],0.0015743675467092544,0.5491402393524004,tvm
6,1,197,1,512,64,4,1,[6; 1; 197; 1; 512; 64; 4; 1],0.0021252791411825456,0.406792950006332,tvm
6,3,1,1,96,48,3,1,[6; 3; 1; 1; 96; 48; 3; 1],0.004036563877889421,0.21417933608438616,tvm
16,16,197,1,384,48,3,1,[16; 16; 197; 1; 384; 48; 3; 1],0.004605424190231133,0.18772398279021116,tvm
6,6,197,1,192,48,3,1,[6; 6; 197; 1; 192; 48; 3; 1],0.0044080794978071935,0.19612817143126446,tvm
12,3,1,1,128,128,8,1,[12; 3; 1; 1; 128; 128; 8; 1],0.003881973068928346,0.2227085443607258,tvm
6,1,197,1,192,64,4,1,[6; 1; 197; 1; 192; 64; 4; 1],0.0055465759432991035,0.15587068134766002,tvm
8,2,197,1,96,48,3,1,[8; 2; 197; 1; 96; 48; 3; 1],0.004192468339169864,0.20621469298913245,tvm
24,3,197,1,96,48,3,1,[24; 3; 197; 1; 96; 48; 3; 1],0.001727799968648469,0.500375383213396,tvm
16,4,197,1,128,128,8,1,[16; 4; 197; 1; 128; 128; 8; 1],0.0012599284691532375,0.6861886151438503,tvm
24,24,197,1,128,64,4,1,[24; 24; 197; 1; 128; 64; 4; 1],0.004261646688973997,0.20286725637425232,tvm
24,4,197,1,96,48,3,1,[24; 4; 197; 1; 96; 48; 3; 1],0.0034574404708109796,0.25005450671599916,tvm
6,2,197,1,256,64,4,1,[6; 2; 197; 1; 256; 64; 4; 1],0.005601348995696753,0.154346492620396,tvm
16,4,197,1,384,128,8,1,[16; 4; 197; 1; 384; 128; 8; 1],0.004647903660952579,0.18600828125843377,tvm
16,4,197,1,192,96,6,1,[16; 4; 197; 1; 192; 96; 6; 1],0.003883715777192265,0.22260861016291913,tvm
8,1,197,1,192,64,4,1,[8; 1; 197; 1; 192; 64; 4; 1],0.004930694936774671,0.17534010570812172,tvm
12,3,197,1,384,64,4,1,[12; 3; 197; 1; 384; 64; 4; 1],0.0014930321940482827,0.5790555454028026,tvm
12,12,197,1,192,96,6,1,[12; 12; 197; 1; 192; 96; 6; 1],0.0017027812973537948,0.5077273122344731,tvm
8,1,1,1,96,48,3,1,[8; 1; 1; 1; 96; 48; 3; 1],0.0041341558753629215,0.2091233609697109,tvm
16,16,197,1,192,96,6,1,[16; 16; 197; 1; 192; 96; 6; 1],0.003873656220093835,0.223186705868191,tvm
6,3,1,1,192,192,12,1,[6; 3; 1; 1; 192; 192; 12; 1],0.004328326998802368,0.1997419722834686,tvm
16,8,197,1,384,64,4,1,[16; 8; 197; 1; 384; 64; 4; 1],0.0027252500149188563,0.3172364248035104,tvm
6,1,197,1,192,96,6,1,[6; 1; 197; 1; 192; 96; 6; 1],0.0052785593798034824,0.16378494760075202,tvm
12,4,1,1,96,48,3,1,[12; 4; 1; 1; 96; 48; 3; 1],0.005009469845390413,0.17258284770874646,tvm
12,12,197,1,384,128,8,1,[12; 12; 197; 1; 384; 128; 8; 1],0.0013179815559851704,0.6559640895599141,tvm
12,4,197,1,96,96,6,1,[12; 4; 197; 1; 96; 96; 6; 1],0.0012568226247822167,0.68788431587821,tvm
12,3,197,1,192,96,6,1,[12; 3; 197; 1; 192; 96; 6; 1],0.0037413267855299637,0.23108074247144572,tvm
16,16,197,1,384,96,6,1,[16; 16; 197; 1; 384; 96; 6; 1],0.004143719750572927,0.20864069567181406,tvm
8,2,1,1,96,48,3,1,[8; 2; 1; 1; 96; 48; 3; 1],0.0041475104371784255,0.20845000501475014,tvm
12,2,1,1,96,96,6,1,[12; 2; 1; 1; 96; 96; 6; 1],0.003745604059076868,0.23081686099027932,tvm
6,3,197,1,384,96,6,1,[6; 3; 197; 1; 384; 96; 6; 1],0.005426193281891756,0.15932874604996752,tvm
6,2,197,1,384,96,6,1,[6; 2; 197; 1; 384; 96; 6; 1],0.004535969776043203,0.19059839772184958,tvm
6,2,1,1,128,64,4,1,[6; 2; 1; 1; 128; 64; 4; 1],0.0013609016950795194,0.6352762837715876,tvm
6,6,1,1,192,64,4,1,[6; 6; 1; 1; 192; 64; 4; 1],0.0014067299453017768,0.6145803423862605,tvm
24,24,197,1,256,64,4,1,[24; 24; 197; 1; 256; 64; 4; 1],0.004102650062122848,0.21072929895006087,tvm
24,12,197,1,128,128,8,1,[24; 12; 197; 1; 128; 128; 8; 1],0.00850128268939443,0.10169625020317441,tvm
6,1,197,1,384,192,12,1,[6; 1; 197; 1; 384; 192; 12; 1],0.004419004471856169,0.19564328955417967,tvm
12,12,197,1,384,192,12,1,[12; 12; 197; 1; 384; 192; 12; 1],0.003377522349182982,0.2559712363228935,tvm
8,8,197,1,256,128,8,1,[8; 8; 197; 1; 256; 128; 8; 1],0.0034436574060237035,0.2510553372458853,tvm
6,1,197,1,256,64,4,1,[6; 1; 197; 1; 256; 64; 4; 1],0.005617144408461172,0.15391247020929202,tvm
12,3,1,1,128,64,4,1,[12; 3; 1; 1; 128; 64; 4; 1],0.003249770190450363,0.2660337564696412,tvm
6,2,1,1,96,48,3,1,[6; 2; 1; 1; 96; 48; 3; 1],0.0040394806856056675,0.2140246825561795,tvm
8,8,197,1,96,48,3,1,[8; 8; 197; 1; 96; 48; 3; 1],0.004205762248602696,0.20556287310720078,tvm
12,3,197,1,256,128,8,1,[12; 3; 197; 1; 256; 128; 8; 1],0.0034425792182446457,0.2511339657332273,tvm
12,6,197,1,384,48,3,1,[12; 6; 197; 1; 384; 48; 3; 1],0.002908354814280756,0.29726378885527305,tvm
8,4,1,1,128,64,4,1,[8; 4; 1; 1; 128; 64; 4; 1],0.0058282227837480605,0.14833828484377026,tvm
6,2,1,1,48,16,1,1,[6; 2; 1; 1; 48; 16; 1; 1],0.0059887056922889315,0.1443631755926436,tvm
6,1,197,1,96,48,3,1,[6; 1; 197; 1; 96; 48; 3; 1],0.0043919165909755975,0.19684995229759705,tvm
24,6,197,1,128,128,8,1,[24; 6; 197; 1; 128; 128; 8; 1],0.0028645081401919015,0.30181396914119185,tvm
16,4,1,1,48,48,3,1,[16; 4; 1; 1; 48; 48; 3; 1],0.0015285100071196212,0.5656152510625413,tvm
16,16,1,1,96,48,3,1,[16; 16; 1; 1; 96; 48; 3; 1],0.0055216903710970655,0.15657317113505595,tvm
12,12,197,1,384,32,2,1,[12; 12; 197; 1; 384; 32; 2; 1],0.003226511224056594,0.2679515152411591,tvm
6,2,197,1,512,128,8,1,[6; 2; 197; 1; 512; 128; 8; 1],0.0037739759354735725,0.22908163332527573,tvm
12,2,197,1,384,48,3,1,[12; 2; 197; 1; 384; 48; 3; 1],0.004360966813692357,0.19824699621976086,tvm
8,2,197,1,256,64,4,1,[8; 2; 197; 1; 256; 64; 4; 1],0.0035435932513792068,0.24397511511573153,tvm
6,6,197,1,384,192,12,1,[6; 6; 197; 1; 384; 192; 12; 1],0.0057870651871780865,0.1493932664425621,tvm
16,8,1,1,96,96,6,1,[16; 8; 1; 1; 96; 96; 6; 1],0.0012871649596490897,0.6716688214261728,tvm
24,12,1,1,64,64,4,1,[24; 12; 1; 1; 64; 64; 4; 1],0.001542719734061393,0.5604054659705069,tvm
6,2,197,1,96,48,3,1,[6; 2; 197; 1; 96; 48; 3; 1],0.004681212718423922,0.18468474376862948,tvm
6,3,197,1,512,64,4,1,[6; 3; 197; 1; 512; 64; 4; 1],0.006339415747788735,0.13637669555433976,tvm
2,2,1,1,32,16,1,1,[2; 2; 1; 1; 32; 16; 1; 1],0.005961884526186623,0.14501263277260407,tvm
24,3,197,1,256,64,4,1,[24; 3; 197; 1; 256; 64; 4; 1],0.004944059248373378,0.17486614298018627,tvm
12,3,1,1,128,128,8,1,[12; 3; 1; 1; 128; 128; 8; 1],0.005176008249691222,0.16702998328492746,tvm
8,2,1,1,192,192,12,1,[8; 2; 1; 1; 192; 192; 12; 1],0.004188686594716273,0.20640087337141366,tvm
12,12,1,1,64,64,4,1,[12; 12; 1; 1; 64; 64; 4; 1],0.0013605578678834718,0.6354368247294703,tvm
6,3,197,1,32,32,2,1,[6; 3; 197; 1; 32; 32; 2; 1],0.0014760218437004369,0.5857288461674244,tvm
8,1,197,1,384,128,8,1,[8; 1; 197; 1; 384; 128; 8; 1],0.003799942751356866,0.22751620958496344,tvm
12,4,197,1,64,64,4,1,[12; 4; 197; 1; 64; 64; 4; 1],0.002731584998400649,0.31650070268169106,tvm
3,3,197,1,32,32,2,1,[3; 3; 197; 1; 32; 32; 2; 1],0.0032962336917989887,0.2622837614880169,tvm
12,12,197,1,256,128,8,1,[12; 12; 197; 1; 256; 128; 8; 1],0.0034650033703655936,0.24950872452899017,tvm
8,4,197,1,384,48,3,1,[8; 4; 197; 1; 384; 48; 3; 1],0.00588523103215266,0.14690138190077862,tvm
4,1,1,1,64,64,4,1,[4; 1; 1; 1; 64; 64; 4; 1],0.0067545931960921735,0.12799417319887604,tvm
8,1,197,1,192,96,6,1,[8; 1; 197; 1; 192; 96; 6; 1],0.0012724561092909425,0.6794329211954732,tvm
6,3,197,1,256,64,4,1,[6; 3; 197; 1; 256; 64; 4; 1],0.0037268069354468025,0.23198104608145514,tvm
16,2,197,1,128,128,8,1,[16; 2; 197; 1; 128; 128; 8; 1],0.002501833314454416,0.3455660161025183,tvm
8,8,197,1,96,96,6,1,[8; 8; 197; 1; 96; 96; 6; 1],0.0037729878749814816,0.22914162464219812,tvm
8,1,1,1,48,48,3,1,[8; 1; 1; 1; 48; 48; 3; 1],0.0042463910358492285,0.2035960805610715,tvm
6,3,197,1,192,192,12,1,[6; 3; 197; 1; 192; 192; 12; 1],0.004334684846980963,0.19944900308743677,tvm
6,2,1,1,64,32,2,1,[6; 2; 1; 1; 64; 32; 2; 1],0.004235459062329028,0.20412157423926713,tvm
4,1,1,1,192,48,3,1,[4; 1; 1; 1; 192; 48; 3; 1],0.006585912240552716,0.13127240993360323,tvm
16,4,197,1,192,96,6,1,[16; 4; 197; 1; 192; 96; 6; 1],0.0013007834531890694,0.6646368150740221,tvm
8,8,197,1,192,64,4,1,[8; 8; 197; 1; 192; 64; 4; 1],0.0023449423752026632,0.36868648908860807,tvm
24,24,197,1,384,64,4,1,[24; 24; 197; 1; 384; 64; 4; 1],0.0035390420016483404,0.24428886998964697,tvm
6,2,197,1,128,128,8,1,[6; 2; 197; 1; 128; 128; 8; 1],0.003519987214531284,0.24561128172838928,tvm
3,3,1,1,32,16,1,1,[3; 3; 1; 1; 32; 16; 1; 1],0.003302335120679345,0.2617991632692685,tvm
12,4,197,1,128,64,4,1,[12; 4; 197; 1; 128; 64; 4; 1],0.004079413061845116,0.2119296473099825,tvm
16,16,1,1,64,64,4,1,[16; 16; 1; 1; 64; 64; 4; 1],0.005483453751367051,0.15766497004064917,tvm
8,4,197,1,128,128,8,1,[8; 4; 197; 1; 128; 128; 8; 1],0.005061161471530795,0.17082019143069954,tvm
16,4,197,1,96,96,6,1,[16; 4; 197; 1; 96; 96; 6; 1],0.0012912260317534674,0.6695563365110647,tvm
4,1,1,1,48,48,3,1,[4; 1; 1; 1; 48; 48; 3; 1],0.003469629220489878,0.24917606939755524,tvm
12,3,197,1,96,48,3,1,[12; 3; 197; 1; 96; 48; 3; 1],0.004168118030065671,0.20741940731821118,tvm
24,3,197,1,384,64,4,1,[24; 3; 197; 1; 384; 64; 4; 1],0.004626239780918695,0.18687932583919942,tvm
12,3,197,1,192,96,6,1,[12; 3; 197; 1; 192; 96; 6; 1],0.004003041874966584,0.21597290221596502,tvm
6,6,197,1,384,96,6,1,[6; 6; 197; 1; 384; 96; 6; 1],0.00361629015969811,0.23907057599071208,tvm
6,2,197,1,384,96,6,1,[6; 2; 197; 1; 384; 96; 6; 1],0.004559868779324461,0.18959944096388082,tvm
6,3,197,1,128,128,8,1,[6; 3; 197; 1; 128; 128; 8; 1],0.003920617687981576,0.2205133579024536,tvm
12,4,197,1,32,32,2,1,[12; 4; 197; 1; 32; 32; 2; 1],0.0015439576400240185,0.5599561471227423,tvm
8,8,197,1,256,64,4,1,[8; 8; 197; 1; 256; 64; 4; 1],0.001994519250729354,0.4334621343526386,tvm
8,8,1,1,96,16,1,1,[8; 8; 1; 1; 96; 16; 1; 1],0.0028815553123422433,0.3000284491245222,tvm
6,1,1,1,128,64,4,1,[6; 1; 1; 1; 128; 64; 4; 1],0.004123323531530332,0.2096727469521904,tvm
24,4,197,1,192,48,3,1,[24; 4; 197; 1; 192; 48; 3; 1],0.0035530506575014442,0.24332570930371542,tvm
16,2,197,1,512,128,8,1,[16; 2; 197; 1; 512; 128; 8; 1],0.005229377871728502,0.165325320264685,tvm
4,1,1,1,128,64,4,1,[4; 1; 1; 1; 128; 64; 4; 1],0.004898967097688001,0.17647568440224534,tvm
24,6,197,1,256,64,4,1,[24; 6; 197; 1; 256; 64; 4; 1],0.004289950564270839,0.20152879583951996,tvm
6,1,1,1,64,64,4,1,[6; 1; 1; 1; 64; 64; 4; 1],0.0014033248899067985,0.6160715723398807,tvm
8,4,1,1,96,96,6,1,[8; 4; 1; 1; 96; 96; 6; 1],0.0013502934452844784,0.6402671763295342,tvm
6,1,197,1,128,64,4,1,[6; 1; 197; 1; 128; 64; 4; 1],0.0027880210291186813,0.31009399226155154,tvm
16,2,197,1,384,48,3,1,[16; 2; 197; 1; 384; 48; 3; 1],0.004609656629327219,0.1875516206409397,tvm
4,4,1,1,128,64,4,1,[4; 4; 1; 1; 128; 64; 4; 1],0.006454728252720088,0.13394035156541903,tvm
16,16,197,1,384,48,3,1,[16; 16; 197; 1; 384; 48; 3; 1],0.006031207063642796,0.14334586133515895,tvm
24,4,197,1,384,48,3,1,[24; 4; 197; 1; 384; 48; 3; 1],0.005296453440678306,0.16323160037405152,tvm
8,4,1,1,192,96,6,1,[8; 4; 1; 1; 192; 96; 6; 1],0.004036259255371988,0.2141955005189312,tvm
12,1,1,1,96,48,3,1,[12; 1; 1; 1; 96; 48; 3; 1],0.0015597413912473712,0.5542896894831818,tvm
16,16,1,1,48,48,3,1,[16; 16; 1; 1; 48; 48; 3; 1],0.0016929720659391023,0.5106691296462714,tvm
4,2,197,1,384,64,4,1,[4; 2; 197; 1; 384; 64; 4; 1],0.0068604996195062995,0.1260183105280584,tvm
4,2,1,1,48,48,3,1,[4; 2; 1; 1; 48; 48; 3; 1],0.005200246057938784,0.16625147383338462,tvm
4,1,197,1,192,96,6,1,[4; 1; 197; 1; 192; 96; 6; 1],0.006603835194255225,0.13091613373099545,tvm
6,2,1,1,192,64,4,1,[6; 2; 1; 1; 192; 64; 4; 1],0.005445711154607125,0.15875769883556068,tvm
6,3,1,1,128,128,8,1,[6; 3; 1; 1; 128; 128; 8; 1],0.003928924437786918,0.22004713633931675,tvm
16,4,197,1,64,64,4,1,[16; 4; 197; 1; 64; 64; 4; 1],0.005267094064038247,0.16414147173322505,tvm
12,6,1,1,128,64,4,1,[12; 6; 1; 1; 128; 64; 4; 1],0.0016315156572090928,0.5299051637098522,tvm
12,6,197,1,256,128,8,1,[12; 6; 197; 1; 256; 128; 8; 1],0.0034877004436566494,0.2478849847901911,tvm
6,3,197,1,384,192,12,1,[6; 3; 197; 1; 384; 192; 12; 1],0.00269318654682138,0.3210132519223188,tvm
8,2,197,1,96,48,3,1,[8; 2; 197; 1; 96; 48; 3; 1],0.002787078876281157,0.31019881740202204,tvm
16,2,1,1,64,64,4,1,[16; 2; 1; 1; 64; 64; 4; 1],0.003902732438291423,0.22152391564077142,tvm
16,4,1,1,128,128,8,1,[16; 4; 1; 1; 128; 128; 8; 1],0.0024936648769653402,0.3466979783108153,tvm
16,2,197,1,384,96,6,1,[16; 2; 197; 1; 384; 96; 6; 1],0.002611626623547636,0.33103835120740494,tvm
4,4,197,1,32,32,2,1,[4; 4; 197; 1; 32; 32; 2; 1],0.003026762653462356,0.28563474259853255,tvm
16,16,197,1,128,64,4,1,[16; 16; 197; 1; 128; 64; 4; 1],0.0013750594916928094,0.6287353941059249,tvm
4,4,1,1,32,32,2,1,[4; 4; 1; 1; 32; 32; 2; 1],0.0018168668757425621,0.475845854735629,tvm
12,2,197,1,48,48,3,1,[12; 2; 197; 1; 48; 48; 3; 1],0.0028722414062940516,0.30100136065654276,tvm
6,3,1,1,192,192,12,1,[6; 3; 1; 1; 192; 192; 12; 1],0.0028880622630822472,0.2993524698134081,tvm
24,3,197,1,128,64,4,1,[24; 3; 197; 1; 128; 64; 4; 1],0.0030739118737983517,0.28125353195642255,tvm
6,2,197,1,128,128,8,1,[6; 2; 197; 1; 128; 128; 8; 1],0.0033066098112612963,0.26146071679947985,tvm
12,3,197,1,384,128,8,1,[12; 3; 197; 1; 384; 128; 8; 1],0.003940579255868215,0.21939631594545564,tvm
6,1,197,1,384,96,6,1,[6; 1; 197; 1; 384; 96; 6; 1],0.005397324908699375,0.16018093890087984,tvm
6,3,1,1,192,48,3,1,[6; 3; 1; 1; 192; 48; 3; 1],0.001465514305891702,0.5899284421536445,tvm
8,1,197,1,64,64,4,1,[8; 1; 197; 1; 64; 64; 4; 1],0.0013342395159270382,0.6479710435107878,tvm
12,4,197,1,128,64,4,1,[12; 4; 197; 1; 128; 64; 4; 1],0.00454357972193975,0.19027916848336435,tvm
6,2,197,1,64,32,2,1,[6; 2; 197; 1; 64; 32; 2; 1],0.0032760481553850695,0.26389983615089796,tvm
12,12,197,1,128,64,4,1,[12; 12; 197; 1; 128; 64; 4; 1],0.0027330962948326487,0.31632569004726885,tvm
6,3,1,1,64,32,2,1,[6; 3; 1; 1; 64; 32; 2; 1],0.0028276241246203426,0.30575088248147264,tvm
12,6,197,1,384,96,6,1,[12; 6; 197; 1; 384; 96; 6; 1],0.0038192054416867904,0.22636870014689098,tvm
8,4,1,1,96,48,3,1,[8; 4; 1; 1; 96; 48; 3; 1],0.005729226904804818,0.15090143675467232,tvm
12,2,197,1,384,64,4,1,[12; 2; 197; 1; 384; 64; 4; 1],0.0019665396393975243,0.43962936424380306,tvm
12,12,197,1,96,96,6,1,[12; 12; 197; 1; 96; 96; 6; 1],0.0020253548100299668,0.42686277344944795,tvm
12,1,1,1,96,96,6,1,[12; 1; 1; 1; 96; 96; 6; 1],0.0037651178136002272,0.2296205893758966,tvm
16,16,1,1,96,96,6,1,[16; 16; 1; 1; 96; 96; 6; 1],0.0035243524980614893,0.24530706616438105,tvm
16,8,1,1,96,96,6,1,[16; 8; 1; 1; 96; 96; 6; 1],0.0038301074382616207,0.2257243655339773,tvm
6,6,197,1,192,64,4,1,[6; 6; 197; 1; 192; 64; 4; 1],0.004121683370613027,0.2097561830180044,tvm
8,2,197,1,96,96,6,1,[8; 2; 197; 1; 96; 96; 6; 1],0.0025296145940956194,0.34177086637882176,tvm
12,4,197,1,96,48,3,1,[12; 4; 197; 1; 96; 48; 3; 1],0.004214521097310353,0.20513566107909956,tvm
12,6,197,1,128,64,4,1,[12; 6; 197; 1; 128; 64; 4; 1],0.004069794871611521,0.21243050293742083,tvm
6,3,197,1,32,32,2,1,[6; 3; 197; 1; 32; 32; 2; 1],0.00441184091323521,0.19596095789288026,tvm
8,2,197,1,192,96,6,1,[8; 2; 197; 1; 192; 96; 6; 1],0.002546122184867272,0.33955502079474625,tvm
16,8,197,1,384,96,6,1,[16; 8; 197; 1; 384; 96; 6; 1],0.005351328189135529,0.16155775554633536,tvm
12,3,197,1,96,96,6,1,[12; 3; 197; 1; 96; 96; 6; 1],0.002507890862034401,0.34473133760184826,tvm
16,4,197,1,128,128,8,1,[16; 4; 197; 1; 128; 128; 8; 1],0.0037815238174516708,0.22862438878176405,tvm
16,2,197,1,96,96,6,1,[16; 2; 197; 1; 96; 96; 6; 1],0.0051043256898992695,0.16937566761058945,tvm
24,12,197,1,64,64,4,1,[24; 12; 197; 1; 64; 64; 4; 1],0.004886399314273149,0.17692957857603434,tvm
6,2,197,1,96,48,3,1,[6; 2; 197; 1; 96; 48; 3; 1],0.001457454218325438,0.5931908944775681,tvm
24,12,197,1,48,48,3,1,[24; 12; 197; 1; 48; 48; 3; 1],0.0017443062642996665,0.49564035234127013,tvm
24,8,197,1,384,48,3,1,[24; 8; 197; 1; 384; 48; 3; 1],0.0051234320271760225,0.16874403072838282,tvm
24,4,197,1,192,48,3,1,[24; 4; 197; 1; 192; 48; 3; 1],0.0034447989382897504,0.2509721429076486,tvm
12,3,197,1,384,48,3,1,[12; 3; 197; 1; 384; 48; 3; 1],0.0029090056887071114,0.297197277676282,tvm
6,6,197,1,192,48,3,1,[6; 6; 197; 1; 192; 48; 3; 1],0.00663491286104545,0.1303029277904256,tvm
4,4,1,1,32,16,1,1,[4; 4; 1; 1; 32; 16; 1; 1],0.0044321384048089385,0.19506353197150225,tvm
16,8,1,1,48,48,3,1,[16; 8; 1; 1; 48; 48; 3; 1],0.0030359498123289086,0.28477037661085947,tvm
6,6,197,1,64,32,2,1,[6; 6; 197; 1; 64; 32; 2; 1],0.001632652467378648,0.5295361926085055,tvm
12,12,197,1,384,32,2,1,[12; 12; 197; 1; 384; 32; 2; 1],0.0016247320927504916,0.5321176182129734,tvm
16,4,197,1,384,32,2,1,[16; 4; 197; 1; 384; 32; 2; 1],0.006779214760172181,0.12752930863140458,tvm
6,2,1,1,96,16,1,1,[6; 2; 1; 1; 96; 16; 1; 1],0.002860050735762343,0.30228434783277613,tvm
6,3,1,1,32,16,1,1,[6; 3; 1; 1; 32; 16; 1; 1],0.006069128969102167,0.14245018944727877,tvm
6,6,1,1,192,48,3,1,[6; 6; 1; 1; 192; 48; 3; 1],0.005686560652975459,0.15203364989630447,tvm
8,4,197,1,128,64,4,1,[8; 4; 197; 1; 128; 64; 4; 1],0.005031796878029127,0.1718170650336746,tvm
24,6,1,1,128,64,4,1,[24; 6; 1; 1; 128; 64; 4; 1],0.012938086118083447,0.06682198306132772,tvm
4,1,197,1,48,48,3,1,[4; 1; 197; 1; 48; 48; 3; 1],0.001736549547786126,0.49785424926732325,tvm
24,4,197,1,384,64,4,1,[24; 4; 197; 1; 384; 64; 4; 1],0.003060018501855666,0.28253050460456014,tvm
6,1,1,1,128,64,4,1,[6; 1; 1; 1; 128; 64; 4; 1],0.0032147993697435595,0.2689276909673948,tvm
12,6,197,1,256,128,8,1,[12; 6; 197; 1; 256; 128; 8; 1],0.003914341403287835,0.22086693069296337,tvm
8,4,1,1,192,96,6,1,[8; 4; 1; 1; 192; 96; 6; 1],0.002676551906915847,0.3230083336679162,tvm
8,2,197,1,32,32,2,1,[8; 2; 197; 1; 32; 32; 2; 1],0.0029895549378124997,0.2891897253646638,tvm
8,8,197,1,256,64,4,1,[8; 8; 197; 1; 256; 64; 4; 1],0.0035021725052502006,0.24686064725038628,tvm
8,4,197,1,96,48,3,1,[8; 4; 197; 1; 96; 48; 3; 1],0.004264029223122634,0.20275390392269524,tvm
8,2,197,1,512,128,8,1,[8; 2; 197; 1; 512; 128; 8; 1],0.0017679621414572466,0.4890085320016894,tvm
24,3,197,1,192,48,3,1,[24; 3; 197; 1; 192; 48; 3; 1],0.0035021766234422103,0.24686035696818343,tvm
8,1,1,1,192,192,12,1,[8; 1; 1; 1; 192; 192; 12; 1],0.004112345501198433,0.21023247467330305,tvm
16,2,197,1,128,64,4,1,[16; 2; 197; 1; 128; 64; 4; 1],0.003863370067847427,0.22378093639636137,tvm
4,4,1,1,192,48,3,1,[4; 4; 1; 1; 192; 48; 3; 1],0.0032796093728393316,0.26361327619944136,tvm
4,1,1,1,192,48,3,1,[4; 1; 1; 1; 192; 48; 3; 1],0.0048996915356838144,0.1764495918022955,tvm
24,6,1,1,64,64,4,1,[24; 6; 1; 1; 64; 64; 4; 1],0.007620281554409303,0.11345362572965824,tvm
8,1,1,1,48,48,3,1,[8; 1; 1; 1; 48; 48; 3; 1],0.005674272222677246,0.15236290003384054,tvm
8,2,1,1,128,64,4,1,[8; 2; 1; 1; 128; 64; 4; 1],0.0013915796553192195,0.6212713502413554,tvm
8,2,197,1,384,48,3,1,[8; 2; 197; 1; 384; 48; 3; 1],0.0031890822792774998,0.27109635177692515,tvm
12,2,197,1,384,128,8,1,[12; 2; 197; 1; 384; 128; 8; 1],0.003965809220972005,0.21800054497242652,tvm
8,1,197,1,48,48,3,1,[8; 1; 197; 1; 48; 48; 3; 1],0.004233403655234724,0.20422067958474321,tvm
12,3,197,1,192,48,3,1,[12; 3; 197; 1; 192; 48; 3; 1],0.004143452249991242,0.2086541654801015,tvm
16,1,197,1,96,48,3,1,[16; 1; 197; 1; 96; 48; 3; 1],0.0030028283144929446,0.2879114224599146,tvm
24,3,197,1,384,64,4,1,[24; 3; 197; 1; 384; 64; 4; 1],0.004491119347221684,0.19250180291098304,tvm
12,2,197,1,512,128,8,1,[12; 2; 197; 1; 512; 128; 8; 1],0.003538355405908078,0.2443362727172668,tvm
6,2,1,1,128,64,4,1,[6; 2; 1; 1; 128; 64; 4; 1],0.002230213984148577,0.38765274434355584,tvm
12,1,197,1,64,64,4,1,[12; 1; 197; 1; 64; 64; 4; 1],0.0013542776159738423,0.6383835642198712,tvm
6,2,197,1,128,128,8,1,[6; 2; 197; 1; 128; 128; 8; 1],0.004225874843541533,0.20458451881268414,tvm
8,1,197,1,512,64,4,1,[8; 1; 197; 1; 512; 64; 4; 1],0.0040247363795060664,0.21480874519654194,tvm
6,3,1,1,192,96,6,1,[6; 3; 1; 1; 192; 96; 6; 1],0.004224124466418289,0.20466929379134458,tvm
16,8,197,1,64,64,4,1,[16; 8; 197; 1; 64; 64; 4; 1],0.0068947789404774085,0.12539177526824496,tvm
12,12,197,1,384,64,4,1,[12; 12; 197; 1; 384; 64; 4; 1],0.0027838666865136474,0.31055674311447784,tvm
12,3,197,1,64,64,4,1,[12; 3; 197; 1; 64; 64; 4; 1],0.006788632003008388,0.1273523989878146,tvm
12,2,197,1,96,48,3,1,[12; 2; 197; 1; 96; 48; 3; 1],0.004654313750506844,0.18575210391315453,tvm
24,24,1,1,64,64,4,1,[24; 24; 1; 1; 64; 64; 4; 1],0.0030723000018042512,0.28140109068803604,tvm
6,2,1,1,192,96,6,1,[6; 2; 1; 1; 192; 96; 6; 1],0.004229272191878408,0.20442017732715068,tvm
24,4,197,1,96,48,3,1,[24; 4; 197; 1; 96; 48; 3; 1],0.0034624489708221518,0.2496927979918462,tvm
8,2,1,1,128,128,8,1,[8; 2; 1; 1; 128; 128; 8; 1],0.00632090175349731,0.1367761444718268,tvm
12,6,1,1,48,48,3,1,[12; 6; 1; 1; 48; 48; 3; 1],0.005946677534666378,0.14538346267956406,tvm
12,4,197,1,384,64,4,1,[12; 4; 197; 1; 384; 64; 4; 1],0.0041595264337956905,0.2078478368124338,tvm
24,6,197,1,64,64,4,1,[24; 6; 197; 1; 64; 64; 4; 1],0.00458913181500975,0.18839044208773387,tvm
8,4,197,1,192,64,4,1,[8; 4; 197; 1; 192; 64; 4; 1],0.0012845756027672905,0.6730227240546387,tvm
24,6,197,1,96,48,3,1,[24; 6; 197; 1; 96; 48; 3; 1],0.001742373628076166,0.49619011531020407,tvm
6,1,1,1,192,96,6,1,[6; 1; 1; 1; 192; 96; 6; 1],0.004367753092083149,0.19793897530417295,tvm
6,3,1,1,32,32,2,1,[6; 3; 1; 1; 32; 32; 2; 1],0.004403584716783371,0.19632836133105824,tvm
8,8,197,1,384,96,6,1,[8; 8; 197; 1; 384; 96; 6; 1],0.002575011047156295,0.3357455776290097,tvm
8,2,197,1,384,64,4,1,[8; 2; 197; 1; 384; 64; 4; 1],0.004043544438900426,0.21380958821950546,tvm
16,2,197,1,96,96,6,1,[16; 2; 197; 1; 96; 96; 6; 1],0.005146232535480522,0.16799640619967543,tvm
4,2,1,1,32,32,2,1,[4; 2; 1; 1; 32; 32; 2; 1],0.008287089818622917,0.10432474974335866,tvm
16,4,197,1,192,32,2,1,[16; 4; 197; 1; 192; 32; 2; 1],0.001652080889471108,0.5233088627430011,tvm
8,4,1,1,32,16,1,1,[8; 4; 1; 1; 32; 16; 1; 1],0.0015352556492871372,0.563130037547822,tvm
4,2,1,1,48,16,1,1,[4; 2; 1; 1; 48; 16; 1; 1],0.005009816464735195,0.17257090704105643,tvm
8,2,197,1,384,192,12,1,[8; 2; 197; 1; 384; 192; 12; 1],0.004160440716077574,0.20780216097963297,tvm
12,12,197,1,512,128,8,1,[12; 12; 197; 1; 512; 128; 8; 1],0.0035435533718555234,0.24397786083742962,tvm
6,3,1,1,96,96,6,1,[6; 3; 1; 1; 96; 96; 6; 1],0.0026341193297412246,0.3282116195979263,tvm
12,3,197,1,192,32,2,1,[12; 3; 197; 1; 192; 32; 2; 1],0.007738387634162791,0.11172205532995454,tvm
16,16,197,1,512,32,2,1,[16; 16; 197; 1; 512; 32; 2; 1],0.008400957929552533,0.10291071312085723,tvm
12,4,1,1,32,32,2,1,[12; 4; 1; 1; 32; 32; 2; 1],0.004648338377592154,0.18599088560252552,tvm
8,2,1,1,192,192,12,1,[8; 2; 1; 1; 192; 192; 12; 1],0.003978368746174965,0.21731232738538844,tvm
8,8,1,1,64,32,2,1,[8; 8; 1; 1; 64; 32; 2; 1],0.004379647150926758,0.1974014210815198,tvm
24,12,197,1,192,64,4,1,[24; 12; 197; 1; 192; 64; 4; 1],0.004533559411356691,0.19069973347274405,tvm
6,2,197,1,384,192,12,1,[6; 2; 197; 1; 384; 192; 12; 1],0.0034497335655032657,0.2506131430189005,tvm
12,1,1,1,128,128,8,1,[12; 1; 1; 1; 128; 128; 8; 1],0.002633366359077627,0.32830546666943505,tvm
6,1,1,1,192,192,12,1,[6; 1; 1; 1; 192; 192; 12; 1],0.00482252128131222,0.17927314800637345,tvm
8,4,1,1,128,128,8,1,[8; 4; 1; 1; 128; 128; 8; 1],0.0037739084364147857,0.2290857306145702,tvm
6,1,197,1,192,48,3,1,[6; 1; 197; 1; 192; 48; 3; 1],0.003255741437897086,0.2655458327756492,tvm
12,6,1,1,96,48,3,1,[12; 6; 1; 1; 96; 48; 3; 1],0.0030884812949807383,0.2799267629801084,tvm
16,1,1,1,48,48,3,1,[16; 1; 1; 1; 48; 48; 3; 1],0.0030577748439100105,0.28273781280869703,tvm
16,16,197,1,384,192,12,1,[16; 16; 197; 1; 384; 192; 12; 1],0.0037263836566125974,0.23200739674091256,tvm
8,4,1,1,128,64,4,1,[8; 4; 1; 1; 128; 64; 4; 1],0.0027394414828449953,0.31559300567015974,tvm
4,1,197,1,96,48,3,1,[4; 1; 197; 1; 96; 48; 3; 1],0.003546881845977623,0.24374890649628528,tvm
8,1,197,1,64,64,4,1,[8; 1; 197; 1; 64; 64; 4; 1],0.005246903034276329,0.1647731177383599,tvm
6,6,197,1,384,64,4,1,[6; 6; 197; 1; 384; 64; 4; 1],0.005708302815037314,0.1514545740550241,tvm
12,12,197,1,384,128,8,1,[12; 12; 197; 1; 384; 128; 8; 1],0.0019717634677363094,0.4384646462798703,tvm
24,24,197,1,384,64,4,1,[24; 24; 197; 1; 384; 64; 4; 1],0.0020018204995722044,0.43188116597533505,tvm
16,16,1,1,96,96,6,1,[16; 16; 1; 1; 96; 96; 6; 1],0.0023560751869808882,0.3669443896382685,tvm
8,1,197,1,256,128,8,1,[8; 1; 197; 1; 256; 128; 8; 1],0.003397960063011851,0.25443164586880435,tvm
16,16,197,1,64,64,4,1,[16; 16; 197; 1; 64; 64; 4; 1],0.00415099915699102,0.2082748125767547,tvm
24,6,197,1,384,64,4,1,[24; 6; 197; 1; 384; 64; 4; 1],0.004634497032384388,0.18654636423054788,tvm
12,3,197,1,96,96,6,1,[12; 3; 197; 1; 96; 96; 6; 1],0.00249715809331974,0.3462129905757125,tvm
6,1,197,1,384,64,4,1,[6; 1; 197; 1; 384; 64; 4; 1],0.004295976214052644,0.2012461262240073,tvm
24,3,197,1,48,48,3,1,[24; 3; 197; 1; 48; 48; 3; 1],0.0017401768127456307,0.49681651030879825,tvm
8,4,197,1,64,64,4,1,[8; 4; 197; 1; 64; 64; 4; 1],0.001332523188466439,0.6488056484957342,tvm
12,2,197,1,64,64,4,1,[12; 2; 197; 1; 64; 64; 4; 1],0.004280332432244904,0.20198164163972235,tvm
16,8,197,1,128,128,8,1,[16; 8; 197; 1; 128; 128; 8; 1],0.0025020430475706235,0.3455370491199226,tvm
6,3,1,1,192,192,12,1,[6; 3; 1; 1; 192; 192; 12; 1],0.002909059046942275,0.29719182645580955,tvm
8,4,1,1,48,48,3,1,[8; 4; 1; 1; 48; 48; 3; 1],0.0028388975151756313,0.3045367318851893,tvm
6,3,197,1,192,96,6,1,[6; 3; 197; 1; 192; 96; 6; 1],0.003947311248339247,0.21902214369143377,tvm
8,2,197,1,64,64,4,1,[8; 2; 197; 1; 64; 64; 4; 1],0.006618697807425633,0.13062215507990396,tvm
8,2,1,1,32,32,2,1,[8; 2; 1; 1; 32; 32; 2; 1],0.0015023110863694455,0.5754790597451287,tvm
24,8,197,1,384,64,4,1,[24; 8; 197; 1; 384; 64; 4; 1],0.0015431434294441715,0.5602515974422255,tvm
12,12,197,1,96,96,6,1,[12; 12; 197; 1; 96; 96; 6; 1],0.0037465829664142802,0.230756553152218,tvm
6,2,197,1,384,48,3,1,[6; 2; 197; 1; 384; 48; 3; 1],0.004567793621390592,0.18927049755049424,tvm
8,8,1,1,96,96,6,1,[8; 8; 1; 1; 96; 96; 6; 1],0.0037682042820961215,0.22943251127235942,tvm
16,16,197,1,48,48,3,1,[16; 16; 197; 1; 48; 48; 3; 1],0.003060993185499683,0.28244054103878724,tvm
8,8,197,1,384,96,6,1,[8; 8; 197; 1; 384; 96; 6; 1],0.005169045281945728,0.1672549811951229,tvm
6,6,197,1,64,64,4,1,[6; 6; 197; 1; 64; 64; 4; 1],0.00559028177667642,0.1546520561871516,tvm
12,2,197,1,128,64,4,1,[12; 2; 197; 1; 128; 64; 4; 1],0.0013656483606609982,0.6330682160450986,tvm
8,1,197,1,192,96,6,1,[8; 1; 197; 1; 192; 96; 6; 1],0.0018775150783767458,0.4604749018452833,tvm
24,4,197,1,64,64,4,1,[24; 4; 197; 1; 64; 64; 4; 1],0.004145641440118197,0.20854398141193853,tvm
16,16,1,1,64,64,4,1,[16; 16; 1; 1; 64; 64; 4; 1],0.004372538656753022,0.1977223391938109,tvm
12,3,197,1,32,32,2,1,[12; 3; 197; 1; 32; 32; 2; 1],0.0036645634681917727,0.23592129838459877,tvm
6,1,197,1,512,128,8,1,[6; 1; 197; 1; 512; 128; 8; 1],0.0037057687222841196,0.2332980377943529,tvm
8,2,1,1,96,96,6,1,[8; 2; 1; 1; 96; 96; 6; 1],0.0037701285327784717,0.2293154103134582,tvm
12,1,1,1,96,96,6,1,[12; 1; 1; 1; 96; 96; 6; 1],0.0038733726541977376,0.22320304515281367,tvm
6,1,1,1,128,64,4,1,[6; 1; 1; 1; 128; 64; 4; 1],0.0013819930245517753,0.6255809950335837,tvm
8,1,197,1,384,96,6,1,[8; 1; 197; 1; 384; 96; 6; 1],0.00129147240659222,0.6694286049129279,tvm
12,1,197,1,384,64,4,1,[12; 1; 197; 1; 384; 64; 4; 1],0.004138195494306274,0.2089192191664459,tvm
4,2,197,1,32,32,2,1,[4; 2; 197; 1; 32; 32; 2; 1],0.004497954061662313,0.1922092932867926,tvm
3,3,1,1,32,32,2,1,[3; 3; 1; 1; 32; 32; 2; 1],0.0049127374950330704,0.17598102326913595,tvm
12,3,197,1,128,64,4,1,[12; 3; 197; 1; 128; 64; 4; 1],0.005441343906568363,0.15888511850628595,tvm
16,16,197,1,192,96,6,1,[16; 16; 197; 1; 192; 96; 6; 1],0.005220745500992052,0.1655986815033004,tvm
6,2,1,1,64,64,4,1,[6; 2; 1; 1; 64; 64; 4; 1],0.0035912007879232988,0.24074080578728044,tvm
8,2,197,1,192,32,2,1,[8; 2; 197; 1; 192; 32; 2; 1],0.0015625116393493954,0.5533069640291163,tvm
6,2,1,1,64,16,1,1,[6; 2; 1; 1; 64; 16; 1; 1],0.0015185545162239578,0.569323367842177,tvm
4,4,197,1,64,32,2,1,[4; 4; 197; 1; 64; 32; 2; 1],0.005048802122473717,0.17123835524870526,tvm
16,8,197,1,512,64,4,1,[16; 8; 197; 1; 512; 64; 4; 1],0.0039356144989142194,0.21967308324204216,tvm
6,1,1,1,192,48,3,1,[6; 1; 1; 1; 192; 48; 3; 1],0.003527577908243984,0.24508277178176927,tvm
16,2,197,1,512,128,8,1,[16; 2; 197; 1; 512; 128; 8; 1],0.005025056620070245,0.1720475283752098,tvm
16,16,197,1,192,192,12,1,[16; 16; 197; 1; 192; 192; 12; 1],0.0032108904706547037,0.26925508027444145,tvm
6,6,1,1,128,128,8,1,[6; 6; 1; 1; 128; 128; 8; 1],0.003925948098185472,0.22021395846474784,tvm
16,1,1,1,96,48,3,1,[16; 1; 1; 1; 96; 48; 3; 1],0.0020115159240958747,0.4297995164105718,tvm
8,8,1,1,128,128,8,1,[8; 8; 1; 1; 128; 128; 8; 1],0.0012741916325467173,0.6785074939635294,tvm
16,4,1,1,64,64,4,1,[16; 4; 1; 1; 64; 64; 4; 1],0.005255656469671521,0.1644986837358123,tvm
6,2,197,1,512,64,4,1,[6; 2; 197; 1; 512; 64; 4; 1],0.006612829936784692,0.13073806217507758,tvm
8,1,1,1,192,192,12,1,[8; 1; 1; 1; 192; 192; 12; 1],0.004165675120020751,0.2075410459335736,tvm
16,2,197,1,256,128,8,1,[16; 2; 197; 1; 256; 128; 8; 1],0.0033884990043588914,0.2551420467636068,tvm
8,4,197,1,384,48,3,1,[8; 4; 197; 1; 384; 48; 3; 1],0.002937063607532764,0.29435813688584783,tvm
6,2,197,1,384,48,3,1,[6; 2; 197; 1; 384; 48; 3; 1],0.004566905779938679,0.18930729318444137,tvm
12,3,1,1,96,96,6,1,[12; 3; 1; 1; 96; 96; 6; 1],0.0026197160295851063,0.3300161397895836,tvm
6,2,1,1,192,64,4,1,[6; 2; 1; 1; 192; 64; 4; 1],0.002809941015584627,0.307674989130936,tvm
16,1,197,1,384,64,4,1,[16; 1; 197; 1; 384; 64; 4; 1],0.003887339225912001,0.22240111325137604,tvm
6,1,197,1,192,48,3,1,[6; 1; 197; 1; 192; 48; 3; 1],0.0029299950292625,0.2950682724011939,tvm
12,4,197,1,384,48,3,1,[12; 4; 197; 1; 384; 48; 3; 1],0.003833042341284454,0.22555153177328607,tvm
6,1,197,1,384,128,8,1,[6; 1; 197; 1; 384; 128; 8; 1],0.0042948504706146196,0.20129887579179193,tvm
6,6,1,1,192,96,6,1,[6; 6; 1; 1; 192; 96; 6; 1],0.004123059276025742,0.2096861853176941,tvm
8,4,1,1,192,64,4,1,[8; 4; 1; 1; 192; 64; 4; 1],0.006127607157395687,0.14109073072432662,tvm
4,1,1,1,192,48,3,1,[4; 1; 1; 1; 192; 48; 3; 1],0.0016504242339578923,0.5238341473908755,tvm
8,2,197,1,256,128,8,1,[8; 2; 197; 1; 256; 128; 8; 1],0.0017086160805774853,0.5059934652706579,tvm
16,4,197,1,32,32,2,1,[16; 4; 197; 1; 32; 32; 2; 1],0.0033041943388525397,0.261651852998697,tvm
8,8,1,1,96,96,6,1,[8; 8; 1; 1; 96; 96; 6; 1],0.0037813754388480447,0.22863335984748098,tvm
16,16,197,1,256,64,4,1,[16; 16; 197; 1; 256; 64; 4; 1],0.00551607743545901,0.15673249361421077,tvm
8,1,197,1,48,48,3,1,[8; 1; 197; 1; 48; 48; 3; 1],0.004204017408483196,0.20564819015354632,tvm
12,2,1,1,128,64,4,1,[12; 2; 1; 1; 128; 64; 4; 1],0.006634222692809999,0.13031648340137075,tvm
12,6,197,1,192,48,3,1,[12; 6; 197; 1; 192; 48; 3; 1],0.006225100783922244,0.1388810561367082,tvm
12,2,197,1,384,128,8,1,[12; 2; 197; 1; 384; 128; 8; 1],0.00134103567324928,0.6446872284417327,tvm
12,12,197,1,48,48,3,1,[12; 12; 197; 1; 48; 48; 3; 1],0.001437171171346563,0.6015627008566623,tvm
8,1,1,1,128,128,8,1,[8; 1; 1; 1; 128; 128; 8; 1],0.0037494832213269547,0.23057806113414336,tvm
6,6,197,1,384,96,6,1,[6; 6; 197; 1; 384; 96; 6; 1],0.006758834497304633,0.12791385434476107,tvm
8,8,197,1,64,64,4,1,[8; 8; 197; 1; 64; 64; 4; 1],0.0026375246707175393,0.32778786148505323,tvm
24,12,197,1,48,48,3,1,[24; 12; 197; 1; 48; 48; 3; 1],0.003474418190307915,0.24883261716746655,tvm
8,8,197,1,128,64,4,1,[8; 8; 197; 1; 128; 64; 4; 1],0.0039210989634739235,0.22048629210383888,tvm
6,1,197,1,512,128,8,1,[6; 1; 197; 1; 512; 128; 8; 1],0.003715407096024137,0.2326928245235162,tvm
12,2,197,1,512,128,8,1,[12; 2; 197; 1; 512; 128; 8; 1],0.007131612132070586,0.12122764887068516,tvm
24,3,197,1,64,64,4,1,[24; 3; 197; 1; 64; 64; 4; 1],0.006433688118704595,0.13437837760818375,tvm
12,4,1,1,128,128,8,1,[12; 4; 1; 1; 128; 128; 8; 1],0.0038784613425377756,0.2229101942944403,tvm
16,4,197,1,128,64,4,1,[16; 4; 197; 1; 128; 64; 4; 1],0.00442139324877644,0.19553758799170903,tvm
8,8,197,1,32,32,2,1,[8; 8; 197; 1; 32; 32; 2; 1],0.0033444812797824852,0.25850004802083953,tvm
3,3,1,1,32,16,1,1,[3; 3; 1; 1; 32; 16; 1; 1],0.005912333748710807,0.14622797158856052,tvm
6,1,197,1,192,96,6,1,[6; 1; 197; 1; 192; 96; 6; 1],0.005698680033674464,0.15171031998985865,tvm
16,2,197,1,192,64,4,1,[16; 2; 197; 1; 192; 64; 4; 1],0.005419399189122487,0.15952849038392386,tvm
12,4,197,1,384,128,8,1,[12; 4; 197; 1; 384; 128; 8; 1],0.0040301427798112854,0.21452058119614673,tvm
6,2,1,1,32,32,2,1,[6; 2; 1; 1; 32; 32; 2; 1],0.003379796806257218,0.2557989787516165,tvm
12,2,197,1,96,48,3,1,[12; 2; 197; 1; 96; 48; 3; 1],0.0040884701811592095,0.21146016312229646,tvm
4,2,1,1,32,16,1,1,[4; 2; 1; 1; 32; 16; 1; 1],0.0031343944356194697,0.27582634833822545,tvm
8,4,197,1,384,64,4,1,[8; 4; 197; 1; 384; 64; 4; 1],0.0013943962039775215,0.620016440780922,tvm
12,12,197,1,384,96,6,1,[12; 12; 197; 1; 384; 96; 6; 1],0.0052612421932280995,0.16432403977550347,tvm
6,3,1,1,192,48,3,1,[6; 3; 1; 1; 192; 48; 3; 1],0.005846824751642998,0.14786633910750058,tvm
12,12,1,1,64,64,4,1,[12; 12; 1; 1; 64; 64; 4; 1],0.004039579092932399,0.21401946874642844,tvm
24,3,197,1,48,48,3,1,[24; 3; 197; 1; 48; 48; 3; 1],0.007324251695536077,0.11803916732619786,tvm
8,4,197,1,32,32,2,1,[8; 4; 197; 1; 32; 32; 2; 1],0.0044932079399586655,0.19241232165999525,tvm
8,2,197,1,384,64,4,1,[8; 2; 197; 1; 384; 64; 4; 1],0.003486525747575797,0.247968503324462,tvm
16,4,197,1,192,48,3,1,[16; 4; 197; 1; 192; 48; 3; 1],0.005890521715627983,0.14676943964655303,tvm
16,2,1,1,96,96,6,1,[16; 2; 1; 1; 96; 96; 6; 1],0.005093617248348892,0.16973175039974134,tvm
8,1,1,1,64,64,4,1,[8; 1; 1; 1; 64; 64; 4; 1],0.005555854622798506,0.15561036602377742,tvm
12,4,197,1,48,48,3,1,[12; 4; 197; 1; 48; 48; 3; 1],0.005712909412977751,0.15133244883327163,tvm
8,2,1,1,32,32,2,1,[8; 2; 1; 1; 32; 32; 2; 1],0.002994855422002729,0.2886778991322485,tvm
4,4,1,1,64,32,2,1,[4; 4; 1; 1; 64; 32; 2; 1],0.0017388496562489308,0.4971956996521406,tvm
6,6,197,1,256,128,8,1,[6; 6; 197; 1; 256; 128; 8; 1],0.0018612861858855467,0.4644898661928466,tvm
3,3,1,1,192,32,2,1,[3; 3; 1; 1; 192; 32; 2; 1],0.006317634630249813,0.13684687735643636,tvm
4,2,1,1,128,64,4,1,[4; 2; 1; 1; 128; 64; 4; 1],0.00324003525020089,0.26683307577439697,tvm
6,6,1,1,96,96,6,1,[6; 6; 1; 1; 96; 96; 6; 1],0.005257203658402432,0.16445027197049694,tvm
24,8,197,1,48,48,3,1,[24; 8; 197; 1; 48; 48; 3; 1],0.0034608215355547145,0.24981021487142302,tvm
6,1,197,1,256,64,4,1,[6; 1; 197; 1; 256; 64; 4; 1],0.008171753492206335,0.10579719178425037,tvm
4,2,1,1,192,64,4,1,[4; 2; 1; 1; 192; 64; 4; 1],0.008140755686326884,0.10620003900628744,tvm
16,4,197,1,256,32,2,1,[16; 4; 197; 1; 256; 32; 2; 1],0.0044459722194005735,0.19445658424404952,tvm
16,2,1,1,128,64,4,1,[16; 2; 1; 1; 128; 64; 4; 1],0.006365585315506905,0.135816037108557,tvm
24,4,197,1,32,32,2,1,[24; 4; 197; 1; 32; 32; 2; 1],0.003758770748390816,0.2300083270039007,tvm
8,8,197,1,256,32,2,1,[8; 8; 197; 1; 256; 32; 2; 1],0.008654151810333133,0.09989986198257961,tvm
8,8,1,1,64,32,2,1,[8; 8; 1; 1; 64; 32; 2; 1],0.004304877002141438,0.20083002859280444,tvm
8,1,197,1,384,192,12,1,[8; 1; 197; 1; 384; 192; 12; 1],0.004157766088610515,0.20793583693821868,tvm
8,4,1,1,192,48,3,1,[8; 4; 1; 1; 192; 48; 3; 1],0.004932880503474735,0.1752624193550971,tvm
12,3,197,1,384,48,3,1,[12; 3; 197; 1; 384; 48; 3; 1],0.0029271342973515857,0.295356647015068,tvm
6,3,197,1,384,48,3,1,[6; 3; 197; 1; 384; 48; 3; 1],0.004516925095231272,0.19140201646055974,tvm
16,16,197,1,96,48,3,1,[16; 16; 197; 1; 96; 48; 3; 1],0.007982891635037959,0.10830017629626265,tvm
4,1,197,1,192,48,3,1,[4; 1; 197; 1; 192; 48; 3; 1],0.003542563470546156,0.24404603576383746,tvm
12,6,197,1,256,64,4,1,[12; 6; 197; 1; 256; 64; 4; 1],0.007242894440423697,0.11936506579515975,tvm
12,4,197,1,384,48,3,1,[12; 4; 197; 1; 384; 48; 3; 1],0.004381189348350745,0.1973319349354353,tvm
8,2,1,1,48,16,1,1,[8; 2; 1; 1; 48; 16; 1; 1],0.006138603028375655,0.1408379996934483,tvm
6,6,1,1,64,32,2,1,[6; 6; 1; 1; 64; 32; 2; 1],0.005691313279385213,0.15190669165236353,tvm
6,3,1,1,64,16,1,1,[6; 3; 1; 1; 64; 16; 1; 1],0.005835309028043412,0.14815814677058428,tvm
8,2,197,1,256,32,2,1,[8; 2; 197; 1; 256; 32; 2; 1],0.002178854545491049,0.39679040219443734,tvm
6,1,197,1,96,48,3,1,[6; 1; 197; 1; 96; 48; 3; 1],0.0032386889652116224,0.2669439951520877,tvm
3,3,197,1,32,32,2,1,[3; 3; 197; 1; 32; 32; 2; 1],0.0032955349088297226,0.26233937595750767,tvm
8,4,197,1,256,64,4,1,[8; 4; 197; 1; 256; 64; 4; 1],0.004267240969056729,0.20260130086341932,tvm
8,8,197,1,384,32,2,1,[8; 8; 197; 1; 384; 32; 2; 1],0.004782634161529131,0.18076828421937105,tvm
6,3,197,1,256,64,4,1,[6; 3; 197; 1; 256; 64; 4; 1],0.0037476514698937535,0.23069076150058357,tvm
4,4,197,1,32,32,2,1,[4; 4; 197; 1; 32; 32; 2; 1],0.003002692126756301,0.28792448074338933,tvm
24,24,197,1,128,64,4,1,[24; 24; 197; 1; 128; 64; 4; 1],0.004566814815916587,0.18931106389849342,tvm
16,2,1,1,48,48,3,1,[16; 2; 1; 1; 48; 48; 3; 1],0.0015495019215450156,0.5579525648903526,tvm
3,3,1,1,32,16,1,1,[3; 3; 1; 1; 32; 16; 1; 1],0.003311272092105355,0.2610925793412763,tvm
12,4,197,1,192,32,2,1,[12; 4; 197; 1; 192; 32; 2; 1],0.003082629595155595,0.2804581428749092,tvm
6,3,197,1,192,32,2,1,[6; 3; 197; 1; 192; 32; 2; 1],0.0036464210934354924,0.23709509935234413,tvm
8,2,197,1,64,32,2,1,[8; 2; 197; 1; 64; 32; 2; 1],0.006309947493718937,0.137013591997265,tvm
8,4,197,1,64,32,2,1,[8; 4; 197; 1; 64; 32; 2; 1],0.006291872559813783,0.13740719685748992,tvm
16,16,197,1,256,128,8,1,[16; 16; 197; 1; 256; 128; 8; 1],0.005016601498937234,0.17233750211407578,tvm
12,6,197,1,32,32,2,1,[12; 6; 197; 1; 32; 32; 2; 1],0.01062664769415278,0.08135666075617447,tvm
6,2,197,1,192,48,3,1,[6; 2; 197; 1; 192; 48; 3; 1],0.0014549283041560557,0.5942207385470177,tvm
16,2,197,1,128,64,4,1,[16; 2; 197; 1; 128; 64; 4; 1],0.0013868672813259764,0.6233823402351674,tvm
8,1,1,1,128,64,4,1,[8; 1; 1; 1; 128; 64; 4; 1],0.004378944657219108,0.19743308927261288,tvm
8,8,1,1,128,64,4,1,[8; 8; 1; 1; 128; 64; 4; 1],0.00430935162876267,0.20062149620331782,tvm
6,1,197,1,512,128,8,1,[6; 1; 197; 1; 512; 128; 8; 1],0.005562231752264779,0.15543195787851743,tvm
8,4,197,1,384,128,8,1,[8; 4; 197; 1; 384; 128; 8; 1],0.005106752090796363,0.16929519116205052,tvm
16,8,197,1,192,48,3,1,[16; 8; 197; 1; 192; 48; 3; 1],0.004423229060193989,0.19545643231749227,tvm
8,1,197,1,192,48,3,1,[8; 1; 197; 1; 192; 48; 3; 1],0.004890679687377997,0.17677472799124885,tvm
6,1,197,1,96,96,6,1,[6; 1; 197; 1; 96; 96; 6; 1],0.0013168366731406422,0.6565343972131575,tvm
12,3,197,1,384,128,8,1,[12; 3; 197; 1; 384; 128; 8; 1],0.002353761956328526,0.3673050153198678,tvm
16,8,197,1,96,96,6,1,[16; 8; 197; 1; 96; 96; 6; 1],0.0037341583156376146,0.23152434855482235,tvm
16,16,197,1,384,64,4,1,[16; 16; 197; 1; 384; 64; 4; 1],0.003732907942321617,0.23160189985582136,tvm
16,2,197,1,384,64,4,1,[16; 2; 197; 1; 384; 64; 4; 1],0.003538547251082491,0.2443230258304715,tvm
8,2,197,1,128,64,4,1,[8; 2; 197; 1; 128; 64; 4; 1],0.00504057440411998,0.171517867233925,tvm
12,2,197,1,384,128,8,1,[12; 2; 197; 1; 384; 128; 8; 1],0.002633405736560235,0.32830055749701836,tvm
12,3,197,1,384,64,4,1,[12; 3; 197; 1; 384; 64; 4; 1],0.004186221936834045,0.20652239285774993,tvm
16,8,197,1,192,96,6,1,[16; 8; 197; 1; 192; 96; 6; 1],0.001302962844420108,0.6635251151872594,tvm
12,6,197,1,384,128,8,1,[12; 6; 197; 1; 384; 128; 8; 1],0.0013214133123256033,0.6542605280001462,tvm
6,2,197,1,64,64,4,1,[6; 2; 197; 1; 64; 64; 4; 1],0.004198046153760515,0.20594070187964186,tvm
8,2,1,1,96,48,3,1,[8; 2; 1; 1; 96; 48; 3; 1],0.004129385750275105,0.20936493311892065,tvm
8,1,197,1,96,96,6,1,[8; 1; 197; 1; 96; 96; 6; 1],0.0037781102801091038,0.22883095180683954,tvm
6,1,197,1,64,64,4,1,[6; 1; 197; 1; 64; 64; 4; 1],0.00279778239200823,0.30901208539238967,tvm
8,2,197,1,384,96,6,1,[8; 2; 197; 1; 384; 96; 6; 1],0.0038754982815589756,0.22308062308849588,tvm
12,12,197,1,384,128,8,1,[12; 12; 197; 1; 384; 128; 8; 1],0.005241832317551598,0.16493251196413555,tvm
16,8,197,1,32,32,2,1,[16; 8; 197; 1; 32; 32; 2; 1],0.0016431810472568031,0.5261432225450055,tvm
8,4,1,1,96,32,2,1,[8; 4; 1; 1; 96; 32; 2; 1],0.0014344927894853754,0.6026858955064727,tvm
12,3,1,1,48,16,1,1,[12; 3; 1; 1; 48; 16; 1; 1],0.005466484843054786,0.15815438920076536,tvm
16,1,197,1,96,96,6,1,[16; 1; 197; 1; 96; 96; 6; 1],0.006084052845835686,0.14210076627133894,tvm
2,2,1,1,32,16,1,1,[2; 2; 1; 1; 32; 16; 1; 1],0.004085549931915011,0.21161130957548555,tvm
8,8,197,1,512,64,4,1,[8; 8; 197; 1; 512; 64; 4; 1],0.0039061655988916755,0.22132921647609513,tvm
6,6,1,1,32,16,1,1,[6; 6; 1; 1; 32; 16; 1; 1],0.002987992593261879,0.28934093524133414,tvm
8,4,197,1,128,32,2,1,[8; 4; 197; 1; 128; 32; 2; 1],0.003132715748506598,0.27597415176934315,tvm
8,2,1,1,192,16,1,1,[8; 2; 1; 1; 192; 16; 1; 1],0.0031345168463303708,0.27581557663048206,tvm
12,12,1,1,32,32,2,1,[12; 12; 1; 1; 32; 32; 2; 1],0.003055918095924426,0.282909601727085,tvm
24,4,1,1,48,48,3,1,[24; 4; 1; 1; 48; 48; 3; 1],0.0034766860626405105,0.2486703015031374,tvm
8,2,197,1,384,192,12,1,[8; 2; 197; 1; 384; 192; 12; 1],0.004371413626358844,0.19777322516805496,tvm
8,8,1,1,192,64,4,1,[8; 8; 1; 1; 192; 64; 4; 1],0.003005578419106314,0.2876479834738893,tvm
16,1,197,1,128,64,4,1,[16; 1; 197; 1; 128; 64; 4; 1],0.002767616751953028,0.31238016275862046,tvm
24,4,197,1,192,48,3,1,[24; 4; 197; 1; 192; 48; 3; 1],0.0034438212533132173,0.2510433927419462,tvm
8,1,1,1,192,48,3,1,[8; 1; 1; 1; 192; 48; 3; 1],0.0042332544035161845,0.2042278797868771,tvm
6,1,197,1,256,128,8,1,[6; 1; 197; 1; 256; 128; 8; 1],0.0017347030006931163,0.4983842024157064,tvm
6,2,1,1,192,192,12,1,[6; 2; 1; 1; 192; 192; 12; 1],0.0014431670861085877,0.5990633931097847,tvm
24,8,197,1,384,48,3,1,[24; 8; 197; 1; 384; 48; 3; 1],0.005209358787396923,0.16596065018984416,tvm
12,3,197,1,384,32,2,1,[12; 3; 197; 1; 384; 32; 2; 1],0.0065006825752789155,0.13299350666902504,tvm
24,4,197,1,128,128,8,1,[24; 4; 197; 1; 128; 128; 8; 1],0.0057454106281511486,0.15047637625629204,tvm
6,2,197,1,192,192,12,1,[6; 2; 197; 1; 192; 192; 12; 1],0.007205702058854513,0.11998117107356618,tvm
4,1,1,1,128,64,4,1,[4; 1; 1; 1; 128; 64; 4; 1],0.006505092009319924,0.13290335789100635,tvm
12,3,1,1,128,64,4,1,[12; 3; 1; 1; 128; 64; 4; 1],0.007733011501841247,0.11179972656483447,tvm
6,1,197,1,512,64,4,1,[6; 1; 197; 1; 512; 64; 4; 1],0.002097353422868764,0.412209292912608,tvm
24,4,197,1,64,64,4,1,[24; 4; 197; 1; 64; 64; 4; 1],0.0015978455303411465,0.5410714333844191,tvm
12,2,1,1,128,64,4,1,[12; 2; 1; 1; 128; 64; 4; 1],0.004440695222001523,0.19468766222575834,tvm
24,2,197,1,96,48,3,1,[24; 2; 197; 1; 96; 48; 3; 1],0.005146481220435817,0.16798828838539107,tvm
6,3,1,1,128,128,8,1,[6; 3; 1; 1; 128; 128; 8; 1],0.002616958001453895,0.33036394582880463,tvm
12,12,197,1,192,48,3,1,[12; 12; 197; 1; 192; 48; 3; 1],0.004157508745265659,0.2079487078441077,tvm
6,2,1,1,32,16,1,1,[6; 2; 1; 1; 32; 16; 1; 1],0.004559111373964697,0.1896309391267935,tvm
16,16,197,1,512,64,4,1,[16; 16; 197; 1; 512; 64; 4; 1],0.005896937444049399,0.1466097579686872,tvm
8,4,1,1,128,128,8,1,[8; 4; 1; 1; 128; 128; 8; 1],0.0013131847881595604,0.6583601784180302,tvm
16,4,197,1,384,48,3,1,[16; 4; 197; 1; 384; 48; 3; 1],0.0015369370321423048,0.5625139829076113,tvm
12,6,1,1,128,64,4,1,[12; 6; 1; 1; 128; 64; 4; 1],0.00488559968653135,0.17695853669959166,tvm
24,3,197,1,128,64,4,1,[24; 3; 197; 1; 128; 64; 4; 1],0.0031950709089869633,0.27058822669531524,tvm
24,4,197,1,48,48,3,1,[24; 4; 197; 1; 48; 48; 3; 1],0.003459473060502205,0.24990758890403572,tvm
12,1,197,1,384,64,4,1,[12; 1; 197; 1; 384; 64; 4; 1],0.0027608724376477767,0.31314325125616965,tvm
16,8,197,1,192,48,3,1,[16; 8; 197; 1; 192; 48; 3; 1],0.007409735058899969,0.11667739326119983,tvm
12,2,197,1,48,48,3,1,[12; 2; 197; 1; 48; 48; 3; 1],0.00426841112494003,0.20254575909454317,tvm
12,12,197,1,64,64,4,1,[12; 12; 197; 1; 64; 64; 4; 1],0.0013636957428388996,0.6339746794462972,tvm
8,4,1,1,96,48,3,1,[8; 4; 1; 1; 96; 48; 3; 1],0.0013858360471203923,0.6238462141499377,tvm
6,3,197,1,384,128,8,1,[6; 3; 197; 1; 384; 128; 8; 1],0.003970433244830929,0.2177466583915293,tvm
6,3,197,1,384,192,12,1,[6; 3; 197; 1; 384; 192; 12; 1],0.0035756596917053685,0.24178715145462715,tvm
6,3,197,1,64,64,4,1,[6; 3; 197; 1; 64; 64; 4; 1],0.004193541819404345,0.20616190529640951,tvm
8,2,197,1,128,128,8,1,[8; 2; 197; 1; 128; 128; 8; 1],0.0025192384382535238,0.3431785409037838,tvm
6,2,1,1,32,32,2,1,[6; 2; 1; 1; 32; 32; 2; 1],0.005871818408195395,0.14723693944995073,tvm
24,3,197,1,96,48,3,1,[24; 3; 197; 1; 96; 48; 3; 1],0.005199264844122808,0.16628284908506777,tvm
12,4,197,1,384,64,4,1,[12; 4; 197; 1; 384; 64; 4; 1],0.0013856779369234573,0.6239173969588344,tvm
8,2,197,1,256,128,8,1,[8; 2; 197; 1; 256; 128; 8; 1],0.0017031853603839409,0.5076068592050841,tvm
12,2,197,1,384,96,6,1,[12; 2; 197; 1; 384; 96; 6; 1],0.003221164282876998,0.2683962988240996,tvm
16,16,1,1,48,48,3,1,[16; 16; 1; 1; 48; 48; 3; 1],0.0045354000612860546,0.1906223397596861,tvm
6,3,1,1,192,64,4,1,[6; 3; 1; 1; 192; 64; 4; 1],0.004174926056293771,0.20708116976712676,tvm
12,4,197,1,96,48,3,1,[12; 4; 197; 1; 96; 48; 3; 1],0.0028220255953783635,0.30635745219477956,tvm
16,2,1,1,48,48,3,1,[16; 2; 1; 1; 48; 48; 3; 1],0.0030246212518250104,0.2858369691434641,tvm
12,1,197,1,128,128,8,1,[12; 1; 197; 1; 128; 128; 8; 1],0.005157843217602931,0.1676182340087421,tvm
16,8,197,1,384,64,4,1,[16; 8; 197; 1; 384; 64; 4; 1],0.0013819934301864123,0.6255808114167051,tvm
8,8,197,1,384,64,4,1,[8; 8; 197; 1; 384; 64; 4; 1],0.0013643073907587677,0.6336904551603635,tvm
12,3,197,1,192,96,6,1,[12; 3; 197; 1; 192; 96; 6; 1],0.004005563278042246,0.21583695261234948,tvm
12,4,197,1,48,48,3,1,[12; 4; 197; 1; 48; 48; 3; 1],0.00425716631434625,0.2030807602031248,tvm
16,2,197,1,96,48,3,1,[16; 2; 197; 1; 96; 48; 3; 1],0.003218781312170904,0.26859500151797433,tvm
12,4,197,1,192,96,6,1,[12; 4; 197; 1; 192; 96; 6; 1],0.003673498817079235,0.2353474478905552,tvm
8,4,197,1,96,96,6,1,[8; 4; 197; 1; 96; 96; 6; 1],0.003744383153389208,0.23089212188288744,tvm
12,6,197,1,384,128,8,1,[12; 6; 197; 1; 384; 128; 8; 1],0.0045980285067344084,0.18802592679935062,tvm
12,4,197,1,384,32,2,1,[12; 4; 197; 1; 384; 32; 2; 1],0.0017573382647242397,0.49196480198662024,tvm
8,4,197,1,48,48,3,1,[8; 4; 197; 1; 48; 48; 3; 1],0.001426183984222007,0.6061970832607466,tvm
4,4,1,1,192,96,6,1,[4; 4; 1; 1; 192; 96; 6; 1],0.0065001178736565635,0.13300506055934488,tvm
16,2,197,1,384,48,3,1,[16; 2; 197; 1; 384; 48; 3; 1],0.0030693250773765612,0.2816738369620742,tvm
6,2,197,1,192,192,12,1,[6; 2; 197; 1; 192; 192; 12; 1],0.0073562368779676035,0.11752592878268361,tvm
8,8,1,1,192,64,4,1,[8; 8; 1; 1; 192; 64; 4; 1],0.004482715594349429,0.19286268629630568,tvm
24,3,197,1,384,48,3,1,[24; 3; 197; 1; 384; 48; 3; 1],0.007391877748887055,0.11695926269326365,tvm
6,6,1,1,192,96,6,1,[6; 6; 1; 1; 192; 96; 6; 1],0.006941280676983297,0.12455173787963103,tvm
12,4,1,1,64,64,4,1,[12; 4; 1; 1; 64; 64; 4; 1],0.0019820311390503775,0.4361932334941974,tvm
16,16,197,1,384,192,12,1,[16; 16; 197; 1; 384; 192; 12; 1],0.002483478623616975,0.3481199971713186,tvm
12,1,197,1,256,64,4,1,[12; 1; 197; 1; 256; 64; 4; 1],0.003961848189646844,0.2182185005694619,tvm
6,3,1,1,96,32,2,1,[6; 3; 1; 1; 96; 32; 2; 1],0.004055055156641174,0.2132026663096445,tvm
12,12,197,1,192,48,3,1,[12; 12; 197; 1; 192; 48; 3; 1],0.0041610263724578544,0.2077729132290733,tvm
6,2,197,1,256,64,4,1,[6; 2; 197; 1; 256; 64; 4; 1],0.003736187587492168,0.23139859848656052,tvm
8,8,197,1,192,32,2,1,[8; 8; 197; 1; 192; 32; 2; 1],0.006952134994207881,0.12435727616751738,tvm
8,2,197,1,384,32,2,1,[8; 2; 197; 1; 384; 32; 2; 1],0.008087443929980509,0.10690010081227913,tvm
12,6,1,1,128,64,4,1,[12; 6; 1; 1; 128; 64; 4; 1],0.003267914187745191,0.26455669327874737,tvm
8,2,1,1,96,32,2,1,[8; 2; 1; 1; 96; 32; 2; 1],0.002927386747614946,0.29533117622157445,tvm
8,8,1,1,192,96,6,1,[8; 8; 1; 1; 192; 96; 6; 1],0.0031711282790638506,0.27263121997820755,tvm
24,12,197,1,32,32,2,1,[24; 12; 197; 1; 32; 32; 2; 1],0.003928893434931524,0.22004887272887802,tvm
8,4,197,1,64,32,2,1,[8; 4; 197; 1; 64; 32; 2; 1],0.004691455782449339,0.18428151335515808,tvm
24,6,197,1,192,64,4,1,[24; 6; 197; 1; 192; 64; 4; 1],0.003018236686330056,0.2864416085538328,tvm
6,6,197,1,256,128,8,1,[6; 6; 197; 1; 256; 128; 8; 1],0.0069403699453687295,0.1245680818506627,tvm
6,6,197,1,96,96,6,1,[6; 6; 197; 1; 96; 96; 6; 1],0.0039374011612380855,0.21957340286777402,tvm
6,3,1,1,192,96,6,1,[6; 3; 1; 1; 192; 96; 6; 1],0.0033812315959949046,0.2556904331701608,tvm
12,2,197,1,256,64,4,1,[12; 2; 197; 1; 256; 64; 4; 1],0.0036183420597808436,0.23893500314365954,tvm
24,8,197,1,192,64,4,1,[24; 8; 197; 1; 192; 64; 4; 1],0.0038455124013125896,0.22482012309555283,tvm
4,1,1,1,128,128,8,1,[4; 1; 1; 1; 128; 128; 8; 1],0.004862981746555306,0.17778157856359927,tvm
12,4,197,1,384,48,3,1,[12; 4; 197; 1; 384; 48; 3; 1],0.004531178346951492,0.19079994324439392,tvm
6,6,1,1,128,64,4,1,[6; 6; 1; 1; 128; 64; 4; 1],0.0028813711869588587,0.3000476215426651,tvm
12,4,1,1,96,96,6,1,[12; 4; 1; 1; 96; 96; 6; 1],0.0037313002176233567,0.23170169136892546,tvm
6,1,197,1,384,64,4,1,[6; 1; 197; 1; 384; 64; 4; 1],0.00564917478186544,0.1530397986983658,tvm
6,2,1,1,32,32,2,1,[6; 2; 1; 1; 32; 32; 2; 1],0.0014670249693153892,0.589320965567496,tvm
6,3,1,1,128,128,8,1,[6; 3; 1; 1; 128; 128; 8; 1],0.0013088159139442723,0.6605578081818638,tvm
6,1,197,1,256,128,8,1,[6; 1; 197; 1; 256; 128; 8; 1],0.00524030887754634,0.16498046043296924,tvm
12,2,197,1,512,128,8,1,[12; 2; 197; 1; 512; 128; 8; 1],0.0034521763809607364,0.25043580513344704,tvm
24,8,197,1,128,64,4,1,[24; 8; 197; 1; 128; 64; 4; 1],0.0023845565956435166,0.36256156511783566,tvm
4,2,1,1,32,16,1,1,[4; 2; 1; 1; 32; 16; 1; 1],0.004718104501080234,0.18324065760532193,tvm
24,12,197,1,48,48,3,1,[24; 12; 197; 1; 48; 48; 3; 1],0.0069203470047796145,0.12492850009276432,tvm
6,3,197,1,64,64,4,1,[6; 3; 197; 1; 64; 64; 4; 1],0.004578558873618022,0.1888254787789584,tvm
8,8,197,1,32,32,2,1,[8; 8; 197; 1; 32; 32; 2; 1],0.0033923982191481628,0.25484878707596453,tvm
12,3,197,1,48,48,3,1,[12; 3; 197; 1; 48; 48; 3; 1],0.0028566822984430473,0.3026407843461517,tvm
8,8,197,1,128,64,4,1,[8; 8; 197; 1; 128; 64; 4; 1],0.0037439539955812506,0.2309185883290614,tvm
12,6,197,1,384,96,6,1,[12; 6; 197; 1; 384; 96; 6; 1],0.0037999214400770143,0.22751748557492527,tvm
6,3,197,1,192,48,3,1,[6; 3; 197; 1; 192; 48; 3; 1],0.004821831375011243,0.17929879835886123,tvm
6,1,1,1,128,128,8,1,[6; 1; 1; 1; 128; 128; 8; 1],0.005245589905825909,0.16481436539070235,tvm
16,1,197,1,96,48,3,1,[16; 1; 197; 1; 96; 48; 3; 1],0.004651233408367261,0.18587512075255258,tvm
4,1,197,1,48,48,3,1,[4; 1; 197; 1; 48; 48; 3; 1],0.005211904339375906,0.1658795931646159,tvm
6,2,197,1,128,64,4,1,[6; 2; 197; 1; 128; 64; 4; 1],0.0016779411562310997,0.5152436771802376,tvm
16,16,197,1,384,64,4,1,[16; 16; 197; 1; 384; 64; 4; 1],0.002609433780889958,0.3313165399176037,tvm
16,16,197,1,384,96,6,1,[16; 16; 197; 1; 384; 96; 6; 1],0.002045478373474907,0.4226632667642708,tvm
16,4,197,1,96,48,3,1,[16; 4; 197; 1; 96; 48; 3; 1],0.0043835923133883625,0.1972237629827181,tvm
24,24,197,1,384,64,4,1,[24; 24; 197; 1; 384; 64; 4; 1],0.0034850084339268506,0.2480764646111379,tvm
16,4,197,1,192,96,6,1,[16; 4; 197; 1; 192; 96; 6; 1],0.0038774944696342573,0.22296577808146287,tvm
24,24,197,1,64,64,4,1,[24; 24; 197; 1; 64; 64; 4; 1],0.004593561032379512,0.18820879168350274,tvm
6,3,1,1,192,192,12,1,[6; 3; 1; 1; 192; 192; 12; 1],0.007230110000818968,0.11957612973117178,tvm
6,1,197,1,64,64,4,1,[6; 1; 197; 1; 64; 64; 4; 1],0.0013990615007060114,0.6179489400518079,tvm
8,4,1,1,96,48,3,1,[8; 4; 1; 1; 96; 48; 3; 1],0.0013825221394654363,0.6253415744668337,tvm
6,1,197,1,96,96,6,1,[6; 1; 197; 1; 96; 96; 6; 1],0.00392478840512922,0.22027902709320882,tvm
8,1,197,1,64,64,4,1,[8; 1; 197; 1; 64; 64; 4; 1],0.0026571212183625903,0.32537039163058434,tvm
8,1,1,1,96,96,6,1,[8; 1; 1; 1; 96; 96; 6; 1],0.006308608935796656,0.13704266348210337,tvm
24,6,197,1,96,48,3,1,[24; 6; 197; 1; 96; 48; 3; 1],0.00345692675182363,0.2500916662386603,tvm
12,4,197,1,128,128,8,1,[12; 4; 197; 1; 128; 128; 8; 1],0.007760193315334618,0.11140812300644243,tvm
16,16,197,1,384,128,8,1,[16; 16; 197; 1; 384; 128; 8; 1],0.005742744840972591,0.1505462275217771,tvm
12,12,197,1,256,32,2,1,[12; 12; 197; 1; 256; 32; 2; 1],0.00210815271930187,0.41009769525372564,tvm
12,2,197,1,32,32,2,1,[12; 2; 197; 1; 32; 32; 2; 1],0.0015472288123419276,0.5587722801774659,tvm
8,8,197,1,48,48,3,1,[8; 8; 197; 1; 48; 48; 3; 1],0.004245774471201003,0.20362564646162576,tvm
12,6,197,1,384,48,3,1,[12; 6; 197; 1; 384; 48; 3; 1],0.004332747848820873,0.1995381687544666,tvm
12,4,1,1,32,32,2,1,[12; 4; 1; 1; 32; 32; 2; 1],0.00463311137718847,0.18660215588281603,tvm
16,8,197,1,256,32,2,1,[16; 8; 197; 1; 256; 32; 2; 1],0.008759989883401431,0.09869287327223195,tvm
12,12,197,1,64,32,2,1,[12; 12; 197; 1; 64; 32; 2; 1],0.0034577303449623287,0.25003354373430486,tvm
12,12,1,1,192,192,12,1,[12; 12; 1; 1; 192; 192; 12; 1],0.006596357183298096,0.13106454781096433,tvm
6,3,1,1,384,64,4,1,[6; 3; 1; 1; 384; 64; 4; 1],0.0017573046388861258,0.4919742156809924,tvm
12,1,197,1,384,48,3,1,[12; 1; 197; 1; 384; 48; 3; 1],0.0014779041248402791,0.5849828530128809,tvm
6,2,1,1,192,48,3,1,[6; 2; 1; 1; 192; 48; 3; 1],0.0029358661267906427,0.29447819964926575,tvm
6,2,197,1,256,64,4,1,[6; 2; 197; 1; 256; 64; 4; 1],0.003736190374183934,0.2313984258945605,tvm
8,1,1,1,192,192,12,1,[8; 1; 1; 1; 192; 192; 12; 1],0.003889178784447722,0.2222959188417306,tvm
8,8,197,1,256,128,8,1,[8; 8; 197; 1; 256; 128; 8; 1],0.0034045928114210255,0.2539359680630125,tvm
6,1,197,1,384,64,4,1,[6; 1; 197; 1; 384; 64; 4; 1],0.007087224003043957,0.12198691209100325,tvm
8,1,197,1,48,48,3,1,[8; 1; 197; 1; 48; 48; 3; 1],0.004641702245862689,0.18625679236516596,tvm
12,6,197,1,256,128,8,1,[12; 6; 197; 1; 256; 128; 8; 1],0.0017258275947824586,0.5009472406411187,tvm
16,16,1,1,128,64,4,1,[16; 16; 1; 1; 128; 64; 4; 1],0.003573919282644056,0.24190489573367235,tvm
12,6,1,1,96,96,6,1,[12; 6; 1; 1; 96; 96; 6; 1],0.0036825260322075337,0.23477052541304305,tvm
16,16,197,1,32,32,2,1,[16; 16; 197; 1; 32; 32; 2; 1],0.004700011311797425,0.18394606184425163,tvm
6,3,1,1,192,96,6,1,[6; 3; 1; 1; 192; 96; 6; 1],0.004183214972727001,0.20667084456933368,tvm
6,6,1,1,192,64,4,1,[6; 6; 1; 1; 192; 64; 4; 1],0.005516394281585235,0.15672349134190744,tvm
6,1,197,1,192,48,3,1,[6; 1; 197; 1; 192; 48; 3; 1],0.0033361427194904536,0.2591461589390931,tvm
8,1,197,1,512,64,4,1,[8; 1; 197; 1; 512; 64; 4; 1],0.002053317984973546,0.42104952947154445,tvm
6,6,197,1,192,96,6,1,[6; 6; 197; 1; 192; 96; 6; 1],0.0013287180081533734,0.6506636969796957,tvm
12,3,197,1,64,64,4,1,[12; 3; 197; 1; 64; 64; 4; 1],0.0013844454842910636,0.6244728169063897,tvm
16,1,1,1,48,48,3,1,[16; 1; 1; 1; 48; 48; 3; 1],0.004917080659652129,0.17582558254997915,tvm
12,3,1,1,96,48,3,1,[12; 3; 1; 1; 96; 48; 3; 1],0.0032468071512994356,0.2662765391170714,tvm
6,2,1,1,64,64,4,1,[6; 2; 1; 1; 64; 64; 4; 1],0.002802522747515468,0.30848940376845224,tvm
16,4,1,1,96,96,6,1,[16; 4; 1; 1; 96; 96; 6; 1],0.005127790253027342,0.16860061132924842,tvm
24,6,197,1,64,64,4,1,[24; 6; 197; 1; 64; 64; 4; 1],0.004980854748282582,0.17357433916872825,tvm
4,1,197,1,48,48,3,1,[4; 1; 197; 1; 48; 48; 3; 1],0.0047901253492455,0.18048558407030993,tvm
12,2,1,1,96,48,3,1,[12; 2; 1; 1; 96; 48; 3; 1],0.0015546829617960611,0.5560931666928375,tvm
12,4,1,1,128,128,8,1,[12; 4; 1; 1; 128; 128; 8; 1],0.00257443095324561,0.33582123083884874,tvm
6,3,197,1,192,48,3,1,[6; 3; 197; 1; 192; 48; 3; 1],0.0036497833716566674,0.23687668099494505,tvm
12,1,197,1,128,128,8,1,[12; 1; 197; 1; 128; 128; 8; 1],0.003607536527852062,0.23965067706281165,tvm
8,2,197,1,192,48,3,1,[8; 2; 197; 1; 192; 48; 3; 1],0.0031089990625332575,0.2780793927689784,tvm
8,8,197,1,128,128,8,1,[8; 8; 197; 1; 128; 128; 8; 1],0.0025080859850277193,0.34470451834170923,tvm
8,4,1,1,64,32,2,1,[8; 4; 1; 1; 64; 32; 2; 1],0.0027965587651124224,0.309147292813572,tvm
24,6,197,1,384,64,4,1,[24; 6; 197; 1; 384; 64; 4; 1],0.0031749540285090916,0.2723027053826508,tvm
8,2,1,1,128,128,8,1,[8; 2; 1; 1; 128; 128; 8; 1],0.0012715136872429866,0.6799365041072939,tvm
12,6,197,1,48,48,3,1,[12; 6; 197; 1; 48; 48; 3; 1],0.001582540735398652,0.5463041500860868,tvm
16,4,197,1,96,48,3,1,[16; 4; 197; 1; 96; 48; 3; 1],0.004448506377229933,0.19434580915829153,tvm
12,12,197,1,384,96,6,1,[12; 12; 197; 1; 384; 96; 6; 1],0.003816223907051608,0.22654555720146843,tvm
12,2,197,1,128,128,8,1,[12; 2; 197; 1; 128; 128; 8; 1],0.0038634665615973063,0.22377534725475495,tvm
8,2,197,1,384,128,8,1,[8; 2; 197; 1; 384; 128; 8; 1],0.003809721405559685,0.22693222926140993,tvm
6,3,1,1,128,128,8,1,[6; 3; 1; 1; 128; 128; 8; 1],0.005290704750223085,0.16340896198982136,tvm
8,4,1,1,128,128,8,1,[8; 4; 1; 1; 128; 128; 8; 1],0.006253598752664402,0.13824816807445836,tvm
6,3,197,1,128,128,8,1,[6; 3; 197; 1; 128; 128; 8; 1],0.0022602167664445005,0.3825069277707264,tvm
6,2,197,1,192,96,6,1,[6; 2; 197; 1; 192; 96; 6; 1],0.0013245916943560587,0.6526906178804525,tvm
16,16,197,1,128,64,4,1,[16; 16; 197; 1; 128; 64; 4; 1],0.004402125778142363,0.1963934278573474,tvm
16,2,197,1,96,96,6,1,[16; 2; 197; 1; 96; 96; 6; 1],0.003841388344881125,0.22506148657961986,tvm
12,6,197,1,128,64,4,1,[12; 6; 197; 1; 128; 64; 4; 1],0.004073154472280294,0.21225528698020799,tvm
16,16,197,1,384,96,6,1,[16; 16; 197; 1; 384; 96; 6; 1],0.0026563448591332417,0.3254654863264521,tvm
12,12,197,1,128,64,4,1,[12; 12; 197; 1; 128; 64; 4; 1],0.007382760872133076,0.11710369418734543,tvm
8,4,197,1,384,96,6,1,[8; 4; 197; 1; 384; 96; 6; 1],0.005124483970575966,0.16870939130509183,tvm
12,2,197,1,96,96,6,1,[12; 2; 197; 1; 96; 96; 6; 1],0.0015674752357881516,0.5515548518339829,tvm
6,1,197,1,96,96,6,1,[6; 1; 197; 1; 96; 96; 6; 1],0.0013144172189640813,0.6577428832756311,tvm
16,8,197,1,192,96,6,1,[16; 8; 197; 1; 192; 96; 6; 1],0.003850691093248315,0.2245177684973081,tvm
16,16,197,1,384,128,8,1,[16; 16; 197; 1; 384; 128; 8; 1],0.002474361983331619,0.3494026246978201,tvm
12,12,1,1,128,128,8,1,[12; 12; 1; 1; 128; 128; 8; 1],0.003958795939979609,0.21838674802546768,tvm
8,2,1,1,96,96,6,1,[8; 2; 1; 1; 96; 96; 6; 1],0.003814292409515474,0.22666027629968574,tvm
6,1,1,1,64,64,4,1,[6; 1; 1; 1; 64; 64; 4; 1],0.004573851219902281,0.18901982811916698,tvm
6,1,197,1,64,64,4,1,[6; 1; 197; 1; 64; 64; 4; 1],0.006971234761294909,0.12401656249315311,tvm
