kc,ku,mc,mr,nc,nr,nvr,pack_c,X,time,peak,backend
48,8,1,1,1024,128,8,0,[48; 8; 1; 1; 1024; 128; 8; 0],0.00756884430302307,0.1142246473590773,tvm
24,8,1,1,1024,32,2,1,[24; 8; 1; 1; 1024; 32; 2; 1],0.01940608100267127,0.044550394863834955,tvm
4,2,1,1,48,16,1,0,[4; 2; 1; 1; 48; 16; 1; 0],0.009071941865840927,0.09529917455532898,tvm
16,16,197,1,768,192,12,0,[16; 16; 197; 1; 768; 192; 12; 0],0.004134599999815691,0.20910089766050174,tvm
8,2,1,1,192,32,2,1,[8; 2; 1; 1; 192; 32; 2; 1],0.004156385723035783,0.20800489392430926,tvm
24,2,1,1,48,48,3,1,[24; 2; 1; 1; 48; 48; 3; 1],0.004799133625056129,0.1801468012715441,tvm
24,12,197,1,256,64,4,0,[24; 12; 197; 1; 256; 64; 4; 0],0.007031738554360345,0.12294947611390773,tvm
32,1,1,1,768,192,12,0,[32; 1; 1; 1; 768; 192; 12; 0],0.011589147383347154,0.07459984266580914,tvm
12,12,197,1,256,128,8,0,[12; 12; 197; 1; 256; 128; 8; 0],0.0026694655934988987,0.323865785546761,tvm
2,1,1,1,768,16,1,0,[2; 1; 1; 1; 768; 16; 1; 0],0.02115573373157531,0.040865922326211605,tvm
8,2,1,1,384,16,1,1,[8; 2; 1; 1; 384; 16; 1; 1],0.004146255094383378,0.20851311647460158,tvm
12,4,1,1,768,48,3,0,[12; 4; 1; 1; 768; 48; 3; 0],0.01085781169240363,0.07962456855219079,tvm
12,4,197,1,128,16,1,1,[12; 4; 197; 1; 128; 16; 1; 1],0.006570613128133118,0.13157806654707307,tvm
2,2,197,1,3072,128,8,1,[2; 2; 197; 1; 3072; 128; 8; 1],0.06563051207922399,0.013172967024620444,tvm
1,1,197,1,768,128,8,0,[1; 1; 197; 1; 768; 128; 8; 0],0.033850641979370266,0.025540093802518034,tvm
24,24,1,1,1536,192,12,1,[24; 24; 1; 1; 1536; 192; 12; 1],0.012323449132964015,0.07015475635923947,tvm
8,8,1,1,768,96,6,1,[8; 8; 1; 1; 768; 96; 6; 1],0.0035700878433999605,0.24216450948871376,tvm
24,2,1,1,192,96,6,0,[24; 2; 1; 1; 192; 96; 6; 0],0.0038218345580389723,0.22621297659524572,tvm
64,16,197,1,768,128,8,0,[64; 16; 197; 1; 768; 128; 8; 0],0.017206136748427525,0.05024652448537483,tvm
12,2,197,1,128,32,2,1,[12; 2; 197; 1; 128; 32; 2; 1],0.004706017934950069,0.18371127849043023,tvm
24,2,197,1,32,32,2,1,[24; 2; 197; 1; 32; 32; 2; 1],0.003770337345486041,0.22930271013113307,tvm
1,1,197,1,48,48,3,1,[1; 1; 197; 1; 48; 48; 3; 1],0.019722564873518422,0.043835504001277475,tvm
32,32,1,1,384,192,12,1,[32; 32; 1; 1; 384; 192; 12; 1],0.00573991569399368,0.1506204302500899,tvm
12,4,1,1,64,16,1,0,[12; 4; 1; 1; 64; 16; 1; 0],0.007020111370366067,0.12315311336485095,tvm
16,2,197,1,256,16,1,0,[16; 2; 197; 1; 256; 16; 1; 0],0.00712035593460314,0.12141929130636331,tvm
12,6,197,1,512,32,2,1,[12; 6; 197; 1; 512; 32; 2; 1],0.004642310901544988,0.18623237214483945,tvm
12,6,1,1,512,64,4,0,[12; 6; 1; 1; 512; 64; 4; 0],0.008559392197639681,0.10100583680076926,tvm
8,2,197,1,16,16,1,1,[8; 2; 197; 1; 16; 16; 1; 1],0.00641155824996531,0.13484219244724932,tvm
3,1,1,1,128,128,8,0,[3; 1; 1; 1; 128; 128; 8; 0],0.020054743625223637,0.04310943024677687,tvm
24,24,197,1,384,32,2,1,[24; 24; 197; 1; 384; 32; 2; 1],0.0038707788771716878,0.2233526116739281,tvm
24,6,1,1,256,128,8,1,[24; 6; 1; 1; 256; 128; 8; 1],0.007580489618703723,0.11404917293144591,tvm
3,1,1,1,192,64,4,1,[3; 1; 1; 1; 192; 64; 4; 1],0.010548395628575236,0.08196019583172814,tvm
2,1,197,1,512,128,8,1,[2; 1; 197; 1; 512; 128; 8; 1],0.004241670845658518,0.2038226451053984,tvm
32,4,1,1,384,192,12,1,[32; 4; 1; 1; 384; 192; 12; 1],0.0028326548272161745,0.3052078788852,tvm
24,1,197,1,192,64,4,0,[24; 1; 197; 1; 192; 64; 4; 0],0.00941779550339561,0.09179946316702844,tvm
1,1,1,1,384,48,3,0,[1; 1; 1; 1; 384; 48; 3; 0],0.019674562878208235,0.043942453856809956,tvm
4,2,197,1,3072,128,8,0,[4; 2; 197; 1; 3072; 128; 8; 0],0.02259831374976784,0.03825721604725721,tvm
4,2,197,1,768,192,12,0,[4; 2; 197; 1; 768; 192; 12; 0],0.00686362681153696,0.12596089431543184,tvm
64,64,1,1,512,128,8,1,[64; 64; 1; 1; 512; 128; 8; 1],0.007400567745207809,0.11682192518113281,tvm
16,2,197,1,16,16,1,1,[16; 2; 197; 1; 16; 16; 1; 1],0.006312324941973202,0.13696198775824073,tvm
12,1,1,1,1536,64,4,0,[12; 1; 1; 1; 1536; 64; 4; 0],0.013963883888209239,0.061913188218256025,tvm
24,8,1,1,128,64,4,1,[24; 8; 1; 1; 128; 64; 4; 1],0.006459094118326902,0.1338498178832104,tvm
6,2,1,1,32,16,1,1,[6; 2; 1; 1; 32; 16; 1; 1],0.003532608498062473,0.24473376313926373,tvm
8,8,1,1,3072,192,12,0,[8; 8; 1; 1; 3072; 192; 12; 0],0.02998817275511101,0.02882965155925423,tvm
64,1,1,1,1024,128,8,1,[64; 1; 1; 1; 1024; 128; 8; 1],0.007377806818112731,0.11718232704413992,tvm
12,2,1,1,96,32,2,0,[12; 2; 1; 1; 96; 32; 2; 0],0.002199293452576967,0.3931028714770002,tvm
4,4,197,1,1024,16,1,0,[4; 4; 197; 1; 1024; 16; 1; 0],0.03322891524294391,0.02601795951230025,tvm
6,3,197,1,512,16,1,1,[6; 3; 197; 1; 512; 16; 1; 1],0.008801228497759439,0.09823044267611762,tvm
2,1,197,1,768,32,2,1,[2; 1; 197; 1; 768; 32; 2; 1],0.010200488628470339,0.08475560366937233,tvm
32,8,197,1,512,128,8,0,[32; 8; 197; 1; 512; 128; 8; 0],0.007995512060006149,0.10812923111617526,tvm
1,1,1,1,384,48,3,1,[1; 1; 1; 1; 384; 48; 3; 1],0.010804519246448763,0.08001731050761299,tvm
16,2,197,1,16,16,1,1,[16; 2; 197; 1; 16; 16; 1; 1],0.0021191289051785134,0.4079735637203923,tvm
4,1,1,1,768,48,3,1,[4; 1; 1; 1; 768; 48; 3; 1],0.004080862410773989,0.2118543789043352,tvm
16,1,197,1,384,64,4,1,[16; 1; 197; 1; 384; 64; 4; 1],0.0041625505036790855,0.20769683651031667,tvm
12,2,1,1,96,32,2,0,[12; 2; 1; 1; 96; 32; 2; 0],0.004213593252643477,0.20518083250825897,tvm
24,24,197,1,256,128,8,1,[24; 24; 197; 1; 256; 128; 8; 1],0.0033109476571553387,0.26111816342375044,tvm
12,3,1,1,64,64,4,1,[12; 3; 1; 1; 64; 64; 4; 1],0.0018100245943060145,0.4776446541932486,tvm
12,4,1,1,768,48,3,0,[12; 4; 1; 1; 768; 48; 3; 0],0.011120410374132916,0.0777443046022465,tvm
2,1,1,1,1536,16,1,1,[2; 1; 1; 1; 1536; 16; 1; 1],0.01800758801982738,0.0480102371553955,tvm
3,1,197,1,1024,16,1,1,[3; 1; 197; 1; 1024; 16; 1; 1],0.04430074949050322,0.019515438934366226,tvm
24,4,1,1,96,48,3,0,[24; 4; 1; 1; 96; 48; 3; 0],0.00734578087576665,0.11769321547293525,tvm
8,2,1,1,512,128,8,0,[8; 2; 1; 1; 512; 128; 8; 0],0.005451108932902571,0.15860049433431928,tvm
4,2,1,1,512,32,2,1,[4; 2; 1; 1; 512; 32; 2; 1],0.007727508869720623,0.11187933731350448,tvm
6,2,1,1,3072,128,8,0,[6; 2; 1; 1; 3072; 128; 8; 0],0.032009528018534184,0.027009100881711837,tvm
24,1,1,1,16,16,1,1,[24; 1; 1; 1; 16; 16; 1; 1],0.0024932043124863412,0.346762023111697,tvm
8,8,1,1,96,48,3,1,[8; 8; 1; 1; 96; 48; 3; 1],0.0013925179137004307,0.6208527466128955,tvm
16,1,1,1,96,48,3,1,[16; 1; 1; 1; 96; 48; 3; 1],0.004200976472930051,0.2057970514711251,tvm
12,4,1,1,96,16,1,1,[12; 4; 1; 1; 96; 16; 1; 1],0.005193316283111926,0.1664733138322395,tvm
8,4,1,1,32,16,1,1,[8; 4; 1; 1; 32; 16; 1; 1],0.004578858373861294,0.1888131278232806,tvm
16,8,1,1,48,16,1,1,[16; 8; 1; 1; 48; 16; 1; 1],0.007517133679357357,0.11501040267551581,tvm
16,8,197,1,96,48,3,1,[16; 8; 197; 1; 96; 48; 3; 1],0.007508939117542468,0.11513591439419228,tvm
16,16,1,1,64,16,1,1,[16; 16; 1; 1; 64; 16; 1; 1],0.010117817946593277,0.08544812488147896,tvm
24,8,197,1,96,32,2,1,[24; 8; 197; 1; 96; 32; 2; 1],0.0018738750150077976,0.46136938936931915,tvm
16,1,1,1,32,16,1,1,[16; 1; 1; 1; 32; 16; 1; 1],0.003954207160859369,0.21864018152267947,tvm
16,4,197,1,48,16,1,1,[16; 4; 197; 1; 48; 16; 1; 1],0.006384856809745543,0.13540610184224733,tvm
24,12,1,1,96,32,2,1,[24; 12; 1; 1; 96; 32; 2; 1],0.007588401553221047,0.11393026125002527,tvm
16,16,197,1,16,16,1,1,[16; 16; 197; 1; 16; 16; 1; 1],0.0063214638794306666,0.1367639818747862,tvm
16,4,197,1,96,48,3,1,[16; 4; 197; 1; 96; 48; 3; 1],0.004444534468348138,0.1945194885055961,tvm
24,2,197,1,96,96,6,0,[24; 2; 197; 1; 96; 96; 6; 0],0.01301688636885956,0.06641746320355384,tvm
24,8,197,1,48,48,3,1,[24; 8; 197; 1; 48; 48; 3; 1],0.008670070325024426,0.0997164427759282,tvm
24,24,1,1,48,48,3,1,[24; 24; 1; 1; 48; 48; 3; 1],0.004922998625261243,0.1756142215828251,tvm
12,12,197,1,96,96,6,0,[12; 12; 197; 1; 96; 96; 6; 0],0.0037270866887411103,0.23196363369819767,tvm
8,2,197,1,96,32,2,0,[8; 2; 197; 1; 96; 32; 2; 0],0.005158313848369289,0.167602940969147,tvm
12,1,197,1,32,16,1,1,[12; 1; 197; 1; 32; 16; 1; 1],0.004186055688478518,0.2065305948528372,tvm
12,1,197,1,16,16,1,1,[12; 1; 197; 1; 16; 16; 1; 1],0.004196032467007171,0.20603953335118314,tvm
12,2,197,1,64,16,1,0,[12; 2; 197; 1; 64; 16; 1; 0],0.008524435252184048,0.10142004084165752,tvm
12,2,197,1,96,48,3,0,[12; 2; 197; 1; 96; 48; 3; 0],0.008553349762223661,0.10107719144689928,tvm
12,4,1,1,64,32,2,0,[12; 4; 1; 1; 64; 32; 2; 0],0.007425517309457064,0.11642940624857087,tvm
12,1,1,1,96,48,3,1,[12; 1; 1; 1; 96; 48; 3; 1],0.001557329720526468,0.5551480589070783,tvm
16,1,197,1,96,32,2,1,[16; 1; 197; 1; 96; 32; 2; 1],0.0016719750929041766,0.5170822072037409,tvm
12,12,197,1,16,16,1,1,[12; 12; 197; 1; 16; 16; 1; 1],0.008382347994484007,0.10313918868525697,tvm
12,12,197,1,32,16,1,1,[12; 12; 197; 1; 32; 16; 1; 1],0.004177258968411479,0.2069655192475032,tvm
12,12,1,1,48,16,1,1,[12; 12; 1; 1; 48; 16; 1; 1],0.006639370316406712,0.13021544668056306,tvm
12,6,1,1,96,48,3,1,[12; 6; 1; 1; 96; 48; 3; 1],0.003115020186669426,0.27754188403926366,tvm
12,3,1,1,16,16,1,0,[12; 3; 1; 1; 16; 16; 1; 0],0.008628840441815555,0.10019290277276997,tvm
24,6,1,1,96,96,6,1,[24; 6; 1; 1; 96; 96; 6; 1],0.020806026499485597,0.04155279584258658,tvm
24,3,197,1,64,32,2,0,[24; 3; 197; 1; 64; 32; 2; 0],0.00225873343879357,0.3827581230170933,tvm
8,1,1,1,96,96,6,1,[8; 1; 1; 1; 96; 96; 6; 1],0.0012832630545744905,0.6737111057212208,tvm
12,4,197,1,96,48,3,1,[12; 4; 197; 1; 96; 48; 3; 1],0.004645957058528438,0.1860862165829851,tvm
8,1,197,1,32,32,2,1,[8; 1; 197; 1; 32; 32; 2; 1],0.008310202756547369,0.10403459419175043,tvm
8,2,197,1,48,16,1,1,[8; 2; 197; 1; 48; 16; 1; 1],0.004585529626638163,0.1885384332501646,tvm
24,8,197,1,32,32,2,1,[24; 8; 197; 1; 32; 32; 2; 1],0.005672800034517422,0.15240244079961077,tvm
12,1,197,1,48,48,3,1,[12; 1; 197; 1; 48; 48; 3; 1],0.0028659492163569666,0.30166220897924245,tvm
24,4,197,1,64,32,2,1,[24; 4; 197; 1; 64; 32; 2; 1],0.0076410945621319115,0.11314459785815778,tvm
16,2,1,1,96,96,6,0,[16; 2; 1; 1; 96; 96; 6; 0],0.005930349536356516,0.145783746156678,tvm
8,2,197,1,32,32,2,0,[8; 2; 197; 1; 32; 32; 2; 0],0.005185244466701988,0.16673246111739395,tvm
24,2,197,1,16,16,1,1,[24; 2; 197; 1; 16; 16; 1; 1],0.0049719568123691715,0.17388497206527587,tvm
12,2,1,1,48,48,3,0,[12; 2; 1; 1; 48; 48; 3; 0],0.004949269939970691,0.17468204036446053,tvm
8,2,1,1,32,16,1,1,[8; 2; 1; 1; 32; 16; 1; 1],0.0051176900960854255,0.16893335766655226,tvm
16,1,1,1,32,32,2,1,[16; 1; 1; 1; 32; 32; 2; 1],0.00496745062264381,0.17404271065877966,tvm
16,2,1,1,64,32,2,0,[16; 2; 1; 1; 64; 32; 2; 0],0.005738760250096675,0.15065075621760068,tvm
16,16,1,1,64,32,2,1,[16; 16; 1; 1; 64; 32; 2; 1],0.008686497618327849,0.09952786605322261,tvm
16,2,197,1,16,16,1,1,[16; 2; 197; 1; 16; 16; 1; 1],0.0021100950943946373,0.409720193997513,tvm
12,2,197,1,96,96,6,0,[12; 2; 197; 1; 96; 96; 6; 0],0.0038226027827477083,0.22616751479658817,tvm
16,16,197,1,64,64,4,1,[16; 16; 197; 1; 64; 64; 4; 1],0.0027591555335675366,0.31333810686298147,tvm
16,4,1,1,32,32,2,1,[16; 4; 1; 1; 32; 32; 2; 1],0.003691063313453924,0.23422751061389066,tvm
16,4,197,1,64,64,4,1,[16; 4; 197; 1; 64; 64; 4; 1],0.003409989098145161,0.25353411595914965,tvm
24,3,197,1,48,48,3,1,[24; 3; 197; 1; 48; 48; 3; 1],0.003479888000583742,0.24844149331344736,tvm
12,1,1,1,32,32,2,1,[12; 1; 1; 1; 32; 32; 2; 1],0.0046364631853066385,0.18646725680221127,tvm
12,3,1,1,64,64,4,0,[12; 3; 1; 1; 64; 64; 4; 0],0.004232484156091232,0.20426504613947477,tvm
12,2,1,1,64,16,1,1,[12; 2; 1; 1; 64; 16; 1; 1],0.002072370374662569,0.41717859992538275,tvm
12,3,1,1,48,16,1,1,[12; 3; 1; 1; 48; 16; 1; 1],0.0020566345774568617,0.42037053198708335,tvm
16,2,197,1,48,48,3,1,[16; 2; 197; 1; 48; 48; 3; 1],0.003046933670702856,0.2837438109472007,tvm
12,2,1,1,96,48,3,1,[12; 2; 1; 1; 96; 48; 3; 1],0.0039695152518106624,0.21779701464409654,tvm
16,2,1,1,48,48,3,1,[16; 2; 1; 1; 48; 48; 3; 1],0.0036025096924277022,0.23998507852617576,tvm
24,2,197,1,64,64,4,1,[24; 2; 197; 1; 64; 64; 4; 1],0.008404448002693243,0.10286797790307262,tvm
16,2,1,1,96,32,2,1,[16; 2; 1; 1; 96; 32; 2; 1],0.0040608063791296445,0.21290071249687867,tvm
12,2,1,1,96,96,6,1,[12; 2; 1; 1; 96; 96; 6; 1],0.004274780410923995,0.202243972396631,tvm
8,8,1,1,384,192,12,1,[8; 8; 1; 1; 384; 192; 12; 1],0.0018492470917408355,0.4675138196998362,tvm
8,8,197,1,384,192,12,1,[8; 8; 197; 1; 384; 192; 12; 1],0.0022584869657293893,0.38279989415363364,tvm
1,1,1,1,96,32,2,1,[1; 1; 1; 1; 96; 32; 2; 1],0.018159093364374712,0.047609677095701256,tvm
12,12,197,1,256,128,8,1,[12; 12; 197; 1; 256; 128; 8; 1],0.003800818965828512,0.2274637595742777,tvm
12,3,197,1,384,192,12,1,[12; 3; 197; 1; 384; 192; 12; 1],0.0076853910577483475,0.11249246328941723,tvm
8,1,197,1,384,64,4,1,[8; 1; 197; 1; 384; 64; 4; 1],0.003942769188142847,0.21927445665055467,tvm
3,1,1,1,96,32,2,1,[3; 1; 1; 1; 96; 32; 2; 1],0.006490477928309701,0.13320260556740288,tvm
8,2,1,1,384,96,6,1,[8; 2; 1; 1; 384; 96; 6; 1],0.00336487234744709,0.2569335422440318,tvm
16,4,197,1,96,48,3,1,[16; 4; 197; 1; 96; 48; 3; 1],0.004456499838852324,0.19399721815118867,tvm
24,2,1,1,48,48,3,1,[24; 2; 1; 1; 48; 48; 3; 1],0.0034800576249836013,0.2484293838187939,tvm
12,12,197,1,192,96,6,1,[12; 12; 197; 1; 192; 96; 6; 1],0.0037581826545647345,0.23004431952728005,tvm
12,3,197,1,192,64,4,1,[12; 3; 197; 1; 192; 64; 4; 1],0.003938721245503984,0.21949981162425392,tvm
16,1,1,1,384,16,1,1,[16; 1; 1; 1; 384; 16; 1; 1],0.006802212999900803,0.1270981328342966,tvm
8,1,197,1,96,16,1,0,[8; 1; 197; 1; 96; 16; 1; 0],0.009541801875457168,0.0906064266176297,tvm
8,2,1,1,192,64,4,1,[8; 2; 1; 1; 192; 64; 4; 1],0.005952653344138525,0.1452375136677289,tvm
12,3,1,1,192,16,1,1,[12; 3; 1; 1; 192; 16; 1; 1],0.009581946826074272,0.09022681790259708,tvm
24,1,1,1,128,16,1,1,[24; 1; 1; 1; 128; 16; 1; 1],0.008635219186544418,0.10011889133928752,tvm
12,2,1,1,384,96,6,1,[12; 2; 1; 1; 384; 96; 6; 1],0.0026896469826169778,0.32143570402216176,tvm
16,1,197,1,192,96,6,1,[16; 1; 197; 1; 192; 96; 6; 1],0.009119514055782929,0.09480204385236271,tvm
8,4,1,1,128,128,8,1,[8; 4; 1; 1; 128; 128; 8; 1],0.006271762613323517,0.13784778294891997,tvm
8,1,1,1,192,16,1,1,[8; 1; 1; 1; 192; 16; 1; 1],0.005729607029934414,0.1508914253476242,tvm
16,1,1,1,256,64,4,1,[16; 1; 1; 1; 256; 64; 4; 1],0.008159701115800999,0.10595346069164235,tvm
16,1,1,1,192,48,3,1,[16; 1; 1; 1; 192; 48; 3; 1],0.008734573260881007,0.09898005839627812,tvm
8,1,197,1,96,32,2,0,[8; 1; 197; 1; 96; 32; 2; 0],0.010284923875587992,0.08405979294417917,tvm
12,3,1,1,128,16,1,1,[12; 3; 1; 1; 128; 16; 1; 1],0.0035798313401755877,0.24150539209094862,tvm
12,1,197,1,96,48,3,0,[12; 1; 197; 1; 96; 48; 3; 0],0.003409253498830367,0.2535888198766027,tvm
24,1,1,1,96,16,1,0,[24; 1; 1; 1; 96; 16; 1; 0],0.014344193245051429,0.06027167625665041,tvm
8,1,1,1,384,48,3,1,[8; 1; 1; 1; 384; 48; 3; 1],0.005425954244856257,0.15933576517866024,tvm
8,1,197,1,192,192,12,1,[8; 1; 197; 1; 192; 192; 12; 1],0.004162572309724055,0.20769574846998487,tvm
12,3,1,1,384,192,12,1,[12; 3; 1; 1; 384; 192; 12; 1],0.009144511059275828,0.09454289746323918,tvm
16,1,1,1,96,16,1,0,[16; 1; 1; 1; 96; 16; 1; 0],0.0077923973149154335,0.11094770152103747,tvm
12,1,197,1,192,64,4,1,[12; 1; 197; 1; 192; 64; 4; 1],0.004576638093567453,0.18890472739011413,tvm
16,1,1,1,128,16,1,1,[16; 1; 1; 1; 128; 16; 1; 1],0.006941436746274121,0.12454893749375814,tvm
6,6,1,1,96,96,6,1,[6; 6; 1; 1; 96; 96; 6; 1],0.002612463922559982,0.3309322528677796,tvm
12,2,1,1,128,128,8,1,[12; 2; 1; 1; 128; 128; 8; 1],0.0025812386884354055,0.3349355390115471,tvm
24,3,197,1,16,16,1,1,[24; 3; 197; 1; 16; 16; 1; 1],0.0066886596905533224,0.129255876577128,tvm
12,2,1,1,32,32,2,1,[12; 2; 1; 1; 32; 32; 2; 1],0.004610850250173826,0.18750306874442052,tvm
4,1,1,1,96,48,3,1,[4; 1; 1; 1; 96; 48; 3; 1],0.003295985938166268,0.262303476910331,tvm
24,2,197,1,96,16,1,1,[24; 2; 197; 1; 96; 16; 1; 1],0.005200589599553496,0.16624049155941828,tvm
12,1,1,1,384,64,4,1,[12; 1; 1; 1; 384; 64; 4; 1],0.004778684371558484,0.18091769704945257,tvm
24,3,1,1,64,32,2,1,[24; 3; 1; 1; 64; 32; 2; 1],0.0027438592042017262,0.31508488850472754,tvm
6,3,1,1,64,64,4,1,[6; 3; 1; 1; 64; 64; 4; 1],0.0014006919918756466,0.6172296096809026,tvm
12,3,1,1,16,16,1,1,[12; 3; 1; 1; 16; 16; 1; 1],0.004211019309877884,0.20530624720731633,tvm
12,4,197,1,96,48,3,1,[12; 4; 197; 1; 96; 48; 3; 1],0.004203380034596194,0.2056793733407039,tvm
16,2,1,1,16,16,1,1,[16; 2; 1; 1; 16; 16; 1; 1],0.006304763373918831,0.1371262520342927,tvm
8,4,197,1,96,48,3,1,[8; 4; 197; 1; 96; 48; 3; 1],0.004211822531942744,0.20526709396508927,tvm
12,2,197,1,64,32,2,1,[12; 2; 197; 1; 64; 32; 2; 1],0.006222248906851746,0.13894471024400157,tvm
16,1,1,1,32,32,2,1,[16; 1; 1; 1; 32; 32; 2; 1],0.00653494537982624,0.13229621996497223,tvm
16,1,197,1,48,48,3,1,[16; 1; 197; 1; 48; 48; 3; 1],0.0019381241872906685,0.4460749094912933,tvm
6,1,1,1,96,32,2,1,[6; 1; 1; 1; 96; 32; 2; 1],0.0013699011487915413,0.6311028881107467,tvm
16,1,197,1,16,16,1,1,[16; 1; 197; 1; 16; 16; 1; 1],0.006310665005003102,0.13699801379777826,tvm
24,1,197,1,64,32,2,1,[24; 1; 197; 1; 64; 32; 2; 1],0.003819327503151726,0.22636146565465834,tvm
24,1,1,1,48,16,1,1,[24; 1; 1; 1; 48; 16; 1; 1],0.00900338812789414,0.09602480301277272,tvm
24,1,197,1,96,48,3,1,[24; 1; 197; 1; 96; 48; 3; 1],0.006936073114047758,0.12464525059252692,tvm
16,1,1,1,16,16,1,1,[16; 1; 1; 1; 16; 16; 1; 1],0.009710921993246302,0.08902847453927061,tvm
12,2,197,1,96,48,3,1,[12; 2; 197; 1; 96; 48; 3; 1],0.004170322528807446,0.20730976212427374,tvm
12,4,1,1,96,48,3,1,[12; 4; 1; 1; 96; 48; 3; 1],0.004647985871997662,0.18600499124516406,tvm
8,1,1,1,64,16,1,1,[8; 1; 1; 1; 64; 16; 1; 1],0.00477397718350403,0.18109608366288948,tvm
8,4,1,1,96,96,6,1,[8; 4; 1; 1; 96; 96; 6; 1],0.0025279335786763113,0.34199813583759997,tvm
8,1,1,1,48,48,3,1,[8; 1; 1; 1; 48; 48; 3; 1],0.0034472387487767264,0.25079451538868947,tvm
12,1,197,1,64,64,4,1,[12; 1; 197; 1; 64; 64; 4; 1],0.004362799256341532,0.19816372943859606,tvm
16,1,197,1,96,32,2,1,[16; 1; 197; 1; 96; 32; 2; 1],0.007071110434480943,0.12226489452247309,tvm
8,1,1,1,96,16,1,1,[8; 1; 1; 1; 96; 16; 1; 1],0.006871274119475856,0.12582070754215807,tvm
12,1,1,1,96,48,3,1,[12; 1; 1; 1; 96; 48; 3; 1],0.00654901925008744,0.13201191482480804,tvm
4,1,1,1,128,128,8,1,[4; 1; 1; 1; 128; 128; 8; 1],0.001614448796317447,0.5355069627482792,tvm
12,6,197,1,384,96,6,1,[12; 6; 197; 1; 384; 96; 6; 1],0.0012767325624736259,0.6771571406885228,tvm
24,1,197,1,96,32,2,1,[24; 1; 197; 1; 96; 32; 2; 1],0.005044638906838372,0.1713796740251544,tvm
6,2,197,1,384,64,4,1,[6; 2; 197; 1; 384; 64; 4; 1],0.004290043281798717,0.2015244403469249,tvm
24,3,197,1,32,32,2,1,[24; 3; 197; 1; 32; 32; 2; 1],0.005599710719252471,0.15439164892146137,tvm
12,6,1,1,384,192,12,1,[12; 6; 1; 1; 384; 192; 12; 1],0.006327733062789775,0.13662848335252128,tvm
12,1,197,1,64,32,2,1,[12; 1; 197; 1; 64; 32; 2; 1],0.006276063810219057,0.1377533112427669,tvm
12,3,1,1,32,32,2,1,[12; 3; 1; 1; 32; 32; 2; 1],0.004596731749188621,0.18807896971172502,tvm
16,2,1,1,64,32,2,1,[16; 2; 1; 1; 64; 32; 2; 1],0.004792202620592434,0.18040734916206275,tvm
6,3,197,1,64,64,4,0,[6; 3; 197; 1; 64; 64; 4; 0],0.00495247093931539,0.17456913569453134,tvm
6,6,197,1,64,64,4,0,[6; 6; 197; 1; 64; 64; 4; 0],0.0082252488064114,0.10510910876698037,tvm
4,1,1,1,48,48,3,1,[4; 1; 1; 1; 48; 48; 3; 1],0.004069176437042188,0.21246278818448,tvm
6,6,197,1,32,32,2,1,[6; 6; 197; 1; 32; 32; 2; 1],0.004415544623043388,0.19579658801696956,tvm
6,6,1,1,128,128,8,0,[6; 6; 1; 1; 128; 128; 8; 0],0.004487285063078161,0.19266629137118235,tvm
8,4,197,1,96,32,2,1,[8; 4; 197; 1; 96; 32; 2; 1],0.003970044155721553,0.2177679989232866,tvm
12,12,1,1,256,128,8,1,[12; 12; 1; 1; 256; 128; 8; 1],0.008734212184208445,0.09898415028108488,tvm
6,3,1,1,384,48,3,1,[6; 3; 1; 1; 384; 48; 3; 1],0.0017391314831911586,0.49711512889307147,tvm
8,4,1,1,32,32,2,1,[8; 4; 1; 1; 32; 32; 2; 1],0.0029680547668249346,0.2912845750327643,tvm
16,2,1,1,96,96,6,1,[16; 2; 1; 1; 96; 96; 6; 1],0.0031866263088886626,0.2713052889248514,tvm
8,8,1,1,192,192,12,0,[8; 8; 1; 1; 192; 192; 12; 0],0.0032902707825996913,0.26275909447959744,tvm
12,12,197,1,128,128,8,1,[12; 12; 197; 1; 128; 128; 8; 1],0.0038701173471054062,0.22339078996537326,tvm
12,12,1,1,128,128,8,1,[12; 12; 1; 1; 128; 128; 8; 1],0.0038780256509198807,0.22293523799242987,tvm
8,1,197,1,256,128,8,1,[8; 1; 197; 1; 256; 128; 8; 1],0.0034310171904508024,0.2519802505900526,tvm
6,3,1,1,96,96,6,1,[6; 3; 1; 1; 96; 96; 6; 1],0.005265056592179462,0.16420499120802284,tvm
6,2,197,1,192,192,12,1,[6; 2; 197; 1; 192; 192; 12; 1],0.0014413523276743945,0.5998176537609723,tvm
8,4,1,1,64,32,2,1,[8; 4; 1; 1; 64; 32; 2; 1],0.0014119530460448004,0.6123068850273508,tvm
6,3,1,1,32,32,2,1,[6; 3; 1; 1; 32; 32; 2; 1],0.004950226371875033,0.17464829009447908,tvm
8,1,197,1,96,48,3,1,[8; 1; 197; 1; 96; 48; 3; 1],0.0027961170162598137,0.3091961339246891,tvm
6,1,1,1,96,48,3,1,[6; 1; 1; 1; 96; 48; 3; 1],0.0033715703466441482,0.2564231152077516,tvm
4,4,197,1,96,96,6,1,[4; 4; 197; 1; 96; 96; 6; 1],0.0032861187501112,0.26309109231043937,tvm
6,1,1,1,256,128,8,1,[6; 1; 1; 1; 256; 128; 8; 1],0.004420170313096605,0.19559168769288918,tvm
8,2,1,1,384,192,12,1,[8; 2; 1; 1; 384; 192; 12; 1],0.0036398681841092184,0.23752194521850564,tvm
8,4,1,1,96,96,6,1,[8; 4; 1; 1; 96; 96; 6; 1],0.0013491758436430246,0.6407975472597628,tvm
8,8,1,1,96,48,3,0,[8; 8; 1; 1; 96; 48; 3; 0],0.004135770905122627,0.20904169772985462,tvm
4,2,1,1,96,96,6,1,[4; 2; 1; 1; 96; 96; 6; 1],0.004261840964318253,0.20285800870255355,tvm
6,3,197,1,384,192,12,1,[6; 3; 197; 1; 384; 192; 12; 1],0.0028881043872388545,0.2993481036380112,tvm
6,6,197,1,192,192,12,1,[6; 6; 197; 1; 192; 192; 12; 1],0.0036358480065246113,0.23778457456888172,tvm
6,6,197,1,384,192,12,1,[6; 6; 197; 1; 384; 192; 12; 1],0.002907693247834686,0.2973314231383889,tvm
6,2,1,1,128,64,4,1,[6; 2; 1; 1; 128; 64; 4; 1],0.002723251389397774,0.31746924826494244,tvm
6,1,1,1,384,96,6,1,[6; 1; 1; 1; 384; 96; 6; 1],0.006419365381589159,0.13467819948496937,tvm
8,2,1,1,64,32,2,1,[8; 2; 1; 1; 64; 32; 2; 1],0.001407315274263965,0.6143247268319004,tvm
8,1,1,1,64,64,4,1,[8; 1; 1; 1; 64; 64; 4; 1],0.0013290920469444245,0.6504805844081032,tvm
8,4,1,1,192,96,6,1,[8; 4; 1; 1; 192; 96; 6; 1],0.004015430218714755,0.215306585929239,tvm
8,1,197,1,48,48,3,1,[8; 1; 197; 1; 48; 48; 3; 1],0.004242716408043634,0.20377241566028326,tvm
6,2,197,1,384,128,8,1,[6; 2; 197; 1; 384; 128; 8; 1],0.0042064657536684535,0.20552849400345163,tvm
8,2,1,1,128,128,8,1,[8; 2; 1; 1; 128; 128; 8; 1],0.002528832701500505,0.3418765388930568,tvm
4,4,1,1,96,48,3,1,[4; 4; 1; 1; 96; 48; 3; 1],0.004984434970538132,0.17344966411212553,tvm
6,6,197,1,192,96,6,1,[6; 6; 197; 1; 192; 96; 6; 1],0.003949022182496265,0.2189272512219901,tvm
12,4,1,1,64,64,4,1,[12; 4; 1; 1; 64; 64; 4; 1],0.0013817887811455876,0.6256734627066574,tvm
6,3,197,1,384,96,6,1,[6; 3; 197; 1; 384; 96; 6; 1],0.00272023009165423,0.31782185414426506,tvm
8,4,197,1,128,64,4,1,[8; 4; 197; 1; 128; 64; 4; 1],0.0035710832162294537,0.2420970106491692,tvm
8,2,1,1,192,192,12,1,[8; 2; 1; 1; 192; 192; 12; 1],0.0035877845948562026,0.24097003277958,tvm
6,6,1,1,256,128,8,1,[6; 6; 1; 1; 256; 128; 8; 1],0.005050705593021121,0.17117382027239378,tvm
12,1,197,1,48,48,3,1,[12; 1; 197; 1; 48; 48; 3; 1],0.0042628111550584435,0.20281183941321423,tvm
8,8,1,1,384,192,12,1,[8; 8; 1; 1; 384; 192; 12; 1],0.003600371717766393,0.24012758659400926,tvm
6,3,197,1,96,48,3,1,[6; 3; 197; 1; 96; 48; 3; 1],0.0029231384833110496,0.295760387803897,tvm
12,1,1,1,48,48,3,1,[12; 1; 1; 1; 48; 48; 3; 1],0.0015596896646457026,0.5543080723208879,tvm
16,1,1,1,64,64,4,1,[16; 1; 1; 1; 64; 64; 4; 1],0.001785229513188824,0.4842786683961391,tvm
6,3,1,1,192,96,6,1,[6; 3; 1; 1; 192; 96; 6; 1],0.002802633483952377,0.3084772148691213,tvm
8,8,1,1,48,48,3,1,[8; 8; 1; 1; 48; 48; 3; 1],0.001431149743439164,0.6040937193273668,tvm
6,1,1,1,192,96,6,1,[6; 1; 1; 1; 192; 96; 6; 1],0.004041120184410829,0.21393785187673584,tvm
4,1,1,1,64,64,4,1,[4; 1; 1; 1; 64; 64; 4; 1],0.005170561249542516,0.16720594335964312,tvm
8,1,1,1,192,96,6,1,[8; 1; 1; 1; 192; 96; 6; 1],0.0026345027654315345,0.32816385041332735,tvm
8,2,1,1,128,64,4,1,[8; 2; 1; 1; 128; 64; 4; 1],0.0014551705771737034,0.5941218060550234,tvm
24,2,1,1,48,48,3,1,[24; 2; 1; 1; 48; 48; 3; 1],0.0017349104055028874,0.4983246216555893,tvm
12,6,1,1,192,48,3,1,[12; 6; 1; 1; 192; 48; 3; 1],0.004523622345004696,0.1911186446373595,tvm
12,6,1,1,384,128,8,1,[12; 6; 1; 1; 384; 128; 8; 1],0.005785298468254041,0.14943888827389842,tvm
4,2,197,1,48,48,3,1,[4; 2; 197; 1; 48; 48; 3; 1],0.003969716402934864,0.21778597856244822,tvm
12,2,1,1,192,64,4,1,[12; 2; 1; 1; 192; 64; 4; 1],0.006802436255384237,0.12709396148244204,tvm
12,3,197,1,192,64,4,1,[12; 3; 197; 1; 192; 64; 4; 1],0.0039745303729432635,0.21752219515392612,tvm
8,4,1,1,48,48,3,0,[8; 4; 1; 1; 48; 48; 3; 0],0.006617193008423783,0.13065185953137357,tvm
4,2,1,1,384,96,6,1,[4; 2; 1; 1; 384; 96; 6; 1],0.0033684772497508675,0.25665857517443924,tvm
12,2,197,1,384,64,4,1,[12; 2; 197; 1; 384; 64; 4; 1],0.0020876922681054566,0.4141168622582167,tvm
12,12,1,1,96,32,2,1,[12; 12; 1; 1; 96; 32; 2; 1],0.0016862492047948763,0.5127051025258982,tvm
12,2,1,1,384,64,4,1,[12; 2; 1; 1; 384; 64; 4; 1],0.006963062318391167,0.1241621188920118,tvm
8,8,1,1,48,48,3,0,[8; 8; 1; 1; 48; 48; 3; 0],0.008838390815071762,0.09781741829681151,tvm
12,4,1,1,64,64,4,0,[12; 4; 1; 1; 64; 64; 4; 0],0.003310883024823852,0.26112326075747355,tvm
4,4,197,1,256,64,4,1,[4; 4; 197; 1; 256; 64; 4; 1],0.004713159592938609,0.18343290830292758,tvm
12,6,1,1,384,48,3,1,[12; 6; 1; 1; 384; 48; 3; 1],0.004598645122314338,0.18800071508746347,tvm
4,2,197,1,384,96,6,1,[4; 2; 197; 1; 384; 96; 6; 1],0.005024902660807129,0.17205279978293203,tvm
12,2,197,1,192,96,6,1,[12; 2; 197; 1; 192; 96; 6; 1],0.004987226064258721,0.17335259326309968,tvm
12,6,1,1,128,128,8,1,[12; 6; 1; 1; 128; 128; 8; 1],0.003911300496838521,0.22103864740829307,tvm
6,2,1,1,384,128,8,1,[6; 2; 1; 1; 384; 128; 8; 1],0.004683456405473407,0.1845962674955618,tvm
12,1,197,1,128,128,8,1,[12; 1; 197; 1; 128; 128; 8; 1],0.0025877260632114485,0.3340958626647056,tvm
8,4,1,1,256,32,2,1,[8; 4; 1; 1; 256; 32; 2; 1],0.007472183686331846,0.11570226425375593,tvm
1,1,1,1,64,64,4,1,[1; 1; 1; 1; 64; 64; 4; 1],0.025886402232572436,0.03339778790660697,tvm
16,2,197,1,48,48,3,1,[16; 2; 197; 1; 48; 48; 3; 1],0.009027538442751393,0.09576791911894382,tvm
8,4,1,1,384,32,2,1,[8; 4; 1; 1; 384; 32; 2; 1],0.0075199334969511256,0.11496758206426867,tvm
4,2,1,1,192,192,12,1,[4; 2; 1; 1; 192; 192; 12; 1],0.006526686935103498,0.13246361898846948,tvm
8,4,1,1,64,64,4,0,[8; 4; 1; 1; 64; 64; 4; 0],0.008206164318835363,0.10535355347981504,tvm
16,8,197,1,64,64,4,1,[16; 8; 197; 1; 64; 64; 4; 1],0.004109647685254458,0.2103704837109512,tvm
8,8,1,1,64,64,4,0,[8; 8; 1; 1; 64; 64; 4; 0],0.006710339686833322,0.12883827224498687,tvm
24,3,1,1,64,64,4,1,[24; 3; 1; 1; 64; 64; 4; 1],0.003058247562876204,0.28269410950351104,tvm
12,12,1,1,96,48,3,1,[12; 12; 1; 1; 96; 48; 3; 1],0.006475890244473703,0.1335026596793154,tvm
8,8,1,1,192,32,2,1,[8; 8; 1; 1; 192; 32; 2; 1],0.00625953399867285,0.138117082136126,tvm
8,2,197,1,48,48,3,1,[8; 2; 197; 1; 48; 48; 3; 1],0.004248759847541805,0.20348256960881683,tvm
8,4,197,1,384,64,4,1,[8; 4; 197; 1; 384; 64; 4; 1],0.004448837156814989,0.194331359174207,tvm
8,4,197,1,384,128,8,1,[8; 4; 197; 1; 384; 128; 8; 1],0.004110816531465389,0.21031066816314092,tvm
8,2,197,1,192,96,6,1,[8; 2; 197; 1; 192; 96; 6; 1],0.005092816376418341,0.16975844160252018,tvm
6,3,1,1,256,64,4,1,[6; 3; 1; 1; 256; 64; 4; 1],0.004285253940906841,0.20174967069643868,tvm
12,12,1,1,384,96,6,1,[12; 12; 1; 1; 384; 96; 6; 1],0.010209530999418348,0.0846805373800056,tvm
4,4,1,1,128,128,8,1,[4; 4; 1; 1; 128; 128; 8; 1],0.008169258624548092,0.10582950193676804,tvm
8,1,197,1,96,48,3,1,[8; 1; 197; 1; 96; 48; 3; 1],0.007653458626009524,0.11296181421697223,tvm
4,1,1,1,96,48,3,1,[4; 1; 1; 1; 96; 48; 3; 1],0.007638381372089498,0.11318478736707434,tvm
8,4,197,1,192,96,6,1,[8; 4; 197; 1; 192; 96; 6; 1],0.0019520129535521846,0.44290104215512766,tvm
8,4,197,1,128,64,4,1,[8; 4; 197; 1; 128; 64; 4; 1],0.001321652718615951,0.654142014200172,tvm
8,4,1,1,192,96,6,1,[8; 4; 1; 1; 192; 96; 6; 1],0.00403451849706471,0.21428791863454552,tvm
8,4,197,1,384,192,12,1,[8; 4; 197; 1; 384; 192; 12; 1],0.005588224754319526,0.15470898352116239,tvm
6,6,197,1,384,128,8,1,[6; 6; 197; 1; 384; 128; 8; 1],0.002672033733688295,0.32355451225355863,tvm
6,3,1,1,128,32,2,1,[6; 3; 1; 1; 128; 32; 2; 1],0.00413690140703693,0.20898457235600576,tvm
4,2,1,1,128,64,4,1,[4; 2; 1; 1; 128; 64; 4; 1],0.006573870428837836,0.13151287065775205,tvm
6,2,197,1,128,128,8,1,[6; 2; 197; 1; 128; 128; 8; 1],0.005242054627160542,0.16492551736281133,tvm
4,4,1,1,64,32,2,1,[4; 4; 1; 1; 64; 32; 2; 1],0.0033906416574609466,0.25498081447981186,tvm
8,2,197,1,128,128,8,1,[8; 2; 197; 1; 128; 128; 8; 1],0.002521709062420996,0.34284231448910746,tvm
8,8,1,1,192,96,6,1,[8; 8; 1; 1; 192; 96; 6; 1],0.005132852224051021,0.16843433897776242,tvm
12,6,197,1,64,64,4,1,[12; 6; 197; 1; 64; 64; 4; 1],0.002708946311031468,0.31914570174681045,tvm
12,2,1,1,96,96,6,1,[12; 2; 1; 1; 96; 96; 6; 1],0.002506490814994322,0.34492389369898,tvm
6,6,197,1,64,64,4,1,[6; 6; 197; 1; 64; 64; 4; 1],0.004213868123770226,0.2051674485377686,tvm
12,6,1,1,96,96,6,1,[12; 6; 1; 1; 96; 96; 6; 1],0.003726571347215213,0.23199571157402638,tvm
8,4,1,1,128,128,8,1,[8; 4; 1; 1; 128; 128; 8; 1],0.0038139377866173163,0.2266813513482512,tvm
8,8,1,1,96,32,2,1,[8; 8; 1; 1; 96; 32; 2; 1],0.0019170390005456284,0.4509812117450418,tvm
6,2,1,1,64,32,2,1,[6; 2; 1; 1; 64; 32; 2; 1],0.0014142977961455472,0.6112917475971231,tvm
8,8,1,1,64,32,2,1,[8; 8; 1; 1; 64; 32; 2; 1],0.0049936682771658525,0.1731289551974895,tvm
8,8,1,1,128,64,4,1,[8; 8; 1; 1; 128; 64; 4; 1],0.0028239827952347696,0.3061451269771981,tvm
12,1,1,1,64,64,4,1,[12; 1; 1; 1; 64; 64; 4; 1],0.0026975767796102446,0.32049081159183335,tvm
8,4,1,1,96,96,6,1,[8; 4; 1; 1; 96; 96; 6; 1],0.002526587079046294,0.3421803976591659,tvm
8,8,1,1,48,48,3,1,[8; 8; 1; 1; 48; 48; 3; 1],0.0028395696717780083,0.30446464477387897,tvm
6,2,1,1,64,64,4,1,[6; 2; 1; 1; 64; 64; 4; 1],0.00417617605853593,0.2070191867657184,tvm
12,1,197,1,96,32,2,1,[12; 1; 197; 1; 96; 32; 2; 1],0.0015512262580159586,0.557332347206617,tvm
12,2,197,1,384,48,3,1,[12; 2; 197; 1; 384; 48; 3; 1],0.0014711973362864228,0.5876496307496407,tvm
24,1,1,1,96,32,2,1,[24; 1; 1; 1; 96; 32; 2; 1],0.007598225318361074,0.11378296052097771,tvm
8,8,1,1,256,64,4,1,[8; 8; 1; 1; 256; 64; 4; 1],0.004013323159597348,0.21541962534492498,tvm
12,2,197,1,256,64,4,1,[12; 2; 197; 1; 256; 64; 4; 1],0.003631912091805134,0.23804226247086097,tvm
8,2,1,1,16,16,1,1,[8; 2; 1; 1; 16; 16; 1; 1],0.006413716313545592,0.13479682124428682,tvm
24,6,197,1,64,64,4,1,[24; 6; 197; 1; 64; 64; 4; 1],0.0045867712833569385,0.18848739516739774,tvm
4,1,1,1,96,32,2,1,[4; 1; 1; 1; 96; 32; 2; 1],0.008258852627477609,0.10468143826082764,tvm
12,2,1,1,32,16,1,1,[12; 2; 1; 1; 32; 16; 1; 1],0.007258823068696074,0.11910313328299281,tvm
6,6,1,1,384,48,3,1,[6; 6; 1; 1; 384; 48; 3; 1],0.008587264121160842,0.10067799932904592,tvm
12,12,197,1,96,32,2,1,[12; 12; 197; 1; 96; 32; 2; 1],0.007658601753064431,0.11288595481317985,tvm
8,8,1,1,192,64,4,1,[8; 8; 1; 1; 192; 64; 4; 1],0.005990186124108732,0.14432749726240032,tvm
16,1,1,1,96,32,2,1,[16; 1; 1; 1; 96; 32; 2; 1],0.014541114127496257,0.05945545601583367,tvm
4,2,1,1,128,128,8,1,[4; 2; 1; 1; 128; 128; 8; 1],0.004841095433221199,0.17858531883006334,tvm
6,1,197,1,192,64,4,1,[6; 1; 197; 1; 192; 64; 4; 1],0.007279190554982051,0.11876987762559035,tvm
24,1,197,1,48,48,3,1,[24; 1; 197; 1; 48; 48; 3; 1],0.024922828743001446,0.034689022676502736,tvm
4,4,1,1,96,32,2,1,[4; 4; 1; 1; 96; 32; 2; 1],0.0016490303896716796,0.5242769186325924,tvm
6,6,1,1,384,128,8,1,[6; 6; 1; 1; 384; 128; 8; 1],0.003094210391282104,0.27940846358231664,tvm
12,12,1,1,128,128,8,1,[12; 12; 1; 1; 128; 128; 8; 1],0.0033051320060621947,0.26157762226828973,tvm
12,3,197,1,384,128,8,1,[12; 3; 197; 1; 384; 128; 8; 1],0.0038959976882324554,0.22190684918522158,tvm
16,1,197,1,96,32,2,1,[16; 1; 197; 1; 96; 32; 2; 1],0.004418493997945916,0.19566589245803787,tvm
6,1,1,1,192,96,6,1,[6; 1; 1; 1; 192; 96; 6; 1],0.002788564030197449,0.3100336094370964,tvm
24,4,197,1,64,64,4,1,[24; 4; 197; 1; 64; 64; 4; 1],0.0038882526278030127,0.22234886829281691,tvm
16,4,197,1,96,96,6,1,[16; 4; 197; 1; 96; 96; 6; 1],0.005117762026202399,0.16893098330914455,tvm
8,8,197,1,192,48,3,1,[8; 8; 197; 1; 192; 48; 3; 1],0.0014163993364491034,0.6103847616845011,tvm
12,12,197,1,192,64,4,1,[12; 12; 197; 1; 192; 64; 4; 1],0.002137895251507871,0.40439239051529763,tvm
8,2,197,1,384,128,8,1,[8; 2; 197; 1; 384; 128; 8; 1],0.003806123939284589,0.22714672071111658,tvm
6,6,1,1,384,96,6,1,[6; 6; 1; 1; 384; 96; 6; 1],0.007823946623830125,0.1105003156329486,tvm
6,2,1,1,96,16,1,1,[6; 2; 1; 1; 96; 16; 1; 1],0.0042911698401439935,0.20147153425173234,tvm
24,6,1,1,64,64,4,1,[24; 6; 1; 1; 64; 64; 4; 1],0.005261684629658703,0.16431022234881645,tvm
4,4,197,1,192,192,12,1,[4; 4; 197; 1; 192; 192; 12; 1],0.006513371874461882,0.13273440977911277,tvm
16,2,1,1,96,96,6,1,[16; 2; 1; 1; 96; 96; 6; 1],0.003841736812319141,0.2250410722192782,tvm
12,6,197,1,192,64,4,1,[12; 6; 197; 1; 192; 64; 4; 1],0.0013240223743196111,0.6529712701213571,tvm
12,1,1,1,32,32,2,1,[12; 1; 1; 1; 32; 32; 2; 1],0.0015520049910264788,0.5570527004921347,tvm
8,8,1,1,192,192,12,1,[8; 8; 1; 1; 192; 192; 12; 1],0.004105313499167096,0.21059258241885176,tvm
4,2,1,1,64,64,4,1,[4; 2; 1; 1; 64; 64; 4; 1],0.004529760655714199,0.19085965840997832,tvm
8,2,197,1,384,96,6,1,[8; 2; 197; 1; 384; 96; 6; 1],0.0025916000922734383,0.33359644260166715,tvm
8,4,197,1,384,64,4,1,[8; 4; 197; 1; 384; 64; 4; 1],0.006293120997725055,0.13737993783070487,tvm
6,6,197,1,192,64,4,1,[6; 6; 197; 1; 192; 64; 4; 1],0.005493143187777605,0.15738686247105588,tvm
16,4,197,1,64,64,4,1,[16; 4; 197; 1; 64; 64; 4; 1],0.008298375061713159,0.10418287496035272,tvm
12,2,197,1,128,128,8,1,[12; 2; 197; 1; 128; 128; 8; 1],0.0012973910397704458,0.6663747050245857,tvm
6,3,197,1,384,96,6,1,[6; 3; 197; 1; 384; 96; 6; 1],0.002427483876090264,0.35615007784151553,tvm
8,8,197,1,96,48,3,1,[8; 8; 197; 1; 96; 48; 3; 1],0.003893918874382507,0.2220253167358733,tvm
6,1,197,1,192,192,12,1,[6; 1; 197; 1; 192; 192; 12; 1],0.0038713001194992103,0.22332253887368697,tvm
12,12,197,1,384,96,6,1,[12; 12; 197; 1; 384; 96; 6; 1],0.0035330762184457853,0.24470136446954147,tvm
16,1,197,1,64,64,4,1,[16; 1; 197; 1; 64; 64; 4; 1],0.005025335842219647,0.172037968918453,tvm
8,4,197,1,384,96,6,1,[8; 4; 197; 1; 384; 96; 6; 1],0.0025788712155190296,0.33524301881611035,tvm
8,8,197,1,384,128,8,1,[8; 8; 197; 1; 384; 128; 8; 1],0.0025834963598754257,0.33464284481138545,tvm
24,3,1,1,64,64,4,1,[24; 3; 1; 1; 64; 64; 4; 1],0.0015352928821812384,0.5631163808955333,tvm
6,1,197,1,96,96,6,1,[6; 1; 197; 1; 96; 96; 6; 1],0.0013170331967558013,0.6564364311834976,tvm
12,2,1,1,96,32,2,1,[12; 2; 1; 1; 96; 32; 2; 1],0.0036054521915502846,0.23978922074038925,tvm
8,2,197,1,128,128,8,1,[8; 2; 197; 1; 128; 128; 8; 1],0.003465975314611569,0.24943875618036856,tvm
12,3,1,1,128,64,4,1,[12; 3; 1; 1; 128; 64; 4; 1],0.004931361276248936,0.1753164132574352,tvm
6,2,1,1,128,128,8,1,[6; 2; 1; 1; 128; 128; 8; 1],0.002622612624691101,0.3296516470976725,tvm
8,1,197,1,128,128,8,1,[8; 1; 197; 1; 128; 128; 8; 1],0.0025259351859858725,0.34226870753658634,tvm
8,2,197,1,128,64,4,1,[8; 2; 197; 1; 128; 64; 4; 1],0.005245775748335291,0.16480852649923697,tvm
12,2,1,1,64,32,2,1,[12; 2; 1; 1; 64; 32; 2; 1],0.0045385441844700836,0.19049028417237174,tvm
6,1,1,1,128,128,8,1,[6; 1; 1; 1; 128; 128; 8; 1],0.0013093848592689028,0.660270786933716,tvm
8,4,1,1,96,48,3,1,[8; 4; 1; 1; 96; 48; 3; 1],0.0041184868168784305,0.20991898477991197,tvm
8,8,1,1,96,32,2,1,[8; 8; 1; 1; 96; 32; 2; 1],0.0056473452859791,0.15308937698125566,tvm
8,2,1,1,48,48,3,1,[8; 2; 1; 1; 48; 48; 3; 1],0.0046642532252008095,0.18535626812829187,tvm
6,2,1,1,64,32,2,1,[6; 2; 1; 1; 64; 32; 2; 1],0.0028256440164113883,0.3059651415419843,tvm
8,2,1,1,128,64,4,1,[8; 2; 1; 1; 128; 64; 4; 1],0.004114771531021688,0.2101085236229157,tvm
8,1,1,1,64,32,2,1,[8; 1; 1; 1; 64; 32; 2; 1],0.004145716658968013,0.2085401976419156,tvm
12,12,197,1,256,128,8,0,[12; 12; 197; 1; 256; 128; 8; 0],0.002698735861486057,0.3203531637781359,tvm
4,2,197,1,128,64,4,1,[4; 2; 197; 1; 128; 64; 4; 1],0.0016884669348655734,0.5120316860083506,tvm
8,2,1,1,384,48,3,1,[8; 2; 1; 1; 384; 48; 3; 1],0.007112097620847635,0.12156027905105339,tvm
24,2,1,1,32,32,2,1,[24; 2; 1; 1; 32; 32; 2; 1],0.0037844106918782927,0.22844998648903916,tvm
16,2,197,1,16,16,1,1,[16; 2; 197; 1; 16; 16; 1; 1],0.01052128037554212,0.08217142216248796,tvm
4,4,197,1,128,32,2,1,[4; 4; 197; 1; 128; 32; 2; 1],0.005758860374044161,0.15012494057421327,tvm
6,1,197,1,256,32,2,1,[6; 1; 197; 1; 256; 32; 2; 1],0.004648501191695686,0.18598437125778175,tvm
12,2,1,1,192,192,12,1,[12; 2; 1; 1; 192; 192; 12; 1],0.011853863237774931,0.0729339080506259,tvm
4,4,197,1,384,128,8,1,[4; 4; 197; 1; 384; 128; 8; 1],0.0016406788417953067,0.5269456455490962,tvm
8,1,197,1,32,32,2,1,[8; 1; 197; 1; 32; 32; 2; 1],0.0016303932352457196,0.5302699696851193,tvm
4,2,1,1,32,32,2,1,[4; 2; 1; 1; 32; 32; 2; 1],0.003822364713414572,0.2261816012465901,tvm
24,2,197,1,64,64,4,1,[24; 2; 197; 1; 64; 64; 4; 1],0.00635616724321153,0.1360172787070574,tvm
12,2,1,1,48,16,1,1,[12; 2; 1; 1; 48; 16; 1; 1],0.0063567050092387944,0.13600577188528365,tvm
8,2,197,1,48,48,3,1,[8; 2; 197; 1; 48; 48; 3; 1],0.004258366687281523,0.20302351462844223,tvm
6,2,197,1,256,32,2,1,[6; 2; 197; 1; 256; 32; 2; 1],0.006977320241276175,0.12390839771322329,tvm
12,1,197,1,32,32,2,1,[12; 1; 197; 1; 32; 32; 2; 1],0.005289316410198808,0.16345185358197845,tvm
12,2,197,1,96,48,3,1,[12; 2; 197; 1; 96; 48; 3; 1],0.0014121758031251375,0.6122102995358865,tvm
6,2,1,1,384,192,12,1,[6; 2; 1; 1; 384; 192; 12; 1],0.0016431555632152595,0.5261513826097257,tvm
12,3,197,1,128,32,2,1,[12; 3; 197; 1; 128; 32; 2; 1],0.006253263622056693,0.1382555771963796,tvm
12,3,197,1,256,32,2,1,[12; 3; 197; 1; 256; 32; 2; 1],0.004205116936645936,0.20559441852719276,tvm
12,2,197,1,128,32,2,1,[12; 2; 197; 1; 128; 32; 2; 1],0.0062542202504118904,0.13823443000294625,tvm
12,3,197,1,192,32,2,1,[12; 3; 197; 1; 192; 32; 2; 1],0.0030946165170462336,0.27937179507261545,tvm
6,1,197,1,384,48,3,1,[6; 1; 197; 1; 384; 48; 3; 1],0.004603771347319707,0.18779137932901624,tvm
12,1,197,1,384,192,12,1,[12; 1; 197; 1; 384; 192; 12; 1],0.01489156563184224,0.058056257669773154,tvm
8,8,1,1,384,192,12,1,[8; 8; 1; 1; 384; 192; 12; 1],0.004413898626808077,0.19586960293507513,tvm
8,1,1,1,192,192,12,1,[8; 1; 1; 1; 192; 192; 12; 1],0.006960944563616067,0.12419989320809305,tvm
6,3,1,1,192,192,12,1,[6; 3; 1; 1; 192; 192; 12; 1],0.007244779990287498,0.11933399945720963,tvm
6,1,1,1,192,96,6,1,[6; 1; 1; 1; 192; 96; 6; 1],0.004224528755003121,0.204649706882616,tvm
4,2,1,1,64,32,2,1,[4; 2; 1; 1; 64; 32; 2; 1],0.0033888873149408028,0.25511281169396843,tvm
6,2,1,1,192,192,12,1,[6; 2; 1; 1; 192; 192; 12; 1],0.0072784206859068945,0.11878244041356181,tvm
12,12,197,1,128,32,2,1,[12; 12; 197; 1; 128; 32; 2; 1],0.004701686870248523,0.18388050827018876,tvm
8,2,197,1,384,64,4,1,[8; 2; 197; 1; 384; 64; 4; 1],0.004072267598530743,0.2123015127346977,tvm
16,1,1,1,48,48,3,1,[16; 1; 1; 1; 48; 48; 3; 1],0.006516149311210029,0.13267783320146595,tvm
12,3,197,1,192,192,12,1,[12; 3; 197; 1; 192; 192; 12; 1],0.009315430754213594,0.09280822264043079,tvm
6,3,197,1,384,128,8,1,[6; 3; 197; 1; 384; 128; 8; 1],0.004124634433537722,0.20960610821624823,tvm
12,4,197,1,192,192,12,1,[12; 4; 197; 1; 192; 192; 12; 1],0.009022520505823195,0.09582118110682995,tvm
12,12,1,1,32,32,2,1,[12; 12; 1; 1; 32; 32; 2; 1],0.006774632187443785,0.12761557343746865,tvm
6,2,197,1,384,48,3,1,[6; 2; 197; 1; 384; 48; 3; 1],0.007684872311074287,0.11250005679114713,tvm
16,4,1,1,64,64,4,1,[16; 4; 1; 1; 64; 64; 4; 1],0.006948370064492337,0.12442465835931799,tvm
6,3,197,1,192,96,6,1,[6; 3; 197; 1; 192; 96; 6; 1],0.003969643534219358,0.21778997634823838,tvm
6,1,197,1,96,48,3,1,[6; 1; 197; 1; 96; 48; 3; 1],0.005876187315152492,0.1471274697454289,tvm
12,12,1,1,96,32,2,1,[12; 12; 1; 1; 96; 32; 2; 1],0.0036219765679561533,0.23869524145387497,tvm
12,12,197,1,192,192,12,1,[12; 12; 197; 1; 192; 192; 12; 1],0.002654864438227378,0.32564697427858896,tvm
12,2,197,1,384,96,6,1,[12; 2; 197; 1; 384; 96; 6; 1],0.0025556269829394296,0.33829215969311194,tvm
8,2,1,1,128,32,2,1,[8; 2; 1; 1; 128; 32; 2; 1],0.002999579875904601,0.2882232203160932,tvm
12,12,197,1,128,64,4,1,[12; 12; 197; 1; 128; 64; 4; 1],0.004061459250806365,0.212866489121348,tvm
12,3,197,1,64,64,4,1,[12; 3; 197; 1; 64; 64; 4; 1],0.005436338564322796,0.15903140711330369,tvm
12,12,197,1,192,96,6,1,[12; 12; 197; 1; 192; 96; 6; 1],0.0026302984842914157,0.32868838901432695,tvm
12,2,1,1,128,128,8,1,[12; 2; 1; 1; 128; 128; 8; 1],0.00345958121761214,0.2498997760270236,tvm
12,3,1,1,96,96,6,1,[12; 3; 1; 1; 96; 96; 6; 1],0.0024619181895104703,0.35116868428535347,tvm
8,1,1,1,128,32,2,1,[8; 1; 1; 1; 128; 32; 2; 1],0.0038125398132251576,0.22676447034849984,tvm
12,6,197,1,128,64,4,1,[12; 6; 197; 1; 128; 64; 4; 1],0.004030731652164832,0.21448924067277916,tvm
12,6,197,1,192,48,3,1,[12; 6; 197; 1; 192; 48; 3; 1],0.004681761529354844,0.18466309443738538,tvm
8,8,197,1,192,48,3,1,[8; 8; 197; 1; 192; 48; 3; 1],0.0037460979947354645,0.23078642700846447,tvm
8,8,197,1,192,96,6,1,[8; 8; 197; 1; 192; 96; 6; 1],0.004120019970287103,0.2098408691374196,tvm
6,2,1,1,128,128,8,1,[6; 2; 1; 1; 128; 128; 8; 1],0.003953308027121238,0.21868990867836005,tvm
6,3,1,1,96,32,2,1,[6; 3; 1; 1; 96; 32; 2; 1],0.004460954187379684,0.19380350819885864,tvm
12,1,1,1,64,32,2,1,[12; 1; 1; 1; 64; 32; 2; 1],0.0033347165590384975,0.2592569881494959,tvm
6,1,1,1,96,32,2,1,[6; 1; 1; 1; 96; 32; 2; 1],0.0027245773271715734,0.31731474926647535,tvm
6,1,1,1,64,32,2,1,[6; 1; 1; 1; 64; 32; 2; 1],0.004217001274810173,0.20501501305984046,tvm
12,1,197,1,128,128,8,1,[12; 1; 197; 1; 128; 128; 8; 1],0.003874825211823918,0.22311937291788703,tvm
6,1,197,1,128,128,8,1,[6; 1; 197; 1; 128; 128; 8; 1],0.004249520621669944,0.20344614096467842,tvm
12,4,1,1,64,64,4,1,[12; 4; 1; 1; 64; 64; 4; 1],0.006750867440132424,0.12806481227716307,tvm
12,1,1,1,96,96,6,1,[12; 1; 1; 1; 96; 96; 6; 1],0.0038611237177974544,0.22391112914707273,tvm
16,1,197,1,96,32,2,1,[16; 1; 197; 1; 96; 32; 2; 1],0.0016712997494323645,0.5172911512265853,tvm
8,8,1,1,192,96,6,1,[8; 8; 1; 1; 192; 96; 6; 1],0.0015369320317404345,0.5625158130444776,tvm
16,2,197,1,96,32,2,1,[16; 2; 197; 1; 96; 32; 2; 1],0.005204891938774381,0.16610307795019286,tvm
48,2,1,1,128,128,8,1,[48; 2; 1; 1; 128; 128; 8; 1],0.008205769190681167,0.10535862651491476,tvm
12,6,197,1,128,128,8,0,[12; 6; 197; 1; 128; 128; 8; 0],0.005833060778968502,0.148215251681546,tvm
12,2,197,1,64,32,2,1,[12; 2; 197; 1; 64; 32; 2; 1],0.006254897001781501,0.13821947366716564,tvm
12,1,197,1,256,128,8,1,[12; 1; 197; 1; 256; 128; 8; 1],0.007055471884086728,0.1225358963414649,tvm
12,12,197,1,128,128,8,0,[12; 12; 197; 1; 128; 128; 8; 0],0.0058677186534623615,0.14733981339040986,tvm
12,1,1,1,128,128,8,0,[12; 1; 1; 1; 128; 128; 8; 0],0.0020223996689310297,0.427486507593003,tvm
4,1,197,1,256,128,8,1,[4; 1; 197; 1; 256; 128; 8; 1],0.0021779455018986482,0.39695601688604765,tvm
16,2,197,1,64,64,4,1,[16; 2; 197; 1; 64; 64; 4; 1],0.004141293618886266,0.2087629255471815,tvm
24,2,1,1,64,32,2,1,[24; 2; 1; 1; 64; 32; 2; 1],0.005259206001937855,0.16438766062976273,tvm
4,2,197,1,64,32,2,1,[4; 2; 197; 1; 64; 32; 2; 1],0.006181141594424844,0.1398687537280106,tvm
12,12,1,1,128,32,2,1,[12; 12; 1; 1; 128; 32; 2; 1],0.0036271793433115818,0.2383528603356145,tvm
12,4,197,1,96,48,3,1,[12; 4; 197; 1; 96; 48; 3; 1],0.004472362095839344,0.19330916256375222,tvm
6,2,197,1,32,32,2,1,[6; 2; 197; 1; 32; 32; 2; 1],0.0043987038734485395,0.19654620913382242,tvm
8,4,197,1,32,32,2,1,[8; 4; 197; 1; 32; 32; 2; 1],0.0015040725775179453,0.5748050887645788,tvm
12,6,1,1,128,128,8,1,[12; 6; 1; 1; 128; 128; 8; 1],0.0012928221949550789,0.6687296789939559,tvm
8,4,197,1,384,48,3,1,[8; 4; 197; 1; 384; 48; 3; 1],0.004457280221686233,0.19396325302193007,tvm
12,6,197,1,96,48,3,1,[12; 6; 197; 1; 96; 48; 3; 1],0.002788288842566544,0.31006420792215267,tvm
8,4,197,1,192,64,4,1,[8; 4; 197; 1; 192; 64; 4; 1],0.0038404770311899483,0.22511489182391914,tvm
6,3,197,1,96,48,3,1,[6; 3; 197; 1; 96; 48; 3; 1],0.005763742905401159,0.1499977680507591,tvm
12,2,197,1,96,32,2,1,[12; 2; 197; 1; 96; 32; 2; 1],0.0030758021712244954,0.2810806818191397,tvm
6,6,197,1,96,32,2,1,[6; 6; 197; 1; 96; 32; 2; 1],0.0054310642153723165,0.15918584961332552,tvm
6,1,197,1,96,48,3,1,[6; 1; 197; 1; 96; 48; 3; 1],0.0014681899610877736,0.588853346189639,tvm
4,2,1,1,96,32,2,1,[4; 2; 1; 1; 96; 32; 2; 1],0.0032935410272330046,0.2624981939741928,tvm
6,3,1,1,384,96,6,1,[6; 3; 1; 1; 384; 96; 6; 1],0.0031759674311615527,0.2722158177523812,tvm
12,4,1,1,128,128,8,1,[12; 4; 1; 1; 128; 128; 8; 1],0.003976374311605468,0.21742132497569333,tvm
12,4,197,1,192,48,3,1,[12; 4; 197; 1; 192; 48; 3; 1],0.006907113565830514,0.12516785241602116,tvm
12,6,197,1,256,32,2,1,[12; 6; 197; 1; 256; 32; 2; 1],0.004199243783659767,0.20588196731819444,tvm
6,2,1,1,384,192,12,1,[6; 2; 1; 1; 384; 192; 12; 1],0.006552751117851585,0.13193673250816615,tvm
12,6,1,1,128,64,4,1,[12; 6; 1; 1; 128; 64; 4; 1],0.006513749554869719,0.13272671356887364,tvm
4,4,197,1,192,96,6,1,[4; 4; 197; 1; 192; 96; 6; 1],0.0032054092807811685,0.2697155014219832,tvm
4,2,1,1,64,32,2,1,[4; 2; 1; 1; 64; 32; 2; 1],0.001697654828603845,0.5092605144825453,tvm
12,12,197,1,192,32,2,1,[12; 12; 197; 1; 192; 32; 2; 1],0.004607021684932988,0.18765888909445122,tvm
12,2,197,1,192,96,6,1,[12; 2; 197; 1; 192; 96; 6; 1],0.003803275467362255,0.22731684277083808,tvm
6,3,197,1,384,192,12,1,[6; 3; 197; 1; 384; 192; 12; 1],0.0057455542191746645,0.15047261559960734,tvm
8,2,197,1,384,128,8,1,[8; 2; 197; 1; 384; 128; 8; 1],0.0025390305781911593,0.3405034105751053,tvm
6,6,197,1,384,48,3,1,[6; 6; 197; 1; 384; 48; 3; 1],0.002996699375216849,0.2885002675204984,tvm
12,12,1,1,96,32,2,1,[12; 12; 1; 1; 96; 32; 2; 1],0.006681363127427176,0.12939703394949095,tvm
8,8,197,1,192,32,2,1,[8; 8; 197; 1; 192; 32; 2; 1],0.004681397811509669,0.1846774417040558,tvm
6,2,197,1,384,192,12,1,[6; 2; 197; 1; 384; 192; 12; 1],0.004459262563614175,0.19387702766886772,tvm
12,4,1,1,128,64,4,1,[12; 4; 1; 1; 128; 64; 4; 1],0.004874996469879989,0.17734342512249135,tvm
4,4,197,1,128,128,8,1,[4; 4; 197; 1; 128; 128; 8; 1],0.004848858188779559,0.17829941354630033,tvm
6,2,197,1,384,128,8,1,[6; 2; 197; 1; 384; 128; 8; 1],0.004012958685052581,0.21543919070207007,tvm
16,2,1,1,64,64,4,1,[16; 2; 1; 1; 64; 64; 4; 1],0.004137334122788161,0.2089627150649244,tvm
12,6,197,1,128,128,8,1,[12; 6; 197; 1; 128; 128; 8; 1],0.005285515995637979,0.16356937944035443,tvm
12,2,1,1,96,32,2,1,[12; 2; 1; 1; 96; 32; 2; 1],0.00891011038038414,0.0970300629868626,tvm
12,4,197,1,384,64,4,1,[12; 4; 197; 1; 384; 64; 4; 1],0.0013898205779696582,0.6220576850945473,tvm
6,6,1,1,128,64,4,1,[6; 6; 1; 1; 128; 64; 4; 1],0.0013609552897833055,0.6352512664587437,tvm
12,2,1,1,64,32,2,1,[12; 2; 1; 1; 64; 32; 2; 1],0.006581184759852476,0.13136670720789048,tvm
6,2,1,1,128,128,8,1,[6; 2; 1; 1; 128; 128; 8; 1],0.0026428751116327476,0.32712426236987796,tvm
6,3,1,1,96,32,2,1,[6; 3; 1; 1; 96; 32; 2; 1],0.00542415447125677,0.1593886339354669,tvm
8,2,1,1,96,48,3,1,[8; 2; 1; 1; 96; 48; 3; 1],0.0027854540494445246,0.310379764333567,tvm
4,1,197,1,96,96,6,1,[4; 1; 197; 1; 96; 96; 6; 1],0.004931722687615547,0.17530356554710794,tvm
8,8,197,1,192,96,6,1,[8; 8; 197; 1; 192; 96; 6; 1],0.00884216530539561,0.09777566258583878,tvm
12,2,1,1,96,96,6,1,[12; 2; 1; 1; 96; 96; 6; 1],0.0020937204717483837,0.4129245441759572,tvm
8,8,197,1,384,128,8,1,[8; 8; 197; 1; 384; 128; 8; 1],0.0012778219606843777,0.6765798350855821,tvm
6,3,197,1,96,96,6,1,[6; 3; 197; 1; 96; 96; 6; 1],0.005270666253636591,0.1640302249894993,tvm
6,3,1,1,96,96,6,1,[6; 3; 1; 1; 96; 96; 6; 1],0.0026133317514904775,0.33082235768018664,tvm
12,6,197,1,192,64,4,1,[12; 6; 197; 1; 192; 64; 4; 1],0.003994523562141694,0.21643346396110305,tvm
6,1,1,1,64,32,2,1,[6; 1; 1; 1; 64; 32; 2; 1],0.004206440127745736,0.2055297460971802,tvm
8,1,197,1,64,64,4,1,[8; 1; 197; 1; 64; 64; 4; 1],0.002641242688696366,0.3273264418784952,tvm
6,1,197,1,128,128,8,1,[6; 1; 197; 1; 128; 128; 8; 1],0.005662707277224399,0.1526740707410067,tvm
12,6,197,1,64,32,2,1,[12; 6; 197; 1; 64; 32; 2; 1],0.0015730784034531098,0.5495902617001008,tvm
8,4,1,1,192,64,4,1,[8; 4; 1; 1; 192; 64; 4; 1],0.0019279882035334595,0.4484200524899983,tvm
12,12,1,1,256,64,4,1,[12; 12; 1; 1; 256; 64; 4; 1],0.004268316748493817,0.2025502375693297,tvm
16,4,197,1,384,96,6,1,[16; 4; 197; 1; 384; 96; 6; 1],0.0026307188127248082,0.3286358721603932,tvm
12,6,1,1,256,64,4,1,[12; 6; 1; 1; 256; 64; 4; 1],0.006164501122839283,0.1402463158333196,tvm
12,12,197,1,192,32,2,1,[12; 12; 197; 1; 192; 32; 2; 1],0.004629601593478583,0.18674362231221028,tvm
6,2,197,1,192,64,4,1,[6; 2; 197; 1; 192; 64; 4; 1],0.0041142225891235285,0.21013655744200999,tvm
12,6,197,1,96,32,2,1,[12; 6; 197; 1; 96; 32; 2; 1],0.003079551326663932,0.28073848418858277,tvm
6,6,1,1,192,64,4,1,[6; 6; 1; 1; 192; 64; 4; 1],0.0014093939371377928,0.613418682064365,tvm
24,1,197,1,96,32,2,1,[24; 1; 197; 1; 96; 32; 2; 1],0.001873756424174644,0.46139858963226205,tvm
8,2,197,1,128,32,2,1,[8; 2; 197; 1; 128; 32; 2; 1],0.004719935997854918,0.183169553956131,tvm
6,1,1,1,128,128,8,0,[6; 1; 1; 1; 128; 128; 8; 0],0.005748595533077605,0.15039300755357216,tvm
16,1,1,1,96,96,6,1,[16; 1; 1; 1; 96; 96; 6; 1],0.009120330942096189,0.09479355265916109,tvm
12,6,197,1,192,96,6,0,[12; 6; 197; 1; 192; 96; 6; 0],0.003277826246630866,0.2637566809153484,tvm
8,2,1,1,256,128,8,1,[8; 2; 1; 1; 256; 128; 8; 1],0.003723481437191367,0.23218823190393098,tvm
6,2,1,1,384,192,12,1,[6; 2; 1; 1; 384; 192; 12; 1],0.0064515044941799715,0.1340072803496452,tvm
4,1,1,1,128,32,2,1,[4; 1; 1; 1; 128; 32; 2; 1],0.004881105996901169,0.17712144992906131,tvm
8,2,197,1,384,192,12,1,[8; 2; 197; 1; 384; 192; 12; 1],0.0028060324548278004,0.3081035538064105,tvm
6,1,1,1,384,128,8,1,[6; 1; 1; 1; 384; 128; 8; 1],0.003227998342481442,0.2678280716724196,tvm
12,3,197,1,192,96,6,1,[12; 3; 197; 1; 192; 96; 6; 1],0.004995364317437634,0.17307017396321567,tvm
4,2,1,1,384,128,8,1,[4; 2; 1; 1; 384; 128; 8; 1],0.005028984283853788,0.17191315832986745,tvm
12,6,1,1,192,96,6,1,[12; 6; 1; 1; 192; 96; 6; 1],0.007537158307968639,0.11470484446565622,tvm
8,4,197,1,384,48,3,1,[8; 4; 197; 1; 384; 48; 3; 1],0.00568115553323878,0.15217829654026377,tvm
6,1,197,1,384,96,6,1,[6; 1; 197; 1; 384; 96; 6; 1],0.006756694128853269,0.12795437457153336,tvm
8,2,1,1,384,128,8,1,[8; 2; 1; 1; 384; 128; 8; 1],0.0034907103108707815,0.24767124580237762,tvm
6,3,197,1,192,96,6,1,[6; 3; 197; 1; 192; 96; 6; 1],0.0026197609840892255,0.3300104767874984,tvm
4,1,1,1,32,32,2,1,[4; 1; 1; 1; 32; 32; 2; 1],0.003013778263266431,0.2868653550150519,tvm
12,4,1,1,96,48,3,1,[12; 4; 1; 1; 96; 48; 3; 1],0.004339495782915037,0.19922788606740266,tvm
6,1,197,1,384,128,8,1,[6; 1; 197; 1; 384; 128; 8; 1],0.0026224184221064206,0.3296760593735209,tvm
8,8,197,1,384,32,2,1,[8; 8; 197; 1; 384; 32; 2; 1],0.004888747906079516,0.17684458025611055,tvm
6,6,197,1,192,64,4,1,[6; 6; 197; 1; 192; 64; 4; 1],0.004107157808903139,0.21049801630569887,tvm
4,4,197,1,64,32,2,1,[4; 4; 197; 1; 64; 32; 2; 1],0.007610394386574626,0.11360102085559555,tvm
4,4,197,1,32,32,2,1,[4; 4; 197; 1; 32; 32; 2; 1],0.0030173071099852677,0.2865298558994854,tvm
8,2,197,1,192,96,6,1,[8; 2; 197; 1; 192; 96; 6; 1],0.002188204936828697,0.39509488205503135,tvm
8,4,1,1,128,32,2,1,[8; 4; 1; 1; 128; 32; 2; 1],0.00262002665840555,0.3299770132700494,tvm
12,6,197,1,192,48,3,1,[12; 6; 197; 1; 192; 48; 3; 1],0.002764129578281427,0.3127742556722311,tvm
8,4,1,1,384,96,6,1,[8; 4; 1; 1; 384; 96; 6; 1],0.004773333530465607,0.18112050329410787,tvm
8,2,197,1,32,32,2,1,[8; 2; 197; 1; 32; 32; 2; 1],0.00297423628217075,0.2906791826228344,tvm
4,2,197,1,256,128,8,1,[4; 2; 197; 1; 256; 128; 8; 1],0.004388458473840728,0.19700507059189018,tvm
12,2,197,1,48,48,3,1,[12; 2; 197; 1; 48; 48; 3; 1],0.004273448124877177,0.20230702378150883,tvm
4,1,1,1,64,32,2,1,[4; 1; 1; 1; 64; 32; 2; 1],0.0016943660957622342,0.5102489795982622,tvm
4,2,1,1,96,32,2,1,[4; 2; 1; 1; 96; 32; 2; 1],0.0016488486107846256,0.5243347180413155,tvm
4,2,1,1,64,64,4,1,[4; 2; 1; 1; 64; 64; 4; 1],0.005072720938187558,0.17043093479087923,tvm
12,12,197,1,96,96,6,1,[12; 12; 197; 1; 96; 96; 6; 1],0.002505255375581328,0.34509398916186684,tvm
4,1,197,1,128,64,4,1,[4; 1; 197; 1; 128; 64; 4; 1],0.006752519810106605,0.12803347427942197,tvm
12,1,197,1,384,64,4,1,[12; 1; 197; 1; 384; 64; 4; 1],0.0046443135652225465,0.18615206731570974,tvm
6,3,197,1,96,96,6,1,[6; 3; 197; 1; 96; 96; 6; 1],0.003938465466490015,0.21951406678171598,tvm
12,4,197,1,128,128,8,1,[12; 4; 197; 1; 128; 128; 8; 1],0.005164982940186746,0.16738652991510414,tvm
8,8,1,1,192,96,6,1,[8; 8; 1; 1; 192; 96; 6; 1],0.0015409335628646659,0.5610550592598789,tvm
6,6,1,1,96,32,2,1,[6; 6; 1; 1; 96; 32; 2; 1],0.0013626724139612634,0.6344507767023365,tvm
24,3,1,1,64,64,4,1,[24; 3; 1; 1; 64; 64; 4; 1],0.004598218874889426,0.18801814244855,tvm
8,8,197,1,64,32,2,1,[8; 8; 197; 1; 64; 32; 2; 1],0.010993582123774104,0.07864120736033318,tvm
6,2,1,1,96,32,2,1,[6; 2; 1; 1; 96; 32; 2; 1],0.0040644619657541625,0.2127092290967358,tvm
12,3,1,1,128,128,8,1,[12; 3; 1; 1; 128; 128; 8; 1],0.002579919517302187,0.3351067991193101,tvm
8,2,1,1,48,48,3,1,[8; 2; 1; 1; 48; 48; 3; 1],0.002843756796210073,0.30401635350138634,tvm
6,1,197,1,128,128,8,1,[6; 1; 197; 1; 128; 128; 8; 1],0.005243749314104207,0.1648722163554195,tvm
8,1,1,1,48,48,3,1,[8; 1; 1; 1; 48; 48; 3; 1],0.004523407369561028,0.19112772757242757,tvm
6,2,1,1,96,96,6,1,[6; 2; 1; 1; 96; 96; 6; 1],0.003645599623268936,0.23714852445956422,tvm
8,8,197,1,96,96,6,1,[8; 8; 197; 1; 96; 96; 6; 1],0.0037719357205787674,0.22920554205412458,tvm
8,8,197,1,128,64,4,1,[8; 8; 197; 1; 128; 64; 4; 1],0.0026329200009058695,0.32836112420093244,tvm
8,1,1,1,64,32,2,1,[8; 1; 1; 1; 64; 32; 2; 1],0.00416986778145656,0.20733237041069427,tvm
8,1,197,1,64,64,4,1,[8; 1; 197; 1; 64; 64; 4; 1],0.004493823347729631,0.19238597170611046,tvm
8,8,1,1,128,64,4,1,[8; 8; 1; 1; 128; 64; 4; 1],0.0056986281560966745,0.15171170108785473,tvm
8,8,197,1,384,128,8,1,[8; 8; 197; 1; 384; 128; 8; 1],0.005108622252009809,0.16923321568519673,tvm
12,6,197,1,384,64,4,0,[12; 6; 197; 1; 384; 64; 4; 0],0.0019043790307478048,0.453979253851101,tvm
12,12,197,1,384,32,2,1,[12; 12; 197; 1; 384; 32; 2; 1],0.0032187413453357294,0.2685983366390675,tvm
8,8,197,1,128,32,2,1,[8; 8; 197; 1; 128; 32; 2; 1],0.004362443905847613,0.1981798712115684,tvm
6,2,197,1,64,32,2,1,[6; 2; 197; 1; 64; 32; 2; 1],0.0036326781919342466,0.2379920614350472,tvm
8,2,1,1,192,64,4,1,[8; 2; 1; 1; 192; 64; 4; 1],0.004149346124904696,0.2083577858784747,tvm
8,4,197,1,128,32,2,1,[8; 4; 197; 1; 128; 32; 2; 1],0.0031354396560345776,0.27573439972433555,tvm
8,4,1,1,256,128,8,1,[8; 4; 1; 1; 256; 128; 8; 1],0.007542475999798626,0.11462397380537288,tvm
12,2,1,1,384,64,4,1,[12; 2; 1; 1; 384; 64; 4; 1],0.009257431127480231,0.09338968440847496,tvm
6,2,1,1,192,64,4,1,[6; 2; 1; 1; 192; 64; 4; 1],0.001410473203577567,0.6129493061163475,tvm
6,3,1,1,384,48,3,1,[6; 3; 1; 1; 384; 48; 3; 1],0.0017522246853332035,0.49340052030152093,tvm
16,16,197,1,384,96,6,1,[16; 16; 197; 1; 384; 96; 6; 1],0.0039382567192660645,0.2195257021207315,tvm
4,1,197,1,384,192,12,1,[4; 1; 197; 1; 384; 192; 12; 1],0.0048970670977723785,0.17654415472923476,tvm
12,4,197,1,96,32,2,1,[12; 4; 197; 1; 96; 32; 2; 1],0.004610868745658081,0.18750231661716488,tvm
8,2,197,1,64,32,2,1,[8; 2; 197; 1; 64; 32; 2; 1],0.003151494121993892,0.27432974264333626,tvm
12,3,197,1,48,48,3,1,[12; 3; 197; 1; 48; 48; 3; 1],0.00285111782795866,0.30323144240151234,tvm
16,4,197,1,384,96,6,1,[16; 4; 197; 1; 384; 96; 6; 1],0.005236543591308873,0.16509908804415732,tvm
4,4,197,1,192,64,4,1,[4; 4; 197; 1; 192; 64; 4; 1],0.003436707593209576,0.251563028852612,tvm
12,3,1,1,32,32,2,1,[12; 3; 1; 1; 32; 32; 2; 1],0.003736111189937219,0.23140333022130938,tvm
12,12,197,1,192,96,6,0,[12; 12; 197; 1; 192; 96; 6; 0],0.003932736159185879,0.21983386030339314,tvm
12,12,1,1,96,32,2,1,[12; 12; 1; 1; 96; 32; 2; 1],0.004977048032742459,0.1737070982118263,tvm
6,1,197,1,384,128,8,1,[6; 1; 197; 1; 384; 128; 8; 1],0.005339793213352095,0.1619067512327588,tvm
12,6,197,1,384,192,12,1,[12; 6; 197; 1; 384; 192; 12; 1],0.009815064258873463,0.08808384220683657,tvm
12,4,197,1,32,32,2,1,[12; 4; 197; 1; 32; 32; 2; 1],0.004570320095808711,0.18916586875860625,tvm
24,3,197,1,96,32,2,1,[24; 3; 197; 1; 96; 32; 2; 1],0.006317778752418235,0.13684375558381986,tvm
8,1,197,1,48,48,3,1,[8; 1; 197; 1; 48; 48; 3; 1],0.0014429103830480017,0.5991699703499952,tvm
12,2,1,1,64,32,2,1,[12; 2; 1; 1; 64; 32; 2; 1],0.001682270405581221,0.5139177201003376,tvm
24,2,1,1,48,48,3,1,[24; 2; 1; 1; 48; 48; 3; 1],0.0034734076834865846,0.24890500920431632,tvm
6,6,197,1,384,48,3,1,[6; 6; 197; 1; 384; 48; 3; 1],0.004610473661159631,0.18751838421979386,tvm
4,4,197,1,384,192,12,1,[4; 4; 197; 1; 384; 192; 12; 1],0.006614011377678253,0.1307147088295542,tvm
12,3,1,1,96,48,3,1,[12; 3; 1; 1; 96; 48; 3; 1],0.00370642299822066,0.2332568548823528,tvm
6,2,197,1,192,192,12,1,[6; 2; 197; 1; 192; 192; 12; 1],0.004319048653997015,0.20017106559530987,tvm
6,3,197,1,256,128,8,1,[6; 3; 197; 1; 256; 128; 8; 1],0.005167881121451501,0.1672926584630387,tvm
12,4,1,1,128,64,4,1,[12; 4; 1; 1; 128; 64; 4; 1],0.0016330327634932473,0.5294128756971178,tvm
12,3,1,1,64,32,2,1,[12; 3; 1; 1; 64; 32; 2; 1],0.0017326627021247987,0.4989710751944728,tvm
12,4,1,1,32,32,2,1,[12; 4; 1; 1; 32; 32; 2; 1],0.004407018059282564,0.1961754092673981,tvm
8,2,1,1,192,96,6,1,[8; 2; 1; 1; 192; 96; 6; 1],0.00403916268987814,0.21404153231932693,tvm
4,4,197,1,128,64,4,1,[4; 4; 197; 1; 128; 64; 4; 1],0.003366916687809862,0.2567775361233989,tvm
6,3,1,1,192,64,4,1,[6; 3; 1; 1; 192; 64; 4; 1],0.002818818436935544,0.3067060155773844,tvm
12,4,197,1,192,96,6,1,[12; 4; 197; 1; 192; 96; 6; 1],0.005028858686273452,0.17191745192371474,tvm
12,12,197,1,64,64,4,1,[12; 12; 197; 1; 64; 64; 4; 1],0.005426872623502277,0.15930880111032122,tvm
12,3,197,1,128,64,4,1,[12; 3; 197; 1; 128; 64; 4; 1],0.004019734064058866,0.2150760616625485,tvm
12,6,197,1,128,128,8,1,[12; 6; 197; 1; 128; 128; 8; 1],0.0025795841247600038,0.3351503690576504,tvm
8,1,197,1,32,32,2,1,[8; 1; 197; 1; 32; 32; 2; 1],0.002978410313517088,0.2902718163125281,tvm
8,4,1,1,192,96,6,1,[8; 4; 1; 1; 192; 96; 6; 1],0.002681613124877913,0.322398694803499,tvm
8,2,197,1,384,96,6,1,[8; 2; 197; 1; 384; 96; 6; 1],0.0025723484068294056,0.3360931082015388,tvm
8,2,197,1,192,96,6,1,[8; 2; 197; 1; 192; 96; 6; 1],0.002554556282120757,0.3384339493631494,tvm
6,1,197,1,96,32,2,1,[6; 1; 197; 1; 96; 32; 2; 1],0.006441735371481627,0.13421050719593924,tvm
16,1,197,1,96,32,2,1,[16; 1; 197; 1; 96; 32; 2; 1],0.0033249563130084425,0.2600180243109186,tvm
12,1,1,1,32,32,2,1,[12; 1; 1; 1; 32; 32; 2; 1],0.004478181719605345,0.19305794752446148,tvm
8,4,197,1,32,32,2,1,[8; 4; 197; 1; 32; 32; 2; 1],0.0036316949626780115,0.23805649436786766,tvm
6,3,1,1,48,48,3,1,[6; 3; 1; 1; 48; 48; 3; 1],0.004415318340761587,0.1958066224686865,tvm
4,2,1,1,32,32,2,1,[4; 2; 1; 1; 32; 32; 2; 1],0.00494653112400556,0.17477875904447654,tvm
12,6,197,1,256,64,4,1,[12; 6; 197; 1; 256; 64; 4; 1],0.003946961063775234,0.21904157590083703,tvm
6,1,1,1,96,48,3,1,[6; 1; 1; 1; 96; 48; 3; 1],0.0027506319820531644,0.3143090668142538,tvm
12,4,1,1,96,96,6,1,[12; 4; 1; 1; 96; 96; 6; 1],0.004346501220425125,0.19890678216443963,tvm
8,1,1,1,96,32,2,1,[8; 1; 1; 1; 96; 32; 2; 1],0.004499278657021932,0.19215270654092254,tvm
8,4,197,1,96,96,6,1,[8; 4; 197; 1; 96; 96; 6; 1],0.001259156257219729,0.6866094390362096,tvm
8,1,1,1,96,48,3,1,[8; 1; 1; 1; 96; 48; 3; 1],0.001637115219637053,0.5280926846555376,tvm
12,4,1,1,64,64,4,1,[12; 4; 1; 1; 64; 64; 4; 1],0.004061038591316901,0.212888538729256,tvm
8,4,1,1,128,64,4,1,[8; 4; 1; 1; 128; 64; 4; 1],0.0035222894439357333,0.2454507459394202,tvm
12,4,197,1,384,96,6,1,[12; 4; 197; 1; 384; 96; 6; 1],0.00391533622314455,0.22081081218976917,tvm
8,8,1,1,128,64,4,1,[8; 8; 1; 1; 128; 64; 4; 1],0.005328941813786514,0.16223644423962302,tvm
6,1,1,1,128,128,8,1,[6; 1; 1; 1; 128; 128; 8; 1],0.00396095793985296,0.21826754652705688,tvm
8,1,1,1,96,96,6,1,[8; 1; 1; 1; 96; 96; 6; 1],0.004000362656370271,0.21611754875569694,tvm
4,2,197,1,192,48,3,1,[4; 2; 197; 1; 192; 48; 3; 1],0.0017759993424988352,0.48679554701419514,tvm
8,1,197,1,192,64,4,1,[8; 1; 197; 1; 192; 64; 4; 1],0.0012821171549148858,0.6743132389379541,tvm
6,2,197,1,32,32,2,1,[6; 2; 197; 1; 32; 32; 2; 1],0.004401172467623837,0.19643596741286878,tvm
8,8,197,1,384,128,8,0,[8; 8; 197; 1; 384; 128; 8; 0],0.004367614870716352,0.19794523945440567,tvm
6,6,1,1,192,192,12,1,[6; 6; 1; 1; 192; 192; 12; 1],0.004301596440200228,0.2009831892524834,tvm
8,2,197,1,384,48,3,1,[8; 2; 197; 1; 384; 48; 3; 1],0.0040236748463939875,0.2148654164248333,tvm
12,4,1,1,128,128,8,0,[12; 4; 1; 1; 128; 128; 8; 0],0.009870729874819517,0.08758709663750973,tvm
12,12,1,1,128,128,8,0,[12; 12; 1; 1; 128; 128; 8; 0],0.007538064062828198,0.11469106181941924,tvm
6,6,1,1,384,128,8,1,[6; 6; 1; 1; 384; 128; 8; 1],0.003183066721248906,0.2716086865717215,tvm
6,1,197,1,192,96,6,1,[6; 1; 197; 1; 192; 96; 6; 1],0.003936583183531184,0.21961902775113118,tvm
12,4,197,1,384,48,3,0,[12; 4; 197; 1; 384; 48; 3; 0],0.0033279490962740965,0.2597841933329155,tvm
4,2,1,1,192,32,2,1,[4; 2; 1; 1; 192; 32; 2; 1],0.006622640430578031,0.13054439245059735,tvm
4,4,1,1,128,128,8,1,[4; 4; 1; 1; 128; 128; 8; 1],0.006477111310232431,0.13347749174277307,tvm
6,6,197,1,32,32,2,1,[6; 6; 197; 1; 32; 32; 2; 1],0.0043978124085697345,0.1965860503153525,tvm
8,8,1,1,256,128,8,1,[8; 8; 1; 1; 256; 128; 8; 1],0.007407544006127864,0.11671190487877989,tvm
12,1,1,1,128,128,8,0,[12; 1; 1; 1; 128; 128; 8; 0],0.004870033313636668,0.1775241596413177,tvm
6,6,197,1,256,128,8,1,[6; 6; 197; 1; 256; 128; 8; 1],0.006919592997292057,0.12494211318019825,tvm
4,1,1,1,32,32,2,1,[4; 1; 1; 1; 32; 32; 2; 1],0.00453851049678633,0.19049169811125233,tvm
6,6,1,1,256,64,4,1,[6; 6; 1; 1; 256; 64; 4; 1],0.005920362687902525,0.1460296635534106,tvm
8,8,1,1,384,96,6,1,[8; 8; 1; 1; 384; 96; 6; 1],0.006595694008865394,0.13107772590215916,tvm
24,2,1,1,64,64,4,1,[24; 2; 1; 1; 64; 64; 4; 1],0.009620575321605429,0.08986453954442926,tvm
6,1,1,1,192,48,3,1,[6; 1; 1; 1; 192; 48; 3; 1],0.003105753719864879,0.27836997051594453,tvm
12,6,197,1,384,128,8,0,[12; 6; 197; 1; 384; 128; 8; 0],0.003053693890251452,0.2831156633572664,tvm
12,1,197,1,384,96,6,1,[12; 1; 197; 1; 384; 96; 6; 1],0.003791372313571628,0.22803051241731814,tvm
8,8,1,1,192,192,12,1,[8; 8; 1; 1; 192; 192; 12; 1],0.001400479553922196,0.6173232368921836,tvm
12,12,197,1,256,64,4,1,[12; 12; 197; 1; 256; 64; 4; 1],0.0018197221725131385,0.47509921266419547,tvm
6,6,197,1,192,64,4,1,[6; 6; 197; 1; 192; 64; 4; 1],0.0032209499695454724,0.2684141571905797,tvm
6,6,197,1,192,96,6,1,[6; 6; 197; 1; 192; 96; 6; 1],0.003413926315261051,0.25324171982383936,tvm
12,12,1,1,96,96,6,1,[12; 12; 1; 1; 96; 96; 6; 1],0.003773206153709907,0.22912836887497556,tvm
4,2,1,1,128,32,2,1,[4; 2; 1; 1; 128; 32; 2; 1],0.0032486551281181164,0.26612506940045305,tvm
6,6,197,1,64,64,4,1,[6; 6; 197; 1; 64; 64; 4; 1],0.005619081493932754,0.15385941142908752,tvm
4,4,1,1,64,64,4,1,[4; 4; 1; 1; 64; 64; 4; 1],0.008452304260572419,0.10228554779569911,tvm
12,2,197,1,384,128,8,1,[12; 2; 197; 1; 384; 128; 8; 1],0.0035826377497869544,0.24131621219030105,tvm
8,4,1,1,128,32,2,1,[8; 4; 1; 1; 128; 32; 2; 1],0.0030807154362264555,0.28063240157213293,tvm
8,4,197,1,96,48,3,1,[8; 4; 197; 1; 96; 48; 3; 1],0.0040676846911082976,0.21254070486791174,tvm
6,1,197,1,64,64,4,1,[6; 1; 197; 1; 64; 64; 4; 1],0.003971176090999506,0.21770592681297415,tvm
6,2,197,1,128,64,4,1,[6; 2; 197; 1; 128; 64; 4; 1],0.0041851565620163456,0.20657496526534838,tvm
12,4,1,1,128,128,8,1,[12; 4; 1; 1; 128; 128; 8; 1],0.002584398986073211,0.3345259675798683,tvm
6,1,1,1,128,32,2,1,[6; 1; 1; 1; 128; 32; 2; 1],0.005602939876553137,0.15430266797016418,tvm
8,8,197,1,128,64,4,1,[8; 8; 197; 1; 128; 64; 4; 1],0.003961703812819906,0.21822645313133426,tvm
6,3,1,1,48,48,3,1,[6; 3; 1; 1; 48; 48; 3; 1],0.0014707643349538557,0.587822638122168,tvm
6,3,1,1,384,64,4,1,[6; 3; 1; 1; 384; 64; 4; 1],0.0033748822170309722,0.25617147972326915,tvm
8,2,197,1,192,96,6,1,[8; 2; 197; 1; 192; 96; 6; 1],0.002540190063882619,0.3403479856570771,tvm
8,8,197,1,384,192,12,1,[8; 8; 197; 1; 384; 192; 12; 1],0.004111912443477195,0.21025461590263705,tvm
8,2,197,1,128,64,4,1,[8; 2; 197; 1; 128; 64; 4; 1],0.002647560500918189,0.32654535038150817,tvm
8,4,197,1,192,96,6,1,[8; 4; 197; 1; 192; 96; 6; 1],0.0037814666284248233,0.22862784638369282,tvm
12,6,1,1,48,48,3,1,[12; 6; 1; 1; 48; 48; 3; 1],0.0028457713742682245,0.30380113428854966,tvm
6,2,1,1,96,48,3,1,[6; 2; 1; 1; 96; 48; 3; 1],0.004039198785903864,0.21403961955170492,tvm
12,1,197,1,128,128,8,1,[12; 1; 197; 1; 128; 128; 8; 1],0.0025770641550479922,0.3354780942240342,tvm
8,2,1,1,96,32,2,1,[8; 2; 1; 1; 96; 32; 2; 1],0.004182973469141871,0.20668277669136925,tvm
12,6,197,1,384,128,8,1,[12; 6; 197; 1; 384; 128; 8; 1],0.00370759946963517,0.2331828393301727,tvm
8,1,197,1,64,64,4,1,[8; 1; 197; 1; 64; 64; 4; 1],0.003947376062569674,0.2190185474413008,tvm
8,8,1,1,192,96,6,1,[8; 8; 1; 1; 192; 96; 6; 1],0.004602798682753928,0.18783106345013945,tvm
6,2,1,1,192,64,4,1,[6; 2; 1; 1; 192; 64; 4; 1],0.0049368175023118965,0.17512265159157817,tvm
12,3,1,1,64,32,2,1,[12; 3; 1; 1; 64; 32; 2; 1],0.005172781784494873,0.1671341663821984,tvm
12,1,197,1,96,96,6,1,[12; 1; 197; 1; 96; 96; 6; 1],0.003704614813614171,0.23337070516789565,tvm
12,1,1,1,48,48,3,1,[12; 1; 1; 1; 48; 48; 3; 1],0.0014353703045344446,0.6023174428907971,tvm
6,6,1,1,32,32,2,1,[6; 6; 1; 1; 32; 32; 2; 1],0.0014740662263648119,0.5865059221664896,tvm
12,4,197,1,384,96,6,1,[12; 4; 197; 1; 384; 96; 6; 1],0.0038231186554185115,0.2261369968738076,tvm
12,6,197,1,384,96,6,1,[12; 6; 197; 1; 384; 96; 6; 1],0.0025453368289163336,0.339659789465526,tvm
12,6,197,1,384,64,4,1,[12; 6; 197; 1; 384; 64; 4; 1],0.00557321215455886,0.15512572416992504,tvm
8,8,1,1,64,32,2,1,[8; 8; 1; 1; 64; 32; 2; 1],0.0042191046522930264,0.2049128056017053,tvm
8,8,1,1,96,48,3,1,[8; 8; 1; 1; 96; 48; 3; 1],0.005494386350619607,0.1573512520340102,tvm
6,6,1,1,128,64,4,1,[6; 6; 1; 1; 128; 64; 4; 1],0.006744311060174368,0.12818930854684202,tvm
4,1,197,1,96,32,2,1,[4; 1; 197; 1; 96; 32; 2; 1],0.0020432639685168397,0.4231213317269663,tvm
12,6,197,1,128,32,2,1,[12; 6; 197; 1; 128; 32; 2; 1],0.0030990934537840076,0.2789682158093534,tvm
8,4,197,1,256,128,8,1,[8; 4; 197; 1; 256; 128; 8; 1],0.0017777507491700817,0.4863159651780059,tvm
8,4,197,1,256,64,4,1,[8; 4; 197; 1; 256; 64; 4; 1],0.0037151075011934154,0.23271158940914893,tvm
24,3,1,1,32,32,2,1,[24; 3; 1; 1; 32; 32; 2; 1],0.005906025500735268,0.1463841582331366,tvm
12,12,197,1,256,32,2,0,[12; 12; 197; 1; 256; 32; 2; 0],0.00602044250263134,0.1436021639689616,tvm
12,1,197,1,384,128,8,1,[12; 1; 197; 1; 384; 128; 8; 1],0.003929192622308619,0.22003211716319496,tvm
12,4,1,1,128,32,2,1,[12; 4; 1; 1; 128; 32; 2; 1],0.007097837878973223,0.12180449682990468,tvm
16,1,197,1,256,32,2,1,[16; 1; 197; 1; 256; 32; 2; 1],0.00219714232662227,0.3934877413051647,tvm
6,2,1,1,384,96,6,1,[6; 2; 1; 1; 384; 96; 6; 1],0.00163942190920352,0.5273496508586949,tvm
8,1,197,1,256,128,8,1,[8; 1; 197; 1; 256; 128; 8; 1],0.0034306378438486718,0.25200811358702757,tvm
12,2,197,1,96,32,2,1,[12; 2; 197; 1; 96; 32; 2; 1],0.003101328358752653,0.2787671834195237,tvm
12,2,197,1,384,128,8,0,[12; 2; 197; 1; 384; 128; 8; 0],0.006238450594537426,0.13858386122118144,tvm
24,2,1,1,48,48,3,1,[24; 2; 1; 1; 48; 48; 3; 1],0.0069291425024857745,0.12476992226937482,tvm
4,1,197,1,192,96,6,1,[4; 1; 197; 1; 192; 96; 6; 1],0.006676594945020042,0.12948944462677392,tvm
4,4,1,1,192,64,4,1,[4; 4; 1; 1; 192; 64; 4; 1],0.004686688720539678,0.1844689551579644,tvm
16,1,197,1,192,32,2,1,[16; 1; 197; 1; 192; 32; 2; 1],0.0016545285325264558,0.5225347006306447,tvm
4,2,1,1,192,48,3,1,[4; 2; 1; 1; 192; 48; 3; 1],0.003249094035709277,0.2660891195904832,tvm
4,2,197,1,384,128,8,1,[4; 2; 197; 1; 384; 128; 8; 1],0.004725125501863658,0.1829683827630781,tvm
4,2,197,1,96,96,6,1,[4; 2; 197; 1; 96; 96; 6; 1],0.0033992808748735115,0.2543327848601924,tvm
12,2,197,1,384,48,3,0,[12; 2; 197; 1; 384; 48; 3; 0],0.004516770255577285,0.19140857792380103,tvm
4,4,197,1,192,64,4,1,[4; 4; 197; 1; 192; 64; 4; 1],0.005048780687502585,0.171239082253784,tvm
8,4,197,1,96,32,2,1,[8; 4; 197; 1; 96; 32; 2; 1],0.0036063985025975853,0.23972630057545272,tvm
8,8,1,1,128,32,2,1,[8; 8; 1; 1; 128; 32; 2; 1],0.002931850220193155,0.2948815616411719,tvm
12,3,197,1,384,48,3,0,[12; 3; 197; 1; 384; 48; 3; 0],0.0018096432359016035,0.4777453114938617,tvm
4,1,197,1,192,48,3,1,[4; 1; 197; 1; 192; 48; 3; 1],0.0017720958130666986,0.48786784837126146,tvm
8,1,197,1,64,32,2,1,[8; 1; 197; 1; 64; 32; 2; 1],0.00788810962694697,0.10960149038435561,tvm
4,2,1,1,128,32,2,1,[4; 2; 1; 1; 128; 32; 2; 1],0.003268516877142247,0.26450791105734467,tvm
6,2,1,1,128,32,2,1,[6; 2; 1; 1; 128; 32; 2; 1],0.004227486562740523,0.2045065214513932,tvm
6,3,197,1,384,128,8,1,[6; 3; 197; 1; 384; 128; 8; 1],0.0039266819367185235,0.22017280374663176,tvm
12,4,197,1,384,96,6,0,[12; 4; 197; 1; 384; 96; 6; 0],0.0070328546280507,0.12292996473726328,tvm
8,2,197,1,48,48,3,1,[8; 2; 197; 1; 48; 48; 3; 1],0.004653148032957688,0.18579863896550847,tvm
24,3,1,1,64,64,4,1,[24; 3; 1; 1; 64; 64; 4; 1],0.0015435461409651907,0.5601054276796434,tvm
8,2,1,1,192,48,3,1,[8; 2; 1; 1; 192; 48; 3; 1],0.0016494017036166042,0.524158893211336,tvm
6,6,197,1,192,48,3,1,[6; 6; 197; 1; 192; 48; 3; 1],0.002917577734478982,0.2963240914583417,tvm
8,8,197,1,384,48,3,1,[8; 8; 197; 1; 384; 48; 3; 1],0.004107241751626134,0.21049371420279325,tvm
12,12,197,1,256,128,8,1,[12; 12; 197; 1; 256; 128; 8; 1],0.0034544750960776582,0.25026915736350586,tvm
12,12,197,1,96,96,6,1,[12; 12; 197; 1; 96; 96; 6; 1],0.0026174025442742277,0.3303078364158539,tvm
12,4,197,1,128,64,4,1,[12; 4; 197; 1; 128; 64; 4; 1],0.0057693588169058785,0.14985175976491455,tvm
12,6,197,1,192,96,6,1,[12; 6; 197; 1; 192; 96; 6; 1],0.003749939030967653,0.23055003409094868,tvm
6,3,1,1,384,64,4,1,[6; 3; 1; 1; 384; 64; 4; 1],0.0017003985958581325,0.5084387704944343,tvm
12,2,1,1,128,64,4,1,[12; 2; 1; 1; 128; 64; 4; 1],0.0014591203744203085,0.59251353526747,tvm
6,2,197,1,192,96,6,1,[6; 2; 197; 1; 192; 96; 6; 1],0.00262743678104016,0.3290463837863724,tvm
12,1,197,1,128,64,4,1,[12; 1; 197; 1; 128; 64; 4; 1],0.0027123180007038172,0.3187489708818178,tvm
12,12,1,1,64,64,4,1,[12; 12; 1; 1; 64; 64; 4; 1],0.0027057274237449747,0.3195253756315028,tvm
4,4,1,1,32,32,2,1,[4; 4; 1; 1; 32; 32; 2; 1],0.003033597251487663,0.28499121661736754,tvm
8,8,1,1,192,64,4,1,[8; 8; 1; 1; 192; 64; 4; 1],0.0049348776883562095,0.17519148923760855,tvm
8,2,197,1,192,48,3,1,[8; 2; 197; 1; 192; 48; 3; 1],0.0042064005610882305,0.2055316793712355,tvm
8,8,1,1,96,32,2,1,[8; 8; 1; 1; 96; 32; 2; 1],0.0014135026885924162,0.6116356045204977,tvm
12,3,197,1,384,48,3,1,[12; 3; 197; 1; 384; 48; 3; 1],0.002841930170689011,0.30421175732793115,tvm
8,8,1,1,192,192,12,1,[8; 8; 1; 1; 192; 192; 12; 1],0.003267113905167207,0.2646214966858723,tvm
12,4,197,1,384,96,6,1,[12; 4; 197; 1; 384; 96; 6; 1],0.003431299723160919,0.25195950257360433,tvm
8,1,1,1,64,32,2,1,[8; 1; 1; 1; 64; 32; 2; 1],0.0046132432835293,0.18740580504723783,tvm
6,3,1,1,192,64,4,1,[6; 3; 1; 1; 192; 64; 4; 1],0.0038268553689704277,0.2259161865480086,tvm
6,6,1,1,128,32,2,1,[6; 6; 1; 1; 128; 32; 2; 1],0.004045164219860453,0.2137239737224799,tvm
12,12,197,1,384,96,6,1,[12; 12; 197; 1; 384; 96; 6; 1],0.0037984576556482352,0.2276051623592549,tvm
12,2,197,1,128,128,8,1,[12; 2; 197; 1; 128; 128; 8; 1],0.0021856800449313596,0.3955512946341248,tvm
12,6,197,1,384,64,4,1,[12; 6; 197; 1; 384; 64; 4; 1],0.0027210027365072165,0.31773160674521744,tvm
6,2,1,1,48,48,3,1,[6; 2; 1; 1; 48; 48; 3; 1],0.003941386559745297,0.21935137757318604,tvm
6,1,1,1,64,64,4,1,[6; 1; 1; 1; 64; 64; 4; 1],0.0034330092821619473,0.2518340325849977,tvm
8,8,1,1,96,96,6,1,[8; 8; 1; 1; 96; 96; 6; 1],0.002522375656553777,0.34275171074627725,tvm
8,1,1,1,48,48,3,1,[8; 1; 1; 1; 48; 48; 3; 1],0.00404296322085429,0.21384032557335256,tvm
6,6,1,1,64,64,4,1,[6; 6; 1; 1; 64; 64; 4; 1],0.0038761979376431555,0.22304035690041227,tvm
8,4,1,1,64,64,4,1,[8; 4; 1; 1; 64; 64; 4; 1],0.003391286874830257,0.25493230249707033,tvm
24,3,197,1,96,32,2,1,[24; 3; 197; 1; 96; 32; 2; 1],0.001870509579021018,0.4621994889120302,tvm
4,2,1,1,96,48,3,1,[4; 2; 1; 1; 96; 48; 3; 1],0.0016482289356645197,0.5245318491390334,tvm
4,4,197,1,128,64,4,1,[4; 4; 197; 1; 128; 64; 4; 1],0.0033803706901380792,0.2557555518839435,tvm
8,1,197,1,192,192,12,1,[8; 1; 197; 1; 192; 192; 12; 1],0.0041803971253102645,0.20681015356032845,tvm
16,2,197,1,128,32,2,1,[16; 2; 197; 1; 128; 32; 2; 1],0.004968889035808388,0.1739923281035633,tvm
12,3,1,1,192,48,3,1,[12; 3; 1; 1; 192; 48; 3; 1],0.008949776951340027,0.0966000131767669,tvm
4,4,197,1,32,32,2,1,[4; 4; 197; 1; 32; 32; 2; 1],0.004537726817943621,0.19052459659093407,tvm
12,6,1,1,128,32,2,1,[12; 6; 1; 1; 128; 32; 2; 1],0.007189862939412706,0.12024548711344293,tvm
6,1,1,1,384,64,4,1,[6; 1; 1; 1; 384; 64; 4; 1],0.006807150435633957,0.12700594464650686,tvm
6,2,197,1,192,192,12,1,[6; 2; 197; 1; 192; 192; 12; 1],0.004347723748651333,0.19885085194218122,tvm
4,1,197,1,192,96,6,1,[4; 1; 197; 1; 192; 96; 6; 1],0.006607774193980731,0.13083809253290177,tvm
6,1,1,1,128,32,2,1,[6; 1; 1; 1; 128; 32; 2; 1],0.0056020539632299915,0.15432706951828365,tvm
12,3,197,1,384,96,6,0,[12; 3; 197; 1; 384; 96; 6; 0],0.004719315096735954,0.1831936528303702,tvm
4,1,197,1,32,32,2,1,[4; 1; 197; 1; 32; 32; 2; 1],0.007593412810820155,0.11385507320195233,tvm
8,2,1,1,128,32,2,1,[8; 2; 1; 1; 128; 32; 2; 1],0.0059315461840014905,0.14575433531318083,tvm
8,1,197,1,384,128,8,1,[8; 1; 197; 1; 384; 128; 8; 1],0.0038606004673056304,0.2239414771743921,tvm
12,3,197,1,64,64,4,1,[12; 3; 197; 1; 64; 64; 4; 1],0.003519384190440178,0.24565336565896212,tvm
8,4,197,1,384,64,4,1,[8; 4; 197; 1; 384; 64; 4; 1],0.0027102546555397566,0.31899163780105877,tvm
12,1,1,1,128,32,2,1,[12; 1; 1; 1; 128; 32; 2; 1],0.0072258310101460665,0.11964694029165995,tvm
12,2,197,1,384,128,8,1,[12; 2; 197; 1; 384; 128; 8; 1],0.003980659625085536,0.2171872636334723,tvm
12,12,197,1,384,48,3,0,[12; 12; 197; 1; 384; 48; 3; 0],0.003371443410287611,0.2564327696530485,tvm
8,1,197,1,256,128,8,1,[8; 1; 197; 1; 256; 128; 8; 1],0.0034231052777613513,0.2525626591286057,tvm
8,2,197,1,32,32,2,1,[8; 2; 197; 1; 32; 32; 2; 1],0.0029874672181904316,0.2893918186497275,tvm
4,2,197,1,128,128,8,1,[4; 2; 197; 1; 128; 128; 8; 1],0.006467021681601182,0.1336857388136228,tvm
12,6,197,1,384,96,6,0,[12; 6; 197; 1; 384; 96; 6; 0],0.0038265828115982004,0.22593227796042034,tvm
24,1,197,1,128,32,2,1,[24; 1; 197; 1; 128; 32; 2; 1],0.003777270409045741,0.22888183206533627,tvm
24,1,197,1,256,32,2,1,[24; 1; 197; 1; 256; 32; 2; 1],0.007593196307425387,0.11385831953048932,tvm
12,4,197,1,192,64,4,1,[12; 4; 197; 1; 192; 64; 4; 1],0.003980663968832232,0.217187026636211,tvm
12,12,197,1,384,64,4,0,[12; 12; 197; 1; 384; 64; 4; 0],0.006880597822600976,0.12565021146690974,tvm
24,3,1,1,48,48,3,1,[24; 3; 1; 1; 48; 48; 3; 1],0.008657154932734556,0.09986520723563906,tvm
12,6,197,1,256,128,8,1,[12; 6; 197; 1; 256; 128; 8; 1],0.008614972932264209,0.10035418314440932,tvm
8,8,197,1,32,32,2,1,[8; 8; 197; 1; 32; 32; 2; 1],0.007463895803084597,0.11583073963482719,tvm
12,1,197,1,64,64,4,1,[12; 1; 197; 1; 64; 64; 4; 1],0.0014723418207722716,0.587192837445247,tvm
6,2,197,1,128,64,4,1,[6; 2; 197; 1; 128; 64; 4; 1],0.0013982052187202498,0.6183273813123626,tvm
12,12,197,1,192,96,6,1,[12; 12; 197; 1; 192; 96; 6; 1],0.0025233194064639974,0.3426235177416913,tvm
8,1,1,1,32,32,2,1,[8; 1; 1; 1; 32; 32; 2; 1],0.00448849712847732,0.19261426412494137,tvm
8,8,1,1,128,32,2,1,[8; 8; 1; 1; 128; 32; 2; 1],0.004392755661683623,0.19681235151995993,tvm
6,3,197,1,96,96,6,1,[6; 3; 197; 1; 96; 96; 6; 1],0.003934852589736693,0.2197156187460695,tvm
4,1,1,1,128,128,8,1,[4; 1; 1; 1; 128; 128; 8; 1],0.0064707004494266585,0.13360973486342972,tvm
6,1,1,1,192,96,6,1,[6; 1; 1; 1; 192; 96; 6; 1],0.005604518155450933,0.15425921505628717,tvm
6,6,197,1,384,128,8,1,[6; 6; 197; 1; 384; 128; 8; 1],0.0013295037733769277,0.6502791407899698,tvm
4,1,197,1,96,48,3,1,[4; 1; 197; 1; 96; 48; 3; 1],0.0017691577522782609,0.4886780561627335,tvm
6,3,197,1,192,48,3,1,[6; 3; 197; 1; 192; 48; 3; 1],0.004349182505393401,0.19878415549507264,tvm
8,2,197,1,96,48,3,1,[8; 2; 197; 1; 96; 48; 3; 1],0.00419701690407237,0.2059912054654102,tvm
12,12,197,1,384,48,3,1,[12; 12; 197; 1; 384; 48; 3; 1],0.005826943903230131,0.1483708416944454,tvm
6,3,197,1,384,96,6,1,[6; 3; 197; 1; 384; 96; 6; 1],0.004418943281052634,0.19564599870189503,tvm
6,2,1,1,192,96,6,1,[6; 2; 1; 1; 192; 96; 6; 1],0.0042002115296781994,0.205834531265812,tvm
8,8,1,1,192,48,3,1,[8; 8; 1; 1; 192; 48; 3; 1],0.007480746557121165,0.11556982512735706,tvm
6,3,1,1,256,64,4,1,[6; 3; 1; 1; 256; 64; 4; 1],0.0020202753112243954,0.42793601774235834,tvm
8,2,1,1,192,48,3,1,[8; 2; 1; 1; 192; 48; 3; 1],0.0015961242825142108,0.5416549205471247,tvm
8,4,197,1,192,64,4,1,[8; 4; 197; 1; 192; 64; 4; 1],0.00448741178115597,0.19266085075122327,tvm
8,4,197,1,384,128,8,1,[8; 4; 197; 1; 384; 128; 8; 1],0.003822745340585243,0.22615908055654405,tvm
12,12,197,1,256,64,4,1,[12; 12; 197; 1; 256; 64; 4; 1],0.006590097880689427,0.131189033468214,tvm
6,1,1,1,96,32,2,1,[6; 1; 1; 1; 96; 32; 2; 1],0.006802457995945588,0.12709355529190494,tvm
12,4,1,1,96,96,6,1,[12; 4; 1; 1; 96; 96; 6; 1],0.002583217436040286,0.3346789779933525,tvm
12,2,197,1,384,48,3,1,[12; 2; 197; 1; 384; 48; 3; 1],0.004362911997304764,0.19815860873715896,tvm
8,4,1,1,32,32,2,1,[8; 4; 1; 1; 32; 32; 2; 1],0.0014971600085118553,0.5774590334455393,tvm
6,3,1,1,64,32,2,1,[6; 3; 1; 1; 64; 32; 2; 1],0.0014193327115208376,0.6091232622280606,tvm
6,2,1,1,64,32,2,1,[6; 2; 1; 1; 64; 32; 2; 1],0.007046613929560408,0.12268993023752968,tvm
6,3,1,1,64,64,4,1,[6; 3; 1; 1; 64; 64; 4; 1],0.002812318220094312,0.30741491672289434,tvm
8,8,1,1,96,48,3,1,[8; 8; 1; 1; 96; 48; 3; 1],0.004132811969611794,0.2091913636007449,tvm
8,1,1,1,96,48,3,1,[8; 1; 1; 1; 96; 48; 3; 1],0.004122883532545529,0.20969512347461008,tvm
8,8,1,1,48,48,3,1,[8; 8; 1; 1; 48; 48; 3; 1],0.007101499257260002,0.12174169708526357,tvm
8,4,1,1,96,96,6,1,[8; 4; 1; 1; 96; 96; 6; 1],0.003432900812185835,0.25184198982961187,tvm
4,4,197,1,32,32,2,1,[4; 4; 197; 1; 32; 32; 2; 1],0.0018364373900112696,0.47077486884715736,tvm
8,4,1,1,256,64,4,1,[8; 4; 1; 1; 256; 64; 4; 1],0.004827285403735004,0.17909622057143051,tvm
6,3,1,1,128,32,2,1,[6; 3; 1; 1; 128; 32; 2; 1],0.0027368952323740814,0.3158866153157901,tvm
12,4,197,1,192,48,3,1,[12; 4; 197; 1; 192; 48; 3; 1],0.0033627727534621954,0.2570939622781414,tvm
4,4,1,1,64,64,4,1,[4; 4; 1; 1; 64; 64; 4; 1],0.004360734375950415,0.19825756326654143,tvm
12,2,1,1,192,96,6,1,[12; 2; 1; 1; 192; 96; 6; 1],0.006988316628849134,0.12371342303803841,tvm
4,4,1,1,384,96,6,1,[4; 4; 1; 1; 384; 96; 6; 1],0.006681175625999458,0.12940066536557193,tvm
6,2,197,1,256,128,8,1,[6; 2; 197; 1; 256; 128; 8; 1],0.005170415373868309,0.16721066082970212,tvm
12,3,197,1,256,64,4,0,[12; 3; 197; 1; 256; 64; 4; 0],0.0023479614210373256,0.36821242618484556,tvm
6,1,1,1,384,48,3,1,[6; 1; 1; 1; 384; 48; 3; 1],0.003448264535109047,0.25071990928365107,tvm
12,3,197,1,192,48,3,0,[12; 3; 197; 1; 192; 48; 3; 0],0.0042971114962711,0.2011929576830389,tvm
12,3,1,1,384,48,3,1,[12; 3; 1; 1; 384; 48; 3; 1],0.004436283503309824,0.1948812718536921,tvm
12,6,197,1,256,64,4,0,[12; 6; 197; 1; 256; 64; 4; 0],0.006418933116947301,0.13468726900206918,tvm
8,4,1,1,384,96,6,1,[8; 4; 1; 1; 384; 96; 6; 1],0.005042633340053726,0.17144783551114984,tvm
12,4,197,1,96,32,2,1,[12; 4; 197; 1; 96; 32; 2; 1],0.006018785061314702,0.14364170885340194,tvm
6,2,197,1,48,48,3,1,[6; 2; 197; 1; 48; 48; 3; 1],0.003299784344562795,0.2620015374195976,tvm
12,6,197,1,384,128,8,0,[12; 6; 197; 1; 384; 128; 8; 0],0.0020234939402143937,0.42725533012318806,tvm
8,4,1,1,128,32,2,1,[8; 4; 1; 1; 128; 32; 2; 1],0.003062201343709603,0.28232910719751775,tvm
12,12,1,1,128,64,4,1,[12; 12; 1; 1; 128; 64; 4; 1],0.0016149935763678513,0.5353263220854142,tvm
8,2,1,1,384,64,4,1,[8; 2; 1; 1; 384; 64; 4; 1],0.0017703605008136947,0.4883460577838281,tvm
12,4,197,1,48,48,3,1,[12; 4; 197; 1; 48; 48; 3; 1],0.004742209814139642,0.18230921981789677,tvm
12,12,1,1,64,32,2,1,[12; 12; 1; 1; 64; 32; 2; 1],0.004932267722324468,0.17528419382334923,tvm
6,2,197,1,384,48,3,1,[6; 2; 197; 1; 384; 48; 3; 1],0.0030735446089238394,0.28128713958418244,tvm
4,4,197,1,96,48,3,1,[4; 4; 197; 1; 96; 48; 3; 1],0.005311934248311445,0.16275588721818113,tvm
8,2,197,1,32,32,2,1,[8; 2; 197; 1; 32; 32; 2; 1],0.004477197500818875,0.19310038730041423,tvm
6,1,1,1,32,32,2,1,[6; 1; 1; 1; 32; 32; 2; 1],0.0058942310643033125,0.14667707492236895,tvm
8,1,1,1,32,32,2,1,[8; 1; 1; 1; 32; 32; 2; 1],0.004491523657634389,0.19248447460786944,tvm
8,2,1,1,384,96,6,1,[8; 2; 1; 1; 384; 96; 6; 1],0.005008805252145976,0.17260574686112296,tvm
24,3,197,1,96,32,2,1,[24; 3; 197; 1; 96; 32; 2; 1],0.011275685945292935,0.07667370088375683,tvm
6,2,197,1,128,128,8,1,[6; 2; 197; 1; 128; 128; 8; 1],0.007846904059988447,0.110177028394794,tvm
12,12,197,1,384,128,8,1,[12; 12; 197; 1; 384; 128; 8; 1],0.003928707315935753,0.22005929734744065,tvm
12,1,1,1,192,48,3,1,[12; 1; 1; 1; 192; 48; 3; 1],0.011619437180343084,0.0744053742027326,tvm
12,6,197,1,64,64,4,1,[12; 6; 197; 1; 64; 64; 4; 1],0.0027241871393925976,0.3173601985439725,tvm
12,1,1,1,96,32,2,1,[12; 1; 1; 1; 96; 32; 2; 1],0.001678954140515998,0.5149328088037396,tvm
4,2,1,1,384,48,3,1,[4; 2; 1; 1; 384; 48; 3; 1],0.0016846651233208831,0.5131871963517216,tvm
4,2,197,1,384,48,3,1,[4; 2; 197; 1; 384; 48; 3; 1],0.007269390189321712,0.11892999947898521,tvm
6,6,197,1,384,64,4,1,[6; 6; 197; 1; 384; 64; 4; 1],0.005656450222886633,0.152842955804775,tvm
16,1,197,1,64,32,2,1,[16; 1; 197; 1; 64; 32; 2; 1],0.0053313186290324666,0.16216411578189063,tvm
4,1,1,1,64,32,2,1,[4; 1; 1; 1; 64; 32; 2; 1],0.00678928307024762,0.12734018636183325,tvm
12,6,197,1,128,64,4,1,[12; 6; 197; 1; 128; 64; 4; 1],0.0053971313100191765,0.16018668469741187,tvm
8,8,197,1,192,48,3,1,[8; 8; 197; 1; 192; 48; 3; 1],0.005615087939077057,0.15396883910079526,tvm
8,8,197,1,192,64,4,1,[8; 8; 197; 1; 192; 64; 4; 1],0.00383806049649138,0.2252566295447691,tvm
12,4,1,1,128,64,4,1,[12; 4; 1; 1; 128; 64; 4; 1],0.0048359174688812345,0.17877653557817652,tvm
8,1,197,1,48,48,3,1,[8; 1; 197; 1; 48; 48; 3; 1],0.005644966688123532,0.1531538836619707,tvm
6,2,1,1,96,32,2,1,[6; 2; 1; 1; 96; 32; 2; 1],0.004088129840965848,0.21147776735592036,tvm
12,1,197,1,192,48,3,1,[12; 1; 197; 1; 192; 48; 3; 1],0.005569730565184727,0.1552226918897463,tvm
12,4,1,1,48,48,3,1,[12; 4; 1; 1; 48; 48; 3; 1],0.007131029444281012,0.12123755457522721,tvm
12,2,197,1,384,48,3,1,[12; 2; 197; 1; 384; 48; 3; 1],0.00576949796959525,0.1498481455379076,tvm
12,6,1,1,128,128,8,1,[12; 6; 1; 1; 128; 128; 8; 1],0.0012911034918943187,0.6696198847391372,tvm
16,1,197,1,96,32,2,1,[16; 1; 197; 1; 96; 32; 2; 1],0.0016719432824174874,0.517092045238824,tvm
8,1,1,1,192,48,3,1,[8; 1; 1; 1; 192; 48; 3; 1],0.0031550095372949727,0.2740240754295196,tvm
12,6,197,1,384,64,4,1,[12; 6; 197; 1; 384; 64; 4; 1],0.0028060962176823523,0.3080965527770215,tvm
8,8,197,1,384,192,12,1,[8; 8; 197; 1; 384; 192; 12; 1],0.005565251689404249,0.15534761403057404,tvm
4,2,1,1,96,32,2,1,[4; 2; 1; 1; 96; 32; 2; 1],0.004950242997438181,0.17464770353212705,tvm
4,4,1,1,32,32,2,1,[4; 4; 1; 1; 32; 32; 2; 1],0.005428014505014289,0.159275287608373,tvm
6,3,1,1,96,96,6,1,[6; 3; 1; 1; 96; 96; 6; 1],0.003922635100025218,0.22039994783685418,tvm
12,4,1,1,64,64,4,1,[12; 4; 1; 1; 64; 64; 4; 1],0.0022320134994515684,0.3873402072348581,tvm
8,8,1,1,32,32,2,1,[8; 8; 1; 1; 32; 32; 2; 1],0.003333261869556736,0.2593701320993243,tvm
8,8,197,1,384,128,8,1,[8; 8; 197; 1; 384; 128; 8; 1],0.003982311216532253,0.21709718914972437,tvm
8,1,1,1,96,48,3,1,[8; 1; 1; 1; 96; 48; 3; 1],0.0041273543174611405,0.20946797995292568,tvm
8,2,197,1,96,96,6,1,[8; 2; 197; 1; 96; 96; 6; 1],0.002521996688301442,0.34280321438916816,tvm
12,2,1,1,128,64,4,1,[12; 2; 1; 1; 128; 64; 4; 1],0.00443464974523522,0.19495306756919867,tvm
8,4,197,1,96,96,6,1,[8; 4; 197; 1; 96; 96; 6; 1],0.005036258473410271,0.171664853182793,tvm
8,4,1,1,96,32,2,1,[8; 4; 1; 1; 96; 32; 2; 1],0.0042106221881113015,0.2053256105165706,tvm
6,2,197,1,384,48,3,1,[6; 2; 197; 1; 384; 48; 3; 1],0.0016734695018385537,0.5166204525859222,tvm
12,2,197,1,384,96,6,0,[12; 2; 197; 1; 384; 96; 6; 0],0.001883355656900676,0.45904689762702944,tvm
12,4,197,1,384,96,6,0,[12; 4; 197; 1; 384; 96; 6; 0],0.003253609567764215,0.26571982698669766,tvm
6,2,197,1,384,128,8,1,[6; 2; 197; 1; 384; 128; 8; 1],0.0026634244677552488,0.32460037139976355,tvm
24,1,1,1,64,64,4,1,[24; 1; 1; 1; 64; 64; 4; 1],0.009702372321044095,0.08910692589619518,tvm
6,6,197,1,384,128,8,0,[6; 6; 197; 1; 384; 128; 8; 0],0.00535664294147864,0.1613974612222189,tvm
6,6,197,1,64,32,2,1,[6; 6; 197; 1; 64; 32; 2; 1],0.004889787531283218,0.17680698105950002,tvm
12,2,1,1,32,32,2,1,[12; 2; 1; 1; 32; 32; 2; 1],0.0046275634376797825,0.18682587134063106,tvm
12,12,197,1,384,64,4,0,[12; 12; 197; 1; 384; 64; 4; 0],0.0018836269846360665,0.4589807740493853,tvm
12,3,197,1,48,48,3,1,[12; 3; 197; 1; 48; 48; 3; 1],0.0014310299284261419,0.6041442979319159,tvm
12,3,197,1,384,128,8,0,[12; 3; 197; 1; 384; 128; 8; 0],0.006716796255204827,0.12871442553563167,tvm
24,2,1,1,64,64,4,1,[24; 2; 1; 1; 64; 64; 4; 1],0.009564829437294975,0.09038828941973,tvm
6,1,197,1,128,128,8,1,[6; 1; 197; 1; 128; 128; 8; 1],0.0038880872234585695,0.22235832730612706,tvm
12,3,197,1,384,96,6,0,[12; 3; 197; 1; 384; 96; 6; 0],0.004600651060172822,0.187918744569186,tvm
4,2,197,1,96,96,6,1,[4; 2; 197; 1; 96; 96; 6; 1],0.006900823063915595,0.12528195019943286,tvm
12,4,197,1,384,48,3,0,[12; 4; 197; 1; 384; 48; 3; 0],0.008458995056571439,0.10220464318121805,tvm
4,1,1,1,64,32,2,1,[4; 1; 1; 1; 64; 32; 2; 1],0.0016943085611274,0.5102663064237232,tvm
6,3,197,1,64,64,4,1,[6; 3; 197; 1; 64; 64; 4; 1],0.0014048591710889013,0.6153987454546515,tvm
12,4,197,1,384,48,3,1,[12; 4; 197; 1; 384; 48; 3; 1],0.0043341805940144695,0.19947220764693524,tvm
6,6,197,1,384,192,12,1,[6; 6; 197; 1; 384; 192; 12; 1],0.002906900699599646,0.29741248868516273,tvm
8,4,197,1,384,64,4,1,[8; 4; 197; 1; 384; 64; 4; 1],0.0039918951588333584,0.21657597131915607,tvm
12,4,197,1,128,64,4,1,[12; 4; 197; 1; 128; 64; 4; 1],0.002730024734773906,0.3166815891505727,tvm
12,6,197,1,384,96,6,0,[12; 6; 197; 1; 384; 96; 6; 0],0.004588628566125408,0.18841110344186945,tvm
8,8,197,1,384,64,4,1,[8; 8; 197; 1; 384; 64; 4; 1],0.0029717755132878665,0.29091987855841295,tvm
12,6,197,1,384,64,4,0,[12; 6; 197; 1; 384; 64; 4; 0],0.001878159000625601,0.4603170291442826,tvm
12,2,1,1,96,32,2,1,[12; 2; 1; 1; 96; 32; 2; 1],0.0035003805605811067,0.2469870222582443,tvm
6,3,1,1,384,128,8,1,[6; 3; 1; 1; 384; 128; 8; 1],0.0041814258438535035,0.20675927392074084,tvm
8,2,197,1,384,128,8,1,[8; 2; 197; 1; 384; 128; 8; 1],0.0036858161620330065,0.23456095839346133,tvm
6,6,197,1,96,96,6,1,[6; 6; 197; 1; 96; 96; 6; 1],0.003954466505092569,0.2186258425289996,tvm
8,8,197,1,128,64,4,1,[8; 8; 197; 1; 128; 64; 4; 1],0.0046739560275455005,0.18497148161716528,tvm
8,4,197,1,256,128,8,1,[8; 4; 197; 1; 256; 128; 8; 1],0.0036166685895295814,0.23904556085992465,tvm
4,1,1,1,96,48,3,1,[4; 1; 1; 1; 96; 48; 3; 1],0.004945093962305691,0.17482955390102808,tvm
12,4,197,1,256,64,4,1,[12; 4; 197; 1; 256; 64; 4; 1],0.0018163130916946102,0.47599093756569927,tvm
12,6,197,1,192,96,6,1,[12; 6; 197; 1; 192; 96; 6; 1],0.0024860868434188887,0.34775477522725495,tvm
4,1,197,1,96,32,2,1,[4; 1; 197; 1; 96; 32; 2; 1],0.0037412012825370766,0.2310884943464689,tvm
8,2,197,1,384,64,4,1,[8; 2; 197; 1; 384; 64; 4; 1],0.0039613125918549486,0.21824800527133673,tvm
8,4,197,1,192,64,4,1,[8; 4; 197; 1; 192; 64; 4; 1],0.0038404981896746904,0.22511365159680052,tvm
12,2,197,1,384,48,3,1,[12; 2; 197; 1; 384; 48; 3; 1],0.004403476094012149,0.19633320426201142,tvm
6,2,1,1,192,96,6,1,[6; 2; 1; 1; 192; 96; 6; 1],0.0028142316441517323,0.30720590226650096,tvm
8,1,197,1,48,48,3,1,[8; 1; 197; 1; 48; 48; 3; 1],0.007091450184816495,0.1219142134396793,tvm
12,3,197,1,384,96,6,1,[12; 3; 197; 1; 384; 96; 6; 1],0.0036516237232717685,0.23675729947716417,tvm
8,1,1,1,192,48,3,1,[8; 1; 1; 1; 192; 48; 3; 1],0.0034014935299637727,0.25416734261369567,tvm
6,1,197,1,64,64,4,1,[6; 1; 197; 1; 64; 64; 4; 1],0.0030511493459925987,0.28335177121502614,tvm
12,6,197,1,192,64,4,1,[12; 6; 197; 1; 192; 64; 4; 1],0.003955749903980177,0.21855491181550285,tvm
12,2,197,1,96,48,3,1,[12; 2; 197; 1; 96; 48; 3; 1],0.0042024345602840185,0.20572564760416912,tvm
8,4,197,1,128,128,8,1,[8; 4; 197; 1; 128; 128; 8; 1],0.00500770055805333,0.17264382352858815,tvm
6,2,197,1,192,48,3,1,[6; 2; 197; 1; 192; 48; 3; 1],0.005828762594319414,0.14832454700953882,tvm
4,2,1,1,96,48,3,1,[4; 2; 1; 1; 96; 48; 3; 1],0.004996053809009027,0.17304628902707028,tvm
6,3,1,1,96,32,2,1,[6; 3; 1; 1; 96; 32; 2; 1],0.0013589858990599168,0.6361718484545174,tvm
12,4,197,1,384,64,4,1,[12; 4; 197; 1; 384; 64; 4; 1],0.0029407296096906066,0.2939911811611712,tvm
6,3,1,1,96,48,3,1,[6; 3; 1; 1; 96; 48; 3; 1],0.0028957001595699694,0.29856287729630215,tvm
12,1,197,1,96,32,2,1,[12; 1; 197; 1; 96; 32; 2; 1],0.0030617342963523697,0.2823721746392431,tvm
4,2,1,1,384,48,3,1,[4; 2; 1; 1; 384; 48; 3; 1],0.0034798072520061396,0.24844725837333417,tvm
12,6,197,1,384,96,6,1,[12; 6; 197; 1; 384; 96; 6; 1],0.005095696556963958,0.16966249103806014,tvm
8,2,197,1,128,128,8,1,[8; 2; 197; 1; 128; 128; 8; 1],0.005348211409000214,0.16165190664932758,tvm
6,2,1,1,192,64,4,1,[6; 2; 1; 1; 192; 64; 4; 1],0.002822612921590917,0.30629370567087305,tvm
6,6,1,1,128,128,8,1,[6; 6; 1; 1; 128; 128; 8; 1],0.0013099908919684822,0.6599653300867164,tvm
12,3,1,1,128,128,8,1,[12; 3; 1; 1; 128; 128; 8; 1],0.0012942421471962007,0.6679959954182438,tvm
8,2,1,1,128,128,8,1,[8; 2; 1; 1; 128; 128; 8; 1],0.0037540842531598173,0.23029546305490609,tvm
6,2,1,1,128,64,4,1,[6; 2; 1; 1; 128; 64; 4; 1],0.0027207203129364643,0.3177645887810743,tvm
6,3,1,1,192,48,3,1,[6; 3; 1; 1; 192; 48; 3; 1],0.005855151437572204,0.1476560564908378,tvm
12,1,1,1,128,64,4,1,[12; 1; 1; 1; 128; 64; 4; 1],0.0033706062167766504,0.2564964626023117,tvm
6,3,1,1,384,64,4,1,[6; 3; 1; 1; 384; 64; 4; 1],0.006822174196713604,0.12672625273113725,tvm
12,3,1,1,64,64,4,1,[12; 3; 1; 1; 64; 64; 4; 1],0.005400350062700454,0.16009120916066177,tvm
12,6,1,1,384,128,8,0,[12; 6; 1; 1; 384; 128; 8; 0],0.005702934126020409,0.15159715197900522,tvm
12,4,1,1,384,64,4,0,[12; 4; 1; 1; 384; 64; 4; 0],0.00478647409909172,0.18062326328949066,tvm
4,1,197,1,128,32,2,1,[4; 1; 197; 1; 128; 32; 2; 1],0.0038484180622617714,0.22465037775040053,tvm
6,2,197,1,96,32,2,1,[6; 2; 197; 1; 96; 32; 2; 1],0.004830715159187093,0.17896906419422512,tvm
8,2,197,1,96,32,2,1,[8; 2; 197; 1; 96; 32; 2; 1],0.004667705783504061,0.18521916580173828,tvm
8,1,197,1,384,64,4,1,[8; 1; 197; 1; 384; 64; 4; 1],0.003974269813625142,0.21753645624778828,tvm
6,1,1,1,192,96,6,1,[6; 1; 1; 1; 192; 96; 6; 1],0.0041981121903518215,0.20593746241834432,tvm
8,1,197,1,384,128,8,1,[8; 1; 197; 1; 384; 128; 8; 1],0.004748790779558476,0.18205657220151394,tvm
6,6,1,1,192,32,2,1,[6; 6; 1; 1; 192; 32; 2; 1],0.0028605467814486474,0.30223192888694655,tvm
6,6,197,1,384,48,3,1,[6; 6; 197; 1; 384; 48; 3; 1],0.002907534122641664,0.2973476956628384,tvm
12,12,197,1,48,48,3,1,[12; 12; 197; 1; 48; 48; 3; 1],0.002836723029759014,0.3047701740208372,tvm
6,2,197,1,384,128,8,1,[6; 2; 197; 1; 384; 128; 8; 1],0.003683601345983334,0.23470199140069567,tvm
6,6,197,1,384,64,4,0,[6; 6; 197; 1; 384; 64; 4; 0],0.006601066634175368,0.13097104139997434,tvm
16,2,197,1,192,32,2,1,[16; 2; 197; 1; 192; 32; 2; 1],0.0032922244354267605,0.26260316949397244,tvm
6,6,197,1,192,192,12,1,[6; 6; 197; 1; 192; 192; 12; 1],0.0033409669049433433,0.2587719651306251,tvm
16,1,197,1,384,32,2,0,[16; 1; 197; 1; 384; 32; 2; 0],0.0037286704318830743,0.23186510774349992,tvm
8,1,197,1,32,32,2,1,[8; 1; 197; 1; 32; 32; 2; 1],0.0016720002495276276,0.517074427275249,tvm
6,6,197,1,192,64,4,1,[6; 6; 197; 1; 192; 64; 4; 1],0.0013776734849670902,0.6275424335754155,tvm
16,2,197,1,384,32,2,1,[16; 2; 197; 1; 384; 32; 2; 1],0.005065418306912761,0.170676638935964,tvm
4,2,197,1,384,64,4,1,[4; 2; 197; 1; 384; 64; 4; 1],0.003422133158892393,0.25263440412365223,tvm
12,1,197,1,32,32,2,1,[12; 1; 197; 1; 32; 32; 2; 1],0.003091491795203183,0.2796541697991958,tvm
12,4,197,1,32,32,2,1,[12; 4; 197; 1; 32; 32; 2; 1],0.004625720779586118,0.18690029351618714,tvm
6,1,1,1,192,64,4,1,[6; 1; 1; 1; 192; 64; 4; 1],0.00419901328132255,0.2058932690863667,tvm
4,4,197,1,384,128,8,1,[4; 4; 197; 1; 384; 128; 8; 1],0.0049252436219831,0.1755341741005026,tvm
12,2,197,1,192,64,4,1,[12; 2; 197; 1; 192; 64; 4; 1],0.0013255967114673695,0.6521957726279807,tvm
6,6,197,1,384,192,12,1,[6; 6; 197; 1; 384; 192; 12; 1],0.0021809225145261735,0.3964141622043839,tvm
12,1,1,1,32,32,2,1,[12; 1; 1; 1; 32; 32; 2; 1],0.00374366912728874,0.23093615969600906,tvm
8,1,1,1,192,48,3,1,[8; 1; 1; 1; 192; 48; 3; 1],0.002980623688927153,0.2900562639424494,tvm
6,2,197,1,384,48,3,1,[6; 2; 197; 1; 384; 48; 3; 1],0.0033001827760017477,0.2619699059444196,tvm
4,1,1,1,96,32,2,1,[4; 1; 1; 1; 96; 32; 2; 1],0.0032847678085090593,0.26319929499704453,tvm
8,8,197,1,192,96,6,1,[8; 8; 197; 1; 192; 96; 6; 1],0.005042853568738792,0.17144034813701586,tvm
6,2,197,1,192,96,6,1,[6; 2; 197; 1; 192; 96; 6; 1],0.005278630873362999,0.16378272930415574,tvm
6,2,197,1,96,48,3,1,[6; 2; 197; 1; 96; 48; 3; 1],0.0016129566538438667,0.5360023590021776,tvm
6,6,197,1,96,96,6,1,[6; 6; 197; 1; 96; 96; 6; 1],0.0013265248035168042,0.6517394692783213,tvm
12,6,197,1,64,64,4,1,[12; 6; 197; 1; 64; 64; 4; 1],0.0027286452168482356,0.31684169348596436,tvm
12,6,197,1,192,96,6,1,[12; 6; 197; 1; 192; 96; 6; 1],0.0036335688128019683,0.23793372740941396,tvm
6,3,197,1,384,48,3,1,[6; 3; 197; 1; 384; 48; 3; 1],0.003074485921388259,0.28120101816507637,tvm
8,8,1,1,128,64,4,1,[8; 8; 1; 1; 128; 64; 4; 1],0.004235897249600384,0.2041004586478421,tvm
12,12,197,1,128,128,8,1,[12; 12; 197; 1; 128; 128; 8; 1],0.0051424594421405345,0.1681196674773784,tvm
12,2,197,1,256,64,4,1,[12; 2; 197; 1; 256; 64; 4; 1],0.0036460461851675063,0.23711947888801974,tvm
6,2,1,1,192,96,6,1,[6; 2; 1; 1; 192; 96; 6; 1],0.0014239847423596075,0.6071333109903798,tvm
12,2,197,1,384,64,4,0,[12; 2; 197; 1; 384; 64; 4; 0],0.001902421656268416,0.45444634662347994,tvm
8,1,197,1,192,96,6,1,[8; 1; 197; 1; 192; 96; 6; 1],0.0025508843136776704,0.3389211211158891,tvm
12,12,197,1,96,96,6,1,[12; 12; 197; 1; 96; 96; 6; 1],0.0035219599085394293,0.24547371176269384,tvm
12,4,197,1,384,64,4,0,[12; 4; 197; 1; 384; 64; 4; 0],0.003913064778316766,0.22093898782847735,tvm
8,8,197,1,384,96,6,1,[8; 8; 197; 1; 384; 96; 6; 1],0.0038835943123558536,0.22261557255812378,tvm
8,8,197,1,96,96,6,1,[8; 8; 197; 1; 96; 96; 6; 1],0.004144477003137581,0.20860257416655079,tvm
12,12,1,1,64,64,4,1,[12; 12; 1; 1; 64; 64; 4; 1],0.004797771536686923,0.18019794498709726,tvm
8,2,1,1,192,64,4,1,[8; 2; 1; 1; 192; 64; 4; 1],0.001491843662734027,0.5795168709864388,tvm
12,6,197,1,96,96,6,1,[12; 6; 197; 1; 96; 96; 6; 1],0.0012495752507675206,0.6918739554881099,tvm
4,2,197,1,192,48,3,1,[4; 2; 197; 1; 192; 48; 3; 1],0.004609125659044366,0.1875732265472282,tvm
12,6,1,1,128,64,4,1,[12; 6; 1; 1; 128; 64; 4; 1],0.0032327337175956927,0.267435751581658,tvm
12,6,197,1,384,96,6,1,[12; 6; 197; 1; 384; 96; 6; 1],0.003808487090282142,0.22700577707998046,tvm
8,8,1,1,48,48,3,1,[8; 8; 1; 1; 48; 48; 3; 1],0.0056076499677146785,0.15417306294189156,tvm
12,2,197,1,128,64,4,1,[12; 2; 197; 1; 128; 64; 4; 1],0.0040620823128847405,0.21283383861677607,tvm
6,6,1,1,192,64,4,1,[6; 6; 1; 1; 192; 64; 4; 1],0.0027955566583841573,0.3092581110226125,tvm
6,2,1,1,192,48,3,1,[6; 2; 1; 1; 192; 48; 3; 1],0.0014762513910682173,0.5856377691898281,tvm
12,3,1,1,48,48,3,1,[12; 3; 1; 1; 48; 48; 3; 1],0.0014363771024363814,0.6018952613224793,tvm
12,2,1,1,96,96,6,1,[12; 2; 1; 1; 96; 96; 6; 1],0.0037371294747572392,0.23134027795082795,tvm
6,2,1,1,64,32,2,1,[6; 2; 1; 1; 64; 32; 2; 1],0.0028201897657709196,0.3065568785199249,tvm
8,4,1,1,96,96,6,1,[8; 4; 1; 1; 96; 96; 6; 1],0.006288866497925483,0.13747287714149461,tvm
6,6,1,1,96,96,6,1,[6; 6; 1; 1; 96; 96; 6; 1],0.002649235731951194,0.32633886105402216,tvm
12,1,1,1,128,128,8,1,[12; 1; 1; 1; 128; 128; 8; 1],0.004422785903443582,0.19547601676930226,tvm
8,1,1,1,96,96,6,1,[8; 1; 1; 1; 96; 96; 6; 1],0.005071734907687642,0.17046406942880724,tvm
12,1,197,1,256,64,4,1,[12; 1; 197; 1; 256; 64; 4; 1],0.0018075602056342177,0.47829586463219775,tvm
4,4,197,1,128,64,4,1,[4; 4; 197; 1; 128; 64; 4; 1],0.0016923561270232312,0.5108549894573718,tvm
12,6,197,1,256,128,8,1,[12; 6; 197; 1; 256; 128; 8; 1],0.0034185360636911355,0.25290023428773845,tvm
4,2,197,1,64,32,2,1,[4; 2; 197; 1; 64; 32; 2; 1],0.003814714407781139,0.2266352022749308,tvm
4,2,1,1,384,32,2,1,[4; 2; 1; 1; 384; 32; 2; 1],0.0077839043660787866,0.11106875557158158,tvm
12,3,197,1,96,32,2,1,[12; 3; 197; 1; 96; 32; 2; 1],0.0061363450367935,0.14088982386823778,tvm
4,2,1,1,192,32,2,1,[4; 2; 1; 1; 192; 32; 2; 1],0.003554125469236169,0.24325212458365317,tvm
24,3,197,1,96,32,2,1,[24; 3; 197; 1; 96; 32; 2; 1],0.0074677026277640834,0.11577169238291257,tvm
12,2,197,1,96,32,2,1,[12; 2; 197; 1; 96; 32; 2; 1],0.003067172219743952,0.28187154469622316,tvm
6,2,1,1,384,48,3,0,[6; 2; 1; 1; 384; 48; 3; 0],0.00772992662678007,0.11184434383029872,tvm
12,12,1,1,96,48,3,1,[12; 12; 1; 1; 96; 48; 3; 1],0.0064389993058284745,0.1342675360511371,tvm
8,2,197,1,256,128,8,1,[8; 2; 197; 1; 256; 128; 8; 1],0.0033883640644489788,0.2551522076684418,tvm
6,1,197,1,128,128,8,1,[6; 1; 197; 1; 128; 128; 8; 1],0.00706792005803436,0.1223200834658292,tvm
4,2,1,1,48,48,3,1,[4; 2; 1; 1; 48; 48; 3; 1],0.005214337033976335,0.16580220376918872,tvm
4,4,197,1,192,48,3,1,[4; 4; 197; 1; 192; 48; 3; 1],0.007128273442503996,0.12128442860700299,tvm
8,2,197,1,48,48,3,1,[8; 2; 197; 1; 48; 48; 3; 1],0.008482124118017964,0.10192595149510643,tvm
8,8,197,1,192,96,6,1,[8; 8; 197; 1; 192; 96; 6; 1],0.0012646794148167828,0.6836108513348583,tvm
8,2,197,1,384,48,3,1,[8; 2; 197; 1; 384; 48; 3; 1],0.00148094132055121,0.5837831380832728,tvm
6,1,197,1,96,32,2,1,[6; 1; 197; 1; 96; 32; 2; 1],0.004633018565073144,0.18660589403766448,tvm
8,8,197,1,192,64,4,1,[8; 8; 197; 1; 192; 64; 4; 1],0.0038219460329855792,0.22620637862675794,tvm
12,2,1,1,384,64,4,0,[12; 2; 1; 1; 384; 64; 4; 0],0.007689688878599554,0.11242959046556679,tvm
12,12,197,1,48,48,3,1,[12; 12; 197; 1; 48; 48; 3; 1],0.0028624102960748132,0.3020351668711211,tvm
4,4,1,1,128,32,2,1,[4; 4; 1; 1; 128; 32; 2; 1],0.003247631437261589,0.2662089550893007,tvm
12,6,197,1,32,32,2,1,[12; 6; 197; 1; 32; 32; 2; 1],0.004900451531284489,0.17642222679059108,tvm
8,2,1,1,32,32,2,1,[8; 2; 1; 1; 32; 32; 2; 1],0.0016759203281253576,0.5158649590435087,tvm
8,8,1,1,384,192,12,1,[8; 8; 1; 1; 384; 192; 12; 1],0.0018398973770672455,0.4698895613442539,tvm
8,4,1,1,192,48,3,1,[8; 4; 1; 1; 192; 48; 3; 1],0.003209960494132247,0.26933308774639175,tvm
12,4,197,1,192,64,4,1,[12; 4; 197; 1; 192; 64; 4; 1],0.003982781279773917,0.21707156650029438,tvm
12,4,197,1,128,64,4,1,[12; 4; 197; 1; 128; 64; 4; 1],0.004057763464516029,0.21306036662530956,tvm
12,12,197,1,256,64,4,1,[12; 12; 197; 1; 256; 64; 4; 1],0.0036604509368771687,0.23618635690993348,tvm
6,1,197,1,48,48,3,1,[6; 1; 197; 1; 48; 48; 3; 1],0.005877487652469426,0.1470949192152418,tvm
8,4,197,1,192,64,4,1,[8; 4; 197; 1; 192; 64; 4; 1],0.005120505840750411,0.1688404619223853,tvm
8,2,1,1,96,32,2,1,[8; 2; 1; 1; 96; 32; 2; 1],0.0014874316093482776,0.5812358470769462,tvm
12,3,197,1,128,64,4,1,[12; 3; 197; 1; 128; 64; 4; 1],0.002584128607850289,0.33456096914146266,tvm
8,4,1,1,96,48,3,1,[8; 4; 1; 1; 96; 48; 3; 1],0.0035531722533050925,0.24331738226999408,tvm
12,3,197,1,256,64,4,0,[12; 3; 197; 1; 256; 64; 4; 0],0.004311253032938112,0.20053301553478595,tvm
6,1,1,1,64,32,2,1,[6; 1; 1; 1; 64; 32; 2; 1],0.004144544567679986,0.2085991735184849,tvm
6,6,1,1,192,192,12,1,[6; 6; 1; 1; 192; 192; 12; 1],0.004277492284018081,0.20211575241380775,tvm
12,2,1,1,64,32,2,1,[12; 2; 1; 1; 64; 32; 2; 1],0.004383795690955594,0.19721461317466513,tvm
8,8,1,1,192,96,6,1,[8; 8; 1; 1; 192; 96; 6; 1],0.004585482100083027,0.18854038737015621,tvm
6,1,197,1,128,64,4,1,[6; 1; 197; 1; 128; 64; 4; 1],0.0013914423288952094,0.6213326657347085,tvm
8,8,197,1,96,96,6,1,[8; 8; 197; 1; 96; 96; 6; 1],0.001272048992177588,0.6796503725446713,tvm
6,1,1,1,48,48,3,1,[6; 1; 1; 1; 48; 48; 3; 1],0.004384059189760592,0.19720275981852867,tvm
8,4,197,1,64,64,4,1,[8; 4; 197; 1; 64; 64; 4; 1],0.00393997406354174,0.21943001590508118,tvm
8,2,1,1,48,48,3,1,[8; 2; 1; 1; 48; 48; 3; 1],0.006671361756161787,0.12959101949913887,tvm
12,2,197,1,384,64,4,1,[12; 2; 197; 1; 384; 64; 4; 1],0.0055308380324277095,0.156314208870276,tvm
12,4,1,1,96,96,6,1,[12; 4; 1; 1; 96; 96; 6; 1],0.004407040403748397,0.19617441462375335,tvm
4,2,1,1,384,48,3,1,[4; 2; 1; 1; 384; 48; 3; 1],0.0033850080289994366,0.255405176006073,tvm
8,8,1,1,192,192,12,1,[8; 8; 1; 1; 192; 192; 12; 1],0.0013567884925578255,0.637202169808147,tvm
8,1,1,1,128,128,8,1,[8; 1; 1; 1; 128; 128; 8; 1],0.0021635586563206743,0.39959562404414484,tvm
6,1,1,1,128,128,8,1,[6; 1; 1; 1; 128; 128; 8; 1],0.0037785214371979237,0.22880605173162744,tvm
6,1,197,1,96,48,3,1,[6; 1; 197; 1; 96; 48; 3; 1],0.003685034782392904,0.2346106950087376,tvm
4,2,1,1,64,32,2,1,[4; 2; 1; 1; 64; 32; 2; 1],0.005082178598968312,0.1701137719961427,tvm
12,3,1,1,64,32,2,1,[12; 3; 1; 1; 64; 32; 2; 1],0.0051721024719881825,0.16715611806048275,tvm
8,8,1,1,96,96,6,1,[8; 8; 1; 1; 96; 96; 6; 1],0.0037909298116574064,0.22805712961765126,tvm
8,4,1,1,64,64,4,1,[8; 4; 1; 1; 64; 64; 4; 1],0.003975002058723476,0.21749638331161286,tvm
6,6,1,1,192,96,6,1,[6; 6; 1; 1; 192; 96; 6; 1],0.0013771332032774808,0.6277886332062913,tvm
6,2,1,1,384,48,3,1,[6; 2; 1; 1; 384; 48; 3; 1],0.0017491651233285666,0.49426355459419535,tvm
6,6,1,1,192,64,4,1,[6; 6; 1; 1; 192; 64; 4; 1],0.004214673776004929,0.20512822993576343,tvm
6,6,1,1,48,48,3,1,[6; 6; 1; 1; 48; 48; 3; 1],0.004877005623711739,0.17727036590345166,tvm
12,3,1,1,64,64,4,1,[12; 3; 1; 1; 64; 64; 4; 1],0.005409974874055479,0.15980639310815872,tvm
8,1,1,1,64,64,4,1,[8; 1; 1; 1; 64; 64; 4; 1],0.0039651060360483825,0.21803920590486375,tvm
12,3,1,1,48,48,3,1,[12; 3; 1; 1; 48; 48; 3; 1],0.0037521493431995623,0.2304142219166966,tvm
12,1,1,1,64,64,4,1,[12; 1; 1; 1; 64; 64; 4; 1],0.007349804931436665,0.11762877783745183,tvm
12,6,197,1,256,128,8,1,[12; 6; 197; 1; 256; 128; 8; 1],0.001762793501256965,0.49044234098441053,tvm
12,2,197,1,256,128,8,0,[12; 2; 197; 1; 256; 128; 8; 0],0.0026693828440329526,0.3238758252159872,tvm
12,2,1,1,384,64,4,0,[12; 2; 1; 1; 384; 64; 4; 0],0.009060036245500669,0.09542440537783912,tvm
4,2,197,1,384,96,6,1,[4; 2; 197; 1; 384; 96; 6; 1],0.004044688874273561,0.21374909129045114,tvm
24,1,197,1,384,32,2,1,[24; 1; 197; 1; 384; 32; 2; 1],0.003863613528665155,0.2237668351180211,tvm
8,4,197,1,128,32,2,1,[8; 4; 197; 1; 128; 32; 2; 1],0.0031322086579166353,0.2760188307517224,tvm
4,4,197,1,64,32,2,1,[4; 4; 197; 1; 64; 32; 2; 1],0.00380645168479532,0.2271271627804885,tvm
4,1,197,1,192,32,2,1,[4; 1; 197; 1; 192; 32; 2; 1],0.006206187033967581,0.13930430499382973,tvm
12,4,197,1,384,128,8,1,[12; 4; 197; 1; 384; 128; 8; 1],0.0013300345872266917,0.6500196158291464,tvm
6,3,1,1,256,32,2,1,[6; 3; 1; 1; 256; 32; 2; 1],0.0020185796565783676,0.4282954941169085,tvm
4,1,197,1,128,32,2,1,[4; 1; 197; 1; 128; 32; 2; 1],0.00385291450220393,0.22438820558671504,tvm
12,2,1,1,192,96,6,1,[12; 2; 1; 1; 192; 96; 6; 1],0.007581811500131153,0.11402928856957419,tvm
4,4,197,1,192,64,4,1,[4; 4; 197; 1; 192; 64; 4; 1],0.0063411638111574575,0.13633910070378147,tvm
12,1,197,1,192,64,4,0,[12; 1; 197; 1; 192; 64; 4; 0],0.004838627784920391,0.17867639542825378,tvm
8,1,197,1,384,64,4,1,[8; 1; 197; 1; 384; 64; 4; 1],0.005463700064865407,0.15823499847440267,tvm
8,1,197,1,256,128,8,1,[8; 1; 197; 1; 256; 128; 8; 1],0.005098340807307977,0.16957449572404512,tvm
8,8,197,1,256,64,4,1,[8; 8; 197; 1; 256; 64; 4; 1],0.0019866323127644137,0.4351829807024258,tvm
8,1,1,1,256,64,4,1,[8; 1; 1; 1; 256; 64; 4; 1],0.002607036782137584,0.3316211636721532,tvm
12,12,197,1,384,128,8,1,[12; 12; 197; 1; 384; 128; 8; 1],0.003934200001822319,0.21975206421333768,tvm
4,2,1,1,32,32,2,1,[4; 2; 1; 1; 32; 32; 2; 1],0.00539481031592004,0.1602556013651297,tvm
12,6,197,1,32,32,2,1,[12; 6; 197; 1; 32; 32; 2; 1],0.0034646184067241848,0.24953644815563011,tvm
12,12,1,1,192,96,6,1,[12; 12; 1; 1; 192; 96; 6; 1],0.00635270299972035,0.1360914513816606,tvm
12,12,197,1,384,96,6,0,[12; 12; 197; 1; 384; 96; 6; 0],0.004735663562314585,0.18256123139922084,tvm
12,6,197,1,384,96,6,0,[12; 6; 197; 1; 384; 96; 6; 0],0.006093627183872741,0.14187749682433257,tvm
8,8,1,1,64,64,4,1,[8; 8; 1; 1; 64; 64; 4; 1],0.0013185839998186566,0.6556643881220096,tvm
12,2,1,1,96,32,2,1,[12; 2; 1; 1; 96; 32; 2; 1],0.0017617566700209863,0.49073097672351806,tvm
6,6,197,1,384,64,4,1,[6; 6; 197; 1; 384; 64; 4; 1],0.004270230128895491,0.20245948001219072,tvm
12,3,1,1,96,32,2,1,[12; 3; 1; 1; 96; 32; 2; 1],0.005497516998730134,0.15726164587181313,tvm
12,2,197,1,256,64,4,0,[12; 2; 197; 1; 256; 64; 4; 0],0.0043898922522203065,0.19694072696005296,tvm
12,3,197,1,384,48,3,0,[12; 3; 197; 1; 384; 48; 3; 0],0.0034617743076523766,0.2497414604751834,tvm
6,3,1,1,128,32,2,1,[6; 3; 1; 1; 128; 32; 2; 1],0.00445661637786543,0.1939921451894545,tvm
8,2,1,1,384,96,6,1,[8; 2; 1; 1; 384; 96; 6; 1],0.006696186057524756,0.12911059579311504,tvm
8,8,197,1,192,64,4,1,[8; 8; 197; 1; 192; 64; 4; 1],0.0012746808752126526,0.6782470720636963,tvm
6,3,197,1,384,96,6,1,[6; 3; 197; 1; 384; 96; 6; 1],0.00267199821973918,0.3235588126675331,tvm
12,3,1,1,64,32,2,1,[12; 3; 1; 1; 64; 32; 2; 1],0.0034360161516815424,0.2516136517593121,tvm
8,4,1,1,96,48,3,1,[8; 4; 1; 1; 96; 48; 3; 1],0.002757809608738171,0.31349102878212953,tvm
8,1,1,1,48,48,3,1,[8; 1; 1; 1; 48; 48; 3; 1],0.004242320712364744,0.2037914222064217,tvm
8,1,197,1,128,128,8,1,[8; 1; 197; 1; 128; 128; 8; 1],0.0050630523764993995,0.17075639498446613,tvm
8,1,1,1,96,32,2,1,[8; 1; 1; 1; 96; 32; 2; 1],0.003003567297128029,0.28784058617739017,tvm
12,2,197,1,384,96,6,1,[12; 2; 197; 1; 384; 96; 6; 1],0.006366857312968932,0.1357889032109349,tvm
12,12,197,1,192,96,6,1,[12; 12; 197; 1; 192; 96; 6; 1],0.0012665219055634225,0.6826163587308582,tvm
24,3,1,1,64,64,4,1,[24; 3; 1; 1; 64; 64; 4; 1],0.0015340297268267022,0.5635800638733245,tvm
6,6,197,1,64,64,4,1,[6; 6; 197; 1; 64; 64; 4; 1],0.004202357871690765,0.2057294018799811,tvm
12,3,197,1,384,64,4,0,[12; 3; 197; 1; 384; 64; 4; 0],0.006606677881791256,0.13085980380719997,tvm
8,1,197,1,192,48,3,1,[8; 1; 197; 1; 192; 48; 3; 1],0.004222255156491883,0.2047599065867192,tvm
12,12,197,1,192,64,4,1,[12; 12; 197; 1; 192; 64; 4; 1],0.005297886942571495,0.16318743317858267,tvm
12,6,197,1,192,64,4,1,[12; 6; 197; 1; 192; 64; 4; 1],0.006747665946022607,0.1281255738420449,tvm
12,2,197,1,96,48,3,1,[12; 2; 197; 1; 96; 48; 3; 1],0.004210625505947974,0.20532544872663241,tvm
8,4,1,1,128,64,4,1,[8; 4; 1; 1; 128; 64; 4; 1],0.0013710120547330007,0.6305915170067115,tvm
8,2,1,1,192,96,6,1,[8; 2; 1; 1; 192; 96; 6; 1],0.0013413887973001692,0.6445175128707349,tvm
12,2,1,1,96,96,6,1,[12; 2; 1; 1; 96; 96; 6; 1],0.0038970385285210796,0.22184758120845838,tvm
4,4,1,1,64,32,2,1,[4; 4; 1; 1; 64; 32; 2; 1],0.0033976257545873523,0.2544566805985883,tvm
12,3,1,1,96,96,6,1,[12; 3; 1; 1; 96; 96; 6; 1],0.006240013251954224,0.13854915631113687,tvm
12,1,1,1,96,48,3,1,[12; 1; 1; 1; 96; 48; 3; 1],0.003223609754058998,0.26819268999294277,tvm
6,2,1,1,96,96,6,1,[6; 2; 1; 1; 96; 96; 6; 1],0.006555490748723969,0.13188159431036592,tvm
6,2,197,1,96,48,3,1,[6; 2; 197; 1; 96; 48; 3; 1],0.010203075798926875,0.08473411238594362,tvm
8,8,1,1,192,96,6,1,[8; 8; 1; 1; 192; 96; 6; 1],0.0017484477648395114,0.49446634255495053,tvm
12,3,1,1,64,64,4,1,[12; 3; 1; 1; 64; 64; 4; 1],0.0013756164153164718,0.6284808481510268,tvm
6,6,1,1,64,64,4,1,[6; 6; 1; 1; 64; 64; 4; 1],0.004401715501444414,0.1964117333673363,tvm
6,1,1,1,128,64,4,1,[6; 1; 1; 1; 128; 64; 4; 1],0.0027103974207420833,0.31897483550285605,tvm
8,2,1,1,96,32,2,1,[8; 2; 1; 1; 96; 32; 2; 1],0.002945260905107716,0.29353887457958583,tvm
6,2,1,1,192,48,3,1,[6; 2; 1; 1; 192; 48; 3; 1],0.005847813808941282,0.14784133005511912,tvm
6,6,1,1,64,32,2,1,[6; 6; 1; 1; 64; 32; 2; 1],0.004587703660945408,0.18844908811098102,tvm
6,6,1,1,128,128,8,1,[6; 6; 1; 1; 128; 128; 8; 1],0.007097042311215773,0.1218181509306048,tvm
12,4,197,1,96,48,3,1,[12; 4; 197; 1; 96; 48; 3; 1],0.0015552396253042389,0.5558941254852909,tvm
8,1,197,1,64,32,2,1,[8; 1; 197; 1; 64; 32; 2; 1],0.0031358355336124077,0.27569959016078627,tvm
24,3,197,1,96,96,6,1,[24; 3; 197; 1; 96; 96; 6; 1],0.008809657127130777,0.09813646081253866,tvm
6,6,197,1,128,32,2,1,[6; 6; 197; 1; 128; 32; 2; 1],0.0032519459127797745,0.2658557659372484,tvm
12,3,1,1,192,64,4,1,[12; 3; 1; 1; 192; 64; 4; 1],0.0070273233141051605,0.12302672479765656,tvm
8,8,1,1,192,32,2,1,[8; 8; 1; 1; 192; 32; 2; 1],0.004873230689554475,0.17740768424562534,tvm
4,2,1,1,384,64,4,1,[4; 2; 1; 1; 384; 64; 4; 1],0.0034365789688308723,0.2515724443610535,tvm
6,6,1,1,256,32,2,1,[6; 6; 1; 1; 256; 32; 2; 1],0.004098547222383786,0.21094024895136745,tvm
8,1,197,1,384,48,3,1,[8; 1; 197; 1; 384; 48; 3; 1],0.0014693547655042494,0.5883865433490991,tvm
6,2,197,1,48,48,3,1,[6; 2; 197; 1; 48; 48; 3; 1],0.0016337963752448559,0.5291654361144008,tvm
24,3,197,1,128,64,4,1,[24; 3; 197; 1; 128; 64; 4; 1],0.004525597811152693,0.1910352195455845,tvm
8,1,197,1,256,128,8,1,[8; 1; 197; 1; 256; 128; 8; 1],0.003413348094909452,0.253284618910661,tvm
12,6,197,1,384,192,12,0,[12; 6; 197; 1; 384; 192; 12; 0],0.007761275497614406,0.11139258897513803,tvm
24,3,1,1,256,64,4,1,[24; 3; 1; 1; 256; 64; 4; 1],0.021115160110639408,0.04094444782319916,tvm
24,3,1,1,96,96,6,1,[24; 3; 1; 1; 96; 96; 6; 1],0.008931363438023254,0.09679917040974415,tvm
4,4,197,1,96,32,2,1,[4; 4; 197; 1; 96; 32; 2; 1],0.007506180991185829,0.11517822078148288,tvm
8,8,1,1,256,128,8,1,[8; 8; 1; 1; 256; 128; 8; 1],0.0018846878920157906,0.45872240973749934,tvm
16,1,197,1,192,48,3,1,[16; 1; 197; 1; 192; 48; 3; 1],0.0014944236245355569,0.5785163973818062,tvm
4,4,197,1,32,32,2,1,[4; 4; 197; 1; 32; 32; 2; 1],0.004980519748642109,0.17358601412318106,tvm
6,1,197,1,48,48,3,1,[6; 1; 197; 1; 48; 48; 3; 1],0.0043881677847821265,0.19701812096309723,tvm
6,1,197,1,96,32,2,1,[6; 1; 197; 1; 96; 32; 2; 1],0.0032174846855923533,0.26870324365488135,tvm
12,6,197,1,192,48,3,1,[12; 6; 197; 1; 192; 48; 3; 1],0.004130434062972199,0.20931179586642645,tvm
6,1,1,1,32,32,2,1,[6; 1; 1; 1; 32; 32; 2; 1],0.005874557566130534,0.1471682865809474,tvm
6,1,1,1,48,48,3,1,[6; 1; 1; 1; 48; 48; 3; 1],0.0044235993482288904,0.1954400711661912,tvm
6,2,1,1,192,32,2,1,[6; 2; 1; 1; 192; 32; 2; 1],0.001528089022031054,0.5657710767920182,tvm
4,1,1,1,96,48,3,1,[4; 1; 1; 1; 96; 48; 3; 1],0.0032942641846602783,0.2624405703265502,tvm
12,6,1,1,96,48,3,1,[12; 6; 1; 1; 96; 48; 3; 1],0.0031026652504806407,0.2786470668386292,tvm
12,2,197,1,384,96,6,1,[12; 2; 197; 1; 384; 96; 6; 1],0.0025633615005062893,0.3372714192897937,tvm
6,3,197,1,96,48,3,1,[6; 3; 197; 1; 96; 48; 3; 1],0.00291189043855411,0.2969028504581581,tvm
6,2,197,1,384,64,4,1,[6; 2; 197; 1; 384; 64; 4; 1],0.0032008891575969756,0.2700963791191131,tvm
8,2,197,1,32,32,2,1,[8; 2; 197; 1; 32; 32; 2; 1],0.0033948148411582224,0.2546673712353661,tvm
12,3,197,1,384,64,4,0,[12; 3; 197; 1; 384; 64; 4; 0],0.006556191685376689,0.1318674945634843,tvm
4,1,197,1,128,64,4,1,[4; 1; 197; 1; 128; 64; 4; 1],0.0016858571252669208,0.5128243422714056,tvm
4,2,197,1,384,48,3,1,[4; 2; 197; 1; 384; 48; 3; 1],0.0036203559357090853,0.23880209205431077,tvm
6,3,1,1,256,32,2,1,[6; 3; 1; 1; 256; 32; 2; 1],0.004017739251139574,0.215182847215223,tvm
6,3,197,1,48,48,3,1,[6; 3; 197; 1; 48; 48; 3; 1],0.0027321629822836258,0.31643374755994796,tvm
6,6,1,1,128,32,2,1,[6; 6; 1; 1; 128; 32; 2; 1],0.0028647597355302423,0.3017874625595961,tvm
8,4,1,1,192,48,3,1,[8; 4; 1; 1; 192; 48; 3; 1],0.0039515781827503815,0.21878564245610532,tvm
6,3,1,1,384,32,2,1,[6; 3; 1; 1; 384; 32; 2; 1],0.004192308122583199,0.2062225738541034,tvm
6,1,197,1,192,64,4,1,[6; 1; 197; 1; 192; 64; 4; 1],0.0037212373717920855,0.2323282513451216,tvm
8,8,1,1,128,64,4,1,[8; 8; 1; 1; 128; 64; 4; 1],0.0015173102183325682,0.5697902518435932,tvm
12,4,197,1,64,64,4,1,[12; 4; 197; 1; 64; 64; 4; 1],0.0013715037657675566,0.6303654375638773,tvm
8,4,197,1,32,32,2,1,[8; 4; 197; 1; 32; 32; 2; 1],0.004462307151698042,0.19374474728831356,tvm
4,2,1,1,96,32,2,1,[4; 2; 1; 1; 96; 32; 2; 1],0.004936518875183538,0.17513324536745092,tvm
8,1,197,1,192,96,6,1,[8; 1; 197; 1; 192; 96; 6; 1],0.003803850311669521,0.22728249026421823,tvm
12,3,1,1,128,64,4,1,[12; 3; 1; 1; 128; 64; 4; 1],0.003246300999308005,0.2663180560314223,tvm
8,1,1,1,192,96,6,1,[8; 1; 1; 1; 192; 96; 6; 1],0.004499768409004901,0.192131792760366,tvm
12,6,197,1,384,128,8,1,[12; 6; 197; 1; 384; 128; 8; 1],0.005275524097669404,0.16387918156046477,tvm
12,1,197,1,48,48,3,1,[12; 1; 197; 1; 48; 48; 3; 1],0.0014289267728599953,0.6050335033601326,tvm
8,8,197,1,256,128,8,1,[8; 8; 197; 1; 256; 128; 8; 1],0.0017857063758128788,0.48414934456120573,tvm
6,6,1,1,192,192,12,1,[6; 6; 1; 1; 192; 192; 12; 1],0.002869782671041321,0.30125924870640597,tvm
8,4,1,1,192,96,6,1,[8; 4; 1; 1; 192; 96; 6; 1],0.0034087957174051553,0.2536228753791921,tvm
6,2,1,1,256,64,4,1,[6; 2; 1; 1; 256; 64; 4; 1],0.00773408924578689,0.11178414729304167,tvm
12,2,197,1,128,64,4,1,[12; 2; 197; 1; 128; 64; 4; 1],0.004071282877703197,0.21235286208270157,tvm
6,3,1,1,384,64,4,1,[6; 3; 1; 1; 384; 64; 4; 1],0.006786000361898914,0.12740178681432407,tvm
6,3,1,1,192,64,4,1,[6; 3; 1; 1; 192; 64; 4; 1],0.005119555935380049,0.16887178933896965,tvm
6,1,1,1,128,64,4,1,[6; 1; 1; 1; 128; 64; 4; 1],0.001444035095119034,0.5987032963054858,tvm
6,3,1,1,32,32,2,1,[6; 3; 1; 1; 32; 32; 2; 1],0.0014733804146089824,0.5867789220328494,tvm
8,8,1,1,96,32,2,1,[8; 8; 1; 1; 96; 32; 2; 1],0.004183483972155955,0.2066575555643941,tvm
12,3,1,1,48,48,3,1,[12; 3; 1; 1; 48; 48; 3; 1],0.004328197748691309,0.19974793704607874,tvm
12,2,1,1,128,128,8,1,[12; 2; 1; 1; 128; 128; 8; 1],0.005169636155187618,0.1672358644739467,tvm
6,6,1,1,64,32,2,1,[6; 6; 1; 1; 64; 32; 2; 1],0.004261809968738817,0.2028594840619828,tvm
6,3,1,1,128,64,4,1,[6; 3; 1; 1; 128; 64; 4; 1],0.002727250579482643,0.31700371719879716,tvm
6,3,1,1,64,64,4,1,[6; 3; 1; 1; 64; 64; 4; 1],0.004190248160739429,0.20632395463566278,tvm
6,3,197,1,128,128,8,1,[6; 3; 197; 1; 128; 128; 8; 1],0.0013076264531264314,0.6611586736881195,tvm
4,4,197,1,32,32,2,1,[4; 4; 197; 1; 32; 32; 2; 1],0.002884889516280964,0.29968169198489736,tvm
8,8,1,1,384,64,4,1,[8; 8; 1; 1; 384; 64; 4; 1],0.003955658532504458,0.21855996019990057,tvm
12,6,1,1,192,192,12,1,[12; 6; 1; 1; 192; 192; 12; 1],0.007508433307521045,0.11514367059271481,tvm
8,2,197,1,384,192,12,1,[8; 2; 197; 1; 384; 192; 12; 1],0.0028413666077540256,0.3042720953604641,tvm
12,12,197,1,384,192,12,0,[12; 12; 197; 1; 384; 192; 12; 0],0.0035317399742780253,0.2447939479477977,tvm
12,6,197,1,384,96,6,0,[12; 6; 197; 1; 384; 96; 6; 0],0.005076059154816903,0.17031885268873628,tvm
4,4,197,1,384,64,4,1,[4; 4; 197; 1; 384; 64; 4; 1],0.0036316448749857955,0.23805977764605987,tvm
24,3,1,1,64,32,2,1,[24; 3; 1; 1; 64; 32; 2; 1],0.002741433767369017,0.31536365449320625,tvm
6,6,197,1,32,32,2,1,[6; 6; 197; 1; 32; 32; 2; 1],0.0014694650781166274,0.5883423732237579,tvm
12,1,197,1,384,32,2,0,[12; 1; 197; 1; 384; 32; 2; 0],0.004833671649976168,0.17885959867233306,tvm
12,6,197,1,384,128,8,0,[12; 6; 197; 1; 384; 128; 8; 0],0.0035530797540559433,0.24332371668315753,tvm
12,2,197,1,256,128,8,1,[12; 2; 197; 1; 256; 128; 8; 1],0.0034482960909372196,0.25071761491154143,tvm
12,12,197,1,384,32,2,0,[12; 12; 197; 1; 384; 32; 2; 0],0.007493248995160684,0.11537699761304036,tvm
8,1,1,1,256,64,4,1,[8; 1; 1; 1; 256; 64; 4; 1],0.004935633434797637,0.17516466383691603,tvm
16,1,197,1,384,32,2,0,[16; 1; 197; 1; 384; 32; 2; 0],0.00750502257142216,0.11519599883958034,tvm
12,4,1,1,32,32,2,1,[12; 4; 1; 1; 32; 32; 2; 1],0.004289334967324976,0.20155771885722953,tvm
6,3,1,1,384,128,8,1,[6; 3; 1; 1; 384; 128; 8; 1],0.003235530217352789,0.26720460430003906,tvm
4,1,197,1,64,64,4,1,[4; 1; 197; 1; 64; 64; 4; 1],0.005200829029490706,0.16623283836600813,tvm
4,2,197,1,192,64,4,1,[4; 2; 197; 1; 192; 64; 4; 1],0.003698967811942566,0.2337269788175154,tvm
6,6,197,1,384,64,4,1,[6; 6; 197; 1; 384; 64; 4; 1],0.0028674265631707385,0.3015067874912103,tvm
12,3,1,1,96,32,2,1,[12; 3; 1; 1; 96; 32; 2; 1],0.006939587939996272,0.12458211912637507,tvm
8,1,1,1,48,48,3,1,[8; 1; 1; 1; 48; 48; 3; 1],0.0042513751541264355,0.20335739380455056,tvm
6,3,197,1,256,64,4,1,[6; 3; 197; 1; 256; 64; 4; 1],0.002056387202173937,0.42042110090677587,tvm
12,2,197,1,192,48,3,1,[12; 2; 197; 1; 192; 48; 3; 1],0.002762143576546805,0.31299914268374796,tvm
12,6,1,1,96,48,3,1,[12; 6; 1; 1; 96; 48; 3; 1],0.0031144426102400757,0.2775933544532156,tvm
6,3,197,1,32,32,2,1,[6; 3; 197; 1; 32; 32; 2; 1],0.004240471535013057,0.20388029121056445,tvm
12,3,197,1,384,96,6,1,[12; 3; 197; 1; 384; 96; 6; 1],0.0025384707805642392,0.3405785002718856,tvm
6,3,197,1,192,96,6,1,[6; 3; 197; 1; 192; 96; 6; 1],0.0026369484839960933,0.3278594848081424,tvm
12,12,197,1,384,64,4,1,[12; 12; 197; 1; 384; 64; 4; 1],0.004388558030768763,0.19700060142012626,tvm
12,2,197,1,384,96,6,1,[12; 2; 197; 1; 384; 96; 6; 1],0.0025315229540865403,0.3415132262707568,tvm
8,8,197,1,96,48,3,1,[8; 8; 197; 1; 96; 48; 3; 1],0.008416790122282691,0.10271713549560386,tvm
6,1,1,1,384,48,3,1,[6; 1; 1; 1; 384; 48; 3; 1],0.0017835645157902036,0.4847307533731323,tvm
6,3,1,1,256,64,4,1,[6; 3; 1; 1; 256; 64; 4; 1],0.00430953036993742,0.20061317526835895,tvm
6,2,1,1,48,48,3,1,[6; 2; 1; 1; 48; 48; 3; 1],0.0032518036823603325,0.2658673941844595,tvm
8,4,197,1,192,64,4,1,[8; 4; 197; 1; 192; 64; 4; 1],0.003889025560056325,0.22230467711712598,tvm
6,1,197,1,192,64,4,1,[6; 1; 197; 1; 192; 64; 4; 1],0.005513765187060926,0.1567982208341761,tvm
6,1,1,1,192,48,3,1,[6; 1; 1; 1; 192; 48; 3; 1],0.003132104036922101,0.27602805054909924,tvm
8,8,197,1,192,48,3,1,[8; 8; 197; 1; 192; 48; 3; 1],0.00283635095183854,0.3048101543527841,tvm
8,1,197,1,96,48,3,1,[8; 1; 197; 1; 96; 48; 3; 1],0.004597314873535652,0.18805511373722245,tvm
12,12,197,1,256,64,4,1,[12; 12; 197; 1; 256; 64; 4; 1],0.0032830401905812323,0.26333779705435495,tvm
12,6,197,1,384,64,4,0,[12; 6; 197; 1; 384; 64; 4; 0],0.0018941458911285736,0.4564318807108646,tvm
12,2,197,1,384,64,4,1,[12; 2; 197; 1; 384; 64; 4; 1],0.004089049245521892,0.211430217519483,tvm
8,1,197,1,384,48,3,1,[8; 1; 197; 1; 384; 48; 3; 1],0.00735657692712266,0.11752049628423009,tvm
12,4,197,1,128,128,8,1,[12; 4; 197; 1; 128; 128; 8; 1],0.0025791013140405994,0.33521310959053,tvm
6,2,1,1,96,96,6,1,[6; 2; 1; 1; 96; 96; 6; 1],0.002603334876766894,0.3320927242761263,tvm
8,8,1,1,48,48,3,1,[8; 8; 1; 1; 48; 48; 3; 1],0.005685880874807481,0.15205182635097755,tvm
4,2,197,1,96,48,3,1,[4; 2; 197; 1; 96; 48; 3; 1],0.010629491371219046,0.08133489564415727,tvm
12,6,197,1,384,64,4,1,[12; 6; 197; 1; 384; 64; 4; 1],0.0014071333353058435,0.6144041575425117,tvm
6,1,1,1,96,48,3,1,[6; 1; 1; 1; 96; 48; 3; 1],0.00138411286752671,0.6246228842402461,tvm
12,1,197,1,96,32,2,1,[12; 1; 197; 1; 96; 32; 2; 1],0.004564148563076742,0.18942165433058775,tvm
6,3,197,1,96,96,6,1,[6; 3; 197; 1; 96; 96; 6; 1],0.002617186328279786,0.33033512443755525,tvm
16,1,197,1,96,48,3,1,[16; 1; 197; 1; 96; 48; 3; 1],0.003221702470909804,0.2683514630028589,tvm
6,6,197,1,192,64,4,1,[6; 6; 197; 1; 192; 64; 4; 1],0.006865108443889767,0.12593370934993106,tvm
12,2,197,1,96,96,6,1,[12; 2; 197; 1; 96; 96; 6; 1],0.003753954966668971,0.23030339444794104,tvm
6,1,1,1,128,128,8,1,[6; 1; 1; 1; 128; 128; 8; 1],0.003937376095564105,0.21957480069089214,tvm
8,8,1,1,96,32,2,1,[8; 8; 1; 1; 96; 32; 2; 1],0.005408708653703798,0.15984380501555437,tvm
6,2,1,1,64,64,4,1,[6; 2; 1; 1; 64; 64; 4; 1],0.002799435140332207,0.3088296488719421,tvm
6,3,1,1,48,48,3,1,[6; 3; 1; 1; 48; 48; 3; 1],0.0043915062196902,0.19686834725456934,tvm
6,6,1,1,192,64,4,1,[6; 6; 1; 1; 192; 64; 4; 1],0.005631708125292789,0.15351444929217173,tvm
6,6,1,1,128,64,4,1,[6; 6; 1; 1; 128; 64; 4; 1],0.005422258880571462,0.15944435529006962,tvm
12,3,1,1,128,128,8,1,[12; 3; 1; 1; 128; 128; 8; 1],0.003878169685776811,0.2229269581986842,tvm
6,6,197,1,96,96,6,1,[6; 6; 197; 1; 96; 96; 6; 1],0.005271119247481693,0.16401612842312654,tvm
8,8,1,1,192,192,12,1,[8; 8; 1; 1; 192; 192; 12; 1],0.0027291982478345744,0.3167774902810851,tvm
12,4,197,1,32,32,2,1,[12; 4; 197; 1; 32; 32; 2; 1],0.0015480056481464999,0.5584918714371205,tvm
4,1,197,1,384,64,4,1,[4; 1; 197; 1; 384; 64; 4; 1],0.0032673137757228687,0.26460530906227286,tvm
12,2,197,1,32,32,2,1,[12; 2; 197; 1; 32; 32; 2; 1],0.004436095965502318,0.1948895105407565,tvm
24,3,197,1,64,32,2,1,[24; 3; 197; 1; 64; 32; 2; 1],0.003839734497887548,0.22515842486093968,tvm
12,4,197,1,192,48,3,1,[12; 4; 197; 1; 192; 48; 3; 1],0.00394904549466446,0.21892595884161362,tvm
8,4,197,1,192,192,12,1,[8; 4; 197; 1; 192; 192; 12; 1],0.0028496175473264884,0.3033910891795606,tvm
12,1,197,1,256,32,2,1,[12; 1; 197; 1; 256; 32; 2; 1],0.006347803631797433,0.1361964896169555,tvm
4,2,197,1,384,64,4,1,[4; 2; 197; 1; 384; 64; 4; 1],0.005119522349559702,0.16887289719575613,tvm
4,1,197,1,32,32,2,1,[4; 1; 197; 1; 32; 32; 2; 1],0.0015038280380395008,0.5748985585849693,tvm
12,2,197,1,384,48,3,0,[12; 2; 197; 1; 384; 48; 3; 0],0.0017886773457576055,0.4833451787596641,tvm
8,2,1,1,192,192,12,1,[8; 2; 1; 1; 192; 192; 12; 1],0.0045391948442556895,0.19046297880837829,tvm
6,1,197,1,128,128,8,1,[6; 1; 197; 1; 128; 128; 8; 1],0.0026218342973152176,0.32974950869850056,tvm
4,1,197,1,64,32,2,1,[4; 1; 197; 1; 64; 32; 2; 1],0.0038025892499717884,0.22735786449587883,tvm
4,1,197,1,96,32,2,1,[4; 1; 197; 1; 96; 32; 2; 1],0.003740039777767379,0.23116026106670573,tvm
8,2,197,1,384,192,12,1,[8; 2; 197; 1; 384; 192; 12; 1],0.005683941526513081,0.15210370609828294,tvm
12,3,1,1,32,32,2,1,[12; 3; 1; 1; 32; 32; 2; 1],0.005079382535768673,0.17020741504316284,tvm
24,1,197,1,96,32,2,1,[24; 1; 197; 1; 96; 32; 2; 1],0.0037341264687711373,0.2315263231331009,tvm
6,2,197,1,384,128,8,1,[6; 2; 197; 1; 384; 128; 8; 1],0.0026422101727803238,0.32720658649150197,tvm
8,4,197,1,192,48,3,1,[8; 4; 197; 1; 192; 48; 3; 1],0.004231518498272635,0.2043116606441617,tvm
4,1,1,1,96,48,3,1,[4; 1; 1; 1; 96; 48; 3; 1],0.0033429679315304384,0.25861706996177314,tvm
8,4,197,1,48,48,3,1,[8; 4; 197; 1; 48; 48; 3; 1],0.004655828248360194,0.18569168047233478,tvm
16,1,197,1,192,64,4,1,[16; 1; 197; 1; 192; 64; 4; 1],0.004037665690702852,0.21412089005270668,tvm
4,2,1,1,128,64,4,1,[4; 2; 1; 1; 128; 64; 4; 1],0.0065249945619143546,0.13249797577990982,tvm
12,12,197,1,256,64,4,0,[12; 12; 197; 1; 256; 64; 4; 0],0.00641846343933139,0.1346971248805043,tvm
12,4,197,1,384,64,4,0,[12; 4; 197; 1; 384; 64; 4; 0],0.006692490249406546,0.12918189481191023,tvm
8,1,197,1,128,128,8,1,[8; 1; 197; 1; 128; 128; 8; 1],0.00376526168838609,0.22961181532090116,tvm
8,4,1,1,128,32,2,1,[8; 4; 1; 1; 128; 32; 2; 1],0.006516529945656657,0.13267008340916212,tvm
6,6,1,1,384,128,8,1,[6; 6; 1; 1; 384; 128; 8; 1],0.006272431186516769,0.1378330898690458,tvm
8,4,1,1,48,48,3,1,[8; 4; 1; 1; 48; 48; 3; 1],0.005659972004650626,0.1527478529431238,tvm
12,6,197,1,384,48,3,0,[12; 6; 197; 1; 384; 48; 3; 0],0.008371505507966504,0.10327277102139495,tvm
12,6,197,1,256,64,4,0,[12; 6; 197; 1; 256; 64; 4; 0],0.01267963700229302,0.06818401593612057,tvm
16,1,197,1,48,48,3,1,[16; 1; 197; 1; 48; 48; 3; 1],0.0045232762495288625,0.19113326795342678,tvm
6,3,197,1,32,32,2,1,[6; 3; 197; 1; 32; 32; 2; 1],0.004745548372738995,0.18218096277239687,tvm
6,3,1,1,384,64,4,1,[6; 3; 1; 1; 384; 64; 4; 1],0.0033779350997065194,0.2559399591495067,tvm
12,6,197,1,96,48,3,1,[12; 6; 197; 1; 96; 48; 3; 1],0.004213349187921267,0.2051927179230811,tvm
12,6,197,1,256,128,8,1,[12; 6; 197; 1; 256; 128; 8; 1],0.005145609844475985,0.16801673612248283,tvm
12,3,197,1,384,96,6,1,[12; 3; 197; 1; 384; 96; 6; 1],0.003805842876317911,0.22716349558419174,tvm
4,2,1,1,64,32,2,1,[4; 2; 1; 1; 64; 32; 2; 1],0.006777896502171643,0.12755411227533045,tvm
6,6,1,1,192,192,12,1,[6; 6; 1; 1; 192; 192; 12; 1],0.00569555312540615,0.15179361027677543,tvm
12,4,197,1,128,64,4,1,[12; 4; 197; 1; 128; 64; 4; 1],0.0048002729381551035,0.18010404461727225,tvm
8,2,197,1,384,96,6,1,[8; 2; 197; 1; 384; 96; 6; 1],0.001291562710321159,0.6693817996755212,tvm
12,2,1,1,96,48,3,1,[12; 2; 1; 1; 96; 48; 3; 1],0.0015673610942030791,0.5515950182929282,tvm
8,8,1,1,96,32,2,1,[8; 8; 1; 1; 96; 32; 2; 1],0.004157801311521325,0.207934075404925,tvm
6,3,1,1,96,96,6,1,[6; 3; 1; 1; 96; 96; 6; 1],0.003928583748347592,0.22006621897578502,tvm
6,1,1,1,192,48,3,1,[6; 1; 1; 1; 192; 48; 3; 1],0.005354428751161322,0.16146420311243462,tvm
12,2,1,1,128,64,4,1,[12; 2; 1; 1; 128; 64; 4; 1],0.005791326118924189,0.14928335128693668,tvm
6,1,1,1,384,48,3,1,[6; 1; 1; 1; 384; 48; 3; 1],0.00526512015494518,0.16420300885565886,tvm
16,1,197,1,128,32,2,1,[16; 1; 197; 1; 128; 32; 2; 1],0.0049799109401647,0.17360723551413115,tvm
12,6,197,1,192,96,6,1,[12; 6; 197; 1; 192; 96; 6; 1],0.0012503043126343982,0.6914705185707651,tvm
6,1,197,1,96,48,3,1,[6; 1; 197; 1; 96; 48; 3; 1],0.0020675338892033324,0.418154486339134,tvm
12,6,197,1,384,96,6,1,[12; 6; 197; 1; 384; 96; 6; 1],0.003786462591961026,0.22832618847577674,tvm
8,2,197,1,64,64,4,1,[8; 2; 197; 1; 64; 64; 4; 1],0.004039258346892893,0.21403646342492688,tvm
12,2,1,1,48,48,3,1,[12; 2; 1; 1; 48; 48; 3; 1],0.002848253421689151,0.3035363935122924,tvm
8,4,1,1,96,32,2,1,[8; 4; 1; 1; 96; 32; 2; 1],0.0027998754048894625,0.30878108715794916,tvm
12,2,1,1,128,128,8,1,[12; 2; 1; 1; 128; 128; 8; 1],0.002207454454037361,0.3916495626205745,tvm
8,4,1,1,96,96,6,1,[8; 4; 1; 1; 96; 96; 6; 1],0.003749684343347326,0.2305656936063031,tvm
8,2,1,1,192,48,3,1,[8; 2; 1; 1; 192; 48; 3; 1],0.003299489682831336,0.2620249355308457,tvm
12,3,197,1,48,48,3,1,[12; 3; 197; 1; 48; 48; 3; 1],0.0028602800484804902,0.30226011326683155,tvm
12,3,1,1,48,48,3,1,[12; 3; 1; 1; 48; 48; 3; 1],0.0028568800626089796,0.3026198343934125,tvm
6,3,1,1,64,64,4,1,[6; 3; 1; 1; 64; 64; 4; 1],0.002798918438202236,0.30888666122899844,tvm
8,8,197,1,192,192,12,1,[8; 8; 197; 1; 192; 192; 12; 1],0.004109028814127669,0.21040216813668458,tvm
6,3,197,1,128,64,4,1,[6; 3; 197; 1; 128; 64; 4; 1],0.004181633652478922,0.20674899890287057,tvm
8,8,197,1,96,96,6,1,[8; 8; 197; 1; 96; 96; 6; 1],0.005459628941025585,0.15835299079247808,tvm
6,1,197,1,128,64,4,1,[6; 1; 197; 1; 128; 64; 4; 1],0.006101780687458813,0.14168791303914052,tvm
4,4,197,1,256,128,8,1,[4; 4; 197; 1; 256; 128; 8; 1],0.0021770383427792694,0.3971214261320101,tvm
12,2,197,1,192,192,12,0,[12; 2; 197; 1; 192; 192; 12; 0],0.0046245787816587836,0.18694644685422954,tvm
12,12,1,1,96,48,3,1,[12; 12; 1; 1; 96; 48; 3; 1],0.004677011093008332,0.18485065659155392,tvm
4,1,197,1,64,64,4,1,[4; 1; 197; 1; 64; 64; 4; 1],0.00346795281075174,0.24929652120645934,tvm
4,2,197,1,384,64,4,1,[4; 2; 197; 1; 384; 64; 4; 1],0.0034865909328800626,0.24796386730531073,tvm
16,2,1,1,64,64,4,1,[16; 2; 1; 1; 64; 64; 4; 1],0.004844427217904013,0.17846249567614034,tvm
4,1,197,1,256,128,8,1,[4; 1; 197; 1; 256; 128; 8; 1],0.00442155750351958,0.1955303240408808,tvm
16,2,197,1,256,32,2,1,[16; 2; 197; 1; 256; 32; 2; 1],0.004404134058859199,0.19630387265107796,tvm
12,2,197,1,32,32,2,1,[12; 2; 197; 1; 32; 32; 2; 1],0.0016922609211178496,0.5108837299495637,tvm
16,1,197,1,64,64,4,1,[16; 1; 197; 1; 64; 64; 4; 1],0.0014016316090419423,0.6168158350962964,tvm
12,3,1,1,96,32,2,1,[12; 3; 1; 1; 96; 32; 2; 1],0.005218411621171981,0.16567274377531876,tvm
4,2,197,1,96,48,3,1,[4; 2; 197; 1; 96; 48; 3; 1],0.003642728093836922,0.23733546648493703,tvm
8,1,197,1,384,64,4,1,[8; 1; 197; 1; 384; 64; 4; 1],0.0027111954550491646,0.3188809459747688,tvm
6,3,197,1,192,192,12,1,[6; 3; 197; 1; 192; 192; 12; 1],0.004333078810304869,0.1995229279865655,tvm
8,4,197,1,384,48,3,1,[8; 4; 197; 1; 384; 48; 3; 1],0.00472162825462874,0.18310390501010557,tvm
6,3,197,1,64,32,2,1,[6; 3; 197; 1; 64; 32; 2; 1],0.005472009623190388,0.1579947096153875,tvm
4,1,1,1,96,32,2,1,[4; 1; 1; 1; 96; 32; 2; 1],0.0032846900357981212,0.2632055268552917,tvm
6,6,1,1,384,192,12,1,[6; 6; 1; 1; 384; 192; 12; 1],0.0031910210964269936,0.27093163764934425,tvm
12,6,197,1,96,32,2,1,[12; 6; 197; 1; 96; 32; 2; 1],0.004982196092896629,0.17352760816885596,tvm
6,2,197,1,32,32,2,1,[6; 2; 197; 1; 32; 32; 2; 1],0.0029417259684123565,0.29389160673424874,tvm
12,6,197,1,384,48,3,1,[12; 6; 197; 1; 384; 48; 3; 1],0.004347430251073092,0.19886427648038094,tvm
12,1,197,1,384,64,4,0,[12; 1; 197; 1; 384; 64; 4; 0],0.0048550062492722645,0.17807362689968975,tvm
8,1,197,1,96,32,2,1,[8; 1; 197; 1; 96; 32; 2; 1],0.005187998220208101,0.16664396068237136,tvm
4,4,197,1,32,32,2,1,[4; 4; 197; 1; 32; 32; 2; 1],0.004510591723374091,0.19167076615434764,tvm
6,2,1,1,384,32,2,1,[6; 2; 1; 1; 384; 32; 2; 1],0.0035926147538702935,0.24064605605073588,tvm
6,6,197,1,48,48,3,1,[6; 6; 197; 1; 48; 48; 3; 1],0.002931639610324055,0.29490274602102495,tvm
12,12,197,1,48,48,3,1,[12; 12; 197; 1; 48; 48; 3; 1],0.00394726396916667,0.2190247670745697,tvm
12,6,1,1,96,32,2,1,[12; 6; 1; 1; 96; 32; 2; 1],0.003671744249004405,0.23545991027642899,tvm
16,1,197,1,384,48,3,1,[16; 1; 197; 1; 384; 48; 3; 1],0.0032536950893700123,0.2657128426855656,tvm
4,2,197,1,192,48,3,1,[4; 2; 197; 1; 192; 48; 3; 1],0.00495978603430558,0.17431166696480627,tvm
12,3,1,1,96,96,6,1,[12; 3; 1; 1; 96; 96; 6; 1],0.0025238042035198305,0.3425577032571807,tvm
8,1,1,1,192,48,3,1,[8; 1; 1; 1; 192; 48; 3; 1],0.0046562464704038575,0.18567500172592563,tvm
12,12,1,1,128,64,4,1,[12; 12; 1; 1; 128; 64; 4; 1],0.0016171391107491218,0.5346160795208761,tvm
12,4,1,1,48,48,3,1,[12; 4; 1; 1; 48; 48; 3; 1],0.002220404625404626,0.3893653262729193,tvm
12,6,197,1,384,128,8,1,[12; 6; 197; 1; 384; 128; 8; 1],0.0026760407017718535,0.3230700380813112,tvm
12,3,1,1,128,64,4,1,[12; 3; 1; 1; 128; 64; 4; 1],0.003965742405853234,0.2180042178615892,tvm
8,2,197,1,384,64,4,1,[8; 2; 197; 1; 384; 64; 4; 1],0.002738334642344853,0.31572056901279716,tvm
4,2,1,1,192,48,3,1,[4; 2; 1; 1; 192; 48; 3; 1],0.0046723214982193895,0.18503619062987184,tvm
8,2,197,1,128,128,8,1,[8; 2; 197; 1; 128; 128; 8; 1],0.00395630593993701,0.21852419518454533,tvm
12,6,1,1,128,64,4,1,[12; 6; 1; 1; 128; 64; 4; 1],0.004856006875343155,0.1780369331473562,tvm
8,2,197,1,256,64,4,1,[8; 2; 197; 1; 256; 64; 4; 1],0.0017570015334058553,0.49205908759378786,tvm
6,1,1,1,96,32,2,1,[6; 1; 1; 1; 96; 32; 2; 1],0.0013694634617422707,0.6313045916016393,tvm
8,8,1,1,192,64,4,1,[8; 8; 1; 1; 192; 64; 4; 1],0.002999032076331787,0.288275866821014,tvm
8,1,1,1,192,64,4,1,[8; 1; 1; 1; 192; 64; 4; 1],0.0037867621576879174,0.22830812589413818,tvm
8,4,197,1,192,96,6,1,[8; 4; 197; 1; 192; 96; 6; 1],0.003816459189692978,0.22653159079060442,tvm
6,2,1,1,128,128,8,1,[6; 2; 1; 1; 128; 128; 8; 1],0.003926607343601063,0.22017698633337252,tvm
12,4,197,1,384,64,4,1,[12; 4; 197; 1; 384; 64; 4; 1],0.004166261183854658,0.20751185134021868,tvm
12,6,197,1,384,64,4,1,[12; 6; 197; 1; 384; 64; 4; 1],0.004130679277295712,0.2092993702465753,tvm
12,12,1,1,128,128,8,1,[12; 12; 1; 1; 128; 128; 8; 1],0.003881390184687916,0.222741989413797,tvm
8,1,1,1,96,48,3,1,[8; 1; 1; 1; 96; 48; 3; 1],0.002749784202023875,0.31440597076390686,tvm
12,1,197,1,96,48,3,1,[12; 1; 197; 1; 96; 48; 3; 1],0.004179368443146814,0.20686105644651376,tvm
6,2,1,1,96,32,2,1,[6; 2; 1; 1; 96; 32; 2; 1],0.004756399095640518,0.18176535527074972,tvm
6,3,1,1,384,48,3,1,[6; 3; 1; 1; 384; 48; 3; 1],0.0052161166240694,0.1657456367902461,tvm
12,2,1,1,64,64,4,1,[12; 2; 1; 1; 64; 64; 4; 1],0.004083759842615109,0.2117040680029172,tvm
8,4,1,1,96,32,2,1,[8; 4; 1; 1; 96; 32; 2; 1],0.002791047798382351,0.30975770888970466,tvm
12,6,1,1,96,96,6,1,[12; 6; 1; 1; 96; 96; 6; 1],0.0024951493614935316,0.34649171098562015,tvm
12,1,197,1,64,64,4,1,[12; 1; 197; 1; 64; 64; 4; 1],0.0013556211888499092,0.637750854397638,tvm
8,4,1,1,128,64,4,1,[8; 4; 1; 1; 128; 64; 4; 1],0.0013767197269771714,0.6279771797320278,tvm
12,3,1,1,128,128,8,1,[12; 3; 1; 1; 128; 128; 8; 1],0.0025916133272403385,0.33359473897642744,tvm
6,2,1,1,384,48,3,1,[6; 2; 1; 1; 384; 48; 3; 1],0.005170779309992213,0.16719889200412874,tvm
6,2,1,1,128,64,4,1,[6; 2; 1; 1; 128; 64; 4; 1],0.0033550553416716866,0.25768533850705494,tvm
8,4,1,1,64,32,2,1,[8; 4; 1; 1; 64; 32; 2; 1],0.003075029657338746,0.28115129535914346,tvm
8,8,1,1,192,192,12,1,[8; 8; 1; 1; 192; 192; 12; 1],0.004536837870546151,0.190561927954568,tvm
6,3,1,1,32,32,2,1,[6; 3; 1; 1; 32; 32; 2; 1],0.004404863473610021,0.1962713660952646,tvm
24,1,197,1,32,32,2,1,[24; 1; 197; 1; 32; 32; 2; 1],0.0020223087194608524,0.4275057329817873,tvm
12,2,197,1,192,192,12,0,[12; 2; 197; 1; 192; 192; 12; 0],0.004620608626282774,0.18710707643812946,tvm
8,1,1,1,192,32,2,1,[8; 1; 1; 1; 192; 32; 2; 1],0.004861450215685181,0.17783758612587588,tvm
16,16,197,1,256,64,4,1,[16; 16; 197; 1; 256; 64; 4; 1],0.0037139525957172737,0.2327839543308984,tvm
16,8,1,1,64,64,4,1,[16; 8; 1; 1; 64; 64; 4; 1],0.0029354754042287823,0.2945173957796142,tvm
16,4,197,1,384,128,8,1,[16; 4; 197; 1; 384; 128; 8; 1],0.0037474643177120015,0.23070228243198265,tvm
12,2,197,1,192,96,6,0,[12; 2; 197; 1; 192; 96; 6; 0],0.0037310139668988995,0.23171946797807266,tvm
16,8,197,1,384,128,8,1,[16; 8; 197; 1; 384; 128; 8; 1],0.002465529203618644,0.35065436262514277,tvm
6,6,1,1,256,64,4,1,[6; 6; 1; 1; 256; 64; 4; 1],0.00213649810757488,0.4046568393219467,tvm
12,2,197,1,192,48,3,0,[12; 2; 197; 1; 192; 48; 3; 0],0.0017595360623090528,0.4913502996318345,tvm
4,1,197,1,384,192,12,1,[4; 1; 197; 1; 384; 192; 12; 1],0.004653021591366269,0.18580368787300502,tvm
6,3,197,1,192,32,2,1,[6; 3; 197; 1; 192; 32; 2; 1],0.004876540784607641,0.17728726357778868,tvm
8,2,197,1,96,32,2,1,[8; 2; 197; 1; 96; 32; 2; 1],0.003308345374534838,0.26132355408936986,tvm
12,1,197,1,384,128,8,0,[12; 1; 197; 1; 384; 128; 8; 0],0.00348322084028041,0.2482037777883106,tvm
8,2,197,1,64,32,2,1,[8; 2; 197; 1; 64; 32; 2; 1],0.0031310815902543254,0.27611818680149675,tvm
4,4,1,1,384,48,3,1,[4; 4; 1; 1; 384; 48; 3; 1],0.003396301035536453,0.25455593081489436,tvm
12,3,1,1,96,32,2,1,[12; 3; 1; 1; 96; 32; 2; 1],0.007078358874423429,0.12213969180801017,tvm
6,6,197,1,128,32,2,1,[6; 6; 197; 1; 128; 32; 2; 1],0.004645483277272433,0.18610519505221118,tvm
12,6,197,1,96,32,2,1,[12; 6; 197; 1; 96; 32; 2; 1],0.0046427877168753184,0.18621324603883213,tvm
12,2,197,1,384,128,8,0,[12; 2; 197; 1; 384; 128; 8; 0],0.00407598775200313,0.21210774517261297,tvm
6,1,197,1,128,128,8,1,[6; 1; 197; 1; 128; 128; 8; 1],0.006326909249764867,0.13664627344871455,tvm
8,8,197,1,384,48,3,1,[8; 8; 197; 1; 384; 48; 3; 1],0.005346207653929014,0.16171249367637278,tvm
12,12,1,1,192,64,4,1,[12; 12; 1; 1; 192; 64; 4; 1],0.009284310872317292,0.09311930452548352,tvm
12,12,197,1,384,128,8,1,[12; 12; 197; 1; 384; 128; 8; 1],0.005271798152534757,0.1639950063362885,tvm
6,2,1,1,384,128,8,1,[6; 2; 1; 1; 384; 128; 8; 1],0.0016057932189141866,0.5383934626484264,tvm
6,1,1,1,32,32,2,1,[6; 1; 1; 1; 32; 32; 2; 1],0.002775978220597608,0.3114392486993118,tvm
8,2,197,1,96,48,3,1,[8; 2; 197; 1; 96; 48; 3; 1],0.0014031676801096182,0.6161405965116237,tvm
8,2,1,1,192,32,2,1,[8; 2; 1; 1; 192; 32; 2; 1],0.004772096872329712,0.18116743950474404,tvm
6,1,197,1,384,48,3,1,[6; 1; 197; 1; 384; 48; 3; 1],0.006137088654213585,0.14087275256077522,tvm
4,4,197,1,384,128,8,1,[4; 4; 197; 1; 384; 128; 8; 1],0.0032819144034874626,0.2634281291766402,tvm
12,6,1,1,96,32,2,1,[12; 6; 1; 1; 96; 32; 2; 1],0.007336762617342174,0.11783788252668913,tvm
6,6,1,1,192,32,2,1,[6; 6; 1; 1; 192; 32; 2; 1],0.005737756000598893,0.1506771238334868,tvm
24,4,1,1,64,64,4,1,[24; 4; 1; 1; 64; 64; 4; 1],0.001537280397315044,0.5623883404345488,tvm
6,1,1,1,192,48,3,1,[6; 1; 1; 1; 192; 48; 3; 1],0.0015539565229119034,0.5563531274404799,tvm
6,1,197,1,32,32,2,1,[6; 1; 197; 1; 32; 32; 2; 1],0.005097962937725242,0.16958706487072675,tvm
12,1,1,1,32,32,2,1,[12; 1; 1; 1; 32; 32; 2; 1],0.0031656530336476862,0.27310275707391035,tvm
12,2,1,1,64,32,2,1,[12; 2; 1; 1; 64; 32; 2; 1],0.0032858801569091156,0.26311019579052897,tvm
12,1,197,1,192,64,4,1,[12; 1; 197; 1; 192; 64; 4; 1],0.0026622620316629764,0.3247421031988098,tvm
12,4,197,1,256,128,8,1,[12; 4; 197; 1; 256; 128; 8; 1],0.005171154465642758,0.16718676209976852,tvm
6,3,1,1,192,48,3,1,[6; 3; 1; 1; 192; 48; 3; 1],0.004571704812406097,0.18910857260129135,tvm
4,2,197,1,128,64,4,1,[4; 2; 197; 1; 128; 64; 4; 1],0.0037231663809507154,0.23220787979069787,tvm
12,3,197,1,256,64,4,1,[12; 3; 197; 1; 256; 64; 4; 1],0.003628109785495326,0.2382917338623311,tvm
8,4,197,1,128,128,8,1,[8; 4; 197; 1; 128; 128; 8; 1],0.0037747810638393275,0.22903277218129295,tvm
8,1,197,1,256,64,4,1,[8; 1; 197; 1; 256; 64; 4; 1],0.006008937562000938,0.1438771101393642,tvm
12,12,197,1,128,64,4,1,[12; 12; 197; 1; 128; 64; 4; 1],0.004072443465702236,0.21229234456161863,tvm
12,2,197,1,128,64,4,1,[12; 2; 197; 1; 128; 64; 4; 1],0.00456913383823121,0.18921498079015628,tvm
6,2,1,1,384,96,6,1,[6; 2; 1; 1; 384; 96; 6; 1],0.0065244993747910485,0.13250803192179922,tvm
6,3,197,1,384,96,6,1,[6; 3; 197; 1; 384; 96; 6; 1],0.008115573058603331,0.10652957778650789,tvm
8,1,1,1,96,32,2,1,[8; 1; 1; 1; 96; 32; 2; 1],0.0015275224213837646,0.5659809370558286,tvm
8,4,197,1,32,32,2,1,[8; 4; 197; 1; 32; 32; 2; 1],0.0029762475787720177,0.2904827466622515,tvm
6,6,1,1,96,48,3,1,[6; 6; 1; 1; 96; 48; 3; 1],0.002732513876253506,0.3163931129286473,tvm
6,2,197,1,192,96,6,1,[6; 2; 197; 1; 192; 96; 6; 1],0.003933583160687704,0.2197865244260969,tvm
16,1,197,1,64,64,4,1,[16; 1; 197; 1; 64; 64; 4; 1],0.004120128869544715,0.20983532282671205,tvm
12,12,197,1,64,64,4,1,[12; 12; 197; 1; 64; 64; 4; 1],0.0037178361817495897,0.23254079232230193,tvm
8,2,197,1,384,64,4,1,[8; 2; 197; 1; 384; 64; 4; 1],0.004041685810079798,0.21390791171159887,tvm
12,2,1,1,96,48,3,1,[12; 2; 1; 1; 96; 48; 3; 1],0.007747437994112261,0.11159154446742178,tvm
12,3,1,1,48,48,3,1,[12; 3; 1; 1; 48; 48; 3; 1],0.0014299272897915216,0.6046101627689192,tvm
6,6,1,1,128,64,4,1,[6; 6; 1; 1; 128; 64; 4; 1],0.0025207750004483387,0.34296935318495503,tvm
8,2,197,1,384,96,6,1,[8; 2; 197; 1; 384; 96; 6; 1],0.0035936829081038013,0.24057452856483336,tvm
6,1,1,1,96,96,6,1,[6; 1; 1; 1; 96; 96; 6; 1],0.002628447546157986,0.32891984954856185,tvm
6,2,1,1,128,64,4,1,[6; 2; 1; 1; 128; 64; 4; 1],0.00402626574941678,0.214727150475302,tvm
6,6,1,1,32,32,2,1,[6; 6; 1; 1; 32; 32; 2; 1],0.003943298434023745,0.2192450269472466,tvm
12,1,1,1,64,64,4,1,[12; 1; 1; 1; 64; 64; 4; 1],0.002700350247323513,0.3201616428407685,tvm
12,1,1,1,48,48,3,1,[12; 1; 1; 1; 48; 48; 3; 1],0.007183710302342661,0.12034847384458637,tvm
8,1,197,1,192,32,2,1,[8; 1; 197; 1; 192; 32; 2; 1],0.0015643187798559666,0.5526677698698816,tvm
16,1,197,1,384,32,2,0,[16; 1; 197; 1; 384; 32; 2; 0],0.0018595889850985259,0.4649137945838958,tvm
12,1,1,1,192,48,3,0,[12; 1; 1; 1; 192; 48; 3; 0],0.005726701187086292,0.1509679906781461,tvm
8,1,1,1,192,32,2,1,[8; 1; 1; 1; 192; 32; 2; 1],0.003970927842601668,0.21771953701937263,tvm
16,1,197,1,192,32,2,0,[16; 1; 197; 1; 192; 32; 2; 0],0.007428378317854367,0.11638456395665776,tvm
24,1,197,1,64,64,4,1,[24; 1; 197; 1; 64; 64; 4; 1],0.012640599627047777,0.06839458545769062,tvm
16,8,197,1,192,192,12,1,[16; 8; 197; 1; 192; 192; 12; 1],0.00974917424900923,0.08867915880326296,tvm
24,12,197,1,64,64,4,1,[24; 12; 197; 1; 64; 64; 4; 1],0.009215778685756959,0.09381177661793641,tvm
6,1,1,1,384,64,4,1,[6; 1; 1; 1; 384; 64; 4; 1],0.003392882841581013,0.2548123857485482,tvm
12,2,197,1,96,48,3,0,[12; 2; 197; 1; 96; 48; 3; 0],0.0020184156092000194,0.4283303039710574,tvm
16,1,197,1,384,96,6,1,[16; 1; 197; 1; 384; 96; 6; 1],0.00903260194172617,0.09571423350726693,tvm
8,4,1,1,384,64,4,1,[8; 4; 1; 1; 384; 64; 4; 1],0.003571792403818108,0.2420489417314406,tvm
4,4,1,1,192,48,3,1,[4; 4; 1; 1; 192; 48; 3; 1],0.004880737556959502,0.17713482057559132,tvm
8,8,197,1,32,32,2,1,[8; 8; 197; 1; 32; 32; 2; 1],0.0029933306541352067,0.28882494830105737,tvm
12,3,1,1,32,32,2,1,[12; 3; 1; 1; 32; 32; 2; 1],0.00613237518700771,0.1409810301985824,tvm
12,12,197,1,192,192,12,1,[12; 12; 197; 1; 192; 192; 12; 1],0.0026511052055866458,0.32610873744531804,tvm
8,2,197,1,48,48,3,1,[8; 2; 197; 1; 48; 48; 3; 1],0.001928944890096318,0.4481976524406573,tvm
6,3,1,1,384,32,2,1,[6; 3; 1; 1; 384; 32; 2; 1],0.0018481228908058256,0.46779820526523946,tvm
6,6,1,1,384,96,6,1,[6; 6; 1; 1; 384; 96; 6; 1],0.004189240004052408,0.20637360728730303,tvm
8,1,197,1,384,64,4,1,[8; 1; 197; 1; 384; 64; 4; 1],0.0029653371530002914,0.2915515257864799,tvm
12,3,197,1,256,128,8,1,[12; 3; 197; 1; 256; 128; 8; 1],0.0034419736912241206,0.2511781463155516,tvm
12,1,197,1,64,32,2,1,[12; 1; 197; 1; 64; 32; 2; 1],0.006971038674237207,0.1240200509321049,tvm
12,6,1,1,64,32,2,1,[12; 6; 1; 1; 64; 32; 2; 1],0.00515875165729085,0.1675887169731668,tvm
6,2,1,1,256,128,8,1,[6; 2; 1; 1; 256; 128; 8; 1],0.006635045385337435,0.1303003252003533,tvm
12,3,197,1,192,64,4,1,[12; 3; 197; 1; 192; 64; 4; 1],0.001458729029764072,0.5926724935119715,tvm
12,1,197,1,192,48,3,1,[12; 1; 197; 1; 192; 48; 3; 1],0.0027909865020774305,0.3097645118616866,tvm
12,6,197,1,256,128,8,1,[12; 6; 197; 1; 256; 128; 8; 1],0.0017193766252603382,0.5028267563528533,tvm
12,2,197,1,192,96,6,1,[12; 2; 197; 1; 192; 96; 6; 1],0.002498730562365381,0.34599511626021856,tvm
6,2,197,1,384,64,4,1,[6; 2; 197; 1; 384; 64; 4; 1],0.0035343310300959274,0.2446144868906369,tvm
8,1,197,1,256,64,4,1,[8; 1; 197; 1; 256; 64; 4; 1],0.00527464797050925,0.1639064021451847,tvm
12,6,197,1,96,48,3,1,[12; 6; 197; 1; 96; 48; 3; 1],0.004184691155387554,0.20659793980626592,tvm
8,2,197,1,256,128,8,1,[8; 2; 197; 1; 256; 128; 8; 1],0.006877154315588996,0.12571312664437817,tvm
12,2,1,1,64,32,2,1,[12; 2; 1; 1; 64; 32; 2; 1],0.0016885145305423066,0.5120172529109958,tvm
12,4,197,1,384,128,8,1,[12; 4; 197; 1; 384; 128; 8; 1],0.001331177063548239,0.6494617396157096,tvm
16,1,197,1,128,32,2,1,[16; 1; 197; 1; 128; 32; 2; 1],0.00518047691002721,0.16688590383545024,tvm
6,3,1,1,192,48,3,1,[6; 3; 1; 1; 192; 48; 3; 1],0.004561180590826552,0.18954491150105998,tvm
8,1,197,1,96,48,3,1,[8; 1; 197; 1; 96; 48; 3; 1],0.0027747075946535915,0.3115818665341225,tvm
6,2,197,1,192,48,3,1,[6; 2; 197; 1; 192; 48; 3; 1],0.0058214469027007,0.14851094339235282,tvm
6,3,1,1,96,96,6,1,[6; 3; 1; 1; 96; 96; 6; 1],0.003959158937504981,0.21836672512404884,tvm
8,2,1,1,384,48,3,1,[8; 2; 1; 1; 384; 48; 3; 1],0.00720321387052536,0.12002261587236703,tvm
6,3,1,1,192,96,6,1,[6; 3; 1; 1; 192; 96; 6; 1],0.0013984461093059508,0.6182208707760981,tvm
12,1,197,1,32,32,2,1,[12; 1; 197; 1; 32; 32; 2; 1],0.0015638675467926078,0.5528272347627554,tvm
8,8,1,1,96,32,2,1,[8; 8; 1; 1; 96; 32; 2; 1],0.004161299526458606,0.20775927470049935,tvm
16,1,197,1,192,48,3,1,[16; 1; 197; 1; 192; 48; 3; 1],0.004452767221664544,0.19415984002536377,tvm
12,1,1,1,96,32,2,1,[12; 1; 1; 1; 96; 32; 2; 1],0.005182273154787254,0.16682805896287484,tvm
8,2,197,1,64,64,4,1,[8; 2; 197; 1; 64; 64; 4; 1],0.0029944642337795813,0.2887156111854264,tvm
8,2,197,1,384,96,6,1,[8; 2; 197; 1; 384; 96; 6; 1],0.0038750426247133873,0.22310685459686178,tvm
6,3,1,1,128,128,8,1,[6; 3; 1; 1; 128; 128; 8; 1],0.003950129001168534,0.2188659082204199,tvm
12,1,1,1,96,48,3,1,[12; 1; 1; 1; 96; 48; 3; 1],0.0015611019534844672,0.5538066040458475,tvm
8,2,1,1,192,96,6,1,[8; 2; 1; 1; 192; 96; 6; 1],0.0013506520699593239,0.6400971728082482,tvm
6,2,1,1,96,48,3,1,[6; 2; 1; 1; 96; 48; 3; 1],0.0043846923726960085,0.19717428223977954,tvm
12,2,1,1,48,48,3,1,[12; 2; 1; 1; 48; 48; 3; 1],0.005695119849406183,0.15180515850227733,tvm
12,2,197,1,64,64,4,1,[12; 2; 197; 1; 64; 64; 4; 1],0.005462069158966187,0.15828224547640213,tvm
8,2,197,1,96,96,6,1,[8; 2; 197; 1; 96; 96; 6; 1],0.0025256570952478796,0.34230639347489117,tvm
6,1,197,1,128,64,4,1,[6; 1; 197; 1; 128; 64; 4; 1],0.0027901062348973937,0.30986224130650897,tvm
12,6,197,1,128,128,8,1,[12; 6; 197; 1; 128; 128; 8; 1],0.00657605794549454,0.13146912308169367,tvm
12,3,197,1,48,48,3,1,[12; 3; 197; 1; 48; 48; 3; 1],0.0014312716029962758,0.6040422863268538,tvm
6,6,197,1,96,96,6,1,[6; 6; 197; 1; 96; 96; 6; 1],0.0013202816171542509,0.6548213352330305,tvm
8,1,1,1,96,96,6,1,[8; 1; 1; 1; 96; 96; 6; 1],0.003774898999836296,0.22902561670287439,tvm
8,2,1,1,64,32,2,1,[8; 2; 1; 1; 64; 32; 2; 1],0.0028099092669435777,0.3076784654932886,tvm
6,6,1,1,32,32,2,1,[6; 6; 1; 1; 32; 32; 2; 1],0.005622431628580671,0.1537677340590122,tvm
24,3,1,1,64,64,4,1,[24; 3; 1; 1; 64; 64; 4; 1],0.00609637994057266,0.14181343352221587,tvm
12,1,1,1,48,48,3,1,[12; 1; 1; 1; 48; 48; 3; 1],0.0034688355372054502,0.24923308186731322,tvm
12,3,1,1,128,128,8,1,[12; 3; 1; 1; 128; 128; 8; 1],0.003954718027671333,0.21861193778653434,tvm
8,1,197,1,384,32,2,1,[8; 1; 197; 1; 384; 32; 2; 1],0.001624578482733341,0.532167931938859,tvm
12,6,197,1,384,48,3,1,[12; 6; 197; 1; 384; 48; 3; 1],0.0014599688274756772,0.5921691992036553,tvm
6,2,197,1,256,128,8,1,[6; 2; 197; 1; 256; 128; 8; 1],0.004300143940781709,0.2010510772045012,tvm
4,1,197,1,256,128,8,1,[4; 1; 197; 1; 256; 128; 8; 1],0.0021848810611118097,0.39569594282108556,tvm
12,1,197,1,384,96,6,1,[12; 1; 197; 1; 384; 96; 6; 1],0.003811728849541396,0.2268127155824813,tvm
16,4,197,1,384,128,8,1,[16; 4; 197; 1; 384; 128; 8; 1],0.0036568120995070785,0.2364213823141497,tvm
12,2,197,1,192,96,6,0,[12; 2; 197; 1; 192; 96; 6; 0],0.004640525687136687,0.18630401590601214,tvm
12,3,1,1,192,96,6,1,[12; 3; 1; 1; 192; 96; 6; 1],0.010207199258729815,0.08469988186907952,tvm
12,6,197,1,192,48,3,1,[12; 6; 197; 1; 192; 48; 3; 1],0.0018885709396272432,0.45777924105896267,tvm
12,4,1,1,32,32,2,1,[12; 4; 1; 1; 32; 32; 2; 1],0.0015466638669749955,0.5589763812866965,tvm
12,12,1,1,192,192,12,1,[12; 12; 1; 1; 192; 192; 12; 1],0.002657488079421455,0.32532547488107144,tvm
16,4,197,1,384,64,4,1,[16; 4; 197; 1; 384; 64; 4; 1],0.0028270379661989864,0.30581427690940266,tvm
6,1,1,1,384,32,2,1,[6; 1; 1; 1; 384; 32; 2; 1],0.005642900781822391,0.15320995439323726,tvm
16,16,1,1,64,64,4,1,[16; 16; 1; 1; 64; 64; 4; 1],0.004098605284525547,0.21093726070493055,tvm
12,12,197,1,384,128,8,1,[12; 12; 197; 1; 384; 128; 8; 1],0.0026513658776821103,0.32607667568852516,tvm
8,8,197,1,32,32,2,1,[8; 8; 197; 1; 32; 32; 2; 1],0.004469781786610838,0.1934207558002749,tvm
4,1,1,1,384,48,3,1,[4; 1; 1; 1; 384; 48; 3; 1],0.001675013656495139,0.5161441926614407,tvm
8,4,1,1,192,48,3,1,[8; 4; 1; 1; 192; 48; 3; 1],0.001597402984771179,0.5412213321689856,tvm
12,1,197,1,384,64,4,1,[12; 1; 197; 1; 384; 64; 4; 1],0.004180586060101632,0.20680080711161195,tvm
12,1,197,1,64,32,2,1,[12; 1; 197; 1; 64; 32; 2; 1],0.0031502244382863864,0.2744403100049773,tvm
12,12,197,1,48,48,3,1,[12; 12; 197; 1; 48; 48; 3; 1],0.005688899218512233,0.15197115262918456,tvm
6,2,197,1,384,128,8,1,[6; 2; 197; 1; 384; 128; 8; 1],0.004007176903542131,0.21575003855316605,tvm
6,1,197,1,32,32,2,1,[6; 1; 197; 1; 32; 32; 2; 1],0.00590370728605194,0.14644163904791624,tvm
6,6,1,1,192,48,3,1,[6; 6; 1; 1; 192; 48; 3; 1],0.0028508374707598705,0.30326126280293775,tvm
12,6,197,1,384,48,3,0,[12; 6; 197; 1; 384; 48; 3; 0],0.0017333345931547228,0.4987776594564273,tvm
6,6,197,1,48,48,3,1,[6; 6; 197; 1; 48; 48; 3; 1],0.0014717459998792037,0.5874305562913239,tvm
6,2,1,1,256,64,4,1,[6; 2; 1; 1; 256; 64; 4; 1],0.004030326213978697,0.2145108176181843,tvm
6,1,197,1,48,48,3,1,[6; 1; 197; 1; 48; 48; 3; 1],0.004399569312226959,0.19650754655140487,tvm
12,1,197,1,192,48,3,0,[12; 1; 197; 1; 192; 48; 3; 0],0.006659623875748366,0.12981942937902313,tvm
8,4,197,1,384,64,4,1,[8; 4; 197; 1; 384; 64; 4; 1],0.004093115880095866,0.21122015519588042,tvm
6,6,197,1,384,64,4,1,[6; 6; 197; 1; 384; 64; 4; 1],0.004291405719413888,0.20146046026770217,tvm
16,4,1,1,64,64,4,1,[16; 4; 1; 1; 64; 64; 4; 1],0.00550044122064719,0.15717804022398904,tvm
12,2,197,1,384,64,4,0,[12; 2; 197; 1; 384; 64; 4; 0],0.004099410965864081,0.21089580396493385,tvm
16,1,197,1,192,48,3,1,[16; 1; 197; 1; 192; 48; 3; 1],0.00296245515710325,0.2918351588734072,tvm
12,2,1,1,96,32,2,1,[12; 2; 1; 1; 96; 32; 2; 1],0.003505471941025462,0.24662829598221328,tvm
12,3,197,1,384,48,3,1,[12; 3; 197; 1; 384; 48; 3; 1],0.004283110378310084,0.2018506400877957,tvm
12,2,197,1,192,48,3,1,[12; 2; 197; 1; 192; 48; 3; 1],0.004159281656029634,0.20786006885954722,tvm
16,1,197,1,32,32,2,1,[16; 1; 197; 1; 32; 32; 2; 1],0.0032917049393290654,0.2626446134642884,tvm
8,8,1,1,96,32,2,1,[8; 8; 1; 1; 96; 32; 2; 1],0.003008180126926163,0.28739920315609213,tvm
12,1,197,1,96,32,2,1,[12; 1; 197; 1; 96; 32; 2; 1],0.006161979028547648,0.14030371856561508,tvm
16,1,197,1,96,48,3,1,[16; 1; 197; 1; 96; 48; 3; 1],0.001837465515563963,0.4705114540139929,tvm
6,3,197,1,128,128,8,1,[6; 3; 197; 1; 128; 128; 8; 1],0.0013089703425066546,0.6604798774684051,tvm
12,6,1,1,128,64,4,1,[12; 6; 1; 1; 128; 64; 4; 1],0.004885687318164855,0.17695536270080217,tvm
6,6,1,1,96,48,3,1,[6; 6; 1; 1; 96; 48; 3; 1],0.0027428910943854135,0.3151960984518369,tvm
12,12,1,1,128,64,4,1,[12; 12; 1; 1; 128; 64; 4; 1],0.004804900810995605,0.17993057618382588,tvm
6,3,197,1,192,96,6,1,[6; 3; 197; 1; 192; 96; 6; 1],0.00261652349945507,0.3304188063316177,tvm
6,2,1,1,128,128,8,1,[6; 2; 1; 1; 128; 128; 8; 1],0.0039209444366861135,0.2204949816017456,tvm
8,1,1,1,192,64,4,1,[8; 1; 1; 1; 192; 64; 4; 1],0.004623111599357799,0.1870057758390835,tvm
8,4,1,1,192,64,4,1,[8; 4; 1; 1; 192; 64; 4; 1],0.003613826120272279,0.23923358309321013,tvm
12,12,197,1,192,64,4,1,[12; 12; 197; 1; 192; 64; 4; 1],0.0022922374519112054,0.3771636183274705,tvm
8,1,1,1,128,128,8,1,[8; 1; 1; 1; 128; 128; 8; 1],0.002535325340431882,0.3410010374768309,tvm
8,2,197,1,256,64,4,1,[8; 2; 197; 1; 256; 64; 4; 1],0.0035456828118185513,0.2438313344179683,tvm
6,3,1,1,96,48,3,1,[6; 3; 1; 1; 96; 48; 3; 1],0.004024443747766782,0.21482436471085503,tvm
12,2,1,1,96,48,3,1,[12; 2; 1; 1; 96; 48; 3; 1],0.00620740056183422,0.13927707142732007,tvm
12,12,1,1,128,128,8,1,[12; 12; 1; 1; 128; 128; 8; 1],0.005138595777680166,0.16824607516002638,tvm
12,1,1,1,96,32,2,1,[12; 1; 1; 1; 96; 32; 2; 1],0.0033589006852707826,0.25739033464720457,tvm
8,8,1,1,384,192,12,1,[8; 8; 1; 1; 384; 192; 12; 1],0.0018302916250831913,0.47235563971357597,tvm
6,3,197,1,48,48,3,1,[6; 3; 197; 1; 48; 48; 3; 1],0.0014684966627100948,0.5887303617245246,tvm
12,3,197,1,128,128,8,1,[12; 3; 197; 1; 128; 128; 8; 1],0.0038670127469231375,0.22357013747018703,tvm
6,6,197,1,384,128,8,1,[6; 6; 197; 1; 384; 128; 8; 1],0.00396218772220891,0.2181998007269044,tvm
12,4,1,1,128,128,8,1,[12; 4; 1; 1; 128; 128; 8; 1],0.003948003432014957,0.2189837436355339,tvm
12,2,197,1,48,48,3,1,[12; 2; 197; 1; 48; 48; 3; 1],0.0042919460975099355,0.2014350953592259,tvm
8,4,197,1,96,96,6,1,[8; 4; 197; 1; 96; 96; 6; 1],0.0025372851887368597,0.34073764165981313,tvm
6,6,197,1,96,96,6,1,[6; 6; 197; 1; 96; 96; 6; 1],0.003946631062717643,0.2190598912565303,tvm
4,2,197,1,256,64,4,1,[4; 2; 197; 1; 256; 64; 4; 1],0.0023435487819369882,0.3689057288212304,tvm
12,12,1,1,192,64,4,1,[12; 12; 1; 1; 192; 64; 4; 1],0.0023616795951966196,0.36607360845516984,tvm
8,2,197,1,192,192,12,1,[8; 2; 197; 1; 192; 192; 12; 1],0.004143111284065526,0.20867133710688376,tvm
12,2,1,1,192,64,4,1,[12; 2; 1; 1; 192; 64; 4; 1],0.004730394030048046,0.18276459972189468,tvm
16,2,197,1,192,48,3,1,[16; 2; 197; 1; 192; 48; 3; 1],0.004793820560735185,0.1803464607144126,tvm
4,2,1,1,32,32,2,1,[4; 2; 1; 1; 32; 32; 2; 1],0.0029970039868203457,0.28847094472697354,tvm
12,2,197,1,256,32,2,0,[12; 2; 197; 1; 256; 32; 2; 0],0.005005697188607883,0.17271291867117675,tvm
4,2,197,1,96,48,3,1,[4; 2; 197; 1; 96; 48; 3; 1],0.0070844422589289024,0.12203481090398252,tvm
6,1,197,1,192,32,2,1,[6; 1; 197; 1; 192; 32; 2; 1],0.0032475817861268297,0.26621302506430783,tvm
6,6,1,1,384,64,4,1,[6; 6; 1; 1; 384; 64; 4; 1],0.0033397869410691783,0.258863390594551,tvm
24,1,197,1,32,32,2,1,[24; 1; 197; 1; 32; 32; 2; 1],0.004551641599391587,0.18994214560833056,tvm
12,3,197,1,96,48,3,0,[12; 3; 197; 1; 96; 48; 3; 0],0.0034667904692469165,0.2493801050561834,tvm
6,2,1,1,128,32,2,1,[6; 2; 1; 1; 128; 32; 2; 1],0.004241358750732616,0.20383764313246003,tvm
8,1,197,1,384,64,4,1,[8; 1; 197; 1; 384; 64; 4; 1],0.004431932655279525,0.19507258766639443,tvm
4,2,197,1,192,48,3,1,[4; 2; 197; 1; 192; 48; 3; 1],0.007102124189259484,0.12173098475749339,tvm
6,3,197,1,256,128,8,1,[6; 3; 197; 1; 256; 128; 8; 1],0.0068873946875100955,0.12552621283580304,tvm
12,4,197,1,384,48,3,0,[12; 4; 197; 1; 384; 48; 3; 0],0.0034575490280985832,0.250046655709757,tvm
6,1,197,1,384,48,3,1,[6; 1; 197; 1; 384; 48; 3; 1],0.003078463407291565,0.280837696293815,tvm
24,1,197,1,96,32,2,1,[24; 1; 197; 1; 96; 32; 2; 1],0.003771227340621408,0.22924859557422345,tvm
12,12,197,1,384,96,6,1,[12; 12; 197; 1; 384; 96; 6; 1],0.002567056373663945,0.33678597022573603,tvm
6,1,1,1,192,32,2,1,[6; 1; 1; 1; 192; 32; 2; 1],0.004665334185119718,0.18531332100197362,tvm
6,3,197,1,32,32,2,1,[6; 3; 197; 1; 32; 32; 2; 1],0.004839954221097287,0.17862742743723015,tvm
12,3,197,1,256,128,8,1,[12; 3; 197; 1; 256; 128; 8; 1],0.0043172876903554425,0.20025271268345637,tvm
6,2,1,1,256,64,4,1,[6; 2; 1; 1; 256; 64; 4; 1],0.006426730382372625,0.13452385894386887,tvm
12,6,1,1,32,32,2,1,[12; 6; 1; 1; 32; 32; 2; 1],0.0015556296402792213,0.5557547561728078,tvm
12,2,1,1,32,32,2,1,[12; 2; 1; 1; 32; 32; 2; 1],0.0015459907972399378,0.5592197398406592,tvm
8,4,197,1,192,48,3,1,[8; 4; 197; 1; 192; 48; 3; 1],0.004643970089091454,0.18616583544742676,tvm
16,1,197,1,384,48,3,0,[16; 1; 197; 1; 384; 48; 3; 0],0.005181852939131204,0.166841587668353,tvm
6,2,197,1,384,96,6,1,[6; 2; 197; 1; 384; 96; 6; 1],0.004067195965035353,0.21256624437594723,tvm
12,1,197,1,96,32,2,1,[12; 1; 197; 1; 96; 32; 2; 1],0.0046198733762139454,0.18713685441679392,tvm
16,2,197,1,384,48,3,0,[16; 2; 197; 1; 384; 48; 3; 0],0.005185203219298273,0.1667337874455715,tvm
8,1,197,1,384,32,2,1,[8; 1; 197; 1; 384; 32; 2; 1],0.003258636155806016,0.2653099425930623,tvm
12,6,197,1,96,48,3,1,[12; 6; 197; 1; 96; 48; 3; 1],0.0013949573440186214,0.619767030967386,tvm
12,3,197,1,192,96,6,1,[12; 3; 197; 1; 192; 96; 6; 1],0.0012538550072349608,0.6895123969198801,tvm
16,1,197,1,256,32,2,1,[16; 1; 197; 1; 256; 32; 2; 1],0.004798948939424008,0.1801537341491986,tvm
16,1,197,1,384,32,2,1,[16; 1; 197; 1; 384; 32; 2; 1],0.005160310902283527,0.167538078189435,tvm
8,4,197,1,256,64,4,1,[8; 4; 197; 1; 256; 64; 4; 1],0.0034976852184627205,0.247177352285736,tvm
6,3,1,1,384,32,2,1,[6; 3; 1; 1; 384; 32; 2; 1],0.005533557094167918,0.15623739968993194,tvm
6,3,1,1,192,48,3,1,[6; 3; 1; 1; 192; 48; 3; 1],0.00440294983854983,0.19635667067088866,tvm
6,6,197,1,384,96,6,1,[6; 6; 197; 1; 384; 96; 6; 1],0.00543583575199591,0.1590461174459014,tvm
12,3,197,1,128,64,4,1,[12; 3; 197; 1; 128; 64; 4; 1],0.0013807894920319086,0.6261262679196233,tvm
8,2,197,1,384,64,4,1,[8; 2; 197; 1; 384; 64; 4; 1],0.001364747015031753,0.6334863252354915,tvm
6,2,197,1,128,128,8,1,[6; 2; 197; 1; 128; 128; 8; 1],0.0028231764372321777,0.3062325684030463,tvm
8,8,1,1,384,128,8,1,[8; 8; 1; 1; 384; 128; 8; 1],0.0034160243812948465,0.25308618292146484,tvm
12,4,197,1,32,32,2,1,[12; 4; 197; 1; 32; 32; 2; 1],0.006736908573657274,0.12833016241442516,tvm
12,2,1,1,48,48,3,1,[12; 2; 1; 1; 48; 48; 3; 1],0.004671207781939302,0.18508030723258576,tvm
8,4,197,1,192,96,6,1,[8; 4; 197; 1; 192; 96; 6; 1],0.0037928647798253223,0.22794078397606032,tvm
12,3,197,1,96,48,3,1,[12; 3; 197; 1; 96; 48; 3; 1],0.006954857119126245,0.1243086028397355,tvm
12,6,197,1,384,48,3,0,[12; 6; 197; 1; 384; 48; 3; 0],0.001782221530447714,0.4850960201403173,tvm
12,2,1,1,64,64,4,1,[12; 2; 1; 1; 64; 64; 4; 1],0.0013884916243114276,0.6226530691946471,tvm
8,4,1,1,192,64,4,1,[8; 4; 1; 1; 192; 64; 4; 1],0.0030753042046853807,0.28112619561713215,tvm
8,1,1,1,128,128,8,1,[8; 1; 1; 1; 128; 128; 8; 1],0.002509058016585186,0.3445709767226575,tvm
12,12,197,1,192,64,4,1,[12; 12; 197; 1; 192; 64; 4; 1],0.0039799009973648936,0.21722866272326674,tvm
8,8,197,1,256,64,4,1,[8; 8; 197; 1; 256; 64; 4; 1],0.005264233681373298,0.1642306599130747,tvm
8,8,197,1,384,192,12,1,[8; 8; 197; 1; 384; 192; 12; 1],0.004163996964052785,0.20762468822434327,tvm
8,4,1,1,192,96,6,1,[8; 4; 1; 1; 192; 96; 6; 1],0.004171741755271796,0.207239235347214,tvm
6,1,197,1,96,48,3,1,[6; 1; 197; 1; 96; 48; 3; 1],0.003246873035095632,0.26627113597717483,tvm
8,1,197,1,64,64,4,1,[8; 1; 197; 1; 64; 64; 4; 1],0.0026261067505402025,0.32921303418100945,tvm
6,3,1,1,128,64,4,1,[6; 3; 1; 1; 128; 64; 4; 1],0.0027049377822550014,0.31961865337539513,tvm
12,6,1,1,96,96,6,1,[12; 6; 1; 1; 96; 96; 6; 1],0.003910440907930024,0.22108723588568857,tvm
8,1,1,1,64,64,4,1,[8; 1; 1; 1; 64; 64; 4; 1],0.003948936813685577,0.21893198402981803,tvm
8,1,1,1,96,96,6,1,[8; 1; 1; 1; 96; 96; 6; 1],0.00378487043781206,0.2284222368066965,tvm
12,3,197,1,64,64,4,1,[12; 3; 197; 1; 64; 64; 4; 1],0.005386370721680578,0.1605066966424523,tvm
8,8,197,1,96,96,6,1,[8; 8; 197; 1; 96; 96; 6; 1],0.00432018031278858,0.20011863136113517,tvm
8,4,1,1,256,128,8,1,[8; 4; 1; 1; 256; 128; 8; 1],0.0018688421550905332,0.46261187392077513,tvm
6,3,197,1,256,32,2,1,[6; 3; 197; 1; 256; 32; 2; 1],0.0023315514845307916,0.3708039805960175,tvm
4,4,197,1,384,48,3,1,[4; 4; 197; 1; 384; 48; 3; 1],0.0036292760050855577,0.23821516198192544,tvm
12,2,197,1,96,32,2,0,[12; 2; 197; 1; 96; 32; 2; 0],0.0037564464728347957,0.23015064308267416,tvm
12,12,197,1,96,48,3,1,[12; 12; 197; 1; 96; 48; 3; 1],0.004161151402513497,0.20776667027937282,tvm
12,4,1,1,192,96,6,1,[12; 4; 1; 1; 192; 96; 6; 1],0.010050220807897858,0.08602284347316778,tvm
4,1,1,1,384,32,2,1,[4; 1; 1; 1; 384; 32; 2; 1],0.004019200598122552,0.2151046085712714,tvm
12,2,197,1,384,32,2,1,[12; 2; 197; 1; 384; 32; 2; 1],0.006439244869397953,0.1342624156967964,tvm
4,1,197,1,192,32,2,1,[4; 1; 197; 1; 192; 32; 2; 1],0.003834408060356509,0.22547119602815274,tvm
16,8,197,1,384,64,4,1,[16; 8; 197; 1; 384; 64; 4; 1],0.0054783783707534894,0.15781103693822857,tvm
4,4,1,1,96,48,3,1,[4; 4; 1; 1; 96; 48; 3; 1],0.00658071918587666,0.13137600116474188,tvm
6,3,1,1,256,64,4,1,[6; 3; 1; 1; 256; 64; 4; 1],0.008566099117160775,0.10092675319347988,tvm
12,6,197,1,384,64,4,1,[12; 6; 197; 1; 384; 64; 4; 1],0.004080019942193758,0.21189812394978594,tvm
6,2,197,1,128,128,8,1,[6; 2; 197; 1; 128; 128; 8; 1],0.006568321259692311,0.13162397776339438,tvm
6,6,197,1,96,48,3,1,[6; 6; 197; 1; 96; 48; 3; 1],0.0032352364069083706,0.2672288706885393,tvm
8,2,197,1,96,32,2,1,[8; 2; 197; 1; 96; 32; 2; 1],0.006930921881576069,0.12473789002394237,tvm
6,1,1,1,64,64,4,1,[6; 1; 1; 1; 64; 64; 4; 1],0.0069855709298281,0.12376204895966121,tvm
12,1,197,1,64,64,4,1,[12; 1; 197; 1; 64; 64; 4; 1],0.004390710782899987,0.19690401262493365,tvm
6,2,197,1,192,64,4,1,[6; 2; 197; 1; 192; 64; 4; 1],0.005994617902615573,0.144220796967118,tvm
12,6,1,1,96,96,6,1,[12; 6; 1; 1; 96; 96; 6; 1],0.007732915444648825,0.1118011153253769,tvm
12,6,1,1,32,32,2,1,[12; 6; 1; 1; 32; 32; 2; 1],0.006754708752851002,0.1279919835275897,tvm
12,3,197,1,48,48,3,0,[12; 3; 197; 1; 48; 48; 3; 0],0.006867964126286097,0.12588134642690432,tvm
12,6,197,1,384,48,3,1,[12; 6; 197; 1; 384; 48; 3; 1],0.004358381753263529,0.19836458125339818,tvm
12,12,197,1,128,64,4,1,[12; 12; 197; 1; 128; 64; 4; 1],0.004074070995557122,0.2122075369750266,tvm
8,4,197,1,384,128,8,1,[8; 4; 197; 1; 384; 128; 8; 1],0.006352408745442517,0.1360977553670227,tvm
6,6,1,1,192,64,4,1,[6; 6; 1; 1; 192; 64; 4; 1],0.00658756832126528,0.1312394087265446,tvm
8,4,197,1,128,32,2,1,[8; 4; 197; 1; 128; 32; 2; 1],0.004725275437522214,0.1829625770729491,tvm
12,4,1,1,32,32,2,1,[12; 4; 1; 1; 32; 32; 2; 1],0.006173711029987317,0.14003709717368285,tvm
12,6,197,1,32,32,2,1,[12; 6; 197; 1; 32; 32; 2; 1],0.004626179623301141,0.1868817559685779,tvm
12,1,197,1,192,32,2,1,[12; 1; 197; 1; 192; 32; 2; 1],0.006197874557983596,0.13949113737949576,tvm
6,6,197,1,192,192,12,1,[6; 6; 197; 1; 192; 192; 12; 1],0.007113200073945336,0.12154143879564033,tvm
6,1,1,1,384,48,3,1,[6; 1; 1; 1; 384; 48; 3; 1],0.007030855500488542,0.12296491819075187,tvm
16,1,197,1,96,48,3,1,[16; 1; 197; 1; 96; 48; 3; 1],0.0030014563744771294,0.28804302430655204,tvm
4,1,1,1,192,48,3,1,[4; 1; 1; 1; 192; 48; 3; 1],0.0016470952978124842,0.5248928659906824,tvm
12,1,197,1,384,48,3,1,[12; 1; 197; 1; 384; 48; 3; 1],0.004434315123944543,0.19496777907374171,tvm
12,12,1,1,192,96,6,1,[12; 12; 1; 1; 192; 96; 6; 1],0.010117544938111678,0.08545043058537967,tvm
24,6,1,1,64,64,4,1,[24; 6; 1; 1; 64; 64; 4; 1],0.004584076596074738,0.18859819492738597,tvm
8,8,197,1,256,128,8,1,[8; 8; 197; 1; 256; 128; 8; 1],0.004454771282325964,0.19407249365609758,tvm
12,2,197,1,48,48,3,1,[12; 2; 197; 1; 48; 48; 3; 1],0.007884804683271796,0.10964743023537109,tvm
8,1,197,1,384,48,3,1,[8; 1; 197; 1; 384; 48; 3; 1],0.00580226937745465,0.14900179829427931,tvm
8,2,197,1,64,64,4,1,[8; 2; 197; 1; 64; 64; 4; 1],0.0013414591649052454,0.6444837040489706,tvm
12,3,1,1,32,32,2,1,[12; 3; 1; 1; 32; 32; 2; 1],0.00342052702762885,0.25275303029190993,tvm
8,1,1,1,128,64,4,1,[8; 1; 1; 1; 128; 64; 4; 1],0.003916032030247152,0.22077157815637358,tvm
8,4,1,1,32,32,2,1,[8; 4; 1; 1; 32; 32; 2; 1],0.0024479490457451902,0.35317261726965016,tvm
6,3,197,1,32,32,2,1,[6; 3; 197; 1; 32; 32; 2; 1],0.006723592945490964,0.12858431175676135,tvm
6,3,197,1,96,96,6,1,[6; 3; 197; 1; 96; 96; 6; 1],0.0026180055465374608,0.3302317569846297,tvm
12,1,1,1,48,48,3,1,[12; 1; 1; 1; 48; 48; 3; 1],0.004277927873772569,0.202095172461651,tvm
8,1,197,1,64,64,4,1,[8; 1; 197; 1; 64; 64; 4; 1],0.005269072309602052,0.1640798456785397,tvm
16,1,197,1,192,48,3,1,[16; 1; 197; 1; 192; 48; 3; 1],0.0014845216319372412,0.5823751926742692,tvm
8,1,197,1,96,32,2,1,[8; 1; 197; 1; 96; 32; 2; 1],0.0016438350940006785,0.5259338814360502,tvm
6,1,1,1,192,64,4,1,[6; 1; 1; 1; 192; 64; 4; 1],0.004076335651916452,0.2120896425744803,tvm
6,6,1,1,128,128,8,1,[6; 6; 1; 1; 128; 128; 8; 1],0.0026313225644116756,0.3285604673184078,tvm
6,2,197,1,192,32,2,1,[6; 2; 197; 1; 192; 32; 2; 1],0.004254433843016159,0.20321119174241387,tvm
6,2,197,1,384,48,3,1,[6; 2; 197; 1; 384; 48; 3; 1],0.004958100464136805,0.17437092646308194,tvm
8,2,197,1,384,48,3,1,[8; 2; 197; 1; 384; 48; 3; 1],0.005812114934087731,0.14874939350528704,tvm
12,3,197,1,192,48,3,1,[12; 3; 197; 1; 192; 48; 3; 1],0.00414969334815396,0.20834035165831616,tvm
12,1,197,1,96,96,6,1,[12; 1; 197; 1; 96; 96; 6; 1],0.0012532223900052486,0.6898604575880188,tvm
6,2,1,1,192,32,2,1,[6; 2; 1; 1; 192; 32; 2; 1],0.00151332374298363,0.5712912226725855,tvm
6,3,197,1,192,48,3,1,[6; 3; 197; 1; 192; 48; 3; 1],0.004364665437606163,0.19807900142347226,tvm
12,1,197,1,384,64,4,1,[12; 1; 197; 1; 384; 64; 4; 1],0.00417236521752784,0.2072082682974774,tvm
6,2,197,1,256,64,4,1,[6; 2; 197; 1; 256; 64; 4; 1],0.005614819812763017,0.1539761916247732,tvm
16,1,197,1,192,64,4,1,[16; 1; 197; 1; 192; 64; 4; 1],0.004072809220815543,0.21227327983102862,tvm
24,3,197,1,64,64,4,1,[24; 3; 197; 1; 64; 64; 4; 1],0.007594702809001319,0.11383573434945994,tvm
8,1,1,1,32,32,2,1,[8; 1; 1; 1; 32; 32; 2; 1],0.006003242844599299,0.14401359295440558,tvm
24,4,1,1,64,32,2,1,[24; 4; 1; 1; 64; 32; 2; 1],0.0026313472189940512,0.32855738884930713,tvm
6,2,197,1,256,32,2,1,[6; 2; 197; 1; 256; 32; 2; 1],0.002330802111828234,0.3709231972294881,tvm
16,1,1,1,96,48,3,1,[16; 1; 1; 1; 96; 48; 3; 1],0.005111881437187549,0.1691253175668777,tvm
24,8,1,1,64,64,4,1,[24; 8; 1; 1; 64; 64; 4; 1],0.003222845247364603,0.268256309276883,tvm
4,4,197,1,192,64,4,1,[4; 4; 197; 1; 192; 64; 4; 1],0.005150291690370068,0.1678640013817257,tvm
16,16,197,1,384,32,2,0,[16; 16; 197; 1; 384; 32; 2; 0],0.005551054346142337,0.1557449301553646,tvm
8,2,1,1,384,32,2,1,[8; 2; 1; 1; 384; 32; 2; 1],0.00764617181266658,0.11306946699737612,tvm
12,2,1,1,192,64,4,1,[12; 2; 1; 1; 192; 64; 4; 1],0.007876697869505733,0.10976028098978262,tvm
16,16,197,1,384,128,8,1,[16; 16; 197; 1; 384; 128; 8; 1],0.0012352361482044216,0.699905497977295,tvm
4,2,1,1,384,96,6,1,[4; 2; 1; 1; 384; 96; 6; 1],0.0017273360463150311,0.5005097724168579,tvm
12,12,197,1,384,192,12,0,[12; 12; 197; 1; 384; 192; 12; 0],0.004724695747427177,0.18298502541658043,tvm
12,1,197,1,192,32,2,1,[12; 1; 197; 1; 192; 32; 2; 1],0.0046344481816049665,0.18654833057798212,tvm
8,8,197,1,32,32,2,1,[8; 8; 197; 1; 32; 32; 2; 1],0.00446716266014846,0.19353415964482457,tvm
8,8,1,1,256,64,4,1,[8; 8; 1; 1; 256; 64; 4; 1],0.0039909690312924795,0.21662622903104473,tvm
12,1,197,1,384,32,2,0,[12; 1; 197; 1; 384; 32; 2; 0],0.005616888156509958,0.15391949195686974,tvm
8,1,1,1,384,48,3,1,[8; 1; 1; 1; 384; 48; 3; 1],0.007303221864276566,0.1183790644040924,tvm
16,8,197,1,384,32,2,0,[16; 8; 197; 1; 384; 32; 2; 0],0.0018601527663122397,0.4647728869831172,tvm
4,1,1,1,384,64,4,1,[4; 1; 1; 1; 384; 64; 4; 1],0.003387953656783793,0.25518311612600186,tvm
6,6,1,1,256,128,8,1,[6; 6; 1; 1; 256; 128; 8; 1],0.0038596628728555515,0.2239958773365456,tvm
4,2,197,1,384,48,3,1,[4; 2; 197; 1; 384; 48; 3; 1],0.005456695347675122,0.1584381235058176,tvm
4,4,197,1,384,96,6,1,[4; 4; 197; 1; 384; 96; 6; 1],0.006653381511569023,0.12994122912165465,tvm
16,1,197,1,384,48,3,0,[16; 1; 197; 1; 384; 48; 3; 0],0.006987424814724363,0.12372921274326093,tvm
16,16,197,1,384,64,4,0,[16; 16; 197; 1; 384; 64; 4; 0],0.00594951646780828,0.14531408999478895,tvm
12,2,197,1,96,32,2,1,[12; 2; 197; 1; 96; 32; 2; 1],0.004621249718184117,0.18708111964317062,tvm
4,1,197,1,384,128,8,1,[4; 1; 197; 1; 384; 128; 8; 1],0.0016514062954229303,0.5235226326947954,tvm
8,2,197,1,256,128,8,1,[8; 2; 197; 1; 256; 128; 8; 1],0.001715808641165495,0.503872372877963,tvm
12,12,1,1,192,192,12,1,[12; 12; 1; 1; 192; 192; 12; 1],0.0026689713267842308,0.32392576224123093,tvm
8,4,197,1,192,48,3,1,[8; 4; 197; 1; 192; 48; 3; 1],0.0022776581390644424,0.3795778464733467,tvm
12,2,197,1,192,48,3,0,[12; 2; 197; 1; 192; 48; 3; 0],0.0042126219341298565,0.20522814174805584,tvm
4,1,197,1,96,32,2,1,[4; 1; 197; 1; 96; 32; 2; 1],0.0037260950048221275,0.2320253698066516,tvm
8,4,197,1,384,64,4,1,[8; 4; 197; 1; 384; 64; 4; 1],0.0040337205937248655,0.21433030655953783,tvm
8,2,1,1,384,128,8,1,[8; 2; 1; 1; 384; 128; 8; 1],0.00519309062656248,0.16648054763505094,tvm
12,12,197,1,128,64,4,1,[12; 12; 197; 1; 128; 64; 4; 1],0.0033380250024492852,0.2590000286978697,tvm
6,2,1,1,256,32,2,1,[6; 2; 1; 1; 256; 32; 2; 1],0.003926012745068874,0.22021033235678011,tvm
6,3,1,1,384,64,4,1,[6; 3; 1; 1; 384; 64; 4; 1],0.006717486627167091,0.12870119725019388,tvm
12,4,197,1,32,32,2,1,[12; 4; 197; 1; 32; 32; 2; 1],0.0054833532849443145,0.15766785879041736,tvm
12,2,197,1,384,128,8,1,[12; 2; 197; 1; 384; 128; 8; 1],0.004334571807703469,0.19945420442500966,tvm
4,4,197,1,384,128,8,1,[4; 4; 197; 1; 384; 128; 8; 1],0.004930064875225071,0.17536251414726106,tvm
12,12,197,1,384,96,6,1,[12; 12; 197; 1; 384; 96; 6; 1],0.0038315607453114353,0.2256387485142949,tvm
12,2,197,1,384,48,3,1,[12; 2; 197; 1; 384; 48; 3; 1],0.004302035034925211,0.20096269891107504,tvm
12,6,1,1,32,32,2,1,[12; 6; 1; 1; 32; 32; 2; 1],0.0015451432191184722,0.559526496140474,tvm
4,1,197,1,384,48,3,1,[4; 1; 197; 1; 384; 48; 3; 1],0.0037055997454444878,0.23330867627876214,tvm
12,6,197,1,384,32,2,0,[12; 6; 197; 1; 384; 32; 2; 0],0.004314026838983409,0.2004040780683461,tvm
12,1,1,1,32,32,2,1,[12; 1; 1; 1; 32; 32; 2; 1],0.0017382823425577953,0.4973579666905156,tvm
12,4,1,1,96,96,6,1,[12; 4; 1; 1; 96; 96; 6; 1],0.003718989624758251,0.23246866989707465,tvm
12,3,197,1,96,48,3,1,[12; 3; 197; 1; 96; 48; 3; 1],0.004204209217277821,0.2056388078584626,tvm
12,2,197,1,32,32,2,1,[12; 2; 197; 1; 32; 32; 2; 1],0.004614740530087147,0.18734500147774177,tvm
12,12,1,1,64,64,4,1,[12; 12; 1; 1; 64; 64; 4; 1],0.004434793248947244,0.1949467591603741,tvm
8,8,1,1,192,64,4,1,[8; 8; 1; 1; 192; 64; 4; 1],0.0035586775047704577,0.24294097182721158,tvm
8,2,197,1,192,48,3,1,[8; 2; 197; 1; 192; 48; 3; 1],0.002803849936753977,0.308343381753683,tvm
8,4,197,1,192,96,6,1,[8; 4; 197; 1; 192; 96; 6; 1],0.0040240236558020115,0.21484679151476355,tvm
12,3,1,1,128,64,4,1,[12; 3; 1; 1; 128; 64; 4; 1],0.0048568922793492675,0.17800447728776983,tvm
12,4,197,1,256,64,4,1,[12; 4; 197; 1; 256; 64; 4; 1],0.005458811967400834,0.1583766901280937,tvm
12,2,1,1,64,32,2,1,[12; 2; 1; 1; 64; 32; 2; 1],0.0049409246203140356,0.17497708179438332,tvm
8,2,1,1,96,48,3,1,[8; 2; 1; 1; 96; 48; 3; 1],0.0028701482005999424,0.3012208816422289,tvm
12,2,197,1,192,64,4,1,[12; 2; 197; 1; 192; 64; 4; 1],0.0043485260612214915,0.19881416352503625,tvm
8,8,197,1,384,128,8,1,[8; 8; 197; 1; 384; 128; 8; 1],0.001345231485174736,0.6426764322396696,tvm
6,6,197,1,48,48,3,1,[6; 6; 197; 1; 48; 48; 3; 1],0.003249834531743545,0.2660284894458115,tvm
8,8,197,1,192,96,6,1,[8; 8; 197; 1; 192; 96; 6; 1],0.0037647880308213644,0.22964070336782086,tvm
8,2,197,1,64,64,4,1,[8; 2; 197; 1; 64; 64; 4; 1],0.003986232717579696,0.21688361736027684,tvm
8,8,1,1,96,96,6,1,[8; 8; 1; 1; 96; 96; 6; 1],0.005026876555348281,0.17198524012067612,tvm
8,8,1,1,64,64,4,1,[8; 8; 1; 1; 64; 64; 4; 1],0.007430849567754194,0.1163458583767107,tvm
8,2,197,1,96,96,6,1,[8; 2; 197; 1; 96; 96; 6; 1],0.004055017314385623,0.21320465596077473,tvm
8,2,1,1,64,64,4,1,[8; 2; 1; 1; 64; 64; 4; 1],0.007959660069900565,0.10861626801097445,tvm
8,2,197,1,384,192,12,1,[8; 2; 197; 1; 384; 192; 12; 1],0.0013876420689484803,0.6230342757507376,tvm
4,2,197,1,384,96,6,1,[4; 2; 197; 1; 384; 96; 6; 1],0.0033288864069618285,0.259711046198665,tvm
12,1,197,1,192,32,2,1,[12; 1; 197; 1; 192; 32; 2; 1],0.0045668071252293885,0.18931138270595246,tvm
12,2,1,1,192,48,3,1,[12; 2; 1; 1; 192; 48; 3; 1],0.006785829886212014,0.12740498744084783,tvm
6,1,197,1,128,32,2,1,[6; 1; 197; 1; 128; 32; 2; 1],0.007279916069819592,0.11875804104565676,tvm
16,16,197,1,384,48,3,1,[16; 16; 197; 1; 384; 48; 3; 1],0.003081079546973342,0.28059923745813353,tvm
12,1,197,1,384,48,3,1,[12; 1; 197; 1; 384; 48; 3; 1],0.006966772940359078,0.12409598803201576,tvm
12,6,197,1,96,48,3,0,[12; 6; 197; 1; 96; 48; 3; 0],0.006776950569474138,0.12757191639006696,tvm
4,4,1,1,384,64,4,1,[4; 4; 1; 1; 384; 64; 4; 1],0.0016706733731552958,0.5174850963212233,tvm
4,2,1,1,256,32,2,1,[4; 2; 1; 1; 256; 32; 2; 1],0.004361046812846325,0.19824335957180572,tvm
24,4,1,1,48,48,3,1,[24; 4; 1; 1; 48; 48; 3; 1],0.0034691368782659993,0.24921143263182632,tvm
8,1,1,1,192,32,2,1,[8; 1; 1; 1; 192; 32; 2; 1],0.004724630125565454,0.18298756695268295,tvm
8,2,1,1,128,32,2,1,[8; 2; 1; 1; 128; 32; 2; 1],0.0029861610782973003,0.2895183979564606,tvm
16,2,197,1,384,128,8,1,[16; 2; 197; 1; 384; 128; 8; 1],0.003165267000440508,0.2731360644483555,tvm
6,1,197,1,128,128,8,1,[6; 1; 197; 1; 128; 128; 8; 1],0.002627924233820522,0.32898534908355237,tvm
16,4,197,1,256,128,8,1,[16; 4; 197; 1; 256; 128; 8; 1],0.005007566222047899,0.17264845497639866,tvm
12,4,197,1,192,48,3,1,[12; 4; 197; 1; 192; 48; 3; 1],0.0013951637884019874,0.619675323152431,tvm
8,4,1,1,256,128,8,1,[8; 4; 1; 1; 256; 128; 8; 1],0.001876465859822929,0.4607323745874885,tvm
4,2,1,1,256,128,8,1,[4; 2; 1; 1; 256; 128; 8; 1],0.004327507842390332,0.19977978155460288,tvm
4,1,1,1,128,128,8,1,[4; 1; 1; 1; 128; 128; 8; 1],0.00455010559380753,0.19000626548209773,tvm
4,1,197,1,384,64,4,1,[4; 1; 197; 1; 384; 64; 4; 1],0.004009465003036894,0.21562691550462101,tvm
16,1,197,1,384,48,3,1,[16; 1; 197; 1; 384; 48; 3; 1],0.004842081842070911,0.17854893816887912,tvm
8,1,197,1,384,48,3,1,[8; 1; 197; 1; 384; 48; 3; 1],0.0034345013118581846,0.2517246298446806,tvm
6,3,1,1,384,64,4,1,[6; 3; 1; 1; 384; 64; 4; 1],0.0050305125914746895,0.17186092981731904,tvm
12,12,197,1,64,64,4,1,[12; 12; 197; 1; 64; 64; 4; 1],0.0013606036172859604,0.6354154585838263,tvm
4,4,197,1,256,128,8,1,[4; 4; 197; 1; 256; 128; 8; 1],0.0021841810485057067,0.39582276021488544,tvm
4,4,1,1,32,32,2,1,[4; 4; 1; 1; 32; 32; 2; 1],0.0030161483264237177,0.286639938710732,tvm
12,12,197,1,128,64,4,1,[12; 12; 197; 1; 128; 64; 4; 1],0.0027353367186151445,0.31606659814309,tvm
6,1,197,1,192,48,3,1,[6; 1; 197; 1; 192; 48; 3; 1],0.004379107063869014,0.19742576712996102,tvm
4,1,197,1,256,64,4,1,[4; 1; 197; 1; 256; 64; 4; 1],0.004555056781100575,0.18979973532178068,tvm
4,1,1,1,384,64,4,1,[4; 1; 1; 1; 384; 64; 4; 1],0.005065321813162882,0.1706798903046855,tvm
12,2,197,1,384,128,8,1,[12; 2; 197; 1; 384; 128; 8; 1],0.005222520499955863,0.16554239881602723,tvm
8,1,197,1,48,48,3,1,[8; 1; 197; 1; 48; 48; 3; 1],0.001418120664311573,0.6096438710652783,tvm
16,16,197,1,256,128,8,1,[16; 16; 197; 1; 256; 128; 8; 1],0.001676842392043909,0.5155812946586888,tvm
16,16,197,1,384,192,12,1,[16; 16; 197; 1; 384; 192; 12; 1],0.0024808874550217297,0.3484835919011888,tvm
6,2,1,1,48,48,3,1,[6; 2; 1; 1; 48; 48; 3; 1],0.0029192579531809315,0.29615353808885825,tvm
12,6,197,1,32,32,2,1,[12; 6; 197; 1; 32; 32; 2; 1],0.003467376845947001,0.2493379317679697,tvm
6,6,197,1,192,48,3,1,[6; 6; 197; 1; 192; 48; 3; 1],0.0029221085642348044,0.29586463077047437,tvm
8,1,197,1,128,128,8,1,[8; 1; 197; 1; 128; 128; 8; 1],0.003824256724328734,0.22606970027105705,tvm
4,1,1,1,256,128,8,1,[4; 1; 1; 1; 256; 128; 8; 1],0.006480209121946245,0.13341368390421876,tvm
8,1,1,1,64,32,2,1,[8; 1; 1; 1; 64; 32; 2; 1],0.0014057902499189368,0.614991156382273,tvm
12,4,1,1,128,64,4,1,[12; 4; 1; 1; 128; 64; 4; 1],0.0016446743757114746,0.5256654959767181,tvm
6,3,1,1,192,32,2,1,[6; 3; 1; 1; 192; 32; 2; 1],0.004453352034033742,0.1941343430345172,tvm
8,2,197,1,192,48,3,1,[8; 2; 197; 1; 192; 48; 3; 1],0.002811641235894058,0.3074889357829675,tvm
6,2,197,1,192,96,6,1,[6; 2; 197; 1; 192; 96; 6; 1],0.0052698334693559445,0.1640561464524291,tvm
8,4,1,1,96,48,3,1,[8; 4; 1; 1; 96; 48; 3; 1],0.002762783842626959,0.31292660616059126,tvm
12,6,197,1,256,64,4,1,[12; 6; 197; 1; 256; 64; 4; 1],0.003955909378419165,0.2185461012188446,tvm
12,1,197,1,192,64,4,1,[12; 1; 197; 1; 192; 64; 4; 1],0.003960492780606728,0.21829318201562958,tvm
12,4,197,1,384,64,4,1,[12; 4; 197; 1; 384; 64; 4; 1],0.0013870625007257331,0.6232946035064937,tvm
6,6,1,1,192,64,4,1,[6; 6; 1; 1; 192; 64; 4; 1],0.0014223146572476253,0.6078462083077959,tvm
12,1,1,1,32,32,2,1,[12; 1; 1; 1; 32; 32; 2; 1],0.00521549275435973,0.16576546304390488,tvm
12,1,197,1,32,32,2,1,[12; 1; 197; 1; 32; 32; 2; 1],0.0046169763736543246,0.1872542767084345,tvm
4,1,1,1,384,48,3,1,[4; 1; 1; 1; 384; 48; 3; 1],0.006517654066556133,0.1326472013703223,tvm
6,2,1,1,32,32,2,1,[6; 2; 1; 1; 32; 32; 2; 1],0.004394423187477514,0.1967376683001801,tvm
8,8,1,1,96,96,6,1,[8; 8; 1; 1; 96; 96; 6; 1],0.0027368851078790613,0.3158877838677525,tvm
6,2,197,1,64,64,4,1,[6; 2; 197; 1; 64; 64; 4; 1],0.004194962813926395,0.20609207036554694,tvm
8,1,1,1,128,128,8,1,[8; 1; 1; 1; 128; 128; 8; 1],0.0012697065230895532,0.6809042528385862,tvm
8,2,1,1,192,48,3,1,[8; 2; 1; 1; 192; 48; 3; 1],0.001616290188394487,0.5348968753484517,tvm
8,1,197,1,128,64,4,1,[8; 1; 197; 1; 128; 64; 4; 1],0.0039454089710488915,0.21912774512669345,tvm
12,4,197,1,96,96,6,1,[12; 4; 197; 1; 96; 96; 6; 1],0.0039033410357660614,0.22148937628220766,tvm
8,8,1,1,384,192,12,1,[8; 8; 1; 1; 384; 192; 12; 1],0.007183163630543277,0.1203576329171251,tvm
8,8,197,1,256,128,8,1,[8; 8; 197; 1; 256; 128; 8; 1],0.00343235740729142,0.2518818610183179,tvm
6,3,197,1,128,128,8,1,[6; 3; 197; 1; 128; 128; 8; 1],0.0039243494684342295,0.2203036652017427,tvm
8,4,197,1,96,96,6,1,[8; 4; 197; 1; 96; 96; 6; 1],0.008785066631389782,0.09841115698991589,tvm
16,2,197,1,256,128,8,1,[16; 2; 197; 1; 256; 128; 8; 1],0.001688193078734912,0.5121147470148626,tvm
4,2,197,1,192,48,3,1,[4; 2; 197; 1; 192; 48; 3; 1],0.001775883516529575,0.486827296599987,tvm
8,4,197,1,384,48,3,1,[8; 4; 197; 1; 384; 48; 3; 1],0.00441318593948381,0.19590123400277432,tvm
16,8,197,1,192,64,4,1,[16; 8; 197; 1; 192; 64; 4; 1],0.003993613812781405,0.21648276772822087,tvm
4,1,197,1,192,32,2,1,[4; 1; 197; 1; 192; 32; 2; 1],0.005708247372240294,0.15145604509589874,tvm
4,2,1,1,128,32,2,1,[4; 2; 1; 1; 128; 32; 2; 1],0.004867026655119844,0.17763382711683198,tvm
12,1,197,1,384,48,3,0,[12; 1; 197; 1; 384; 48; 3; 0],0.005125025221786927,0.16869157399524598,tvm
12,1,197,1,256,64,4,1,[12; 1; 197; 1; 256; 64; 4; 1],0.005436922161607072,0.15901433673882576,tvm
16,16,1,1,64,64,4,1,[16; 16; 1; 1; 64; 64; 4; 1],0.0014695582813146757,0.5883050590243628,tvm
8,1,197,1,256,64,4,1,[8; 1; 197; 1; 256; 64; 4; 1],0.0017747017482179217,0.48715147336543363,tvm
8,1,197,1,384,48,3,1,[8; 1; 197; 1; 384; 48; 3; 1],0.0029348624811973423,0.29457890342986687,tvm
12,12,1,1,48,48,3,1,[12; 12; 1; 1; 48; 48; 3; 1],0.002114264450938208,0.4089122205336833,tvm
16,1,197,1,96,96,6,1,[16; 1; 197; 1; 96; 96; 6; 1],0.004838604094402399,0.17867727025419075,tvm
6,6,197,1,384,64,4,1,[6; 6; 197; 1; 384; 64; 4; 1],0.002404572889645351,0.3595435077686845,tvm
12,3,197,1,256,128,8,1,[12; 3; 197; 1; 256; 128; 8; 1],0.0035252313464297913,0.2452459105426231,tvm
6,6,197,1,384,48,3,1,[6; 6; 197; 1; 384; 48; 3; 1],0.0030517259547195863,0.28329823328058695,tvm
24,3,1,1,48,48,3,1,[24; 3; 1; 1; 48; 48; 3; 1],0.0017459904520364944,0.495162256139589,tvm
8,4,197,1,384,192,12,1,[8; 4; 197; 1; 384; 192; 12; 1],0.0027721617989300285,0.3118680055984688,tvm
8,2,197,1,192,32,2,1,[8; 2; 197; 1; 192; 32; 2; 1],0.004187895872746594,0.20643984418398753,tvm
6,3,1,1,384,128,8,1,[6; 3; 1; 1; 384; 128; 8; 1],0.006313653051620349,0.1369331770941534,tvm
4,4,1,1,384,128,8,1,[4; 4; 1; 1; 384; 128; 8; 1],0.005009303560655098,0.17258857662750804,tvm
6,2,1,1,256,32,2,1,[6; 2; 1; 1; 256; 32; 2; 1],0.005858607342815958,0.14756895638153886,tvm
6,3,1,1,128,32,2,1,[6; 3; 1; 1; 128; 32; 2; 1],0.0027672048890963197,0.3124266565280987,tvm
12,4,197,1,384,48,3,0,[12; 4; 197; 1; 384; 48; 3; 0],0.0034731382183963433,0.24892432061853287,tvm
8,2,1,1,384,96,6,1,[8; 2; 1; 1; 384; 96; 6; 1],0.0016866475161805283,0.512584024305429,tvm
6,1,1,1,192,64,4,1,[6; 1; 1; 1; 192; 64; 4; 1],0.0028099081246182323,0.30767859057528196,tvm
4,1,1,1,96,32,2,1,[4; 1; 1; 1; 96; 32; 2; 1],0.0033330817823298275,0.25938414593123216,tvm
6,3,1,1,256,32,2,1,[6; 3; 1; 1; 256; 32; 2; 1],0.005546305597817991,0.1558782790058844,tvm
6,1,197,1,192,48,3,1,[6; 1; 197; 1; 192; 48; 3; 1],0.0033983267203439027,0.2544041943504129,tvm
8,8,1,1,48,48,3,1,[8; 8; 1; 1; 48; 48; 3; 1],0.002849457578122383,0.30340812162511843,tvm
6,2,1,1,384,192,12,1,[6; 2; 1; 1; 384; 192; 12; 1],0.0032529409654671326,0.26577444245269893,tvm
12,12,197,1,256,64,4,1,[12; 12; 197; 1; 256; 64; 4; 1],0.005945125500147697,0.14542141648769116,tvm
12,12,197,1,384,64,4,1,[12; 12; 197; 1; 384; 64; 4; 1],0.0013923419683123939,0.6209312016044871,tvm
12,12,197,1,384,96,6,1,[12; 12; 197; 1; 384; 96; 6; 1],0.002573564423073549,0.3359343032866692,tvm
16,16,197,1,192,96,6,1,[16; 16; 197; 1; 192; 96; 6; 1],0.002563747581007192,0.33722062882997456,tvm
4,2,197,1,128,64,4,1,[4; 2; 197; 1; 128; 64; 4; 1],0.003483472035441082,0.24818587967194664,tvm
8,1,1,1,192,64,4,1,[8; 1; 1; 1; 192; 64; 4; 1],0.004648024223570246,0.18600345648897956,tvm
12,3,197,1,256,64,4,1,[12; 3; 197; 1; 256; 64; 4; 1],0.0036290913412813097,0.2382272833957738,tvm
6,2,1,1,96,96,6,1,[6; 2; 1; 1; 96; 96; 6; 1],0.004255569001543336,0.20315698584960834,tvm
8,1,197,1,192,48,3,1,[8; 1; 197; 1; 192; 48; 3; 1],0.004201054216537159,0.20579324304488522,tvm
8,4,197,1,32,32,2,1,[8; 4; 197; 1; 32; 32; 2; 1],0.006657799938693643,0.1298549940505134,tvm
4,1,197,1,128,64,4,1,[4; 1; 197; 1; 128; 64; 4; 1],0.009086513935471885,0.09514634298347921,tvm
12,6,1,1,96,96,6,1,[12; 6; 1; 1; 96; 96; 6; 1],0.004955371347023174,0.17446695936277895,tvm
6,2,1,1,128,128,8,1,[6; 2; 1; 1; 128; 128; 8; 1],0.0042231892148265615,0.20471461908298058,tvm
12,2,197,1,192,96,6,1,[12; 2; 197; 1; 192; 96; 6; 1],0.00326581415720284,0.26472681230858974,tvm
8,1,197,1,192,64,4,1,[8; 1; 197; 1; 192; 64; 4; 1],0.007688880694331601,0.1124414080278205,tvm
24,4,1,1,64,64,4,1,[24; 4; 1; 1; 64; 64; 4; 1],0.007663595679332502,0.1128123935034988,tvm
6,2,197,1,64,64,4,1,[6; 2; 197; 1; 64; 64; 4; 1],0.005584417936915997,0.1548144464105098,tvm
8,4,197,1,384,128,8,1,[8; 4; 197; 1; 384; 128; 8; 1],0.00255027901584981,0.33900156259588105,tvm
8,8,197,1,64,64,4,1,[8; 8; 197; 1; 64; 64; 4; 1],0.0025853948427538853,0.33439711301801783,tvm
12,6,197,1,384,96,6,1,[12; 6; 197; 1; 384; 96; 6; 1],0.002531864622142166,0.3414671400152083,tvm
12,6,1,1,32,32,2,1,[12; 6; 1; 1; 32; 32; 2; 1],0.0030957471717556473,0.2792697605658385,tvm
8,4,197,1,48,48,3,1,[8; 4; 197; 1; 48; 48; 3; 1],0.0028243641536391806,0.3061037898794334,tvm
12,2,197,1,128,128,8,1,[12; 2; 197; 1; 128; 128; 8; 1],0.0025917914499586914,0.3335718124397512,tvm
8,2,1,1,64,64,4,1,[8; 2; 1; 1; 64; 64; 4; 1],0.0026433615312271286,0.3270640664227347,tvm
8,2,197,1,192,96,6,1,[8; 2; 197; 1; 192; 96; 6; 1],0.003799371530476492,0.22755041577103818,tvm
6,3,1,1,128,64,4,1,[6; 3; 1; 1; 128; 64; 4; 1],0.002056996279861778,0.4202966139961447,tvm
6,1,1,1,128,128,8,1,[6; 1; 1; 1; 128; 128; 8; 1],0.0013122333202773007,0.6588375390787024,tvm
24,3,1,1,64,64,4,1,[24; 3; 1; 1; 64; 64; 4; 1],0.004752338434627745,0.1819206656514757,tvm
6,2,1,1,64,32,2,1,[6; 2; 1; 1; 64; 32; 2; 1],0.00566452118800953,0.15262518097003838,tvm
6,3,1,1,64,64,4,1,[6; 3; 1; 1; 64; 64; 4; 1],0.0030435064545599744,0.28406332772294596,tvm
12,3,1,1,128,128,8,1,[12; 3; 1; 1; 128; 128; 8; 1],0.005165076443518046,0.1673834997182943,tvm
6,1,1,1,96,32,2,1,[6; 1; 1; 1; 96; 32; 2; 1],0.004084987689566333,0.21164043496061377,tvm
8,2,1,1,64,32,2,1,[8; 2; 1; 1; 64; 32; 2; 1],0.00421311359241372,0.20520419221198022,tvm
6,3,1,1,256,32,2,1,[6; 3; 1; 1; 256; 32; 2; 1],0.0021453487352118827,0.4029874291478235,tvm
12,2,197,1,192,48,3,0,[12; 2; 197; 1; 192; 48; 3; 0],0.0017961551420739852,0.4813329044785597,tvm
12,4,197,1,32,32,2,1,[12; 4; 197; 1; 32; 32; 2; 1],0.003379785433935467,0.2557998394655129,tvm
16,2,197,1,192,64,4,1,[16; 2; 197; 1; 192; 64; 4; 1],0.0040346726891584694,0.2142797292458671,tvm
16,8,197,1,384,48,3,1,[16; 8; 197; 1; 384; 48; 3; 1],0.008120623373542912,0.10646332573990329,tvm
12,3,1,1,64,32,2,1,[12; 3; 1; 1; 64; 32; 2; 1],0.0034636723721632734,0.24960460417005562,tvm
16,16,197,1,384,48,3,0,[16; 16; 197; 1; 384; 48; 3; 0],0.006169966596644372,0.1401220829783372,tvm
4,4,1,1,384,64,4,1,[4; 4; 1; 1; 384; 64; 4; 1],0.006676394259557128,0.12949333694471188,tvm
4,1,197,1,384,48,3,1,[4; 1; 197; 1; 384; 48; 3; 1],0.0018194759359175805,0.4751635096468427,tvm
12,6,197,1,32,32,2,1,[12; 6; 197; 1; 32; 32; 2; 1],0.0015542159526376054,0.5562602609768458,tvm
12,2,197,1,384,48,3,1,[12; 2; 197; 1; 384; 48; 3; 1],0.0043492806507856585,0.19877966975352543,tvm
12,3,197,1,384,128,8,1,[12; 3; 197; 1; 384; 128; 8; 1],0.003931043691409286,0.21992850736253944,tvm
12,6,1,1,64,32,2,1,[12; 6; 1; 1; 64; 32; 2; 1],0.005361406532756519,0.1612540601326256,tvm
4,4,1,1,32,32,2,1,[4; 4; 1; 1; 32; 32; 2; 1],0.003608805527619552,0.23956640633912096,tvm
8,2,1,1,384,64,4,1,[8; 2; 1; 1; 384; 64; 4; 1],0.007536459816037677,0.11471547550599309,tvm
16,4,197,1,384,64,4,1,[16; 4; 197; 1; 384; 64; 4; 1],0.003950448939576745,0.21884818273874462,tvm
8,4,197,1,192,48,3,1,[8; 4; 197; 1; 192; 48; 3; 1],0.0027287528610031586,0.3168291946786055,tvm
12,12,197,1,384,64,4,0,[12; 12; 197; 1; 384; 64; 4; 0],0.0034631407834240235,0.2496429182338317,tvm
8,2,1,1,384,192,12,1,[8; 2; 1; 1; 384; 192; 12; 1],0.004185516656434629,0.20655719290937535,tvm
8,4,197,1,96,48,3,1,[8; 4; 197; 1; 96; 48; 3; 1],0.0027809232196887024,0.3108854517476931,tvm
16,2,197,1,256,128,8,1,[16; 2; 197; 1; 256; 128; 8; 1],0.004013126374047715,0.2154301885481297,tvm
16,16,197,1,48,48,3,1,[16; 16; 197; 1; 48; 48; 3; 1],0.004530300844635349,0.19083690047921317,tvm
12,1,1,1,64,32,2,1,[12; 1; 1; 1; 64; 32; 2; 1],0.0033173226547660306,0.26061636488282675,tvm
12,6,197,1,384,32,2,0,[12; 6; 197; 1; 384; 32; 2; 0],0.0076040323183406144,0.11369606745927627,tvm
16,1,197,1,32,32,2,1,[16; 1; 197; 1; 32; 32; 2; 1],0.0017025897177518345,0.5077844429661862,tvm
8,8,197,1,384,64,4,1,[8; 8; 197; 1; 384; 64; 4; 1],0.0029777381714666262,0.29033733714833465,tvm
6,3,1,1,384,48,3,1,[6; 3; 1; 1; 384; 48; 3; 1],0.0038466858459287323,0.22475154095143876,tvm
12,1,1,1,32,32,2,1,[12; 1; 1; 1; 32; 32; 2; 1],0.00379247671662597,0.22796410789773527,tvm
12,4,197,1,192,96,6,1,[12; 4; 197; 1; 192; 96; 6; 1],0.0033787235952331685,0.2558802302290455,tvm
8,2,197,1,192,48,3,1,[8; 2; 197; 1; 192; 48; 3; 1],0.002806720971420873,0.3080279729377241,tvm
12,6,197,1,256,128,8,1,[12; 6; 197; 1; 256; 128; 8; 1],0.0034594742173794657,0.24990750533283712,tvm
12,6,197,1,192,48,3,1,[12; 6; 197; 1; 192; 48; 3; 1],0.002765395875030663,0.31263103385477686,tvm
12,3,197,1,192,96,6,1,[12; 3; 197; 1; 192; 96; 6; 1],0.003617217720602639,0.23900927127066465,tvm
6,2,1,1,192,64,4,1,[6; 2; 1; 1; 192; 64; 4; 1],0.0028170133919047657,0.30690254221475105,tvm
6,6,1,1,48,48,3,1,[6; 6; 1; 1; 48; 48; 3; 1],0.004216353780066129,0.20504649669483188,tvm
12,12,197,1,384,64,4,1,[12; 12; 197; 1; 384; 64; 4; 1],0.0039162319371826015,0.2207603087090243,tvm
12,2,1,1,128,128,8,1,[12; 2; 1; 1; 128; 128; 8; 1],0.0036149934967397712,0.23915632827784497,tvm
8,8,197,1,64,64,4,1,[8; 8; 197; 1; 64; 64; 4; 1],0.003932752370019443,0.2198329541466393,tvm
8,8,197,1,192,64,4,1,[8; 8; 197; 1; 192; 64; 4; 1],0.0025532486542942934,0.3386072758618681,tvm
16,1,197,1,192,48,3,1,[16; 1; 197; 1; 192; 48; 3; 1],0.0059582160611171275,0.14510191684228282,tvm
12,6,197,1,128,128,8,1,[12; 6; 197; 1; 128; 128; 8; 1],0.0023730422799417283,0.3643207618912719,tvm
6,6,197,1,128,64,4,1,[6; 6; 197; 1; 128; 64; 4; 1],0.0014014103908266407,0.6169132019340928,tvm
8,4,197,1,64,64,4,1,[8; 4; 197; 1; 64; 64; 4; 1],0.0026482755129109137,0.3264571858984123,tvm
12,4,197,1,384,128,8,1,[12; 4; 197; 1; 384; 128; 8; 1],0.002639477843331406,0.32754530355798894,tvm
8,8,1,1,384,192,12,1,[8; 8; 1; 1; 384; 192; 12; 1],0.0037811718430020846,0.22864567052899604,tvm
8,8,1,1,64,64,4,1,[8; 8; 1; 1; 64; 64; 4; 1],0.002618358405015897,0.3301872538810524,tvm
12,12,197,1,64,64,4,1,[12; 12; 197; 1; 64; 64; 4; 1],0.003981974034104496,0.21711557233270587,tvm
24,3,1,1,64,64,4,1,[24; 3; 1; 1; 64; 64; 4; 1],0.004554735067358706,0.1898131414106427,tvm
8,4,197,1,96,96,6,1,[8; 4; 197; 1; 96; 96; 6; 1],0.001261109337065136,0.685546087098646,tvm
12,3,1,1,128,128,8,1,[12; 3; 1; 1; 128; 128; 8; 1],0.0012924049151479267,0.6689455922795036,tvm
12,6,197,1,384,64,4,0,[12; 6; 197; 1; 384; 64; 4; 0],0.004599658495862968,0.1879592957186202,tvm
16,16,197,1,192,96,6,1,[16; 16; 197; 1; 192; 96; 6; 1],0.0025868222510325722,0.3342125927220058,tvm
6,2,1,1,192,96,6,1,[6; 2; 1; 1; 192; 96; 6; 1],0.0033763475294108503,0.25606030300424354,tvm
12,1,1,1,96,48,3,1,[12; 1; 1; 1; 96; 48; 3; 1],0.0058361472765682265,0.1481368667476369,tvm
12,12,197,1,192,96,6,1,[12; 12; 197; 1; 192; 96; 6; 1],0.0037647551216650754,0.22964271074454345,tvm
12,6,197,1,64,64,4,1,[12; 6; 197; 1; 64; 64; 4; 1],0.0044408509056665935,0.19468083702729003,tvm
12,1,1,1,128,128,8,1,[12; 1; 1; 1; 128; 128; 8; 1],0.0012878102406830294,0.6713322693955529,tvm
8,8,1,1,192,96,6,1,[8; 8; 1; 1; 192; 96; 6; 1],0.0017512829217594117,0.4936658495818653,tvm
12,1,1,1,64,64,4,1,[12; 1; 1; 1; 64; 64; 4; 1],0.004069473870913498,0.21244725948676535,tvm
8,8,1,1,192,192,12,1,[8; 8; 1; 1; 192; 192; 12; 1],0.002729175044805743,0.3167801834748596,tvm
12,3,1,1,64,64,4,1,[12; 3; 1; 1; 64; 64; 4; 1],0.005420966845122166,0.1594823573227532,tvm
6,1,1,1,128,64,4,1,[6; 1; 1; 1; 128; 64; 4; 1],0.004424861283041537,0.19538433323141438,tvm
8,4,1,1,32,32,2,1,[8; 4; 1; 1; 32; 32; 2; 1],0.0032445990000269376,0.266457756851122,tvm
6,6,197,1,96,96,6,1,[6; 6; 197; 1; 96; 96; 6; 1],0.005005760780477431,0.17271072457164324,tvm
6,2,1,1,192,192,12,1,[6; 2; 1; 1; 192; 192; 12; 1],0.0014419985309359618,0.5995488572844915,tvm
4,1,1,1,384,96,6,1,[4; 1; 1; 1; 384; 96; 6; 1],0.0033661273701000027,0.2568377474685062,tvm
16,2,197,1,64,32,2,1,[16; 2; 197; 1; 64; 32; 2; 1],0.004381646060210187,0.19731136644731617,tvm
6,2,1,1,256,128,8,1,[6; 2; 1; 1; 256; 128; 8; 1],0.0019435871399764437,0.44482110096645816,tvm
4,2,1,1,384,192,12,1,[4; 2; 1; 1; 384; 192; 12; 1],0.0067587702505989,0.1279150702529004,tvm
16,2,197,1,384,192,12,1,[16; 2; 197; 1; 384; 192; 12; 1],0.0115336092421785,0.07495906556873025,tvm
6,3,197,1,256,128,8,1,[6; 3; 197; 1; 256; 128; 8; 1],0.005179069688892923,0.16693124892346778,tvm
8,8,197,1,384,48,3,1,[8; 8; 197; 1; 384; 48; 3; 1],0.004394157687784173,0.19674955539989608,tvm
6,3,1,1,384,192,12,1,[6; 3; 1; 1; 384; 192; 12; 1],0.0016656608568155207,0.5190423776190858,tvm
6,1,197,1,192,64,4,1,[6; 1; 197; 1; 192; 64; 4; 1],0.0030057781732466538,0.28762886733412535,tvm
12,12,1,1,192,192,12,1,[12; 12; 1; 1; 192; 192; 12; 1],0.0022866543295094743,0.37808450550286343,tvm
6,1,1,1,32,32,2,1,[6; 1; 1; 1; 32; 32; 2; 1],0.004002027373644523,0.2160276506657808,tvm
16,2,197,1,384,64,4,1,[16; 2; 197; 1; 384; 64; 4; 1],0.002909977327362867,0.29709804378856053,tvm
6,2,197,1,256,32,2,1,[6; 2; 197; 1; 256; 32; 2; 1],0.0046747389060328715,0.1849405044446117,tvm
4,2,197,1,384,128,8,1,[4; 2; 197; 1; 384; 128; 8; 1],0.0032959463715087622,0.2623066257697673,tvm
12,1,197,1,256,64,4,1,[12; 1; 197; 1; 256; 64; 4; 1],0.0036205683791195042,0.23878807990883003,tvm
4,2,197,1,256,64,4,1,[4; 2; 197; 1; 256; 64; 4; 1],0.002264287311845692,0.38181928896817013,tvm
8,8,1,1,64,32,2,1,[8; 8; 1; 1; 64; 32; 2; 1],0.0022022668781573884,0.39257211739565795,tvm
12,2,197,1,96,48,3,0,[12; 2; 197; 1; 96; 48; 3; 0],0.004336652906204108,0.1993584891683929,tvm
6,6,197,1,384,48,3,1,[6; 6; 197; 1; 384; 48; 3; 1],0.00302396289043827,0.2858992000736062,tvm
16,16,1,1,48,48,3,1,[16; 16; 1; 1; 48; 48; 3; 1],0.003017572031239979,0.2865047006262553,tvm
12,2,197,1,384,128,8,1,[12; 2; 197; 1; 384; 128; 8; 1],0.0034846254347939976,0.24810373097666416,tvm
6,3,197,1,384,64,4,1,[6; 3; 197; 1; 384; 64; 4; 1],0.004626122186891735,0.18688407623090836,tvm
6,2,1,1,384,192,12,1,[6; 2; 1; 1; 384; 192; 12; 1],0.0032739644375396892,0.26406779545787007,tvm
12,4,197,1,32,32,2,1,[12; 4; 197; 1; 32; 32; 2; 1],0.0015483207498618867,0.5583782116888188,tvm
6,2,1,1,384,128,8,1,[6; 2; 1; 1; 384; 128; 8; 1],0.00166743976296857,0.518488637868034,tvm
16,16,1,1,192,64,4,1,[16; 16; 1; 1; 192; 64; 4; 1],0.011097477312432602,0.07790496408224326,tvm
12,12,197,1,192,48,3,1,[12; 12; 197; 1; 192; 48; 3; 1],0.004159667376370635,0.20784079427593596,tvm
8,2,197,1,32,32,2,1,[8; 2; 197; 1; 32; 32; 2; 1],0.004491006562602706,0.19250663729325151,tvm
16,16,1,1,96,96,6,1,[16; 16; 1; 1; 96; 96; 6; 1],0.003849531312880572,0.224585410835803,tvm
8,8,197,1,48,48,3,1,[8; 8; 197; 1; 48; 48; 3; 1],0.004991323534341063,0.17321028490346219,tvm
8,4,197,1,384,96,6,1,[8; 4; 197; 1; 384; 96; 6; 1],0.006415027004550211,0.1347692801316881,tvm
8,8,1,1,96,32,2,1,[8; 8; 1; 1; 96; 32; 2; 1],0.0027940406907873694,0.30942590574260354,tvm
12,4,197,1,192,64,4,1,[12; 4; 197; 1; 192; 64; 4; 1],0.003909567749360576,0.22113661326625467,tvm
16,16,1,1,192,192,12,1,[16; 16; 1; 1; 192; 192; 12; 1],0.0036375620038597845,0.23767253190769164,tvm
16,4,197,1,384,128,8,1,[16; 4; 197; 1; 384; 128; 8; 1],0.0036978279968025163,0.23379902260898558,tvm
12,6,197,1,256,128,8,1,[12; 6; 197; 1; 256; 128; 8; 1],0.003436435465118848,0.25158294989214103,tvm
12,4,197,1,256,128,8,1,[12; 4; 197; 1; 256; 128; 8; 1],0.00516824681108119,0.16728082133672503,tvm
16,1,197,1,64,64,4,1,[16; 1; 197; 1; 64; 64; 4; 1],0.0068789969955105335,0.1256794518143859,tvm
6,6,1,1,64,64,4,1,[6; 6; 1; 1; 64; 64; 4; 1],0.005575488816248253,0.155062381061384,tvm
8,2,197,1,192,48,3,1,[8; 2; 197; 1; 192; 48; 3; 1],0.0014066499534237664,0.6146152916895011,tvm
12,6,1,1,64,64,4,1,[12; 6; 1; 1; 64; 64; 4; 1],0.0013786702420475194,0.6270887301843804,tvm
8,8,197,1,384,96,6,1,[8; 8; 197; 1; 384; 96; 6; 1],0.002592326080048224,0.3335030180356356,tvm
12,3,1,1,128,64,4,1,[12; 3; 1; 1; 128; 64; 4; 1],0.0033814505659393035,0.2556738756251538,tvm
12,12,1,1,64,64,4,1,[12; 12; 1; 1; 64; 64; 4; 1],0.003411442659853492,0.25342608908622266,tvm
12,2,197,1,384,48,3,0,[12; 2; 197; 1; 384; 48; 3; 0],0.0033150591552839614,0.2607943119357446,tvm
12,6,1,1,48,48,3,1,[12; 6; 1; 1; 48; 48; 3; 1],0.006619077757932246,0.13061465706344116,tvm
8,2,1,1,64,64,4,1,[8; 2; 1; 1; 64; 64; 4; 1],0.005991503217956051,0.14429577018962272,tvm
8,8,1,1,64,64,4,1,[8; 8; 1; 1; 64; 64; 4; 1],0.0013263408527564025,0.6518298592943631,tvm
16,16,197,1,192,192,12,1,[16; 16; 197; 1; 192; 192; 12; 1],0.0025126830478257034,0.34407386644992494,tvm
12,1,197,1,96,48,3,1,[12; 1; 197; 1; 96; 48; 3; 1],0.0028039466560585424,0.3083327457605245,tvm
6,1,197,1,128,64,4,1,[6; 1; 197; 1; 128; 64; 4; 1],0.0015240960001392523,0.5672533563171743,tvm
8,2,197,1,128,64,4,1,[8; 2; 197; 1; 128; 64; 4; 1],0.003927635843865573,0.22011933025279756,tvm
6,1,1,1,96,96,6,1,[6; 1; 1; 1; 96; 96; 6; 1],0.0039324557219515555,0.21984953742836366,tvm
8,4,1,1,96,96,6,1,[8; 4; 1; 1; 96; 96; 6; 1],0.0027065639369538985,0.3194266204557419,tvm
12,4,197,1,384,64,4,1,[12; 4; 197; 1; 384; 64; 4; 1],0.006902241439092904,0.1252562054019065,tvm
8,8,197,1,96,96,6,1,[8; 8; 197; 1; 96; 96; 6; 1],0.005008175256079994,0.1726274595480654,tvm
12,6,197,1,128,128,8,1,[12; 6; 197; 1; 128; 128; 8; 1],0.003869428997859359,0.22343052990683018,tvm
6,1,1,1,96,32,2,1,[6; 1; 1; 1; 96; 32; 2; 1],0.004371079055999871,0.19778836309122952,tvm
6,2,1,1,192,48,3,1,[6; 2; 1; 1; 192; 48; 3; 1],0.003739253559615463,0.2312088649900168,tvm
8,4,1,1,64,32,2,1,[8; 4; 1; 1; 64; 32; 2; 1],0.004204180972010363,0.205640189417241,tvm
6,6,197,1,96,96,6,1,[6; 6; 197; 1; 96; 96; 6; 1],0.00393976534542162,0.21944164071427721,tvm
6,6,1,1,128,128,8,1,[6; 6; 1; 1; 128; 128; 8; 1],0.002823645765602123,0.30618166838084676,tvm
6,1,1,1,128,128,8,1,[6; 1; 1; 1; 128; 128; 8; 1],0.005620706811896525,0.15381492050051576,tvm
