i1,i2,i3,j1,j2,j3,k1,ku,nvr,pack_c,X,time,peak,backend
197,197,1,192,96,32,8,2,2,1,[197; 197; 1; 192; 96; 32; 8; 2; 2; 1],0.0028455259998736437,0.3038273315608298,tvm
197,1,1,768,768,96,384,64,6,1,[197; 1; 1; 768; 768; 96; 384; 64; 6; 1],0.08530193602200598,0.010135157673391345,tvm
197,1,1,768,128,128,1536,16,8,0,[197; 1; 1; 768; 128; 128; 1536; 16; 8; 0],0.0942610774654895,0.009171851146567855,tvm
1,1,1,192,96,96,3072,1,6,0,[1; 1; 1; 192; 96; 96; 3072; 1; 6; 0],0.009818084552534856,0.08805674536642284,tvm
197,197,1,64,64,16,64,64,1,0,[197; 197; 1; 64; 64; 16; 64; 64; 1; 0],0.013988829625304788,0.06180278083197647,tvm
197,197,1,384,384,192,1536,3,12,1,[197; 197; 1; 384; 384; 192; 1536; 3; 12; 1],0.036259691521991044,0.023843241217433787,tvm
1,1,1,384,16,16,256,8,1,1,[1; 1; 1; 384; 16; 16; 256; 8; 1; 1],0.025919298990629613,0.033355399455098085,tvm
1,1,1,256,64,16,48,48,1,1,[1; 1; 1; 256; 64; 16; 48; 48; 1; 1],0.026072615757584572,0.03315925718642452,tvm
197,197,1,384,384,128,384,1,8,0,[197; 197; 1; 384; 384; 128; 384; 1; 8; 0],0.010043616246548481,0.08607941106129738,tvm
197,1,1,192,96,16,1536,6,1,0,[197; 1; 1; 192; 96; 16; 1536; 6; 1; 0],0.05125564360059798,0.016867382998161887,tvm
197,197,1,96,96,32,384,6,2,0,[197; 197; 1; 96; 96; 32; 384; 6; 2; 0],0.0035881679723388515,0.24094428635821039,tvm
1,1,1,96,32,16,3072,48,1,0,[1; 1; 1; 96; 32; 16; 3072; 48; 1; 0],0.01776687038363889,0.048660712481175906,tvm
197,1,1,64,64,64,1024,1,4,1,[197; 1; 1; 64; 64; 64; 1024; 1; 4; 1],0.028457113774493337,0.030380753940109098,tvm
197,197,1,128,64,64,256,2,4,1,[197; 197; 1; 128; 64; 64; 256; 2; 4; 1],0.009754514816449955,0.08863060723128964,tvm
197,197,1,96,96,96,512,8,6,0,[197; 197; 1; 96; 96; 96; 512; 8; 6; 0],0.007819079561159015,0.11056909763691165,tvm
197,1,1,192,192,32,3,1,2,0,[197; 1; 1; 192; 192; 32; 3; 1; 2; 0],0.04812815925106406,0.01796346639643105,tvm
197,197,1,384,128,32,24,6,2,0,[197; 197; 1; 384; 128; 32; 24; 6; 2; 0],0.008595821374910884,0.10057777305051718,tvm
1,1,1,384,384,128,24,2,8,0,[1; 1; 1; 384; 384; 128; 24; 2; 8; 0],0.010967492125928402,0.07882828284733207,tvm
197,197,1,768,64,32,96,6,2,0,[197; 197; 1; 768; 64; 32; 96; 6; 2; 0],0.0262187835178338,0.03297439680374616,tvm
197,1,1,256,16,16,768,1,1,0,[197; 1; 1; 256; 16; 16; 768; 1; 1; 0],0.03812850848771632,0.022674597190370006,tvm
197,197,1,192,48,48,128,1,3,0,[197; 197; 1; 192; 48; 48; 128; 1; 3; 0],0.005581675308349077,0.15489051649696975,tvm
1,1,1,768,48,48,1024,8,3,1,[1; 1; 1; 768; 48; 48; 1024; 8; 3; 1],0.017942436854355037,0.04818456815238705,tvm
197,1,1,768,32,16,3,3,1,0,[197; 1; 1; 768; 32; 16; 3; 3; 1; 0],0.08672840404324234,0.009968459364218347,tvm
1,1,1,192,192,192,128,4,12,1,[1; 1; 1; 192; 192; 192; 128; 4; 12; 1],0.013478070497512817,0.06414483227314409,tvm
197,1,1,768,384,128,1024,4,8,0,[197; 1; 1; 768; 384; 128; 1024; 4; 8; 0],0.09009075455833226,0.009596418363537964,tvm
197,197,1,768,384,48,256,1,3,1,[197; 197; 1; 768; 384; 48; 256; 1; 3; 1],0.02077493560500443,0.04161498200843097,tvm
197,197,1,384,96,48,96,48,3,1,[197; 197; 1; 384; 96; 48; 96; 48; 3; 1],0.010636768434778787,0.08127925099899493,tvm
197,197,1,256,32,32,512,16,2,0,[197; 197; 1; 256; 32; 32; 512; 16; 2; 0],0.018226538260933012,0.04743350377628513,tvm
1,1,1,768,48,48,16,4,3,0,[1; 1; 1; 768; 48; 48; 16; 4; 3; 0],0.009665096062235534,0.0894505927164682,tvm
197,197,1,48,48,48,16,8,3,0,[197; 197; 1; 48; 48; 48; 16; 8; 3; 0],0.008074558747466654,0.10707068936736866,tvm
1,1,1,64,64,64,384,6,4,1,[1; 1; 1; 64; 64; 64; 384; 6; 4; 1],0.02708887803601101,0.0319152594758362,tvm
197,197,1,384,96,96,768,4,6,1,[197; 197; 1; 384; 96; 96; 768; 4; 6; 1],0.00987341818108689,0.08756324867153553,tvm
197,197,1,256,32,16,256,1,1,1,[197; 197; 1; 256; 32; 16; 256; 1; 1; 1],0.01719040423631668,0.050292509678284025,tvm
197,197,1,96,96,48,96,1,3,0,[197; 197; 1; 96; 96; 48; 96; 1; 3; 0],0.003097426797467051,0.27911832238797823,tvm
197,197,1,128,128,32,1,1,2,1,[197; 197; 1; 128; 128; 32; 1; 1; 2; 1],0.016774408635683358,0.05153973473553402,tvm
197,1,1,768,256,16,512,4,1,1,[197; 1; 1; 768; 256; 16; 512; 4; 1; 1],0.11251684091985226,0.0076837259592491105,tvm
1,1,1,384,384,128,24,4,8,1,[1; 1; 1; 384; 384; 128; 24; 4; 8; 1],0.010994780124747194,0.07863263854477946,tvm
197,1,1,768,384,192,6,3,12,0,[197; 1; 1; 768; 384; 192; 6; 3; 12; 0],0.09080263809300959,0.009521183410365347,tvm
197,197,1,768,256,64,48,48,4,1,[197; 197; 1; 768; 256; 64; 48; 48; 4; 1],0.023918345861602575,0.036145834516778955,tvm
1,1,1,768,192,192,384,16,12,1,[1; 1; 1; 768; 192; 192; 384; 16; 12; 1],0.01360591224511154,0.06354212461859693,tvm
1,1,1,384,64,64,192,8,4,0,[1; 1; 1; 384; 64; 64; 192; 8; 4; 0],0.009654996931203641,0.08954415807574911,tvm
1,1,1,256,128,16,96,3,1,1,[1; 1; 1; 256; 128; 16; 96; 3; 1; 1],0.009710106751299463,0.08903594919930952,tvm
197,1,1,384,32,16,24,4,1,1,[197; 1; 1; 384; 32; 16; 24; 4; 1; 1],0.043414882209617645,0.019913645446607914,tvm
197,197,1,384,128,128,768,2,8,1,[197; 197; 1; 384; 128; 128; 768; 2; 8; 1],0.021641702624037862,0.039948269618504985,tvm
197,197,1,96,48,16,24,12,1,1,[197; 197; 1; 96; 48; 16; 24; 12; 1; 1],0.006562733935425058,0.13173603865940908,tvm
197,1,1,384,192,48,2,1,3,0,[197; 1; 1; 384; 192; 48; 2; 1; 3; 0],0.035726275003980845,0.024199236313672164,tvm
197,197,1,768,384,192,96,3,12,0,[197; 197; 1; 768; 384; 192; 96; 3; 12; 0],0.020552085246890783,0.04206622155575986,tvm
197,1,1,768,48,16,96,1,1,0,[197; 1; 1; 768; 48; 16; 96; 1; 1; 0],0.11068588518537581,0.007810829447500307,tvm
197,197,1,128,128,32,1,1,2,1,[197; 197; 1; 128; 128; 32; 1; 1; 2; 1],0.008369629445951432,0.10329591973116228,tvm
197,1,1,768,64,16,1536,24,1,1,[197; 1; 1; 768; 64; 16; 1536; 24; 1; 1],0.11527729989029467,0.007499729541300253,tvm
197,197,1,128,64,64,3072,6,4,0,[197; 197; 1; 128; 64; 64; 3072; 6; 4; 0],0.01485217351000756,0.05821023911725977,tvm
197,1,1,768,768,32,768,16,2,1,[197; 1; 1; 768; 768; 32; 768; 16; 2; 1],0.08629579108674079,0.010018432655186678,tvm
197,197,1,192,64,16,96,16,1,1,[197; 197; 1; 192; 64; 16; 96; 16; 1; 1],0.010523889752221294,0.08215104792846104,tvm
197,1,1,768,384,128,16,2,8,1,[197; 1; 1; 768; 384; 128; 16; 2; 8; 1],0.09274274250492454,0.009322007825924112,tvm
197,1,1,768,384,96,48,16,6,0,[197; 1; 1; 768; 384; 96; 48; 16; 6; 0],0.08686467201914638,0.009952821455861951,tvm
197,197,1,768,384,96,512,2,6,1,[197; 197; 1; 768; 384; 96; 512; 2; 6; 1],0.021904796129092574,0.03946846007301261,tvm
1,1,1,384,384,16,3072,4,1,1,[1; 1; 1; 384; 384; 16; 3072; 4; 1; 1],0.00989162124460563,0.08740211033656901,tvm
197,1,1,768,768,32,96,32,2,0,[197; 1; 1; 768; 768; 32; 96; 32; 2; 0],0.08529181708581746,0.010136360098398358,tvm
1,1,1,384,128,32,512,16,2,1,[1; 1; 1; 384; 128; 32; 512; 16; 2; 1],0.00961016831570305,0.08996185530027564,tvm
197,1,1,256,128,128,12,12,8,1,[197; 1; 1; 256; 128; 128; 12; 12; 8; 1],0.05400723498314619,0.016008013957729317,tvm
197,197,1,192,192,192,1536,2,12,1,[197; 197; 1; 192; 192; 192; 1536; 2; 12; 1],0.024589209002442658,0.035159673958714506,tvm
197,1,1,768,64,64,3072,6,4,1,[197; 1; 1; 768; 64; 64; 3072; 6; 4; 1],0.08477787603624165,0.01019780881345725,tvm
197,1,1,768,192,96,384,32,6,0,[197; 1; 1; 768; 192; 96; 384; 32; 6; 0],0.09036018652841449,0.009567804191691294,tvm
1,1,1,128,64,32,12,1,2,1,[1; 1; 1; 128; 64; 32; 12; 1; 2; 1],0.009483168629230931,0.09116663482748642,tvm
197,197,1,192,192,32,32,1,2,1,[197; 197; 1; 192; 192; 32; 32; 1; 2; 1],0.005275454808725044,0.16388133398445562,tvm
197,197,1,48,16,16,1536,1,1,1,[197; 197; 1; 48; 16; 16; 1536; 1; 1; 1],0.02743257425026968,0.03151540076192712,tvm
197,197,1,96,48,48,384,32,3,0,[197; 197; 1; 96; 48; 48; 384; 32; 3; 0],0.002773124346276745,0.3117597566763757,tvm
197,197,1,128,32,16,96,4,1,1,[197; 197; 1; 128; 32; 16; 96; 4; 1; 1],0.01426160562550649,0.06062070387659227,tvm
197,197,1,96,16,16,384,16,1,0,[197; 197; 1; 96; 16; 16; 384; 16; 1; 0],0.013390118139795959,0.06456616457020636,tvm
197,197,1,96,32,16,384,64,1,0,[197; 197; 1; 96; 32; 16; 384; 64; 1; 0],0.026487728755455464,0.03263958867181118,tvm
197,197,1,64,32,16,384,4,1,1,[197; 197; 1; 64; 32; 16; 384; 4; 1; 1],0.026244653505273163,0.03294189314615502,tvm
197,197,1,64,32,32,384,4,2,1,[197; 197; 1; 64; 32; 32; 384; 4; 2; 1],0.018746672256384045,0.04611744205077013,tvm
197,197,1,64,64,64,48,48,4,0,[197; 197; 1; 64; 64; 64; 48; 48; 4; 0],0.002908928468968952,0.2972051670060502,tvm
197,197,1,128,16,16,192,3,1,1,[197; 197; 1; 128; 16; 16; 192; 3; 1; 1],0.014971069613238797,0.057747949462746334,tvm
197,197,1,192,64,32,6,3,2,1,[197; 197; 1; 192; 64; 32; 6; 3; 2; 1],0.0032564674329478294,0.2654866321343684,tvm
197,197,1,96,16,16,256,8,1,0,[197; 197; 1; 96; 16; 16; 256; 8; 1; 0],0.019098128250334412,0.04526875933056073,tvm
197,197,1,32,16,16,1024,2,1,0,[197; 197; 1; 32; 16; 16; 1024; 2; 1; 0],0.015572874253848568,0.055516313644856735,tvm
197,197,1,32,32,16,256,4,1,1,[197; 197; 1; 32; 32; 16; 256; 4; 1; 1],0.012800234981114045,0.06754161722063379,tvm
197,197,1,192,96,16,384,3,1,1,[197; 197; 1; 192; 96; 16; 384; 3; 1; 1],0.02623260422842577,0.03295702416353091,tvm
197,197,1,48,48,16,256,64,1,0,[197; 197; 1; 48; 48; 16; 256; 64; 1; 0],0.012901168141979724,0.06701320081360507,tvm
197,197,1,128,64,16,48,6,1,0,[197; 197; 1; 128; 64; 16; 48; 6; 1; 0],0.007009564506006427,0.12333841434624765,tvm
197,197,1,128,128,16,256,2,1,1,[197; 197; 1; 128; 128; 16; 256; 2; 1; 1],0.016948476753896102,0.05101039957645926,tvm
197,197,1,96,96,96,512,4,6,0,[197; 197; 1; 96; 96; 96; 512; 4; 6; 0],0.0052021579394931905,0.1661903735880803,tvm
197,197,1,192,96,48,256,1,3,1,[197; 197; 1; 192; 96; 48; 256; 1; 3; 1],0.005305704340571538,0.16294699363806636,tvm
197,197,1,128,128,16,48,6,1,1,[197; 197; 1; 128; 128; 16; 48; 6; 1; 1],0.005785925219242927,0.1494227005480889,tvm
197,197,1,192,16,16,6,2,1,0,[197; 197; 1; 192; 16; 16; 6; 2; 1; 0],0.014193269744282588,0.06091257243785095,tvm
197,197,1,48,16,16,384,1,1,1,[197; 197; 1; 48; 16; 16; 384; 1; 1; 1],0.013253266515675932,0.06523286696196635,tvm
197,197,1,96,96,48,1024,64,3,1,[197; 197; 1; 96; 96; 48; 1024; 64; 3; 1],0.011103859636932611,0.07786018552981266,tvm
197,197,1,48,16,16,64,8,1,1,[197; 197; 1; 48; 16; 16; 64; 8; 1; 1],0.004716382783954032,0.18330754966919108,tvm
197,197,1,128,64,32,4,4,2,0,[197; 197; 1; 128; 64; 32; 4; 4; 2; 0],0.007999709938303567,0.10807248988979082,tvm
197,197,1,48,48,16,128,32,1,1,[197; 197; 1; 48; 48; 16; 128; 32; 1; 1],0.011477418112917803,0.07532605006830972,tvm
197,197,1,64,64,64,16,1,4,1,[197; 197; 1; 64; 64; 64; 16; 1; 4; 1],0.004454390400496777,0.19408908822454188,tvm
197,197,1,192,96,32,16,16,2,1,[197; 197; 1; 192; 96; 32; 16; 16; 2; 1],0.004761946969665587,0.18155359077618735,tvm
197,197,1,128,32,16,16,1,1,0,[197; 197; 1; 128; 32; 16; 16; 1; 1; 0],0.007985083255334757,0.10827045176404075,tvm
197,197,1,96,48,16,32,16,1,1,[197; 197; 1; 96; 48; 16; 32; 16; 1; 1],0.014077478233957663,0.061413596743705785,tvm
197,197,1,96,48,16,128,64,1,0,[197; 197; 1; 96; 48; 16; 128; 64; 1; 0],0.020349435624666512,0.04248513754261623,tvm
197,197,1,48,48,48,24,6,3,1,[197; 197; 1; 48; 48; 48; 24; 6; 3; 1],0.0017924150452017784,0.48233726543577754,tvm
197,197,1,128,64,16,2,2,1,0,[197; 197; 1; 128; 64; 16; 2; 2; 1; 0],0.017670096742222086,0.04892721211665822,tvm
197,197,1,64,16,16,48,8,1,0,[197; 197; 1; 64; 16; 16; 48; 8; 1; 0],0.016776896256487817,0.05153209259991941,tvm
197,197,1,64,16,16,96,4,1,1,[197; 197; 1; 64; 16; 16; 96; 4; 1; 1],0.01847618300234899,0.046792596247756155,tvm
197,197,1,96,16,16,48,4,1,1,[197; 197; 1; 96; 16; 16; 48; 4; 1; 1],0.008486760125379078,0.10187027306724479,tvm
197,197,1,96,48,48,192,4,3,0,[197; 197; 1; 96; 48; 48; 192; 4; 3; 0],0.0054666981304762885,0.15814821868593779,tvm
197,197,1,64,64,32,96,8,2,0,[197; 197; 1; 64; 64; 32; 96; 8; 2; 0],0.00868392911797855,0.09955730403633481,tvm
197,197,1,192,96,16,64,4,1,0,[197; 197; 1; 192; 96; 16; 64; 4; 1; 0],0.02981993876164779,0.028992298687765587,tvm
197,197,1,32,32,32,16,4,2,1,[197; 197; 1; 32; 32; 32; 16; 4; 2; 1],0.0021650468588632066,0.3993209513638503,tvm
197,197,1,96,48,48,64,2,3,1,[197; 197; 1; 96; 48; 48; 64; 2; 3; 1],0.002860248314391356,0.30226346680411986,tvm
197,197,1,96,16,16,96,4,1,0,[197; 197; 1; 96; 16; 16; 96; 4; 1; 0],0.013926749757956713,0.06207827285290542,tvm
197,197,1,96,96,96,48,12,6,0,[197; 197; 1; 96; 96; 96; 48; 12; 6; 0],0.009203373308992013,0.09393822703941364,tvm
197,197,1,192,96,48,16,1,3,1,[197; 197; 1; 192; 96; 48; 16; 1; 3; 1],0.007837359618861228,0.11031120345019853,tvm
197,197,1,64,64,32,96,4,2,0,[197; 197; 1; 64; 64; 32; 96; 4; 2; 0],0.008841235874569975,0.09778594120707382,tvm
197,197,1,32,32,16,4,4,1,0,[197; 197; 1; 32; 32; 16; 4; 4; 1; 0],0.005462836088554468,0.15826002417314727,tvm
197,197,1,128,128,16,6,2,1,0,[197; 197; 1; 128; 128; 16; 6; 2; 1; 0],0.011605422812863253,0.07449522394568171,tvm
197,197,1,32,32,32,192,2,2,0,[197; 197; 1; 32; 32; 32; 192; 2; 2; 0],0.0034621052473085,0.24971758790426324,tvm
197,197,1,16,16,16,12,2,1,1,[197; 197; 1; 16; 16; 16; 12; 2; 1; 1],0.004621468688128516,0.1870722555471157,tvm
197,197,1,32,16,16,24,2,1,1,[197; 197; 1; 32; 16; 16; 24; 2; 1; 1],0.006600663808058016,0.13097903431669103,tvm
197,197,1,32,16,16,24,1,1,1,[197; 197; 1; 32; 16; 16; 24; 1; 1; 1],0.006471738190157339,0.13358831059381168,tvm
197,197,1,96,32,32,32,2,2,1,[197; 197; 1; 96; 32; 32; 32; 2; 2; 1],0.005651472805766389,0.15297756905889084,tvm
197,197,1,64,64,32,6,1,2,1,[197; 197; 1; 64; 64; 32; 6; 1; 2; 1],0.004717591444205027,0.18326058575728543,tvm
197,197,1,96,48,48,12,3,3,0,[197; 197; 1; 96; 48; 48; 12; 3; 3; 0],0.005301571531163063,0.16307401802403032,tvm
197,197,1,96,48,48,48,2,3,0,[197; 197; 1; 96; 48; 48; 48; 2; 3; 0],0.009049686312209815,0.09553354023576757,tvm
197,197,1,32,32,16,48,2,1,0,[197; 197; 1; 32; 32; 16; 48; 2; 1; 0],0.005140129251230974,0.16819588169334976,tvm
197,197,1,32,16,16,48,2,1,0,[197; 197; 1; 32; 16; 16; 48; 2; 1; 0],0.010303654824383557,0.08390698117939867,tvm
197,197,1,192,96,16,8,1,1,0,[197; 197; 1; 192; 96; 16; 8; 1; 1; 0],0.007507690883358009,0.11515505697563824,tvm
197,197,1,64,16,16,2,2,1,0,[197; 197; 1; 64; 16; 16; 2; 2; 1; 0],0.02497584986849688,0.03461538149775091,tvm
197,197,1,16,16,16,1,1,1,0,[197; 197; 1; 16; 16; 16; 1; 1; 1; 0],0.03621585923247039,0.02387209884705524,tvm
197,197,1,96,96,16,512,2,1,0,[197; 197; 1; 96; 96; 16; 512; 2; 1; 0],0.01357970986282453,0.06366473070204082,tvm
197,197,1,96,48,16,6,1,1,0,[197; 197; 1; 96; 48; 16; 6; 1; 1; 0],0.005476710903167259,0.15785908489867354,tvm
197,197,1,96,96,32,192,1,2,1,[197; 197; 1; 96; 96; 32; 192; 1; 2; 1],0.010004844050854445,0.08641299824705775,tvm
197,1,1,32,32,32,256,32,2,0,[197; 1; 1; 32; 32; 32; 256; 32; 2; 0],0.01129155556554906,0.07656594048621077,tvm
197,1,1,48,48,48,384,32,3,0,[197; 1; 1; 48; 48; 48; 384; 32; 3; 0],0.021723323472542688,0.03979817234325688,tvm
1,1,1,96,32,32,512,64,2,0,[1; 1; 1; 96; 32; 32; 512; 64; 2; 0],0.017580297135282308,0.04917713078315888,tvm
1,1,1,96,32,32,512,8,2,0,[1; 1; 1; 96; 32; 32; 512; 8; 2; 0],0.01700120812165551,0.050852184459017444,tvm
197,197,1,192,192,32,192,2,2,0,[197; 197; 1; 192; 192; 32; 192; 2; 2; 0],0.014444833010202274,0.05985175258294419,tvm
197,197,1,192,32,32,3072,1,2,1,[197; 197; 1; 192; 32; 32; 3072; 1; 2; 1],0.04302770976210013,0.02009283264688392,tvm
197,197,1,192,64,32,256,64,2,0,[197; 197; 1; 192; 64; 32; 256; 64; 2; 0],0.007004247614531778,0.12343203995742304,tvm
1,1,1,32,32,32,1024,16,2,1,[1; 1; 1; 32; 32; 32; 1024; 16; 2; 1],0.017357829376123846,0.04980741270667062,tvm
1,1,1,32,32,32,3072,1,2,0,[1; 1; 1; 32; 32; 32; 3072; 1; 2; 0],0.009475286569795571,0.09124247219967975,tvm
1,1,1,32,32,32,768,3,2,1,[1; 1; 1; 32; 32; 32; 768; 3; 2; 1],0.017004924011416733,0.05084107231811988,tvm
197,197,1,128,128,64,64,2,4,0,[197; 197; 1; 128; 128; 64; 64; 2; 4; 0],0.006484049939899705,0.1333346564943243,tvm
197,197,1,192,64,64,96,32,4,1,[197; 197; 1; 192; 64; 64; 96; 32; 4; 1],0.00530149200494634,0.1630764642523161,tvm
1,1,1,128,32,32,64,8,2,1,[1; 1; 1; 128; 32; 32; 64; 8; 2; 1],0.025629064242821187,0.03373313060662116,tvm
197,197,1,192,192,64,48,6,4,0,[197; 197; 1; 192; 192; 64; 48; 6; 4; 0],0.012397453305311501,0.06973598126464962,tvm
197,197,1,128,32,32,768,8,2,1,[197; 197; 1; 128; 32; 32; 768; 8; 2; 1],0.009381803814903833,0.09215163613367813,tvm
1,1,1,64,32,32,192,32,2,1,[1; 1; 1; 64; 32; 32; 192; 32; 2; 1],0.03260946547379717,0.02651219696082617,tvm
1,1,1,96,96,48,24,24,3,0,[1; 1; 1; 96; 96; 48; 24; 24; 3; 0],0.009793932622415014,0.08827389413011795,tvm
197,197,1,96,96,32,3072,8,2,0,[197; 197; 1; 96; 96; 32; 3072; 8; 2; 0],0.01128125462855678,0.07663585300522321,tvm
197,197,1,128,32,32,768,1,2,0,[197; 197; 1; 128; 32; 32; 768; 1; 2; 0],0.010025848183431663,0.08623196318265537,tvm
1,1,1,64,32,32,192,64,2,0,[1; 1; 1; 64; 32; 32; 192; 64; 2; 0],0.017550685995956883,0.04926010137881424,tvm
197,197,1,128,128,64,2,2,4,0,[197; 197; 1; 128; 128; 64; 2; 2; 4; 0],0.025715137628139928,0.033620219496025595,tvm
197,197,1,192,32,32,384,32,2,1,[197; 197; 1; 192; 32; 32; 384; 32; 2; 1],0.006926542118890211,0.12481676377463387,tvm
197,1,1,48,48,48,96,24,3,0,[197; 1; 1; 48; 48; 48; 96; 24; 3; 0],0.03760668926406652,0.022989223150112665,tvm
197,1,1,96,32,32,3,3,2,1,[197; 1; 1; 96; 32; 32; 3; 3; 2; 1],0.021077794255688787,0.04101703247223007,tvm
197,197,1,128,128,64,24,12,4,0,[197; 197; 1; 128; 128; 64; 24; 12; 4; 0],0.0024101717353914864,0.3587082856932359,tvm
197,1,1,64,32,32,12,6,2,0,[197; 1; 1; 64; 32; 32; 12; 6; 2; 0],0.02843958226731047,0.0303994820775661,tvm
197,1,1,96,32,32,24,6,2,1,[197; 1; 1; 96; 32; 32; 24; 6; 2; 1],0.020708194380858913,0.04174910451042002,tvm
197,197,1,48,48,16,16,8,1,1,[197; 197; 1; 48; 48; 16; 16; 8; 1; 1],0.004565453091345262,0.18936752916539604,tvm
197,1,1,48,48,48,48,1,3,1,[197; 1; 1; 48; 48; 48; 48; 1; 3; 1],0.02161436472670175,0.039998796280167025,tvm
1,1,1,64,64,32,6,2,2,1,[1; 1; 1; 64; 64; 32; 6; 2; 2; 1],0.017988027131650597,0.0480624453755335,tvm
197,197,1,128,128,32,48,8,2,1,[197; 197; 1; 128; 128; 32; 48; 8; 2; 1],0.00805342081002891,0.10735171945217994,tvm
197,197,1,192,192,32,24,12,2,0,[197; 197; 1; 192; 192; 32; 24; 12; 2; 0],0.006832409373600967,0.1265364125822159,tvm
197,197,1,96,96,32,192,2,2,1,[197; 197; 1; 96; 96; 32; 192; 2; 2; 1],0.0033432604686822742,0.25859444082420774,tvm
197,1,1,32,32,32,8,1,2,1,[197; 1; 1; 32; 32; 32; 8; 1; 2; 1],0.011307990804198198,0.07645465816151881,tvm
1,1,1,96,48,48,48,4,3,0,[1; 1; 1; 96; 48; 48; 48; 4; 3; 0],0.017425482743419707,0.04961403848367107,tvm
197,1,1,48,48,48,48,48,3,1,[197; 1; 1; 48; 48; 48; 48; 48; 3; 1],0.053585179965011775,0.016134098495014383,tvm
1,1,1,96,48,48,48,8,3,1,[1; 1; 1; 96; 48; 48; 48; 8; 3; 1],0.018158326478442177,0.04761168780916984,tvm
197,197,1,64,64,64,128,16,4,1,[197; 197; 1; 64; 64; 64; 128; 16; 4; 1],0.010309591758414172,0.08385866207776561,tvm
1,1,1,64,32,32,16,16,2,0,[1; 1; 1; 64; 32; 32; 16; 16; 2; 0],0.01854913926217705,0.04660855467247714,tvm
197,197,1,192,96,32,32,2,2,0,[197; 197; 1; 192; 96; 32; 32; 2; 2; 0],0.016222034144448116,0.05329470790964014,tvm
1,1,1,96,32,32,16,16,2,1,[1; 1; 1; 96; 32; 32; 16; 16; 2; 1],0.009474929247517139,0.09124591317187115,tvm
197,197,1,192,96,48,1,1,3,1,[197; 197; 1; 192; 96; 48; 1; 1; 3; 1],0.012716026249108836,0.06798889483962496,tvm
197,197,1,128,64,32,2,2,2,0,[197; 197; 1; 128; 64; 32; 2; 2; 2; 0],0.0186869825120084,0.046264749853166816,tvm
197,197,1,64,32,32,1024,4,2,0,[197; 197; 1; 64; 32; 32; 1024; 4; 2; 0],0.009595784184057266,0.09009670860094575,tvm
197,197,1,128,64,32,24,3,2,0,[197; 197; 1; 128; 64; 32; 24; 3; 2; 0],0.008267593191703781,0.10457076822503958,tvm
197,197,1,192,192,32,12,3,2,1,[197; 197; 1; 192; 192; 32; 12; 3; 2; 1],0.0038945662454352714,0.2219884107612467,tvm
197,197,1,96,96,96,64,64,6,1,[197; 197; 1; 96; 96; 96; 64; 64; 6; 1],0.005397708308009896,0.16016956124613657,tvm
1,1,1,32,32,32,24,24,2,0,[1; 1; 1; 32; 32; 32; 24; 24; 2; 0],0.027078336221165955,0.031927684343943975,tvm
197,197,1,96,96,48,96,16,3,0,[197; 197; 1; 96; 96; 48; 96; 16; 3; 0],0.0030660393604193814,0.2819756923506409,tvm
197,197,1,96,32,32,384,12,2,0,[197; 197; 1; 96; 32; 32; 384; 12; 2; 0],0.003551533467543777,0.2434296563243395,tvm
197,197,1,128,64,64,24,6,4,1,[197; 197; 1; 128; 64; 64; 24; 6; 4; 1],0.004461805845494382,0.1937665154797377,tvm
197,197,1,96,96,96,16,4,6,0,[197; 197; 1; 96; 96; 96; 16; 4; 6; 0],0.005405174939369317,0.15994830530488768,tvm
1,1,1,48,48,48,24,3,3,0,[1; 1; 1; 48; 48; 48; 24; 3; 3; 0],0.018400445755105466,0.046985197148753315,tvm
197,197,1,64,32,32,256,16,2,0,[197; 197; 1; 64; 32; 32; 256; 16; 2; 0],0.00922205981623847,0.09374788156397003,tvm
197,197,1,128,64,32,4,2,2,1,[197; 197; 1; 128; 64; 32; 4; 2; 2; 1],0.00459362434776267,0.1882061975419585,tvm
197,197,1,96,96,32,12,4,2,0,[197; 197; 1; 96; 96; 32; 12; 4; 2; 0],0.00742783656460233,0.1163930525273825,tvm
197,197,1,192,32,32,12,4,2,0,[197; 197; 1; 192; 32; 32; 12; 4; 2; 0],0.0034645787163753994,0.24953930685490433,tvm
197,197,1,128,32,32,24,8,2,0,[197; 197; 1; 128; 32; 32; 24; 8; 2; 0],0.0036001489715999924,0.24014244361792209,tvm
197,197,1,128,32,32,8,1,2,1,[197; 197; 1; 128; 32; 32; 8; 1; 2; 1],0.0027364948109607212,0.31593283786459947,tvm
197,197,1,96,48,48,192,16,3,0,[197; 197; 1; 96; 48; 48; 192; 16; 3; 0],0.008331905934028327,0.10376360202263801,tvm
197,197,1,32,32,32,192,2,2,1,[197; 197; 1; 32; 32; 32; 192; 2; 2; 1],0.006822166382335126,0.12672639788838588,tvm
197,197,1,32,32,32,192,64,2,0,[197; 197; 1; 32; 32; 32; 192; 64; 2; 0],0.013805739145027474,0.06262240379501614,tvm
197,197,1,128,32,32,12,6,2,1,[197; 197; 1; 128; 32; 32; 12; 6; 2; 1],0.004197450594801921,0.20596992195672756,tvm
197,197,1,48,48,48,192,32,3,1,[197; 197; 1; 48; 48; 48; 192; 32; 3; 1],0.008214191999286413,0.1052505920854634,tvm
197,197,1,48,48,16,6,6,1,0,[197; 197; 1; 48; 48; 16; 6; 6; 1; 0],0.003505475935526192,0.24662801494850303,tvm
197,197,1,96,96,48,1536,4,3,0,[197; 197; 1; 96; 96; 48; 1536; 4; 3; 0],0.013652790890773758,0.06332394441145461,tvm
197,197,1,256,128,32,12,6,2,0,[197; 197; 1; 256; 128; 32; 12; 6; 2; 0],0.010317367428797297,0.0837954621074644,tvm
197,197,1,192,64,64,384,32,4,0,[197; 197; 1; 192; 64; 64; 384; 32; 4; 0],0.005380686809075996,0.16067624861017266,tvm
197,197,1,768,128,64,8,1,4,1,[197; 197; 1; 768; 128; 64; 8; 1; 4; 1],0.016185470740310848,0.0534151020566466,tvm
197,197,1,256,128,64,16,8,4,0,[197; 197; 1; 256; 128; 64; 16; 8; 4; 0],0.005290149128995836,0.16342612473623747,tvm
197,197,1,192,96,96,256,32,6,0,[197; 197; 1; 192; 96; 96; 256; 32; 6; 0],0.006894915190059692,0.12538929741659183,tvm
197,197,1,256,256,128,6,1,8,1,[197; 197; 1; 256; 256; 128; 6; 1; 8; 1],0.003940874747058842,0.21937986536461282,tvm
197,197,1,768,768,32,24,8,2,1,[197; 197; 1; 768; 768; 32; 24; 8; 2; 1],0.024351049127290025,0.03550354512075945,tvm
197,197,1,768,768,192,24,24,12,1,[197; 197; 1; 768; 768; 192; 24; 24; 12; 1],0.023018039268208668,0.03755960971978362,tvm
197,197,1,192,64,16,24,2,1,1,[197; 197; 1; 192; 64; 16; 24; 2; 1; 1],0.0058707231291919015,0.147264408898734,tvm
197,197,1,128,128,16,12,1,1,1,[197; 197; 1; 128; 128; 16; 12; 1; 1; 1],0.003970124060288072,0.2177636160230821,tvm
197,197,1,256,256,128,24,1,8,1,[197; 197; 1; 256; 256; 128; 24; 1; 8; 1],0.003603569908591453,0.2399144718595184,tvm
197,197,1,192,96,48,3,3,3,1,[197; 197; 1; 192; 96; 48; 3; 3; 3; 1],0.008834048247081228,0.09786550257003843,tvm
197,197,1,768,128,64,16,4,4,1,[197; 197; 1; 768; 128; 64; 16; 4; 4; 1],0.01780870876973495,0.04854639281303934,tvm
197,197,1,768,256,128,8,8,8,1,[197; 197; 1; 768; 256; 128; 8; 8; 8; 1],0.016817647614516318,0.05140722360494269,tvm
197,197,1,64,64,32,192,32,2,0,[197; 197; 1; 64; 64; 32; 192; 32; 2; 0],0.004616672784322873,0.187266590425116,tvm
197,197,1,384,384,128,6,6,8,1,[197; 197; 1; 384; 384; 128; 6; 6; 8; 1],0.006907312374096364,0.1251642497986309,tvm
197,197,1,192,96,48,128,16,3,0,[197; 197; 1; 192; 96; 48; 128; 16; 3; 0],0.005733501187933143,0.1507889408391717,tvm
197,197,1,768,384,48,12,4,3,1,[197; 197; 1; 768; 384; 48; 12; 4; 3; 1],0.013702951488085091,0.06309214275335562,tvm
197,197,1,64,32,32,384,2,2,0,[197; 197; 1; 64; 32; 32; 384; 2; 2; 0],0.004762588439916726,0.18152913742924384,tvm
197,197,1,768,192,192,12,4,12,1,[197; 197; 1; 768; 192; 192; 12; 4; 12; 1],0.010749039123766124,0.08043031209339024,tvm
197,197,1,384,384,96,24,4,6,1,[197; 197; 1; 384; 384; 96; 24; 4; 6; 1],0.008816862376988865,0.0980562624732532,tvm
197,197,1,192,48,16,6,6,1,1,[197; 197; 1; 192; 48; 16; 6; 6; 1; 1],0.003879260410030838,0.22286427825083768,tvm
197,197,1,384,384,128,12,3,8,1,[197; 197; 1; 384; 384; 128; 12; 3; 8; 1],0.006046112066542264,0.14299248209651555,tvm
197,197,1,384,192,96,16,8,6,1,[197; 197; 1; 384; 192; 96; 16; 8; 6; 1],0.005664429096214008,0.1526276623369544,tvm
197,197,1,192,96,32,48,48,2,1,[197; 197; 1; 192; 96; 32; 48; 48; 2; 1],0.013496198982466012,0.06405867107855888,tvm
197,197,1,768,96,48,24,8,3,1,[197; 197; 1; 768; 96; 48; 24; 8; 3; 1],0.017277502483921126,0.05003897827438554,tvm
197,197,1,384,128,64,12,12,4,1,[197; 197; 1; 384; 128; 64; 12; 12; 4; 1],0.007450818317010999,0.11603404279161074,tvm
197,197,1,64,64,32,96,24,2,0,[197; 197; 1; 64; 64; 32; 96; 24; 2; 0],0.006692223440040834,0.12918704510907605,tvm
197,197,1,192,96,48,48,12,3,1,[197; 197; 1; 192; 96; 48; 48; 12; 3; 1],0.005599202777375467,0.15440565484106544,tvm
197,197,1,768,96,32,16,8,2,1,[197; 197; 1; 768; 96; 32; 16; 8; 2; 1],0.017960899393074214,0.04813503781230156,tvm
197,197,1,192,96,16,16,16,1,1,[197; 197; 1; 192; 96; 16; 16; 16; 1; 1],0.004202734060527291,0.20571098693789389,tvm
197,197,1,192,64,32,48,12,2,1,[197; 197; 1; 192; 64; 32; 48; 12; 2; 1],0.00621374134789221,0.13913494672929033,tvm
197,197,1,192,192,48,6,3,3,0,[197; 197; 1; 192; 192; 48; 6; 3; 3; 0],0.016118485509650782,0.05363708463248185,tvm
197,197,1,256,256,64,24,12,4,1,[197; 197; 1; 256; 256; 64; 24; 12; 4; 1],0.004315269659855403,0.20034636061597616,tvm
197,197,1,128,16,16,24,6,1,1,[197; 197; 1; 128; 16; 16; 24; 6; 1; 1],0.0080054947611643,0.10799439600193224,tvm
197,197,1,96,16,16,12,6,1,1,[197; 197; 1; 96; 16; 16; 12; 6; 1; 1],0.005563054437516257,0.155408972020516,tvm
197,197,1,192,48,16,12,12,1,1,[197; 197; 1; 192; 48; 16; 12; 12; 1; 1],0.006577191001269966,0.13144647483426264,tvm
197,197,1,96,96,48,512,1,3,0,[197; 197; 1; 96; 96; 48; 512; 1; 3; 0],0.007979891932336614,0.10834088716479906,tvm
197,197,1,128,32,32,96,6,2,1,[197; 197; 1; 128; 32; 32; 96; 6; 2; 1],0.004373373187263496,0.19768460966157247,tvm
197,197,1,384,96,48,8,4,3,1,[197; 197; 1; 384; 96; 48; 8; 4; 3; 1],0.005522676816326566,0.15654520446909473,tvm
197,197,1,32,16,16,24,1,1,1,[197; 197; 1; 32; 16; 16; 24; 1; 1; 1],0.005978357687126845,0.1446130554031917,tvm
197,197,1,768,64,32,12,6,2,1,[197; 197; 1; 768; 64; 32; 12; 6; 2; 1],0.01689754123799503,0.051164164019590466,tvm
197,197,1,384,64,64,24,6,4,1,[197; 197; 1; 384; 64; 64; 24; 6; 4; 1],0.006313931313343346,0.13692714230221434,tvm
197,197,1,192,64,64,24,2,4,0,[197; 197; 1; 192; 64; 64; 24; 2; 4; 0],0.0038137585361255333,0.22669200560004044,tvm
197,197,1,48,48,48,192,3,3,0,[197; 197; 1; 48; 48; 48; 192; 3; 3; 0],0.0028007571418129373,0.30868387641384243,tvm
197,197,1,96,32,32,3,1,2,1,[197; 197; 1; 96; 32; 32; 3; 1; 2; 1],0.002402787420578534,0.35981067822487967,tvm
197,197,1,96,96,48,384,24,3,1,[197; 197; 1; 96; 96; 48; 384; 24; 3; 1],0.005059085255197715,0.17089029494814945,tvm
197,197,1,96,96,96,6,2,6,0,[197; 197; 1; 96; 96; 96; 6; 2; 6; 0],0.006561205998877995,0.1317667166030779,tvm
197,197,1,768,48,48,8,2,3,1,[197; 197; 1; 768; 48; 48; 8; 2; 3; 1],0.011339551128912717,0.07624186897700137,tvm
197,197,1,96,96,96,192,6,6,0,[197; 197; 1; 96; 96; 96; 192; 6; 6; 0],0.0027725900617951993,0.31181983349849873,tvm
197,197,1,256,64,32,12,3,2,1,[197; 197; 1; 256; 64; 32; 12; 3; 2; 1],0.005103252347907983,0.1694112915625234,tvm
197,197,1,96,96,32,96,32,2,0,[197; 197; 1; 96; 96; 32; 96; 32; 2; 0],0.006858852066216059,0.12604858117395318,tvm
197,197,1,32,32,32,64,16,2,0,[197; 197; 1; 32; 32; 32; 64; 16; 2; 0],0.008393810130655766,0.10299834735015964,tvm
197,197,1,96,96,96,192,3,6,0,[197; 197; 1; 96; 96; 96; 192; 3; 6; 0],0.00808443756250199,0.1069398538543489,tvm
197,197,1,192,64,32,16,16,2,0,[197; 197; 1; 192; 64; 32; 16; 16; 2; 0],0.005173556754016317,0.16710913062998836,tvm
197,197,1,96,96,96,96,6,6,0,[197; 197; 1; 96; 96; 96; 96; 6; 6; 0],0.0029702483407163527,0.2910694569128395,tvm
197,197,1,64,32,32,32,32,2,0,[197; 197; 1; 64; 32; 32; 32; 32; 2; 0],0.006915428937645629,0.12501734588323435,tvm
197,197,1,64,64,64,48,48,4,1,[197; 197; 1; 64; 64; 64; 48; 48; 4; 1],0.004675769872847013,0.18489972666301463,tvm
197,197,1,96,48,48,48,12,3,0,[197; 197; 1; 96; 48; 48; 48; 12; 3; 0],0.006092193623771891,0.14191088215828881,tvm
197,197,1,96,96,96,24,12,6,0,[197; 197; 1; 96; 96; 96; 24; 12; 6; 0],0.005217083067691419,0.1657149330787132,tvm
197,197,1,128,64,64,24,2,4,1,[197; 197; 1; 128; 64; 64; 24; 2; 4; 1],0.004891341530310456,0.17675080876507474,tvm
197,197,1,64,64,32,16,8,2,1,[197; 197; 1; 64; 64; 32; 16; 8; 2; 1],0.0067267623817315325,0.1285237269234458,tvm
197,197,1,192,192,48,8,1,3,0,[197; 197; 1; 192; 192; 48; 8; 1; 3; 0],0.013112946879118681,0.06593091388216449,tvm
197,197,1,384,64,64,12,12,4,0,[197; 197; 1; 384; 64; 64; 12; 12; 4; 0],0.006687791625154205,0.1292726537975287,tvm
197,197,1,384,48,48,64,4,3,1,[197; 197; 1; 384; 48; 48; 64; 4; 3; 1],0.01132216137193609,0.07635896919571404,tvm
197,197,1,192,96,96,256,32,6,1,[197; 197; 1; 192; 96; 96; 256; 32; 6; 1],0.005350391686079092,0.16158603372496927,tvm
197,197,1,192,96,48,48,8,3,0,[197; 197; 1; 192; 96; 48; 48; 8; 3; 0],0.017107863124692813,0.0505351583144663,tvm
197,197,1,192,192,192,128,2,12,0,[197; 197; 1; 192; 192; 192; 128; 2; 12; 0],0.010598810942610726,0.08157033615467185,tvm
197,197,1,128,64,64,384,2,4,0,[197; 197; 1; 128; 64; 64; 384; 2; 4; 0],0.0070652955619152635,0.12236552085504109,tvm
197,197,1,256,32,32,64,64,2,1,[197; 197; 1; 256; 32; 32; 64; 64; 2; 1],0.007121392380213365,0.12140161997402375,tvm
197,197,1,192,96,32,12,2,2,0,[197; 197; 1; 192; 96; 32; 12; 2; 2; 0],0.004623184126103297,0.18700284216394944,tvm
197,197,1,256,128,128,6,2,8,0,[197; 197; 1; 256; 128; 128; 6; 2; 8; 0],0.005844984967552591,0.14791288193690166,tvm
197,197,1,128,32,32,128,16,2,0,[197; 197; 1; 128; 32; 32; 128; 16; 2; 0],0.0046079725289018825,0.1876201661372752,tvm
197,197,1,192,192,192,48,1,12,0,[197; 197; 1; 192; 192; 192; 48; 1; 12; 0],0.012664785754168406,0.06826397131463668,tvm
197,197,1,256,256,128,192,6,8,0,[197; 197; 1; 256; 256; 128; 192; 6; 8; 0],0.00715293844405096,0.12086621158436073,tvm
197,197,1,256,128,64,48,24,4,0,[197; 197; 1; 256; 128; 64; 48; 24; 4; 0],0.014537985261995345,0.05946825202035675,tvm
197,197,1,256,256,64,96,4,4,1,[197; 197; 1; 256; 256; 64; 96; 4; 4; 1],0.013638080359669402,0.06339224792847083,tvm
197,197,1,256,128,64,4,1,4,1,[197; 197; 1; 256; 128; 64; 4; 1; 4; 1],0.008686992383445613,0.09952219747263741,tvm
197,197,1,256,128,128,128,1,8,1,[197; 197; 1; 256; 128; 128; 128; 1; 8; 1],0.006871088698972017,0.12582410289040752,tvm
197,197,1,96,96,32,96,16,2,0,[197; 197; 1; 96; 96; 32; 96; 16; 2; 0],0.006813056126702577,0.12689585339538376,tvm
197,197,1,32,16,16,24,24,1,1,[197; 197; 1; 32; 16; 16; 24; 24; 1; 1],0.006159750970255118,0.14035446816006011,tvm
197,197,1,256,32,16,4,2,1,1,[197; 197; 1; 256; 32; 16; 4; 2; 1; 1],0.0059225635341135785,0.14597539839781004,tvm
197,197,1,256,64,64,128,8,4,0,[197; 197; 1; 256; 64; 64; 128; 8; 4; 0],0.014525719365337864,0.059518468564910366,tvm
197,197,1,256,128,128,32,16,8,0,[197; 197; 1; 256; 128; 128; 32; 16; 8; 0],0.004985828403732739,0.17340118861317208,tvm
197,197,1,96,32,32,256,4,2,0,[197; 197; 1; 96; 32; 32; 256; 4; 2; 0],0.013086934253806248,0.06606196337978264,tvm
197,197,1,192,96,96,48,8,6,0,[197; 197; 1; 192; 96; 96; 48; 8; 6; 0],0.01650971663184464,0.05236604544508011,tvm
197,197,1,128,128,64,48,2,4,1,[197; 197; 1; 128; 128; 64; 48; 2; 4; 1],0.003528925750288181,0.24498916458017575,tvm
197,197,1,128,128,64,12,1,4,0,[197; 197; 1; 128; 128; 64; 12; 1; 4; 0],0.006225995806744322,0.1388610911835256,tvm
197,197,1,384,32,32,16,16,2,0,[197; 197; 1; 384; 32; 32; 16; 16; 2; 0],0.008518196555087343,0.1014943205216643,tvm
197,197,1,16,16,16,6,3,1,1,[197; 197; 1; 16; 16; 16; 6; 3; 1; 1],0.0069950073811924085,0.12359509065753059,tvm
197,197,1,256,256,32,24,4,2,1,[197; 197; 1; 256; 256; 32; 24; 4; 2; 1],0.005711883066396695,0.15135964118641637,tvm
197,197,1,128,32,32,32,8,2,0,[197; 197; 1; 128; 32; 32; 32; 8; 2; 0],0.00923792006506119,0.09358692923728441,tvm
197,197,1,64,64,64,3,1,4,1,[197; 197; 1; 64; 64; 64; 3; 1; 4; 1],0.00607542027864838,0.14230267730892035,tvm
197,197,1,128,128,16,8,2,1,1,[197; 197; 1; 128; 128; 16; 8; 2; 1; 1],0.0037140369749977253,0.23277866570757574,tvm
197,197,1,128,128,128,48,12,8,1,[197; 197; 1; 128; 128; 128; 48; 12; 8; 1],0.003498379846860189,0.24712827345049665,tvm
197,197,1,192,64,16,16,1,1,1,[197; 197; 1; 192; 64; 16; 16; 1; 1; 1],0.004316233716963325,0.2003016120352311,tvm
197,197,1,192,96,96,64,2,6,1,[197; 197; 1; 192; 96; 96; 64; 2; 6; 1],0.005305453996697906,0.16295468247706285,tvm
197,197,1,192,64,16,12,1,1,1,[197; 197; 1; 192; 64; 16; 12; 1; 1; 1],0.004564839939121157,0.1893929651331911,tvm
197,197,1,192,32,16,6,1,1,1,[197; 197; 1; 192; 32; 16; 6; 1; 1; 1],0.004209973318211269,0.20535725670487154,tvm
197,197,1,128,128,128,192,12,8,0,[197; 197; 1; 128; 128; 128; 192; 12; 8; 0],0.007012752801529132,0.12328233946019834,tvm
197,197,1,64,64,32,24,8,2,1,[197; 197; 1; 64; 64; 32; 24; 8; 2; 1],0.007080791940097697,0.12209772278899114,tvm
197,197,1,384,32,32,12,12,2,1,[197; 197; 1; 384; 32; 32; 12; 12; 2; 1],0.007778840372338891,0.11114106088394053,tvm
197,197,1,192,192,192,6,3,12,1,[197; 197; 1; 192; 192; 192; 6; 3; 12; 1],0.003021523189090658,0.2861300467757659,tvm
197,197,1,256,32,32,64,2,2,1,[197; 197; 1; 256; 32; 32; 64; 2; 2; 1],0.008514882501913235,0.10153382283716932,tvm
197,197,1,64,32,16,8,1,1,1,[197; 197; 1; 64; 32; 16; 8; 1; 1; 1],0.002846237093763193,0.3037514244062838,tvm
197,197,1,96,96,48,48,48,3,1,[197; 197; 1; 96; 96; 48; 48; 48; 3; 1],0.009551527502480894,0.09051416867134762,tvm
197,197,1,128,128,64,96,6,4,0,[197; 197; 1; 128; 128; 64; 96; 6; 4; 0],0.007573188064270653,0.11415913141090508,tvm
197,197,1,128,128,32,6,6,2,1,[197; 197; 1; 128; 128; 32; 6; 6; 2; 1],0.0053284696259652264,0.1622508209891433,tvm
197,197,1,192,192,64,12,6,4,1,[197; 197; 1; 192; 192; 64; 12; 6; 4; 1],0.006215649686055258,0.1390922293076099,tvm
197,197,1,192,64,64,24,3,4,0,[197; 197; 1; 192; 64; 64; 24; 3; 4; 0],0.0072360345657216385,0.11947822575697595,tvm
197,197,1,96,96,48,12,6,3,0,[197; 197; 1; 96; 96; 48; 12; 6; 3; 0],0.003976676562160719,0.21740479969002574,tvm
197,197,1,48,48,48,128,32,3,1,[197; 197; 1; 48; 48; 48; 128; 32; 3; 1],0.005462837812956423,0.15825997421671356,tvm
197,197,1,192,192,96,24,3,6,1,[197; 197; 1; 192; 192; 96; 24; 3; 6; 1],0.0027204972648178227,0.317790641662882,tvm
197,197,1,96,96,48,128,16,3,0,[197; 197; 1; 96; 96; 48; 128; 16; 3; 0],0.00839400474797003,0.10299595930508022,tvm
197,197,1,64,64,64,192,4,4,0,[197; 197; 1; 64; 64; 64; 192; 4; 4; 0],0.007615795620949939,0.11352045333915275,tvm
197,197,1,96,96,96,32,4,6,0,[197; 197; 1; 96; 96; 96; 32; 4; 6; 0],0.006430122128222138,0.13445290061195309,tvm
197,197,1,256,32,32,16,16,2,0,[197; 197; 1; 256; 32; 32; 16; 16; 2; 0],0.012031084130285308,0.0718595732575988,tvm
197,197,1,96,96,48,24,24,3,1,[197; 197; 1; 96; 96; 48; 24; 24; 3; 1],0.004392451621242799,0.19682597464419113,tvm
197,197,1,256,64,32,6,1,2,1,[197; 197; 1; 256; 64; 32; 6; 1; 2; 1],0.003657591965747997,0.23637097290368925,tvm
197,197,1,96,48,48,16,8,3,0,[197; 197; 1; 96; 48; 48; 16; 8; 3; 0],0.002601394593511941,0.3323404198597228,tvm
197,197,1,32,32,32,2,1,2,1,[197; 197; 1; 32; 32; 32; 2; 1; 2; 1],0.007134087180020288,0.12118559103816738,tvm
197,197,1,64,64,64,6,6,4,1,[197; 197; 1; 64; 64; 64; 6; 6; 4; 1],0.004585041933751199,0.18855848734217592,tvm
197,197,1,64,64,64,24,8,4,0,[197; 197; 1; 64; 64; 64; 24; 8; 4; 0],0.00537840518518351,0.1607444105940994,tvm
197,197,1,96,48,48,96,4,3,0,[197; 197; 1; 96; 48; 48; 96; 4; 3; 0],0.00695941605954431,0.12422717136488898,tvm
197,197,1,48,48,48,128,2,3,1,[197; 197; 1; 48; 48; 48; 128; 2; 3; 1],0.005553319839236792,0.15568139355492058,tvm
197,197,1,192,32,32,12,1,2,1,[197; 197; 1; 192; 32; 32; 12; 1; 2; 1],0.006982119812164456,0.1238232219851526,tvm
197,197,1,256,256,128,64,16,8,1,[197; 197; 1; 256; 256; 128; 64; 16; 8; 1],0.0068225895665818825,0.1267185374396939,tvm
197,197,1,48,48,16,2,1,1,1,[197; 197; 1; 48; 48; 16; 2; 1; 1; 1],0.006739357384503819,0.12828353240569734,tvm
197,197,1,384,32,32,8,8,2,0,[197; 197; 1; 384; 32; 32; 8; 8; 2; 0],0.008501534059178084,0.1016932432912178,tvm
197,197,1,384,32,32,24,8,2,1,[197; 197; 1; 384; 32; 32; 24; 8; 2; 1],0.009178137319395319,0.09419651736977173,tvm
197,197,1,192,64,64,192,3,4,1,[197; 197; 1; 192; 64; 64; 192; 3; 4; 1],0.00533587287645787,0.16202570628003557,tvm
197,197,1,384,64,64,12,4,4,1,[197; 197; 1; 384; 64; 64; 12; 4; 4; 1],0.006574642189661972,0.13149743309042666,tvm
197,197,1,128,128,32,384,3,2,0,[197; 197; 1; 128; 128; 32; 384; 3; 2; 0],0.009419295805855654,0.09178484137753813,tvm
197,197,1,192,96,16,12,2,1,0,[197; 197; 1; 192; 96; 16; 12; 2; 1; 0],0.008841704126098193,0.0977807625202782,tvm
197,197,1,48,48,48,512,32,3,1,[197; 197; 1; 48; 48; 48; 512; 32; 3; 1],0.0027146926877321675,0.3184701440923718,tvm
197,197,1,128,128,32,48,16,2,0,[197; 197; 1; 128; 128; 32; 48; 16; 2; 0],0.009167148629785515,0.09430943102847884,tvm
197,197,1,384,384,32,24,2,2,1,[197; 197; 1; 384; 384; 32; 24; 2; 2; 1],0.010596904568956234,0.08158501058519271,tvm
197,197,1,64,32,32,192,12,2,1,[197; 197; 1; 64; 32; 32; 192; 12; 2; 1],0.004516843626333866,0.1914054687189358,tvm
197,197,1,256,256,64,32,16,4,1,[197; 197; 1; 256; 256; 64; 32; 16; 4; 1],0.004884102410869673,0.17701278529797007,tvm
197,197,1,384,96,96,12,3,6,1,[197; 197; 1; 384; 96; 96; 12; 3; 6; 1],0.005963700656138826,0.1449684719736285,tvm
197,197,1,384,384,16,8,4,1,1,[197; 197; 1; 384; 384; 16; 8; 4; 1; 1],0.008327164061483927,0.10382268981914428,tvm
197,197,1,96,32,32,384,8,2,1,[197; 197; 1; 96; 32; 32; 384; 8; 2; 1],0.013810979871777818,0.06259864104177297,tvm
197,197,1,128,32,32,96,24,2,0,[197; 197; 1; 128; 32; 32; 96; 24; 2; 0],0.0045424775598803535,0.19032533678632926,tvm
197,197,1,384,128,32,12,2,2,1,[197; 197; 1; 384; 128; 32; 12; 2; 2; 1],0.016172290896065533,0.05345863347281878,tvm
197,197,1,192,48,48,384,48,3,0,[197; 197; 1; 192; 48; 48; 384; 48; 3; 0],0.005452737626910675,0.1585531214929176,tvm
197,197,1,128,64,32,192,64,2,0,[197; 197; 1; 128; 64; 32; 192; 64; 2; 0],0.004729827902338002,0.18278647538131698,tvm
197,197,1,128,64,64,4,4,4,0,[197; 197; 1; 128; 64; 64; 4; 4; 4; 0],0.007094206506735645,0.12186684594079966,tvm
197,197,1,96,16,16,24,12,1,1,[197; 197; 1; 96; 16; 16; 24; 12; 1; 1],0.006150478751806077,0.14056606100373867,tvm
197,197,1,384,64,16,12,1,1,1,[197; 197; 1; 384; 64; 16; 12; 1; 1; 1],0.009054859998286702,0.09547895512378494,tvm
197,197,1,64,64,16,6,1,1,0,[197; 197; 1; 64; 64; 16; 6; 1; 1; 0],0.006543112191138789,0.13213109391573827,tvm
197,197,1,64,32,32,24,6,2,1,[197; 197; 1; 64; 32; 32; 24; 6; 2; 1],0.0030412814376177266,0.28427114989587515,tvm
197,197,1,256,32,16,6,6,1,1,[197; 197; 1; 256; 32; 16; 6; 6; 1; 1],0.005670225313224364,0.15247164330705357,tvm
197,197,1,128,128,64,32,2,4,0,[197; 197; 1; 128; 128; 64; 32; 2; 4; 0],0.004338305938290432,0.19928252726437692,tvm
197,197,1,48,48,48,256,64,3,1,[197; 197; 1; 48; 48; 48; 256; 64; 3; 1],0.008448371881968342,0.10233315761984955,tvm
197,197,1,96,48,48,96,16,3,1,[197; 197; 1; 96; 48; 48; 96; 16; 3; 1],0.011055267561459914,0.07820241044572264,tvm
197,197,1,256,128,128,3,3,8,1,[197; 197; 1; 256; 128; 128; 3; 3; 8; 1],0.005860436685907189,0.1475228925359067,tvm
197,197,1,96,48,48,3,3,3,0,[197; 197; 1; 96; 48; 48; 3; 3; 3; 0],0.008286923199193552,0.10432684732889833,tvm
197,197,1,64,32,16,24,4,1,0,[197; 197; 1; 64; 32; 16; 24; 4; 1; 0],0.009321702746092342,0.09274577778088774,tvm
197,197,1,192,192,48,24,3,3,1,[197; 197; 1; 192; 192; 48; 24; 3; 3; 1],0.003973930244683288,0.21755504455198954,tvm
197,197,1,64,64,32,48,4,2,1,[197; 197; 1; 64; 64; 32; 48; 4; 2; 1],0.00837567869166378,0.10322131534117314,tvm
197,197,1,96,96,48,96,12,3,0,[197; 197; 1; 96; 96; 48; 96; 12; 3; 0],0.0051717941896640696,0.16716608196752847,tvm
197,197,1,192,192,96,24,3,6,1,[197; 197; 1; 192; 192; 96; 24; 3; 6; 1],0.0028965555466129445,0.29847470815449123,tvm
197,197,1,96,48,16,16,8,1,0,[197; 197; 1; 96; 48; 16; 16; 8; 1; 0],0.006444033118896186,0.13416265178610098,tvm
197,197,1,192,64,32,16,4,2,0,[197; 197; 1; 192; 64; 32; 16; 4; 2; 0],0.008023345624678768,0.10775412301438596,tvm
197,197,1,96,48,16,24,8,1,0,[197; 197; 1; 96; 48; 16; 24; 8; 1; 0],0.010729213623562828,0.0805789316683847,tvm
197,197,1,128,64,32,24,2,2,1,[197; 197; 1; 128; 64; 32; 24; 2; 2; 1],0.015617145894793794,0.055358935445226354,tvm
197,197,1,32,32,16,24,4,1,1,[197; 197; 1; 32; 32; 16; 24; 4; 1; 1],0.0030805657188466284,0.28064604047864966,tvm
197,197,1,96,96,32,96,32,2,1,[197; 197; 1; 96; 96; 32; 96; 32; 2; 1],0.0032066518178908154,0.26961099006914657,tvm
197,197,1,192,192,48,24,6,3,0,[197; 197; 1; 192; 192; 48; 24; 6; 3; 0],0.007104828182491474,0.12168465573299722,tvm
197,197,1,64,64,64,48,12,4,0,[197; 197; 1; 64; 64; 64; 48; 12; 4; 0],0.007776184123940766,0.1111790252968497,tvm
197,197,1,256,64,32,6,2,2,1,[197; 197; 1; 256; 64; 32; 6; 2; 2; 1],0.0073631056875456125,0.11741629254227864,tvm
197,197,1,128,128,128,32,32,8,1,[197; 197; 1; 128; 128; 128; 32; 32; 8; 1],0.003513235096761491,0.24608332423455362,tvm
197,197,1,96,32,32,256,2,2,0,[197; 197; 1; 96; 32; 32; 256; 2; 2; 0],0.010435476564452983,0.08284706175983733,tvm
197,197,1,128,128,64,96,48,4,0,[197; 197; 1; 128; 128; 64; 96; 48; 4; 0],0.010068724572192878,0.08586475528551284,tvm
197,197,1,64,32,32,16,8,2,0,[197; 197; 1; 64; 32; 32; 16; 8; 2; 0],0.0036076596297789365,0.23964249961173514,tvm
197,197,1,96,32,32,24,24,2,0,[197; 197; 1; 96; 32; 32; 24; 24; 2; 0],0.00466143102676142,0.1854684894971461,tvm
197,197,1,96,32,32,24,4,2,1,[197; 197; 1; 96; 32; 32; 24; 4; 2; 1],0.002285152437252691,0.37833299754303,tvm
197,197,1,192,96,16,16,8,1,1,[197; 197; 1; 192; 96; 16; 16; 8; 1; 1],0.012746888882247731,0.067824280843352,tvm
197,197,1,192,96,32,24,24,2,0,[197; 197; 1; 192; 96; 32; 24; 24; 2; 0],0.004538218250672799,0.19050396514103318,tvm
197,197,1,256,128,64,16,16,4,0,[197; 197; 1; 256; 128; 64; 16; 16; 4; 0],0.008214124754886143,0.10525145371261835,tvm
197,197,1,48,48,16,12,3,1,1,[197; 197; 1; 48; 48; 16; 12; 3; 1; 1],0.004609635128872469,0.18755249542712563,tvm
197,197,1,256,32,32,6,3,2,0,[197; 197; 1; 256; 32; 32; 6; 3; 2; 0],0.00995622732443735,0.08683495698280765,tvm
197,197,1,192,192,48,12,4,3,0,[197; 197; 1; 192; 192; 48; 12; 4; 3; 0],0.010138874247786589,0.0852706671667528,tvm
197,197,1,96,48,48,96,48,3,1,[197; 197; 1; 96; 48; 48; 96; 48; 3; 1],0.0041268519416917115,0.20949347920491881,tvm
197,197,1,96,96,32,192,32,2,0,[197; 197; 1; 96; 96; 32; 192; 32; 2; 0],0.0036612992189475335,0.23613163517323557,tvm
197,197,1,256,64,32,24,6,2,0,[197; 197; 1; 256; 64; 32; 24; 6; 2; 0],0.009772126621101052,0.08847087281510893,tvm
197,197,1,128,32,32,24,2,2,0,[197; 197; 1; 128; 32; 32; 24; 2; 2; 0],0.0036250407792977057,0.23849347471232143,tvm
197,197,1,192,96,32,24,1,2,0,[197; 197; 1; 192; 96; 32; 24; 1; 2; 0],0.009899061129544862,0.0873364211125264,tvm
197,197,1,64,64,64,256,16,4,0,[197; 197; 1; 64; 64; 64; 256; 16; 4; 0],0.014251957880333066,0.060661740561386436,tvm
197,197,1,192,64,32,24,8,2,1,[197; 197; 1; 192; 64; 32; 24; 8; 2; 1],0.011269065871601924,0.07671874326400346,tvm
197,197,1,16,16,16,24,2,1,0,[197; 197; 1; 16; 16; 16; 24; 2; 1; 0],0.0032010495342547074,0.27008284694659124,tvm
197,197,1,48,16,16,12,1,1,0,[197; 197; 1; 48; 16; 16; 12; 1; 1; 0],0.0031016790635476355,0.2787356633989459,tvm
197,197,1,96,48,16,6,1,1,0,[197; 197; 1; 96; 48; 16; 6; 1; 1; 0],0.007001751437201165,0.12347604441299054,tvm
197,197,1,96,48,48,1536,48,3,0,[197; 197; 1; 96; 48; 48; 1536; 48; 3; 0],0.03126826701918617,0.027649391982551685,tvm
197,197,1,384,96,96,12,3,6,1,[197; 197; 1; 384; 96; 96; 12; 3; 6; 1],0.005867961001058575,0.147333728235857,tvm
197,197,1,256,64,64,256,32,4,0,[197; 197; 1; 256; 64; 64; 256; 32; 4; 0],0.0072401748184347525,0.11940990281440157,tvm
197,197,1,128,64,32,64,2,2,0,[197; 197; 1; 128; 64; 32; 64; 2; 2; 0],0.012874572741566226,0.06715163204114195,tvm
197,197,1,128,128,32,512,64,2,1,[197; 197; 1; 128; 128; 32; 512; 64; 2; 1],0.013895977375796065,0.06221574402779593,tvm
197,197,1,192,96,32,512,32,2,0,[197; 197; 1; 192; 96; 32; 512; 32; 2; 0],0.007092927189660259,0.12188882647616492,tvm
197,197,1,192,64,32,192,3,2,1,[197; 197; 1; 192; 64; 32; 192; 3; 2; 1],0.013415362511295825,0.06444466712700575,tvm
197,197,1,256,256,128,6,2,8,0,[197; 197; 1; 256; 256; 128; 6; 2; 8; 0],0.01873818799504079,0.04613832306823803,tvm
197,197,1,256,256,64,24,1,4,0,[197; 197; 1; 256; 256; 64; 24; 1; 4; 0],0.010992547060595825,0.07864861225180969,tvm
197,197,1,64,64,32,96,16,2,1,[197; 197; 1; 64; 64; 32; 96; 16; 2; 1],0.008532074250979349,0.10132923671278818,tvm
197,197,1,192,192,48,12,12,3,0,[197; 197; 1; 192; 192; 48; 12; 12; 3; 0],0.010286805307259783,0.08404441861249451,tvm
197,197,1,256,128,128,8,2,8,0,[197; 197; 1; 256; 128; 128; 8; 2; 8; 0],0.012731181865092367,0.06790795863179659,tvm
197,197,1,48,48,16,6,2,1,0,[197; 197; 1; 48; 48; 16; 6; 2; 1; 0],0.008312361256685108,0.10400757916209061,tvm
197,197,1,96,48,48,256,2,3,0,[197; 197; 1; 96; 48; 48; 256; 2; 3; 0],0.0028223662957316265,0.3063204704279744,tvm
197,197,1,192,48,48,8,4,3,0,[197; 197; 1; 192; 48; 48; 8; 4; 3; 0],0.004341004561865702,0.1991586415327333,tvm
197,197,1,32,32,16,6,3,1,0,[197; 197; 1; 32; 32; 16; 6; 3; 1; 0],0.0026778594838106073,0.3228506113391411,tvm
197,197,1,192,192,64,96,32,4,1,[197; 197; 1; 192; 192; 64; 96; 32; 4; 1],0.008454629438347183,0.10225741739871974,tvm
197,197,1,128,128,32,48,4,2,1,[197; 197; 1; 128; 128; 32; 48; 4; 2; 1],0.012216917748446576,0.07076650504080718,tvm
197,197,1,128,32,16,32,4,1,1,[197; 197; 1; 128; 32; 16; 32; 4; 1; 1],0.010387895061285235,0.08322654073111187,tvm
197,197,1,192,48,16,24,8,1,1,[197; 197; 1; 192; 48; 16; 24; 8; 1; 1],0.011887162618222646,0.07272959908054472,tvm
197,197,1,64,32,16,12,12,1,0,[197; 197; 1; 64; 32; 16; 12; 12; 1; 0],0.006635089244809933,0.13029946388510663,tvm
197,197,1,48,48,16,12,4,1,0,[197; 197; 1; 48; 48; 16; 12; 4; 1; 0],0.004153700370807201,0.20813936833401422,tvm
197,197,1,256,128,32,16,16,2,1,[197; 197; 1; 256; 128; 32; 16; 16; 2; 1],0.007220433006295934,0.11973638847901766,tvm
197,197,1,32,32,32,384,48,2,1,[197; 197; 1; 32; 32; 32; 384; 48; 2; 1],0.006908393930643797,0.12514465447513987,tvm
197,197,1,192,192,96,24,4,6,0,[197; 197; 1; 192; 192; 96; 24; 4; 6; 0],0.008648368762806058,0.09996666367265994,tvm
197,197,1,96,48,48,96,16,3,1,[197; 197; 1; 96; 48; 48; 96; 16; 3; 1],0.005620141593681183,0.15383038968281468,tvm
197,197,1,128,128,128,96,12,8,0,[197; 197; 1; 128; 128; 128; 96; 12; 8; 0],0.007954511747811921,0.10868656667285534,tvm
197,197,1,96,96,32,48,1,2,0,[197; 197; 1; 96; 96; 32; 48; 1; 2; 0],0.007104223754140548,0.12169500868053139,tvm
197,197,1,256,128,64,32,4,4,1,[197; 197; 1; 256; 128; 64; 32; 4; 4; 1],0.004822240058274474,0.17928360284451078,tvm
197,197,1,192,48,48,384,32,3,0,[197; 197; 1; 192; 48; 48; 384; 32; 3; 0],0.0055039972212398425,0.15707649126207612,tvm
197,197,1,192,192,192,48,12,12,1,[197; 197; 1; 192; 192; 192; 48; 12; 12; 1],0.006527675825054757,0.13244355182440745,tvm
197,197,1,96,32,32,128,2,2,0,[197; 197; 1; 96; 32; 32; 128; 2; 2; 0],0.007339490432059392,0.11779408658292741,tvm
197,197,1,64,64,64,96,2,4,0,[197; 197; 1; 64; 64; 64; 96; 2; 4; 0],0.007339989620959386,0.11778607546798807,tvm
197,197,1,64,16,16,24,4,1,1,[197; 197; 1; 64; 16; 16; 24; 4; 1; 1],0.00818625780811999,0.10560974155627267,tvm
197,197,1,192,192,48,32,32,3,1,[197; 197; 1; 192; 192; 48; 32; 32; 3; 1],0.008072443131823093,0.10709875031765265,tvm
197,197,1,32,32,32,96,6,2,0,[197; 197; 1; 32; 32; 32; 96; 6; 2; 0],0.006809318685554899,0.12696550291626105,tvm
197,197,1,96,96,48,192,12,3,0,[197; 197; 1; 96; 96; 48; 192; 12; 3; 0],0.00979963518329896,0.08822252617138027,tvm
197,197,1,64,64,64,192,32,4,0,[197; 197; 1; 64; 64; 64; 192; 32; 4; 0],0.003821874939603731,0.2262105864505895,tvm
197,197,1,96,48,48,96,1,3,0,[197; 197; 1; 96; 48; 48; 96; 1; 3; 0],0.00289461087595555,0.29867523079183217,tvm
197,197,1,256,32,16,12,3,1,1,[197; 197; 1; 256; 32; 16; 12; 3; 1; 1],0.005590077656961512,0.15465770325246198,tvm
197,197,1,96,96,48,192,48,3,0,[197; 197; 1; 96; 96; 48; 192; 48; 3; 0],0.0055182138457894325,0.15667181366815797,tvm
197,197,1,128,32,32,24,4,2,0,[197; 197; 1; 128; 32; 32; 24; 4; 2; 0],0.006647385191172361,0.1300584435180137,tvm
197,197,1,256,256,64,16,2,4,1,[197; 197; 1; 256; 256; 64; 16; 2; 4; 1],0.0046441956219496205,0.18615679480478822,tvm
197,197,1,96,96,48,96,2,3,0,[197; 197; 1; 96; 96; 48; 96; 2; 3; 0],0.005924562188738491,0.1459261535091859,tvm
197,197,1,96,96,96,128,32,6,0,[197; 197; 1; 96; 96; 96; 128; 32; 6; 0],0.01068998318805825,0.08087464275849902,tvm
197,197,1,64,64,64,12,12,4,1,[197; 197; 1; 64; 64; 64; 12; 12; 4; 1],0.0021589318275800906,0.4004520014870636,tvm
197,197,1,256,32,32,12,2,2,1,[197; 197; 1; 256; 32; 32; 12; 2; 2; 1],0.004188226528640371,0.20642354598456517,tvm
197,197,1,96,32,32,16,2,2,0,[197; 197; 1; 96; 32; 32; 16; 2; 2; 0],0.0038943068429944105,0.22200319756103315,tvm
197,197,1,192,96,48,6,3,3,1,[197; 197; 1; 192; 96; 48; 6; 3; 3; 1],0.00854673825961072,0.10115538175705747,tvm
197,197,1,192,192,16,12,3,1,1,[197; 197; 1; 192; 192; 16; 12; 3; 1; 1],0.004340696970757563,0.19917275434172627,tvm
197,197,1,192,32,32,3,3,2,1,[197; 197; 1; 192; 32; 32; 3; 3; 2; 1],0.0044842714414699,0.19279577133385592,tvm
197,197,1,96,96,32,8,2,2,1,[197; 197; 1; 96; 96; 32; 8; 2; 2; 1],0.0032584257496637292,0.2653270744370324,tvm
197,197,1,96,96,96,16,2,6,1,[197; 197; 1; 96; 96; 96; 16; 2; 6; 1],0.0030516549522872083,0.283304824741275,tvm
197,197,1,32,32,16,16,4,1,1,[197; 197; 1; 32; 32; 16; 16; 4; 1; 1],0.004691538997576572,0.18427824470289098,tvm
197,197,1,192,192,192,6,2,12,1,[197; 197; 1; 192; 192; 192; 6; 2; 12; 1],0.003309243402327411,0.2612526388420172,tvm
197,197,1,48,48,48,24,8,3,1,[197; 197; 1; 48; 48; 48; 24; 8; 3; 1],0.007551361064543016,0.1144891052141593,tvm
197,197,1,64,32,32,16,8,2,1,[197; 197; 1; 64; 32; 32; 16; 8; 2; 1],0.007578182819997892,0.11408388949751042,tvm
197,197,1,64,32,32,3,3,2,1,[197; 197; 1; 64; 32; 32; 3; 3; 2; 1],0.0062624451238662004,0.13805287780227785,tvm
197,197,1,96,48,48,6,2,3,1,[197; 197; 1; 96; 48; 48; 6; 2; 3; 1],0.007493706434615888,0.11536995463752596,tvm
197,197,1,64,32,32,24,2,2,1,[197; 197; 1; 64; 32; 32; 24; 2; 2; 1],0.009500251879217103,0.09100269997260506,tvm
197,197,1,32,32,32,24,3,2,1,[197; 197; 1; 32; 32; 32; 24; 3; 2; 1],0.006735080693033524,0.12836499083415928,tvm
197,197,1,384,48,48,16,4,3,0,[197; 197; 1; 384; 48; 48; 16; 4; 3; 0],0.007360522009548731,0.11745750781085923,tvm
197,197,1,384,384,64,16,16,4,0,[197; 197; 1; 384; 384; 64; 16; 16; 4; 0],0.01364865736104548,0.06334312222505287,tvm
197,197,1,128,64,32,128,4,2,1,[197; 197; 1; 128; 64; 32; 128; 4; 2; 1],0.0044120457823737524,0.19595185863267045,tvm
197,197,1,128,64,32,96,4,2,1,[197; 197; 1; 128; 64; 32; 96; 4; 2; 1],0.00844485055131372,0.10237582846200613,tvm
197,197,1,384,96,48,16,4,3,1,[197; 197; 1; 384; 96; 48; 16; 4; 3; 1],0.015005044871941209,0.057617193337771364,tvm
197,197,1,256,64,16,8,8,1,0,[197; 197; 1; 256; 64; 16; 8; 8; 1; 0],0.009613121932488866,0.0899342146599338,tvm
197,197,1,192,192,32,384,24,2,0,[197; 197; 1; 192; 192; 32; 384; 24; 2; 0],0.013853442622348666,0.06240676740046285,tvm
197,197,1,128,128,32,192,2,2,0,[197; 197; 1; 128; 128; 32; 192; 2; 2; 0],0.013953720103017986,0.061958285320742684,tvm
197,197,1,384,48,48,12,6,3,1,[197; 197; 1; 384; 48; 48; 12; 6; 3; 1],0.005780790961580351,0.14955541156468688,tvm
197,197,1,192,96,16,16,1,1,0,[197; 197; 1; 192; 96; 16; 16; 1; 1; 0],0.012922042369609699,0.06690494789444684,tvm
197,197,1,384,48,48,4,4,3,1,[197; 197; 1; 384; 48; 48; 4; 4; 3; 1],0.008257473382400349,0.10469892319256346,tvm
197,197,1,128,32,16,32,1,1,1,[197; 197; 1; 128; 32; 16; 32; 1; 1; 1],0.010206076127360575,0.08470920269846693,tvm
197,197,1,48,16,16,1,1,1,1,[197; 197; 1; 48; 16; 16; 1; 1; 1; 1],0.01657523136236705,0.05215906508499609,tvm
197,197,1,384,48,48,6,6,3,1,[197; 197; 1; 384; 48; 48; 6; 6; 3; 1],0.007476960759959184,0.11562834140556476,tvm
197,197,1,192,32,32,48,12,2,0,[197; 197; 1; 192; 32; 32; 48; 12; 2; 0],0.013727433513849974,0.06297962183217316,tvm
197,197,1,192,64,32,96,16,2,0,[197; 197; 1; 192; 64; 32; 96; 16; 2; 0],0.01679945073556155,0.05146290703412527,tvm
197,197,1,192,192,64,128,32,4,1,[197; 197; 1; 192; 192; 64; 128; 32; 4; 1],0.005237762561591808,0.16506066498093158,tvm
197,197,1,192,96,32,24,6,2,0,[197; 197; 1; 192; 96; 32; 24; 6; 2; 0],0.008744094375288114,0.0988722827457,tvm
197,197,1,128,64,64,4,1,4,0,[197; 197; 1; 128; 64; 64; 4; 1; 4; 0],0.009062450437340885,0.09539898478962035,tvm
197,197,1,192,64,64,256,16,4,0,[197; 197; 1; 192; 64; 64; 256; 16; 4; 0],0.005216180215938948,0.16574361614017716,tvm
197,197,1,192,16,16,8,1,1,0,[197; 197; 1; 192; 16; 16; 8; 1; 1; 0],0.010481208068085834,0.08248558427735349,tvm
197,197,1,192,32,32,96,48,2,1,[197; 197; 1; 192; 32; 32; 96; 48; 2; 1],0.013369071006309241,0.06466781207314753,tvm
197,197,1,384,384,192,16,4,12,1,[197; 197; 1; 384; 384; 192; 16; 4; 12; 1],0.006339586499962024,0.13637302234676507,tvm
197,197,1,256,32,32,32,32,2,1,[197; 197; 1; 256; 32; 32; 32; 32; 2; 1],0.0067893344385083765,0.12733922290304991,tvm
197,197,1,384,192,192,12,6,12,1,[197; 197; 1; 384; 192; 192; 12; 6; 12; 1],0.005813306997879408,0.1487188912857937,tvm
197,197,1,32,32,16,2,2,1,1,[197; 197; 1; 32; 32; 16; 2; 2; 1; 1],0.0024471695942338556,0.3532851067885382,tvm
197,197,1,192,64,16,24,24,1,0,[197; 197; 1; 192; 64; 16; 24; 24; 1; 0],0.011793999001383781,0.07330410756581669,tvm
197,197,1,64,64,32,256,1,2,1,[197; 197; 1; 64; 64; 32; 256; 1; 2; 1],0.01363574285642244,0.06340311492610531,tvm
197,197,1,128,128,64,192,1,4,0,[197; 197; 1; 128; 128; 64; 192; 1; 4; 0],0.009159993554931134,0.094383098224251,tvm
197,197,1,192,16,16,16,8,1,1,[197; 197; 1; 192; 16; 16; 16; 8; 1; 1],0.005929349055804778,0.1458083447764281,tvm
197,197,1,192,64,64,128,64,4,1,[197; 197; 1; 192; 64; 64; 128; 64; 4; 1],0.010753941372968256,0.08039364744927398,tvm
197,197,1,192,32,32,4,1,2,0,[197; 197; 1; 192; 32; 32; 4; 1; 2; 0],0.005518517435120884,0.1566631947063212,tvm
197,197,1,192,192,96,128,2,6,1,[197; 197; 1; 192; 192; 96; 128; 2; 6; 1],0.005267896471195854,0.16411646966788473,tvm
197,197,1,96,96,48,128,16,3,0,[197; 197; 1; 96; 96; 48; 128; 16; 3; 0],0.0029833135631633922,0.2897947376714357,tvm
197,197,1,64,16,16,4,1,1,0,[197; 197; 1; 64; 16; 16; 4; 1; 1; 0],0.010654321624315344,0.08114534194795607,tvm
197,197,1,64,32,32,96,3,2,1,[197; 197; 1; 64; 32; 32; 96; 3; 2; 1],0.013391955639235675,0.06455730549880422,tvm
197,197,1,128,128,64,96,48,4,1,[197; 197; 1; 128; 128; 64; 96; 48; 4; 1],0.007006041239947081,0.12340043996588031,tvm
197,197,1,64,64,32,192,2,2,1,[197; 197; 1; 64; 64; 32; 192; 2; 2; 1],0.013417829875834286,0.06443281659023241,tvm
197,197,1,128,32,16,24,12,1,0,[197; 197; 1; 128; 32; 16; 24; 12; 1; 0],0.009989493497414514,0.08654578649581525,tvm
197,197,1,32,32,32,96,48,2,1,[197; 197; 1; 32; 32; 32; 96; 48; 2; 1],0.00987189331499394,0.08757677416503787,tvm
197,197,1,64,64,32,192,1,2,0,[197; 197; 1; 64; 64; 32; 192; 1; 2; 0],0.004708240281615872,0.1836245645330271,tvm
197,197,1,48,48,48,96,16,3,1,[197; 197; 1; 48; 48; 48; 96; 16; 3; 1],0.0027733277311199345,0.31173689345378824,tvm
197,197,1,256,128,16,24,1,1,1,[197; 197; 1; 256; 128; 16; 24; 1; 1; 1],0.00929797618300654,0.09298244633156459,tvm
197,197,1,96,32,32,32,8,2,1,[197; 197; 1; 96; 32; 32; 32; 8; 2; 1],0.0068456381995929405,0.1262918878009036,tvm
197,197,1,256,16,16,4,2,1,1,[197; 197; 1; 256; 16; 16; 4; 2; 1; 1],0.018856817769119516,0.045848063125708396,tvm
197,197,1,256,256,32,24,1,2,1,[197; 197; 1; 256; 256; 32; 24; 1; 2; 1],0.011407152560423128,0.07579004198016112,tvm
197,197,1,48,48,48,512,64,3,0,[197; 197; 1; 48; 48; 48; 512; 64; 3; 0],0.008998147255624644,0.09608073160707072,tvm
197,197,1,256,256,32,24,2,2,1,[197; 197; 1; 256; 256; 32; 24; 2; 2; 1],0.005672188024618663,0.1524188845073933,tvm
197,197,1,64,64,64,96,3,4,0,[197; 197; 1; 64; 64; 64; 96; 3; 4; 0],0.003824349529168103,0.22606421427610293,tvm
197,197,1,192,192,64,32,16,4,1,[197; 197; 1; 192; 192; 64; 32; 16; 4; 1],0.0036487751931417733,0.23694213144552567,tvm
197,197,1,96,96,32,12,3,2,0,[197; 197; 1; 96; 96; 32; 12; 3; 2; 0],0.004915339122817386,0.175887878705107,tvm
197,197,1,96,48,48,4,4,3,0,[197; 197; 1; 96; 48; 48; 4; 4; 3; 0],0.006002682843245566,0.1440270282481095,tvm
197,197,1,96,96,48,192,4,3,1,[197; 197; 1; 96; 96; 48; 192; 4; 3; 1],0.010602446622215211,0.08154236491199027,tvm
197,197,1,48,48,16,4,2,1,0,[197; 197; 1; 48; 48; 16; 4; 2; 1; 0],0.008276127759017982,0.10446293201389098,tvm
197,197,1,96,96,96,256,1,6,0,[197; 197; 1; 96; 96; 96; 256; 1; 6; 0],0.008012902253540233,0.1078945610557772,tvm
197,197,1,192,48,48,4,4,3,1,[197; 197; 1; 192; 48; 48; 4; 4; 3; 1],0.007156696185120381,0.12080274879155416,tvm
197,197,1,192,96,48,6,2,3,1,[197; 197; 1; 192; 96; 48; 6; 2; 3; 1],0.01028782881621737,0.08403605725493095,tvm
197,197,1,48,48,48,48,4,3,1,[197; 197; 1; 48; 48; 48; 48; 4; 3; 1],0.005829909598105587,0.14829536494176582,tvm
197,197,1,48,16,16,16,4,1,1,[197; 197; 1; 48; 16; 16; 16; 4; 1; 1],0.005919669092691038,0.14604677354280188,tvm
197,197,1,128,64,64,6,3,4,1,[197; 197; 1; 128; 64; 64; 6; 3; 4; 1],0.004828976314456668,0.179033508373264,tvm
197,197,1,128,64,32,8,2,2,1,[197; 197; 1; 128; 64; 32; 8; 2; 2; 1],0.003644377247837838,0.23722806741302563,tvm
197,197,1,96,32,32,16,16,2,1,[197; 197; 1; 96; 32; 32; 16; 16; 2; 1],0.0041994864368462,0.2058700711218023,tvm
197,197,1,96,96,32,16,4,2,1,[197; 197; 1; 96; 96; 32; 16; 4; 2; 1],0.00404993916163221,0.21347198980641977,tvm
197,197,1,96,48,48,12,2,3,1,[197; 197; 1; 96; 48; 48; 12; 2; 3; 1],0.006934312070370652,0.1246769056043305,tvm
197,197,1,256,256,128,384,12,8,1,[197; 197; 1; 256; 256; 128; 384; 12; 8; 1],0.006700899000861682,0.1290197884369541,tvm
197,197,1,384,32,32,8,8,2,1,[197; 197; 1; 384; 32; 32; 8; 8; 2; 1],0.005988672441162635,0.14436397714561405,tvm
197,197,1,192,96,32,6,3,2,0,[197; 197; 1; 192; 96; 32; 6; 3; 2; 0],0.008305335373734124,0.10409556417947101,tvm
197,197,1,32,32,16,64,2,1,0,[197; 197; 1; 32; 32; 16; 64; 2; 1; 0],0.005154318219865672,0.16773286680213984,tvm
197,197,1,192,16,16,16,2,1,0,[197; 197; 1; 192; 16; 16; 16; 2; 1; 0],0.012792315101251006,0.06758343306787558,tvm
197,197,1,192,32,16,32,1,1,1,[197; 197; 1; 192; 32; 16; 32; 1; 1; 1],0.015296579134883359,0.056519079449404215,tvm
197,197,1,256,128,64,16,1,4,0,[197; 197; 1; 256; 128; 64; 16; 1; 4; 0],0.0052646094336523674,0.1642189382373202,tvm
197,197,1,384,64,64,32,1,4,1,[197; 197; 1; 384; 64; 64; 32; 1; 4; 1],0.007558883371530101,0.1143751701057885,tvm
197,197,1,48,48,16,48,6,1,0,[197; 197; 1; 48; 48; 16; 48; 6; 1; 0],0.005836376127263065,0.14813105813898195,tvm
197,197,1,128,128,32,48,3,2,1,[197; 197; 1; 128; 128; 32; 48; 3; 2; 1],0.004137493371672463,0.20895467225343312,tvm
197,197,1,128,16,16,24,12,1,1,[197; 197; 1; 128; 16; 16; 24; 12; 1; 1],0.007106816759915091,0.12165060682370832,tvm
197,197,1,192,192,64,256,32,4,0,[197; 197; 1; 192; 192; 64; 256; 32; 4; 0],0.01059256425651256,0.0816184401144441,tvm
197,197,1,256,64,32,32,32,2,1,[197; 197; 1; 256; 64; 32; 32; 32; 2; 1],0.014768892753636464,0.05853848259651681,tvm
197,197,1,32,32,32,256,1,2,0,[197; 197; 1; 32; 32; 32; 256; 1; 2; 0],0.00695792306214571,0.12425382742906597,tvm
197,197,1,256,32,16,2,1,1,1,[197; 197; 1; 256; 32; 16; 2; 1; 1; 1],0.016599655500613153,0.052082320105777916,tvm
197,197,1,128,16,16,12,12,1,0,[197; 197; 1; 128; 16; 16; 12; 12; 1; 0],0.008667960559250787,0.09974071357603159,tvm
197,197,1,64,32,32,96,3,2,0,[197; 197; 1; 64; 32; 32; 96; 3; 2; 0],0.004658667501644231,0.18557850954665414,tvm
197,197,1,256,64,16,24,1,1,1,[197; 197; 1; 256; 64; 16; 24; 1; 1; 1],0.01709114675759338,0.05058458532306871,tvm
197,197,1,384,96,96,32,32,6,1,[197; 197; 1; 384; 96; 96; 32; 32; 6; 1],0.006205754783877637,0.1393140079712209,tvm
197,197,1,128,64,64,192,6,4,0,[197; 197; 1; 128; 64; 64; 192; 6; 4; 0],0.00368878390872851,0.23437224646931767,tvm
197,197,1,384,128,128,2,2,8,1,[197; 197; 1; 384; 128; 128; 2; 2; 8; 1],0.01263182473485358,0.06844209681306923,tvm
197,197,1,256,256,64,64,2,4,1,[197; 197; 1; 256; 256; 64; 64; 2; 4; 1],0.00692382943816483,0.12486566561895567,tvm
197,197,1,64,32,32,96,12,2,0,[197; 197; 1; 64; 32; 32; 96; 12; 2; 0],0.009229094823240303,0.09367642092608075,tvm
197,197,1,192,64,64,96,8,4,1,[197; 197; 1; 192; 64; 64; 96; 8; 4; 1],0.010706595494411886,0.08074915801944763,tvm
197,197,1,192,48,48,3,1,3,1,[197; 197; 1; 192; 48; 48; 3; 1; 3; 1],0.004825592965062242,0.17915903344687095,tvm
197,197,1,256,256,16,24,1,1,1,[197; 197; 1; 256; 256; 16; 24; 1; 1; 1],0.00910359257250093,0.09496784533614772,tvm
197,197,1,96,96,96,1,1,6,0,[197; 197; 1; 96; 96; 96; 1; 1; 6; 0],0.0190675487392582,0.04534135893663936,tvm
197,197,1,128,128,32,128,16,2,1,[197; 197; 1; 128; 128; 32; 128; 16; 2; 1],0.004451469656487461,0.1942164359513492,tvm
197,197,1,64,64,32,3,3,2,0,[197; 197; 1; 64; 64; 32; 3; 3; 2; 0],0.012215542752528563,0.07077447060218538,tvm
197,197,1,96,48,16,16,16,1,0,[197; 197; 1; 96; 48; 16; 16; 16; 1; 0],0.00526253641146468,0.16428362748143882,tvm
197,197,1,192,192,96,24,8,6,0,[197; 197; 1; 192; 192; 96; 24; 8; 6; 0],0.006266103882808238,0.13797226914806787,tvm
197,197,1,192,64,64,48,8,4,1,[197; 197; 1; 192; 64; 64; 48; 8; 4; 1],0.005462461405841168,0.15827087958993807,tvm
197,197,1,192,32,16,16,8,1,1,[197; 197; 1; 192; 32; 16; 16; 8; 1; 1],0.009143420626060106,0.09455417253412575,tvm
197,197,1,192,48,48,384,16,3,0,[197; 197; 1; 192; 48; 48; 384; 16; 3; 0],0.0073016226961044595,0.11840499124801708,tvm
197,197,1,96,96,96,256,16,6,0,[197; 197; 1; 96; 96; 96; 256; 16; 6; 0],0.005310424843628425,0.16280214801756915,tvm
197,197,1,64,64,16,8,1,1,0,[197; 197; 1; 64; 64; 16; 8; 1; 1; 0],0.0071048292447812855,0.12168463753912295,tvm
197,197,1,192,64,64,48,2,4,1,[197; 197; 1; 192; 64; 64; 48; 2; 4; 1],0.00549167231656611,0.15742901644378618,tvm
197,197,1,64,64,64,384,1,4,0,[197; 197; 1; 64; 64; 64; 384; 1; 4; 0],0.007221082123578526,0.11972562513942579,tvm
197,197,1,128,128,64,96,2,4,1,[197; 197; 1; 128; 128; 64; 96; 2; 4; 1],0.0068021006882190704,0.12710023139262408,tvm
197,197,1,96,96,48,192,12,3,0,[197; 197; 1; 96; 96; 48; 192; 12; 3; 0],0.010845948927453719,0.0797116579850556,tvm
197,197,1,96,96,96,192,12,6,0,[197; 197; 1; 96; 96; 96; 192; 12; 6; 0],0.002796452750772005,0.3091590126777215,tvm
197,197,1,256,64,64,16,8,4,1,[197; 197; 1; 256; 64; 64; 16; 8; 4; 1],0.004153077308728825,0.20817059427511417,tvm
197,197,1,48,48,48,4,1,3,0,[197; 197; 1; 48; 48; 48; 4; 1; 3; 0],0.005030007123423275,0.17187820021220668,tvm
197,197,1,128,128,64,3,3,4,1,[197; 197; 1; 128; 128; 64; 3; 3; 4; 1],0.007048048937576823,0.12266495012814288,tvm
197,197,1,256,128,32,12,3,2,1,[197; 197; 1; 256; 128; 32; 12; 3; 2; 1],0.005772224940301385,0.14977735281803325,tvm
197,197,1,96,96,32,96,32,2,0,[197; 197; 1; 96; 96; 32; 96; 32; 2; 0],0.006960955375689082,0.12419970029516066,tvm
197,197,1,96,48,48,384,1,3,1,[197; 197; 1; 96; 48; 48; 384; 1; 3; 1],0.008205142003134824,0.10536667995487041,tvm
197,197,1,128,64,32,4,4,2,1,[197; 197; 1; 128; 64; 32; 4; 4; 2; 1],0.005478311060869601,0.15781297590125104,tvm
197,197,1,128,32,16,3,3,1,1,[197; 197; 1; 128; 32; 16; 3; 3; 1; 1],0.0025177399365929887,0.3433827929815819,tvm
197,197,1,192,192,16,8,8,1,1,[197; 197; 1; 192; 192; 16; 8; 8; 1; 1],0.006641564614255913,0.1301724249693882,tvm
197,197,1,96,96,96,48,8,6,0,[197; 197; 1; 96; 96; 96; 48; 8; 6; 0],0.0043556297532632016,0.1984899131476588,tvm
197,197,1,96,48,48,192,24,3,0,[197; 197; 1; 96; 48; 48; 192; 24; 3; 0],0.0067041533620795235,0.12895715905287733,tvm
197,197,1,64,64,32,4,1,2,1,[197; 197; 1; 64; 64; 32; 4; 1; 2; 1],0.00528564459818881,0.16356539971015444,tvm
197,197,1,64,32,32,6,3,2,0,[197; 197; 1; 64; 32; 32; 6; 3; 2; 0],0.006676168937701732,0.12949770736721228,tvm
197,197,1,192,64,16,12,4,1,1,[197; 197; 1; 192; 64; 16; 12; 4; 1; 1],0.004434145434061065,0.19497524027685403,tvm
197,197,1,64,64,64,32,4,4,1,[197; 197; 1; 64; 64; 64; 32; 4; 4; 1],0.005032463246607222,0.17179431404917492,tvm
197,197,1,192,192,64,6,6,4,1,[197; 197; 1; 192; 192; 64; 6; 6; 4; 1],0.005629984341794625,0.1535614522069854,tvm
197,197,1,192,64,64,8,2,4,1,[197; 197; 1; 192; 64; 64; 8; 2; 4; 1],0.003252334747230634,0.26582398142280256,tvm
197,197,1,256,256,128,6,6,8,1,[197; 197; 1; 256; 256; 128; 6; 6; 8; 1],0.0038435083188232966,0.22493734882646382,tvm
197,197,1,48,48,48,96,24,3,0,[197; 197; 1; 48; 48; 48; 96; 24; 3; 0],0.008233610627939925,0.10500236293598987,tvm
197,197,1,32,32,16,8,1,1,0,[197; 197; 1; 32; 32; 16; 8; 1; 1; 0],0.007118884183000773,0.12144439341955192,tvm
197,197,1,96,96,48,8,8,3,1,[197; 197; 1; 96; 96; 48; 8; 8; 3; 1],0.006647796311881393,0.13005040029331094,tvm
197,197,1,32,32,32,12,12,2,0,[197; 197; 1; 32; 32; 32; 12; 12; 2; 0],0.006735826245858334,0.12835078279522982,tvm
197,197,1,96,32,32,12,3,2,1,[197; 197; 1; 96; 32; 32; 12; 3; 2; 1],0.007616885312017985,0.11350421281314023,tvm
197,197,1,384,128,128,64,16,8,1,[197; 197; 1; 384; 128; 128; 64; 16; 8; 1],0.010320111556211486,0.08377318081491235,tvm
197,197,1,384,384,128,64,16,8,1,[197; 197; 1; 384; 384; 128; 64; 16; 8; 1],0.010621355060720816,0.0813972008737178,tvm
197,197,1,384,128,128,32,8,8,0,[197; 197; 1; 384; 128; 128; 32; 8; 8; 0],0.013511173252481967,0.0639876756276333,tvm
197,197,1,384,384,48,6,3,3,1,[197; 197; 1; 384; 384; 48; 6; 3; 3; 1],0.007025430997600779,0.12305986233781517,tvm
197,197,1,96,96,32,384,1,2,1,[197; 197; 1; 96; 96; 32; 384; 1; 2; 1],0.0073747207497945055,0.11723136383878152,tvm
197,197,1,384,64,64,24,4,4,0,[197; 197; 1; 384; 64; 64; 24; 4; 4; 0],0.008110201815725304,0.10660013043722931,tvm
197,197,1,128,128,32,128,1,2,0,[197; 197; 1; 128; 128; 32; 128; 1; 2; 0],0.009124893564148806,0.09474615406204125,tvm
197,197,1,64,32,32,384,8,2,0,[197; 197; 1; 64; 32; 32; 384; 8; 2; 0],0.009358432929730043,0.09238176710996747,tvm
197,197,1,256,128,32,24,8,2,1,[197; 197; 1; 256; 128; 32; 24; 8; 2; 1],0.005637537316943053,0.15335571594892283,tvm
197,197,1,128,64,16,12,2,1,0,[197; 197; 1; 128; 64; 16; 12; 2; 1; 0],0.008000153247849084,0.10806650130871097,tvm
197,197,1,256,256,64,128,16,4,1,[197; 197; 1; 256; 256; 64; 128; 16; 4; 1],0.006688165114610456,0.12926543478119948,tvm
197,197,1,64,32,32,48,12,2,0,[197; 197; 1; 64; 32; 32; 48; 12; 2; 0],0.008339503678143956,0.10366906770415692,tvm
197,197,1,192,192,64,256,16,4,1,[197; 197; 1; 192; 192; 64; 256; 16; 4; 1],0.005202806190936826,0.16616966684913154,tvm
197,197,1,256,128,64,64,8,4,1,[197; 197; 1; 256; 128; 64; 64; 8; 4; 1],0.013889513502363116,0.062244697863714234,tvm
197,197,1,192,192,192,384,64,12,1,[197; 197; 1; 192; 192; 192; 384; 64; 12; 1],0.015195879619568586,0.05689361807757701,tvm
197,197,1,128,128,32,8,2,2,0,[197; 197; 1; 128; 128; 32; 8; 2; 2; 0],0.010473130125319585,0.08254920554633993,tvm
197,197,1,192,64,16,1,1,1,1,[197; 197; 1; 192; 64; 16; 1; 1; 1; 1],0.013027566485106945,0.06636301356948893,tvm
197,197,1,384,192,192,32,8,12,1,[197; 197; 1; 384; 192; 192; 32; 8; 12; 1],0.013275964360218495,0.06512133868174551,tvm
197,197,1,256,128,128,24,1,8,0,[197; 197; 1; 256; 128; 128; 24; 1; 8; 0],0.0053054424352012575,0.16295503758411348,tvm
197,197,1,384,192,96,3,3,6,1,[197; 197; 1; 384; 192; 96; 3; 3; 6; 1],0.008463691745419055,0.10214792757504494,tvm
197,197,1,192,96,96,6,1,6,0,[197; 197; 1; 192; 96; 96; 6; 1; 6; 0],0.00616102874482749,0.14032535916252714,tvm
197,197,1,192,96,48,48,4,3,1,[197; 197; 1; 192; 96; 48; 48; 4; 3; 1],0.007356647620326839,0.11751936697902643,tvm
197,197,1,384,384,128,6,3,8,1,[197; 197; 1; 384; 384; 128; 6; 3; 8; 1],0.007209899617009796,0.11991131879130526,tvm
197,197,1,64,32,32,128,16,2,1,[197; 197; 1; 64; 32; 32; 128; 16; 2; 1],0.013298475503688678,0.06501110380575324,tvm
197,197,1,256,16,16,12,12,1,1,[197; 197; 1; 256; 16; 16; 12; 12; 1; 1],0.00758013324229978,0.11405453489974156,tvm
197,197,1,256,64,64,16,8,4,0,[197; 197; 1; 256; 64; 64; 16; 8; 4; 0],0.007761853616102599,0.11138429223078812,tvm
197,197,1,64,64,64,4,1,4,0,[197; 197; 1; 64; 64; 64; 4; 1; 4; 0],0.009390403749421239,0.09206724167550903,tvm
197,197,1,128,128,64,96,48,4,0,[197; 197; 1; 128; 128; 64; 96; 48; 4; 0],0.007239371552714147,0.11942315229067631,tvm
197,197,1,96,48,48,512,4,3,0,[197; 197; 1; 96; 48; 48; 512; 4; 3; 0],0.008109468195470981,0.1066097739814072,tvm
197,197,1,192,48,48,384,1,3,0,[197; 197; 1; 192; 48; 48; 384; 1; 3; 0],0.010907776377280243,0.07925983642544558,tvm
197,197,1,96,16,16,24,4,1,1,[197; 197; 1; 96; 16; 16; 24; 4; 1; 1],0.010713495386880822,0.0806971525359736,tvm
197,197,1,96,32,32,48,8,2,1,[197; 197; 1; 96; 32; 32; 48; 8; 2; 1],0.009752254365594126,0.08865115069995423,tvm
197,197,1,256,128,16,12,1,1,1,[197; 197; 1; 256; 128; 16; 12; 1; 1; 1],0.007982085749972612,0.1083111104677794,tvm
197,197,1,192,96,48,32,32,3,1,[197; 197; 1; 192; 96; 48; 32; 32; 3; 1],0.004366609129647259,0.19799083127424572,tvm
197,197,1,256,64,16,4,4,1,1,[197; 197; 1; 256; 64; 16; 4; 4; 1; 1],0.0054237282238318585,0.15940116018899056,tvm
197,197,1,128,64,64,192,8,4,1,[197; 197; 1; 128; 64; 64; 192; 8; 4; 1],0.003633607251686044,0.23793121037707332,tvm
197,197,1,128,128,32,24,8,2,0,[197; 197; 1; 128; 128; 32; 24; 8; 2; 0],0.007041136617772281,0.1227853709366177,tvm
197,197,1,16,16,16,3,3,1,0,[197; 197; 1; 16; 16; 16; 3; 3; 1; 0],0.014828560000751168,0.05830293510528171,tvm
197,197,1,192,192,96,64,8,6,1,[197; 197; 1; 192; 192; 96; 64; 8; 6; 1],0.010379071318311617,0.08329729557819525,tvm
197,197,1,192,192,192,64,8,12,1,[197; 197; 1; 192; 192; 192; 64; 8; 12; 1],0.005168855030206032,0.16726113740398524,tvm
197,197,1,256,128,64,32,1,4,1,[197; 197; 1; 256; 128; 64; 32; 1; 4; 1],0.004853324971918482,0.1781353147441973,tvm
197,197,1,96,96,48,192,3,3,1,[197; 197; 1; 96; 96; 48; 192; 3; 3; 1],0.002685352046682965,0.32194980635648507,tvm
197,197,1,96,96,32,128,16,2,0,[197; 197; 1; 96; 96; 32; 128; 16; 2; 0],0.007050450250972062,0.12262317166330959,tvm
197,197,1,64,32,16,2,2,1,1,[197; 197; 1; 64; 32; 16; 2; 2; 1; 1],0.00664813224284444,0.13004382883013613,tvm
197,197,1,256,256,64,24,1,4,1,[197; 197; 1; 256; 256; 64; 24; 1; 4; 1],0.004484497912926599,0.19278603496201963,tvm
197,197,1,48,16,16,8,8,1,1,[197; 197; 1; 48; 16; 16; 8; 8; 1; 1],0.009581163874827325,0.09023419103601885,tvm
197,197,1,256,256,64,24,8,4,1,[197; 197; 1; 256; 256; 64; 24; 8; 4; 1],0.009216895065037534,0.09380041384088934,tvm
197,197,1,48,48,48,192,24,3,1,[197; 197; 1; 48; 48; 48; 192; 24; 3; 1],0.00817783799720928,0.10571847616981432,tvm
197,197,1,128,128,128,192,8,8,1,[197; 197; 1; 128; 128; 128; 192; 8; 8; 1],0.003403479218832217,0.2540190539859416,tvm
197,197,1,96,48,48,192,32,3,0,[197; 197; 1; 96; 48; 48; 192; 32; 3; 0],0.0028035132636432536,0.3083804106227282,tvm
197,197,1,48,16,16,12,2,1,1,[197; 197; 1; 48; 16; 16; 12; 2; 1; 1],0.004437482624780387,0.1948286099421873,tvm
197,197,1,192,192,64,32,4,4,1,[197; 197; 1; 192; 192; 64; 32; 4; 4; 1],0.003690323341288604,0.23427447718624145,tvm
197,197,1,32,32,32,4,1,2,0,[197; 197; 1; 32; 32; 32; 4; 1; 2; 0],0.005238400532107335,0.16504056269266904,tvm
197,197,1,96,96,96,192,48,6,1,[197; 197; 1; 96; 96; 96; 192; 48; 6; 1],0.005129733159265015,0.16853675319681605,tvm
197,197,1,96,96,96,96,48,6,1,[197; 197; 1; 96; 96; 96; 96; 48; 6; 1],0.005231777839071583,0.16524948077344045,tvm
197,197,1,64,32,16,12,12,1,1,[197; 197; 1; 64; 32; 16; 12; 12; 1; 1],0.008360706502571702,0.10340616204654972,tvm
197,197,1,128,64,32,4,1,2,1,[197; 197; 1; 128; 64; 32; 4; 1; 2; 1],0.00819469487760216,0.10550100819391899,tvm
197,197,1,96,96,96,24,3,6,0,[197; 197; 1; 96; 96; 96; 24; 3; 6; 0],0.006618458501179703,0.13062687803730588,tvm
197,197,1,192,96,16,6,1,1,1,[197; 197; 1; 192; 96; 16; 6; 1; 1; 1],0.006492784930742346,0.1331552763029414,tvm
197,197,1,96,48,48,24,2,3,0,[197; 197; 1; 96; 48; 48; 24; 2; 3; 0],0.004275786901416723,0.20219636557240847,tvm
197,197,1,48,48,16,16,2,1,1,[197; 197; 1; 48; 48; 16; 16; 2; 1; 1],0.00805404587299563,0.10734338803896212,tvm
197,197,1,256,128,128,8,1,8,1,[197; 197; 1; 256; 128; 128; 8; 1; 8; 1],0.007718921377090737,0.11200380586781153,tvm
197,197,1,64,64,64,24,8,4,1,[197; 197; 1; 64; 64; 64; 24; 8; 4; 1],0.009557288125506602,0.09045961156295519,tvm
197,197,1,32,32,32,6,6,2,1,[197; 197; 1; 32; 32; 32; 6; 6; 2; 1],0.006073670221667271,0.14234368015971172,tvm
197,197,1,16,16,16,128,2,1,0,[197; 197; 1; 16; 16; 16; 128; 2; 1; 0],0.0058948095684172586,0.146662680345194,tvm
197,197,1,256,64,64,64,4,4,1,[197; 197; 1; 256; 64; 64; 64; 4; 4; 1],0.012709728616755456,0.0680225831327997,tvm
197,197,1,192,192,96,384,48,6,1,[197; 197; 1; 192; 192; 96; 384; 48; 6; 1],0.009163578564766794,0.09434617331188598,tvm
197,197,1,192,192,48,384,48,3,1,[197; 197; 1; 192; 192; 48; 384; 48; 3; 1],0.010502181306947023,0.08232085755905647,tvm
197,197,1,192,192,64,32,1,4,0,[197; 197; 1; 192; 192; 64; 32; 1; 4; 0],0.006271190257393755,0.1378603639730537,tvm
197,197,1,384,192,96,12,2,6,1,[197; 197; 1; 384; 192; 96; 12; 2; 6; 1],0.005795387529360596,0.14917873344079147,tvm
197,197,1,256,128,64,96,1,4,1,[197; 197; 1; 256; 128; 64; 96; 1; 4; 1],0.013969029125291854,0.06189038362467502,tvm
197,197,1,128,64,64,512,8,4,0,[197; 197; 1; 128; 64; 64; 512; 8; 4; 0],0.010179691002122127,0.08492876367743793,tvm
197,197,1,192,48,48,48,16,3,0,[197; 197; 1; 192; 48; 48; 48; 16; 3; 0],0.006016626437485684,0.14369324411469722,tvm
197,197,1,384,192,64,8,8,4,1,[197; 197; 1; 384; 192; 64; 8; 8; 4; 1],0.007498885126551613,0.11529028073352243,tvm
197,197,1,384,128,128,12,4,8,1,[197; 197; 1; 384; 128; 128; 12; 4; 8; 1],0.00576480409654323,0.1499701563053953,tvm
197,197,1,48,16,16,64,2,1,0,[197; 197; 1; 48; 16; 16; 64; 2; 1; 0],0.010330960314604454,0.08368520883836855,tvm
197,197,1,96,16,16,12,4,1,0,[197; 197; 1; 96; 16; 16; 12; 4; 1; 0],0.003053841577639105,0.283101971549207,tvm
197,197,1,256,256,128,128,32,8,1,[197; 197; 1; 256; 256; 128; 128; 32; 8; 1],0.006842606249847449,0.12634784756873096,tvm
197,197,1,256,16,16,4,4,1,1,[197; 197; 1; 256; 16; 16; 4; 4; 1; 1],0.009454057872062549,0.09144735341459855,tvm
197,197,1,192,96,48,128,64,3,1,[197; 197; 1; 192; 96; 48; 128; 64; 3; 1],0.0057655131531646475,0.1499517126162529,tvm
197,197,1,256,64,64,32,32,4,0,[197; 197; 1; 256; 64; 64; 32; 32; 4; 0],0.005347271595383063,0.16168031789801723,tvm
197,197,1,192,48,48,96,4,3,1,[197; 197; 1; 192; 48; 48; 96; 4; 3; 1],0.005602356621238869,0.15431873225474724,tvm
197,197,1,64,32,16,24,24,1,0,[197; 197; 1; 64; 32; 16; 24; 24; 1; 0],0.006053941870050039,0.14280754423917608,tvm
197,197,1,64,32,32,48,6,2,0,[197; 197; 1; 64; 32; 32; 48; 6; 2; 0],0.009287583001423627,0.09308649745537143,tvm
197,197,1,128,32,32,96,3,2,1,[197; 197; 1; 128; 32; 32; 96; 3; 2; 1],0.004438809599378146,0.19477036625983915,tvm
197,197,1,192,48,48,384,12,3,0,[197; 197; 1; 192; 48; 48; 384; 12; 3; 0],0.011072595254518092,0.07808003016057131,tvm
197,197,1,128,32,16,12,4,1,0,[197; 197; 1; 128; 32; 16; 12; 4; 1; 0],0.004927131907606963,0.17546690197065784,tvm
197,197,1,96,32,32,96,12,2,0,[197; 197; 1; 96; 32; 32; 96; 12; 2; 0],0.006774168054107577,0.12762431704131472,tvm
197,197,1,256,256,16,16,2,1,1,[197; 197; 1; 256; 256; 16; 16; 2; 1; 1],0.012518422241555527,0.06906210341417142,tvm
197,197,1,128,128,64,256,32,4,0,[197; 197; 1; 128; 128; 64; 256; 32; 4; 0],0.007171599820139818,0.12055170298274062,tvm
197,197,1,64,64,32,192,6,2,0,[197; 197; 1; 64; 64; 32; 192; 6; 2; 0],0.009224928871844895,0.09371872492884274,tvm
197,197,1,96,32,32,128,32,2,1,[197; 197; 1; 96; 32; 32; 128; 32; 2; 1],0.00671679963124916,0.128714360840296,tvm
197,197,1,32,32,32,128,4,2,0,[197; 197; 1; 32; 32; 32; 128; 4; 2; 0],0.006870373617857695,0.12583719889430892,tvm
197,197,1,96,32,16,8,2,1,0,[197; 197; 1; 96; 32; 16; 8; 2; 1; 0],0.008808732745819725,0.09814675917359983,tvm
197,197,1,96,96,32,8,8,2,0,[197; 197; 1; 96; 96; 32; 8; 8; 2; 0],0.008454661612631753,0.10225702825727358,tvm
197,197,1,64,16,16,12,2,1,1,[197; 197; 1; 64; 16; 16; 12; 2; 1; 1],0.0073922984302043915,0.11695260676924095,tvm
197,197,1,128,32,32,32,32,2,0,[197; 197; 1; 128; 32; 32; 32; 32; 2; 0],0.0038318019433063455,0.2256245453757922,tvm
197,197,1,32,16,16,24,8,1,1,[197; 197; 1; 32; 16; 16; 24; 8; 1; 1],0.01696745600202121,0.05095334099145942,tvm
197,197,1,128,32,32,96,32,2,0,[197; 197; 1; 128; 32; 32; 96; 32; 2; 0],0.01349617398227565,0.0640587897402606,tvm
197,197,1,128,128,128,12,2,8,0,[197; 197; 1; 128; 128; 128; 12; 2; 8; 0],0.007650841187569313,0.11300045971850059,tvm
197,197,1,128,64,64,256,32,4,0,[197; 197; 1; 128; 64; 64; 256; 32; 4; 0],0.006938958074897528,0.12459342773033526,tvm
197,197,1,32,16,16,12,12,1,0,[197; 197; 1; 32; 16; 16; 12; 12; 1; 0],0.0061431455906131305,0.1407338567312521,tvm
197,197,1,64,64,32,12,6,2,0,[197; 197; 1; 64; 64; 32; 12; 6; 2; 0],0.01107191137271002,0.07808485295136172,tvm
197,197,1,96,96,32,96,24,2,1,[197; 197; 1; 96; 96; 32; 96; 24; 2; 1],0.012697142374236137,0.06809001159054758,tvm
197,197,1,64,64,32,3,3,2,1,[197; 197; 1; 64; 64; 32; 3; 3; 2; 1],0.0029752262962574605,0.2905824583884889,tvm
197,197,1,128,128,128,24,4,8,0,[197; 197; 1; 128; 128; 128; 24; 4; 8; 0],0.003747579627088271,0.23069518394737704,tvm
197,197,1,64,64,64,96,4,4,1,[197; 197; 1; 64; 64; 64; 96; 4; 4; 1],0.003649944279459305,0.23686623828587425,tvm
197,197,1,96,96,48,128,64,3,0,[197; 197; 1; 96; 96; 48; 128; 64; 3; 0],0.008002852875506505,0.10803004689422753,tvm
197,197,1,128,32,32,24,8,2,1,[197; 197; 1; 128; 32; 32; 24; 8; 2; 1],0.0055675425319350325,0.15528369410194562,tvm
197,197,1,256,64,64,16,16,4,1,[197; 197; 1; 256; 64; 64; 16; 16; 4; 1],0.009235198696842417,0.09361450682421883,tvm
197,197,1,48,48,48,256,32,3,1,[197; 197; 1; 48; 48; 48; 256; 32; 3; 1],0.005537100907531567,0.15613740581332228,tvm
197,197,1,48,48,48,3,1,3,1,[197; 197; 1; 48; 48; 48; 3; 1; 3; 1],0.0070645848754793406,0.12237783063932836,tvm
197,197,1,96,96,48,32,8,3,1,[197; 197; 1; 96; 96; 48; 32; 8; 3; 1],0.003472139811492525,0.24899589831232596,tvm
197,197,1,256,32,32,8,4,2,1,[197; 197; 1; 256; 32; 32; 8; 4; 2; 1],0.004069655813509598,0.21243776158136582,tvm
197,197,1,96,96,48,8,8,3,1,[197; 197; 1; 96; 96; 48; 8; 8; 3; 1],0.004641646031814162,0.18625904808399776,tvm
197,197,1,96,96,48,48,6,3,0,[197; 197; 1; 96; 96; 48; 48; 6; 3; 0],0.007627240498550236,0.11335011287409939,tvm
197,197,1,96,48,16,6,6,1,1,[197; 197; 1; 96; 48; 16; 6; 6; 1; 1],0.0030133691725495737,0.2869042994480121,tvm
197,197,1,32,32,16,16,2,1,0,[197; 197; 1; 32; 32; 16; 16; 2; 1; 0],0.005763539535109885,0.15000306082086903,tvm
197,197,1,96,96,96,64,1,6,1,[197; 197; 1; 96; 96; 96; 64; 1; 6; 1],0.0052722816544701345,0.16397996694572622,tvm
197,197,1,128,128,128,192,6,8,1,[197; 197; 1; 128; 128; 128; 192; 6; 8; 1],0.007430790632497519,0.11634678114164455,tvm
197,197,1,64,64,64,8,2,4,1,[197; 197; 1; 64; 64; 64; 8; 2; 4; 1],0.0017825130780693144,0.48501667789444,tvm
197,197,1,96,48,48,32,1,3,1,[197; 197; 1; 96; 48; 48; 32; 1; 3; 1],0.002248274875455536,0.38453864376943686,tvm
197,197,1,128,128,128,48,12,8,1,[197; 197; 1; 128; 128; 128; 48; 12; 8; 1],0.007015073933871463,0.12324154806896614,tvm
197,197,1,128,64,64,24,2,4,1,[197; 197; 1; 128; 64; 64; 24; 2; 4; 1],0.004430552093253937,0.19513337237247555,tvm
197,197,1,48,48,48,16,2,3,0,[197; 197; 1; 48; 48; 48; 16; 2; 3; 0],0.007562996237538755,0.11431297124510055,tvm
197,197,1,32,32,32,4,1,2,1,[197; 197; 1; 32; 32; 32; 4; 1; 2; 1],0.008307026117108762,0.10407437742948558,tvm
197,197,1,192,64,64,8,2,4,1,[197; 197; 1; 192; 64; 64; 8; 2; 4; 1],0.006479774558101781,0.13342263124688658,tvm
197,197,1,192,96,96,16,16,6,1,[197; 197; 1; 192; 96; 96; 16; 16; 6; 1],0.008199956253520213,0.10543331509328768,tvm
197,197,1,384,192,192,8,1,12,1,[197; 197; 1; 384; 192; 192; 8; 1; 12; 1],0.006046948903531302,0.14297269337329635,tvm
197,197,1,96,96,32,96,8,2,0,[197; 197; 1; 96; 96; 32; 96; 8; 2; 0],0.0038077271819929592,0.22705108063337348,tvm
197,197,1,48,16,16,32,1,1,1,[197; 197; 1; 48; 16; 16; 32; 1; 1; 1],0.010166513427975588,0.08503884616426706,tvm
197,197,1,192,64,64,384,24,4,0,[197; 197; 1; 192; 64; 64; 384; 24; 4; 0],0.010219878371572122,0.0845948004462971,tvm
197,197,1,128,128,64,256,1,4,1,[197; 197; 1; 128; 128; 64; 256; 1; 4; 1],0.0033300397190032527,0.25962109896014934,tvm
197,197,1,256,128,128,32,8,8,0,[197; 197; 1; 256; 128; 128; 32; 8; 8; 0],0.005901995369640645,0.14648411550367096,tvm
197,197,1,192,48,48,192,64,3,1,[197; 197; 1; 192; 48; 48; 192; 64; 3; 1],0.016974995261989534,0.05093071061789758,tvm
197,197,1,48,48,48,512,8,3,0,[197; 197; 1; 48; 48; 48; 512; 8; 3; 0],0.008144119012285955,0.10615618093551203,tvm
197,197,1,64,16,16,12,12,1,1,[197; 197; 1; 64; 16; 16; 12; 12; 1; 1],0.003802122031629551,0.22738580304273784,tvm
197,197,1,128,128,64,2,2,4,1,[197; 197; 1; 128; 128; 64; 2; 2; 4; 1],0.007244014879688621,0.11934660347712227,tvm
197,197,1,32,16,16,32,4,1,1,[197; 197; 1; 32; 16; 16; 32; 4; 1; 1],0.006924532994162291,0.12485297884455554,tvm
197,197,1,256,64,64,24,6,4,0,[197; 197; 1; 256; 64; 64; 24; 6; 4; 0],0.009050376000232063,0.09552626005885316,tvm
197,197,1,128,64,32,12,6,2,0,[197; 197; 1; 128; 64; 32; 12; 6; 2; 0],0.00454802190506598,0.19009331737509058,tvm
197,197,1,32,32,16,32,16,1,1,[197; 197; 1; 32; 32; 16; 32; 16; 1; 1],0.00966831305413507,0.08942082932025149,tvm
197,197,1,128,64,32,384,32,2,0,[197; 197; 1; 128; 64; 32; 384; 32; 2; 0],0.004756202128191944,0.1817728826754524,tvm
197,197,1,128,128,64,8,2,4,0,[197; 197; 1; 128; 128; 64; 8; 2; 4; 0],0.009367865000967868,0.09228875216917068,tvm
197,197,1,48,16,16,24,2,1,1,[197; 197; 1; 48; 16; 16; 24; 2; 1; 1],0.0030739634385099635,0.2812488140222131,tvm
197,197,1,192,192,48,48,12,3,1,[197; 197; 1; 192; 192; 48; 48; 12; 3; 1],0.005487719965458382,0.15754239955215293,tvm
197,197,1,96,96,96,6,1,6,0,[197; 197; 1; 96; 96; 96; 6; 1; 6; 0],0.007833116120309569,0.1103709632475618,tvm
197,197,1,128,128,16,24,24,1,1,[197; 197; 1; 128; 128; 16; 24; 24; 1; 1],0.009326348488684744,0.0926995782408829,tvm
197,197,1,128,32,32,192,8,2,1,[197; 197; 1; 128; 32; 32; 192; 8; 2; 1],0.009034792688908055,0.09569102481897243,tvm
197,197,1,192,192,64,48,8,4,1,[197; 197; 1; 192; 192; 64; 48; 8; 4; 1],0.005333607594366185,0.16209452160331064,tvm
197,197,1,96,32,32,192,64,2,0,[197; 197; 1; 96; 32; 32; 192; 64; 2; 0],0.010322774876840413,0.08375156697141803,tvm
197,197,1,256,256,32,16,2,2,1,[197; 197; 1; 256; 256; 32; 16; 2; 2; 1],0.005458470775920432,0.15838658974642716,tvm
197,197,1,32,32,16,32,32,1,0,[197; 197; 1; 32; 32; 16; 32; 32; 1; 0],0.004395950592879672,0.1966693103486926,tvm
197,197,1,192,48,48,32,1,3,0,[197; 197; 1; 192; 48; 48; 32; 1; 3; 0],0.004546276373730507,0.19016630322435824,tvm
197,197,1,96,32,32,192,1,2,1,[197; 197; 1; 96; 32; 32; 192; 1; 2; 1],0.006745924751157872,0.1281586444141969,tvm
197,197,1,256,64,16,6,6,1,1,[197; 197; 1; 256; 64; 16; 6; 6; 1; 1],0.0037950146215735003,0.22781165756618604,tvm
197,197,1,192,96,16,16,1,1,1,[197; 197; 1; 192; 96; 16; 16; 1; 1; 1],0.006282590940827504,0.13761019610719688,tvm
197,197,1,192,48,48,32,8,3,1,[197; 197; 1; 192; 48; 48; 32; 8; 3; 1],0.008514959743479267,0.1015329017956474,tvm
197,197,1,96,96,48,384,2,3,0,[197; 197; 1; 96; 96; 48; 384; 2; 3; 0],0.00810620837728493,0.10665264587216802,tvm
197,197,1,96,96,32,192,64,2,1,[197; 197; 1; 96; 96; 32; 192; 64; 2; 1],0.013516952138161287,0.06396031905652483,tvm
197,197,1,96,96,32,192,24,2,1,[197; 197; 1; 96; 96; 32; 192; 24; 2; 1],0.0033800962773966603,0.25577631537005924,tvm
197,197,1,192,48,48,24,24,3,1,[197; 197; 1; 192; 48; 48; 24; 24; 3; 1],0.0071479393081972376,0.12095074316553156,tvm
197,197,1,192,32,32,24,4,2,0,[197; 197; 1; 192; 32; 32; 24; 4; 2; 0],0.0086439739970956,0.1000174886827589,tvm
197,197,1,128,64,64,128,2,4,0,[197; 197; 1; 128; 64; 64; 128; 2; 4; 0],0.0037663749026251025,0.2295439497608151,tvm
197,197,1,96,96,96,384,8,6,0,[197; 197; 1; 96; 96; 96; 384; 8; 6; 0],0.00542521094030235,0.15935759566620458,tvm
197,197,1,256,256,32,6,6,2,1,[197; 197; 1; 256; 256; 32; 6; 6; 2; 1],0.004138070748012979,0.20892551724585928,tvm
197,197,1,48,48,48,256,2,3,1,[197; 197; 1; 48; 48; 48; 256; 2; 3; 1],0.007610650864080526,0.11359719252251116,tvm
197,197,1,192,48,16,3,1,1,1,[197; 197; 1; 192; 48; 16; 3; 1; 1; 1],0.009501123437075876,0.0909943521052338,tvm
197,197,1,16,16,16,24,4,1,0,[197; 197; 1; 16; 16; 16; 24; 4; 1; 0],0.0029701271560043097,0.2910813328920376,tvm
197,197,1,256,64,32,12,2,2,1,[197; 197; 1; 256; 64; 32; 12; 2; 2; 1],0.004816321190446615,0.17950392784090927,tvm
197,197,1,128,64,64,64,32,4,1,[197; 197; 1; 128; 64; 64; 64; 32; 4; 1],0.0036053075309609994,0.2397988421248838,tvm
197,197,1,96,96,96,48,48,6,0,[197; 197; 1; 96; 96; 96; 48; 48; 6; 0],0.003926327379303984,0.22019268591449676,tvm
197,197,1,128,64,32,4,1,2,1,[197; 197; 1; 128; 64; 32; 4; 1; 2; 1],0.006851774058304727,0.1261787916635533,tvm
197,197,1,96,96,32,12,12,2,1,[197; 197; 1; 96; 96; 32; 12; 12; 2; 1],0.0065680653060553595,0.13162910707229264,tvm
197,197,1,96,96,96,128,1,6,0,[197; 197; 1; 96; 96; 96; 128; 1; 6; 0],0.00811001799593214,0.10660254661114385,tvm
197,197,1,32,32,32,24,1,2,0,[197; 197; 1; 32; 32; 32; 24; 1; 2; 0],0.006510547682410106,0.13279198826304098,tvm
197,197,1,48,48,48,24,12,3,0,[197; 197; 1; 48; 48; 48; 24; 12; 3; 0],0.0059227328456472605,0.14597122543927438,tvm
197,197,1,96,32,32,12,3,2,0,[197; 197; 1; 96; 32; 32; 12; 3; 2; 0],0.0051127525002812035,0.1690965035723949,tvm
197,197,1,192,96,16,6,3,1,1,[197; 197; 1; 192; 96; 16; 6; 3; 1; 1],0.00672693268279545,0.1285204731778732,tvm
197,197,1,192,192,16,12,3,1,1,[197; 197; 1; 192; 192; 16; 12; 3; 1; 1],0.008869937635608949,0.09746952086312131,tvm
197,197,1,128,64,16,4,4,1,1,[197; 197; 1; 128; 64; 16; 4; 4; 1; 1],0.006872714817291126,0.12579433228532133,tvm
197,197,1,192,96,96,12,2,6,1,[197; 197; 1; 192; 96; 96; 12; 2; 6; 1],0.008721988822799176,0.09912287082604963,tvm
197,197,1,96,96,48,64,2,3,1,[197; 197; 1; 96; 96; 48; 64; 2; 3; 1],0.005531299153517466,0.1563011776137234,tvm
197,197,1,192,192,96,6,6,6,1,[197; 197; 1; 192; 192; 96; 6; 6; 6; 1],0.006495436071418226,0.1331009283938352,tvm
197,197,1,192,64,32,8,2,2,1,[197; 197; 1; 192; 64; 32; 8; 2; 2; 1],0.0026971623265126254,0.32054005905770405,tvm
197,197,1,96,32,32,3,3,2,1,[197; 197; 1; 96; 32; 32; 3; 3; 2; 1],0.0024001648744160775,0.3602038262637697,tvm
197,197,1,192,192,192,24,6,12,1,[197; 197; 1; 192; 192; 192; 24; 6; 12; 1],0.0087869526760187,0.0983900338723904,tvm
197,197,1,96,96,48,16,4,3,1,[197; 197; 1; 96; 96; 48; 16; 4; 3; 1],0.005375459062634036,0.16083250962475618,tvm
197,197,1,192,192,192,8,1,12,1,[197; 197; 1; 192; 192; 192; 8; 1; 12; 1],0.0042304867165512405,0.2043614906167026,tvm
197,197,1,48,48,48,32,2,3,1,[197; 197; 1; 48; 48; 48; 32; 2; 3; 1],0.004415495561261196,0.19579876356655895,tvm
197,197,1,32,32,32,16,4,2,1,[197; 197; 1; 32; 32; 32; 16; 4; 2; 1],0.005285385690513067,0.16357341205588485,tvm
197,197,1,48,48,48,32,4,3,1,[197; 197; 1; 48; 48; 48; 32; 4; 3; 1],0.004233067935274448,0.2042368761021358,tvm
197,197,1,64,32,32,96,16,2,0,[197; 197; 1; 64; 32; 32; 96; 16; 2; 0],0.00458731286926195,0.1884651420271816,tvm
197,197,1,96,32,32,2,1,2,0,[197; 197; 1; 96; 32; 32; 2; 1; 2; 0],0.011283941435976885,0.07661760532291567,tvm
197,197,1,32,32,16,96,6,1,1,[197; 197; 1; 32; 32; 16; 96; 6; 1; 1],0.00798951563774608,0.10821038603943064,tvm
197,197,1,32,32,32,128,8,2,1,[197; 197; 1; 32; 32; 32; 128; 8; 2; 1],0.006772225315216929,0.12766092845227167,tvm
197,197,1,192,192,96,16,2,6,0,[197; 197; 1; 192; 192; 96; 16; 2; 6; 0],0.0087718006252544,0.09855998880543386,tvm
197,197,1,384,64,32,6,2,2,1,[197; 197; 1; 384; 64; 32; 6; 2; 2; 1],0.005506815941771492,0.15699609004009202,tvm
197,197,1,384,96,96,16,1,6,1,[197; 197; 1; 384; 96; 96; 16; 1; 6; 1],0.0065324866300215945,0.13234601467920853,tvm
197,197,1,256,64,64,4,1,4,0,[197; 197; 1; 256; 64; 64; 4; 1; 4; 0],0.016021141491364688,0.053962982094288264,tvm
197,197,1,128,128,128,4,4,8,0,[197; 197; 1; 128; 128; 128; 4; 4; 8; 0],0.014250278880354017,0.060668887864396205,tvm
197,197,1,256,128,128,48,48,8,1,[197; 197; 1; 256; 128; 128; 48; 48; 8; 1],0.007025366750895046,0.12306098771547068,tvm
197,197,1,192,16,16,12,4,1,0,[197; 197; 1; 192; 16; 16; 12; 4; 1; 0],0.006089411719585769,0.14197571312970478,tvm
197,197,1,192,192,64,256,8,4,1,[197; 197; 1; 192; 192; 64; 256; 8; 4; 1],0.004960052094247658,0.17430231679042604,tvm
197,197,1,384,384,96,4,4,6,1,[197; 197; 1; 384; 384; 96; 4; 4; 6; 1],0.0075256470736349,0.11488029706540477,tvm
197,197,1,384,48,48,8,4,3,1,[197; 197; 1; 384; 48; 48; 8; 4; 3; 1],0.00704488625342492,0.12272001851105334,tvm
197,197,1,96,48,16,32,1,1,1,[197; 197; 1; 96; 48; 16; 32; 1; 1; 1],0.016514690476469696,0.052350273997589555,tvm
197,197,1,128,64,16,12,12,1,0,[197; 197; 1; 128; 64; 16; 12; 12; 1; 0],0.00815795999369584,0.10597607393228962,tvm
197,197,1,128,64,64,384,3,4,0,[197; 197; 1; 128; 64; 64; 384; 3; 4; 0],0.0035279210278531536,0.24505893544750781,tvm
197,197,1,128,128,32,32,4,2,0,[197; 197; 1; 128; 128; 32; 32; 4; 2; 0],0.0038777365916757844,0.22295185631857273,tvm
197,197,1,64,32,32,192,8,2,0,[197; 197; 1; 64; 32; 32; 192; 8; 2; 0],0.013708486483665183,0.06306666840710343,tvm
197,197,1,384,192,96,8,1,6,1,[197; 197; 1; 384; 192; 96; 8; 1; 6; 1],0.007873180744354613,0.10980931335133992,tvm
197,197,1,96,32,32,96,16,2,1,[197; 197; 1; 96; 32; 32; 96; 16; 2; 1],0.013364631246076897,0.0646892948641852,tvm
197,197,1,384,384,192,12,12,12,1,[197; 197; 1; 384; 384; 192; 12; 12; 12; 1],0.0057971839341917075,0.14913250661747618,tvm
197,197,1,96,96,32,6,2,2,0,[197; 197; 1; 96; 96; 32; 6; 2; 2; 0],0.007974290696438402,0.10841698708258894,tvm
197,197,1,64,64,32,8,1,2,0,[197; 197; 1; 64; 64; 32; 8; 1; 2; 0],0.0068365748156793416,0.12645931548145609,tvm
197,197,1,128,64,32,48,48,2,0,[197; 197; 1; 128; 64; 32; 48; 48; 2; 0],0.005489060029503889,0.15750393815727878,tvm
197,197,1,64,64,64,384,24,4,0,[197; 197; 1; 64; 64; 64; 384; 24; 4; 0],0.003618660877691582,0.23891395205291652,tvm
197,197,1,128,128,16,24,1,1,1,[197; 197; 1; 128; 128; 16; 24; 1; 1; 1],0.009312472568126395,0.09283770396142091,tvm
197,197,1,128,128,128,6,6,8,0,[197; 197; 1; 128; 128; 128; 6; 6; 8; 0],0.009066258498933166,0.09535891476404555,tvm
197,197,1,192,96,96,12,6,6,0,[197; 197; 1; 192; 96; 96; 12; 6; 6; 0],0.007049493186059408,0.12263981943244417,tvm
197,197,1,128,128,32,48,16,2,1,[197; 197; 1; 128; 128; 32; 48; 16; 2; 1],0.008172772300895303,0.10578400322420124,tvm
197,197,1,64,32,16,6,1,1,0,[197; 197; 1; 64; 32; 16; 6; 1; 1; 0],0.006813171188696288,0.1268937103566312,tvm
197,197,1,96,96,32,32,4,2,0,[197; 197; 1; 96; 96; 32; 32; 4; 2; 0],0.007884279315476306,0.10965473657579852,tvm
197,197,1,128,128,64,384,4,4,1,[197; 197; 1; 128; 128; 64; 384; 4; 4; 1],0.0066269998787902296,0.13045851625794752,tvm
197,197,1,128,128,32,192,4,2,1,[197; 197; 1; 128; 128; 32; 192; 4; 2; 1],0.008982458821265027,0.0962485427021211,tvm
197,197,1,192,96,96,96,1,6,1,[197; 197; 1; 192; 96; 96; 96; 1; 6; 1],0.005157012499694247,0.16764523480984958,tvm
197,197,1,128,128,32,128,2,2,1,[197; 197; 1; 128; 128; 32; 128; 2; 2; 1],0.008769583306275308,0.09858490891008706,tvm
197,197,1,192,96,96,24,1,6,0,[197; 197; 1; 192; 96; 96; 24; 1; 6; 0],0.00656246836297214,0.1317413698032698,tvm
197,197,1,128,64,64,384,24,4,1,[197; 197; 1; 128; 64; 64; 384; 24; 4; 1],0.013422872638329864,0.06440861019270928,tvm
197,197,1,32,32,16,1,1,1,1,[197; 197; 1; 32; 32; 16; 1; 1; 1; 1],0.008644613626529463,0.1000100882213356,tvm
197,197,1,64,32,32,8,1,2,0,[197; 197; 1; 64; 32; 32; 8; 1; 2; 0],0.008871201876900159,0.09745563041235494,tvm
197,197,1,16,16,16,24,12,1,0,[197; 197; 1; 16; 16; 16; 24; 12; 1; 0],0.0032346478110412136,0.2672774972525613,tvm
197,197,1,256,64,16,8,1,1,1,[197; 197; 1; 256; 64; 16; 8; 1; 1; 1],0.00881153013324365,0.09811560062273982,tvm
197,197,1,16,16,16,32,2,1,0,[197; 197; 1; 16; 16; 16; 32; 2; 1; 0],0.007103794123395346,0.12170236867947824,tvm
197,197,1,192,192,16,12,1,1,1,[197; 197; 1; 192; 192; 16; 12; 1; 1; 1],0.012108365379390307,0.07140093186319953,tvm
197,197,1,32,32,16,24,12,1,0,[197; 197; 1; 32; 32; 16; 24; 12; 1; 0],0.009234753699274734,0.09361901785171273,tvm
197,197,1,128,64,16,16,2,1,1,[197; 197; 1; 128; 64; 16; 16; 2; 1; 1],0.0031359460263047367,0.2756898760937279,tvm
197,197,1,256,128,64,32,4,4,1,[197; 197; 1; 256; 128; 64; 32; 4; 4; 1],0.006887547438964248,0.12552342892589682,tvm
197,197,1,48,48,48,384,32,3,1,[197; 197; 1; 48; 48; 48; 384; 32; 3; 1],0.008044699687161483,0.1074680976355528,tvm
197,197,1,192,96,48,8,1,3,1,[197; 197; 1; 192; 96; 48; 8; 1; 3; 1],0.002760278388450388,0.31321064391404607,tvm
197,197,1,48,48,48,96,24,3,1,[197; 197; 1; 48; 48; 48; 96; 24; 3; 1],0.0027784536250692327,0.31116177849001486,tvm
197,197,1,256,128,128,6,3,8,1,[197; 197; 1; 256; 128; 128; 6; 3; 8; 1],0.01063196180621162,0.08131599672634897,tvm
197,197,1,256,64,32,12,2,2,1,[197; 197; 1; 256; 64; 32; 12; 2; 2; 1],0.00432196168549126,0.2000361489392291,tvm
197,197,1,128,32,16,16,4,1,1,[197; 197; 1; 128; 32; 16; 16; 4; 1; 1],0.007156332751037553,0.12080888375449364,tvm
197,197,1,96,96,96,48,48,6,1,[197; 197; 1; 96; 96; 96; 48; 48; 6; 1],0.0044867449687444605,0.19268948367941238,tvm
197,197,1,128,64,16,12,1,1,1,[197; 197; 1; 128; 64; 16; 12; 1; 1; 1],0.01002558869367931,0.08623419510254106,tvm
197,197,1,64,64,16,6,1,1,1,[197; 197; 1; 64; 64; 16; 6; 1; 1; 1],0.0039855443756096065,0.21692107525369977,tvm
197,197,1,96,32,32,24,4,2,0,[197; 197; 1; 96; 32; 32; 24; 4; 2; 0],0.004619061095581856,0.1871697631918128,tvm
197,197,1,48,16,16,24,4,1,0,[197; 197; 1; 48; 16; 16; 24; 4; 1; 0],0.0038350308750523254,0.22543457917187573,tvm
197,197,1,64,64,64,64,4,4,1,[197; 197; 1; 64; 64; 64; 64; 4; 4; 1],0.0071313880616799,0.12123145788043327,tvm
197,197,1,32,32,32,16,1,2,1,[197; 197; 1; 32; 32; 32; 16; 1; 2; 1],0.00432028024806641,0.20011400228388188,tvm
197,197,1,64,64,64,48,2,4,1,[197; 197; 1; 64; 64; 64; 48; 2; 4; 1],0.007311829438549466,0.11823970713409886,tvm
197,197,1,128,64,64,32,2,4,1,[197; 197; 1; 128; 64; 64; 32; 2; 4; 1],0.007522259693359956,0.11493202929323552,tvm
197,197,1,96,32,16,6,1,1,1,[197; 197; 1; 96; 32; 16; 6; 1; 1; 1],0.004707582556875423,0.18365021982798763,tvm
197,197,1,192,192,192,6,3,12,1,[197; 197; 1; 192; 192; 192; 6; 3; 12; 1],0.0059404329003882594,0.1455362910289022,tvm
197,197,1,48,48,16,192,2,1,0,[197; 197; 1; 48; 48; 16; 192; 2; 1; 0],0.006411534806829877,0.13484268548423264,tvm
197,197,1,192,96,96,96,24,6,0,[197; 197; 1; 192; 96; 96; 96; 24; 6; 0],0.009647208382375538,0.08961645039284245,tvm
197,197,1,192,96,32,48,6,2,1,[197; 197; 1; 192; 96; 32; 48; 6; 2; 1],0.006191467880853452,0.1396354770897074,tvm
197,197,1,384,192,32,4,4,2,1,[197; 197; 1; 384; 192; 32; 4; 4; 2; 1],0.007480453379685059,0.11557435459412896,tvm
197,197,1,32,32,32,384,32,2,1,[197; 197; 1; 32; 32; 32; 384; 32; 2; 1],0.010370523072197102,0.08336595612485416,tvm
197,197,1,384,128,128,24,3,8,1,[197; 197; 1; 384; 128; 128; 24; 3; 8; 1],0.005168479656276759,0.16727328516784182,tvm
197,197,1,32,16,16,192,2,1,0,[197; 197; 1; 32; 16; 16; 192; 2; 1; 0],0.014088475872995332,0.061365656528236,tvm
197,197,1,64,32,32,96,32,2,1,[197; 197; 1; 64; 32; 32; 96; 32; 2; 1],0.013230239361291751,0.06534640438615315,tvm
197,197,1,128,16,16,24,4,1,1,[197; 197; 1; 128; 16; 16; 24; 4; 1; 1],0.004110783032956533,0.2103123819713676,tvm
197,197,1,384,64,16,8,8,1,1,[197; 197; 1; 384; 64; 16; 8; 8; 1; 1],0.014515805756673217,0.05955911686343147,tvm
197,197,1,16,16,16,64,16,1,0,[197; 197; 1; 16; 16; 16; 64; 16; 1; 0],0.00459702147054486,0.1880671162769447,tvm
197,197,1,192,32,32,3,3,2,0,[197; 197; 1; 192; 32; 32; 3; 3; 2; 0],0.022402123373467475,0.038592260073548275,tvm
197,197,1,128,64,32,96,1,2,0,[197; 197; 1; 128; 64; 32; 96; 1; 2; 0],0.013186366122681648,0.06556382276853938,tvm
197,197,1,96,96,32,384,64,2,1,[197; 197; 1; 96; 96; 32; 384; 64; 2; 1],0.006866860436275601,0.1259015789605124,tvm
197,197,1,256,64,64,48,1,4,1,[197; 197; 1; 256; 64; 64; 48; 1; 4; 1],0.014539307623635978,0.05946284333533936,tvm
197,197,1,96,48,48,512,4,3,1,[197; 197; 1; 96; 48; 48; 512; 4; 3; 1],0.010768178442958742,0.08028735556419901,tvm
197,197,1,256,128,16,3,3,1,1,[197; 197; 1; 256; 128; 16; 3; 3; 1; 1],0.005825629559694789,0.1484043162321955,tvm
197,197,1,192,96,48,12,2,3,0,[197; 197; 1; 192; 96; 48; 12; 2; 3; 0],0.006103102408815175,0.14165722832699612,tvm
197,197,1,96,32,32,96,12,2,0,[197; 197; 1; 96; 32; 32; 96; 12; 2; 0],0.0034074585273629054,0.25372240468548307,tvm
197,197,1,128,64,32,96,1,2,1,[197; 197; 1; 128; 64; 32; 96; 1; 2; 1],0.004282059031538665,0.20190019919410465,tvm
197,197,1,128,128,64,64,64,4,0,[197; 197; 1; 128; 128; 64; 64; 64; 4; 0],0.01654195922310464,0.05226397670120181,tvm
197,197,1,96,96,32,64,16,2,1,[197; 197; 1; 96; 96; 32; 64; 16; 2; 1],0.006204622186487541,0.13933943847723554,tvm
197,197,1,192,192,48,256,32,3,1,[197; 197; 1; 192; 192; 48; 256; 32; 3; 1],0.0053298157508834265,0.16220984211044648,tvm
197,197,1,128,64,16,12,6,1,0,[197; 197; 1; 128; 64; 16; 12; 6; 1; 0],0.007671540064620785,0.11269556883573509,tvm
197,197,1,128,128,32,192,6,2,1,[197; 197; 1; 128; 128; 32; 192; 6; 2; 1],0.007712256992817856,0.11210059159513149,tvm
197,197,1,128,128,64,256,32,4,0,[197; 197; 1; 128; 128; 64; 256; 32; 4; 0],0.006864880313514732,0.1259378943179176,tvm
197,197,1,128,128,32,256,32,2,0,[197; 197; 1; 128; 128; 32; 256; 32; 2; 0],0.009148234632448293,0.09450441600634776,tvm
197,197,1,128,32,32,96,4,2,0,[197; 197; 1; 128; 32; 32; 96; 4; 2; 0],0.008958981619798578,0.09650076405090434,tvm
197,197,1,192,192,96,128,32,6,1,[197; 197; 1; 192; 192; 96; 128; 32; 6; 1],0.01080305950017646,0.08002812271972118,tvm
197,197,1,128,16,16,16,16,1,0,[197; 197; 1; 128; 16; 16; 16; 16; 1; 0],0.007366694568190724,0.11735909008114427,tvm
197,197,1,192,192,96,64,16,6,1,[197; 197; 1; 192; 192; 96; 64; 16; 6; 1],0.010391965115559287,0.08319394472698266,tvm
197,197,1,192,32,32,8,8,2,0,[197; 197; 1; 192; 32; 32; 8; 8; 2; 0],0.004361224528111052,0.19823528136558188,tvm
197,197,1,96,32,32,192,2,2,0,[197; 197; 1; 96; 32; 32; 192; 2; 2; 0],0.0034414279434713535,0.25121797859190537,tvm
197,197,1,96,96,96,256,64,6,1,[197; 197; 1; 96; 96; 96; 256; 64; 6; 1],0.0026129312500415836,0.33087306503560415,tvm
197,197,1,32,32,32,96,3,2,0,[197; 197; 1; 32; 32; 32; 96; 3; 2; 0],0.006728073058184236,0.12849868958793598,tvm
197,197,1,192,96,48,96,2,3,1,[197; 197; 1; 192; 96; 48; 96; 2; 3; 1],0.010648855750332586,0.08118699245236463,tvm
197,197,1,128,32,16,16,16,1,1,[197; 197; 1; 128; 32; 16; 16; 16; 1; 1],0.0029908955184509978,0.289060104605836,tvm
197,197,1,128,64,64,256,1,4,1,[197; 197; 1; 128; 64; 64; 256; 1; 4; 1],0.0067976694263052195,0.12718308543851697,tvm
197,197,1,192,32,32,24,6,2,1,[197; 197; 1; 192; 32; 32; 24; 6; 2; 1],0.00835399649804458,0.1034892187985638,tvm
197,197,1,256,128,128,24,4,8,1,[197; 197; 1; 256; 128; 128; 24; 4; 8; 1],0.006742485056747682,0.12822402484427553,tvm
197,197,1,96,32,16,24,4,1,0,[197; 197; 1; 96; 32; 16; 24; 4; 1; 0],0.010285844691679813,0.08405226768861307,tvm
197,197,1,96,96,32,192,32,2,1,[197; 197; 1; 96; 96; 32; 192; 32; 2; 1],0.01299020487931557,0.06655388267241269,tvm
197,197,1,256,256,128,3,3,8,1,[197; 197; 1; 256; 256; 128; 3; 3; 8; 1],0.010432594252051786,0.08286995070842902,tvm
197,197,1,256,256,64,32,4,4,1,[197; 197; 1; 256; 256; 64; 32; 4; 4; 1],0.0048202732868958265,0.17935675426928457,tvm
197,197,1,128,64,64,192,48,4,0,[197; 197; 1; 128; 64; 64; 192; 48; 4; 0],0.013857000623829663,0.062390743487578476,tvm
197,197,1,128,128,16,6,1,1,1,[197; 197; 1; 128; 128; 16; 6; 1; 1; 1],0.007135595806175843,0.12115996966648622,tvm
197,197,1,96,96,96,48,12,6,0,[197; 197; 1; 96; 96; 96; 48; 12; 6; 0],0.011154551873914897,0.07750634729220565,tvm
197,197,1,48,16,16,8,1,1,1,[197; 197; 1; 48; 16; 16; 8; 1; 1; 1],0.009128682242590003,0.09470683155067082,tvm
197,197,1,96,32,32,24,2,2,0,[197; 197; 1; 96; 32; 32; 24; 2; 2; 0],0.004380280937766656,0.1973728588900448,tvm
197,197,1,128,64,64,48,3,4,1,[197; 197; 1; 128; 64; 64; 48; 3; 4; 1],0.007341471064137295,0.11776230729176966,tvm
197,197,1,192,192,192,24,6,12,1,[197; 197; 1; 192; 192; 192; 24; 6; 12; 1],0.005250637717836071,0.16465591760249557,tvm
197,197,1,32,32,16,12,2,1,0,[197; 197; 1; 32; 32; 16; 12; 2; 1; 0],0.006843897805083543,0.1263240036673835,tvm
197,197,1,96,16,16,8,4,1,1,[197; 197; 1; 96; 16; 16; 8; 4; 1; 1],0.012690808740444481,0.06812399344364334,tvm
197,197,1,96,48,48,64,1,3,0,[197; 197; 1; 96; 48; 48; 64; 1; 3; 0],0.008845758929965086,0.0977359408359983,tvm
197,197,1,128,64,64,16,2,4,1,[197; 197; 1; 128; 64; 64; 16; 2; 4; 1],0.004265621653757989,0.2026782123695637,tvm
197,197,1,64,64,64,4,4,4,1,[197; 197; 1; 64; 64; 64; 4; 4; 4; 1],0.01067229731415864,0.0810086662673461,tvm
197,197,1,48,48,16,8,1,1,1,[197; 197; 1; 48; 48; 16; 8; 1; 1; 1],0.005908342063776217,0.14632676342980888,tvm
197,197,1,96,96,16,4,4,1,1,[197; 197; 1; 96; 96; 16; 4; 4; 1; 1],0.005542387872992549,0.1559884640411802,tvm
197,197,1,128,128,128,24,4,8,1,[197; 197; 1; 128; 128; 128; 24; 4; 8; 1],0.0035400360575295053,0.24422027272567282,tvm
197,197,1,128,32,32,16,4,2,1,[197; 197; 1; 128; 32; 32; 16; 4; 2; 1],0.007009500375716016,0.12333954277593691,tvm
197,197,1,96,96,48,24,12,3,1,[197; 197; 1; 96; 96; 48; 24; 12; 3; 1],0.006004946379107423,0.1439727379475915,tvm
197,197,1,64,64,32,3,3,2,1,[197; 197; 1; 64; 64; 32; 3; 3; 2; 1],0.006149730186734814,0.14058317115983937,tvm
197,197,1,64,32,32,16,4,2,1,[197; 197; 1; 64; 32; 32; 16; 4; 2; 1],0.004741383090731688,0.18234100786299356,tvm
197,197,1,128,64,32,8,2,2,1,[197; 197; 1; 128; 64; 32; 8; 2; 2; 1],0.00503015339927515,0.17187320202862078,tvm
197,197,1,256,32,16,16,1,1,1,[197; 197; 1; 256; 32; 16; 16; 1; 1; 1],0.006073369280784391,0.14235073341644602,tvm
197,197,1,256,16,16,24,3,1,1,[197; 197; 1; 256; 16; 16; 24; 3; 1; 1],0.013588335132226348,0.06362431916903433,tvm
197,197,1,96,48,48,512,8,3,1,[197; 197; 1; 96; 48; 48; 512; 8; 3; 1],0.0027147545297339093,0.3184628893549766,tvm
197,197,1,128,128,64,8,1,4,0,[197; 197; 1; 128; 128; 64; 8; 1; 4; 0],0.010364220812334679,0.0834166491705439,tvm
197,197,1,96,32,32,256,4,2,0,[197; 197; 1; 96; 32; 32; 256; 4; 2; 0],0.013932772621046752,0.06205143763866427,tvm
197,197,1,128,128,32,8,4,2,0,[197; 197; 1; 128; 128; 32; 8; 4; 2; 0],0.00967767124529928,0.08933436045872165,tvm
197,197,1,384,96,48,8,8,3,1,[197; 197; 1; 384; 96; 48; 8; 8; 3; 1],0.013911276357248425,0.06214732201607807,tvm
197,197,1,384,48,16,6,6,1,1,[197; 197; 1; 384; 48; 16; 6; 6; 1; 1],0.015328303998103365,0.0564021023810296,tvm
197,197,1,128,32,32,384,1,2,0,[197; 197; 1; 128; 32; 32; 384; 1; 2; 0],0.004801125658559613,0.18007205662014372,tvm
197,197,1,128,128,32,384,16,2,0,[197; 197; 1; 128; 128; 32; 384; 16; 2; 0],0.004694326904427726,0.18416880396913185,tvm
197,197,1,96,96,32,384,64,2,1,[197; 197; 1; 96; 96; 32; 384; 64; 2; 1],0.006863923874334432,0.12595544287157515,tvm
197,197,1,64,16,16,4,2,1,0,[197; 197; 1; 64; 16; 16; 4; 2; 1; 0],0.00912154943216592,0.09478088978829154,tvm
197,197,1,384,384,64,6,6,4,1,[197; 197; 1; 384; 384; 64; 6; 6; 4; 1],0.007364486009464599,0.11739428526545934,tvm
197,197,1,128,64,64,6,3,4,0,[197; 197; 1; 128; 64; 64; 6; 3; 4; 0],0.005965599346382078,0.144922332397815,tvm
197,197,1,32,32,16,96,12,1,0,[197; 197; 1; 32; 32; 16; 96; 12; 1; 0],0.01637746038613841,0.05278892765085299,tvm
197,197,1,384,384,192,16,16,12,1,[197; 197; 1; 384; 384; 192; 16; 16; 12; 1],0.012632776226382703,0.06843694180405253,tvm
197,197,1,192,64,64,384,2,4,1,[197; 197; 1; 192; 64; 64; 384; 2; 4; 1],0.005242344974249136,0.16491638296894057,tvm
197,197,1,16,16,16,96,12,1,0,[197; 197; 1; 16; 16; 16; 96; 12; 1; 0],0.005650732564390637,0.15299760899617135,tvm
197,197,1,96,32,16,3,3,1,0,[197; 197; 1; 96; 32; 16; 3; 3; 1; 0],0.008250863989815116,0.10478279274701073,tvm
197,197,1,128,64,32,128,2,2,0,[197; 197; 1; 128; 64; 32; 128; 2; 2; 0],0.0046921664688852616,0.18425360164895555,tvm
197,197,1,192,48,48,64,16,3,1,[197; 197; 1; 192; 48; 48; 64; 16; 3; 1],0.011400010698707774,0.075837522812726,tvm
197,197,1,256,128,128,24,3,8,0,[197; 197; 1; 256; 128; 128; 24; 3; 8; 0],0.008029132804949768,0.1076764567769508,tvm
197,197,1,192,192,96,192,12,6,1,[197; 197; 1; 192; 192; 96; 192; 12; 6; 1],0.010673852870240808,0.08099686045317081,tvm
197,197,1,128,32,16,12,12,1,0,[197; 197; 1; 128; 32; 16; 12; 12; 1; 0],0.006269308447372168,0.1379017444565124,tvm
197,197,1,128,64,32,32,8,2,1,[197; 197; 1; 128; 64; 32; 32; 8; 2; 1],0.003647043282398954,0.23705465070869358,tvm
197,197,1,192,96,96,32,8,6,0,[197; 197; 1; 192; 96; 96; 32; 8; 6; 0],0.004063946224050596,0.21273622330732092,tvm
197,197,1,128,32,32,48,24,2,0,[197; 197; 1; 128; 32; 32; 48; 24; 2; 0],0.009182453432003967,0.09415224131878808,tvm
197,197,1,192,96,48,48,2,3,1,[197; 197; 1; 192; 96; 48; 48; 2; 3; 1],0.005526835906493943,0.15642740006316105,tvm
197,197,1,64,32,32,96,1,2,0,[197; 197; 1; 64; 32; 32; 96; 1; 2; 0],0.008977701800176874,0.09629954198429029,tvm
197,197,1,96,32,32,64,32,2,0,[197; 197; 1; 96; 32; 32; 64; 32; 2; 0],0.013251621363451704,0.06524096544238862,tvm
197,197,1,128,64,64,384,1,4,0,[197; 197; 1; 128; 64; 64; 384; 1; 4; 0],0.010658134997356683,0.08111630896427822,tvm
197,197,1,256,64,16,12,6,1,1,[197; 197; 1; 256; 64; 16; 12; 6; 1; 1],0.009250222996342927,0.09346245725863803,tvm
197,197,1,128,128,32,32,32,2,1,[197; 197; 1; 128; 128; 32; 32; 32; 2; 1],0.0034672382462304085,0.24934789882654043,tvm
197,197,1,128,64,32,12,4,2,0,[197; 197; 1; 128; 64; 32; 12; 4; 2; 0],0.004653960248106159,0.18576621314726163,tvm
197,197,1,192,192,16,16,2,1,1,[197; 197; 1; 192; 192; 16; 16; 2; 1; 1],0.004875490747508593,0.177325446032353,tvm
197,197,1,48,48,16,6,1,1,0,[197; 197; 1; 48; 48; 16; 6; 1; 1; 0],0.004605287191225216,0.18772956724085696,tvm
197,197,1,256,64,32,4,2,2,1,[197; 197; 1; 256; 64; 32; 4; 2; 2; 1],0.010564185693510808,0.08183769166038343,tvm
197,197,1,128,64,32,192,32,2,0,[197; 197; 1; 128; 64; 32; 192; 32; 2; 0],0.018095099774654955,0.04777804942747584,tvm
197,197,1,128,128,128,384,32,8,1,[197; 197; 1; 128; 128; 128; 384; 32; 8; 1],0.0076446183084044605,0.11309244445574089,tvm
197,197,1,96,96,32,12,12,2,0,[197; 197; 1; 96; 96; 32; 12; 12; 2; 0],0.007873568494687788,0.10980390556224576,tvm
197,197,1,96,32,32,32,4,2,0,[197; 197; 1; 96; 32; 32; 32; 4; 2; 0],0.0025117203913396224,0.3442057381902552,tvm
197,197,1,128,32,32,32,4,2,1,[197; 197; 1; 128; 32; 32; 32; 4; 2; 1],0.006168698375404347,0.14015089064423608,tvm
197,197,1,48,48,16,4,1,1,1,[197; 197; 1; 48; 48; 16; 4; 1; 1; 1],0.004212541156448424,0.20523207710508606,tvm
197,197,1,96,96,48,64,4,3,0,[197; 197; 1; 96; 96; 48; 64; 4; 3; 0],0.0060158054693602026,0.14371285372040438,tvm
197,197,1,128,128,64,96,32,4,1,[197; 197; 1; 128; 128; 64; 96; 32; 4; 1],0.0033976898121181875,0.25445188326052476,tvm
197,197,1,192,192,48,12,12,3,1,[197; 197; 1; 192; 192; 48; 12; 12; 3; 1],0.003043669232283719,0.28404813580215654,tvm
197,197,1,96,16,16,12,3,1,1,[197; 197; 1; 96; 16; 16; 12; 3; 1; 1],0.005751780030550435,0.15030974182540768,tvm
197,197,1,128,128,32,4,2,2,1,[197; 197; 1; 128; 128; 32; 4; 2; 2; 1],0.00742385805642698,0.11645542854636272,tvm
197,197,1,32,16,16,8,2,1,1,[197; 197; 1; 32; 16; 16; 8; 2; 1; 1],0.0023368368129013106,0.36996531664322213,tvm
197,197,1,256,256,64,24,6,4,1,[197; 197; 1; 256; 256; 64; 24; 6; 4; 1],0.007099027934600599,0.12178407796013442,tvm
197,197,1,32,32,16,12,12,1,1,[197; 197; 1; 32; 32; 16; 12; 12; 1; 1],0.004147783285588957,0.20843629281027184,tvm
197,197,1,128,128,128,48,48,8,1,[197; 197; 1; 128; 128; 128; 48; 48; 8; 1],0.0035139163737767376,0.24603561367607601,tvm
197,197,1,64,64,64,128,2,4,1,[197; 197; 1; 64; 64; 64; 128; 2; 4; 1],0.006888585179694928,0.12550451927007444,tvm
197,197,1,256,256,32,12,2,2,1,[197; 197; 1; 256; 256; 32; 12; 2; 2; 1],0.009866631429758854,0.08762347895361704,tvm
197,197,1,32,32,32,4,1,2,1,[197; 197; 1; 32; 32; 32; 4; 1; 2; 1],0.004435042566910852,0.1949358001383867,tvm
197,197,1,128,64,64,192,3,4,1,[197; 197; 1; 128; 64; 64; 192; 3; 4; 1],0.01071156830585096,0.08071167048025363,tvm
197,197,1,128,128,64,192,8,4,1,[197; 197; 1; 128; 128; 64; 192; 8; 4; 1],0.003326498030219227,0.25989751491648855,tvm
197,197,1,96,48,16,12,3,1,1,[197; 197; 1; 96; 48; 16; 12; 3; 1; 1],0.0037013662804383785,0.23357552479950103,tvm
197,197,1,48,16,16,12,3,1,0,[197; 197; 1; 48; 16; 16; 12; 3; 1; 0],0.007959007620229386,0.10862517196630782,tvm
197,197,1,16,16,16,16,2,1,0,[197; 197; 1; 16; 16; 16; 16; 2; 1; 0],0.005535183780011721,0.1561914844725789,tvm
197,197,1,96,96,32,24,3,2,1,[197; 197; 1; 96; 96; 32; 24; 3; 2; 1],0.0047821264088270254,0.18078747768623507,tvm
197,197,1,48,16,16,16,4,1,0,[197; 197; 1; 48; 16; 16; 16; 4; 1; 0],0.006360956744174473,0.13591486409970435,tvm
197,197,1,192,192,192,32,4,12,1,[197; 197; 1; 192; 192; 192; 32; 4; 12; 1],0.006738437994499691,0.12830103536372475,tvm
197,197,1,128,128,128,12,2,8,1,[197; 197; 1; 128; 128; 128; 12; 2; 8; 1],0.003928251753677614,0.2200848177867379,tvm
197,197,1,128,64,32,64,16,2,0,[197; 197; 1; 128; 64; 32; 64; 16; 2; 0],0.0045052548084640875,0.19189781892121427,tvm
197,197,1,96,48,48,768,48,3,1,[197; 197; 1; 96; 48; 48; 768; 48; 3; 1],0.0028036058574798517,0.30837022583684787,tvm
197,197,1,192,48,48,192,24,3,0,[197; 197; 1; 192; 48; 48; 192; 24; 3; 0],0.016729839873733,0.05167703803226307,tvm
197,197,1,128,64,32,384,1,2,0,[197; 197; 1; 128; 64; 32; 384; 1; 2; 0],0.004789146754774265,0.18052246374924913,tvm
197,197,1,192,48,48,384,16,3,0,[197; 197; 1; 192; 48; 48; 384; 16; 3; 0],0.016456281999126077,0.05253608144746692,tvm
197,197,1,256,256,16,8,2,1,1,[197; 197; 1; 256; 256; 16; 8; 2; 1; 1],0.011909264809219167,0.07259462152183478,tvm
197,197,1,32,32,32,192,1,2,1,[197; 197; 1; 32; 32; 32; 192; 1; 2; 1],0.006835982436314225,0.12647027394861365,tvm
197,197,1,96,96,96,1024,16,6,1,[197; 197; 1; 96; 96; 96; 1024; 16; 6; 1],0.008560425121686421,0.10099364916333192,tvm
197,197,1,128,64,32,384,4,2,0,[197; 197; 1; 128; 64; 32; 384; 4; 2; 0],0.0048213076224783435,0.17931827610372622,tvm
197,197,1,96,96,96,512,1,6,0,[197; 197; 1; 96; 96; 96; 512; 1; 6; 0],0.00504484790872084,0.17137257397473937,tvm
197,197,1,384,384,192,8,1,12,1,[197; 197; 1; 384; 384; 192; 8; 1; 12; 1],0.0063536493689753115,0.13607118070602658,tvm
197,197,1,384,96,96,8,4,6,1,[197; 197; 1; 384; 96; 96; 8; 4; 6; 1],0.00613839621655643,0.14084274473790376,tvm
197,197,1,128,64,32,96,2,2,0,[197; 197; 1; 128; 64; 32; 96; 2; 2; 0],0.008903425448806956,0.09710291577096536,tvm
197,197,1,64,16,16,8,1,1,0,[197; 197; 1; 64; 16; 16; 8; 1; 1; 0],0.010966530127916485,0.07883519776485816,tvm
197,197,1,96,96,32,256,32,2,1,[197; 197; 1; 96; 96; 32; 256; 32; 2; 1],0.013639563490869477,0.06338535481779257,tvm
197,197,1,128,64,32,192,4,2,0,[197; 197; 1; 128; 64; 32; 192; 4; 2; 0],0.01365895802155137,0.0632953531348782,tvm
197,197,1,192,192,192,96,1,12,1,[197; 197; 1; 192; 192; 192; 96; 1; 12; 1],0.00896585505688563,0.09642678427693432,tvm
197,197,1,256,64,16,12,6,1,1,[197; 197; 1; 256; 64; 16; 12; 6; 1; 1],0.01066554244607687,0.081059971942316,tvm
197,197,1,192,64,64,64,4,4,1,[197; 197; 1; 192; 64; 64; 64; 4; 4; 1],0.005340060190064833,0.161898656692496,tvm
197,197,1,96,32,32,48,4,2,0,[197; 197; 1; 96; 32; 32; 48; 4; 2; 0],0.006812775434809737,0.12690108160782435,tvm
197,197,1,192,192,64,192,32,4,1,[197; 197; 1; 192; 192; 64; 192; 32; 4; 1],0.010514686742681079,0.08222295086730518,tvm
197,197,1,192,192,64,96,2,4,1,[197; 197; 1; 192; 192; 64; 96; 2; 4; 1],0.010510920867091045,0.08225240988498089,tvm
197,197,1,96,96,48,8,1,3,0,[197; 197; 1; 96; 96; 48; 8; 1; 3; 0],0.006778326875064522,0.12754601354635053,tvm
197,197,1,128,64,64,384,12,4,0,[197; 197; 1; 128; 64; 64; 384; 12; 4; 0],0.007154556617024355,0.12083887481879275,tvm
197,197,1,16,16,16,48,1,1,0,[197; 197; 1; 16; 16; 16; 48; 1; 1; 0],0.005286092375172302,0.16355154432964125,tvm
197,197,1,256,128,32,24,3,2,1,[197; 197; 1; 256; 128; 32; 24; 3; 2; 1],0.011807526694610715,0.07322012423001131,tvm
197,197,1,192,16,16,4,1,1,1,[197; 197; 1; 192; 16; 16; 4; 1; 1; 1],0.0073470700008329,0.11767256489057024,tvm
197,197,1,192,64,32,12,6,2,0,[197; 197; 1; 192; 64; 32; 12; 6; 2; 0],0.005712836595193949,0.15133437776881142,tvm
197,197,1,128,128,128,128,2,8,0,[197; 197; 1; 128; 128; 128; 128; 2; 8; 0],0.007015231749392115,0.12323877561186578,tvm
197,197,1,128,64,64,256,4,4,1,[197; 197; 1; 128; 64; 64; 256; 4; 4; 1],0.01070113705645781,0.08079034656479263,tvm
197,197,1,192,64,16,16,8,1,1,[197; 197; 1; 192; 64; 16; 16; 8; 1; 1],0.013186683121602982,0.06556224665869398,tvm
197,197,1,96,32,32,96,6,2,0,[197; 197; 1; 96; 32; 32; 96; 6; 2; 0],0.01014869443315547,0.0851881566760073,tvm
197,197,1,128,128,128,48,3,8,0,[197; 197; 1; 128; 128; 128; 48; 3; 8; 0],0.004556238935037982,0.1897504902080743,tvm
197,197,1,192,96,96,32,4,6,0,[197; 197; 1; 192; 96; 96; 32; 4; 6; 0],0.00754798787238542,0.11454027034033173,tvm
197,197,1,192,64,32,32,1,2,1,[197; 197; 1; 192; 64; 32; 32; 1; 2; 1],0.005592091438302305,0.1546020090993073,tvm
197,197,1,96,96,32,96,32,2,0,[197; 197; 1; 96; 96; 32; 96; 32; 2; 0],0.007024096747045405,0.12308323796824587,tvm
197,197,1,48,48,16,32,2,1,0,[197; 197; 1; 48; 48; 16; 32; 2; 1; 0],0.007489307943615131,0.11543771172683934,tvm
197,197,1,128,64,64,192,1,4,0,[197; 197; 1; 128; 64; 64; 192; 1; 4; 0],0.007500604129745625,0.11526385828042515,tvm
197,197,1,128,64,32,24,4,2,0,[197; 197; 1; 128; 64; 32; 24; 4; 2; 0],0.011834602439193986,0.07305260788189627,tvm
197,197,1,256,256,128,24,12,8,1,[197; 197; 1; 256; 256; 128; 24; 12; 8; 1],0.007576665069791488,0.11410674267172852,tvm
197,197,1,192,192,16,12,3,1,1,[197; 197; 1; 192; 192; 16; 12; 3; 1; 1],0.0044471738146967255,0.1944040434334877,tvm
197,197,1,128,64,64,96,3,4,0,[197; 197; 1; 128; 64; 64; 96; 3; 4; 0],0.0073037183756241575,0.11837101692118424,tvm
197,197,1,192,64,64,32,32,4,1,[197; 197; 1; 192; 64; 64; 32; 32; 4; 1],0.003840921344817616,0.22508885077666801,tvm
197,197,1,192,64,16,12,6,1,1,[197; 197; 1; 192; 64; 16; 12; 6; 1; 1],0.012982382875634357,0.06659398199164011,tvm
197,197,1,96,48,16,24,4,1,1,[197; 197; 1; 96; 48; 16; 24; 4; 1; 1],0.00593970125191845,0.1455542180929273,tvm
197,197,1,64,64,64,12,2,4,0,[197; 197; 1; 64; 64; 64; 12; 2; 4; 0],0.007066831181873567,0.12233893086991235,tvm
197,197,1,256,64,64,12,1,4,1,[197; 197; 1; 256; 64; 64; 12; 1; 4; 1],0.008652382006403059,0.0999202960281661,tvm
197,197,1,48,16,16,24,1,1,0,[197; 197; 1; 48; 16; 16; 24; 1; 1; 0],0.009620649754651822,0.08986384428042822,tvm
197,197,1,32,16,16,16,2,1,0,[197; 197; 1; 32; 16; 16; 16; 2; 1; 0],0.003199655497155618,0.2702005175860729,tvm
197,197,1,192,64,64,24,2,4,1,[197; 197; 1; 192; 64; 64; 24; 2; 4; 1],0.006631232055951841,0.13037525517638893,tvm
197,197,1,128,128,64,96,3,4,1,[197; 197; 1; 128; 128; 64; 96; 3; 4; 1],0.007008208005572669,0.12336228758351837,tvm
197,197,1,64,64,64,48,12,4,1,[197; 197; 1; 64; 64; 64; 48; 12; 4; 1],0.003634368345956318,0.23788138381473856,tvm
197,197,1,192,48,48,6,3,3,1,[197; 197; 1; 192; 48; 48; 6; 3; 3; 1],0.008720369325601496,0.09914127935962601,tvm
197,197,1,32,32,32,24,2,2,0,[197; 197; 1; 32; 32; 32; 24; 2; 2; 0],0.006529187623527832,0.13241288522835265,tvm
197,197,1,64,64,64,256,32,4,0,[197; 197; 1; 64; 64; 64; 256; 32; 4; 0],0.006941133557120338,0.1245543777992432,tvm
197,197,1,96,32,32,12,2,2,0,[197; 197; 1; 96; 32; 32; 12; 2; 2; 0],0.006120388403360266,0.14125714161439654,tvm
197,197,1,32,32,16,6,3,1,0,[197; 197; 1; 32; 32; 16; 6; 3; 1; 0],0.0044798118469771,0.1929876970194527,tvm
197,197,1,32,32,16,24,2,1,1,[197; 197; 1; 32; 32; 16; 24; 2; 1; 1],0.0033175277785630897,0.26060025089014643,tvm
197,197,1,192,96,96,24,2,6,1,[197; 197; 1; 192; 96; 96; 24; 2; 6; 1],0.008206868689740077,0.10534451130056437,tvm
197,197,1,192,192,96,12,12,6,1,[197; 197; 1; 192; 192; 96; 12; 12; 6; 1],0.005702613438188564,0.15160567708113762,tvm
197,197,1,128,32,32,12,1,2,1,[197; 197; 1; 128; 32; 32; 12; 1; 2; 1],0.007785474124830216,0.11104636115497016,tvm
197,197,1,48,48,48,96,24,3,1,[197; 197; 1; 48; 48; 48; 96; 24; 3; 1],0.012573318264912814,0.06876057324033437,tvm
197,197,1,96,32,16,8,1,1,1,[197; 197; 1; 96; 32; 16; 8; 1; 1; 1],0.008429266003076918,0.10256510722439972,tvm
197,197,1,192,96,32,8,2,2,1,[197; 197; 1; 192; 96; 32; 8; 2; 2; 1],0.010311678372090682,0.0838416929069991,tvm
197,197,1,256,128,16,3,3,1,1,[197; 197; 1; 256; 128; 16; 3; 3; 1; 1],0.005854507217009086,0.1476723043259389,tvm
197,197,1,32,32,16,96,6,1,0,[197; 197; 1; 32; 32; 16; 96; 6; 1; 0],0.005480566527694464,0.1577480297082107,tvm
197,197,1,128,128,128,1536,12,8,1,[197; 197; 1; 128; 128; 128; 1536; 12; 8; 1],0.0337378159747459,0.025625504984546733,tvm
197,197,1,32,32,32,48,48,2,0,[197; 197; 1; 32; 32; 32; 48; 48; 2; 0],0.008479852112941444,0.10195326049485567,tvm
197,197,1,128,32,16,32,16,1,0,[197; 197; 1; 128; 32; 16; 32; 16; 1; 0],0.011427936115069315,0.0756522055009167,tvm
197,197,1,96,96,48,4,4,3,0,[197; 197; 1; 96; 96; 48; 4; 4; 3; 0],0.011065362370572984,0.07813106724165993,tvm
197,197,1,256,32,32,24,24,2,1,[197; 197; 1; 256; 32; 32; 24; 24; 2; 1],0.012237188057042658,0.07064928375690137,tvm
197,197,1,64,32,32,192,1,2,1,[197; 197; 1; 64; 32; 32; 192; 1; 2; 1],0.013619536126498133,0.06347856222111031,tvm
197,197,1,128,64,16,32,4,1,1,[197; 197; 1; 128; 64; 16; 32; 4; 1; 1],0.004776941001182422,0.18098372393851467,tvm
197,197,1,192,96,48,384,32,3,1,[197; 197; 1; 192; 96; 48; 384; 32; 3; 1],0.005187690934690181,0.166653831601131,tvm
197,197,1,256,32,32,8,4,2,0,[197; 197; 1; 256; 32; 32; 8; 4; 2; 0],0.00824122948688455,0.10490529026093152,tvm
197,197,1,48,48,16,48,2,1,1,[197; 197; 1; 48; 48; 16; 48; 2; 1; 1],0.009715147185488604,0.08898975537086427,tvm
197,197,1,64,64,32,256,16,2,0,[197; 197; 1; 64; 64; 32; 256; 16; 2; 0],0.016714437631890178,0.051724658075187814,tvm
197,197,1,32,32,16,48,4,1,1,[197; 197; 1; 32; 32; 16; 48; 4; 1; 1],0.019732820976059884,0.04381272056729512,tvm
197,197,1,96,96,48,6,2,3,0,[197; 197; 1; 96; 96; 48; 6; 2; 3; 0],0.010314389059203677,0.08381965877631137,tvm
197,197,1,64,32,32,256,2,2,0,[197; 197; 1; 64; 32; 32; 256; 2; 2; 0],0.009383561118738726,0.09213437846129552,tvm
197,197,1,192,192,96,32,4,6,0,[197; 197; 1; 192; 192; 96; 32; 4; 6; 0],0.005643527001666371,0.15319295383424145,tvm
197,197,1,128,128,128,768,2,8,1,[197; 197; 1; 128; 128; 128; 768; 2; 8; 1],0.0033956366241909564,0.25460573880886284,tvm
197,197,1,64,64,64,6,1,4,0,[197; 197; 1; 64; 64; 64; 6; 1; 4; 0],0.006286198753514327,0.13753121804257964,tvm
197,197,1,192,192,48,256,4,3,1,[197; 197; 1; 192; 192; 48; 256; 4; 3; 1],0.01044478737458121,0.08277320929792847,tvm
197,197,1,32,32,32,192,2,2,1,[197; 197; 1; 32; 32; 32; 192; 2; 2; 1],0.010154848379897885,0.08513653174182254,tvm
197,197,1,128,128,64,96,32,4,0,[197; 197; 1; 128; 128; 64; 96; 32; 4; 0],0.010815731511684135,0.07993435954790552,tvm
197,197,1,192,48,48,256,1,3,1,[197; 197; 1; 192; 48; 48; 256; 1; 3; 1],0.010998651618137956,0.07860496008463784,tvm
197,197,1,192,48,48,4,4,3,0,[197; 197; 1; 192; 48; 48; 4; 4; 3; 0],0.007776529557304457,0.11117408672567894,tvm
197,197,1,192,96,96,128,8,6,1,[197; 197; 1; 192; 96; 96; 128; 8; 6; 1],0.005077106223325245,0.17028372726508295,tvm
197,197,1,32,32,16,48,6,1,0,[197; 197; 1; 32; 32; 16; 48; 6; 1; 0],0.0054414993719547056,0.15888057910737324,tvm
197,197,1,128,128,32,16,1,2,0,[197; 197; 1; 128; 128; 32; 16; 1; 2; 0],0.007056247879518196,0.12252242072419983,tvm
197,197,1,256,256,32,32,2,2,1,[197; 197; 1; 256; 256; 32; 32; 2; 2; 1],0.006859214685391635,0.12604191749091012,tvm
197,197,1,96,96,32,128,4,2,1,[197; 197; 1; 96; 96; 32; 128; 4; 2; 1],0.013120884366799146,0.06589102893218157,tvm
197,197,1,192,192,48,2,2,3,1,[197; 197; 1; 192; 192; 48; 2; 2; 3; 1],0.01244357111863792,0.06947752885292348,tvm
197,197,1,128,128,64,96,8,4,0,[197; 197; 1; 128; 128; 64; 96; 8; 4; 0],0.007730243873083964,0.1118397537804537,tvm
197,197,1,64,32,16,24,4,1,0,[197; 197; 1; 64; 32; 16; 24; 4; 1; 0],0.01285819587064907,0.06723715987264159,tvm
197,197,1,96,96,32,192,6,2,0,[197; 197; 1; 96; 96; 32; 192; 6; 2; 0],0.003669080964755267,0.2356308241037243,tvm
197,197,1,192,16,16,12,3,1,1,[197; 197; 1; 192; 16; 16; 12; 3; 1; 1],0.005345958219550084,0.16172003893837608,tvm
197,197,1,192,32,32,24,8,2,0,[197; 197; 1; 192; 32; 32; 24; 8; 2; 0],0.008640241256216541,0.10006069805128878,tvm
197,197,1,96,16,16,12,2,1,0,[197; 197; 1; 96; 16; 16; 12; 2; 1; 0],0.003082398063270375,0.2804792092658205,tvm
197,197,1,256,256,64,32,8,4,1,[197; 197; 1; 256; 256; 64; 32; 8; 4; 1],0.009538514001178555,0.09063765816370872,tvm
197,197,1,192,96,48,16,16,3,1,[197; 197; 1; 192; 96; 48; 16; 16; 3; 1],0.00772344387951307,0.11193822146126314,tvm
197,197,1,128,64,64,64,1,4,1,[197; 197; 1; 128; 64; 64; 64; 1; 4; 1],0.00712760012538638,0.12129588588300681,tvm
197,197,1,48,48,48,192,24,3,0,[197; 197; 1; 48; 48; 48; 192; 24; 3; 0],0.005519802158232778,0.15662673165542684,tvm
197,197,1,256,256,128,32,4,8,1,[197; 197; 1; 256; 256; 128; 32; 4; 8; 1],0.004602387911290862,0.18784782771300254,tvm
197,197,1,192,192,96,4,4,6,1,[197; 197; 1; 192; 192; 96; 4; 4; 6; 1],0.0038087847133283503,0.22698803857387773,tvm
197,197,1,32,32,32,24,1,2,0,[197; 197; 1; 32; 32; 32; 24; 1; 2; 0],0.004358947087894194,0.19833885431406661,tvm
197,197,1,128,16,16,16,2,1,1,[197; 197; 1; 128; 16; 16; 16; 2; 1; 1],0.0076576251740334556,0.11290035118984451,tvm
197,197,1,96,48,48,384,64,3,0,[197; 197; 1; 96; 48; 48; 384; 64; 3; 0],0.006135431154689286,0.14091080962872515,tvm
197,197,1,128,128,128,192,3,8,1,[197; 197; 1; 128; 128; 128; 192; 3; 8; 1],0.006587421739823185,0.13124232902868263,tvm
197,197,1,192,192,32,32,4,2,1,[197; 197; 1; 192; 192; 32; 32; 4; 2; 1],0.010083498127642088,0.08573895293921538,tvm
197,197,1,192,192,96,24,8,6,1,[197; 197; 1; 192; 192; 96; 24; 8; 6; 1],0.0088289149425691,0.09792240349491904,tvm
197,197,1,48,16,16,16,8,1,0,[197; 197; 1; 48; 16; 16; 16; 8; 1; 0],0.0027657742648443673,0.3125882623241562,tvm
197,197,1,32,32,16,12,2,1,0,[197; 197; 1; 32; 32; 16; 12; 2; 1; 0],0.0041879883137880825,0.20643528745823492,tvm
197,197,1,192,96,32,6,2,2,1,[197; 197; 1; 192; 96; 32; 6; 2; 2; 1],0.006568865443114191,0.13161307366020625,tvm
197,197,1,128,32,32,24,3,2,0,[197; 197; 1; 128; 32; 32; 24; 3; 2; 0],0.006685658692731522,0.1293138957823986,tvm
197,197,1,128,128,64,24,4,4,0,[197; 197; 1; 128; 128; 64; 24; 4; 4; 0],0.005002226564101875,0.17283274964651602,tvm
197,197,1,96,96,96,96,4,6,0,[197; 197; 1; 96; 96; 96; 96; 4; 6; 0],0.009780947060789913,0.08839108994817012,tvm
197,197,1,64,64,64,96,48,4,0,[197; 197; 1; 64; 64; 64; 96; 48; 4; 0],0.00728383993555326,0.11869406509176711,tvm
197,197,1,128,64,64,64,8,4,1,[197; 197; 1; 128; 64; 64; 64; 8; 4; 1],0.0070795416831970215,0.12211928541653184,tvm
197,197,1,128,128,16,6,2,1,1,[197; 197; 1; 128; 128; 16; 6; 2; 1; 1],0.00199244414397981,0.4339135799820605,tvm
197,197,1,192,64,32,6,1,2,1,[197; 197; 1; 192; 64; 32; 6; 1; 2; 1],0.007103138748789206,0.12171359760865455,tvm
197,197,1,128,128,64,32,32,4,0,[197; 197; 1; 128; 128; 64; 32; 32; 4; 0],0.0030290463291748893,0.2854193952405059,tvm
197,197,1,32,16,16,12,4,1,0,[197; 197; 1; 32; 16; 16; 12; 4; 1; 0],0.004901828469883185,0.17637266924788464,tvm
197,197,1,96,48,16,6,2,1,1,[197; 197; 1; 96; 48; 16; 6; 2; 1; 1],0.0018569826715975069,0.46556631068874005,tvm
197,197,1,96,48,48,16,16,3,1,[197; 197; 1; 96; 48; 48; 16; 16; 3; 1],0.0016656811712891795,0.5190360474324391,tvm
197,197,1,64,64,64,24,12,4,1,[197; 197; 1; 64; 64; 64; 24; 12; 4; 1],0.004697000535088591,0.1840639712450586,tvm
197,197,1,96,32,32,3,3,2,1,[197; 197; 1; 96; 32; 32; 3; 3; 2; 1],0.007073319880873896,0.12222670344180135,tvm
197,197,1,64,64,32,48,12,2,1,[197; 197; 1; 64; 64; 32; 48; 12; 2; 1],0.004180934593023267,0.20678356769111989,tvm
197,197,1,192,192,48,96,32,3,1,[197; 197; 1; 192; 192; 48; 96; 32; 3; 1],0.009038455624249764,0.09565224495975032,tvm
197,197,1,128,128,32,512,64,2,0,[197; 197; 1; 128; 128; 32; 512; 64; 2; 0],0.004713788031949662,0.18340845315248233,tvm
197,197,1,192,48,48,256,1,3,1,[197; 197; 1; 192; 48; 48; 256; 1; 3; 1],0.010879264125833288,0.07946755970154848,tvm
197,197,1,96,96,96,3072,2,6,1,[197; 197; 1; 96; 96; 96; 3072; 2; 6; 1],0.027821920753922313,0.03107436683021563,tvm
197,197,1,256,128,16,12,3,1,1,[197; 197; 1; 256; 128; 16; 12; 3; 1; 1],0.004771848369273357,0.18117687414284336,tvm
197,197,1,48,16,16,48,2,1,0,[197; 197; 1; 48; 16; 16; 48; 2; 1; 0],0.010444464685861021,0.08277576663157626,tvm
197,197,1,64,64,32,48,16,2,0,[197; 197; 1; 64; 64; 32; 48; 16; 2; 0],0.004728631873149425,0.18283270819573305,tvm
197,197,1,256,128,32,16,16,2,1,[197; 197; 1; 256; 128; 32; 16; 16; 2; 1],0.005728704622015357,0.1509151943540813,tvm
197,197,1,256,128,128,16,2,8,0,[197; 197; 1; 256; 128; 128; 16; 2; 8; 0],0.006164212660223711,0.14025287884814722,tvm
197,197,1,192,192,64,192,1,4,1,[197; 197; 1; 192; 192; 64; 192; 1; 4; 1],0.010190091939875856,0.08484207763086228,tvm
197,197,1,96,96,48,1024,64,3,1,[197; 197; 1; 96; 96; 48; 1024; 64; 3; 1],0.006451802182709798,0.13400109720435593,tvm
197,197,1,256,256,64,2,1,4,1,[197; 197; 1; 256; 256; 64; 2; 1; 4; 1],0.008276615568320267,0.10445677515067078,tvm
197,197,1,128,128,64,192,16,4,0,[197; 197; 1; 128; 128; 64; 192; 16; 4; 0],0.009739729823195376,0.08876514925184377,tvm
197,197,1,128,128,32,384,1,2,0,[197; 197; 1; 128; 128; 32; 384; 1; 2; 0],0.009345029946416616,0.09251426441496696,tvm
197,197,1,128,128,32,192,6,2,1,[197; 197; 1; 128; 128; 32; 192; 6; 2; 1],0.009032262067194097,0.0957178351333141,tvm
197,197,1,128,64,64,384,24,4,0,[197; 197; 1; 128; 64; 64; 384; 24; 4; 0],0.0034758125912048854,0.24873279233069262,tvm
197,197,1,96,96,32,768,2,2,0,[197; 197; 1; 96; 96; 32; 768; 2; 2; 0],0.007140806192182936,0.12107156365271411,tvm
197,197,1,128,64,64,256,32,4,0,[197; 197; 1; 128; 64; 64; 256; 32; 4; 0],0.007469082556781359,0.11575030331451176,tvm
197,197,1,64,64,64,768,6,4,0,[197; 197; 1; 64; 64; 64; 768; 6; 4; 0],0.006921508131199516,0.12490754255297577,tvm
197,197,1,128,64,32,192,24,2,1,[197; 197; 1; 128; 64; 32; 192; 24; 2; 1],0.009030955130583607,0.09573168717235137,tvm
197,197,1,48,48,16,32,16,1,1,[197; 197; 1; 48; 48; 16; 32; 16; 1; 1],0.007078865441144444,0.12213095143800322,tvm
197,197,1,128,64,32,384,48,2,0,[197; 197; 1; 128; 64; 32; 384; 48; 2; 0],0.01396768685663119,0.0618963311751312,tvm
197,197,1,128,64,64,192,32,4,0,[197; 197; 1; 128; 64; 64; 192; 32; 4; 0],0.007532126372097991,0.11478147454232912,tvm
197,197,1,128,64,32,2,2,2,1,[197; 197; 1; 128; 64; 32; 2; 2; 2; 1],0.004379510755825322,0.1974075689341803,tvm
197,197,1,128,64,64,96,24,4,0,[197; 197; 1; 128; 64; 64; 96; 24; 4; 0],0.0037653481267625466,0.22960654428835292,tvm
197,197,1,48,16,16,24,8,1,1,[197; 197; 1; 48; 16; 16; 24; 8; 1; 1],0.007303044432774186,0.11838194048891441,tvm
197,197,1,192,64,64,8,1,4,0,[197; 197; 1; 192; 64; 64; 8; 1; 4; 0],0.004401062127726618,0.19644089229777734,tvm
197,197,1,96,96,32,48,12,2,1,[197; 197; 1; 96; 96; 32; 48; 12; 2; 1],0.006253850136999972,0.13824261094994883,tvm
197,197,1,128,64,64,512,8,4,1,[197; 197; 1; 128; 64; 64; 512; 8; 4; 1],0.007363129931036383,0.11741590594298851,tvm
197,197,1,128,32,16,24,12,1,1,[197; 197; 1; 128; 32; 16; 24; 12; 1; 1],0.008830179314827546,0.09790838222014703,tvm
197,197,1,128,128,32,24,2,2,0,[197; 197; 1; 128; 128; 32; 24; 2; 2; 0],0.00692261999938637,0.12488748068003243,tvm
197,197,1,128,64,32,32,2,2,0,[197; 197; 1; 128; 64; 32; 32; 2; 2; 0],0.006812700376030989,0.12690247973774074,tvm
197,197,1,128,128,128,12,1,8,0,[197; 197; 1; 128; 128; 128; 12; 1; 8; 0],0.005277943593682721,0.16380405665255068,tvm
197,197,1,64,32,32,6,6,2,0,[197; 197; 1; 64; 32; 32; 6; 6; 2; 0],0.006467007377068512,0.1336860345163964,tvm
197,197,1,96,96,48,384,1,3,0,[197; 197; 1; 96; 96; 48; 384; 1; 3; 0],0.008073004632024094,0.10709130129804081,tvm
197,197,1,96,32,16,16,16,1,0,[197; 197; 1; 96; 32; 16; 16; 16; 1; 0],0.014411796495551243,0.0599889522236487,tvm
197,197,1,96,96,32,192,32,2,0,[197; 197; 1; 96; 96; 32; 192; 32; 2; 0],0.010365905065555125,0.08340309562561793,tvm
197,197,1,192,192,96,6,2,6,1,[197; 197; 1; 192; 192; 96; 6; 2; 6; 1],0.00565577777888393,0.1528611280762122,tvm
197,197,1,192,32,32,4,4,2,1,[197; 197; 1; 192; 32; 32; 4; 4; 2; 1],0.009004764680867083,0.0960101237587613,tvm
197,197,1,128,32,32,24,4,2,0,[197; 197; 1; 128; 32; 32; 24; 4; 2; 0],0.003639525566541124,0.23754430505353136,tvm
197,197,1,64,64,64,24,24,4,1,[197; 197; 1; 64; 64; 64; 24; 24; 4; 1],0.0023695974377915263,0.36485039932957297,tvm
197,197,1,128,64,64,24,6,4,0,[197; 197; 1; 128; 64; 64; 24; 6; 4; 0],0.00459069458884187,0.18832630982029183,tvm
197,197,1,192,96,32,6,2,2,1,[197; 197; 1; 192; 96; 32; 6; 2; 2; 1],0.003402499874937348,0.2540921684661313,tvm
197,197,1,96,96,48,3,1,3,1,[197; 197; 1; 96; 96; 48; 3; 1; 3; 1],0.008106705558020622,0.10664610491165592,tvm
197,197,1,96,96,96,12,3,6,1,[197; 197; 1; 96; 96; 96; 12; 3; 6; 1],0.0027485035789140966,0.3145524634063402,tvm
197,197,1,96,96,96,768,6,6,1,[197; 197; 1; 96; 96; 96; 768; 6; 6; 1],0.004937088655424304,0.17511303356456948,tvm
197,197,1,48,48,48,512,64,3,1,[197; 197; 1; 48; 48; 48; 512; 64; 3; 1],0.008417584249400534,0.10270744501192738,tvm
197,197,1,96,96,48,3,3,3,1,[197; 197; 1; 96; 96; 48; 3; 3; 3; 1],0.0022397520297090523,0.38600191448018367,tvm
197,197,1,96,32,32,16,1,2,1,[197; 197; 1; 96; 32; 32; 16; 1; 2; 1],0.0021305336558725685,0.4057896804612984,tvm
197,197,1,48,48,16,8,4,1,0,[197; 197; 1; 48; 48; 16; 8; 4; 1; 0],0.006343182554701343,0.13629571023268097,tvm
197,197,1,96,48,48,48,1,3,0,[197; 197; 1; 96; 48; 48; 48; 1; 3; 0],0.006133743787358981,0.1409495736046748,tvm
197,197,1,96,96,48,384,2,3,1,[197; 197; 1; 96; 96; 48; 384; 2; 3; 1],0.004951354028889909,0.17460851443547507,tvm
197,197,1,128,128,64,96,8,4,1,[197; 197; 1; 128; 128; 64; 96; 8; 4; 1],0.009052181747392751,0.09550720429111827,tvm
197,197,1,96,32,16,16,4,1,0,[197; 197; 1; 96; 32; 16; 16; 4; 1; 0],0.008660830440931022,0.09982282615102601,tvm
197,197,1,96,96,16,16,1,1,1,[197; 197; 1; 96; 96; 16; 16; 1; 1; 1],0.012535026122350246,0.06897062383356832,tvm
197,197,1,96,32,32,32,1,2,0,[197; 197; 1; 96; 32; 32; 32; 1; 2; 0],0.0029342312991502695,0.29464227025283857,tvm
197,197,1,192,192,192,12,1,12,1,[197; 197; 1; 192; 192; 192; 12; 1; 12; 1],0.00644406680657994,0.13416195042326282,tvm
197,197,1,192,64,16,6,1,1,1,[197; 197; 1; 192; 64; 16; 6; 1; 1; 1],0.00377956178272143,0.22874307158595067,tvm
197,197,1,32,32,32,6,3,2,0,[197; 197; 1; 32; 32; 32; 6; 3; 2; 0],0.004709720815299079,0.18356684086669592,tvm
197,197,1,96,48,16,4,1,1,1,[197; 197; 1; 96; 48; 16; 4; 1; 1; 1],0.003983652968599927,0.2170240676693334,tvm
197,197,1,32,32,32,8,8,2,0,[197; 197; 1; 32; 32; 32; 8; 8; 2; 0],0.004612466967955697,0.18743734696310466,tvm
197,197,1,128,128,64,32,4,4,0,[197; 197; 1; 128; 128; 64; 32; 4; 4; 0],0.0064155208674492314,0.13475890567437437,tvm
197,197,1,96,16,16,24,6,1,0,[197; 197; 1; 96; 16; 16; 24; 6; 1; 0],0.009404461743542925,0.09192961755861975,tvm
197,197,1,128,128,128,1024,8,8,1,[197; 197; 1; 128; 128; 128; 1024; 8; 8; 1],0.004461510565306526,0.19377933970423603,tvm
197,197,1,64,32,32,768,3,2,0,[197; 197; 1; 64; 32; 32; 768; 3; 2; 0],0.004838496221054811,0.17868125382974803,tvm
197,197,1,64,64,32,96,1,2,1,[197; 197; 1; 64; 64; 32; 96; 1; 2; 1],0.004338838683906943,0.19925805829915796,tvm
197,197,1,256,16,16,12,1,1,1,[197; 197; 1; 256; 16; 16; 12; 1; 1; 1],0.007598850497743115,0.11377359926811895,tvm
197,197,1,192,192,48,24,2,3,0,[197; 197; 1; 192; 192; 48; 24; 2; 3; 0],0.0073472028016112745,0.11767043795755468,tvm
197,197,1,192,96,96,384,16,6,0,[197; 197; 1; 192; 96; 96; 384; 16; 6; 0],0.010905330054811202,0.07927761627417694,tvm
197,197,1,128,32,32,384,2,2,1,[197; 197; 1; 128; 32; 32; 384; 2; 2; 1],0.009322147932834923,0.09274134863097552,tvm
197,197,1,96,96,32,256,64,2,0,[197; 197; 1; 96; 96; 32; 256; 64; 2; 0],0.013903180748457089,0.06218350944797398,tvm
197,197,1,64,32,16,32,4,1,0,[197; 197; 1; 64; 32; 16; 32; 4; 1; 0],0.006961906488868408,0.12418273253323969,tvm
197,197,1,128,128,32,512,64,2,0,[197; 197; 1; 128; 128; 32; 512; 64; 2; 0],0.004715787719760556,0.18333068043030334,tvm
197,197,1,256,128,64,12,3,4,0,[197; 197; 1; 256; 128; 64; 12; 3; 4; 0],0.008918473060475662,0.09693907976916187,tvm
197,197,1,384,48,48,12,6,3,1,[197; 197; 1; 384; 48; 48; 12; 6; 3; 1],0.006851680751424283,0.12618050997908137,tvm
197,197,1,96,16,16,32,4,1,1,[197; 197; 1; 96; 16; 16; 32; 4; 1; 1],0.006188376588397659,0.13970522948611094,tvm
197,197,1,384,384,128,24,6,8,1,[197; 197; 1; 384; 384; 128; 24; 6; 8; 1],0.009179920190945268,0.09417822306138673,tvm
197,197,1,128,32,32,768,16,2,0,[197; 197; 1; 128; 32; 32; 768; 16; 2; 0],0.01877641599276103,0.046044387372003545,tvm
197,197,1,96,96,32,256,4,2,0,[197; 197; 1; 96; 96; 32; 256; 4; 2; 0],0.01378832061891444,0.06270151349995498,tvm
197,197,1,192,64,64,768,3,4,1,[197; 197; 1; 192; 64; 64; 768; 3; 4; 1],0.0054886879370315,0.15751461576009249,tvm
197,197,1,256,128,64,12,2,4,0,[197; 197; 1; 256; 128; 64; 12; 2; 4; 0],0.00905024737585336,0.09552761770194729,tvm
197,197,1,384,384,192,16,4,12,1,[197; 197; 1; 384; 384; 192; 16; 4; 12; 1],0.0064865824388107285,0.1332825998257228,tvm
197,197,1,128,32,32,48,4,2,1,[197; 197; 1; 128; 32; 32; 48; 4; 2; 1],0.004337107406172436,0.1993375977265799,tvm
197,197,1,384,384,128,16,4,8,1,[197; 197; 1; 384; 384; 128; 16; 4; 8; 1],0.00642721563053783,0.13451370253097075,tvm
197,197,1,256,256,32,24,8,2,1,[197; 197; 1; 256; 256; 32; 24; 8; 2; 1],0.005702482310880441,0.15160916321984844,tvm
197,197,1,64,64,32,384,6,2,0,[197; 197; 1; 64; 64; 32; 384; 6; 2; 0],0.018565466249128804,0.046567565814251546,tvm
197,197,1,256,64,64,24,12,4,0,[197; 197; 1; 256; 64; 64; 24; 12; 4; 0],0.009873236631392501,0.08756485879004372,tvm
197,197,1,384,192,192,16,4,12,1,[197; 197; 1; 384; 192; 192; 16; 4; 12; 1],0.005679182715539355,0.15223115978695267,tvm
197,197,1,384,192,96,8,4,6,1,[197; 197; 1; 384; 192; 96; 8; 4; 6; 1],0.006028888310538605,0.14340099316773292,tvm
197,197,1,128,128,16,16,16,1,0,[197; 197; 1; 128; 128; 16; 16; 16; 1; 0],0.004040122214064468,0.2139906977117935,tvm
197,197,1,96,96,32,48,4,2,1,[197; 197; 1; 96; 96; 32; 48; 4; 2; 1],0.006176913033414166,0.13996450439754843,tvm
197,197,1,128,64,32,128,32,2,0,[197; 197; 1; 128; 64; 32; 128; 32; 2; 0],0.013394456880632788,0.064545250257861,tvm
197,197,1,128,64,32,48,12,2,0,[197; 197; 1; 128; 64; 32; 48; 12; 2; 0],0.00882750931486953,0.09793799593870486,tvm
197,197,1,96,96,32,48,8,2,1,[197; 197; 1; 96; 96; 32; 48; 8; 2; 1],0.006127999280579388,0.141081702500923,tvm
197,197,1,64,64,32,12,3,2,0,[197; 197; 1; 64; 64; 32; 12; 3; 2; 0],0.00863919549738057,0.10007281021603286,tvm
197,197,1,192,96,96,3,1,6,1,[197; 197; 1; 192; 96; 96; 3; 1; 6; 1],0.0044454052185756154,0.1944813867172243,tvm
197,197,1,256,128,64,12,12,4,1,[197; 197; 1; 256; 128; 64; 12; 12; 4; 1],0.004304939189751167,0.20082712747413833,tvm
197,197,1,128,128,32,24,2,2,0,[197; 197; 1; 128; 128; 32; 24; 2; 2; 0],0.004508457401243504,0.19176150387716098,tvm
197,197,1,64,16,16,32,32,1,0,[197; 197; 1; 64; 16; 16; 32; 32; 1; 0],0.009921384058543481,0.08713991579472152,tvm
197,197,1,192,32,32,32,32,2,0,[197; 197; 1; 192; 32; 32; 32; 32; 2; 0],0.005043139281042386,0.17143063541363754,tvm
197,197,1,32,16,16,32,4,1,1,[197; 197; 1; 32; 16; 16; 32; 4; 1; 1],0.009331211374956183,0.092651268596156,tvm
197,197,1,128,128,64,256,64,4,1,[197; 197; 1; 128; 128; 64; 256; 64; 4; 1],0.006934787059435621,0.12466836602462766,tvm
197,197,1,256,256,128,24,12,8,1,[197; 197; 1; 256; 256; 128; 24; 12; 8; 1],0.003822024809778668,0.2262017162255514,tvm
197,197,1,64,16,16,24,4,1,0,[197; 197; 1; 64; 16; 16; 24; 4; 1; 0],0.005225350534601603,0.16545274153449446,tvm
197,197,1,192,64,64,4,1,4,1,[197; 197; 1; 192; 64; 64; 4; 1; 4; 1],0.006341098502161913,0.1363405049036559,tvm
197,197,1,128,64,16,24,24,1,1,[197; 197; 1; 128; 64; 16; 24; 24; 1; 1],0.003847037565719802,0.22473099278582417,tvm
197,197,1,192,64,64,8,2,4,0,[197; 197; 1; 192; 64; 64; 8; 2; 4; 0],0.004013147787190974,0.2154290390670405,tvm
197,197,1,128,128,64,128,4,4,1,[197; 197; 1; 128; 128; 64; 128; 4; 4; 1],0.007292029695236124,0.11856075846665574,tvm
197,197,1,96,48,48,6,6,3,0,[197; 197; 1; 96; 48; 48; 6; 6; 3; 0],0.006427883432479575,0.13449972771131433,tvm
197,197,1,96,96,96,16,4,6,0,[197; 197; 1; 96; 96; 96; 16; 4; 6; 0],0.0071553852467332035,0.12082488106748433,tvm
197,197,1,48,48,48,256,8,3,1,[197; 197; 1; 48; 48; 48; 256; 8; 3; 1],0.005419117682322394,0.15953677740728894,tvm
197,197,1,96,96,48,384,3,3,1,[197; 197; 1; 96; 96; 48; 384; 3; 3; 1],0.005297482974128798,0.16319987730979946,tvm
197,197,1,48,48,48,12,3,3,0,[197; 197; 1; 48; 48; 48; 12; 3; 3; 0],0.003997272877313662,0.21628460151801918,tvm
197,197,1,96,96,48,256,8,3,0,[197; 197; 1; 96; 96; 48; 256; 8; 3; 0],0.00674282836553175,0.12821749636220967,tvm
197,197,1,128,128,64,64,8,4,1,[197; 197; 1; 128; 128; 64; 64; 8; 4; 1],0.009107463512918912,0.09492748120288504,tvm
197,197,1,192,96,32,6,6,2,1,[197; 197; 1; 192; 96; 32; 6; 6; 2; 1],0.0066882321843877435,0.12926413850384505,tvm
197,197,1,64,64,64,192,24,4,0,[197; 197; 1; 64; 64; 64; 192; 24; 4; 0],0.00721780069579836,0.11978005598462203,tvm
197,197,1,32,32,32,24,1,2,0,[197; 197; 1; 32; 32; 32; 24; 1; 2; 0],0.006628681250731461,0.1304254253186741,tvm
197,197,1,64,64,64,48,6,4,1,[197; 197; 1; 64; 64; 64; 48; 6; 4; 1],0.007224150758702308,0.11967476874525697,tvm
197,197,1,96,48,48,384,24,3,1,[197; 197; 1; 96; 48; 48; 384; 24; 3; 1],0.008083855122094974,0.10694755885290025,tvm
197,197,1,96,48,48,512,32,3,0,[197; 197; 1; 96; 48; 48; 512; 32; 3; 0],0.01322044336120598,0.06539482434949946,tvm
197,197,1,48,48,48,64,8,3,1,[197; 197; 1; 48; 48; 48; 64; 8; 3; 1],0.008518704067682847,0.10148827386883685,tvm
197,197,1,32,16,16,32,4,1,0,[197; 197; 1; 32; 16; 16; 32; 4; 1; 0],0.010155500756809488,0.08513106267545423,tvm
197,197,1,96,96,96,192,32,6,1,[197; 197; 1; 96; 96; 96; 192; 32; 6; 1],0.010050141747342423,0.08602352018141292,tvm
197,197,1,64,32,16,16,2,1,1,[197; 197; 1; 64; 32; 16; 16; 2; 1; 1],0.015242054883856326,0.05672126088092367,tvm
197,197,1,96,32,32,16,2,2,0,[197; 197; 1; 96; 32; 32; 16; 2; 2; 0],0.006369435490341857,0.13573393948953705,tvm
197,197,1,128,128,128,24,24,8,0,[197; 197; 1; 128; 128; 128; 24; 24; 8; 0],0.0070327346184058115,0.12293206246769316,tvm
197,197,1,96,32,16,32,8,1,0,[197; 197; 1; 96; 32; 16; 32; 8; 1; 0],0.003972476341004949,0.2176346684571719,tvm
197,197,1,384,96,96,32,32,6,0,[197; 197; 1; 384; 96; 96; 32; 32; 6; 0],0.013903825863962993,0.062180624231591895,tvm
197,197,1,192,192,48,512,16,3,1,[197; 197; 1; 192; 192; 48; 512; 16; 3; 1],0.00512573618470924,0.16866817570666942,tvm
197,197,1,192,96,16,8,8,1,0,[197; 197; 1; 192; 96; 16; 8; 8; 1; 0],0.00830368474998977,0.10411625651246412,tvm
197,197,1,192,48,16,24,1,1,1,[197; 197; 1; 192; 48; 16; 24; 1; 1; 1],0.006290228557190858,0.13744310935096907,tvm
197,197,1,384,384,96,32,4,6,1,[197; 197; 1; 384; 384; 96; 32; 4; 6; 1],0.00939147781173233,0.09205671234707404,tvm
197,197,1,384,128,128,24,24,8,1,[197; 197; 1; 384; 128; 128; 24; 24; 8; 1],0.010937857121462002,0.07904186001224818,tvm
197,197,1,32,16,16,96,12,1,0,[197; 197; 1; 32; 16; 16; 96; 12; 1; 0],0.01688054425176233,0.051215681113973115,tvm
197,197,1,64,64,32,128,8,2,1,[197; 197; 1; 64; 64; 32; 128; 8; 2; 1],0.004385207219456788,0.19715113292540512,tvm
197,197,1,64,64,32,192,24,2,1,[197; 197; 1; 64; 64; 32; 192; 24; 2; 1],0.008944826695369557,0.09665347366384637,tvm
197,197,1,96,96,32,8,8,2,0,[197; 197; 1; 96; 96; 32; 8; 8; 2; 0],0.006585251176147722,0.13128558779352742,tvm
197,197,1,128,128,32,512,1,2,0,[197; 197; 1; 128; 128; 32; 512; 1; 2; 0],0.012607961369212717,0.06857163867425116,tvm
197,197,1,384,96,96,24,12,6,1,[197; 197; 1; 384; 96; 96; 24; 12; 6; 1],0.0066691936226561666,0.12963314912489288,tvm
197,197,1,96,48,16,24,3,1,0,[197; 197; 1; 96; 48; 16; 24; 3; 1; 0],0.0065311753714922816,0.1323725856761115,tvm
197,197,1,96,96,96,1024,16,6,1,[197; 197; 1; 96; 96; 96; 1024; 16; 6; 1],0.011266406378126703,0.07673685312000278,tvm
197,197,1,96,32,32,384,24,2,0,[197; 197; 1; 96; 32; 32; 384; 24; 2; 0],0.013988005375722423,0.061806422588961935,tvm
197,197,1,192,64,16,32,4,1,1,[197; 197; 1; 192; 64; 16; 32; 4; 1; 1],0.006935823941603303,0.12464972852651737,tvm
197,197,1,96,32,32,64,4,2,0,[197; 197; 1; 96; 32; 32; 64; 4; 2; 0],0.0033612692495808005,0.25720896103053725,tvm
197,197,1,96,96,32,768,24,2,0,[197; 197; 1; 96; 96; 32; 768; 24; 2; 0],0.008786007252638228,0.09840062118876218,tvm
197,197,1,384,384,128,16,1,8,1,[197; 197; 1; 384; 384; 128; 16; 1; 8; 1],0.006759413197869435,0.12790290312494534,tvm
197,197,1,96,32,16,8,2,1,0,[197; 197; 1; 96; 32; 16; 8; 2; 1; 0],0.006545195064973086,0.1320890459102194,tvm
197,197,1,96,16,16,24,12,1,0,[197; 197; 1; 96; 16; 16; 24; 12; 1; 0],0.006344181310851127,0.13627425337763316,tvm
197,197,1,96,32,32,48,4,2,1,[197; 197; 1; 96; 32; 32; 48; 4; 2; 1],0.006504491131636314,0.13291563535594822,tvm
197,197,1,192,64,32,2,2,2,1,[197; 197; 1; 192; 64; 32; 2; 2; 2; 1],0.006591759927687235,0.13115595545238617,tvm
197,197,1,64,64,32,96,1,2,1,[197; 197; 1; 64; 64; 32; 96; 1; 2; 1],0.004277083062333986,0.20213509039424427,tvm
197,197,1,256,64,32,4,2,2,1,[197; 197; 1; 256; 64; 32; 4; 2; 2; 1],0.00871355524577666,0.09921880874601742,tvm
197,197,1,64,64,16,12,12,1,0,[197; 197; 1; 64; 64; 16; 12; 12; 1; 0],0.006798672693548724,0.1271643172716556,tvm
197,197,1,96,16,16,24,8,1,0,[197; 197; 1; 96; 16; 16; 24; 8; 1; 0],0.006912233817274682,0.1250751340714109,tvm
197,197,1,192,64,64,384,6,4,1,[197; 197; 1; 192; 64; 64; 384; 6; 4; 1],0.00843433869886212,0.10250342110937612,tvm
197,197,1,96,32,16,16,4,1,0,[197; 197; 1; 96; 32; 16; 16; 4; 1; 0],0.00766605518583674,0.11277619981471697,tvm
197,197,1,128,64,64,256,2,4,1,[197; 197; 1; 128; 64; 64; 256; 2; 4; 1],0.007356307309237309,0.1175248035577522,tvm
197,197,1,192,192,48,48,16,3,1,[197; 197; 1; 192; 192; 48; 48; 16; 3; 1],0.010805569632793777,0.08000953219576289,tvm
197,197,1,64,64,32,24,1,2,0,[197; 197; 1; 64; 64; 32; 24; 1; 2; 0],0.003485598244878929,0.24803448667636138,tvm
197,197,1,192,192,64,16,16,4,0,[197; 197; 1; 192; 192; 64; 16; 16; 4; 0],0.009238145561539568,0.09358464484775789,tvm
197,197,1,128,128,32,96,16,2,1,[197; 197; 1; 128; 128; 32; 96; 16; 2; 1],0.0042837453438551165,0.20182072042838312,tvm
197,197,1,48,48,16,32,32,1,1,[197; 197; 1; 48; 48; 16; 32; 32; 1; 1],0.008653284749016166,0.09990987197397683,tvm
197,197,1,192,96,96,768,3,6,1,[197; 197; 1; 192; 96; 96; 768; 3; 6; 1],0.005702562652004417,0.1516070272589969,tvm
197,197,1,64,32,16,24,8,1,1,[197; 197; 1; 64; 32; 16; 24; 8; 1; 1],0.00439997277862858,0.19648952730522143,tvm
197,197,1,256,128,32,12,2,2,1,[197; 197; 1; 256; 128; 32; 12; 2; 2; 1],0.011183872309629805,0.07730315113524294,tvm
197,197,1,192,192,96,32,16,6,0,[197; 197; 1; 192; 192; 96; 32; 16; 6; 0],0.007003045073361136,0.12345323532433417,tvm
197,197,1,48,48,48,384,64,3,0,[197; 197; 1; 48; 48; 48; 384; 64; 3; 0],0.003103368937445339,0.2785838837905811,tvm
197,197,1,256,64,64,12,6,4,1,[197; 197; 1; 256; 64; 64; 12; 6; 4; 1],0.004187618935247883,0.20645349655660467,tvm
197,197,1,32,32,16,32,16,1,0,[197; 197; 1; 32; 32; 16; 32; 16; 1; 0],0.00798716431017965,0.10824224190889664,tvm
197,197,1,64,64,64,768,64,4,1,[197; 197; 1; 64; 64; 64; 768; 64; 4; 1],0.007148226621211506,0.12094588171884857,tvm
197,197,1,48,48,16,24,8,1,0,[197; 197; 1; 48; 48; 16; 24; 8; 1; 0],0.009639209252782166,0.089690818899801,tvm
197,197,1,96,96,96,384,4,6,0,[197; 197; 1; 96; 96; 96; 384; 4; 6; 0],0.005329412131686695,0.16222212695623375,tvm
197,197,1,96,96,96,128,2,6,1,[197; 197; 1; 96; 96; 96; 128; 2; 6; 1],0.008147238113451749,0.10611553993998675,tvm
197,197,1,192,192,48,32,1,3,1,[197; 197; 1; 192; 192; 48; 32; 1; 3; 1],0.00409147471509641,0.2113048794456987,tvm
197,197,1,96,48,48,384,12,3,1,[197; 197; 1; 96; 48; 48; 384; 12; 3; 1],0.00272533365568961,0.3172266887849402,tvm
197,197,1,48,48,48,256,2,3,0,[197; 197; 1; 48; 48; 48; 256; 2; 3; 0],0.0028283634383114986,0.30567096141813277,tvm
197,197,1,64,64,32,24,12,2,1,[197; 197; 1; 64; 64; 32; 24; 12; 2; 1],0.003816179341811221,0.22654820279443222,tvm
197,197,1,96,96,48,128,8,3,1,[197; 197; 1; 96; 96; 48; 128; 8; 3; 1],0.007026092876913026,0.12304826972461232,tvm
197,197,1,96,48,48,48,8,3,1,[197; 197; 1; 96; 48; 48; 48; 8; 3; 1],0.007621398501214571,0.11343699864149527,tvm
197,197,1,128,32,16,16,2,1,1,[197; 197; 1; 128; 32; 16; 16; 2; 1; 1],0.007059116804157384,0.12247262588421906,tvm
197,197,1,48,48,16,12,12,1,1,[197; 197; 1; 48; 48; 16; 12; 12; 1; 1],0.005644481279887259,0.15316705443052503,tvm
197,197,1,96,96,48,48,3,3,1,[197; 197; 1; 96; 96; 48; 48; 3; 3; 1],0.008305551746161655,0.10409285232954159,tvm
197,197,1,192,192,64,24,24,4,1,[197; 197; 1; 192; 192; 64; 24; 24; 4; 1],0.003395151063159574,0.2546421515112234,tvm
197,197,1,96,48,48,384,48,3,1,[197; 197; 1; 96; 48; 48; 384; 48; 3; 1],0.0027370803109079134,0.3158652553902567,tvm
197,197,1,32,32,16,12,4,1,0,[197; 197; 1; 32; 32; 16; 12; 4; 1; 0],0.007623449506354518,0.11340647966618364,tvm
197,197,1,128,64,64,16,8,4,1,[197; 197; 1; 128; 64; 64; 16; 8; 4; 1],0.0044256639666855335,0.19534889633205677,tvm
197,197,1,64,64,16,6,1,1,1,[197; 197; 1; 64; 64; 16; 6; 1; 1; 1],0.007166571871493943,0.12063628006961544,tvm
197,197,1,128,128,64,24,24,4,1,[197; 197; 1; 128; 128; 64; 24; 24; 4; 1],0.00477585077896947,0.18102503856184615,tvm
197,197,1,64,64,64,8,4,4,1,[197; 197; 1; 64; 64; 64; 8; 4; 4; 1],0.004446743841981515,0.19442284110598093,tvm
197,197,1,48,48,48,24,6,3,1,[197; 197; 1; 48; 48; 48; 24; 6; 3; 1],0.010693790696677752,0.08084584745960675,tvm
197,197,1,192,192,96,768,1,6,1,[197; 197; 1; 192; 192; 96; 768; 1; 6; 1],0.0049424799653934315,0.17492201839603239,tvm
197,197,1,192,64,64,64,64,4,0,[197; 197; 1; 192; 64; 64; 64; 64; 4; 0],0.004346108187746722,0.19892476995074623,tvm
197,197,1,384,192,64,3,3,4,1,[197; 197; 1; 384; 192; 64; 3; 3; 4; 1],0.00845209242834244,0.10228811134737202,tvm
197,197,1,192,192,192,768,12,12,1,[197; 197; 1; 192; 192; 192; 768; 12; 12; 1],0.005254695555777289,0.16452876522561638,tvm
197,197,1,256,256,32,32,16,2,0,[197; 197; 1; 256; 256; 32; 32; 16; 2; 0],0.013756579108303413,0.06284618905776754,tvm
197,197,1,192,48,16,32,16,1,1,[197; 197; 1; 192; 48; 16; 32; 16; 1; 1],0.01411795848980546,0.06123750626217378,tvm
197,197,1,256,256,16,16,8,1,1,[197; 197; 1; 256; 256; 16; 16; 8; 1; 1],0.006417592070647515,0.13471541380493837,tvm
197,197,1,128,128,64,128,64,4,0,[197; 197; 1; 128; 128; 64; 128; 64; 4; 0],0.010416218254249543,0.08300023581743386,tvm
197,197,1,32,32,32,768,3,2,0,[197; 197; 1; 32; 32; 32; 768; 3; 2; 0],0.00727835251018405,0.11878355303880567,tvm
197,197,1,256,256,128,16,2,8,0,[197; 197; 1; 256; 256; 128; 16; 2; 8; 0],0.008796562062343583,0.09828255235412255,tvm
197,197,1,32,16,16,32,16,1,1,[197; 197; 1; 32; 16; 16; 32; 16; 1; 1],0.0031124255001486745,0.27777325799035946,tvm
197,197,1,192,192,64,768,6,4,1,[197; 197; 1; 192; 192; 64; 768; 6; 4; 1],0.018704852234805003,0.0462205507199819,tvm
197,197,1,384,384,96,6,2,6,1,[197; 197; 1; 384; 384; 96; 6; 2; 6; 1],0.007137562250136398,0.12112658932145215,tvm
197,197,1,32,32,32,192,6,2,0,[197; 197; 1; 32; 32; 32; 192; 6; 2; 0],0.006941062500118278,0.12455565288654859,tvm
197,197,1,64,32,16,32,1,1,0,[197; 197; 1; 64; 32; 16; 32; 1; 1; 0],0.007396874614642002,0.1168802523321418,tvm
197,197,1,256,128,32,32,16,2,1,[197; 197; 1; 256; 128; 32; 32; 16; 2; 1],0.016855990135809407,0.05129028698183067,tvm
197,197,1,64,32,32,4,1,2,0,[197; 197; 1; 64; 32; 32; 4; 1; 2; 0],0.0061229748171172105,0.1411974730014673,tvm
197,197,1,64,32,32,64,16,2,0,[197; 197; 1; 64; 32; 32; 64; 16; 2; 0],0.009096922614844516,0.09503747674161656,tvm
197,197,1,192,96,48,96,32,3,1,[197; 197; 1; 192; 96; 48; 96; 32; 3; 1],0.0053287951232050546,0.1622409102695208,tvm
197,197,1,128,64,32,192,1,2,1,[197; 197; 1; 128; 64; 32; 192; 1; 2; 1],0.004469878280360717,0.19341658031878278,tvm
197,197,1,256,256,128,32,2,8,0,[197; 197; 1; 256; 256; 128; 32; 2; 8; 0],0.0070735757471993566,0.12222228224118084,tvm
197,197,1,64,64,32,384,3,2,0,[197; 197; 1; 64; 64; 32; 384; 3; 2; 0],0.014205272367689759,0.06086110488067856,tvm
197,197,1,96,32,16,32,8,1,0,[197; 197; 1; 96; 32; 16; 32; 8; 1; 0],0.011100338379037566,0.07788488439786917,tvm
197,197,1,32,32,32,48,12,2,1,[197; 197; 1; 32; 32; 32; 48; 12; 2; 1],0.008263227180577815,0.10462601989942105,tvm
197,197,1,128,128,16,16,1,1,0,[197; 197; 1; 128; 128; 16; 16; 1; 1; 0],0.006181279190059286,0.13986564024141407,tvm
197,197,1,96,48,16,8,8,1,0,[197; 197; 1; 96; 48; 16; 8; 8; 1; 0],0.004720842094684485,0.18313439723010963,tvm
197,197,1,96,96,16,16,1,1,0,[197; 197; 1; 96; 96; 16; 16; 1; 1; 0],0.006724968319758773,0.12855801400408426,tvm
197,197,1,128,32,32,128,1,2,0,[197; 197; 1; 128; 32; 32; 128; 1; 2; 0],0.008007947617443278,0.10796131702277523,tvm
197,197,1,128,64,64,768,48,4,1,[197; 197; 1; 128; 64; 64; 768; 48; 4; 1],0.008753783127758652,0.09876285016555274,tvm
197,197,1,192,192,192,32,16,12,0,[197; 197; 1; 192; 192; 192; 32; 16; 12; 0],0.009026587067637593,0.0957780127694307,tvm
197,197,1,256,128,64,6,2,4,1,[197; 197; 1; 256; 128; 64; 6; 2; 4; 1],0.00359634128108155,0.24039669871613809,tvm
197,197,1,96,16,16,16,8,1,1,[197; 197; 1; 96; 16; 16; 16; 8; 1; 1],0.005271472873573657,0.16400512573300474,tvm
197,197,1,96,32,32,96,1,2,1,[197; 197; 1; 96; 32; 32; 96; 1; 2; 1],0.0032825606904225424,0.26337626413155024,tvm
197,197,1,256,32,16,6,3,1,1,[197; 197; 1; 256; 32; 16; 6; 3; 1; 1],0.005650842533214018,0.1529946315698951,tvm
197,197,1,256,128,64,12,1,4,1,[197; 197; 1; 256; 128; 64; 12; 1; 4; 1],0.005453069279610645,0.15854347837852906,tvm
197,197,1,128,64,64,192,16,4,0,[197; 197; 1; 128; 64; 64; 192; 16; 4; 0],0.003545558407495264,0.2438398898184633,tvm
197,197,1,64,32,32,8,4,2,0,[197; 197; 1; 64; 32; 32; 8; 4; 2; 0],0.007655784749658778,0.11292749204673037,tvm
197,197,1,128,64,64,96,12,4,0,[197; 197; 1; 128; 64; 64; 96; 12; 4; 0],0.01086808432592079,0.07954930652926481,tvm
197,197,1,48,48,48,6,1,3,0,[197; 197; 1; 48; 48; 48; 6; 1; 3; 0],0.006648447815678082,0.13003765621651273,tvm
197,197,1,192,48,16,12,2,1,1,[197; 197; 1; 192; 48; 16; 12; 2; 1; 1],0.008537991248886101,0.10125901353452005,tvm
197,197,1,192,64,64,24,8,4,1,[197; 197; 1; 192; 64; 64; 24; 8; 4; 1],0.003215268188796472,0.268888478554004,tvm
197,197,1,64,64,64,128,8,4,0,[197; 197; 1; 64; 64; 64; 128; 8; 4; 0],0.0075280117453075945,0.11484421128426998,tvm
197,197,1,96,96,48,128,1,3,0,[197; 197; 1; 96; 96; 48; 128; 1; 3; 0],0.005700935151253361,0.15165030797420995,tvm
197,197,1,256,256,64,12,6,4,1,[197; 197; 1; 256; 256; 64; 12; 6; 4; 1],0.004603245812177192,0.187812818759654,tvm
197,197,1,32,32,32,8,1,2,0,[197; 197; 1; 32; 32; 32; 8; 1; 2; 0],0.004163572499237489,0.20764585499277452,tvm
197,197,1,48,16,16,12,3,1,1,[197; 197; 1; 48; 16; 16; 12; 3; 1; 1],0.007112943698302843,0.12154581957886912,tvm
197,197,1,32,32,16,8,1,1,0,[197; 197; 1; 32; 32; 16; 8; 1; 1; 0],0.004514339401794132,0.1915116464404458,tvm
197,197,1,192,64,64,16,4,4,1,[197; 197; 1; 192; 64; 64; 16; 4; 4; 1],0.003205297347449232,0.26972492025321054,tvm
197,197,1,96,96,48,64,16,3,0,[197; 197; 1; 96; 96; 48; 64; 16; 3; 0],0.003221650462364778,0.2683557951206071,tvm
197,197,1,128,64,64,32,2,4,0,[197; 197; 1; 128; 64; 64; 32; 2; 4; 0],0.0029426496403175406,0.29379935673731045,tvm
197,197,1,48,48,48,24,6,3,0,[197; 197; 1; 48; 48; 48; 24; 6; 3; 0],0.004989431123249233,0.17327598078266634,tvm
197,197,1,128,64,64,48,16,4,1,[197; 197; 1; 128; 64; 64; 48; 16; 4; 1],0.00796901574358344,0.10848875184174356,tvm
197,197,1,128,128,128,64,32,8,1,[197; 197; 1; 128; 128; 128; 64; 32; 8; 1],0.006822990806540474,0.12671108549638097,tvm
197,197,1,48,48,48,512,2,3,0,[197; 197; 1; 48; 48; 48; 512; 2; 3; 0],0.009852868199232034,0.08774587804756763,tvm
197,197,1,128,64,16,8,1,1,1,[197; 197; 1; 128; 64; 16; 8; 1; 1; 1],0.005060692434199154,0.17083602346313795,tvm
197,197,1,192,192,96,3,3,6,1,[197; 197; 1; 192; 192; 96; 3; 3; 6; 1],0.012678776634857059,0.06818864282628939,tvm
197,197,1,16,16,16,6,2,1,0,[197; 197; 1; 16; 16; 16; 6; 2; 1; 0],0.0035789739995379932,0.24156324453325875,tvm
197,197,1,16,16,16,24,1,1,0,[197; 197; 1; 16; 16; 16; 24; 1; 1; 0],0.003106178955931682,0.2783318616519487,tvm
197,197,1,192,192,64,16,1,4,1,[197; 197; 1; 192; 192; 64; 16; 1; 4; 1],0.003458799284999259,0.24995627100366902,tvm
197,197,1,96,32,32,32,16,2,1,[197; 197; 1; 96; 32; 32; 32; 16; 2; 1],0.005100190937810112,0.16951298137080842,tvm
197,197,1,48,48,48,384,48,3,0,[197; 197; 1; 48; 48; 48; 384; 48; 3; 0],0.002795216874801554,0.3092957041088091,tvm
197,197,1,96,32,32,16,8,2,1,[197; 197; 1; 96; 32; 32; 16; 8; 2; 1],0.004146113591559697,0.20852023282443233,tvm
197,197,1,128,128,128,24,4,8,1,[197; 197; 1; 128; 128; 128; 24; 4; 8; 1],0.0038590625626966357,0.2240307218094029,tvm
197,197,1,48,48,48,32,16,3,1,[197; 197; 1; 48; 48; 48; 32; 16; 3; 1],0.012798777257557958,0.06754930990911936,tvm
197,197,1,192,192,96,12,3,6,0,[197; 197; 1; 192; 192; 96; 12; 3; 6; 0],0.011744651696062647,0.07361210820056999,tvm
197,197,1,256,128,128,8,4,8,0,[197; 197; 1; 256; 128; 128; 8; 4; 8; 0],0.007557791876024567,0.1143916881557908,tvm
197,197,1,192,64,32,48,3,2,1,[197; 197; 1; 192; 64; 32; 48; 3; 2; 1],0.006318338986602612,0.1368316219281298,tvm
197,197,1,192,48,48,768,48,3,0,[197; 197; 1; 192; 48; 48; 768; 48; 3; 0],0.011240728868870065,0.0769121452455669,tvm
197,197,1,384,384,192,16,4,12,0,[197; 197; 1; 384; 384; 192; 16; 4; 12; 0],0.01366922486340627,0.06324781251810735,tvm
197,197,1,96,16,16,32,1,1,1,[197; 197; 1; 96; 16; 16; 32; 1; 1; 1],0.006815975633799098,0.12684149971743489,tvm
197,197,1,256,16,16,12,2,1,1,[197; 197; 1; 256; 16; 16; 12; 2; 1; 1],0.007599890624987893,0.11375802812029925,tvm
197,197,1,96,96,32,384,1,2,1,[197; 197; 1; 96; 96; 32; 384; 1; 2; 1],0.006959664751775563,0.12422273231020303,tvm
197,197,1,192,192,64,192,8,4,1,[197; 197; 1; 192; 192; 64; 192; 8; 4; 1],0.005314696689310949,0.162671290944481,tvm
197,197,1,128,128,16,1,1,1,1,[197; 197; 1; 128; 128; 16; 1; 1; 1; 1],0.008388415822992101,0.10306458211798467,tvm
197,197,1,192,96,48,96,6,3,1,[197; 197; 1; 192; 96; 48; 96; 6; 3; 1],0.005347974751202855,0.1616590600458835,tvm
197,197,1,192,192,192,48,4,12,1,[197; 197; 1; 192; 192; 192; 48; 4; 12; 1],0.015719613526016474,0.05499808058243386,tvm
197,197,1,128,32,32,4,4,2,0,[197; 197; 1; 128; 32; 32; 4; 4; 2; 0],0.009455277686356567,0.09143555589869838,tvm
197,197,1,128,128,32,384,16,2,1,[197; 197; 1; 128; 128; 32; 384; 16; 2; 1],0.009175347673590295,0.09422515660273342,tvm
197,197,1,256,32,16,8,2,1,1,[197; 197; 1; 256; 32; 16; 8; 2; 1; 1],0.004091589558811393,0.21129894848977052,tvm
197,197,1,128,128,64,768,64,4,1,[197; 197; 1; 128; 128; 64; 768; 64; 4; 1],0.01044742293015588,0.08275232822566243,tvm
197,197,1,128,16,16,6,1,1,0,[197; 197; 1; 128; 16; 16; 6; 1; 1; 0],0.005622009244689252,0.1537792866927877,tvm
197,197,1,192,96,48,96,16,3,1,[197; 197; 1; 192; 96; 48; 96; 16; 3; 1],0.007616868999321014,0.11350445589987689,tvm
197,197,1,128,128,64,128,4,4,0,[197; 197; 1; 128; 128; 64; 128; 4; 4; 0],0.003890224907081574,0.22223614111739134,tvm
197,197,1,192,192,64,48,1,4,1,[197; 197; 1; 192; 192; 64; 48; 1; 4; 1],0.005383163443184458,0.16060232622569975,tvm
197,197,1,192,32,32,24,24,2,1,[197; 197; 1; 192; 32; 32; 24; 24; 2; 1],0.008839019123115577,0.09781046509647502,tvm
197,197,1,128,128,128,96,48,8,0,[197; 197; 1; 128; 128; 128; 96; 48; 8; 0],0.010503252560738474,0.08231246144268531,tvm
197,197,1,64,64,32,48,3,2,0,[197; 197; 1; 64; 64; 32; 48; 3; 2; 0],0.004518298315815628,0.19134384473958888,tvm
197,197,1,128,32,32,128,16,2,1,[197; 197; 1; 128; 32; 32; 128; 16; 2; 1],0.009045626618899405,0.09557641585849166,tvm
197,197,1,64,16,16,6,2,1,0,[197; 197; 1; 64; 16; 16; 6; 2; 1; 0],0.005671243561664596,0.15244426765102878,tvm
197,197,1,48,48,16,24,24,1,0,[197; 197; 1; 48; 48; 16; 24; 24; 1; 0],0.0034231271274620667,0.252561047029987,tvm
197,197,1,64,64,32,12,2,2,0,[197; 197; 1; 64; 64; 32; 12; 2; 2; 0],0.006555200801813044,0.1318874276421027,tvm
197,197,1,256,64,16,6,2,1,1,[197; 197; 1; 256; 64; 16; 6; 2; 1; 1],0.009567579691065475,0.09036230680533716,tvm
197,197,1,96,48,16,8,8,1,0,[197; 197; 1; 96; 48; 16; 8; 8; 1; 0],0.004769563594891224,0.1812636636933842,tvm
197,197,1,96,48,48,6,2,3,0,[197; 197; 1; 96; 48; 48; 6; 2; 3; 0],0.006081801067921333,0.1421533788713778,tvm
197,197,1,64,64,64,384,4,4,0,[197; 197; 1; 64; 64; 64; 384; 4; 4; 0],0.010621678433381021,0.08139472276919366,tvm
197,197,1,128,128,32,128,16,2,1,[197; 197; 1; 128; 128; 32; 128; 16; 2; 1],0.00440140091086505,0.19642577191602692,tvm
197,197,1,128,128,64,96,6,4,1,[197; 197; 1; 128; 128; 64; 96; 6; 4; 1],0.0034075701842084527,0.2537140908894876,tvm
197,197,1,96,32,32,64,8,2,0,[197; 197; 1; 96; 32; 32; 64; 8; 2; 0],0.0066764478833647445,0.1294922968818058,tvm
197,197,1,192,96,96,32,2,6,0,[197; 197; 1; 192; 96; 96; 32; 2; 6; 0],0.007456883991835639,0.11593965688284069,tvm
197,197,1,64,64,64,128,32,4,1,[197; 197; 1; 64; 64; 64; 128; 32; 4; 1],0.0071421603206545115,0.12104860891016006,tvm
197,197,1,96,96,32,128,16,2,0,[197; 197; 1; 96; 96; 32; 128; 16; 2; 0],0.010209784813923761,0.08467843222802592,tvm
197,197,1,256,64,64,16,16,4,1,[197; 197; 1; 256; 64; 64; 16; 16; 4; 1],0.004609547562722582,0.1875560583038945,tvm
197,197,1,64,16,16,12,1,1,1,[197; 197; 1; 64; 16; 16; 12; 1; 1; 1],0.007328758132643998,0.1179665853042237,tvm
197,197,1,48,48,48,768,1,3,0,[197; 197; 1; 48; 48; 48; 768; 1; 3; 0],0.005990344689053018,0.14432367690101042,tvm
197,197,1,128,128,128,128,32,8,1,[197; 197; 1; 128; 128; 128; 128; 32; 8; 1],0.0033710679635987617,0.2564613293959307,tvm
197,197,1,256,256,32,6,3,2,1,[197; 197; 1; 256; 256; 32; 6; 3; 2; 1],0.00936713743431028,0.09229592044436889,tvm
197,197,1,96,96,48,128,1,3,0,[197; 197; 1; 96; 96; 48; 128; 1; 3; 0],0.004511934996116906,0.19161370280658416,tvm
197,197,1,192,96,16,8,4,1,1,[197; 197; 1; 192; 96; 16; 8; 4; 1; 1],0.0036631030015996657,0.23601535939639853,tvm
197,197,1,48,16,16,8,4,1,1,[197; 197; 1; 48; 16; 16; 8; 4; 1; 1],0.0023351663585344795,0.37022997024124266,tvm
197,197,1,128,128,128,64,16,8,1,[197; 197; 1; 128; 128; 128; 64; 16; 8; 1],0.0068651946348836645,0.12593212828017974,tvm
197,197,1,48,48,48,512,2,3,1,[197; 197; 1; 48; 48; 48; 512; 2; 3; 1],0.008034751124796458,0.10760116374487863,tvm
197,197,1,128,128,128,128,8,8,1,[197; 197; 1; 128; 128; 128; 128; 8; 8; 1],0.009178967302432284,0.09418799990707881,tvm
197,197,1,64,64,32,32,2,2,0,[197; 197; 1; 64; 64; 32; 32; 2; 2; 0],0.003933320440410171,0.21980120473947842,tvm
197,197,1,256,256,128,12,12,8,1,[197; 197; 1; 256; 256; 128; 12; 12; 8; 1],0.003767448404687457,0.22947854318400238,tvm
197,197,1,64,32,32,16,2,2,0,[197; 197; 1; 64; 32; 32; 16; 2; 2; 0],0.0036750387807842344,0.2352488294678842,tvm
197,197,1,64,64,32,2,2,2,1,[197; 197; 1; 64; 64; 32; 2; 2; 2; 1],0.013150643120752648,0.06574192330291835,tvm
197,197,1,64,64,64,384,48,4,1,[197; 197; 1; 64; 64; 64; 384; 48; 4; 1],0.006999032688327134,0.12352400823480231,tvm
197,197,1,128,64,32,12,3,2,1,[197; 197; 1; 128; 64; 32; 12; 3; 2; 1],0.007869753433624282,0.1098571357692992,tvm
197,197,1,192,64,64,16,2,4,1,[197; 197; 1; 192; 64; 64; 16; 2; 4; 1],0.009226388443494216,0.09370389906336414,tvm
197,197,1,192,192,64,12,6,4,1,[197; 197; 1; 192; 192; 64; 12; 6; 4; 1],0.0062998631910886616,0.13723291208156715,tvm
197,197,1,48,48,48,384,1,3,0,[197; 197; 1; 48; 48; 48; 384; 1; 3; 0],0.008240522365667857,0.10491429220925409,tvm
197,197,1,64,64,32,24,3,2,1,[197; 197; 1; 64; 64; 32; 24; 3; 2; 1],0.00402037771709729,0.2150416284897666,tvm
197,197,1,96,96,32,12,12,2,1,[197; 197; 1; 96; 96; 32; 12; 12; 2; 1],0.0033282549993600696,0.259760316320354,tvm
197,197,1,32,32,16,24,3,1,1,[197; 197; 1; 32; 32; 16; 24; 3; 1; 1],0.012938463361933827,0.06682003474787851,tvm
197,197,1,192,192,192,6,2,12,1,[197; 197; 1; 192; 192; 192; 6; 2; 12; 1],0.006484313678811304,0.13332923332405153,tvm
197,197,1,192,192,192,6,3,12,1,[197; 197; 1; 192; 192; 192; 6; 3; 12; 1],0.00329606299783336,0.2622973444369465,tvm
197,197,1,96,32,32,12,12,2,1,[197; 197; 1; 96; 32; 32; 12; 12; 2; 1],0.005672735562257003,0.1524041728968933,tvm
197,197,1,48,48,48,12,2,3,1,[197; 197; 1; 48; 48; 48; 12; 2; 3; 1],0.00700494644115679,0.1234197261450868,tvm
197,197,1,192,192,64,768,6,4,1,[197; 197; 1; 192; 192; 64; 768; 6; 4; 1],0.005288872438541148,0.163465574463173,tvm
197,197,1,128,64,32,384,8,2,1,[197; 197; 1; 128; 64; 32; 384; 8; 2; 1],0.009144725379883312,0.0945406817060266,tvm
197,197,1,128,64,32,512,32,2,0,[197; 197; 1; 128; 64; 32; 512; 32; 2; 0],0.004783127340488136,0.18074964555309977,tvm
197,197,1,192,64,64,192,8,4,0,[197; 197; 1; 192; 64; 64; 192; 8; 4; 0],0.010467536383657716,0.08259331897602332,tvm
197,197,1,96,96,32,512,1,2,1,[197; 197; 1; 96; 96; 32; 512; 1; 2; 1],0.0035122777480864897,0.24615039966573904,tvm
197,197,1,192,192,48,96,1,3,1,[197; 197; 1; 192; 192; 48; 96; 1; 3; 1],0.0053124088371987455,0.16274134727259645,tvm
197,197,1,384,128,64,24,1,4,1,[197; 197; 1; 384; 128; 64; 24; 1; 4; 1],0.006569930192199536,0.13159174392066572,tvm
197,197,1,192,192,96,64,8,6,1,[197; 197; 1; 192; 192; 96; 64; 8; 6; 1],0.010345760820200667,0.08356548990969255,tvm
197,197,1,192,96,96,256,32,6,0,[197; 197; 1; 192; 96; 96; 256; 32; 6; 0],0.005349387502064928,0.16161636656436745,tvm
197,197,1,96,32,32,48,16,2,1,[197; 197; 1; 96; 32; 32; 48; 16; 2; 1],0.0032373180001741275,0.2670570427069782,tvm
197,197,1,64,32,16,24,2,1,0,[197; 197; 1; 64; 32; 16; 24; 2; 1; 0],0.0157418628805317,0.054920346974802914,tvm
197,197,1,128,128,128,1,1,8,1,[197; 197; 1; 128; 128; 128; 1; 1; 8; 1],0.016710182244423777,0.05173783019135372,tvm
197,197,1,64,64,64,768,6,4,0,[197; 197; 1; 64; 64; 64; 768; 6; 4; 0],0.00691801386710722,0.12497063290653447,tvm
197,197,1,64,64,32,96,48,2,1,[197; 197; 1; 64; 64; 32; 96; 48; 2; 1],0.008812716114334762,0.09810239660645563,tvm
197,197,1,128,64,32,384,12,2,0,[197; 197; 1; 128; 64; 32; 384; 12; 2; 0],0.009387408746988513,0.0920966152353725,tvm
197,197,1,192,192,96,384,8,6,1,[197; 197; 1; 192; 192; 96; 384; 8; 6; 1],0.005299213058606256,0.16314659589398656,tvm
197,197,1,128,128,32,96,16,2,0,[197; 197; 1; 128; 128; 32; 96; 16; 2; 0],0.004726975683297496,0.1828967672677914,tvm
197,197,1,128,16,16,24,8,1,0,[197; 197; 1; 128; 16; 16; 24; 8; 1; 0],0.008286178184789605,0.10433622740765659,tvm
197,197,1,192,64,64,64,16,4,1,[197; 197; 1; 192; 64; 64; 64; 16; 4; 1],0.005344242934370413,0.1617719445103071,tvm
197,197,1,48,48,16,32,2,1,1,[197; 197; 1; 48; 48; 16; 32; 2; 1; 1],0.007157926622312516,0.12078198297445819,tvm
197,197,1,128,128,64,256,8,4,0,[197; 197; 1; 128; 128; 64; 256; 8; 4; 0],0.007444654242135584,0.1161301174385455,tvm
197,197,1,64,64,64,384,12,4,0,[197; 197; 1; 64; 64; 64; 384; 12; 4; 0],0.006886324626975693,0.12554571825468241,tvm
197,197,1,128,128,64,128,16,4,0,[197; 197; 1; 128; 128; 64; 128; 16; 4; 0],0.009208249190123752,0.09388848559353034,tvm
197,197,1,256,64,16,8,2,1,1,[197; 197; 1; 256; 64; 16; 8; 2; 1; 1],0.008275563377537765,0.10447005623510809,tvm
197,197,1,96,16,16,24,4,1,1,[197; 197; 1; 96; 16; 16; 24; 4; 1; 1],0.003009099560586037,0.2873113880154222,tvm
197,197,1,128,128,64,64,1,4,0,[197; 197; 1; 128; 128; 64; 64; 1; 4; 0],0.007758753752568737,0.11142879372120042,tvm
197,197,1,32,32,32,96,3,2,0,[197; 197; 1; 32; 32; 32; 96; 3; 2; 0],0.006772406384698115,0.1276575152639942,tvm
197,197,1,64,64,32,128,2,2,1,[197; 197; 1; 64; 64; 32; 128; 2; 2; 1],0.013128403894370422,0.06585328866971389,tvm
197,197,1,128,32,32,8,1,2,0,[197; 197; 1; 128; 32; 32; 8; 1; 2; 0],0.007338822935707867,0.11780480044313553,tvm
197,197,1,192,48,16,12,4,1,1,[197; 197; 1; 192; 48; 16; 12; 4; 1; 1],0.009047217565239407,0.09555960881832665,tvm
197,197,1,96,96,32,96,16,2,1,[197; 197; 1; 96; 96; 32; 96; 16; 2; 1],0.009547310051857494,0.09055415260766225,tvm
197,197,1,96,96,96,768,64,6,0,[197; 197; 1; 96; 96; 96; 768; 64; 6; 0],0.0056073954328894615,0.15418006127366587,tvm
197,197,1,128,64,64,128,1,4,0,[197; 197; 1; 128; 64; 64; 128; 1; 4; 0],0.0037766974710393697,0.22891655422710955,tvm
197,197,1,128,64,32,128,2,2,1,[197; 197; 1; 128; 64; 32; 128; 2; 2; 1],0.0069530670589301735,0.12434060596585045,tvm
197,197,1,256,256,32,12,4,2,1,[197; 197; 1; 256; 256; 32; 12; 4; 2; 1],0.004853222904785071,0.17813906107138897,tvm
197,197,1,64,64,64,192,4,4,0,[197; 197; 1; 64; 64; 64; 192; 4; 4; 0],0.0073779876256594434,0.11717945533302493,tvm
197,197,1,192,96,16,4,2,1,1,[197; 197; 1; 192; 96; 16; 4; 2; 1; 1],0.007182361136074178,0.12037108063061375,tvm
197,197,1,128,128,64,12,4,4,0,[197; 197; 1; 128; 128; 64; 12; 4; 4; 0],0.006052551907487214,0.1428403398505505,tvm
197,197,1,128,128,32,24,6,2,0,[197; 197; 1; 128; 128; 32; 24; 6; 2; 0],0.0064963758195517585,0.13308167437397797,tvm
197,197,1,192,96,96,24,6,6,1,[197; 197; 1; 192; 96; 96; 24; 6; 6; 1],0.006338606428471394,0.13639410826096426,tvm
197,197,1,128,128,64,192,16,4,1,[197; 197; 1; 128; 128; 64; 192; 16; 4; 1],0.003459502557234373,0.24990545811872927,tvm
197,197,1,48,48,16,24,3,1,1,[197; 197; 1; 48; 48; 16; 24; 3; 1; 1],0.00385800330695929,0.22409223182080962,tvm
197,197,1,64,32,32,12,6,2,0,[197; 197; 1; 64; 32; 32; 12; 6; 2; 0],0.00397738390165614,0.21736613633614363,tvm
197,197,1,48,48,48,768,64,3,0,[197; 197; 1; 48; 48; 48; 768; 64; 3; 0],0.008482277757138945,0.10192410531486555,tvm
197,197,1,48,48,48,384,6,3,1,[197; 197; 1; 48; 48; 48; 384; 6; 3; 1],0.005405911215348169,0.15992652061580148,tvm
197,197,1,192,96,96,6,1,6,1,[197; 197; 1; 192; 96; 96; 6; 1; 6; 1],0.0032508742515346967,0.2659434061531076,tvm
197,197,1,256,64,64,16,16,4,1,[197; 197; 1; 256; 64; 64; 16; 16; 4; 1],0.008183543366612867,0.10564477179356652,tvm
197,197,1,256,256,128,32,4,8,1,[197; 197; 1; 256; 256; 128; 32; 4; 8; 1],0.009007895438116975,0.09597675476673806,tvm
197,197,1,192,192,48,12,6,3,1,[197; 197; 1; 192; 192; 48; 12; 6; 3; 1],0.003724115842487663,0.23214867850379856,tvm
197,197,1,192,96,96,24,12,6,1,[197; 197; 1; 192; 96; 96; 24; 12; 6; 1],0.0032069277513073757,0.2695877919532546,tvm
197,197,1,96,32,16,12,2,1,1,[197; 197; 1; 96; 32; 16; 12; 2; 1; 1],0.003439235530095175,0.2513781228017979,tvm
197,197,1,64,64,32,3,1,2,1,[197; 197; 1; 64; 64; 32; 3; 1; 2; 1],0.006122563245298807,0.14120696459810564,tvm
197,197,1,48,48,48,192,3,3,1,[197; 197; 1; 48; 48; 48; 192; 3; 3; 1],0.005500874693098012,0.15716565449369838,tvm
197,197,1,32,16,16,16,4,1,1,[197; 197; 1; 32; 16; 16; 16; 4; 1; 1],0.005225616405368783,0.16544432357115552,tvm
197,197,1,48,16,16,6,6,1,0,[197; 197; 1; 48; 16; 16; 6; 6; 1; 0],0.008094674558378756,0.10680461150024637,tvm
197,197,1,96,48,48,256,2,3,0,[197; 197; 1; 96; 48; 48; 256; 2; 3; 0],0.008287569813546725,0.10431870751971158,tvm
197,197,1,192,192,192,6,2,12,1,[197; 197; 1; 192; 192; 192; 6; 2; 12; 1],0.0032176498134504072,0.2686894539656208,tvm
197,197,1,128,128,64,12,1,4,1,[197; 197; 1; 128; 128; 64; 12; 1; 4; 1],0.002248059361591004,0.38457550819152314,tvm
197,197,1,32,32,16,6,1,1,1,[197; 197; 1; 32; 32; 16; 6; 1; 1; 1],0.00416186434449628,0.20773107911887256,tvm
197,197,1,48,48,48,12,1,3,1,[197; 197; 1; 48; 48; 48; 12; 1; 3; 1],0.005178597253689077,0.1669464777962204,tvm
197,197,1,64,32,32,3,3,2,1,[197; 197; 1; 64; 32; 32; 3; 3; 2; 1],0.007050519183394499,0.12262197278531922,tvm
197,197,1,96,48,48,384,64,3,1,[197; 197; 1; 96; 48; 48; 384; 64; 3; 1],0.008435177180217579,0.10249323196863436,tvm
197,197,1,96,96,48,32,2,3,1,[197; 197; 1; 96; 96; 48; 32; 2; 3; 1],0.008353786994121037,0.10349181419600427,tvm
197,197,1,128,128,64,24,24,4,1,[197; 197; 1; 128; 128; 64; 24; 24; 4; 1],0.007144116185372695,0.1210154690931121,tvm
197,197,1,192,96,96,128,4,6,0,[197; 197; 1; 192; 96; 96; 128; 4; 6; 0],0.005561615660553798,0.15544917595806754,tvm
197,197,1,128,128,16,8,2,1,0,[197; 197; 1; 128; 128; 16; 8; 2; 1; 0],0.010037798187113367,0.0861293039880487,tvm
197,197,1,256,256,64,768,16,4,1,[197; 197; 1; 256; 256; 64; 768; 16; 4; 1],0.006613560821278952,0.130723613918679,tvm
197,197,1,192,64,16,6,3,1,0,[197; 197; 1; 192; 64; 16; 6; 3; 1; 0],0.007964609438204207,0.10854877168007156,tvm
197,197,1,192,192,64,16,16,4,0,[197; 197; 1; 192; 192; 64; 16; 16; 4; 0],0.009385971250594594,0.09211072017440954,tvm
197,197,1,192,64,16,16,8,1,0,[197; 197; 1; 192; 64; 16; 16; 8; 1; 0],0.012890461221104488,0.06706886251774431,tvm
197,197,1,256,256,32,4,1,2,1,[197; 197; 1; 256; 256; 32; 4; 1; 2; 1],0.009704068375867791,0.0890913519919689,tvm
197,197,1,384,32,32,12,2,2,1,[197; 197; 1; 384; 32; 32; 12; 2; 2; 1],0.006280806686845608,0.13764928846469102,tvm
197,197,1,192,192,48,768,64,3,1,[197; 197; 1; 192; 192; 48; 768; 64; 3; 1],0.005344753779354505,0.16175648254707523,tvm
197,197,1,64,32,32,192,12,2,1,[197; 197; 1; 64; 32; 32; 192; 12; 2; 1],0.004522789749898948,0.19115382744640913,tvm
197,197,1,192,64,64,768,2,4,0,[197; 197; 1; 192; 64; 64; 768; 2; 4; 0],0.005064092059910763,0.1707213378430972,tvm
197,197,1,384,128,64,8,8,4,1,[197; 197; 1; 384; 128; 64; 8; 8; 4; 1],0.007030375374597497,0.12297331584205323,tvm
197,197,1,256,128,64,2,1,4,1,[197; 197; 1; 256; 128; 64; 2; 1; 4; 1],0.008400121194426902,0.10292096404539497,tvm
197,197,1,192,64,32,48,12,2,1,[197; 197; 1; 192; 64; 32; 48; 12; 2; 1],0.01261033775517717,0.06855871652395919,tvm
197,197,1,192,192,96,24,12,6,0,[197; 197; 1; 192; 192; 96; 24; 12; 6; 0],0.008995330877951346,0.09611081383873109,tvm
197,197,1,256,32,32,3,1,2,1,[197; 197; 1; 256; 32; 32; 3; 1; 2; 1],0.005831328031490557,0.14825929303921914,tvm
197,197,1,64,64,32,128,4,2,1,[197; 197; 1; 64; 64; 32; 128; 4; 2; 1],0.004367155284853652,0.19796607059681032,tvm
197,197,1,192,192,96,128,1,6,1,[197; 197; 1; 192; 192; 96; 128; 1; 6; 1],0.0050405276560923085,0.17151945796460852,tvm
197,197,1,128,128,32,96,48,2,0,[197; 197; 1; 128; 128; 32; 96; 48; 2; 0],0.004719008589745499,0.18320555154471488,tvm
197,197,1,64,64,64,768,12,4,0,[197; 197; 1; 64; 64; 64; 768; 12; 4; 0],0.007779459876473993,0.11113221035345507,tvm
197,197,1,384,192,64,12,12,4,1,[197; 197; 1; 384; 192; 64; 12; 12; 4; 1],0.00698375137289986,0.12379429410723498,tvm
197,197,1,192,192,64,192,24,4,1,[197; 197; 1; 192; 192; 64; 192; 24; 4; 1],0.005184282970731147,0.16676338392590537,tvm
197,197,1,128,128,64,256,32,4,0,[197; 197; 1; 128; 128; 64; 256; 32; 4; 0],0.013441597373457626,0.06431888617165006,tvm
197,197,1,192,96,96,256,64,6,0,[197; 197; 1; 192; 96; 96; 256; 64; 6; 0],0.011295002375845797,0.07654257543826606,tvm
197,197,1,256,128,128,3,3,8,1,[197; 197; 1; 256; 128; 128; 3; 3; 8; 1],0.005869221124157775,0.1473020956511726,tvm
197,197,1,256,32,32,16,16,2,1,[197; 197; 1; 256; 32; 32; 16; 16; 2; 1],0.0066970338084502146,0.12909425219530732,tvm
197,197,1,64,64,16,6,3,1,0,[197; 197; 1; 64; 64; 16; 6; 3; 1; 0],0.007999889261554927,0.10807006736747382,tvm
197,197,1,256,128,32,16,2,2,1,[197; 197; 1; 256; 128; 32; 16; 2; 2; 1],0.005770341718744021,0.1498262344880244,tvm
197,197,1,192,192,192,32,32,12,0,[197; 197; 1; 192; 192; 192; 32; 32; 12; 0],0.006865222880151123,0.12593161016347662,tvm
197,197,1,192,96,96,8,2,6,0,[197; 197; 1; 192; 96; 96; 8; 2; 6; 0],0.0050918464694404975,0.1697907775926264,tvm
197,197,1,384,64,64,12,1,4,1,[197; 197; 1; 384; 64; 64; 12; 1; 4; 1],0.006398803627234884,0.13511097101790087,tvm
197,197,1,384,64,64,12,3,4,1,[197; 197; 1; 384; 64; 64; 12; 3; 4; 1],0.00541324515506858,0.15970984994445878,tvm
197,197,1,128,32,32,96,3,2,0,[197; 197; 1; 128; 32; 32; 96; 3; 2; 0],0.004653618656448089,0.1857798490279487,tvm
197,197,1,64,64,32,48,24,2,0,[197; 197; 1; 64; 64; 32; 48; 24; 2; 0],0.0085788660653634,0.10077655541437215,tvm
197,197,1,256,32,16,6,1,1,1,[197; 197; 1; 256; 32; 16; 6; 1; 1; 1],0.004111651309358422,0.21026796933407146,tvm
197,197,1,96,96,32,128,4,2,0,[197; 197; 1; 96; 96; 32; 128; 4; 2; 0],0.007014788439846598,0.12324656386180019,tvm
197,197,1,192,96,48,64,2,3,1,[197; 197; 1; 192; 96; 48; 64; 2; 3; 1],0.01342364348238334,0.06440491156988569,tvm
197,197,1,192,192,32,3,1,2,1,[197; 197; 1; 192; 192; 32; 3; 1; 2; 1],0.008450009190710261,0.10231332912383521,tvm
197,197,1,256,128,16,6,3,1,1,[197; 197; 1; 256; 128; 16; 6; 3; 1; 1],0.003869949905492831,0.2234004554429685,tvm
197,197,1,96,96,16,12,4,1,0,[197; 197; 1; 96; 96; 16; 12; 4; 1; 0],0.007874724993598647,0.10978777952644209,tvm
197,197,1,192,96,32,4,1,2,1,[197; 197; 1; 192; 96; 32; 4; 1; 2; 1],0.003740729996934533,0.2311176086317523,tvm
197,197,1,96,32,16,8,4,1,0,[197; 197; 1; 96; 32; 16; 8; 4; 1; 0],0.003932935811462812,0.2198227006168738,tvm
197,197,1,128,128,128,384,12,8,0,[197; 197; 1; 128; 128; 128; 384; 12; 8; 0],0.008043584501137957,0.10748299732616227,tvm
197,197,1,192,96,32,32,32,2,1,[197; 197; 1; 192; 96; 32; 32; 32; 2; 1],0.010474643626366742,0.0825372778556716,tvm
197,197,1,128,64,64,64,8,4,1,[197; 197; 1; 128; 64; 64; 64; 8; 4; 1],0.0035724172194022685,0.2420066073842367,tvm
197,197,1,96,48,48,6,6,3,0,[197; 197; 1; 96; 48; 48; 6; 6; 3; 0],0.005073690939752851,0.17039835135694828,tvm
197,197,1,48,48,16,24,8,1,1,[197; 197; 1; 48; 48; 16; 24; 8; 1; 1],0.0090891230647685,0.09511903021533039,tvm
197,197,1,96,48,48,48,6,3,0,[197; 197; 1; 96; 48; 48; 48; 6; 3; 0],0.009025873005157337,0.09578559004038423,tvm
197,197,1,256,128,128,8,2,8,1,[197; 197; 1; 256; 128; 128; 8; 2; 8; 1],0.0040471336542395875,0.21361997040125197,tvm
197,197,1,96,48,48,768,1,3,1,[197; 197; 1; 96; 48; 48; 768; 1; 3; 1],0.002717835028306581,0.3181019312887623,tvm
197,197,1,128,128,128,768,8,8,1,[197; 197; 1; 128; 128; 128; 768; 8; 8; 1],0.007163488568039611,0.1206882042481108,tvm
197,197,1,128,128,128,384,16,8,1,[197; 197; 1; 128; 128; 128; 384; 16; 8; 1],0.006731280678650364,0.1284374568082808,tvm
197,197,1,192,96,32,12,2,2,1,[197; 197; 1; 192; 96; 32; 12; 2; 2; 1],0.007064416873618029,0.12238074095785832,tvm
197,197,1,128,128,128,16,16,8,0,[197; 197; 1; 128; 128; 128; 16; 16; 8; 0],0.00551929346693214,0.15664116731758504,tvm
197,197,1,192,192,64,6,6,4,1,[197; 197; 1; 192; 192; 64; 6; 6; 4; 1],0.010175398681894876,0.08496458944324863,tvm
197,197,1,192,96,32,6,2,2,1,[197; 197; 1; 192; 96; 32; 6; 2; 2; 1],0.007112563936971128,0.12155230927832443,tvm
197,197,1,32,16,16,12,4,1,1,[197; 197; 1; 32; 16; 16; 12; 4; 1; 1],0.004496415029279888,0.1922750826600255,tvm
197,197,1,96,96,32,16,8,2,1,[197; 197; 1; 96; 96; 32; 16; 8; 2; 1],0.0023442812816938385,0.36879045965162505,tvm
197,197,1,32,32,32,24,3,2,1,[197; 197; 1; 32; 32; 32; 24; 3; 2; 1],0.004447558530955575,0.19438722737681874,tvm
197,197,1,96,96,48,4,2,3,1,[197; 197; 1; 96; 96; 48; 4; 2; 3; 1],0.004984303319361061,0.1734542454650208,tvm
197,197,1,96,96,32,6,1,2,1,[197; 197; 1; 96; 96; 32; 6; 1; 2; 1],0.0026245734661642928,0.32940536150892125,tvm
197,197,1,128,128,64,16,8,4,1,[197; 197; 1; 128; 128; 64; 16; 8; 4; 1],0.005075627246696968,0.17033334589162116,tvm
197,197,1,64,64,64,24,4,4,1,[197; 197; 1; 64; 64; 64; 24; 4; 4; 1],0.0070647963002556935,0.1223741682965836,tvm
197,197,1,48,48,16,6,2,1,1,[197; 197; 1; 48; 48; 16; 6; 2; 1; 1],0.007714844876318239,0.1120629883411422,tvm
197,197,1,96,96,32,768,48,2,1,[197; 197; 1; 96; 96; 32; 768; 48; 2; 1],0.00352071737870574,0.24556034422348047,tvm
197,197,1,128,64,32,512,8,2,0,[197; 197; 1; 128; 64; 32; 512; 8; 2; 0],0.004750709776999429,0.18198303243323452,tvm
197,197,1,192,192,48,768,32,3,0,[197; 197; 1; 192; 192; 48; 768; 32; 3; 0],0.01642448373604566,0.05263779278073791,tvm
197,197,1,128,64,16,8,1,1,0,[197; 197; 1; 128; 64; 16; 8; 1; 1; 0],0.006177500814374071,0.13995118696170838,tvm
197,197,1,48,48,16,64,2,1,0,[197; 197; 1; 48; 48; 16; 64; 2; 1; 0],0.01011386669415515,0.08548150747608707,tvm
197,197,1,192,192,192,128,16,12,1,[197; 197; 1; 192; 192; 192; 128; 16; 12; 1],0.010180239754845388,0.08492418570172483,tvm
197,197,1,128,32,32,768,1,2,0,[197; 197; 1; 128; 32; 32; 768; 1; 2; 0],0.009530590439680964,0.09071301268271813,tvm
197,197,1,192,192,96,1,1,6,1,[197; 197; 1; 192; 192; 96; 1; 1; 6; 1],0.02493620611494407,0.03467041327150622,tvm
197,197,1,96,96,32,8,4,2,0,[197; 197; 1; 96; 96; 32; 8; 4; 2; 0],0.005534080060897395,0.15622263536396652,tvm
197,197,1,128,128,32,768,12,2,0,[197; 197; 1; 128; 128; 32; 768; 12; 2; 0],0.004710035253083333,0.18355458610688982,tvm
197,197,1,256,32,32,24,1,2,1,[197; 197; 1; 256; 32; 32; 24; 1; 2; 1],0.011106631180155091,0.07784075633782762,tvm
197,197,1,192,192,192,512,2,12,1,[197; 197; 1; 192; 192; 192; 512; 2; 12; 1],0.005144022157764994,0.16806859397437077,tvm
197,197,1,192,192,192,256,1,12,1,[197; 197; 1; 192; 192; 192; 256; 1; 12; 1],0.005510819064511452,0.1568820462635196,tvm
197,197,1,192,192,96,32,1,6,0,[197; 197; 1; 192; 192; 96; 32; 1; 6; 0],0.008554599131457508,0.10106242947719189,tvm
197,197,1,192,16,16,2,2,1,1,[197; 197; 1; 192; 16; 16; 2; 2; 1; 1],0.018392688885796815,0.04700501252409006,tvm
197,197,1,128,128,128,1024,1,8,1,[197; 197; 1; 128; 128; 128; 1024; 1; 8; 1],0.008552488623536192,0.10108736877466983,tvm
197,197,1,256,64,64,24,1,4,0,[197; 197; 1; 256; 64; 64; 24; 1; 4; 0],0.0053325622793636285,0.16212629616615448,tvm
197,197,1,64,64,32,6,6,2,0,[197; 197; 1; 64; 64; 32; 6; 6; 2; 0],0.006705182444420643,0.12893736726700986,tvm
197,197,1,192,96,48,768,64,3,1,[197; 197; 1; 192; 96; 48; 768; 64; 3; 1],0.005632220156257972,0.15350049313466016,tvm
197,197,1,32,32,16,48,3,1,0,[197; 197; 1; 32; 32; 16; 48; 3; 1; 0],0.01002359286940191,0.0862513654228414,tvm
197,197,1,128,64,32,96,3,2,0,[197; 197; 1; 128; 64; 32; 96; 3; 2; 0],0.013197226508054882,0.06550986837279008,tvm
197,197,1,384,96,96,8,1,6,1,[197; 197; 1; 384; 96; 96; 8; 1; 6; 1],0.005624361714581028,0.1537149663022649,tvm
197,197,1,128,128,64,512,32,4,1,[197; 197; 1; 128; 128; 64; 512; 32; 4; 1],0.006883679947350174,0.12559395236865617,tvm
197,197,1,192,192,64,128,1,4,1,[197; 197; 1; 192; 192; 64; 128; 1; 4; 1],0.005092306935694069,0.16977542444831747,tvm
197,197,1,128,16,16,24,8,1,1,[197; 197; 1; 128; 16; 16; 24; 8; 1; 1],0.004101199592696503,0.21080382748700563,tvm
197,197,1,64,64,64,8,4,4,0,[197; 197; 1; 64; 64; 64; 8; 4; 4; 0],0.00650258912355639,0.1329545131948508,tvm
197,197,1,128,32,32,96,8,2,0,[197; 197; 1; 128; 32; 32; 96; 8; 2; 0],0.004594975347572472,0.1881508617636682,tvm
197,197,1,192,64,64,384,3,4,1,[197; 197; 1; 192; 64; 64; 384; 3; 4; 1],0.005306126091454644,0.1629340419974001,tvm
197,197,1,192,64,64,256,2,4,1,[197; 197; 1; 192; 64; 64; 256; 2; 4; 1],0.015272714372258633,0.05660739475354413,tvm
197,197,1,32,32,16,32,32,1,1,[197; 197; 1; 32; 32; 16; 32; 32; 1; 1],0.008248663070844486,0.10481075102756744,tvm
197,197,1,384,96,96,12,3,6,1,[197; 197; 1; 384; 96; 96; 12; 3; 6; 1],0.006010794058965985,0.14383267218063642,tvm
197,197,1,192,96,96,384,3,6,1,[197; 197; 1; 192; 96; 96; 384; 3; 6; 1],0.010432418188429438,0.08287134927043469,tvm
197,197,1,256,64,32,16,4,2,1,[197; 197; 1; 256; 64; 32; 16; 4; 2; 1],0.0057256501240772195,0.15099570401499293,tvm
197,197,1,48,48,48,768,12,3,0,[197; 197; 1; 48; 48; 48; 768; 12; 3; 0],0.005544071529584471,0.1559410925373413,tvm
197,197,1,96,32,32,128,4,2,0,[197; 197; 1; 96; 32; 32; 128; 4; 2; 0],0.006262321432586759,0.1380556045765691,tvm
197,197,1,192,64,16,3,3,1,1,[197; 197; 1; 192; 64; 16; 3; 3; 1; 1],0.004677403594541829,0.1848351449589326,tvm
197,197,1,192,48,16,4,4,1,1,[197; 197; 1; 192; 48; 16; 4; 4; 1; 1],0.010708908186643384,0.08073171945827996,tvm
197,197,1,128,64,32,48,8,2,1,[197; 197; 1; 128; 64; 32; 48; 8; 2; 1],0.008293043007142842,0.10424985987458779,tvm
197,197,1,192,96,96,8,2,6,0,[197; 197; 1; 192; 96; 96; 8; 2; 6; 0],0.00852101674536243,0.10146072907310064,tvm
197,197,1,128,128,32,96,3,2,1,[197; 197; 1; 128; 128; 32; 96; 3; 2; 1],0.008579355242545716,0.10077080934254885,tvm
197,197,1,128,128,128,384,4,8,1,[197; 197; 1; 128; 128; 128; 384; 4; 8; 1],0.0033684767186059617,0.25665861564462983,tvm
197,197,1,64,64,64,48,1,4,0,[197; 197; 1; 64; 64; 64; 48; 1; 4; 0],0.007750018747174181,0.11155438452891535,tvm
197,197,1,96,48,48,48,16,3,0,[197; 197; 1; 96; 48; 48; 48; 16; 3; 0],0.0034971085042343475,0.24721811473157437,tvm
197,197,1,96,96,96,512,2,6,1,[197; 197; 1; 96; 96; 96; 512; 2; 6; 1],0.0051741447823587805,0.16709013910400133,tvm
197,197,1,48,48,48,256,4,3,1,[197; 197; 1; 48; 48; 48; 256; 4; 3; 1],0.005414909028331749,0.15966077489115743,tvm
197,197,1,128,64,16,24,24,1,1,[197; 197; 1; 128; 64; 16; 24; 24; 1; 1],0.007035319184069522,0.1228869009079529,tvm
197,197,1,192,48,48,8,1,3,0,[197; 197; 1; 192; 48; 48; 8; 1; 3; 0],0.0038275691913440824,0.22587405431722007,tvm
197,197,1,96,96,96,48,12,6,1,[197; 197; 1; 96; 96; 96; 48; 12; 6; 1],0.008061377811827697,0.10724575768674445,tvm
197,197,1,128,64,32,24,3,2,1,[197; 197; 1; 128; 64; 32; 24; 3; 2; 1],0.00396233081119135,0.2181919210245417,tvm
197,197,1,128,128,64,4,4,4,1,[197; 197; 1; 128; 128; 64; 4; 4; 4; 1],0.004388295499666128,0.1970123870405601,tvm
197,197,1,192,32,32,6,6,2,1,[197; 197; 1; 192; 32; 32; 6; 6; 2; 1],0.004187579499557614,0.2064554407910117,tvm
197,197,1,48,16,16,8,1,1,0,[197; 197; 1; 48; 16; 16; 8; 1; 1; 0],0.006839334062533453,0.12640829699555894,tvm
197,197,1,128,64,64,48,16,4,1,[197; 197; 1; 128; 64; 64; 48; 16; 4; 1],0.007282703620148823,0.11871258484783763,tvm
197,197,1,96,96,96,16,8,6,0,[197; 197; 1; 96; 96; 96; 16; 8; 6; 0],0.0018317132344236597,0.4719890401952561,tvm
197,197,1,128,32,16,12,6,1,1,[197; 197; 1; 128; 32; 16; 12; 6; 1; 1],0.0028677768423222005,0.30146996051774294,tvm
197,197,1,32,32,32,24,1,2,0,[197; 197; 1; 32; 32; 32; 24; 1; 2; 0],0.004305714974179864,0.20079094334228365,tvm
197,197,1,48,48,48,512,16,3,1,[197; 197; 1; 48; 48; 48; 512; 16; 3; 1],0.002699740623938851,0.3202339379429782,tvm
197,197,1,48,48,48,24,6,3,0,[197; 197; 1; 48; 48; 48; 24; 6; 3; 0],0.0022711143901688047,0.38067152195020537,tvm
197,197,1,32,32,16,24,6,1,1,[197; 197; 1; 32; 32; 16; 24; 6; 1; 1],0.008554826126783155,0.1010597478681504,tvm
197,197,1,64,16,16,6,6,1,1,[197; 197; 1; 64; 16; 16; 6; 6; 1; 1],0.012874087726231664,0.06715416189583717,tvm
197,197,1,192,32,32,8,2,2,1,[197; 197; 1; 192; 32; 32; 8; 2; 2; 1],0.005995675594022032,0.14419535511403697,tvm
197,197,1,96,96,48,24,8,3,1,[197; 197; 1; 96; 96; 48; 24; 8; 3; 1],0.004067868372658268,0.21253110775155362,tvm
197,197,1,16,16,16,8,4,1,0,[197; 197; 1; 16; 16; 16; 8; 4; 1; 0],0.0068737088004127145,0.12577614160446565,tvm
197,197,1,96,96,32,8,2,2,1,[197; 197; 1; 96; 96; 32; 8; 2; 2; 1],0.004322820219385903,0.19999642075130955,tvm
197,197,1,192,96,16,12,6,1,0,[197; 197; 1; 192; 96; 16; 12; 6; 1; 0],0.006754978938261047,0.1279868641087332,tvm
197,197,1,256,64,64,768,32,4,0,[197; 197; 1; 256; 64; 64; 768; 32; 4; 0],0.007111674873158336,0.12156750510229954,tvm
197,197,1,256,256,64,384,32,4,1,[197; 197; 1; 256; 256; 64; 384; 32; 4; 1],0.013405915378825739,0.06449008120654716,tvm
197,197,1,192,192,64,512,1,4,0,[197; 197; 1; 192; 192; 64; 512; 1; 4; 0],0.006580860877875239,0.13137317251838151,tvm
197,197,1,256,128,64,768,24,4,1,[197; 197; 1; 256; 128; 64; 768; 24; 4; 1],0.006809912883909419,0.12695442455238184,tvm
197,197,1,256,256,16,4,2,1,1,[197; 197; 1; 256; 256; 16; 4; 2; 1; 1],0.0050648975957301445,0.17069418583258442,tvm
197,197,1,384,192,192,24,12,12,1,[197; 197; 1; 384; 192; 192; 24; 12; 12; 1],0.005283493468596134,0.16363199397657033,tvm
197,197,1,96,32,32,768,6,2,0,[197; 197; 1; 96; 32; 32; 768; 6; 2; 0],0.007199328552815132,0.12008738941224033,tvm
197,197,1,48,48,16,48,48,1,0,[197; 197; 1; 48; 48; 16; 48; 48; 1; 0],0.005217483936576173,0.16570220089568827,tvm
197,197,1,64,16,16,32,1,1,1,[197; 197; 1; 64; 16; 16; 32; 1; 1; 1],0.004540576905128546,0.19040500568376467,tvm
197,197,1,256,128,16,4,2,1,1,[197; 197; 1; 256; 128; 16; 4; 2; 1; 1],0.004805670781934168,0.17990174746856277,tvm
197,197,1,192,48,48,128,32,3,0,[197; 197; 1; 192; 48; 48; 128; 32; 3; 0],0.0056559320000815205,0.15285695998751583,tvm
197,197,1,128,32,32,64,32,2,0,[197; 197; 1; 128; 32; 32; 64; 32; 2; 0],0.00900725499377586,0.09598357901780138,tvm
197,197,1,48,16,16,64,8,1,1,[197; 197; 1; 48; 16; 16; 64; 8; 1; 1],0.008863709444995038,0.09753800897848083,tvm
197,197,1,32,32,16,64,2,1,0,[197; 197; 1; 32; 32; 16; 64; 2; 1; 0],0.015385736769530922,0.056191561338854855,tvm
197,197,1,64,32,32,192,2,2,1,[197; 197; 1; 64; 32; 32; 192; 2; 2; 1],0.004578413594572339,0.18883147045812648,tvm
197,197,1,64,64,32,192,48,2,0,[197; 197; 1; 64; 64; 32; 192; 48; 2; 0],0.004642872998374514,0.18620982562548077,tvm
197,197,1,32,32,16,48,2,1,0,[197; 197; 1; 32; 32; 16; 48; 2; 1; 0],0.01009242505824659,0.08566311530073169,tvm
197,197,1,384,192,96,8,8,6,1,[197; 197; 1; 384; 192; 96; 8; 8; 6; 1],0.008062214008532465,0.10723463437135204,tvm
197,197,1,192,192,48,128,2,3,1,[197; 197; 1; 192; 192; 48; 128; 2; 3; 1],0.008544980242731981,0.1011761931414554,tvm
197,197,1,32,16,16,48,8,1,1,[197; 197; 1; 32; 16; 16; 48; 8; 1; 1],0.004246688033163082,0.2035818418205364,tvm
197,197,1,256,32,16,12,6,1,1,[197; 197; 1; 256; 32; 16; 12; 6; 1; 1],0.010707027948228642,0.08074589658389761,tvm
197,197,1,128,64,32,6,6,2,0,[197; 197; 1; 128; 64; 32; 6; 6; 2; 0],0.006796967936679721,0.1271962115288274,tvm
197,197,1,128,64,64,768,8,4,1,[197; 197; 1; 128; 64; 64; 768; 8; 4; 1],0.007255569187691435,0.11915654706941772,tvm
197,197,1,192,192,64,48,6,4,1,[197; 197; 1; 192; 192; 64; 48; 6; 4; 1],0.005316491588018835,0.16261637155166483,tvm
197,197,1,192,192,64,192,3,4,1,[197; 197; 1; 192; 192; 64; 192; 3; 4; 1],0.005172053126443643,0.16715771286422262,tvm
197,197,1,128,128,32,64,64,2,1,[197; 197; 1; 128; 128; 32; 64; 64; 2; 1],0.009189639255055226,0.09407861913110274,tvm
197,197,1,64,64,64,384,1,4,1,[197; 197; 1; 64; 64; 64; 384; 1; 4; 1],0.007678918380406685,0.11258728490128629,tvm
197,197,1,192,96,96,768,12,6,1,[197; 197; 1; 192; 96; 96; 768; 12; 6; 1],0.014756440359633416,0.0585878809766049,tvm
197,197,1,384,128,128,12,4,8,1,[197; 197; 1; 384; 128; 128; 12; 4; 8; 1],0.0115953026979696,0.07456024167268686,tvm
197,197,1,96,96,48,384,2,3,0,[197; 197; 1; 96; 96; 48; 384; 2; 3; 0],0.008101788072963245,0.10671083514436598,tvm
197,197,1,128,64,32,48,3,2,1,[197; 197; 1; 128; 64; 32; 48; 3; 2; 1],0.008431452384684235,0.1025385108026023,tvm
197,197,1,96,32,32,6,2,2,0,[197; 197; 1; 96; 32; 32; 6; 2; 2; 0],0.002152152141206898,0.4017135010463267,tvm
197,197,1,128,128,64,48,4,4,0,[197; 197; 1; 128; 128; 64; 48; 4; 4; 0],0.00814360918593593,0.10616282678712688,tvm
197,197,1,192,192,16,12,1,1,1,[197; 197; 1; 192; 192; 16; 12; 1; 1; 1],0.006124325533164665,0.14116633198983908,tvm
197,197,1,128,64,64,48,2,4,0,[197; 197; 1; 128; 64; 64; 48; 2; 4; 0],0.004079669502971228,0.21191632577073208,tvm
197,197,1,128,128,64,768,1,4,1,[197; 197; 1; 128; 128; 64; 768; 1; 4; 1],0.01676079025492072,0.05158161150395356,tvm
197,197,1,96,96,96,512,16,6,0,[197; 197; 1; 96; 96; 96; 512; 16; 6; 0],0.008043315319810063,0.10748659440209378,tvm
197,197,1,256,128,128,24,8,8,1,[197; 197; 1; 256; 128; 128; 24; 8; 8; 1],0.006806057819630951,0.12702633364866864,tvm
197,197,1,96,96,48,48,2,3,1,[197; 197; 1; 96; 96; 48; 48; 2; 3; 1],0.011124815937364474,0.07771351690636487,tvm
197,197,1,128,64,64,192,32,4,1,[197; 197; 1; 128; 64; 64; 192; 32; 4; 1],0.003496591125440318,0.24725469476208795,tvm
197,197,1,128,64,64,64,32,4,0,[197; 197; 1; 128; 64; 64; 64; 32; 4; 0],0.0036988575011491776,0.23373394924242677,tvm
197,197,1,192,32,32,12,1,2,1,[197; 197; 1; 192; 32; 32; 12; 1; 2; 1],0.007788156683091074,0.11100811226687302,tvm
197,197,1,128,64,64,12,3,4,0,[197; 197; 1; 128; 64; 64; 12; 3; 4; 0],0.003229597845347598,0.2676954261268158,tvm
197,197,1,192,192,64,4,1,4,1,[197; 197; 1; 192; 192; 64; 4; 1; 4; 1],0.007496887992601842,0.11532099349513215,tvm
197,197,1,256,128,16,6,3,1,1,[197; 197; 1; 256; 128; 16; 6; 3; 1; 1],0.008818259433610365,0.0980407276444359,tvm
197,197,1,192,64,64,12,4,4,0,[197; 197; 1; 192; 64; 64; 12; 4; 4; 0],0.0071690225740894675,0.12059504102459562,tvm
197,197,1,128,128,64,48,2,4,1,[197; 197; 1; 128; 128; 64; 48; 2; 4; 1],0.009075979556655511,0.09525677818374864,tvm
197,197,1,48,48,48,48,3,3,1,[197; 197; 1; 48; 48; 48; 48; 3; 3; 1],0.002896881673223106,0.29844110631783727,tvm
197,197,1,192,48,48,8,4,3,0,[197; 197; 1; 192; 48; 48; 8; 4; 3; 0],0.007047710561892018,0.12267083953522574,tvm
197,197,1,128,128,128,24,1,8,0,[197; 197; 1; 128; 128; 128; 24; 1; 8; 0],0.004035210280562751,0.21425118180160893,tvm
197,197,1,192,192,96,24,8,6,1,[197; 197; 1; 192; 192; 96; 24; 8; 6; 1],0.0029373170145845506,0.2943327421370797,tvm
197,197,1,96,48,48,384,2,3,0,[197; 197; 1; 96; 48; 48; 384; 2; 3; 0],0.0054485724394908175,0.15867432818959926,tvm
197,197,1,32,32,32,12,6,2,0,[197; 197; 1; 32; 32; 32; 12; 6; 2; 0],0.005449126401799731,0.15865819723745614,tvm
197,197,1,96,48,48,256,8,3,1,[197; 197; 1; 96; 48; 48; 256; 8; 3; 1],0.00544566993630724,0.15875890047328683,tvm
197,197,1,64,64,32,32,16,2,1,[197; 197; 1; 64; 64; 32; 32; 16; 2; 1],0.007870959816500545,0.1098402979540242,tvm
197,197,1,32,32,32,24,4,2,0,[197; 197; 1; 32; 32; 32; 24; 4; 2; 0],0.002351773531700019,0.36761557172710335,tvm
197,197,1,32,16,16,6,6,1,1,[197; 197; 1; 32; 16; 16; 6; 6; 1; 1],0.003284245751274284,0.26324113263848403,tvm
197,197,1,96,48,48,256,2,3,1,[197; 197; 1; 96; 48; 48; 256; 2; 3; 1],0.005447016374091618,0.15871965715776823,tvm
197,197,1,192,48,48,8,1,3,1,[197; 197; 1; 192; 48; 48; 8; 1; 3; 1],0.0035022951269638725,0.24685200421074896,tvm
197,197,1,192,96,48,8,1,3,1,[197; 197; 1; 192; 96; 48; 8; 1; 3; 1],0.00322785422031302,0.2678400300694906,tvm
197,197,1,192,192,96,24,1,6,1,[197; 197; 1; 192; 192; 96; 24; 1; 6; 1],0.008772072877036408,0.09855692987820387,tvm
197,197,1,128,128,64,24,4,4,1,[197; 197; 1; 128; 128; 64; 24; 4; 4; 1],0.004882388937403448,0.1770749079012037,tvm
197,197,1,96,96,32,12,3,2,1,[197; 197; 1; 96; 96; 32; 12; 3; 2; 1],0.008054939069552347,0.10733148493904357,tvm
197,197,1,256,64,32,6,2,2,0,[197; 197; 1; 256; 64; 32; 6; 2; 2; 0],0.012109277260606177,0.07139555506265557,tvm
197,197,1,256,64,64,768,48,4,0,[197; 197; 1; 256; 64; 64; 768; 48; 4; 0],0.007749882686766796,0.11155634302759437,tvm
197,197,1,256,128,128,768,24,8,1,[197; 197; 1; 256; 128; 128; 768; 24; 8; 1],0.015559808263788,0.05556293218860648,tvm
197,197,1,192,64,16,8,1,1,0,[197; 197; 1; 192; 64; 16; 8; 1; 1; 0],0.005543326718907338,0.15596204504413286,tvm
197,197,1,128,128,16,48,8,1,1,[197; 197; 1; 128; 128; 16; 48; 8; 1; 1],0.016484679625136778,0.052445579234082204,tvm
197,197,1,192,48,16,24,4,1,1,[197; 197; 1; 192; 48; 16; 24; 4; 1; 1],0.0062950216815806925,0.1373384580959031,tvm
197,197,1,192,32,16,24,1,1,1,[197; 197; 1; 192; 32; 16; 24; 1; 1; 1],0.012185608749859966,0.07094832840735237,tvm
197,197,1,96,32,16,24,2,1,0,[197; 197; 1; 96; 32; 16; 24; 2; 1; 0],0.0066545886802487075,0.12991765726927842,tvm
197,197,1,128,32,32,384,24,2,0,[197; 197; 1; 128; 32; 32; 384; 24; 2; 0],0.004738637500850018,0.182446657140051,tvm
197,197,1,384,384,96,24,4,6,1,[197; 197; 1; 384; 384; 96; 24; 4; 6; 1],0.01801087736384943,0.04800146899916446,tvm
197,197,1,384,192,96,4,2,6,1,[197; 197; 1; 384; 192; 96; 4; 2; 6; 1],0.00644598736835178,0.13412197728982425,tvm
197,197,1,192,64,16,32,4,1,1,[197; 197; 1; 192; 64; 16; 32; 4; 1; 1],0.0071903163770912215,0.120237904159972,tvm
197,197,1,96,96,32,256,2,2,1,[197; 197; 1; 96; 96; 32; 256; 2; 2; 1],0.0068125130637781695,0.12690596896251663,tvm
197,197,1,256,64,64,24,3,4,0,[197; 197; 1; 256; 64; 64; 24; 3; 4; 0],0.005458369843836408,0.15838951851253166,tvm
197,197,1,384,192,64,6,6,4,1,[197; 197; 1; 384; 192; 64; 6; 6; 4; 1],0.005682081377017312,0.1521535004629585,tvm
197,197,1,96,96,48,6,1,3,0,[197; 197; 1; 96; 96; 48; 6; 1; 3; 0],0.006886489572934806,0.1255427111697677,tvm
197,197,1,96,32,32,768,12,2,0,[197; 197; 1; 96; 32; 32; 768; 12; 2; 0],0.0035828123436658643,0.2413044526200281,tvm
197,197,1,192,64,32,32,16,2,0,[197; 197; 1; 192; 64; 32; 32; 16; 2; 0],0.007865230247261934,0.10992031310584206,tvm
197,197,1,48,16,16,48,24,1,0,[197; 197; 1; 48; 16; 16; 48; 24; 1; 0],0.012600580870639533,0.06861180292434343,tvm
197,197,1,96,48,48,1,1,3,1,[197; 197; 1; 96; 48; 48; 1; 1; 3; 1],0.01335224838112481,0.06474928766684168,tvm
197,197,1,128,128,128,512,64,8,0,[197; 197; 1; 128; 128; 128; 512; 64; 8; 0],0.007180072192568332,0.120409453866413,tvm
197,197,1,96,96,16,6,2,1,0,[197; 197; 1; 96; 96; 16; 6; 2; 1; 0],0.007785497815348208,0.11104602325161712,tvm
197,197,1,128,32,32,192,4,2,0,[197; 197; 1; 128; 32; 32; 192; 4; 2; 0],0.009208711126120761,0.09388377587133293,tvm
197,197,1,96,32,16,16,1,1,0,[197; 197; 1; 96; 32; 16; 16; 1; 1; 0],0.008537113681086339,0.10126942239787047,tvm
197,197,1,64,64,16,24,24,1,0,[197; 197; 1; 64; 64; 16; 24; 24; 1; 0],0.004137064999667928,0.2089763084452303,tvm
197,197,1,48,48,16,32,1,1,0,[197; 197; 1; 48; 48; 16; 32; 1; 1; 0],0.004225066251819953,0.20462367212731064,tvm
197,197,1,192,48,48,16,4,3,1,[197; 197; 1; 192; 48; 48; 16; 4; 3; 1],0.006490747240604833,0.1331970787616141,tvm
197,197,1,128,128,64,6,3,4,1,[197; 197; 1; 128; 128; 64; 6; 3; 4; 1],0.004335695091867819,0.19940253018487133,tvm
197,197,1,128,128,64,256,16,4,1,[197; 197; 1; 128; 128; 64; 256; 16; 4; 1],0.013755422609392554,0.06285147290481904,tvm
197,197,1,96,48,48,8,2,3,0,[197; 197; 1; 96; 48; 48; 8; 2; 3; 0],0.005751807380875107,0.1503090270900266,tvm
197,197,1,128,128,128,24,24,8,1,[197; 197; 1; 128; 128; 128; 24; 24; 8; 1],0.005636517096718308,0.15338347362273216,tvm
197,197,1,96,96,96,192,4,6,1,[197; 197; 1; 96; 96; 96; 192; 4; 6; 1],0.007535396114690229,0.11473166881607416,tvm
197,197,1,96,96,32,192,12,2,0,[197; 197; 1; 96; 96; 32; 192; 12; 2; 0],0.0036822344045503996,0.234789118900249,tvm
197,197,1,128,128,64,192,1,4,1,[197; 197; 1; 128; 128; 64; 192; 1; 4; 1],0.0035288106300868094,0.2449971568486528,tvm
197,197,1,128,128,32,96,32,2,0,[197; 197; 1; 128; 128; 32; 96; 32; 2; 0],0.004723112971987575,0.18304634603409728,tvm
197,197,1,64,64,64,48,8,4,0,[197; 197; 1; 64; 64; 64; 48; 8; 4; 0],0.004099891128134914,0.2108711047217159,tvm
197,197,1,64,16,16,6,1,1,1,[197; 197; 1; 64; 16; 16; 6; 1; 1; 1],0.012865774508100003,0.06719755354675858,tvm
197,197,1,96,96,48,128,64,3,0,[197; 197; 1; 96; 96; 48; 128; 64; 3; 0],0.006053507029719185,0.14281780250425788,tvm
197,197,1,96,96,96,384,16,6,0,[197; 197; 1; 96; 96; 96; 384; 16; 6; 0],0.01077060193347279,0.08026929012590599,tvm
197,197,1,64,64,64,16,2,4,0,[197; 197; 1; 64; 64; 64; 16; 2; 4; 0],0.007745719311060384,0.11161630530479619,tvm
197,197,1,128,32,32,24,1,2,1,[197; 197; 1; 128; 32; 32; 24; 1; 2; 1],0.0030914317176211625,0.27965960448055316,tvm
197,197,1,192,192,64,16,4,4,1,[197; 197; 1; 192; 192; 64; 16; 4; 4; 1],0.003475300494756084,0.2487694438892687,tvm
197,197,1,32,32,32,16,1,2,1,[197; 197; 1; 32; 32; 32; 16; 1; 2; 1],0.00648399131023325,0.1333358621354276,tvm
197,197,1,96,96,48,8,1,3,1,[197; 197; 1; 96; 96; 48; 8; 1; 3; 1],0.0031820714721106924,0.2716936369927322,tvm
197,197,1,128,32,32,32,4,2,1,[197; 197; 1; 128; 32; 32; 32; 4; 2; 1],0.003141276436508633,0.27522205985458337,tvm
197,197,1,192,96,32,16,16,2,0,[197; 197; 1; 192; 96; 32; 16; 16; 2; 0],0.010957818871247582,0.0788978702410455,tvm
197,197,1,192,96,48,128,8,3,1,[197; 197; 1; 192; 96; 48; 128; 8; 3; 1],0.016191020869882777,0.05339679186237938,tvm
197,197,1,192,192,64,192,1,4,1,[197; 197; 1; 192; 192; 64; 192; 1; 4; 1],0.021603568136924878,0.04001878606112676,tvm
197,197,1,128,128,128,32,4,8,1,[197; 197; 1; 128; 128; 128; 32; 4; 8; 1],0.004012522091215942,0.21546263217371628,tvm
197,197,1,192,64,64,512,2,4,1,[197; 197; 1; 192; 64; 64; 512; 2; 4; 1],0.010320901186787523,0.08376677150395916,tvm
197,197,1,128,32,32,16,2,2,1,[197; 197; 1; 128; 32; 32; 16; 2; 2; 1],0.0028479257052822504,0.30357132204152365,tvm
197,197,1,128,128,128,384,32,8,1,[197; 197; 1; 128; 128; 128; 384; 32; 8; 1],0.008830311126075685,0.09790692072848728,tvm
197,197,1,96,96,96,192,1,6,0,[197; 197; 1; 96; 96; 96; 192; 1; 6; 0],0.005384377502196003,0.16056611392421274,tvm
197,197,1,128,64,32,128,8,2,1,[197; 197; 1; 128; 64; 32; 128; 8; 2; 1],0.008887819683877751,0.0972734148732605,tvm
197,197,1,384,64,64,24,3,4,1,[197; 197; 1; 384; 64; 64; 24; 3; 4; 1],0.007183626512414776,0.12034987759099873,tvm
197,197,1,64,32,32,192,2,2,0,[197; 197; 1; 64; 32; 32; 192; 2; 2; 0],0.00920344157202635,0.0939375302882725,tvm
197,197,1,64,16,16,24,24,1,0,[197; 197; 1; 64; 16; 16; 24; 24; 1; 0],0.005256918506347574,0.16445919227864278,tvm
197,197,1,96,16,16,4,1,1,1,[197; 197; 1; 96; 16; 16; 4; 1; 1; 1],0.007144819188397378,0.12100356197012375,tvm
197,197,1,192,192,32,8,4,2,1,[197; 197; 1; 192; 192; 32; 8; 4; 2; 1],0.003974903222115245,0.21750179139418188,tvm
197,197,1,32,32,16,12,12,1,0,[197; 197; 1; 32; 32; 16; 12; 12; 1; 0],0.004546081188891549,0.19017446796619364,tvm
197,197,1,64,64,64,192,1,4,1,[197; 197; 1; 64; 64; 64; 192; 1; 4; 1],0.0071294621884590015,0.12126420599131325,tvm
197,197,1,128,128,64,384,6,4,1,[197; 197; 1; 128; 128; 64; 384; 6; 4; 1],0.010603066373732872,0.08153759874316452,tvm
197,197,1,64,64,64,48,24,4,0,[197; 197; 1; 64; 64; 64; 48; 24; 4; 0],0.007534810065408237,0.11474059251973062,tvm
197,197,1,96,96,32,24,4,2,0,[197; 197; 1; 96; 96; 32; 24; 4; 2; 0],0.0057138848715112545,0.1513066137785007,tvm
197,197,1,128,32,16,32,1,1,0,[197; 197; 1; 128; 32; 16; 32; 1; 1; 0],0.007187847630120814,0.12027920121813156,tvm
197,197,1,192,192,192,96,6,12,1,[197; 197; 1; 192; 192; 192; 96; 6; 12; 1],0.008062993627390824,0.10722426574809762,tvm
197,197,1,96,96,32,256,2,2,0,[197; 197; 1; 96; 96; 32; 256; 2; 2; 0],0.0069450512528419495,0.12448411681264322,tvm
197,197,1,192,64,16,12,2,1,0,[197; 197; 1; 192; 64; 16; 12; 2; 1; 0],0.007568035885924473,0.1142368488284411,tvm
197,197,1,192,192,48,1024,64,3,1,[197; 197; 1; 192; 192; 48; 1024; 64; 3; 1],0.014293281245045364,0.06048636115155569,tvm
197,197,1,192,96,48,256,2,3,1,[197; 197; 1; 192; 96; 48; 256; 2; 3; 1],0.005277324373309966,0.1638232767727942,tvm
197,197,1,32,32,32,512,16,2,0,[197; 197; 1; 32; 32; 32; 512; 16; 2; 0],0.007079400937072933,0.1221217132796027,tvm
197,197,1,64,64,32,384,1,2,0,[197; 197; 1; 64; 64; 32; 384; 1; 2; 0],0.009547099005430937,0.09055615438121743,tvm
197,197,1,48,48,16,48,24,1,0,[197; 197; 1; 48; 48; 16; 48; 24; 1; 0],0.005872324531082995,0.14722424941816495,tvm
197,197,1,128,64,64,768,6,4,0,[197; 197; 1; 128; 64; 64; 768; 6; 4; 0],0.007183338806498796,0.1203546978246955,tvm
197,197,1,192,192,48,48,24,3,1,[197; 197; 1; 192; 192; 48; 48; 24; 3; 1],0.005668274126946926,0.15252412852062233,tvm
197,197,1,128,16,16,32,2,1,0,[197; 197; 1; 128; 16; 16; 32; 2; 1; 0],0.00961656631261576,0.0899020027860037,tvm
197,197,1,192,192,64,96,2,4,1,[197; 197; 1; 192; 192; 64; 96; 2; 4; 1],0.010616120125632733,0.0814373388014996,tvm
197,197,1,128,64,64,2,2,4,1,[197; 197; 1; 128; 64; 64; 2; 2; 4; 1],0.013068017229670659,0.06615759347681545,tvm
197,197,1,384,384,192,6,6,12,1,[197; 197; 1; 384; 384; 192; 6; 6; 12; 1],0.006628264003666118,0.13043363555681944,tvm
197,197,1,192,32,32,24,3,2,1,[197; 197; 1; 192; 32; 32; 24; 3; 2; 1],0.008333377947565168,0.1037452731495484,tvm
197,197,1,192,192,48,384,24,3,1,[197; 197; 1; 192; 192; 48; 384; 24; 3; 1],0.005206419533351436,0.16605434231537058,tvm
197,197,1,256,128,64,32,4,4,0,[197; 197; 1; 256; 128; 64; 32; 4; 4; 0],0.009182963869534433,0.0941470078409884,tvm
197,197,1,64,32,32,48,6,2,1,[197; 197; 1; 64; 32; 32; 48; 6; 2; 1],0.004291480749088805,0.20145693805387288,tvm
197,197,1,96,32,32,768,6,2,0,[197; 197; 1; 96; 32; 32; 768; 6; 2; 0],0.010358654632000253,0.08346147276286084,tvm
197,197,1,96,16,16,24,1,1,0,[197; 197; 1; 96; 16; 16; 24; 1; 1; 0],0.009311353758675978,0.09284885891302505,tvm
197,197,1,128,128,32,64,8,2,1,[197; 197; 1; 128; 128; 32; 64; 8; 2; 1],0.008232158870669082,0.10502088030746469,tvm
197,197,1,192,96,32,24,12,2,1,[197; 197; 1; 192; 96; 32; 24; 12; 2; 1],0.008752211128012277,0.09878058913152839,tvm
197,197,1,192,16,16,3,3,1,1,[197; 197; 1; 192; 16; 16; 3; 3; 1; 1],0.014784512633923441,0.05847663652062785,tvm
197,197,1,192,192,16,3,1,1,1,[197; 197; 1; 192; 192; 16; 3; 1; 1; 1],0.0041868518746923655,0.20649132028156483,tvm
197,197,1,192,192,32,4,1,2,1,[197; 197; 1; 192; 192; 32; 4; 1; 2; 1],0.006983348444919102,0.12380143683902725,tvm
197,197,1,64,32,16,24,1,1,1,[197; 197; 1; 64; 32; 16; 24; 1; 1; 1],0.008162454745615833,0.10591771695799385,tvm
197,197,1,96,96,96,48,4,6,1,[197; 197; 1; 96; 96; 96; 48; 4; 6; 1],0.008073668941506185,0.10708248971963487,tvm
197,197,1,64,32,16,16,1,1,1,[197; 197; 1; 64; 32; 16; 16; 1; 1; 1],0.003578931064112112,0.24156614249932615,tvm
197,197,1,96,48,48,512,4,3,0,[197; 197; 1; 96; 48; 48; 512; 4; 3; 0],0.008225675497669727,0.1051036564320452,tvm
197,197,1,96,96,32,96,3,2,1,[197; 197; 1; 96; 96; 32; 96; 3; 2; 1],0.009563006431562826,0.09040552023212257,tvm
197,197,1,96,96,32,768,8,2,0,[197; 197; 1; 96; 96; 32; 768; 8; 2; 0],0.014181158388964832,0.06096459454971788,tvm
197,197,1,256,256,64,32,8,4,1,[197; 197; 1; 256; 256; 64; 32; 8; 4; 1],0.004810851278307382,0.17970802284554271,tvm
197,197,1,96,32,16,12,12,1,0,[197; 197; 1; 96; 32; 16; 12; 12; 1; 0],0.003718741405464243,0.23248418676227964,tvm
197,197,1,128,16,16,24,6,1,1,[197; 197; 1; 128; 16; 16; 24; 6; 1; 1],0.004114854062208906,0.21010430949876038,tvm
197,197,1,192,32,32,8,8,2,0,[197; 197; 1; 192; 32; 32; 8; 8; 2; 0],0.00852449075318873,0.1014193805190266,tvm
197,197,1,96,96,32,96,12,2,1,[197; 197; 1; 96; 96; 32; 96; 12; 2; 1],0.009532719384878874,0.09069275371726015,tvm
197,197,1,128,64,64,96,4,4,1,[197; 197; 1; 128; 64; 64; 96; 4; 4; 1],0.006761579934391193,0.12786191686224804,tvm
197,197,1,256,32,16,6,3,1,1,[197; 197; 1; 256; 32; 16; 6; 3; 1; 1],0.011497130675707012,0.07519689875799435,tvm
197,197,1,64,16,16,12,2,1,1,[197; 197; 1; 64; 16; 16; 12; 2; 1; 1],0.007675971006392501,0.11263051550202322,tvm
197,197,1,192,64,64,24,1,4,0,[197; 197; 1; 192; 64; 64; 24; 1; 4; 0],0.003915835404768586,0.2207826637390709,tvm
197,197,1,192,96,96,12,6,6,1,[197; 197; 1; 192; 96; 96; 12; 6; 6; 1],0.00399875618313672,0.2162043725182561,tvm
197,197,1,128,128,64,192,3,4,1,[197; 197; 1; 128; 128; 64; 192; 3; 4; 1],0.003659309782960918,0.236260011506603,tvm
197,197,1,96,48,48,96,6,3,0,[197; 197; 1; 96; 48; 48; 96; 6; 3; 0],0.005720174660382327,0.15114024007280688,tvm
197,197,1,48,48,48,64,64,3,1,[197; 197; 1; 48; 48; 48; 64; 64; 3; 1],0.004362008156022057,0.19819966870878078,tvm
197,197,1,128,128,128,96,32,8,1,[197; 197; 1; 128; 128; 128; 96; 32; 8; 1],0.006829470556112938,0.1265908629849395,tvm
197,197,1,96,96,32,32,1,2,0,[197; 197; 1; 96; 96; 32; 32; 1; 2; 0],0.0087497997446917,0.09880781236771423,tvm
197,197,1,96,96,96,96,6,6,0,[197; 197; 1; 96; 96; 96; 96; 6; 6; 0],0.005513056123163551,0.15681838749946705,tvm
197,197,1,128,16,16,8,8,1,1,[197; 197; 1; 128; 16; 16; 8; 8; 1; 1],0.004076089848240372,0.21210243238425983,tvm
197,197,1,192,192,48,32,4,3,1,[197; 197; 1; 192; 192; 48; 32; 4; 3; 1],0.007524666259996593,0.11489527130588817,tvm
197,197,1,96,48,48,64,2,3,0,[197; 197; 1; 96; 48; 48; 64; 2; 3; 0],0.004554360937618185,0.1898287341013223,tvm
197,197,1,128,64,32,6,6,2,1,[197; 197; 1; 128; 64; 32; 6; 6; 2; 1],0.0024739068612689152,0.3494669039339369,tvm
197,197,1,96,48,48,512,1,3,1,[197; 197; 1; 96; 48; 48; 512; 1; 3; 1],0.00407060187717434,0.21238838813406843,tvm
197,197,1,128,64,32,24,1,2,1,[197; 197; 1; 128; 64; 32; 24; 1; 2; 1],0.007227454931125976,0.11962005708334207,tvm
197,197,1,128,64,64,6,6,4,1,[197; 197; 1; 128; 64; 64; 6; 6; 4; 1],0.002341276907827705,0.36926369902598194,tvm
197,197,1,128,32,32,24,12,2,1,[197; 197; 1; 128; 32; 32; 24; 12; 2; 1],0.006054581877833698,0.1427924485741537,tvm
197,197,1,64,64,64,32,8,4,1,[197; 197; 1; 64; 64; 64; 32; 8; 4; 1],0.0025115678581641987,0.34422664258034547,tvm
197,197,1,16,16,16,12,3,1,0,[197; 197; 1; 16; 16; 16; 12; 3; 1; 0],0.003110217203357024,0.27797048080610504,tvm
197,197,1,96,48,16,12,6,1,1,[197; 197; 1; 96; 48; 16; 12; 6; 1; 1],0.00824887549970299,0.10480805189261257,tvm
197,197,1,32,16,16,8,4,1,1,[197; 197; 1; 32; 16; 16; 8; 4; 1; 1],0.00948335875000339,0.0911648071342089,tvm
197,197,1,32,32,32,24,4,2,0,[197; 197; 1; 32; 32; 32; 24; 4; 2; 0],0.004587387593346648,0.18846207211321667,tvm
197,197,1,96,48,48,384,48,3,1,[197; 197; 1; 96; 48; 48; 384; 48; 3; 1],0.013566275360062718,0.06372777704141887,tvm
197,197,1,96,32,16,4,4,1,1,[197; 197; 1; 96; 32; 16; 4; 4; 1; 1],0.006774721492547542,0.127613891195322,tvm
197,197,1,128,128,64,8,4,4,1,[197; 197; 1; 128; 128; 64; 8; 4; 4; 1],0.005567857006099075,0.15527492363427042,tvm
197,197,1,384,192,48,16,1,3,1,[197; 197; 1; 384; 192; 48; 16; 1; 3; 1],0.006865997114800848,0.12591740965997306,tvm
197,197,1,192,192,96,3072,3,6,1,[197; 197; 1; 192; 192; 96; 3072; 3; 6; 1],0.019733760738745332,0.04381063411451593,tvm
197,197,1,192,96,96,192,6,6,0,[197; 197; 1; 192; 96; 96; 192; 6; 6; 0],0.015326877997722477,0.05640734998719507,tvm
197,197,1,192,192,48,96,2,3,1,[197; 197; 1; 192; 192; 48; 96; 2; 3; 1],0.010730652502388693,0.08056812679714666,tvm
197,197,1,128,32,32,96,48,2,0,[197; 197; 1; 128; 32; 32; 96; 48; 2; 0],0.007888572377851233,0.10959506106022009,tvm
197,197,1,192,48,48,64,32,3,1,[197; 197; 1; 192; 48; 48; 64; 32; 3; 1],0.005690048128599301,0.1519404672665562,tvm
197,197,1,192,96,96,128,4,6,0,[197; 197; 1; 192; 96; 96; 128; 4; 6; 0],0.010462787875439972,0.08263080373233851,tvm
197,197,1,256,64,64,6,1,4,0,[197; 197; 1; 256; 64; 64; 6; 1; 4; 0],0.01148019749962259,0.07530781342890601,tvm
197,197,1,384,64,64,16,2,4,0,[197; 197; 1; 384; 64; 64; 16; 2; 4; 0],0.007682449868298136,0.11253553049479145,tvm
197,197,1,192,192,16,24,12,1,1,[197; 197; 1; 192; 192; 16; 24; 12; 1; 1],0.005325670186721254,0.1623361081548368,tvm
197,197,1,128,64,32,384,3,2,0,[197; 197; 1; 128; 64; 32; 384; 3; 2; 0],0.004806170712981839,0.17988303434444367,tvm
197,197,1,192,192,48,96,32,3,1,[197; 197; 1; 192; 192; 48; 96; 32; 3; 1],0.010669241688447073,0.08103186680687219,tvm
197,197,1,128,128,128,256,32,8,0,[197; 197; 1; 128; 128; 128; 256; 32; 8; 0],0.007126697062631138,0.12131125594798114,tvm
197,197,1,192,64,64,768,16,4,1,[197; 197; 1; 192; 64; 64; 768; 16; 4; 1],0.01499838862218894,0.05764276371326581,tvm
197,197,1,96,32,32,768,24,2,1,[197; 197; 1; 96; 32; 32; 768; 24; 2; 1],0.0035884258468286134,0.2409269714163507,tvm
197,197,1,192,96,96,192,32,6,1,[197; 197; 1; 192; 96; 96; 192; 32; 6; 1],0.010417801240691915,0.08298762391930133,tvm
197,197,1,192,192,48,48,4,3,1,[197; 197; 1; 192; 192; 48; 48; 4; 3; 1],0.005474862031405792,0.15791239422458642,tvm
197,197,1,96,96,32,768,6,2,0,[197; 197; 1; 96; 96; 32; 768; 6; 2; 0],0.0035937327847932465,0.2405711896796774,tvm
197,197,1,192,192,48,512,4,3,1,[197; 197; 1; 192; 192; 48; 512; 4; 3; 1],0.005185256122786086,0.16673208631477232,tvm
197,197,1,128,64,16,12,3,1,0,[197; 197; 1; 128; 64; 16; 12; 3; 1; 0],0.0072954186907736585,0.1185056825486857,tvm
197,197,1,64,64,64,384,16,4,1,[197; 197; 1; 64; 64; 64; 384; 16; 4; 1],0.007005495630437508,0.12341005077103709,tvm
197,197,1,128,64,32,768,64,2,0,[197; 197; 1; 128; 64; 32; 768; 64; 2; 0],0.013988196762511507,0.06180557695224658,tvm
197,197,1,32,32,16,48,16,1,0,[197; 197; 1; 32; 32; 16; 48; 16; 1; 0],0.01043452406884171,0.0828546242957242,tvm
197,197,1,128,32,32,512,16,2,0,[197; 197; 1; 128; 32; 32; 512; 16; 2; 0],0.009462549365707673,0.09136529047464732,tvm
197,197,1,384,192,192,8,4,12,1,[197; 197; 1; 384; 192; 192; 8; 4; 12; 1],0.0058522013132460415,0.14773049065686225,tvm
197,197,1,192,192,64,384,8,4,1,[197; 197; 1; 192; 192; 64; 384; 8; 4; 1],0.008800096809864044,0.09824307506020813,tvm
197,197,1,128,64,32,96,4,2,1,[197; 197; 1; 128; 64; 32; 96; 4; 2; 1],0.004261038440745324,0.20289621496053623,tvm
197,197,1,64,32,32,128,1,2,0,[197; 197; 1; 64; 32; 32; 128; 1; 2; 0],0.013742862502112985,0.06290891517656134,tvm
197,197,1,96,96,32,48,16,2,1,[197; 197; 1; 96; 96; 32; 48; 16; 2; 1],0.0062177617801353335,0.13904498145790234,tvm
197,197,1,128,64,32,48,2,2,1,[197; 197; 1; 128; 64; 32; 48; 2; 2; 1],0.016710741503629833,0.05173609867885144,tvm
197,197,1,64,32,32,48,1,2,0,[197; 197; 1; 64; 32; 32; 48; 1; 2; 0],0.018180192477302626,0.047554423447822784,tvm
197,197,1,192,64,64,48,1,4,1,[197; 197; 1; 192; 64; 64; 48; 1; 4; 1],0.016634538129437715,0.05197310347310467,tvm
197,197,1,192,96,96,24,6,6,0,[197; 197; 1; 192; 96; 96; 24; 6; 6; 0],0.0034425548728904687,0.2511357417238992,tvm
197,197,1,96,96,96,48,3,6,0,[197; 197; 1; 96; 96; 96; 48; 3; 6; 0],0.003445859685598407,0.2508948855468078,tvm
197,197,1,96,96,96,768,24,6,1,[197; 197; 1; 96; 96; 96; 768; 24; 6; 1],0.007955584253068082,0.1086719144599791,tvm
197,197,1,96,48,16,8,1,1,0,[197; 197; 1; 96; 48; 16; 8; 1; 1; 0],0.006936918871360831,0.1246300536968758,tvm
197,197,1,96,32,16,6,1,1,0,[197; 197; 1; 96; 32; 16; 6; 1; 1; 0],0.009280345751903951,0.09315909067840505,tvm
197,197,1,48,48,16,4,4,1,0,[197; 197; 1; 48; 48; 16; 4; 4; 1; 0],0.00760065000213217,0.11374666261254553,tvm
197,197,1,96,96,16,24,8,1,1,[197; 197; 1; 96; 96; 16; 24; 8; 1; 1],0.00849452412512619,0.10177716358133576,tvm
197,197,1,64,32,16,24,2,1,1,[197; 197; 1; 64; 32; 16; 24; 2; 1; 1],0.008126077431370504,0.10639186972191586,tvm
197,197,1,96,96,96,192,1,6,1,[197; 197; 1; 96; 96; 96; 192; 1; 6; 1],0.00260555444037891,0.33180982827702704,tvm
197,197,1,128,128,32,24,2,2,0,[197; 197; 1; 128; 128; 32; 24; 2; 2; 0],0.0044725249681505375,0.19330212298089783,tvm
197,197,1,192,64,32,16,4,2,1,[197; 197; 1; 192; 64; 32; 16; 4; 2; 1],0.00386290571623249,0.223807836622989,tvm
197,197,1,128,128,128,64,4,8,1,[197; 197; 1; 128; 128; 128; 64; 4; 8; 1],0.010306049123755656,0.08388748792549117,tvm
197,197,1,96,32,32,64,1,2,0,[197; 197; 1; 96; 32; 32; 64; 1; 2; 0],0.008845757314702496,0.09773595868288279,tvm
197,197,1,96,96,96,96,1,6,0,[197; 197; 1; 96; 96; 96; 96; 1; 6; 0],0.010147113498533145,0.0852014291111999,tvm
197,197,1,96,96,48,16,2,3,0,[197; 197; 1; 96; 96; 48; 16; 2; 3; 0],0.006820807378971949,0.12675164733340974,tvm
197,197,1,192,64,64,24,3,4,0,[197; 197; 1; 192; 64; 64; 24; 3; 4; 0],0.010801347059896216,0.08004081033915768,tvm
197,197,1,96,48,16,12,12,1,0,[197; 197; 1; 96; 48; 16; 12; 12; 1; 0],0.0029958524828543887,0.28858182316268344,tvm
197,197,1,96,48,48,384,6,3,1,[197; 197; 1; 96; 48; 48; 384; 6; 3; 1],0.002694304297619965,0.3208800773514251,tvm
197,197,1,64,64,16,8,1,1,1,[197; 197; 1; 64; 64; 16; 8; 1; 1; 1],0.0042227361191180535,0.204736584773651,tvm
197,197,1,128,64,64,192,8,4,0,[197; 197; 1; 128; 64; 64; 192; 8; 4; 0],0.007221014690003358,0.11972674319932305,tvm
197,197,1,192,192,192,24,6,12,1,[197; 197; 1; 192; 192; 192; 24; 6; 12; 1],0.007825516629964113,0.11047814633965401,tvm
197,197,1,96,96,96,192,8,6,0,[197; 197; 1; 96; 96; 96; 192; 8; 6; 0],0.00781139031460043,0.11067793780738697,tvm
197,197,1,48,16,16,12,2,1,0,[197; 197; 1; 48; 16; 16; 12; 2; 1; 0],0.0074232552433386445,0.11646488542939236,tvm
197,197,1,192,32,32,8,2,2,1,[197; 197; 1; 192; 32; 32; 8; 2; 2; 1],0.005981667149171699,0.1445330456991891,tvm
197,197,1,128,128,16,4,4,1,1,[197; 197; 1; 128; 128; 16; 4; 4; 1; 1],0.002185321343858959,0.3956162208629256,tvm
197,197,1,128,64,64,24,4,4,0,[197; 197; 1; 128; 64; 64; 24; 4; 4; 0],0.0028368113125907257,0.30476068943726115,tvm
197,197,1,48,48,48,16,2,3,1,[197; 197; 1; 48; 48; 48; 16; 2; 3; 1],0.003247807406296488,0.26619453165618157,tvm
197,197,1,96,48,48,512,8,3,1,[197; 197; 1; 96; 48; 48; 512; 8; 3; 1],0.00803443837503437,0.10760535224403572,tvm
197,197,1,192,192,192,12,4,12,1,[197; 197; 1; 192; 192; 192; 12; 4; 12; 1],0.009091379557503387,0.09509542154304113,tvm
197,197,1,96,96,16,3,3,1,1,[197; 197; 1; 96; 96; 16; 3; 3; 1; 1],0.008646345508168451,0.09999005598513354,tvm
197,197,1,48,48,48,24,4,3,1,[197; 197; 1; 48; 48; 48; 24; 4; 3; 1],0.005300533994159196,0.16310593845473706,tvm
197,197,1,128,128,32,16,1,2,1,[197; 197; 1; 128; 128; 32; 16; 1; 2; 1],0.008770940257818438,0.09856965684584508,tvm
197,197,1,32,32,16,96,8,1,1,[197; 197; 1; 32; 32; 16; 96; 8; 1; 1],0.005281236088194419,0.1637019358708784,tvm
197,197,1,384,192,192,12,4,12,0,[197; 197; 1; 384; 192; 192; 12; 4; 12; 0],0.006230765808140859,0.13875478521420084,tvm
197,197,1,128,64,32,3072,16,2,1,[197; 197; 1; 128; 64; 32; 3072; 16; 2; 1],0.014848686259938404,0.058223909933440655,tvm
197,197,1,192,48,48,768,24,3,1,[197; 197; 1; 192; 48; 48; 768; 24; 3; 1],0.010573585866950452,0.081764935974168,tvm
197,197,1,192,96,96,48,1,6,0,[197; 197; 1; 192; 96; 96; 48; 1; 6; 0],0.016541145741939545,0.052266547004451824,tvm
197,197,1,96,32,16,32,1,1,0,[197; 197; 1; 96; 32; 16; 32; 1; 1; 0],0.013058485754299909,0.06620588234312635,tvm
197,197,1,384,48,48,16,2,3,0,[197; 197; 1; 384; 48; 48; 16; 2; 3; 0],0.014283188502304256,0.06052910183808726,tvm
197,197,1,96,96,32,256,4,2,1,[197; 197; 1; 96; 96; 32; 256; 4; 2; 1],0.013620428391732275,0.06347440378258296,tvm
197,197,1,384,96,16,6,3,1,1,[197; 197; 1; 384; 96; 16; 6; 3; 1; 1],0.005806041750474833,0.1489049870090697,tvm
197,197,1,128,128,32,1536,48,2,1,[197; 197; 1; 128; 128; 32; 1536; 48; 2; 1],0.01378998564905487,0.06269394279520699,tvm
197,197,1,96,96,32,1536,6,2,1,[197; 197; 1; 96; 96; 32; 1536; 6; 2; 1],0.028819740749895573,0.029998485376094303,tvm
197,197,1,192,96,16,32,1,1,1,[197; 197; 1; 192; 96; 16; 32; 1; 1; 1],0.007424235620419495,0.11644950613511394,tvm
197,197,1,128,128,32,48,2,2,1,[197; 197; 1; 128; 128; 32; 48; 2; 2; 1],0.008083064254606143,0.10695802287305925,tvm
197,197,1,192,192,96,24,4,6,0,[197; 197; 1; 192; 192; 96; 24; 4; 6; 0],0.00880192912882194,0.09822262356073794,tvm
197,197,1,32,32,32,192,24,2,0,[197; 197; 1; 32; 32; 32; 192; 24; 2; 0],0.006918007566127926,0.12497074673083472,tvm
197,197,1,192,16,16,8,8,1,0,[197; 197; 1; 192; 16; 16; 8; 8; 1; 0],0.010512348439078778,0.0822412400462949,tvm
197,197,1,96,32,16,32,8,1,1,[197; 197; 1; 96; 32; 16; 32; 8; 1; 1],0.007686525190365501,0.1124758652339057,tvm
197,197,1,128,32,32,128,1,2,0,[197; 197; 1; 128; 32; 32; 128; 1; 2; 0],0.009107579753617756,0.09492626963657949,tvm
197,197,1,128,128,32,384,4,2,0,[197; 197; 1; 128; 128; 32; 384; 4; 2; 0],0.004765074372699019,0.18143443392655306,tvm
197,197,1,192,192,192,32,1,12,0,[197; 197; 1; 192; 192; 192; 32; 1; 12; 0],0.006549283250933513,0.13200659343987625,tvm
197,197,1,384,48,48,8,1,3,1,[197; 197; 1; 384; 48; 48; 8; 1; 3; 1],0.007157326064771041,0.1207921175596501,tvm
197,197,1,192,64,64,256,64,4,0,[197; 197; 1; 192; 64; 64; 256; 64; 4; 0],0.008838978508720174,0.09781091452769607,tvm
197,197,1,64,16,16,24,3,1,0,[197; 197; 1; 64; 16; 16; 24; 3; 1; 0],0.013188290729885921,0.06555425484133605,tvm
197,197,1,256,32,16,4,4,1,1,[197; 197; 1; 256; 32; 16; 4; 4; 1; 1],0.008926175010856241,0.09685543588122408,tvm
197,197,1,192,192,96,384,4,6,1,[197; 197; 1; 192; 192; 96; 384; 4; 6; 1],0.009811384559725411,0.08811687750752757,tvm
197,197,1,128,128,32,384,48,2,1,[197; 197; 1; 128; 128; 32; 384; 48; 2; 1],0.00459417234378634,0.18818374817781514,tvm
197,197,1,32,32,32,64,4,2,0,[197; 197; 1; 32; 32; 32; 64; 4; 2; 0],0.009986274817492813,0.08657368110019906,tvm
197,197,1,64,64,64,768,3,4,1,[197; 197; 1; 64; 64; 64; 768; 3; 4; 1],0.007784615998389199,0.11105860219790734,tvm
197,197,1,128,128,32,384,24,2,1,[197; 197; 1; 128; 128; 32; 384; 24; 2; 1],0.009199108928442001,0.09398177346889998,tvm
197,197,1,128,64,32,512,32,2,1,[197; 197; 1; 128; 64; 32; 512; 32; 2; 1],0.009285967375035398,0.09310269318335568,tvm
197,197,1,64,64,32,96,16,2,0,[197; 197; 1; 64; 64; 32; 96; 16; 2; 0],0.021716530376579612,0.039810621514427165,tvm
197,197,1,128,64,32,384,3,2,0,[197; 197; 1; 128; 64; 32; 384; 3; 2; 0],0.012932751007610932,0.06684954894127197,tvm
197,197,1,64,64,64,384,3,4,1,[197; 197; 1; 64; 64; 64; 384; 3; 4; 1],0.0035332305342308246,0.24469067700298855,tvm
197,197,1,16,16,16,48,48,1,0,[197; 197; 1; 16; 16; 16; 48; 48; 1; 0],0.004177705595793668,0.206943393114882,tvm
197,197,1,96,96,32,1024,16,2,0,[197; 197; 1; 96; 96; 32; 1024; 16; 2; 0],0.014245787111576647,0.06068801707179856,tvm
197,197,1,256,256,16,6,2,1,1,[197; 197; 1; 256; 256; 16; 6; 2; 1; 1],0.0061441512807505205,0.140710821059563,tvm
197,197,1,192,192,48,3,1,3,1,[197; 197; 1; 192; 192; 48; 3; 1; 3; 1],0.004190301471680868,0.2063213296874729,tvm
197,197,1,128,16,16,32,8,1,1,[197; 197; 1; 128; 16; 16; 32; 8; 1; 1],0.013756864122115076,0.06284488701453059,tvm
197,197,1,96,96,96,512,1,6,0,[197; 197; 1; 96; 96; 96; 512; 1; 6; 0],0.007608374755363911,0.11363117606937853,tvm
197,197,1,64,64,32,12,6,2,0,[197; 197; 1; 64; 64; 32; 12; 6; 2; 0],0.0070044119347585365,0.12342914429951714,tvm
197,197,1,128,32,32,64,4,2,1,[197; 197; 1; 128; 32; 32; 64; 4; 2; 1],0.013321464764885604,0.06489891214571669,tvm
197,197,1,96,96,96,256,32,6,0,[197; 197; 1; 96; 96; 96; 256; 32; 6; 0],0.007120761001715437,0.12141238432525626,tvm
197,197,1,192,192,64,4,4,4,1,[197; 197; 1; 192; 192; 64; 4; 4; 4; 1],0.006479345873231068,0.13343145872184242,tvm
197,197,1,128,64,32,12,6,2,0,[197; 197; 1; 128; 64; 32; 12; 6; 2; 0],0.008836796245304868,0.09783506911658396,tvm
197,197,1,96,96,96,768,6,6,1,[197; 197; 1; 96; 96; 96; 768; 6; 6; 1],0.009635040623834357,0.08972962389903406,tvm
197,197,1,128,128,64,256,1,4,1,[197; 197; 1; 128; 128; 64; 256; 1; 4; 1],0.013579582766396925,0.0636653265642242,tvm
197,197,1,96,96,96,768,2,6,1,[197; 197; 1; 96; 96; 96; 768; 2; 6; 1],0.009402987867360935,0.09194402711392817,tvm
197,197,1,192,96,48,24,8,3,1,[197; 197; 1; 192; 96; 48; 24; 8; 3; 1],0.013010640250286087,0.06644934874819562,tvm
197,197,1,128,128,128,48,3,8,1,[197; 197; 1; 128; 128; 128; 48; 3; 8; 1],0.0035240525321569294,0.24532794660112978,tvm
197,197,1,192,32,16,6,3,1,1,[197; 197; 1; 192; 32; 16; 6; 3; 1; 1],0.008352760938578285,0.10350452716006084,tvm
197,197,1,48,48,16,16,8,1,1,[197; 197; 1; 48; 48; 16; 16; 8; 1; 1],0.0027156612813996617,0.31835655549169956,tvm
197,197,1,96,96,48,192,6,3,0,[197; 197; 1; 96; 96; 48; 192; 6; 3; 0],0.008211173873860389,0.10528927833093295,tvm
197,197,1,64,32,16,16,8,1,1,[197; 197; 1; 64; 32; 16; 16; 8; 1; 1],0.009015180490678176,0.09589919717331526,tvm
197,197,1,128,128,128,512,2,8,1,[197; 197; 1; 128; 128; 128; 512; 2; 8; 1],0.006743726436980069,0.12820042145952287,tvm
197,197,1,48,48,48,6,6,3,0,[197; 197; 1; 48; 48; 48; 6; 6; 3; 0],0.004432018846273422,0.19506879402273083,tvm
197,197,1,96,96,96,192,48,6,0,[197; 197; 1; 96; 96; 96; 192; 48; 6; 0],0.005374494125135243,0.16086138551817955,tvm
197,197,1,16,16,16,24,24,1,1,[197; 197; 1; 16; 16; 16; 24; 24; 1; 1],0.009725002557388507,0.08889957265581759,tvm
197,197,1,16,16,16,4,1,1,1,[197; 197; 1; 16; 16; 16; 4; 1; 1; 1],0.00741547612415161,0.11658706156612199,tvm
197,197,1,192,48,48,12,1,3,0,[197; 197; 1; 192; 48; 48; 12; 1; 3; 0],0.0092362563154893,0.09360378728107775,tvm
197,197,1,96,96,16,16,16,1,1,[197; 197; 1; 96; 96; 16; 16; 16; 1; 1],0.00685558638360817,0.12610862485749177,tvm
197,197,1,192,64,64,12,3,4,1,[197; 197; 1; 192; 64; 64; 12; 3; 4; 1],0.006464047750341706,0.1337472439591538,tvm
197,197,1,64,64,16,8,4,1,1,[197; 197; 1; 64; 64; 16; 8; 4; 1; 1],0.007214650686364621,0.11983235350015364,tvm
197,197,1,128,128,64,12,12,4,0,[197; 197; 1; 128; 128; 64; 12; 12; 4; 0],0.01301151464576833,0.06644488324114858,tvm
197,197,1,128,128,128,24,8,8,1,[197; 197; 1; 128; 128; 128; 24; 8; 8; 1],0.0019267693460278679,0.44870371910933804,tvm
197,197,1,64,64,32,192,64,2,1,[197; 197; 1; 64; 64; 32; 192; 64; 2; 1],0.00454823937616311,0.19008422818719442,tvm
197,197,1,384,128,32,8,2,2,1,[197; 197; 1; 384; 128; 32; 8; 2; 2; 1],0.005877529503777623,0.1470938718168758,tvm
197,197,1,128,128,32,256,64,2,0,[197; 197; 1; 128; 128; 32; 256; 64; 2; 0],0.004690072717494331,0.1843358565004203,tvm
197,197,1,192,192,48,1024,8,3,1,[197; 197; 1; 192; 192; 48; 1024; 8; 3; 1],0.018049249629257247,0.04789941904438876,tvm
197,197,1,64,16,16,24,3,1,0,[197; 197; 1; 64; 16; 16; 24; 3; 1; 0],0.009196982384310104,0.09400350411711961,tvm
197,197,1,384,96,32,12,2,2,1,[197; 197; 1; 384; 96; 32; 12; 2; 2; 1],0.007119070505723357,0.1214412149357869,tvm
197,197,1,384,384,96,16,1,6,1,[197; 197; 1; 384; 384; 96; 16; 1; 6; 1],0.006721657933667302,0.12862132824377126,tvm
197,197,1,192,48,16,8,8,1,0,[197; 197; 1; 192; 48; 16; 8; 8; 1; 0],0.008421279489994049,0.10266237719052147,tvm
197,197,1,384,64,64,16,1,4,0,[197; 197; 1; 384; 64; 64; 16; 1; 4; 0],0.007369457365712151,0.11731509235008993,tvm
197,197,1,192,96,32,32,32,2,1,[197; 197; 1; 192; 96; 32; 32; 32; 2; 1],0.005227753310464323,0.16537669627562882,tvm
197,197,1,128,128,32,384,64,2,1,[197; 197; 1; 128; 128; 32; 384; 64; 2; 1],0.004577017782139592,0.18888905671334882,tvm
197,197,1,32,32,16,96,8,1,1,[197; 197; 1; 32; 32; 16; 96; 8; 1; 1],0.010629228621837683,0.08133690620336849,tvm
197,197,1,128,64,16,8,2,1,0,[197; 197; 1; 128; 64; 16; 8; 2; 1; 0],0.007006189436651766,0.12339782976832213,tvm
197,197,1,192,192,64,32,16,4,0,[197; 197; 1; 192; 192; 64; 32; 16; 4; 0],0.010595343250315636,0.08159703286656772,tvm
197,197,1,192,96,48,384,64,3,1,[197; 197; 1; 192; 96; 48; 384; 64; 3; 1],0.005832521470438223,0.1482289565174312,tvm
197,197,1,96,96,16,6,1,1,0,[197; 197; 1; 96; 96; 16; 6; 1; 1; 0],0.008706616121344268,0.09929788558256641,tvm
197,197,1,96,96,16,6,2,1,0,[197; 197; 1; 96; 96; 16; 6; 2; 1; 0],0.0064480493747396395,0.13407908674140392,tvm
197,197,1,128,32,32,512,8,2,0,[197; 197; 1; 128; 32; 32; 512; 8; 2; 0],0.009400450435350649,0.0919688452563308,tvm
197,197,1,384,96,96,3,3,6,1,[197; 197; 1; 384; 96; 96; 3; 3; 6; 1],0.009042410616530105,0.09561040834046192,tvm
197,197,1,192,192,48,128,16,3,1,[197; 197; 1; 192; 192; 48; 128; 16; 3; 1],0.010430362759507261,0.08288768007043058,tvm
197,197,1,96,96,48,512,8,3,0,[197; 197; 1; 96; 96; 48; 512; 8; 3; 0],0.005345446654246189,0.16173551572941278,tvm
197,197,1,128,32,32,384,3,2,0,[197; 197; 1; 128; 32; 32; 384; 3; 2; 0],0.0047863135987427086,0.18062932016315753,tvm
197,197,1,64,64,64,768,24,4,0,[197; 197; 1; 64; 64; 64; 768; 24; 4; 0],0.007000688317930326,0.12349479539237156,tvm
197,197,1,256,32,32,3,3,2,1,[197; 197; 1; 256; 32; 32; 3; 3; 2; 1],0.010069924872368574,0.08585452050400635,tvm
197,197,1,64,64,32,48,24,2,1,[197; 197; 1; 64; 64; 32; 48; 24; 2; 1],0.0063286978111136705,0.13660765567133873,tvm
197,197,1,128,64,32,48,24,2,0,[197; 197; 1; 128; 64; 32; 48; 24; 2; 0],0.004314953061111737,0.20036106052236466,tvm
197,197,1,384,128,64,12,4,4,1,[197; 197; 1; 384; 128; 64; 12; 4; 4; 1],0.015211343619739637,0.05683577947096361,tvm
197,197,1,192,192,96,512,1,6,1,[197; 197; 1; 192; 192; 96; 512; 1; 6; 1],0.005107982964545954,0.16925439599727027,tvm
197,197,1,192,96,48,512,4,3,1,[197; 197; 1; 192; 96; 48; 512; 4; 3; 1],0.014371556870173663,0.06015691822664195,tvm
197,197,1,128,64,32,64,16,2,1,[197; 197; 1; 128; 64; 32; 64; 16; 2; 1],0.008340090687852353,0.10366177105098126,tvm
197,197,1,256,128,16,12,3,1,1,[197; 197; 1; 256; 128; 16; 12; 3; 1; 1],0.008425828869803809,0.10260694642480936,tvm
197,197,1,256,128,16,12,4,1,1,[197; 197; 1; 256; 128; 16; 12; 4; 1; 1],0.010573820676654577,0.08176312024445109,tvm
197,197,1,192,32,32,4,2,2,1,[197; 197; 1; 192; 32; 32; 4; 2; 2; 1],0.0044937277780263685,0.19239006324683924,tvm
197,197,1,128,128,128,96,2,8,0,[197; 197; 1; 128; 128; 128; 96; 2; 8; 0],0.003963792405556887,0.21811146573078613,tvm
197,197,1,192,48,48,6,1,3,0,[197; 197; 1; 192; 48; 48; 6; 1; 3; 0],0.004326540532929357,0.19982444746523945,tvm
197,197,1,96,32,32,128,2,2,1,[197; 197; 1; 96; 32; 32; 128; 2; 2; 1],0.009714952946524136,0.08899153461550155,tvm
197,197,1,192,48,48,16,4,3,1,[197; 197; 1; 192; 48; 48; 16; 4; 3; 1],0.007877975687733851,0.10974247772491719,tvm
197,197,1,64,16,16,12,6,1,1,[197; 197; 1; 64; 16; 16; 12; 6; 1; 1],0.007506783440476283,0.11516897727020593,tvm
197,197,1,48,48,48,1024,32,3,1,[197; 197; 1; 48; 48; 48; 1024; 32; 3; 1],0.014851713000098243,0.058212044053292195,tvm
197,197,1,128,128,32,16,4,2,0,[197; 197; 1; 128; 128; 32; 16; 4; 2; 0],0.008751120811211877,0.09879289637059034,tvm
197,197,1,128,32,16,24,2,1,1,[197; 197; 1; 128; 32; 16; 24; 2; 1; 1],0.004379798185254913,0.1973946138292792,tvm
197,197,1,96,96,48,48,1,3,0,[197; 197; 1; 96; 96; 48; 48; 1; 3; 0],0.004585060807585251,0.18855771116455292,tvm
197,197,1,96,96,48,96,4,3,1,[197; 197; 1; 96; 96; 48; 96; 4; 3; 1],0.005090018530609086,0.16985175323617477,tvm
197,197,1,128,64,64,96,8,4,1,[197; 197; 1; 128; 64; 64; 96; 8; 4; 1],0.003565444436389953,0.24247988907209986,tvm
197,197,1,128,128,128,48,3,8,0,[197; 197; 1; 128; 128; 128; 48; 3; 8; 0],0.008031239558476955,0.10764821110535078,tvm
197,197,1,128,32,16,16,1,1,1,[197; 197; 1; 128; 32; 16; 16; 1; 1; 1],0.007277685377630405,0.11879444171713646,tvm
197,197,1,64,64,32,24,2,2,1,[197; 197; 1; 64; 64; 32; 24; 2; 2; 1],0.011697416062816046,0.0739093631265125,tvm
197,197,1,192,192,48,6,3,3,1,[197; 197; 1; 192; 192; 48; 6; 3; 3; 1],0.009765340815647505,0.0885323500479636,tvm
197,197,1,48,48,48,96,6,3,0,[197; 197; 1; 48; 48; 48; 96; 6; 3; 0],0.002894232591643231,0.29871426848168925,tvm
197,197,1,192,192,64,6,2,4,1,[197; 197; 1; 192; 192; 64; 6; 2; 4; 1],0.0028525992202048656,0.30307397033028777,tvm
197,197,1,96,16,16,3,3,1,1,[197; 197; 1; 96; 16; 16; 3; 3; 1; 1],0.003636180903413333,0.23776280509504016,tvm
197,197,1,128,128,128,3,1,8,1,[197; 197; 1; 128; 128; 128; 3; 1; 8; 1],0.002976350751850987,0.2904726772847287,tvm
197,197,1,192,192,64,12,2,4,1,[197; 197; 1; 192; 192; 64; 12; 2; 4; 1],0.006961239749216475,0.12419462661458845,tvm
197,197,1,48,48,48,384,3,3,1,[197; 197; 1; 48; 48; 48; 384; 3; 3; 1],0.005424507056886796,0.15937827388959994,tvm
197,197,1,48,48,48,128,1,3,1,[197; 197; 1; 48; 48; 48; 128; 1; 3; 1],0.005512303127034102,0.15683980933279015,tvm
197,197,1,128,128,128,32,2,8,0,[197; 197; 1; 128; 128; 128; 32; 2; 8; 0],0.00822719199641142,0.1050842829249244,tvm
197,197,1,96,48,48,96,1,3,0,[197; 197; 1; 96; 48; 48; 96; 1; 3; 0],0.005750341406383086,0.15034734641475223,tvm
197,197,1,192,192,64,16,8,4,1,[197; 197; 1; 192; 192; 64; 16; 8; 4; 1],0.014121103624347597,0.06122386708769117,tvm
197,197,1,192,192,64,24,2,4,1,[197; 197; 1; 192; 192; 64; 24; 2; 4; 1],0.00686151250556577,0.1259997078963692,tvm
197,197,1,48,48,48,32,32,3,0,[197; 197; 1; 48; 48; 48; 32; 32; 3; 0],0.006585027251276188,0.13129005218027315,tvm
197,197,1,128,128,32,16,16,2,1,[197; 197; 1; 128; 128; 32; 16; 16; 2; 1],0.008587241187342443,0.100678268208294,tvm
197,197,1,128,64,64,32,8,4,1,[197; 197; 1; 128; 64; 64; 32; 8; 4; 1],0.002326696296222508,0.3715777486009684,tvm
197,197,1,128,32,32,8,1,2,1,[197; 197; 1; 128; 32; 32; 8; 1; 2; 1],0.010879003573791124,0.07946946294892086,tvm
197,197,1,96,96,96,12,2,6,1,[197; 197; 1; 96; 96; 96; 12; 2; 6; 1],0.007486618749680929,0.1154791769602823,tvm
197,197,1,384,64,64,16,1,4,0,[197; 197; 1; 384; 64; 64; 16; 1; 4; 0],0.007627672632224858,0.11334369120353789,tvm
197,197,1,128,32,16,32,16,1,0,[197; 197; 1; 128; 32; 16; 32; 16; 1; 0],0.0069406336842803285,0.1245633483563131,tvm
197,197,1,96,32,32,384,3,2,1,[197; 197; 1; 96; 32; 32; 384; 3; 2; 1],0.00702739080588799,0.12302554323635996,tvm
197,197,1,384,192,96,4,2,6,1,[197; 197; 1; 384; 192; 96; 4; 2; 6; 1],0.00728466606233269,0.11868060444101212,tvm
197,197,1,384,64,16,4,1,1,1,[197; 197; 1; 384; 64; 16; 4; 1; 1; 1],0.008225745055824518,0.10510276765949589,tvm
197,197,1,192,192,48,128,32,3,1,[197; 197; 1; 192; 192; 48; 128; 32; 3; 1],0.010630181059241295,0.0813296186217807,tvm
197,197,1,384,128,64,6,6,4,1,[197; 197; 1; 384; 128; 64; 6; 6; 4; 1],0.006444485756219365,0.13415322868767668,tvm
197,197,1,192,16,16,12,6,1,1,[197; 197; 1; 192; 16; 16; 12; 6; 1; 1],0.01721743863890879,0.05021354160512722,tvm
197,197,1,256,16,16,12,3,1,1,[197; 197; 1; 256; 16; 16; 12; 3; 1; 1],0.007338216004427522,0.11781454387646055,tvm
197,197,1,192,96,48,384,32,3,0,[197; 197; 1; 192; 96; 48; 384; 32; 3; 0],0.005418359309260268,0.1595591067486077,tvm
197,197,1,64,64,16,6,2,1,0,[197; 197; 1; 64; 64; 16; 6; 2; 1; 0],0.006797571055358276,0.12718492596661854,tvm
197,197,1,384,64,64,32,1,4,1,[197; 197; 1; 384; 64; 64; 32; 1; 4; 1],0.007350341882556677,0.11762018491687554,tvm
197,197,1,16,16,16,64,1,1,1,[197; 197; 1; 16; 16; 16; 64; 1; 1; 1],0.01603495786548592,0.053916485386559646,tvm
197,197,1,192,48,48,96,48,3,0,[197; 197; 1; 192; 48; 48; 96; 48; 3; 0],0.01140280680556316,0.07581892653015734,tvm
197,197,1,48,48,16,48,24,1,1,[197; 197; 1; 48; 48; 16; 48; 24; 1; 1],0.013721960363909602,0.06300474192466242,tvm
197,197,1,384,128,64,12,1,4,1,[197; 197; 1; 384; 128; 64; 12; 1; 4; 1],0.008049914380535483,0.10739848035142223,tvm
197,197,1,192,192,64,384,4,4,1,[197; 197; 1; 192; 192; 64; 384; 4; 4; 1],0.004932845906296279,0.17526364858165597,tvm
197,197,1,64,32,32,96,2,2,0,[197; 197; 1; 64; 32; 32; 96; 2; 2; 0],0.004603838722687215,0.1877886310760997,tvm
197,197,1,64,16,16,16,1,1,0,[197; 197; 1; 64; 16; 16; 16; 1; 1; 0],0.005126724281581119,0.1686356675225644,tvm
197,197,1,128,32,32,384,1,2,1,[197; 197; 1; 128; 32; 32; 384; 1; 2; 1],0.009327314619440585,0.09268997634395477,tvm
197,197,1,96,32,32,512,2,2,1,[197; 197; 1; 96; 32; 32; 512; 2; 2; 1],0.01053191268874798,0.08208846740176953,tvm
197,197,1,384,384,96,12,3,6,1,[197; 197; 1; 384; 384; 96; 12; 3; 6; 1],0.0060609906577155925,0.14264146246917705,tvm
197,197,1,128,128,128,768,24,8,1,[197; 197; 1; 128; 128; 128; 768; 24; 8; 1],0.006888397489092313,0.12550793893609838,tvm
197,197,1,96,96,32,128,4,2,1,[197; 197; 1; 96; 96; 32; 128; 4; 2; 1],0.008150452325935476,0.10607369221429586,tvm
197,197,1,128,64,64,384,6,4,1,[197; 197; 1; 128; 64; 64; 384; 6; 4; 1],0.0034513714708737098,0.2504942104101336,tvm
197,197,1,192,32,32,24,1,2,0,[197; 197; 1; 192; 32; 32; 24; 1; 2; 0],0.004687731379817706,0.18442792501949878,tvm
197,197,1,128,64,16,6,6,1,0,[197; 197; 1; 128; 64; 16; 6; 6; 1; 0],0.006976762742851861,0.1239182989724506,tvm
197,197,1,384,128,128,12,2,8,1,[197; 197; 1; 384; 128; 128; 12; 2; 8; 1],0.005841081248945557,0.14801173525614653,tvm
197,197,1,128,64,32,48,16,2,1,[197; 197; 1; 128; 64; 32; 48; 16; 2; 1],0.009925979058607481,0.08709957640691005,tvm
197,197,1,64,64,32,96,4,2,1,[197; 197; 1; 64; 64; 32; 96; 4; 2; 1],0.012796522991266102,0.0675612095581467,tvm
197,197,1,192,64,32,6,1,2,0,[197; 197; 1; 192; 64; 32; 6; 1; 2; 0],0.007352509812335484,0.11758550392929736,tvm
197,197,1,96,96,32,768,24,2,0,[197; 197; 1; 96; 96; 32; 768; 24; 2; 0],0.014043577248230577,0.06156184824899228,tvm
197,197,1,48,48,48,4,4,3,0,[197; 197; 1; 48; 48; 48; 4; 4; 3; 0],0.007416208565700799,0.11657554716395375,tvm
197,197,1,96,48,16,24,24,1,0,[197; 197; 1; 96; 48; 16; 24; 24; 1; 0],0.007534483200288378,0.114745570259614,tvm
197,197,1,192,32,32,12,6,2,0,[197; 197; 1; 192; 32; 32; 12; 6; 2; 0],0.00808974463143386,0.10686969871326275,tvm
197,197,1,128,128,16,24,24,1,0,[197; 197; 1; 128; 128; 16; 24; 24; 1; 0],0.011497848812723532,0.07519220208147641,tvm
197,197,1,256,256,32,8,1,2,1,[197; 197; 1; 256; 256; 32; 8; 1; 2; 1],0.010904526803642511,0.07928345603587131,tvm
197,197,1,96,32,32,96,1,2,1,[197; 197; 1; 96; 32; 32; 96; 1; 2; 1],0.006643853179411963,0.1301275853156483,tvm
197,197,1,192,96,32,4,2,2,1,[197; 197; 1; 192; 96; 32; 4; 2; 2; 1],0.0033270171261392534,0.2598569645572619,tvm
197,197,1,128,128,64,96,4,4,1,[197; 197; 1; 128; 128; 64; 96; 4; 4; 1],0.013631262758281082,0.0634239532139715,tvm
197,197,1,96,96,96,64,1,6,0,[197; 197; 1; 96; 96; 96; 64; 1; 6; 0],0.003193757751432713,0.2706994827772196,tvm
197,197,1,256,256,64,24,6,4,1,[197; 197; 1; 256; 256; 64; 24; 6; 4; 1],0.009316020252299495,0.09280234993211536,tvm
197,197,1,192,64,64,12,2,4,1,[197; 197; 1; 192; 64; 64; 12; 2; 4; 1],0.002733179233473493,0.31631609110751574,tvm
197,197,1,96,96,48,128,32,3,1,[197; 197; 1; 96; 96; 48; 128; 32; 3; 1],0.005344594806956593,0.16176129391572658,tvm
197,197,1,64,64,64,96,2,4,0,[197; 197; 1; 64; 64; 64; 96; 2; 4; 0],0.007418250184855424,0.11654346373941024,tvm
197,197,1,128,32,16,16,1,1,1,[197; 197; 1; 128; 32; 16; 16; 1; 1; 1],0.003027006547199562,0.2856117282694381,tvm
197,197,1,192,96,96,12,1,6,1,[197; 197; 1; 192; 96; 96; 12; 1; 6; 1],0.0029703785476158373,0.2910566978483257,tvm
197,197,1,128,128,32,24,1,2,1,[197; 197; 1; 128; 128; 32; 24; 1; 2; 1],0.0029991639239597134,0.28826319379273263,tvm
197,197,1,96,96,96,96,6,6,1,[197; 197; 1; 96; 96; 96; 96; 6; 6; 1],0.0026314428432669956,0.3285454493684593,tvm
197,197,1,96,32,16,12,6,1,0,[197; 197; 1; 96; 32; 16; 12; 6; 1; 0],0.004571144934743643,0.18913173477774592,tvm
197,197,1,192,192,192,16,2,12,1,[197; 197; 1; 192; 192; 192; 16; 2; 12; 1],0.0025811829218582716,0.3349427753094526,tvm
197,197,1,48,48,16,12,4,1,0,[197; 197; 1; 48; 48; 16; 12; 4; 1; 0],0.0067306833661859855,0.12844885495162986,tvm
197,197,1,192,192,96,24,2,6,1,[197; 197; 1; 192; 192; 96; 24; 2; 6; 1],0.0029373731413215864,0.2943271180860572,tvm
197,197,1,192,64,64,16,16,4,1,[197; 197; 1; 192; 64; 64; 16; 16; 4; 1],0.006582157875527628,0.1313472857651973,tvm
197,197,1,64,32,32,16,2,2,1,[197; 197; 1; 64; 32; 32; 16; 2; 2; 1],0.0048307257748092525,0.1789686709059177,tvm
197,197,1,192,96,96,24,12,6,1,[197; 197; 1; 192; 96; 96; 24; 12; 6; 1],0.0066990027407882735,0.12905630955553837,tvm
197,197,1,64,32,32,24,2,2,0,[197; 197; 1; 64; 32; 32; 24; 2; 2; 0],0.003495807060971856,0.2473101508034089,tvm
197,197,1,48,48,48,32,2,3,1,[197; 197; 1; 48; 48; 48; 32; 2; 3; 1],0.0022459830943262205,0.38493102357385733,tvm
197,197,1,96,48,48,16,4,3,0,[197; 197; 1; 96; 48; 48; 16; 4; 3; 0],0.006396786993718706,0.1351535657319074,tvm
197,197,1,96,48,48,768,16,3,1,[197; 197; 1; 96; 48; 48; 768; 16; 3; 1],0.008252090119640343,0.10476722368444659,tvm
197,197,1,48,48,48,96,2,3,0,[197; 197; 1; 48; 48; 48; 96; 2; 3; 0],0.008501919801346958,0.10168862934835037,tvm
197,197,1,128,32,32,8,8,2,1,[197; 197; 1; 128; 32; 32; 8; 8; 2; 1],0.0026362039825471584,0.3279520769835214,tvm
197,197,1,32,32,16,8,4,1,1,[197; 197; 1; 32; 32; 16; 8; 4; 1; 1],0.006283998882281594,0.13757936429082737,tvm
197,197,1,128,128,128,24,12,8,0,[197; 197; 1; 128; 128; 128; 24; 12; 8; 0],0.00445425834186608,0.19409484252464237,tvm
