i1,i2,i3,j1,j2,j3,k1,ku,nvr,pack_c,X,time,peak,backend
300,6,6,1280,64,64,2560,1,4,0,[300; 6; 6; 1280; 64; 64; 2560; 1; 4; 0],0.09102786949370056,0.20088039396527588,tvm
750,150,2,1280,80,80,16,4,5,1,[750; 150; 2; 1280; 80; 80; 16; 4; 5; 1],0.1223912111017853,0.14940381846950737,tvm
500,250,2,320,160,16,5120,1,1,1,[500; 250; 2; 320; 160; 16; 5120; 1; 1; 1],0.1473305830731988,0.12411349975197837,tvm
250,1,1,640,64,64,640,64,4,0,[250; 1; 1; 640; 64; 64; 640; 64; 4; 0],0.2558131560217589,0.07148074231240455,tvm
150,25,5,160,160,80,64,16,5,1,[150; 25; 5; 160; 160; 80; 64; 16; 5; 1],0.029676709789782763,0.616163800341835,tvm
1500,30,3,1280,64,32,80,4,2,1,[1500; 30; 3; 1280; 64; 32; 80; 4; 2; 1],0.2956680920906365,0.06184540968360169,tvm
1500,1500,3,80,80,16,5,1,1,1,[1500; 1500; 3; 80; 80; 16; 5; 1; 1; 1],0.044164324761368334,0.41403812657652744,tvm
750,375,1,128,128,128,320,8,8,0,[750; 375; 1; 128; 128; 128; 320; 8; 8; 0],0.0667571515077725,0.2739139383978253,tvm
750,30,2,1280,256,64,320,4,4,1,[750; 30; 2; 1280; 256; 64; 320; 4; 4; 1],0.13350578001700342,0.13696571252110135,tvm
60,60,15,256,256,16,1280,8,1,0,[60; 60; 15; 256; 256; 16; 1280; 8; 1; 0],0.063509565545246,0.28792063256497996,tvm
300,150,2,1280,128,32,1024,16,2,1,[300; 150; 2; 1280; 128; 32; 1024; 16; 2; 1],0.08070487552322447,0.22657508814882193,tvm
30,6,2,320,32,16,2,1,1,0,[30; 6; 2; 320; 32; 16; 2; 1; 1; 0],0.05985977000091225,0.3054758527377505,tvm
500,100,25,128,64,16,5120,8,1,0,[500; 100; 25; 128; 64; 16; 5120; 8; 1; 0],0.09692813653964549,0.18865228341860338,tvm
1,1,1,1280,640,160,1280,16,10,1,[1; 1; 1; 1280; 640; 160; 1280; 16; 10; 1],0.2047802780289203,0.08929431321082526,tvm
750,150,6,32,16,16,512,32,1,1,[750; 150; 6; 32; 16; 16; 512; 32; 1; 1],0.03619755373802036,0.5051643660247613,tvm
150,2,1,320,32,16,5120,64,1,1,[150; 2; 1; 320; 32; 16; 5120; 64; 1; 1],0.23898695595562458,0.07651344071309735,tvm
375,1,1,1280,16,16,5120,64,1,1,[375; 1; 1; 1280; 16; 16; 5120; 64; 1; 1],0.4975292761810124,0.03675304180303458,tvm
1500,300,4,640,64,64,320,2,4,0,[1500; 300; 4; 640; 64; 64; 320; 2; 4; 0],0.09678762347903103,0.18892616254469638,tvm
50,1,1,128,16,16,2560,40,1,1,[50; 1; 1; 128; 16; 16; 2560; 40; 1; 1],0.23166842898353934,0.07893054036730027,tvm
100,50,1,64,32,16,320,1,1,1,[100; 50; 1; 64; 32; 16; 320; 1; 1; 1],0.1469405321404338,0.12444295674823262,tvm
15,3,1,1280,256,64,16,1,4,0,[15; 3; 1; 1280; 256; 64; 16; 1; 4; 0],0.11303728097118437,0.16176711018354828,tvm
1500,375,5,1280,640,16,5120,16,1,1,[1500; 375; 5; 1280; 640; 16; 5120; 16; 1; 1],0.5260612650308758,0.03475966679402076,tvm
750,10,2,640,80,80,16,8,5,0,[750; 10; 2; 640; 80; 80; 16; 8; 5; 0],0.09517020243220031,0.19213696953877044,tvm
500,125,5,320,80,16,10,2,1,1,[500; 125; 5; 320; 80; 16; 10; 2; 1; 1],0.04805393051356077,0.3805248413665991,tvm
1500,300,10,640,80,16,160,8,1,0,[1500; 300; 10; 640; 80; 16; 160; 8; 1; 0],0.1429241020232439,0.12794003269469875,tvm
300,75,1,80,80,80,160,40,5,0,[300; 75; 1; 80; 80; 80; 160; 40; 5; 0],0.06784573453478515,0.2695189964571616,tvm
1500,300,4,32,16,16,32,4,1,1,[1500; 300; 4; 32; 16; 16; 32; 4; 1; 1],0.04936015995917842,0.37045492358284177,tvm
150,30,3,320,64,16,32,4,1,0,[150; 30; 3; 320; 64; 16; 32; 4; 1; 0],0.07131799042690545,0.25639693682136916,tvm
25,1,1,1280,256,128,1280,1,8,1,[25; 1; 1; 1280; 256; 128; 1280; 1; 8; 1],0.2896401849575341,0.06313251832923414,tvm
500,500,2,160,80,80,64,32,5,0,[500; 500; 2; 160; 80; 80; 64; 32; 5; 0],0.04845422523794696,0.3773812128027551,tvm
60,4,1,1280,1280,128,5120,10,8,1,[60; 4; 1; 1280; 1280; 128; 5120; 10; 8; 1],0.2600564348977059,0.07031440807418218,tvm
60,12,2,256,16,16,1024,16,1,1,[60; 12; 2; 256; 16; 16; 1024; 16; 1; 1],0.08543231850489974,0.21403743461165178,tvm
60,60,2,1280,128,16,2,2,1,1,[60; 60; 2; 1280; 128; 16; 2; 2; 1; 1],0.060961817973293364,0.29995355935292217,tvm
500,10,5,640,640,16,32,4,1,1,[500; 10; 5; 640; 640; 16; 32; 4; 1; 1],0.05963808007072657,0.30661138427039764,tvm
750,6,6,128,128,32,16,4,2,1,[750; 6; 6; 128; 128; 32; 16; 4; 2; 1],0.06443387898616493,0.2837903688778468,tvm
1500,20,4,1280,64,64,5120,1,4,1,[1500; 20; 4; 1280; 64; 64; 5120; 1; 4; 1],0.5621854751370847,0.03252612366275641,tvm
25,5,1,1280,320,64,160,40,4,1,[25; 5; 1; 1280; 320; 64; 160; 40; 4; 1],0.10669750603847206,0.17137902247800416,tvm
300,15,5,640,16,16,8,4,1,1,[300; 15; 5; 640; 16; 16; 8; 4; 1; 1],0.09129364998079836,0.200295576850748,tvm
750,150,6,640,320,32,320,64,2,0,[750; 150; 6; 640; 320; 32; 320; 64; 2; 0],0.060811126488260925,0.30069685173887034,tvm
500,5,1,640,640,64,1,1,4,1,[500; 5; 1; 640; 640; 64; 1; 1; 4; 1],0.11856121919117868,0.15423014718015654,tvm
1500,500,1,640,64,16,10,10,1,0,[1500; 500; 1; 640; 64; 16; 10; 10; 1; 0],0.1980290359351784,0.09233855126022944,tvm
750,50,1,640,80,16,5120,5,1,0,[750; 50; 1; 640; 80; 16; 5120; 5; 1; 0],0.41946117603220046,0.043593341483195006,tvm
60,1,1,128,64,32,10,2,2,1,[60; 1; 1; 128; 64; 32; 10; 2; 2; 1],0.21364877908490598,0.08558773124768186,tvm
300,5,1,1280,64,32,5120,32,2,0,[300; 5; 1; 1280; 64; 32; 5120; 32; 2; 0],0.3163397971075028,0.057804027355749334,tvm
1500,50,1,256,64,32,80,1,2,1,[1500; 50; 1; 256; 64; 32; 80; 1; 2; 1],0.1127594830468297,0.16216564488966412,tvm
300,60,3,160,160,80,128,4,5,1,[300; 60; 3; 160; 160; 80; 128; 4; 5; 1],0.026801061758305877,0.68227574155891,tvm
30,30,3,1280,128,32,5120,8,2,1,[30; 30; 3; 1280; 128; 32; 5120; 8; 2; 1],0.08278916194103658,0.22087087073954909,tvm
20,10,1,160,160,160,128,1,10,1,[20; 10; 1; 160; 160; 160; 128; 1; 10; 1],0.08110626752022654,0.22545377619743304,tvm
750,6,6,128,128,32,16,4,2,1,[750; 6; 6; 128; 128; 32; 16; 4; 2; 1],0.06735565059352666,0.271480033591594,tvm
1500,1500,4,1280,160,16,1024,1,1,0,[1500; 1500; 4; 1280; 160; 16; 1024; 1; 1; 0],0.44078914006240666,0.04148403992694876,tvm
150,25,1,256,128,32,160,16,2,1,[150; 25; 1; 256; 128; 32; 160; 16; 2; 1],0.08997095702216029,0.20324018873346458,tvm
500,125,25,64,64,16,5120,10,1,0,[500; 125; 25; 64; 64; 16; 5120; 10; 1; 0],0.10039996914565563,0.18212868431449633,tvm
375,3,1,1280,1280,128,2,1,8,1,[375; 3; 1; 1280; 1280; 128; 2; 1; 8; 1],0.18439157400280237,0.09916784096347256,tvm
20,4,1,640,640,128,40,4,8,1,[20; 4; 1; 640; 640; 128; 40; 4; 8; 1],0.10250523709692061,0.17838809804834463,tvm
60,20,4,1280,64,32,64,64,2,0,[60; 20; 4; 1280; 64; 32; 64; 64; 2; 0],0.08016458002384752,0.22810216532382027,tvm
300,12,1,640,160,16,320,20,1,0,[300; 12; 1; 640; 160; 16; 320; 20; 1; 0],0.23123147594742477,0.07907969367402179,tvm
60,6,6,1280,640,64,256,4,4,0,[60; 6; 6; 1280; 640; 64; 256; 4; 4; 0],0.08925420045852661,0.2048723106786558,tvm
750,5,5,256,16,16,1280,5,1,0,[750; 5; 5; 256; 16; 16; 1280; 5; 1; 0],0.1309600279200822,0.13962821004339634,tvm
750,6,6,256,256,16,2560,4,1,0,[750; 6; 6; 256; 256; 16; 2560; 4; 1; 0],0.10056781908497214,0.18182470746695076,tvm
1500,50,2,128,128,16,1280,1,1,0,[1500; 50; 2; 128; 128; 16; 1280; 1; 1; 0],0.19580358010716736,0.0933880487563411,tvm
100,20,4,256,256,32,256,64,2,0,[100; 20; 4; 256; 256; 32; 256; 64; 2; 0],0.0387580442475155,0.47179146008860995,tvm
250,2,1,640,320,16,640,40,1,0,[250; 2; 1; 640; 320; 16; 640; 40; 1; 0],0.24334176001138985,0.07514416878080608,tvm
125,1,1,160,160,80,256,16,5,1,[125; 1; 1; 160; 160; 80; 256; 16; 5; 1],0.2028958371374756,0.0901236543030919,tvm
100,100,20,1280,1280,16,640,40,1,0,[100; 100; 20; 1280; 1280; 16; 640; 40; 1; 0],0.1307045379653573,0.1399011432224399,tvm
20,4,4,64,64,64,64,32,4,1,[20; 4; 4; 64; 64; 64; 64; 32; 4; 1],0.061034201993606985,0.2995978269303762,tvm
250,10,10,32,32,16,160,32,1,1,[250; 10; 10; 32; 32; 16; 160; 32; 1; 1],0.07711932295933366,0.23710937264525336,tvm
150,6,3,160,32,32,128,32,2,1,[150; 6; 3; 160; 32; 32; 128; 32; 2; 1],0.06260325259063393,0.29208888562524965,tvm
500,100,10,256,128,32,160,1,2,1,[500; 100; 10; 256; 128; 32; 160; 1; 2; 1],0.03146857098909095,0.5810786353169104,tvm
30,6,6,128,128,16,256,16,1,1,[30; 6; 6; 128; 128; 16; 256; 16; 1; 1],0.06961432693060488,0.26267170986142585,tvm
150,75,5,32,32,32,320,10,2,1,[150; 75; 5; 32; 32; 32; 320; 10; 2; 1],0.030957419250626117,0.5906730834917532,tvm
500,100,5,64,64,16,320,64,1,1,[500; 100; 5; 64; 64; 16; 320; 64; 1; 1],0.04225853696698323,0.43271053846471286,tvm
150,30,10,32,32,16,80,2,1,0,[150; 30; 10; 32; 32; 16; 80; 2; 1; 0],0.04876161925494671,0.37500219568404225,tvm
300,30,5,256,128,64,40,40,4,0,[300; 30; 5; 256; 128; 64; 40; 40; 4; 0],0.0696507750544697,0.2625342542335548,tvm
1500,20,5,32,32,32,10,5,2,0,[1500; 20; 5; 32; 32; 32; 10; 5; 2; 0],0.05247460107784718,0.3484679046647166,tvm
1500,60,5,256,256,64,20,4,4,0,[1500; 60; 5; 256; 256; 64; 20; 4; 4; 0],0.06402010249439627,0.28562457061537583,tvm
15,15,3,128,32,32,64,64,2,1,[15; 15; 3; 128; 32; 32; 64; 64; 2; 1],0.04299319727579132,0.42531645572707005,tvm
1500,75,5,256,128,16,16,1,1,1,[1500; 75; 5; 256; 128; 16; 16; 1; 1; 1],0.05522516695782542,0.3311119783427508,tvm
60,12,6,32,16,16,64,16,1,0,[60; 12; 6; 32; 16; 16; 64; 16; 1; 0],0.05607762548606843,0.3260786120528066,tvm
750,50,10,160,80,16,80,2,1,0,[750; 50; 10; 160; 80; 16; 80; 2; 1; 0],0.038901865715160966,0.4700472316572703,tvm
750,25,5,80,80,16,80,4,1,0,[750; 25; 5; 80; 80; 16; 80; 4; 1; 0],0.05030243599321693,0.36351548239492887,tvm
300,6,6,128,64,64,10,1,4,1,[300; 6; 6; 128; 64; 64; 10; 1; 4; 1],0.06167036551050842,0.29650731164546873,tvm
150,6,3,128,128,64,32,8,4,1,[150; 6; 3; 128; 128; 64; 32; 8; 4; 1],0.052200597478076816,0.3502970304773602,tvm
300,100,5,256,64,32,10,5,2,1,[300; 100; 5; 256; 64; 32; 10; 5; 2; 1],0.057115354924462736,0.3201540865831588,tvm
375,25,5,64,32,16,128,2,1,1,[375; 25; 5; 64; 32; 16; 128; 2; 1; 1],0.04360246000578627,0.4193734546924114,tvm
150,150,10,128,32,16,256,64,1,0,[150; 150; 10; 128; 32; 16; 256; 64; 1; 0],0.042166864732280374,0.4336512662682237,tvm
1500,375,5,256,256,32,32,16,2,0,[1500; 375; 5; 256; 256; 32; 32; 16; 2; 0],0.06552475807256997,0.2790657275752548,tvm
1500,60,3,160,160,80,160,2,5,0,[1500; 60; 3; 160; 160; 80; 160; 2; 5; 0],0.03025331225944683,0.6044202409607045,tvm
300,50,5,80,16,16,10,5,1,0,[300; 50; 5; 80; 16; 16; 10; 5; 1; 0],0.0606585550121963,0.3014531797211073,tvm
300,300,4,128,64,16,160,10,1,0,[300; 300; 4; 128; 64; 16; 160; 10; 1; 0],0.04675390728516504,0.39110558555426495,tvm
750,750,6,16,16,16,160,2,1,1,[750; 750; 6; 16; 16; 16; 160; 2; 1; 1],0.039373386767692864,0.46441812063569565,tvm
150,15,15,80,80,16,128,16,1,1,[150; 15; 15; 80; 80; 16; 128; 16; 1; 1],0.06292495096568018,0.29059560643420246,tvm
1500,30,6,64,16,16,64,8,1,1,[1500; 30; 6; 64; 16; 16; 64; 8; 1; 1],0.057872817502357066,0.31596378187340785,tvm
300,50,5,160,32,32,5,1,2,0,[300; 50; 5; 160; 32; 32; 5; 1; 2; 0],0.051029183086939156,0.35833836991982904,tvm
500,50,5,256,128,64,64,64,4,1,[500; 50; 5; 256; 128; 64; 64; 64; 4; 1],0.03833075996953994,0.477050658537563,tvm
1500,1500,15,32,32,16,160,20,1,1,[1500; 1500; 15; 32; 32; 16; 160; 20; 1; 1],0.047234033001586795,0.38713006541490946,tvm
1500,20,5,128,128,64,20,10,4,0,[1500; 20; 5; 128; 128; 64; 20; 10; 4; 0],0.05123477499000728,0.356900450705223,tvm
500,100,25,16,16,16,80,5,1,0,[500; 100; 25; 16; 16; 16; 80; 5; 1; 0],0.06992195302154869,0.2615160689244329,tvm
10,10,5,160,160,80,16,4,5,0,[10; 10; 5; 160; 160; 80; 16; 4; 5; 0],0.03800035949097946,0.4811984552423762,tvm
100,50,25,128,128,16,40,5,1,0,[100; 50; 25; 128; 128; 16; 40; 5; 1; 0],0.07769099192228168,0.23536466497951825,tvm
1500,150,6,64,64,64,80,40,4,0,[1500; 150; 6; 64; 64; 64; 80; 40; 4; 0],0.04527869675075635,0.4038480697969478,tvm
300,30,6,80,80,16,2,2,1,1,[300; 30; 6; 80; 80; 16; 2; 2; 1; 1],0.05336572648957372,0.3426490275418033,tvm
1500,60,20,64,32,16,32,16,1,0,[1500; 60; 20; 64; 32; 16; 32; 16; 1; 0],0.08859921549446881,0.20638686452992186,tvm
1500,750,3,128,64,64,4,2,4,1,[1500; 750; 3; 128; 64; 64; 4; 2; 4; 1],0.07571095554158092,0.24152005683869177,tvm
750,50,5,80,16,16,40,20,1,1,[750; 50; 5; 80; 16; 16; 40; 20; 1; 1],0.04923290875740349,0.3714124301657179,tvm
300,20,4,160,80,16,20,4,1,1,[300; 20; 4; 160; 80; 16; 20; 4; 1; 1],0.050412559998221695,0.3627213989204142,tvm
300,60,6,64,64,32,8,1,2,0,[300; 60; 6; 64; 64; 32; 8; 1; 2; 0],0.05469394754618406,0.33432793034866726,tvm
1500,300,5,64,32,32,32,8,2,0,[1500; 300; 5; 64; 32; 32; 32; 8; 2; 0],0.045207898248918355,0.4044805220767323,tvm
300,150,30,32,16,16,40,1,1,0,[300; 150; 30; 32; 16; 16; 40; 1; 1; 0],0.089377730502747,0.20458915417585236,tvm
150,150,30,160,32,16,32,2,1,0,[150; 150; 30; 160; 32; 16; 32; 2; 1; 0],0.08261154452338815,0.22134575005479312,tvm
1500,60,15,64,16,16,64,2,1,1,[1500; 60; 15; 64; 16; 16; 64; 2; 1; 1],0.0581322074867785,0.31455392933208604,tvm
1500,1500,25,32,32,16,16,1,1,1,[1500; 1500; 25; 32; 32; 16; 16; 1; 1; 1],0.06527282344177365,0.2801428423274195,tvm
300,20,4,128,128,16,40,10,1,1,[300; 20; 4; 128; 128; 16; 40; 10; 1; 1],0.04977757576853037,0.3673484295568007,tvm
1500,300,10,64,32,16,40,5,1,1,[1500; 300; 10; 64; 32; 16; 40; 5; 1; 1],0.047692961466964334,0.383404882466364,tvm
300,150,25,16,16,16,32,32,1,0,[300; 150; 25; 16; 16; 16; 32; 32; 1; 0],0.13936513010412455,0.13120724152485197,tvm
300,300,3,128,32,32,64,4,2,1,[300; 300; 3; 128; 32; 32; 64; 4; 2; 1],0.04862376773962751,0.3760653510775092,tvm
1500,750,5,32,32,32,20,2,2,1,[1500; 750; 5; 32; 32; 32; 20; 2; 2; 1],0.03814889647765085,0.4793248553448142,tvm
750,150,10,160,16,16,2,1,1,1,[750; 150; 10; 160; 16; 16; 2; 1; 1; 1],0.10554601904004812,0.17324873502596058,tvm
500,250,5,160,80,16,128,16,1,0,[500; 250; 5; 160; 80; 16; 128; 16; 1; 0],0.03706434473861009,0.4933505344468151,tvm
750,75,5,160,160,16,80,8,1,0,[750; 75; 5; 160; 160; 16; 80; 8; 1; 0],0.03659192775376141,0.49971989474740464,tvm
300,300,6,160,80,16,20,10,1,0,[300; 300; 6; 160; 80; 16; 20; 10; 1; 0],0.040511191240511835,0.4513743912676723,tvm
750,150,3,128,128,16,64,2,1,1,[750; 150; 3; 128; 128; 16; 64; 2; 1; 1],0.05754094454459846,0.3177861335164826,tvm
1500,125,5,160,160,32,128,64,2,0,[1500; 125; 5; 160; 160; 32; 128; 64; 2; 0],0.03577585599850863,0.5111188474840841,tvm
375,125,5,160,80,16,20,20,1,0,[375; 125; 5; 160; 80; 16; 20; 20; 1; 0],0.057411270565353334,0.318503912309326,tvm
300,150,25,160,16,16,20,20,1,1,[300; 150; 25; 160; 16; 16; 20; 20; 1; 1],0.09851596795488149,0.18561167966282185,tvm
1500,750,25,160,160,16,16,2,1,1,[1500; 750; 25; 160; 160; 16; 16; 2; 1; 1],0.06334844697266817,0.2886529214142171,tvm
250,125,5,80,80,16,40,20,1,1,[250; 125; 5; 80; 80; 16; 40; 20; 1; 1],0.04294898279476911,0.4257543041960324,tvm
500,500,20,160,160,16,4,1,1,1,[500; 500; 20; 160; 160; 16; 4; 1; 1; 1],0.05586002301424742,0.32734884983936385,tvm
100,100,4,160,160,80,64,16,5,1,[100; 100; 4; 160; 160; 80; 64; 16; 5; 1],0.026287707732990384,0.6955994212749936,tvm
250,50,10,64,32,16,512,1,1,1,[250; 50; 10; 64; 32; 16; 512; 1; 1; 1],0.047568347479682416,0.3844092816872513,tvm
60,20,4,64,32,32,20,5,2,1,[60; 20; 4; 64; 32; 32; 20; 5; 2; 1],0.03908467252040282,0.46784872704687125,tvm
150,150,15,16,16,16,512,2,1,0,[150; 150; 15; 16; 16; 16; 512; 2; 1; 0],0.051764553994871676,0.353247789742878,tvm
12,6,3,80,80,80,512,2,5,1,[12; 6; 3; 80; 80; 80; 512; 2; 5; 1],0.05085251305717975,0.35958329660430755,tvm
75,15,5,256,32,16,256,64,1,0,[75; 15; 5; 256; 32; 16; 256; 64; 1; 0],0.05692187394015491,0.32124231020466865,tvm
1500,750,6,256,256,16,10,2,1,1,[1500; 750; 6; 256; 256; 16; 10; 2; 1; 1],0.048530601256061345,0.37678730146436107,tvm
60,15,3,128,64,32,80,8,2,1,[60; 15; 3; 128; 64; 32; 80; 8; 2; 1],0.049282627471257,0.3710377312244365,tvm
60,20,4,256,256,32,8,1,2,1,[60; 20; 4; 256; 256; 32; 8; 1; 2; 1],0.033849593717604876,0.5402048378561202,tvm
50,50,5,32,32,32,640,8,2,1,[50; 50; 5; 32; 32; 32; 640; 8; 2; 1],0.028582297265529633,0.6397566338296724,tvm
1500,300,3,160,80,80,5120,20,5,1,[1500; 300; 3; 160; 80; 80; 5120; 20; 5; 1],0.0824404644081369,0.22180508585186332,tvm
375,5,5,160,160,16,160,40,1,1,[375; 5; 5; 160; 160; 16; 160; 40; 1; 1],0.06148389389272779,0.2974065747627785,tvm
150,30,6,64,16,16,160,8,1,0,[150; 30; 6; 64; 16; 16; 160; 8; 1; 0],0.04555667453678325,0.4013838690299944,tvm
1500,60,3,160,160,16,5,1,1,1,[1500; 60; 3; 160; 160; 16; 5; 1; 1; 1],0.034500462003052235,0.5300136063133463,tvm
750,125,5,128,128,16,40,20,1,1,[750; 125; 5; 128; 128; 16; 40; 20; 1; 1],0.04597159248078242,0.3977611672547192,tvm
100,50,10,64,64,16,320,32,1,1,[100; 50; 10; 64; 64; 16; 320; 32; 1; 1],0.04664364201016724,0.3920301566873449,tvm
100,50,10,64,32,16,320,32,1,1,[100; 50; 10; 64; 32; 16; 320; 32; 1; 1],0.048818180221132934,0.37456771643033454,tvm
1500,75,3,320,320,80,64,32,5,0,[1500; 75; 3; 320; 320; 80; 64; 32; 5; 0],0.06990685209166259,0.2615725603226687,tvm
750,375,15,256,32,16,320,32,1,1,[750; 375; 15; 256; 32; 16; 320; 32; 1; 1],0.07484402798581868,0.2443176132794327,tvm
250,25,5,320,160,80,64,2,5,1,[250; 25; 5; 320; 160; 80; 64; 2; 5; 1],0.02951602725079283,0.6195181394278972,tvm
750,250,5,128,64,64,640,20,4,0,[750; 250; 5; 128; 64; 64; 640; 20; 4; 0],0.02701015502680093,0.6769940515917149,tvm
375,15,5,160,160,16,40,8,1,0,[375; 15; 5; 160; 160; 16; 40; 8; 1; 0],0.04416161827975884,0.41406350124844526,tvm
100,50,10,128,64,16,128,32,1,0,[100; 50; 10; 128; 64; 16; 128; 32; 1; 0],0.04732338950270787,0.38639908252277594,tvm
100,50,5,64,32,16,64,16,1,0,[100; 50; 5; 64; 32; 16; 64; 16; 1; 0],0.049027798988390714,0.37296624900587844,tvm
750,150,10,256,64,32,64,4,2,1,[750; 150; 10; 256; 64; 32; 64; 4; 2; 1],0.04328090976923704,0.4224891385881011,tvm
300,25,5,64,64,16,160,32,1,0,[300; 25; 5; 64; 64; 16; 160; 32; 1; 0],0.047789000964257866,0.38263437018468865,tvm
750,250,5,128,32,16,64,2,1,1,[750; 250; 5; 128; 32; 16; 64; 2; 1; 1],0.04781026497948915,0.3824641903482224,tvm
1500,250,5,32,32,32,40,10,2,1,[1500; 250; 5; 32; 32; 32; 40; 10; 2; 1],0.0371588789857924,0.4920954233497136,tvm
1500,60,4,32,16,16,320,10,1,0,[1500; 60; 4; 32; 16; 16; 320; 10; 1; 0],0.04614287428557873,0.39628468249601906,tvm
1500,375,5,80,80,16,64,2,1,1,[1500; 375; 5; 80; 80; 16; 64; 2; 1; 1],0.03660787973785773,0.4995021404313747,tvm
1500,500,5,128,128,16,64,8,1,1,[1500; 500; 5; 128; 128; 16; 64; 8; 1; 1],0.056704688468016684,0.32247270516313714,tvm
60,60,5,256,16,16,80,8,1,1,[60; 60; 5; 256; 16; 16; 80; 8; 1; 1],0.047033088747411966,0.38878404061269467,tvm
150,25,5,160,160,32,40,1,2,1,[150; 25; 5; 160; 160; 32; 40; 1; 2; 1],0.03279525676043704,0.5575719202105313,tvm
1500,1500,10,128,64,16,256,4,1,1,[1500; 1500; 10; 128; 64; 16; 256; 4; 1; 1],0.0528124124975875,0.34623895067375665,tvm
1500,75,3,80,80,16,320,20,1,0,[1500; 75; 3; 80; 80; 16; 320; 20; 1; 0],0.05251495144329965,0.34820015601570836,tvm
500,500,4,80,80,16,80,1,1,1,[500; 500; 4; 80; 80; 16; 80; 1; 1; 1],0.03974094399018213,0.4601227965352738,tvm
750,750,3,160,80,80,32,16,5,0,[750; 750; 3; 160; 80; 80; 32; 16; 5; 0],0.039921960968058556,0.45803647522085983,tvm
1500,300,5,256,128,32,64,2,2,0,[1500; 300; 5; 256; 128; 32; 64; 2; 2; 0],0.0527172670699656,0.3468638512964974,tvm
500,100,10,256,64,32,80,4,2,0,[500; 100; 10; 256; 64; 32; 80; 4; 2; 0],0.030943593999836594,0.5909369896014939,tvm
500,500,5,32,32,16,80,4,1,0,[500; 500; 5; 32; 32; 16; 80; 4; 1; 0],0.04208956751972437,0.4344476639524766,tvm
1500,1500,5,256,256,16,512,32,1,0,[1500; 1500; 5; 256; 256; 16; 512; 32; 1; 0],0.05172161047812551,0.3535410849870542,tvm
750,750,6,64,16,16,256,1,1,1,[750; 750; 6; 64; 16; 16; 256; 1; 1; 1],0.03687349328538403,0.4959040399072362,tvm
500,250,10,16,16,16,256,16,1,0,[500; 250; 10; 16; 16; 16; 256; 16; 1; 0],0.03951791051076725,0.4627196643084676,tvm
250,250,10,128,64,32,320,64,2,0,[250; 250; 10; 128; 64; 32; 320; 64; 2; 0],0.03553916624514386,0.5145228832770629,tvm
12,4,4,160,160,80,320,40,5,1,[12; 4; 4; 160; 160; 80; 320; 40; 5; 1],0.056869757012464106,0.3215367050312281,tvm
300,15,5,256,256,32,256,2,2,0,[300; 15; 5; 256; 256; 32; 256; 2; 2; 0],0.0441356222727336,0.4143073858281354,tvm
750,25,5,80,80,80,64,1,5,1,[750; 25; 5; 80; 80; 80; 64; 1; 5; 1],0.03621087601641193,0.5049785119096984,tvm
300,300,10,128,32,32,256,4,2,1,[300; 300; 10; 128; 32; 32; 256; 4; 2; 1],0.029945757007226348,0.6106278856567786,tvm
1500,1500,5,32,16,16,128,4,1,1,[1500; 1500; 5; 32; 16; 16; 128; 4; 1; 1],0.041003243473824114,0.44595775203460736,tvm
750,150,6,256,128,32,80,4,2,0,[750; 150; 6; 256; 128; 32; 80; 4; 2; 0],0.040687689499463886,0.4494163839397965,tvm
750,250,10,256,64,32,256,8,2,1,[750; 250; 10; 256; 64; 32; 256; 8; 2; 1],0.03969971928745508,0.4606005940070333,tvm
15,15,3,160,80,80,256,1,5,0,[15; 15; 3; 160; 80; 80; 256; 1; 5; 0],0.03807952650822699,0.4801980476769768,tvm
150,25,5,80,80,80,64,8,5,0,[150; 25; 5; 80; 80; 80; 64; 8; 5; 0],0.03774829750182107,0.48441162902332585,tvm
100,50,5,32,32,32,160,20,2,0,[100; 50; 5; 32; 32; 32; 160; 20; 2; 0],0.0349819099646993,0.5227191512460766,tvm
1500,750,5,160,160,80,8,1,5,0,[1500; 750; 5; 160; 160; 80; 8; 1; 5; 0],0.05019153258763254,0.3643187076184238,tvm
375,15,3,160,80,80,160,4,5,1,[375; 15; 3; 160; 80; 80; 160; 4; 5; 1],0.040257375745568424,0.45422022541365475,tvm
1500,500,10,256,256,32,320,40,2,0,[1500; 500; 10; 256; 256; 32; 320; 40; 2; 0],0.04599409125512466,0.39756659576738335,tvm
500,125,5,64,32,16,256,64,1,1,[500; 125; 5; 64; 32; 16; 256; 64; 1; 1],0.04314183926908299,0.42385105956338986,tvm
1500,1500,5,128,64,64,256,64,4,0,[1500; 1500; 5; 128; 64; 64; 256; 64; 4; 0],0.04216859373264015,0.4336334856611646,tvm
150,75,5,128,32,32,128,64,2,0,[150; 75; 5; 128; 32; 32; 128; 64; 2; 0],0.042668367037549615,0.4285543496338221,tvm
150,150,10,160,160,32,160,32,2,0,[150; 150; 10; 160; 160; 32; 160; 32; 2; 0],0.03231090400367975,0.5659301356480712,tvm
300,75,3,256,256,64,160,10,4,1,[300; 75; 3; 256; 256; 64; 160; 10; 4; 1],0.032777061278466135,0.5578814442931048,tvm
750,15,5,160,160,80,128,64,5,1,[750; 15; 5; 160; 160; 80; 128; 64; 5; 1],0.04451046895701438,0.41081827970344603,tvm
375,375,3,160,160,80,256,16,5,0,[375; 375; 3; 160; 160; 80; 256; 16; 5; 0],0.024712201877264306,0.7399467832341354,tvm
50,50,5,160,160,80,256,64,5,0,[50; 50; 5; 160; 160; 80; 256; 64; 5; 0],0.05993104388471693,0.30511256104413265,tvm
1500,500,5,256,256,64,40,4,4,0,[1500; 500; 5; 256; 256; 64; 40; 4; 4; 0],0.05936250649392605,0.3080347405409048,tvm
375,75,5,16,16,16,640,4,1,0,[375; 75; 5; 16; 16; 16; 640; 4; 1; 0],0.04191424825694412,0.43626487521900886,tvm
60,60,6,320,64,64,64,1,4,0,[60; 60; 6; 320; 64; 64; 64; 1; 4; 0],0.030861041508615017,0.5925177308293286,tvm
750,375,5,128,64,64,1280,1,4,0,[750; 375; 5; 128; 64; 64; 1280; 1; 4; 0],0.06687117740511894,0.27344687196003414,tvm
75,75,3,320,32,32,128,8,2,1,[75; 75; 3; 320; 32; 32; 128; 8; 2; 1],0.03779892472084612,0.48376281655519454,tvm
750,150,6,128,64,64,1280,1,4,0,[750; 150; 6; 128; 64; 64; 1280; 1; 4; 0],0.06016506755258888,0.30392576672055044,tvm
1500,150,6,80,80,16,160,32,1,0,[1500; 150; 6; 80; 80; 16; 160; 32; 1; 0],0.03381274896673858,0.5407934830646821,tvm
50,50,5,160,80,80,1280,5,5,0,[50; 50; 5; 160; 80; 80; 1280; 5; 5; 0],0.04541974974563345,0.4025939021707673,tvm
750,50,5,160,160,16,256,8,1,1,[750; 50; 5; 160; 160; 16; 256; 8; 1; 1],0.03624587174272165,0.5044909504593761,tvm
125,125,5,256,256,16,512,4,1,1,[125; 125; 5; 256; 256; 16; 512; 4; 1; 1],0.03930293570738286,0.4652505965929514,tvm
150,75,3,128,64,32,32,16,2,1,[150; 75; 3; 128; 64; 32; 32; 16; 2; 1],0.03974070999538526,0.46012550575562555,tvm
375,75,5,64,32,16,128,1,1,1,[375; 75; 5; 64; 32; 16; 128; 1; 1; 1],0.037461917265318334,0.4881147474703042,tvm
250,250,5,320,320,64,40,2,4,1,[250; 250; 5; 320; 320; 64; 40; 2; 4; 1],0.024749998236075044,0.7388167914719864,tvm
500,100,4,256,128,32,5120,20,2,1,[500; 100; 4; 256; 128; 32; 5120; 20; 2; 1],0.06630316947121173,0.2757894446306038,tvm
750,150,3,160,160,32,20,2,2,0,[750; 150; 3; 160; 160; 32; 20; 2; 2; 0],0.028725059295538813,0.6365770770942909,tvm
100,100,5,320,320,32,40,4,2,1,[100; 100; 5; 320; 320; 32; 40; 4; 2; 1],0.0296579142450355,0.6165542908593167,tvm
375,375,5,160,160,16,64,16,1,0,[375; 375; 5; 160; 160; 16; 64; 16; 1; 0],0.03682452777866274,0.4965634425951713,tvm
1500,750,3,32,32,16,128,32,1,1,[1500; 750; 3; 32; 32; 16; 128; 32; 1; 1],0.05108738993294537,0.35793009409396637,tvm
150,50,5,128,32,32,32,8,2,1,[150; 50; 5; 128; 32; 32; 32; 8; 2; 1],0.03518011822598055,0.5197740999122132,tvm
750,250,5,320,64,64,320,5,4,1,[750; 250; 5; 320; 64; 64; 320; 5; 4; 1],0.02193094347603619,0.8337860295748323,tvm
300,100,4,160,160,16,640,4,1,1,[300; 100; 4; 160; 160; 16; 640; 4; 1; 1],0.042075684235896915,0.4345910142113342,tvm
300,60,5,80,80,80,20,1,5,0,[300; 60; 5; 80; 80; 80; 20; 1; 5; 0],0.03399487602291629,0.5378961898077729,tvm
750,250,5,160,16,16,320,4,1,0,[750; 250; 5; 160; 16; 16; 320; 4; 1; 0],0.038895757286809385,0.47012105075829114,tvm
15,15,3,256,128,64,40,4,4,1,[15; 15; 3; 256; 128; 64; 40; 4; 4; 1],0.042171776527538896,0.4336007584070688,tvm
60,15,3,64,64,32,256,64,2,0,[60; 15; 3; 64; 64; 32; 256; 64; 2; 0],0.04378265526611358,0.41764744907709755,tvm
750,250,5,320,160,32,128,2,2,1,[750; 250; 5; 320; 160; 32; 128; 2; 2; 1],0.024838335491949692,0.7361891980096991,tvm
150,15,5,320,320,64,320,10,4,1,[150; 15; 5; 320; 320; 64; 320; 10; 4; 1],0.03448024526005611,0.5303243682810316,tvm
300,100,4,64,32,32,40,2,2,1,[300; 100; 4; 64; 32; 32; 40; 2; 2; 1],0.04484985151793808,0.4077095835735546,tvm
300,20,4,128,32,32,64,8,2,0,[300; 20; 4; 128; 32; 32; 64; 8; 2; 0],0.05167872947640717,0.35383443964237243,tvm
500,500,4,16,16,16,320,2,1,1,[500; 500; 4; 16; 16; 16; 320; 2; 1; 1],0.0411391697707586,0.44448428073800433,tvm
750,750,3,160,160,16,80,8,1,1,[750; 750; 3; 160; 160; 16; 80; 8; 1; 1],0.047436925291549414,0.3854742729072234,tvm
500,250,5,160,80,80,32,4,5,1,[500; 250; 5; 160; 80; 80; 32; 4; 5; 1],0.025983695464674383,0.7037380156557894,tvm
1500,75,3,256,256,32,128,64,2,1,[1500; 75; 3; 256; 256; 32; 128; 64; 2; 1],0.0477634787093848,0.3828388295788309,tvm
1500,250,5,80,80,80,640,32,5,1,[1500; 250; 5; 80; 80; 80; 640; 32; 5; 1],0.05958826246205717,0.3068677207588947,tvm
500,20,5,256,32,32,160,32,2,1,[500; 20; 5; 256; 32; 32; 160; 32; 2; 1],0.03671977447811514,0.4979800269909748,tvm
15,15,3,64,32,32,320,16,2,0,[15; 15; 3; 64; 32; 32; 320; 16; 2; 0],0.04186816670699045,0.43674504340456927,tvm
300,30,10,160,32,32,80,2,2,0,[300; 30; 10; 160; 32; 32; 80; 2; 2; 0],0.03959965374087915,0.4617644993910072,tvm
250,125,5,160,32,32,64,1,2,1,[250; 125; 5; 160; 32; 32; 64; 1; 2; 1],0.03979376453207806,0.459512049204946,tvm
1500,300,4,256,256,64,640,1,4,0,[1500; 300; 4; 256; 256; 64; 640; 1; 4; 0],0.04807017248822376,0.3803962694370178,tvm
750,750,6,64,64,32,80,10,2,0,[750; 750; 6; 64; 64; 32; 80; 10; 2; 0],0.025954945012927055,0.7045175505710742,tvm
1500,300,5,256,256,64,160,2,4,0,[1500; 300; 5; 256; 256; 64; 160; 2; 4; 0],0.03912883554585278,0.4673206864100603,tvm
1500,250,5,64,32,32,160,2,2,1,[1500; 250; 5; 64; 32; 32; 160; 2; 2; 1],0.03373743797419593,0.5420006788808359,tvm
100,50,10,128,32,32,80,5,2,0,[100; 50; 10; 128; 32; 32; 80; 5; 2; 0],0.0368831210071221,0.49577459245336997,tvm
75,25,5,256,32,32,128,1,2,1,[75; 25; 5; 256; 32; 32; 128; 1; 2; 1],0.040996912226546556,0.4460266223141024,tvm
375,375,3,256,64,32,128,8,2,0,[375; 375; 3; 256; 64; 32; 128; 8; 2; 0],0.04109178500948474,0.44499683529186207,tvm
750,30,6,128,64,64,320,2,4,1,[750; 30; 6; 128; 64; 64; 320; 2; 4; 1],0.033503653248772025,0.5457826986788222,tvm
750,50,5,128,32,32,512,8,2,0,[750; 50; 5; 128; 32; 32; 512; 8; 2; 0],0.03651053528301418,0.5008339139366539,tvm
750,50,10,128,64,32,320,8,2,0,[750; 50; 10; 128; 64; 32; 320; 8; 2; 0],0.036333385738544166,0.5032758140763067,tvm
750,150,6,64,64,64,128,16,4,0,[750; 150; 6; 64; 64; 64; 128; 16; 4; 0],0.028180661262013018,0.6488745638613908,tvm
300,50,5,128,64,32,160,2,2,0,[300; 50; 5; 128; 64; 32; 160; 2; 2; 0],0.035479113983456045,0.5153937692536781,tvm
500,50,5,256,32,32,320,2,2,0,[500; 50; 5; 256; 32; 32; 320; 2; 2; 0],0.03357352555030957,0.5446468306795287,tvm
75,75,3,256,64,64,640,4,4,0,[75; 75; 3; 256; 64; 64; 640; 4; 4; 0],0.030959600990172476,0.5906314584454345,tvm
150,30,5,256,64,64,160,16,4,0,[150; 30; 5; 256; 64; 64; 160; 16; 4; 0],0.03742968401638791,0.4885350963077385,tvm
15,15,5,160,160,80,640,20,5,1,[15; 15; 5; 160; 160; 80; 640; 20; 5; 1],0.037987207469996065,0.481365056911781,tvm
100,50,5,256,32,32,256,4,2,0,[100; 50; 5; 256; 32; 32; 256; 4; 2; 0],0.03213762695668265,0.5689814717919607,tvm
60,60,5,128,64,32,640,20,2,1,[60; 60; 5; 128; 64; 32; 640; 20; 2; 1],0.030067005252931267,0.6081654668261846,tvm
150,50,10,256,128,32,640,10,2,1,[150; 50; 10; 256; 128; 32; 640; 10; 2; 1],0.03985481697600335,0.45880813595817405,tvm
60,60,5,64,64,32,640,5,2,1,[60; 60; 5; 64; 64; 32; 640; 5; 2; 1],0.028975530993193388,0.6310743464894488,tvm
300,100,5,256,64,32,640,2,2,1,[300; 100; 5; 256; 64; 32; 640; 2; 2; 1],0.03697824775008485,0.4944992096244563,tvm
375,75,5,128,32,32,640,2,2,1,[375; 75; 5; 128; 32; 32; 640; 2; 2; 1],0.027593959996011108,0.662670899296716,tvm
500,500,4,128,128,64,320,4,4,0,[500; 500; 4; 128; 128; 64; 320; 4; 4; 0],0.025283233728259802,0.7232347919671294,tvm
500,100,5,32,32,32,640,2,2,1,[500; 100; 5; 32; 32; 32; 640; 2; 2; 1],0.029697897494770586,0.6157242036724708,tvm
375,375,5,160,80,80,160,1,5,1,[375; 375; 5; 160; 80; 80; 160; 1; 5; 1],0.02358332776930183,0.7753661597120576,tvm
300,60,5,160,160,32,128,1,2,0,[300; 60; 5; 160; 160; 32; 128; 1; 2; 0],0.029622384521644562,0.6172937993007698,tvm
375,375,3,160,32,16,160,2,1,1,[375; 375; 3; 160; 32; 16; 160; 2; 1; 1],0.051462976494804025,0.35531785238967883,tvm
300,30,6,64,32,32,5120,20,2,1,[300; 30; 6; 64; 32; 32; 5120; 20; 2; 1],0.06008427555207163,0.30433443888105294,tvm
100,50,10,320,320,32,1024,32,2,0,[100; 50; 10; 320; 320; 32; 1024; 32; 2; 0],0.049387588747777045,0.3702491810057711,tvm
12,12,4,160,160,80,80,1,5,0,[12; 12; 4; 160; 160; 80; 80; 1; 5; 0],0.0392358087701723,0.4660465747711408,tvm
20,10,10,320,320,32,128,16,2,1,[20; 10; 10; 320; 320; 32; 128; 16; 2; 1],0.05055649601854384,0.3616887190719703,tvm
750,375,3,128,128,16,160,1,1,0,[750; 375; 3; 128; 128; 16; 160; 1; 1; 0],0.06259083154145628,0.29214685019167647,tvm
300,300,4,160,80,80,2560,40,5,0,[300; 300; 4; 160; 80; 80; 2560; 40; 5; 0],0.07241779193282127,0.25250306309638826,tvm
1500,15,3,320,160,80,640,8,5,1,[1500; 15; 3; 320; 160; 80; 640; 8; 5; 1],0.07384398602880538,0.24762631690252093,tvm
60,30,3,320,80,80,5120,5,5,0,[60; 30; 3; 320; 80; 80; 5120; 5; 5; 0],0.07885062997229397,0.2319032110731316,tvm
500,125,5,80,16,16,320,16,1,0,[500; 125; 5; 80; 16; 16; 320; 16; 1; 0],0.042975020478479564,0.4254963483931591,tvm
1500,100,5,256,128,32,128,1,2,0,[1500; 100; 5; 256; 128; 32; 128; 1; 2; 0],0.04952839273028076,0.36919660174101987,tvm
750,15,5,256,256,64,10,1,4,1,[750; 15; 5; 256; 256; 64; 10; 1; 4; 1],0.06125426001381129,0.29852151150942513,tvm
300,30,5,128,128,64,2,1,4,1,[300; 30; 5; 128; 128; 64; 2; 1; 4; 1],0.06636218295898288,0.2755441950578436,tvm
1500,30,5,320,64,32,80,5,2,0,[1500; 30; 5; 320; 64; 32; 80; 5; 2; 0],0.062154635903425515,0.2941971104798397,tvm
1500,100,5,256,64,32,640,2,2,1,[1500; 100; 5; 256; 64; 32; 640; 2; 2; 1],0.041356187721248716,0.44215183490714083,tvm
1500,30,10,128,32,32,128,16,2,0,[1500; 30; 10; 128; 32; 32; 128; 16; 2; 0],0.05143969797063619,0.3554786479530361,tvm
60,15,3,64,32,32,160,1,2,0,[60; 15; 3; 64; 32; 32; 160; 1; 2; 0],0.045159507484640926,0.4049139440223831,tvm
300,30,10,320,32,32,16,4,2,0,[300; 30; 10; 320; 32; 32; 16; 4; 2; 0],0.05866084049921483,0.3117192684267632,tvm
150,150,5,128,64,32,8,4,2,0,[150; 150; 5; 128; 64; 32; 8; 4; 2; 0],0.048804184480104595,0.3746751324810806,tvm
15,15,5,80,80,80,32,16,5,0,[15; 15; 5; 80; 80; 80; 32; 16; 5; 0],0.04067093075718731,0.4496015691129189,tvm
60,20,4,128,128,32,32,1,2,1,[60; 20; 4; 128; 128; 32; 32; 1; 2; 1],0.0402160239755176,0.45468727333279196,tvm
300,60,10,256,128,32,5120,4,2,0,[300; 60; 10; 256; 128; 32; 5120; 4; 2; 0],0.0714504785137251,0.255921509079911,tvm
375,75,5,256,128,64,2,1,4,0,[375; 75; 5; 256; 128; 64; 2; 1; 4; 0],0.09072049951646477,0.2015609965021812,tvm
1500,125,5,128,128,32,80,10,2,1,[1500; 125; 5; 128; 128; 32; 80; 10; 2; 1],0.04098801326472312,0.4461234597445622,tvm
1500,500,5,128,32,32,512,2,2,0,[1500; 500; 5; 128; 32; 32; 512; 2; 2; 0],0.04330620524706319,0.42224235952778,tvm
30,15,5,320,64,32,8,4,2,1,[30; 15; 5; 320; 64; 32; 8; 4; 2; 1],0.05225501745007932,0.34993222044530253,tvm
20,20,4,160,160,32,160,20,2,1,[20; 20; 4; 160; 160; 32; 160; 20; 2; 1],0.03590873797656968,0.5092274280885518,tvm
1500,375,5,320,64,64,512,4,4,1,[1500; 375; 5; 320; 64; 64; 512; 4; 4; 1],0.04227604373591021,0.4325313503775661,tvm
300,75,3,320,64,32,10,2,2,1,[300; 75; 3; 320; 64; 32; 10; 2; 2; 1],0.055722251534461975,0.3281582093718038,tvm
1500,750,6,128,64,32,160,16,2,0,[1500; 750; 6; 128; 64; 32; 160; 16; 2; 0],0.042006953968666494,0.43530207639796564,tvm
375,15,5,256,64,64,640,10,4,0,[375; 15; 5; 256; 64; 64; 640; 10; 4; 0],0.04312620247947052,0.42400474037608304,tvm
750,30,5,128,128,32,320,32,2,1,[750; 30; 5; 128; 128; 32; 320; 32; 2; 1],0.034953885537106544,0.5231382435667256,tvm
300,75,5,256,64,32,40,2,2,0,[300; 75; 5; 256; 64; 32; 40; 2; 2; 0],0.04298071877565235,0.4254399369438361,tvm
300,100,4,256,128,64,1024,4,4,1,[300; 100; 4; 256; 128; 64; 1024; 4; 4; 1],0.055877419421449304,0.32724693579344266,tvm
150,150,6,160,32,32,80,40,2,0,[150; 150; 6; 160; 32; 32; 80; 40; 2; 0],0.03536299424013123,0.5170861426932842,tvm
500,100,5,128,64,64,5120,8,4,1,[500; 100; 5; 128; 64; 64; 5120; 8; 4; 1],0.06560742750298232,0.27871408743900333,tvm
100,25,5,256,32,32,640,20,2,1,[100; 25; 5; 256; 32; 32; 640; 20; 2; 1],0.03624000522540882,0.50457261724934,tvm
30,15,3,320,160,32,32,2,2,0,[30; 15; 3; 320; 160; 32; 32; 2; 2; 0],0.04285046149743721,0.4267331936858583,tvm
60,30,5,320,160,32,160,32,2,1,[60; 30; 5; 320; 160; 32; 160; 32; 2; 1],0.034442885022144765,0.5308996117473214,tvm
75,75,5,320,80,80,8,8,5,0,[75; 75; 5; 320; 80; 80; 8; 8; 5; 0],0.041711156780365855,0.43838904737165385,tvm
300,60,3,256,64,32,320,8,2,0,[300; 60; 3; 256; 64; 32; 320; 8; 2; 0],0.045413469546474516,0.40264957661958295,tvm
60,15,3,320,320,80,512,4,5,1,[60; 15; 3; 320; 320; 80; 512; 4; 5; 1],0.04372265201527625,0.4182206120371071,tvm
300,150,5,128,128,64,20,1,4,1,[300; 150; 5; 128; 128; 64; 20; 1; 4; 1],0.028572765993885696,0.6399700431392347,tvm
375,15,5,320,160,80,512,2,5,0,[375; 15; 5; 320; 160; 80; 512; 2; 5; 0],0.03508820600109175,0.5211356284543398,tvm
250,125,5,320,80,80,320,32,5,1,[250; 125; 5; 320; 80; 80; 320; 32; 5; 1],0.04010495025431737,0.45594656444551496,tvm
750,150,3,64,32,32,320,1,2,0,[750; 150; 3; 64; 32; 32; 320; 1; 2; 0],0.03335944376885891,0.5481420617325768,tvm
60,30,10,320,320,32,160,20,2,0,[60; 30; 10; 320; 320; 32; 160; 20; 2; 0],0.036636429256759584,0.499112895461571,tvm
300,150,3,320,32,32,80,4,2,1,[300; 150; 3; 320; 32; 32; 80; 4; 2; 1],0.04725452675484121,0.38696217148848966,tvm
750,150,3,320,320,80,8,8,5,1,[750; 150; 3; 320; 320; 80; 8; 8; 5; 1],0.029421469487715513,0.621509210930107,tvm
750,30,6,160,160,32,80,4,2,1,[750; 30; 6; 160; 160; 32; 80; 4; 2; 1],0.028071416018065065,0.6513997823959685,tvm
750,125,5,256,64,64,80,10,4,0,[750; 125; 5; 256; 64; 64; 80; 10; 4; 0],0.04075298854149878,0.44869627823966673,tvm
500,250,5,256,256,32,40,20,2,0,[500; 250; 5; 256; 256; 32; 40; 20; 2; 0],0.035375108011066914,0.5169090728993307,tvm
150,150,3,64,32,32,256,2,2,1,[150; 150; 3; 64; 32; 32; 256; 2; 2; 1],0.03439638396957889,0.5316173439012274,tvm
500,25,5,320,320,32,256,2,2,0,[500; 25; 5; 320; 320; 32; 256; 2; 2; 0],0.04002164554549381,0.45689561327328143,tvm
60,60,3,320,64,32,512,8,2,1,[60; 60; 3; 320; 64; 32; 512; 8; 2; 1],0.034878352482337505,0.5242711591659676,tvm
300,60,4,80,80,80,256,1,5,0,[300; 60; 4; 80; 80; 80; 256; 1; 5; 0],0.03257294720970094,0.5613773346327224,tvm
300,300,12,128,32,32,80,10,2,0,[300; 300; 12; 128; 32; 32; 80; 10; 2; 0],0.03777447500033304,0.48407593449156,tvm
750,75,3,320,320,32,640,2,2,0,[750; 75; 3; 320; 320; 32; 640; 2; 2; 0],0.04395544802537188,0.4160056399643439,tvm
750,150,6,160,160,32,80,4,2,0,[750; 150; 6; 160; 160; 32; 80; 4; 2; 0],0.028151977458037436,0.6495356964877679,tvm
375,375,5,128,64,32,80,2,2,1,[375; 375; 5; 128; 64; 32; 80; 2; 2; 1],0.02793968201149255,0.6544710952040451,tvm
750,750,10,320,32,32,256,2,2,1,[750; 750; 10; 320; 32; 32; 256; 2; 2; 1],0.02509628573898226,0.7286223338344822,tvm
375,75,3,320,160,80,512,2,5,1,[375; 75; 3; 320; 160; 80; 512; 2; 5; 1],0.0254882299923338,0.7174179725784865,tvm
250,125,5,320,320,80,80,5,5,0,[250; 125; 5; 320; 320; 80; 80; 5; 5; 0],0.024555122014135122,0.7446802453348894,tvm
300,300,4,320,160,80,40,8,5,1,[300; 300; 4; 320; 160; 80; 40; 8; 5; 1],0.032016203505918384,0.5711393695487369,tvm
150,10,10,128,128,32,40,10,2,1,[150; 10; 10; 128; 128; 32; 40; 10; 2; 1],0.05259318999014795,0.3476821673897261,tvm
1500,60,4,160,80,16,40,8,1,0,[1500; 60; 4; 160; 80; 16; 40; 8; 1; 0],0.04115499200997874,0.444313396568771,tvm
1500,60,6,320,32,16,80,10,1,1,[1500; 60; 6; 320; 32; 16; 80; 10; 1; 1],0.0735485894838348,0.2486208697412653,tvm
100,20,4,256,128,32,160,8,2,0,[100; 20; 4; 256; 128; 32; 160; 8; 2; 0],0.03645214275456965,0.5016361975983424,tvm
250,25,5,128,128,32,640,2,2,0,[250; 25; 5; 128; 128; 32; 640; 2; 2; 0],0.04090945050120354,0.4469801980150364,tvm
60,60,6,128,32,16,512,4,1,0,[60; 60; 6; 128; 32; 16; 512; 4; 1; 0],0.040596038510557264,0.4504310015608781,tvm
100,100,4,256,64,32,320,32,2,1,[100; 100; 4; 256; 64; 32; 320; 32; 2; 1],0.031039725232403725,0.5891068348319344,tvm
300,50,5,80,16,16,512,64,1,1,[300; 50; 5; 80; 16; 16; 512; 64; 1; 1],0.04723519377876073,0.38712055192068345,tvm
750,150,10,256,64,32,128,64,2,1,[750; 150; 10; 256; 64; 32; 128; 64; 2; 1],0.04952770477393642,0.3692017300050013,tvm
300,60,12,256,256,32,256,8,2,0,[300; 60; 12; 256; 256; 32; 256; 8; 2; 0],0.04066404473269358,0.4496777043679748,tvm
300,100,4,320,64,32,128,4,2,1,[300; 100; 4; 320; 64; 32; 128; 4; 2; 1],0.036436962021980435,0.5018451943025193,tvm
60,10,5,256,64,64,64,8,4,0,[60; 10; 5; 256; 64; 64; 64; 8; 4; 0],0.04517243627924472,0.4047980536776137,tvm
750,250,5,64,64,64,32,16,4,1,[750; 250; 5; 64; 64; 64; 32; 16; 4; 1],0.032410482002887875,0.5641913713003396,tvm
500,125,5,64,64,32,128,8,2,0,[500; 125; 5; 64; 64; 32; 128; 8; 2; 0],0.031105844012927264,0.587854625584663,tvm
1500,500,4,256,32,32,640,20,2,0,[1500; 500; 4; 256; 32; 32; 640; 20; 2; 0],0.041511987044941634,0.44049238755826936,tvm
20,20,5,128,128,32,320,8,2,1,[20; 20; 5; 128; 128; 32; 320; 8; 2; 1],0.0383894974947907,0.4763207512209709,tvm
250,50,5,128,128,32,640,8,2,1,[250; 50; 5; 128; 128; 32; 640; 8; 2; 1],0.03516678075538948,0.5199712311713921,tvm
100,10,5,256,256,64,640,5,4,0,[100; 10; 5; 256; 256; 64; 640; 5; 4; 0],0.0426539562176913,0.4286991385368854,tvm
50,10,5,80,80,80,80,10,5,1,[50; 10; 5; 80; 80; 80; 80; 10; 5; 1],0.044633480021730065,0.4096860535367572,tvm
60,60,10,320,64,32,64,16,2,0,[60; 60; 10; 320; 64; 32; 64; 16; 2; 0],0.03233148070285097,0.5655699611710597,tvm
1500,100,5,80,80,80,64,4,5,0,[1500; 100; 5; 80; 80; 80; 64; 4; 5; 0],0.026701123744715005,0.6848293899740309,tvm
750,375,3,320,160,80,32,16,5,0,[750; 375; 3; 320; 160; 80; 32; 16; 5; 0],0.033417854516301304,0.5471839694793834,tvm
750,150,6,32,32,16,256,16,1,0,[750; 150; 6; 32; 32; 16; 256; 16; 1; 0],0.03462126373779029,0.5281642641413695,tvm
20,20,10,160,32,32,16,16,2,1,[20; 20; 10; 160; 32; 32; 16; 16; 2; 1],0.05145121202804148,0.35539909683271154,tvm
750,150,5,256,32,16,160,32,1,0,[750; 150; 5; 256; 32; 16; 160; 32; 1; 0],0.061940897488966584,0.29521229150693995,tvm
500,125,5,160,160,32,32,4,2,1,[500; 125; 5; 160; 160; 32; 32; 4; 2; 1],0.025788790022488683,0.709056697494087,tvm
60,60,5,128,128,16,640,10,1,1,[60; 60; 5; 128; 128; 16; 640; 10; 1; 1],0.0416401419788599,0.4391366939862424,tvm
500,100,5,160,16,16,40,4,1,0,[500; 100; 5; 160; 16; 16; 40; 4; 1; 0],0.05055758752860129,0.36168091041467804,tvm
375,375,3,256,64,64,128,16,4,0,[375; 375; 3; 256; 64; 64; 128; 16; 4; 0],0.03975919523509219,0.45991157963818596,tvm
300,12,12,256,256,32,80,10,2,1,[300; 12; 12; 256; 256; 32; 80; 10; 2; 1],0.0726571410195902,0.2516712607888603,tvm
750,75,3,128,32,32,256,32,2,0,[750; 75; 3; 128; 32; 32; 256; 32; 2; 0],0.0412459202343598,0.443333890523345,tvm
20,10,10,256,64,32,256,64,2,0,[20; 10; 10; 256; 64; 32; 256; 64; 2; 0],0.057486131438054144,0.3180891430382403,tvm
60,60,6,320,320,64,80,10,4,1,[60; 60; 6; 320; 320; 64; 80; 10; 4; 1],0.02650684502441436,0.6898487643049209,tvm
750,50,10,320,32,32,32,2,2,1,[750; 50; 10; 320; 32; 32; 32; 2; 2; 1],0.034252405748702586,0.5338519699862808,tvm
375,75,3,320,80,80,128,2,5,0,[375; 75; 3; 320; 80; 80; 128; 2; 5; 0],0.028953468252439052,0.6315552294559355,tvm
60,12,3,320,320,32,128,32,2,0,[60; 12; 3; 320; 320; 32; 128; 32; 2; 0],0.04361279826844111,0.4192740436686474,tvm
100,20,5,256,32,32,16,8,2,1,[100; 20; 5; 256; 32; 32; 16; 8; 2; 1],0.04108726972481236,0.4450457382100435,tvm
75,75,5,256,128,32,256,16,2,0,[75; 75; 5; 256; 128; 32; 256; 16; 2; 0],0.028281192004214972,0.6465680188794384,tvm
150,150,6,320,32,32,320,64,2,0,[150; 150; 6; 320; 32; 32; 320; 64; 2; 0],0.03347089723683894,0.5463168243242836,tvm
250,50,5,320,320,32,640,32,2,1,[250; 50; 5; 320; 320; 32; 640; 32; 2; 1],0.035587165504693985,0.5138289050669793,tvm
500,100,5,320,320,32,160,20,2,0,[500; 100; 5; 320; 320; 32; 160; 20; 2; 0],0.03464925126172602,0.5277376456879721,tvm
60,60,10,256,256,32,80,1,2,1,[60; 60; 10; 256; 256; 32; 80; 1; 2; 1],0.032433458778541535,0.5637916822430419,tvm
1500,300,4,64,64,16,256,16,1,1,[1500; 300; 4; 64; 64; 16; 256; 16; 1; 1],0.04694535996532068,0.38951057781263687,tvm
750,125,5,32,32,32,64,16,2,0,[750; 125; 5; 32; 32; 32; 64; 16; 2; 0],0.04555661900667474,0.40138435828688585,tvm
375,15,3,320,160,32,512,16,2,1,[375; 15; 3; 320; 160; 32; 512; 16; 2; 1],0.040410922723822296,0.45249435185341197,tvm
1500,300,5,256,256,16,512,4,1,1,[1500; 300; 5; 256; 256; 16; 512; 4; 1; 1],0.05448751954827458,0.33559454416921297,tvm
750,50,10,160,32,32,20,5,2,0,[750; 50; 10; 160; 32; 32; 20; 5; 2; 0],0.04052272473927587,0.4512459219700794,tvm
500,250,5,160,80,16,320,16,1,0,[500; 250; 5; 160; 80; 16; 320; 16; 1; 0],0.036051660019438714,0.5072086632308971,tvm
300,75,5,128,32,16,512,16,1,1,[300; 75; 5; 128; 32; 16; 512; 16; 1; 1],0.04770157753955573,0.38333563015921573,tvm
1500,1500,12,128,64,32,512,4,2,1,[1500; 1500; 12; 128; 64; 32; 512; 4; 2; 1],0.03855232452042401,0.47430899467623533,tvm
30,15,3,64,64,64,80,2,4,0,[30; 15; 3; 64; 64; 64; 80; 2; 4; 0],0.04434287652838975,0.4123709537428673,tvm
300,100,4,128,64,64,320,64,4,0,[300; 100; 4; 128; 64; 64; 320; 64; 4; 0],0.03713499929290265,0.4924118657303733,tvm
300,20,10,64,64,32,128,4,2,1,[300; 20; 10; 64; 64; 32; 128; 4; 2; 1],0.042357672238722444,0.431697808667538,tvm
30,15,3,128,128,64,20,10,4,0,[30; 15; 3; 128; 128; 64; 20; 10; 4; 0],0.038066952489316463,0.4803566634562143,tvm
100,100,10,64,32,16,256,32,1,0,[100; 100; 10; 64; 32; 16; 256; 32; 1; 0],0.043304595281369984,0.42225805753185186,tvm
1500,500,5,128,64,64,128,64,4,0,[1500; 500; 5; 128; 64; 64; 128; 64; 4; 0],0.05143637955188751,0.3555015816629978,tvm
1500,500,5,160,160,80,64,4,5,1,[1500; 500; 5; 160; 160; 80; 64; 4; 5; 1],0.023075920122209936,0.7924153918402063,tvm
750,250,10,32,32,32,640,10,2,1,[750; 250; 10; 32; 32; 32; 640; 10; 2; 1],0.025477594463154674,0.7177174561028052,tvm
300,300,10,256,32,32,1,1,2,0,[300; 300; 10; 256; 32; 32; 1; 1; 2; 0],0.3434917728882283,0.0532347955002242,tvm
1500,300,4,160,32,32,80,40,2,0,[1500; 300; 4; 160; 32; 32; 80; 40; 2; 0],0.04239176044939086,0.4313506703158642,tvm
1500,150,3,128,16,16,128,2,1,0,[1500; 150; 3; 128; 16; 16; 128; 2; 1; 0],0.08978950057644397,0.2036509187412887,tvm
300,60,12,256,32,32,40,2,2,1,[300; 60; 12; 256; 32; 32; 40; 2; 2; 1],0.053660768433474004,0.34076504715701234,tvm
375,75,3,128,32,32,160,40,2,1,[375; 75; 3; 128; 32; 32; 160; 40; 2; 1],0.03477759275119752,0.5257901090662649,tvm
300,300,4,128,32,32,80,16,2,0,[300; 300; 4; 128; 32; 32; 80; 16; 2; 0],0.041272492497228086,0.44304846107712975,tvm
250,250,5,256,256,16,160,5,1,0,[250; 250; 5; 256; 256; 16; 160; 5; 1; 0],0.03914343478390947,0.4671463908739792,tvm
1500,50,10,64,16,16,128,2,1,1,[1500; 50; 10; 64; 16; 16; 128; 2; 1; 1],0.04845615255180746,0.37736620269559995,tvm
750,750,6,16,16,16,16,8,1,0,[750; 750; 6; 16; 16; 16; 16; 8; 1; 0],0.05320549407042563,0.34368094132365995,tvm
300,50,10,32,16,16,320,10,1,1,[300; 50; 10; 32; 16; 16; 320; 10; 1; 1],0.046754585462622344,0.39109991254938375,tvm
1500,500,10,256,64,32,40,10,2,0,[1500; 500; 10; 256; 64; 32; 40; 10; 2; 0],0.053162427502684295,0.34395935521926646,tvm
1500,750,6,128,128,16,20,10,1,1,[1500; 750; 6; 128; 128; 16; 20; 10; 1; 1],0.054469910566695035,0.3357030348585677,tvm
1500,125,5,160,160,16,4,4,1,0,[1500; 125; 5; 160; 160; 16; 4; 4; 1; 0],0.06734061799943447,0.2715406366758893,tvm
1500,25,5,320,64,64,40,8,4,1,[1500; 25; 5; 320; 64; 64; 40; 8; 4; 1],0.06446092703845352,0.2836712893503087,tvm
1500,20,5,320,320,32,160,16,2,0,[1500; 20; 5; 320; 320; 32; 160; 16; 2; 0],0.06787889089901,0.2693873462505407,tvm
1500,150,3,320,64,32,80,2,2,0,[1500; 150; 3; 320; 64; 32; 80; 2; 2; 0],0.06546480802353472,0.2793212847907618,tvm
300,60,10,64,64,16,320,20,1,0,[300; 60; 10; 64; 64; 16; 320; 20; 1; 0],0.04365795600460842,0.41884036631912164,tvm
1500,300,3,320,320,64,40,20,4,1,[1500; 300; 3; 320; 320; 64; 40; 20; 4; 1],0.052441371022723615,0.348688715209044,tvm
60,60,12,320,32,32,16,4,2,0,[60; 60; 12; 320; 32; 32; 16; 4; 2; 0],0.04647560301236808,0.3934475961688565,tvm
60,15,5,160,160,32,16,1,2,1,[60; 15; 5; 160; 160; 32; 16; 1; 2; 1],0.0376855272334069,0.48521848115487265,tvm
1500,1500,5,128,32,16,320,10,1,1,[1500; 1500; 5; 128; 32; 16; 320; 10; 1; 1],0.05492387746926397,0.3329283205823766,tvm
1500,750,5,64,64,64,16,4,4,1,[1500; 750; 5; 64; 64; 64; 16; 4; 4; 1],0.03437196300365031,0.5319950531708748,tvm
300,300,4,128,64,16,512,32,1,0,[300; 300; 4; 128; 64; 16; 512; 32; 1; 0],0.04562023200560361,0.40082466664063043,tvm
1500,60,6,80,80,16,40,8,1,0,[1500; 60; 6; 80; 80; 16; 40; 8; 1; 0],0.03735507949022576,0.4895107850191801,tvm
1500,1500,12,32,16,16,160,8,1,0,[1500; 1500; 12; 32; 16; 16; 160; 8; 1; 0],0.046312591701280326,0.3948324551486669,tvm
300,60,12,160,160,16,256,32,1,1,[300; 60; 12; 160; 160; 16; 256; 32; 1; 1],0.04496627172920853,0.40665400048802625,tvm
300,15,3,160,80,80,32,16,5,1,[300; 15; 3; 160; 80; 80; 32; 16; 5; 1],0.04934250598307699,0.37058746655440933,tvm
1500,60,10,256,64,32,512,8,2,1,[1500; 60; 10; 256; 64; 32; 512; 8; 2; 1],0.04661824880167842,0.392243697602299,tvm
500,125,5,160,160,32,10,2,2,1,[500; 125; 5; 160; 160; 32; 10; 2; 2; 1],0.03200464620022103,0.5713456156121482,tvm
75,75,5,128,128,16,256,2,1,1,[75; 75; 5; 128; 128; 16; 256; 2; 1; 1],0.04120459302794188,0.44377854365202146,tvm
250,250,5,80,16,16,128,1,1,1,[250; 250; 5; 80; 16; 16; 128; 1; 1; 1],0.04114378051599488,0.4444344699584816,tvm
1500,750,10,320,32,32,160,40,2,1,[1500; 750; 10; 320; 32; 32; 160; 40; 2; 1],0.05527537199668586,0.33081123880650937,tvm
1500,60,4,160,80,16,512,8,1,1,[1500; 60; 4; 160; 80; 16; 512; 8; 1; 1],0.04121117922477424,0.44370762083706083,tvm
12,12,4,160,160,32,320,2,2,0,[12; 12; 4; 160; 160; 32; 320; 2; 2; 0],0.04660491400863975,0.3923559280106048,tvm
1500,25,5,128,64,64,256,32,4,1,[1500; 25; 5; 128; 64; 64; 256; 32; 4; 1],0.04736115748528391,0.38609094998144916,tvm
300,150,5,64,64,16,320,32,1,0,[300; 150; 5; 64; 64; 16; 320; 32; 1; 0],0.04009363224031404,0.45607527340284354,tvm
1500,500,10,64,32,32,20,20,2,0,[1500; 500; 10; 64; 32; 32; 20; 20; 2; 0],0.0458059569937177,0.3991994815919287,tvm
500,100,4,64,64,16,320,5,1,1,[500; 100; 4; 64; 64; 16; 320; 5; 1; 1],0.04594086925499141,0.39802717236848034,tvm
30,15,3,64,64,32,320,16,2,0,[30; 15; 3; 64; 64; 32; 320; 16; 2; 0],0.04236636747373268,0.43160920739904135,tvm
100,100,5,256,128,32,16,4,2,1,[100; 100; 5; 256; 128; 32; 16; 4; 2; 1],0.030823638546280563,0.5932367218185146,tvm
1500,375,3,160,80,80,320,64,5,1,[1500; 375; 3; 160; 80; 80; 320; 64; 5; 1],0.026259412290528417,0.6963489541732742,tvm
125,25,5,256,256,32,16,8,2,0,[125; 25; 5; 256; 256; 32; 16; 8; 2; 0],0.03460685524623841,0.528384164224279,tvm
60,60,10,320,160,32,16,1,2,1,[60; 60; 10; 320; 160; 32; 16; 1; 2; 1],0.034087506763171405,0.5364344894086069,tvm
300,30,3,128,128,32,128,4,2,0,[300; 30; 3; 128; 128; 32; 128; 4; 2; 0],0.04140356928110123,0.44164584366065396,tvm
60,20,5,256,128,32,64,2,2,1,[60; 20; 5; 256; 128; 32; 64; 2; 2; 1],0.03829238848993555,0.47752869452163715,tvm
60,20,4,320,64,64,160,16,4,1,[60; 20; 4; 320; 64; 64; 160; 16; 4; 1],0.03870858874870464,0.47239423799262653,tvm
300,25,5,128,64,64,32,4,4,0,[300; 25; 5; 128; 64; 64; 32; 4; 4; 0],0.047929323045536876,0.3815141363115295,tvm
300,60,3,128,64,64,32,32,4,1,[300; 60; 3; 128; 64; 64; 32; 32; 4; 1],0.04529056174214929,0.4037422717302452,tvm
750,30,5,256,128,64,640,20,4,0,[750; 30; 5; 256; 128; 64; 640; 20; 4; 0],0.04982559697236866,0.3669943843493704,tvm
150,30,3,64,32,32,640,32,2,1,[150; 30; 3; 64; 32; 32; 640; 32; 2; 1],0.03946966276271269,0.46328529320470785,tvm
30,30,3,256,64,64,32,4,4,1,[30; 30; 3; 256; 64; 64; 32; 4; 4; 1],0.03091689752181992,0.5914472586652317,tvm
250,50,5,256,64,64,20,20,4,1,[250; 50; 5; 256; 64; 64; 20; 20; 4; 1],0.03943136951420456,0.4637352065371996,tvm
100,100,5,128,64,32,20,4,2,0,[100; 100; 5; 128; 64; 32; 20; 4; 2; 0],0.030992248037364334,0.5900092908287576,tvm
300,60,10,256,128,32,320,8,2,0,[300; 60; 10; 256; 128; 32; 320; 8; 2; 0],0.042971722257789224,0.42552900663411847,tvm
60,60,12,320,64,32,64,16,2,0,[60; 60; 12; 320; 64; 32; 64; 16; 2; 0],0.034938814234919846,0.5233639059060711,tvm
750,30,5,160,80,80,512,2,5,0,[750; 30; 5; 160; 80; 80; 512; 2; 5; 0],0.028619714721571654,0.6389202150897654,tvm
750,25,5,320,80,80,128,2,5,1,[750; 25; 5; 320; 80; 80; 128; 2; 5; 1],0.02973529970040545,0.614949722045847,tvm
60,60,10,256,32,32,80,1,2,0,[60; 60; 10; 256; 32; 32; 80; 1; 2; 0],0.037550417706370354,0.4869643376193962,tvm
500,500,5,256,256,64,320,64,4,0,[500; 500; 5; 256; 256; 64; 320; 64; 4; 0],0.027668492286466062,0.6608858226314946,tvm
250,50,5,64,64,32,160,8,2,1,[250; 50; 5; 64; 64; 32; 160; 8; 2; 1],0.030178804008755833,0.6059124901175348,tvm
500,250,10,64,64,32,32,16,2,0,[500; 250; 10; 64; 64; 32; 32; 16; 2; 0],0.03402025799732655,0.5374948739998165,tvm
375,125,5,256,128,64,256,8,4,0,[375; 125; 5; 256; 128; 64; 256; 8; 4; 0],0.029177724791225046,0.6267011707236871,tvm
250,125,5,32,32,32,320,4,2,1,[250; 125; 5; 32; 32; 32; 320; 4; 2; 1],0.028614123002626002,0.6390450716954056,tvm
500,500,10,160,32,32,512,16,2,0,[500; 500; 10; 160; 32; 32; 512; 16; 2; 0],0.025360207771882415,0.7210396085945392,tvm
300,50,5,320,320,80,256,1,5,0,[300; 50; 5; 320; 320; 80; 256; 1; 5; 0],0.03225740522611886,0.5668687285147264,tvm
60,60,4,256,128,64,160,2,4,1,[60; 60; 4; 256; 128; 64; 160; 2; 4; 1],0.026597507239785045,0.6874972951736686,tvm
300,60,3,320,160,80,320,1,5,0,[300; 60; 3; 320; 160; 80; 320; 1; 5; 0],0.037441154243424535,0.4883854318921177,tvm
50,50,5,320,320,64,40,4,4,1,[50; 50; 5; 320; 320; 64; 40; 4; 4; 1],0.027594174025580287,0.6626657594013543,tvm
750,750,5,160,160,32,320,1,2,0,[750; 750; 5; 160; 160; 32; 320; 1; 2; 0],0.02594147529453039,0.7048833606456346,tvm
750,125,5,160,160,80,512,1,5,1,[750; 125; 5; 160; 160; 80; 512; 1; 5; 1],0.025321507011540234,0.7221416275650815,tvm
50,10,5,64,64,32,160,32,2,1,[50; 10; 5; 64; 64; 32; 160; 32; 2; 1],0.04204705578740686,0.43488691284755493,tvm
300,30,5,128,32,16,512,2,1,0,[300; 30; 5; 128; 32; 16; 512; 2; 1; 0],0.05293851753231138,0.34541417361287985,tvm
15,15,3,128,64,64,2,2,4,0,[15; 15; 3; 128; 64; 64; 2; 2; 4; 0],0.0650661860127002,0.2810325209801773,tvm
1500,1500,12,16,16,16,64,16,1,1,[1500; 1500; 12; 16; 16; 16; 64; 16; 1; 1],0.051218739594332874,0.35701218793243245,tvm
500,100,4,160,16,16,64,32,1,1,[500; 100; 4; 160; 16; 16; 64; 32; 1; 1],0.05910240742377937,0.30939034605817395,tvm
1500,500,4,128,128,16,80,16,1,1,[1500; 500; 4; 128; 128; 16; 80; 16; 1; 1],0.06251124443951994,0.2925188012119298,tvm
300,150,5,256,128,16,80,40,1,1,[300; 150; 5; 256; 128; 16; 80; 40; 1; 1],0.04842858301708475,0.37758103059227255,tvm
750,10,5,128,128,64,256,2,4,1,[750; 10; 5; 128; 128; 64; 256; 2; 4; 1],0.04572200123220682,0.3999325006105317,tvm
50,10,5,32,32,32,20,1,2,0,[50; 10; 5; 32; 32; 32; 20; 1; 2; 0],0.05228448996786028,0.3497349653205888,tvm
1500,750,5,128,128,16,64,32,1,1,[1500; 750; 5; 128; 128; 16; 64; 32; 1; 1],0.05722418101504445,0.3195452335247385,tvm
1500,75,3,256,128,64,256,16,4,0,[1500; 75; 3; 256; 128; 64; 256; 16; 4; 0],0.041359126509632915,0.4421204176412038,tvm
1500,30,3,128,32,32,640,8,2,0,[1500; 30; 3; 128; 32; 32; 640; 8; 2; 0],0.060737778432667255,0.30105997877392704,tvm
150,50,5,128,16,16,320,10,1,0,[150; 50; 5; 128; 16; 16; 320; 10; 1; 0],0.047394348483067006,0.3858205644972076,tvm
1500,500,5,256,64,32,128,1,2,0,[1500; 500; 5; 256; 64; 32; 128; 1; 2; 0],0.0469915444846265,0.38912775662644034,tvm
60,30,6,320,64,64,10,5,4,0,[60; 30; 6; 320; 64; 64; 10; 5; 4; 0],0.0438632212462835,0.4168803331393182,tvm
50,10,5,128,128,64,640,1,4,1,[50; 10; 5; 128; 128; 64; 640; 1; 4; 1],0.0514198784949258,0.3556156650101527,tvm
100,10,5,320,64,64,512,1,4,0,[100; 10; 5; 320; 64; 64; 512; 1; 4; 0],0.04457623197231442,0.4102122022577245,tvm
1500,150,5,128,64,16,80,1,1,0,[1500; 150; 5; 128; 64; 16; 80; 1; 1; 0],0.06049100193195045,0.3022881701692569,tvm
150,50,5,64,64,16,160,4,1,0,[150; 50; 5; 64; 64; 16; 160; 4; 1; 0],0.04276559822028503,0.42757999529259044,tvm
1500,250,10,64,32,16,128,8,1,1,[1500; 250; 10; 64; 32; 16; 128; 8; 1; 1],0.042234966007526964,0.43295203037349367,tvm
500,50,10,160,160,16,64,1,1,1,[500; 50; 10; 160; 160; 16; 64; 1; 1; 1],0.041282207530457526,0.4429441975025997,tvm
500,20,4,32,32,32,32,16,2,0,[500; 20; 4; 32; 32; 32; 32; 16; 2; 0],0.06747605500277132,0.27099560406966994,tvm
1500,150,5,256,256,64,160,4,4,0,[1500; 150; 5; 256; 256; 64; 160; 4; 4; 0],0.0393047122634016,0.4652295674669255,tvm
300,12,3,320,320,80,80,1,5,0,[300; 12; 3; 320; 320; 80; 80; 1; 5; 0],0.04972684325184673,0.36772320722440394,tvm
300,60,10,64,16,16,256,8,1,1,[300; 60; 10; 64; 16; 16; 256; 8; 1; 1],0.04690015473170206,0.3898860118973999,tvm
1500,500,4,160,160,16,160,20,1,0,[1500; 500; 4; 160; 160; 16; 160; 20; 1; 0],0.04237733775516972,0.4314974761123017,tvm
1500,1500,6,64,16,16,512,8,1,1,[1500; 1500; 6; 64; 16; 16; 512; 8; 1; 1],0.0404423390282318,0.45214284645973324,tvm
60,60,6,64,16,16,512,32,1,1,[60; 60; 6; 64; 16; 16; 512; 32; 1; 1],0.04213235527276993,0.4340064581562169,tvm
500,500,5,128,32,16,256,2,1,0,[500; 500; 5; 128; 32; 16; 256; 2; 1; 0],0.04113153577782214,0.4445667768032583,tvm
60,60,4,80,80,16,512,4,1,1,[60; 60; 4; 80; 80; 16; 512; 4; 1; 1],0.04365911171771586,0.4188292790733616,tvm
300,150,5,160,160,32,4,4,2,0,[300; 150; 5; 160; 160; 32; 4; 4; 2; 0],0.03756460850127041,0.4867803769363356,tvm
375,25,5,256,32,32,32,16,2,1,[375; 25; 5; 256; 32; 32; 32; 16; 2; 1],0.04684843501308933,0.39031643811805683,tvm
750,75,5,64,64,16,128,2,1,0,[750; 75; 5; 64; 64; 16; 128; 2; 1; 0],0.03717220149701461,0.49191905642669176,tvm
75,15,3,320,320,80,128,32,5,1,[75; 15; 3; 320; 320; 80; 128; 32; 5; 1],0.03434022021247074,0.5324868091286666,tvm
60,15,5,64,64,64,160,5,4,0,[60; 15; 5; 64; 64; 64; 160; 5; 4; 0],0.03970328799914569,0.4605591931355345,tvm
1500,750,5,80,80,80,4,4,5,1,[1500; 750; 5; 80; 80; 80; 4; 4; 5; 1],0.049799743748735636,0.3671849071749198,tvm
1500,1500,3,64,64,64,640,40,4,0,[1500; 1500; 3; 64; 64; 64; 640; 40; 4; 0],0.02811101102270186,0.6504822708420956,tvm
1500,750,6,64,64,64,256,64,4,0,[1500; 750; 6; 64; 64; 64; 256; 64; 4; 0],0.03313201304990798,0.5519047169928926,tvm
1500,25,5,160,80,80,160,8,5,1,[1500; 25; 5; 160; 80; 80; 160; 8; 5; 1],0.027410977985709906,0.6670945595318464,tvm
100,20,10,256,32,32,160,20,2,1,[100; 20; 10; 256; 32; 32; 160; 20; 2; 1],0.039793750271201134,0.459512213880171,tvm
20,20,4,128,32,32,320,40,2,1,[20; 20; 4; 128; 32; 32; 320; 40; 2; 1],0.03959782497258857,0.46178582531673135,tvm
20,20,5,32,32,32,640,64,2,1,[20; 20; 5; 32; 32; 32; 640; 64; 2; 1],0.04211401229258627,0.4341954919582264,tvm
1500,750,3,128,128,32,160,8,2,1,[1500; 750; 3; 128; 128; 32; 160; 8; 2; 1],0.04665883973939344,0.39190246452433536,tvm
750,25,5,256,32,32,80,8,2,1,[750; 25; 5; 256; 32; 32; 80; 8; 2; 1],0.06343725102487952,0.28824884417741864,tvm
750,30,5,256,256,32,320,8,2,0,[750; 30; 5; 256; 256; 32; 320; 8; 2; 0],0.04766349802957848,0.3836418861739175,tvm
150,25,5,320,320,32,16,1,2,0,[150; 25; 5; 320; 320; 32; 16; 1; 2; 0],0.03377652901690453,0.5413733979759324,tvm
150,30,6,320,320,32,128,32,2,0,[150; 30; 6; 320; 320; 32; 128; 32; 2; 0],0.034727885213214904,0.5265426954001816,tvm
375,75,3,320,64,64,640,32,4,0,[375; 75; 3; 320; 64; 64; 640; 32; 4; 0],0.02712818799773231,0.6740484947701932,tvm
300,150,3,128,64,32,80,1,2,0,[300; 150; 3; 128; 64; 32; 80; 1; 2; 0],0.04307848302414641,0.4244744244003382,tvm
150,30,6,32,32,32,320,16,2,1,[150; 30; 6; 32; 32; 32; 320; 16; 2; 1],0.035012881737202406,0.5222567631811088,tvm
30,30,3,320,64,64,256,2,4,0,[30; 30; 3; 320; 64; 64; 256; 2; 4; 0],0.030757046479266137,0.594521138368764,tvm
150,50,10,64,32,32,64,8,2,1,[150; 50; 10; 64; 32; 32; 64; 8; 2; 1],0.03569231351139024,0.5123151874108384,tvm
300,60,4,256,256,32,160,4,2,0,[300; 60; 4; 256; 256; 32; 160; 4; 2; 0],0.03830495447618887,0.4773720406607207,tvm
150,75,3,32,32,32,640,5,2,0,[150; 75; 3; 32; 32; 32; 640; 5; 2; 0],0.03635290451347828,0.503005592825042,tvm
60,60,6,256,64,64,20,1,4,1,[60; 60; 6; 256; 64; 64; 20; 1; 4; 1],0.030020381265785545,0.6091099951003838,tvm
500,50,5,160,160,32,32,8,2,0,[500; 50; 5; 160; 160; 32; 32; 8; 2; 0],0.031288065714761615,0.5844309601116423,tvm
750,750,5,64,64,32,20,10,2,0,[750; 750; 5; 64; 64; 32; 20; 10; 2; 0],0.03228494053473696,0.5663852552566973,tvm
60,60,4,256,128,64,20,2,4,1,[60; 60; 4; 256; 128; 64; 20; 2; 4; 1],0.02843513776315376,0.6430675468507456,tvm
75,75,5,80,80,80,160,1,5,0,[75; 75; 5; 80; 80; 80; 160; 1; 5; 0],0.027831108251120895,0.6570242952857557,tvm
300,300,5,256,256,64,80,20,4,1,[300; 300; 5; 256; 256; 64; 80; 20; 4; 1],0.02920461824396625,0.6261240647955452,tvm
300,300,10,160,160,32,160,10,2,1,[300; 300; 10; 160; 160; 32; 160; 10; 2; 1],0.024757946259342134,0.7385796097208337,tvm
100,100,5,256,256,64,32,1,4,0,[100; 100; 5; 256; 256; 64; 32; 1; 4; 0],0.028470698976889253,0.6422643258796524,tvm
750,375,3,320,320,80,320,16,5,1,[750; 375; 3; 320; 320; 80; 320; 16; 5; 1],0.022942215378861874,0.7970335028134241,tvm
750,750,3,256,128,64,512,1,4,0,[750; 750; 3; 256; 128; 64; 512; 1; 4; 0],0.044081311498302966,0.41481783695156726,tvm
375,375,3,64,64,16,256,32,1,0,[375; 375; 3; 64; 64; 16; 256; 32; 1; 0],0.05133146501611918,0.356228178564009,tvm
300,12,6,256,256,32,256,32,2,1,[300; 12; 6; 256; 256; 32; 256; 32; 2; 1],0.05581199598964304,0.32763053822887006,tvm
300,300,3,80,80,16,512,4,1,1,[300; 300; 3; 80; 80; 16; 512; 4; 1; 1],0.05150848045013845,0.3550039551917152,tvm
12,12,3,128,64,32,16,2,2,0,[12; 12; 3; 128; 64; 32; 16; 2; 2; 0],0.06063951551914215,0.3015478294832684,tvm
1500,300,6,128,64,32,8,1,2,1,[1500; 300; 6; 128; 64; 32; 8; 1; 2; 1],0.07020728592760861,0.260453228523445,tvm
20,10,10,320,320,32,640,5,2,0,[20; 10; 10; 320; 320; 32; 640; 5; 2; 0],0.060678967041894794,0.30135177273352753,tvm
12,12,6,128,128,32,80,16,2,1,[12; 12; 6; 128; 128; 32; 80; 16; 2; 1],0.04166375700151548,0.4388877912534187,tvm
150,150,6,320,320,16,80,8,1,0,[150; 150; 6; 320; 320; 16; 80; 8; 1; 0],0.03463421150809154,0.5279668134336543,tvm
300,12,4,256,64,32,512,1,2,1,[300; 12; 4; 256; 64; 32; 512; 1; 2; 1],0.07168913155328482,0.25506954665956516,tvm
60,60,5,256,128,16,640,5,1,0,[60; 60; 5; 256; 128; 16; 640; 5; 1; 0],0.04264804400736466,0.428758568213741,tvm
50,50,5,64,16,16,128,16,1,0,[50; 50; 5; 64; 16; 16; 128; 16; 1; 0],0.0443957227980718,0.4118800896402676,tvm
500,100,5,16,16,16,64,64,1,0,[500; 100; 5; 16; 16; 16; 64; 64; 1; 0],0.07068475801497698,0.258693879688176,tvm
500,20,5,128,32,32,80,1,2,0,[500; 20; 5; 128; 32; 32; 80; 1; 2; 0],0.044566735974512994,0.41029960767536566,tvm
1500,100,5,128,64,16,320,8,1,1,[1500; 100; 5; 128; 64; 16; 320; 8; 1; 1],0.05766517191659659,0.317101530749993,tvm
250,250,5,320,320,16,320,10,1,0,[250; 250; 5; 320; 320; 16; 320; 10; 1; 0],0.03519836574560031,0.5195046388765917,tvm
60,10,5,256,256,32,80,16,2,0,[60; 10; 5; 256; 256; 32; 80; 16; 2; 0],0.04630476649617776,0.3948991792718291,tvm
60,12,3,320,64,32,512,2,2,1,[60; 12; 3; 320; 64; 32; 512; 2; 2; 1],0.0541826575063169,0.3374827874321676,tvm
150,150,6,160,160,16,32,8,1,0,[150; 150; 6; 160; 160; 16; 32; 8; 1; 0],0.03509495424805209,0.5210354216868431,tvm
20,20,10,320,160,32,1024,32,2,1,[20; 20; 10; 320; 160; 32; 1024; 32; 2; 1],0.06269303150475025,0.2916706027260586,tvm
60,12,12,160,160,32,640,4,2,0,[60; 12; 12; 160; 160; 32; 640; 4; 2; 0],0.054352339473553,0.3364292036520678,tvm
12,12,6,320,160,32,640,10,2,0,[12; 12; 6; 320; 160; 32; 640; 10; 2; 0],0.061305938521400094,0.2982698695548276,tvm
15,15,3,256,32,32,20,10,2,0,[15; 15; 3; 256; 32; 32; 20; 10; 2; 0],0.057599413907155395,0.31746354772270885,tvm
750,150,10,160,32,32,10,5,2,0,[750; 150; 10; 160; 32; 32; 10; 5; 2; 0],0.04571759101236239,0.3999710807327903,tvm
750,250,5,256,128,32,8,1,2,0,[750; 250; 5; 256; 128; 32; 8; 1; 2; 0],0.06885017699096352,0.26558703383020005,tvm
60,12,6,256,256,64,512,1,4,0,[60; 12; 6; 256; 256; 64; 512; 1; 4; 0],0.048003534495364875,0.3809243314672989,tvm
500,20,4,128,128,64,128,32,4,0,[500; 20; 4; 128; 128; 64; 128; 32; 4; 0],0.03465733624761924,0.5276145331847427,tvm
1500,500,10,32,32,16,256,1,1,1,[1500; 500; 10; 32; 32; 16; 256; 1; 1; 1],0.03728929301723838,0.49037438916476717,tvm
150,150,5,80,80,16,64,8,1,1,[150; 150; 5; 80; 80; 16; 64; 8; 1; 1],0.03811260126531124,0.4797813237260535,tvm
75,75,5,32,32,16,128,64,1,0,[75; 75; 5; 32; 32; 16; 128; 64; 1; 0],0.04597343399655074,0.3977452344996942,tvm
300,150,6,160,160,16,64,4,1,0,[300; 150; 6; 160; 160; 16; 64; 4; 1; 0],0.03510304895462468,0.5209152717574757,tvm
15,15,3,320,64,32,320,16,2,0,[15; 15; 3; 320; 64; 32; 320; 16; 2; 0],0.03957080974942073,0.46210108919951953,tvm
75,15,3,64,64,32,160,2,2,1,[75; 15; 3; 64; 64; 32; 160; 2; 2; 1],0.04185343952849507,0.43689872306109573,tvm
15,15,3,320,32,32,512,32,2,1,[15; 15; 3; 320; 32; 32; 512; 32; 2; 1],0.0503266075393185,0.36334088824541305,tvm
1500,50,5,160,32,32,80,10,2,1,[1500; 50; 5; 160; 32; 32; 80; 10; 2; 1],0.03314637276344001,0.5516656201333491,tvm
75,25,5,128,128,64,10,5,4,1,[75; 25; 5; 128; 128; 64; 10; 5; 4; 1],0.03503687446936965,0.5218991294928502,tvm
75,15,3,128,128,64,320,5,4,0,[75; 15; 3; 128; 128; 64; 320; 5; 4; 0],0.03611611947417259,0.5063034055691058,tvm
1500,300,3,128,32,32,640,2,2,0,[1500; 300; 3; 128; 32; 32; 640; 2; 2; 0],0.05030250258278102,0.36351500117955654,tvm
750,30,6,320,64,32,320,20,2,0,[750; 30; 6; 320; 64; 32; 320; 20; 2; 0],0.03281837695976719,0.5571791166921864,tvm
100,20,10,64,32,32,320,2,2,0,[100; 20; 10; 64; 32; 32; 320; 2; 2; 0],0.04239363077795133,0.43133163992230117,tvm
750,250,5,80,16,16,256,8,1,0,[750; 250; 5; 80; 16; 16; 256; 8; 1; 0],0.03828148648608476,0.47766468766465237,tvm
300,30,6,64,64,32,640,20,2,0,[300; 30; 6; 64; 64; 32; 640; 20; 2; 0],0.03505410172510892,0.5216426433947501,tvm
1500,150,5,160,160,32,160,32,2,1,[1500; 150; 5; 160; 160; 32; 160; 32; 2; 1],0.023762144381180406,0.7695313180655764,tvm
125,25,5,320,320,64,5,5,4,1,[125; 25; 5; 320; 320; 64; 5; 5; 4; 1],0.04122547275619581,0.44355378030118797,tvm
750,75,3,64,32,32,20,10,2,0,[750; 75; 3; 64; 32; 32; 20; 10; 2; 0],0.039614454784896225,0.4615919715418138,tvm
125,25,5,256,128,64,64,8,4,0,[125; 25; 5; 256; 128; 64; 64; 8; 4; 0],0.03553902427665889,0.5145249386524061,tvm
750,150,3,128,128,32,64,64,2,1,[750; 150; 3; 128; 128; 32; 64; 64; 2; 1],0.051558502949774265,0.3546595273242771,tvm
30,30,5,128,64,32,128,16,2,1,[30; 30; 5; 128; 64; 32; 128; 16; 2; 1],0.034358295786660165,0.532206672858723,tvm
150,50,10,256,128,32,320,32,2,1,[150; 50; 10; 256; 128; 32; 320; 32; 2; 1],0.04307061020517722,0.4245520135100452,tvm
750,75,5,256,128,32,80,5,2,0,[750; 75; 5; 256; 128; 32; 80; 5; 2; 0],0.04418500151950866,0.41384437381179534,tvm
100,100,4,64,32,32,40,20,2,1,[100; 100; 4; 64; 32; 32; 40; 20; 2; 1],0.03914209274807945,0.46716240757493727,tvm
125,25,5,320,320,32,512,8,2,1,[125; 25; 5; 320; 320; 32; 512; 8; 2; 1],0.036835647537373006,0.4964135425381574,tvm
100,100,5,160,32,32,20,10,2,0,[100; 100; 5; 160; 32; 32; 20; 10; 2; 0],0.03560980805195868,0.5135021862244635,tvm
250,50,5,256,64,32,640,32,2,1,[250; 50; 5; 256; 64; 32; 640; 32; 2; 1],0.03406467678723857,0.5367940051192427,tvm
250,50,10,320,64,32,256,8,2,1,[250; 50; 10; 320; 64; 32; 256; 8; 2; 1],0.034115119255147874,0.5360003038229164,tvm
300,60,10,128,128,32,40,1,2,1,[300; 60; 10; 128; 128; 32; 40; 1; 2; 1],0.036172307503875345,0.5055169423116077,tvm
375,75,3,320,64,64,80,2,4,0,[375; 75; 3; 320; 64; 64; 80; 2; 4; 0],0.031928113487083465,0.5727151493968405,tvm
500,100,5,256,128,64,160,40,4,1,[500; 100; 5; 256; 128; 64; 160; 40; 4; 1],0.027341232518665493,0.668796268538036,tvm
300,60,12,64,32,32,160,1,2,1,[300; 60; 12; 64; 32; 32; 160; 1; 2; 1],0.039375776483211666,0.46438993510415266,tvm
750,250,5,256,128,64,40,40,4,1,[750; 250; 5; 256; 128; 64; 40; 40; 4; 1],0.06054051755927503,0.3020409309816488,tvm
60,60,10,128,32,32,640,2,2,0,[60; 60; 10; 128; 32; 32; 640; 2; 2; 0],0.03587210853584111,0.5097474063294711,tvm
375,75,5,256,128,32,640,1,2,1,[375; 75; 5; 256; 128; 32; 640; 1; 2; 1],0.04652939672814682,0.3929927222686898,tvm
750,250,10,64,32,32,128,32,2,1,[750; 250; 10; 64; 32; 32; 128; 32; 2; 1],0.029772566515021026,0.6141799792936452,tvm
750,750,10,128,32,32,20,1,2,1,[750; 750; 10; 128; 32; 32; 20; 1; 2; 1],0.045268135028891265,0.4039422934928484,tvm
750,375,5,256,256,64,80,10,4,0,[750; 375; 5; 256; 256; 64; 80; 10; 4; 0],0.04208554024808109,0.4344892373467401,tvm
1500,300,3,256,64,32,160,20,2,1,[1500; 300; 3; 256; 64; 32; 160; 20; 2; 1],0.04735414800234139,0.38614810015819867,tvm
1500,500,5,128,64,32,32,1,2,0,[1500; 500; 5; 128; 64; 32; 32; 1; 2; 0],0.05298367398791015,0.34511978708548474,tvm
1500,50,10,256,64,32,320,40,2,1,[1500; 50; 10; 256; 64; 32; 320; 40; 2; 1],0.050074782921001315,0.36516811894246426,tvm
1500,50,5,320,64,64,256,8,4,1,[1500; 50; 5; 320; 64; 64; 256; 8; 4; 1],0.04714752273866907,0.38784040440616535,tvm
1500,25,5,160,32,32,64,64,2,0,[1500; 25; 5; 160; 32; 32; 64; 64; 2; 0],0.04289509722730145,0.4262891441606519,tvm
1500,250,10,64,64,16,80,1,1,1,[1500; 250; 10; 64; 64; 16; 80; 1; 1; 1],0.0445425235084258,0.41052263871523365,tvm
750,250,10,32,16,16,80,5,1,1,[750; 250; 10; 32; 16; 16; 80; 5; 1; 1],0.04011232248740271,0.4558627661476576,tvm
500,50,5,128,128,16,128,8,1,1,[500; 50; 5; 128; 128; 16; 128; 8; 1; 1],0.043859475234057754,0.41691593864568327,tvm
1500,1500,3,256,64,32,256,64,2,1,[1500; 1500; 3; 256; 64; 32; 256; 64; 2; 1],0.04553636448690668,0.4015628935632769,tvm
750,50,5,320,160,16,40,8,1,0,[750; 50; 5; 320; 160; 16; 40; 8; 1; 0],0.0426537967287004,0.42870074150774024,tvm
500,20,5,256,32,32,256,64,2,1,[500; 20; 5; 256; 32; 32; 256; 64; 2; 1],0.04718733299523592,0.3875131973989806,tvm
300,150,5,160,16,16,512,16,1,0,[300; 150; 5; 160; 16; 16; 512; 16; 1; 0],0.04134605196304619,0.442260226007975,tvm
1500,300,6,128,128,32,16,16,2,1,[1500; 300; 6; 128; 128; 32; 16; 16; 2; 1],0.05195875803474337,0.35192747050434003,tvm
60,60,5,256,128,16,320,8,1,0,[60; 60; 5; 256; 128; 16; 320; 8; 1; 0],0.042149860702920705,0.4338262091681648,tvm
1500,250,5,320,320,32,128,4,2,1,[1500; 250; 5; 320; 320; 32; 128; 4; 2; 1],0.04823939630296081,0.3790618392252134,tvm
300,300,10,32,32,16,320,5,1,0,[300; 300; 10; 32; 32; 16; 320; 5; 1; 0],0.03715430822921917,0.4921559613733812,tvm
1500,300,4,256,64,64,320,1,4,1,[1500; 300; 4; 256; 64; 64; 320; 1; 4; 1],0.03853633953258395,0.47450573945283553,tvm
15,15,5,128,32,32,128,16,2,1,[15; 15; 5; 128; 32; 32; 128; 16; 2; 1],0.047705493750981987,0.38330416159539044,tvm
60,15,5,256,32,32,160,4,2,0,[60; 15; 5; 256; 32; 32; 160; 4; 2; 0],0.043433136015664786,0.4210083812303878,tvm
60,15,3,320,64,64,128,2,4,1,[60; 15; 3; 320; 64; 64; 128; 2; 4; 1],0.046346737479325384,0.3945415638775282,tvm
300,20,5,128,64,32,160,20,2,0,[300; 20; 5; 128; 64; 32; 160; 20; 2; 0],0.04158108273986727,0.4397604170172856,tvm
30,15,5,64,64,32,320,8,2,1,[30; 15; 5; 64; 64; 32; 320; 8; 2; 1],0.04128707374911755,0.44289199076757324,tvm
150,15,5,128,64,32,320,32,2,1,[150; 15; 5; 128; 64; 32; 320; 32; 2; 1],0.04193944000871852,0.436002824117656,tvm
1500,250,5,320,320,64,320,8,4,1,[1500; 250; 5; 320; 320; 64; 320; 8; 4; 1],0.041994541476015,0.43543074035367413,tvm
500,250,10,16,16,16,256,16,1,0,[500; 250; 10; 16; 16; 16; 256; 16; 1; 0],0.039505245455075055,0.46286800841444226,tvm
1500,60,3,128,128,32,320,16,2,1,[1500; 60; 3; 128; 128; 32; 320; 16; 2; 1],0.05040941049810499,0.36274406117884855,tvm
1500,30,3,80,80,80,20,2,5,0,[1500; 30; 3; 80; 80; 80; 20; 2; 5; 0],0.030953813227824867,0.5907418950656772,tvm
15,15,5,256,128,64,320,1,4,0,[15; 15; 5; 256; 128; 64; 320; 1; 4; 0],0.04508760099997744,0.40555970777250794,tvm
100,20,4,80,80,80,640,40,5,1,[100; 20; 4; 80; 80; 80; 640; 40; 5; 1],0.03969866404077038,0.46061283742281417,tvm
20,20,4,160,160,80,640,64,5,1,[20; 20; 4; 160; 160; 80; 640; 64; 5; 1],0.04006546101300046,0.45639595360654733,tvm
300,100,10,256,128,32,40,20,2,0,[300; 100; 10; 256; 128; 32; 40; 20; 2; 0],0.039580345270223916,0.4619897618596706,tvm
250,25,5,320,32,32,640,8,2,0,[250; 25; 5; 320; 32; 32; 640; 8; 2; 0],0.03889520047232509,0.4701277808999862,tvm
1500,30,10,160,160,32,512,2,2,1,[1500; 30; 10; 160; 160; 32; 512; 2; 2; 1],0.04067522275727242,0.4495541277016102,tvm
300,150,10,320,32,32,80,2,2,1,[300; 150; 10; 320; 32; 32; 80; 2; 2; 1],0.03661176678724587,0.4994491085877977,tvm
150,75,5,256,32,32,20,4,2,1,[150; 75; 5; 256; 32; 32; 20; 4; 2; 1],0.03722080501029268,0.4912767007768299,tvm
75,75,3,128,32,32,32,8,2,0,[75; 75; 3; 128; 32; 32; 32; 8; 2; 0],0.04017776600085199,0.45512023454281975,tvm
1500,375,5,64,64,64,256,64,4,1,[1500; 375; 5; 64; 64; 64; 256; 64; 4; 1],0.029752625268884003,0.6145916241158698,tvm
500,50,10,128,64,32,256,64,2,0,[500; 50; 10; 128; 64; 32; 256; 64; 2; 0],0.0435331225162372,0.42004141280915447,tvm
100,25,5,320,64,32,320,10,2,1,[100; 25; 5; 320; 64; 32; 320; 10; 2; 1],0.033424230467062443,0.5470795895730121,tvm
150,30,6,256,32,32,256,2,2,1,[150; 30; 6; 256; 32; 32; 256; 2; 2; 1],0.04296546900877729,0.4255909386670201,tvm
100,25,5,256,256,32,320,10,2,1,[100; 25; 5; 256; 256; 32; 320; 10; 2; 1],0.03219577175332233,0.567953904811347,tvm
75,75,5,32,32,32,40,20,2,1,[75; 75; 5; 32; 32; 32; 40; 20; 2; 1],0.03476245794445276,0.5260190264719828,tvm
1500,300,4,160,80,80,64,4,5,0,[1500; 300; 4; 160; 80; 80; 64; 4; 5; 0],0.028297467972151935,0.6461961297636099,tvm
100,100,5,80,80,80,256,64,5,0,[100; 100; 5; 80; 80; 80; 256; 64; 5; 0],0.049598885991144925,0.36867187478724633,tvm
250,50,5,320,320,64,128,32,4,0,[250; 50; 5; 320; 320; 64; 128; 32; 4; 0],0.026631895743776113,0.6866095625200721,tvm
500,100,5,128,32,32,128,1,2,1,[500; 100; 5; 128; 32; 32; 128; 1; 2; 1],0.0384829415124841,0.475164152401975,tvm
60,60,3,160,80,80,512,32,5,1,[60; 60; 3; 160; 80; 80; 512; 32; 5; 1],0.0286347700166516,0.6385842901857021,tvm
750,150,3,320,160,80,80,40,5,0,[750; 150; 3; 320; 160; 80; 80; 40; 5; 0],0.031480955716688186,0.5808500367738504,tvm
750,150,6,256,256,32,40,1,2,0,[750; 150; 6; 256; 256; 32; 40; 1; 2; 0],0.0506703935097903,0.36087571102405597,tvm
500,25,5,80,80,80,512,2,5,0,[500; 25; 5; 80; 80; 80; 512; 2; 5; 0],0.0338290972285904,0.5405321390090262,tvm
60,60,6,256,128,32,80,2,2,1,[60; 60; 6; 256; 128; 32; 80; 2; 2; 1],0.030556949961464852,0.5984142497459423,tvm
50,50,10,128,128,32,640,8,2,1,[50; 50; 10; 128; 128; 32; 640; 8; 2; 1],0.03699162125121802,0.49432043439059037,tvm
750,125,5,32,32,32,320,40,2,1,[750; 125; 5; 32; 32; 32; 320; 40; 2; 1],0.02833214571001008,0.6454052041407414,tvm
750,150,10,256,256,32,640,40,2,1,[750; 150; 10; 256; 256; 32; 640; 40; 2; 1],0.04613209201488644,0.3963773045413514,tvm
150,50,5,256,256,64,640,20,4,1,[150; 50; 5; 256; 256; 64; 640; 20; 4; 1],0.02931868372252211,0.6236881047858064,tvm
100,100,5,128,128,64,20,10,4,0,[100; 100; 5; 128; 128; 64; 20; 10; 4; 0],0.02790479047689587,0.6552894314277035,tvm
60,60,10,320,160,32,320,2,2,1,[60; 60; 10; 320; 160; 32; 320; 2; 2; 1],0.03286017547361553,0.5564703785710599,tvm
1500,75,5,160,160,80,160,32,5,1,[1500; 75; 5; 160; 160; 80; 160; 32; 5; 1],0.06023961247410625,0.30354966665123095,tvm
60,60,3,256,64,64,32,2,4,1,[60; 60; 3; 256; 64; 64; 32; 2; 4; 1],0.027858944260515273,0.6563678118854916,tvm
300,300,6,128,128,32,640,64,2,1,[300; 300; 6; 128; 128; 32; 640; 64; 2; 1],0.03230275900568813,0.5660728324318796,tvm
375,125,5,160,80,80,160,20,5,0,[375; 125; 5; 160; 80; 80; 160; 20; 5; 0],0.023614250123500824,0.7743508343513481,tvm
60,60,4,128,128,64,160,4,4,0,[60; 60; 4; 128; 128; 64; 160; 4; 4; 0],0.026138630521018058,0.6995666536933048,tvm
500,500,4,160,160,32,32,4,2,1,[500; 500; 4; 160; 160; 32; 32; 4; 2; 1],0.0278692435240373,0.6561252468134919,tvm
750,150,5,320,160,80,320,2,5,0,[750; 150; 5; 320; 160; 80; 320; 2; 5; 0],0.0234376217413228,0.7801864236709136,tvm
750,125,5,256,16,16,128,8,1,0,[750; 125; 5; 256; 16; 16; 128; 8; 1; 0],0.06873455794993788,0.2660337802569779,tvm
1500,500,10,320,320,32,640,16,2,0,[1500; 500; 10; 320; 320; 32; 640; 16; 2; 0],0.062066723010502756,0.2946138187869211,tvm
375,75,1,320,320,80,80,2,5,1,[375; 75; 1; 320; 320; 80; 80; 2; 5; 1],0.05744502751622349,0.31831674692035056,tvm
300,30,10,160,160,16,32,1,1,0,[300; 30; 10; 160; 160; 16; 32; 1; 1; 0],0.04453482973622158,0.4105935600073023,tvm
150,150,2,320,320,64,40,20,4,0,[150; 150; 2; 320; 320; 64; 40; 20; 4; 0],0.03643084695795551,0.501929431034575,tvm
1500,60,5,320,320,32,512,64,2,1,[1500; 60; 5; 320; 320; 32; 512; 64; 2; 1],0.0695860335836187,0.2627785109168651,tvm
1500,300,5,160,160,16,32,1,1,0,[1500; 300; 5; 160; 160; 16; 32; 1; 1; 0],0.06005872308742255,0.3044639204049889,tvm
1500,750,10,64,32,16,80,20,1,0,[1500; 750; 10; 64; 32; 16; 80; 20; 1; 0],0.04893709725001827,0.3736575177782426,tvm
150,50,10,160,16,16,320,8,1,0,[150; 50; 10; 160; 16; 16; 320; 8; 1; 0],0.04848021123325452,0.3771789317859115,tvm
500,250,5,64,16,16,40,4,1,1,[500; 250; 5; 64; 16; 16; 40; 4; 1; 1],0.0479179120156914,0.3816049889595851,tvm
1500,300,6,320,160,32,640,10,2,1,[1500; 300; 6; 320; 160; 32; 640; 10; 2; 1],0.045847714005503803,0.39883590016111103,tvm
150,25,5,320,320,16,64,8,1,0,[150; 25; 5; 320; 320; 16; 64; 8; 1; 0],0.043814373027998954,0.4173451089675313,tvm
750,125,1,160,160,80,320,5,5,1,[750; 125; 1; 160; 160; 80; 320; 5; 5; 1],0.054841633420437574,0.3334276013540442,tvm
1500,750,5,32,32,16,40,1,1,0,[1500; 750; 5; 32; 32; 16; 40; 1; 1; 0],0.0457363985478878,0.3998066062540632,tvm
1500,300,3,320,80,80,10,10,5,1,[1500; 300; 3; 320; 80; 80; 10; 10; 5; 1],0.06422402698080987,0.28471765389576176,tvm
125,125,5,16,16,16,160,32,1,1,[125; 125; 5; 16; 16; 16; 160; 32; 1; 1],0.0443324355292134,0.4124680737124107,tvm
60,60,6,64,16,16,640,8,1,1,[60; 60; 6; 64; 16; 16; 640; 8; 1; 1],0.0402220772812143,0.4546188442200279,tvm
60,60,10,80,16,16,128,2,1,0,[60; 60; 10; 80; 16; 16; 128; 2; 1; 0],0.04583172773709521,0.39897501553087267,tvm
300,300,4,320,160,16,256,32,1,0,[300; 300; 4; 320; 160; 16; 256; 32; 1; 0],0.048329902230761945,0.37835198172768997,tvm
60,60,6,256,128,16,320,5,1,0,[60; 60; 6; 256; 128; 16; 320; 5; 1; 0],0.03919024229981005,0.4665884468339435,tvm
1500,1500,5,64,64,16,320,4,1,0,[1500; 1500; 5; 64; 64; 16; 320; 4; 1; 0],0.04208580148406327,0.4344865403748716,tvm
1500,250,5,32,32,16,512,8,1,1,[1500; 250; 5; 32; 32; 16; 512; 8; 1; 1],0.03685838950332254,0.49610725080828477,tvm
1500,100,10,160,160,32,16,2,2,1,[1500; 100; 10; 160; 160; 32; 16; 2; 2; 1],0.02852319396333769,0.641082282342498,tvm
1500,1500,4,256,128,64,640,64,4,1,[1500; 1500; 4; 256; 128; 64; 640; 64; 4; 1],0.038634899770841,0.4732952432690172,tvm
1500,1500,6,128,32,32,160,32,2,0,[1500; 1500; 6; 128; 32; 32; 160; 32; 2; 0],0.05105484451632947,0.3581582601797123,tvm
150,150,10,160,80,16,320,20,1,1,[150; 150; 10; 160; 80; 16; 320; 20; 1; 1],0.03806015773443505,0.480442419952722,tvm
150,50,10,256,256,16,320,8,1,1,[150; 50; 10; 256; 256; 16; 320; 8; 1; 1],0.04636304295854643,0.39440280703886693,tvm
1500,500,4,256,256,64,320,4,4,1,[1500; 500; 4; 256; 256; 64; 320; 4; 4; 1],0.033945740782655776,0.538674775218256,tvm
250,50,5,160,160,16,512,2,1,1,[250; 50; 5; 160; 160; 16; 512; 2; 1; 1],0.04068071529036388,0.4494934308602401,tvm
750,150,5,80,80,16,320,32,1,1,[750; 150; 5; 80; 80; 16; 320; 32; 1; 1],0.03492388897575438,0.523587573491858,tvm
250,250,5,64,16,16,320,16,1,0,[250; 250; 5; 64; 16; 16; 320; 16; 1; 0],0.0399232204654254,0.45802202509064155,tvm
100,100,10,320,160,16,80,2,1,0,[100; 100; 10; 320; 160; 16; 80; 2; 1; 0],0.04419097845675424,0.41378840035435926,tvm
250,250,10,320,160,16,256,2,1,0,[250; 250; 10; 320; 160; 16; 256; 2; 1; 0],0.036419780226424336,0.5020819503036733,tvm
300,30,10,128,32,32,80,16,2,1,[300; 30; 10; 128; 32; 32; 80; 16; 2; 1],0.041578909498639405,0.43978340235961827,tvm
150,30,3,256,64,32,128,8,2,0,[150; 30; 3; 256; 64; 32; 128; 8; 2; 0],0.047280630737077445,0.38674852684176736,tvm
1500,750,6,32,32,32,64,32,2,0,[1500; 750; 6; 32; 32; 32; 64; 32; 2; 0],0.04428354772971943,0.41292342694220135,tvm
300,60,3,32,32,32,20,10,2,1,[300; 60; 3; 32; 32; 32; 20; 10; 2; 1],0.04657584521919489,0.3926008041219262,tvm
1500,300,6,64,64,32,512,8,2,1,[1500; 300; 6; 64; 64; 32; 512; 8; 2; 1],0.028131277475040406,0.6500136476894219,tvm
25,25,5,32,32,32,80,40,2,0,[25; 25; 5; 32; 32; 32; 80; 40; 2; 0],0.03681424120441079,0.49670219152916933,tvm
150,30,5,128,32,32,160,40,2,1,[150; 30; 5; 128; 32; 32; 160; 40; 2; 1],0.04203914728714153,0.4349687247654359,tvm
50,50,10,160,32,32,40,40,2,1,[50; 50; 10; 160; 32; 32; 40; 40; 2; 1],0.033417084719985723,0.5471965744150676,tvm
250,50,10,256,32,32,160,10,2,1,[250; 50; 10; 256; 32; 32; 160; 10; 2; 1],0.038340883736964315,0.47692469508951596,tvm
60,60,12,256,32,32,20,20,2,0,[60; 60; 12; 256; 32; 32; 20; 20; 2; 0],0.038756268739234656,0.4718130738732045,tvm
150,30,5,256,64,64,640,32,4,1,[150; 30; 5; 256; 64; 64; 640; 32; 4; 1],0.03733176045352593,0.489816554686138,tvm
300,75,3,320,160,32,640,40,2,1,[300; 75; 3; 320; 160; 32; 640; 40; 2; 1],0.03776496747741476,0.4841978030737088,tvm
60,60,6,256,128,32,16,8,2,1,[60; 60; 6; 256; 128; 32; 16; 8; 2; 1],0.03389871452236548,0.539422056067933,tvm
150,50,5,320,320,32,320,32,2,0,[150; 50; 5; 320; 320; 32; 320; 32; 2; 0],0.02822338225087151,0.6478923795587839,tvm
100,50,5,160,32,32,160,4,2,0,[100; 50; 5; 160; 32; 32; 160; 4; 2; 0],0.03429184976266697,0.5332379096569376,tvm
75,75,3,32,32,32,160,10,2,1,[75; 75; 3; 32; 32; 32; 160; 10; 2; 1],0.0366329665412195,0.4991600738951664,tvm
50,50,5,256,64,32,64,4,2,1,[50; 50; 5; 256; 64; 32; 64; 4; 2; 1],0.0312974572298117,0.5842555882877487,tvm
60,60,10,320,64,32,160,1,2,0,[60; 60; 10; 320; 64; 32; 160; 1; 2; 0],0.03378556825919077,0.5412285549093874,tvm
60,30,5,160,160,32,160,5,2,0,[60; 30; 5; 160; 160; 32; 160; 5; 2; 0],0.03219619329320267,0.5679464686769292,tvm
60,60,12,320,160,32,32,32,2,0,[60; 60; 12; 320; 160; 32; 32; 32; 2; 0],0.04398057301295921,0.4157679864772626,tvm
75,25,5,320,64,64,320,1,4,0,[75; 25; 5; 320; 64; 64; 320; 1; 4; 0],0.035204854735638946,0.5194088833209444,tvm
60,60,6,128,128,32,320,5,2,1,[60; 60; 6; 128; 128; 32; 320; 5; 2; 1],0.02914687746670097,0.6273644340325962,tvm
750,125,5,320,160,80,40,40,5,1,[750; 125; 5; 320; 160; 80; 40; 40; 5; 1],0.03518089797580615,0.5197625796331108,tvm
300,300,4,320,320,80,64,64,5,1,[300; 300; 4; 320; 320; 80; 64; 64; 5; 1],0.037204649474006146,0.4914900299891283,tvm
150,150,3,256,128,64,128,2,4,0,[150; 150; 3; 256; 128; 64; 128; 2; 4; 0],0.0306962612667121,0.5956984183459448,tvm
500,250,5,64,32,32,256,16,2,0,[500; 250; 5; 64; 32; 32; 256; 16; 2; 0],0.03012914425926283,0.6069111730610328,tvm
300,150,6,160,160,32,20,20,2,1,[300; 150; 6; 160; 160; 32; 20; 20; 2; 1],0.0323817019816488,0.5646928100344162,tvm
500,100,4,128,64,64,320,4,4,0,[500; 100; 4; 128; 64; 64; 320; 4; 4; 0],0.029550436011049896,0.6187967676306585,tvm
750,750,3,160,160,32,64,2,2,1,[750; 750; 3; 160; 160; 32; 64; 2; 2; 1],0.030419857997912914,0.6011110994327737,tvm
375,375,5,80,80,80,320,10,5,0,[375; 375; 5; 80; 80; 80; 320; 10; 5; 0],0.02235108261811547,0.818113135642646,tvm
60,60,3,160,160,80,512,4,5,1,[60; 60; 3; 160; 160; 80; 512; 4; 5; 1],0.027402071515098214,0.6673113846753913,tvm
750,150,5,320,16,16,320,16,1,1,[750; 150; 5; 320; 16; 16; 320; 16; 1; 1],0.038041924010030925,0.4806726989121974,tvm
1500,500,5,320,320,64,640,4,4,0,[1500; 500; 5; 320; 320; 64; 640; 4; 4; 0],0.061301194480620325,0.2982929523746084,tvm
60,30,5,320,160,16,160,20,1,0,[60; 30; 5; 320; 160; 16; 160; 20; 1; 0],0.04587262024870142,0.3986193547823753,tvm
150,30,5,160,160,16,320,40,1,1,[150; 30; 5; 160; 160; 16; 320; 40; 1; 1],0.043342224264051765,0.4218914602608556,tvm
1500,100,10,160,80,16,320,64,1,0,[1500; 100; 10; 160; 80; 16; 320; 64; 1; 0],0.03771359648089856,0.48485734567838845,tvm
500,250,10,320,16,16,160,8,1,1,[500; 250; 10; 320; 16; 16; 160; 8; 1; 1],0.05032544198911637,0.3633493033139947,tvm
300,300,2,320,320,32,80,20,2,0,[300; 300; 2; 320; 320; 32; 80; 20; 2; 0],0.04963715752819553,0.3683876192009464,tvm
60,60,4,256,128,16,160,40,1,0,[60; 60; 4; 256; 128; 16; 160; 40; 1; 0],0.04553055152064189,0.4016141618101026,tvm
100,50,5,80,80,16,40,1,1,1,[100; 50; 5; 80; 80; 16; 40; 1; 1; 1],0.041356234753038734,0.44215133207625257,tvm
500,500,10,160,32,16,128,8,1,1,[500; 500; 10; 160; 32; 16; 128; 8; 1; 1],0.037561803008429706,0.4868167345856791,tvm
100,25,5,160,160,16,160,5,1,1,[100; 25; 5; 160; 160; 16; 160; 5; 1; 1],0.047057690273504704,0.38858078625269565,tvm
300,150,2,160,80,80,128,8,5,1,[300; 150; 2; 160; 80; 80; 128; 8; 5; 1],0.04198404849739745,0.4355395665772394,tvm
150,15,3,80,80,80,4,4,5,1,[150; 15; 3; 80; 80; 80; 4; 4; 5; 1],0.055834166472777724,0.32750044356137376,tvm
100,20,5,64,64,64,16,16,4,0,[100; 20; 5; 64; 64; 64; 16; 16; 4; 0],0.045317938551306725,0.4034983688636258,tvm
100,100,2,128,128,64,128,16,4,1,[100; 100; 2; 128; 128; 64; 128; 16; 4; 1],0.034755329485051334,0.52612691511324,tvm
500,50,10,320,160,16,512,64,1,0,[500; 50; 10; 320; 160; 16; 512; 64; 1; 0],0.054163980996236205,0.33759915629142806,tvm
60,60,10,320,160,16,128,32,1,0,[60; 60; 10; 320; 160; 16; 128; 32; 1; 0],0.044909725489560515,0.4071660222008013,tvm
300,300,12,16,16,16,128,64,1,1,[300; 300; 12; 16; 16; 16; 128; 64; 1; 1],0.04562582529615611,0.4007755293635165,tvm
100,20,4,64,64,64,16,4,4,1,[100; 20; 4; 64; 64; 64; 16; 4; 4; 1],0.03691066399915144,0.4954046420333882,tvm
1500,1500,3,160,160,32,8,4,2,1,[1500; 1500; 3; 160; 160; 32; 8; 4; 2; 1],0.03608658304437995,0.5067178087552977,tvm
60,20,5,160,32,32,80,5,2,1,[60; 20; 5; 160; 32; 32; 80; 5; 2; 1],0.038998803473077714,0.46887885415093766,tvm
1500,1500,4,128,32,32,640,20,2,1,[1500; 1500; 4; 128; 32; 32; 640; 20; 2; 1],0.039801328734029084,0.4594247194084374,tvm
1500,750,3,256,64,64,640,40,4,0,[1500; 750; 3; 256; 64; 64; 640; 40; 4; 0],0.03779357421444729,0.48383130375438893,tvm
20,20,5,320,64,32,640,5,2,0,[20; 20; 5; 320; 64; 32; 640; 5; 2; 0],0.035754612006712705,0.5114225343091755,tvm
1500,125,5,128,64,64,640,64,4,0,[1500; 125; 5; 128; 64; 64; 640; 64; 4; 0],0.04346770024858415,0.4206736077855855,tvm
300,300,6,64,64,16,320,40,1,1,[300; 300; 6; 64; 64; 16; 320; 40; 1; 1],0.03369628096697852,0.5426626844557063,tvm
500,500,5,64,64,16,512,4,1,1,[500; 500; 5; 64; 64; 16; 512; 4; 1; 1],0.037219407968223095,0.49129514100079524,tvm
750,750,5,64,32,16,640,1,1,0,[750; 750; 5; 64; 32; 16; 640; 1; 1; 0],0.03636393795022741,0.5028529723800151,tvm
15,15,5,320,320,32,160,4,2,1,[15; 15; 5; 320; 320; 32; 160; 4; 2; 1],0.04310425650328398,0.42422061692030705,tvm
30,15,5,320,320,32,160,2,2,1,[30; 15; 5; 320; 320; 32; 160; 2; 2; 1],0.03765419003320858,0.4856222977997259,tvm
20,20,10,128,128,32,320,8,2,1,[20; 20; 10; 128; 128; 32; 320; 8; 2; 1],0.04729202325688675,0.3866553601732717,tvm
50,50,5,256,64,64,10,2,4,1,[50; 50; 5; 256; 64; 64; 10; 2; 4; 1],0.0330455832881853,0.5533482077240843,tvm
1500,30,10,32,32,32,320,40,2,0,[1500; 30; 10; 32; 32; 32; 320; 40; 2; 0],0.037339174770750105,0.4897192934225886,tvm
150,30,3,256,32,32,640,8,2,1,[150; 30; 3; 256; 32; 32; 640; 8; 2; 1],0.045676882728002965,0.4003275441234068,tvm
20,20,4,320,160,32,128,16,2,0,[20; 20; 4; 320; 160; 32; 128; 16; 2; 0],0.03751352644758299,0.4874432242797702,tvm
1500,500,5,64,64,32,64,32,2,0,[1500; 500; 5; 64; 64; 32; 64; 32; 2; 0],0.03590235428418964,0.5093179723249176,tvm
750,30,5,320,32,32,320,32,2,1,[750; 30; 5; 320; 32; 32; 320; 32; 2; 1],0.031158039753790945,0.5868698554275866,tvm
750,50,5,320,160,80,10,1,5,0,[750; 50; 5; 320; 160; 80; 10; 1; 5; 0],0.033582000993192196,0.5445093724290342,tvm
25,25,5,320,32,32,640,64,2,0,[25; 25; 5; 320; 32; 32; 640; 64; 2; 0],0.03985034523066133,0.45885962040913614,tvm
500,125,5,320,64,32,80,8,2,1,[500; 125; 5; 320; 64; 32; 80; 8; 2; 1],0.03715611295774579,0.49213205661498927,tvm
250,50,5,128,64,64,64,32,4,1,[250; 50; 5; 128; 64; 64; 64; 32; 4; 1],0.03786070452770218,0.48297342888415795,tvm
500,500,5,256,32,32,16,8,2,0,[500; 500; 5; 256; 32; 32; 16; 8; 2; 0],0.04593929153634235,0.3980408420371164,tvm
60,30,10,64,32,32,320,4,2,0,[60; 30; 10; 64; 32; 32; 320; 4; 2; 0],0.03947584255365655,0.46321276767835645,tvm
100,100,5,256,32,32,20,2,2,0,[100; 100; 5; 256; 32; 32; 20; 2; 2; 0],0.03802914574043825,0.480834210963361,tvm
375,25,5,160,160,32,640,8,2,1,[375; 25; 5; 160; 160; 32; 640; 8; 2; 1],0.030184704228304327,0.605794052093699,tvm
1500,300,6,160,160,32,320,1,2,1,[1500; 300; 6; 160; 160; 32; 320; 1; 2; 1],0.0243345518829301,0.7514300807216066,tvm
1500,375,5,160,160,80,20,10,5,0,[1500; 375; 5; 160; 160; 80; 20; 10; 5; 0],0.043542498257011175,0.4199509678517341,tvm
60,60,12,256,256,32,16,16,2,1,[60; 60; 12; 256; 256; 32; 16; 16; 2; 1],0.034348168468568474,0.5323635902871295,tvm
500,25,5,320,320,64,80,20,4,1,[500; 25; 5; 320; 320; 64; 80; 20; 4; 1],0.03483346349094063,0.5249467739683702,tvm
375,125,5,128,32,32,128,2,2,1,[375; 125; 5; 128; 32; 32; 128; 2; 2; 1],0.02973969472805038,0.6148588427999989,tvm
250,50,5,256,256,32,40,5,2,0,[250; 50; 5; 256; 256; 32; 40; 5; 2; 0],0.030784668226260692,0.5939877003487002,tvm
60,60,4,256,64,64,320,40,4,1,[60; 60; 4; 256; 64; 64; 320; 40; 4; 1],0.02769459126284346,0.6602630135309986,tvm
60,60,4,320,64,32,640,1,2,0,[60; 60; 4; 320; 64; 32; 640; 1; 2; 0],0.04370648099575192,0.4183753500422873,tvm
750,150,10,128,64,32,640,20,2,1,[750; 150; 10; 128; 64; 32; 640; 20; 2; 1],0.03232783899875358,0.5656336721554233,tvm
125,125,5,128,32,32,160,16,2,1,[125; 125; 5; 128; 32; 32; 160; 16; 2; 1],0.03013004275271669,0.606893074656044,tvm
300,60,6,32,32,32,320,2,2,1,[300; 60; 6; 32; 32; 32; 320; 2; 2; 1],0.034345476247835904,0.5324053203911087,tvm
250,125,5,160,32,32,256,8,2,0,[250; 125; 5; 160; 32; 32; 256; 8; 2; 0],0.029131357034202665,0.6276986775537206,tvm
100,100,10,128,64,32,256,2,2,1,[100; 100; 10; 128; 64; 32; 256; 2; 2; 1],0.030426436511334032,0.6009811329336168,tvm
50,50,5,320,80,80,80,20,5,0,[50; 50; 5; 320; 80; 80; 80; 20; 5; 0],0.028443124261684716,0.6428869809617463,tvm
500,250,5,64,64,32,80,10,2,1,[500; 250; 5; 64; 64; 32; 80; 10; 2; 1],0.031300131988245994,0.5842056606208895,tvm
300,75,3,256,64,64,320,2,4,1,[300; 75; 3; 256; 64; 64; 320; 2; 4; 1],0.03881787200225517,0.4710643150312814,tvm
125,125,5,64,64,32,320,1,2,1,[125; 125; 5; 64; 64; 32; 320; 1; 2; 1],0.029897250758949667,0.6116185877138053,tvm
300,300,3,320,320,64,20,10,4,0,[300; 300; 3; 320; 320; 64; 20; 10; 4; 0],0.03887476574163884,0.47037490610852534,tvm
150,150,5,320,64,64,320,5,4,0,[150; 150; 5; 320; 64; 64; 320; 5; 4; 0],0.025522192532662302,0.7164633000206759,tvm
750,250,10,256,16,16,128,32,1,0,[750; 250; 10; 256; 16; 16; 128; 32; 1; 0],0.06801002949941903,0.26886790698819635,tvm
1500,500,1,80,80,80,640,5,5,0,[1500; 500; 1; 80; 80; 80; 640; 5; 5; 0],0.056041814968921244,0.32628697510697824,tvm
150,50,5,256,64,16,256,64,1,1,[150; 50; 5; 256; 64; 16; 256; 64; 1; 1],0.04976623901166022,0.3674321115853249,tvm
1500,100,2,256,64,64,640,20,4,0,[1500; 100; 2; 256; 64; 64; 640; 20; 4; 0],0.05093756702262908,0.35898287559731373,tvm
100,50,10,256,32,16,320,5,1,0,[100; 50; 10; 256; 32; 16; 320; 5; 1; 0],0.045679473027121276,0.40030484315914744,tvm
1500,125,1,64,64,64,320,1,4,0,[1500; 125; 1; 64; 64; 64; 320; 1; 4; 0],0.07350151997525245,0.24878008362100518,tvm
1500,60,5,256,128,32,512,16,2,0,[1500; 60; 5; 256; 128; 32; 512; 16; 2; 0],0.04354608798166737,0.4199163491657955,tvm
150,75,1,160,160,160,160,4,10,1,[150; 75; 1; 160; 160; 160; 160; 4; 10; 1],0.05762823496479541,0.3173047777167715,tvm
1500,50,5,32,32,16,128,16,1,1,[1500; 50; 5; 32; 32; 16; 128; 16; 1; 1],0.04502479202346876,0.40612545808502626,tvm
1500,300,6,128,16,16,512,1,1,1,[1500; 300; 6; 128; 16; 16; 512; 1; 1; 1],0.05799321155063808,0.31530784029347475,tvm
100,20,5,128,128,64,5120,20,4,1,[100; 20; 5; 128; 128; 64; 5120; 20; 4; 1],0.05697366001550108,0.3209503177562967,tvm
150,50,10,32,16,16,320,4,1,0,[150; 50; 10; 32; 16; 16; 320; 4; 1; 0],0.04705212026601657,0.38862678626028163,tvm
50,50,2,64,32,32,512,16,2,0,[50; 50; 2; 64; 32; 32; 512; 16; 2; 0],0.04396716202609241,0.4158948051926251,tvm
300,150,5,256,32,16,40,4,1,1,[300; 150; 5; 256; 32; 16; 40; 4; 1; 1],0.051130117499269545,0.3576309850251277,tvm
500,250,5,256,256,32,2,2,2,1,[500; 250; 5; 256; 256; 32; 2; 2; 2; 1],0.07412412110716105,0.24669047015449502,tvm
300,50,10,160,80,16,320,40,1,0,[300; 50; 10; 160; 80; 16; 320; 40; 1; 0],0.047105409495998174,0.3881871420153506,tvm
300,150,2,320,160,80,5,5,5,1,[300; 150; 2; 320; 160; 80; 5; 5; 5; 1],0.04248356999596581,0.4304184956078474,tvm
1500,300,6,128,32,32,64,64,2,0,[1500; 300; 6; 128; 32; 32; 64; 64; 2; 0],0.058657492976635695,0.31173705792366213,tvm
750,250,2,80,80,80,80,40,5,1,[750; 250; 2; 80; 80; 80; 80; 40; 5; 1],0.04936086822999641,0.3704496079872867,tvm
500,100,2,64,64,32,20,1,2,0,[500; 100; 2; 64; 64; 32; 20; 1; 2; 0],0.04154305573320016,0.4401629577551948,tvm
300,300,2,128,32,32,128,32,2,0,[300; 300; 2; 128; 32; 32; 128; 32; 2; 0],0.0533447585767135,0.34278371059488716,tvm
750,50,5,80,80,16,80,20,1,0,[750; 50; 5; 80; 80; 16; 80; 20; 1; 0],0.03839600476203486,0.47624002546730604,tvm
300,300,4,64,64,64,8,8,4,0,[300; 300; 4; 64; 64; 64; 8; 8; 4; 0],0.044250729493796825,0.41322966863806443,tvm
150,75,5,128,128,32,8,8,2,1,[150; 75; 5; 128; 128; 32; 8; 8; 2; 1],0.03731117828283459,0.4900867548888647,tvm
100,100,5,80,16,16,128,1,1,0,[100; 100; 5; 80; 16; 16; 128; 1; 1; 0],0.04432104347506538,0.412574092394771,tvm
1500,60,4,32,32,16,320,8,1,0,[1500; 60; 4; 32; 32; 16; 320; 8; 1; 0],0.04455104871885851,0.4104440818241372,tvm
300,300,2,80,80,80,40,8,5,0,[300; 300; 2; 80; 80; 80; 40; 8; 5; 0],0.04848526150453836,0.3771396444670654,tvm
1500,150,6,128,64,32,320,40,2,0,[1500; 150; 6; 128; 64; 32; 320; 40; 2; 0],0.045873880211729556,0.3986084063810845,tvm
1500,250,2,64,64,32,32,2,2,0,[1500; 250; 2; 64; 64; 32; 32; 2; 2; 0],0.045970165519975126,0.397773514166894,tvm
1500,1500,3,256,64,64,512,2,4,0,[1500; 1500; 3; 256; 64; 64; 512; 2; 4; 0],0.03896521695423871,0.46928300969526954,tvm
300,50,2,320,320,160,128,1,10,1,[300; 50; 2; 320; 320; 160; 128; 1; 10; 1],0.04309069749433547,0.4243541030663997,tvm
1500,300,10,64,32,32,10,5,2,0,[1500; 300; 10; 64; 32; 32; 10; 5; 2; 0],0.05730937549378723,0.31907020671856035,tvm
300,300,5,256,256,16,640,20,1,1,[300; 300; 5; 256; 256; 16; 640; 20; 1; 1],0.045358525996562093,0.4031373128637433,tvm
1500,150,6,128,64,32,320,8,2,1,[1500; 150; 6; 128; 64; 32; 320; 8; 2; 1],0.03974853700492531,0.4600349009939277,tvm
1500,300,6,80,80,16,320,10,1,0,[1500; 300; 6; 80; 80; 16; 320; 10; 1; 0],0.03345064102904871,0.5466476492882416,tvm
750,150,5,160,80,16,160,8,1,0,[750; 150; 5; 160; 80; 16; 160; 8; 1; 0],0.03627814428182319,0.5040421622358497,tvm
60,15,5,80,80,80,160,10,5,0,[60; 15; 5; 80; 80; 80; 160; 10; 5; 0],0.03981955273775384,0.4592144569312849,tvm
375,125,5,320,32,32,40,8,2,0,[375; 125; 5; 320; 32; 32; 40; 8; 2; 0],0.035080639529041946,0.5212480311419702,tvm
750,25,5,256,64,32,512,4,2,0,[750; 25; 5; 256; 64; 32; 512; 4; 2; 0],0.06093634990975261,0.3000789235455623,tvm
750,25,5,256,256,32,80,8,2,1,[750; 25; 5; 256; 256; 32; 80; 8; 2; 1],0.05393339751753956,0.33904250663547814,tvm
60,30,6,256,32,32,40,5,2,1,[60; 30; 6; 256; 32; 32; 40; 5; 2; 1],0.037779275502543896,0.48401442437621667,tvm
1500,25,5,64,64,32,160,2,2,1,[1500; 25; 5; 64; 64; 32; 160; 2; 2; 1],0.03817891300423071,0.47894800681433747,tvm
1500,500,10,160,32,32,256,16,2,1,[1500; 500; 10; 160; 32; 32; 256; 16; 2; 1],0.02468926814617589,0.7406341159021578,tvm
300,100,5,32,32,32,40,4,2,0,[300; 100; 5; 32; 32; 32; 40; 4; 2; 0],0.05196092196274549,0.35191281438048055,tvm
375,75,5,320,64,32,64,4,2,1,[375; 75; 5; 320; 64; 32; 64; 4; 2; 1],0.02882142149610445,0.6344487307187751,tvm
25,25,5,256,64,32,80,4,2,0,[25; 25; 5; 256; 64; 32; 80; 4; 2; 0],0.03803217603126541,0.48079589952155266,tvm
60,30,5,128,64,32,80,5,2,0,[60; 30; 5; 128; 64; 32; 80; 5; 2; 0],0.03800608351593837,0.4811259828455074,tvm
300,150,3,128,32,32,256,16,2,1,[300; 150; 3; 128; 32; 32; 256; 16; 2; 1],0.03770632127998397,0.4849508958971577,tvm
300,100,5,256,32,32,640,20,2,1,[300; 100; 5; 256; 32; 32; 640; 20; 2; 1],0.03761034726630896,0.48618839268454395,tvm
100,50,10,256,128,32,128,2,2,0,[100; 50; 10; 256; 128; 32; 128; 2; 2; 0],0.03400636248989031,0.537714502430256,tvm
500,25,5,160,160,32,128,32,2,0,[500; 25; 5; 160; 160; 32; 128; 32; 2; 0],0.03744771599303931,0.48829985489938,tvm
750,150,3,160,160,32,320,64,2,1,[750; 150; 3; 160; 160; 32; 320; 64; 2; 1],0.030020925507415086,0.6090989527020999,tvm
25,25,5,160,160,32,640,4,2,0,[25; 25; 5; 160; 160; 32; 640; 4; 2; 0],0.03943977004382759,0.46363643260075343,tvm
100,50,5,320,64,32,320,8,2,1,[100; 50; 5; 320; 64; 32; 320; 8; 2; 1],0.03111181501299143,0.5877418041370676,tvm
300,50,5,256,64,64,320,8,4,0,[300; 50; 5; 256; 64; 64; 320; 8; 4; 0],0.03665050427662209,0.4989212194108342,tvm
100,100,5,128,128,32,20,4,2,0,[100; 100; 5; 128; 128; 32; 20; 4; 2; 0],0.028674896981101483,0.6376906706156851,tvm
750,75,5,32,32,32,320,2,2,1,[750; 75; 5; 32; 32; 32; 320; 2; 2; 1],0.030643245729152113,0.5967290295335254,tvm
300,150,6,128,32,32,512,1,2,0,[300; 150; 6; 128; 32; 32; 512; 1; 2; 0],0.039057543501257896,0.4681736905733811,tvm
30,30,5,320,320,64,40,4,4,1,[30; 30; 5; 320; 320; 64; 40; 4; 4; 1],0.029290686012245715,0.6242842614908193,tvm
300,300,5,128,32,32,160,40,2,1,[300; 300; 5; 128; 32; 32; 160; 40; 2; 1],0.03217392001533881,0.5683396451845667,tvm
1500,300,4,160,80,80,160,2,5,1,[1500; 300; 4; 160; 80; 80; 160; 2; 5; 1],0.023090400121873245,0.7919184678134902,tvm
750,150,10,160,32,32,512,4,2,1,[750; 150; 10; 160; 32; 32; 512; 4; 2; 1],0.0267247362062335,0.6842243135574589,tvm
125,125,5,160,160,32,256,8,2,1,[125; 125; 5; 160; 160; 32; 256; 8; 2; 1],0.025925832509528846,0.7053086638198989,tvm
100,100,5,80,80,80,640,8,5,1,[100; 100; 5; 80; 80; 80; 640; 8; 5; 1],0.024563712358940393,0.74441981808417,tvm
1500,125,5,160,80,80,1280,40,5,1,[1500; 125; 5; 160; 80; 80; 1280; 40; 5; 1],0.05443256802391261,0.3359333382485508,tvm
1500,15,3,64,64,64,160,20,4,0,[1500; 15; 3; 64; 64; 64; 160; 20; 4; 0],0.058120751986280084,0.31461592737187555,tvm
15,15,3,64,64,64,20,2,4,0,[15; 15; 3; 64; 64; 64; 20; 2; 4; 0],0.044183661753777415,0.4138569226700858,tvm
100,10,5,160,160,80,20,4,5,0,[100; 10; 5; 160; 160; 80; 20; 4; 5; 0],0.039814218471292406,0.4592759819936939,tvm
50,25,5,320,160,16,80,16,1,0,[50; 25; 5; 320; 160; 16; 80; 16; 1; 0],0.049158969486597925,0.37197106604725455,tvm
150,25,5,160,80,16,640,2,1,0,[150; 25; 5; 160; 80; 16; 640; 2; 1; 0],0.04664633725769818,0.39200750499861686,tvm
150,150,6,128,32,16,40,5,1,0,[150; 150; 6; 128; 32; 16; 40; 5; 1; 0],0.041207898466382176,0.44374294652836904,tvm
250,250,5,256,16,16,160,16,1,0,[250; 250; 5; 256; 16; 16; 160; 16; 1; 0],0.04860381904290989,0.376219701368955,tvm
1500,1500,6,160,32,32,1024,4,2,0,[1500; 1500; 6; 160; 32; 32; 1024; 4; 2; 0],0.04529987653950229,0.40365925213435894,tvm
1500,750,6,160,80,16,320,64,1,0,[1500; 750; 6; 160; 80; 16; 320; 64; 1; 0],0.033762792008928955,0.5415936656209718,tvm
500,100,2,256,128,32,640,8,2,0,[500; 100; 2; 256; 128; 32; 640; 8; 2; 0],0.04553307901369408,0.40159186863279894,tvm
60,60,6,64,16,16,640,8,1,1,[60; 60; 6; 64; 16; 16; 640; 8; 1; 1],0.040668956469744444,0.4496233951642672,tvm
50,50,10,320,160,16,128,2,1,1,[50; 50; 10; 320; 160; 16; 128; 2; 1; 1],0.04257909377338365,0.4294528761705294,tvm
500,500,5,320,160,16,40,4,1,0,[500; 500; 5; 320; 160; 16; 40; 4; 1; 0],0.051282787579111755,0.3565663090662866,tvm
1500,1500,4,160,160,32,2560,1,2,1,[1500; 1500; 4; 160; 160; 32; 2560; 1; 2; 1],0.06672793300822377,0.27403387848774957,tvm
15,15,3,256,128,32,64,2,2,1,[15; 15; 3; 256; 128; 32; 64; 2; 2; 1],0.040211817249655724,0.45473484006423115,tvm
100,100,10,128,128,16,640,2,1,1,[100; 100; 10; 128; 128; 16; 640; 2; 1; 1],0.04282220720779151,0.42701475421349133,tvm
1500,150,3,128,128,32,512,64,2,1,[1500; 150; 3; 128; 128; 32; 512; 64; 2; 1],0.046476189454551786,0.39344263159946774,tvm
1500,150,6,256,64,64,128,2,4,1,[1500; 150; 6; 256; 64; 64; 128; 2; 4; 1],0.03590155625715852,0.5093292935474976,tvm
1500,250,2,128,128,128,20,5,8,0,[1500; 250; 2; 128; 128; 128; 20; 5; 8; 0],0.04382940923096612,0.4172019337371119,tvm
375,375,5,128,32,16,512,16,1,1,[375; 375; 5; 128; 32; 16; 512; 16; 1; 1],0.035128839255776256,0.5205328349329833,tvm
1500,1500,5,256,128,32,320,1,2,1,[1500; 1500; 5; 256; 128; 32; 320; 1; 2; 1],0.03948309848783538,0.4631276415995583,tvm
300,15,5,320,320,32,320,4,2,0,[300; 15; 5; 320; 320; 32; 320; 4; 2; 0],0.047754415252711624,0.3829114897323756,tvm
150,50,2,320,160,80,16,4,5,1,[150; 50; 2; 320; 160; 80; 16; 4; 5; 1],0.03134712827159092,0.5833298070332699,tvm
750,750,2,256,128,32,640,20,2,1,[750; 750; 2; 256; 128; 32; 640; 20; 2; 1],0.06212538247928023,0.2943356411819735,tvm
1500,150,5,320,160,80,320,10,5,1,[1500; 150; 5; 320; 160; 80; 320; 10; 5; 1],0.04225454176776111,0.43275145157687434,tvm
300,300,2,128,128,64,256,4,4,0,[300; 300; 2; 128; 128; 64; 256; 4; 4; 0],0.03656191221671179,0.5001301402763124,tvm
750,150,10,128,128,16,640,20,1,1,[750; 150; 10; 128; 128; 16; 640; 20; 1; 1],0.04471006797393784,0.4089842649394606,tvm
750,30,5,128,32,32,40,4,2,1,[750; 30; 5; 128; 32; 32; 40; 4; 2; 1],0.04433332273038104,0.41245981937607684,tvm
60,15,3,320,320,32,128,64,2,1,[60; 15; 3; 320; 320; 32; 128; 64; 2; 1],0.037711660261265934,0.48488223957871585,tvm
60,20,5,128,128,32,64,4,2,1,[60; 20; 5; 128; 128; 32; 64; 4; 2; 1],0.03724015527404845,0.49102142972150964,tvm
250,250,2,320,80,80,320,2,5,0,[250; 250; 2; 320; 80; 80; 320; 2; 5; 0],0.03494471829617396,0.5232754813111874,tvm
750,25,5,256,128,32,320,1,2,1,[750; 25; 5; 256; 128; 32; 320; 1; 2; 1],0.05422531650401652,0.33721729008921225,tvm
300,300,2,256,128,128,160,1,8,1,[300; 300; 2; 256; 128; 128; 160; 1; 8; 1],0.044067311042454094,0.4149496271305952,tvm
500,500,2,256,64,64,256,4,4,1,[500; 500; 2; 256; 64; 64; 256; 4; 4; 1],0.03396373498253524,0.5383893819427436,tvm
300,300,2,128,128,64,160,2,4,1,[300; 300; 2; 128; 128; 64; 160; 2; 4; 1],0.03564483724767342,0.5129975530161192,tvm
750,750,10,320,160,32,10,1,2,1,[750; 750; 10; 320; 160; 32; 10; 1; 2; 1],0.04160806897561997,0.4394751964199229,tvm
1500,60,5,80,80,80,512,64,5,0,[1500; 60; 5; 80; 80; 80; 512; 64; 5; 0],0.06191632349509746,0.29532945842887703,tvm
20,20,4,256,256,32,256,16,2,0,[20; 20; 4; 256; 256; 32; 256; 16; 2; 0],0.03658806474413723,0.4997726557440932,tvm
1500,375,3,80,80,80,40,20,5,0,[1500; 375; 3; 80; 80; 80; 40; 20; 5; 0],0.03995429299538955,0.4576658204870333,tvm
1500,75,3,32,32,32,512,8,2,1,[1500; 75; 3; 32; 32; 32; 512; 8; 2; 1],0.0347925930400379,0.5255634227857587,tvm
30,30,5,64,32,32,80,16,2,0,[30; 30; 5; 64; 32; 32; 80; 16; 2; 0],0.034992915228940547,0.5225547561865114,tvm
300,30,6,320,320,32,80,10,2,0,[300; 30; 6; 320; 320; 32; 80; 10; 2; 0],0.03818855673307553,0.47882705841765494,tvm
300,100,4,256,256,32,640,40,2,0,[300; 100; 4; 256; 256; 32; 640; 40; 2; 0],0.035475627752020955,0.5154444176022396,tvm
1500,30,6,160,32,32,256,32,2,1,[1500; 30; 6; 160; 32; 32; 256; 32; 2; 1],0.03179228730732575,0.5751619601619791,tvm
1500,60,5,160,32,32,128,64,2,1,[1500; 60; 5; 160; 32; 32; 128; 64; 2; 1],0.036721316748298705,0.49795911217049327,tvm
50,50,5,128,32,32,16,16,2,1,[50; 50; 5; 128; 32; 32; 16; 16; 2; 1],0.03392263228306547,0.5390417268663054,tvm
250,50,5,128,64,32,40,10,2,0,[250; 50; 5; 128; 64; 32; 40; 10; 2; 0],0.039330461469944566,0.4649249869515975,tvm
250,250,5,160,32,32,32,8,2,1,[250; 250; 5; 160; 32; 32; 32; 8; 2; 1],0.02934887504670769,0.6230465139332674,tvm
150,75,3,128,128,32,512,8,2,1,[150; 75; 3; 128; 128; 32; 512; 8; 2; 1],0.03613557503558695,0.5060308094642522,tvm
30,30,10,320,160,32,640,8,2,1,[30; 30; 10; 320; 160; 32; 640; 8; 2; 1],0.04124536277959123,0.4433398824355185,tvm
300,300,3,256,256,32,512,64,2,1,[300; 300; 3; 256; 256; 32; 512; 64; 2; 1],0.03775120299542323,0.4843743466382027,tvm
150,75,5,64,64,32,640,64,2,0,[150; 75; 5; 64; 64; 32; 640; 64; 2; 0],0.03469116979977116,0.5270999620726226,tvm
300,75,3,64,64,64,20,2,4,0,[300; 75; 3; 64; 64; 64; 20; 2; 4; 0],0.03223897726275027,0.5671927535630005,tvm
300,60,6,320,160,32,20,4,2,1,[300; 60; 6; 320; 160; 32; 20; 4; 2; 1],0.03440769301960245,0.5314426130021769,tvm
100,50,10,128,128,32,320,4,2,0,[100; 50; 10; 128; 128; 32; 320; 4; 2; 0],0.0343922057072632,0.5316819293696122,tvm
500,100,10,320,320,32,80,8,2,1,[500; 100; 10; 320; 320; 32; 80; 8; 2; 1],0.03428661997895688,0.5333192451439362,tvm
150,150,10,320,64,32,160,1,2,0,[150; 150; 10; 320; 64; 32; 160; 1; 2; 0],0.029942563036456704,0.610693021283797,tvm
250,125,5,320,32,32,320,1,2,1,[250; 125; 5; 320; 32; 32; 320; 1; 2; 1],0.03184804099146277,0.5741550725401284,tvm
500,250,5,320,320,32,512,32,2,1,[500; 250; 5; 320; 320; 32; 512; 32; 2; 1],0.03907220350811258,0.46799803041355514,tvm
750,75,3,320,320,64,256,32,4,1,[750; 75; 3; 320; 320; 64; 256; 32; 4; 1],0.024474047764670104,0.7471471193298445,tvm
750,375,3,128,32,32,512,8,2,1,[750; 375; 3; 128; 32; 32; 512; 8; 2; 1],0.03608291252749041,0.5067693543802206,tvm
300,300,4,320,320,80,32,8,5,1,[300; 300; 4; 320; 320; 80; 32; 8; 5; 1],0.03029392327880487,0.6036099754206442,tvm
60,60,5,256,128,64,320,2,4,1,[60; 60; 5; 256; 128; 64; 320; 2; 4; 1],0.027126419765409082,0.674092432538103,tvm
1500,150,6,128,128,16,128,4,1,1,[1500; 150; 6; 128; 128; 16; 128; 4; 1; 1],0.05225601594429463,0.3499255340324264,tvm
300,50,10,128,128,16,80,4,1,1,[300; 50; 10; 128; 128; 16; 80; 4; 1; 1],0.047187749994918704,0.38750977293224065,tvm
375,125,5,64,32,16,128,16,1,0,[375; 125; 5; 64; 32; 16; 128; 16; 1; 0],0.045542826992459595,0.40150591197910934,tvm
1500,750,2,64,64,32,16,1,2,0,[1500; 750; 2; 64; 64; 32; 16; 1; 2; 0],0.05667306750547141,0.3226526300865737,tvm
300,20,2,64,64,64,160,2,4,1,[300; 20; 2; 64; 64; 64; 160; 2; 4; 1],0.05538307141978294,0.3301679342973852,tvm
150,15,5,256,64,32,512,4,2,1,[150; 15; 5; 256; 64; 32; 512; 4; 2; 1],0.051451161969453096,0.35539944261260104,tvm
100,20,10,128,32,32,128,16,2,0,[100; 20; 10; 128; 32; 32; 128; 16; 2; 0],0.04184764245292172,0.43695924582335977,tvm
300,20,5,64,64,64,80,1,4,0,[300; 20; 5; 64; 64; 64; 80; 1; 4; 0],0.04595136799616739,0.39793623308971826,tvm
500,20,4,160,80,80,64,16,5,1,[500; 20; 4; 160; 80; 80; 64; 16; 5; 1],0.04018800175981596,0.45500431683563325,tvm
750,250,5,256,256,16,512,8,1,0,[750; 250; 5; 256; 256; 16; 512; 8; 1; 0],0.056078084046021104,0.32607594565299186,tvm
300,300,4,16,16,16,512,64,1,0,[300; 300; 4; 16; 16; 16; 512; 64; 1; 0],0.044517958944197744,0.41074916099893566,tvm
30,15,5,256,64,32,256,64,2,1,[30; 15; 5; 256; 64; 32; 256; 64; 2; 1],0.0443451072787866,0.41235020970310376,tvm
500,100,4,320,80,80,5,5,5,0,[500; 100; 4; 320; 80; 80; 5; 5; 5; 0],0.058041350450366735,0.3150463272103061,tvm
300,300,2,320,64,32,80,5,2,1,[300; 300; 2; 320; 64; 32; 80; 5; 2; 1],0.05179000296629965,0.3530742081172116,tvm
1500,750,3,128,64,64,160,1,4,0,[1500; 750; 3; 128; 64; 64; 160; 1; 4; 0],0.051354203023947775,0.35607045205603116,tvm
100,50,2,64,64,32,640,10,2,0,[100; 50; 2; 64; 64; 32; 640; 10; 2; 0],0.04693508701166138,0.38959583224318006,tvm
1500,1500,2,160,80,80,10,10,5,0,[1500; 1500; 2; 160; 80; 80; 10; 10; 5; 0],0.0506571150617674,0.3609703052259903,tvm
75,15,3,80,80,80,640,20,5,0,[75; 15; 3; 80; 80; 80; 640; 20; 5; 0],0.03937431948725134,0.4644071192553526,tvm
60,60,2,128,32,32,640,10,2,1,[60; 60; 2; 128; 32; 32; 640; 10; 2; 1],0.04669583146460354,0.3915920053715128,tvm
300,30,2,160,160,32,80,40,2,1,[300; 30; 2; 160; 160; 32; 80; 40; 2; 1],0.04445208777906373,0.41135782815417243,tvm
500,500,5,80,16,16,256,64,1,0,[500; 500; 5; 80; 16; 16; 256; 64; 1; 0],0.04581187997246161,0.3991478694326925,tvm
15,15,3,160,160,32,32,4,2,1,[15; 15; 3; 160; 160; 32; 32; 4; 2; 1],0.039906917489133775,0.4582091385708578,tvm
1500,125,5,256,64,64,256,1,4,1,[1500; 125; 5; 256; 64; 64; 256; 1; 4; 1],0.037508896028157324,0.4875033984467977,tvm
750,30,2,320,80,80,80,5,5,1,[750; 30; 2; 320; 80; 80; 80; 5; 5; 1],0.039100342721212655,0.4676612278335338,tvm
20,20,2,128,128,64,80,5,4,1,[20; 20; 2; 128; 128; 64; 80; 5; 4; 1],0.04199589096242562,0.43541674832127747,tvm
60,15,3,256,256,32,320,16,2,1,[60; 15; 3; 256; 256; 32; 320; 16; 2; 1],0.041634465975221246,0.43919656124800616,tvm
60,30,2,256,256,32,128,1,2,0,[60; 30; 2; 256; 256; 32; 128; 1; 2; 0],0.045582789985928684,0.4011539068003308,tvm
750,250,2,320,160,160,320,32,10,1,[750; 250; 2; 320; 160; 160; 320; 32; 10; 1],0.0292977862409316,0.6241329681137316,tvm
50,50,2,256,64,64,32,16,4,0,[50; 50; 2; 256; 64; 64; 32; 16; 4; 0],0.040605520305689424,0.4503258214167543,tvm
1500,1500,4,160,32,32,64,8,2,0,[1500; 1500; 4; 160; 32; 32; 64; 8; 2; 0],0.04073105420684442,0.44893790847774245,tvm
60,20,4,80,80,80,80,4,5,1,[60; 20; 4; 80; 80; 80; 80; 4; 5; 1],0.03988877747906372,0.45841751593695357,tvm
250,250,2,320,80,80,128,1,5,1,[250; 250; 2; 320; 80; 80; 128; 1; 5; 1],0.036801815731450915,0.4968698941146883,tvm
150,50,5,160,80,80,8,4,5,1,[150; 50; 5; 160; 80; 80; 8; 4; 5; 1],0.04009726521326229,0.4560339511550088,tvm
500,500,2,256,64,64,512,4,4,1,[500; 500; 2; 256; 64; 64; 512; 4; 4; 1],0.033523566205985844,0.5454585044251425,tvm
30,30,2,128,128,64,80,5,4,1,[30; 30; 2; 128; 128; 64; 80; 5; 4; 1],0.0388988372287713,0.47008382739495785,tvm
100,25,5,320,32,32,160,4,2,1,[100; 25; 5; 320; 32; 32; 160; 4; 2; 1],0.03472914348822087,0.5265236181801108,tvm
300,25,5,320,160,32,160,2,2,1,[300; 25; 5; 320; 160; 32; 160; 2; 2; 1],0.041541218233760446,0.440182427554653,tvm
300,100,10,256,128,32,20,20,2,1,[300; 100; 10; 256; 128; 32; 20; 20; 2; 1],0.048847898724488914,0.37433983371217383,tvm
750,30,3,320,64,64,640,8,4,0,[750; 30; 3; 320; 64; 64; 640; 8; 4; 0],0.03023883979767561,0.6047095195471047,tvm
1500,100,4,160,160,32,160,10,2,0,[1500; 100; 4; 160; 160; 32; 160; 10; 2; 0],0.030352281988598406,0.6024494070193197,tvm
300,30,5,320,80,80,640,64,5,0,[300; 30; 5; 320; 80; 80; 640; 64; 5; 0],0.0754981505451724,0.2422008241748054,tvm
25,25,5,256,128,32,320,2,2,1,[25; 25; 5; 256; 128; 32; 320; 2; 2; 1],0.03702888224506751,0.49382301536120676,tvm
750,50,5,320,160,32,512,64,2,0,[750; 50; 5; 320; 160; 32; 512; 64; 2; 0],0.03151149925542995,0.5802870291093292,tvm
100,25,5,128,128,32,32,8,2,1,[100; 25; 5; 128; 128; 32; 32; 8; 2; 1],0.032685438462067395,0.5594452804093635,tvm
60,60,5,256,128,64,10,1,4,0,[60; 60; 5; 256; 128; 64; 10; 1; 4; 0],0.03252693125978112,0.5621715168785134,tvm
150,30,3,320,64,64,128,8,4,1,[150; 30; 3; 320; 64; 64; 128; 8; 4; 1],0.0379472384811379,0.4818720681032799,tvm
50,50,10,160,32,32,512,16,2,1,[50; 50; 10; 160; 32; 32; 512; 16; 2; 1],0.03367455775151029,0.5430127522578727,tvm
500,50,5,64,32,32,640,5,2,1,[500; 50; 5; 64; 32; 32; 640; 5; 2; 1],0.03481017373269424,0.5252979897810757,tvm
75,25,5,256,256,64,160,16,4,1,[75; 25; 5; 256; 256; 64; 160; 16; 4; 1],0.03126880573108792,0.5847909396659289,tvm
100,100,5,320,160,32,40,2,2,0,[100; 100; 5; 320; 160; 32; 40; 2; 2; 0],0.0316362387384288,0.5779989978234195,tvm
150,50,5,320,64,64,20,5,4,0,[150; 50; 5; 320; 64; 64; 20; 5; 4; 0],0.032587356748990715,0.5611291037368542,tvm
750,750,3,320,320,80,40,20,5,0,[750; 750; 3; 320; 320; 80; 40; 20; 5; 0],0.037446465517859906,0.4883161610270803,tvm
250,125,5,128,128,32,640,5,2,0,[250; 125; 5; 128; 128; 32; 640; 5; 2; 0],0.030030260735657066,0.6089096077678192,tvm
250,25,5,320,320,80,80,2,5,1,[250; 25; 5; 320; 320; 80; 80; 2; 5; 1],0.029445217514876276,0.6210079540582779,tvm
60,30,5,320,320,80,640,4,5,1,[60; 30; 5; 320; 320; 80; 640; 4; 5; 1],0.03839662222890183,0.4762323669176894,tvm
125,125,5,64,32,32,320,20,2,1,[125; 125; 5; 64; 32; 32; 320; 20; 2; 1],0.028065764461643994,0.651530953689304,tvm
375,75,3,320,320,80,32,2,5,0,[375; 75; 3; 320; 320; 80; 32; 2; 5; 0],0.028335397480987012,0.6453311374221575,tvm
125,125,5,256,256,64,64,16,4,0,[125; 125; 5; 256; 256; 64; 64; 16; 4; 0],0.026463440735824406,0.690980226957424,tvm
375,375,3,128,64,64,160,8,4,1,[375; 375; 3; 128; 64; 64; 160; 8; 4; 1],0.02660366421332583,0.6873381854126296,tvm
300,150,6,64,64,64,512,16,4,1,[300; 150; 6; 64; 64; 64; 512; 16; 4; 1],0.025451972789596766,0.7184399589327074,tvm
750,50,5,320,160,80,640,2,5,1,[750; 50; 5; 320; 160; 80; 640; 2; 5; 1],0.02573106699855998,0.7106473387495992,tvm
60,60,5,320,64,64,640,5,4,1,[60; 60; 5; 320; 64; 64; 640; 5; 4; 1],0.02682098775403574,0.6817688615126728,tvm
750,250,5,320,80,80,512,32,5,1,[750; 250; 5; 320; 80; 80; 512; 32; 5; 1],0.03783007524907589,0.4833644703405915,tvm
125,125,5,256,256,64,320,1,4,1,[125; 125; 5; 256; 256; 64; 320; 1; 4; 1],0.026334300520829856,0.6943687101637914,tvm
150,75,5,64,64,16,128,32,1,0,[150; 75; 5; 64; 64; 16; 128; 32; 1; 0],0.04131623497232795,0.44257939519323014,tvm
300,20,5,256,64,64,80,1,4,1,[300; 20; 5; 256; 64; 64; 80; 1; 4; 1],0.048354033031500876,0.37816316735776345,tvm
1500,750,5,80,80,16,40,4,1,1,[1500; 750; 5; 80; 80; 16; 40; 4; 1; 1],0.03724380902713165,0.4909732587339113,tvm
500,250,2,320,64,32,128,64,2,1,[500; 250; 2; 320; 64; 32; 128; 64; 2; 1],0.05476034595631063,0.3339225486322375,tvm
300,50,10,160,160,16,320,8,1,1,[300; 50; 10; 160; 160; 16; 320; 8; 1; 1],0.04030881426297128,0.45364059003124824,tvm
60,30,2,64,64,32,10,5,2,1,[60; 30; 2; 64; 64; 32; 10; 5; 2; 1],0.0418103410047479,0.4373490826979335,tvm
150,150,6,128,32,16,160,32,1,0,[150; 150; 6; 128; 32; 16; 160; 32; 1; 0],0.03949177701724693,0.4630258668210476,tvm
150,150,10,128,32,16,80,4,1,0,[150; 150; 10; 128; 32; 16; 80; 4; 1; 0],0.04229334648698568,0.4323543962486176,tvm
1500,60,2,64,32,32,80,2,2,0,[1500; 60; 2; 64; 32; 32; 80; 2; 2; 0],0.06099820195231587,0.2997746441773608,tvm
500,20,4,128,128,32,512,4,2,0,[500; 20; 4; 128; 128; 32; 512; 4; 2; 0],0.04404145700391382,0.41519321860966807,tvm
300,20,2,160,80,80,512,1,5,0,[300; 20; 2; 160; 80; 80; 512; 1; 5; 0],0.046048984746448696,0.39709266960819334,tvm
750,150,6,256,128,64,8,1,4,1,[750; 150; 6; 256; 128; 64; 8; 1; 4; 1],0.04982730949996039,0.36698177102516083,tvm
1500,1500,10,64,32,32,20,20,2,0,[1500; 1500; 10; 64; 32; 32; 20; 20; 2; 0],0.05524177150800824,0.33101245283315106,tvm
300,100,2,160,160,32,80,5,2,0,[300; 100; 2; 160; 160; 32; 80; 5; 2; 0],0.04110172647051513,0.4448892018886795,tvm
60,20,4,256,64,64,32,32,4,1,[60; 20; 4; 256; 64; 64; 32; 32; 4; 1],0.042538225767202675,0.4298654670221983,tvm
500,250,5,64,64,32,10,5,2,0,[500; 250; 5; 64; 64; 32; 10; 5; 2; 0],0.049763073795475066,0.3674554823696803,tvm
30,30,2,320,320,32,20,5,2,0,[30; 30; 2; 320; 320; 32; 20; 5; 2; 0],0.04140380205353722,0.4416433607249385,tvm
750,25,5,256,128,64,16,16,4,1,[750; 25; 5; 256; 128; 64; 16; 16; 4; 1],0.06340113456826657,0.2884130451328961,tvm
1500,750,5,64,64,16,256,8,1,1,[1500; 750; 5; 64; 64; 16; 256; 8; 1; 1],0.0403909474844113,0.4527181317737489,tvm
300,60,3,64,32,32,20,5,2,1,[300; 60; 3; 64; 32; 32; 20; 5; 2; 1],0.03762865101452917,0.48595189550254697,tvm
750,750,6,80,16,16,640,32,1,0,[750; 750; 6; 80; 16; 16; 640; 32; 1; 0],0.03559455927461386,0.5137221715442256,tvm
1500,250,10,64,64,32,128,16,2,0,[1500; 250; 10; 64; 64; 32; 128; 16; 2; 0],0.03152933198725805,0.5799588235203998,tvm
750,150,10,32,16,16,640,5,1,0,[750; 150; 10; 32; 16; 16; 640; 5; 1; 0],0.0383933917619288,0.476272437691909,tvm
150,150,6,64,16,16,320,5,1,1,[150; 150; 6; 64; 16; 16; 320; 5; 1; 1],0.0382735810126178,0.47776335012096116,tvm
300,300,2,160,160,160,640,32,10,0,[300; 300; 2; 160; 160; 160; 640; 32; 10; 0],0.030996638000942767,0.5899257295309938,tvm
1500,375,3,256,128,64,160,8,4,1,[1500; 375; 3; 256; 128; 64; 160; 8; 4; 1],0.03835330402944237,0.4767702483122977,tvm
20,20,2,320,320,160,256,64,10,1,[20; 20; 2; 320; 320; 160; 256; 64; 10; 1],0.03859746298985556,0.47375430583404565,tvm
150,150,6,64,32,16,640,40,1,1,[150; 150; 6; 64; 32; 16; 640; 40; 1; 1],0.036237147462088615,0.5046124092644114,tvm
100,20,4,160,80,80,320,20,5,1,[100; 20; 4; 160; 80; 80; 320; 20; 5; 1],0.035939229012001306,0.5087953967962996,tvm
300,30,10,256,256,32,320,8,2,1,[300; 30; 10; 256; 256; 32; 320; 8; 2; 1],0.03806613205233589,0.4803670165535561,tvm
60,20,2,320,320,64,256,8,4,1,[60; 20; 2; 320; 320; 64; 256; 8; 4; 1],0.04079917020862922,0.4481883869747618,tvm
1500,30,10,160,160,32,5,5,2,1,[1500; 30; 10; 160; 160; 32; 5; 5; 2; 1],0.04207533673616126,0.43459460349366136,tvm
750,750,6,160,80,16,640,8,1,0,[750; 750; 6; 160; 80; 16; 640; 8; 1; 0],0.03171896329149604,0.5764915491615941,tvm
300,30,6,320,32,32,512,8,2,0,[300; 30; 6; 320; 32; 32; 512; 8; 2; 0],0.04185001348378137,0.4369344897057385,tvm
300,300,10,160,80,16,256,8,1,0,[300; 300; 10; 160; 80; 16; 256; 8; 1; 0],0.03549331723479554,0.5151875257178853,tvm
750,30,5,320,32,32,320,8,2,0,[750; 30; 5; 320; 32; 32; 320; 8; 2; 0],0.03254458325682208,0.5618665982420036,tvm
750,30,3,320,160,32,80,2,2,1,[750; 30; 3; 320; 160; 32; 80; 2; 2; 1],0.034680914715863764,0.5272558245803715,tvm
300,60,10,320,32,32,64,64,2,0,[300; 60; 10; 320; 32; 32; 64; 64; 2; 0],0.047577462741173804,0.38433563355806544,tvm
60,20,4,320,80,80,128,8,5,1,[60; 20; 4; 320; 80; 80; 128; 8; 5; 1],0.038066302018705755,0.4803648717106458,tvm
500,500,2,256,256,128,32,4,8,0,[500; 500; 2; 256; 256; 128; 32; 4; 8; 0],0.04213552048895508,0.43397385563345525,tvm
500,25,5,160,32,32,160,4,2,1,[500; 25; 5; 160; 32; 32; 160; 4; 2; 1],0.03838376549538225,0.47639188208134886,tvm
1500,1500,4,80,80,80,40,2,5,0,[1500; 1500; 4; 80; 80; 80; 40; 2; 5; 0],0.034133504726924,0.5357115957474706,tvm
300,60,5,320,32,32,64,16,2,0,[300; 60; 5; 320; 32; 32; 64; 16; 2; 0],0.044421753264032304,0.41163873422618785,tvm
125,25,5,64,32,32,20,4,2,1,[125; 25; 5; 64; 32; 32; 20; 4; 2; 1],0.034554355253931135,0.5291869621452127,tvm
750,75,3,128,64,32,640,10,2,0,[750; 75; 3; 128; 64; 32; 640; 10; 2; 0],0.04000420751981437,0.4570947762596532,tvm
75,75,5,128,32,32,16,1,2,0,[75; 75; 5; 128; 32; 32; 16; 1; 2; 0],0.03957776498282328,0.46201988145743633,tvm
125,25,5,320,64,32,20,2,2,1,[125; 25; 5; 320; 64; 32; 20; 2; 2; 1],0.033400166779756546,0.5474737418615839,tvm
500,100,2,320,160,160,160,2,10,1,[500; 100; 2; 320; 160; 160; 160; 2; 10; 1],0.04336929525015876,0.4216281168564147,tvm
1500,60,3,160,80,80,80,16,5,1,[1500; 60; 3; 160; 80; 80; 80; 16; 5; 1],0.03030697553185746,0.6033500197501755,tvm
750,150,6,320,320,32,160,40,2,0,[750; 150; 6; 320; 320; 32; 160; 40; 2; 0],0.028734873980283737,0.6363596478015153,tvm
75,75,3,320,64,64,64,64,4,0,[75; 75; 3; 320; 64; 64; 64; 64; 4; 0],0.0334800670389086,0.5461671944821282,tvm
300,75,5,320,32,32,512,32,2,0,[300; 75; 5; 320; 32; 32; 512; 32; 2; 0],0.03678757173474878,0.4970622800972204,tvm
300,300,3,128,128,32,160,10,2,0,[300; 300; 3; 128; 128; 32; 160; 10; 2; 0],0.03585817903513089,0.50994542326869,tvm
300,60,5,128,128,32,128,32,2,0,[300; 60; 5; 128; 128; 32; 128; 32; 2; 0],0.032263387518469244,0.5667636194508897,tvm
100,50,5,320,160,32,40,40,2,1,[100; 50; 5; 320; 160; 32; 40; 40; 2; 1],0.04087072372203693,0.4474037310930925,tvm
150,75,5,320,32,32,512,4,2,1,[150; 75; 5; 320; 32; 32; 512; 4; 2; 1],0.03161670354893431,0.5783561292976932,tvm
500,50,5,128,128,32,160,4,2,1,[500; 50; 5; 128; 128; 32; 160; 4; 2; 1],0.03182141046272591,0.5746355683112572,tvm
100,50,5,128,32,32,640,40,2,1,[100; 50; 5; 128; 32; 32; 640; 40; 2; 1],0.03365118725923821,0.543389870462723,tvm
750,75,5,64,64,32,640,4,2,0,[750; 75; 5; 64; 64; 32; 640; 4; 2; 0],0.02711878705304116,0.674282159078486,tvm
125,125,5,64,32,32,160,16,2,0,[125; 125; 5; 64; 32; 32; 160; 16; 2; 0],0.03069403098197654,0.5957417028884742,tvm
750,150,10,64,64,32,160,4,2,1,[750; 150; 10; 64; 64; 32; 160; 4; 2; 1],0.026036527240648866,0.7023100322367947,tvm
150,50,5,160,160,80,40,10,5,1,[150; 50; 5; 160; 160; 80; 40; 10; 5; 1],0.02667881199158728,0.685402119535172,tvm
500,250,5,64,32,32,512,4,2,1,[500; 250; 5; 64; 32; 32; 512; 4; 2; 1],0.028749827237334102,0.6360286667033855,tvm
375,125,5,160,80,80,128,4,5,1,[375; 125; 5; 160; 80; 80; 128; 4; 5; 1],0.023950933769810945,0.7634656110469727,tvm
375,75,5,256,128,16,640,32,1,1,[375; 75; 5; 256; 128; 16; 640; 32; 1; 1],0.04763648600783199,0.3838594283110619,tvm
75,75,3,320,160,32,2,2,2,0,[75; 75; 3; 320; 160; 32; 2; 2; 2; 0],0.0737944864667952,0.2477924186645324,tvm
300,100,5,128,128,16,128,32,1,1,[300; 100; 5; 128; 128; 16; 128; 32; 1; 1],0.0440284310025163,0.41531605531592136,tvm
1500,500,4,320,80,80,160,20,5,0,[1500; 500; 4; 320; 80; 80; 160; 20; 5; 0],0.04711872071493417,0.38807747766205103,tvm
100,50,2,256,128,32,640,64,2,0,[100; 50; 2; 256; 128; 32; 640; 64; 2; 0],0.04910747823305428,0.372361093333564,tvm
60,60,2,256,64,32,640,20,2,0,[60; 60; 2; 256; 64; 32; 640; 20; 2; 0],0.046104623295832425,0.3966134625671522,tvm
1500,150,2,128,64,64,128,8,4,0,[1500; 150; 2; 128; 64; 64; 128; 8; 4; 0],0.06354760797694325,0.2877482704360615,tvm
1500,375,5,320,80,80,160,32,5,1,[1500; 375; 5; 320; 80; 80; 160; 32; 5; 1],0.11872030002996325,0.15402348445126268,tvm
300,60,4,160,80,16,320,32,1,0,[300; 60; 4; 160; 80; 16; 320; 32; 1; 0],0.045023352955468,0.4061384389519022,tvm
300,60,2,32,32,32,20,2,2,1,[300; 60; 2; 32; 32; 32; 20; 2; 2; 1],0.056244932929985225,0.3251086512713367,tvm
1500,250,10,16,16,16,128,4,1,0,[1500; 250; 10; 16; 16; 16; 128; 4; 1; 0],0.0394692262634635,0.4632904167832978,tvm
100,50,5,320,320,16,160,10,1,0,[100; 50; 5; 320; 320; 16; 160; 10; 1; 0],0.04266706999624148,0.4285673773081926,tvm
300,300,10,320,160,16,64,2,1,1,[300; 300; 10; 320; 160; 16; 64; 2; 1; 1],0.04388568899594247,0.41666690677694324,tvm
1500,125,5,64,16,16,512,64,1,0,[1500; 125; 5; 64; 16; 16; 512; 64; 1; 0],0.04936771700158715,0.3703982156016331,tvm
1500,100,2,256,256,128,32,4,8,1,[1500; 100; 2; 256; 256; 128; 32; 4; 8; 1],0.05103124550078064,0.3583238877725327,tvm
1500,60,6,256,32,32,320,1,2,1,[1500; 60; 6; 256; 32; 32; 320; 1; 2; 1],0.0491524962708354,0.37202005336530797,tvm
750,150,10,16,16,16,160,40,1,1,[750; 150; 10; 16; 16; 16; 160; 40; 1; 1],0.04070675728144124,0.44920586917030086,tvm
1500,150,6,64,32,32,40,10,2,0,[1500; 150; 6; 64; 32; 32; 40; 10; 2; 0],0.04237848147749901,0.43148583073754415,tvm
1500,300,10,128,128,32,40,20,2,1,[1500; 300; 10; 128; 128; 32; 40; 20; 2; 1],0.044057487742975354,0.4150421465788142,tvm
150,30,2,320,320,32,256,8,2,0,[150; 30; 2; 320; 320; 32; 256; 8; 2; 0],0.047067007748410106,0.38850386205679216,tvm
150,30,2,160,160,32,512,8,2,1,[150; 30; 2; 160; 160; 32; 512; 8; 2; 1],0.046932535246014595,0.3896170149313864,tvm
750,50,5,160,160,16,320,5,1,1,[750; 50; 5; 160; 160; 16; 320; 5; 1; 1],0.03623103676363826,0.5046975168004568,tvm
20,20,10,320,320,32,8,1,2,1,[20; 20; 10; 320; 320; 32; 8; 1; 2; 1],0.04498776845866814,0.4064596869816742,tvm
1500,750,5,32,32,16,256,8,1,1,[1500; 750; 5; 32; 32; 16; 256; 8; 1; 1],0.034874259028583765,0.5243326968101856,tvm
750,750,3,320,160,80,8,2,5,1,[750; 750; 3; 320; 160; 80; 8; 2; 5; 1],0.0363144674920477,0.5035379987251245,tvm
1500,60,3,64,32,32,160,10,2,0,[1500; 60; 3; 64; 32; 32; 160; 10; 2; 0],0.04550666699651629,0.4018249520913964,tvm
300,300,5,32,32,16,256,32,1,0,[300; 300; 5; 32; 32; 16; 256; 32; 1; 0],0.03808754723286256,0.48009692443353436,tvm
300,30,5,256,64,32,128,16,2,1,[300; 30; 5; 256; 64; 32; 128; 16; 2; 1],0.0484905224875547,0.37709872667194694,tvm
300,30,6,256,64,32,160,1,2,1,[300; 30; 6; 256; 64; 32; 160; 1; 2; 1],0.050592075451277196,0.36143435750771646,tvm
300,150,2,80,80,80,160,2,5,1,[300; 150; 2; 80; 80; 80; 160; 2; 5; 1],0.040857763262465596,0.4475456516855549,tvm
150,150,5,32,16,16,512,16,1,1,[150; 150; 5; 32; 16; 16; 512; 16; 1; 1],0.039836630516219884,0.45901759382659324,tvm
100,100,5,256,64,32,10,2,2,1,[100; 100; 5; 256; 64; 32; 10; 2; 2; 1],0.04349094949429855,0.4204487255011863,tvm
75,15,5,320,80,80,160,2,5,0,[75; 15; 5; 320; 80; 80; 160; 2; 5; 0],0.036623361229430884,0.4992909900093963,tvm
1500,150,2,256,256,128,640,1,8,1,[1500; 150; 2; 256; 256; 128; 640; 1; 8; 1],0.058644516044296324,0.3118060394922933,tvm
500,500,10,128,128,16,640,16,1,0,[500; 500; 10; 128; 128; 16; 640; 16; 1; 0],0.03669691749382764,0.4982901980470134,tvm
20,20,5,320,320,32,80,2,2,0,[20; 20; 5; 320; 320; 32; 80; 2; 2; 0],0.041480863525066525,0.4408228935413649,tvm
500,250,5,64,64,16,320,8,1,1,[500; 250; 5; 64; 64; 16; 320; 8; 1; 1],0.038447274011559784,0.4756049617514208,tvm
500,100,4,160,32,32,40,20,2,1,[500; 100; 4; 160; 32; 32; 40; 20; 2; 1],0.041569523978978395,0.43988269615407016,tvm
30,30,2,320,80,80,128,4,5,0,[30; 30; 2; 320; 80; 80; 128; 4; 5; 0],0.042496639711316675,0.4302861216776365,tvm
1500,150,6,160,32,32,128,2,2,0,[1500; 150; 6; 160; 32; 32; 128; 2; 2; 0],0.029952541226521134,0.6104895790786329,tvm
300,300,6,64,64,16,640,5,1,1,[300; 300; 6; 64; 64; 16; 640; 5; 1; 1],0.0331908970256336,0.5509255827461391,tvm
750,50,10,256,64,32,640,40,2,1,[750; 50; 10; 256; 64; 32; 640; 40; 2; 1],0.0517448999453336,0.35338196237759484,tvm
750,30,10,320,64,32,128,4,2,0,[750; 30; 10; 320; 64; 32; 128; 4; 2; 0],0.04217463999520987,0.4335713188729329,tvm
300,300,2,320,160,80,512,32,5,1,[300; 300; 2; 320; 160; 80; 512; 32; 5; 1],0.036755530803930014,0.4974955846307387,tvm
300,60,3,320,320,32,128,32,2,1,[300; 60; 3; 320; 320; 32; 128; 32; 2; 1],0.03893656824948266,0.46962829822469637,tvm
100,100,2,256,256,128,512,2,8,1,[100; 100; 2; 256; 256; 128; 512; 2; 8; 1],0.03484813927207142,0.5247257003581001,tvm
250,50,5,256,64,64,80,40,4,0,[250; 50; 5; 256; 64; 64; 80; 40; 4; 0],0.03741230576997623,0.48876202386832746,tvm
100,100,2,320,160,80,320,5,5,0,[100; 100; 2; 320; 160; 80; 320; 5; 5; 0],0.03664610197301954,0.49898115491729594,tvm
300,300,4,256,256,32,20,1,2,0,[300; 300; 4; 256; 256; 32; 20; 1; 2; 0],0.04200698324711993,0.4353017729967073,tvm
150,30,6,256,256,32,160,20,2,1,[150; 30; 6; 256; 256; 32; 160; 20; 2; 1],0.03798192401882261,0.48143201688920445,tvm
300,100,4,128,32,32,640,32,2,0,[300; 100; 4; 128; 32; 32; 640; 32; 2; 0],0.0367890180204995,0.49704273910016195,tvm
60,30,5,320,160,32,80,40,2,1,[60; 30; 5; 320; 160; 32; 80; 40; 2; 1],0.037078235764056444,0.49316570513423447,tvm
300,300,3,320,160,32,320,64,2,0,[300; 300; 3; 320; 160; 32; 320; 64; 2; 0],0.03861620300449431,0.4735243981285815,tvm
100,25,5,320,80,80,640,10,5,0,[100; 25; 5; 320; 80; 80; 640; 10; 5; 0],0.03237174550304189,0.5648664908722956,tvm
500,50,10,320,320,32,64,1,2,1,[500; 50; 10; 320; 320; 32; 64; 1; 2; 1],0.03753622429212555,0.4871484713914157,tvm
750,125,5,256,64,32,128,4,2,0,[750; 125; 5; 256; 64; 32; 128; 4; 2; 0],0.04283772950293496,0.4268600249801164,tvm
500,100,10,320,32,32,320,32,2,0,[500; 100; 10; 320; 32; 32; 320; 32; 2; 0],0.04271103726932779,0.4281262047186539,tvm
500,100,5,128,128,32,64,1,2,0,[500; 100; 5; 128; 128; 32; 64; 1; 2; 0],0.03246284072520211,0.5632813973522165,tvm
60,60,5,256,256,32,320,4,2,1,[60; 60; 5; 256; 256; 32; 320; 4; 2; 1],0.02969830099027604,0.6157158381451344,tvm
60,30,5,320,320,64,128,2,4,1,[60; 30; 5; 320; 320; 64; 128; 2; 4; 1],0.028526161273475736,0.6410155965400348,tvm
750,125,5,128,32,32,320,40,2,1,[750; 125; 5; 128; 32; 32; 320; 40; 2; 1],0.03362644952721894,0.543789622241055,tvm
60,60,3,80,80,80,64,4,5,1,[60; 60; 3; 80; 80; 80; 64; 4; 5; 1],0.031340388231910765,0.5834552574909007,tvm
375,75,5,320,80,80,320,4,5,0,[375; 75; 5; 320; 80; 80; 320; 4; 5; 0],0.02458305738400668,0.7438340154390505,tvm
500,500,5,320,320,80,512,16,5,1,[500; 500; 5; 320; 320; 80; 512; 16; 5; 1],0.034959336975589395,0.5230566671925848,tvm
300,50,5,160,16,16,256,64,1,0,[300; 50; 5; 160; 16; 16; 256; 64; 1; 0],0.050713866017758846,0.36056636422297295,tvm
30,10,2,320,320,64,64,64,4,0,[30; 10; 2; 320; 320; 64; 64; 64; 4; 0],0.06342029850929976,0.28832589431967004,tvm
150,15,5,64,32,32,20,4,2,1,[150; 15; 5; 64; 32; 32; 20; 4; 2; 1],0.043630037747789174,0.4191083764680186,tvm
75,25,5,320,80,16,64,2,1,0,[75; 25; 5; 320; 80; 16; 64; 2; 1; 0],0.04900091700255871,0.3731708589200372,tvm
500,100,10,32,16,16,80,2,1,0,[500; 100; 10; 32; 16; 16; 80; 2; 1; 0],0.05067350249737501,0.3608535701012876,tvm
100,10,2,320,80,80,20,4,5,0,[100; 10; 2; 320; 80; 80; 20; 4; 5; 0],0.046819847251754254,0.3905547616887869,tvm
1500,60,6,160,80,16,32,4,1,0,[1500; 60; 6; 160; 80; 16; 32; 4; 1; 0],0.04060840874444693,0.45029379015534066,tvm
750,150,2,128,64,32,20,1,2,0,[750; 150; 2; 128; 64; 32; 20; 1; 2; 0],0.04405927372863516,0.4150253224403463,tvm
1500,60,5,128,128,64,64,64,4,0,[1500; 60; 5; 128; 128; 64; 64; 64; 4; 0],0.06775084545370191,0.26989647381168075,tvm
1500,50,5,320,80,16,320,8,1,0,[1500; 50; 5; 320; 80; 16; 320; 8; 1; 0],0.0774239154998213,0.23617656337409712,tvm
1500,750,10,256,32,32,80,16,2,1,[1500; 750; 10; 256; 32; 32; 80; 16; 2; 1],0.045582286547869444,0.40115833738421747,tvm
50,10,5,320,160,80,8,4,5,1,[50; 10; 5; 320; 160; 80; 8; 4; 5; 1],0.05196643352974206,0.35187549045960187,tvm
750,375,5,320,160,16,128,8,1,0,[750; 375; 5; 320; 160; 16; 128; 8; 1; 0],0.03734707523835823,0.4896156973206163,tvm
1500,60,6,320,160,16,320,10,1,0,[1500; 60; 6; 320; 160; 16; 320; 10; 1; 0],0.06666547455824912,0.27429061904805163,tvm
300,150,5,16,16,16,64,4,1,1,[300; 150; 5; 16; 16; 16; 64; 4; 1; 1],0.048578469548374414,0.3764160224830752,tvm
150,30,6,256,256,16,80,4,1,1,[150; 30; 6; 256; 256; 16; 80; 4; 1; 1],0.05119982943870127,0.3571440468880226,tvm
300,100,5,128,128,16,128,32,1,0,[300; 100; 5; 128; 128; 16; 128; 32; 1; 0],0.04305577126797289,0.42469833305056015,tvm
60,60,10,320,32,16,640,8,1,0,[60; 60; 10; 320; 32; 16; 640; 8; 1; 0],0.04509761824738234,0.405469623371422,tvm
30,30,2,64,32,32,320,8,2,0,[30; 30; 2; 64; 32; 32; 320; 8; 2; 0],0.04523989750305191,0.4041944233954271,tvm
60,30,5,320,320,16,640,1,1,0,[60; 30; 5; 320; 320; 16; 640; 1; 1; 0],0.053342003491707146,0.34280141518413515,tvm
1500,750,2,256,256,128,160,10,8,0,[1500; 750; 2; 256; 256; 128; 160; 10; 8; 0],0.05123513005673885,0.3568979773343857,tvm
100,100,4,80,80,16,320,8,1,0,[100; 100; 4; 80; 80; 16; 320; 8; 1; 0],0.04274133971193805,0.42782267493142984,tvm
50,50,10,80,80,16,80,2,1,1,[50; 50; 10; 80; 80; 16; 80; 2; 1; 1],0.04449949396075681,0.410919600610292,tvm
500,500,4,128,64,16,512,2,1,0,[500; 500; 4; 128; 64; 16; 512; 2; 1; 0],0.0432438044808805,0.42285165482604564,tvm
750,250,10,320,80,16,320,20,1,1,[750; 250; 10; 320; 80; 16; 320; 20; 1; 1],0.035001771233510226,0.5224225415257783,tvm
1500,50,10,64,64,32,32,1,2,0,[1500; 50; 10; 64; 64; 32; 32; 1; 2; 0],0.038279258471447974,0.4776924897684049,tvm
100,100,5,160,160,16,160,8,1,0,[100; 100; 5; 160; 160; 16; 160; 8; 1; 0],0.038648431771434844,0.47312952809716086,tvm
150,150,6,320,320,16,512,64,1,1,[150; 150; 6; 320; 320; 16; 512; 64; 1; 1],0.03935844573425129,0.46459442044992466,tvm
1500,75,3,64,64,32,80,1,2,0,[1500; 75; 3; 64; 64; 32; 80; 1; 2; 0],0.04242794745368883,0.4309827692153528,tvm
20,20,2,256,256,32,256,8,2,1,[20; 20; 2; 256; 256; 32; 256; 8; 2; 1],0.044773888774216175,0.40840129786190105,tvm
250,25,5,320,320,32,8,4,2,1,[250; 25; 5; 320; 320; 32; 8; 4; 2; 1],0.032467644254211336,0.5631980608923443,tvm
500,100,10,256,32,32,64,32,2,1,[500; 100; 10; 256; 32; 32; 64; 32; 2; 1],0.03810391953447834,0.4798906387876569,tvm
500,25,5,320,320,32,16,1,2,0,[500; 25; 5; 320; 320; 32; 16; 1; 2; 0],0.044299327477347106,0.4127763405678081,tvm
300,30,6,256,128,64,512,32,4,1,[300; 30; 6; 256; 128; 64; 512; 32; 4; 1],0.04067138099344447,0.4495965919785618,tvm
150,30,3,256,256,32,256,1,2,0,[150; 30; 3; 256; 256; 32; 256; 1; 2; 0],0.03800962952664122,0.48108109743342015,tvm
150,150,10,64,32,16,640,40,1,1,[150; 150; 10; 64; 32; 16; 640; 40; 1; 1],0.04017100477358326,0.45519683634448455,tvm
300,30,3,256,64,64,512,8,4,0,[300; 30; 3; 256; 64; 64; 512; 8; 4; 0],0.04225256072822958,0.43277174141772956,tvm
750,150,10,64,32,16,320,40,1,1,[750; 150; 10; 64; 32; 16; 320; 40; 1; 1],0.03735773474909365,0.48947599228183725,tvm
750,750,10,32,32,16,640,64,1,1,[750; 750; 10; 32; 32; 16; 640; 64; 1; 1],0.03434199624462053,0.5324592710180217,tvm
750,50,5,160,32,32,20,10,2,0,[750; 50; 5; 160; 32; 32; 20; 10; 2; 0],0.03573625400895253,0.5116852561304666,tvm
750,750,6,64,64,16,256,32,1,1,[750; 750; 6; 64; 64; 16; 256; 32; 1; 1],0.03087542555294931,0.592241692486327,tvm
1500,375,3,160,160,32,40,4,2,0,[1500; 375; 3; 160; 160; 32; 40; 4; 2; 0],0.05222058144863695,0.35016297747852015,tvm
60,60,2,256,256,128,320,64,8,1,[60; 60; 2; 256; 256; 128; 320; 64; 8; 1],0.03269420575816184,0.5592952592570446,tvm
1500,375,5,64,64,64,64,16,4,1,[1500; 375; 5; 64; 64; 64; 64; 16; 4; 1],0.04416403378127143,0.4140408545169776,tvm
150,30,10,320,160,32,64,8,2,1,[150; 30; 10; 320; 160; 32; 64; 8; 2; 1],0.035200525948312134,0.5194727576674486,tvm
300,150,5,160,32,32,20,10,2,1,[300; 150; 5; 160; 32; 32; 20; 10; 2; 1],0.03253333951579407,0.5620607831187161,tvm
75,75,3,320,32,32,256,8,2,1,[75; 75; 3; 320; 32; 32; 256; 8; 2; 1],0.035319447226356715,0.5177236826081693,tvm
50,50,10,128,32,32,64,2,2,1,[50; 50; 10; 128; 32; 32; 64; 2; 2; 1],0.035740818770136684,0.5116199044939886,tvm
500,50,10,128,128,32,80,10,2,1,[500; 50; 10; 128; 128; 32; 80; 10; 2; 1],0.0315876622335054,0.5788878629428429,tvm
750,750,6,32,32,32,20,4,2,0,[750; 750; 6; 32; 32; 32; 20; 4; 2; 0],0.03886227949988097,0.47052603504048945,tvm
500,500,10,320,32,32,80,4,2,1,[500; 500; 10; 320; 32; 32; 80; 4; 2; 1],0.038206942786928266,0.47859663589650975,tvm
100,100,4,256,64,32,160,4,2,0,[100; 100; 4; 256; 64; 32; 160; 4; 2; 0],0.032084324047900736,0.5699267423684655,tvm
150,150,5,160,32,32,40,4,2,0,[150; 150; 5; 160; 32; 32; 40; 4; 2; 0],0.03561697853729129,0.5133988068799543,tvm
150,50,5,256,128,32,160,4,2,1,[150; 50; 5; 256; 128; 32; 160; 4; 2; 1],0.033740812505129725,0.5419464715893919,tvm
50,50,5,256,256,32,320,10,2,0,[50; 50; 5; 256; 256; 32; 320; 10; 2; 0],0.03054052626248449,0.5987360574128736,tvm
750,50,5,256,128,64,80,10,4,0,[750; 50; 5; 256; 128; 64; 80; 10; 4; 0],0.03969586675520986,0.46064529585600716,tvm
30,30,3,320,80,80,320,4,5,1,[30; 30; 3; 320; 80; 80; 320; 4; 5; 1],0.02959063701564446,0.6179560878005667,tvm
300,50,5,128,64,64,80,8,4,0,[300; 50; 5; 128; 64; 64; 80; 8; 4; 0],0.0385640729800798,0.47416449748862727,tvm
500,500,4,256,64,64,256,64,4,0,[500; 500; 4; 256; 64; 64; 256; 64; 4; 0],0.0307493542204611,0.5946698637835681,tvm
300,75,5,256,128,64,64,8,4,1,[300; 75; 5; 256; 128; 64; 64; 8; 4; 1],0.033228304237127304,0.5503053708435393,tvm
60,60,3,80,80,80,64,4,5,1,[60; 60; 3; 80; 80; 80; 64; 4; 5; 1],0.03011415572836995,0.6072132471735768,tvm
300,300,6,64,64,64,640,16,4,0,[300; 300; 6; 64; 64; 64; 640; 16; 4; 0],0.02326985713443719,0.7858111968660589,tvm
150,75,5,320,80,80,640,10,5,1,[150; 75; 5; 320; 80; 80; 640; 10; 5; 1],0.0266218677861616,0.686868195447182,tvm
300,150,3,320,320,80,320,2,5,1,[300; 150; 3; 320; 320; 80; 320; 2; 5; 1],0.029539464507251978,0.6190266002020829,tvm
60,15,5,320,320,64,5120,20,4,0,[60; 15; 5; 320; 320; 64; 5120; 20; 4; 0],0.05181201547384262,0.35292420336255514,tvm
20,20,10,32,32,32,8,1,2,0,[20; 20; 10; 32; 32; 32; 8; 1; 2; 0],0.044932720018550754,0.4069576530903296,tvm
1500,300,10,320,160,16,160,16,1,0,[1500; 300; 10; 320; 160; 16; 160; 16; 1; 0],0.07086208160035312,0.25804653028458546,tvm
750,15,3,320,160,80,640,32,5,0,[750; 15; 3; 320; 160; 80; 640; 32; 5; 0],0.03724248451180756,0.4909907200180719,tvm
1500,1500,2,256,128,64,640,32,4,1,[1500; 1500; 2; 256; 128; 64; 640; 32; 4; 1],0.04596764501184225,0.3977953249726736,tvm
100,20,4,160,160,80,2560,20,5,1,[100; 20; 4; 160; 160; 80; 2560; 20; 5; 1],0.0606888810871169,0.3013025443567784,tvm
15,15,3,32,32,32,80,10,2,1,[15; 15; 3; 32; 32; 32; 80; 10; 2; 1],0.042083319975063205,0.43451216055552716,tvm
15,15,5,128,32,32,32,1,2,1,[15; 15; 5; 128; 32; 32; 32; 1; 2; 1],0.03615297848591581,0.5057872145399552,tvm
1500,1500,12,320,160,16,512,32,1,1,[1500; 1500; 12; 320; 160; 16; 512; 32; 1; 1],0.07460379193071276,0.2451043547853022,tvm
1500,60,6,64,16,16,160,2,1,0,[1500; 60; 6; 64; 16; 16; 160; 2; 1; 0],0.051046885550022125,0.35821410236273193,tvm
1500,1500,5,160,160,16,128,32,1,0,[1500; 1500; 5; 160; 160; 16; 128; 32; 1; 0],0.0366648257477209,0.4987263381948825,tvm
300,60,10,16,16,16,320,1,1,0,[300; 60; 10; 16; 16; 16; 320; 1; 1; 0],0.052154131000861526,0.35060912596573085,tvm
500,20,2,256,128,32,640,32,2,0,[500; 20; 2; 256; 128; 32; 640; 32; 2; 0],0.052134847501292825,0.3507388083423634,tvm
150,75,5,256,256,32,4,4,2,1,[150; 75; 5; 256; 256; 32; 4; 4; 2; 1],0.03985131421359256,0.4588484632578908,tvm
125,125,5,128,64,16,160,20,1,1,[125; 125; 5; 128; 64; 16; 160; 20; 1; 1],0.03739909653086215,0.4889346530236288,tvm
300,20,4,256,128,32,40,5,2,0,[300; 20; 4; 256; 128; 32; 40; 5; 2; 0],0.04704570776084438,0.38867975753854606,tvm
1500,25,5,160,160,80,5120,2,5,1,[1500; 25; 5; 160; 160; 80; 5120; 2; 5; 1],0.05084536247886717,0.35963386618227705,tvm
150,15,3,80,80,80,40,2,5,0,[150; 15; 3; 80; 80; 80; 40; 2; 5; 0],0.05824858008418232,0.31392549413714993,tvm
500,250,10,80,16,16,128,2,1,0,[500; 250; 10; 80; 16; 16; 128; 2; 1; 0],0.040712662506848574,0.4491407134730703,tvm
1500,150,5,160,32,16,256,8,1,0,[1500; 150; 5; 160; 32; 16; 256; 8; 1; 0],0.03636434196960181,0.5028473855239822,tvm
1500,300,6,128,128,32,512,1,2,0,[1500; 300; 6; 128; 128; 32; 512; 1; 2; 0],0.04393588850507513,0.41619083869447787,tvm
1500,30,3,32,32,32,160,10,2,0,[1500; 30; 3; 32; 32; 32; 160; 10; 2; 0],0.050801744451746345,0.3599426453373631,tvm
750,30,2,256,256,64,20,20,4,1,[750; 30; 2; 256; 256; 64; 20; 20; 4; 1],0.049515362246893346,0.3692937596727681,tvm
1500,300,2,160,80,80,512,64,5,0,[1500; 300; 2; 160; 80; 80; 512; 64; 5; 0],0.03493257722584531,0.5234573494962568,tvm
60,20,4,32,32,32,256,2,2,1,[60; 20; 4; 32; 32; 32; 256; 2; 2; 1],0.0378530872403644,0.483070619038318,tvm
20,20,4,256,32,32,256,64,2,0,[20; 20; 4; 256; 32; 32; 256; 64; 2; 0],0.035392292542383075,0.5166580905663777,tvm
1500,300,6,160,32,16,256,64,1,1,[1500; 300; 6; 160; 32; 16; 256; 64; 1; 1],0.03366316598840058,0.5431965101563844,tvm
250,250,10,32,32,16,128,4,1,0,[250; 250; 10; 32; 32; 16; 128; 4; 1; 0],0.03835035325028002,0.47680693229548726,tvm
30,15,5,256,128,64,640,16,4,0,[30; 15; 5; 256; 128; 64; 640; 16; 4; 0],0.03550328826531768,0.515042836287848,tvm
60,20,2,320,160,32,128,64,2,1,[60; 20; 2; 320; 160; 32; 128; 64; 2; 1],0.04703888273797929,0.38873615233531816,tvm
250,250,10,128,128,16,512,4,1,0,[250; 250; 10; 128; 128; 16; 512; 4; 1; 0],0.03873217501677573,0.47210656973935383,tvm
750,250,5,160,80,16,640,2,1,0,[750; 250; 5; 160; 80; 16; 640; 2; 1; 0],0.035004242206923664,0.5223856633610386,tvm
300,75,3,256,64,32,160,32,2,0,[300; 75; 3; 256; 64; 32; 160; 32; 2; 0],0.04501521826023236,0.4062118321853917,tvm
100,50,2,256,128,64,160,10,4,1,[100; 50; 2; 256; 128; 64; 160; 10; 4; 1],0.03786245075752959,0.4829511539761558,tvm
250,250,10,128,64,16,320,20,1,0,[250; 250; 10; 128; 64; 16; 320; 20; 1; 0],0.039936430752277374,0.4578705192544415,tvm
150,75,5,128,64,64,8,2,4,1,[150; 75; 5; 128; 64; 64; 8; 2; 4; 1],0.03533453476848081,0.5175026190531749,tvm
500,250,5,160,80,16,256,16,1,0,[500; 250; 5; 160; 80; 16; 256; 16; 1; 0],0.03740054147783667,0.4889157633332739,tvm
300,100,4,256,128,32,128,2,2,0,[300; 100; 4; 256; 128; 32; 128; 2; 2; 0],0.03792862000409514,0.48210861043032904,tvm
125,25,5,320,320,32,8,2,2,1,[125; 25; 5; 320; 320; 32; 8; 2; 2; 1],0.03256337298080325,0.561542389865266,tvm
300,150,6,32,32,16,640,20,1,1,[300; 150; 6; 32; 32; 16; 640; 20; 1; 1],0.03537076851353049,0.5169724903975268,tvm
150,30,10,320,64,32,40,40,2,1,[150; 30; 10; 320; 64; 32; 40; 40; 2; 1],0.05249887949321419,0.3483067536341958,tvm
300,60,4,128,128,32,20,10,2,0,[300; 60; 4; 128; 128; 32; 20; 10; 2; 0],0.03482241550227627,0.5251133220358877,tvm
750,750,3,256,128,32,640,2,2,1,[750; 750; 3; 256; 128; 32; 640; 2; 2; 1],0.04639736149692908,0.3941110807976564,tvm
300,300,12,64,32,32,40,1,2,0,[300; 300; 12; 64; 32; 32; 40; 1; 2; 0],0.03880852501606569,0.47117777030032687,tvm
30,30,10,64,32,32,512,8,2,0,[30; 30; 10; 64; 32; 32; 512; 8; 2; 0],0.03424631350208074,0.5339469395619264,tvm
100,50,10,256,64,32,16,2,2,0,[100; 50; 10; 256; 64; 32; 16; 2; 2; 0],0.03911969700129703,0.46742985471252546,tvm
375,125,5,256,64,64,64,64,4,1,[375; 125; 5; 256; 64; 64; 64; 64; 4; 1],0.04088196478551254,0.4472807112292766,tvm
300,300,4,256,256,32,320,8,2,0,[300; 300; 4; 256; 256; 32; 320; 8; 2; 0],0.03327995823929086,0.5494512389178985,tvm
30,30,3,128,64,64,160,20,4,1,[30; 30; 3; 128; 64; 64; 160; 20; 4; 1],0.03131149121327326,0.5839937217031295,tvm
750,75,3,320,64,64,32,32,4,0,[750; 75; 3; 320; 64; 64; 32; 32; 4; 0],0.029948528215754777,0.6105713828065471,tvm
250,125,5,256,128,32,512,32,2,0,[250; 125; 5; 256; 128; 32; 512; 32; 2; 0],0.029326849267818034,0.6235144498042007,tvm
150,150,5,128,128,64,10,2,4,1,[150; 150; 5; 128; 128; 64; 10; 2; 4; 1],0.030298446014057845,0.6035198728419965,tvm
300,30,5,160,80,80,160,4,5,1,[300; 30; 5; 160; 80; 80; 160; 4; 5; 1],0.03024035325506702,0.6046792552811983,tvm
750,25,5,160,160,80,512,8,5,0,[750; 25; 5; 160; 160; 80; 512; 8; 5; 0],0.029163252213038504,0.6270121779332617,tvm
300,300,4,64,32,32,160,1,2,1,[300; 300; 4; 64; 32; 32; 160; 1; 2; 1],0.034788168501108885,0.5256302666560737,tvm
375,375,3,160,32,32,256,8,2,1,[375; 375; 3; 160; 32; 32; 256; 8; 2; 1],0.031639283522963524,0.5779433744902178,tvm
300,150,5,128,128,32,80,20,2,0,[300; 150; 5; 128; 128; 32; 80; 20; 2; 0],0.030896339507307857,0.591840799826439,tvm
25,25,5,80,80,80,160,2,5,0,[25; 25; 5; 80; 80; 80; 160; 2; 5; 0],0.030405980010982603,0.6013854603308135,tvm
750,30,3,320,320,80,160,10,5,1,[750; 30; 3; 320; 320; 80; 160; 10; 5; 1],0.026613735244609416,0.6870780864710841,tvm
250,25,5,320,160,80,16,2,5,1,[250; 25; 5; 320; 160; 80; 16; 2; 5; 1],0.02865873248083517,0.6380503498520883,tvm
375,125,5,64,64,32,640,1,2,1,[375; 125; 5; 64; 64; 32; 640; 1; 2; 1],0.0401144782663323,0.45583826777728065,tvm
125,125,5,256,256,64,20,1,4,1,[125; 125; 5; 256; 256; 64; 20; 1; 4; 1],0.025370526767801493,0.7207463389731916,tvm
250,125,5,320,160,80,512,16,5,0,[250; 125; 5; 320; 160; 80; 512; 16; 5; 0],0.02470337538397871,0.7402111655386747,tvm
750,150,3,320,160,80,512,1,5,1,[750; 150; 3; 320; 160; 80; 512; 1; 5; 1],0.027273600280750543,0.6704547290230757,tvm
300,75,5,128,16,16,256,64,1,1,[300; 75; 5; 128; 16; 16; 256; 64; 1; 1],0.05392110696993768,0.3391197865412706,tvm
150,30,3,128,64,64,2,2,4,1,[150; 30; 3; 128; 64; 64; 2; 2; 4; 1],0.061892517493106425,0.2954430523487907,tvm
375,125,5,128,64,16,64,1,1,1,[375; 125; 5; 128; 64; 16; 64; 1; 1; 1],0.03635672846576199,0.5029526873666421,tvm
300,300,6,128,64,32,8,1,2,1,[300; 300; 6; 128; 64; 32; 8; 1; 2; 1],0.05042188405059278,0.3626543242090398,tvm
75,75,5,320,80,16,512,64,1,1,[75; 75; 5; 320; 80; 16; 512; 64; 1; 1],0.03982234495924786,0.45918225821274333,tvm
1500,75,5,128,64,64,20,10,4,1,[1500; 75; 5; 128; 64; 64; 20; 10; 4; 1],0.04484514595242217,0.40775236421605715,tvm
500,100,10,64,16,16,512,4,1,0,[500; 100; 10; 64; 16; 16; 512; 4; 1; 0],0.04673014621948823,0.3913044525867213,tvm
500,500,10,320,320,16,40,5,1,1,[500; 500; 10; 320; 320; 16; 40; 5; 1; 1],0.0486486759618856,0.3758728048434546,tvm
1500,1500,10,64,32,32,1280,8,2,1,[1500; 1500; 10; 64; 32; 32; 1280; 8; 2; 1],0.05136256793048233,0.35601246243107326,tvm
100,50,2,256,128,32,320,5,2,0,[100; 50; 2; 256; 128; 32; 320; 5; 2; 0],0.04793857946060598,0.38144047010697846,tvm
750,25,5,160,160,16,256,64,1,0,[750; 25; 5; 160; 160; 16; 256; 64; 1; 0],0.04198085376992822,0.4355727109774203,tvm
500,20,10,64,64,32,640,40,2,1,[500; 20; 10; 64; 64; 32; 640; 40; 2; 1],0.04733828274765983,0.3862775163008684,tvm
1500,1500,12,128,128,32,40,8,2,1,[1500; 1500; 12; 128; 128; 32; 40; 8; 2; 1],0.04915537603665143,0.3719982585847786,tvm
60,20,5,128,64,32,4,2,2,0,[60; 20; 5; 128; 64; 32; 4; 2; 2; 0],0.05303480301517993,0.3447870689833701,tvm
300,20,4,160,160,32,64,16,2,0,[300; 20; 4; 160; 160; 32; 64; 16; 2; 0],0.03798896225634962,0.48134282169442366,tvm
1500,300,3,128,64,32,160,16,2,1,[1500; 300; 3; 128; 64; 32; 160; 16; 2; 1],0.04964282497530803,0.3683455624213462,tvm
100,100,5,16,16,16,512,4,1,1,[100; 100; 5; 16; 16; 16; 512; 4; 1; 1],0.0412709767697379,0.44306473257793977,tvm
300,60,6,128,128,16,80,5,1,1,[300; 60; 6; 128; 128; 16; 80; 5; 1; 1],0.041580779012292624,0.43976362925544127,tvm
300,300,4,320,320,16,320,5,1,0,[300; 300; 4; 320; 320; 16; 320; 5; 1; 0],0.04760561900911853,0.38410831885647334,tvm
750,150,6,160,80,16,32,8,1,0,[750; 150; 6; 160; 80; 16; 32; 8; 1; 0],0.0349978125304915,0.5224816342387981,tvm
1500,150,5,160,160,16,160,5,1,1,[1500; 150; 5; 160; 160; 16; 160; 5; 1; 1],0.03486306103877723,0.5245011120904038,tvm
1500,150,5,128,128,16,320,8,1,1,[1500; 150; 5; 128; 128; 16; 320; 8; 1; 1],0.056648792466148734,0.32279089261507504,tvm
500,250,5,320,80,16,320,16,1,0,[500; 250; 5; 320; 80; 16; 320; 16; 1; 0],0.04673274327069521,0.3912827068549332,tvm
300,300,12,16,16,16,320,40,1,1,[300; 300; 12; 16; 16; 16; 320; 40; 1; 1],0.04298330924939364,0.42541429696858996,tvm
100,100,5,160,80,16,128,2,1,0,[100; 100; 5; 160; 80; 16; 128; 2; 1; 0],0.03746788197895512,0.48803704185854346,tvm
1500,125,5,128,64,64,256,1,4,1,[1500; 125; 5; 128; 64; 64; 256; 1; 4; 1],0.03933704801602289,0.4648471404937679,tvm
500,500,2,256,64,64,40,2,4,1,[500; 500; 2; 256; 64; 64; 40; 2; 4; 1],0.04486978298518807,0.4075284761629128,tvm
20,20,4,320,320,80,10,2,5,1,[20; 20; 4; 320; 320; 80; 10; 2; 5; 1],0.03401457000290975,0.5375847551255256,tvm
1500,750,6,64,64,16,128,1,1,0,[1500; 750; 6; 64; 64; 16; 128; 1; 1; 0],0.04208911751629785,0.4344523089283982,tvm
1500,500,10,160,160,16,320,20,1,1,[1500; 500; 10; 160; 160; 16; 320; 20; 1; 1],0.03364467021310702,0.5434951262678951,tvm
300,150,3,320,64,32,32,2,2,0,[300; 150; 3; 320; 64; 32; 32; 2; 2; 0],0.040183833276387304,0.4550515168611174,tvm
150,150,5,128,64,16,640,4,1,1,[150; 150; 5; 128; 64; 16; 640; 4; 1; 1],0.03908828622661531,0.4678054745020645,tvm
60,20,4,160,160,80,32,1,5,1,[60; 20; 4; 160; 160; 80; 32; 1; 5; 1],0.037051299994345754,0.4935242296088071,tvm
750,750,5,128,128,16,640,8,1,0,[750; 750; 5; 128; 128; 16; 640; 8; 1; 0],0.040880266460590065,0.4472992930058889,tvm
750,150,5,160,160,16,512,8,1,0,[750; 150; 5; 160; 160; 16; 512; 8; 1; 0],0.03603601374197751,0.5074288853545886,tvm
300,60,5,256,64,32,160,40,2,1,[300; 60; 5; 256; 64; 32; 160; 40; 2; 1],0.04092956549720839,0.44676052783803605,tvm
1500,500,4,64,64,64,640,16,4,0,[1500; 500; 4; 64; 64; 64; 640; 16; 4; 0],0.027167293766979128,0.6730782404223095,tvm
500,50,5,160,32,32,20,4,2,1,[500; 50; 5; 160; 32; 32; 20; 4; 2; 1],0.03272678254870698,0.5587385273361297,tvm
60,30,3,128,32,32,320,2,2,1,[60; 30; 3; 128; 32; 32; 320; 2; 2; 1],0.04079290124354884,0.4482572635994128,tvm
1500,100,4,64,64,32,512,8,2,1,[1500; 100; 4; 64; 64; 32; 512; 8; 2; 1],0.032933144248090684,0.5552374273153227,tvm
1500,750,6,32,32,32,320,64,2,1,[1500; 750; 6; 32; 32; 32; 320; 64; 2; 1],0.02776833821553737,0.6585094917737202,tvm
1500,25,5,160,80,80,80,8,5,0,[1500; 25; 5; 160; 80; 80; 80; 8; 5; 0],0.03126552049070597,0.5848523868697444,tvm
150,30,5,320,160,32,320,1,2,1,[150; 30; 5; 320; 160; 32; 320; 1; 2; 1],0.03622627223376185,0.5047638953221504,tvm
100,50,10,320,32,32,64,1,2,0,[100; 50; 10; 320; 32; 32; 64; 1; 2; 0],0.04017359047429636,0.4551675384208875,tvm
750,750,3,320,320,32,640,4,2,0,[750; 750; 3; 320; 320; 32; 640; 4; 2; 0],0.04308155452599749,0.42444416147239544,tvm
60,60,12,256,128,32,20,2,2,0,[60; 60; 12; 256; 128; 32; 20; 2; 2; 0],0.03440374624915421,0.5315035796766995,tvm
750,375,3,256,64,64,20,5,4,0,[750; 375; 3; 256; 64; 64; 20; 5; 4; 0],0.052913994528353214,0.3455742558977691,tvm
100,25,5,128,128,32,40,2,2,1,[100; 25; 5; 128; 128; 32; 40; 2; 2; 1],0.034973261528648436,0.5228484129435711,tvm
300,300,5,256,256,32,320,1,2,1,[300; 300; 5; 256; 256; 32; 320; 1; 2; 1],0.03755153703968972,0.48694982222398475,tvm
100,50,10,64,32,32,320,40,2,1,[100; 50; 10; 64; 32; 32; 320; 40; 2; 1],0.038606725982390344,0.4736406369722969,tvm
1500,150,5,160,160,80,512,4,5,0,[1500; 150; 5; 160; 160; 80; 512; 4; 5; 0],0.023158944241004065,0.7895746064856669,tvm
100,50,5,320,320,32,32,2,2,1,[100; 50; 5; 320; 320; 32; 32; 2; 2; 1],0.029442545783240348,0.6210643067462973,tvm
100,25,5,128,128,64,320,16,4,1,[100; 25; 5; 128; 128; 64; 320; 16; 4; 1],0.03136235073907301,0.5830466739514172,tvm
100,50,5,64,64,32,512,2,2,0,[100; 50; 5; 64; 64; 32; 512; 2; 2; 0],0.03322038071928546,0.5504366262454923,tvm
60,30,3,128,64,64,512,2,4,1,[60; 30; 3; 128; 64; 64; 512; 2; 4; 1],0.03521403775084764,0.5192734333703078,tvm
300,60,5,64,64,32,320,2,2,1,[300; 60; 5; 64; 64; 32; 320; 2; 2; 1],0.03125975775765255,0.5849602043457246,tvm
250,50,10,160,160,32,20,10,2,1,[250; 50; 10; 160; 160; 32; 20; 10; 2; 1],0.027881460497155786,0.6558377488001258,tvm
60,60,5,320,320,32,320,1,2,1,[60; 60; 5; 320; 320; 32; 320; 1; 2; 1],0.03097834176151082,0.5902741478704149,tvm
60,30,3,320,80,80,80,8,5,1,[60; 30; 3; 320; 80; 80; 80; 8; 5; 1],0.03806077875196934,0.48043458082864765,tvm
500,100,5,64,64,32,640,5,2,1,[500; 100; 5; 64; 64; 32; 640; 5; 2; 1],0.03172141022514552,0.5764470796200362,tvm
750,125,5,128,128,32,80,4,2,1,[750; 125; 5; 128; 128; 32; 80; 4; 2; 1],0.031399213534314185,0.5823621749548282,tvm
300,300,10,64,64,32,320,5,2,1,[300; 300; 10; 64; 64; 32; 320; 5; 2; 1],0.02568180678645149,0.7120104297085892,tvm
750,375,5,320,64,64,128,2,4,1,[750; 375; 5; 320; 64; 64; 128; 2; 4; 1],0.02266677439911291,0.8067188548199394,tvm
300,150,3,320,160,80,160,8,5,1,[300; 150; 3; 320; 160; 80; 160; 8; 5; 1],0.031520370743237436,0.5801237058621023,tvm
500,500,5,128,32,32,1280,16,2,0,[500; 500; 5; 128; 32; 32; 1280; 16; 2; 0],0.060966648044995964,0.2999297955862467,tvm
150,25,5,80,80,16,64,4,1,1,[150; 25; 5; 80; 80; 16; 64; 4; 1; 1],0.04615598724922165,0.3961720976084776,tvm
50,50,5,320,16,16,512,2,1,1,[50; 50; 5; 320; 16; 16; 512; 2; 1; 1],0.04161827749339864,0.4393673978605845,tvm
500,125,5,256,128,64,1280,8,4,0,[500; 125; 5; 256; 128; 64; 1280; 8; 4; 0],0.05070294160395861,0.3606440515531477,tvm
1500,750,10,320,64,16,320,64,1,1,[1500; 750; 10; 320; 64; 16; 320; 64; 1; 1],0.06625879497732967,0.27597414489609584,tvm
60,30,2,256,128,32,640,40,2,1,[60; 30; 2; 256; 128; 32; 640; 40; 2; 1],0.049688449245877564,0.36800734503162974,tvm
60,20,5,128,64,32,5120,4,2,1,[60; 20; 5; 128; 64; 32; 5120; 4; 2; 1],0.06326981447637081,0.28901166278183726,tvm
1500,1500,12,128,64,16,128,16,1,0,[1500; 1500; 12; 128; 64; 16; 128; 16; 1; 0],0.06360857549589127,0.28747246960271,tvm
60,10,5,256,64,64,40,8,4,0,[60; 10; 5; 256; 64; 64; 40; 8; 4; 0],0.045547606016043574,0.4014637844911843,tvm
1500,250,10,160,32,32,2560,20,2,0,[1500; 250; 10; 160; 32; 32; 2560; 20; 2; 0],0.048051221994683146,0.3805462905342469,tvm
300,20,4,256,128,64,5,5,4,0,[300; 20; 4; 256; 128; 64; 5; 5; 4; 0],0.05518899648450315,0.33132898676367206,tvm
125,125,5,320,16,16,160,20,1,0,[125; 125; 5; 320; 16; 16; 160; 20; 1; 0],0.04271385300671682,0.4280979822363211,tvm
1500,60,5,128,64,16,640,8,1,1,[1500; 60; 5; 128; 64; 16; 640; 8; 1; 1],0.061506074969656765,0.2972993203473854,tvm
20,20,4,320,320,32,1024,8,2,1,[20; 20; 4; 320; 320; 32; 1024; 8; 2; 1],0.05615437251981348,0.32563295546152465,tvm
1500,150,2,256,256,32,320,4,2,1,[1500; 150; 2; 256; 256; 32; 320; 4; 2; 1],0.06271852599456906,0.29155204137446866,tvm
500,500,4,320,32,32,10,1,2,1,[500; 500; 4; 320; 32; 32; 10; 1; 2; 1],0.060080213472247124,0.3043550152191289,tvm
1500,30,6,256,64,32,640,16,2,0,[1500; 30; 6; 256; 64; 32; 640; 16; 2; 0],0.04571632598526776,0.39998214842563945,tvm
100,20,10,64,64,32,10,2,2,1,[100; 20; 10; 64; 64; 32; 10; 2; 2; 1],0.047590591479092836,0.3842296075212143,tvm
300,15,5,320,320,32,10,10,2,0,[300; 15; 5; 320; 320; 32; 10; 10; 2; 0],0.044480904238298535,0.4110913345590239,tvm
300,50,10,256,256,16,160,8,1,1,[300; 50; 10; 256; 256; 16; 160; 8; 1; 1],0.054639014531858265,0.3346640572196351,tvm
60,20,2,160,32,32,40,1,2,0,[60; 20; 2; 160; 32; 32; 40; 1; 2; 0],0.06687553797382861,0.27342904206423435,tvm
750,25,5,256,32,32,256,4,2,0,[750; 25; 5; 256; 32; 32; 256; 4; 2; 0],0.053474426502361894,0.3419525085492339,tvm
15,15,5,256,64,64,16,2,4,1,[15; 15; 5; 256; 64; 64; 16; 2; 4; 1],0.04455667099682614,0.410392290910082,tvm
1500,50,2,160,160,32,16,16,2,0,[1500; 50; 2; 160; 160; 32; 16; 16; 2; 0],0.050898980000056326,0.35925502408288046,tvm
125,125,5,256,128,16,80,10,1,1,[125; 125; 5; 256; 128; 16; 80; 10; 1; 1],0.03971198573708534,0.46045832124274844,tvm
1500,150,6,128,128,32,320,64,2,0,[1500; 150; 6; 128; 128; 32; 320; 64; 2; 0],0.049796811246778816,0.36720653045624735,tvm
1500,300,12,128,32,16,320,20,1,1,[1500; 300; 12; 128; 32; 16; 320; 20; 1; 1],0.06556356989312917,0.278900528380633,tvm
150,150,10,256,128,16,160,5,1,1,[150; 150; 10; 256; 128; 16; 160; 5; 1; 1],0.04213311627972871,0.43399861914586174,tvm
60,20,5,64,32,32,128,8,2,0,[60; 20; 5; 64; 32; 32; 128; 8; 2; 0],0.03849760949378833,0.4749831100204994,tvm
150,50,2,320,160,80,4,2,5,1,[150; 50; 2; 320; 160; 80; 4; 2; 5; 1],0.040135550720151514,0.45559893803907064,tvm
500,250,5,16,16,16,256,64,1,0,[500; 250; 5; 16; 16; 16; 256; 64; 1; 0],0.04548521002288908,0.4020145070565255,tvm
300,100,2,320,320,80,16,2,5,0,[300; 100; 2; 320; 320; 80; 16; 2; 5; 0],0.036144220270216465,0.5059097733748061,tvm
1500,1500,5,256,256,64,256,2,4,1,[1500; 1500; 5; 256; 256; 64; 256; 2; 4; 1],0.03269859548890963,0.5592201748211554,tvm
60,20,4,320,32,32,256,64,2,1,[60; 20; 4; 320; 32; 32; 256; 64; 2; 1],0.04337570472853258,0.4215658143229181,tvm
1500,150,3,160,32,32,20,20,2,1,[1500; 150; 3; 160; 32; 32; 20; 20; 2; 1],0.034667995758354664,0.5274523053819055,tvm
75,15,5,160,160,32,80,40,2,0,[75; 15; 5; 160; 160; 32; 80; 40; 2; 0],0.03567402373300865,0.5125778471912262,tvm
300,30,3,128,64,64,20,10,4,0,[300; 30; 3; 128; 64; 64; 20; 10; 4; 0],0.04129801073577255,0.4427746993119721,tvm
60,15,5,320,320,64,160,40,4,0,[60; 15; 5; 320; 320; 64; 160; 40; 4; 0],0.036104459257330745,0.5064669202046422,tvm
150,30,2,320,320,80,160,40,5,0,[150; 30; 2; 320; 320; 80; 160; 40; 5; 0],0.04045816819416359,0.45196594660338935,tvm
100,20,4,320,320,64,20,10,4,1,[100; 20; 4; 320; 320; 64; 20; 10; 4; 1],0.03636361676035449,0.5028574139426727,tvm
150,25,5,256,64,32,128,2,2,0,[150; 25; 5; 256; 64; 32; 128; 2; 2; 0],0.04278817627346143,0.4273543739945668,tvm
750,375,5,160,80,16,160,32,1,1,[750; 375; 5; 160; 80; 16; 160; 32; 1; 1],0.03447424399200827,0.5304166870186692,tvm
500,250,5,160,160,16,512,64,1,1,[500; 250; 5; 160; 160; 16; 512; 64; 1; 1],0.03507258847821504,0.5213676856805782,tvm
100,50,2,320,160,160,80,20,10,0,[100; 50; 2; 320; 160; 160; 80; 20; 10; 0],0.03815737651893869,0.47921833086817484,tvm
150,150,2,320,160,80,40,5,5,1,[150; 150; 2; 320; 160; 80; 40; 5; 5; 1],0.036940597754437476,0.49500320507178913,tvm
300,150,3,256,256,32,512,4,2,1,[300; 150; 3; 256; 256; 32; 512; 4; 2; 1],0.038844252994749695,0.47074439269525503,tvm
1500,300,5,160,80,80,5,1,5,1,[1500; 300; 5; 160; 80; 80; 5; 1; 5; 1],0.043967129779048264,0.41589511022454806,tvm
1500,750,3,64,32,32,320,5,2,1,[1500; 750; 3; 64; 32; 32; 320; 5; 2; 1],0.0366735557327047,0.49860761849736523,tvm
30,30,2,320,320,64,256,2,4,1,[30; 30; 2; 320; 320; 64; 256; 2; 4; 1],0.035709339019376785,0.5120709256419448,tvm
750,30,5,160,80,80,160,32,5,1,[750; 30; 5; 160; 80; 80; 160; 32; 5; 1],0.05871858703903854,0.3114127094638226,tvm
300,300,2,320,320,80,512,32,5,0,[300; 300; 2; 320; 320; 80; 512; 32; 5; 0],0.046249074512161314,0.39537470703129446,tvm
60,60,10,64,32,32,40,1,2,1,[60; 60; 10; 64; 32; 32; 40; 1; 2; 1],0.03747343475697562,0.48796472499256105,tvm
30,30,10,256,256,32,128,2,2,0,[30; 30; 10; 256; 256; 32; 128; 2; 2; 0],0.03988999599823728,0.45840351266323326,tvm
100,25,5,64,64,32,256,32,2,1,[100; 25; 5; 64; 64; 32; 256; 32; 2; 1],0.034695510228630155,0.5270340215554813,tvm
150,150,6,256,128,32,640,40,2,0,[150; 150; 6; 256; 128; 32; 640; 40; 2; 0],0.0322518179891631,0.5669669316581921,tvm
100,100,4,320,320,32,40,5,2,1,[100; 100; 4; 320; 320; 32; 40; 5; 2; 1],0.0314305514912121,0.5817815284223353,tvm
150,150,10,256,256,32,160,2,2,0,[150; 150; 10; 256; 256; 32; 160; 2; 2; 0],0.030940359516534954,0.5909987657364534,tvm
100,25,5,320,80,80,640,4,5,0,[100; 25; 5; 320; 80; 80; 640; 4; 5; 0],0.0322322872816585,0.5673104774081488,tvm
25,25,5,320,320,80,640,10,5,0,[25; 25; 5; 320; 320; 80; 640; 10; 5; 0],0.040084676758851856,0.4561771670436702,tvm
750,50,5,320,320,80,64,16,5,0,[750; 50; 5; 320; 320; 80; 64; 16; 5; 0],0.03254538425244391,0.5618527697776735,tvm
150,30,5,160,160,80,20,4,5,0,[150; 30; 5; 160; 160; 80; 20; 4; 5; 0],0.029300107737071812,0.624083517023331,tvm
150,150,6,128,128,32,256,8,2,1,[150; 150; 6; 128; 128; 32; 256; 8; 2; 1],0.026147652009967715,0.6993252885094084,tvm
60,60,4,320,160,80,640,32,5,1,[60; 60; 4; 320; 160; 80; 640; 32; 5; 1],0.02866559149697423,0.6378976790918275,tvm
750,250,5,160,32,32,256,2,2,1,[750; 250; 5; 160; 32; 32; 256; 2; 2; 1],0.02664320671465248,0.6863180728038275,tvm
60,12,4,320,80,80,128,8,5,1,[60; 12; 4; 320; 80; 80; 128; 8; 5; 1],0.043626978469546884,0.4191377658317167,tvm
1500,300,3,320,320,32,512,2,2,1,[1500; 300; 3; 320; 320; 32; 512; 2; 2; 1],0.06844421604182571,0.26716230155284465,tvm
1500,300,3,320,320,64,512,8,4,1,[1500; 300; 3; 320; 320; 64; 512; 8; 4; 1],0.055758480448275805,0.3279449895101962,tvm
75,75,1,320,320,160,320,10,10,0,[75; 75; 1; 320; 320; 160; 320; 10; 10; 0],0.05549123394303024,0.32952437684999425,tvm
250,50,2,160,32,32,320,20,2,0,[250; 50; 2; 160; 32; 32; 320; 20; 2; 0],0.04798994003795087,0.3810322386578058,tvm
60,15,3,128,32,32,20,4,2,0,[60; 15; 3; 128; 32; 32; 20; 4; 2; 0],0.04978535044938326,0.36729106294642566,tvm
150,30,5,64,64,16,640,10,1,1,[150; 30; 5; 64; 64; 16; 640; 10; 1; 1],0.04409570753341541,0.4146824103424921,tvm
300,20,5,160,160,16,128,1,1,0,[300; 20; 5; 160; 160; 16; 128; 1; 1; 0],0.0437350845313631,0.4181017250029852,tvm
300,60,4,320,32,16,640,8,1,1,[300; 60; 4; 320; 32; 16; 640; 8; 1; 1],0.05405293498188257,0.3382927179040931,tvm
500,20,5,128,64,32,64,1,2,0,[500; 20; 5; 128; 64; 32; 64; 1; 2; 0],0.04533451795578003,0.4033508044256795,tvm
50,50,10,128,128,16,32,16,1,1,[50; 50; 10; 128; 128; 16; 32; 16; 1; 1],0.03785745723871514,0.48301485676682737,tvm
100,100,2,320,32,32,20,10,2,1,[100; 100; 2; 320; 32; 32; 20; 10; 2; 1],0.04551112302578986,0.4017856090993908,tvm
1500,50,5,256,64,32,640,32,2,0,[1500; 50; 5; 256; 64; 32; 640; 32; 2; 0],0.04286858474370092,0.42655278673274083,tvm
300,100,2,64,64,32,512,2,2,0,[300; 100; 2; 64; 64; 32; 512; 2; 2; 0],0.04573436197824776,0.3998244098039755,tvm
60,30,2,32,32,32,20,10,2,1,[60; 30; 2; 32; 32; 32; 20; 10; 2; 1],0.046495061775203794,0.3932829334461969,tvm
1500,75,5,128,64,32,512,64,2,0,[1500; 75; 5; 128; 64; 32; 512; 64; 2; 0],0.052177156903781,0.3504544013280497,tvm
300,150,10,256,32,16,320,5,1,1,[300; 150; 10; 256; 32; 16; 320; 5; 1; 1],0.04966513148974627,0.36818012430893304,tvm
100,100,2,320,160,32,8,1,2,1,[100; 100; 2; 320; 160; 32; 8; 1; 2; 1],0.03362839651526883,0.5437581383760518,tvm
300,20,2,160,80,80,160,32,5,0,[300; 20; 2; 160; 80; 80; 160; 32; 5; 0],0.05106681399047375,0.3580743120008504,tvm
60,60,6,320,32,16,640,10,1,0,[60; 60; 6; 320; 32; 16; 640; 10; 1; 0],0.04110504349227995,0.444853301010339,tvm
300,20,2,320,160,32,160,40,2,0,[300; 20; 2; 320; 160; 32; 160; 40; 2; 0],0.05514584539923817,0.33158824845882046,tvm
500,50,5,160,80,16,320,8,1,0,[500; 50; 5; 160; 80; 16; 320; 8; 1; 0],0.040745493955910206,0.4487788098851091,tvm
125,125,5,320,32,16,640,5,1,1,[125; 125; 5; 320; 32; 16; 640; 5; 1; 1],0.038036247016862035,0.4807444403652116,tvm
100,100,2,128,64,64,4,1,4,1,[100; 100; 2; 128; 64; 64; 4; 1; 4; 1],0.034845657006371766,0.5247630797252759,tvm
20,20,2,320,320,64,320,4,4,0,[20; 20; 2; 320; 320; 64; 320; 4; 4; 0],0.041797771758865565,0.4374806004302316,tvm
300,30,3,160,32,32,64,4,2,1,[300; 30; 3; 160; 32; 32; 64; 4; 2; 1],0.04874734173063189,0.37511202942629174,tvm
100,25,5,320,32,32,10,10,2,0,[100; 25; 5; 320; 32; 32; 10; 10; 2; 0],0.04514166625449434,0.40507397716834936,tvm
300,30,5,320,64,64,32,16,4,1,[300; 30; 5; 320; 64; 64; 32; 16; 4; 1],0.041161008761264384,0.44424844861728763,tvm
750,30,2,320,320,80,512,16,5,1,[750; 30; 2; 320; 320; 80; 512; 16; 5; 1],0.04068985453341156,0.4493924713026286,tvm
60,30,6,128,64,64,64,64,4,0,[60; 30; 6; 128; 64; 64; 64; 64; 4; 0],0.03747970826225355,0.48788304748172595,tvm
1500,50,10,160,32,32,20,20,2,1,[1500; 50; 10; 160; 32; 32; 20; 20; 2; 1],0.03280401200754568,0.5574231067074402,tvm
150,30,3,160,32,32,160,20,2,0,[150; 30; 3; 160; 32; 32; 160; 20; 2; 0],0.044075092242565006,0.41487637019747564,tvm
300,75,3,128,64,32,80,4,2,0,[300; 75; 3; 128; 64; 32; 80; 4; 2; 0],0.04510270804166794,0.4054238665408097,tvm
1500,30,6,160,32,32,320,40,2,0,[1500; 30; 6; 160; 32; 32; 320; 40; 2; 0],0.03267733124084771,0.5595840783612268,tvm
300,75,5,320,32,32,64,4,2,1,[300; 75; 5; 320; 32; 32; 64; 4; 2; 1],0.0422698684851639,0.432594539349757,tvm
750,25,5,128,128,32,160,2,2,0,[750; 25; 5; 128; 128; 32; 160; 2; 2; 0],0.03667667199624702,0.498565253891776,tvm
1500,30,10,160,160,32,32,1,2,1,[1500; 30; 10; 160; 160; 32; 32; 1; 2; 1],0.034715003974270076,0.5267380726577827,tvm
500,500,2,256,256,64,640,4,4,0,[500; 500; 2; 256; 256; 64; 640; 4; 4; 0],0.03323709999676794,0.5501597397935571,tvm
1500,30,5,64,64,64,256,8,4,0,[1500; 30; 5; 64; 64; 64; 256; 8; 4; 0],0.03312293201452121,0.5520560280623034,tvm
750,150,10,256,32,32,320,10,2,1,[750; 150; 10; 256; 32; 32; 320; 10; 2; 1],0.04287867224775255,0.426452437241051,tvm
125,25,5,256,64,64,10,2,4,1,[125; 25; 5; 256; 64; 64; 10; 2; 4; 1],0.041156532999593765,0.4442967605141759,tvm
500,50,10,32,32,32,64,8,2,1,[500; 50; 10; 32; 32; 32; 64; 8; 2; 1],0.03440615051658824,0.5314664387374052,tvm
300,60,5,320,32,32,512,1,2,1,[300; 60; 5; 320; 32; 32; 512; 1; 2; 1],0.041203966771718115,0.44378528861122596,tvm
750,750,6,320,320,32,64,64,2,0,[750; 750; 6; 320; 320; 32; 64; 64; 2; 0],0.039534789975732565,0.46252210513672926,tvm
30,30,5,320,320,32,320,16,2,1,[30; 30; 5; 320; 320; 32; 320; 16; 2; 1],0.032232839497737586,0.5673007581909671,tvm
300,100,4,128,64,32,640,40,2,1,[300; 100; 4; 128; 64; 32; 640; 40; 2; 1],0.033951756777241826,0.5385793261210969,tvm
1500,60,6,160,32,32,80,10,2,1,[1500; 60; 6; 160; 32; 32; 80; 10; 2; 1],0.03095183172263205,0.5907797137687244,tvm
50,25,5,256,256,64,8,8,4,1,[50; 25; 5; 256; 256; 64; 8; 8; 4; 1],0.03791183978319168,0.4823219973044228,tvm
500,25,5,160,160,32,320,20,2,1,[500; 25; 5; 160; 160; 32; 320; 20; 2; 1],0.031053471961058676,0.5888460494415804,tvm
60,30,6,128,64,64,640,4,4,0,[60; 30; 6; 128; 64; 64; 640; 4; 4; 0],0.034779984038323164,0.5257539585287254,tvm
750,750,3,160,160,32,40,40,2,1,[750; 750; 3; 160; 160; 32; 40; 40; 2; 1],0.037855300994124264,0.4830423693778717,tvm
300,100,4,160,160,32,320,20,2,0,[300; 100; 4; 160; 160; 32; 320; 20; 2; 0],0.027545165736228228,0.6638447726478686,tvm
300,150,10,128,64,32,80,16,2,0,[300; 150; 10; 128; 64; 32; 80; 16; 2; 0],0.03255565749714151,0.5616754718383381,tvm
300,60,3,320,64,64,32,1,4,1,[300; 60; 3; 320; 64; 64; 32; 1; 4; 1],0.04084889678051695,0.4476427939771371,tvm
375,125,5,80,80,80,16,2,5,0,[375; 125; 5; 80; 80; 80; 16; 2; 5; 0],0.029254587250761688,0.6250545984113377,tvm
150,50,5,160,160,32,20,20,2,1,[150; 50; 5; 160; 160; 32; 20; 20; 2; 1],0.03429043298820034,0.5332599413955075,tvm
750,250,5,64,64,32,80,8,2,1,[750; 250; 5; 64; 64; 32; 80; 8; 2; 1],0.02752139326184988,0.6644181895784296,tvm
150,75,5,320,320,64,256,64,4,0,[150; 75; 5; 320; 320; 64; 256; 64; 4; 0],0.02925129298819229,0.6251249916745759,tvm
750,125,5,128,64,32,512,64,2,1,[750; 125; 5; 128; 64; 32; 512; 64; 2; 1],0.03505388245685026,0.5216459063621033,tvm
500,100,4,320,320,80,40,10,5,1,[500; 100; 4; 320; 320; 80; 40; 10; 5; 1],0.031872158229816705,0.5737206170308174,tvm
750,150,3,256,64,64,128,2,4,0,[750; 150; 3; 256; 64; 64; 128; 2; 4; 0],0.04947963776066899,0.3695603911686166,tvm
750,375,3,128,64,64,128,8,4,1,[750; 375; 3; 128; 64; 64; 128; 8; 4; 1],0.032544613466598094,0.561866076685215,tvm
750,50,5,320,160,80,128,4,5,1,[750; 50; 5; 320; 160; 80; 128; 4; 5; 1],0.024470223375828937,0.7472638890487796,tvm
150,150,5,320,64,64,128,16,4,0,[150; 150; 5; 320; 64; 64; 128; 16; 4; 0],0.02676099253585562,0.6832973127291239,tvm
300,50,10,128,64,16,32,2,1,1,[300; 50; 10; 128; 64; 16; 32; 2; 1; 1],0.048742192273493856,0.3751516588156851,tvm
1500,15,5,256,256,64,512,16,4,1,[1500; 15; 5; 256; 256; 64; 512; 16; 4; 1],0.058423934038728476,0.31298327623047295,tvm
500,20,2,128,128,128,320,2,8,1,[500; 20; 2; 128; 128; 128; 320; 2; 8; 1],0.043880124227143824,0.41671974744326085,tvm
300,75,5,64,16,16,128,32,1,1,[300; 75; 5; 64; 16; 16; 128; 32; 1; 1],0.055288322968408465,0.3307337481761325,tvm
30,30,6,320,160,16,320,5,1,1,[30; 30; 6; 320; 160; 16; 320; 5; 1; 1],0.04220020055072382,0.4333087058137369,tvm
750,150,10,320,16,16,512,16,1,1,[750; 150; 10; 320; 16; 16; 512; 16; 1; 1],0.03897090948885307,0.46921446087740365,tvm
100,25,5,128,128,16,320,10,1,0,[100; 25; 5; 128; 128; 16; 320; 10; 1; 0],0.04705619078595191,0.38859316872655314,tvm
150,30,6,160,80,16,320,40,1,0,[150; 30; 6; 160; 80; 16; 320; 40; 1; 0],0.04583597998134792,0.39893800226711223,tvm
500,100,5,80,16,16,512,1,1,1,[500; 100; 5; 80; 16; 16; 512; 1; 1; 1],0.04105525353224948,0.44539279903242107,tvm
60,12,4,80,80,80,80,5,5,0,[60; 12; 4; 80; 80; 80; 80; 5; 5; 0],0.0428439587703906,0.4267979619649788,tvm
375,15,3,320,160,32,512,1,2,1,[375; 15; 3; 320; 160; 32; 512; 1; 2; 1],0.04132759274216369,0.4424577642302073,tvm
300,20,5,128,128,32,640,8,2,1,[300; 20; 5; 128; 128; 32; 640; 8; 2; 1],0.04052739450708032,0.4511939271723893,tvm
750,750,10,160,16,16,64,64,1,0,[750; 750; 10; 160; 16; 16; 64; 64; 1; 0],0.06381566543132067,0.28653958494554344,tvm
300,15,3,256,256,32,160,16,2,1,[300; 15; 3; 256; 256; 32; 160; 16; 2; 1],0.04710233479272574,0.3882124817417383,tvm
250,50,2,128,128,32,32,4,2,0,[250; 50; 2; 128; 128; 32; 32; 4; 2; 0],0.039837303454987705,0.4590098400203059,tvm
750,750,6,64,32,16,32,1,1,0,[750; 750; 6; 64; 32; 16; 32; 1; 1; 0],0.04286236024927348,0.4266147309520649,tvm
1500,500,5,256,256,32,320,10,2,0,[1500; 500; 5; 256; 256; 32; 320; 10; 2; 0],0.03668218228267506,0.49849036092791577,tvm
150,50,2,64,32,32,8,2,2,1,[150; 50; 2; 64; 32; 32; 8; 2; 2; 1],0.040611821750644594,0.45025594759053267,tvm
60,20,4,128,64,32,16,8,2,0,[60; 20; 4; 128; 64; 32; 16; 8; 2; 0],0.04330835904693231,0.42222136068232147,tvm
50,50,5,128,32,32,4,4,2,0,[50; 50; 5; 128; 32; 32; 4; 4; 2; 0],0.05549626308493316,0.32949451493210047,tvm
30,30,2,160,160,32,320,4,2,0,[30; 30; 2; 160; 160; 32; 320; 4; 2; 0],0.04582890524761751,0.39899958742010094,tvm
100,100,10,16,16,16,512,4,1,0,[100; 100; 10; 16; 16; 16; 512; 4; 1; 0],0.04377286625094712,0.41774084842613285,tvm
1500,250,10,64,32,16,80,8,1,0,[1500; 250; 10; 64; 32; 16; 80; 8; 1; 0],0.04415340325795114,0.41414054039925896,tvm
300,20,5,256,128,32,128,16,2,1,[300; 20; 5; 256; 128; 32; 128; 16; 2; 1],0.04590233904309571,0.39836127454303855,tvm
75,15,3,128,128,64,1,1,4,0,[75; 15; 3; 128; 128; 64; 1; 1; 4; 0],0.07027777505572885,0.26019199200905385,tvm
30,30,2,128,128,128,2,1,8,1,[30; 30; 2; 128; 128; 128; 2; 1; 8; 1],0.05266751896124333,0.3471914881574405,tvm
150,50,5,160,80,16,512,1,1,0,[150; 50; 5; 160; 80; 16; 512; 1; 1; 0],0.04356593603733927,0.41972504091366386,tvm
300,15,5,320,160,80,64,1,5,0,[300; 15; 5; 320; 160; 80; 64; 1; 5; 0],0.044740665529388934,0.40870456595472177,tvm
60,60,10,160,160,16,80,10,1,0,[60; 60; 10; 160; 160; 16; 80; 10; 1; 0],0.04024193622171879,0.4543944949608411,tvm
1500,500,5,256,64,32,512,2,2,1,[1500; 500; 5; 256; 64; 32; 512; 2; 2; 1],0.038294695026706904,0.47749993237866867,tvm
100,20,2,128,128,64,320,20,4,0,[100; 20; 2; 128; 128; 64; 320; 20; 4; 0],0.042819424998015165,0.4270424996730315,tvm
750,30,6,256,256,32,64,32,2,1,[750; 30; 6; 256; 256; 32; 64; 32; 2; 1],0.04694787779590115,0.38948968822847935,tvm
500,500,4,160,160,16,640,20,1,0,[500; 500; 4; 160; 160; 16; 640; 20; 1; 0],0.03934527252567932,0.4647499715189372,tvm
1500,100,5,160,160,32,10,2,2,0,[1500; 100; 5; 160; 160; 32; 10; 2; 2; 0],0.05522433144506067,0.331116987878896,tvm
1500,150,6,80,16,16,512,16,1,0,[1500; 150; 6; 80; 16; 16; 512; 16; 1; 0],0.03641193947987631,0.5021900658661757,tvm
300,30,6,64,64,64,640,40,4,1,[300; 30; 6; 64; 64; 64; 640; 40; 4; 1],0.03577005828265101,0.5112016911245325,tvm
250,250,10,32,16,16,512,8,1,1,[250; 250; 10; 32; 16; 16; 512; 8; 1; 1],0.03865521895932034,0.47304645473506846,tvm
750,30,6,160,32,32,64,8,2,0,[750; 30; 6; 160; 32; 32; 64; 8; 2; 0],0.037853096262551844,0.48307050389968725,tvm
20,20,5,256,256,32,64,16,2,1,[20; 20; 5; 256; 256; 32; 64; 16; 2; 1],0.03525189450010657,0.5187157894637126,tvm
300,50,10,320,32,32,40,2,2,1,[300; 50; 10; 320; 32; 32; 40; 2; 2; 1],0.045877725002355874,0.39857500093510073,tvm
1500,1500,6,64,64,16,640,64,1,0,[1500; 1500; 6; 64; 64; 16; 640; 64; 1; 0],0.03864372550742701,0.47318714864072625,tvm
250,250,5,32,32,16,640,16,1,1,[250; 250; 5; 32; 32; 16; 640; 16; 1; 1],0.03633464325685054,0.5032583960286082,tvm
150,150,6,64,64,16,256,64,1,0,[150; 150; 6; 64; 64; 16; 256; 64; 1; 0],0.037093497754540294,0.4929627938221623,tvm
150,25,5,32,32,32,160,2,2,0,[150; 25; 5; 32; 32; 32; 160; 2; 2; 0],0.03859884903067723,0.4737372938550924,tvm
500,100,4,160,32,32,64,8,2,0,[500; 100; 4; 160; 32; 32; 64; 8; 2; 0],0.03845613024896011,0.47549543251842796,tvm
1500,1500,3,64,32,32,160,40,2,1,[1500; 1500; 3; 64; 32; 32; 160; 40; 2; 1],0.03987847099779174,0.45853599268454537,tvm
375,125,5,256,32,32,320,5,2,0,[375; 125; 5; 256; 32; 32; 320; 5; 2; 0],0.03522656124550849,0.5190888249997941,tvm
1500,30,3,160,80,80,640,40,5,1,[1500; 30; 3; 160; 80; 80; 640; 40; 5; 1],0.031045320793054998,0.5890006551262598,tvm
300,300,6,256,64,32,512,1,2,1,[300; 300; 6; 256; 64; 32; 512; 1; 2; 1],0.035476021526847035,0.5154386963001555,tvm
500,500,5,256,256,32,640,4,2,0,[500; 500; 5; 256; 256; 32; 640; 4; 2; 0],0.025909985997714102,0.7057400296290217,tvm
75,75,3,320,64,32,160,8,2,0,[75; 75; 3; 320; 64; 32; 160; 8; 2; 0],0.03492722223745659,0.5235376051778992,tvm
150,50,5,128,32,32,64,16,2,1,[150; 50; 5; 128; 32; 32; 64; 16; 2; 1],0.04145622602663934,0.44108487526008944,tvm
60,30,10,128,64,32,512,4,2,1,[60; 30; 10; 128; 64; 32; 512; 4; 2; 1],0.04358674772083759,0.41952463172590426,tvm
250,50,5,320,160,32,128,64,2,1,[250; 50; 5; 320; 160; 32; 128; 64; 2; 1],0.03263683000113815,0.5602785039195475,tvm
750,150,5,128,64,64,32,16,4,1,[750; 150; 5; 128; 64; 64; 32; 16; 4; 1],0.03609318129019812,0.5066251749518175,tvm
750,30,5,160,80,80,160,16,5,1,[750; 30; 5; 160; 80; 80; 160; 16; 5; 1],0.031664926500525326,0.5774753428027355,tvm
750,250,10,128,128,32,40,4,2,0,[750; 250; 10; 128; 128; 32; 40; 4; 2; 0],0.037254341470543295,0.4908344521449306,tvm
750,150,5,128,128,32,20,4,2,1,[750; 150; 5; 128; 128; 32; 20; 4; 2; 1],0.03163785673677921,0.5779694382539202,tvm
750,75,3,128,64,64,128,1,4,0,[750; 75; 3; 128; 64; 64; 128; 1; 4; 0],0.039317060029134154,0.46508345924554056,tvm
375,375,5,128,32,32,320,64,2,0,[375; 375; 5; 128; 32; 32; 320; 64; 2; 0],0.03279066027607769,0.5576500787650979,tvm
1500,375,3,160,160,80,80,5,5,0,[1500; 375; 3; 160; 160; 80; 80; 5; 5; 0],0.03549196326639503,0.5152071793962384,tvm
750,250,5,64,64,32,512,16,2,0,[750; 250; 5; 64; 64; 32; 512; 16; 2; 0],0.024651666753925383,0.7417638112766789,tvm
300,300,3,256,128,64,640,2,4,1,[300; 300; 3; 256; 128; 64; 640; 2; 4; 1],0.03374119574436918,0.5419403160531397,tvm
750,50,5,80,80,80,320,4,5,1,[750; 50; 5; 80; 80; 80; 320; 4; 5; 1],0.024380136135732755,0.7500251099465283,tvm
1500,60,4,160,160,80,2560,5,5,0,[1500; 60; 4; 160; 160; 80; 2560; 5; 5; 0],0.06219312199391425,0.2940150566408869,tvm
500,50,5,128,64,16,64,4,1,1,[500; 50; 5; 128; 64; 16; 64; 4; 1; 1],0.04806629999075085,0.3804269163474807,tvm
1500,60,6,256,256,64,8,2,4,1,[1500; 60; 6; 256; 256; 64; 8; 2; 4; 1],0.04952694446546957,0.369207397772402,tvm
300,300,4,32,32,16,40,20,1,0,[300; 300; 4; 32; 32; 16; 40; 20; 1; 0],0.06553754291962832,0.27901128835633787,tvm
1500,150,6,80,80,16,4,1,1,1,[1500; 150; 6; 80; 80; 16; 4; 1; 1; 1],0.03901812626281753,0.4686466531618082,tvm
750,75,5,80,80,16,16,2,1,1,[750; 75; 5; 80; 80; 16; 16; 2; 1; 1],0.03726059873588383,0.4907520250903597,tvm
150,150,2,256,32,32,64,1,2,0,[150; 150; 2; 256; 32; 32; 64; 1; 2; 0],0.05381870851852,0.33976501460308806,tvm
500,100,5,32,32,16,256,64,1,0,[500; 100; 5; 32; 32; 16; 256; 64; 1; 0],0.04487817996414378,0.40745222511973483,tvm
30,15,5,320,64,64,16,1,4,0,[30; 15; 5; 320; 64; 64; 16; 1; 4; 0],0.041555260540917516,0.44003368160113454,tvm
500,250,2,128,128,32,20,2,2,0,[500; 250; 2; 128; 128; 32; 20; 2; 2; 0],0.04606959002558142,0.39691506426605133,tvm
1500,375,5,160,160,32,8,4,2,0,[1500; 375; 5; 160; 160; 32; 8; 4; 2; 0],0.09256405348423868,0.19754660256778708,tvm
1500,125,5,32,32,16,640,16,1,0,[1500; 125; 5; 32; 32; 16; 640; 16; 1; 0],0.038043850974645466,0.48064835228959607,tvm
300,60,10,160,160,16,64,64,1,1,[300; 60; 10; 160; 160; 16; 64; 64; 1; 1],0.04014646454015747,0.45547508342667536,tvm
300,60,6,80,80,16,640,4,1,1,[300; 60; 6; 80; 80; 16; 640; 4; 1; 1],0.03868719673482701,0.47265544751277133,tvm
300,150,10,320,160,16,256,1,1,0,[300; 150; 10; 320; 160; 16; 256; 1; 1; 0],0.047415566514246166,0.38564791333285625,tvm
60,60,10,64,64,16,128,2,1,0,[60; 60; 10; 64; 64; 16; 128; 2; 1; 0],0.042227179277688265,0.43303186711729946,tvm
150,30,5,256,256,32,4,2,2,0,[150; 30; 5; 256; 256; 32; 4; 2; 2; 0],0.03786379122175276,0.4829340564082008,tvm
150,150,5,256,64,16,512,8,1,1,[150; 150; 5; 256; 64; 16; 512; 8; 1; 1],0.04299919377081096,0.4252571428008293,tvm
75,15,5,256,64,32,160,20,2,0,[75; 15; 5; 256; 64; 32; 160; 20; 2; 0],0.04045694472733885,0.4519796145989661,tvm
300,60,4,320,64,64,10,2,4,0,[300; 60; 4; 320; 64; 64; 10; 2; 4; 0],0.043976666522212327,0.415804919558382,tvm
1500,1500,6,32,32,16,160,20,1,1,[1500; 1500; 6; 32; 32; 16; 160; 20; 1; 1],0.03300810977816582,0.5539764139360052,tvm
750,150,6,32,32,16,128,16,1,0,[750; 150; 6; 32; 32; 16; 128; 16; 1; 0],0.03886542352847755,0.47048797171387935,tvm
300,300,10,64,32,16,128,2,1,0,[300; 300; 10; 64; 32; 16; 128; 2; 1; 0],0.04094577225623652,0.4465836954126359,tvm
300,150,6,32,16,16,160,5,1,0,[300; 150; 6; 32; 16; 16; 160; 5; 1; 0],0.04087692027678713,0.4473359089162653,tvm
750,375,3,160,32,32,16,8,2,1,[750; 375; 3; 160; 32; 32; 16; 8; 2; 1],0.04007988725788891,0.45623167969653194,tvm
250,50,2,256,64,64,20,1,4,0,[250; 50; 2; 256; 64; 64; 20; 1; 4; 0],0.036262544977944344,0.5042589894569189,tvm
750,250,10,32,16,16,256,4,1,1,[750; 250; 10; 32; 16; 16; 256; 4; 1; 1],0.03753702773246914,0.48713804449405923,tvm
100,20,5,320,320,80,16,4,5,0,[100; 20; 5; 320; 320; 80; 16; 4; 5; 0],0.03396210476057604,0.5384152252819369,tvm
30,15,5,128,128,64,256,16,4,0,[30; 15; 5; 128; 128; 64; 256; 16; 4; 0],0.03531652723904699,0.5177664882490786,tvm
100,100,2,256,128,128,128,4,8,1,[100; 100; 2; 256; 128; 128; 128; 4; 8; 1],0.03767673426773399,0.4853317210503036,tvm
75,75,3,160,32,32,64,8,2,0,[75; 75; 3; 160; 32; 32; 64; 8; 2; 0],0.041198315273504704,0.44384616614345207,tvm
250,25,5,64,32,32,256,1,2,0,[250; 25; 5; 64; 32; 32; 256; 1; 2; 0],0.04144350398564711,0.44122027645266365,tvm
300,50,10,256,256,32,128,64,2,1,[300; 50; 10; 256; 256; 32; 128; 64; 2; 1],0.045111134997569025,0.40534813160209066,tvm
60,60,2,128,128,64,320,32,4,0,[60; 60; 2; 128; 128; 64; 320; 32; 4; 0],0.03545951272826642,0.5156786678328464,tvm
30,30,10,256,64,32,20,5,2,1,[30; 30; 10; 256; 64; 32; 20; 5; 2; 1],0.04273055476369336,0.4279306549338557,tvm
750,150,10,80,80,16,640,32,1,1,[750; 150; 10; 80; 80; 16; 640; 32; 1; 1],0.03571905300486833,0.5119316652438136,tvm
30,30,10,256,128,32,160,40,2,0,[30; 30; 10; 256; 128; 32; 160; 40; 2; 0],0.042918447754345834,0.4260572141466303,tvm
500,500,4,256,64,32,80,8,2,0,[500; 500; 4; 256; 64; 32; 80; 8; 2; 0],0.03486457600956783,0.5244783209380252,tvm
1500,60,5,64,64,32,320,10,2,0,[1500; 60; 5; 64; 64; 32; 320; 10; 2; 0],0.03224112727912143,0.5671549300187054,tvm
300,50,5,160,32,32,40,8,2,1,[300; 50; 5; 160; 32; 32; 40; 8; 2; 1],0.03894714399939403,0.46950077484497427,tvm
750,25,5,128,128,32,640,64,2,1,[750; 25; 5; 128; 128; 32; 640; 64; 2; 1],0.04243478522403166,0.43091332238813185,tvm
500,50,5,64,32,32,32,2,2,1,[500; 50; 5; 64; 32; 32; 32; 2; 2; 1],0.038190301740542054,0.478805179648595,tvm
300,50,5,320,160,32,160,1,2,1,[300; 50; 5; 320; 160; 32; 160; 1; 2; 1],0.03732542775105685,0.4898996578866142,tvm
30,30,5,64,64,64,20,10,4,0,[30; 30; 5; 64; 64; 64; 20; 10; 4; 0],0.03304426319664344,0.5533703135366537,tvm
250,50,5,320,160,80,8,2,5,1,[250; 50; 5; 320; 160; 80; 8; 2; 5; 1],0.04217791749397293,0.4335376275589531,tvm
300,50,10,64,32,32,640,1,2,0,[300; 50; 10; 64; 32; 32; 640; 1; 2; 0],0.049426790967117995,0.36995552266136733,tvm
150,25,5,160,160,32,80,20,2,1,[150; 25; 5; 160; 160; 32; 80; 20; 2; 1],0.03055168647551909,0.5985173453637833,tvm
1500,300,4,64,64,64,320,2,4,1,[1500; 300; 4; 64; 64; 64; 320; 2; 4; 1],0.027732594520784914,0.6593582245617006,tvm
100,50,5,32,32,32,640,20,2,1,[100; 50; 5; 32; 32; 32; 640; 20; 2; 1],0.03257544670486823,0.5613342604748252,tvm
150,50,10,64,64,32,512,4,2,1,[150; 50; 10; 64; 64; 32; 512; 4; 2; 1],0.03531542205018923,0.5177826916446637,tvm
300,100,4,256,64,64,32,1,4,1,[300; 100; 4; 256; 64; 64; 32; 1; 4; 1],0.042531076760496944,0.42993772268418423,tvm
750,750,3,64,64,32,320,10,2,1,[750; 750; 3; 64; 64; 32; 320; 10; 2; 1],0.029270117986015975,0.6247229442139737,tvm
250,25,5,80,80,80,20,2,5,0,[250; 25; 5; 80; 80; 80; 20; 2; 5; 0],0.03806664375588298,0.48036055931220195,tvm
300,300,6,64,64,64,64,8,4,0,[300; 300; 6; 64; 64; 64; 64; 8; 4; 0],0.028329413500614464,0.645467449769748,tvm
300,300,12,128,128,32,80,16,2,1,[300; 300; 12; 128; 128; 32; 80; 16; 2; 1],0.031649268756154925,0.5777610353843708,tvm
300,300,5,256,64,64,320,64,4,1,[300; 300; 5; 256; 64; 64; 320; 64; 4; 1],0.03329826099798083,0.54914922694681,tvm
750,150,3,256,64,64,160,20,4,1,[750; 150; 3; 256; 64; 64; 160; 20; 4; 1],0.04655511799501255,0.39277559746864427,tvm
75,75,5,80,80,80,40,20,5,1,[75; 75; 5; 80; 80; 80; 40; 20; 5; 1],0.027928841998800635,0.6547251148651112,tvm
300,100,4,160,160,80,16,2,5,0,[300; 100; 4; 160; 160; 80; 16; 2; 5; 0],0.025544028263539076,0.715850847683835,tvm
300,100,4,320,160,80,32,8,5,1,[300; 100; 4; 320; 160; 80; 32; 8; 5; 1],0.030063196027185768,0.60824252581724,tvm
100,100,4,160,160,80,20,5,5,0,[100; 100; 4; 160; 160; 80; 20; 5; 5; 0],0.026324981241486967,0.6946145229116759,tvm
60,60,6,64,64,64,512,8,4,0,[60; 60; 6; 64; 64; 64; 512; 8; 4; 0],0.02824345201952383,0.647431987884269,tvm
250,50,5,160,160,80,160,2,5,0,[250; 50; 5; 160; 160; 80; 160; 2; 5; 0],0.026111740968190134,0.7002870589130892,tvm
125,125,5,160,80,80,320,16,5,0,[125; 125; 5; 160; 80; 80; 320; 16; 5; 0],0.02465332974679768,0.7417137755231417,tvm
75,15,3,128,32,32,32,4,2,0,[75; 15; 3; 128; 32; 32; 32; 4; 2; 0],0.04580708401044831,0.39918965986884103,tvm
500,125,5,256,256,16,80,20,1,0,[500; 125; 5; 256; 256; 16; 80; 20; 1; 0],0.04044194100424647,0.45214729638704176,tvm
750,50,10,320,320,16,32,1,1,1,[750; 50; 10; 320; 320; 16; 32; 1; 1; 1],0.03797668550396338,0.48149842575929713,tvm
60,30,5,64,16,16,320,32,1,1,[60; 30; 5; 64; 16; 16; 320; 32; 1; 1],0.047794456011615694,0.3825906979937219,tvm
150,30,5,64,32,16,640,5,1,1,[150; 30; 5; 64; 32; 16; 640; 5; 1; 1],0.04427220270736143,0.41302924109248806,tvm
1500,750,2,256,128,64,160,20,4,0,[1500; 750; 2; 256; 128; 64; 160; 20; 4; 0],0.05373530392535031,0.34029237670483836,tvm
750,25,5,128,128,16,32,2,1,0,[750; 25; 5; 128; 128; 16; 32; 2; 1; 0],0.049055657524149865,0.37275444278190173,tvm
100,100,2,320,32,32,128,2,2,1,[100; 100; 2; 320; 32; 32; 128; 2; 2; 1],0.04839409445412457,0.37785011770492627,tvm
300,300,4,160,160,16,5,1,1,0,[300; 300; 4; 160; 160; 16; 5; 1; 1; 0],0.04102021997096017,0.4457731893846368,tvm
100,100,2,320,32,32,128,4,2,1,[100; 100; 2; 320; 32; 32; 128; 4; 2; 1],0.04841327323811129,0.3777004334282367,tvm
1500,100,10,256,64,32,40,1,2,1,[1500; 100; 10; 256; 64; 32; 40; 1; 2; 1],0.043747805000748485,0.41798015432777563,tvm
300,30,2,64,64,32,128,4,2,1,[300; 30; 2; 64; 64; 32; 128; 4; 2; 1],0.05247821344528347,0.3484439176798564,tvm
150,50,5,64,16,16,640,1,1,1,[150; 50; 5; 64; 16; 16; 640; 1; 1; 1],0.04334571823710576,0.4218574528097437,tvm
100,50,10,64,64,16,256,8,1,0,[100; 50; 10; 64; 64; 16; 256; 8; 1; 0],0.04601024521980435,0.39742701214388454,tvm
500,20,10,256,64,32,320,16,2,0,[500; 20; 10; 256; 64; 32; 320; 16; 2; 0],0.04148700850782916,0.44075759962937616,tvm
500,125,5,64,32,16,80,4,1,1,[500; 125; 5; 64; 32; 16; 80; 4; 1; 1],0.04777588328579441,0.38273942893592355,tvm
15,15,5,128,64,32,16,16,2,1,[15; 15; 5; 128; 64; 32; 16; 16; 2; 1],0.05253281001932919,0.34808178505939713,tvm
60,60,4,256,128,16,320,4,1,0,[60; 60; 4; 256; 128; 16; 320; 4; 1; 0],0.04560734872939065,0.40093789257980833,tvm
15,15,5,320,32,32,40,20,2,0,[15; 15; 5; 320; 32; 32; 40; 20; 2; 0],0.04791526001645252,0.3816261099164562,tvm
1500,50,5,128,64,64,256,2,4,0,[1500; 50; 5; 128; 64; 64; 256; 2; 4; 0],0.039908527280204,0.458190655779589,tvm
1500,750,6,256,128,32,640,1,2,0,[1500; 750; 6; 256; 128; 32; 640; 1; 2; 0],0.05661700596101582,0.3229721172169558,tvm
100,20,5,128,64,64,32,4,4,0,[100; 20; 5; 128; 64; 64; 32; 4; 4; 0],0.045216549769975245,0.4044031306841636,tvm
1500,100,5,80,80,16,40,5,1,0,[1500; 100; 5; 80; 80; 16; 40; 5; 1; 0],0.03799223026726395,0.48130141760775214,tvm
300,75,3,320,64,32,16,8,2,0,[300; 75; 3; 320; 64; 32; 16; 8; 2; 0],0.05480584152974188,0.33364535194284073,tvm
1500,150,5,128,32,32,80,2,2,1,[1500; 150; 5; 128; 32; 32; 80; 2; 2; 1],0.052687629009597,0.34705897056752283,tvm
750,30,6,320,320,64,8,1,4,0,[750; 30; 6; 320; 320; 64; 8; 1; 4; 0],0.05081182543653995,0.35987123329296117,tvm
60,30,2,128,128,128,40,1,8,0,[60; 30; 2; 128; 128; 128; 40; 1; 8; 0],0.05216178297996521,0.350557692645162,tvm
750,30,2,320,320,80,512,32,5,0,[750; 30; 2; 320; 320; 80; 512; 32; 5; 0],0.04460507252952084,0.4099469690047541,tvm
750,250,10,16,16,16,640,4,1,1,[750; 250; 10; 16; 16; 16; 640; 4; 1; 1],0.03689522121567279,0.49561199752196267,tvm
750,30,10,320,320,32,512,1,2,0,[750; 30; 10; 320; 320; 32; 512; 1; 2; 0],0.0434591532102786,0.42075634095395814,tvm
60,30,2,320,320,80,20,4,5,0,[60; 30; 2; 320; 320; 80; 20; 4; 5; 0],0.034822419518604875,0.5251132614706632,tvm
30,30,3,128,32,32,80,20,2,1,[30; 30; 3; 128; 32; 32; 80; 20; 2; 1],0.03908353828592226,0.4678623043784327,tvm
300,75,3,320,320,32,40,5,2,0,[300; 75; 3; 320; 320; 32; 40; 5; 2; 0],0.03975464723771438,0.45996419428335467,tvm
1500,300,2,160,160,160,256,64,10,1,[1500; 300; 2; 160; 160; 160; 256; 64; 10; 1],0.03133425652049482,0.5835694321885103,tvm
300,300,3,256,64,32,160,20,2,0,[300; 300; 3; 256; 64; 32; 160; 20; 2; 0],0.042206388257909566,0.43324518018400937,tvm
1500,500,10,64,64,32,160,1,2,0,[1500; 500; 10; 64; 64; 32; 160; 1; 2; 0],0.034364970691967756,0.5321032993049597,tvm
300,25,5,128,128,32,320,4,2,0,[300; 25; 5; 128; 128; 32; 320; 4; 2; 0],0.03805323725100607,0.48052979474777385,tvm
300,150,10,320,64,32,20,5,2,0,[300; 150; 10; 320; 64; 32; 20; 5; 2; 0],0.03976078447885811,0.45989319691208047,tvm
750,250,10,160,32,16,320,40,1,0,[750; 250; 10; 160; 32; 16; 320; 40; 1; 0],0.03813314653234556,0.4795228285240991,tvm
300,60,10,320,64,32,256,2,2,1,[300; 60; 10; 320; 64; 32; 256; 2; 2; 1],0.040157214971259236,0.45535314883767425,tvm
60,30,10,32,32,32,640,8,2,0,[60; 30; 10; 32; 32; 32; 640; 8; 2; 0],0.040259399509523064,0.45419739262104336,tvm
150,50,10,128,32,32,40,1,2,1,[150; 50; 10; 128; 32; 32; 40; 1; 2; 1],0.04669548099627718,0.3915949444266807,tvm
1500,50,5,64,32,32,160,4,2,1,[1500; 50; 5; 64; 32; 32; 160; 4; 2; 1],0.039985141484066844,0.457312731855675,tvm
1500,150,10,160,160,32,80,1,2,0,[1500; 150; 10; 160; 160; 32; 80; 1; 2; 0],0.035227514803409576,0.5190747740156925,tvm
300,100,10,320,320,32,160,20,2,0,[300; 100; 10; 320; 320; 32; 160; 20; 2; 0],0.03444561350625008,0.5308575584637615,tvm
125,25,5,160,160,32,160,40,2,0,[125; 25; 5; 160; 160; 32; 160; 40; 2; 0],0.030981667747255415,0.5902107799646832,tvm
300,100,5,64,64,32,64,8,2,1,[300; 100; 5; 64; 64; 32; 64; 8; 2; 1],0.03301844699308276,0.5538029783637333,tvm
300,60,10,128,32,32,320,8,2,1,[300; 60; 10; 128; 32; 32; 320; 8; 2; 1],0.038554603001102805,0.4742809642000787,tvm
300,60,4,256,128,64,256,64,4,0,[300; 60; 4; 256; 128; 64; 256; 64; 4; 0],0.039176882011815906,0.46674756506143705,tvm
60,30,3,80,80,80,32,2,5,0,[60; 30; 3; 80; 80; 80; 32; 2; 5; 0],0.04287529498105869,0.42648602869770325,tvm
250,125,5,320,160,32,160,32,2,0,[250; 125; 5; 320; 160; 32; 160; 32; 2; 0],0.026583211263641715,0.6878670189377741,tvm
250,50,5,160,160,32,20,2,2,1,[250; 50; 5; 160; 160; 32; 20; 2; 2; 1],0.027104683744255453,0.6746330065404194,tvm
1500,300,5,160,32,32,640,2,2,1,[1500; 300; 5; 160; 32; 32; 640; 2; 2; 1],0.025670150527730584,0.7123337382054249,tvm
500,100,4,256,256,64,64,2,4,0,[500; 100; 4; 256; 256; 64; 64; 2; 4; 0],0.028707720222882926,0.6369615609928768,tvm
750,150,6,128,128,32,512,64,2,1,[750; 150; 6; 128; 128; 32; 512; 64; 2; 1],0.03467688197270036,0.5273171417231185,tvm
300,300,6,256,256,64,20,2,4,1,[300; 300; 6; 256; 256; 64; 20; 2; 4; 1],0.034975124755874276,0.5228205592788656,tvm
150,150,6,320,64,64,320,64,4,1,[150; 150; 6; 320; 64; 64; 320; 64; 4; 1],0.027756550756748766,0.6587891430014327,tvm
750,250,10,128,64,32,320,1,2,1,[750; 250; 10; 128; 64; 32; 320; 1; 2; 1],0.031807573745027184,0.5748855424275512,tvm
500,500,4,128,64,64,640,40,4,0,[500; 500; 4; 128; 64; 64; 640; 40; 4; 0],0.025117716984823346,0.7280006497709526,tvm
750,750,10,128,128,32,160,8,2,1,[750; 750; 10; 128; 128; 32; 160; 8; 2; 1],0.028122542542405427,0.6502155435676422,tvm
150,50,5,256,256,64,40,4,4,1,[150; 50; 5; 256; 256; 64; 40; 4; 4; 1],0.027827790763694793,0.6571026223745556,tvm
1500,1500,5,160,160,80,256,2,5,0,[1500; 1500; 5; 160; 160; 80; 256; 2; 5; 0],0.022898390248883516,0.7985589417843845,tvm
150,75,3,160,160,80,80,8,5,0,[150; 75; 3; 160; 160; 80; 80; 8; 5; 0],0.029554217762779444,0.6187175865213831,tvm
250,125,5,320,320,80,320,16,5,0,[250; 125; 5; 320; 320; 80; 320; 16; 5; 0],0.023738565476378426,0.7702956736753905,tvm
150,50,10,160,160,16,128,64,1,1,[150; 50; 10; 160; 160; 16; 128; 64; 1; 1],0.04408224450889975,0.41480905723896594,tvm
1500,50,5,128,128,32,80,5,2,1,[1500; 50; 5; 128; 128; 32; 80; 5; 2; 1],0.044090883748140186,0.41472777887981443,tvm
300,150,10,320,160,16,320,2,1,1,[300; 150; 10; 320; 160; 16; 320; 2; 1; 1],0.045612971240188926,0.400888470725253,tvm
100,20,2,80,80,80,32,32,5,1,[100; 20; 2; 80; 80; 80; 32; 32; 5; 1],0.0468159060110338,0.39058764090573445,tvm
300,100,4,256,64,64,10,5,4,0,[300; 100; 4; 256; 64; 64; 10; 5; 4; 0],0.05205169110558927,0.3512991393232713,tvm
60,30,5,256,32,32,8,1,2,0,[60; 30; 5; 256; 32; 32; 8; 1; 2; 0],0.0459313279716298,0.39810985428091133,tvm
1500,150,10,160,80,16,80,4,1,0,[1500; 150; 10; 160; 80; 16; 80; 4; 1; 0],0.03706497570965439,0.49334213595481646,tvm
1500,1500,5,128,32,16,640,40,1,1,[1500; 1500; 5; 128; 32; 16; 640; 40; 1; 1],0.05434578307904303,0.33646979120935094,tvm
750,50,10,80,80,16,640,20,1,1,[750; 50; 10; 80; 80; 16; 640; 20; 1; 1],0.038425744976848364,0.4758714319457304,tvm
375,75,5,160,80,80,5,1,5,1,[375; 75; 5; 160; 80; 80; 5; 1; 5; 1],0.03995826322352514,0.45762034709628485,tvm
375,375,5,128,128,16,80,4,1,0,[375; 375; 5; 128; 128; 16; 80; 4; 1; 0],0.0366523097618483,0.4988966426543749,tvm
60,20,2,320,80,80,128,4,5,1,[60; 20; 2; 320; 80; 80; 128; 4; 5; 1],0.04765598976518959,0.38370232946187016,tvm
750,250,2,320,160,160,10,10,10,1,[750; 250; 2; 320; 160; 160; 10; 10; 10; 1],0.030866224493365735,0.5924182366276947,tvm
60,60,5,160,80,16,160,2,1,0,[60; 60; 5; 160; 80; 16; 160; 2; 1; 0],0.038319371989928186,0.47719243129873007,tvm
20,20,2,160,160,160,32,16,10,1,[20; 20; 2; 160; 160; 160; 32; 16; 10; 1],0.045585434476379305,0.40113063516350317,tvm
500,500,2,320,160,160,80,2,10,0,[500; 500; 2; 320; 160; 160; 80; 2; 10; 0],0.04982593102613464,0.36699192386637164,tvm
750,125,5,80,80,16,160,16,1,1,[750; 125; 5; 80; 80; 16; 160; 16; 1; 1],0.035966853029094636,0.5084046210804831,tvm
1500,1500,3,256,256,64,320,16,4,1,[1500; 1500; 3; 256; 256; 64; 320; 16; 4; 1],0.03440451453207061,0.5314917107366542,tvm
750,25,5,160,32,32,32,4,2,1,[750; 25; 5; 160; 32; 32; 32; 4; 2; 1],0.036258671956602484,0.5043128525942763,tvm
150,30,2,160,80,80,640,40,5,1,[150; 30; 2; 160; 80; 80; 640; 40; 5; 1],0.041788974252995104,0.43757269979900765,tvm
150,30,6,256,64,32,64,32,2,0,[150; 30; 6; 256; 64; 32; 64; 32; 2; 0],0.044803160300944,0.4081344745077951,tvm
60,30,3,160,80,80,8,4,5,1,[60; 30; 3; 160; 80; 80; 8; 4; 5; 1],0.04192684777081013,0.43613377246178225,tvm
500,250,5,128,128,64,10,2,4,1,[500; 250; 5; 128; 128; 64; 10; 2; 4; 1],0.03282825672067702,0.5570114319898367,tvm
250,50,2,320,80,80,160,2,5,0,[250; 50; 2; 320; 80; 80; 160; 2; 5; 0],0.04261603602208197,0.4290805995245391,tvm
100,100,5,128,128,32,8,4,2,0,[100; 100; 5; 128; 128; 32; 8; 4; 2; 0],0.03889951726887375,0.47007560940469506,tvm
750,375,5,160,32,16,160,5,1,1,[750; 375; 5; 160; 32; 16; 160; 5; 1; 1],0.03592913772445172,0.5089383003274768,tvm
1500,30,2,160,160,80,256,1,5,0,[1500; 30; 2; 160; 160; 80; 256; 1; 5; 0],0.038612872012890875,0.47356524735092526,tvm
1500,150,10,64,64,32,32,4,2,1,[1500; 150; 10; 64; 64; 32; 32; 4; 2; 1],0.033060727757401764,0.5530947297922203,tvm
60,30,6,256,32,32,32,32,2,1,[60; 30; 6; 256; 32; 32; 32; 32; 2; 1],0.03751133877085522,0.48747165216938465,tvm
100,50,2,320,64,64,160,1,4,0,[100; 50; 2; 320; 64; 64; 160; 1; 4; 0],0.04166253551375121,0.4389006588348151,tvm
60,30,6,64,32,32,20,1,2,0,[60; 30; 6; 64; 32; 32; 20; 1; 2; 0],0.04512118746060878,0.4052578248672619,tvm
300,60,3,64,32,32,512,2,2,0,[300; 60; 3; 64; 32; 32; 512; 2; 2; 0],0.03909473802195862,0.4677282726755611,tvm
1500,60,3,64,64,64,160,4,4,0,[1500; 60; 3; 64; 64; 64; 160; 4; 4; 0],0.03671519603813067,0.4980421258468457,tvm
1500,1500,6,160,80,16,640,4,1,0,[1500; 1500; 6; 160; 80; 16; 640; 4; 1; 0],0.03086190001340583,0.592501248392721,tvm
300,30,3,128,128,64,80,10,4,1,[300; 30; 3; 128; 128; 64; 80; 10; 4; 1],0.036450910731218755,0.5016531526619251,tvm
60,30,6,320,64,64,80,40,4,0,[60; 30; 6; 320; 64; 64; 80; 40; 4; 0],0.03883262648014352,0.47088533388449566,tvm
750,750,6,256,64,64,16,8,4,1,[750; 750; 6; 256; 64; 64; 16; 8; 4; 1],0.04689418972702697,0.3899356059280732,tvm
150,150,6,80,80,16,320,20,1,1,[150; 150; 6; 80; 80; 16; 320; 20; 1; 1],0.0340384419541806,0.5372077344294672,tvm
500,500,2,256,64,64,256,2,4,0,[500; 500; 2; 256; 64; 64; 256; 2; 4; 0],0.0365675687789917,0.5000527761697832,tvm
750,150,6,320,32,32,80,4,2,0,[750; 150; 6; 320; 32; 32; 80; 4; 2; 0],0.031195032235700637,0.5861739185762888,tvm
1500,150,3,160,80,80,640,64,5,0,[1500; 150; 3; 160; 80; 80; 640; 64; 5; 0],0.029369425494223833,0.6226105542755881,tvm
150,30,5,320,160,32,16,16,2,1,[150; 30; 5; 320; 160; 32; 16; 16; 2; 1],0.03640118823386729,0.5023383898413912,tvm
150,150,10,32,32,32,40,8,2,0,[150; 150; 10; 32; 32; 32; 40; 8; 2; 0],0.03367142629576847,0.5430632526550345,tvm
60,60,12,320,64,32,20,10,2,1,[60; 60; 12; 320; 64; 32; 20; 10; 2; 1],0.03674630477325991,0.4976204926874907,tvm
750,750,3,320,64,64,80,8,4,0,[750; 750; 3; 320; 64; 64; 80; 8; 4; 0],0.03644419775810093,0.5017455565104237,tvm
150,50,10,64,64,32,640,32,2,0,[150; 50; 10; 64; 64; 32; 640; 32; 2; 0],0.03802881401497871,0.4808384052816359,tvm
300,100,5,128,32,32,128,32,2,0,[300; 100; 5; 128; 32; 32; 128; 32; 2; 0],0.04200786876026541,0.4352925969672249,tvm
500,100,4,128,32,32,160,32,2,1,[500; 100; 4; 128; 32; 32; 160; 32; 2; 1],0.038495215761940926,0.4750126456959056,tvm
150,75,5,256,64,32,320,20,2,0,[150; 75; 5; 256; 64; 32; 320; 20; 2; 0],0.03356255975086242,0.5448247815855112,tvm
300,300,6,320,320,32,320,4,2,1,[300; 300; 6; 320; 320; 32; 320; 4; 2; 1],0.027882867958396673,0.6558046436614032,tvm
150,150,3,256,64,64,32,4,4,1,[150; 150; 3; 256; 64; 64; 32; 4; 4; 1],0.030580971739254892,0.5979441870462884,tvm
500,100,4,160,80,80,16,4,5,1,[500; 100; 4; 160; 80; 80; 16; 4; 5; 1],0.025918380706571043,0.7055114473674793,tvm
375,125,5,64,64,32,320,2,2,1,[375; 125; 5; 64; 64; 32; 320; 2; 2; 1],0.025273891747929156,0.7235021210064551,tvm
500,250,5,64,32,32,160,5,2,0,[500; 250; 5; 64; 32; 32; 160; 5; 2; 0],0.03176812402671203,0.5755994364142767,tvm
500,100,4,256,128,64,512,8,4,0,[500; 100; 4; 256; 128; 64; 512; 8; 4; 0],0.02749397320440039,0.6650808215230118,tvm
500,500,5,128,32,32,256,4,2,1,[500; 500; 5; 128; 32; 32; 256; 4; 2; 1],0.028327966225333512,0.6455004266900564,tvm
50,50,5,128,64,64,320,1,4,1,[50; 50; 5; 128; 64; 64; 320; 1; 4; 1],0.03013674251269549,0.6067581550332188,tvm
750,375,5,256,128,64,160,16,4,0,[750; 375; 5; 256; 128; 64; 160; 16; 4; 0],0.03757619246607646,0.4866303125901462,tvm
300,75,5,160,80,80,80,4,5,0,[300; 75; 5; 160; 80; 80; 80; 4; 5; 0],0.03030325099825859,0.6034241767249691,tvm
375,75,3,320,80,80,160,2,5,1,[375; 75; 3; 320; 80; 80; 160; 2; 5; 1],0.027983814768958837,0.6534389409265885,tvm
60,60,4,320,64,64,640,4,4,0,[60; 60; 4; 320; 64; 64; 640; 4; 4; 0],0.026813140022568405,0.6819684031905009,tvm
75,75,5,256,256,64,640,20,4,0,[75; 75; 5; 256; 256; 64; 640; 20; 4; 0],0.026181720255408436,0.6984153106569441,tvm
250,250,5,320,160,80,160,8,5,1,[250; 250; 5; 320; 160; 80; 160; 8; 5; 1],0.022449897514889017,0.8145121497141358,tvm
750,375,5,320,80,80,640,5,5,0,[750; 375; 5; 320; 80; 80; 640; 5; 5; 0],0.021780469367513433,0.8395463833753861,tvm
500,250,10,160,16,16,80,8,1,0,[500; 250; 10; 160; 16; 16; 80; 8; 1; 0],0.042851305508520454,0.42672478863166485,tvm
500,100,4,160,80,80,1280,10,5,0,[500; 100; 4; 160; 80; 80; 1280; 10; 5; 0],0.057239321526139975,0.31946070984373204,tvm
1500,1500,6,128,16,16,320,5,1,1,[1500; 1500; 6; 128; 16; 16; 320; 5; 1; 1],0.055767744430340827,0.327890512203786,tvm
50,50,2,320,320,32,32,4,2,1,[50; 50; 2; 320; 320; 32; 32; 4; 2; 1],0.03843254427192733,0.4757872431326621,tvm
300,20,5,160,80,80,64,4,5,0,[300; 20; 5; 160; 80; 80; 64; 4; 5; 0],0.03723763971356675,0.49105460030143294,tvm
1500,1500,3,128,128,64,320,32,4,0,[1500; 1500; 3; 128; 128; 64; 320; 32; 4; 0],0.037823135731741786,0.4834531545825435,tvm
1500,150,3,64,32,32,32,8,2,0,[1500; 150; 3; 64; 32; 32; 32; 8; 2; 0],0.044563238974660635,0.4103318050133617,tvm
750,50,2,128,64,64,10,2,4,0,[750; 50; 2; 128; 64; 64; 10; 2; 4; 0],0.0449846779811196,0.4064876110347824,tvm
150,50,5,80,80,16,512,1,1,1,[150; 50; 5; 80; 80; 16; 512; 1; 1; 1],0.0436028330004774,0.41936986721743696,tvm
300,300,6,160,80,16,4,2,1,1,[300; 300; 6; 160; 80; 16; 4; 2; 1; 1],0.04420079622650519,0.41369649071500625,tvm
750,25,5,128,128,64,10,2,4,0,[750; 25; 5; 128; 128; 64; 10; 2; 4; 0],0.03876156726619229,0.4717485792083291,tvm
100,50,2,256,256,32,4,2,2,1,[100; 50; 2; 256; 256; 32; 4; 2; 2; 1],0.04138080449774861,0.44188880587638524,tvm
1500,300,2,128,128,128,320,10,8,0,[1500; 300; 2; 128; 128; 128; 320; 10; 8; 0],0.05194656446110457,0.3520100795001731,tvm
300,300,2,160,160,80,80,1,5,0,[300; 300; 2; 160; 160; 80; 80; 1; 5; 0],0.036026452493388206,0.5075635545595335,tvm
750,250,5,128,16,16,256,64,1,0,[750; 250; 5; 128; 16; 16; 256; 64; 1; 0],0.0514246360398829,0.3555827652631827,tvm
60,15,3,320,320,32,20,5,2,0,[60; 15; 3; 320; 320; 32; 20; 5; 2; 0],0.04099025676259771,0.4460990423070346,tvm
300,300,4,160,160,16,512,32,1,1,[300; 300; 4; 160; 160; 16; 512; 32; 1; 1],0.0395996262668632,0.46176481976082934,tvm
100,20,4,320,160,80,8,2,5,0,[100; 20; 4; 320; 160; 80; 8; 2; 5; 0],0.04490857699420303,0.40717643509556484,tvm
250,25,5,128,32,32,16,16,2,0,[250; 25; 5; 128; 32; 32; 16; 16; 2; 0],0.05218373553361744,0.35041022070822037,tvm
300,75,3,256,64,32,40,10,2,0,[300; 75; 3; 256; 64; 32; 40; 10; 2; 0],0.04996904678409919,0.3659408266225531,tvm
1500,300,10,16,16,16,320,1,1,1,[1500; 300; 10; 16; 16; 16; 320; 1; 1; 1],0.038898136001080275,0.47009230172896865,tvm
300,150,6,80,80,16,80,1,1,1,[300; 150; 6; 80; 80; 16; 80; 1; 1; 1],0.03402754676062614,0.5373797416060861,tvm
150,50,10,128,128,32,8,4,2,0,[150; 50; 10; 128; 128; 32; 8; 4; 2; 0],0.042661950981710106,0.42861880117844775,tvm
500,25,5,320,32,32,640,20,2,1,[500; 25; 5; 320; 32; 32; 640; 20; 2; 1],0.041023108758963645,0.44574179868118396,tvm
300,75,3,64,32,32,20,2,2,1,[300; 75; 3; 64; 32; 32; 20; 2; 2; 1],0.03833571099676192,0.4769890478165076,tvm
500,500,10,128,32,16,640,32,1,1,[500; 500; 10; 128; 32; 16; 640; 32; 1; 1],0.0381396830198355,0.479440646536164,tvm
375,75,3,256,64,32,160,40,2,1,[375; 75; 3; 256; 64; 32; 160; 40; 2; 1],0.04037311201682314,0.4529181272450531,tvm
1500,1500,4,256,128,64,512,4,4,1,[1500; 1500; 4; 256; 128; 64; 512; 4; 4; 1],0.03321411751676351,0.5505404223515888,tvm
60,20,4,256,128,64,20,10,4,0,[60; 20; 4; 256; 128; 64; 20; 10; 4; 0],0.03756908746436238,0.48672234328448655,tvm
150,30,5,320,160,32,8,4,2,0,[150; 30; 5; 320; 160; 32; 8; 4; 2; 0],0.042263335024472326,0.43266141385023343,tvm
500,25,5,128,128,32,64,8,2,0,[500; 25; 5; 128; 128; 32; 64; 8; 2; 0],0.0386179470224306,0.47350301338114453,tvm
750,375,3,32,32,32,32,4,2,0,[750; 375; 3; 32; 32; 32; 32; 4; 2; 0],0.041445707029197365,0.44119682342087935,tvm
1500,1500,2,160,160,160,160,1,10,0,[1500; 1500; 2; 160; 160; 160; 160; 1; 10; 0],0.03554105997318402,0.5144954680448751,tvm
750,30,6,64,64,32,160,32,2,1,[750; 30; 6; 64; 64; 32; 160; 32; 2; 1],0.03004275623243302,0.608656347781224,tvm
100,25,5,320,32,32,80,5,2,0,[100; 25; 5; 320; 32; 32; 80; 5; 2; 0],0.03666312270797789,0.49874950454603034,tvm
250,50,10,160,32,32,80,2,2,0,[250; 50; 10; 160; 32; 32; 80; 2; 2; 0],0.03896560025168583,0.4692783934445656,tvm
60,60,5,128,128,32,10,10,2,1,[60; 60; 5; 128; 128; 32; 10; 10; 2; 1],0.03785017575137317,0.4831077775127873,tvm
75,25,5,128,64,32,32,4,2,1,[75; 25; 5; 128; 64; 32; 32; 4; 2; 1],0.03246838878840208,0.563185146170421,tvm
250,250,2,320,160,80,640,16,5,0,[250; 250; 2; 320; 160; 80; 640; 16; 5; 0],0.03209654177771881,0.5697097965366505,tvm
300,100,5,320,64,32,80,16,2,1,[300; 100; 5; 320; 64; 32; 80; 16; 2; 1],0.03688151523238048,0.49579617785497515,tvm
100,50,2,320,160,160,320,40,10,1,[100; 50; 2; 320; 160; 160; 320; 40; 10; 1],0.03803192375926301,0.4807990887197927,tvm
250,50,5,256,64,32,40,8,2,1,[250; 50; 5; 256; 64; 32; 40; 8; 2; 1],0.03482844401150942,0.5250224293589338,tvm
1500,125,5,160,160,80,40,8,5,0,[1500; 125; 5; 160; 160; 80; 40; 8; 5; 0],0.04171188274631277,0.4383814175189851,tvm
1500,60,4,64,64,32,512,2,2,0,[1500; 60; 4; 64; 64; 32; 512; 2; 2; 0],0.036376535485032946,0.502678829687833,tvm
750,50,5,128,128,32,160,1,2,1,[750; 50; 5; 128; 128; 32; 160; 1; 2; 1],0.03727505047572777,0.49056175786056455,tvm
500,50,5,64,64,32,512,16,2,0,[500; 50; 5; 64; 64; 32; 512; 16; 2; 0],0.03520165925147012,0.5194560334524749,tvm
500,25,5,320,320,64,128,4,4,1,[500; 25; 5; 320; 320; 64; 128; 4; 4; 1],0.03430372750153765,0.533053274892492,tvm
150,30,5,80,80,80,64,4,5,0,[150; 30; 5; 80; 80; 80; 64; 4; 5; 0],0.03563330927863717,0.5131635162686647,tvm
60,60,12,128,128,32,640,5,2,1,[60; 60; 12; 128; 128; 32; 640; 5; 2; 1],0.03680520527996123,0.4968241352445338,tvm
300,75,5,128,64,32,640,8,2,0,[300; 75; 5; 128; 64; 32; 640; 8; 2; 0],0.034467553021386266,0.5305196534946491,tvm
375,125,5,320,320,32,256,64,2,0,[375; 125; 5; 320; 320; 32; 256; 64; 2; 0],0.03011737298220396,0.6071483823147232,tvm
750,125,5,256,256,64,20,10,4,1,[750; 125; 5; 256; 256; 64; 20; 10; 4; 1],0.038729884778149426,0.4721344871139585,tvm
300,50,5,160,160,32,320,16,2,0,[300; 50; 5; 160; 160; 32; 320; 16; 2; 0],0.028343030717223883,0.6451573393173572,tvm
250,50,5,160,160,32,80,2,2,1,[250; 50; 5; 160; 160; 32; 80; 2; 2; 1],0.02900881296955049,0.6303503112970581,tvm
500,500,10,320,160,32,512,4,2,1,[500; 500; 10; 320; 160; 32; 512; 4; 2; 1],0.03069254249567166,0.5957705943811265,tvm
150,30,3,320,160,80,160,5,5,0,[150; 30; 3; 320; 160; 80; 160; 5; 5; 0],0.03303012397373095,0.5536071950640277,tvm
750,250,5,128,32,32,256,16,2,0,[750; 250; 5; 128; 32; 32; 256; 16; 2; 0],0.03248803276801482,0.5628446147012316,tvm
750,750,5,160,160,32,80,2,2,0,[750; 750; 5; 160; 160; 32; 80; 2; 2; 0],0.03134120797039941,0.58343999704748,tvm
750,30,5,320,320,80,160,8,5,1,[750; 30; 5; 320; 320; 80; 160; 8; 5; 1],0.028144672513008118,0.6497042833688279,tvm
150,75,5,256,128,64,80,5,4,0,[150; 75; 5; 256; 128; 64; 80; 5; 4; 0],0.03015452524414286,0.6064003375170385,tvm
300,75,3,160,160,80,320,10,5,0,[300; 75; 3; 160; 160; 80; 320; 10; 5; 0],0.026684272452257574,0.6852618642097269,tvm
750,750,3,160,80,80,640,16,5,1,[750; 750; 3; 160; 80; 80; 640; 16; 5; 1],0.023719838121905923,0.7709038397200075,tvm
375,75,3,160,160,80,640,10,5,0,[375; 75; 3; 160; 160; 80; 640; 10; 5; 0],0.02561185701051727,0.7139550356776329,tvm
500,250,5,80,80,80,256,2,5,0,[500; 250; 5; 80; 80; 80; 256; 2; 5; 0],0.024002092890441418,0.7618383267317652,tvm
50,25,5,256,256,16,256,4,1,0,[50; 25; 5; 256; 256; 16; 256; 4; 1; 0],0.04740631452295929,0.38572317780278736,tvm
1500,30,2,160,160,32,16,2,2,0,[1500; 30; 2; 160; 160; 32; 16; 2; 2; 0],0.051863781991414726,0.35257194102700057,tvm
75,25,5,128,128,16,512,16,1,0,[75; 25; 5; 128; 128; 16; 512; 16; 1; 0],0.045653514738660306,0.4005324538622999,tvm
150,30,10,160,80,16,160,5,1,0,[150; 30; 10; 160; 80; 16; 160; 5; 1; 0],0.049423417483922094,0.3699807746330533,tvm
1500,300,4,160,160,16,32,1,1,0,[1500; 300; 4; 160; 160; 16; 32; 1; 1; 0],0.06213861401192844,0.29427296660018953,tvm
750,25,5,64,16,16,640,10,1,0,[750; 25; 5; 64; 16; 16; 640; 10; 1; 0],0.04502096399664879,0.4061599899787889,tvm
1500,1500,4,128,128,16,640,10,1,0,[1500; 1500; 4; 128; 128; 16; 640; 10; 1; 0],0.06204590597189963,0.29471266474851415,tvm
300,300,4,64,64,16,32,8,1,0,[300; 300; 4; 64; 64; 16; 32; 8; 1; 0],0.047482665977440774,0.38510294039517307,tvm
1500,100,4,32,32,16,160,1,1,0,[1500; 100; 4; 32; 32; 16; 160; 1; 1; 0],0.04327103146351874,0.4225855882619933,tvm
500,125,5,128,64,16,40,10,1,0,[500; 125; 5; 128; 64; 16; 40; 10; 1; 0],0.04412784648593515,0.4143803911106898,tvm
250,250,2,160,160,80,1280,40,5,1,[250; 250; 2; 160; 160; 80; 1280; 40; 5; 1],0.08267229609191418,0.2211830945808548,tvm
1500,300,6,64,64,16,20,4,1,1,[1500; 300; 6; 64; 64; 16; 20; 4; 1; 1],0.04448203247739002,0.41108090766780536,tvm
60,20,5,320,160,32,2,1,2,0,[60; 20; 5; 320; 160; 32; 2; 1; 2; 0],0.053403800004161894,0.3424047405669491,tvm
100,20,2,320,32,32,160,8,2,1,[100; 20; 2; 320; 32; 32; 160; 8; 2; 1],0.05345293693244457,0.342089982984926,tvm
500,20,5,32,32,32,160,5,2,0,[500; 20; 5; 32; 32; 32; 160; 5; 2; 0],0.0456201447523199,0.4008254332595999,tvm
1500,100,10,256,128,32,320,10,2,0,[1500; 100; 10; 256; 128; 32; 320; 10; 2; 0],0.040409905719570816,0.45250573987007303,tvm
100,50,2,64,64,32,32,8,2,1,[100; 50; 2; 64; 64; 32; 32; 8; 2; 1],0.04123675753362477,0.4434323981657378,tvm
300,100,4,64,32,16,640,2,1,0,[300; 100; 4; 64; 32; 16; 640; 2; 1; 0],0.046926790790166706,0.38966470917388996,tvm
1500,750,10,128,64,32,80,8,2,1,[1500; 750; 10; 128; 64; 32; 80; 8; 2; 1],0.04252745828125626,0.4299743042431862,tvm
1500,150,2,160,80,80,20,5,5,0,[1500; 150; 2; 160; 80; 80; 20; 5; 5; 0],0.026366377773229033,0.693523943371569,tvm
100,100,4,128,128,16,320,4,1,0,[100; 100; 4; 128; 128; 16; 320; 4; 1; 0],0.04373146395664662,0.41813634009238543,tvm
100,20,10,128,64,32,512,16,2,0,[100; 20; 10; 128; 64; 32; 512; 16; 2; 0],0.04415454750414938,0.4141298081244272,tvm
15,15,3,160,160,32,16,4,2,1,[15; 15; 3; 160; 160; 32; 16; 4; 2; 1],0.043216312245931476,0.42312065364706736,tvm
1500,150,6,64,32,32,80,40,2,0,[1500; 150; 6; 64; 32; 32; 80; 40; 2; 0],0.053200326510705054,0.3437143244230805,tvm
250,250,5,64,64,16,80,10,1,0,[250; 250; 5; 64; 64; 16; 80; 10; 1; 0],0.0384152969927527,0.4760008568764679,tvm
750,750,5,128,128,32,10,10,2,1,[750; 750; 5; 128; 128; 32; 10; 10; 2; 1],0.04294106422457844,0.42583281564894193,tvm
750,750,3,160,80,80,8,8,5,1,[750; 750; 3; 160; 80; 80; 8; 8; 5; 1],0.03634311573114246,0.5031410741166926,tvm
1500,300,10,128,32,32,256,2,2,1,[1500; 300; 10; 128; 32; 32; 256; 2; 2; 1],0.04171909298747778,0.4383056527907461,tvm
750,750,2,160,160,160,32,8,10,1,[750; 750; 2; 160; 160; 160; 32; 8; 10; 1],0.028109577775467187,0.6505154375414796,tvm
300,300,2,128,64,64,80,1,4,1,[300; 300; 2; 128; 64; 64; 80; 1; 4; 1],0.047514422971289605,0.38484555093436273,tvm
50,50,2,256,256,128,160,40,8,1,[50; 50; 2; 256; 256; 128; 160; 40; 8; 1],0.034264525515027344,0.5336631402555027,tvm
750,50,2,320,320,160,640,20,10,0,[750; 50; 2; 320; 320; 160; 640; 20; 10; 0],0.052917324006557465,0.3455525128868636,tvm
1500,150,5,32,32,16,512,8,1,1,[1500; 150; 5; 32; 32; 16; 512; 8; 1; 1],0.03685885004233569,0.4961010521139837,tvm
150,150,3,128,32,32,40,20,2,0,[150; 150; 3; 128; 32; 32; 40; 20; 2; 0],0.04514392220880836,0.4050537346120632,tvm
100,50,2,320,160,80,80,16,5,1,[100; 50; 2; 320; 160; 80; 80; 16; 5; 1],0.038478881993796676,0.47521428217852574,tvm
150,75,3,64,64,32,32,2,2,1,[150; 75; 3; 64; 64; 32; 32; 2; 2; 1],0.033000634459313005,0.5541019009273603,tvm
300,60,5,320,64,32,40,4,2,1,[300; 60; 5; 320; 64; 32; 40; 4; 2; 1],0.037967333977576345,0.4816170210032103,tvm
750,250,2,256,256,128,640,16,8,0,[750; 250; 2; 256; 256; 128; 640; 16; 8; 0],0.04908115626312792,0.372560788659565,tvm
300,100,2,320,320,160,256,16,10,1,[300; 100; 2; 320; 320; 160; 256; 16; 10; 1],0.036662197730038315,0.4987620878693891,tvm
500,500,5,160,80,16,640,1,1,0,[500; 500; 5; 160; 80; 16; 640; 1; 1; 0],0.03409519273554906,0.5363135626638896,tvm
750,75,3,160,160,32,16,2,2,0,[750; 75; 3; 160; 160; 32; 16; 2; 2; 0],0.034976248745806515,0.5228037580189802,tvm
750,750,10,160,160,16,512,4,1,1,[750; 750; 10; 160; 160; 16; 512; 4; 1; 1],0.03319356753490865,0.5508812593429062,tvm
125,25,5,256,128,32,80,40,2,1,[125; 25; 5; 256; 128; 32; 80; 40; 2; 1],0.038574804726522416,0.4740325820273511,tvm
1500,250,5,32,32,32,320,64,2,0,[1500; 250; 5; 32; 32; 32; 320; 64; 2; 0],0.0341445347876288,0.5355385393137511,tvm
750,750,10,160,32,32,64,32,2,1,[750; 750; 10; 160; 32; 32; 64; 32; 2; 1],0.03093150450149551,0.5911679557918106,tvm
375,375,3,64,32,32,128,2,2,1,[375; 375; 3; 64; 32; 32; 128; 2; 2; 1],0.03550222824560478,0.5150582143524493,tvm
25,25,5,256,256,32,20,20,2,0,[25; 25; 5; 256; 256; 32; 20; 20; 2; 0],0.03710249625146389,0.4928432351770083,tvm
500,500,4,256,256,32,64,8,2,1,[500; 500; 4; 256; 256; 32; 64; 8; 2; 1],0.028469390992540866,0.6422938337706361,tvm
100,25,5,256,256,32,32,16,2,0,[100; 25; 5; 256; 256; 32; 32; 16; 2; 0],0.033723351487424225,0.5422270764675692,tvm
1500,60,4,64,32,32,512,8,2,1,[1500; 60; 4; 64; 32; 32; 512; 8; 2; 1],0.03662487003020942,0.4992704211818804,tvm
750,50,5,128,128,32,160,5,2,0,[750; 50; 5; 128; 128; 32; 160; 5; 2; 0],0.03264388651587069,0.5601573904756777,tvm
50,50,5,256,64,32,128,8,2,1,[50; 50; 5; 256; 64; 32; 128; 8; 2; 1],0.03130672202678397,0.5840826858228796,tvm
50,50,5,256,128,32,128,32,2,1,[50; 50; 5; 256; 128; 32; 128; 32; 2; 1],0.029060283792205155,0.629233851137375,tvm
1500,300,3,160,80,80,40,1,5,0,[1500; 300; 3; 160; 80; 80; 40; 1; 5; 0],0.0356187557335943,0.513373190868312,tvm
300,75,5,128,64,32,256,8,2,1,[300; 75; 5; 128; 64; 32; 256; 8; 2; 1],0.033355290768668056,0.5482103097986116,tvm
1500,1500,6,64,64,64,640,32,4,0,[1500; 1500; 6; 64; 64; 64; 640; 32; 4; 0],0.02547445276286453,0.7178059703944003,tvm
75,75,3,256,64,64,80,10,4,1,[75; 75; 3; 256; 64; 64; 80; 10; 4; 1],0.03194854251341894,0.5723489351050668,tvm
500,500,4,32,32,32,640,2,2,0,[500; 500; 4; 32; 32; 32; 640; 2; 2; 0],0.02822187077254057,0.6479270787217265,tvm
500,50,5,256,64,64,640,4,4,1,[500; 50; 5; 256; 64; 64; 640; 4; 4; 1],0.028227503993548453,0.6477977751732348,tvm
375,75,3,64,64,64,320,16,4,0,[375; 75; 3; 64; 64; 64; 320; 16; 4; 0],0.028246109024621546,0.6473710863954752,tvm
500,250,5,128,64,64,128,4,4,1,[500; 250; 5; 128; 64; 64; 128; 4; 4; 1],0.02549540501786396,0.7172160737553284,tvm
750,375,5,256,256,64,640,16,4,1,[750; 375; 5; 256; 256; 64; 640; 16; 4; 1],0.035236751777119935,0.518938703583559,tvm
100,100,4,128,128,64,640,8,4,1,[100; 100; 4; 128; 128; 64; 640; 8; 4; 1],0.027152387774549425,0.6734477438059396,tvm
750,750,5,320,80,80,512,2,5,1,[750; 750; 5; 320; 80; 80; 512; 2; 5; 1],0.020932287850882858,0.8735650119078147,tvm
60,30,5,64,64,32,4,1,2,0,[60; 30; 5; 64; 64; 32; 4; 1; 2; 0],0.046053649741224945,0.3970524461896409,tvm
150,150,5,160,32,16,20,4,1,1,[150; 150; 5; 160; 32; 16; 20; 4; 1; 1],0.04086581279989332,0.4474574964470552,tvm
750,50,5,256,256,16,160,8,1,1,[750; 50; 5; 256; 256; 16; 160; 8; 1; 1],0.06074685347266495,0.301015003088885,tvm
750,75,5,64,16,16,160,2,1,0,[750; 75; 5; 64; 16; 16; 160; 2; 1; 0],0.04251180001301691,0.4301326756363007,tvm
60,60,3,320,80,80,2,1,5,0,[60; 60; 3; 320; 80; 80; 2; 1; 5; 0],0.07875484705436975,0.23218525550675545,tvm
150,15,3,320,64,32,320,10,2,0,[150; 15; 3; 320; 64; 32; 320; 10; 2; 0],0.04783956200117245,0.38222996868713266,tvm
500,100,10,128,64,16,512,8,1,1,[500; 100; 10; 128; 64; 16; 512; 8; 1; 1],0.04435848299181089,0.4122258709588885,tvm
1500,125,5,64,64,64,1280,5,4,1,[1500; 125; 5; 64; 64; 64; 1280; 5; 4; 1],0.05530711845494807,0.33062135212503285,tvm
20,20,2,320,64,64,320,64,4,0,[20; 20; 2; 320; 64; 64; 320; 64; 4; 0],0.04520025523379445,0.4045489166185676,tvm
20,20,2,160,80,80,160,16,5,1,[20; 20; 2; 160; 80; 80; 160; 16; 5; 1],0.04328237974550575,0.42247478981589487,tvm
500,50,5,256,256,64,4,1,4,1,[500; 50; 5; 256; 256; 64; 4; 1; 4; 1],0.04218664497602731,0.43344793823033806,tvm
60,60,4,320,80,16,40,8,1,1,[60; 60; 4; 320; 80; 16; 40; 8; 1; 1],0.04373759828740731,0.4180776952030082,tvm
375,15,5,320,320,32,32,1,2,0,[375; 15; 5; 320; 320; 32; 32; 1; 2; 0],0.03972634929232299,0.460291836814916,tvm
60,60,4,256,256,64,2,2,4,1,[60; 60; 4; 256; 256; 64; 2; 2; 4; 1],0.07107937848195434,0.25725765582427923,tvm
1500,300,4,64,16,16,512,8,1,1,[1500; 300; 4; 64; 16; 16; 512; 8; 1; 1],0.04856091976398602,0.37655205821030235,tvm
750,150,5,64,64,16,10,5,1,0,[750; 150; 5; 64; 64; 16; 10; 5; 1; 0],0.06452505453489721,0.28338936584431385,tvm
100,100,10,64,32,16,320,16,1,1,[100; 100; 10; 64; 32; 16; 320; 16; 1; 1],0.04206118453294039,0.4347408302634405,tvm
1500,150,5,64,64,32,8,4,2,1,[1500; 150; 5; 64; 64; 32; 8; 4; 2; 1],0.04413279250729829,0.4143339509434024,tvm
500,20,4,256,128,32,64,64,2,1,[500; 20; 4; 256; 128; 32; 64; 64; 2; 1],0.04897870076820254,0.373340125379266,tvm
60,15,5,64,32,32,64,4,2,0,[60; 15; 5; 64; 32; 32; 64; 4; 2; 0],0.04579522623680532,0.3992930221844429,tvm
750,30,6,256,128,32,80,5,2,0,[750; 30; 6; 256; 128; 32; 80; 5; 2; 0],0.05181213596370071,0.3529233826323075,tvm
750,30,3,256,64,32,160,1,2,1,[750; 30; 3; 256; 64; 32; 160; 1; 2; 1],0.0580300489673391,0.3151076831936845,tvm
150,50,2,256,128,32,4,2,2,1,[150; 50; 2; 256; 128; 32; 4; 2; 2; 1],0.04021812399150804,0.4546635315355652,tvm
300,50,2,160,160,32,10,10,2,0,[300; 50; 2; 160; 160; 32; 10; 10; 2; 0],0.03517941874451935,0.5197844347147732,tvm
750,750,5,80,80,16,32,16,1,1,[750; 750; 5; 80; 80; 16; 32; 16; 1; 1],0.04037936375243589,0.4528480041890506,tvm
100,20,10,64,64,32,160,16,2,0,[100; 20; 10; 64; 64; 32; 160; 16; 2; 0],0.042557786975521594,0.4296678841931295,tvm
1500,60,10,80,80,16,640,40,1,0,[1500; 60; 10; 80; 80; 16; 640; 40; 1; 0],0.04057072353316471,0.45071205769269934,tvm
1500,30,5,128,64,64,640,10,4,0,[1500; 30; 5; 128; 64; 64; 640; 10; 4; 0],0.04677580128191039,0.3909225237106932,tvm
300,30,3,128,32,32,40,4,2,0,[300; 30; 3; 128; 32; 32; 40; 4; 2; 0],0.05997278552968055,0.30490019971916565,tvm
300,75,3,32,32,32,16,2,2,0,[300; 75; 3; 32; 32; 32; 16; 2; 2; 0],0.052646798430942,0.34732813448665967,tvm
150,150,10,320,16,16,640,40,1,1,[150; 150; 10; 320; 16; 16; 640; 40; 1; 1],0.04181730648269877,0.43727623378324726,tvm
1500,300,4,128,64,64,256,16,4,0,[1500; 300; 4; 128; 64; 64; 256; 16; 4; 0],0.03872530272928998,0.4721903509325917,tvm
1500,100,5,160,80,80,5,5,5,1,[1500; 100; 5; 160; 80; 80; 5; 5; 5; 1],0.036217382992617786,0.5048877852229543,tvm
750,150,2,320,64,64,16,8,4,1,[750; 150; 2; 320; 64; 64; 16; 8; 4; 1],0.032958857249468565,0.5548042563280657,tvm
500,20,4,320,320,80,320,2,5,1,[500; 20; 4; 320; 320; 80; 320; 2; 5; 1],0.03812321653822437,0.47964773033723573,tvm
300,150,10,128,16,16,640,20,1,1,[300; 150; 10; 128; 16; 16; 640; 20; 1; 1],0.0462065190076828,0.3957388411508321,tvm
1500,300,12,128,32,32,320,1,2,1,[1500; 300; 12; 128; 32; 32; 320; 1; 2; 1],0.04552852699998766,0.4016320204191812,tvm
500,50,2,320,320,80,20,20,5,1,[500; 50; 2; 320; 320; 80; 20; 20; 5; 1],0.04310361499665305,0.424226930551745,tvm
300,30,2,320,320,160,512,2,10,1,[300; 30; 2; 320; 320; 160; 512; 2; 10; 1],0.05043190345168114,0.36258227499253226,tvm
60,20,10,160,160,32,80,20,2,1,[60; 20; 10; 160; 160; 32; 80; 20; 2; 1],0.04181680525653064,0.4372814750801308,tvm
1500,750,6,256,128,64,640,2,4,1,[1500; 750; 6; 256; 128; 64; 640; 2; 4; 1],0.03299072047229856,0.5542684131760117,tvm
750,250,5,80,80,16,80,4,1,1,[750; 250; 5; 80; 80; 16; 80; 4; 1; 1],0.036059197795111686,0.5071026368809892,tvm
750,30,6,256,256,64,160,32,4,0,[750; 30; 6; 256; 256; 64; 160; 32; 4; 0],0.046241923002526164,0.3954358534076395,tvm
75,15,5,128,128,64,64,32,4,0,[75; 15; 5; 128; 128; 64; 64; 32; 4; 0],0.03636096097761765,0.5028941423459693,tvm
60,30,10,256,128,32,16,1,2,1,[60; 30; 10; 256; 128; 32; 16; 1; 2; 1],0.03588656400097534,0.5095420750010313,tvm
300,300,4,160,80,80,10,2,5,0,[300; 300; 4; 160; 80; 80; 10; 2; 5; 0],0.04041179100750014,0.4524846296052701,tvm
300,30,5,64,64,32,512,4,2,1,[300; 30; 5; 64; 64; 32; 512; 4; 2; 1],0.03808060026494786,0.48018450755740266,tvm
1500,1500,5,64,64,32,128,16,2,0,[1500; 1500; 5; 64; 64; 32; 128; 16; 2; 0],0.03203163202852011,0.5708642715873227,tvm
375,375,3,160,160,32,16,16,2,1,[375; 375; 3; 160; 160; 32; 16; 16; 2; 1],0.03270979900844395,0.5590286348440685,tvm
750,150,6,80,80,16,256,32,1,0,[750; 150; 6; 80; 80; 16; 256; 32; 1; 0],0.033001908217556775,0.5540805145317754,tvm
30,30,5,64,64,32,80,4,2,1,[30; 30; 5; 64; 64; 32; 80; 4; 2; 1],0.033852905966341496,0.540151982931539,tvm
500,25,5,128,64,64,256,4,4,1,[500; 25; 5; 128; 64; 64; 256; 4; 4; 1],0.03529223648365587,0.5181228538515136,tvm
300,100,5,256,128,32,80,5,2,1,[300; 100; 5; 256; 128; 32; 80; 5; 2; 1],0.03518935275496915,0.5196376987392054,tvm
1500,750,10,160,160,32,64,64,2,1,[1500; 750; 10; 160; 160; 32; 64; 64; 2; 1],0.03134471323573962,0.5833747512121022,tvm
300,75,5,320,160,32,80,5,2,0,[300; 75; 5; 320; 160; 32; 80; 5; 2; 0],0.03469174850033596,0.5270911694040791,tvm
75,25,5,128,64,64,512,2,4,0,[75; 25; 5; 128; 64; 64; 512; 2; 4; 0],0.0319870290113613,0.5716602901513449,tvm
60,60,10,256,256,32,64,4,2,0,[60; 60; 10; 256; 256; 32; 64; 4; 2; 0],0.03250343078980222,0.5625779753517999,tvm
750,750,3,64,32,32,256,2,2,0,[750; 750; 3; 64; 32; 32; 256; 2; 2; 0],0.03478907799581066,0.5256165250460583,tvm
500,500,5,256,64,64,64,2,4,1,[500; 500; 5; 256; 64; 64; 64; 2; 4; 1],0.027686804998666048,0.6604486970091094,tvm
300,300,6,256,128,64,40,2,4,0,[300; 300; 6; 256; 128; 64; 40; 2; 4; 0],0.035605947487056255,0.5135578625554522,tvm
100,100,4,160,160,32,640,20,2,1,[100; 100; 4; 160; 160; 32; 640; 20; 2; 1],0.027286152238957584,0.6701463117840047,tvm
100,50,5,64,64,64,40,4,4,1,[100; 50; 5; 64; 64; 64; 40; 4; 4; 1],0.032029489520937204,0.570902457679233,tvm
150,150,3,320,80,80,20,4,5,1,[150; 150; 3; 320; 80; 80; 20; 4; 5; 1],0.026528181217145175,0.6892939299546184,tvm
500,100,4,320,160,80,80,5,5,1,[500; 100; 4; 320; 160; 80; 80; 5; 5; 1],0.031577545509207994,0.5790733253913666,tvm
1500,750,3,128,64,32,256,32,2,0,[1500; 750; 3; 128; 64; 32; 256; 32; 2; 0],0.048668682225979865,0.3757182945864348,tvm
75,75,5,32,32,16,640,64,1,0,[75; 75; 5; 32; 32; 16; 640; 64; 1; 0],0.043013158487156034,0.42511907818102923,tvm
250,50,10,128,128,16,512,1,1,0,[250; 50; 10; 128; 128; 16; 512; 1; 1; 0],0.05549433350097388,0.3295059717294089,tvm
60,30,6,256,64,32,8,8,2,0,[60; 30; 6; 256; 64; 32; 8; 8; 2; 0],0.05577903741504997,0.32782412772115255,tvm
1500,75,5,256,32,32,640,8,2,0,[1500; 75; 5; 256; 32; 32; 640; 8; 2; 0],0.044651627249550074,0.40951954972477606,tvm
20,20,4,320,32,32,32,32,2,1,[20; 20; 4; 320; 32; 32; 32; 32; 2; 1],0.044198653486091644,0.41371654662439894,tvm
375,15,5,320,32,32,256,32,2,1,[375; 15; 5; 320; 32; 32; 256; 32; 2; 1],0.033721066487487406,0.5422638187466406,tvm
1500,500,2,256,256,128,160,5,8,1,[1500; 500; 2; 256; 256; 128; 160; 5; 8; 1],0.04718950350070372,0.3874953735302936,tvm
150,30,3,128,64,32,16,2,2,0,[150; 30; 3; 128; 64; 32; 16; 2; 2; 0],0.0517150720115751,0.3535857840751241,tvm
300,30,10,256,64,32,256,4,2,0,[300; 30; 10; 256; 64; 32; 256; 4; 2; 0],0.051033066934905946,0.35831109874384404,tvm
20,20,4,80,80,80,10,1,5,0,[20; 20; 4; 80; 80; 80; 10; 1; 5; 0],0.04538099776254967,0.4029376872979297,tvm
500,20,5,128,128,64,320,16,4,1,[500; 20; 5; 128; 128; 64; 320; 16; 4; 1],0.03393216774566099,0.5388902478254587,tvm
750,250,2,64,64,64,128,1,4,1,[750; 250; 2; 64; 64; 64; 128; 1; 4; 1],0.0417837769491598,0.43762712758024097,tvm
1500,375,5,256,128,32,640,2,2,1,[1500; 375; 5; 256; 128; 32; 640; 2; 2; 1],0.03841720026684925,0.47597727472850987,tvm
500,20,5,320,320,80,40,20,5,0,[500; 20; 5; 320; 320; 80; 40; 20; 5; 0],0.040961969760246575,0.44640710377801457,tvm
500,20,4,320,320,80,160,8,5,0,[500; 20; 4; 320; 320; 80; 160; 8; 5; 0],0.0376621259492822,0.48551997065536856,tvm
750,75,3,256,32,32,80,5,2,1,[750; 75; 3; 256; 32; 32; 80; 5; 2; 1],0.05841984192375094,0.3130051996645359,tvm
150,150,6,80,16,16,256,1,1,0,[150; 150; 6; 80; 16; 16; 256; 1; 1; 0],0.03944869025144726,0.46353159431049645,tvm
150,150,10,16,16,16,640,32,1,0,[150; 150; 10; 16; 16; 16; 640; 32; 1; 0],0.04313531896332279,0.42391512860406366,tvm
300,150,5,64,16,16,640,10,1,1,[300; 150; 5; 64; 16; 16; 640; 10; 1; 1],0.040727318497374654,0.44897908726529623,tvm
750,125,5,160,80,16,80,5,1,0,[750; 125; 5; 160; 80; 16; 80; 5; 1; 0],0.03694978798739612,0.4948800867802461,tvm
750,50,10,160,160,32,10,1,2,1,[750; 50; 10; 160; 160; 32; 10; 1; 2; 1],0.03287033754168078,0.5562983423132585,tvm
150,30,3,128,128,32,320,64,2,1,[150; 30; 3; 128; 128; 32; 320; 64; 2; 1],0.039645331038627774,0.4612324782430976,tvm
150,50,2,256,256,64,160,32,4,0,[150; 50; 2; 256; 256; 64; 160; 32; 4; 0],0.03921835374785587,0.4662539994227574,tvm
1500,1500,5,64,64,32,80,1,2,0,[1500; 1500; 5; 64; 64; 32; 80; 1; 2; 0],0.03905338078038767,0.46822359345896225,tvm
75,15,5,256,256,32,40,40,2,0,[75; 15; 5; 256; 256; 32; 40; 40; 2; 0],0.05155408848077059,0.3546898960794305,tvm
300,150,5,80,80,16,128,16,1,1,[300; 150; 5; 80; 80; 16; 128; 16; 1; 1],0.037586548540275544,0.48649623325005187,tvm
1500,250,2,160,80,80,16,4,5,1,[1500; 250; 2; 160; 80; 80; 16; 4; 5; 1],0.028093898727092892,0.6508784865832846,tvm
150,150,2,256,256,64,10,5,4,0,[150; 150; 2; 256; 256; 64; 10; 5; 4; 0],0.030209253542125225,0.6053017582912406,tvm
300,150,3,128,64,32,128,8,2,0,[300; 150; 3; 128; 64; 32; 128; 8; 2; 0],0.039282573969103396,0.46549175469245985,tvm
1500,125,5,160,160,80,40,20,5,1,[1500; 125; 5; 160; 160; 80; 40; 20; 5; 1],0.02471696923021227,0.7398040639773555,tvm
250,50,5,160,32,32,20,4,2,1,[250; 50; 5; 160; 32; 32; 20; 4; 2; 1],0.03563562303315848,0.5131301975189172,tvm
500,25,5,320,160,80,10,2,5,0,[500; 25; 5; 320; 160; 80; 10; 2; 5; 0],0.04160516895353794,0.4395058293390091,tvm
30,30,3,160,160,80,80,40,5,1,[30; 30; 3; 160; 160; 80; 80; 40; 5; 1],0.03220788500038907,0.5677402997897377,tvm
50,50,10,256,64,32,640,32,2,1,[50; 50; 10; 256; 64; 32; 640; 32; 2; 1],0.03828514297492802,0.47761906747192096,tvm
750,150,5,320,320,80,10,10,5,1,[750; 150; 5; 320; 320; 80; 10; 10; 5; 1],0.03162411449011415,0.5782205946487604,tvm
150,30,6,160,160,32,128,8,2,0,[150; 30; 6; 160; 160; 32; 128; 8; 2; 0],0.03212199150584638,0.5692584247893281,tvm
300,75,3,320,64,64,32,2,4,1,[300; 75; 3; 320; 64; 64; 32; 2; 4; 1],0.03337222326081246,0.5479321573155841,tvm
150,75,3,160,160,32,256,4,2,1,[150; 75; 3; 160; 160; 32; 256; 4; 2; 1],0.03330115048447624,0.5491015781643462,tvm
60,30,5,64,64,64,640,1,4,0,[60; 30; 5; 64; 64; 64; 640; 1; 4; 0],0.04380726325325668,0.41741284270605306,tvm
300,100,10,128,128,32,80,8,2,0,[300; 100; 10; 128; 128; 32; 80; 8; 2; 0],0.03291161300148815,0.5556006715589258,tvm
1500,300,4,160,160,80,640,64,5,0,[1500; 300; 4; 160; 160; 80; 640; 64; 5; 0],0.026787896757014096,0.6826110482498552,tvm
500,250,10,128,64,32,32,8,2,0,[500; 250; 10; 128; 64; 32; 32; 8; 2; 0],0.03247696300968528,0.5630364600366458,tvm
60,60,5,256,64,32,640,1,2,0,[60; 60; 5; 256; 64; 32; 640; 1; 2; 0],0.04290924372617155,0.42614860337334065,tvm
150,50,5,64,64,32,320,16,2,0,[150; 50; 5; 64; 64; 32; 320; 16; 2; 0],0.031650933262426406,0.5777306512292231,tvm
50,25,5,320,80,80,80,4,5,1,[50; 25; 5; 320; 80; 80; 80; 4; 5; 1],0.03393213072558865,0.5388908357565886,tvm
150,50,5,320,320,32,640,4,2,1,[150; 50; 5; 320; 320; 32; 640; 4; 2; 1],0.036715319962240756,0.4980404448203071,tvm
250,50,5,256,64,64,40,4,4,1,[250; 50; 5; 256; 64; 64; 40; 4; 4; 1],0.033507582964375615,0.545718690159036,tvm
375,375,5,320,32,32,640,1,2,0,[375; 375; 5; 320; 32; 32; 640; 1; 2; 0],0.03966058971127495,0.46105502764412787,tvm
500,250,5,320,64,32,320,20,2,1,[500; 250; 5; 320; 64; 32; 320; 20; 2; 1],0.031803631980437785,0.5749567941473388,tvm
125,25,5,320,320,80,640,4,5,0,[125; 25; 5; 320; 320; 80; 640; 4; 5; 0],0.036623694526497275,0.4992864461690111,tvm
500,500,5,256,32,32,160,2,2,1,[500; 500; 5; 256; 32; 32; 160; 2; 2; 1],0.03005742299137637,0.6083593490686329,tvm
300,30,5,320,160,80,512,2,5,0,[300; 30; 5; 320; 160; 80; 512; 2; 5; 0],0.039043953467626125,0.4683366478467955,tvm
150,150,6,64,32,32,512,64,2,1,[150; 150; 6; 64; 32; 32; 512; 64; 2; 1],0.0309927569469437,0.5899996027141917,tvm
300,150,3,256,256,64,320,32,4,1,[300; 150; 3; 256; 256; 64; 320; 32; 4; 1],0.031071311270352453,0.5885079688658684,tvm
500,100,4,80,80,80,320,32,5,0,[500; 100; 4; 80; 80; 80; 320; 32; 5; 0],0.02867017377866432,0.637795725511859,tvm
300,75,5,128,64,64,128,1,4,1,[300; 75; 5; 128; 64; 64; 128; 1; 4; 1],0.03539596049813554,0.5166045511514648,tvm
375,75,5,256,256,64,128,2,4,0,[375; 75; 5; 256; 256; 64; 128; 2; 4; 0],0.029367748997174203,0.6226460968279781,tvm
150,50,5,256,256,64,80,1,4,1,[150; 50; 5; 256; 256; 64; 80; 1; 4; 1],0.03110083326464519,0.587949336601895,tvm
50,50,5,64,64,64,640,10,4,0,[50; 50; 5; 64; 64; 64; 640; 10; 4; 0],0.025605717266444117,0.714126227960715,tvm
750,750,5,64,64,64,320,10,4,1,[750; 750; 5; 64; 64; 64; 320; 10; 4; 1],0.02100781974149868,0.8704241806489245,tvm
300,150,5,80,80,80,160,10,5,1,[300; 150; 5; 80; 80; 80; 160; 10; 5; 1],0.02468284749193117,0.7408267742079552,tvm
375,375,5,320,320,80,512,16,5,0,[375; 375; 5; 320; 320; 80; 512; 16; 5; 0],0.02722994750365615,0.6715295460359986,tvm
250,250,5,160,80,80,160,8,5,0,[250; 250; 5; 160; 80; 80; 160; 8; 5; 0],0.024029880267335102,0.7609573615134022,tvm
30,15,3,128,64,32,512,4,2,0,[30; 15; 3; 128; 64; 32; 512; 4; 2; 0],0.04748639778699726,0.38507267634272496,tvm
60,10,5,160,160,80,16,4,5,0,[60; 10; 5; 160; 160; 80; 16; 4; 5; 0],0.04187973553780466,0.43662439723879937,tvm
150,15,5,320,320,32,8,1,2,0,[150; 15; 5; 320; 320; 32; 8; 1; 2; 0],0.036769343714695424,0.4973086935572942,tvm
100,20,2,320,320,80,32,1,5,0,[100; 20; 2; 320; 320; 80; 32; 1; 5; 0],0.04280996322631836,0.4271368837446874,tvm
300,30,2,320,320,32,40,8,2,1,[300; 30; 2; 320; 320; 32; 40; 8; 2; 1],0.05065255891531706,0.36100277413990206,tvm
1500,150,6,160,80,16,20,20,1,0,[1500; 150; 6; 160; 80; 16; 20; 20; 1; 0],0.05932200909592211,0.3082450268356012,tvm
20,20,2,320,320,32,64,16,2,0,[20; 20; 2; 320; 320; 32; 64; 16; 2; 0],0.04634947923477739,0.39451822517984136,tvm
30,15,5,128,64,64,40,2,4,1,[30; 15; 5; 128; 64; 64; 40; 2; 4; 1],0.037859283213038,0.4829915606911714,tvm
30,15,5,256,64,64,32,2,4,1,[30; 15; 5; 256; 64; 64; 32; 2; 4; 1],0.037266349769197404,0.49067629104979826,tvm
60,60,3,32,32,32,8,2,2,1,[60; 60; 3; 32; 32; 32; 8; 2; 2; 1],0.03454762528417632,0.5292900491800113,tvm
1500,50,10,64,32,32,32,4,2,0,[1500; 50; 10; 64; 32; 32; 32; 4; 2; 0],0.04181344748940319,0.43731659032296843,tvm
20,20,5,128,64,32,80,40,2,0,[20; 20; 5; 128; 64; 32; 80; 40; 2; 0],0.03859092353377491,0.47383458625214203,tvm
375,125,5,160,80,16,40,10,1,0,[375; 125; 5; 160; 80; 16; 40; 10; 1; 0],0.039008593012113124,0.4687611850044457,tvm
1500,125,5,32,32,16,320,16,1,1,[1500; 125; 5; 32; 32; 16; 320; 16; 1; 1],0.037250952795147896,0.4908791027781733,tvm
500,100,2,320,80,80,80,16,5,1,[500; 100; 2; 320; 80; 80; 80; 16; 5; 1],0.04985420551383868,0.36678378678882934,tvm
250,50,2,256,256,32,4,2,2,0,[250; 50; 2; 256; 256; 32; 4; 2; 2; 0],0.044583412003703415,0.4101461387521293,tvm
375,25,5,256,128,64,16,4,4,1,[375; 25; 5; 256; 128; 64; 16; 4; 4; 1],0.03978704247856513,0.45958968414316126,tvm
1500,60,6,256,64,64,128,8,4,1,[1500; 60; 6; 256; 64; 64; 128; 8; 4; 1],0.03837291774107143,0.4765265547201968,tvm
750,30,6,256,128,64,20,2,4,0,[750; 30; 6; 256; 128; 64; 20; 2; 4; 0],0.04820170847233385,0.379358219142993,tvm
1500,500,4,128,128,64,256,32,4,1,[1500; 500; 4; 128; 128; 64; 256; 32; 4; 1],0.03410798974800855,0.5361123426156162,tvm
100,20,4,320,32,32,128,32,2,1,[100; 20; 4; 320; 32; 32; 128; 32; 2; 1],0.038302091241348535,0.4774077261341328,tvm
20,20,5,160,32,32,128,8,2,1,[20; 20; 5; 160; 32; 32; 128; 8; 2; 1],0.03847091970965266,0.4753126367583631,tvm
60,20,4,160,32,32,160,1,2,0,[60; 20; 4; 160; 32; 32; 160; 1; 2; 0],0.04006561200367287,0.45639423363951137,tvm
300,30,3,128,64,32,160,10,2,1,[300; 30; 3; 128; 64; 32; 160; 10; 2; 1],0.044011860503815114,0.41547242212424107,tvm
500,500,2,320,320,64,64,1,4,1,[500; 500; 2; 320; 320; 64; 64; 1; 4; 1],0.04273880273103714,0.4278480705411784,tvm
75,15,5,320,320,32,320,2,2,1,[75; 15; 5; 320; 320; 32; 320; 2; 2; 1],0.03586405178066343,0.5098619196053377,tvm
150,75,5,32,32,32,16,2,2,0,[150; 75; 5; 32; 32; 32; 16; 2; 2; 0],0.03748992725741118,0.4877500604405543,tvm
20,20,4,320,160,32,256,2,2,1,[20; 20; 4; 320; 160; 32; 256; 2; 2; 1],0.03992488398216665,0.4580029410700859,tvm
750,30,3,320,160,32,128,16,2,1,[750; 30; 3; 320; 160; 32; 128; 16; 2; 1],0.03382308699656278,0.5406281894840806,tvm
150,30,5,128,128,64,10,5,4,0,[150; 30; 5; 128; 128; 64; 10; 5; 4; 0],0.038548445503693074,0.4743567229958067,tvm
150,30,10,128,64,32,64,8,2,0,[150; 30; 10; 128; 64; 32; 64; 8; 2; 0],0.04075789399212226,0.4486422750215841,tvm
150,30,2,320,160,80,320,20,5,1,[150; 30; 2; 320; 160; 80; 320; 20; 5; 1],0.03746739827329293,0.4880433424369499,tvm
60,20,5,256,256,32,64,2,2,0,[60; 20; 5; 256; 256; 32; 64; 2; 2; 0],0.03687522799009457,0.49588071131726147,tvm
150,25,5,256,64,32,256,16,2,1,[150; 25; 5; 256; 64; 32; 256; 16; 2; 1],0.0411848925286904,0.443990821949481,tvm
60,30,6,256,32,32,160,40,2,0,[60; 30; 6; 256; 32; 32; 160; 40; 2; 0],0.03932412597350776,0.46499989085665056,tvm
750,150,2,320,160,80,256,4,5,1,[750; 150; 2; 320; 160; 80; 256; 4; 5; 1],0.030881807033438236,0.592119310437853,tvm
100,50,2,320,320,160,128,8,10,1,[100; 50; 2; 320; 320; 160; 128; 8; 10; 1],0.03485939826350659,0.5245562229012177,tvm
30,30,10,320,64,32,320,2,2,0,[30; 30; 10; 320; 64; 32; 320; 2; 2; 0],0.03784314222866669,0.4831975678769775,tvm
1500,30,10,64,64,32,160,8,2,0,[1500; 30; 10; 64; 64; 32; 160; 8; 2; 0],0.036914224503561854,0.4953568585451361,tvm
300,60,3,128,128,32,128,16,2,0,[300; 60; 3; 128; 128; 32; 128; 16; 2; 0],0.03771224297815934,0.48487474734144753,tvm
1500,60,4,80,80,80,128,64,5,0,[1500; 60; 4; 80; 80; 80; 128; 64; 5; 0],0.033726835798006505,0.5421710591301632,tvm
250,25,5,256,256,32,8,8,2,1,[250; 25; 5; 256; 256; 32; 8; 8; 2; 1],0.03562727046664804,0.5132504973355226,tvm
60,60,2,160,160,80,320,2,5,1,[60; 60; 2; 160; 160; 80; 320; 2; 5; 1],0.033524303522426635,0.545446507888874,tvm
300,75,3,160,32,32,256,1,2,1,[300; 75; 3; 160; 32; 32; 256; 1; 2; 1],0.03673085349146277,0.4978298228208712,tvm
300,60,6,320,64,32,128,64,2,1,[300; 60; 6; 320; 64; 32; 128; 64; 2; 1],0.04343404195969924,0.4209995998687133,tvm
150,30,3,160,160,32,40,8,2,1,[150; 30; 3; 160; 160; 32; 40; 8; 2; 1],0.03572296549100429,0.5118755969551009,tvm
60,60,10,256,64,32,64,32,2,0,[60; 60; 10; 256; 64; 32; 64; 32; 2; 0],0.03680285450536758,0.4968558697817142,tvm
300,50,10,64,32,32,320,5,2,0,[300; 50; 10; 64; 32; 32; 320; 5; 2; 0],0.034434135479386896,0.5310345107011778,tvm
75,75,5,320,64,32,80,40,2,0,[75; 75; 5; 320; 64; 32; 80; 40; 2; 0],0.03079252626048401,0.5938361189020178,tvm
150,75,5,128,32,32,256,64,2,1,[150; 75; 5; 128; 32; 32; 256; 64; 2; 1],0.037768291775137186,0.4841551848461345,tvm
750,75,5,256,64,64,80,1,4,1,[750; 75; 5; 256; 64; 64; 80; 1; 4; 1],0.043924042256549,0.41630308474143035,tvm
1500,300,10,160,160,32,40,5,2,1,[1500; 300; 10; 160; 160; 32; 40; 5; 2; 1],0.027434675488620996,0.66651833710585,tvm
125,125,5,320,320,80,128,64,5,0,[125; 125; 5; 320; 320; 80; 128; 64; 5; 0],0.060087346006184816,0.30431888743816593,tvm
60,60,4,256,256,32,80,5,2,0,[60; 60; 4; 256; 256; 32; 80; 5; 2; 0],0.03036347625311464,0.6022272987875874,tvm
150,150,10,320,320,32,640,32,2,1,[150; 150; 10; 320; 320; 32; 640; 32; 2; 1],0.03390780673362315,0.539277412702193,tvm
750,75,5,320,320,64,20,4,4,1,[750; 75; 5; 320; 320; 64; 20; 4; 4; 1],0.025454061513300985,0.7183810047822471,tvm
500,250,5,128,32,32,80,8,2,1,[500; 250; 5; 128; 32; 32; 80; 8; 2; 1],0.03210752899758518,0.5695148414283007,tvm
500,500,5,256,256,32,512,8,2,0,[500; 500; 5; 256; 256; 32; 512; 8; 2; 0],0.024932575004640967,0.7334065688084994,tvm
100,50,5,256,64,64,40,5,4,1,[100; 50; 5; 256; 64; 64; 40; 5; 4; 1],0.029985007015056908,0.6098285812150104,tvm
500,100,10,160,160,32,256,16,2,1,[500; 100; 10; 160; 160; 32; 256; 16; 2; 1],0.026788746705278754,0.6825893904962365,tvm
500,100,5,160,160,32,160,4,2,0,[500; 100; 5; 160; 160; 32; 160; 4; 2; 0],0.02720437804237008,0.6721607182944886,tvm
1500,1500,6,160,160,32,640,1,2,1,[1500; 1500; 6; 160; 160; 32; 640; 1; 2; 1],0.03474173275753856,0.5263328232166686,tvm
300,150,5,64,32,32,512,2,2,0,[300; 150; 5; 64; 32; 32; 512; 2; 2; 0],0.030933224537875503,0.5911350840040859,tvm
60,60,4,128,128,64,640,20,4,1,[60; 60; 4; 128; 128; 64; 640; 20; 4; 1],0.02733913721749559,0.6688475258104489,tvm
100,100,2,64,32,32,32,8,2,1,[100; 100; 2; 64; 32; 32; 32; 8; 2; 1],0.0403697844594717,0.45295545989530367,tvm
60,60,10,256,128,16,256,4,1,0,[60; 60; 10; 256; 128; 16; 256; 4; 1; 0],0.04393774224445224,0.41617327954585825,tvm
150,50,10,160,160,16,640,5,1,0,[150; 50; 10; 160; 160; 16; 640; 5; 1; 0],0.04627102700760588,0.3951871282802636,tvm
300,20,5,256,128,64,32,4,4,1,[300; 20; 5; 256; 128; 64; 32; 4; 4; 1],0.04019912600051612,0.4548784042090745,tvm
375,15,5,256,256,32,64,1,2,0,[375; 15; 5; 256; 256; 32; 64; 1; 2; 0],0.04790229903301224,0.3817293669582027,tvm
1500,1500,3,256,128,32,160,10,2,1,[1500; 1500; 3; 256; 128; 32; 160; 10; 2; 1],0.046485287486575544,0.39336562758690063,tvm
300,100,4,256,256,64,4,2,4,1,[300; 100; 4; 256; 256; 64; 4; 2; 4; 1],0.046268972975667566,0.39520467193707925,tvm
1500,30,5,128,32,32,256,16,2,0,[1500; 30; 5; 128; 32; 32; 256; 16; 2; 0],0.054283934528939426,0.3368531489913641,tvm
300,30,2,80,80,80,256,16,5,1,[300; 30; 2; 80; 80; 80; 256; 16; 5; 1],0.044648494978901,0.40954827916048114,tvm
750,30,10,320,64,32,64,1,2,1,[750; 30; 10; 320; 64; 32; 64; 1; 2; 1],0.035024805983994156,0.5220789600967555,tvm
300,30,6,320,32,32,128,4,2,0,[300; 30; 6; 320; 32; 32; 128; 4; 2; 0],0.04553024499909952,0.40161686558189913,tvm
1500,375,5,128,64,32,256,4,2,1,[1500; 375; 5; 128; 64; 32; 256; 4; 2; 1],0.039406214258633554,0.46403123542140434,tvm
100,100,10,160,160,16,80,5,1,1,[100; 100; 10; 160; 160; 16; 80; 5; 1; 1],0.038886811467818916,0.4702292009939352,tvm
100,20,5,128,64,64,320,10,4,1,[100; 20; 5; 128; 64; 64; 320; 10; 4; 1],0.03359873400768265,0.5442381930680213,tvm
100,20,4,160,80,80,20,1,5,0,[100; 20; 4; 160; 80; 80; 20; 1; 5; 0],0.03991013369522989,0.45817221323665525,tvm
750,30,6,320,160,32,32,4,2,0,[750; 30; 6; 320; 160; 32; 32; 4; 2; 0],0.03291961195645854,0.5554656692156662,tvm
300,100,2,320,320,80,160,4,5,0,[300; 100; 2; 320; 320; 80; 160; 4; 5; 0],0.040764833509456366,0.4485659013294506,tvm
150,30,10,160,32,32,160,1,2,0,[150; 30; 10; 160; 32; 32; 160; 1; 2; 0],0.04332723398692906,0.4220374254961836,tvm
150,30,6,256,128,32,160,16,2,1,[150; 30; 6; 256; 128; 32; 160; 16; 2; 1],0.03822593903169036,0.47835879899653805,tvm
50,50,2,256,64,64,64,2,4,1,[50; 50; 2; 256; 64; 64; 64; 2; 4; 1],0.038841715024318546,0.4707751517734405,tvm
60,15,5,256,256,64,32,2,4,0,[60; 15; 5; 256; 256; 64; 32; 2; 4; 0],0.036637606273870915,0.49909686099649014,tvm
500,25,5,320,160,32,128,4,2,0,[500; 25; 5; 320; 160; 32; 128; 4; 2; 0],0.038884303241502494,0.47025953306004836,tvm
150,75,3,256,64,64,10,2,4,0,[150; 75; 3; 256; 64; 64; 10; 2; 4; 0],0.044354162469971925,0.41226602572179877,tvm
300,30,5,320,320,64,128,64,4,0,[300; 30; 5; 320; 320; 64; 128; 64; 4; 0],0.037739508028607816,0.48452444774460496,tvm
100,100,2,320,320,80,640,16,5,0,[100; 100; 2; 320; 320; 80; 640; 16; 5; 0],0.05665019550360739,0.32278289815522143,tvm
375,75,3,320,160,32,128,64,2,1,[375; 75; 3; 320; 160; 32; 128; 64; 2; 1],0.03086986276321113,0.5923484152157008,tvm
750,750,3,320,32,32,160,1,2,1,[750; 750; 3; 320; 32; 32; 160; 1; 2; 1],0.033980502281337976,0.5381237197237301,tvm
500,25,5,64,64,64,80,16,4,1,[500; 25; 5; 64; 64; 64; 80; 16; 4; 1],0.044364057248458266,0.41217407558795244,tvm
1500,150,5,80,80,16,320,32,1,1,[1500; 150; 5; 80; 80; 16; 320; 32; 1; 1],0.03505061648320407,0.521694512690715,tvm
500,500,2,320,160,80,512,1,5,0,[500; 500; 2; 320; 160; 80; 512; 1; 5; 0],0.04062817775411531,0.45007468453005106,tvm
60,30,10,320,320,32,16,16,2,0,[60; 30; 10; 320; 320; 32; 16; 16; 2; 0],0.04128618404502049,0.44290153494870443,tvm
150,30,3,320,64,64,640,8,4,0,[150; 30; 3; 320; 64; 64; 640; 8; 4; 0],0.03416753502096981,0.5351780359482095,tvm
30,30,5,256,128,64,16,4,4,0,[30; 30; 5; 256; 128; 64; 16; 4; 4; 0],0.032962975034024566,0.5547349493436097,tvm
300,60,10,256,256,32,320,5,2,0,[300; 60; 10; 256; 256; 32; 320; 5; 2; 0],0.03696597699308768,0.49466335731187516,tvm
75,75,3,128,128,32,640,4,2,0,[75; 75; 3; 128; 128; 32; 640; 4; 2; 0],0.035256179224234074,0.5186527493355042,tvm
750,150,5,256,32,32,80,4,2,0,[750; 150; 5; 256; 32; 32; 80; 4; 2; 0],0.052601236500777304,0.3476289817910283,tvm
60,30,5,128,128,32,320,16,2,1,[60; 30; 5; 128; 128; 32; 320; 16; 2; 1],0.034094994014594704,0.5363166885404616,tvm
60,60,12,320,64,32,40,4,2,1,[60; 60; 12; 320; 64; 32; 40; 4; 2; 1],0.033677263534627855,0.542969124166292,tvm
300,30,6,160,160,32,512,2,2,0,[300; 30; 6; 160; 160; 32; 512; 2; 2; 0],0.03497494471957907,0.5228232505390608,tvm
300,60,5,320,160,32,640,4,2,1,[300; 60; 5; 320; 160; 32; 640; 4; 2; 1],0.03437948151258752,0.531878710242307,tvm
750,150,10,320,160,32,64,2,2,1,[750; 150; 10; 320; 160; 32; 64; 2; 2; 1],0.026219841500278562,0.6973998788482386,tvm
150,30,5,320,320,64,128,1,4,0,[150; 30; 5; 320; 320; 64; 128; 1; 4; 0],0.029227228253148496,0.6256396989592903,tvm
50,50,10,320,320,32,40,5,2,0,[50; 50; 10; 320; 320; 32; 40; 5; 2; 0],0.03185845003463328,0.5739674800825498,tvm
150,50,5,64,64,32,320,64,2,0,[150; 50; 5; 64; 64; 32; 320; 64; 2; 0],0.03674275625962764,0.49766855149640316,tvm
1500,300,6,32,32,32,512,1,2,1,[1500; 300; 6; 32; 32; 32; 512; 1; 2; 1],0.029220446245744824,0.6257849086879401,tvm
750,125,5,256,128,32,160,40,2,1,[750; 125; 5; 256; 128; 32; 160; 40; 2; 1],0.04142766149016097,0.4413890050264393,tvm
150,150,6,320,320,32,80,40,2,1,[150; 150; 6; 320; 320; 32; 80; 40; 2; 1],0.0264281717245467,0.6919023561788941,tvm
300,150,10,320,32,32,160,10,2,1,[300; 150; 10; 320; 32; 32; 160; 10; 2; 1],0.03425301652168855,0.5338424507557172,tvm
375,125,5,320,32,32,320,8,2,0,[375; 125; 5; 320; 32; 32; 320; 8; 2; 0],0.02812843775609508,0.6500792701063535,tvm
60,60,6,256,256,32,256,8,2,1,[60; 60; 6; 256; 256; 32; 256; 8; 2; 1],0.028334000962786376,0.6453629443201678,tvm
60,30,5,160,160,80,512,4,5,1,[60; 30; 5; 160; 160; 80; 512; 4; 5; 1],0.03172969748266041,0.5762965214435792,tvm
150,75,3,80,80,80,320,64,5,1,[150; 75; 3; 80; 80; 80; 320; 64; 5; 1],0.03242748975753784,0.5638954609942859,tvm
250,125,5,128,32,32,640,16,2,1,[250; 125; 5; 128; 32; 32; 640; 16; 2; 1],0.03160819475306198,0.5785118203861641,tvm
750,150,5,320,320,64,512,64,4,1,[750; 150; 5; 320; 320; 64; 512; 64; 4; 1],0.030273412237875164,0.6040189372124022,tvm
500,100,4,320,160,80,640,32,5,0,[500; 100; 4; 320; 160; 80; 640; 32; 5; 0],0.03466658154502511,0.5274738226486139,tvm
500,500,5,160,80,80,80,16,5,1,[500; 500; 5; 160; 80; 80; 80; 16; 5; 1],0.024576349271228537,0.744037044880434,tvm
750,75,5,80,80,80,80,2,5,1,[750; 75; 5; 80; 80; 80; 80; 2; 5; 1],0.025513161497656256,0.7167169105010404,tvm
1500,300,10,160,160,32,160,16,2,1,[1500; 300; 10; 160; 160; 32; 160; 16; 2; 1],0.02393316599773243,0.7640324012062083,tvm
750,750,6,32,32,32,256,2,2,0,[750; 750; 6; 32; 32; 32; 256; 2; 2; 0],0.027468868473079056,0.665688661461802,tvm
500,500,5,320,320,80,64,2,5,1,[500; 500; 5; 320; 320; 80; 64; 2; 5; 1],0.030507735267747194,0.5993796040653978,tvm
60,60,3,160,160,80,80,16,5,1,[60; 60; 3; 160; 160; 80; 80; 16; 5; 1],0.02878990420140326,0.6351432834855705,tvm
375,75,5,320,320,80,512,2,5,1,[375; 75; 5; 320; 320; 80; 512; 2; 5; 1],0.028753064281772822,0.635957062054982,tvm
300,300,4,320,320,80,640,5,5,0,[300; 300; 4; 320; 320; 80; 640; 5; 5; 0],0.04050265473779291,0.45146952475319946,tvm
300,100,5,160,160,80,640,2,5,0,[300; 100; 5; 160; 160; 80; 640; 2; 5; 0],0.025295322993770242,0.7228891400286809,tvm
