kc,ku,mc,mr,nc,nr,pack_c,X,time,peak,backend
5,5,20,1,16,16,0,[5; 5; 20; 1; 16; 16; 0],0.025644786714110523,0.1782595668426143,tvm
32,8,4,1,256,64,0,[32; 8; 4; 1; 256; 64; 0],0.03599284397205338,0.1270093737237895,tvm
640,16,375,1,32,16,0,[640; 16; 375; 1; 32; 16; 0],0.07263913901988417,0.06293340798239903,tvm
64,16,6,1,320,64,0,[64; 16; 6; 1; 320; 64; 0],0.029932288744021207,0.15272566059091244,tvm
5,1,10,1,32,16,0,[5; 1; 10; 1; 32; 16; 0],0.045045203471090645,0.10148535735580477,tvm
10,5,500,1,64,16,1,[10; 5; 500; 1; 64; 16; 1],0.03389367996715009,0.13487554540726238,tvm
1280,1,25,1,16,16,1,[1280; 1; 25; 1; 16; 16; 1],0.10924934991635382,0.041843988773650934,tvm
256,4,100,1,640,16,1,[256; 4; 100; 1; 640; 16; 1],0.1377517709042877,0.033185987674923464,tvm
320,16,2,1,128,64,0,[320; 16; 2; 1; 128; 64; 0],0.021435068862047046,0.21326866738099207,tvm
10,2,60,1,128,16,1,[10; 2; 60; 1; 128; 16; 1],0.03397574124392122,0.13454978181665045,tvm
32,16,5,1,1280,64,0,[32; 16; 5; 1; 1280; 64; 0],0.08524510497227311,0.05362687479727403,tvm
256,32,125,1,640,64,1,[256; 32; 125; 1; 640; 64; 1],0.05318168504163623,0.08595870115528637,tvm
160,5,25,1,128,64,0,[160; 5; 25; 1; 128; 64; 0],0.02352161650196649,0.19435010221539764,tvm
640,20,300,1,320,16,0,[640; 20; 300; 1; 320; 16; 0],0.07250825501978397,0.06304700851208254,tvm
128,32,20,1,1280,64,1,[128; 32; 20; 1; 1280; 64; 1],0.11386966984719038,0.04014614758752958,tvm
256,64,100,1,640,16,0,[256; 64; 100; 1; 640; 16; 0],0.1385042928159237,0.03300568147374418,tvm
64,64,100,1,32,16,1,[64; 64; 100; 1; 32; 16; 1],0.02402782512945123,0.19025561185000095,tvm
1280,40,750,1,1280,64,1,[1280; 40; 750; 1; 1280; 64; 1],0.3010420980863273,0.015185346502991956,tvm
1,1,375,1,64,64,0,[1; 1; 375; 1; 64; 64; 0],0.08019944303669035,0.05700075210419097,tvm
10,5,5,1,80,16,0,[10; 5; 5; 1; 80; 16; 0],0.021219069632934406,0.2154396328636952,tvm
20,4,6,1,256,64,0,[20; 4; 6; 1; 256; 64; 0],0.02556857478339225,0.17879090290155267,tvm
1280,10,300,1,640,64,1,[1280; 10; 300; 1; 640; 64; 1],0.1560933799482882,0.029286498715980328,tvm
256,1,150,1,320,64,0,[256; 1; 150; 1; 320; 64; 0],0.028734431485645473,0.15909236184861592,tvm
1280,10,5,1,256,128,1,[1280; 10; 5; 1; 256; 128; 1],0.12214703694917262,0.0374256198562624,tvm
256,8,60,1,640,16,1,[256; 8; 60; 1; 640; 16; 1],0.13788013602606952,0.033155091829647126,tvm
320,1,3,1,1280,16,1,[320; 1; 3; 1; 1280; 16; 1],0.36846472416073084,0.01240669261308834,tvm
16,16,300,1,640,64,0,[16; 16; 300; 1; 640; 64; 0],0.046529653773177415,0.09824763781207904,tvm
256,4,4,1,256,128,0,[256; 4; 4; 1; 256; 128; 0],0.02256920500076376,0.20255159945925746,tvm
16,4,1500,1,1280,16,1,[16; 4; 1500; 1; 1280; 16; 1],0.14522478985600173,0.03147829358859043,tvm
160,2,50,1,320,16,0,[160; 2; 50; 1; 320; 16; 0],0.06977086805272847,0.06552059188906423,tvm
160,8,375,1,320,16,1,[160; 8; 375; 1; 320; 16; 1],0.06540429801680148,0.06989492602235764,tvm
40,1,10,1,256,64,0,[40; 1; 10; 1; 256; 64; 0],0.025136781274341047,0.1818621295040254,tvm
640,1,12,1,128,128,0,[640; 1; 12; 1; 128; 128; 0],0.020778011268703267,0.2200128064380374,tvm
8,1,10,1,640,16,1,[8; 1; 10; 1; 640; 16; 1],0.053154167952015996,0.08600320064374538,tvm
640,40,75,1,64,16,1,[640; 40; 75; 1; 64; 16; 1],0.04273357224883512,0.10697510951832924,tvm
8,4,3,1,320,64,1,[8; 4; 3; 1; 320; 64; 1],0.050515310489572585,0.09049590168058474,tvm
160,20,50,1,256,64,0,[160; 20; 50; 1; 256; 64; 0],0.03447213349863887,0.1326122902027249,tvm
160,2,5,1,32,16,1,[160; 2; 5; 1; 32; 16; 1],0.03228043927811086,0.14161605832075605,tvm
320,40,750,1,640,16,1,[320; 40; 750; 1; 640; 16; 1],0.14170980197377503,0.032259085170936626,tvm
160,16,100,1,128,64,0,[160; 16; 100; 1; 128; 64; 0],0.02336417423794046,0.1956597534701291,tvm
10,10,1,1,128,128,1,[10; 10; 1; 1; 128; 128; 1],0.016162619984243065,0.28283957525978193,tvm
160,20,3,1,16,16,0,[160; 20; 3; 1; 16; 16; 0],0.05084982898551971,0.08990056923751619,tvm
20,20,1,1,80,16,1,[20; 20; 1; 1; 80; 16; 1],0.030675020010676235,0.14902772907197834,tvm
320,10,250,1,320,64,1,[320; 10; 250; 1; 320; 64; 1],0.050885429489426315,0.08983767293107917,tvm
40,20,50,1,160,16,1,[40; 20; 50; 1; 160; 16; 1],0.054834666079841554,0.08336749173911959,tvm
32,2,100,1,320,16,1,[32; 2; 100; 1; 320; 16; 1],0.03653808275703341,0.1251140789687054,tvm
32,16,15,1,16,16,1,[32; 16; 15; 1; 16; 16; 1],0.03964226722018793,0.11531703134023978,tvm
320,4,20,1,64,16,0,[320; 4; 20; 1; 64; 16; 0],0.08488988759927452,0.05385127369950293,tvm
40,8,4,1,320,16,1,[40; 8; 4; 1; 320; 16; 1],0.04423110047355294,0.10335326325787353,tvm
40,5,30,1,640,16,0,[40; 5; 30; 1; 640; 16; 0],0.07877290854230523,0.0580330046969571,tvm
2,2,250,1,256,64,0,[2; 2; 250; 1; 256; 64; 0],0.05027127207722515,0.09093520777445391,tvm
160,16,100,1,128,64,0,[160; 16; 100; 1; 128; 64; 0],0.027415361488237977,0.16674697407837769,tvm
640,20,5,1,128,128,0,[640; 20; 5; 1; 128; 128; 0],0.021834082872373983,0.20937122013092038,tvm
16,8,20,1,320,64,0,[16; 8; 20; 1; 320; 64; 0],0.027758484531659633,0.16468581223210077,tvm
32,2,100,1,320,16,1,[32; 2; 100; 1; 320; 16; 1],0.03666247375076637,0.12468958320994403,tvm
128,64,20,1,640,16,0,[128; 64; 20; 1; 640; 16; 0],0.12368216319009662,0.03696109813670054,tvm
16,16,5,1,128,128,1,[16; 16; 5; 1; 128; 128; 1],0.013888068875530735,0.32916229120111373,tvm
256,32,125,1,640,64,1,[256; 32; 125; 1; 640; 64; 1],0.05422841152176261,0.08429951096011717,tvm
20,4,750,1,320,16,0,[20; 4; 750; 1; 320; 16; 0],0.04052481899270788,0.11280565058788207,tvm
160,20,12,1,256,64,0,[160; 20; 12; 1; 256; 64; 0],0.02214899251703173,0.20639442484407894,tvm
640,2,125,1,256,16,1,[640; 2; 125; 1; 256; 16; 1],0.10185369104146957,0.04488230642095554,tvm
80,4,2,1,256,16,1,[80; 4; 2; 1; 256; 16; 1],0.05505607998929918,0.08303222046170168,tvm
64,1,4,1,128,128,1,[64; 1; 4; 1; 128; 128; 1],0.02213091036537662,0.20656306026075108,tvm
256,2,1,1,1280,128,0,[256; 2; 1; 1; 1280; 128; 0],0.3060794700868428,0.014935430233630297,tvm
256,32,250,1,128,128,0,[256; 32; 250; 1; 128; 128; 0],0.021728547872044146,0.2103881307830125,tvm
64,16,75,1,128,64,1,[64; 16; 75; 1; 128; 64; 1],0.031666957249399275,0.14435957756930665,tvm
40,10,750,1,128,128,1,[40; 10; 750; 1; 128; 128; 1],0.022692986472975463,0.20144675875396909,tvm
80,4,10,1,256,128,0,[80; 4; 10; 1; 256; 128; 0],0.03155689570121467,0.14486306304370145,tvm
80,4,3,1,64,64,0,[80; 4; 3; 1; 64; 64; 0],0.01814082675264217,0.25199670520874984,tvm
40,10,300,1,128,128,0,[40; 10; 300; 1; 128; 128; 0],0.05010685755405575,0.0912335914599488,tvm
20,1,3,1,256,128,0,[20; 1; 3; 1; 256; 128; 0],0.035508653963916004,0.12874125209235107,tvm
40,2,3,1,256,128,0,[40; 2; 3; 1; 256; 128; 0],0.05436180892866105,0.08409264999675882,tvm
32,2,125,1,128,128,1,[32; 2; 125; 1; 128; 128; 1],0.0148745474871248,0.3073322785372487,tvm
64,64,1500,1,128,128,1,[64; 64; 1500; 1; 128; 128; 1],0.018001611111685634,0.2539455242681616,tvm
20,1,125,1,128,128,1,[20; 1; 125; 1; 128; 128; 1],0.02976675145328045,0.1535749904924468,tvm
16,16,2,1,256,128,1,[16; 16; 2; 1; 256; 128; 1],0.02123564650537446,0.21527145737105785,tvm
128,8,3,1,256,128,0,[128; 8; 3; 1; 256; 128; 0],0.04138337523909286,0.11046533891972557,tvm
320,32,3,1,128,64,1,[320; 32; 3; 1; 128; 64; 1],0.020811449125176296,0.2196593107924601,tvm
10,5,150,1,128,128,1,[10; 5; 150; 1; 128; 128; 1],0.03211337572429329,0.14235278815519709,tvm
16,1,15,1,128,64,0,[16; 1; 15; 1; 128; 64; 0],0.04129643726628274,0.1106978924586553,tvm
128,32,250,1,128,128,0,[128; 32; 250; 1; 128; 128; 0],0.02348867425462231,0.19462267311783105,tvm
128,8,4,1,64,64,0,[128; 8; 4; 1; 64; 64; 0],0.01688418848789297,0.27075204560210725,tvm
160,5,4,1,64,64,0,[160; 5; 4; 1; 64; 64; 0],0.03542334702797234,0.12905128834434265,tvm
256,16,3,1,64,64,0,[256; 16; 3; 1; 64; 64; 0],0.016256628005066887,0.28120398461499785,tvm
32,8,12,1,128,64,1,[32; 8; 12; 1; 128; 64; 1],0.03340096998726949,0.13686514413117148,tvm
64,32,4,1,256,128,0,[64; 32; 4; 1; 256; 128; 0],0.0469203750253655,0.0974294977172971,tvm
80,2,2,1,128,64,1,[80; 2; 2; 1; 128; 64; 1],0.04810082301264629,0.0950384688891225,tvm
40,40,4,1,64,64,0,[40; 40; 4; 1; 64; 64; 0],0.03335483273258433,0.13705445948654824,tvm
64,32,1,1,64,64,0,[64; 32; 1; 1; 64; 64; 0],0.01817301887786016,0.25155031214972523,tvm
128,2,75,1,128,128,1,[128; 2; 75; 1; 128; 128; 1],0.027973831980489194,0.1634180320599977,tvm
4,2,75,1,128,128,0,[4; 2; 75; 1; 128; 128; 0],0.032602273975498974,0.14021808953768253,tvm
10,2,100,1,128,128,0,[10; 2; 100; 1; 128; 128; 0],0.02311199074028991,0.1977946695634246,tvm
160,16,150,1,128,128,1,[160; 16; 150; 1; 128; 128; 1],0.021057974634459242,0.2170877613247711,tvm
160,5,12,1,128,64,1,[160; 5; 12; 1; 128; 64; 1],0.04605627054115757,0.09925746304932301,tvm
1280,16,30,1,128,128,0,[1280; 16; 30; 1; 128; 128; 0],0.06217819103039801,0.07352141475447022,tvm
160,2,60,1,128,128,1,[160; 2; 60; 1; 128; 128; 1],0.022133458260213956,0.2065392817373665,tvm
2,1,1,1,128,64,0,[2; 1; 1; 1; 128; 64; 0],0.05120779445860535,0.08927212389754377,tvm
16,2,4,1,128,64,0,[16; 2; 4; 1; 128; 64; 0],0.05029165546875447,0.09089835140282346,tvm
32,8,75,1,128,128,0,[32; 8; 75; 1; 128; 128; 0],0.017978776624659076,0.2542680554336804,tvm
160,5,3,1,128,64,1,[160; 5; 3; 1; 128; 64; 1],0.024442524620098993,0.18702767584284252,tvm
32,8,10,1,128,64,0,[32; 8; 10; 1; 128; 64; 0],0.020988752861740068,0.21780372571643966,tvm
20,10,100,1,128,128,0,[20; 10; 100; 1; 128; 128; 0],0.03381154901580885,0.13520316887259928,tvm
128,1,50,1,128,128,0,[128; 1; 50; 1; 128; 128; 0],0.02257740224013105,0.20247805849438757,tvm
80,4,1,1,128,64,0,[80; 4; 1; 1; 128; 64; 0],0.046214121277444065,0.09891843542765293,tvm
128,2,5,1,128,64,0,[128; 2; 5; 1; 128; 64; 0],0.024111288134008646,0.18959702799870876,tvm
32,32,60,1,128,128,1,[32; 32; 60; 1; 128; 128; 1],0.012077018938725814,0.37852292810189797,tvm
20,10,1,1,128,64,0,[20; 10; 1; 1; 128; 64; 0],0.022590411273995414,0.20236145840739508,tvm
40,8,5,1,128,64,0,[40; 8; 5; 1; 128; 64; 0],0.025409098772797734,0.17991305446545844,tvm
64,16,1,1,128,64,1,[64; 16; 1; 1; 128; 64; 1],0.04431006498634815,0.10316907846641661,tvm
640,8,4,1,128,128,1,[640; 8; 4; 1; 128; 128; 1],0.04104520898545161,0.11137544878986742,tvm
640,5,3,1,128,128,1,[640; 5; 3; 1; 128; 128; 1],0.04459994024364278,0.10249853579299757,tvm
40,20,100,1,128,128,0,[40; 20; 100; 1; 128; 128; 0],0.050044998060911894,0.09134636324422456,tvm
80,10,20,1,128,128,1,[80; 10; 20; 1; 128; 128; 1],0.02241536625660956,0.20394172993183224,tvm
1280,64,6,1,128,128,1,[1280; 64; 6; 1; 128; 128; 1],0.06292454549111426,0.07264936974513571,tvm
40,40,25,1,128,128,0,[40; 40; 25; 1; 128; 128; 0],0.017626215500058606,0.25935394761361974,tvm
32,16,25,1,128,128,0,[32; 16; 25; 1; 128; 128; 0],0.01792017786647193,0.25509950880462884,tvm
320,32,6,1,128,128,1,[320; 32; 6; 1; 128; 128; 1],0.021717673604143783,0.21049347433586682,tvm
256,1,1,1,128,128,1,[256; 1; 1; 1; 128; 128; 1],0.032159098773263395,0.14215039431481802,tvm
320,5,2,1,128,128,0,[320; 5; 2; 1; 128; 128; 0],0.0359204534906894,0.127265335684403,tvm
20,20,20,1,128,128,0,[20; 20; 20; 1; 128; 128; 0],0.01909513835562393,0.23940274672491113,tvm
16,1,6,1,128,128,1,[16; 1; 6; 1; 128; 128; 1],0.016130737378261983,0.28339861124942095,tvm
256,8,12,1,128,128,0,[256; 8; 12; 1; 128; 128; 0],0.044379594444762915,0.10300744359253672,tvm
320,20,10,1,128,128,0,[320; 20; 10; 1; 128; 128; 0],0.021391941496403888,0.2136986290934395,tvm
8,1,2,1,128,128,0,[8; 1; 2; 1; 128; 128; 0],0.04403029021341354,0.10382462957366373,tvm
80,8,3,1,128,128,0,[80; 8; 3; 1; 128; 128; 0],0.024014426511712372,0.19036176313429695,tvm
80,40,1,1,128,128,1,[80; 40; 1; 1; 128; 128; 1],0.022425617382396013,0.20384850474694705,tvm
128,32,3,1,128,128,0,[128; 32; 3; 1; 128; 128; 0],0.04785142350010574,0.095533805204739,tvm
128,16,6,1,128,128,0,[128; 16; 6; 1; 128; 128; 0],0.023448217747500166,0.19495846638134942,tvm
160,20,300,1,64,64,0,[160; 20; 300; 1; 64; 64; 0],0.016619335860013962,0.2750668624747759,tvm
256,4,6,1,128,128,1,[256; 4; 6; 1; 128; 128; 1],0.029268959478940815,0.156186917909321,tvm
20,20,5,1,256,128,1,[20; 20; 5; 1; 256; 128; 1],0.03336595220025629,0.1370087850030984,tvm
20,20,20,1,256,128,0,[20; 20; 20; 1; 256; 128; 0],0.03477467072661966,0.13145857245829187,tvm
320,32,100,1,64,64,1,[320; 32; 100; 1; 64; 64; 1],0.01590826251776889,0.28736190179929894,tvm
80,8,1,1,64,64,1,[80; 8; 1; 1; 64; 64; 1],0.035000366740860045,0.1306108763166703,tvm
32,8,150,1,64,64,0,[32; 8; 150; 1; 64; 64; 0],0.031259703275281936,0.14624030596743856,tvm
128,8,750,1,128,128,1,[128; 8; 750; 1; 128; 128; 1],0.050467501976527274,0.09058162961096766,tvm
80,10,2,1,128,128,0,[80; 10; 2; 1; 128; 128; 0],0.024127107113599777,0.18947271837873117,tvm
128,8,30,1,128,128,0,[128; 8; 30; 1; 128; 128; 0],0.024495441000908613,0.18662364850908392,tvm
80,5,50,1,128,128,0,[80; 5; 50; 1; 128; 128; 0],0.025175523245707154,0.18158226650594347,tvm
64,8,12,1,64,64,0,[64; 8; 12; 1; 64; 64; 0],0.05293556209653616,0.08635836459225402,tvm
40,40,1500,1,128,64,0,[40; 40; 1500; 1; 128; 64; 0],0.03572588472161442,0.1279584426544047,tvm
8,2,500,1,128,128,1,[8; 2; 500; 1; 128; 128; 1],0.04827063629636541,0.09470412909748162,tvm
10,1,10,1,128,128,0,[10; 1; 10; 1; 128; 128; 0],0.04316125396871939,0.1059151009547049,tvm
8,4,250,1,128,128,1,[8; 4; 250; 1; 128; 128; 1],0.03314848424633965,0.13790762007265422,tvm
160,20,250,1,128,128,0,[160; 20; 250; 1; 128; 128; 0],0.02213026024401188,0.20656912847039532,tvm
16,16,250,1,128,64,0,[16; 16; 250; 1; 128; 64; 0],0.021316761994967237,0.21445229685952583,tvm
40,5,6,1,64,64,0,[40; 5; 6; 1; 64; 64; 0],0.03716662875376642,0.12299820362279452,tvm
40,8,60,1,128,128,0,[40; 8; 60; 1; 128; 128; 0],0.0498776079621166,0.09165292318951414,tvm
160,20,30,1,128,64,0,[160; 20; 30; 1; 128; 64; 0],0.02342131413752213,0.19518241139616124,tvm
160,10,100,1,128,128,1,[160; 10; 100; 1; 128; 128; 1],0.03664186527021229,0.1247597123595364,tvm
160,32,300,1,64,64,0,[160; 32; 300; 1; 64; 64; 0],0.016974394238786772,0.26931320830187755,tvm
32,2,125,1,128,128,0,[32; 2; 125; 1; 128; 128; 0],0.030948215979151428,0.14771218394327348,tvm
64,8,1,1,128,128,1,[64; 8; 1; 1; 128; 128; 1],0.021971354872221127,0.20806311663593993,tvm
80,20,12,1,64,64,0,[80; 20; 12; 1; 64; 64; 0],0.03472322499146685,0.1316533407410167,tvm
128,16,10,1,64,64,1,[128; 16; 10; 1; 64; 64; 1],0.029011307517066598,0.15757402760076633,tvm
4,2,75,1,128,128,1,[4; 2; 75; 1; 128; 128; 1],0.019496114866342396,0.2344789514612766,tvm
40,10,2,1,64,64,0,[40; 10; 2; 1; 64; 64; 0],0.03735800995491445,0.12236809661289787,tvm
40,20,2,1,64,64,1,[40; 20; 2; 1; 64; 64; 1],0.03472075524041429,0.13166270548480227,tvm
320,40,2,1,128,128,1,[320; 40; 2; 1; 128; 128; 1],0.02275787474354729,0.2008723847434279,tvm
8,4,75,1,128,128,1,[8; 4; 75; 1; 128; 128; 1],0.03484028874663636,0.13121098406137402,tvm
160,1,50,1,128,128,1,[160; 1; 50; 1; 128; 128; 1],0.02230715600308031,0.2049310351708358,tvm
320,64,5,1,128,128,0,[320; 64; 5; 1; 128; 128; 0],0.023593586374772713,0.19375725668890006,tvm
160,40,1,1,128,64,1,[160; 40; 1; 1; 128; 64; 1],0.022983735252637416,0.19889841756265417,tvm
160,20,3,1,128,128,0,[160; 20; 3; 1; 128; 128; 0],0.024189146992284805,0.18898676224038166,tvm
160,40,6,1,128,64,1,[160; 40; 6; 1; 128; 64; 1],0.06871072959620506,0.0665315096826021,tvm
40,8,100,1,128,128,1,[40; 8; 100; 1; 128; 128; 1],0.04172071150969714,0.10957216226684043,tvm
40,8,150,1,128,128,1,[40; 8; 150; 1; 128; 128; 1],0.06098444852977991,0.07496056259648315,tvm
32,8,2,1,64,64,0,[32; 8; 2; 1; 64; 64; 0],0.025066565023735166,0.18237156016789507,tvm
320,40,25,1,128,128,0,[320; 40; 25; 1; 128; 128; 0],0.023369053873466328,0.1956188982310088,tvm
20,10,15,1,128,64,0,[20; 10; 15; 1; 128; 64; 0],0.021819983725436032,0.2095065069228057,tvm
320,32,150,1,128,128,1,[320; 32; 150; 1; 128; 128; 1],0.0435205259709619,0.10504074731263027,tvm
32,2,2,1,128,128,1,[32; 2; 2; 1; 128; 128; 1],0.03446051251376048,0.13265701053062248,tvm
128,64,75,1,128,128,0,[128; 64; 75; 1; 128; 128; 0],0.02218774415086955,0.20603395010976883,tvm
40,40,3,1,128,64,0,[40; 40; 3; 1; 128; 64; 0],0.037382316251751035,0.12228853184597517,tvm
128,32,6,1,128,64,0,[128; 32; 6; 1; 128; 64; 0],0.04497185425134376,0.101650880256777,tvm
32,8,1,1,128,128,0,[32; 8; 1; 1; 128; 128; 0],0.03420337749412283,0.13365430277211893,tvm
128,32,12,1,128,128,0,[128; 32; 12; 1; 128; 128; 0],0.02330234000692144,0.1961789489841248,tvm
40,4,25,1,128,128,1,[40; 4; 25; 1; 128; 128; 1],0.02272953651845455,0.20112282393954406,tvm
256,16,3,1,64,64,0,[256; 16; 3; 1; 64; 64; 0],0.029748710279818624,0.15366812639705615,tvm
80,40,4,1,64,64,0,[80; 40; 4; 1; 64; 64; 0],0.01821400350308977,0.2509842808942629,tvm
32,2,750,1,128,128,1,[32; 2; 750; 1; 128; 128; 1],0.02880825975444168,0.15868464844440128,tvm
16,16,4,1,64,64,0,[16; 16; 4; 1; 64; 64; 0],0.031199213990475982,0.14652383783848105,tvm
20,2,100,1,128,128,1,[20; 2; 100; 1; 128; 128; 1],0.029326675517950207,0.15587953597503754,tvm
32,8,500,1,128,128,1,[32; 8; 500; 1; 128; 128; 1],0.043174820486456156,0.10588182000345824,tvm
32,16,5,1,64,64,0,[32; 16; 5; 1; 64; 64; 0],0.015796945750480518,0.2893868627287978,tvm
16,4,30,1,128,128,1,[16; 4; 30; 1; 128; 128; 1],0.013667582388734445,0.33447236251501133,tvm
40,40,750,1,128,128,1,[40; 40; 750; 1; 128; 128; 1],0.011706242250511423,0.39051204251550964,tvm
20,2,15,1,128,128,1,[20; 2; 15; 1; 128; 128; 1],0.014530458400258794,0.31461007254576034,tvm
16,16,75,1,128,128,0,[16; 16; 75; 1; 128; 128; 0],0.034166056488174945,0.1338002989315073,tvm
20,10,500,1,128,128,1,[20; 10; 500; 1; 128; 128; 1],0.02919009153265506,0.15660891526545911,tvm
40,20,6,1,128,128,1,[40; 20; 6; 1; 128; 128; 1],0.04518725199159235,0.1011663327586095,tvm
16,8,5,1,128,128,1,[16; 8; 5; 1; 128; 128; 1],0.014149225229630247,0.3230868473176488,tvm
160,1,3,1,128,128,1,[160; 1; 3; 1; 128; 128; 1],0.02310423512244597,0.1978610651770674,tvm
320,5,25,1,128,128,0,[320; 5; 25; 1; 128; 128; 0],0.02244251486263238,0.20369502256808886,tvm
10,5,6,1,256,128,1,[10; 5; 6; 1; 256; 128; 1],0.0181778242404107,0.2514838140675788,tvm
16,4,25,1,256,64,1,[16; 4; 25; 1; 256; 64; 1],0.030575462500564754,0.1495129818999184,tvm
4,4,1,1,128,128,1,[4; 4; 1; 1; 128; 128; 1],0.03673865529708564,0.12443102597147065,tvm
40,20,5,1,128,128,1,[40; 20; 5; 1; 128; 128; 1],0.06834518956020474,0.06688734936350767,tvm
640,40,25,1,128,128,0,[640; 40; 25; 1; 128; 128; 0],0.047122616262640804,0.09701134898685236,tvm
64,32,300,1,256,128,1,[64; 32; 300; 1; 256; 128; 1],0.04498022550251335,0.1016319620534836,tvm
40,20,75,1,64,64,0,[40; 20; 75; 1; 64; 64; 0],0.018961744499392807,0.2410869195909141,tvm
10,10,150,1,64,64,1,[10; 10; 150; 1; 64; 64; 1],0.013994185894262046,0.3266662745492732,tvm
80,40,500,1,256,128,1,[80; 40; 500; 1; 256; 128; 1],0.04421222774544731,0.10339738132510883,tvm
40,40,500,1,256,128,1,[40; 40; 500; 1; 256; 128; 1],0.01288495649350807,0.35478804866216124,tvm
80,2,125,1,128,128,1,[80; 2; 125; 1; 128; 128; 1],0.02191281024715863,0.20861900047810322,tvm
20,5,12,1,64,64,0,[20; 5; 12; 1; 64; 64; 0],0.029281810740940273,0.15611837026994518,tvm
256,16,12,1,64,64,1,[256; 16; 12; 1; 64; 64; 1],0.034056798729579896,0.13422954423071115,tvm
80,20,6,1,64,64,0,[80; 20; 6; 1; 64; 64; 0],0.028771918034181,0.1588850825307413,tvm
64,1,6,1,128,128,1,[64; 1; 6; 1; 128; 128; 1],0.022148974385345355,0.20639459380354927,tvm
80,16,5,1,64,64,1,[80; 16; 5; 1; 64; 64; 1],0.033419138519093394,0.13679073650617213,tvm
16,4,5,1,128,64,0,[16; 4; 5; 1; 128; 64; 0],0.027125760272610933,0.16852720533862325,tvm
128,64,4,1,128,128,0,[128; 64; 4; 1; 128; 128; 0],0.03036249929573387,0.1505616690807429,tvm
20,5,5,1,128,64,0,[20; 5; 5; 1; 128; 64; 0],0.026256861223373562,0.17410415253134437,tvm
32,4,20,1,128,64,0,[32; 4; 20; 1; 128; 64; 0],0.02651778399012983,0.17239104795220073,tvm
20,5,50,1,64,64,0,[20; 5; 50; 1; 64; 64; 0],0.028219965985044837,0.16199270310429145,tvm
32,8,20,1,64,64,0,[32; 8; 20; 1; 64; 64; 0],0.0309202364878729,0.14784584759633107,tvm
16,16,10,1,256,128,1,[16; 16; 10; 1; 256; 128; 1],0.01534646874642931,0.2978814636098102,tvm
32,2,12,1,128,64,1,[32; 2; 12; 1; 128; 64; 1],0.033002809737809,0.1385163447520472,tvm
80,20,15,1,128,128,0,[80; 20; 15; 1; 128; 128; 0],0.024658573762280867,0.1853890097415644,tvm
32,2,6,1,64,64,1,[32; 2; 6; 1; 64; 64; 1],0.02243004713091068,0.20380824635578765,tvm
256,32,2,1,128,128,0,[256; 32; 2; 1; 128; 128; 0],0.022712589852744713,0.20127288878402105,tvm
10,5,20,1,128,128,0,[10; 5; 20; 1; 128; 128; 0],0.052114871446974576,0.08771831234544773,tvm
320,16,750,1,128,128,0,[320; 16; 750; 1; 128; 128; 0],0.04143115947954357,0.11033793475380993,tvm
320,20,3,1,128,64,0,[320; 20; 3; 1; 128; 64; 0],0.04520308575592935,0.10113089615411779,tvm
256,64,1,1,128,128,0,[256; 64; 1; 1; 128; 128; 0],0.022941382136195898,0.19926561286889397,tvm
320,20,25,1,128,64,0,[320; 20; 25; 1; 128; 64; 0],0.02437907175044529,0.18751446397236488,tvm
32,16,100,1,128,64,0,[32; 16; 100; 1; 128; 64; 0],0.02125223187613301,0.2151034582190139,tvm
32,16,375,1,128,128,0,[32; 16; 375; 1; 128; 128; 0],0.02958383795339614,0.15452452716344683,tvm
128,32,50,1,128,64,0,[128; 32; 50; 1; 128; 64; 0],0.04666608473053202,0.09796040524560319,tvm
32,2,60,1,128,64,1,[32; 2; 60; 1; 128; 64; 1],0.017300983861787245,0.26422939920344674,tvm
10,10,2,1,128,64,1,[10; 10; 2; 1; 128; 64; 1],0.0433495125034824,0.105455132190041,tvm
32,16,125,1,64,64,1,[32; 16; 125; 1; 64; 64; 1],0.02743657276732847,0.1666180615995974,tvm
20,4,1,1,128,128,1,[20; 4; 1; 1; 128; 128; 1],0.01450943638337776,0.31506589578253175,tvm
160,20,75,1,64,64,0,[160; 20; 75; 1; 64; 64; 0],0.018694403261179104,0.24453460790169346,tvm
160,32,25,1,128,64,0,[160; 32; 25; 1; 128; 64; 0],0.024930460611358285,0.18336719255583409,tvm
320,64,25,1,128,64,0,[320; 64; 25; 1; 128; 64; 0],0.022826185973826796,0.20027124008672811,tvm
320,40,2,1,64,64,0,[320; 40; 2; 1; 64; 64; 0],0.029777539719361812,0.153519350977682,tvm
16,16,50,1,128,64,0,[16; 16; 50; 1; 128; 64; 0],0.04225860896985978,0.10817745029631866,tvm
320,32,2,1,64,64,0,[320; 32; 2; 1; 64; 64; 0],0.034638755780179054,0.13197438731458216,tvm
20,2,25,1,128,64,1,[20; 2; 25; 1; 128; 64; 1],0.033218867727555335,0.13761542412947847,tvm
128,64,150,1,128,128,1,[128; 64; 150; 1; 128; 128; 1],0.02101985175977461,0.21748148482078494,tvm
16,4,30,1,128,128,0,[16; 4; 30; 1; 128; 128; 0],0.037104816001374274,0.12320310579789041,tvm
16,8,5,1,128,128,0,[16; 8; 5; 1; 128; 128; 0],0.019529042998328805,0.23408359394875475,tvm
80,40,125,1,128,128,0,[80; 40; 125; 1; 128; 128; 0],0.0380575722665526,0.12011876478642944,tvm
320,32,30,1,64,64,1,[320; 32; 30; 1; 64; 64; 1],0.015903973864624277,0.28743939158482573,tvm
128,64,250,1,128,64,1,[128; 64; 250; 1; 128; 64; 1],0.03237860347144306,0.1411867122515161,tvm
160,40,60,1,64,64,1,[160; 40; 60; 1; 64; 64; 1],0.016349780868040398,0.27960182514522475,tvm
160,20,250,1,64,64,0,[160; 20; 250; 1; 64; 64; 0],0.03326210047816858,0.13743655709383137,tvm
64,64,75,1,128,128,1,[64; 64; 75; 1; 128; 128; 1],0.012405794244841672,0.3684914066126295,tvm
160,32,750,1,128,64,1,[160; 32; 750; 1; 128; 64; 1],0.022034054854884744,0.20747105340055594,tvm
10,10,60,1,128,128,1,[10; 10; 60; 1; 128; 128; 1],0.01603381012682803,0.28511180656802115,tvm
16,16,10,1,128,128,0,[16; 16; 10; 1; 128; 128; 0],0.03756537922890857,0.12169259741987679,tvm
128,64,250,1,64,64,0,[128; 64; 250; 1; 64; 64; 0],0.025258396519348025,0.18098649167720685,tvm
320,64,1500,1,64,64,0,[320; 64; 1500; 1; 64; 64; 0],0.03463536704657599,0.13198729972404022,tvm
320,32,250,1,64,64,0,[320; 32; 250; 1; 64; 64; 0],0.027103082975372672,0.16866821296980936,tvm
32,16,30,1,128,128,1,[32; 16; 30; 1; 128; 128; 1],0.028665727470070124,0.15947366332152563,tvm
20,2,500,1,128,128,1,[20; 2; 500; 1; 128; 128; 1],0.014934903243556619,0.30609027034713654,tvm
40,10,25,1,128,128,1,[40; 10; 25; 1; 128; 128; 1],0.02259596687508747,0.20231170441609508,tvm
5,5,4,1,128,128,1,[5; 5; 4; 1; 128; 128; 1],0.01983139748335816,0.23051469646880712,tvm
1,1,50,1,256,128,1,[1; 1; 50; 1; 256; 128; 1],0.09282415441703051,0.04924826517557642,tvm
20,20,25,1,256,64,0,[20; 20; 25; 1; 256; 64; 0],0.040405812789686024,0.11313789417436179,tvm
32,32,50,1,256,64,0,[32; 32; 50; 1; 256; 64; 0],0.035893365275114775,0.12736138103489528,tvm
80,1,15,1,128,128,0,[80; 1; 15; 1; 128; 128; 0],0.023512801475590095,0.1944229647060312,tvm
20,4,50,1,128,128,0,[20; 4; 50; 1; 128; 128; 0],0.017585198482265696,0.2599588839465623,tvm
64,2,30,1,256,128,1,[64; 2; 30; 1; 256; 128; 1],0.022442301764385775,0.20369695673030655,tvm
160,10,20,1,128,64,0,[160; 10; 20; 1; 128; 64; 0],0.02534200978698209,0.18038934598537107,tvm
128,32,75,1,128,64,0,[128; 32; 75; 1; 128; 64; 0],0.025154058006592095,0.18173721990426128,tvm
64,1,50,1,256,128,1,[64; 1; 50; 1; 256; 128; 1],0.022318135510431603,0.2048302184244676,tvm
32,16,125,1,256,64,1,[32; 16; 125; 1; 256; 64; 1],0.05120709491893649,0.0892733434432354,tvm
320,16,75,1,128,64,0,[320; 16; 75; 1; 128; 64; 0],0.061402196530252695,0.07445057065957308,tvm
20,5,10,1,256,64,1,[20; 5; 10; 1; 256; 64; 1],0.016799770994111896,0.2721125527860349,tvm
320,20,20,1,128,64,0,[320; 20; 20; 1; 128; 64; 0],0.02932949474779889,0.1558645524151638,tvm
80,20,75,1,128,64,1,[80; 20; 75; 1; 128; 64; 1],0.023193308734335005,0.19710118223283518,tvm
16,16,2,1,128,128,0,[16; 16; 2; 1; 128; 128; 0],0.020520478748949245,0.22277397264245857,tvm
320,64,150,1,256,64,1,[320; 64; 150; 1; 256; 64; 1],0.02112833975115791,0.2163647794984952,tvm
32,16,2,1,128,128,0,[32; 16; 2; 1; 128; 128; 0],0.03207002324052155,0.14254522165897338,tvm
20,4,10,1,256,64,1,[20; 4; 10; 1; 256; 64; 1],0.03271265100920573,0.13974497420408138,tvm
320,64,15,1,128,64,0,[320; 64; 15; 1; 128; 64; 0],0.022966536635067314,0.1990473637391419,tvm
128,64,375,1,256,64,1,[128; 64; 375; 1; 256; 64; 1],0.03351163322804496,0.1364131834554357,tvm
80,16,1500,1,64,64,0,[80; 16; 1500; 1; 64; 64; 0],0.032250926713459194,0.1417456500411441,tvm
16,16,250,1,64,64,0,[16; 16; 250; 1; 64; 64; 0],0.01500381124787964,0.30468448955425326,tvm
20,20,4,1,64,64,1,[20; 20; 4; 1; 64; 64; 1],0.01281879810267128,0.35661912566326653,tvm
160,1,25,1,64,64,0,[160; 1; 25; 1; 64; 64; 0],0.03368958400096744,0.13569263934209747,tvm
20,20,300,1,256,128,1,[20; 20; 300; 1; 256; 128; 1],0.03986716800136492,0.11466649879098664,tvm
320,40,25,1,128,64,0,[320; 40; 25; 1; 128; 64; 0],0.021395066229160875,0.21366741857512192,tvm
160,16,750,1,64,64,1,[160; 16; 750; 1; 64; 64; 1],0.03473650652449578,0.13160300297339497,tvm
64,16,60,1,64,64,0,[64; 16; 60; 1; 64; 64; 0],0.05292898300103843,0.08636909897435367,tvm
256,32,750,1,128,64,0,[256; 32; 750; 1; 128; 64; 0],0.09350365947466344,0.048890370677602046,tvm
320,2,100,1,64,64,1,[320; 2; 100; 1; 64; 64; 1],0.01711143524153158,0.2671563493594708,tvm
64,64,15,1,128,64,0,[64; 64; 15; 1; 128; 64; 0],0.04105068097123876,0.11136060263242505,tvm
40,40,100,1,128,64,0,[40; 40; 100; 1; 128; 64; 0],0.01872840485884808,0.24409065298846516,tvm
320,20,375,1,64,64,1,[320; 20; 375; 1; 64; 64; 1],0.028507325740065426,0.16035978306459273,tvm
128,32,150,1,128,64,1,[128; 32; 150; 1; 128; 64; 1],0.04607472027419135,0.09921771731274616,tvm
16,2,50,1,256,64,1,[16; 2; 50; 1; 256; 64; 1],0.029627493990119547,0.15429683566733976,tvm
80,20,60,1,128,128,1,[80; 20; 60; 1; 128; 128; 1],0.057513976003974676,0.07948378618638102,tvm
16,1,30,1,256,64,1,[16; 1; 30; 1; 256; 64; 1],0.03251667879521847,0.1405871921981403,tvm
16,4,1,1,64,64,1,[16; 4; 1; 1; 64; 64; 1],0.012406183435814455,0.3684798467699314,tvm
80,40,15,1,256,128,1,[80; 40; 15; 1; 256; 128; 1],0.022051712876418605,0.20730491989659047,tvm
256,64,15,1,128,64,1,[256; 64; 15; 1; 128; 64; 1],0.03747983096400276,0.12197036256164465,tvm
16,4,60,1,256,64,1,[16; 4; 60; 1; 256; 64; 1],0.014817339892033488,0.3085188437829108,tvm
256,64,30,1,128,128,0,[256; 64; 30; 1; 128; 128; 0],0.02394450909923762,0.1909176150775262,tvm
10,5,75,1,128,64,1,[10; 5; 75; 1; 128; 64; 1],0.015567095630103722,0.29365969606997994,tvm
256,32,500,1,128,64,1,[256; 32; 500; 1; 128; 64; 1],0.04312364454381168,0.10600747269364505,tvm
80,1,30,1,128,128,1,[80; 1; 30; 1; 128; 128; 1],0.04378795751836151,0.10439921911205026,tvm
256,32,1500,1,128,128,1,[256; 32; 1500; 1; 128; 128; 1],0.022860439377836883,0.19997115960336947,tvm
256,32,750,1,128,64,1,[256; 32; 750; 1; 128; 64; 1],0.030905797495506704,0.1479149202376414,tvm
10,2,75,1,64,64,1,[10; 2; 75; 1; 64; 64; 1],0.01318322098813951,0.34676112731033853,tvm
128,64,125,1,128,64,1,[128; 64; 125; 1; 128; 64; 1],0.02173321438021958,0.2103429567045197,tvm
16,16,250,1,256,128,1,[16; 16; 250; 1; 256; 128; 1],0.028351182758342475,0.1612429580238026,tvm
10,10,100,1,256,128,1,[10; 10; 100; 1; 256; 128; 1],0.046047445270232856,0.09927648634144204,tvm
10,10,15,1,64,64,1,[10; 10; 15; 1; 64; 64; 1],0.026918240007944405,0.16982642884822344,tvm
32,32,500,1,256,128,1,[32; 32; 500; 1; 256; 128; 1],0.02919118996942416,0.15660302222063716,tvm
40,40,20,1,128,64,1,[40; 40; 20; 1; 128; 64; 1],0.016627948120003566,0.27492439466593616,tvm
16,8,2,1,256,128,1,[16; 8; 2; 1; 256; 128; 1],0.02158150399918668,0.21182159369434359,tvm
40,40,20,1,64,64,1,[40; 40; 20; 1; 64; 64; 1],0.012515516864368692,0.3652608694446567,tvm
20,1,75,1,128,128,1,[20; 1; 75; 1; 128; 128; 1],0.029190001485403627,0.1566093983830217,tvm
16,1,1,1,128,128,1,[16; 1; 1; 1; 128; 128; 1],0.030736224784050137,0.14873097146923556,tvm
64,64,250,1,128,128,1,[64; 64; 250; 1; 128; 128; 1],0.024694133375305682,0.18512204910985192,tvm
32,32,75,1,128,128,1,[32; 32; 75; 1; 128; 128; 1],0.011947423932724632,0.3826288074458616,tvm
40,40,75,1,128,128,1,[40; 40; 75; 1; 128; 128; 1],0.023982686485396698,0.19061369852006202,tvm
80,2,100,1,256,128,1,[80; 2; 100; 1; 256; 128; 1],0.022669937112368643,0.20165157709830678,tvm
80,1,10,1,128,128,0,[80; 1; 10; 1; 128; 128; 0],0.024172823352273554,0.18911438290879704,tvm
320,32,25,1,256,64,1,[320; 32; 25; 1; 256; 64; 1],0.033819318225141615,0.13517210905896165,tvm
160,20,5,1,128,64,0,[160; 20; 5; 1; 128; 64; 0],0.049847817281261086,0.09170769796468249,tvm
40,2,2,1,64,64,1,[40; 2; 2; 1; 64; 64; 1],0.03471739077940583,0.1316754649125394,tvm
160,1,100,1,256,128,1,[160; 1; 100; 1; 256; 128; 1],0.02221728177391924,0.20576003031995344,tvm
40,2,60,1,256,64,1,[40; 2; 60; 1; 256; 64; 1],0.029189925990067422,0.15660980342958425,tvm
32,4,100,1,256,64,1,[32; 4; 100; 1; 256; 64; 1],0.016994243138469756,0.268998656437971,tvm
160,32,125,1,128,64,1,[160; 32; 125; 1; 128; 64; 1],0.021500298753380775,0.2126216302324518,tvm
160,20,750,1,64,64,0,[160; 20; 750; 1; 64; 64; 0],0.016679377993568778,0.27407668158795967,tvm
40,2,6,1,64,64,1,[40; 2; 6; 1; 64; 64; 1],0.034616205492056906,0.1320603603557166,tvm
160,32,20,1,256,128,1,[160; 32; 20; 1; 256; 128; 1],0.023154822119977325,0.197428792488303,tvm
2,1,15,1,64,64,1,[2; 1; 15; 1; 64; 64; 1],0.04539208672940731,0.10070981311522229,tvm
32,4,100,1,256,128,1,[32; 4; 100; 1; 256; 128; 1],0.027218216273467988,0.1679547449215013,tvm
20,10,750,1,128,64,1,[20; 10; 750; 1; 128; 64; 1],0.016107786766951904,0.28380240175563415,tvm
32,8,20,1,128,64,1,[32; 8; 20; 1; 128; 64; 1],0.03330307797295973,0.13726744942735686,tvm
16,4,300,1,256,64,1,[16; 4; 300; 1; 256; 64; 1],0.016165052133146673,0.2827970200018589,tvm
160,20,20,1,128,64,0,[160; 20; 20; 1; 128; 64; 0],0.022116935870144516,0.2066935762833001,tvm
40,40,30,1,80,16,1,[40; 40; 30; 1; 80; 16; 1],0.03716160648036748,0.12301482644039252,tvm
32,8,1,1,64,64,0,[32; 8; 1; 1; 64; 64; 0],0.01567905824049376,0.29156270110803606,tvm
20,10,15,1,128,64,0,[20; 10; 15; 1; 128; 64; 0],0.053883467451669276,0.08483916844306484,tvm
160,32,15,1,128,128,0,[160; 32; 15; 1; 128; 128; 0],0.043428817472886294,0.10526256153031636,tvm
20,20,5,1,128,64,0,[20; 20; 5; 1; 128; 64; 0],0.04646076273638755,0.09839331733243975,tvm
64,64,30,1,256,128,0,[64; 64; 30; 1; 256; 128; 0],0.02976820175535977,0.15356750834321006,tvm
128,4,25,1,64,64,1,[128; 4; 25; 1; 64; 64; 1],0.018647215503733605,0.24515341556026238,tvm
160,10,5,1,64,64,0,[160; 10; 5; 1; 64; 64; 0],0.03331168449949473,0.13723198451576085,tvm
160,10,4,1,64,64,0,[160; 10; 4; 1; 64; 64; 0],0.01801378486561589,0.2537739073454997,tvm
128,64,2,1,64,64,0,[128; 64; 2; 1; 64; 64; 0],0.03569375100778416,0.12807363872829242,tvm
20,10,75,1,128,64,0,[20; 10; 75; 1; 128; 64; 0],0.020317494141636416,0.22499962542429844,tvm
64,32,100,1,256,128,1,[64; 32; 100; 1; 256; 128; 1],0.04124711052281782,0.11083027425399088,tvm
160,4,60,1,64,64,0,[160; 4; 60; 1; 64; 64; 0],0.056382396491244435,0.08107900436865013,tvm
160,8,75,1,64,64,0,[160; 8; 75; 1; 64; 64; 0],0.032861441490240395,0.1391122350121571,tvm
80,40,30,1,128,128,0,[80; 40; 30; 1; 128; 128; 0],0.02324974024668336,0.19662278042356618,tvm
8,8,3,1,128,128,1,[8; 8; 3; 1; 128; 128; 1],0.03221160976681858,0.1419186623866788,tvm
64,1,30,1,64,64,1,[64; 1; 30; 1; 64; 64; 1],0.02884518023347482,0.15848153953024813,tvm
10,5,300,1,128,128,1,[10; 5; 300; 1; 128; 128; 1],0.016024587879655883,0.2852758901358242,tvm
40,40,1500,1,256,128,0,[40; 40; 1500; 1; 256; 128; 0],0.030276494508143514,0.15098936140704755,tvm
64,32,250,1,64,64,0,[64; 32; 250; 1; 64; 64; 0],0.017968067491892725,0.25441960152315884,tvm
20,5,150,1,128,128,1,[20; 5; 150; 1; 128; 128; 1],0.028706831217277795,0.15924532167371938,tvm
64,64,125,1,128,128,0,[64; 64; 125; 1; 128; 128; 0],0.04632509272778407,0.09868147697601475,tvm
20,10,50,1,256,128,1,[20; 10; 50; 1; 256; 128; 1],0.014966702146921307,0.3054399377065794,tvm
256,2,150,1,64,64,1,[256; 2; 150; 1; 64; 64; 1],0.03133410698501393,0.14589305428793406,tvm
20,1,2,1,256,128,1,[20; 1; 2; 1; 256; 128; 1],0.015369578613899648,0.29743356576440877,tvm
320,64,3,1,64,64,1,[320; 64; 3; 1; 64; 64; 1],0.03074755077250302,0.1486761857961291,tvm
160,40,30,1,128,128,1,[160; 40; 30; 1; 128; 128; 1],0.023065766523359343,0.19819105368984632,tvm
16,4,250,1,128,64,1,[16; 4; 250; 1; 128; 64; 1],0.028660110023338348,0.15950492052214701,tvm
10,10,30,1,256,128,1,[10; 10; 30; 1; 256; 128; 1],0.031246623722836375,0.14630152082919523,tvm
32,32,250,1,256,128,1,[32; 32; 250; 1; 256; 128; 1],0.01954729450517334,0.23386502772640522,tvm
20,1,750,1,64,64,1,[20; 1; 750; 1; 64; 64; 1],0.014801900397287682,0.30884065212776635,tvm
20,5,1500,1,64,64,1,[20; 5; 1500; 1; 64; 64; 1],0.02415203201235272,0.18927718251990075,tvm
16,16,125,1,128,64,1,[16; 16; 125; 1; 128; 64; 1],0.014839996612863615,0.3080478177108183,tvm
10,1,75,1,128,64,1,[10; 1; 75; 1; 128; 64; 1],0.015393837238661945,0.2969648503199276,tvm
10,5,20,1,256,128,1,[10; 5; 20; 1; 256; 128; 1],0.03195016278186813,0.14307997748364773,tvm
20,10,125,1,64,64,1,[20; 10; 125; 1; 64; 64; 1],0.012917438638396561,0.35389589990698206,tvm
20,1,100,1,64,64,1,[20; 1; 100; 1; 64; 64; 1],0.028566699009388685,0.16002648993242563,tvm
32,32,2,1,256,128,1,[32; 32; 2; 1; 256; 128; 1],0.08353295305278152,0.0547260500720003,tvm
10,2,25,1,64,64,1,[10; 2; 25; 1; 64; 64; 1],0.013464788993587717,0.33950985593651745,tvm
20,2,50,1,64,64,1,[20; 2; 50; 1; 64; 64; 1],0.01824246038449928,0.2505927640831244,tvm
64,64,20,1,64,64,1,[64; 64; 20; 1; 64; 64; 1],0.01896528110955842,0.24104196215286214,tvm
40,40,150,1,256,128,1,[40; 40; 150; 1; 256; 128; 1],0.012055031940690242,0.3792133105842955,tvm
16,16,75,1,128,128,1,[16; 16; 75; 1; 128; 128; 1],0.013509696756955236,0.3383812866913575,tvm
20,5,4,1,128,128,1,[20; 5; 4; 1; 128; 128; 1],0.014932125894119963,0.3061472026048701,tvm
40,40,50,1,256,128,1,[40; 40; 50; 1; 256; 128; 1],0.02370647998759523,0.19283455721054496,tvm
16,16,10,1,128,128,1,[16; 16; 10; 1; 128; 128; 1],0.014257150120101869,0.320641119222213,tvm
20,4,100,1,32,16,1,[20; 4; 100; 1; 32; 16; 1],0.014741897000931203,0.3100977147744152,tvm
10,2,4,1,32,16,1,[10; 2; 4; 1; 32; 16; 1],0.01580959837883711,0.2891552626376602,tvm
20,10,15,1,32,16,1,[20; 10; 15; 1; 32; 16; 1],0.01456031299312599,0.3139649933065842,tvm
32,4,1500,1,64,64,0,[32; 4; 1500; 1; 64; 64; 0],0.030232516292016953,0.1512090005103439,tvm
16,4,10,1,80,16,1,[16; 4; 10; 1; 80; 16; 1],0.02603721496416256,0.17557287051325013,tvm
80,20,500,1,64,64,1,[80; 20; 500; 1; 64; 64; 1],0.03639726177789271,0.12559814524853094,tvm
32,8,10,1,64,64,0,[32; 8; 10; 1; 64; 64; 0],0.059317138977348804,0.07706758367382224,tvm
320,4,100,1,256,64,1,[320; 4; 100; 1; 256; 64; 1],0.04232019302435219,0.10802003121294951,tvm
20,10,100,1,80,16,1,[20; 10; 100; 1; 80; 16; 1],0.01409208626137115,0.324396862653307,tvm
320,64,20,1,128,64,0,[320; 64; 20; 1; 128; 64; 0],0.021367067383835092,0.21394740276276808,tvm
80,1,15,1,128,128,0,[80; 1; 15; 1; 128; 128; 0],0.03233211045153439,0.14138973632052604,tvm
16,4,15,1,32,16,1,[16; 4; 15; 1; 32; 16; 1],0.027756572526413947,0.16469715657717715,tvm
160,4,75,1,256,64,1,[160; 4; 75; 1; 256; 64; 1],0.021632868389133364,0.21131865128550842,tvm
160,40,750,1,256,128,1,[160; 40; 750; 1; 256; 128; 1],0.038569227734114975,0.11852528142234708,tvm
32,32,12,1,64,64,0,[32; 32; 12; 1; 64; 64; 0],0.027274922758806497,0.16760555517806386,tvm
40,40,375,1,128,128,0,[40; 40; 375; 1; 128; 128; 0],0.017221259884536266,0.2654526208929383,tvm
320,32,100,1,128,128,1,[320; 32; 100; 1; 128; 128; 1],0.021870741358725354,0.20902028406114345,tvm
320,32,375,1,64,64,0,[320; 32; 375; 1; 64; 64; 0],0.017750608385540545,0.2575364445058913,tvm
16,4,1,1,16,16,1,[16; 4; 1; 1; 16; 16; 1],0.03143368929158896,0.14543086333336622,tvm
64,4,30,1,128,128,1,[64; 4; 30; 1; 128; 128; 1],0.030731191742233932,0.14875533008197822,tvm
20,20,125,1,128,64,0,[20; 20; 125; 1; 128; 64; 0],0.020194386393995956,0.2263712539831225,tvm
80,1,150,1,64,64,1,[80; 1; 150; 1; 64; 64; 1],0.029641548986546695,0.15422367344916388,tvm
128,1,100,1,256,128,1,[128; 1; 100; 1; 256; 128; 1],0.04247578349895775,0.1076243495671067,tvm
16,16,25,1,64,16,1,[16; 16; 25; 1; 64; 16; 1],0.03092799725709483,0.1478087486049519,tvm
32,16,60,1,64,64,0,[32; 16; 60; 1; 64; 64; 0],0.015600876649841666,0.2930238264190729,tvm
10,10,300,1,256,128,1,[10; 10; 300; 1; 256; 128; 1],0.018461275874869898,0.2476225696649359,tvm
64,32,75,1,64,64,0,[64; 32; 75; 1; 64; 64; 0],0.038326032750774175,0.11927737475870706,tvm
320,40,125,1,256,128,1,[320; 40; 125; 1; 256; 128; 1],0.02072961285011843,0.22052648086008297,tvm
32,1,375,1,256,64,1,[32; 1; 375; 1; 256; 64; 1],0.018164942361181602,0.25166215672655773,tvm
20,20,1500,1,256,128,1,[20; 20; 1500; 1; 256; 128; 1],0.01576098776422441,0.29004708586889316,tvm
10,1,375,1,256,128,1,[10; 1; 375; 1; 256; 128; 1],0.03206177253741771,0.1425819039197999,tvm
128,32,150,1,64,64,0,[128; 32; 150; 1; 64; 64; 0],0.045588641020003706,0.1002756052636596,tvm
32,32,10,1,256,128,1,[32; 32; 10; 1; 256; 128; 1],0.015667462372221053,0.29177849372300846,tvm
320,64,25,1,128,128,1,[320; 64; 25; 1; 128; 128; 1],0.021730499749537557,0.21036923329505366,tvm
16,2,50,1,256,64,1,[16; 2; 50; 1; 256; 64; 1],0.01510753037291579,0.3025927109585069,tvm
16,2,15,1,256,64,1,[16; 2; 15; 1; 256; 64; 1],0.03009238396771252,0.1519131410902328,tvm
32,2,125,1,128,128,1,[32; 2; 125; 1; 128; 128; 1],0.014749581867363304,0.309936146837075,tvm
16,4,1500,1,256,128,1,[16; 4; 1500; 1; 256; 128; 1],0.029113124241121113,0.15702294723050073,tvm
20,20,125,1,64,64,0,[20; 20; 125; 1; 64; 64; 0],0.027224614983424544,0.16791526984722627,tvm
64,64,300,1,256,64,1,[64; 64; 300; 1; 256; 64; 1],0.032054412469733506,0.14261464239112218,tvm
160,32,250,1,64,64,0,[160; 32; 250; 1; 64; 64; 0],0.016949448618106544,0.2697095743011406,tvm
20,2,50,1,256,128,1,[20; 2; 50; 1; 256; 128; 1],0.015061254758620635,0.30352242523565415,tvm
10,5,750,1,128,128,1,[10; 5; 750; 1; 128; 128; 1],0.015777292370330542,0.28974734473611063,tvm
32,32,50,1,256,128,1,[32; 32; 50; 1; 256; 128; 1],0.028883506485726684,0.15827124638373208,tvm
16,8,20,1,256,128,1,[16; 8; 20; 1; 256; 128; 1],0.027296218497212976,0.1674747940596727,tvm
40,40,6,1,256,128,1,[40; 40; 6; 1; 256; 128; 1],0.03845633222954348,0.11887323377960218,tvm
20,1,125,1,128,64,1,[20; 1; 125; 1; 128; 64; 1],0.034904339525382966,0.1309702069596292,tvm
20,1,750,1,128,64,1,[20; 1; 750; 1; 128; 64; 1],0.0365532812429592,0.12506205779567622,tvm
64,64,250,1,128,64,1,[64; 64; 250; 1; 128; 64; 1],0.015738315123599023,0.2904649281404897,tvm
10,5,300,1,128,64,1,[10; 5; 300; 1; 128; 64; 1],0.015612162504112348,0.2928120028358933,tvm
20,4,1500,1,128,64,1,[20; 4; 1500; 1; 128; 64; 1],0.017155546112917364,0.2664694286815206,tvm
10,10,25,1,128,64,1,[10; 10; 25; 1; 128; 64; 1],0.029440167476423085,0.1552786197663299,tvm
32,32,300,1,128,128,1,[32; 32; 300; 1; 128; 128; 1],0.011818478626082651,0.3868034724316979,tvm
20,1,1,1,128,128,1,[20; 1; 1; 1; 128; 128; 1],0.025018605985678732,0.18272115456973784,tvm
16,2,5,1,128,64,1,[16; 2; 5; 1; 128; 64; 1],0.017005502886604518,0.2688205460262838,tvm
20,4,1500,1,64,64,1,[20; 4; 1500; 1; 64; 64; 1],0.021532810613280162,0.21230059807469748,tvm
64,64,125,1,64,64,1,[64; 64; 125; 1; 64; 64; 1],0.012238101757247932,0.3735406570484818,tvm
20,5,5,1,128,64,1,[20; 5; 5; 1; 128; 64; 1],0.018157012498704717,0.2517720672249737,tvm
10,5,1,1,64,64,1,[10; 5; 1; 1; 64; 64; 1],0.025424573803320527,0.17980354781135127,tvm
10,2,1500,1,64,64,1,[10; 2; 1500; 1; 64; 64; 1],0.03510743798688054,0.13021253710216307,tvm
32,32,60,1,128,64,1,[32; 32; 60; 1; 128; 64; 1],0.031000931281596422,0.14746100786147615,tvm
20,10,25,1,128,128,1,[20; 10; 25; 1; 128; 128; 1],0.029714039235841483,0.15384743000253065,tvm
20,10,125,1,64,64,1,[20; 10; 125; 1; 64; 64; 1],0.024557483731769025,0.18615215717377018,tvm
10,10,100,1,64,64,1,[10; 10; 100; 1; 64; 64; 1],0.03884526022011414,0.1176830466709418,tvm
160,40,50,1,256,64,1,[160; 40; 50; 1; 256; 64; 1],0.023197852628072724,0.1970625749168045,tvm
32,16,500,1,64,16,0,[32; 16; 500; 1; 64; 16; 0],0.02507041598437354,0.18234354684333742,tvm
320,20,150,1,64,64,1,[320; 20; 150; 1; 64; 64; 1],0.02758501173229888,0.16572146554775447,tvm
320,64,30,1,128,128,0,[320; 64; 30; 1; 128; 128; 0],0.023452533991076052,0.19492258589916342,tvm
10,1,250,1,160,16,1,[10; 1; 250; 1; 160; 16; 1],0.029846890247426927,0.15316264218925355,tvm
16,4,25,1,128,16,1,[16; 4; 25; 1; 128; 16; 1],0.019716370734386146,0.23185953606846194,tvm
16,8,1,1,256,16,1,[16; 8; 1; 1; 256; 16; 1],0.020981422247132286,0.21787982328287533,tvm
320,64,150,1,64,64,0,[320; 64; 150; 1; 64; 64; 0],0.03246147948084399,0.14082625451887493,tvm
20,1,375,1,256,16,1,[20; 1; 375; 1; 256; 16; 1],0.026151795987971127,0.17480361859396817,tvm
64,64,12,1,256,128,1,[64; 64; 12; 1; 256; 128; 1],0.016773406125139445,0.2725402662597587,tvm
10,1,10,1,160,16,1,[10; 1; 10; 1; 160; 16; 1],0.023282630398171023,0.19634502172863091,tvm
128,64,100,1,128,64,1,[128; 64; 100; 1; 128; 64; 1],0.0382680440088734,0.11945811942644813,tvm
64,64,500,1,128,16,1,[64; 64; 500; 1; 128; 16; 1],0.0380850937217474,0.1200319632879934,tvm
10,1,1500,1,32,16,1,[10; 1; 1500; 1; 32; 16; 1],0.05118254746776074,0.08931615946447485,tvm
10,1,25,1,16,16,1,[10; 1; 25; 1; 16; 16; 1],0.03387332096463069,0.13495661013580257,tvm
16,1,150,1,256,64,1,[16; 1; 150; 1; 256; 64; 1],0.029877395776566118,0.15300625950184393,tvm
16,1,375,1,32,16,1,[16; 1; 375; 1; 32; 16; 1],0.01398493250599131,0.32688241930878953,tvm
32,32,375,1,128,128,0,[32; 32; 375; 1; 128; 128; 0],0.01872357274987735,0.2441536469827062,tvm
320,40,250,1,64,64,1,[320; 40; 250; 1; 64; 64; 1],0.03413464699406177,0.13392341723129114,tvm
20,1,75,1,256,16,1,[20; 1; 75; 1; 256; 16; 1],0.046138502249959856,0.09908055850323033,tvm
16,4,250,1,256,128,1,[16; 4; 250; 1; 256; 128; 1],0.014235034381272271,0.32113927153156585,tvm
32,4,300,1,16,16,1,[32; 4; 300; 1; 16; 16; 1],0.03760829527163878,0.12155373005901662,tvm
16,1,125,1,32,16,1,[16; 1; 125; 1; 32; 16; 1],0.026739610475488007,0.17096092613686967,tvm
10,5,3,1,256,64,1,[10; 5; 3; 1; 256; 64; 1],0.020317275484558195,0.22500204689861145,tvm
10,1,12,1,256,128,1,[10; 1; 12; 1; 256; 128; 1],0.01668696862179786,0.2739520086025094,tvm
64,64,60,1,32,16,1,[64; 64; 60; 1; 32; 16; 1],0.0241264816140756,0.1894776306198563,tvm
16,2,750,1,256,128,1,[16; 2; 750; 1; 256; 128; 1],0.02898584573995322,0.1577124439438885,tvm
10,5,500,1,160,16,1,[10; 5; 500; 1; 160; 16; 1],0.03051248175324872,0.1498215913211269,tvm
16,1,5,1,128,16,1,[16; 1; 5; 1; 128; 16; 1],0.044029994518496096,0.10382532683505578,tvm
10,5,250,1,160,16,1,[10; 5; 250; 1; 160; 16; 1],0.030306582455523312,0.15083946129978237,tvm
20,4,12,1,80,16,1,[20; 4; 12; 1; 80; 16; 1],0.026937071757856756,0.16970770292042675,tvm
10,2,1,1,16,16,1,[10; 2; 1; 1; 16; 16; 1],0.03313286049524322,0.13797265020582444,tvm
16,4,25,1,32,16,1,[16; 4; 25; 1; 32; 16; 1],0.013772371254162863,0.33192748634675406,tvm
20,4,1500,1,256,128,1,[20; 4; 1500; 1; 256; 128; 1],0.03214224800467491,0.14222491752175154,tvm
20,2,30,1,80,16,1,[20; 2; 30; 1; 80; 16; 1],0.030178476532455534,0.15147976626693582,tvm
10,5,3,1,128,64,1,[10; 5; 3; 1; 128; 64; 1],0.030345104227308184,0.15064797725475101,tvm
20,4,25,1,32,16,1,[20; 4; 25; 1; 32; 16; 1],0.03009313199436292,0.1519093649768624,tvm
16,8,30,1,32,16,1,[16; 8; 30; 1; 32; 16; 1],0.04002703248988837,0.11420853076188964,tvm
16,4,2,1,256,128,1,[16; 4; 2; 1; 256; 128; 1],0.021543729613767937,0.21219299784133533,tvm
10,2,500,1,64,64,1,[10; 2; 500; 1; 64; 64; 1],0.013146591751137748,0.34772727851938856,tvm
20,2,5,1,256,64,1,[20; 2; 5; 1; 256; 64; 1],0.01784806264913641,0.25613024008797747,tvm
10,5,6,1,16,16,1,[10; 5; 6; 1; 16; 16; 1],0.01745818424387835,0.2618501733954106,tvm
40,40,250,1,128,16,1,[40; 40; 250; 1; 128; 16; 1],0.059786416473798454,0.07646266227433135,tvm
20,20,50,1,128,16,1,[20; 20; 50; 1; 128; 16; 1],0.04255906672915444,0.10741374101366243,tvm
20,2,375,1,128,64,1,[20; 2; 375; 1; 128; 64; 1],0.02891290799016133,0.15811030052681546,tvm
16,4,125,1,64,16,1,[16; 4; 125; 1; 64; 16; 1],0.032630779256578535,0.1400955991728867,tvm
32,32,100,1,160,16,1,[32; 32; 100; 1; 160; 16; 1],0.034144658769946545,0.13388414868132326,tvm
32,32,300,1,160,16,1,[32; 32; 300; 1; 160; 16; 1],0.036434045468922704,0.12547134177915767,tvm
20,5,10,1,16,16,1,[20; 5; 10; 1; 16; 16; 1],0.01713056751759723,0.2668579757636524,tvm
16,8,100,1,80,16,1,[16; 8; 100; 1; 80; 16; 1],0.013069031614577398,0.3497909184280747,tvm
20,5,250,1,64,64,1,[20; 5; 250; 1; 64; 64; 1],0.019989332620752975,0.22869340653636946,tvm
16,4,75,1,256,128,1,[16; 4; 75; 1; 256; 128; 1],0.026504629233386368,0.17247660894158837,tvm
32,32,250,1,32,16,1,[32; 32; 250; 1; 32; 16; 1],0.035680571279954165,0.12812094670683882,tvm
20,10,5,1,64,16,1,[20; 10; 5; 1; 64; 16; 1],0.04671026603318751,0.09786774856260902,tvm
10,5,5,1,128,64,1,[10; 5; 5; 1; 128; 64; 1],0.015564403496682644,0.2937104896055229,tvm
16,8,60,1,256,64,1,[16; 8; 60; 1; 256; 64; 1],0.028994186723139137,0.15766707357859056,tvm
16,16,60,1,80,16,1,[16; 16; 60; 1; 80; 16; 1],0.013074504269752651,0.3496445048401866,tvm
16,16,60,1,64,16,1,[16; 16; 60; 1; 64; 16; 1],0.015435670618899167,0.2961600233832014,tvm
20,20,750,1,128,64,1,[20; 20; 750; 1; 128; 64; 1],0.016360005625756457,0.27942707820537177,tvm
20,4,75,1,16,16,1,[20; 4; 75; 1; 16; 16; 1],0.03246049425797537,0.1408305287990307,tvm
20,5,60,1,128,64,1,[20; 5; 60; 1; 128; 64; 1],0.01515729448874481,0.3015992448271773,tvm
16,16,50,1,64,64,1,[16; 16; 50; 1; 64; 64; 1],0.02543592097936198,0.1797233359522427,tvm
16,2,60,1,128,128,1,[16; 2; 60; 1; 128; 128; 1],0.02745434601092711,0.16651019731481115,tvm
40,40,250,1,128,64,1,[40; 40; 250; 1; 128; 64; 1],0.030880742997396737,0.14803492816911645,tvm
20,4,60,1,80,16,0,[20; 4; 60; 1; 80; 16; 0],0.019306708360090852,0.23677928345767274,tvm
128,64,250,1,128,128,1,[128; 64; 250; 1; 128; 128; 1],0.02104577311547473,0.2172136203477006,tvm
20,20,1,1,32,16,0,[20; 20; 1; 1; 32; 16; 0],0.04369235649937764,0.10462764972389824,tvm
20,10,1,1,64,16,0,[20; 10; 1; 1; 64; 16; 0],0.03652446303749457,0.12516073314303688,tvm
20,20,250,1,256,16,1,[20; 20; 250; 1; 256; 16; 1],0.025164670019876212,0.18166058079910635,tvm
32,32,300,1,80,16,1,[32; 32; 300; 1; 80; 16; 1],0.05084912001620978,0.08990182268584555,tvm
160,40,10,1,64,64,1,[160; 40; 10; 1; 64; 64; 1],0.03512787277577445,0.13013678911354995,tvm
160,1,50,1,256,128,1,[160; 1; 50; 1; 256; 128; 1],0.04873055196367204,0.09381031790562333,tvm
10,2,12,1,128,16,1,[10; 2; 12; 1; 128; 16; 1],0.019854163751006126,0.2302503710939178,tvm
32,32,750,1,80,16,1,[32; 32; 750; 1; 80; 16; 1],0.018210959766292945,0.2510262298140885,tvm
16,16,1,1,64,16,0,[16; 16; 1; 1; 64; 16; 0],0.021020988875534385,0.21746972031126005,tvm
320,40,125,1,256,64,1,[320; 40; 125; 1; 256; 64; 1],0.04222568322438747,0.10826180235227884,tvm
256,64,125,1,64,64,0,[256; 64; 125; 1; 64; 64; 0],0.03268132149241865,0.13987893887611133,tvm
32,8,60,1,128,128,0,[32; 8; 60; 1; 128; 128; 0],0.034384147729724646,0.13295163246046177,tvm
16,1,12,1,16,16,1,[16; 1; 12; 1; 16; 16; 1],0.03917636472033337,0.11668843201921446,tvm
32,8,1,1,128,128,1,[32; 8; 1; 1; 128; 128; 1],0.028838481986895204,0.15851834966576683,tvm
160,40,25,1,256,64,1,[160; 40; 25; 1; 256; 64; 1],0.023020157241262496,0.1985837248424399,tvm
20,2,20,1,64,16,1,[20; 2; 20; 1; 64; 16; 1],0.016287680249661207,0.2806678729786373,tvm
10,10,50,1,160,16,1,[10; 10; 50; 1; 160; 16; 1],0.02886869222857058,0.1583524648513295,tvm
20,10,1500,1,80,16,0,[20; 10; 1500; 1; 80; 16; 0],0.038918916252441704,0.11746032550795317,tvm
20,4,60,1,160,16,1,[20; 4; 60; 1; 160; 16; 1],0.029422539984807372,0.15537164955129895,tvm
10,1,5,1,32,16,1,[10; 1; 5; 1; 32; 16; 1],0.0524059240706265,0.08723114137378327,tvm
160,40,20,1,256,128,1,[160; 40; 20; 1; 256; 128; 1],0.044313911988865584,0.10316012209838751,tvm
20,2,3,1,16,16,1,[20; 2; 3; 1; 16; 16; 1],0.03349298029206693,0.1364891547889917,tvm
32,32,100,1,80,16,1,[32; 32; 100; 1; 80; 16; 1],0.01656100363470614,0.27603572055551256,tvm
20,20,25,1,80,16,1,[20; 20; 25; 1; 80; 16; 1],0.026169650722295046,0.17468435555137066,tvm
20,20,750,1,32,16,0,[20; 20; 750; 1; 32; 16; 0],0.05197143252007663,0.08796041112899135,tvm
10,10,75,1,160,16,1,[10; 10; 75; 1; 160; 16; 1],0.03044952475465834,0.15013136028434101,tvm
20,1,60,1,256,64,1,[20; 1; 60; 1; 256; 64; 1],0.01803116174414754,0.2535293419411726,tvm
20,4,250,1,80,16,1,[20; 4; 250; 1; 80; 16; 1],0.02756538597168401,0.1658394544565594,tvm
32,2,15,1,256,128,1,[32; 2; 15; 1; 256; 128; 1],0.015792654507094994,0.2894654960871091,tvm
32,2,250,1,256,64,1,[32; 2; 250; 1; 256; 64; 1],0.050588858081027865,0.09036433603831386,tvm
32,4,125,1,256,128,1,[32; 4; 125; 1; 256; 128; 1],0.015600222744978964,0.2930361089170933,tvm
10,2,300,1,64,16,1,[10; 2; 300; 1; 64; 16; 1],0.017012201773468405,0.26871469268357734,tvm
20,2,750,1,32,16,1,[20; 2; 750; 1; 32; 16; 1],0.031373883539345115,0.1457080876103741,tvm
20,4,30,1,256,64,1,[20; 4; 30; 1; 256; 64; 1],0.031164594984147698,0.14668660297860095,tvm
10,5,750,1,64,16,1,[10; 5; 750; 1; 64; 16; 1],0.05085180758032948,0.0898970712930349,tvm
20,10,50,1,16,16,1,[20; 10; 50; 1; 16; 16; 1],0.044131262227892876,0.10358707955874487,tvm
10,5,10,1,80,16,1,[10; 5; 10; 1; 80; 16; 1],0.027482962992507964,0.16633681647334653,tvm
16,2,375,1,64,16,1,[16; 2; 375; 1; 64; 16; 1],0.06039831310044974,0.07568801737601065,tvm
20,10,750,1,128,16,1,[20; 10; 750; 1; 128; 16; 1],0.025032765901414678,0.18261779738731254,tvm
20,5,300,1,256,64,1,[20; 5; 300; 1; 256; 64; 1],0.016722071362892166,0.2733769323322586,tvm
16,4,375,1,32,16,1,[16; 4; 375; 1; 32; 16; 1],0.014949875505408272,0.3057837217289743,tvm
320,32,25,1,64,64,1,[320; 32; 25; 1; 64; 64; 1],0.03186805150471628,0.14344863760346402,tvm
20,20,1500,1,16,16,1,[20; 20; 1500; 1; 16; 16; 1],0.06558546144515276,0.069701858776301,tvm
32,4,100,1,128,128,1,[32; 4; 100; 1; 128; 128; 1],0.029491468507330865,0.15500850933524132,tvm
32,32,250,1,256,128,1,[32; 32; 250; 1; 256; 128; 1],0.03549184219446033,0.1288022342255904,tvm
16,4,15,1,256,128,1,[16; 4; 15; 1; 256; 128; 1],0.027969766524620354,0.16344178516486998,tvm
20,2,1,1,256,64,1,[20; 2; 1; 1; 256; 64; 1],0.016272889624815434,0.2809229753796982,tvm
32,32,300,1,256,128,1,[32; 32; 300; 1; 256; 128; 1],0.012345597002422437,0.37028817403739744,tvm
10,10,50,1,32,16,1,[10; 10; 50; 1; 32; 16; 1],0.014821921882685274,0.3084234694806238,tvm
20,10,750,1,64,16,1,[20; 10; 750; 1; 64; 16; 1],0.03524850896792486,0.12969140270836538,tvm
10,2,12,1,256,128,1,[10; 2; 12; 1; 256; 128; 1],0.04175394546473399,0.10948494856108075,tvm
20,20,300,1,80,16,1,[20; 20; 300; 1; 80; 16; 1],0.027192541281692684,0.1681133265211323,tvm
20,2,75,1,128,64,1,[20; 2; 75; 1; 128; 64; 1],0.015332764742197469,0.2981477018849375,tvm
16,8,10,1,256,128,1,[16; 8; 10; 1; 256; 128; 1],0.031151068455073982,0.14675029776334889,tvm
16,8,4,1,256,128,1,[16; 8; 4; 1; 256; 128; 1],0.01681164011824876,0.2719204396046023,tvm
20,10,300,1,128,128,1,[20; 10; 300; 1; 128; 128; 1],0.014428119495278224,0.3168416073158132,tvm
20,4,10,1,256,128,1,[20; 4; 10; 1; 256; 128; 1],0.014186597894877195,0.32223571890194497,tvm
40,40,1500,1,128,64,1,[40; 40; 1500; 1; 128; 64; 1],0.016763607127359137,0.2726995769286281,tvm
16,16,125,1,128,16,1,[16; 16; 125; 1; 128; 16; 1],0.04069219826487824,0.11234164695826246,tvm
10,10,50,1,128,128,1,[10; 10; 50; 1; 128; 128; 1],0.01620504551101476,0.28209908872649064,tvm
20,20,125,1,64,64,1,[20; 20; 125; 1; 64; 64; 1],0.012427851746906526,0.3678373917331664,tvm
16,16,500,1,128,128,1,[16; 16; 500; 1; 128; 128; 1],0.02908552100416273,0.15717196782461992,tvm
256,1,50,1,64,64,1,[256; 1; 50; 1; 64; 64; 1],0.01739697699667886,0.2627714327783081,tvm
20,5,300,1,80,16,0,[20; 5; 300; 1; 80; 16; 0],0.03989341977285221,0.11459104276990224,tvm
8,2,15,1,64,64,1,[8; 2; 15; 1; 64; 64; 1],0.01782532685319893,0.2564569283400368,tvm
256,64,125,1,128,128,0,[256; 64; 125; 1; 128; 128; 0],0.02369719499256462,0.1929101133219747,tvm
5,5,6,1,80,16,1,[5; 5; 6; 1; 80; 16; 1],0.023642779502552003,0.19335410927192936,tvm
40,4,60,1,256,128,1,[40; 4; 60; 1; 256; 128; 1],0.03444886353099719,0.13270186888212399,tvm
160,16,300,1,128,128,0,[160; 16; 300; 1; 128; 128; 0],0.02316473887185566,0.19734427384297848,tvm
5,5,150,1,32,16,1,[5; 5; 150; 1; 32; 16; 1],0.03441208630101755,0.13284369135426108,tvm
8,2,6,1,32,16,1,[8; 2; 6; 1; 32; 16; 1],0.015945487743010744,0.28669104671522694,tvm
20,5,250,1,80,16,0,[20; 5; 250; 1; 80; 16; 0],0.020387804514029995,0.22422368079322688,tvm
10,2,12,1,16,16,1,[10; 2; 12; 1; 16; 16; 1],0.018309461360331625,0.24967575405209916,tvm
10,5,20,1,160,16,1,[10; 5; 20; 1; 160; 16; 1],0.050713044009171426,0.09014305216231609,tvm
160,40,20,1,128,64,1,[160; 40; 20; 1; 128; 64; 1],0.04580313549377024,0.09980601812839514,tvm
64,1,50,1,256,128,1,[64; 1; 50; 1; 256; 128; 1],0.0447545102215372,0.10214453356320419,tvm
20,4,60,1,64,64,0,[20; 4; 60; 1; 64; 64; 0],0.040948626992758363,0.11163814044942251,tvm
256,64,100,1,128,64,1,[256; 64; 100; 1; 128; 64; 1],0.07321047806181014,0.06244227182301701,tvm
8,4,125,1,32,16,1,[8; 4; 125; 1; 32; 16; 1],0.015692310640588403,0.291316471877921,tvm
16,8,75,1,128,16,0,[16; 8; 75; 1; 128; 16; 0],0.05725296644959599,0.0798461434387533,tvm
16,4,3,1,256,16,1,[16; 4; 3; 1; 256; 16; 1],0.025389562477357686,0.18005149066689724,tvm
320,20,250,1,64,64,1,[320; 20; 250; 1; 64; 64; 1],0.026528494199737906,0.17232144941998767,tvm
10,5,12,1,256,16,1,[10; 5; 12; 1; 256; 16; 1],0.04338497552089393,0.10536893282853187,tvm
20,2,300,1,64,16,1,[20; 2; 300; 1; 64; 16; 1],0.017490646103397012,0.2613641911456155,tvm
64,32,5,1,64,64,1,[64; 32; 5; 1; 64; 64; 1],0.027985255990643054,0.16335132231618826,tvm
32,32,375,1,256,64,0,[32; 32; 375; 1; 256; 64; 0],0.01861270036897622,0.24560802467159795,tvm
32,4,15,1,128,64,1,[32; 4; 15; 1; 128; 64; 1],0.016725880006561056,0.27331468177670404,tvm
16,16,15,1,16,16,1,[16; 16; 15; 1; 16; 16; 1],0.016286034748191014,0.2806962309801253,tvm
5,5,300,1,128,64,1,[5; 5; 300; 1; 128; 64; 1],0.03441070194821805,0.13284903569557385,tvm
320,64,25,1,256,128,1,[320; 64; 25; 1; 256; 128; 1],0.038234913954511285,0.11956162832920918,tvm
64,64,60,1,64,64,0,[64; 64; 60; 1; 64; 64; 0],0.027796314272563905,0.1644616810200897,tvm
32,1,1,1,128,64,1,[32; 1; 1; 1; 128; 64; 1],0.01667562863440253,0.2741383051669501,tvm
5,5,10,1,32,16,1,[5; 5; 10; 1; 32; 16; 1],0.03373230749275535,0.1355207784824792,tvm
20,2,5,1,80,16,1,[20; 2; 5; 1; 80; 16; 1],0.049884940788615495,0.09163945068712684,tvm
20,2,6,1,64,16,1,[20; 2; 6; 1; 64; 16; 1],0.01749958237633109,0.26123072386068014,tvm
20,1,25,1,256,64,1,[20; 1; 25; 1; 256; 64; 1],0.018332453881157562,0.24936261130470763,tvm
16,1,150,1,128,64,1,[16; 1; 150; 1; 128; 64; 1],0.014800701115746051,0.3088656770837131,tvm
32,8,50,1,32,16,1,[32; 8; 50; 1; 32; 16; 1],0.017601508006919175,0.2597180065271417,tvm
16,2,6,1,80,16,1,[16; 2; 6; 1; 80; 16; 1],0.014730318245710805,0.3103414668423533,tvm
32,16,6,1,256,128,1,[32; 16; 6; 1; 256; 128; 1],0.0310214800410904,0.147363329066613,tvm
64,32,50,1,128,128,1,[64; 32; 50; 1; 128; 128; 1],0.04364459350472316,0.10474215027191988,tvm
16,1,250,1,128,64,1,[16; 1; 250; 1; 128; 64; 1],0.027746034727897495,0.16475970769373358,tvm
10,1,50,1,256,128,1,[10; 1; 50; 1; 256; 128; 1],0.016741959989303723,0.2730521739598717,tvm
64,32,375,1,64,64,0,[64; 32; 375; 1; 64; 64; 0],0.035752494470216334,0.1278632061669657,tvm
64,32,375,1,128,128,1,[64; 32; 375; 1; 128; 128; 1],0.02201942598912865,0.20760888924559437,tvm
32,32,250,1,128,128,0,[32; 32; 250; 1; 128; 128; 0],0.018051130027743056,0.2532488860477252,tvm
40,40,10,1,256,64,1,[40; 40; 10; 1; 256; 64; 1],0.03555455827154219,0.12857503492280864,tvm
32,32,500,1,64,64,0,[32; 32; 500; 1; 64; 64; 0],0.027352406992577016,0.16713076010711528,tvm
10,1,1,1,256,128,1,[10; 1; 1; 1; 256; 128; 1],0.05249532149173319,0.08708259024851323,tvm
32,16,50,1,64,64,1,[32; 16; 50; 1; 64; 64; 1],0.026305312989279628,0.17378347002719927,tvm
32,4,300,1,128,64,1,[32; 4; 300; 1; 128; 64; 1],0.016778055753093213,0.272464738388164,tvm
20,1,125,1,64,64,1,[20; 1; 125; 1; 64; 64; 1],0.02856187173165381,0.16005353621003302,tvm
16,8,2,1,256,128,1,[16; 8; 2; 1; 256; 128; 1],0.03507685550721362,0.1303260655872773,tvm
16,4,12,1,32,16,1,[16; 4; 12; 1; 32; 16; 1],0.026699240028392524,0.1712194267165365,tvm
20,5,500,1,128,128,1,[20; 5; 500; 1; 128; 128; 1],0.029332456237170845,0.1558488158804628,tvm
10,5,5,1,256,64,1,[10; 5; 5; 1; 256; 64; 1],0.028837636287789792,0.1585229984110789,tvm
32,32,60,1,256,128,1,[32; 32; 60; 1; 256; 128; 1],0.025140654761344194,0.18183410952595855,tvm
16,4,375,1,128,128,1,[16; 4; 375; 1; 128; 128; 1],0.03748653398361057,0.12194855287040511,tvm
10,1,50,1,64,64,1,[10; 1; 50; 1; 64; 64; 1],0.013890333997551352,0.3291086141077992,tvm
16,8,20,1,128,128,1,[16; 8; 20; 1; 128; 128; 1],0.029177893011365086,0.1566743893963815,tvm
20,5,750,1,64,64,1,[20; 5; 750; 1; 64; 64; 1],0.016160366765689105,0.28287901120749337,tvm
20,20,1,1,128,64,1,[20; 20; 1; 1; 128; 64; 1],0.033448557485826313,0.1366704251256783,tvm
20,5,10,1,128,64,1,[20; 5; 10; 1; 128; 64; 1],0.016484450141433626,0.2773176255323371,tvm
20,10,75,1,64,64,1,[20; 10; 75; 1; 64; 64; 1],0.026117184723261744,0.17503527351311132,tvm
16,16,5,1,128,64,1,[16; 16; 5; 1; 128; 64; 1],0.017497444117907435,0.2612626473114452,tvm
16,2,5,1,128,128,1,[16; 2; 5; 1; 128; 128; 1],0.040603416273370385,0.11258728922341266,tvm
128,4,60,1,64,64,1,[128; 4; 60; 1; 64; 64; 1],0.016448839131044224,0.2779180059461353,tvm
20,20,2,1,32,16,1,[20; 20; 2; 1; 32; 16; 1],0.04096935474080965,0.11158165903147514,tvm
320,40,3,1,128,128,0,[320; 40; 3; 1; 128; 128; 0],0.02143963737762533,0.21322322252517997,tvm
256,64,100,1,64,64,0,[256; 64; 100; 1; 64; 64; 0],0.03539041196927428,0.12917138617650045,tvm
32,8,125,1,128,64,0,[32; 8; 125; 1; 128; 64; 0],0.03904605354182422,0.11707786464339812,tvm
128,4,75,1,64,64,1,[128; 4; 75; 1; 64; 64; 1],0.01749858263065107,0.2612456487430652,tvm
16,8,25,1,128,16,1,[16; 8; 25; 1; 128; 16; 1],0.039402544032782316,0.11601861462613208,tvm
8,1,10,1,256,128,1,[8; 1; 10; 1; 256; 128; 1],0.034014159289654344,0.13439781158486563,tvm
128,16,300,1,64,64,0,[128; 16; 300; 1; 64; 64; 0],0.01684548388584517,0.2713741322248289,tvm
4,4,20,1,64,64,1,[4; 4; 20; 1; 64; 64; 1],0.0320999362738803,0.14241238775132212,tvm
320,64,300,1,128,64,0,[320; 64; 300; 1; 128; 64; 0],0.021390649751992896,0.213711533984734,tvm
8,2,2,1,128,64,1,[8; 2; 2; 1; 128; 64; 1],0.032668891246430576,0.13993216166857358,tvm
160,20,30,1,128,128,0,[160; 20; 30; 1; 128; 128; 0],0.04481696925358847,0.10200218014658678,tvm
32,8,30,1,128,64,1,[32; 8; 30; 1; 128; 64; 1],0.03313095273915678,0.13798059498680507,tvm
5,5,250,1,64,64,1,[5; 5; 250; 1; 64; 64; 1],0.025279459543526173,0.18083569245448014,tvm
16,1,5,1,32,16,1,[16; 1; 5; 1; 32; 16; 1],0.029828140453901142,0.15325891932464356,tvm
32,8,2,1,128,128,1,[32; 8; 2; 1; 128; 128; 1],0.014705368637805805,0.3108680022937988,tvm
20,4,10,1,128,16,1,[20; 4; 10; 1; 128; 16; 1],0.021218871377641335,0.21544164579109326,tvm
8,8,2,1,32,16,1,[8; 8; 2; 1; 32; 16; 1],0.015303076012060046,0.2987261232856663,tvm
32,32,125,1,256,64,0,[32; 32; 125; 1; 256; 64; 0],0.03557978547178209,0.12848387113109824,tvm
16,2,500,1,32,16,1,[16; 2; 500; 1; 32; 16; 1],0.014867194753605872,0.3074842730717456,tvm
320,2,125,1,64,64,1,[320; 2; 125; 1; 64; 64; 1],0.03425668802810833,0.13344630886901906,tvm
20,5,75,1,128,16,1,[20; 5; 75; 1; 128; 16; 1],0.02221633362933062,0.20576881170857306,tvm
160,10,3,1,64,64,0,[160; 10; 3; 1; 64; 64; 0],0.016716006852220744,0.2734761125574228,tvm
16,4,500,1,32,16,1,[16; 4; 500; 1; 32; 16; 1],0.014826255122898147,0.3083333271642082,tvm
4,4,60,1,64,64,1,[4; 4; 60; 1; 64; 64; 1],0.027995171723887324,0.16329346419146726,tvm
32,2,5,1,32,16,1,[32; 2; 5; 1; 32; 16; 1],0.03938360000029206,0.11607442111423716,tvm
20,5,300,1,80,16,1,[20; 5; 300; 1; 80; 16; 1],0.014758147619431838,0.30975625731033063,tvm
32,1,125,1,64,16,1,[32; 1; 125; 1; 64; 16; 1],0.03982980927685276,0.11477405125525607,tvm
16,16,125,1,64,64,0,[16; 16; 125; 1; 64; 64; 0],0.030119526491034776,0.15177624298938697,tvm
8,2,100,1,128,64,1,[8; 2; 100; 1; 128; 64; 1],0.016040900256484747,0.284985786229829,tvm
40,40,100,1,128,128,0,[40; 40; 100; 1; 128; 128; 0],0.030013622250407934,0.15231179140220033,tvm
10,10,4,1,80,16,1,[10; 10; 4; 1; 80; 16; 1],0.01355908261029981,0.3371488103447355,tvm
20,2,30,1,80,16,1,[20; 2; 30; 1; 80; 16; 1],0.028747776232194155,0.15901851101474435,tvm
32,2,300,1,32,16,1,[32; 2; 300; 1; 32; 16; 1],0.028008623514324427,0.16321503872157836,tvm
20,1,250,1,128,128,1,[20; 1; 250; 1; 128; 128; 1],0.028922589728608727,0.15805737364198585,tvm
16,1,2,1,256,128,1,[16; 1; 2; 1; 256; 128; 1],0.01591772327083163,0.28719110727383157,tvm
20,2,500,1,128,128,1,[20; 2; 500; 1; 128; 128; 1],0.014819610514678061,0.30847157331839503,tvm
20,10,1,1,256,128,1,[20; 10; 1; 1; 256; 128; 1],0.026961120776832104,0.1695563255425507,tvm
4,2,75,1,32,16,1,[4; 2; 75; 1; 32; 16; 1],0.053539974498562515,0.0853834656113127,tvm
16,16,375,1,256,128,1,[16; 16; 375; 1; 256; 128; 1],0.013820649241097271,0.33076800457643546,tvm
32,1,125,1,128,64,1,[32; 1; 125; 1; 128; 64; 1],0.017093148228013888,0.2674421651557714,tvm
8,4,10,1,32,16,1,[8; 4; 10; 1; 32; 16; 1],0.014556785114109516,0.3140410836316876,tvm
20,4,750,1,128,128,1,[20; 4; 750; 1; 128; 128; 1],0.014905314368661493,0.30669789702926537,tvm
20,1,100,1,256,128,1,[20; 1; 100; 1; 256; 128; 1],0.028982364514376968,0.1577313876223202,tvm
32,16,15,1,128,128,1,[32; 16; 15; 1; 128; 128; 1],0.028996808046940714,0.15765282040796477,tvm
64,64,25,1,128,64,1,[64; 64; 25; 1; 128; 64; 1],0.033685021044220775,0.13571102020174858,tvm
16,4,375,1,256,64,1,[16; 4; 375; 1; 256; 64; 1],0.03419060102896765,0.13370424718639703,tvm
16,8,100,1,16,16,1,[16; 8; 100; 1; 16; 16; 1],0.031272074731532484,0.14618245225728743,tvm
32,4,12,1,128,128,1,[32; 4; 12; 1; 128; 128; 1],0.014471832750132307,0.31588456350746436,tvm
20,10,60,1,256,128,1,[20; 10; 60; 1; 256; 128; 1],0.03692353825317696,0.12380797690847624,tvm
20,5,250,1,128,64,1,[20; 5; 250; 1; 128; 64; 1],0.03097539726877585,0.1475825646968122,tvm
10,10,1500,1,128,64,1,[10; 10; 1500; 1; 128; 64; 1],0.03633757523493841,0.1258044473763666,tvm
20,5,2,1,64,64,1,[20; 5; 2; 1; 64; 64; 1],0.030970633029937744,0.14760526744834707,tvm
20,5,1,1,64,64,1,[20; 5; 1; 1; 64; 64; 1],0.025820388516876847,0.17704724188950807,tvm
20,10,4,1,128,64,1,[20; 10; 4; 1; 128; 64; 1],0.037088502722326666,0.12325729635552657,tvm
20,5,125,1,128,64,1,[20; 5; 125; 1; 128; 64; 1],0.015158339141635224,0.30157845979789993,tvm
10,2,6,1,128,64,1,[10; 2; 6; 1; 128; 64; 1],0.015286020003259182,0.29905943930819684,tvm
20,4,125,1,64,64,1,[20; 4; 125; 1; 64; 64; 1],0.01816211425466463,0.2517013442008536,tvm
16,4,75,1,32,16,1,[16; 4; 75; 1; 32; 16; 1],0.014745848515303805,0.3100146164314769,tvm
16,16,125,1,128,64,1,[16; 16; 125; 1; 128; 64; 1],0.028127948462497443,0.1625226446046567,tvm
10,2,6,1,64,64,1,[10; 2; 6; 1; 64; 64; 1],0.022401189751690254,0.20407079365432546,tvm
20,4,6,1,128,128,1,[20; 4; 6; 1; 128; 128; 1],0.029585344542283565,0.15451665823580513,tvm
40,40,150,1,128,128,1,[40; 40; 150; 1; 128; 128; 1],0.01164213455922436,0.3926624063803242,tvm
8,8,750,1,256,64,1,[8; 8; 750; 1; 256; 64; 1],0.021289086376782507,0.21473108289015583,tvm
320,64,1,1,128,128,1,[320; 64; 1; 1; 128; 128; 1],0.022761245112633333,0.20084264058521384,tvm
40,5,1500,1,64,64,1,[40; 5; 1500; 1; 64; 64; 1],0.02611677278764546,0.17503803431605786,tvm
160,4,2,1,64,64,0,[160; 4; 2; 1; 64; 64; 0],0.0307994750328362,0.14842553538834158,tvm
32,2,10,1,128,16,1,[32; 2; 10; 1; 128; 16; 1],0.05447165039367974,0.08392307812210124,tvm
20,5,500,1,128,16,1,[20; 5; 500; 1; 128; 16; 1],0.045216998958494514,0.10109977832948991,tvm
160,16,300,1,64,64,1,[160; 16; 300; 1; 64; 64; 1],0.03270510723814368,0.1397772078269462,tvm
80,4,3,1,64,64,0,[80; 4; 3; 1; 64; 64; 0],0.03462323150597513,0.1320335616460195,tvm
160,16,500,1,64,64,0,[160; 16; 500; 1; 64; 64; 0],0.01662953564664349,0.27489814920666594,tvm
8,4,1,1,128,16,1,[8; 4; 1; 1; 128; 16; 1],0.026099275797605515,0.17515538005265183,tvm
32,4,75,1,128,16,1,[32; 4; 75; 1; 128; 16; 1],0.026588618231471628,0.1719317841804054,tvm
10,1,150,1,256,128,1,[10; 1; 150; 1; 256; 128; 1],0.03174012276576832,0.14402680812434826,tvm
16,4,3,1,16,16,1,[16; 4; 3; 1; 16; 16; 1],0.03222445520805195,0.14186209020180132,tvm
20,1,250,1,32,16,1,[20; 1; 250; 1; 32; 16; 1],0.02983965422026813,0.15319978367321357,tvm
256,8,1,1,64,64,0,[256; 8; 1; 1; 64; 64; 0],0.0346357942908071,0.1319856716160802,tvm
32,32,250,1,80,16,0,[32; 32; 250; 1; 80; 16; 0],0.041667239798698574,0.10971277659652788,tvm
20,5,12,1,16,16,1,[20; 5; 12; 1; 16; 16; 1],0.016651165235089138,0.2745410610541034,tvm
16,16,750,1,16,16,1,[16; 16; 750; 1; 16; 16; 1],0.031053330982103944,0.14721218068564332,tvm
160,1,300,1,64,64,1,[160; 1; 300; 1; 64; 64; 1],0.030161838745698333,0.15156332510001722,tvm
5,5,75,1,80,16,1,[5; 5; 75; 1; 80; 16; 1],0.03110970847774297,0.14694540049126914,tvm
80,40,150,1,64,64,1,[80; 40; 150; 1; 64; 64; 1],0.03512884402880445,0.13013319105177945,tvm
320,16,50,1,64,64,1,[320; 16; 50; 1; 64; 64; 1],0.017068000364815816,0.2678362124277997,tvm
10,5,25,1,16,16,1,[10; 5; 25; 1; 16; 16; 1],0.03381405974505469,0.1351931298961268,tvm
32,16,3,1,64,64,0,[32; 16; 3; 1; 64; 64; 0],0.028716533503029495,0.1591915183964075,tvm
20,5,4,1,80,16,1,[20; 5; 4; 1; 80; 16; 1],0.01662820126512088,0.2749202092602492,tvm
20,5,60,1,128,16,1,[20; 5; 60; 1; 128; 16; 1],0.021569850272499025,0.2119360363505638,tvm
160,16,1,1,64,64,0,[160; 16; 1; 1; 64; 64; 0],0.0279867397621274,0.16334266192787425,tvm
160,16,50,1,64,64,1,[160; 16; 50; 1; 64; 64; 1],0.030035481264349073,0.15220094298454528,tvm
20,4,10,1,128,16,1,[20; 4; 10; 1; 128; 16; 1],0.05303927406203002,0.08618950112481244,tvm
16,8,150,1,256,64,1,[16; 8; 150; 1; 256; 64; 1],0.03006410552188754,0.15205603133944695,tvm
20,1,150,1,128,128,1,[20; 1; 150; 1; 128; 128; 1],0.03472180326934904,0.13165873143069268,tvm
64,64,750,1,256,64,1,[64; 64; 750; 1; 256; 64; 1],0.033631198515649885,0.135928208722663,tvm
20,5,20,1,80,16,1,[20; 5; 20; 1; 80; 16; 1],0.013196751737268642,0.34640558998457976,tvm
10,10,3,1,16,16,1,[10; 10; 3; 1; 16; 16; 1],0.03449394350172952,0.1325284414407231,tvm
20,20,75,1,256,64,1,[20; 20; 75; 1; 256; 64; 1],0.017179563728859648,0.26609689533320974,tvm
16,8,4,1,16,16,1,[16; 8; 4; 1; 16; 16; 1],0.015991655847756192,0.28586336617980646,tvm
32,16,15,1,128,128,1,[32; 16; 15; 1; 128; 128; 1],0.014370796736329794,0.31810543669244634,tvm
8,4,125,1,16,16,1,[8; 4; 125; 1; 16; 16; 1],0.03553413652116433,0.12864892801618533,tvm
8,4,4,1,128,128,1,[8; 4; 4; 1; 128; 128; 1],0.03360961424186826,0.13601550254432376,tvm
20,2,6,1,80,16,1,[20; 2; 6; 1; 80; 16; 1],0.028473945043515414,0.1605477767285941,tvm
8,8,5,1,128,64,1,[8; 8; 5; 1; 128; 64; 1],0.01582516561029479,0.28887082031259803,tvm
8,8,2,1,64,16,1,[8; 8; 2; 1; 64; 16; 1],0.014513827249174938,0.3149705789483227,tvm
8,2,50,1,128,128,1,[8; 2; 50; 1; 128; 128; 1],0.017689834377961233,0.25842121942780066,tvm
16,1,500,1,128,64,1,[16; 1; 500; 1; 128; 64; 1],0.031147472735028714,0.14676723888058835,tvm
8,2,3,1,32,16,1,[8; 2; 3; 1; 32; 16; 1],0.02889361698180437,0.15821586388119593,tvm
64,64,50,1,256,128,1,[64; 64; 50; 1; 256; 128; 1],0.013087386992992833,0.3493003281614716,tvm
16,8,250,1,128,128,1,[16; 8; 250; 1; 128; 128; 1],0.0439936057664454,0.10391120463499881,tvm
32,1,150,1,64,64,1,[32; 1; 150; 1; 64; 64; 1],0.040975454496219754,0.1115650485792736,tvm
10,5,500,1,32,16,1,[10; 5; 500; 1; 32; 16; 1],0.03111382480710745,0.1469259597548516,tvm
16,16,60,1,256,128,1,[16; 16; 60; 1; 256; 128; 1],0.026564250991214067,0.17208949625346254,tvm
20,2,500,1,256,128,1,[20; 2; 500; 1; 256; 128; 1],0.030643435777164996,0.14918133216756094,tvm
20,4,150,1,128,128,1,[20; 4; 150; 1; 128; 128; 1],0.014611805381719023,0.3128585723669665,tvm
32,1,4,1,128,128,1,[32; 1; 4; 1; 128; 128; 1],0.026309183973353356,0.17375790051332024,tvm
16,1,5,1,256,128,1,[16; 1; 5; 1; 256; 128; 1],0.03033162496285513,0.15071492467109354,tvm
16,16,500,1,256,128,1,[16; 16; 500; 1; 256; 128; 1],0.02871712250635028,0.15918825329444766,tvm
20,4,3,1,256,64,1,[20; 4; 3; 1; 256; 64; 1],0.04005275620147586,0.11413518082084259,tvm
10,5,15,1,32,16,1,[10; 5; 15; 1; 32; 16; 1],0.014061174384551123,0.3251100118956747,tvm
16,1,5,1,128,128,1,[16; 1; 5; 1; 128; 128; 1],0.02561320277163759,0.17847938081725093,tvm
16,2,6,1,64,16,1,[16; 2; 6; 1; 64; 16; 1],0.018454883131198585,0.24770834574944675,tvm
20,1,2,1,256,128,1,[20; 1; 2; 1; 256; 128; 1],0.014826597878709435,0.30832619922828086,tvm
16,4,12,1,128,64,1,[16; 4; 12; 1; 128; 64; 1],0.029341818764805794,0.15579908689613328,tvm
32,4,10,1,128,128,1,[32; 4; 10; 1; 128; 128; 1],0.01486658162320964,0.3074969543968116,tvm
20,2,500,1,64,64,1,[20; 2; 500; 1; 64; 64; 1],0.017147590493550524,0.266593057091488,tvm
20,2,10,1,128,128,1,[20; 2; 10; 1; 128; 128; 1],0.015504201495787129,0.29485095202553585,tvm
256,1,60,1,128,128,1,[256; 1; 60; 1; 128; 128; 1],0.021820651250891387,0.20950009781407536,tvm
160,40,375,1,128,128,1,[160; 40; 375; 1; 128; 128; 1],0.02742495998973027,0.16668861406326277,tvm
320,20,2,1,64,64,0,[320; 20; 2; 1; 64; 64; 0],0.017469059501308948,0.26168716015227017,tvm
320,64,5,1,128,128,1,[320; 64; 5; 1; 128; 128; 1],0.041420141234993935,0.1103672859417096,tvm
160,4,750,1,64,64,0,[160; 4; 750; 1; 64; 64; 0],0.02964909974252805,0.15418439720351473,tvm
160,1,50,1,128,128,1,[160; 1; 50; 1; 128; 128; 1],0.033367895521223545,0.13700080571520998,tvm
8,8,750,1,80,16,1,[8; 8; 750; 1; 80; 16; 1],0.030598547717090696,0.14940018113589157,tvm
16,1,1,1,32,16,1,[16; 1; 1; 1; 32; 16; 1],0.029896604013629258,0.15290795467420146,tvm
80,16,1,1,64,64,0,[80; 16; 1; 1; 64; 64; 0],0.018137026636395603,0.25204950420346617,tvm
80,40,250,1,256,128,0,[80; 40; 250; 1; 256; 128; 0],0.023383291758364066,0.19549978756919023,tvm
16,4,20,1,128,16,1,[16; 4; 20; 1; 128; 16; 1],0.03912921651499346,0.11682903412279927,tvm
32,16,30,1,64,16,1,[32; 16; 30; 1; 64; 16; 1],0.019861823006067425,0.23016158033590792,tvm
32,4,50,1,128,128,0,[32; 4; 50; 1; 128; 128; 0],0.03465112374396995,0.13192728193192005,tvm
40,40,1500,1,128,64,0,[40; 40; 1500; 1; 128; 64; 0],0.018922001123428345,0.24159329352160544,tvm
160,10,250,1,128,128,0,[160; 10; 250; 1; 128; 128; 0],0.02313136975863017,0.19762896097940763,tvm
40,20,500,1,64,64,0,[40; 20; 500; 1; 64; 64; 0],0.036700733471661806,0.12455959701618405,tvm
16,16,750,1,64,64,0,[16; 16; 750; 1; 64; 64; 0],0.015212103753583506,0.30051258165733213,tvm
8,4,500,1,256,64,1,[8; 4; 500; 1; 256; 64; 1],0.0310228182352148,0.1473569724313256,tvm
10,2,20,1,256,64,1,[10; 2; 20; 1; 256; 64; 1],0.015827556140720844,0.28882719042564536,tvm
16,4,75,1,128,16,1,[16; 4; 75; 1; 128; 16; 1],0.02921213599620387,0.15649073289343274,tvm
320,64,20,1,128,128,0,[320; 64; 20; 1; 128; 128; 0],0.02145322086289525,0.2130882164801257,tvm
20,4,4,1,16,16,1,[20; 4; 4; 1; 16; 16; 1],0.01696540098055266,0.26945596963306523,tvm
320,40,60,1,128,128,1,[320; 40; 60; 1; 128; 128; 1],0.020706899493234232,0.2207683759184826,tvm
10,10,60,1,256,128,1,[10; 10; 60; 1; 256; 128; 1],0.03167783428216353,0.14431000966510368,tvm
8,4,2,1,128,64,1,[8; 4; 2; 1; 128; 64; 1],0.01677252072840929,0.2725546532600486,tvm
16,8,50,1,16,16,1,[16; 8; 50; 1; 16; 16; 1],0.016261271870462224,0.2811236788760872,tvm
16,2,5,1,16,16,1,[16; 2; 5; 1; 16; 16; 1],0.031491003988776356,0.14516617422098912,tvm
16,16,75,1,128,16,1,[16; 16; 75; 1; 128; 16; 1],0.020367020479170606,0.224452495449876,tvm
40,40,375,1,128,64,0,[40; 40; 375; 1; 128; 64; 0],0.03571957896929234,0.12798103178535697,tvm
8,8,300,1,256,128,1,[8; 8; 300; 1; 256; 128; 1],0.01827454022713937,0.2501528637442589,tvm
256,64,50,1,64,64,1,[256; 64; 50; 1; 64; 64; 1],0.03449413174530491,0.13252771819806136,tvm
32,16,5,1,128,64,1,[32; 16; 5; 1; 128; 64; 1],0.017130309250205755,0.2668619990835054,tvm
8,2,250,1,80,16,1,[8; 2; 250; 1; 80; 16; 1],0.01423200624412857,0.3212076001803695,tvm
8,2,375,1,80,16,1,[8; 2; 375; 1; 80; 16; 1],0.013778339489363134,0.33178370840388355,tvm
32,16,75,1,32,16,1,[32; 16; 75; 1; 32; 16; 1],0.017830726748798043,0.2563792623728435,tvm
16,4,2,1,256,64,1,[16; 4; 2; 1; 256; 64; 1],0.023280491994228214,0.19636305678427832,tvm
10,1,1,1,128,64,1,[10; 1; 1; 1; 128; 64; 1],0.015821239358047023,0.2889425074719854,tvm
10,5,3,1,128,64,1,[10; 5; 3; 1; 128; 64; 1],0.015251598000759259,0.2997343997134593,tvm
10,2,2,1,128,64,1,[10; 2; 2; 1; 128; 64; 1],0.02154323461581953,0.21219787339045648,tvm
160,16,250,1,64,64,0,[160; 16; 250; 1; 64; 64; 0],0.037731643475126475,0.12115635976583308,tvm
32,1,30,1,128,128,1,[32; 1; 30; 1; 128; 128; 1],0.014655549020972103,0.311924757297516,tvm
8,2,125,1,80,16,1,[8; 2; 125; 1; 80; 16; 1],0.01367288248729892,0.33434270905751473,tvm
10,10,1500,1,64,64,1,[10; 10; 1500; 1; 64; 64; 1],0.02601127204252407,0.17574798202698633,tvm
10,10,12,1,128,64,1,[10; 10; 12; 1; 128; 64; 1],0.01498569714021869,0.30505277990436286,tvm
16,2,4,1,256,128,1,[16; 2; 4; 1; 256; 128; 1],0.035206149448640645,0.12984744548952884,tvm
16,1,100,1,64,64,1,[16; 1; 100; 1; 64; 64; 1],0.024375415639951825,0.18754258958915568,tvm
16,2,375,1,128,128,1,[16; 2; 375; 1; 128; 128; 1],0.014277439884608611,0.3201854540012226,tvm
16,2,1,1,256,128,1,[16; 2; 1; 1; 256; 128; 1],0.014500307268463075,0.31526425521830403,tvm
20,10,10,1,128,64,1,[20; 10; 10; 1; 128; 64; 1],0.01640268397750333,0.2787000333420064,tvm
32,1,5,1,256,128,1,[32; 1; 5; 1; 256; 128; 1],0.01623976163682528,0.28149603877574175,tvm
20,10,150,1,128,128,1,[20; 10; 150; 1; 128; 128; 1],0.014884039002936333,0.307136293483692,tvm
10,10,2,1,64,16,1,[10; 10; 2; 1; 64; 16; 1],0.028922665223944932,0.15805696107300335,tvm
32,2,750,1,64,64,1,[32; 2; 750; 1; 64; 64; 1],0.027334452490322292,0.16724053913452544,tvm
20,4,12,1,32,16,1,[20; 4; 12; 1; 32; 16; 1],0.030044735758565366,0.15215406146899849,tvm
32,4,750,1,128,64,1,[32; 4; 750; 1; 128; 64; 1],0.05225882353261113,0.08747668359919848,tvm
10,5,15,1,128,128,1,[10; 5; 15; 1; 128; 128; 1],0.03283030149759725,0.13924418488094426,tvm
16,4,125,1,128,64,1,[16; 4; 125; 1; 128; 64; 1],0.014736212237039581,0.3102173406500112,tvm
10,10,4,1,64,64,1,[10; 10; 4; 1; 64; 64; 1],0.028918342024553567,0.1580805900817941,tvm
20,2,125,1,128,64,1,[20; 2; 125; 1; 128; 64; 1],0.015125396515941247,0.30223528795496796,tvm
20,4,125,1,128,64,1,[20; 4; 125; 1; 128; 64; 1],0.02945910772541538,0.15517878593059503,tvm
10,2,250,1,64,64,1,[10; 2; 250; 1; 64; 64; 1],0.022040021111024544,0.20741489077530498,tvm
8,2,75,1,64,64,1,[8; 2; 75; 1; 64; 64; 1],0.01463675225386396,0.3123253363956993,tvm
20,2,60,1,128,64,1,[20; 2; 60; 1; 128; 64; 1],0.02956570772221312,0.1546192844216611,tvm
32,32,250,1,128,128,1,[32; 32; 250; 1; 128; 128; 1],0.03559008176671341,0.1284467004429342,tvm
8,1,125,1,256,128,1,[8; 1; 125; 1; 256; 128; 1],0.017244293238036335,0.2650980535024314,tvm
20,20,750,1,256,128,0,[20; 20; 750; 1; 256; 128; 0],0.01883975914097391,0.2426479307522747,tvm
8,1,1500,1,128,128,1,[8; 1; 1500; 1; 128; 128; 1],0.029726663255132735,0.15378209562888795,tvm
5,5,5,1,128,128,1,[5; 5; 5; 1; 128; 128; 1],0.03803354152478278,0.1201946594547293,tvm
10,10,300,1,64,64,0,[10; 10; 300; 1; 64; 64; 0],0.015833486861083657,0.28871900495048,tvm
5,5,60,1,32,16,1,[5; 5; 60; 1; 32; 16; 1],0.03449197899317369,0.1325359896668528,tvm
5,5,10,1,128,128,1,[5; 5; 10; 1; 128; 128; 1],0.019535331870429218,0.23400823706242627,tvm
8,4,3,1,256,128,1,[8; 4; 3; 1; 256; 128; 1],0.03922172199236229,0.1165534897299709,tvm
80,40,75,1,128,128,1,[80; 40; 75; 1; 128; 128; 1],0.02174426501733251,0.21023605846344556,tvm
32,16,10,1,64,64,0,[32; 16; 10; 1; 64; 64; 0],0.015830410760827363,0.28877510763906733,tvm
16,8,150,1,256,64,1,[16; 8; 150; 1; 256; 64; 1],0.031255361216608435,0.14626062196969306,tvm
80,10,75,1,64,64,1,[80; 10; 75; 1; 64; 64; 1],0.029588470235466957,0.1545003352673811,tvm
8,4,250,1,128,16,1,[8; 4; 250; 1; 128; 16; 1],0.04308811022201553,0.10609489596721362,tvm
20,10,250,1,64,64,0,[20; 10; 250; 1; 64; 64; 0],0.03069642826449126,0.14892379439195758,tvm
20,1,250,1,256,64,1,[20; 1; 250; 1; 256; 64; 1],0.01843475436908193,0.24797881652795972,tvm
32,32,150,1,80,16,1,[32; 32; 150; 1; 80; 16; 1],0.03318145201774314,0.13777060054466841,tvm
320,16,25,1,64,64,1,[320; 16; 25; 1; 64; 64; 1],0.017252751626074314,0.26496808570058533,tvm
20,1,150,1,128,64,1,[20; 1; 150; 1; 128; 64; 1],0.01741731888614595,0.26246453896327115,tvm
32,16,6,1,16,16,1,[32; 16; 6; 1; 16; 16; 1],0.03930287598632276,0.11631282588631453,tvm
32,32,250,1,256,128,0,[32; 32; 250; 1; 256; 128; 0],0.018432551878504455,0.2480084473143216,tvm
320,10,300,1,64,64,0,[320; 10; 300; 1; 64; 64; 0],0.01776742801303044,0.2572926463006314,tvm
16,8,1500,1,128,64,1,[16; 8; 1500; 1; 128; 64; 1],0.034521496505476534,0.13242266512702758,tvm
80,10,4,1,64,64,0,[80; 10; 4; 1; 64; 64; 0],0.034852155251428485,0.13116630918373987,tvm
32,2,1500,1,128,64,1,[32; 2; 1500; 1; 128; 64; 1],0.03659126203274354,0.12493224659313056,tvm
8,1,500,1,128,64,1,[8; 1; 500; 1; 128; 64; 1],0.017553672019857913,0.26042577110117243,tvm
40,40,375,1,64,64,0,[40; 40; 375; 1; 64; 64; 0],0.014351833640830591,0.3185257497984771,tvm
16,8,250,1,256,128,1,[16; 8; 250; 1; 256; 128; 1],0.027066914015449584,0.1688936008301218,tvm
16,2,15,1,16,16,1,[16; 2; 15; 1; 16; 16; 1],0.03422984800999984,0.1335509456569332,tvm
20,20,4,1,256,64,1,[20; 20; 4; 1; 256; 64; 1],0.018956635758513585,0.24115189159424055,tvm
10,2,5,1,256,128,1,[10; 2; 5; 1; 256; 128; 1],0.03682256425963715,0.12414748031112864,tvm
20,10,500,1,32,16,1,[20; 10; 500; 1; 32; 16; 1],0.043853427458088845,0.10424335876135409,tvm
32,16,6,1,256,128,1,[32; 16; 6; 1; 256; 128; 1],0.028979541268199682,0.15774675413668363,tvm
20,4,750,1,256,64,1,[20; 4; 750; 1; 256; 64; 1],0.018061679729726166,0.25310096512811325,tvm
16,16,1500,1,256,128,1,[16; 16; 1500; 1; 256; 128; 1],0.015174435102380812,0.3012585668320089,tvm
10,1,150,1,80,16,1,[10; 1; 150; 1; 80; 16; 1],0.027163390477653593,0.16829373988454543,tvm
64,64,60,1,256,64,1,[64; 64; 60; 1; 256; 64; 1],0.031833206536248326,0.14360565801698635,tvm
8,2,2,1,256,64,1,[8; 2; 2; 1; 256; 64; 1],0.03680965176317841,0.12419103013632646,tvm
64,64,20,1,128,64,1,[64; 64; 20; 1; 128; 64; 1],0.028840010752901435,0.1585099468442003,tvm
20,5,3,1,256,64,1,[20; 5; 3; 1; 256; 64; 1],0.04057538148481399,0.11266507927077667,tvm
20,4,250,1,256,64,1,[20; 4; 250; 1; 256; 64; 1],0.016506025625858456,0.2769551359636168,tvm
32,32,75,1,80,16,1,[32; 32; 75; 1; 80; 16; 1],0.016570327105000615,0.2758804061296412,tvm
32,4,2,1,256,64,1,[32; 4; 2; 1; 256; 64; 1],0.0163991590088699,0.2787599393942091,tvm
20,10,12,1,256,128,1,[20; 10; 12; 1; 256; 128; 1],0.014549436862580478,0.3141996913424034,tvm
16,8,25,1,64,64,1,[16; 8; 25; 1; 64; 64; 1],0.027742143953219056,0.16478281488039523,tvm
20,10,30,1,32,16,1,[20; 10; 30; 1; 32; 16; 1],0.028948982479050756,0.15791327293581858,tvm
160,32,375,1,64,64,0,[160; 32; 375; 1; 64; 64; 0],0.035504841012880206,0.12875507792782906,tvm
8,8,250,1,64,64,1,[8; 8; 250; 1; 64; 64; 1],0.014068161108298227,0.32494855128806244,tvm
16,8,15,1,128,128,1,[16; 8; 15; 1; 128; 128; 1],0.028289912035688758,0.16159218047979604,tvm
16,2,60,1,256,64,1,[16; 2; 60; 1; 256; 64; 1],0.015394490241305903,0.29695225368117034,tvm
8,4,3,1,32,16,1,[8; 4; 3; 1; 32; 16; 1],0.01581469050142914,0.2890621584415744,tvm
10,5,30,1,128,128,1,[10; 5; 30; 1; 128; 128; 1],0.0318265802343376,0.14363555675065812,tvm
8,8,375,1,64,16,1,[8; 8; 375; 1; 64; 16; 1],0.03449962649028748,0.13250661054882854,tvm
10,5,5,1,32,16,1,[10; 5; 5; 1; 32; 16; 1],0.018220271624159068,0.2508979375130232,tvm
8,4,1,1,80,16,1,[8; 4; 1; 1; 80; 16; 1],0.014141707011731341,0.3232586113993392,tvm
20,5,6,1,80,16,1,[20; 5; 6; 1; 80; 16; 1],0.028673778753727674,0.15942888485997936,tvm
20,10,15,1,32,16,1,[20; 10; 15; 1; 32; 16; 1],0.03038892726181075,0.1504307319585252,tvm
64,64,50,1,256,128,1,[64; 64; 50; 1; 256; 128; 1],0.01309574765036814,0.3490773259745932,tvm
20,1,10,1,256,64,1,[20; 1; 10; 1; 256; 64; 1],0.017430840991437435,0.26226093013378976,tvm
40,40,50,1,128,64,1,[40; 40; 50; 1; 128; 64; 1],0.015567408001516014,0.2936538035736835,tvm
32,2,20,1,128,128,1,[32; 2; 20; 1; 128; 128; 1],0.029888827994000167,0.15294773593485272,tvm
16,16,60,1,128,64,1,[16; 16; 60; 1; 128; 64; 1],0.04190212499815971,0.10909777419711635,tvm
10,10,75,1,64,16,1,[10; 10; 75; 1; 64; 16; 1],0.03391293226741254,0.13479897684404388,tvm
16,8,75,1,80,16,1,[16; 8; 75; 1; 80; 16; 1],0.028042516263667494,0.16301777374205953,tvm
40,40,1500,1,128,128,1,[40; 40; 1500; 1; 128; 128; 1],0.011925594808417372,0.3833291877569031,tvm
20,1,4,1,80,16,1,[20; 1; 4; 1; 80; 16; 1],0.016697601386113092,0.2737775603644782,tvm
320,10,150,1,64,64,0,[320; 10; 150; 1; 64; 64; 0],0.03254146425751969,0.14048011285700535,tvm
320,1,300,1,128,128,1,[320; 1; 300; 1; 128; 128; 1],0.02078628510935232,0.21992523182373558,tvm
160,20,4,1,64,64,1,[160; 20; 4; 1; 64; 64; 1],0.036580539715941995,0.1249688661492416,tvm
128,2,4,1,64,64,1,[128; 2; 4; 1; 64; 64; 1],0.03490856726421043,0.13095434529950964,tvm
320,1,375,1,64,64,0,[320; 1; 375; 1; 64; 64; 0],0.02714437898248434,0.16841161016718828,tvm
128,8,125,1,64,64,1,[128; 8; 125; 1; 64; 64; 1],0.03310647769831121,0.13808260163121383,tvm
16,16,75,1,16,16,0,[16; 16; 75; 1; 16; 16; 0],0.060816248529590666,0.07516788164275381,tvm
160,16,20,1,64,64,1,[160; 16; 20; 1; 64; 64; 1],0.017257363389944658,0.26489727707143285,tvm
8,8,12,1,128,16,1,[8; 8; 12; 1; 128; 16; 1],0.027988488727714866,0.16333245484961947,tvm
20,20,2,1,80,16,1,[20; 20; 2; 1; 80; 16; 1],0.016652271238854155,0.2745228266977912,tvm
40,40,125,1,128,64,0,[40; 40; 125; 1; 128; 64; 0],0.03499080700566992,0.13064656012900233,tvm
160,16,25,1,64,64,0,[160; 16; 25; 1; 64; 64; 0],0.03696674248203635,0.12366327851717028,tvm
256,2,75,1,128,128,1,[256; 2; 75; 1; 128; 128; 1],0.04375551553675905,0.1044766246117729,tvm
20,10,1,1,32,16,1,[20; 10; 1; 1; 32; 16; 1],0.036702908226288855,0.1245522164958644,tvm
320,64,25,1,128,64,0,[320; 64; 25; 1; 128; 64; 0],0.024729147990001366,0.18485993020369804,tvm
8,1,750,1,128,128,1,[8; 1; 750; 1; 128; 128; 1],0.017877372505608946,0.2557103159311754,tvm
160,40,300,1,128,64,0,[160; 40; 300; 1; 128; 64; 0],0.022029987623682246,0.20750935722334607,tvm
320,8,20,1,64,64,1,[320; 8; 20; 1; 64; 64; 1],0.015962180361384526,0.2863912365310509,tvm
32,4,12,1,80,16,1,[32; 4; 12; 1; 80; 16; 1],0.03324630227871239,0.1375018651128507,tvm
320,20,500,1,64,64,0,[320; 20; 500; 1; 64; 64; 0],0.016364021896151826,0.2793584975893727,tvm
32,4,10,1,32,16,1,[32; 4; 10; 1; 32; 16; 1],0.018547048995969817,0.24647740847732277,tvm
32,32,150,1,64,64,0,[32; 32; 150; 1; 64; 64; 0],0.026614142989274114,0.1717668900054728,tvm
8,1,500,1,256,64,1,[8; 1; 500; 1; 256; 64; 1],0.038852336758282036,0.11766161196093551,tvm
32,32,6,1,256,64,1,[32; 32; 6; 1; 256; 64; 1],0.018831384018994868,0.2427558466662597,tvm
20,10,750,1,64,64,0,[20; 10; 750; 1; 64; 64; 0],0.01473492625518702,0.3102444146823828,tvm
160,20,50,1,64,64,1,[160; 20; 50; 1; 64; 64; 1],0.016378290252760053,0.2791151274571043,tvm
16,16,250,1,64,16,1,[16; 16; 250; 1; 64; 16; 1],0.03110613371245563,0.14696228768534045,tvm
20,1,150,1,128,128,1,[20; 1; 150; 1; 128; 128; 1],0.0299336405005306,0.15271876373832777,tvm
32,4,375,1,128,64,1,[32; 4; 375; 1; 128; 64; 1],0.052681109053082764,0.08677548088105529,tvm
8,1,300,1,128,128,1,[8; 1; 300; 1; 128; 128; 1],0.033576548972632736,0.13614944689981717,tvm
16,16,375,1,128,64,0,[16; 16; 375; 1; 128; 64; 0],0.021509280981263146,0.21253283991272273,tvm
32,4,375,1,256,64,1,[32; 4; 375; 1; 256; 64; 1],0.018155778874643147,0.2517891742894684,tvm
16,16,375,1,128,128,0,[16; 16; 375; 1; 128; 128; 0],0.019661273108795285,0.232509285951762,tvm
32,2,75,1,80,16,1,[32; 2; 75; 1; 80; 16; 1],0.032555671758018434,0.14041880644968208,tvm
10,10,2,1,128,128,1,[10; 10; 2; 1; 128; 128; 1],0.01637961925007403,0.27909248082234334,tvm
32,1,100,1,128,128,1,[32; 1; 100; 1; 128; 128; 1],0.0441907022614032,0.10344774664106941,tvm
8,4,1,1,128,64,1,[8; 4; 1; 1; 128; 64; 1],0.017150670377304778,0.2665451828330789,tvm
16,1,6,1,256,64,1,[16; 1; 6; 1; 256; 64; 1],0.04797944048186764,0.09527890541275076,tvm
320,10,60,1,64,64,1,[320; 10; 60; 1; 64; 64; 1],0.031920502020511776,0.1432129284336136,tvm
32,2,15,1,64,64,1,[32; 2; 15; 1; 64; 64; 1],0.013828927127178758,0.3305700094726864,tvm
20,5,250,1,256,64,1,[20; 5; 250; 1; 256; 64; 1],0.027389081194996834,0.16690697066039714,tvm
16,1,75,1,128,128,1,[16; 1; 75; 1; 128; 128; 1],0.030580173712223768,0.1494899477827767,tvm
32,32,12,1,256,128,1,[32; 32; 12; 1; 256; 128; 1],0.01504058126010932,0.30393962124009993,tvm
32,1,75,1,64,64,1,[32; 1; 75; 1; 64; 64; 1],0.03582176426425576,0.12761595262883538,tvm
40,40,4,1,256,128,1,[40; 40; 4; 1; 256; 128; 1],0.043639905750751495,0.10475340156640577,tvm
10,2,25,1,64,16,1,[10; 2; 25; 1; 64; 16; 1],0.015493274870095775,0.2950588955374489,tvm
10,1,3,1,64,64,1,[10; 1; 3; 1; 64; 64; 1],0.021829648612765595,0.20941374973646074,tvm
16,16,750,1,64,64,1,[16; 16; 750; 1; 64; 64; 1],0.01274689711863175,0.3586306948964587,tvm
32,2,300,1,256,128,1,[32; 2; 300; 1; 256; 128; 1],0.015318704507080838,0.2984213560171161,tvm
20,20,10,1,256,128,1,[20; 20; 10; 1; 256; 128; 1],0.015809026022907346,0.28916573132364715,tvm
16,1,10,1,128,64,1,[16; 1; 10; 1; 128; 64; 1],0.03003777877893299,0.15218930151502233,tvm
16,1,20,1,64,64,1,[16; 1; 20; 1; 64; 64; 1],0.02588509424822405,0.1766046716921733,tvm
20,4,300,1,256,64,1,[20; 4; 300; 1; 256; 64; 1],0.03232151648262516,0.14143607939577962,tvm
20,20,4,1,64,64,1,[20; 20; 4; 1; 64; 64; 1],0.03925367823103443,0.11645860407074783,tvm
32,32,150,1,128,64,1,[32; 32; 150; 1; 128; 64; 1],0.03079734422499314,0.1484358046600231,tvm
40,40,1,1,128,128,1,[40; 40; 1; 1; 128; 128; 1],0.012273895437829196,0.37245132114609986,tvm
16,16,125,1,80,16,1,[16; 16; 125; 1; 80; 16; 1],0.012730820861179382,0.35908356745230924,tvm
8,2,1,1,32,16,1,[8; 2; 1; 1; 32; 16; 1],0.02740411151899025,0.16681542724932735,tvm
20,5,12,1,128,128,1,[20; 5; 12; 1; 128; 128; 1],0.014444431115407497,0.31648380852828106,tvm
8,8,50,1,32,16,1,[8; 8; 50; 1; 32; 16; 1],0.029647689952980727,0.15419172888945326,tvm
20,2,375,1,64,64,1,[20; 2; 375; 1; 64; 64; 1],0.035978169995360076,0.1270611754855271,tvm
8,8,20,1,80,16,1,[8; 8; 20; 1; 80; 16; 1],0.023286500509129837,0.19631239007493942,tvm
40,40,100,1,128,64,1,[40; 40; 100; 1; 128; 64; 1],0.030791903263889253,0.14846203341998826,tvm
5,5,150,1,128,128,1,[5; 5; 150; 1; 128; 128; 1],0.019629398739198223,0.23288683632982715,tvm
320,20,500,1,128,128,0,[320; 20; 500; 1; 128; 128; 0],0.023570742254378274,0.19394504093647824,tvm
128,16,375,1,128,128,0,[128; 16; 375; 1; 128; 128; 0],0.023414141993271187,0.19524219904117435,tvm
128,32,30,1,64,64,0,[128; 32; 30; 1; 64; 64; 0],0.036406067782081664,0.12556776520859353,tvm
32,8,4,1,64,64,0,[32; 8; 4; 1; 64; 64; 0],0.029985276516526937,0.15245577505042998,tvm
64,64,150,1,256,128,0,[64; 64; 150; 1; 256; 128; 0],0.0264554584864527,0.1727971780859329,tvm
32,4,250,1,128,64,0,[32; 4; 250; 1; 128; 64; 0],0.04119880800135434,0.11096021446247412,tvm
16,2,5,1,16,16,1,[16; 2; 5; 1; 16; 16; 1],0.05002801842056215,0.09137736643891649,tvm
32,8,2,1,64,64,0,[32; 8; 2; 1; 64; 64; 0],0.016315413115080446,0.28019079499759464,tvm
20,10,75,1,16,16,1,[20; 10; 75; 1; 16; 16; 1],0.033452623756602407,0.13665381240914856,tvm
128,8,2,1,64,64,0,[128; 8; 2; 1; 64; 64; 0],0.017912714247358963,0.25520580009825033,tvm
32,8,50,1,16,16,1,[32; 8; 50; 1; 16; 16; 1],0.05851263855583966,0.07812719925569543,tvm
5,5,2,1,32,16,1,[5; 5; 2; 1; 32; 16; 1],0.028124766948167235,0.1625410294013644,tvm
5,5,50,1,80,16,1,[5; 5; 50; 1; 80; 16; 1],0.031263245502486825,0.1462237364660345,tvm
10,10,250,1,80,16,0,[10; 10; 250; 1; 80; 16; 0],0.05504837748594582,0.08304383853267401,tvm
320,40,1,1,128,128,1,[320; 40; 1; 1; 128; 128; 1],0.06101534399203956,0.0749226058944286,tvm
20,4,375,1,256,64,0,[20; 4; 375; 1; 256; 64; 0],0.020220548380166292,0.22607836768228026,tvm
320,32,1,1,64,64,1,[320; 32; 1; 1; 64; 64; 1],0.015950585511745885,0.2865994209467864,tvm
16,4,300,1,128,128,0,[16; 4; 300; 1; 128; 128; 0],0.029789427295327187,0.1534580885395421,tvm
32,16,150,1,64,64,0,[32; 16; 150; 1; 64; 64; 0],0.042172784509602934,0.10839759870225397,tvm
16,1,125,1,256,128,1,[16; 1; 125; 1; 256; 128; 1],0.017265441128984094,0.2647733433091586,tvm
10,2,12,1,256,128,1,[10; 2; 12; 1; 256; 128; 1],0.032618127996101975,0.14014993662342853,tvm
10,10,300,1,64,16,1,[10; 10; 300; 1; 64; 16; 1],0.04872212698683143,0.09382653948305938,tvm
32,16,5,1,256,64,1,[32; 16; 5; 1; 256; 64; 1],0.03319416649173945,0.13771782980501096,tvm
16,8,3,1,16,16,1,[16; 8; 3; 1; 16; 16; 1],0.01597043123911135,0.28624327690245527,tvm
16,4,15,1,256,64,1,[16; 4; 15; 1; 256; 64; 1],0.015039065503515303,0.3039702546916911,tvm
8,1,3,1,32,16,1,[8; 1; 3; 1; 32; 16; 1],0.014137893478618935,0.32334580666787804,tvm
64,64,250,1,64,64,0,[64; 64; 250; 1; 64; 64; 0],0.01405478164087981,0.3252578864784417,tvm
40,40,3,1,128,64,1,[40; 40; 3; 1; 128; 64; 1],0.05109341104980558,0.08947197843127694,tvm
16,8,150,1,128,128,1,[16; 8; 150; 1; 128; 128; 1],0.03402946179267019,0.13433737504520976,tvm
160,5,60,1,64,64,1,[160; 5; 60; 1; 64; 64; 1],0.055468442500568926,0.08241494380127373,tvm
8,4,30,1,128,128,1,[8; 4; 30; 1; 128; 128; 1],0.04795221152016893,0.09533300814511562,tvm
32,16,300,1,256,64,0,[32; 16; 300; 1; 256; 64; 0],0.02110997962881811,0.21655295987059717,tvm
20,4,5,1,64,16,1,[20; 4; 5; 1; 64; 16; 1],0.020225223619490862,0.2260261076680076,tvm
10,10,1500,1,128,128,1,[10; 10; 1500; 1; 128; 128; 1],0.015814026759471744,0.28907429087854136,tvm
160,5,30,1,64,64,1,[160; 5; 30; 1; 64; 64; 1],0.029159815050661564,0.15677152147523163,tvm
40,40,1,1,128,64,1,[40; 40; 1; 1; 128; 64; 1],0.04890450352104381,0.09347663798409624,tvm
16,1,50,1,80,16,1,[16; 1; 50; 1; 80; 16; 1],0.025074438250157982,0.18231429656852907,tvm
8,4,60,1,256,64,1,[8; 4; 60; 1; 256; 64; 1],0.03434671298600733,0.13309653745588254,tvm
20,20,150,1,80,16,1,[20; 20; 150; 1; 80; 16; 1],0.02728100650710985,0.1675681786240983,tvm
128,16,30,1,64,64,1,[128; 16; 30; 1; 64; 64; 1],0.017363676626700908,0.2632753805377186,tvm
32,16,500,1,128,128,1,[32; 16; 500; 1; 128; 128; 1],0.01443335710791871,0.3167266310427881,tvm
40,40,375,1,256,128,0,[40; 40; 375; 1; 256; 128; 0],0.0299034912022762,0.15287273785211417,tvm
20,2,375,1,256,64,1,[20; 2; 375; 1; 256; 64; 1],0.01668598101241514,0.27396822326641856,tvm
16,16,250,1,256,128,0,[16; 16; 250; 1; 256; 128; 0],0.046984163753222674,0.09729722115390453,tvm
10,2,300,1,256,128,1,[10; 2; 300; 1; 256; 128; 1],0.031857818248681724,0.14349471566897828,tvm
16,2,1,1,80,16,1,[16; 2; 1; 1; 80; 16; 1],0.02502858598018065,0.18264829563478105,tvm
10,5,10,1,16,16,1,[10; 5; 10; 1; 16; 16; 1],0.03441437799483538,0.13283484513695448,tvm
32,32,100,1,128,64,1,[32; 32; 100; 1; 128; 64; 1],0.015061751881148666,0.3035124072884367,tvm
10,2,3,1,64,16,1,[10; 2; 3; 1; 64; 16; 1],0.015229090990033,0.30017737594584204,tvm
32,2,75,1,64,64,1,[32; 2; 75; 1; 64; 64; 1],0.022137232997920364,0.20650406362249632,tvm
16,2,300,1,256,64,1,[16; 2; 300; 1; 256; 64; 1],0.015669959131628275,0.29173200344866196,tvm
10,1,6,1,128,64,1,[10; 1; 6; 1; 128; 64; 1],0.03498996526468545,0.13064970304621615,tvm
320,20,30,1,64,64,1,[320; 20; 30; 1; 64; 64; 1],0.036310879746451974,0.1258969378695722,tvm
16,16,50,1,64,64,1,[16; 16; 50; 1; 64; 64; 1],0.03548905748175457,0.12881234092448943,tvm
16,2,50,1,64,16,1,[16; 2; 50; 1; 64; 16; 1],0.04182249552104622,0.10930549491309298,tvm
20,1,3,1,256,128,1,[20; 1; 3; 1; 256; 128; 1],0.014536134898662567,0.31448721433158805,tvm
16,16,30,1,128,128,1,[16; 16; 30; 1; 128; 128; 1],0.013966016384074464,0.32732516171478937,tvm
32,32,1500,1,128,128,1,[32; 32; 1500; 1; 128; 128; 1],0.011451788319391198,0.39918905623568135,tvm
20,20,1500,1,64,64,1,[20; 20; 1500; 1; 64; 64; 1],0.013710897008422762,0.3334157180686494,tvm
10,2,30,1,80,16,1,[10; 2; 30; 1; 80; 16; 1],0.0265647119958885,0.17208650980805307,tvm
10,2,15,1,32,16,1,[10; 2; 15; 1; 32; 16; 1],0.03667785896686837,0.12463727982481224,tvm
8,2,20,1,64,64,1,[8; 2; 20; 1; 64; 64; 1],0.03984787949593738,0.11472200351074249,tvm
10,2,60,1,128,64,1,[10; 2; 60; 1; 128; 64; 1],0.02975240076193586,0.15364906543195975,tvm
128,64,300,1,256,64,0,[128; 64; 300; 1; 256; 64; 0],0.02497135999146849,0.18306686431938063,tvm
40,40,12,1,256,64,1,[40; 40; 12; 1; 256; 64; 1],0.01767091450165026,0.2586979055895298,tvm
128,64,1500,1,128,128,0,[128; 64; 1500; 1; 128; 128; 0],0.024189208634197712,0.18898628064109851,tvm
5,5,12,1,128,128,1,[5; 5; 12; 1; 128; 128; 1],0.019287200353574008,0.2370187734676311,tvm
64,32,25,1,128,128,1,[64; 32; 25; 1; 128; 128; 1],0.04364627902396023,0.10473810537019713,tvm
64,64,50,1,128,128,0,[64; 64; 50; 1; 128; 128; 0],0.02507975499611348,0.18227564711604996,tvm
32,2,2,1,80,16,1,[32; 2; 2; 1; 80; 16; 1],0.07154574897140265,0.06389518087588691,tvm
32,4,375,1,128,64,1,[32; 4; 375; 1; 128; 64; 1],0.03403893072390929,0.13430000514726964,tvm
20,5,375,1,128,128,0,[20; 5; 375; 1; 128; 128; 0],0.017776293127099052,0.25716433334797245,tvm
8,2,125,1,128,16,1,[8; 2; 125; 1; 128; 16; 1],0.024060164636466652,0.18999988738646917,tvm
320,10,1500,1,64,64,0,[320; 10; 1500; 1; 64; 64; 0],0.03323047998128459,0.1375673349889379,tvm
8,2,375,1,256,128,1,[8; 2; 375; 1; 256; 128; 1],0.017668993124971166,0.2587260371372198,tvm
160,40,750,1,64,64,0,[160; 40; 750; 1; 64; 64; 0],0.03554433322278783,0.12861202214078343,tvm
32,16,25,1,64,16,1,[32; 16; 25; 1; 64; 16; 1],0.019871590106049553,0.230048453446958,tvm
20,5,375,1,64,64,0,[20; 5; 375; 1; 64; 64; 0],0.030762177251745015,0.1486054947937488,tvm
32,1,375,1,128,128,1,[32; 1; 375; 1; 128; 128; 1],0.03900794847868383,0.11719223260168787,tvm
10,10,250,1,256,128,1,[10; 10; 250; 1; 256; 128; 1],0.016849273873958737,0.27131309073763155,tvm
40,20,300,1,128,128,1,[40; 20; 300; 1; 128; 128; 1],0.022646567493211478,0.2018596669362322,tvm
20,1,250,1,128,64,1,[20; 1; 250; 1; 128; 64; 1],0.017464829608798027,0.2617505394456115,tvm
8,8,300,1,256,64,1,[8; 8; 300; 1; 256; 64; 1],0.017858521488960832,0.25598023745999243,tvm
32,32,2,1,128,64,1,[32; 32; 2; 1; 128; 64; 1],0.05504493950866163,0.08304902525525043,tvm
320,2,30,1,64,64,1,[320; 2; 30; 1; 64; 64; 1],0.03945101023418829,0.11587608388965834,tvm
16,1,25,1,128,64,1,[16; 1; 25; 1; 128; 64; 1],0.03394941450096667,0.13465412109827124,tvm
320,10,1,1,64,64,0,[320; 10; 1; 1; 64; 64; 0],0.035109639284200966,0.13020437306189228,tvm
32,16,1500,1,128,64,0,[32; 16; 1500; 1; 128; 64; 0],0.022817245015176013,0.2003497165581586,tvm
32,4,500,1,256,128,1,[32; 4; 500; 1; 256; 128; 1],0.01626950450008735,0.2809814257959748,tvm
64,64,100,1,128,64,1,[64; 64; 100; 1; 128; 64; 1],0.01590840527205728,0.2873593231534133,tvm
16,8,2,1,16,16,1,[16; 8; 2; 1; 16; 16; 1],0.0321913487277925,0.1420079851293032,tvm
16,4,20,1,256,128,1,[16; 4; 20; 1; 256; 128; 1],0.014924520772183314,0.3063032067300219,tvm
20,5,375,1,80,16,1,[20; 5; 375; 1; 80; 16; 1],0.05318806297145784,0.08594839360631962,tvm
16,4,750,1,256,128,1,[16; 4; 750; 1; 256; 128; 1],0.028319439967162907,0.1614236925846435,tvm
20,5,12,1,64,16,1,[20; 5; 12; 1; 64; 16; 1],0.04362469125771895,0.1047899352323715,tvm
20,1,375,1,256,128,1,[20; 1; 375; 1; 256; 128; 1],0.015546946990070865,0.2940402751966761,tvm
16,8,12,1,128,64,1,[16; 8; 12; 1; 128; 64; 1],0.015486929740291089,0.2951797837330828,tvm
20,1,4,1,64,16,1,[20; 1; 4; 1; 64; 16; 1],0.04202922072727233,0.10876786417460789,tvm
32,16,250,1,64,64,0,[32; 16; 250; 1; 64; 64; 0],0.030018225719686598,0.15228843350426707,tvm
20,1,5,1,64,64,1,[20; 1; 5; 1; 64; 64; 1],0.029175544972531497,0.15668699850277104,tvm
10,1,25,1,128,64,1,[10; 1; 25; 1; 128; 64; 1],0.028148473997134715,0.16240413501257317,tvm
10,10,100,1,32,16,1,[10; 10; 100; 1; 32; 16; 1],0.030467666452750564,0.1500419659155049,tvm
32,1,5,1,256,64,1,[32; 1; 5; 1; 256; 64; 1],0.03351740102516487,0.13638970897523772,tvm
8,2,250,1,128,64,1,[8; 2; 250; 1; 128; 64; 1],0.015764695388497785,0.28997887106426246,tvm
32,16,125,1,64,64,1,[32; 16; 125; 1; 64; 64; 1],0.013731930230278522,0.3329050246227366,tvm
16,2,375,1,128,64,1,[16; 2; 375; 1; 128; 64; 1],0.01482938212575391,0.3082683103491856,tvm
20,10,375,1,64,64,0,[20; 10; 375; 1; 64; 64; 0],0.013999508635606617,0.32654207304115757,tvm
20,10,300,1,256,64,1,[20; 10; 300; 1; 256; 64; 1],0.03174695803318173,0.14399579848407973,tvm
32,16,2,1,128,128,1,[32; 16; 2; 1; 128; 128; 1],0.02951448899693787,0.1548876069615455,tvm
20,10,15,1,64,64,1,[20; 10; 15; 1; 64; 64; 1],0.025018229032866657,0.18272390765241808,tvm
20,20,100,1,256,64,1,[20; 20; 100; 1; 256; 64; 1],0.015959487238433212,0.28643956432508555,tvm
10,1,125,1,64,64,1,[10; 1; 125; 1; 64; 64; 1],0.027415947755798697,0.16674340833107537,tvm
16,16,5,1,80,16,1,[16; 16; 5; 1; 80; 16; 1],0.014501124009257182,0.3152464987203942,tvm
32,16,12,1,256,128,1,[32; 16; 12; 1; 256; 128; 1],0.030322131991852075,0.15076210909763765,tvm
8,2,15,1,32,16,1,[8; 2; 15; 1; 32; 16; 1],0.02731644397135824,0.16735079339835715,tvm
10,5,100,1,80,16,1,[10; 5; 100; 1; 80; 16; 1],0.028215703496243805,0.16201717501167887,tvm
10,10,125,1,80,16,1,[10; 10; 125; 1; 80; 16; 1],0.03015347447944805,0.15160536722042953,tvm
20,2,15,1,64,64,1,[20; 2; 15; 1; 64; 64; 1],0.02531227224972099,0.1806012722338257,tvm
16,16,75,1,128,64,1,[16; 16; 75; 1; 128; 64; 1],0.05750236555468291,0.07949983496037723,tvm
16,16,250,1,64,64,1,[16; 16; 250; 1; 64; 64; 1],0.012986421614186838,0.35201602929898546,tvm
16,16,1500,1,256,64,1,[16; 16; 1500; 1; 256; 64; 1],0.019242266251239926,0.23757225431458728,tvm
8,4,125,1,64,16,1,[8; 4; 125; 1; 64; 16; 1],0.025351902993861586,0.18031895169902803,tvm
8,4,10,1,32,16,1,[8; 4; 10; 1; 32; 16; 1],0.02942440251354128,0.1553618147156862,tvm
8,2,100,1,64,64,1,[8; 2; 100; 1; 64; 64; 1],0.03055633674375713,0.1496065647451194,tvm
64,64,75,1,256,128,1,[64; 64; 75; 1; 256; 128; 1],0.024895894632209092,0.18362178338890786,tvm
16,16,6,1,128,128,1,[16; 16; 6; 1; 128; 128; 1],0.014033034618478268,0.32576193928924363,tvm
40,40,375,1,256,128,1,[40; 40; 375; 1; 256; 128; 1],0.0291719397646375,0.1567063626317404,tvm
160,1,30,1,64,64,1,[160; 1; 30; 1; 64; 64; 1],0.01763634747476317,0.2592049503430392,tvm
20,1,25,1,64,16,1,[20; 1; 25; 1; 64; 16; 1],0.03230287425685674,0.14151770319504067,tvm
160,16,500,1,128,64,0,[160; 16; 500; 1; 128; 64; 0],0.023398701014230028,0.19537104083890966,tvm
32,2,50,1,32,16,1,[32; 2; 50; 1; 32; 16; 1],0.03523482580203563,0.12974176733873524,tvm
160,4,300,1,128,128,0,[160; 4; 300; 1; 128; 128; 0],0.045642505458090454,0.10015726624880655,tvm
8,8,500,1,80,16,1,[8; 8; 500; 1; 80; 16; 1],0.030267376510892063,0.15103484670313236,tvm
320,32,4,1,64,64,0,[320; 32; 4; 1; 64; 64; 0],0.035053985251579434,0.13041109416289826,tvm
20,1,4,1,32,16,1,[20; 1; 4; 1; 32; 16; 1],0.06686767109204084,0.06836530264582076,tvm
5,5,1,1,64,16,1,[5; 5; 1; 1; 64; 16; 1],0.015306552377296612,0.2986582777588196,tvm
256,64,20,1,128,128,0,[256; 64; 20; 1; 128; 128; 0],0.021644443360855803,0.2112056427238063,tvm
32,16,6,1,32,16,1,[32; 16; 6; 1; 32; 16; 1],0.03726591629674658,0.12267049963367385,tvm
160,40,300,1,256,64,0,[160; 40; 300; 1; 256; 64; 0],0.021596788603346795,0.2116716820907415,tvm
320,20,3,1,64,64,1,[320; 20; 3; 1; 64; 64; 1],0.03425430378410965,0.13345559729487855,tvm
16,8,300,1,64,16,1,[16; 8; 300; 1; 64; 16; 1],0.03245106851682067,0.1408714344508878,tvm
16,4,12,1,16,16,1,[16; 4; 12; 1; 16; 16; 1],0.046794850029982626,0.09769084778559059,tvm
256,8,3,1,64,64,0,[256; 8; 3; 1; 64; 64; 0],0.03692347148898989,0.12380820077526333,tvm
8,1,2,1,128,128,1,[8; 1; 2; 1; 128; 128; 1],0.019066286244196817,0.23976502360652285,tvm
160,10,300,1,128,64,0,[160; 10; 300; 1; 128; 64; 0],0.026730055746156722,0.17102203657341256,tvm
160,10,30,1,64,64,1,[160; 10; 30; 1; 64; 64; 1],0.016319130023475736,0.28012697765459216,tvm
32,16,6,1,64,16,1,[32; 16; 6; 1; 64; 16; 1],0.042671606002841145,0.10713045511163087,tvm
5,1,150,1,64,64,1,[5; 1; 150; 1; 64; 64; 1],0.015436422516359016,0.2961455976333844,tvm
8,2,500,1,256,128,1,[8; 2; 500; 1; 256; 128; 1],0.03675671276869252,0.12436989673685617,tvm
8,1,4,1,16,16,1,[8; 1; 4; 1; 16; 16; 1],0.06726209598127753,0.06796440855338545,tvm
16,1,1500,1,256,64,1,[16; 1; 1500; 1; 256; 64; 1],0.03849881252972409,0.11874206685983033,tvm
128,8,4,1,64,64,0,[128; 8; 4; 1; 64; 64; 0],0.016831238492159173,0.271603814155338,tvm
16,8,3,1,256,64,1,[16; 8; 3; 1; 256; 64; 1],0.028317231743130833,0.1614362806681308,tvm
20,2,25,1,32,16,1,[20; 2; 25; 1; 32; 16; 1],0.02865693799685687,0.15952257606622075,tvm
32,32,25,1,64,16,1,[32; 32; 25; 1; 64; 16; 1],0.020180156512651592,0.22653087792270568,tvm
10,10,75,1,32,16,1,[10; 10; 75; 1; 32; 16; 1],0.030558342521544546,0.14959674492180255,tvm
8,4,750,1,128,128,1,[8; 4; 750; 1; 128; 128; 1],0.03200069075683132,0.14285405918785332,tvm
20,1,125,1,64,64,1,[20; 1; 125; 1; 64; 64; 1],0.02873639448080212,0.1590814941826679,tvm
16,8,375,1,80,16,1,[16; 8; 375; 1; 80; 16; 1],0.03830985102104023,0.1193277564279195,tvm
10,2,750,1,256,128,1,[10; 2; 750; 1; 256; 128; 1],0.01898410325520672,0.24080297657329577,tvm
10,5,250,1,256,128,1,[10; 5; 250; 1; 256; 128; 1],0.016707173112081364,0.27362071014412725,tvm
8,1,125,1,32,16,1,[8; 1; 125; 1; 32; 16; 1],0.03327893355162814,0.13736703925131996,tvm
20,2,150,1,32,16,1,[20; 2; 150; 1; 32; 16; 1],0.05893854843452573,0.07756262569830555,tvm
32,16,750,1,256,128,0,[32; 16; 750; 1; 256; 128; 0],0.03419284877600148,0.1336954578244169,tvm
20,1,150,1,128,64,1,[20; 1; 150; 1; 128; 64; 1],0.03369950701016933,0.13565268388196525,tvm
32,4,3,1,64,64,1,[32; 4; 3; 1; 64; 64; 1],0.026834049029275775,0.1703592538882661,tvm
16,16,75,1,256,64,1,[16; 16; 75; 1; 256; 64; 1],0.03431069798534736,0.13323624524866368,tvm
10,5,100,1,256,64,1,[10; 5; 100; 1; 256; 64; 1],0.01726396250887774,0.2647960205588828,tvm
32,2,150,1,64,64,1,[32; 2; 150; 1; 64; 64; 1],0.027562027447856963,0.16585966254031922,tvm
8,4,12,1,128,64,1,[8; 4; 12; 1; 128; 64; 1],0.015402080985950306,0.29680590405923746,tvm
10,1,100,1,128,64,1,[10; 1; 100; 1; 128; 64; 1],0.03194840648211539,0.14308784301926428,tvm
32,16,15,1,256,128,1,[32; 16; 15; 1; 256; 128; 1],0.02987708878936246,0.15300783164175616,tvm
20,10,4,1,80,16,1,[20; 10; 4; 1; 80; 16; 1],0.050003147567622364,0.09142281623864468,tvm
20,10,60,1,80,16,1,[20; 10; 60; 1; 80; 16; 1],0.026841526967473328,0.1703117925060019,tvm
10,5,4,1,128,128,1,[10; 5; 4; 1; 128; 128; 1],0.06662146793678403,0.06861795023439475,tvm
16,16,25,1,64,16,1,[16; 16; 25; 1; 64; 16; 1],0.015684990998124704,0.2914524191932996,tvm
10,2,100,1,256,64,1,[10; 2; 100; 1; 256; 64; 1],0.016070252895588055,0.28446525397765315,tvm
20,20,30,1,256,64,1,[20; 20; 30; 1; 256; 64; 1],0.03194595774402842,0.14309881106266403,tvm
16,4,300,1,80,16,1,[16; 4; 300; 1; 80; 16; 1],0.013782923604594544,0.3316733591924346,tvm
20,10,750,1,256,128,1,[20; 10; 750; 1; 256; 128; 1],0.03139857325004414,0.1455935126422391,tvm
8,4,10,1,64,16,1,[8; 4; 10; 1; 64; 16; 1],0.01936612799181603,0.23605279141811006,tvm
8,8,5,1,32,16,1,[8; 8; 5; 1; 32; 16; 1],0.029204696009401232,0.1565305993925426,tvm
20,4,250,1,64,64,1,[20; 4; 250; 1; 64; 64; 1],0.032427728234324604,0.14097282851253623,tvm
32,16,100,1,128,128,1,[32; 16; 100; 1; 128; 128; 1],0.014298896887339652,0.3197049819609615,tvm
16,2,250,1,64,64,1,[16; 2; 250; 1; 64; 64; 1],0.012898464017780498,0.35441650766532123,tvm
16,4,300,1,64,64,1,[16; 4; 300; 1; 64; 64; 1],0.012899424997158349,0.3543901043988879,tvm
8,2,300,1,80,16,1,[8; 2; 300; 1; 80; 16; 1],0.030311415786854923,0.1508154090714249,tvm
10,2,150,1,64,64,1,[10; 2; 150; 1; 64; 64; 1],0.025674792239442468,0.1780512390828928,tvm
8,2,4,1,64,16,1,[8; 2; 4; 1; 64; 16; 1],0.0149233779811766,0.30632666258233765,tvm
20,4,10,1,128,128,1,[20; 4; 10; 1; 128; 128; 1],0.03206908155698329,0.14254940738809863,tvm
16,16,10,1,128,128,1,[16; 16; 10; 1; 128; 128; 1],0.027637471503112465,0.16540690312113931,tvm
128,16,15,1,64,64,0,[128; 16; 15; 1; 64; 64; 0],0.017992050998145714,0.2540804587481277,tvm
64,2,15,1,128,128,1,[64; 2; 15; 1; 128; 128; 1],0.022438684507505968,0.20372979395915042,tvm
20,10,50,1,64,64,0,[20; 10; 50; 1; 64; 64; 0],0.026723203249275684,0.17106589089586322,tvm
8,4,30,1,256,128,1,[8; 4; 30; 1; 256; 128; 1],0.031241630495060235,0.146324903629834,tvm
256,32,1,1,128,128,0,[256; 32; 1; 1; 128; 128; 0],0.04674620123114437,0.09779251470775951,tvm
8,8,6,1,128,16,1,[8; 8; 6; 1; 128; 16; 1],0.032775065512396395,0.13947885381646413,tvm
320,40,25,1,256,64,0,[320; 40; 25; 1; 256; 64; 0],0.04852981527801603,0.09419835095682767,tvm
5,5,3,1,160,16,1,[5; 5; 3; 1; 160; 16; 1],0.020269210363039747,0.22553560250005716,tvm
128,32,375,1,256,128,0,[128; 32; 375; 1; 256; 128; 0],0.024885982129490003,0.18369492301496945,tvm
320,32,1,1,64,64,0,[320; 32; 1; 1; 64; 64; 0],0.018780863872962072,0.24340885501064957,tvm
4,2,15,1,64,64,1,[4; 2; 15; 1; 64; 64; 1],0.03182798554189503,0.14362921478053398,tvm
32,2,1500,1,128,64,1,[32; 2; 1500; 1; 128; 64; 1],0.05856874899473041,0.07805235129471308,tvm
4,1,125,1,128,64,1,[4; 1; 125; 1; 128; 64; 1],0.03759446425829083,0.12159844970846792,tvm
16,4,750,1,256,64,0,[16; 4; 750; 1; 256; 64; 0],0.021170825115405023,0.2159305811894009,tvm
128,8,250,1,64,64,0,[128; 8; 250; 1; 64; 64; 0],0.05423377896659076,0.08429116794986156,tvm
80,10,75,1,64,64,1,[80; 10; 75; 1; 64; 64; 1],0.03514923225156963,0.13005770762530466,tvm
256,64,1,1,128,128,0,[256; 64; 1; 1; 128; 128; 0],0.022696469124639407,0.20141584782744046,tvm
5,1,125,1,80,16,1,[5; 1; 125; 1; 80; 16; 1],0.01633458086871542,0.27986200614329426,tvm
16,4,4,1,128,16,1,[16; 4; 4; 1; 128; 16; 1],0.027618073276244104,0.1655230806908142,tvm
8,1,4,1,128,128,1,[8; 1; 4; 1; 128; 128; 1],0.019980459997896105,0.22879496127266,tvm
16,8,25,1,256,64,1,[16; 8; 25; 1; 256; 64; 1],0.02927496947813779,0.15615485354621675,tvm
5,1,12,1,128,128,1,[5; 1; 12; 1; 128; 128; 1],0.020543756108963862,0.2225215558041949,tvm
8,8,30,1,256,64,1,[8; 8; 30; 1; 256; 64; 1],0.017631391383474693,0.25927781148986445,tvm
80,1,30,1,64,64,1,[80; 1; 30; 1; 64; 64; 1],0.053799237008206546,0.08497199636365187,tvm
5,1,2,1,32,16,1,[5; 1; 2; 1; 32; 16; 1],0.013973434484796599,0.32715139405436694,tvm
128,64,250,1,128,128,1,[128; 64; 250; 1; 128; 128; 1],0.03256355272606015,0.1403848225617631,tvm
32,4,125,1,80,16,1,[32; 4; 125; 1; 80; 16; 1],0.026710915786679834,0.1711445840321299,tvm
32,16,300,1,256,64,0,[32; 16; 300; 1; 256; 64; 0],0.02102471500984393,0.2174311789381304,tvm
320,2,20,1,64,64,1,[320; 2; 20; 1; 64; 64; 1],0.03862640372244641,0.11834983666294677,tvm
256,8,300,1,64,64,0,[256; 8; 300; 1; 64; 64; 0],0.03245465998770669,0.1408558454520909,tvm
20,10,30,1,128,64,1,[20; 10; 30; 1; 128; 64; 1],0.027138076547998935,0.16845072138193423,tvm
10,10,300,1,128,128,0,[10; 10; 300; 1; 128; 128; 0],0.02295306825544685,0.19916416056244482,tvm
16,8,12,1,16,16,1,[16; 8; 12; 1; 16; 16; 1],0.016272193985059857,0.2809349848966759,tvm
256,32,75,1,64,64,1,[256; 32; 75; 1; 64; 64; 1],0.03453334124060348,0.13237724492333788,tvm
16,1,300,1,128,128,1,[16; 1; 300; 1; 128; 128; 1],0.016298039874527603,0.28048947030577037,tvm
16,8,125,1,128,128,1,[16; 8; 125; 1; 128; 128; 1],0.014530693006236106,0.31460499299425443,tvm
160,1,50,1,64,64,1,[160; 1; 50; 1; 64; 64; 1],0.01773376198252663,0.2577810943855498,tvm
320,10,50,1,64,64,1,[320; 10; 50; 1; 64; 64; 1],0.03414195973891765,0.13389473265114607,tvm
16,1,150,1,256,64,1,[16; 1; 150; 1; 256; 64; 1],0.03284431272186339,0.13918478398805162,tvm
32,4,2,1,64,64,1,[32; 4; 2; 1; 64; 64; 1],0.0334015769767575,0.1368626569520835,tvm
20,5,3,1,128,64,1,[20; 5; 3; 1; 128; 64; 1],0.02027037160587497,0.22552268208559298,tvm
32,32,500,1,128,64,0,[32; 32; 500; 1; 128; 64; 0],0.01850136838038452,0.24708597101797516,tvm
2,2,4,1,64,16,1,[2; 2; 4; 1; 64; 16; 1],0.022821559628937393,0.20031183870676697,tvm
8,2,500,1,64,16,1,[8; 2; 500; 1; 64; 16; 1],0.035132776538375765,0.13011862488110412,tvm
16,8,2,1,64,64,1,[16; 8; 2; 1; 64; 64; 1],0.02876501897117123,0.15892318986509732,tvm
320,16,20,1,64,64,1,[320; 16; 20; 1; 64; 64; 1],0.034346276021096855,0.13309823075493302,tvm
16,2,750,1,256,64,1,[16; 2; 750; 1; 256; 64; 1],0.01858547088340856,0.24596786382795027,tvm
20,4,25,1,128,64,1,[20; 4; 25; 1; 128; 64; 1],0.04634556727251038,0.09863788147308081,tvm
4,4,3,1,64,16,1,[4; 4; 3; 1; 64; 16; 1],0.01637693462544121,0.2791382316643652,tvm
5,5,100,1,64,64,1,[5; 5; 100; 1; 64; 64; 1],0.01542184199206531,0.2964255874091186,tvm
10,2,375,1,64,16,1,[10; 2; 375; 1; 64; 16; 1],0.02949220745358616,0.15500462549719046,tvm
16,4,2,1,256,128,1,[16; 4; 2; 1; 256; 128; 1],0.02130926086101681,0.21452778682678522,tvm
20,5,30,1,256,128,1,[20; 5; 30; 1; 256; 128; 1],0.028784782742150128,0.15881407243468745,tvm
160,20,300,1,64,64,0,[160; 20; 300; 1; 64; 64; 0],0.037645513482857496,0.12143355604673176,tvm
8,2,10,1,64,16,1,[8; 2; 10; 1; 64; 16; 1],0.031303130032029,0.14603742714390347,tvm
20,10,75,1,128,128,1,[20; 10; 75; 1; 128; 128; 1],0.042824795993510634,0.10674723522608943,tvm
8,4,500,1,64,64,1,[8; 4; 500; 1; 64; 64; 1],0.013819357234751806,0.33079892890623824,tvm
20,5,375,1,64,64,1,[20; 5; 375; 1; 64; 64; 1],0.012396538746543229,0.3687665295043194,tvm
20,4,100,1,128,64,1,[20; 4; 100; 1; 128; 64; 1],0.015335810399847105,0.2980884904180967,tvm
32,32,750,1,256,64,1,[32; 32; 750; 1; 256; 64; 1],0.017567522474564612,0.2602204481620775,tvm
64,64,60,1,64,64,1,[64; 64; 60; 1; 64; 64; 1],0.024033448367845267,0.1902110966957517,tvm
16,4,300,1,80,16,1,[16; 4; 300; 1; 80; 16; 1],0.030155399232171476,0.15159569058371195,tvm
8,2,300,1,64,64,1,[8; 2; 300; 1; 64; 64; 1],0.03007453872123733,0.15200328137370325,tvm
32,32,10,1,128,128,1,[32; 32; 10; 1; 128; 128; 1],0.023613512137671933,0.193593758724926,tvm
256,16,300,1,256,128,0,[256; 16; 300; 1; 256; 128; 0],0.021648147492669523,0.21116950413316174,tvm
10,10,150,1,64,64,0,[10; 10; 150; 1; 64; 64; 0],0.028955336019862443,0.1578786227275248,tvm
64,2,50,1,64,64,1,[64; 2; 50; 1; 64; 64; 1],0.01705244675395079,0.26808050700228353,tvm
10,1,15,1,32,16,1,[10; 1; 15; 1; 32; 16; 1],0.031291415507439524,0.14609209897652972,tvm
40,1,3,1,256,128,1,[40; 1; 3; 1; 256; 128; 1],0.04633811395615339,0.09865374701599215,tvm
16,8,3,1,64,64,0,[16; 8; 3; 1; 64; 64; 0],0.018051702121738344,0.2532408600917215,tvm
16,16,5,1,32,16,0,[16; 16; 5; 1; 32; 16; 0],0.03527707327157259,0.12958638989795043,tvm
160,20,250,1,256,64,0,[160; 20; 250; 1; 256; 64; 0],0.02162104850867763,0.2114341758029831,tvm
320,64,60,1,128,64,0,[320; 64; 60; 1; 128; 64; 0],0.021216701512457803,0.21546367934451865,tvm
128,1,10,1,64,64,1,[128; 1; 10; 1; 64; 64; 1],0.035102368507068604,0.13023134238101391,tvm
128,64,75,1,256,128,0,[128; 64; 75; 1; 256; 128; 0],0.022235192358493805,0.20559428934655893,tvm
256,32,250,1,256,128,0,[256; 32; 250; 1; 256; 128; 0],0.029209134227130562,0.1565068151586107,tvm
4,4,150,1,64,16,1,[4; 4; 150; 1; 64; 16; 1],0.0347190237371251,0.13166927175260223,tvm
32,16,75,1,64,16,0,[32; 16; 75; 1; 64; 16; 0],0.025277877983171493,0.18084700679669222,tvm
16,4,5,1,64,16,0,[16; 4; 5; 1; 64; 16; 0],0.059686215477995574,0.0765910275064083,tvm
128,1,2,1,64,64,0,[128; 1; 2; 1; 64; 64; 0],0.03661085298517719,0.12486539369294203,tvm
320,40,125,1,128,128,1,[320; 40; 125; 1; 128; 128; 1],0.021905521251028404,0.20868841782132694,tvm
8,4,750,1,256,64,0,[8; 4; 750; 1; 256; 64; 0],0.02546778373653069,0.17949848399534538,tvm
5,1,25,1,256,64,1,[5; 1; 25; 1; 256; 64; 1],0.04369787179166451,0.1046144442279357,tvm
1,1,2,1,160,16,1,[1; 1; 2; 1; 160; 16; 1],0.07890534005127847,0.05793560446552442,tvm
32,4,375,1,64,64,0,[32; 4; 375; 1; 64; 64; 0],0.017472695995820686,0.26163269666696065,tvm
8,2,500,1,256,128,1,[8; 2; 500; 1; 256; 128; 1],0.01875616973848082,0.24372932401276298,tvm
32,4,25,1,80,16,1,[32; 4; 25; 1; 80; 16; 1],0.03312159003689885,0.13801959888809104,tvm
2,2,2,1,160,16,1,[2; 2; 2; 1; 160; 16; 1],0.11414983891882002,0.040047612985942414,tvm
4,2,375,1,32,16,1,[4; 2; 375; 1; 32; 16; 1],0.019439038733253255,0.23516741924118345,tvm
64,64,750,1,128,64,0,[64; 64; 750; 1; 128; 64; 0],0.018375318235484883,0.24878091975575203,tvm
4,2,3,1,256,16,1,[4; 2; 3; 1; 256; 16; 1],0.04110004677204415,0.11122684596402972,tvm
16,4,300,1,16,16,1,[16; 4; 300; 1; 16; 16; 1],0.015787811018526554,0.2895543002170553,tvm
10,10,2,1,128,16,1,[10; 10; 2; 1; 128; 16; 1],0.032622659229673445,0.14013047002834209,tvm
40,40,100,1,64,64,0,[40; 40; 100; 1; 64; 64; 0],0.025802220276091248,0.17717190701082927,tvm
16,16,375,1,80,16,0,[16; 16; 375; 1; 80; 16; 0],0.03564256924437359,0.12825754900231276,tvm
20,4,300,1,128,64,0,[20; 4; 300; 1; 128; 64; 0],0.020660998881794512,0.2212588363990812,tvm
16,1,750,1,32,16,1,[16; 1; 750; 1; 32; 16; 1],0.015359096374595538,0.29763655751192947,tvm
32,8,1,1,256,64,1,[32; 8; 1; 1; 256; 64; 1],0.015856069745495915,0.2883077991459475,tvm
4,2,10,1,64,16,1,[4; 2; 10; 1; 64; 16; 1],0.02685653424123302,0.17021662327561335,tvm
5,5,20,1,64,16,1,[5; 5; 20; 1; 64; 16; 1],0.04594555852236226,0.09949663729092774,tvm
8,4,375,1,256,128,1,[8; 4; 375; 1; 256; 128; 1],0.017751109757227823,0.25752917051099844,tvm
8,1,4,1,128,16,1,[8; 1; 4; 1; 128; 16; 1],0.018051505117909983,0.25324362381799304,tvm
16,1,5,1,80,16,1,[16; 1; 5; 1; 80; 16; 1],0.02958856802433729,0.1544998246508065,tvm
16,8,75,1,256,64,1,[16; 8; 75; 1; 256; 64; 1],0.02986425650306046,0.15307357713593495,tvm
64,64,250,1,128,64,0,[64; 64; 250; 1; 128; 64; 0],0.017949547996977344,0.25468209963829663,tvm
32,16,50,1,64,64,0,[32; 16; 50; 1; 64; 64; 0],0.01769599475665018,0.258331257117412,tvm
4,1,6,1,80,16,1,[4; 1; 6; 1; 80; 16; 1],0.01602831413038075,0.28520956940591097,tvm
20,4,75,1,64,16,1,[20; 4; 75; 1; 64; 16; 1],0.03928692947374657,0.11636003710810289,tvm
20,5,20,1,16,16,1,[20; 5; 20; 1; 16; 16; 1],0.033085020957514644,0.13817215280893624,tvm
32,16,500,1,256,64,0,[32; 16; 500; 1; 256; 64; 0],0.041738584463018924,0.10952524217679047,tvm
8,8,20,1,64,16,1,[8; 8; 20; 1; 64; 16; 1],0.03295329853426665,0.1387244608206656,tvm
20,10,100,1,256,64,1,[20; 10; 100; 1; 256; 64; 1],0.015714938374003395,0.2908970091152827,tvm
16,4,750,1,256,128,1,[16; 4; 750; 1; 256; 128; 1],0.014387768867891282,0.31773019245746165,tvm
20,2,3,1,256,64,1,[20; 2; 3; 1; 256; 64; 1],0.019680556491948664,0.2322814689360409,tvm
32,16,12,1,64,64,1,[32; 16; 12; 1; 64; 64; 1],0.013424499513348565,0.34052878968657274,tvm
10,2,15,1,128,128,1,[10; 2; 15; 1; 128; 128; 1],0.03184132574824616,0.14356904004477164,tvm
10,1,1,1,256,64,1,[10; 1; 1; 1; 256; 64; 1],0.05141950852703303,0.08890455592404607,tvm
8,2,50,1,80,16,1,[8; 2; 50; 1; 80; 16; 1],0.02718618221115321,0.16815264960422174,tvm
16,4,12,1,80,16,1,[16; 4; 12; 1; 80; 16; 1],0.025491417211014777,0.1793320682638731,tvm
4,1,1,1,64,16,1,[4; 1; 1; 1; 64; 16; 1],0.07455054658930749,0.06131985318111987,tvm
16,4,30,1,32,16,1,[16; 4; 30; 1; 32; 16; 1],0.013748073863098398,0.3325141119367183,tvm
16,8,10,1,256,64,1,[16; 8; 10; 1; 256; 64; 1],0.03113258449593559,0.1468374259780899,tvm
32,32,100,1,256,64,1,[32; 32; 100; 1; 256; 64; 1],0.015620936756022274,0.2926475308637408,tvm
8,2,300,1,80,16,1,[8; 2; 300; 1; 80; 16; 1],0.029772613022942096,0.1535447549701443,tvm
16,4,12,1,128,64,1,[16; 4; 12; 1; 128; 64; 1],0.030600792495533824,0.14938922160580548,tvm
16,4,125,1,128,128,1,[16; 4; 125; 1; 128; 128; 1],0.027075738238636404,0.16883855690794267,tvm
20,2,375,1,64,64,1,[20; 2; 375; 1; 64; 64; 1],0.03212434274610132,0.14230418992722801,tvm
20,20,750,1,128,128,1,[20; 20; 750; 1; 128; 128; 1],0.02830690803239122,0.16149515751411445,tvm
320,16,250,1,128,128,0,[320; 16; 250; 1; 128; 128; 0],0.02248301313375123,0.20332811017069585,tvm
320,2,75,1,64,64,1,[320; 2; 75; 1; 64; 64; 1],0.01826962173799984,0.2502202090982674,tvm
4,1,10,1,80,16,1,[4; 1; 10; 1; 80; 16; 1],0.030174353742040694,0.15150046329109568,tvm
256,32,100,1,64,64,1,[256; 32; 100; 1; 64; 64; 1],0.04106320923892781,0.11132662683107754,tvm
40,4,500,1,64,64,1,[40; 4; 500; 1; 64; 64; 1],0.052770840586163104,0.08662792786035767,tvm
5,1,12,1,256,128,1,[5; 1; 12; 1; 256; 128; 1],0.04053495399421081,0.11277744566039133,tvm
32,4,75,1,32,16,1,[32; 4; 75; 1; 32; 16; 1],0.03513722575735301,0.1301021487295971,tvm
4,2,125,1,128,128,1,[4; 2; 125; 1; 128; 128; 1],0.03965830249944702,0.11527040451346383,tvm
16,16,750,1,64,16,1,[16; 16; 750; 1; 64; 16; 1],0.017923701379913837,0.2550493603152491,tvm
8,8,2,1,256,128,1,[8; 8; 2; 1; 256; 128; 1],0.023018815991235897,0.1985952958296848,tvm
4,4,150,1,80,16,1,[4; 4; 150; 1; 80; 16; 1],0.017147267004474998,0.26659808646098215,tvm
4,1,1,1,64,16,1,[4; 1; 1; 1; 64; 16; 1],0.030655810493044555,0.1491211126995248,tvm
2,2,5,1,80,16,1,[2; 2; 5; 1; 80; 16; 1],0.018696018116315827,0.24451348640056847,tvm
5,1,1500,1,128,64,1,[5; 1; 1500; 1; 128; 64; 1],0.021105630352394655,0.2165975853410081,tvm
320,40,375,1,256,128,0,[320; 40; 375; 1; 256; 128; 0],0.044340710272081196,0.10309777501031459,tvm
8,1,375,1,64,16,1,[8; 1; 375; 1; 64; 16; 1],0.03343207377474755,0.13673781058958825,tvm
160,40,75,1,128,128,1,[160; 40; 75; 1; 128; 128; 1],0.021985897357808426,0.20792549410338262,tvm
160,40,250,1,256,128,0,[160; 40; 250; 1; 256; 128; 0],0.02882159745786339,0.15861121431981384,tvm
160,20,300,1,256,128,0,[160; 20; 300; 1; 256; 128; 0],0.027719058038201183,0.16492005482756414,tvm
4,2,6,1,32,16,1,[4; 2; 6; 1; 32; 16; 1],0.03171461203601211,0.1441426609992167,tvm
10,10,2,1,16,16,1,[10; 10; 2; 1; 16; 16; 1],0.04427189769921824,0.10325802165714018,tvm
40,20,750,1,128,64,1,[40; 20; 750; 1; 128; 64; 1],0.04083494178485125,0.11194894302811172,tvm
16,2,12,1,64,16,1,[16; 2; 12; 1; 64; 16; 1],0.04096123849740252,0.11160376832156724,tvm
32,32,30,1,64,16,1,[32; 32; 30; 1; 64; 16; 1],0.039773405995219946,0.11493681411086533,tvm
20,4,1500,1,256,128,0,[20; 4; 1500; 1; 256; 128; 0],0.017476222477853298,0.26157990247730617,tvm
8,2,20,1,32,16,1,[8; 2; 20; 1; 32; 16; 1],0.013894210977014154,0.3290167810889946,tvm
16,2,750,1,16,16,1,[16; 2; 750; 1; 16; 16; 1],0.029268197249621153,0.15619098547272994,tvm
16,1,10,1,64,64,1,[16; 1; 10; 1; 64; 64; 1],0.01946178573416546,0.23489255476712806,tvm
16,8,50,1,256,64,1,[16; 8; 50; 1; 256; 64; 1],0.015178121742792428,0.3011853936142914,tvm
8,2,12,1,32,16,1,[8; 2; 12; 1; 32; 16; 1],0.03290663775987923,0.13892116857353917,tvm
10,5,12,1,80,16,1,[10; 5; 12; 1; 80; 16; 1],0.024019476753892377,0.19032173840705202,tvm
10,10,30,1,32,16,1,[10; 10; 30; 1; 32; 16; 1],0.028642213786952198,0.15960458243318681,tvm
8,4,12,1,64,16,1,[8; 4; 12; 1; 64; 16; 1],0.014577173511497676,0.31360184934499674,tvm
160,32,75,1,64,64,1,[160; 32; 75; 1; 64; 64; 1],0.03288441803306341,0.13901503644772611,tvm
32,2,3,1,128,64,1,[32; 2; 3; 1; 128; 64; 1],0.016971482255030423,0.2693594173292424,tvm
16,8,3,1,64,64,1,[16; 8; 3; 1; 64; 64; 1],0.026601688528899103,0.17184730835647288,tvm
32,1,3,1,128,64,1,[32; 1; 3; 1; 128; 64; 1],0.03371097275521606,0.13560654581589432,tvm
20,2,2,1,64,64,1,[20; 2; 2; 1; 64; 64; 1],0.03240841970546171,0.14105681835076211,tvm
20,2,25,1,64,64,1,[20; 2; 25; 1; 64; 64; 1],0.032119665993377566,0.14232490999038125,tvm
20,4,3,1,128,64,1,[20; 4; 3; 1; 128; 64; 1],0.03941676998510957,0.11597674221290875,tvm
32,4,375,1,128,128,1,[32; 4; 375; 1; 128; 128; 1],0.014894674881361425,0.3069169758884141,tvm
20,5,15,1,32,16,1,[20; 5; 15; 1; 32; 16; 1],0.014560895739123225,0.31395242801895357,tvm
32,4,2,1,256,64,1,[32; 4; 2; 1; 256; 64; 1],0.028453827719204128,0.16066128664802493,tvm
20,4,1500,1,128,128,1,[20; 4; 1500; 1; 128; 128; 1],0.014101710257818922,0.32417547147473613,tvm
16,2,2,1,128,128,1,[16; 2; 2; 1; 128; 128; 1],0.013943765370640904,0.32784749670658386,tvm
8,8,125,1,256,128,1,[8; 8; 125; 1; 256; 128; 1],0.029810401261784136,0.15335011868119264,tvm
8,4,75,1,256,64,1,[8; 4; 75; 1; 256; 64; 1],0.017953932256205007,0.25461990756084385,tvm
16,1,1500,1,32,16,1,[16; 1; 1500; 1; 32; 16; 1],0.03284605930093676,0.13917738288008863,tvm
10,2,5,1,64,64,1,[10; 2; 5; 1; 64; 64; 1],0.013477217755280435,0.33919675814672245,tvm
20,10,125,1,256,128,1,[20; 10; 125; 1; 256; 128; 1],0.015042170009110123,0.303907519238244,tvm
20,4,12,1,64,64,1,[20; 4; 12; 1; 64; 64; 1],0.016506888496223837,0.2769406585907662,tvm
4,4,3,1,64,16,1,[4; 4; 3; 1; 64; 16; 1],0.026169583725277334,0.17468480276256765,tvm
32,16,300,1,128,64,1,[32; 16; 300; 1; 128; 64; 1],0.033978396735619754,0.13453926643443762,tvm
20,1,30,1,256,128,1,[20; 1; 30; 1; 256; 128; 1],0.02830723999068141,0.16149326366447103,tvm
16,4,50,1,128,128,1,[16; 4; 50; 1; 128; 128; 1],0.01378863223362714,0.3315360431674987,tvm
20,2,12,1,256,64,1,[20; 2; 12; 1; 256; 64; 1],0.04497418174287304,0.10164561964827733,tvm
64,64,25,1,64,64,1,[64; 64; 25; 1; 64; 64; 1],0.012333067366853356,0.3706643639776793,tvm
16,16,2,1,32,16,1,[16; 16; 2; 1; 32; 16; 1],0.01680831314297393,0.2719742625296984,tvm
16,16,500,1,128,64,1,[16; 16; 500; 1; 128; 64; 1],0.014875807391945273,0.30730624906476267,tvm
32,2,125,1,128,64,1,[32; 2; 125; 1; 128; 64; 1],0.05559508444275707,0.08222720798518614,tvm
5,5,3,1,32,16,1,[5; 5; 3; 1; 32; 16; 1],0.028562699735630304,0.16004889641877867,tvm
32,32,500,1,256,64,1,[32; 32; 500; 1; 256; 64; 1],0.03344124899012968,0.13670029408225295,tvm
16,2,75,1,256,64,1,[16; 2; 75; 1; 256; 64; 1],0.039354799780994654,0.11615936548700778,tvm
32,16,375,1,64,64,1,[32; 16; 375; 1; 64; 64; 1],0.04889369220472872,0.09349730742949391,tvm
20,2,2,1,80,16,1,[20; 2; 2; 1; 80; 16; 1],0.016607400990324095,0.2752645386290128,tvm
160,16,30,1,128,64,1,[160; 16; 30; 1; 128; 64; 1],0.03985994349932298,0.11468728176963465,tvm
4,4,10,1,64,64,1,[4; 4; 10; 1; 64; 64; 1],0.01601703613414429,0.2854103926058727,tvm
10,1,12,1,256,128,1,[10; 1; 12; 1; 256; 128; 1],0.03257528902031481,0.14033424441998682,tvm
5,5,15,1,32,16,1,[5; 5; 15; 1; 32; 16; 1],0.03194989624898881,0.14308117108747276,tvm
320,20,60,1,64,64,0,[320; 20; 60; 1; 64; 64; 0],0.043211242533288896,0.1057925739558832,tvm
160,16,25,1,128,64,1,[160; 16; 25; 1; 128; 64; 1],0.04288799950154498,0.10658992316169684,tvm
20,10,50,1,64,64,0,[20; 10; 50; 1; 64; 64; 0],0.028047779749613255,0.16298718159649006,tvm
80,40,50,1,64,64,1,[80; 40; 50; 1; 64; 64; 1],0.017743280273862183,0.2576428090448863,tvm
320,32,250,1,128,64,0,[320; 32; 250; 1; 128; 64; 0],0.03400787152349949,0.13442266059696525,tvm
160,32,750,1,64,64,0,[160; 32; 750; 1; 64; 64; 0],0.03169221675489098,0.14424451930214302,tvm
128,16,60,1,64,64,0,[128; 16; 60; 1; 64; 64; 0],0.018654353480087593,0.24505960907775756,tvm
160,16,75,1,64,64,1,[160; 16; 75; 1; 64; 64; 1],0.02945238776737824,0.1552141920558282,tvm
16,1,15,1,128,64,1,[16; 1; 15; 1; 128; 64; 1],0.015136865753447637,0.30200628359192283,tvm
20,1,375,1,256,128,0,[20; 1; 375; 1; 256; 128; 0],0.02788418350974098,0.163943425843242,tvm
4,4,750,1,64,64,0,[4; 4; 750; 1; 64; 64; 0],0.05849296448286623,0.07815347729157471,tvm
32,32,60,1,32,16,1,[32; 32; 60; 1; 32; 16; 1],0.017720967502100393,0.257967211490385,tvm
256,64,50,1,128,128,0,[256; 64; 50; 1; 128; 128; 0],0.022951315622776747,0.19917936934699787,tvm
32,1,30,1,64,64,1,[32; 1; 30; 1; 64; 64; 1],0.026302780024707317,0.1738002054206603,tvm
4,2,750,1,64,64,1,[4; 2; 750; 1; 64; 64; 1],0.0488074739696458,0.0936624701018459,tvm
32,32,60,1,64,16,1,[32; 32; 60; 1; 64; 16; 1],0.04029834677930921,0.11343960576009848,tvm
32,16,60,1,64,16,1,[32; 16; 60; 1; 64; 16; 1],0.03971186053240672,0.11511494324719625,tvm
16,16,250,1,16,16,1,[16; 16; 250; 1; 16; 16; 1],0.0312311919988133,0.14637381024721288,tvm
20,20,250,1,256,64,0,[20; 20; 250; 1; 256; 64; 0],0.02936178771778941,0.1556931279309973,tvm
10,2,30,1,64,16,1,[10; 2; 30; 1; 64; 16; 1],0.015775725099956617,0.2897761302547763,tvm
16,4,500,1,256,64,0,[16; 4; 500; 1; 256; 64; 0],0.038740092248190194,0.1180025215774269,tvm
160,8,25,1,64,64,1,[160; 8; 25; 1; 64; 64; 1],0.017592618241906166,0.2598492452100897,tvm
16,1,750,1,32,16,1,[16; 1; 750; 1; 32; 16; 1],0.028877264237962663,0.15830545905449295,tvm
10,5,375,1,256,128,0,[10; 5; 375; 1; 256; 128; 0],0.04385274974629283,0.10424496976532299,tvm
10,1,300,1,256,128,1,[10; 1; 300; 1; 256; 128; 1],0.0330310714780353,0.1383978286768093,tvm
32,32,250,1,256,128,0,[32; 32; 250; 1; 256; 128; 0],0.018009213235927746,0.2538383277237638,tvm
5,5,5,1,128,128,1,[5; 5; 5; 1; 128; 128; 1],0.03773493925109506,0.12114577794890474,tvm
10,1,4,1,64,64,1,[10; 1; 4; 1; 64; 64; 1],0.014343056129291654,0.3187206778123608,tvm
20,5,4,1,128,64,1,[20; 5; 4; 1; 128; 64; 1],0.018767597008263692,0.24358092138357904,tvm
32,2,2,1,256,64,1,[32; 2; 2; 1; 256; 64; 1],0.01652988325804472,0.2765554057499929,tvm
20,4,500,1,256,128,0,[20; 4; 500; 1; 256; 128; 0],0.018035614397376776,0.2534667503255931,tvm
5,1,75,1,128,64,1,[5; 1; 75; 1; 128; 64; 1],0.05336644290946424,0.08566110690914823,tvm
20,10,30,1,128,128,1,[20; 10; 30; 1; 128; 128; 1],0.03262174123665318,0.1401344133737472,tvm
32,16,5,1,128,64,1,[32; 16; 5; 1; 128; 64; 1],0.05090741591993719,0.08979887289148837,tvm
16,8,60,1,128,64,1,[16; 8; 60; 1; 128; 64; 1],0.029134862998034805,0.15690578575011396,tvm
20,10,60,1,128,64,1,[20; 10; 60; 1; 128; 64; 1],0.015733518142951652,0.2905534877764446,tvm
8,8,5,1,32,16,1,[8; 8; 5; 1; 32; 16; 1],0.015744331758469343,0.2903539281030117,tvm
32,8,300,1,256,128,1,[32; 8; 300; 1; 256; 128; 1],0.029531535226851702,0.15479820254220908,tvm
32,4,30,1,256,128,1,[32; 4; 30; 1; 256; 128; 1],0.028979534516111016,0.1577467908908996,tvm
20,5,750,1,128,64,0,[20; 5; 750; 1; 128; 64; 0],0.04223847098182887,0.10822902593692882,tvm
32,32,300,1,128,64,0,[32; 32; 300; 1; 128; 64; 0],0.03547353972680867,0.12886868935647192,tvm
16,8,500,1,128,64,1,[16; 8; 500; 1; 128; 64; 1],0.015420894225826487,0.29644380568880824,tvm
20,20,6,1,256,128,1,[20; 20; 6; 1; 256; 128; 1],0.01615694974316284,0.2829388371009243,tvm
32,16,5,1,128,128,1,[32; 16; 5; 1; 128; 128; 1],0.014241871744161472,0.32098509616916415,tvm
20,5,12,1,256,64,1,[20; 5; 12; 1; 256; 64; 1],0.016756042634369805,0.27282268678713606,tvm
20,1,5,1,256,128,1,[20; 1; 5; 1; 256; 128; 1],0.03009968827245757,0.15187627626069514,tvm
10,5,1,1,64,16,1,[10; 5; 1; 1; 64; 16; 1],0.029137879493646324,0.15688954209675407,tvm
20,2,150,1,128,128,1,[20; 2; 150; 1; 128; 128; 1],0.014758458739379421,0.30974972740417717,tvm
10,10,1,1,128,128,1,[10; 10; 1; 1; 128; 128; 1],0.030697961046826094,0.14891635846613396,tvm
20,5,100,1,128,128,1,[20; 5; 100; 1; 128; 128; 1],0.04435662197647616,0.10306079155110047,tvm
16,16,6,1,256,128,1,[16; 16; 6; 1; 256; 128; 1],0.016428865521447733,0.27825588842154764,tvm
16,4,6,1,128,128,1,[16; 4; 6; 1; 128; 128; 1],0.014256181893870234,0.3206628959605349,tvm
16,4,4,1,64,16,1,[16; 4; 4; 1; 64; 16; 1],0.02960688224993646,0.15440425414730666,tvm
20,2,15,1,256,128,1,[20; 2; 15; 1; 256; 128; 1],0.015099069132702425,0.3027622783398952,tvm
8,2,1,1,64,16,1,[8; 2; 1; 1; 64; 16; 1],0.029378544772043824,0.15560432304933883,tvm
8,8,125,1,64,64,1,[8; 8; 125; 1; 64; 64; 1],0.04046908376039937,0.11296100990311767,tvm
16,8,125,1,64,64,1,[16; 8; 125; 1; 64; 64; 1],0.02614670223556459,0.17483767284466725,tvm
16,16,6,1,128,64,1,[16; 16; 6; 1; 128; 64; 1],0.036973336536902934,0.12364122363871186,tvm
16,16,375,1,128,128,1,[16; 16; 375; 1; 128; 128; 1],0.028273758478462696,0.16168450243043633,tvm
8,8,60,1,64,16,1,[8; 8; 60; 1; 64; 16; 1],0.0168975998822134,0.27053715340014106,tvm
32,2,1500,1,256,128,0,[32; 2; 1500; 1; 256; 128; 0],0.018446204107021913,0.24782489366949847,tvm
4,4,750,1,32,16,1,[4; 4; 750; 1; 32; 16; 1],0.028502947243396193,0.16038441682509585,tvm
64,8,2,1,64,64,0,[64; 8; 2; 1; 64; 64; 0],0.029297708242665976,0.15603365743028472,tvm
80,4,60,1,64,64,1,[80; 4; 60; 1; 64; 64; 1],0.032946096966043115,0.1387547840990164,tvm
10,1,25,1,256,128,1,[10; 1; 25; 1; 256; 128; 1],0.016124863614095375,0.2835018441602512,tvm
40,20,50,1,64,64,1,[40; 20; 50; 1; 64; 64; 1],0.034549686999525875,0.13231461609163941,tvm
160,16,250,1,128,64,0,[160; 16; 250; 1; 128; 64; 0],0.02342578023672104,0.1951452000844197,tvm
32,8,150,1,128,64,1,[32; 8; 150; 1; 128; 64; 1],0.0166404613701161,0.27471765774705065,tvm
64,16,20,1,64,64,1,[64; 16; 20; 1; 64; 64; 1],0.01703938774880953,0.26828596419187406,tvm
80,40,500,1,64,64,0,[80; 40; 500; 1; 64; 64; 0],0.03026474022772163,0.15104800295762244,tvm
5,1,750,1,80,16,1,[5; 1; 750; 1; 80; 16; 1],0.05097244295757264,0.0896843138405911,tvm
64,1,50,1,64,64,1,[64; 1; 50; 1; 64; 64; 1],0.034224717295728624,0.13357096661830142,tvm
8,1,25,1,64,16,1,[8; 1; 25; 1; 64; 16; 1],0.03147136198822409,0.14525677576773138,tvm
80,8,50,1,64,64,1,[80; 8; 50; 1; 64; 64; 1],0.016891354258405045,0.2706371852424949,tvm
20,20,3,1,64,64,0,[20; 20; 3; 1; 64; 64; 0],0.06900626653805375,0.06624657151836552,tvm
80,20,25,1,64,64,1,[80; 20; 25; 1; 64; 64; 1],0.017555268510477617,0.26040208776642626,tvm
64,64,3,1,64,64,1,[64; 64; 3; 1; 64; 64; 1],0.012485984698287211,0.36612479367011125,tvm
16,2,50,1,64,16,1,[16; 2; 50; 1; 64; 16; 1],0.01565286048571579,0.29205068144575136,tvm
20,1,30,1,128,64,1,[20; 1; 30; 1; 128; 64; 1],0.017633969022426754,0.2592399116508973,tvm
320,64,25,1,128,128,0,[320; 64; 25; 1; 128; 128; 0],0.06646534241735935,0.06877913217873696,tvm
8,1,125,1,128,128,1,[8; 1; 125; 1; 128; 128; 1],0.044590870034880936,0.102519384973933,tvm
16,8,60,1,16,16,1,[16; 8; 60; 1; 16; 16; 1],0.03142163244774565,0.1454866668379144,tvm
16,1,375,1,256,64,1,[16; 1; 375; 1; 256; 64; 1],0.03180774097563699,0.14372062998532462,tvm
32,1,300,1,128,128,1,[32; 1; 300; 1; 128; 128; 1],0.01487572499900125,0.307307951157708,tvm
5,1,300,1,80,16,1,[5; 1; 300; 1; 80; 16; 1],0.016293953376589343,0.28055981662477697,tvm
10,10,25,1,128,64,1,[10; 10; 25; 1; 128; 64; 1],0.030407949001528323,0.1503366297805488,tvm
20,10,20,1,64,64,1,[20; 10; 20; 1; 64; 64; 1],0.024498386250343174,0.18660121220696874,tvm
20,4,3,1,128,64,1,[20; 4; 3; 1; 128; 64; 1],0.020061963645275682,0.22786545984520715,tvm
10,1,10,1,128,128,1,[10; 1; 10; 1; 128; 128; 1],0.046865012496709824,0.0975445930319449,tvm
16,1,150,1,128,64,1,[16; 1; 150; 1; 128; 64; 1],0.014990801137173548,0.3049489169789958,tvm
10,10,125,1,80,16,1,[10; 10; 125; 1; 80; 16; 1],0.026877507276367396,0.17008379997530854,tvm
128,32,300,1,64,64,0,[128; 32; 300; 1; 64; 64; 0],0.019063395127886906,0.23980138588961275,tvm
20,20,750,1,256,64,0,[20; 20; 750; 1; 256; 64; 0],0.03027430723886937,0.1510002701419138,tvm
8,8,1,1,256,64,1,[8; 8; 1; 1; 256; 64; 1],0.017598237260244787,0.25976627680521364,tvm
8,2,250,1,128,128,1,[8; 2; 250; 1; 128; 128; 1],0.01711346337106079,0.26712468845779924,tvm
16,4,20,1,128,64,1,[16; 4; 20; 1; 128; 64; 1],0.029204641527030617,0.15653089140633503,tvm
8,1,250,1,80,16,1,[8; 1; 250; 1; 80; 16; 1],0.03284479404101148,0.1391827443253406,tvm
10,2,12,1,128,128,1,[10; 2; 12; 1; 128; 128; 1],0.031941178254783154,0.14312022352350154,tvm
8,8,100,1,80,16,1,[8; 8; 100; 1; 80; 16; 1],0.02841014025034383,0.1609083422730814,tvm
20,5,3,1,80,16,1,[20; 5; 3; 1; 80; 16; 1],0.018556605384219438,0.24635047611219457,tvm
16,8,5,1,16,16,1,[16; 8; 5; 1; 16; 16; 1],0.015705622878158465,0.29106954922405387,tvm
20,5,20,1,256,128,1,[20; 5; 20; 1; 256; 128; 1],0.029410161776468158,0.1554370426852358,tvm
64,64,250,1,256,64,1,[64; 64; 250; 1; 256; 64; 1],0.045614870032295585,0.10021794577496274,tvm
20,20,4,1,256,128,1,[20; 20; 4; 1; 256; 128; 1],0.017456084984587505,0.2618816633549173,tvm
16,16,150,1,32,16,1,[16; 16; 150; 1; 32; 16; 1],0.038990169297903776,0.11724567124858175,tvm
8,8,100,1,256,64,1,[8; 8; 100; 1; 256; 64; 1],0.03319274226669222,0.13772373896373857,tvm
32,16,60,1,64,64,1,[32; 16; 60; 1; 64; 64; 1],0.04011779377469793,0.1139501488317572,tvm
5,5,5,1,64,64,1,[5; 5; 5; 1; 64; 64; 1],0.015191678481642157,0.30091662201466096,tvm
10,5,100,1,128,128,1,[10; 5; 100; 1; 128; 128; 1],0.016572101128986105,0.2758508734557943,tvm
40,40,375,1,256,64,1,[40; 40; 375; 1; 256; 64; 1],0.02855447249021381,0.16009501043996843,tvm
20,5,1500,1,256,64,1,[20; 5; 1500; 1; 256; 64; 1],0.018520007753977552,0.24683729251931677,tvm
8,1,75,1,64,64,1,[8; 1; 75; 1; 64; 64; 1],0.027492318768054247,0.16628021121086806,tvm
10,10,4,1,64,16,1,[10; 10; 4; 1; 64; 16; 1],0.04048626124858856,0.11291308286926449,tvm
10,2,4,1,128,64,1,[10; 2; 4; 1; 128; 64; 1],0.031718433485366404,0.1441252946346686,tvm
16,4,250,1,80,16,1,[16; 4; 250; 1; 80; 16; 1],0.0535887680016458,0.08530572248438657,tvm
20,1,4,1,256,128,1,[20; 1; 4; 1; 256; 128; 1],0.015979315765434876,0.2860841251611727,tvm
40,40,150,1,256,64,1,[40; 40; 150; 1; 256; 64; 1],0.016066948999650776,0.2845237494391707,tvm
20,20,60,1,256,128,1,[20; 20; 60; 1; 256; 128; 1],0.013693480752408504,0.3338397777807164,tvm
10,10,500,1,128,128,1,[10; 10; 500; 1; 128; 128; 1],0.015965468250215054,0.2863322578319615,tvm
8,2,5,1,64,64,1,[8; 2; 5; 1; 64; 64; 1],0.0291933374828659,0.1565915022258632,tvm
16,16,5,1,32,16,1,[16; 16; 5; 1; 32; 16; 1],0.04208713298430666,0.10861819865784524,tvm
16,16,500,1,64,64,0,[16; 16; 500; 1; 64; 64; 0],0.02956290973816067,0.15463391837670287,tvm
20,4,1,1,256,128,1,[20; 4; 1; 1; 256; 128; 1],0.039547148742713034,0.11559439091726946,tvm
320,4,125,1,128,128,1,[320; 4; 125; 1; 128; 128; 1],0.021907175017986447,0.20867266398681217,tvm
5,1,100,1,32,16,1,[5; 1; 100; 1; 32; 16; 1],0.017579044768353924,0.26004988505735704,tvm
40,20,375,1,128,128,1,[40; 20; 375; 1; 128; 128; 1],0.022653379128314555,0.2017989698373398,tvm
160,10,25,1,128,128,0,[160; 10; 25; 1; 128; 128; 0],0.022088433732278645,0.20696028640311306,tvm
320,1,300,1,128,128,0,[320; 1; 300; 1; 128; 128; 0],0.0663659879937768,0.06888209924422792,tvm
16,1,1500,1,256,64,0,[16; 1; 1500; 1; 256; 64; 0],0.04178077500546351,0.10941464275927824,tvm
20,4,3,1,128,16,1,[20; 4; 3; 1; 128; 16; 1],0.05770629597827792,0.07921888753957403,tvm
40,2,1500,1,256,128,0,[40; 2; 1500; 1; 256; 128; 0],0.05128140200395137,0.08914398578799251,tvm
40,2,15,1,128,64,1,[40; 2; 15; 1; 128; 64; 1],0.023564055241877213,0.19400007870056207,tvm
160,40,1,1,64,64,1,[160; 40; 1; 1; 64; 64; 1],0.01843920350074768,0.24791898257661768,tvm
64,4,500,1,256,128,0,[64; 4; 500; 1; 256; 128; 0],0.04648883128538728,0.09833391042604028,tvm
20,1,250,1,80,16,1,[20; 1; 250; 1; 80; 16; 1],0.013586022105300799,0.33648028363246646,tvm
10,1,4,1,128,16,1,[10; 1; 4; 1; 128; 16; 1],0.038455213711131364,0.11887669135759639,tvm
80,40,125,1,64,64,1,[80; 40; 125; 1; 64; 64; 1],0.0388812412857078,0.11757414167507468,tvm
4,4,3,1,128,64,1,[4; 4; 3; 1; 128; 64; 1],0.0545498535502702,0.08380276524877908,tvm
8,2,15,1,16,16,1,[8; 2; 15; 1; 16; 16; 1],0.051477844594046474,0.08880380690914295,tvm
10,1,3,1,128,16,1,[10; 1; 3; 1; 128; 16; 1],0.019748040998820215,0.23148769904324573,tvm
320,1,250,1,128,128,1,[320; 1; 250; 1; 128; 128; 1],0.022885074489749968,0.19975589651132997,tvm
160,16,6,1,64,64,0,[160; 16; 6; 1; 64; 64; 0],0.03312305029248819,0.13801351418608035,tvm
320,64,50,1,64,64,0,[320; 64; 50; 1; 64; 64; 0],0.02009517900296487,0.22748882061483985,tvm
64,2,375,1,128,128,1,[64; 2; 375; 1; 128; 128; 1],0.0220678711484652,0.20715312957346635,tvm
5,5,4,1,128,16,1,[5; 5; 4; 1; 128; 16; 1],0.03312000073492527,0.13802622191997624,tvm
32,16,20,1,32,16,1,[32; 16; 20; 1; 32; 16; 1],0.051217070082202554,0.08925595634602886,tvm
16,1,15,1,80,16,1,[16; 1; 15; 1; 80; 16; 1],0.03806429076939821,0.1200975633336579,tvm
256,64,3,1,128,128,0,[256; 64; 3; 1; 128; 128; 0],0.022814051393652335,0.20037776248283998,tvm
1,1,6,1,80,16,1,[1; 1; 6; 1; 80; 16; 1],0.03668770828517154,0.12460381923817941,tvm
4,4,3,1,16,16,1,[4; 4; 3; 1; 16; 16; 1],0.03145350026898086,0.1453392637491882,tvm
32,1,750,1,256,64,1,[32; 1; 750; 1; 256; 64; 1],0.035602491232566535,0.1284019295606754,tvm
80,10,300,1,64,64,0,[80; 10; 300; 1; 64; 64; 0],0.03566740750102326,0.12816823233641025,tvm
10,1,15,1,256,128,1,[10; 1; 15; 1; 256; 128; 1],0.032182526018004864,0.1420469160460256,tvm
64,4,25,1,64,64,1,[64; 4; 25; 1; 64; 64; 1],0.03450904099736363,0.1324704610533168,tvm
32,8,750,1,256,128,0,[32; 8; 750; 1; 256; 128; 0],0.05376880744006485,0.08502008486099052,tvm
16,4,150,1,64,16,1,[16; 4; 150; 1; 64; 16; 1],0.016437197744380683,0.2781148370008134,tvm
10,5,3,1,128,128,1,[10; 5; 3; 1; 128; 128; 1],0.01629839837551117,0.28048330063506605,tvm
20,2,3,1,64,64,1,[20; 2; 3; 1; 64; 64; 1],0.027382073225453496,0.16694968762186782,tvm
20,5,3,1,16,16,1,[20; 5; 3; 1; 16; 16; 1],0.03361487074289471,0.13599423321878606,tvm
8,2,75,1,128,128,1,[8; 2; 75; 1; 128; 128; 1],0.017346043867291883,0.26354300763925587,tvm
20,4,100,1,32,16,1,[20; 4; 100; 1; 32; 16; 1],0.02862605423433706,0.1596946800284171,tvm
80,16,20,1,64,64,1,[80; 16; 20; 1; 64; 64; 1],0.055278529529459774,0.0826980856824765,tvm
20,4,375,1,64,64,0,[20; 4; 375; 1; 64; 64; 0],0.04506897000828758,0.10143184036795044,tvm
32,4,30,1,256,128,1,[32; 4; 30; 1; 256; 128; 1],0.015333176124840975,0.29813970270794,tvm
40,40,2,1,64,64,1,[40; 40; 2; 1; 64; 64; 1],0.012694542878307402,0.36010974284393393,tvm
128,1,50,1,64,64,1,[128; 1; 50; 1; 64; 64; 1],0.032878511236049235,0.13904001122825432,tvm
16,2,100,1,64,16,1,[16; 2; 100; 1; 64; 16; 1],0.034926644002553076,0.1308865681768454,tvm
20,10,75,1,256,64,1,[20; 10; 75; 1; 256; 64; 1],0.01586690775002353,0.2881108684470541,tvm
32,4,5,1,256,64,1,[32; 4; 5; 1; 256; 64; 1],0.03338347905082628,0.13693685324014854,tvm
20,10,1,1,256,128,1,[20; 10; 1; 1; 256; 128; 1],0.013389439758611843,0.34142045177717856,tvm
32,1,500,1,256,128,1,[32; 1; 500; 1; 256; 128; 1],0.031221867015119642,0.1464175274724856,tvm
8,1,250,1,64,64,1,[8; 1; 250; 1; 64; 64; 1],0.01407635587383993,0.3247593775264165,tvm
8,2,50,1,64,16,1,[8; 2; 50; 1; 64; 16; 1],0.01665308649535291,0.2745093873561662,tvm
10,10,375,1,256,64,1,[10; 10; 375; 1; 256; 64; 1],0.017374491260852665,0.2631115065641482,tvm
8,2,500,1,128,64,1,[8; 2; 500; 1; 128; 64; 1],0.01628054800676182,0.28079082900218805,tvm
20,4,1,1,128,64,1,[20; 4; 1; 1; 128; 64; 1],0.03297005401691422,0.13865396062388458,tvm
20,2,750,1,256,128,1,[20; 2; 750; 1; 256; 128; 1],0.03287443279987201,0.13905726067603422,tvm
20,5,60,1,256,64,1,[20; 5; 60; 1; 256; 64; 1],0.037569865002296865,0.12167806754560054,tvm
20,1,3,1,128,128,1,[20; 1; 3; 1; 128; 128; 1],0.029666976013686508,0.15409149113544965,tvm
20,4,10,1,128,64,1,[20; 4; 10; 1; 128; 64; 1],0.016525609855307266,0.2766269209702079,tvm
10,2,75,1,256,64,1,[10; 2; 75; 1; 256; 64; 1],0.016426695481641218,0.27829264726662073,tvm
16,1,2,1,128,128,1,[16; 1; 2; 1; 128; 128; 1],0.016133261611685157,0.28335427029321414,tvm
20,5,12,1,128,64,1,[20; 5; 12; 1; 128; 64; 1],0.03130945551674813,0.14600792303728222,tvm
20,5,15,1,128,128,1,[20; 5; 15; 1; 128; 128; 1],0.014888213772792369,0.30705017010050456,tvm
20,2,125,1,128,64,1,[20; 2; 125; 1; 128; 64; 1],0.029319230234250426,0.15591911980309345,tvm
32,16,60,1,128,128,1,[32; 16; 60; 1; 128; 128; 1],0.04271508374949917,0.10702141187964243,tvm
32,4,12,1,256,128,1,[32; 4; 12; 1; 256; 128; 1],0.031201161036733538,0.1465146943104639,tvm
8,2,6,1,256,128,1,[8; 2; 6; 1; 256; 128; 1],0.01859285737737082,0.24587014672593638,tvm
128,16,100,1,64,64,0,[128; 16; 100; 1; 64; 64; 0],0.020033971348311752,0.22818384293106234,tvm
32,32,25,1,64,16,1,[32; 32; 25; 1; 64; 16; 1],0.04001832602079958,0.11423337820408994,tvm
8,8,1500,1,64,64,0,[8; 8; 1500; 1; 64; 64; 0],0.03271182847674936,0.139748488063815,tvm
32,16,4,1,128,128,0,[32; 16; 4; 1; 128; 128; 0],0.028646484774071723,0.15958078652520138,tvm
80,16,375,1,64,64,0,[80; 16; 375; 1; 64; 64; 0],0.03613909526029602,0.12649537954678522,tvm
16,4,100,1,16,16,1,[16; 4; 100; 1; 16; 16; 1],0.03151980525581166,0.14503352842212394,tvm
32,1,125,1,64,64,1,[32; 1; 125; 1; 64; 64; 1],0.019605079636676237,0.23317572058603445,tvm
128,64,60,1,128,128,0,[128; 64; 60; 1; 128; 128; 0],0.023463053250452504,0.19483519568538712,tvm
20,4,10,1,16,16,1,[20; 4; 10; 1; 16; 16; 1],0.017046425869921222,0.26817519439631937,tvm
32,32,50,1,128,128,0,[32; 32; 50; 1; 128; 128; 0],0.01817290362669155,0.25155190746261713,tvm
8,1,150,1,256,128,1,[8; 1; 150; 1; 256; 128; 1],0.017538764484925196,0.26064712684623687,tvm
8,1,6,1,32,16,1,[8; 1; 6; 1; 32; 16; 1],0.05141513503622264,0.08891211835207552,tvm
10,2,20,1,128,128,1,[10; 2; 20; 1; 128; 128; 1],0.03572985721984878,0.1279442160459862,tvm
32,16,75,1,128,128,0,[32; 16; 75; 1; 128; 128; 0],0.03481868898961693,0.1312923807324219,tvm
10,1,75,1,256,128,1,[10; 1; 75; 1; 256; 128; 1],0.05039220140315592,0.09071698485357847,tvm
128,64,300,1,128,64,0,[128; 64; 300; 1; 128; 64; 0],0.02211086213355884,0.20675035391271648,tvm
32,8,50,1,128,64,1,[32; 8; 50; 1; 128; 64; 1],0.0167800277704373,0.272432717869658,tvm
8,8,3,1,256,64,1,[8; 8; 3; 1; 256; 64; 1],0.038751344254706055,0.11796825785916851,tvm
160,16,3,1,64,64,0,[160; 16; 3; 1; 64; 64; 0],0.016624741751002148,0.2749774185907582,tvm
16,2,25,1,256,64,1,[16; 2; 25; 1; 256; 64; 1],0.028728748788125813,0.1591238311540403,tvm
10,1,100,1,80,16,1,[10; 1; 100; 1; 80; 16; 1],0.02897824050160125,0.15775383502583493,tvm
8,8,2,1,128,128,1,[8; 8; 2; 1; 128; 128; 1],0.034946829779073596,0.130810966268705,tvm
64,64,750,1,128,64,0,[64; 64; 750; 1; 128; 64; 0],0.0186828151345253,0.24468628193942277,tvm
5,5,3,1,128,64,1,[5; 5; 3; 1; 128; 64; 1],0.017399606615072116,0.26273171989237093,tvm
4,4,4,1,64,16,1,[4; 4; 4; 1; 64; 16; 1],0.014576155750546604,0.31362374618267536,tvm
10,2,2,1,128,128,1,[10; 2; 2; 1; 128; 128; 1],0.03217740525724366,0.14206952160629757,tvm
5,1,250,1,80,16,1,[5; 1; 250; 1; 80; 16; 1],0.031181049474980682,0.14660919527729924,tvm
40,40,12,1,256,64,1,[40; 40; 12; 1; 256; 64; 1],0.017760285874828696,0.25739611420937586,tvm
20,10,4,1,256,64,1,[20; 10; 4; 1; 256; 64; 1],0.03669342625653371,0.12458440210702791,tvm
8,8,10,1,80,16,1,[8; 8; 10; 1; 80; 16; 1],0.03903894225368276,0.11709919141052863,tvm
32,16,250,1,64,64,0,[32; 16; 250; 1; 64; 64; 0],0.03164321248186752,0.14446790363172302,tvm
20,10,375,1,128,64,0,[20; 10; 375; 1; 128; 64; 0],0.020270466367946938,0.22552162779329193,tvm
160,32,30,1,64,64,1,[160; 32; 30; 1; 64; 64; 1],0.01639348512981087,0.27885641980518344,tvm
20,20,4,1,128,64,1,[20; 20; 4; 1; 128; 64; 1],0.018746229994576424,0.24385855570699586,tvm
8,8,4,1,16,16,1,[8; 8; 4; 1; 16; 16; 1],0.03244578477460891,0.14089437513023367,tvm
40,40,1,1,256,128,1,[40; 40; 1; 1; 256; 128; 1],0.04839764325879514,0.0944556028685926,tvm
8,2,25,1,64,64,1,[8; 2; 25; 1; 64; 64; 1],0.014403765497263521,0.31737732555400655,tvm
32,2,50,1,64,64,1,[32; 2; 50; 1; 64; 64; 1],0.02916345850098878,0.15675193568943746,tvm
20,1,4,1,256,64,1,[20; 1; 4; 1; 256; 64; 1],0.03412929002661258,0.1339444379846157,tvm
10,2,50,1,80,16,1,[10; 2; 50; 1; 80; 16; 1],0.014000219758599997,0.32652548676033843,tvm
8,8,50,1,64,64,1,[8; 8; 50; 1; 64; 64; 1],0.013981048366986215,0.326973232009067,tvm
16,1,4,1,64,64,1,[16; 1; 4; 1; 64; 64; 1],0.02665926975896582,0.17147613617177745,tvm
32,32,12,1,256,64,1,[32; 32; 12; 1; 256; 64; 1],0.032661566976457834,0.1399635410855706,tvm
10,10,1,1,128,128,1,[10; 10; 1; 1; 128; 128; 1],0.030903878738172352,0.14792410396634,tvm
16,16,20,1,256,128,1,[16; 16; 20; 1; 256; 128; 1],0.026892067748121917,0.16999170960915902,tvm
10,5,100,1,128,128,1,[10; 5; 100; 1; 128; 128; 1],0.02859297499526292,0.159879430950642,tvm
16,2,100,1,256,128,1,[16; 2; 100; 1; 256; 128; 1],0.013846688612829894,0.33014597924826833,tvm
32,2,60,1,256,128,1,[32; 2; 60; 1; 256; 128; 1],0.01557917837635614,0.29343194236522996,tvm
8,4,4,1,64,64,1,[8; 4; 4; 1; 64; 64; 1],0.028848962276242673,0.15846076290907615,tvm
20,4,375,1,256,64,1,[20; 4; 375; 1; 256; 64; 1],0.026996116270311177,0.16933652698984608,tvm
16,16,250,1,256,128,1,[16; 16; 250; 1; 256; 128; 1],0.02822254248894751,0.1619779144001229,tvm
20,4,500,1,256,64,1,[20; 4; 500; 1; 256; 64; 1],0.033725413493812084,0.13554848103692885,tvm
16,2,375,1,256,128,1,[16; 2; 375; 1; 256; 128; 1],0.027254429238382727,0.16773158342243236,tvm
20,5,5,1,256,128,1,[20; 5; 5; 1; 256; 128; 1],0.028136981010902673,0.16247047150002372,tvm
16,2,12,1,64,64,1,[16; 2; 12; 1; 64; 64; 1],0.02486500149825588,0.18384992141461276,tvm
32,32,50,1,64,64,1,[32; 32; 50; 1; 64; 64; 1],0.012271926505491138,0.3725110779781041,tvm
16,4,12,1,64,64,1,[16; 4; 12; 1; 64; 64; 1],0.012574537890031934,0.36354644690779664,tvm
10,2,250,1,256,64,1,[10; 2; 250; 1; 256; 64; 1],0.050584722543135285,0.0903717237458476,tvm
8,4,125,1,64,64,1,[8; 4; 125; 1; 64; 64; 1],0.027012302016373724,0.16923506070151162,tvm
10,5,50,1,64,64,1,[10; 5; 50; 1; 64; 64; 1],0.029825648991391063,0.15327172168988104,tvm
32,32,500,1,256,128,1,[32; 32; 500; 1; 256; 128; 1],0.012851941864937544,0.3556994436693079,tvm
64,64,20,1,128,128,1,[64; 64; 20; 1; 128; 128; 1],0.03684235527180135,0.1240807906471572,tvm
20,20,750,1,64,64,1,[20; 20; 750; 1; 64; 64; 1],0.05049439298454672,0.09053338997119165,tvm
80,40,150,1,128,128,1,[80; 40; 150; 1; 128; 128; 1],0.02178040612488985,0.20988720528055307,tvm
80,40,1,1,128,128,1,[80; 40; 1; 1; 128; 128; 1],0.02176653250353411,0.21002098385153148,tvm
160,32,375,1,256,128,0,[160; 32; 375; 1; 256; 128; 0],0.037683738744817674,0.12131037746506089,tvm
2,2,1,1,32,16,1,[2; 2; 1; 1; 32; 16; 1],0.04443673975765705,0.1028749767953184,tvm
128,32,500,1,128,128,0,[128; 32; 500; 1; 128; 128; 0],0.048035515763331205,0.09516767955509818,tvm
20,5,750,1,128,64,0,[20; 5; 750; 1; 128; 64; 0],0.021002533263526857,0.21766081805795046,tvm
80,20,1,1,64,64,1,[80; 20; 1; 1; 64; 64; 1],0.017513855738798156,0.26101782723387185,tvm
32,2,1500,1,64,64,1,[32; 2; 1500; 1; 64; 64; 1],0.02860687399515882,0.1598017515720942,tvm
320,32,75,1,128,128,1,[320; 32; 75; 1; 128; 128; 1],0.02068093602429144,0.22104553517592518,tvm
64,64,30,1,128,128,0,[64; 64; 30; 1; 128; 128; 0],0.022704971866915002,0.20134041998483684,tvm
20,1,50,1,80,16,1,[20; 1; 50; 1; 80; 16; 1],0.028386938269250095,0.16103986023672487,tvm
64,2,50,1,64,64,1,[64; 2; 50; 1; 64; 64; 1],0.028668038721662015,0.15946080636392923,tvm
64,2,50,1,128,128,1,[64; 2; 50; 1; 128; 128; 1],0.02210212536738254,0.20683208041951062,tvm
320,1,300,1,64,64,1,[320; 1; 300; 1; 64; 64; 1],0.032175652973819524,0.14207725870080157,tvm
320,5,60,1,64,64,1,[320; 5; 60; 1; 64; 64; 1],0.034795156214386225,0.13138117682996614,tvm
256,16,25,1,64,64,0,[256; 16; 25; 1; 64; 64; 0],0.03464930277550593,0.13193421527258486,tvm
16,4,20,1,16,16,1,[16; 4; 20; 1; 16; 16; 1],0.01627078786259517,0.2809592633149502,tvm
160,10,15,1,64,64,0,[160; 10; 15; 1; 64; 64; 0],0.03320997522678226,0.1376522728551129,tvm
160,8,2,1,64,64,1,[160; 8; 2; 1; 64; 64; 1],0.031512127025052905,0.14506886722670848,tvm
160,8,15,1,64,64,1,[160; 8; 15; 1; 64; 64; 1],0.03264961123932153,0.1400147933744147,tvm
64,16,20,1,64,64,1,[64; 16; 20; 1; 64; 64; 1],0.017157277645310387,0.26644253627719805,tvm
64,64,6,1,128,64,1,[64; 64; 6; 1; 128; 64; 1],0.04321729898219928,0.10577774824177447,tvm
8,1,15,1,128,128,1,[8; 1; 15; 1; 128; 128; 1],0.017168156744446605,0.26627369725682953,tvm
5,5,6,1,64,16,1,[5; 5; 6; 1; 64; 16; 1],0.015363002399681136,0.29756088377122514,tvm
32,1,250,1,64,64,1,[32; 1; 250; 1; 64; 64; 1],0.013920648256316781,0.3283919317014703,tvm
160,20,2,1,64,64,0,[160; 20; 2; 1; 64; 64; 0],0.035360739508178085,0.1292797785060833,tvm
20,2,75,1,80,16,1,[20; 2; 75; 1; 80; 16; 1],0.013393448229180649,0.34131826944077653,tvm
320,8,50,1,64,64,1,[320; 8; 50; 1; 64; 64; 1],0.030731510021723807,0.1487537894557434,tvm
32,2,4,1,128,64,1,[32; 2; 4; 1; 128; 64; 1],0.03300216724164784,0.13851904143008986,tvm
16,1,10,1,128,64,1,[16; 1; 10; 1; 128; 64; 1],0.042543178773485124,0.10745385519423616,tvm
5,1,250,1,80,16,1,[5; 1; 250; 1; 80; 16; 1],0.035539812757633626,0.12862838086975206,tvm
20,5,50,1,32,16,1,[20; 5; 50; 1; 32; 16; 1],0.028758952277712524,0.15895671467041989,tvm
4,4,250,1,80,16,1,[4; 4; 250; 1; 80; 16; 1],0.01796519022900611,0.2544603487720195,tvm
8,4,60,1,128,128,1,[8; 4; 60; 1; 128; 128; 1],0.03161212702980265,0.1446099646227162,tvm
20,4,150,1,80,16,1,[20; 4; 150; 1; 80; 16; 1],0.02744477620581165,0.1665682582778917,tvm
32,2,60,1,64,64,1,[32; 2; 60; 1; 64; 64; 1],0.013673328008735552,0.33433181508612964,tvm
20,10,15,1,80,16,1,[20; 10; 15; 1; 80; 16; 1],0.026556620257906616,0.1721389441515072,tvm
32,16,150,1,256,128,1,[32; 16; 150; 1; 256; 128; 1],0.015553314762655646,0.2939198904663603,tvm
32,8,125,1,64,64,1,[32; 8; 125; 1; 64; 64; 1],0.0384706737822853,0.11882891880967238,tvm
32,32,3,1,128,128,1,[32; 32; 3; 1; 128; 128; 1],0.011976224996033125,0.3817086413241871,tvm
20,20,20,1,80,16,1,[20; 20; 20; 1; 80; 16; 1],0.013109512510709465,0.34871079818521594,tvm
40,40,12,1,256,64,1,[40; 40; 12; 1; 256; 64; 1],0.017356461990857497,0.2633848173571646,tvm
20,20,1500,1,64,64,0,[20; 20; 1500; 1; 64; 64; 0],0.0526072479551658,0.0868973145168997,tvm
20,2,10,1,256,64,1,[20; 2; 10; 1; 256; 64; 1],0.016355861123884097,0.2794978837740935,tvm
16,4,6,1,64,16,1,[16; 4; 6; 1; 64; 16; 1],0.018539088749093935,0.2465832400555282,tvm
8,4,375,1,32,16,1,[8; 4; 375; 1; 32; 16; 1],0.03256499400595203,0.14037860933102073,tvm
16,8,4,1,64,16,1,[16; 8; 4; 1; 64; 16; 1],0.04198408703086898,0.10888479170852065,tvm
20,4,30,1,128,128,1,[20; 4; 30; 1; 128; 128; 1],0.029668235511053354,0.15408494953214916,tvm
10,5,100,1,128,128,1,[10; 5; 100; 1; 128; 128; 1],0.01615535860764794,0.28296670364621057,tvm
32,8,10,1,256,128,1,[32; 8; 10; 1; 256; 128; 1],0.030802135006524622,0.14841271783466423,tvm
16,16,100,1,64,16,1,[16; 16; 100; 1; 64; 16; 1],0.015795722749317065,0.28940926882413276,tvm
16,8,6,1,32,16,1,[16; 8; 6; 1; 32; 16; 1],0.029767270025331527,0.15357231508090433,tvm
8,4,150,1,80,16,1,[8; 4; 150; 1; 80; 16; 1],0.028066540719009936,0.16287823345227107,tvm
20,5,75,1,256,64,1,[20; 5; 75; 1; 256; 64; 1],0.0316682152915746,0.1443538427833289,tvm
20,10,75,1,64,64,1,[20; 10; 75; 1; 64; 64; 1],0.030237404978834093,0.15118455352331095,tvm
16,8,6,1,64,64,1,[16; 8; 6; 1; 64; 64; 1],0.026017959520686418,0.17570280896908577,tvm
20,4,75,1,64,64,1,[20; 4; 75; 1; 64; 64; 1],0.012734563264530152,0.3589780408222925,tvm
8,2,25,1,64,64,1,[8; 2; 25; 1; 64; 64; 1],0.014467899251030758,0.3159704454745137,tvm
20,5,1500,1,128,128,1,[20; 5; 1500; 1; 128; 128; 1],0.02823173673823476,0.16192516294037987,tvm
20,5,12,1,256,128,1,[20; 5; 12; 1; 256; 128; 1],0.01468889947864227,0.31121654675869015,tvm
10,2,500,1,128,64,1,[10; 2; 500; 1; 128; 64; 1],0.03190773050300777,0.14327025142065958,tvm
20,4,12,1,128,128,1,[20; 4; 12; 1; 128; 128; 1],0.015059005236253142,0.3035677655801119,tvm
16,16,30,1,80,16,1,[16; 16; 30; 1; 80; 16; 1],0.0377671635360457,0.12104241206956179,tvm
20,20,1500,1,128,64,1,[20; 20; 1500; 1; 128; 64; 1],0.017050390364602208,0.2681128392766405,tvm
160,32,25,1,64,64,0,[160; 32; 25; 1; 64; 64; 0],0.01694178397883661,0.2698315937175874,tvm
10,1,750,1,256,64,1,[10; 1; 750; 1; 256; 64; 1],0.019515250489348546,0.23424903379660253,tvm
40,40,20,1,256,128,0,[40; 40; 20; 1; 256; 128; 0],0.02218650237773545,0.2060454817797726,tvm
20,20,75,1,128,128,0,[20; 20; 75; 1; 128; 128; 0],0.02992416376946494,0.15276712848675575,tvm
16,1,30,1,80,16,1,[16; 1; 30; 1; 80; 16; 1],0.03414731449447572,0.13387373616651838,tvm
160,10,300,1,256,64,0,[160; 10; 300; 1; 256; 64; 0],0.02488253961200826,0.1837203373413866,tvm
160,8,1,1,64,64,1,[160; 8; 1; 1; 64; 64; 1],0.03497731976676732,0.13069693738432128,tvm
160,32,2,1,64,64,0,[160; 32; 2; 1; 64; 64; 0],0.03451008629053831,0.13246644858960924,tvm
8,2,2,1,256,128,1,[8; 2; 2; 1; 256; 128; 1],0.025694056297652423,0.17791774558562976,tvm
2,2,10,1,64,16,1,[2; 2; 10; 1; 64; 16; 1],0.024192127486458048,0.18896347888326506,tvm
2,2,20,1,64,16,1,[2; 2; 20; 1; 64; 16; 1],0.027506173471920192,0.16619645680978987,tvm
32,16,1500,1,128,64,0,[32; 16; 1500; 1; 128; 64; 0],0.04209931648802012,0.10858676465042913,tvm
16,1,750,1,80,16,1,[16; 1; 750; 1; 80; 16; 1],0.0443918610108085,0.10297898009537207,tvm
5,1,4,1,128,64,1,[5; 1; 4; 1; 128; 64; 1],0.0402913200086914,0.11345938952713515,tvm
8,1,300,1,256,64,1,[8; 1; 300; 1; 256; 64; 1],0.035112972487695515,0.13019201302397618,tvm
128,64,50,1,256,128,1,[128; 64; 50; 1; 256; 128; 1],0.023235279513755813,0.1967451507834103,tvm
128,8,20,1,64,64,0,[128; 8; 20; 1; 64; 64; 0],0.01791451111785136,0.25518020231505273,tvm
20,4,500,1,64,16,1,[20; 4; 500; 1; 64; 16; 1],0.017588163900654763,0.25991505408125,tvm
20,1,375,1,32,16,1,[20; 1; 375; 1; 32; 16; 1],0.02777113375486806,0.1646108009770122,tvm
10,1,5,1,128,128,1,[10; 1; 5; 1; 128; 128; 1],0.03120345325442031,0.14650393128462405,tvm
32,4,4,1,256,64,1,[32; 4; 4; 1; 256; 64; 1],0.01689494089805521,0.270579731471851,tvm
64,8,30,1,64,64,1,[64; 8; 30; 1; 64; 64; 1],0.034139367984607816,0.1339048975215259,tvm
5,5,125,1,80,16,1,[5; 5; 125; 1; 80; 16; 1],0.052579651470296085,0.08694292266298335,tvm
320,32,75,1,128,128,1,[320; 32; 75; 1; 128; 128; 1],0.04142497823340818,0.11035439887671038,tvm
10,2,500,1,64,16,1,[10; 2; 500; 1; 64; 16; 1],0.018432071985444054,0.2480149044035127,tvm
32,1,375,1,128,64,1,[32; 1; 375; 1; 128; 64; 1],0.01703389998874627,0.2683723970698878,tvm
80,20,20,1,64,64,1,[80; 20; 20; 1; 64; 64; 1],0.035084537987131625,0.1302975280194737,tvm
16,16,3,1,16,16,1,[16; 16; 3; 1; 16; 16; 1],0.04011827730573714,0.11394877543196083,tvm
10,1,1500,1,128,128,1,[10; 1; 1500; 1; 128; 128; 1],0.0161054243799299,0.28384403065623964,tvm
40,40,250,1,256,64,0,[40; 40; 250; 1; 256; 64; 0],0.03619217895902693,0.1263098465722076,tvm
20,5,30,1,256,64,1,[20; 5; 30; 1; 256; 64; 1],0.03194552526110783,0.14310074835407605,tvm
16,1,100,1,128,128,1,[16; 1; 100; 1; 128; 128; 1],0.015912830363959074,0.28727941333317975,tvm
32,1,20,1,128,64,1,[32; 1; 20; 1; 128; 64; 1],0.016890685248654336,0.2706479046960379,tvm
320,16,30,1,64,64,1,[320; 16; 30; 1; 64; 64; 1],0.018208524881629273,0.25105979760286473,tvm
20,4,5,1,32,16,1,[20; 4; 5; 1; 32; 16; 1],0.03209363901987672,0.1424403312007506,tvm
16,8,50,1,16,16,1,[16; 8; 50; 1; 16; 16; 1],0.031405579997226596,0.14556102997722925,tvm
20,2,25,1,64,16,1,[20; 2; 25; 1; 64; 16; 1],0.030520906730089337,0.1497802346390248,tvm
10,2,10,1,128,128,1,[10; 2; 10; 1; 128; 128; 1],0.03323389426805079,0.13755320199785578,tvm
16,8,20,1,64,16,1,[16; 8; 20; 1; 64; 16; 1],0.05591169651597738,0.08176157863716826,tvm
5,5,6,1,128,128,1,[5; 5; 6; 1; 128; 128; 1],0.03714149497682229,0.12308143692873208,tvm
10,2,1500,1,256,128,1,[10; 2; 1500; 1; 256; 128; 1],0.019328112626681104,0.23651707022433402,tvm
32,8,6,1,64,64,1,[32; 8; 6; 1; 64; 64; 1],0.013571976858656853,0.33682849735428905,tvm
20,4,6,1,80,16,1,[20; 4; 6; 1; 80; 16; 1],0.028950188774615526,0.15790669301047702,tvm
4,4,60,1,80,16,1,[4; 4; 60; 1; 80; 16; 1],0.04145256627816707,0.11028095439862617,tvm
128,8,3,1,64,64,0,[128; 8; 3; 1; 64; 64; 0],0.030987126752734184,0.14752670061690074,tvm
10,2,750,1,256,128,1,[10; 2; 750; 1; 256; 128; 1],0.03499203245155513,0.13064198479346706,tvm
10,5,1,1,256,64,1,[10; 5; 1; 1; 256; 64; 1],0.03387629351345822,0.13494476807542286,tvm
10,2,125,1,32,16,1,[10; 2; 125; 1; 32; 16; 1],0.031050220015458763,0.1472269300878585,tvm
16,2,60,1,64,16,1,[16; 2; 60; 1; 64; 16; 1],0.015579580125631765,0.29342437566129187,tvm
32,16,100,1,128,64,1,[32; 16; 100; 1; 128; 64; 1],0.032360750483348966,0.1412646030499439,tvm
32,1,300,1,256,128,1,[32; 1; 300; 1; 256; 128; 1],0.029729603498708457,0.15376688665313576,tvm
20,2,15,1,256,64,1,[20; 2; 15; 1; 256; 64; 1],0.01628981501562521,0.28063109170016065,tvm
20,2,12,1,128,64,1,[20; 2; 12; 1; 128; 64; 1],0.01623344750260003,0.2816055289978539,tvm
20,2,500,1,128,64,1,[20; 2; 500; 1; 128; 64; 1],0.032903877494391054,0.1389328224981338,tvm
20,20,10,1,80,16,1,[20; 20; 10; 1; 80; 16; 1],0.027218587521929294,0.16795245409944556,tvm
4,2,4,1,80,16,1,[4; 2; 4; 1; 80; 16; 1],0.03314971219515428,0.13790251162713893,tvm
10,10,12,1,128,64,1,[10; 10; 12; 1; 128; 64; 1],0.014852608379442245,0.30778624566415996,tvm
20,5,1500,1,128,128,1,[20; 5; 1500; 1; 128; 128; 1],0.014301057351985946,0.31965668404187964,tvm
10,5,10,1,128,64,1,[10; 5; 10; 1; 128; 64; 1],0.014966372749768198,0.3054466601801946,tvm
20,20,375,1,128,64,1,[20; 20; 375; 1; 128; 64; 1],0.044576401240192354,0.10255266114454163,tvm
16,2,300,1,128,128,1,[16; 2; 300; 1; 128; 128; 1],0.029281051771249622,0.1561224168838481,tvm
32,4,10,1,128,128,1,[32; 4; 10; 1; 128; 128; 1],0.02959710150025785,0.1544552790545637,tvm
20,20,500,1,128,128,1,[20; 20; 500; 1; 128; 128; 1],0.05328039498999715,0.08579944972793109,tvm
32,32,1500,1,128,64,1,[32; 32; 1500; 1; 128; 64; 1],0.01657808813615702,0.2757512527309001,tvm
5,1,6,1,128,64,1,[5; 1; 6; 1; 128; 64; 1],0.01690249374951236,0.27045882336507054,tvm
128,16,60,1,256,64,0,[128; 16; 60; 1; 256; 64; 0],0.024892705987440422,0.18364530452153652,tvm
5,1,4,1,128,64,1,[5; 1; 4; 1; 128; 64; 1],0.01955483850906603,0.23377480562210537,tvm
80,2,12,1,128,128,0,[80; 2; 12; 1; 128; 128; 0],0.024426629242952913,0.18714938217467847,tvm
80,10,20,1,256,64,0,[80; 10; 20; 1; 256; 64; 0],0.03748111973982304,0.12196616865134656,tvm
8,8,375,1,128,128,0,[8; 8; 375; 1; 128; 128; 0],0.023534608888439834,0.19424281036911775,tvm
32,8,50,1,80,16,1,[32; 8; 50; 1; 80; 16; 1],0.03301959572127089,0.13844592798826133,tvm
20,10,15,1,64,64,0,[20; 10; 15; 1; 64; 64; 0],0.04086314723826945,0.11187167118511382,tvm
160,40,2,1,128,128,0,[160; 40; 2; 1; 128; 128; 0],0.02337595314020291,0.19556116253358002,tvm
64,8,50,1,128,64,1,[64; 8; 50; 1; 128; 64; 1],0.040742390032391995,0.11220324992701912,tvm
256,64,375,1,256,64,0,[256; 64; 375; 1; 256; 64; 0],0.02138176400330849,0.21380034737644732,tvm
64,32,15,1,256,64,1,[64; 32; 15; 1; 256; 64; 1],0.022741881606634706,0.20101364744133157,tvm
40,4,10,1,64,64,1,[40; 4; 10; 1; 64; 64; 1],0.03445822070352733,0.13266583352519462,tvm
256,16,375,1,128,128,0,[256; 16; 375; 1; 128; 128; 0],0.04463036428205669,0.1024286636456266,tvm
40,1,25,1,128,128,1,[40; 1; 25; 1; 128; 128; 1],0.022623160621151328,0.20206851942493634,tvm
320,64,60,1,256,128,0,[320; 64; 60; 1; 256; 128; 0],0.04569261323194951,0.1000474310414819,tvm
16,4,500,1,256,128,0,[16; 4; 500; 1; 256; 128; 0],0.020117959124036133,0.22723122873665708,tvm
16,8,250,1,128,128,0,[16; 8; 250; 1; 128; 128; 0],0.01977105435798876,0.23121824909562422,tvm
160,10,20,1,128,64,0,[160; 10; 20; 1; 128; 64; 0],0.022246876877034083,0.20548630698575732,tvm
64,64,30,1,128,64,0,[64; 64; 30; 1; 128; 64; 0],0.020523443614365533,0.22274179018518936,tvm
4,1,250,1,80,16,1,[4; 1; 250; 1; 80; 16; 1],0.03659637476084754,0.1249147928258537,tvm
64,16,4,1,64,64,1,[64; 16; 4; 1; 64; 64; 1],0.03408569796010852,0.134115739005217,tvm
4,4,15,1,32,16,1,[4; 4; 15; 1; 32; 16; 1],0.05592711642384529,0.08173903579765969,tvm
10,10,1,1,64,64,0,[10; 10; 1; 1; 64; 64; 0],0.030714099295437336,0.14883811266793912,tvm
8,1,500,1,32,16,1,[8; 1; 500; 1; 32; 16; 1],0.016158473765244707,0.2829121511006359,tvm
160,40,60,1,128,128,0,[160; 40; 60; 1; 128; 128; 0],0.04076214652741328,0.11214886753704699,tvm
20,10,12,1,80,16,1,[20; 10; 12; 1; 80; 16; 1],0.01348821001010947,0.3389203287910158,tvm
320,64,25,1,64,64,1,[320; 64; 25; 1; 64; 64; 1],0.02755391923710704,0.16590846957525374,tvm
64,64,10,1,64,64,0,[64; 64; 10; 1; 64; 64; 0],0.042096098768524826,0.10859506474853248,tvm
256,64,60,1,128,128,0,[256; 64; 60; 1; 128; 128; 0],0.052938190987333655,0.08635407606811427,tvm
8,8,10,1,64,16,1,[8; 8; 10; 1; 64; 16; 1],0.03280774026643485,0.13933994034040614,tvm
64,64,375,1,256,64,0,[64; 64; 375; 1; 256; 64; 0],0.017619021236896515,0.2594598479656411,tvm
10,10,25,1,256,128,1,[10; 10; 25; 1; 256; 128; 1],0.01627368462504819,0.28090925176172477,tvm
4,4,6,1,32,16,1,[4; 4; 6; 1; 32; 16; 1],0.017005898611387238,0.2688142906113482,tvm
32,2,375,1,256,64,1,[32; 2; 375; 1; 256; 64; 1],0.03114425326930359,0.14678241060716857,tvm
10,2,1,1,32,16,1,[10; 2; 1; 1; 32; 16; 1],0.025094531010836363,0.18216832063745403,tvm
16,16,5,1,32,16,1,[16; 16; 5; 1; 32; 16; 1],0.02788966504158452,0.1639112038316847,tvm
16,1,10,1,256,128,1,[16; 1; 10; 1; 256; 128; 1],0.030395962530747056,0.1503959141548599,tvm
32,16,150,1,128,64,1,[32; 16; 150; 1; 128; 64; 1],0.017318042751867324,0.26396912381658466,tvm
5,1,25,1,64,64,1,[5; 1; 25; 1; 64; 64; 1],0.043512480275239795,0.10506016992163701,tvm
32,1,10,1,256,64,1,[32; 1; 10; 1; 256; 64; 1],0.017933255759999156,0.25491347653811564,tvm
80,16,1,1,64,64,0,[80; 16; 1; 1; 64; 64; 0],0.01739968138281256,0.26273059091439677,tvm
16,16,125,1,32,16,1,[16; 16; 125; 1; 32; 16; 1],0.027785296028014272,0.1645268982133381,tvm
10,10,4,1,128,64,1,[10; 10; 4; 1; 128; 64; 1],0.015727988618891686,0.2906556383145901,tvm
32,4,4,1,64,64,1,[32; 4; 4; 1; 64; 64; 1],0.026343475037720054,0.1735317214180341,tvm
20,20,10,1,80,16,1,[20; 20; 10; 1; 80; 16; 1],0.040096707991324365,0.11401007215898326,tvm
8,2,500,1,32,16,1,[8; 2; 500; 1; 32; 16; 1],0.06988911295775324,0.06540973805450816,tvm
20,10,375,1,128,64,0,[20; 10; 375; 1; 128; 64; 0],0.07685117796063423,0.05948417048038238,tvm
16,4,5,1,80,16,1,[16; 4; 5; 1; 80; 16; 1],0.014910344500094652,0.30659442988722035,tvm
16,16,125,1,64,16,1,[16; 16; 125; 1; 64; 16; 1],0.015528084622928873,0.2943974535454534,tvm
16,1,30,1,64,64,1,[16; 1; 30; 1; 64; 64; 1],0.025443232792895287,0.1796716875028981,tvm
32,1,250,1,64,64,1,[32; 1; 250; 1; 64; 64; 1],0.026890898239798844,0.16999910269500793,tvm
20,2,30,1,256,128,1,[20; 2; 30; 1; 256; 128; 1],0.015880650869803503,0.28786153721954694,tvm
16,8,1,1,128,128,1,[16; 8; 1; 1; 128; 128; 1],0.030643628211691976,0.14918039534510336,tvm
16,4,300,1,256,128,1,[16; 4; 300; 1; 256; 128; 1],0.02685372729320079,0.17023441556234287,tvm
10,2,50,1,64,16,1,[10; 2; 50; 1; 64; 16; 1],0.03335733024869114,0.13704419800226497,tvm
16,16,12,1,128,64,1,[16; 16; 12; 1; 128; 64; 1],0.01548125350382179,0.29528801206569244,tvm
8,4,20,1,64,64,1,[8; 4; 20; 1; 64; 64; 1],0.013623607257613912,0.3355519933146714,tvm
8,8,50,1,64,64,1,[8; 8; 50; 1; 64; 64; 1],0.031279839284252375,0.1461461655824436,tvm
20,2,100,1,256,128,1,[20; 2; 100; 1; 256; 128; 1],0.032973115041386336,0.13864108882920903,tvm
40,40,60,1,128,64,1,[40; 40; 60; 1; 128; 64; 1],0.01539565486018546,0.29692979044695883,tvm
8,2,375,1,64,64,1,[8; 2; 375; 1; 64; 64; 1],0.025599385029636323,0.17857571836730624,tvm
32,32,15,1,128,128,1,[32; 32; 15; 1; 128; 128; 1],0.011818923318060115,0.3867889187878154,tvm
64,64,12,1,64,64,1,[64; 64; 12; 1; 64; 64; 1],0.012264165750821121,0.3727468027022141,tvm
32,8,300,1,128,128,0,[32; 8; 300; 1; 128; 128; 0],0.019165012519806623,0.23852990269138097,tvm
20,4,1,1,16,16,1,[20; 4; 1; 1; 16; 16; 1],0.01661020962637849,0.27521799388785173,tvm
320,20,10,1,128,128,0,[320; 20; 10; 1; 128; 128; 0],0.021402476617367938,0.21359343842099535,tvm
128,8,30,1,128,128,0,[128; 8; 30; 1; 128; 128; 0],0.02238100749673322,0.20425481614694188,tvm
256,64,20,1,64,64,0,[256; 64; 20; 1; 64; 64; 0],0.05228414002340287,0.08743432653539597,tvm
32,32,1,1,128,64,0,[32; 32; 1; 1; 128; 64; 0],0.04576182650635019,0.09989611255560817,tvm
80,20,4,1,64,64,0,[80; 20; 4; 1; 64; 64; 0],0.05438121652696282,0.0840626389658276,tvm
8,8,25,1,16,16,1,[8; 8; 25; 1; 16; 16; 1],0.05057734448928386,0.09038490687064737,tvm
160,10,20,1,128,128,0,[160; 10; 20; 1; 128; 128; 0],0.023441029887180775,0.19501824763802525,tvm
20,5,375,1,128,64,0,[20; 5; 375; 1; 128; 64; 0],0.020464279485167935,0.22338575735059932,tvm
128,64,30,1,128,64,0,[128; 64; 30; 1; 128; 64; 0],0.02351206526509486,0.19442905248375372,tvm
80,5,25,1,64,64,1,[80; 5; 25; 1; 64; 64; 1],0.033946551964618266,0.13466547578067045,tvm
5,5,6,1,256,128,1,[5; 5; 6; 1; 256; 128; 1],0.041519318998325616,0.11010365010112347,tvm
320,64,30,1,128,64,0,[320; 64; 30; 1; 128; 64; 0],0.0212886551162228,0.21473543286184207,tvm
20,2,75,1,32,16,1,[20; 2; 75; 1; 32; 16; 1],0.029204969527199864,0.15652913341241464,tvm
128,1,25,1,64,64,1,[128; 1; 25; 1; 64; 64; 1],0.035034836269915104,0.13048237292189432,tvm
16,8,30,1,16,16,1,[16; 8; 30; 1; 16; 16; 1],0.01617112325038761,0.28269084964886393,tvm
160,10,25,1,64,64,0,[160; 10; 25; 1; 64; 64; 0],0.03571263048797846,0.12800593260603976,tvm
8,8,60,1,32,16,1,[8; 8; 60; 1; 32; 16; 1],0.015991689113434404,0.2858627715310058,tvm
32,16,20,1,128,128,0,[32; 16; 20; 1; 128; 128; 0],0.036540286033414304,0.12510653494196033,tvm
20,1,500,1,80,16,1,[20; 1; 500; 1; 80; 16; 1],0.03600723500130698,0.12695861182516902,tvm
64,16,12,1,64,64,1,[64; 16; 12; 1; 64; 64; 1],0.03413479600567371,0.13392283260367904,tvm
20,4,150,1,64,16,1,[20; 4; 150; 1; 64; 16; 1],0.03342248598346487,0.1367770360855323,tvm
320,40,50,1,64,64,1,[320; 40; 50; 1; 64; 64; 1],0.03689843404572457,0.12389221086628374,tvm
8,2,15,1,32,16,1,[8; 2; 15; 1; 32; 16; 1],0.013896445132559165,0.32896388449142167,tvm
10,1,60,1,256,128,1,[10; 1; 60; 1; 256; 128; 1],0.016310783132212237,0.2802703300248311,tvm
8,2,20,1,256,128,1,[8; 2; 20; 1; 256; 128; 1],0.01733954911469482,0.26364172108456985,tvm
80,16,25,1,64,64,1,[80; 16; 25; 1; 64; 64; 1],0.033445591281633824,0.136682546077124,tvm
320,40,30,1,64,64,1,[320; 40; 30; 1; 64; 64; 1],0.03457424824591726,0.13222062093478473,tvm
40,40,250,1,128,64,0,[40; 40; 250; 1; 128; 64; 0],0.03847113449592143,0.11882749576603252,tvm
8,4,15,1,128,128,1,[8; 4; 15; 1; 128; 128; 1],0.03187591099413112,0.14341326816573954,tvm
8,2,4,1,128,64,1,[8; 2; 4; 1; 128; 64; 1],0.03300057875458151,0.13852570906181197,tvm
16,1,125,1,256,128,1,[16; 1; 125; 1; 256; 128; 1],0.01620235401787795,0.28214595029736916,tvm
10,10,60,1,80,16,1,[10; 10; 60; 1; 80; 16; 1],0.027273431711364537,0.1676147182286455,tvm
20,20,25,1,128,64,1,[20; 20; 25; 1; 128; 64; 1],0.030725534772500396,0.1487827178689185,tvm
32,2,2,1,128,64,1,[32; 2; 2; 1; 128; 64; 1],0.01677212049253285,0.2725611572766739,tvm
5,5,1500,1,128,128,1,[5; 5; 1500; 1; 128; 128; 1],0.03331927477847785,0.13720072245934437,tvm
10,2,250,1,256,64,1,[10; 2; 250; 1; 256; 64; 1],0.017533717502374202,0.26072215266440585,tvm
8,1,15,1,128,64,1,[8; 1; 15; 1; 128; 64; 1],0.030163705989252776,0.1515539427767051,tvm
20,2,20,1,128,64,1,[20; 2; 20; 1; 128; 64; 1],0.03202561178477481,0.14274289597183776,tvm
8,8,12,1,128,128,1,[8; 8; 12; 1; 128; 128; 1],0.016459446109365672,0.27773890695066344,tvm
16,8,10,1,256,128,1,[16; 8; 10; 1; 256; 128; 1],0.01573170712799765,0.2905869359398905,tvm
40,40,3,1,128,128,1,[40; 40; 3; 1; 128; 128; 1],0.011725527932867408,0.3898697438274454,tvm
32,16,12,1,256,64,1,[32; 16; 12; 1; 256; 64; 1],0.01740479824366048,0.2626533503824825,tvm
8,8,6,1,32,16,1,[8; 8; 6; 1; 32; 16; 1],0.03212516976054758,0.14230052651870098,tvm
32,16,100,1,256,128,1,[32; 16; 100; 1; 256; 128; 1],0.015330593625549227,0.29818992552317414,tvm
16,4,750,1,256,128,1,[16; 4; 750; 1; 256; 128; 1],0.02875493129249662,0.15897894260041062,tvm
20,1,50,1,128,128,1,[20; 1; 50; 1; 128; 128; 1],0.02969842351740226,0.15392832446981136,tvm
64,64,500,1,128,64,1,[64; 64; 500; 1; 128; 64; 1],0.016156897618202493,0.2829397499107974,tvm
32,2,2,1,128,128,1,[32; 2; 2; 1; 128; 128; 1],0.025292860518675297,0.1807398798587135,tvm
32,2,375,1,256,128,1,[32; 2; 375; 1; 256; 128; 1],0.015856603626161814,0.28829809202559437,tvm
32,4,250,1,256,128,1,[32; 4; 250; 1; 256; 128; 1],0.028881788486614823,0.15828066096208643,tvm
8,2,50,1,80,16,1,[8; 2; 50; 1; 80; 16; 1],0.02872963825939223,0.15911890467100087,tvm
8,8,50,1,64,64,1,[8; 8; 50; 1; 64; 64; 1],0.029516681213863194,0.15487610339069877,tvm
10,1,60,1,64,64,1,[10; 1; 60; 1; 64; 64; 1],0.026663614495191723,0.17144819477692877,tvm
32,32,75,1,256,64,1,[32; 32; 75; 1; 256; 64; 1],0.030894458992406726,0.14796920614638834,tvm
8,8,15,1,64,64,1,[8; 8; 15; 1; 64; 64; 1],0.01429872025619261,0.31970893125549044,tvm
32,8,10,1,64,64,1,[32; 8; 10; 1; 64; 64; 1],0.026538398291449994,0.17225713930525233,tvm
20,5,100,1,64,64,1,[20; 5; 100; 1; 64; 64; 1],0.019818619621219113,0.2306633185761384,tvm
16,4,25,1,64,64,1,[16; 4; 25; 1; 64; 64; 1],0.022314583242405206,0.20486282543432502,tvm
16,4,30,1,64,64,1,[16; 4; 30; 1; 64; 64; 1],0.013002951483940706,0.3515685325039099,tvm
20,20,4,1,128,128,1,[20; 20; 4; 1; 128; 128; 1],0.02657777426065877,0.1720019338938904,tvm
16,4,75,1,64,64,1,[16; 4; 75; 1; 64; 64; 1],0.044635159720201045,0.10241765908501113,tvm
40,40,50,1,128,128,1,[40; 40; 50; 1; 128; 128; 1],0.02320361672900617,0.1970136218339601,tvm
128,64,60,1,256,64,0,[128; 64; 60; 1; 256; 64; 0],0.023540788766695186,0.19419181815590197,tvm
128,2,50,1,128,128,1,[128; 2; 50; 1; 128; 128; 1],0.0308279077289626,0.14828864195456726,tvm
80,40,150,1,256,128,1,[80; 40; 150; 1; 256; 128; 1],0.02340084037859924,0.19535317952124823,tvm
160,40,1,1,128,64,1,[160; 40; 1; 1; 128; 64; 1],0.021220322261797264,0.21542691553080084,tvm
320,2,100,1,128,128,1,[320; 2; 100; 1; 128; 128; 1],0.045741091249510646,0.09994139725465073,tvm
160,10,1,1,128,128,0,[160; 10; 1; 1; 128; 128; 0],0.023449712112778798,0.19494604238392316,tvm
320,32,10,1,128,128,0,[320; 32; 10; 1; 128; 128; 0],0.021345990884583443,0.2141586490946251,tvm
320,32,1,1,128,64,1,[320; 32; 1; 1; 128; 64; 1],0.04808351048268378,0.09507268761241698,tvm
64,2,12,1,128,64,1,[64; 2; 12; 1; 128; 64; 1],0.023117631120840088,0.1977464104143231,tvm
256,1,30,1,64,64,1,[256; 1; 30; 1; 64; 64; 1],0.016106666502309963,0.2838221410229704,tvm
128,8,4,1,128,64,0,[128; 8; 4; 1; 128; 64; 0],0.055763588985428214,0.08197873656631298,tvm
128,4,20,1,64,64,1,[128; 4; 20; 1; 64; 64; 1],0.03294269525213167,0.13876911213367588,tvm
320,20,12,1,128,128,0,[320; 20; 12; 1; 128; 128; 0],0.04125329724047333,0.1108136531434286,tvm
20,4,500,1,128,64,0,[20; 4; 500; 1; 128; 64; 0],0.020845599385211244,0.21929945438132797,tvm
160,5,25,1,64,64,1,[160; 5; 25; 1; 64; 64; 1],0.03496993699809536,0.1307245298062034,tvm
10,1,500,1,32,16,1,[10; 1; 500; 1; 32; 16; 1],0.03141481021884829,0.14551826159643014,tvm
8,1,12,1,256,64,1,[8; 1; 12; 1; 256; 64; 1],0.01747657437226735,0.2615746355122506,tvm
20,5,250,1,256,128,0,[20; 5; 250; 1; 256; 128; 0],0.03564310946967453,0.128255605064928,tvm
16,16,3,1,256,64,1,[16; 16; 3; 1; 256; 64; 1],0.018149755749618635,0.25187273231071594,tvm
16,16,2,1,256,64,1,[16; 16; 2; 1; 256; 64; 1],0.021963046136079356,0.20814182800986555,tvm
5,5,300,1,128,128,1,[5; 5; 300; 1; 128; 128; 1],0.031149499758612365,0.1467576881444024,tvm
32,1,500,1,128,64,1,[32; 1; 500; 1; 128; 64; 1],0.01712511238292791,0.2669429822828986,tvm
20,2,60,1,64,16,1,[20; 2; 60; 1; 64; 16; 1],0.03285014652647078,0.13916006638645878,tvm
10,2,5,1,256,64,1,[10; 2; 5; 1; 256; 64; 1],0.05110328353475779,0.08945469361708087,tvm
32,4,4,1,64,64,1,[32; 4; 4; 1; 64; 64; 1],0.013382432633079588,0.3415992216638259,tvm
32,8,4,1,64,64,1,[32; 8; 4; 1; 64; 64; 1],0.02709969348507002,0.16868930912252197,tvm
20,10,25,1,80,16,1,[20; 10; 25; 1; 80; 16; 1],0.026182010245975107,0.1746018937614359,tvm
16,2,150,1,64,16,1,[16; 2; 150; 1; 64; 16; 1],0.027714790019672364,0.16494545216412265,tvm
20,1,1500,1,128,64,1,[20; 1; 1500; 1; 128; 64; 1],0.020218774501699954,0.22609820249215476,tvm
16,2,250,1,64,16,1,[16; 2; 250; 1; 64; 16; 1],0.03175248677143827,0.14397072595714377,tvm
10,1,1500,1,128,64,1,[10; 1; 1500; 1; 128; 64; 1],0.01811599388020113,0.2523421348924533,tvm
16,16,4,1,64,16,1,[16; 16; 4; 1; 64; 16; 1],0.035384345741476864,0.1291935310837196,tvm
32,1,100,1,256,128,1,[32; 1; 100; 1; 256; 128; 1],0.015791499114129692,0.2894866749755388,tvm
16,8,60,1,256,128,1,[16; 8; 60; 1; 256; 128; 1],0.013700927142053843,0.3336583374271772,tvm
16,4,12,1,64,16,1,[16; 4; 12; 1; 64; 16; 1],0.026093754975590855,0.17519243879253368,tvm
16,8,50,1,256,64,1,[16; 8; 50; 1; 256; 64; 1],0.02885187597712502,0.15844476023163945,tvm
10,10,4,1,80,16,1,[10; 10; 4; 1; 80; 16; 1],0.020343153650173917,0.2247158257780494,tvm
16,8,60,1,128,64,1,[16; 8; 60; 1; 128; 64; 1],0.01454681160976179,0.31425639473882144,tvm
20,1,50,1,128,64,1,[20; 1; 50; 1; 128; 64; 1],0.034360873978585005,0.13304168497802643,tvm
16,8,60,1,128,128,1,[16; 8; 60; 1; 128; 128; 1],0.02812937251292169,0.16251441689033805,tvm
8,4,75,1,64,16,1,[8; 4; 75; 1; 64; 16; 1],0.016459101752843708,0.27774471779049226,tvm
20,2,750,1,128,64,1,[20; 2; 750; 1; 128; 64; 1],0.02966216701315716,0.1541164733311911,tvm
16,8,150,1,128,128,1,[16; 8; 150; 1; 128; 128; 1],0.014631603000452742,0.31243525205591755,tvm
16,16,750,1,64,64,0,[16; 16; 750; 1; 64; 64; 0],0.029967788024805486,0.152544744631957,tvm
128,16,1,1,64,64,0,[128; 16; 1; 1; 64; 64; 0],0.0336255090078339,0.13595120806538702,tvm
20,5,375,1,256,128,1,[20; 5; 375; 1; 256; 128; 1],0.015380933851702139,0.29721398034116586,tvm
16,2,2,1,64,16,1,[16; 2; 2; 1; 64; 16; 1],0.0511278755730018,0.08941166673161217,tvm
20,1,1,1,128,64,1,[20; 1; 1; 1; 128; 64; 1],0.05174220853950828,0.08835008594459225,tvm
20,2,75,1,256,64,1,[20; 2; 75; 1; 256; 64; 1],0.015810312499525025,0.2891422020637421,tvm
16,16,30,1,128,128,1,[16; 16; 30; 1; 128; 128; 1],0.013526069873478264,0.3379716809235303,tvm
20,4,30,1,64,64,1,[20; 4; 30; 1; 64; 64; 1],0.01738929410930723,0.2628875296888456,tvm
16,2,4,1,80,16,1,[16; 2; 4; 1; 80; 16; 1],0.03506008576368913,0.1303884024197992,tvm
20,10,10,1,256,64,1,[20; 10; 10; 1; 256; 64; 1],0.03299437271198258,0.13855176491257748,tvm
20,5,6,1,128,64,1,[20; 5; 6; 1; 128; 64; 1],0.034556695725768805,0.1322877802815989,tvm
20,2,125,1,256,128,1,[20; 2; 125; 1; 256; 128; 1],0.04361221403814852,0.10481991506851376,tvm
8,4,1,1,80,16,1,[8; 4; 1; 1; 80; 16; 1],0.037070215737912804,0.12331810000105387,tvm
16,2,60,1,64,64,1,[16; 2; 60; 1; 64; 64; 1],0.012841573741752654,0.35598663087259974,tvm
10,5,50,1,64,64,1,[10; 5; 50; 1; 64; 64; 1],0.013159793248632923,0.34737844927035344,tvm
10,5,750,1,64,64,1,[10; 5; 750; 1; 64; 64; 1],0.027256077737547457,0.16772143869882855,tvm
16,16,75,1,80,16,1,[16; 16; 75; 1; 80; 16; 1],0.025924940244294703,0.17633323465170206,tvm
8,4,10,1,64,64,1,[8; 4; 10; 1; 64; 64; 1],0.022780230356147513,0.2006752565693401,tvm
32,32,15,1,64,64,1,[32; 32; 15; 1; 64; 64; 1],0.020634166605304927,0.22154655716762914,tvm
40,40,60,1,128,128,1,[40; 40; 60; 1; 128; 128; 1],0.012031158374156803,0.3799657879367711,tvm
32,32,75,1,128,128,1,[32; 32; 75; 1; 128; 128; 1],0.011736347878468223,0.38951031605116454,tvm
16,8,1500,1,128,64,0,[16; 8; 1500; 1; 128; 64; 0],0.026006572996266186,0.17577973737965785,tvm
4,4,60,1,32,16,1,[4; 4; 60; 1; 32; 16; 1],0.018790179514326155,0.24328817976130496,tvm
128,16,20,1,128,64,0,[128; 16; 20; 1; 128; 64; 0],0.05030794849153608,0.09086891253770125,tvm
64,64,150,1,128,64,0,[64; 64; 150; 1; 128; 64; 0],0.03554568748222664,0.12860712213582456,tvm
320,64,60,1,128,64,0,[320; 64; 60; 1; 128; 64; 0],0.04536890028975904,0.10076128233728567,tvm
256,64,4,1,128,128,0,[256; 64; 4; 1; 128; 128; 0],0.045062784221954644,0.10144576395706517,tvm
128,64,375,1,128,128,0,[128; 64; 375; 1; 128; 128; 0],0.043155801249668,0.10592848328737124,tvm
64,64,1,1,64,64,0,[64; 64; 1; 1; 64; 64; 0],0.03856310504488647,0.11854409975824161,tvm
320,64,30,1,128,128,0,[320; 64; 30; 1; 128; 128; 0],0.022622305114055052,0.20207616104463116,tvm
20,2,125,1,32,16,1,[20; 2; 125; 1; 32; 16; 1],0.014551077620126307,0.3141642626595301,tvm
320,64,500,1,128,64,0,[320; 64; 500; 1; 128; 64; 0],0.049201571266166866,0.09291224759263093,tvm
4,4,125,1,32,16,1,[4; 4; 125; 1; 32; 16; 1],0.03650836052838713,0.1252159369872019,tvm
80,10,2,1,64,64,0,[80; 10; 2; 1; 64; 64; 0],0.018132188357412815,0.25211675950628853,tvm
5,5,6,1,16,16,1,[5; 5; 6; 1; 16; 16; 1],0.03938372276024893,0.11607405930763458,tvm
40,40,375,1,256,64,0,[40; 40; 375; 1; 256; 64; 0],0.018293815141078085,0.24988929516203529,tvm
160,16,4,1,64,64,0,[160; 16; 4; 1; 64; 64; 0],0.035242304496932775,0.12971423511270197,tvm
64,2,25,1,128,128,1,[64; 2; 25; 1; 128; 128; 1],0.022122211114037782,0.20664428830659445,tvm
128,64,250,1,64,64,0,[128; 64; 250; 1; 64; 64; 0],0.01694582711206749,0.2697672141463758,tvm
20,20,300,1,128,64,0,[20; 20; 300; 1; 128; 64; 0],0.0504898865474388,0.09054147046128522,tvm
20,4,2,1,16,16,1,[20; 4; 2; 1; 16; 16; 1],0.031361883506178856,0.14576384006170798,tvm
8,1,500,1,256,128,1,[8; 1; 500; 1; 256; 128; 1],0.025688952999189496,0.1779530902475007,tvm
8,4,25,1,256,128,1,[8; 4; 25; 1; 256; 128; 1],0.0373015989898704,0.12255315308788736,tvm
2,2,5,1,64,16,1,[2; 2; 5; 1; 64; 16; 1],0.058923589531332254,0.07758231648460152,tvm
32,16,30,1,128,64,1,[32; 16; 30; 1; 128; 64; 1],0.03394078148994595,0.13468837106130677,tvm
10,2,500,1,80,16,1,[10; 2; 500; 1; 80; 16; 1],0.01398264299496077,0.3269359428740387,tvm
16,16,10,1,64,16,1,[16; 16; 10; 1; 64; 16; 1],0.015776562999235466,0.2897607401339635,tvm
16,8,4,1,256,64,1,[16; 8; 4; 1; 256; 64; 1],0.018423438479658216,0.24813112799090145,tvm
20,5,300,1,80,16,1,[20; 5; 300; 1; 80; 16; 1],0.013677774753887206,0.33422312135454474,tvm
10,10,4,1,256,128,1,[10; 10; 4; 1; 256; 128; 1],0.05329130054451525,0.08578189169187135,tvm
16,4,250,1,64,16,1,[16; 4; 250; 1; 64; 16; 1],0.04602116654859856,0.09933317458611404,tvm
20,10,300,1,128,128,0,[20; 10; 300; 1; 128; 128; 0],0.039464194735046476,0.11583737111881014,tvm
8,4,500,1,256,128,1,[8; 4; 500; 1; 256; 128; 1],0.050870166975073516,0.08986462681886971,tvm
5,1,1500,1,64,64,1,[5; 1; 1500; 1; 64; 64; 1],0.015599229402141646,0.2930547691542348,tvm
20,5,6,1,32,16,1,[20; 5; 6; 1; 32; 16; 1],0.031326438998803496,0.1459287655262437,tvm
5,1,750,1,64,64,1,[5; 1; 750; 1; 64; 64; 1],0.027117476041894406,0.16857868941659865,tvm
20,1,10,1,64,64,1,[20; 1; 10; 1; 64; 64; 1],0.029115811514202505,0.15700845463979798,tvm
32,16,60,1,64,64,0,[32; 16; 60; 1; 64; 64; 0],0.034121018717996776,0.13397690758328443,tvm
10,2,75,1,32,16,1,[10; 2; 75; 1; 32; 16; 1],0.04381493048276752,0.1043349497775997,tvm
8,8,30,1,256,64,1,[8; 8; 30; 1; 256; 64; 1],0.03390741825569421,0.13482089780341425,tvm
16,2,750,1,256,128,1,[16; 2; 750; 1; 256; 128; 1],0.014437758130952716,0.3166300841145143,tvm
16,8,4,1,16,16,1,[16; 8; 4; 1; 16; 16; 1],0.016192246112041175,0.2823220780981758,tvm
10,1,500,1,128,128,1,[10; 1; 500; 1; 128; 128; 1],0.016194997762795538,0.2822741094741259,tvm
16,1,25,1,64,64,1,[16; 1; 25; 1; 64; 64; 1],0.02618916449137032,0.17455419675319991,tvm
20,1,375,1,128,64,1,[20; 1; 375; 1; 128; 64; 1],0.035095153260044754,0.13025811677058743,tvm
16,4,250,1,32,16,1,[16; 4; 250; 1; 32; 16; 1],0.013803633366478607,0.33117574554899754,tvm
32,8,75,1,128,128,1,[32; 8; 75; 1; 128; 128; 1],0.028391605999786407,0.16101338442999538,tvm
20,4,300,1,256,64,1,[20; 4; 300; 1; 256; 64; 1],0.03302202024497092,0.13843576309128988,tvm
20,10,75,1,256,64,1,[20; 10; 75; 1; 256; 64; 1],0.031136509962379932,0.14681891377524037,tvm
20,4,250,1,128,64,1,[20; 4; 250; 1; 128; 64; 1],0.015484607894904912,0.29522404457737444,tvm
16,4,6,1,128,64,1,[16; 4; 6; 1; 128; 64; 1],0.016837552364449948,0.2715019661100197,tvm
20,5,2,1,128,128,1,[20; 5; 2; 1; 128; 128; 1],0.03193407476646826,0.14315205951195148,tvm
64,64,1,1,128,128,1,[64; 64; 1; 1; 128; 128; 1],0.012283628864679486,0.3721561943778129,tvm
16,4,2,1,128,128,1,[16; 4; 2; 1; 128; 128; 1],0.014174406242091209,0.32251287943572654,tvm
10,5,375,1,128,128,1,[10; 5; 375; 1; 128; 128; 1],0.03200599498813972,0.1428303845302288,tvm
8,8,5,1,128,64,1,[8; 8; 5; 1; 128; 64; 1],0.01586588061763905,0.2881295202956614,tvm
64,32,15,1,64,64,1,[64; 32; 15; 1; 64; 64; 1],0.03395677148364484,0.13462494729896168,tvm
20,10,375,1,64,64,1,[20; 10; 375; 1; 64; 64; 1],0.013070431508822367,0.34975345445503603,tvm
64,64,100,1,128,64,1,[64; 64; 100; 1; 128; 64; 1],0.01596101126051508,0.286412213913885,tvm
20,10,15,1,256,128,1,[20; 10; 15; 1; 256; 128; 1],0.014559256640495732,0.3139877731609873,tvm
8,4,500,1,64,64,1,[8; 4; 500; 1; 64; 64; 1],0.028435624029953033,0.16076413749925791,tvm
20,20,750,1,64,64,1,[20; 20; 750; 1; 64; 64; 1],0.03422406077152118,0.13357352892595925,tvm
10,2,12,1,64,64,1,[10; 2; 12; 1; 64; 64; 1],0.03974230197491124,0.11502676856298989,tvm
20,10,12,1,256,128,1,[20; 10; 12; 1; 256; 128; 1],0.027360309206414968,0.16708248934397069,tvm
40,40,4,1,64,64,1,[40; 40; 4; 1; 64; 64; 1],0.024472995748510584,0.18679480920135358,tvm
5,5,1,1,128,128,1,[5; 5; 1; 1; 128; 128; 1],0.01821354526327923,0.2509905954797905,tvm
40,1,15,1,256,64,1,[40; 1; 15; 1; 256; 64; 1],0.03134340845281258,0.14584975907488956,tvm
16,8,300,1,256,128,0,[16; 8; 300; 1; 256; 128; 0],0.019723488512681797,0.23177586300157993,tvm
64,64,4,1,256,64,1,[64; 64; 4; 1; 256; 64; 1],0.033251228742301464,0.1374814929955627,tvm
10,2,4,1,128,128,1,[10; 2; 4; 1; 128; 128; 1],0.030419269285630435,0.15028068322430216,tvm
20,20,10,1,64,16,1,[20; 20; 10; 1; 64; 16; 1],0.016633862629532814,0.27482663968332693,tvm
5,1,250,1,80,16,1,[5; 1; 250; 1; 80; 16; 1],0.030639009724836797,0.14920288261545378,tvm
320,20,1,1,64,64,0,[320; 20; 1; 1; 64; 64; 0],0.03241582773625851,0.14102458245467633,tvm
20,4,150,1,64,16,1,[20; 4; 150; 1; 64; 16; 1],0.016301224619382992,0.28043467151497986,tvm
5,5,50,1,256,64,1,[5; 5; 50; 1; 256; 64; 1],0.03999558853683993,0.1142983198563969,tvm
20,5,375,1,256,128,0,[20; 5; 375; 1; 256; 128; 0],0.017788629978895187,0.2569859835665935,tvm
64,2,375,1,128,128,1,[64; 2; 375; 1; 128; 128; 1],0.022088684869231656,0.20695793337141247,tvm
32,32,1500,1,64,64,0,[32; 32; 1500; 1; 64; 64; 0],0.04330602003028616,0.10556104135710308,tvm
16,4,375,1,128,128,0,[16; 4; 375; 1; 128; 128; 0],0.033700025465805084,0.13565059694293502,tvm
80,40,50,1,128,128,1,[80; 40; 50; 1; 128; 128; 1],0.02178261650260538,0.20986590710449277,tvm
16,8,150,1,80,16,1,[16; 8; 150; 1; 80; 16; 1],0.026266927015967667,0.17403743379077424,tvm
5,5,30,1,128,64,1,[5; 5; 30; 1; 128; 64; 1],0.017569156363606453,0.2601962482898744,tvm
20,10,5,1,80,16,1,[20; 10; 5; 1; 80; 16; 1],0.03302509797504172,0.1384228617545168,tvm
20,5,30,1,64,16,1,[20; 5; 30; 1; 64; 16; 1],0.01618886526557617,0.28238103761041294,tvm
40,40,10,1,256,64,1,[40; 40; 10; 1; 256; 64; 1],0.01804998764418997,0.25326491416740937,tvm
64,32,375,1,256,64,0,[64; 32; 375; 1; 256; 64; 0],0.023658133257413283,0.19322862550857065,tvm
128,16,25,1,64,64,0,[128; 16; 25; 1; 64; 64; 0],0.03604113799519837,0.12683918504564443,tvm
8,8,25,1,32,16,1,[8; 8; 25; 1; 32; 16; 1],0.04116514272755012,0.1110509588581872,tvm
20,4,5,1,32,16,1,[20; 4; 5; 1; 32; 16; 1],0.03284120175521821,0.13919796862190673,tvm
20,4,60,1,64,16,1,[20; 4; 60; 1; 64; 16; 1],0.016937525622779503,0.2698994335560087,tvm
10,5,20,1,64,16,1,[10; 5; 20; 1; 64; 16; 1],0.01485302674700506,0.30777757620010665,tvm
20,1,750,1,256,64,1,[20; 1; 750; 1; 256; 64; 1],0.030343546764925122,0.15065570965859543,tvm
160,40,250,1,64,64,0,[160; 40; 250; 1; 64; 64; 0],0.03508017322747037,0.1303137399517972,tvm
10,1,750,1,256,128,1,[10; 1; 750; 1; 256; 128; 1],0.018154277000576258,0.25181000440190837,tvm
20,4,10,1,16,16,1,[20; 4; 10; 1; 16; 16; 1],0.034187509736511856,0.1337163369505776,tvm
16,4,375,1,64,16,1,[16; 4; 375; 1; 64; 16; 1],0.04586191650014371,0.09967809721633084,tvm
8,8,60,1,256,64,1,[8; 8; 60; 1; 256; 64; 1],0.017655822361120954,0.2589190397324736,tvm
32,1,750,1,256,128,1,[32; 1; 750; 1; 256; 128; 1],0.016700802108971402,0.2737250906633325,tvm
8,8,750,1,256,64,1,[8; 8; 750; 1; 256; 64; 1],0.020619122631615028,0.22170820034889654,tvm
10,10,20,1,256,64,1,[10; 10; 20; 1; 256; 64; 1],0.01585325351334177,0.2883590152381877,tvm
8,4,125,1,256,64,1,[8; 4; 125; 1; 256; 64; 1],0.018218561628600582,0.2509214868122229,tvm
32,2,3,1,64,64,1,[32; 2; 3; 1; 64; 64; 1],0.04009909002343193,0.11400329954513319,tvm
20,5,25,1,128,128,1,[20; 5; 25; 1; 128; 128; 1],0.028801365464460105,0.15872263337894718,tvm
64,64,375,1,256,128,0,[64; 64; 375; 1; 256; 128; 0],0.0256119825062342,0.1784878843453779,tvm
32,8,50,1,128,64,1,[32; 8; 50; 1; 128; 64; 1],0.03297334775561467,0.13864011034943075,tvm
32,32,25,1,256,64,1,[32; 32; 25; 1; 256; 64; 1],0.015904238767689094,0.2874346039570183,tvm
16,16,1,1,256,64,1,[16; 16; 1; 1; 256; 64; 1],0.029513656278140843,0.15489197706806593,tvm
20,5,50,1,80,16,1,[20; 5; 50; 1; 80; 16; 1],0.013571650255471468,0.3368366031673695,tvm
32,1,10,1,128,64,1,[32; 1; 10; 1; 128; 64; 1],0.05146234459243715,0.08883055382790282,tvm
10,5,20,1,32,16,1,[10; 5; 20; 1; 32; 16; 1],0.042605673254001886,0.10729624067140364,tvm
32,4,3,1,128,64,1,[32; 4; 3; 1; 128; 64; 1],0.03319332277169451,0.13772133036728826,tvm
20,2,300,1,256,64,1,[20; 2; 300; 1; 256; 64; 1],0.0167963067360688,0.2721686763204779,tvm
10,2,25,1,128,64,1,[10; 2; 25; 1; 128; 64; 1],0.029089524759911,0.15715033535812767,tvm
10,1,375,1,128,64,1,[10; 1; 375; 1; 128; 64; 1],0.015811943012522534,0.2891123859862227,tvm
16,8,125,1,80,16,1,[16; 8; 125; 1; 80; 16; 1],0.01309488175320439,0.34910040866233233,tvm
20,20,750,1,256,64,1,[20; 20; 750; 1; 256; 64; 1],0.018337043875362724,0.24930019268649128,tvm
20,10,1,1,256,128,1,[20; 10; 1; 1; 256; 128; 1],0.01378550412482582,0.3316112729744899,tvm
10,1,25,1,64,64,1,[10; 1; 25; 1; 64; 64; 1],0.02554802823578939,0.17893469230727593,tvm
8,2,25,1,64,16,1,[8; 2; 25; 1; 64; 16; 1],0.03267519501969218,0.13990516563630404,tvm
16,16,10,1,256,64,1,[16; 16; 10; 1; 256; 64; 1],0.029784994258079678,0.15348092841040234,tvm
8,2,12,1,128,64,1,[8; 2; 12; 1; 128; 64; 1],0.03004310600226745,0.15216231541051553,tvm
32,16,12,1,256,128,1,[32; 16; 12; 1; 256; 128; 1],0.0157946206163615,0.28942946351576637,tvm
32,32,10,1,128,64,1,[32; 32; 10; 1; 128; 64; 1],0.017459885362768546,0.2618246612991334,tvm
20,2,125,1,128,128,1,[20; 2; 125; 1; 128; 128; 1],0.014690012612845749,0.3111929643566858,tvm
16,16,100,1,128,64,1,[16; 16; 100; 1; 128; 64; 1],0.014954505866626278,0.3056890419649741,tvm
20,2,50,1,64,64,1,[20; 2; 50; 1; 64; 64; 1],0.02431581012206152,0.18800231406976461,tvm
16,2,125,1,64,64,1,[16; 2; 125; 1; 64; 64; 1],0.024671464372659102,0.18529214571043565,tvm
64,64,15,1,128,128,1,[64; 64; 15; 1; 128; 128; 1],0.02465790812857449,0.18539401426883542,tvm
32,32,75,1,128,128,1,[32; 32; 75; 1; 128; 128; 1],0.02400696324184537,0.1904209426813441,tvm
