kc,ku,mc,mr,nc,nr,nvr,pack_c,X,time,peak,backend
2,1,300,10,256,32,2,0,[2; 1; 300; 10; 256; 32; 2; 0],0.06818227341864258,0.06704717138661205,tvm
32,1,250,2,1280,64,4,1,[32; 1; 250; 2; 1280; 64; 4; 1],0.061089849448762834,0.07483122994537271,tvm
8,1,750,3,64,64,4,1,[8; 1; 750; 3; 64; 64; 4; 1],0.011330171371810138,0.403473912389573,tvm
32,16,20,5,320,80,5,0,[32; 16; 20; 5; 320; 80; 5; 0],0.015240477630868554,0.29995310397421227,tvm
16,16,50,5,640,64,4,0,[16; 16; 50; 5; 640; 64; 4; 0],0.03619413427077234,0.12630302294922174,tvm
8,2,1,1,320,160,10,0,[8; 2; 1; 1; 320; 160; 10; 0],0.03587255749152973,0.12743525667240152,tvm
16,2,150,2,16,16,1,1,[16; 2; 150; 2; 16; 16; 1; 1],0.01432283062604256,0.31917074849133165,tvm
80,5,12,12,1280,16,1,1,[80; 5; 12; 12; 1280; 16; 1; 1],0.05470205191522837,0.08356959951909854,tvm
16,8,1,1,16,16,1,0,[16; 8; 1; 1; 16; 16; 1; 0],0.018377971515292302,0.24874500254963874,tvm
16,16,10,1,1280,128,8,1,[16; 16; 10; 1; 1280; 128; 8; 1],0.10070548206567764,0.04539403891088271,tvm
20,4,20,10,32,32,2,1,[20; 4; 20; 10; 32; 32; 2; 1],0.007857813878217712,0.5817684972280676,tvm
20,2,60,20,128,16,1,1,[20; 2; 60; 20; 128; 16; 1; 1],0.03155509399948642,0.14487133429242757,tvm
80,10,100,5,640,64,4,1,[80; 10; 100; 5; 640; 64; 4; 1],0.02304681486566551,0.19835402844490047,tvm
4,2,30,1,256,64,4,0,[4; 2; 30; 1; 256; 64; 4; 0],0.05978907342068851,0.07645926437533222,tvm
8,2,30,5,64,64,4,1,[8; 2; 30; 5; 64; 64; 4; 1],0.012018450564937666,0.3803675479404263,tvm
16,4,150,3,256,32,2,0,[16; 4; 150; 3; 256; 32; 2; 0],0.03498409048188478,0.13067164269414744,tvm
160,5,750,10,160,16,1,1,[160; 5; 750; 10; 160; 16; 1; 1],0.007804440057952888,0.5857471564241422,tvm
40,8,4,2,640,128,8,1,[40; 8; 4; 2; 640; 128; 8; 1],0.03474861098220572,0.1315571599040185,tvm
64,16,300,20,1280,16,1,1,[64; 16; 300; 20; 1280; 16; 1; 1],0.09526729548815638,0.04798528758483431,tvm
16,16,1500,3,256,32,2,1,[16; 16; 1500; 3; 256; 32; 2; 1],0.019078944897046313,0.2396059423671952,tvm
80,40,50,5,1280,64,4,0,[80; 40; 50; 5; 1280; 64; 4; 0],0.050374703016132116,0.09074849671996292,tvm
40,1,1500,20,80,16,1,1,[40; 1; 1500; 20; 80; 16; 1; 1],0.01044665118388366,0.43759751244313033,tvm
80,80,30,6,64,64,4,1,[80; 80; 30; 6; 64; 64; 4; 1],0.00762215287250001,0.5997555609153215,tvm
40,4,150,10,1280,16,1,1,[40; 4; 150; 10; 1280; 16; 1; 1],0.0710146005731076,0.06437308010656781,tvm
256,32,300,15,32,16,1,0,[256; 32; 300; 15; 32; 16; 1; 0],0.008302418878884055,0.5506140605667714,tvm
2,2,750,2,16,16,1,0,[2; 2; 750; 2; 16; 16; 1; 0],0.06786107190418988,0.06736452052927744,tvm
160,10,500,5,256,32,2,1,[160; 10; 500; 5; 256; 32; 2; 1],0.016671725374180824,0.2742024876746263,tvm
8,1,12,12,80,16,1,1,[8; 1; 12; 12; 80; 16; 1; 1],0.011021190992323682,0.414785350749533,tvm
10,10,30,10,16,16,1,0,[10; 10; 30; 10; 16; 16; 1; 0],0.039491112518589944,0.11575841448570559,tvm
20,1,6,1,32,32,2,1,[20; 1; 6; 1; 32; 32; 2; 1],0.026156414474826306,0.17477275319322713,tvm
20,20,20,2,32,32,2,0,[20; 20; 20; 2; 32; 32; 2; 0],0.024812748393742368,0.18423709050229437,tvm
20,5,6,3,80,16,1,1,[20; 5; 6; 3; 80; 16; 1; 1],0.024233745993115008,0.18863895712727818,tvm
8,1,300,1,128,16,1,1,[8; 1; 300; 1; 128; 16; 1; 1],0.0274118619854562,0.16676826163264707,tvm
10,10,6,1,80,16,1,0,[10; 10; 6; 1; 80; 16; 1; 0],0.017260442866245285,0.2648500161237756,tvm
160,20,300,5,128,32,2,0,[160; 20; 300; 5; 128; 32; 2; 0],0.01621215761406347,0.28197533482298615,tvm
40,10,30,1,320,160,10,1,[40; 10; 30; 1; 320; 160; 10; 1],0.02903584751766175,0.1574408519898684,tvm
10,10,1500,4,640,16,1,0,[10; 10; 1500; 4; 640; 16; 1; 0],0.06999033654574305,0.06531513916125918,tvm
160,4,75,25,640,16,1,0,[160; 4; 75; 25; 640; 16; 1; 0],0.026884709775913507,0.17003823398250692,tvm
2,2,4,2,256,16,1,0,[2; 2; 4; 2; 256; 16; 1; 0],0.1442931389901787,0.031681538037229375,tvm
80,5,1500,15,256,16,1,1,[80; 5; 1500; 15; 256; 16; 1; 1],0.02849161298945546,0.16044821938022338,tvm
80,5,150,25,32,16,1,1,[80; 5; 150; 25; 32; 16; 1; 1],0.00774349519633688,0.5903572554149864,tvm
16,1,1500,1,320,32,2,1,[16; 1; 1500; 1; 320; 32; 2; 1],0.05192109756171703,0.08804568443482254,tvm
10,2,300,25,16,16,1,0,[10; 2; 300; 25; 16; 16; 1; 0],0.043962097784969956,0.10398567861316849,tvm
16,16,150,25,32,16,1,0,[16; 16; 150; 25; 32; 16; 1; 0],0.022153461497509852,0.20635278924435446,tvm
80,40,12,3,320,64,4,1,[80; 40; 12; 3; 320; 64; 4; 1],0.0298087690025568,0.15335851577891274,tvm
20,4,12,1,64,64,4,1,[20; 4; 12; 1; 64; 64; 4; 1],0.03495151153765619,0.13079344412625443,tvm
16,8,25,1,640,160,10,1,[16; 8; 25; 1; 640; 160; 10; 1],0.03730274876579642,0.122549375654059,tvm
8,4,6,1,64,16,1,0,[8; 4; 6; 1; 64; 16; 1; 0],0.023546581622213125,0.19414404369915103,tvm
160,20,300,5,128,32,2,0,[160; 20; 300; 5; 128; 32; 2; 0],0.010178170690778643,0.4491404900067413,tvm
20,1,125,1,1280,160,10,0,[20; 1; 125; 1; 1280; 160; 10; 0],0.07024124602321535,0.065081826280782,tvm
20,10,4,4,32,32,2,0,[20; 10; 4; 4; 32; 32; 2; 0],0.01075678200868424,0.4249810554623059,tvm
5,5,3,1,1280,32,2,0,[5; 5; 3; 1; 1280; 32; 2; 0],0.11235982296057045,0.04068561564957954,tvm
4,1,300,5,640,32,2,1,[4; 1; 300; 5; 640; 32; 2; 1],0.06903135997708887,0.06622249037170648,tvm
160,2,750,6,320,32,2,0,[160; 2; 750; 6; 320; 32; 2; 0],0.013133898115484044,0.3480633496036598,tvm
32,1,300,3,640,64,4,0,[32; 1; 300; 3; 640; 64; 4; 0],0.034955770533997566,0.13077750830817633,tvm
16,8,2,2,160,32,2,0,[16; 8; 2; 2; 160; 32; 2; 0],0.01786839752458036,0.2558387547142917,tvm
40,10,50,10,160,32,2,0,[40; 10; 50; 10; 160; 32; 2; 0],0.007297135322005488,0.6264689319441312,tvm
5,1,20,2,640,160,10,1,[5; 1; 20; 2; 640; 160; 10; 1],0.06528587103821337,0.07002171371433194,tvm
2,1,1500,20,1280,16,1,1,[2; 1; 1500; 20; 1280; 16; 1; 1],1.0055249461438507,0.0045463104510333864,tvm
8,2,750,2,320,32,2,0,[8; 2; 750; 2; 320; 32; 2; 0],0.02759540022816509,0.16565907845622652,tvm
64,4,20,5,320,64,4,0,[64; 4; 20; 5; 320; 64; 4; 0],0.016745251516113058,0.27299850151726485,tvm
32,16,60,10,16,16,1,0,[32; 16; 60; 10; 16; 16; 1; 0],0.023025291739031672,0.19853944189898126,tvm
160,160,50,5,160,32,2,1,[160; 160; 50; 5; 160; 32; 2; 1],0.008182532445061952,0.5586813864926826,tvm
320,80,300,30,16,16,1,1,[320; 80; 300; 30; 16; 16; 1; 1],0.057421507546678185,0.0796117825313527,tvm
128,8,375,15,64,16,1,1,[128; 8; 375; 15; 64; 16; 1; 1],0.00890226430783514,0.5135130134706432,tvm
160,20,250,10,160,16,1,1,[160; 20; 250; 10; 160; 16; 1; 1],0.007143033813918009,0.6399841706644683,tvm
80,40,250,5,64,32,2,0,[80; 40; 250; 5; 64; 32; 2; 0],0.025726655730977654,0.1776922977953983,tvm
160,5,50,10,64,16,1,0,[160; 5; 50; 10; 64; 16; 1; 0],0.01803626262699254,0.25345764064153214,tvm
64,64,60,6,64,64,4,0,[64; 64; 60; 6; 64; 64; 4; 0],0.013651486369781196,0.3348667278859717,tvm
256,64,300,10,128,16,1,1,[256; 64; 300; 10; 128; 16; 1; 1],0.023906260612420738,0.19122307104162664,tvm
160,10,1500,12,160,16,1,1,[160; 10; 1500; 12; 160; 16; 1; 1],0.016005572135327384,0.28561481793821963,tvm
160,2,15,5,64,32,2,0,[160; 2; 15; 5; 64; 32; 2; 0],0.024201329855713993,0.18889162697599637,tvm
128,4,750,10,160,16,1,1,[128; 4; 750; 10; 160; 16; 1; 1],0.007514168624766171,0.6083744988582589,tvm
320,4,30,10,32,16,1,1,[320; 4; 30; 10; 32; 16; 1; 1],0.014916521729901433,0.3064674630054509,tvm
320,8,750,10,160,16,1,1,[320; 8; 750; 10; 160; 16; 1; 1],0.013021391758229584,0.35107065790716313,tvm
80,2,750,5,128,32,2,1,[80; 2; 750; 5; 128; 32; 2; 1],0.011708129997714423,0.3904490787445111,tvm
160,16,500,5,160,32,2,1,[160; 16; 500; 5; 160; 32; 2; 1],0.007089376187650487,0.6448280427538722,tvm
80,2,500,10,160,32,2,0,[80; 2; 500; 10; 160; 32; 2; 0],0.012854198721470311,0.3556369922765341,tvm
160,2,1500,6,64,32,2,1,[160; 2; 1500; 6; 64; 32; 2; 1],0.008404748368775472,0.5439102244169394,tvm
256,8,75,5,128,32,2,1,[256; 8; 75; 5; 128; 32; 2; 1],0.01825001710676588,0.2504890019929786,tvm
64,64,100,10,64,32,2,1,[64; 64; 100; 10; 64; 32; 2; 1],0.00929373393591959,0.49188287538126524,tvm
80,40,150,5,64,64,4,1,[80; 40; 150; 5; 64; 64; 4; 1],0.00742404350603465,0.6157599383291162,tvm
160,16,300,12,32,32,2,1,[160; 16; 300; 12; 32; 32; 2; 1],0.01137564706732519,0.4018609705780432,tvm
256,8,100,10,64,32,2,1,[256; 8; 100; 10; 64; 32; 2; 1],0.007221462117740884,0.6330336567435554,tvm
256,4,60,12,32,32,2,0,[256; 4; 60; 12; 32; 32; 2; 0],0.025863218470476568,0.1767540484818994,tvm
64,4,30,10,64,32,2,1,[64; 4; 30; 10; 64; 32; 2; 1],0.015872143500018865,0.28801582920562296,tvm
160,40,1500,10,128,32,2,1,[160; 40; 1500; 10; 128; 32; 2; 1],0.02838279423303902,0.16106337289748573,tvm
160,4,60,12,128,32,2,0,[160; 4; 60; 12; 128; 32; 2; 0],0.017859279876574874,0.2559693673553258,tvm
80,4,300,10,160,32,2,0,[80; 4; 300; 10; 160; 32; 2; 0],0.00624458597303601,0.7320627165944874,tvm
80,5,10,10,64,32,2,0,[80; 5; 10; 10; 64; 32; 2; 0],0.007779750070767477,0.5876060965770328,tvm
64,4,100,10,64,32,2,1,[64; 4; 100; 10; 64; 32; 2; 1],0.0072588252514833584,0.6297752615678948,tvm
160,5,250,10,64,16,1,1,[160; 5; 250; 10; 64; 16; 1; 1],0.009232189375325106,0.49516191507581503,tvm
256,256,5,5,160,32,2,1,[256; 256; 5; 5; 160; 32; 2; 1],0.01926854799967259,0.23724821255375594,tvm
160,40,60,12,128,32,2,1,[160; 40; 60; 12; 128; 32; 2; 1],0.022076856868807226,0.20706881412487765,tvm
256,2,300,10,160,32,2,0,[256; 2; 300; 10; 160; 32; 2; 0],0.010880700501729734,0.42014101672055393,tvm
160,2,1500,12,160,32,2,0,[160; 2; 1500; 12; 160; 32; 2; 0],0.018799662997480482,0.24316545312760296,tvm
40,2,500,10,64,32,2,1,[40; 2; 500; 10; 64; 32; 2; 1],0.008254507745732553,0.5538099559954894,tvm
80,20,750,6,64,64,4,0,[80; 20; 750; 6; 64; 64; 4; 0],0.014512504625599831,0.31499928436643826,tvm
256,16,150,6,128,32,2,0,[256; 16; 150; 6; 128; 32; 2; 0],0.009428663994185627,0.48484372486363225,tvm
256,8,150,10,64,32,2,0,[256; 8; 150; 10; 64; 32; 2; 0],0.01349472688161768,0.3387566574360023,tvm
128,16,100,5,32,32,2,1,[128; 16; 100; 5; 32; 32; 2; 1],0.016586834768531844,0.27560584253852816,tvm
128,8,100,5,64,64,4,0,[128; 8; 100; 5; 64; 64; 4; 0],0.017064935993403196,0.26788430810380726,tvm
80,4,25,5,64,32,2,1,[80; 4; 25; 5; 64; 32; 2; 1],0.025014141021529213,0.18275376985737896,tvm
80,4,6,6,64,32,2,0,[80; 4; 6; 6; 64; 32; 2; 0],0.017047640634700656,0.2681560850199634,tvm
80,1,1500,6,64,32,2,1,[80; 1; 1500; 6; 64; 32; 2; 1],0.009544582309899852,0.4789553301548864,tvm
256,64,125,5,64,32,2,1,[256; 64; 125; 5; 64; 32; 2; 1],0.00851598518784158,0.5368056038842435,tvm
128,8,75,5,128,32,2,1,[128; 8; 75; 5; 128; 32; 2; 1],0.010451649184687994,0.43738825238469187,tvm
128,32,500,10,128,32,2,1,[128; 32; 500; 10; 128; 32; 2; 1],0.011339910197420977,0.40312740505372313,tvm
128,1,12,12,160,32,2,0,[128; 1; 12; 12; 160; 32; 2; 0],0.014406882139155641,0.3173086672934005,tvm
160,1,60,12,64,32,2,0,[160; 1; 60; 12; 64; 32; 2; 0],0.015599209873471409,0.29305513602986466,tvm
128,2,150,6,128,64,4,0,[128; 2; 150; 6; 128; 64; 4; 0],0.013647321233293042,0.33496892857452765,tvm
80,5,10,10,160,32,2,1,[80; 5; 10; 10; 160; 32; 2; 1],0.014858770853606984,0.3076585954832766,tvm
160,1,150,6,128,32,2,0,[160; 1; 150; 6; 128; 32; 2; 0],0.010261265371809714,0.4455033961003913,tvm
80,16,6,6,64,64,4,1,[80; 16; 6; 6; 64; 64; 4; 1],0.006915481761097908,0.6610426763243762,tvm
80,10,375,5,128,32,2,1,[80; 10; 375; 5; 128; 32; 2; 1],0.01843254960840568,0.24800847785831495,tvm
80,1,20,10,160,32,2,1,[80; 1; 20; 10; 160; 32; 2; 1],0.019163130986271426,0.23855332276878807,tvm
256,1,50,10,128,32,2,1,[256; 1; 50; 10; 128; 32; 2; 1],0.019610610499512404,0.23310995705830959,tvm
128,8,75,5,64,64,4,1,[128; 8; 75; 5; 64; 64; 4; 1],0.013884272135328501,0.329252302668181,tvm
80,4,30,5,64,64,4,1,[80; 4; 30; 5; 64; 64; 4; 1],0.01425150313298218,0.32076816941849023,tvm
160,8,150,10,160,32,2,0,[160; 8; 150; 10; 160; 32; 2; 0],0.016405943257268518,0.2786446655179816,tvm
256,256,500,10,160,32,2,1,[256; 256; 500; 10; 160; 32; 2; 1],0.007923060489702038,0.5769776183547084,tvm
160,8,1500,5,64,32,2,1,[160; 8; 1500; 5; 64; 32; 2; 1],0.016193463263334706,0.28230085788870224,tvm
160,40,60,12,32,32,2,1,[160; 40; 60; 12; 32; 32; 2; 1],0.01453203964047134,0.31457583962937086,tvm
256,2,25,5,160,32,2,1,[256; 2; 25; 5; 160; 32; 2; 1],0.006314811573247425,0.7239216116590618,tvm
160,40,375,5,160,32,2,1,[160; 40; 375; 5; 160; 32; 2; 1],0.009184661001199856,0.4977242568703814,tvm
80,1,60,6,128,64,4,1,[80; 1; 60; 6; 128; 64; 4; 1],0.009926755374181084,0.4605158885368116,tvm
80,80,1500,12,128,32,2,0,[80; 80; 1500; 12; 128; 32; 2; 0],0.012652683100895956,0.36130111968937734,tvm
160,4,60,10,64,32,2,0,[160; 4; 60; 10; 64; 32; 2; 0],0.022813169372966513,0.20038550964539328,tvm
64,1,375,3,160,80,5,0,[64; 1; 375; 3; 160; 80; 5; 0],0.007840569000109099,0.5830480633950115,tvm
64,2,20,4,160,80,5,1,[64; 2; 20; 4; 160; 80; 5; 1],0.009216356440447271,0.4960125621190406,tvm
320,20,125,25,160,16,1,0,[320; 20; 125; 25; 160; 16; 1; 0],0.04079078551148996,0.11207012843969114,tvm
80,16,75,25,80,16,1,1,[80; 16; 75; 25; 80; 16; 1; 1],0.02282632776768878,0.200269996030616,tvm
128,2,250,25,160,16,1,0,[128; 2; 250; 25; 160; 16; 1; 0],0.014978851133491844,0.30519220270552805,tvm
80,2,500,4,64,32,2,1,[80; 2; 500; 4; 64; 32; 2; 1],0.01875595239107497,0.24373214839273577,tvm
80,80,50,5,80,80,5,1,[80; 80; 50; 5; 80; 80; 5; 1],0.018526600499171764,0.24674945474389318,tvm
256,128,60,6,160,32,2,0,[256; 128; 60; 6; 160; 32; 2; 0],0.015060002508107573,0.303547663353146,tvm
160,16,50,5,160,32,2,0,[160; 16; 50; 5; 160; 32; 2; 0],0.006716104500810616,0.6806666827290749,tvm
80,80,300,12,80,16,1,1,[80; 80; 300; 12; 80; 16; 1; 1],0.01490560409729369,0.30669193556929203,tvm
160,40,750,10,32,32,2,1,[160; 40; 750; 10; 32; 32; 2; 1],0.013123068609274924,0.3483505807626157,tvm
40,40,250,25,80,16,1,1,[40; 40; 250; 25; 80; 16; 1; 1],0.015151127881836146,0.30172199766784397,tvm
80,10,1500,20,160,16,1,0,[80; 10; 1500; 20; 160; 16; 1; 0],0.02818922244478017,0.1621693744970631,tvm
128,128,25,25,160,16,1,1,[128; 128; 25; 25; 160; 16; 1; 1],0.034874094533734024,0.13108379249837118,tvm
128,64,25,25,160,16,1,1,[128; 64; 25; 25; 160; 16; 1; 1],0.033489310764707625,0.13650411032782814,tvm
40,20,100,4,32,32,2,1,[40; 20; 100; 4; 32; 32; 2; 1],0.017215566767845303,0.26554040497620696,tvm
40,2,150,5,160,80,5,0,[40; 2; 150; 5; 160; 80; 5; 0],0.007806811176124029,0.585569250785725,tvm
40,5,75,15,160,16,1,1,[40; 5; 75; 15; 160; 16; 1; 1],0.01775024938979186,0.2575416531362986,tvm
40,40,12,4,160,80,5,1,[40; 40; 12; 4; 160; 80; 5; 1],0.017921296472195536,0.2550835860854729,tvm
320,64,300,10,64,16,1,1,[320; 64; 300; 10; 64; 16; 1; 1],0.014815928385360166,0.3085482362310597,tvm
128,16,500,25,160,16,1,0,[128; 16; 500; 25; 160; 16; 1; 0],0.017770327511243522,0.2572506651065473,tvm
40,1,12,6,64,64,4,1,[40; 1; 12; 6; 64; 64; 4; 1],0.016671770135872066,0.2742017514740315,tvm
80,1,150,15,16,16,1,1,[80; 1; 150; 15; 16; 16; 1; 1],0.018529090390074998,0.2467162971948818,tvm
80,40,60,15,160,16,1,1,[80; 40; 60; 15; 160; 16; 1; 1],0.023476622125599533,0.1947225860250042,tvm
80,8,150,5,160,80,5,0,[80; 8; 150; 5; 160; 80; 5; 0],0.006471941436757334,0.7063457875970854,tvm
80,1,1500,5,160,80,5,0,[80; 1; 1500; 5; 160; 80; 5; 0],0.013155838125385344,0.34748288386184983,tvm
80,16,1500,6,128,32,2,1,[80; 16; 1500; 6; 128; 32; 2; 1],0.012043755486956798,0.37956836440090125,tvm
160,4,60,5,160,32,2,1,[160; 4; 60; 5; 160; 32; 2; 1],0.006594528487767093,0.6932153799788129,tvm
80,16,150,15,128,16,1,1,[80; 16; 150; 15; 128; 16; 1; 1],0.025668481772299856,0.17809501208450237,tvm
80,16,150,15,160,16,1,0,[80; 16; 150; 15; 160; 16; 1; 0],0.02500593021977693,0.1828137778219135,tvm
40,40,750,10,32,16,1,1,[40; 40; 750; 10; 32; 16; 1; 1],0.029633438971359283,0.15426588104900202,tvm
80,20,10,10,160,16,1,0,[80; 20; 10; 10; 160; 16; 1; 0],0.016757633624365553,0.2727967846714185,tvm
64,16,375,15,32,16,1,1,[64; 16; 375; 15; 32; 16; 1; 1],0.008228906444855966,0.5555329377072031,tvm
160,4,750,10,128,32,2,1,[160; 4; 750; 10; 128; 32; 2; 1],0.01007238682359457,0.4538575266708382,tvm
160,1,300,5,160,32,2,0,[160; 1; 300; 5; 160; 32; 2; 0],0.007547562127001584,0.6056828012152662,tvm
160,2,150,15,80,16,1,1,[160; 2; 150; 15; 80; 16; 1; 1],0.014397876366274431,0.3175071416876923,tvm
80,1,500,20,80,16,1,1,[80; 1; 500; 20; 80; 16; 1; 1],0.0164406199764926,0.2780569454172025,tvm
40,40,150,10,160,32,2,0,[40; 40; 150; 10; 160; 32; 2; 0],0.016384591261157766,0.2790077883887075,tvm
40,5,150,5,64,32,2,1,[40; 5; 150; 5; 64; 32; 2; 1],0.017715303896693513,0.2580496839391962,tvm
40,5,300,10,128,16,1,1,[40; 5; 300; 10; 128; 16; 1; 1],0.014002094249008223,0.32648177409264106,tvm
64,2,1500,10,160,32,2,0,[64; 2; 1500; 10; 160; 32; 2; 0],0.007667690500966273,0.5961936740733713,tvm
160,32,60,10,160,32,2,1,[160; 32; 60; 10; 160; 32; 2; 1],0.006713622758979909,0.6809182963570581,tvm
128,32,750,6,64,64,4,1,[128; 32; 750; 6; 64; 64; 4; 1],0.01609420051681809,0.2840419793857749,tvm
64,1,150,30,80,16,1,1,[64; 1; 150; 30; 80; 16; 1; 1],0.01559784312848933,0.293080814685134,tvm
80,16,50,10,64,16,1,1,[80; 16; 50; 10; 64; 16; 1; 1],0.01611059973947704,0.2837528487674391,tvm
128,1,500,10,160,32,2,0,[128; 1; 500; 10; 160; 32; 2; 0],0.006407550870790146,0.7134439762730821,tvm
320,20,100,10,32,16,1,1,[320; 20; 100; 10; 32; 16; 1; 1],0.013235301506938413,0.34539663256119,tvm
40,10,20,10,160,32,2,1,[40; 10; 20; 10; 160; 32; 2; 1],0.02014939225045964,0.226876747179523,tvm
256,1,750,6,32,32,2,1,[256; 1; 750; 6; 32; 32; 2; 1],0.006886968680191785,0.6637794919231822,tvm
80,4,300,6,128,32,2,1,[80; 4; 300; 6; 128; 32; 2; 1],0.013709318125620484,0.33345411708590494,tvm
64,32,300,5,160,32,2,0,[64; 32; 300; 5; 160; 32; 2; 0],0.01402940700063482,0.3258461723451118,tvm
320,2,300,10,160,16,1,0,[320; 2; 300; 10; 160; 16; 1; 0],0.014513592235744,0.31497567915474994,tvm
160,20,6,6,160,32,2,1,[160; 20; 6; 6; 160; 32; 2; 1],0.011722569877747446,0.3899681229545373,tvm
64,32,150,6,128,32,2,1,[64; 32; 150; 6; 128; 32; 2; 1],0.018756322271656245,0.24372734191802195,tvm
128,16,750,25,160,16,1,1,[128; 16; 750; 25; 160; 16; 1; 1],0.022091861523222178,0.20692817427916832,tvm
64,1,150,25,160,16,1,1,[64; 1; 150; 25; 160; 16; 1; 1],0.023353251250227913,0.19575126916788332,tvm
128,4,500,10,160,32,2,0,[128; 4; 500; 10; 160; 32; 2; 0],0.006053520060959272,0.7551686498754511,tvm
256,8,250,10,80,16,1,1,[256; 8; 250; 10; 80; 16; 1; 1],0.006995468051172793,0.6534843041220337,tvm
40,1,750,6,160,32,2,1,[40; 1; 750; 6; 160; 32; 2; 1],0.008662499632919207,0.5277262643748049,tvm
64,4,125,5,160,80,5,1,[64; 4; 125; 5; 160; 80; 5; 1],0.012430413626134396,0.36776158130549613,tvm
64,2,250,5,160,80,5,1,[64; 2; 250; 5; 160; 80; 5; 1],0.012449108937289566,0.36720929943311015,tvm
40,8,100,10,64,16,1,1,[40; 8; 100; 10; 64; 16; 1; 1],0.010740682497271337,0.42561807153222714,tvm
160,32,300,10,160,32,2,1,[160; 32; 300; 10; 160; 32; 2; 1],0.013695537723833695,0.33378963744323314,tvm
80,16,100,10,160,16,1,1,[80; 16; 100; 10; 160; 16; 1; 1],0.01493219711119309,0.30614574247763277,tvm
40,1,150,10,64,16,1,1,[40; 1; 150; 10; 64; 16; 1; 1],0.011611656009336002,0.39369307597064984,tvm
80,4,750,5,64,64,4,0,[80; 4; 750; 5; 64; 64; 4; 0],0.007814874115865678,0.5849650939543228,tvm
2,1,100,4,160,80,5,0,[2; 1; 100; 4; 160; 80; 5; 0],0.05674752197228372,0.08055732501696411,tvm
2,2,750,3,160,32,2,0,[2; 2; 750; 3; 160; 32; 2; 0],0.06552450358867645,0.06976670285249713,tvm
128,32,10,10,160,32,2,1,[128; 32; 10; 10; 160; 32; 2; 1],0.013363770849537104,0.3420762465099375,tvm
256,16,375,15,32,16,1,0,[256; 16; 375; 15; 32; 16; 1; 0],0.017625645879888907,0.25936232933424763,tvm
8,4,100,10,64,32,2,1,[8; 4; 100; 10; 64; 32; 2; 1],0.02555753296473995,0.17886814731826706,tvm
5,5,300,10,160,32,2,1,[5; 5; 300; 10; 160; 32; 2; 1],0.027844154508784413,0.16417911235144003,tvm
80,1,1500,10,128,16,1,0,[80; 1; 1500; 10; 128; 16; 1; 0],0.016881982126506045,0.2707874310713235,tvm
160,4,300,15,16,16,1,1,[160; 4; 300; 15; 16; 16; 1; 1],0.016854869871167466,0.27122301188742004,tvm
2,1,300,4,160,32,2,0,[2; 1; 300; 4; 160; 32; 2; 0],0.06561320298351347,0.0696723885370636,tvm
32,16,1500,4,160,32,2,0,[32; 16; 1500; 4; 160; 32; 2; 0],0.029952231503557414,0.15262397297128347,tvm
128,1,375,5,64,32,2,1,[128; 1; 375; 5; 64; 32; 2; 1],0.026273948256857693,0.17399092541165356,tvm
10,2,500,10,32,32,2,1,[10; 2; 500; 10; 32; 32; 2; 1],0.02153255362645723,0.21230313184088018,tvm
128,16,150,6,32,32,2,0,[128; 16; 150; 6; 32; 32; 2; 0],0.019778690621023998,0.23112897911297103,tvm
2,2,150,5,160,80,5,0,[2; 2; 150; 5; 160; 80; 5; 0],0.06083600246347487,0.07514347403370557,tvm
160,4,750,5,128,32,2,1,[160; 4; 750; 5; 128; 32; 2; 1],0.011043115693610162,0.4139618472052884,tvm
256,2,750,15,16,16,1,1,[256; 2; 750; 15; 16; 16; 1; 1],0.008065723508480005,0.5667722885147675,tvm
160,20,6,6,64,32,2,1,[160; 20; 6; 6; 64; 32; 2; 1],0.014710668881889433,0.31075599676208737,tvm
256,2,30,10,160,16,1,0,[256; 2; 30; 10; 160; 16; 1; 0],0.01373737576068379,0.332773060231194,tvm
256,2,500,4,32,32,2,0,[256; 2; 500; 4; 32; 32; 2; 0],0.014293798129074275,0.3198190243172712,tvm
20,1,750,3,160,80,5,0,[20; 1; 750; 3; 160; 80; 5; 0],0.01884061162127182,0.2426369516723779,tvm
256,4,500,4,128,32,2,1,[256; 4; 500; 4; 128; 32; 2; 1],0.03384700248716399,0.13506154860130445,tvm
256,64,300,10,32,32,2,1,[256; 64; 300; 10; 32; 32; 2; 1],0.02170388025115244,0.21062724814775166,tvm
128,8,1500,12,32,16,1,0,[128; 8; 1500; 12; 32; 16; 1; 0],0.008373509743250906,0.5459393625370972,tvm
40,8,60,6,64,64,4,1,[40; 8; 60; 6; 64; 64; 4; 1],0.00760517711751163,0.6010942941621216,tvm
32,1,250,10,64,32,2,1,[32; 1; 250; 10; 64; 32; 2; 1],0.015460688882740214,0.29568078150333643,tvm
80,4,1500,10,80,16,1,0,[80; 4; 1500; 10; 80; 16; 1; 0],0.027977238001767546,0.1633981371263224,tvm
64,16,30,6,64,32,2,1,[64; 16; 30; 6; 64; 32; 2; 1],0.01568996100104414,0.2913600977799978,tvm
160,2,750,10,128,16,1,0,[160; 2; 750; 10; 128; 16; 1; 0],0.03867570904549211,0.11819895961187037,tvm
4,4,750,10,160,32,2,1,[4; 4; 750; 10; 160; 32; 2; 1],0.041727207717485726,0.10955510376777311,tvm
160,4,10,10,160,32,2,0,[160; 4; 10; 10; 160; 32; 2; 0],0.017810678895330057,0.2566678450773258,tvm
32,4,100,5,160,80,5,1,[32; 4; 100; 5; 160; 80; 5; 1],0.006619200561544858,0.6906315239920218,tvm
16,1,500,5,160,80,5,1,[16; 1; 500; 5; 160; 80; 5; 1],0.007691928185522556,0.594315035342209,tvm
32,2,500,4,160,80,5,1,[32; 2; 500; 4; 160; 80; 5; 1],0.026731999998446554,0.1710095979236206,tvm
128,4,250,10,128,32,2,0,[128; 4; 250; 10; 128; 32; 2; 0],0.01846944823046215,0.24751300170888668,tvm
64,2,300,10,128,32,2,1,[64; 2; 300; 10; 128; 32; 2; 1],0.03264980571111664,0.14001395940534148,tvm
128,2,750,10,32,16,1,0,[128; 2; 750; 10; 32; 16; 1; 0],0.017382093996275216,0.26299642450490585,tvm
256,1,4,4,160,32,2,0,[256; 1; 4; 4; 160; 32; 2; 0],0.014228206739062443,0.32129337556489584,tvm
160,5,12,4,160,32,2,0,[160; 5; 12; 4; 160; 32; 2; 0],0.033133131510112435,0.1379715216484546,tvm
80,5,750,6,64,32,2,0,[80; 5; 750; 6; 64; 32; 2; 0],0.008958846927271225,0.5102697488348519,tvm
64,32,300,6,160,32,2,1,[64; 32; 300; 6; 160; 32; 2; 1],0.006842134054750204,0.668129056643493,tvm
320,8,750,10,80,16,1,0,[320; 8; 750; 10; 80; 16; 1; 0],0.02757151471450925,0.16580259078123483,tvm
160,1,750,6,128,32,2,0,[160; 1; 750; 6; 128; 32; 2; 0],0.011143766940222122,0.41022291617823914,tvm
160,2,750,6,128,32,2,1,[160; 2; 750; 6; 128; 32; 2; 1],0.023688607645453885,0.19298004508533795,tvm
160,1,250,10,32,32,2,0,[160; 1; 250; 10; 32; 32; 2; 0],0.015571319847367704,0.2935800315091056,tvm
320,4,500,10,80,16,1,0,[320; 4; 500; 10; 80; 16; 1; 0],0.016082878893939778,0.28424193215501614,tvm
160,2,750,10,32,16,1,1,[160; 2; 750; 10; 32; 16; 1; 1],0.018507855740608647,0.2469993626219088,tvm
160,1,750,10,64,16,1,1,[160; 1; 750; 10; 64; 16; 1; 1],0.01056861381221097,0.43254760299281125,tvm
160,4,300,6,32,32,2,1,[160; 4; 300; 6; 32; 32; 2; 1],0.014260102616390213,0.3205747317816832,tvm
80,16,100,10,160,32,2,0,[80; 16; 100; 10; 160; 32; 2; 0],0.0066271624964429066,0.6898017928309833,tvm
256,2,300,6,32,32,2,1,[256; 2; 300; 6; 32; 32; 2; 1],0.013884715241147205,0.32924179517064867,tvm
40,2,150,5,160,32,2,1,[40; 2; 150; 5; 160; 32; 2; 1],0.022010595363099128,0.20769218169775608,tvm
64,8,125,5,160,32,2,1,[64; 8; 125; 5; 160; 32; 2; 1],0.006718870179611258,0.6803865008883184,tvm
128,128,300,5,160,32,2,1,[128; 128; 300; 5; 160; 32; 2; 1],0.015089377120602876,0.3029567446615667,tvm
128,32,250,5,160,32,2,1,[128; 32; 250; 5; 160; 32; 2; 1],0.025522636016830802,0.17911271266862722,tvm
80,5,750,2,160,80,5,0,[80; 5; 750; 2; 160; 80; 5; 0],0.009094413500861265,0.5026633736189415,tvm
64,2,60,5,160,32,2,0,[64; 2; 60; 5; 160; 32; 2; 0],0.007416323438519612,0.6164009174256139,tvm
40,1,1500,4,160,32,2,0,[40; 1; 1500; 4; 160; 32; 2; 0],0.026510336727369577,0.17243947590861705,tvm
80,5,300,5,160,80,5,1,[80; 5; 300; 5; 160; 80; 5; 1],0.015472244122065604,0.29545995625218124,tvm
128,8,150,5,160,32,2,1,[128; 8; 150; 5; 160; 32; 2; 1],0.012155505261034705,0.37607886083374875,tvm
256,1,300,4,160,32,2,1,[256; 1; 300; 4; 160; 32; 2; 1],0.014435242250328884,0.31668526874389097,tvm
160,2,150,5,160,32,2,1,[160; 2; 150; 5; 160; 32; 2; 1],0.01328242477029562,0.3441712375930007,tvm
160,4,300,5,160,32,2,0,[160; 4; 300; 5; 160; 32; 2; 0],0.016610441118245944,0.2752141583047442,tvm
256,128,150,5,64,32,2,0,[256; 128; 150; 5; 64; 32; 2; 0],0.009289872570661828,0.49208732807224015,tvm
160,8,250,10,128,32,2,1,[160; 8; 250; 10; 128; 32; 2; 1],0.018251484871143475,0.250468857942415,tvm
40,2,20,5,128,64,4,1,[40; 2; 20; 5; 128; 64; 4; 1],0.010820725248777308,0.4224697020142085,tvm
32,1,150,5,80,80,5,1,[32; 1; 150; 5; 80; 80; 5; 1],0.013277274003485218,0.3443047548938581,tvm
128,64,150,10,64,32,2,1,[128; 64; 150; 10; 64; 32; 2; 1],0.017286723013967276,0.26444737777859706,tvm
32,8,100,5,64,64,4,0,[32; 8; 100; 5; 64; 64; 4; 0],0.015346298372605816,0.29788477067465874,tvm
40,8,1500,2,160,160,10,1,[40; 8; 1500; 2; 160; 160; 10; 1],0.017118438496254385,0.2670470541123729,tvm
64,64,375,5,128,64,4,0,[64; 64; 375; 5; 128; 64; 4; 0],0.010818255686899647,0.4225661422445707,tvm
256,64,150,6,128,32,2,1,[256; 64; 150; 6; 128; 32; 2; 1],0.010991976494551636,0.41588776810926403,tvm
80,16,20,4,160,80,5,0,[80; 16; 20; 4; 160; 80; 5; 0],0.007050042564515024,0.6484256697169377,tvm
80,80,6,6,32,32,2,1,[80; 80; 6; 6; 32; 32; 2; 1],0.014594528649467975,0.31322892854064305,tvm
64,8,100,10,32,16,1,0,[64; 8; 100; 10; 32; 16; 1; 0],0.018918333487818018,0.24164013042545357,tvm
160,10,750,6,128,32,2,1,[160; 10; 750; 6; 128; 32; 2; 1],0.02045400138013065,0.2234980083588599,tvm
80,16,300,10,32,32,2,0,[80; 16; 300; 10; 32; 32; 2; 0],0.016729587252484635,0.27325411574332986,tvm
40,20,300,5,80,80,5,0,[40; 20; 300; 5; 80; 80; 5; 0],0.016627974371658638,0.2749239606250712,tvm
80,10,60,6,128,32,2,1,[80; 10; 60; 6; 128; 32; 2; 1],0.021976210147840902,0.2080171485745326,tvm
40,2,300,10,64,32,2,1,[40; 2; 300; 10; 64; 32; 2; 1],0.008276264066807926,0.5523541219234837,tvm
160,8,100,10,32,32,2,0,[160; 8; 100; 10; 32; 32; 2; 0],0.010380556937889196,0.4403837480764433,tvm
64,8,12,12,32,16,1,1,[64; 8; 12; 12; 32; 16; 1; 1],0.007789094132022001,0.5869011843925241,tvm
80,5,12,12,32,32,2,0,[80; 5; 12; 12; 32; 32; 2; 0],0.012995181139558554,0.35177874954837784,tvm
32,4,20,5,160,80,5,1,[32; 4; 20; 5; 160; 80; 5; 1],0.019912684248993173,0.2295736985665161,tvm
40,40,150,5,80,80,5,0,[40; 40; 150; 5; 80; 80; 5; 0],0.024443356378469616,0.1870213116663149,tvm
80,10,750,5,128,64,4,1,[80; 10; 750; 5; 128; 64; 4; 1],0.01934252172941342,0.23634087816362528,tvm
320,40,750,10,160,16,1,0,[320; 40; 750; 10; 160; 16; 1; 0],0.017572794895386323,0.2601423734040613,tvm
80,2,375,5,64,64,4,0,[80; 2; 375; 5; 64; 64; 4; 0],0.00840691538178362,0.5437700231090815,tvm
40,20,10,10,64,32,2,1,[40; 20; 10; 10; 64; 32; 2; 1],0.015801624103914946,0.2893011845722854,tvm
40,8,750,3,160,80,5,0,[40; 8; 750; 3; 160; 80; 5; 0],0.01665968360612169,0.274400683680978,tvm
32,16,500,5,160,32,2,1,[32; 16; 500; 5; 160; 32; 2; 1],0.014301587623776868,0.31964483186666764,tvm
160,10,150,10,16,16,1,1,[160; 10; 150; 10; 16; 16; 1; 1],0.02501722250599414,0.18273125924883368,tvm
64,64,75,5,80,80,5,0,[64; 64; 75; 5; 80; 80; 5; 0],0.03207203099736944,0.14253629811606014,tvm
256,8,300,15,32,16,1,0,[256; 8; 300; 15; 32; 16; 1; 0],0.02774357848102227,0.16477429451127273,tvm
40,4,150,6,128,64,4,1,[40; 4; 150; 6; 128; 64; 4; 1],0.02030591038055718,0.22512797928063816,tvm
160,5,750,15,80,16,1,1,[160; 5; 750; 15; 80; 16; 1; 1],0.0072467757418053225,0.6308224145887167,tvm
128,32,12,6,64,64,4,1,[128; 32; 12; 6; 64; 64; 4; 1],0.007175757738878019,0.6370656225837618,tvm
160,4,150,10,160,16,1,0,[160; 4; 150; 10; 160; 16; 1; 0],0.015287153393728659,0.29903726702343003,tvm
32,2,25,5,160,32,2,1,[32; 2; 25; 5; 160; 32; 2; 1],0.014807510480750352,0.30872364246315365,tvm
80,8,500,5,80,80,5,0,[80; 8; 500; 5; 80; 80; 5; 0],0.01622892974410206,0.28168392146068205,tvm
80,80,125,5,80,80,5,1,[80; 80; 125; 5; 80; 80; 5; 1],0.028618292999453843,0.15973798896795885,tvm
40,4,100,1,160,160,10,1,[40; 4; 100; 1; 160; 160; 10; 1],0.041980034729931504,0.1088953022749448,tvm
256,16,750,6,32,32,2,1,[256; 16; 750; 6; 32; 32; 2; 1],0.012805411242879927,0.35699193760531356,tvm
80,16,1500,12,32,32,2,1,[80; 16; 1500; 12; 32; 32; 2; 1],0.0059604933121590875,0.7669547354584061,tvm
128,2,1500,12,64,32,2,1,[128; 2; 1500; 12; 64; 32; 2; 1],0.016034547123126686,0.2850987019667792,tvm
32,4,25,5,160,80,5,0,[32; 4; 25; 5; 160; 80; 5; 0],0.007912966815638356,0.577713603246014,tvm
80,5,375,15,32,16,1,1,[80; 5; 375; 15; 32; 16; 1; 1],0.016041669878177345,0.2849721136355898,tvm
128,64,150,10,160,32,2,1,[128; 64; 150; 10; 160; 32; 2; 1],0.02168536212411709,0.2108071124320547,tvm
128,128,250,10,160,32,2,1,[128; 128; 250; 10; 160; 32; 2; 1],0.015840196487260982,0.288596708702762,tvm
80,10,500,10,64,32,2,1,[80; 10; 500; 10; 64; 32; 2; 1],0.015240517619531602,0.29995231694558866,tvm
160,2,150,5,160,32,2,1,[160; 2; 150; 5; 160; 32; 2; 1],0.014243839512346312,0.3209407524892524,tvm
160,10,150,5,160,32,2,1,[160; 10; 150; 5; 160; 32; 2; 1],0.006374219374265522,0.7171746535559612,tvm
64,2,300,5,160,80,5,1,[64; 2; 300; 5; 160; 80; 5; 1],0.006434135066228919,0.7104962087946828,tvm
128,128,500,5,160,32,2,0,[128; 128; 500; 5; 160; 32; 2; 0],0.014878298505209386,0.3072547959585542,tvm
160,20,150,10,160,32,2,0,[160; 20; 150; 10; 160; 32; 2; 0],0.01724907910102047,0.26502450041858305,tvm
128,16,250,10,160,32,2,1,[128; 16; 250; 10; 160; 32; 2; 1],0.013217532250564545,0.3458609734985377,tvm
160,16,30,5,160,32,2,0,[160; 16; 30; 5; 160; 32; 2; 0],0.015634019364370033,0.29240264226913193,tvm
160,16,300,10,160,32,2,1,[160; 16; 300; 10; 160; 32; 2; 1],0.012063988746376708,0.378931766891904,tvm
128,32,750,10,160,32,2,1,[128; 32; 750; 10; 160; 32; 2; 1],0.01689261189312674,0.2706170366282193,tvm
80,5,1500,6,160,32,2,1,[80; 5; 1500; 6; 160; 32; 2; 1],0.0077900014439364895,0.5868328272245493,tvm
40,2,1500,10,160,32,2,0,[40; 2; 1500; 10; 160; 32; 2; 0],0.01521358999889344,0.3004832239965107,tvm
128,4,300,6,160,32,2,0,[128; 4; 300; 6; 160; 32; 2; 0],0.012916966632474214,0.3539088318100676,tvm
160,20,125,5,160,32,2,1,[160; 20; 125; 5; 160; 32; 2; 1],0.012615003128303215,0.36238029629751295,tvm
64,2,300,10,160,32,2,0,[64; 2; 300; 10; 160; 32; 2; 0],0.01327010674867779,0.34449071571214457,tvm
40,4,75,5,160,32,2,1,[40; 4; 75; 5; 160; 32; 2; 1],0.015186701115453616,0.3010152459494181,tvm
160,2,60,6,160,32,2,1,[160; 2; 60; 6; 160; 32; 2; 1],0.012805257021682337,0.3569962370679526,tvm
160,16,75,5,160,32,2,0,[160; 16; 75; 5; 160; 32; 2; 0],0.025058165250811726,0.1824326931230724,tvm
32,2,100,10,64,32,2,0,[32; 2; 100; 10; 64; 32; 2; 0],0.009950159190339036,0.45943270695278265,tvm
256,256,50,5,128,32,2,1,[256; 256; 50; 5; 128; 32; 2; 1],0.02748940873425454,0.1662978136642174,tvm
256,2,500,10,128,32,2,0,[256; 2; 500; 10; 128; 32; 2; 0],0.009714702871860936,0.47056802783643703,tvm
160,32,25,5,32,32,2,1,[160; 32; 25; 5; 32; 32; 2; 1],0.013770685996860266,0.3319681076506184,tvm
80,5,250,25,64,16,1,1,[80; 5; 250; 25; 64; 16; 1; 1],0.025672730000223964,0.17806554158395665,tvm
64,64,20,4,64,64,4,0,[64; 64; 20; 4; 64; 64; 4; 0],0.022573886992176995,0.20250958875681468,tvm
80,4,6,2,160,80,5,0,[80; 4; 6; 2; 160; 80; 5; 0],0.018616280984133482,0.24556078495617714,tvm
80,40,60,10,64,32,2,1,[80; 40; 60; 10; 64; 32; 2; 1],0.01263233323697932,0.36188315219918193,tvm
40,8,60,15,16,16,1,1,[40; 8; 60; 15; 16; 16; 1; 1],0.009571474118274637,0.47760966753286505,tvm
160,8,60,15,80,16,1,1,[160; 8; 60; 15; 80; 16; 1; 1],0.014338605251396075,0.3188196125968023,tvm
80,1,75,5,80,80,5,1,[80; 1; 75; 5; 80; 80; 5; 1],0.010217170565738343,0.44742607965830883,tvm
64,2,50,5,80,80,5,0,[64; 2; 50; 5; 80; 80; 5; 0],0.013304440508363768,0.34360171467223793,tvm
128,128,1500,4,64,64,4,1,[128; 128; 1500; 4; 64; 64; 4; 1],0.008152761438395828,0.5607214936891451,tvm
160,80,60,5,64,32,2,1,[160; 80; 60; 5; 64; 32; 2; 1],0.017384685372235253,0.2629572220346025,tvm
80,4,375,5,32,32,2,0,[80; 4; 375; 5; 32; 32; 2; 0],0.008059142885031179,0.567235081527021,tvm
20,4,750,6,160,32,2,1,[20; 4; 750; 6; 160; 32; 2; 1],0.016263402882032096,0.2810868429311994,tvm
64,16,250,10,64,16,1,1,[64; 16; 250; 10; 64; 16; 1; 1],0.009799328181543387,0.46650428343023154,tvm
256,16,250,5,64,32,2,0,[256; 16; 250; 5; 64; 32; 2; 0],0.015284178749425337,0.2990954663887617,tvm
64,64,30,10,32,32,2,1,[64; 64; 30; 10; 32; 32; 2; 1],0.01511086500249803,0.30252593552207985,tvm
32,2,1500,12,128,32,2,1,[32; 2; 1500; 12; 128; 32; 2; 1],0.021878386876778677,0.20894724081694538,tvm
80,4,1500,3,64,64,4,0,[80; 4; 1500; 3; 64; 64; 4; 0],0.00920118999783881,0.49683014615525994,tvm
32,4,300,10,160,16,1,1,[32; 4; 300; 10; 160; 16; 1; 1],0.014889663725625724,0.3070202696089741,tvm
32,8,5,5,32,32,2,1,[32; 8; 5; 5; 32; 32; 2; 1],0.008053452067542821,0.5676359073213376,tvm
160,40,20,5,64,32,2,1,[160; 40; 20; 5; 64; 32; 2; 1],0.015852557495236397,0.2883716758511843,tvm
32,2,375,15,64,16,1,1,[32; 2; 375; 15; 64; 16; 1; 1],0.009979984009987675,0.45805970899889425,tvm
64,16,250,10,32,32,2,1,[64; 16; 250; 10; 32; 32; 2; 1],0.01316134599619545,0.34733746630094176,tvm
256,256,60,10,64,32,2,1,[256; 256; 60; 10; 64; 32; 2; 1],0.02759463875554502,0.16566364980987344,tvm
80,1,4,4,64,64,4,1,[80; 1; 4; 4; 64; 64; 4; 1],0.016273625602480024,0.280910270587269,tvm
128,128,60,5,64,64,4,0,[128; 128; 60; 5; 64; 64; 4; 0],0.0167783003707882,0.27246076601344205,tvm
64,1,12,12,32,32,2,0,[64; 1; 12; 12; 32; 32; 2; 0],0.01509619623539038,0.30281989582989527,tvm
256,4,100,10,32,16,1,1,[256; 4; 100; 10; 32; 16; 1; 1],0.014413292519748211,0.3171675427502134,tvm
160,4,1500,6,128,32,2,0,[160; 4; 1500; 6; 128; 32; 2; 0],0.01650795925525017,0.27692269533405106,tvm
80,1,12,3,160,80,5,0,[80; 1; 12; 3; 160; 80; 5; 0],0.008773477369686589,0.5210509332620386,tvm
256,4,300,10,32,16,1,1,[256; 4; 300; 10; 32; 16; 1; 1],0.00799664632359054,0.5716682202065896,tvm
128,1,500,10,32,32,2,0,[128; 1; 500; 10; 32; 32; 2; 0],0.013861965126125142,0.3297821434287817,tvm
80,4,5,5,128,64,4,0,[80; 4; 5; 5; 128; 64; 4; 0],0.01998888613888994,0.22869851474787786,tvm
32,2,12,6,64,32,2,1,[32; 2; 12; 6; 64; 32; 2; 1],0.019781377632170916,0.23109758361793523,tvm
160,40,25,5,160,32,2,0,[160; 40; 25; 5; 160; 32; 2; 0],0.01264198761782609,0.361606790769399,tvm
32,8,30,6,64,32,2,1,[32; 8; 30; 6; 64; 32; 2; 1],0.017260363732930273,0.2648512303774311,tvm
128,8,100,10,80,16,1,1,[128; 8; 100; 10; 80; 16; 1; 1],0.014384231646545231,0.3178083253773604,tvm
64,1,60,5,64,64,4,0,[64; 1; 60; 5; 64; 64; 4; 0],0.008571845435653813,0.533307396376296,tvm
256,2,10,10,32,32,2,1,[256; 2; 10; 10; 32; 32; 2; 1],0.005824287625728175,0.7848905935267979,tvm
128,32,500,5,64,64,4,1,[128; 32; 500; 5; 64; 64; 4; 1],0.013741566624958068,0.3326715720408277,tvm
40,8,25,5,64,64,4,0,[40; 8; 25; 5; 64; 64; 4; 0],0.009357445131172426,0.48853383667725575,tvm
256,8,15,15,32,16,1,1,[256; 8; 15; 15; 32; 16; 1; 1],0.015414580499054864,0.29656522742924246,tvm
64,1,5,5,160,32,2,0,[64; 1; 5; 5; 160; 32; 2; 0],0.01568008802132681,0.29154355289401934,tvm
80,8,500,10,32,32,2,0,[80; 8; 500; 10; 32; 32; 2; 0],0.02026727524935268,0.22555713657535587,tvm
256,128,10,5,64,32,2,1,[256; 128; 10; 5; 64; 32; 2; 1],0.018971749377669767,0.24095978079961672,tvm
64,16,15,5,64,64,4,0,[64; 16; 15; 5; 64; 64; 4; 0],0.008496809809003025,0.5380170527748886,tvm
80,2,750,10,64,16,1,1,[80; 2; 750; 10; 64; 16; 1; 1],0.016276873735478148,0.28085421351302764,tvm
160,80,1500,6,160,32,2,1,[160; 80; 1500; 6; 160; 32; 2; 1],0.015581966639729217,0.2933794351588994,tvm
64,8,150,15,64,16,1,1,[64; 8; 150; 15; 64; 16; 1; 1],0.019337192992679775,0.23640600645394175,tvm
32,8,12,12,64,32,2,1,[32; 8; 12; 12; 64; 32; 2; 1],0.015572897886158898,0.2935502823460771,tvm
80,16,60,2,160,80,5,0,[80; 16; 60; 2; 160; 80; 5; 0],0.017108482512412593,0.2672024575009441,tvm
80,40,15,5,64,64,4,1,[80; 40; 15; 5; 64; 64; 4; 1],0.014801835233811289,0.30884201176528603,tvm
160,2,1500,6,64,32,2,0,[160; 2; 1500; 6; 64; 32; 2; 0],0.01615555409807712,0.28296327960504164,tvm
32,4,500,5,160,32,2,1,[32; 4; 500; 5; 160; 32; 2; 1],0.00778184412047267,0.5874479751402297,tvm
40,8,1500,15,32,16,1,1,[40; 8; 1500; 15; 32; 16; 1; 1],0.01298433862393722,0.35207250086661596,tvm
32,4,1500,10,64,32,2,1,[32; 4; 1500; 10; 64; 32; 2; 1],0.01489602675428614,0.3068891219675879,tvm
40,2,1500,6,160,32,2,1,[40; 2; 1500; 6; 160; 32; 2; 1],0.01750265687587671,0.26118483632786116,tvm
40,5,250,5,160,80,5,0,[40; 5; 250; 5; 160; 80; 5; 0],0.007574568880954757,0.6035232688850212,tvm
64,16,250,10,160,32,2,0,[64; 16; 250; 10; 160; 32; 2; 0],0.018249583896249533,0.25049494812690193,tvm
80,1,250,10,160,32,2,0,[80; 1; 250; 10; 160; 32; 2; 0],0.01499083623639308,0.3049482029782013,tvm
128,1,500,5,160,32,2,1,[128; 1; 500; 5; 160; 32; 2; 1],0.014799127646256238,0.30889851623011133,tvm
128,16,1500,6,128,64,4,0,[128; 16; 1500; 6; 128; 64; 4; 0],0.009331628112704493,0.4898854215166189,tvm
80,16,10,5,160,32,2,1,[80; 16; 10; 5; 160; 32; 2; 1],0.012909083248814568,0.35412495862929405,tvm
128,4,100,5,128,64,4,0,[128; 4; 100; 5; 128; 64; 4; 0],0.009342163932160474,0.48933294305523717,tvm
80,2,20,5,32,32,2,0,[80; 2; 20; 5; 32; 32; 2; 0],0.01635491126216948,0.2795141164723245,tvm
80,8,300,10,80,16,1,1,[80; 8; 300; 10; 80; 16; 1; 1],0.023327357252128422,0.19596855837630162,tvm
40,40,30,5,64,64,4,0,[40; 40; 30; 5; 64; 64; 4; 0],0.02089659738703631,0.21876425557514756,tvm
320,8,750,10,128,16,1,1,[320; 8; 750; 10; 128; 16; 1; 1],0.025212359963916242,0.1813169642973196,tvm
160,10,300,4,160,32,2,1,[160; 10; 300; 4; 160; 32; 2; 1],0.019209749123547226,0.2379744025821209,tvm
128,128,250,5,64,64,4,0,[128; 128; 250; 5; 64; 64; 4; 0],0.00833813869394362,0.5482552808517103,tvm
64,4,25,5,128,64,4,0,[64; 4; 25; 5; 128; 64; 4; 0],0.020294495130656287,0.22525460929171387,tvm
40,20,30,3,160,80,5,0,[40; 20; 30; 3; 160; 80; 5; 0],0.008242547191912308,0.5546135757541207,tvm
128,32,20,5,160,32,2,0,[128; 32; 20; 5; 160; 32; 2; 0],0.006975010488531552,0.6554009601770497,tvm
40,4,30,3,160,80,5,1,[40; 4; 30; 3; 160; 80; 5; 1],0.022821268998086452,0.20031438969550217,tvm
80,2,20,4,64,64,4,1,[80; 2; 20; 4; 64; 64; 4; 1],0.0247134096280206,0.18497765546059605,tvm
40,2,375,15,64,16,1,0,[40; 2; 375; 15; 64; 16; 1; 0],0.030914359958842397,0.14787395170123882,tvm
160,16,10,5,64,32,2,0,[160; 16; 10; 5; 64; 32; 2; 0],0.02832600602414459,0.16138627406673453,tvm
160,8,1500,12,32,16,1,0,[160; 8; 1500; 12; 32; 16; 1; 0],0.008087244001217186,0.5652640838758594,tvm
64,8,500,2,160,80,5,1,[64; 8; 500; 2; 160; 80; 5; 1],0.01670401738374494,0.27367240265668863,tvm
80,8,20,10,64,32,2,0,[80; 8; 20; 10; 64; 32; 2; 0],0.015228025120450184,0.3001983865451771,tvm
40,20,10,5,128,64,4,1,[40; 20; 10; 5; 128; 64; 4; 1],0.010273236752254888,0.444984251961796,tvm
64,32,30,6,128,64,4,1,[64; 32; 30; 6; 128; 64; 4; 1],0.010043560760095716,0.455160144954906,tvm
32,4,12,6,32,32,2,0,[32; 4; 12; 6; 32; 32; 2; 0],0.019112176611088216,0.2391893223075591,tvm
40,4,300,5,128,64,4,0,[40; 4; 300; 5; 128; 64; 4; 0],0.02285336027853191,0.2000331030409957,tvm
32,2,30,10,32,32,2,0,[32; 2; 30; 10; 32; 32; 2; 0],0.019949310109950602,0.22915221359701904,tvm
20,10,75,5,160,80,5,1,[20; 10; 75; 5; 160; 80; 5; 1],0.007317228635656647,0.6247486308070422,tvm
32,8,1500,5,64,32,2,1,[32; 8; 1500; 5; 64; 32; 2; 1],0.01769872088334523,0.2582914664601755,tvm
64,2,25,5,32,32,2,0,[64; 2; 25; 5; 32; 32; 2; 0],0.008674186814459972,0.5270152314229556,tvm
128,4,300,10,32,16,1,1,[128; 4; 300; 10; 32; 16; 1; 1],0.028164550254587084,0.16231143512345048,tvm
80,8,4,4,80,80,5,1,[80; 8; 4; 4; 80; 80; 5; 1],0.025780159747228026,0.17732351607790592,tvm
80,1,1500,10,160,16,1,0,[80; 1; 1500; 10; 160; 16; 1; 0],0.030848208989482373,0.14819105293883317,tvm
80,1,12,6,128,64,4,0,[80; 1; 12; 6; 128; 64; 4; 0],0.030774347251281142,0.14854672737983945,tvm
32,16,300,6,160,32,2,1,[32; 16; 300; 6; 160; 32; 2; 1],0.027987319277599454,0.16333927969612513,tvm
256,16,375,5,32,32,2,1,[256; 16; 375; 5; 32; 32; 2; 1],0.006079992876038887,0.7518805802297018,tvm
160,16,6,6,32,32,2,0,[160; 16; 6; 6; 32; 32; 2; 0],0.013081772747682407,0.34945023580526996,tvm
80,5,300,4,64,64,4,1,[80; 5; 300; 4; 64; 64; 4; 1],0.01487442513462156,0.3073348065592237,tvm
256,2,150,6,128,32,2,1,[256; 2; 150; 6; 128; 32; 2; 1],0.010637390936608426,0.42975092282225585,tvm
80,1,750,6,128,64,4,1,[80; 1; 750; 6; 128; 64; 4; 1],0.00990790719515644,0.4613919449773764,tvm
64,2,50,10,160,16,1,0,[64; 2; 50; 10; 160; 16; 1; 0],0.018462262145476416,0.24760934144511937,tvm
256,2,12,6,160,32,2,1,[256; 2; 12; 6; 160; 32; 2; 1],0.01261403551325202,0.3624080942713323,tvm
80,10,1500,3,160,80,5,1,[80; 10; 1500; 3; 160; 80; 5; 1],0.020259731507394463,0.22564112311952786,tvm
128,8,60,5,64,64,4,0,[128; 8; 60; 5; 64; 64; 4; 0],0.007260523940203711,0.6296279179130851,tvm
64,32,750,6,64,32,2,1,[64; 32; 750; 6; 64; 32; 2; 1],0.0167880579829216,0.27230240544076395,tvm
64,16,10,5,64,32,2,1,[64; 16; 10; 5; 64; 32; 2; 1],0.00815414119279012,0.560626614544107,tvm
40,5,100,10,32,16,1,1,[40; 5; 100; 10; 32; 16; 1; 1],0.016489574016304687,0.2772314534570996,tvm
32,1,100,10,64,32,2,1,[32; 1; 100; 10; 64; 32; 2; 1],0.008739820244954899,0.5230575049947337,tvm
256,1,300,5,64,32,2,0,[256; 1; 300; 5; 64; 32; 2; 0],0.008783847937593237,0.5204357593514007,tvm
40,20,500,5,64,64,4,1,[40; 20; 500; 5; 64; 64; 4; 1],0.00776381793548353,0.5888119233882915,tvm
128,4,250,5,64,64,4,0,[128; 4; 250; 5; 64; 64; 4; 0],0.0148879149928689,0.30705633217399625,tvm
32,1,1500,6,160,32,2,0,[32; 1; 1500; 6; 160; 32; 2; 0],0.0104920448793564,0.4357042525068756,tvm
80,20,30,3,160,80,5,1,[80; 20; 30; 3; 160; 80; 5; 1],0.006846121250418946,0.6677399368509321,tvm
40,4,750,5,64,32,2,1,[40; 4; 750; 5; 64; 32; 2; 1],0.019035532110137865,0.24015239211484607,tvm
256,4,150,6,64,32,2,1,[256; 4; 150; 6; 64; 32; 2; 1],0.007422987560858019,0.6158475322704384,tvm
64,32,500,5,160,80,5,0,[64; 32; 500; 5; 160; 80; 5; 0],0.02931429323507473,0.15594537909441494,tvm
64,8,300,5,64,64,4,0,[64; 8; 300; 5; 64; 64; 4; 0],0.022014059621142223,0.2076594980708687,tvm
256,4,250,10,32,16,1,1,[256; 4; 250; 10; 32; 16; 1; 1],0.01578996336320415,0.2895148307995138,tvm
64,8,30,5,64,64,4,1,[64; 8; 30; 5; 64; 64; 4; 1],0.01627955786534585,0.2808079070230606,tvm
80,16,150,6,64,64,4,1,[80; 16; 150; 6; 64; 64; 4; 1],0.006714822942740284,0.6807965914233021,tvm
32,4,100,10,160,32,2,0,[32; 4; 100; 10; 160; 32; 2; 0],0.007911859691375867,0.5777944440055665,tvm
80,4,500,10,160,16,1,0,[80; 4; 500; 10; 160; 16; 1; 0],0.017270441516302526,0.2646966823119923,tvm
40,5,300,6,64,64,4,0,[40; 5; 300; 6; 64; 64; 4; 0],0.009360529569676146,0.488372857262042,tvm
80,2,60,10,160,32,2,0,[80; 2; 60; 10; 160; 32; 2; 0],0.012943394860485569,0.3531862097002483,tvm
40,10,30,5,160,80,5,1,[40; 10; 30; 5; 160; 80; 5; 1],0.013206983363488689,0.34613722495225485,tvm
160,2,500,5,160,32,2,1,[160; 2; 500; 5; 160; 32; 2; 1],0.01347635587444529,0.33921845148785373,tvm
64,8,500,10,160,32,2,1,[64; 8; 500; 10; 160; 32; 2; 1],0.026326282997615635,0.17364504407411427,tvm
128,8,15,5,128,64,4,0,[128; 8; 15; 5; 128; 64; 4; 0],0.0094174173718784,0.4854227428720995,tvm
20,20,6,6,32,32,2,1,[20; 20; 6; 6; 32; 32; 2; 1],0.01645788288442418,0.2777652875240104,tvm
128,128,750,5,160,32,2,0,[128; 128; 750; 5; 160; 32; 2; 0],0.01480009124497883,0.308878404582776,tvm
80,16,1500,3,80,80,5,1,[80; 16; 1500; 3; 80; 80; 5; 1],0.013490399898728356,0.3388653120549442,tvm
80,10,125,5,64,32,2,0,[80; 10; 125; 5; 64; 32; 2; 0],0.009005207699374296,0.5076427689442639,tvm
64,16,100,4,80,80,5,1,[64; 16; 100; 4; 80; 80; 5; 1],0.01556824124418199,0.2936380866488025,tvm
256,128,100,10,64,32,2,0,[256; 128; 100; 10; 64; 32; 2; 0],0.014766499982215464,0.3095810501428454,tvm
40,5,750,10,160,16,1,1,[40; 5; 750; 10; 160; 16; 1; 1],0.01778146837023087,0.25708948643869606,tvm
80,80,300,3,160,80,5,0,[80; 80; 300; 3; 160; 80; 5; 0],0.007660690258489922,0.5967384683595984,tvm
64,64,5,5,64,64,4,1,[64; 64; 5; 5; 64; 64; 4; 1],0.014632188365794718,0.3124227529844463,tvm
40,20,500,4,64,64,4,0,[40; 20; 500; 4; 64; 64; 4; 0],0.018805498257279396,0.24309000000353745,tvm
80,20,750,5,64,32,2,1,[80; 20; 750; 5; 64; 32; 2; 1],0.008474705449771136,0.5394203490048171,tvm
128,16,375,3,128,64,4,1,[128; 16; 375; 3; 128; 64; 4; 1],0.02614934154553339,0.17482002609772884,tvm
80,5,1500,5,128,32,2,0,[80; 5; 1500; 5; 128; 32; 2; 0],0.013766625634161755,0.33206601914739464,tvm
32,16,75,3,160,80,5,1,[32; 16; 75; 3; 160; 80; 5; 1],0.0166762066364754,0.2741288034551943,tvm
80,80,75,5,160,80,5,1,[80; 80; 75; 5; 160; 80; 5; 1],0.028968064521905035,0.15780925121772477,tvm
160,32,1500,12,160,32,2,0,[160; 32; 1500; 12; 160; 32; 2; 0],0.007968905003508553,0.5736583093180131,tvm
256,32,6,6,160,32,2,0,[256; 32; 6; 6; 160; 32; 2; 0],0.012850500643253326,0.35573933641477457,tvm
64,32,100,5,128,64,4,0,[64; 32; 100; 5; 128; 64; 4; 0],0.020363440620712936,0.22449195381937,tvm
256,32,500,10,32,16,1,1,[256; 32; 500; 10; 32; 16; 1; 1],0.01626505787135102,0.28105824200481966,tvm
40,10,150,3,160,80,5,0,[40; 10; 150; 3; 160; 80; 5; 0],0.008448369437246583,0.541101878342864,tvm
40,2,150,5,64,32,2,0,[40; 2; 150; 5; 64; 32; 2; 0],0.02122396123013459,0.21538997936624021,tvm
80,20,750,10,160,32,2,1,[80; 20; 750; 10; 160; 32; 2; 1],0.008526331177563407,0.5361542351835976,tvm
64,4,750,3,64,64,4,0,[64; 4; 750; 3; 64; 64; 4; 0],0.0093464342498919,0.48910937039774766,tvm
80,2,500,5,128,32,2,0,[80; 2; 500; 5; 128; 32; 2; 0],0.012243590943398885,0.3733731870463421,tvm
256,4,300,10,128,32,2,0,[256; 4; 300; 10; 128; 32; 2; 0],0.017503201874205843,0.26117670379871494,tvm
160,16,150,6,160,32,2,0,[160; 16; 150; 6; 160; 32; 2; 0],0.005915922338317614,0.7727330262297877,tvm
32,32,30,10,160,32,2,1,[32; 32; 30; 10; 160; 32; 2; 1],0.017037529381923378,0.2683152274577325,tvm
32,32,250,5,64,64,4,0,[32; 32; 250; 5; 64; 64; 4; 0],0.03156718850368634,0.14481582897047457,tvm
160,20,750,6,160,32,2,0,[160; 20; 750; 6; 160; 32; 2; 0],0.011881323880515993,0.3847575082878761,tvm
40,8,10,10,32,32,2,0,[40; 8; 10; 10; 32; 32; 2; 0],0.03213465673616156,0.14225851575020193,tvm
80,40,1500,3,64,64,4,1,[80; 40; 1500; 3; 64; 64; 4; 1],0.017076077492674813,0.26770952365316886,tvm
64,2,300,10,64,32,2,1,[64; 2; 300; 10; 64; 32; 2; 1],0.007783124252455309,0.5873513544366766,tvm
64,16,250,5,80,80,5,1,[64; 16; 250; 5; 80; 80; 5; 1],0.010006264623370953,0.4568566536558904,tvm
80,8,15,5,64,64,4,1,[80; 8; 15; 5; 64; 64; 4; 1],0.014259101764764637,0.3205972330406486,tvm
160,5,300,15,64,16,1,1,[160; 5; 300; 15; 64; 16; 1; 1],0.008998570818221197,0.5080171800361776,tvm
64,4,20,5,160,32,2,1,[64; 4; 20; 5; 160; 32; 2; 1],0.013889273628592491,0.32913373972399956,tvm
64,1,375,5,80,80,5,1,[64; 1; 375; 5; 80; 80; 5; 1],0.01591248798649758,0.2872855945159313,tvm
128,16,1500,6,32,32,2,1,[128; 16; 1500; 6; 32; 32; 2; 1],0.014029491867404431,0.3258442012464934,tvm
80,10,60,2,160,80,5,0,[80; 10; 60; 2; 160; 80; 5; 0],0.01763915750780143,0.25916365730090707,tvm
64,1,500,10,32,32,2,0,[64; 1; 500; 10; 32; 32; 2; 0],0.0077178281208034605,0.5923205984733262,tvm
80,10,1500,12,32,16,1,1,[80; 10; 1500; 12; 32; 16; 1; 1],0.00850568400346674,0.5374557260257202,tvm
128,8,1500,5,64,64,4,0,[128; 8; 1500; 5; 64; 64; 4; 0],0.014464414271060377,0.31604657373336165,tvm
32,16,10,5,80,80,5,1,[32; 16; 10; 5; 80; 80; 5; 1],0.013094069494400173,0.3491220642584488,tvm
80,8,1500,15,16,16,1,1,[80; 8; 1500; 15; 16; 16; 1; 1],0.024208097252994776,0.1888388221367973,tvm
32,1,300,6,64,64,4,0,[32; 1; 300; 6; 64; 64; 4; 0],0.02599449100671336,0.17586143811194266,tvm
128,2,60,6,64,64,4,1,[128; 2; 60; 6; 64; 64; 4; 1],0.017884385131765157,0.2556100496465533,tvm
20,4,100,5,160,32,2,0,[20; 4; 100; 5; 160; 32; 2; 0],0.027548704005312175,0.1659398776271679,tvm
256,16,60,10,32,32,2,1,[256; 16; 60; 10; 32; 32; 2; 1],0.005515391341759823,0.8288493577628788,tvm
80,8,15,5,160,80,5,0,[80; 8; 15; 5; 160; 80; 5; 0],0.012922660127514973,0.35375290585063596,tvm
128,32,25,5,64,64,4,1,[128; 32; 25; 5; 64; 64; 4; 1],0.013619750738143921,0.335647007006206,tvm
80,8,20,5,160,32,2,0,[80; 8; 20; 5; 160; 32; 2; 0],0.014467705885181203,0.3159746685278511,tvm
64,4,1500,12,32,32,2,1,[64; 4; 1500; 12; 32; 32; 2; 1],0.012891915132058784,0.3545965455559537,tvm
256,4,5,5,32,32,2,1,[256; 4; 5; 5; 32; 32; 2; 1],0.01971129814046435,0.23191920384198908,tvm
128,2,750,5,160,32,2,0,[128; 2; 750; 5; 160; 32; 2; 0],0.017191312625072896,0.26591503924844645,tvm
64,1,30,5,160,32,2,0,[64; 1; 30; 5; 160; 32; 2; 0],0.03033907851204276,0.1506778978014772,tvm
64,2,750,5,64,64,4,0,[64; 2; 750; 5; 64; 64; 4; 0],0.008234694803832099,0.5551424406525923,tvm
80,20,60,10,160,32,2,1,[80; 20; 60; 10; 160; 32; 2; 1],0.005939459028013516,0.769670865623853,tvm
256,4,75,5,160,32,2,0,[256; 4; 75; 5; 160; 32; 2; 0],0.01343986886786297,0.34013937311245956,tvm
20,2,100,5,160,80,5,0,[20; 2; 100; 5; 160; 80; 5; 0],0.00842956206179224,0.5423091422683736,tvm
256,32,60,5,160,32,2,1,[256; 32; 60; 5; 160; 32; 2; 1],0.013999836141010746,0.3265344340736354,tvm
80,16,6,6,64,64,4,1,[80; 16; 6; 6; 64; 64; 4; 1],0.020545227511320263,0.22250561931766147,tvm
32,8,150,5,160,80,5,0,[32; 8; 150; 5; 160; 80; 5; 0],0.01578154813614674,0.2896692093824417,tvm
64,1,250,5,160,80,5,0,[64; 1; 250; 5; 160; 80; 5; 0],0.019194013759260997,0.2381694953835742,tvm
32,1,300,5,64,32,2,1,[32; 1; 300; 5; 64; 32; 2; 1],0.009923080811859109,0.460686419681803,tvm
80,4,10,5,64,64,4,0,[80; 4; 10; 5; 64; 64; 4; 0],0.014973665995057672,0.3052978858308616,tvm
40,4,10,10,32,16,1,1,[40; 4; 10; 10; 32; 16; 1; 1],0.01749604576616548,0.2612835284341205,tvm
128,16,375,3,128,64,4,0,[128; 16; 375; 3; 128; 64; 4; 0],0.010225334626738913,0.44706884794502827,tvm
160,32,30,15,32,16,1,1,[160; 32; 30; 15; 32; 16; 1; 1],0.01473865786101669,0.3101658654767924,tvm
128,32,12,3,128,64,4,0,[128; 32; 12; 3; 128; 64; 4; 0],0.011819828563602641,0.3867592957740173,tvm
80,20,750,15,80,16,1,1,[80; 20; 750; 15; 80; 16; 1; 1],0.01689978301874362,0.2705022050495194,tvm
160,10,750,5,128,32,2,0,[160; 10; 750; 5; 128; 32; 2; 0],0.011179351495229639,0.4089171517130716,tvm
20,5,750,6,160,32,2,1,[20; 5; 750; 6; 160; 32; 2; 1],0.008613465251983143,0.5307304827608211,tvm
256,64,150,5,128,32,2,1,[256; 64; 150; 5; 128; 32; 2; 1],0.021141421486390755,0.21623089887173913,tvm
256,2,375,15,128,16,1,1,[256; 2; 375; 15; 128; 16; 1; 1],0.011539766186615452,0.396145684193394,tvm
320,20,250,10,128,16,1,1,[320; 20; 250; 10; 128; 16; 1; 1],0.011812389813712798,0.3870028540813714,tvm
80,80,1500,6,128,64,4,0,[80; 80; 1500; 6; 128; 64; 4; 0],0.010864717303775251,0.4207590905140349,tvm
256,8,10,5,64,32,2,0,[256; 8; 10; 5; 64; 32; 2; 0],0.013051338493824005,0.35026511446253633,tvm
160,2,75,5,32,32,2,1,[160; 2; 75; 5; 32; 32; 2; 1],0.007197067185188644,0.6351793659556826,tvm
64,32,75,3,160,80,5,0,[64; 32; 75; 3; 160; 80; 5; 0],0.01474339675041847,0.31006617055861424,tvm
128,1,300,6,64,64,4,0,[128; 1; 300; 6; 64; 64; 4; 0],0.0074760118732228875,0.6114795761363394,tvm
80,16,150,5,128,64,4,1,[80; 16; 150; 5; 128; 64; 4; 1],0.018348281126236543,0.24914751087456374,tvm
40,8,30,5,80,80,5,1,[40; 8; 30; 5; 80; 80; 5; 1],0.006363529377267696,0.7183794244368528,tvm
80,10,750,10,32,32,2,1,[80; 10; 750; 10; 32; 32; 2; 1],0.009548964881105348,0.4787355099058027,tvm
80,80,1500,5,32,32,2,0,[80; 80; 1500; 5; 32; 32; 2; 0],0.015314610733184963,0.29850112752280555,tvm
32,4,60,4,160,80,5,0,[32; 4; 60; 4; 160; 80; 5; 0],0.015363450482254848,0.2975522052620068,tvm
160,5,300,10,160,32,2,0,[160; 5; 300; 10; 160; 32; 2; 0],0.011149857193231583,0.409998845025891,tvm
80,1,150,10,32,32,2,1,[80; 1; 150; 10; 32; 32; 2; 1],0.013269818620756269,0.34449819564813605,tvm
32,1,1500,6,32,32,2,1,[32; 1; 1500; 6; 32; 32; 2; 1],0.008340875632711686,0.5480753787408246,tvm
80,16,15,3,160,80,5,0,[80; 16; 15; 3; 160; 80; 5; 0],0.00799361006647814,0.5718853601077231,tvm
128,8,60,6,160,32,2,0,[128; 8; 60; 6; 160; 32; 2; 0],0.0145238776167389,0.31475262268527787,tvm
64,16,20,10,32,32,2,0,[64; 16; 20; 10; 32; 32; 2; 0],0.013751905498793349,0.3324214649256926,tvm
160,8,100,10,80,16,1,1,[160; 8; 100; 10; 80; 16; 1; 1],0.01418766236747615,0.3222115421852815,tvm
256,4,20,5,160,32,2,1,[256; 4; 20; 5; 160; 32; 2; 1],0.014039352012332529,0.32561535371525063,tvm
160,16,300,6,160,32,2,0,[160; 16; 300; 6; 160; 32; 2; 0],0.013154011365259066,0.3475311404627586,tvm
256,1,30,10,64,16,1,1,[256; 1; 30; 10; 64; 16; 1; 1],0.017306101886788383,0.26415125724634947,tvm
40,10,12,12,32,16,1,1,[40; 10; 12; 12; 32; 16; 1; 1],0.008268564808531664,0.5528684454056264,tvm
256,16,250,5,64,32,2,1,[256; 16; 250; 5; 64; 32; 2; 1],0.007550237816758454,0.6054681564177835,tvm
80,4,300,12,64,32,2,0,[80; 4; 300; 12; 64; 32; 2; 0],0.007625081445439719,0.5995252121749566,tvm
32,16,150,5,160,32,2,1,[32; 16; 150; 5; 160; 32; 2; 1],0.007042643381282687,0.649106922491363,tvm
160,16,750,10,160,16,1,1,[160; 16; 750; 10; 160; 16; 1; 1],0.015276617486961186,0.2992435056602257,tvm
40,20,75,5,128,64,4,1,[40; 20; 75; 5; 128; 64; 4; 1],0.0200669982295949,0.2278082909623527,tvm
160,5,1500,12,160,32,2,0,[160; 5; 1500; 12; 160; 32; 2; 0],0.012105439614970237,0.37763424682035485,tvm
40,5,60,15,64,16,1,1,[40; 5; 60; 15; 64; 16; 1; 1],0.021450072876177728,0.21311948904870912,tvm
128,16,150,10,64,32,2,1,[128; 16; 150; 10; 64; 32; 2; 1],0.007036629060166888,0.6496617247179648,tvm
80,2,150,10,160,32,2,1,[80; 2; 150; 10; 160; 32; 2; 1],0.006726310632075183,0.6796338767985515,tvm
32,2,300,5,64,64,4,1,[32; 2; 300; 5; 64; 64; 4; 1],0.015296457859221846,0.29885536988372596,tvm
64,1,60,5,128,32,2,1,[64; 1; 60; 5; 128; 32; 2; 1],0.011823524051578715,0.3866384126666685,tvm
256,8,300,5,160,32,2,0,[256; 8; 300; 5; 160; 32; 2; 0],0.008533392261597328,0.5357105862812952,tvm
80,80,100,4,160,80,5,0,[80; 80; 100; 4; 160; 80; 5; 0],0.007341744625591673,0.6226624330535276,tvm
64,2,5,5,160,80,5,1,[64; 2; 5; 5; 160; 80; 5; 1],0.015404659643536434,0.2967562203392579,tvm
160,20,30,6,32,32,2,1,[160; 20; 30; 6; 32; 32; 2; 1],0.019185680139344186,0.23827294827322368,tvm
80,4,1500,5,128,32,2,1,[80; 4; 1500; 5; 128; 32; 2; 1],0.012290312821278349,0.37195380116883675,tvm
80,5,6,6,64,32,2,1,[80; 5; 6; 6; 64; 32; 2; 1],0.007901470875367522,0.5785541253692137,tvm
80,20,750,6,64,64,4,0,[80; 20; 750; 6; 64; 64; 4; 0],0.015273647499270737,0.2993016940876003,tvm
40,20,500,10,32,32,2,1,[40; 20; 500; 10; 32; 32; 2; 1],0.014205267623765394,0.32181221026632245,tvm
320,20,30,15,64,16,1,1,[320; 20; 30; 15; 64; 16; 1; 1],0.016843509627506137,0.2714059404794855,tvm
160,20,125,5,32,32,2,0,[160; 20; 125; 5; 32; 32; 2; 0],0.014678223116789013,0.3114429134272903,tvm
64,1,60,6,128,64,4,0,[64; 1; 60; 6; 128; 64; 4; 0],0.02678427449427545,0.17067584087094143,tvm
128,4,300,6,160,32,2,0,[128; 4; 300; 6; 160; 32; 2; 0],0.018515579751692712,0.24689632367631628,tvm
80,10,1500,6,64,32,2,0,[80; 10; 1500; 6; 64; 32; 2; 0],0.00944753986550495,0.4838750231814173,tvm
128,2,1500,6,128,32,2,0,[128; 2; 1500; 6; 128; 32; 2; 0],0.011539828745299019,0.3961435366439762,tvm
128,64,300,6,160,32,2,0,[128; 64; 300; 6; 160; 32; 2; 0],0.007361043055425398,0.6210300003692054,tvm
32,8,15,5,160,80,5,0,[32; 8; 15; 5; 160; 80; 5; 0],0.015706473495811224,0.2910537857303061,tvm
80,80,60,5,64,64,4,1,[80; 80; 60; 5; 64; 64; 4; 1],0.012941845983732492,0.35322847893374093,tvm
64,32,20,5,160,32,2,1,[64; 32; 20; 5; 160; 32; 2; 1],0.012751511385431513,0.3585009206556791,tvm
160,2,750,15,80,16,1,1,[160; 2; 750; 15; 80; 16; 1; 1],0.016053820872912183,0.28475642076846647,tvm
160,1,60,10,160,32,2,1,[160; 1; 60; 10; 160; 32; 2; 1],0.01704733623773791,0.2681608732107214,tvm
80,80,750,10,32,32,2,1,[80; 80; 750; 10; 32; 32; 2; 1],0.007447480311384425,0.6138221761312426,tvm
64,32,75,5,32,32,2,1,[64; 32; 75; 5; 32; 32; 2; 1],0.007724841067101806,0.5917828641028174,tvm
128,128,15,5,160,32,2,0,[128; 128; 15; 5; 160; 32; 2; 0],0.025834053987637162,0.17695358899599034,tvm
32,8,12,12,64,16,1,1,[32; 8; 12; 12; 64; 16; 1; 1],0.019075757503742352,0.23964597843790644,tvm
128,4,60,4,160,32,2,1,[128; 4; 60; 4; 160; 32; 2; 1],0.01324378588469699,0.34517536082418804,tvm
80,8,25,5,32,32,2,0,[80; 8; 25; 5; 32; 32; 2; 0],0.01597800661693327,0.2861075652943988,tvm
128,128,1500,4,160,32,2,0,[128; 128; 1500; 4; 160; 32; 2; 0],0.015450254752067849,0.2958804657131453,tvm
40,10,150,6,32,32,2,0,[40; 10; 150; 6; 32; 32; 2; 0],0.018712440243689343,0.24429890019129163,tvm
80,8,50,5,128,64,4,1,[80; 8; 50; 5; 128; 64; 4; 1],0.009631302818888798,0.4746428035118094,tvm
40,8,50,5,128,64,4,0,[40; 8; 50; 5; 128; 64; 4; 0],0.020170162519207224,0.22664312035539558,tvm
80,16,100,4,64,32,2,0,[80; 16; 100; 4; 64; 32; 2; 0],0.009423208248335868,0.48512443437041547,tvm
64,2,30,6,64,32,2,1,[64; 2; 30; 6; 64; 32; 2; 1],0.01664024664205499,0.27472120274198186,tvm
256,2,60,12,32,16,1,1,[256; 2; 60; 12; 32; 16; 1; 1],0.015084501763340086,0.3030546612111863,tvm
64,4,6,3,160,80,5,0,[64; 4; 6; 3; 160; 80; 5; 0],0.016358759254217148,0.2794483677146906,tvm
20,4,500,5,32,32,2,1,[20; 4; 500; 5; 32; 32; 2; 1],0.018173967022448778,0.25153718864911934,tvm
160,8,500,5,64,32,2,1,[160; 8; 500; 5; 64; 32; 2; 1],0.008133242867188528,0.5620671417388533,tvm
160,16,50,10,128,32,2,1,[160; 16; 50; 10; 128; 32; 2; 1],0.009189819873427041,0.4974448503226003,tvm
20,10,15,5,64,64,4,0,[20; 10; 15; 5; 64; 64; 4; 0],0.01582017488544807,0.2889619491901778,tvm
80,10,10,5,32,32,2,0,[80; 10; 10; 5; 32; 32; 2; 0],0.008205248945159838,0.5571346587997423,tvm
160,4,1500,10,128,16,1,1,[160; 4; 1500; 10; 128; 16; 1; 1],0.055649099056608975,0.08214739589545361,tvm
256,8,500,5,128,32,2,1,[256; 8; 500; 5; 128; 32; 2; 1],0.02980694023426622,0.15336792490271217,tvm
160,10,500,10,32,16,1,1,[160; 10; 500; 10; 32; 16; 1; 1],0.015922196995234117,0.2871104140211873,tvm
80,8,750,3,80,80,5,0,[80; 8; 750; 3; 80; 80; 5; 0],0.03513660526368767,0.1301044462639926,tvm
128,4,750,15,160,16,1,1,[128; 4; 750; 15; 160; 16; 1; 1],0.026819565217010677,0.17045125580667805,tvm
20,1,750,5,64,32,2,0,[20; 1; 750; 5; 64; 32; 2; 0],0.015024738997453824,0.3042600987746457,tvm
20,5,750,10,64,32,2,1,[20; 5; 750; 10; 64; 32; 2; 1],0.010491399691090919,0.43573104695558734,tvm
160,40,60,10,160,32,2,0,[160; 40; 60; 10; 160; 32; 2; 0],0.007055386624415405,0.6479345236175985,tvm
32,4,25,5,80,80,5,1,[32; 4; 25; 5; 80; 80; 5; 1],0.013137222995283082,0.3479752587795718,tvm
32,8,60,5,80,80,5,0,[32; 8; 60; 5; 80; 80; 5; 0],0.007858812939957716,0.5816945391568473,tvm
64,32,1500,12,64,32,2,1,[64; 32; 1500; 12; 64; 32; 2; 1],0.009851585127762519,0.46402974873007363,tvm
128,8,100,4,160,32,2,0,[128; 8; 100; 4; 160; 32; 2; 0],0.028422629518900067,0.16083763708029652,tvm
80,1,100,4,160,32,2,0,[80; 1; 100; 4; 160; 32; 2; 0],0.01571599772432819,0.2908774009525371,tvm
256,1,300,15,80,16,1,1,[256; 1; 300; 15; 80; 16; 1; 1],0.008006277625099756,0.5709805212221345,tvm
64,32,30,6,64,64,4,1,[64; 32; 30; 6; 64; 64; 4; 1],0.0074652899347711354,0.6123578067793718,tvm
32,4,250,10,64,32,2,1,[32; 4; 250; 10; 64; 32; 2; 1],0.015392725239507854,0.2969863036140787,tvm
40,8,75,5,64,32,2,1,[40; 8; 75; 5; 64; 32; 2; 1],0.009172481062705629,0.49838517410687644,tvm
40,2,300,5,160,32,2,0,[40; 2; 300; 5; 160; 32; 2; 0],0.016826764884172007,0.271676023460021,tvm
160,4,60,12,160,32,2,0,[160; 4; 60; 12; 160; 32; 2; 0],0.010980967621435411,0.4163047127563612,tvm
128,32,15,5,64,64,4,0,[128; 32; 15; 5; 64; 64; 4; 0],0.012267801750567742,0.37263632591853796,tvm
32,2,750,6,32,32,2,0,[32; 2; 750; 6; 32; 32; 2; 0],0.019090756366495043,0.2394576979386522,tvm
40,10,500,5,64,64,4,1,[40; 10; 500; 5; 64; 64; 4; 1],0.007745508628431708,0.5902037930276225,tvm
80,80,750,6,64,64,4,1,[80; 80; 750; 6; 64; 64; 4; 1],0.01515494374325499,0.3016460271232071,tvm
256,128,750,5,32,32,2,1,[256; 128; 750; 5; 32; 32; 2; 1],0.007452618068782613,0.6133990135060438,tvm
64,16,50,10,64,32,2,0,[64; 16; 50; 10; 64; 32; 2; 0],0.014790925750276074,0.30906980730014455,tvm
160,8,1500,10,32,32,2,1,[160; 8; 1500; 10; 32; 32; 2; 1],0.012082797373295762,0.378341904626482,tvm
64,16,1500,6,32,32,2,0,[64; 16; 1500; 6; 32; 32; 2; 0],0.015816436760360375,0.2890302437073325,tvm
20,2,30,5,160,80,5,0,[20; 2; 30; 5; 160; 80; 5; 0],0.01616935824858956,0.2827217073891806,tvm
64,16,60,4,160,32,2,0,[64; 16; 60; 4; 160; 32; 2; 0],0.01615499786566943,0.28297302230804977,tvm
64,32,60,6,64,64,4,1,[64; 32; 60; 6; 64; 64; 4; 1],0.0077841593738412485,0.5872732496704662,tvm
128,16,20,5,128,64,4,0,[128; 16; 20; 5; 128; 64; 4; 0],0.017682196019450203,0.25853285227694883,tvm
80,1,300,4,64,64,4,0,[80; 1; 300; 4; 64; 64; 4; 0],0.00897942905430682,0.5091001380801565,tvm
80,16,75,5,64,64,4,0,[80; 16; 75; 5; 64; 64; 4; 0],0.007999842055141926,0.5714398534268899,tvm
64,16,1500,6,160,32,2,1,[64; 16; 1500; 6; 160; 32; 2; 1],0.007937155503896065,0.5759530059836451,tvm
80,10,100,5,32,32,2,1,[80; 10; 100; 5; 32; 32; 2; 1],0.014942875888664275,0.3059269584709912,tvm
160,16,30,10,160,32,2,0,[160; 16; 30; 10; 160; 32; 2; 0],0.021716791874496266,0.21050202064132498,tvm
160,10,375,5,160,32,2,0,[160; 10; 375; 5; 160; 32; 2; 0],0.012890865502413362,0.3546254183299587,tvm
256,1,75,5,32,32,2,0,[256; 1; 75; 5; 32; 32; 2; 0],0.007112793260603212,0.642705109503054,tvm
80,4,250,5,160,32,2,0,[80; 4; 250; 5; 160; 32; 2; 0],0.007205323068774305,0.6344515752860219,tvm
80,16,500,5,64,32,2,1,[80; 16; 500; 5; 64; 32; 2; 1],0.026256248529534787,0.1741082152801198,tvm
64,1,100,5,32,32,2,1,[64; 1; 100; 5; 32; 32; 2; 1],0.015617211000062525,0.2927173469968658,tvm
64,1,300,6,32,32,2,0,[64; 1; 300; 6; 32; 32; 2; 0],0.01689134511980228,0.27063733166338155,tvm
256,8,375,5,160,32,2,1,[256; 8; 375; 5; 160; 32; 2; 1],0.013021071761613712,0.35107928557042456,tvm
32,1,375,5,160,80,5,1,[32; 1; 375; 5; 160; 80; 5; 1],0.027394358767196536,0.16687481573405705,tvm
256,4,250,10,32,32,2,1,[256; 4; 250; 10; 32; 32; 2; 1],0.01801961235469207,0.2536918376181512,tvm
80,20,10,10,128,32,2,1,[80; 20; 10; 10; 128; 32; 2; 1],0.009300558129325509,0.49152196114063734,tvm
64,8,50,10,32,32,2,0,[64; 8; 50; 10; 32; 32; 2; 0],0.0067618259927257895,0.6760642134752366,tvm
20,1,750,10,64,32,2,0,[20; 1; 750; 10; 64; 32; 2; 0],0.030214566737413406,0.1512988291759275,tvm
320,16,300,15,16,16,1,1,[320; 16; 300; 15; 16; 16; 1; 1],0.016045026248320937,0.28491250189802325,tvm
128,64,300,4,128,64,4,0,[128; 64; 300; 4; 128; 64; 4; 0],0.011398399801691994,0.4010588021969525,tvm
20,20,750,10,32,32,2,1,[20; 20; 750; 10; 32; 32; 2; 1],0.016672474128426984,0.2741901733489076,tvm
64,32,1500,3,64,64,4,0,[64; 32; 1500; 3; 64; 64; 4; 0],0.01810212348937057,0.25253548701691714,tvm
128,4,60,6,64,32,2,1,[128; 4; 60; 6; 64; 32; 2; 1],0.013188717246521264,0.3466166182791097,tvm
160,4,300,12,160,16,1,1,[160; 4; 300; 12; 160; 16; 1; 1],0.007234373872051947,0.63190383193894,tvm
256,256,250,10,160,32,2,1,[256; 256; 250; 10; 160; 32; 2; 1],0.015674138499889523,0.2916542157299933,tvm
40,40,1500,10,160,32,2,1,[40; 40; 1500; 10; 160; 32; 2; 1],0.008235978632001206,0.5550559047914614,tvm
160,2,150,6,32,32,2,0,[160; 2; 150; 6; 32; 32; 2; 0],0.007203393877716735,0.6346214921788479,tvm
80,16,12,3,128,64,4,0,[80; 16; 12; 3; 128; 64; 4; 0],0.017682607023743913,0.25852684308881224,tvm
40,2,300,12,32,16,1,1,[40; 2; 300; 12; 32; 16; 1; 1],0.017982402496272698,0.25421678623732924,tvm
20,2,100,5,160,32,2,0,[20; 2; 100; 5; 160; 32; 2; 0],0.018154344987124205,0.2518090613938875,tvm
256,32,500,4,64,32,2,0,[256; 32; 500; 4; 64; 32; 2; 0],0.01719954950385727,0.26578769231155486,tvm
80,1,750,5,128,32,2,1,[80; 1; 750; 5; 128; 32; 2; 1],0.01269092463189736,0.3602124119418964,tvm
40,8,5,5,80,80,5,1,[40; 8; 5; 5; 80; 80; 5; 1],0.006403095321729779,0.7139404212701322,tvm
20,20,150,5,160,32,2,0,[20; 20; 150; 5; 160; 32; 2; 0],0.019556285726139322,0.23375750566572615,tvm
128,4,300,12,32,32,2,1,[128; 4; 300; 12; 32; 32; 2; 1],0.012219316689879633,0.37411491063283037,tvm
160,5,300,10,32,16,1,1,[160; 5; 300; 10; 32; 16; 1; 1],0.015835963626159355,0.28867384892682185,tvm
160,10,1500,6,64,32,2,0,[160; 10; 1500; 6; 64; 32; 2; 0],0.013717047375394031,0.3332662231398945,tvm
32,1,60,5,64,32,2,1,[32; 1; 60; 5; 64; 32; 2; 1],0.026575561962090433,0.172016252297868,tvm
64,8,300,10,64,32,2,0,[64; 8; 300; 10; 64; 32; 2; 0],0.01548958636703901,0.29512915729992123,tvm
160,160,150,5,64,32,2,1,[160; 160; 150; 5; 64; 32; 2; 1],0.009510518371826038,0.48067081022323377,tvm
32,16,500,10,160,32,2,1,[32; 16; 500; 10; 160; 32; 2; 1],0.0069353238213807344,0.6591514238074119,tvm
256,32,60,4,160,32,2,0,[256; 32; 60; 4; 160; 32; 2; 0],0.006543893687194213,0.6985792847421145,tvm
40,1,60,6,64,32,2,1,[40; 1; 60; 6; 64; 32; 2; 1],0.017850524629466236,0.25609491408910295,tvm
20,2,375,5,160,80,5,0,[20; 2; 375; 5; 160; 80; 5; 0],0.017235562612768263,0.2652323381681788,tvm
128,32,20,5,64,64,4,0,[128; 32; 20; 5; 64; 64; 4; 0],0.01422892912523821,0.32127706387405597,tvm
40,5,300,12,64,32,2,0,[40; 5; 300; 12; 64; 32; 2; 0],0.018144911766285077,0.25193997250086986,tvm
128,1,500,5,128,32,2,0,[128; 1; 500; 5; 128; 32; 2; 0],0.024599826749181375,0.18583173849306472,tvm
64,32,300,10,32,32,2,1,[64; 32; 300; 10; 32; 32; 2; 1],0.007024694379651919,0.6507654745337249,tvm
80,8,25,5,64,64,4,0,[80; 8; 25; 5; 64; 64; 4; 0],0.007865126317483373,0.5812276099452787,tvm
256,128,150,5,160,32,2,0,[256; 128; 150; 5; 160; 32; 2; 0],0.015060343605000526,0.3035407883994565,tvm
128,32,75,3,64,64,4,1,[128; 32; 75; 3; 64; 64; 4; 1],0.008473824433167465,0.5394764320978266,tvm
80,5,30,6,160,32,2,1,[80; 5; 30; 6; 160; 32; 2; 1],0.012737656885292381,0.3588908550918028,tvm
80,5,100,5,80,80,5,1,[80; 5; 100; 5; 80; 80; 5; 1],0.018111595272785053,0.25240341905705665,tvm
128,1,300,5,160,32,2,1,[128; 1; 300; 5; 160; 32; 2; 1],0.029103094013407826,0.1570770643603223,tvm
64,64,1500,10,160,32,2,1,[64; 64; 1500; 10; 160; 32; 2; 1],0.015777949622133747,0.28973527491909623,tvm
80,10,10,5,32,32,2,0,[80; 10; 10; 5; 32; 32; 2; 0],0.008094773744232953,0.5647382763088893,tvm
64,16,300,5,64,32,2,1,[64; 16; 300; 5; 64; 32; 2; 1],0.008242384385084733,0.5546245307002358,tvm
128,128,1500,5,64,64,4,0,[128; 128; 1500; 5; 64; 64; 4; 0],0.01759683739510365,0.2597869417546917,tvm
128,1,100,5,160,32,2,0,[128; 1; 100; 5; 160; 32; 2; 0],0.015173384483205155,0.30127942625381393,tvm
80,8,125,5,32,32,2,1,[80; 8; 125; 5; 32; 32; 2; 1],0.014920774148777127,0.30638011981457647,tvm
160,8,125,5,32,32,2,1,[160; 8; 125; 5; 32; 32; 2; 1],0.014049279736354947,0.325385262249367,tvm
32,4,60,5,80,80,5,1,[32; 4; 60; 5; 80; 80; 5; 1],0.01873072687885724,0.2440603934377305,tvm
64,64,300,6,160,32,2,1,[64; 64; 300; 6; 160; 32; 2; 1],0.028135745495092124,0.16247760601282066,tvm
40,5,300,10,160,32,2,0,[40; 5; 300; 10; 160; 32; 2; 0],0.007536749806604348,0.6065517217279381,tvm
128,1,1500,6,160,32,2,1,[128; 1; 1500; 6; 160; 32; 2; 1],0.007895783623098396,0.5789708519943827,tvm
40,8,30,5,160,80,5,1,[40; 8; 30; 5; 160; 80; 5; 1],0.013024963875068352,0.35097437622678873,tvm
80,10,500,5,160,80,5,1,[80; 10; 500; 5; 160; 80; 5; 1],0.01149587906547822,0.3976580255751328,tvm
128,16,150,6,64,64,4,0,[128; 16; 150; 6; 64; 64; 4; 0],0.00699865713249892,0.6531865306275279,tvm
80,16,30,5,64,64,4,1,[80; 16; 30; 5; 64; 64; 4; 1],0.014768404013011605,0.3095411371060099,tvm
80,16,300,5,64,64,4,1,[80; 16; 300; 5; 64; 64; 4; 1],0.015492761129280552,0.2950686797067308,tvm
40,5,150,6,64,64,4,1,[40; 5; 150; 6; 64; 64; 4; 1],0.015236172126606107,0.3000378660362948,tvm
64,1,75,5,160,80,5,1,[64; 1; 75; 5; 160; 80; 5; 1],0.006325280060991645,0.7227235043110307,tvm
80,16,300,10,64,32,2,1,[80; 16; 300; 10; 64; 32; 2; 1],0.01452420701389201,0.3147454843528548,tvm
40,20,100,5,160,80,5,0,[40; 20; 100; 5; 160; 80; 5; 0],0.014549415645888075,0.31420014952425523,tvm
256,32,375,5,32,32,2,1,[256; 32; 375; 5; 32; 32; 2; 1],0.013519795262254775,0.33812853543657645,tvm
160,20,60,6,160,32,2,0,[160; 20; 60; 6; 160; 32; 2; 0],0.012747430882882327,0.358615678204401,tvm
160,16,100,10,64,32,2,1,[160; 16; 100; 10; 64; 32; 2; 1],0.013911265501519665,0.32861342276367234,tvm
160,32,50,10,160,32,2,1,[160; 32; 50; 10; 160; 32; 2; 1],0.013406777754426003,0.3409789179148135,tvm
80,16,75,5,160,32,2,1,[80; 16; 75; 5; 160; 32; 2; 1],0.012831188621930778,0.3562747541264563,tvm
160,1,500,10,80,16,1,1,[160; 1; 500; 10; 80; 16; 1; 1],0.0083117251197109,0.5499975643549165,tvm
32,1,100,10,32,32,2,0,[32; 1; 100; 10; 32; 32; 2; 0],0.00934193363355007,0.4893450061570779,tvm
32,16,1500,6,128,64,4,1,[32; 16; 1500; 6; 128; 64; 4; 1],0.010821058123838156,0.42245670609216884,tvm
320,10,250,10,32,16,1,1,[320; 10; 250; 10; 32; 16; 1; 1],0.007968396748765372,0.5736948994334239,tvm
320,10,500,10,160,16,1,1,[320; 10; 500; 10; 160; 16; 1; 1],0.017304787877947092,0.26417131511067626,tvm
128,1,10,10,32,32,2,0,[128; 1; 10; 10; 32; 32; 2; 0],0.02049686387181282,0.2230306353214931,tvm
160,20,5,5,160,32,2,1,[160; 20; 5; 5; 160; 32; 2; 1],0.011193510566954501,0.408399897787594,tvm
80,2,25,5,128,64,4,1,[80; 2; 25; 5; 128; 64; 4; 1],0.009942485063220374,0.45978732101287006,tvm
160,2,50,5,128,32,2,0,[160; 2; 50; 5; 128; 32; 2; 0],0.010739105680841021,0.4256805647777707,tvm
32,1,1500,5,64,64,4,1,[32; 1; 1500; 5; 64; 64; 4; 1],0.008336110127856955,0.5483886970437366,tvm
128,64,1500,4,64,32,2,1,[128; 64; 1500; 4; 64; 32; 2; 1],0.01992794335819781,0.22939791072559484,tvm
80,40,750,5,64,64,4,0,[80; 40; 750; 5; 64; 64; 4; 0],0.013578757614595816,0.3366602970005695,tvm
64,16,500,5,80,80,5,1,[64; 16; 500; 5; 80; 80; 5; 1],0.014217629242921248,0.32153240834470487,tvm
40,10,300,12,80,16,1,1,[40; 10; 300; 12; 80; 16; 1; 1],0.016350874240742996,0.27958312834658816,tvm
80,2,12,6,32,32,2,1,[80; 2; 12; 6; 32; 32; 2; 1],0.014009589998750016,0.32630709191606966,tvm
160,40,500,4,64,32,2,1,[160; 40; 500; 4; 64; 32; 2; 1],0.017279572115512565,0.2645568154621501,tvm
80,5,1500,4,64,64,4,1,[80; 5; 1500; 4; 64; 64; 4; 1],0.008159094926668331,0.5602862342594732,tvm
32,8,1500,6,64,64,4,1,[32; 8; 1500; 6; 64; 64; 4; 1],0.01470099450671114,0.31096049789976266,tvm
20,10,60,12,32,32,2,1,[20; 10; 60; 12; 32; 32; 2; 1],0.007855350617319345,0.5819509267160606,tvm
80,20,1500,15,32,16,1,1,[80; 20; 1500; 15; 32; 16; 1; 1],0.01716412912355736,0.2663361792795182,tvm
40,5,375,15,64,16,1,1,[40; 5; 375; 15; 64; 16; 1; 1],0.010383630244177766,0.44025340501621096,tvm
128,4,300,15,80,16,1,1,[128; 4; 300; 15; 80; 16; 1; 1],0.007486954506020993,0.6105858620821375,tvm
256,128,750,6,128,32,2,0,[256; 128; 750; 6; 128; 32; 2; 0],0.025043948960956186,0.18253625171315765,tvm
128,2,750,15,16,16,1,1,[128; 2; 750; 15; 16; 16; 1; 1],0.017682239995338023,0.2585322093034504,tvm
64,8,5,5,128,64,4,1,[64; 8; 5; 5; 128; 64; 4; 1],0.009543696869513951,0.4789997664355185,tvm
128,1,100,5,160,32,2,0,[128; 1; 100; 5; 160; 32; 2; 0],0.007625148238730617,0.5995199605705754,tvm
128,32,100,4,32,32,2,0,[128; 32; 100; 4; 32; 32; 2; 0],0.02708618377801031,0.1687734458606106,tvm
40,2,500,5,80,80,5,1,[40; 2; 500; 5; 80; 80; 5; 1],0.012706978392088786,0.3597573262794473,tvm
64,16,12,3,80,80,5,1,[64; 16; 12; 3; 80; 80; 5; 1],0.02000039062113501,0.22856696441707525,tvm
80,5,150,6,128,64,4,0,[80; 5; 150; 6; 128; 64; 4; 0],0.019427177729085088,0.23531099757143473,tvm
256,128,150,10,160,32,2,0,[256; 128; 150; 10; 160; 32; 2; 0],0.018970404868014157,0.24097685859812196,tvm
80,80,150,2,64,64,4,1,[80; 80; 150; 2; 64; 64; 4; 1],0.018153099750634283,0.2518263345778642,tvm
40,2,125,5,160,32,2,1,[40; 2; 125; 5; 160; 32; 2; 1],0.007621124939760193,0.5998364555839989,tvm
80,20,60,4,64,32,2,1,[80; 20; 60; 4; 64; 32; 2; 1],0.01734560850309208,0.2635496224080957,tvm
160,160,125,5,64,32,2,0,[160; 160; 125; 5; 64; 32; 2; 0],0.015959226147970185,0.2864442504319046,tvm
80,4,75,5,80,80,5,1,[80; 4; 75; 5; 80; 80; 5; 1],0.005952953375526704,0.7679261507779073,tvm
64,16,20,4,64,64,4,1,[64; 16; 20; 4; 64; 64; 4; 1],0.015628130233380944,0.29251282803263423,tvm
160,80,750,6,64,32,2,1,[160; 80; 750; 6; 64; 32; 2; 1],0.017534817365230992,0.2607057989946935,tvm
64,32,60,12,128,32,2,1,[64; 32; 60; 12; 128; 32; 2; 1],0.03178459202172235,0.14382530278520952,tvm
64,1,1500,3,160,80,5,0,[64; 1; 1500; 3; 160; 80; 5; 0],0.01724170910893008,0.2651377855029969,tvm
160,80,375,5,64,32,2,1,[160; 80; 375; 5; 64; 32; 2; 1],0.009105076882406138,0.5020746810235073,tvm
32,16,100,10,32,32,2,1,[32; 16; 100; 10; 32; 32; 2; 1],0.007028090374660678,0.6504510226434423,tvm
256,2,60,6,64,32,2,0,[256; 2; 60; 6; 64; 32; 2; 0],0.015179571113549173,0.30115663593078384,tvm
64,4,60,12,32,32,2,1,[64; 4; 60; 12; 32; 32; 2; 1],0.018915015360107645,0.24168251964890583,tvm
160,32,375,5,32,32,2,1,[160; 32; 375; 5; 32; 32; 2; 1],0.01413553225575015,0.3233998188903693,tvm
80,16,60,5,80,80,5,1,[80; 16; 60; 5; 80; 80; 5; 1],0.011761246496462263,0.3886857207527824,tvm
128,4,75,5,32,32,2,1,[128; 4; 75; 5; 32; 32; 2; 1],0.013735600252402946,0.33281607555729736,tvm
64,32,75,5,64,32,2,0,[64; 32; 75; 5; 64; 32; 2; 0],0.026274445524904877,0.17398763247336393,tvm
64,1,250,5,32,32,2,0,[64; 1; 250; 5; 32; 32; 2; 0],0.009356667564134113,0.4885744352991365,tvm
32,4,300,5,160,80,5,0,[32; 4; 300; 5; 160; 80; 5; 0],0.007874315240769647,0.5805493470416043,tvm
160,16,300,5,64,32,2,1,[160; 16; 300; 5; 64; 32; 2; 1],0.014871134742861614,0.3074028075512483,tvm
64,1,375,3,160,80,5,0,[64; 1; 375; 3; 160; 80; 5; 0],0.018621369992615655,0.2454936759884682,tvm
160,10,60,12,32,32,2,1,[160; 10; 60; 12; 32; 32; 2; 1],0.01167178075411357,0.39166504818190917,tvm
256,2,60,5,64,32,2,0,[256; 2; 60; 5; 64; 32; 2; 0],0.013034193136263639,0.35072585802875483,tvm
256,4,25,5,160,32,2,1,[256; 4; 25; 5; 160; 32; 2; 1],0.018072729610139504,0.2529462162076404,tvm
160,8,750,6,160,32,2,1,[160; 8; 750; 6; 160; 32; 2; 1],0.01403818276594393,0.32564247436061844,tvm
160,2,125,5,32,32,2,1,[160; 2; 125; 5; 32; 32; 2; 1],0.006923220120370388,0.6603038025582817,tvm
64,8,60,5,80,80,5,1,[64; 8; 60; 5; 80; 80; 5; 1],0.010025217809015885,0.45599294284832315,tvm
256,32,12,6,32,32,2,1,[256; 32; 12; 6; 32; 32; 2; 1],0.008774878369877115,0.520967742085363,tvm
256,2,75,5,160,32,2,1,[256; 2; 75; 5; 160; 32; 2; 1],0.006041353881300893,0.7566894211540874,tvm
40,20,1500,10,160,32,2,0,[40; 20; 1500; 10; 160; 32; 2; 0],0.030829956755042076,0.14827878636842196,tvm
128,8,60,6,64,64,4,1,[128; 8; 60; 6; 64; 64; 4; 1],0.01279060635715723,0.3574051490428787,tvm
40,4,100,5,160,80,5,1,[40; 4; 100; 5; 160; 80; 5; 1],0.030919991724658757,0.14784701794673663,tvm
64,32,60,10,160,32,2,1,[64; 32; 60; 10; 160; 32; 2; 1],0.020239240751834586,0.225869568304542,tvm
80,8,6,6,160,32,2,0,[80; 8; 6; 6; 160; 32; 2; 0],0.007622860808623955,0.5996998615345025,tvm
160,4,60,5,128,32,2,1,[160; 4; 60; 5; 128; 32; 2; 1],0.010549833561526611,0.43331760115152607,tvm
80,8,125,5,128,64,4,1,[80; 8; 125; 5; 128; 64; 4; 1],0.018942219903692603,0.2413354186927909,tvm
20,4,30,5,160,80,5,0,[20; 4; 30; 5; 160; 80; 5; 0],0.008338456435012631,0.5482343893089665,tvm
40,4,15,5,80,80,5,0,[40; 4; 15; 5; 80; 80; 5; 0],0.015462112496607006,0.29565355784545755,tvm
40,20,50,5,128,64,4,1,[40; 20; 50; 5; 128; 64; 4; 1],0.020141389133641496,0.2269668959323697,tvm
64,4,20,5,80,80,5,0,[64; 4; 20; 5; 80; 80; 5; 0],0.013511158002074808,0.33834469042006404,tvm
80,80,300,6,160,32,2,1,[80; 80; 300; 6; 160; 32; 2; 1],0.014372449106303975,0.31806886478543683,tvm
32,8,60,5,128,64,4,1,[32; 8; 60; 5; 128; 64; 4; 1],0.010350246942834929,0.4416733819663301,tvm
160,32,6,6,64,32,2,1,[160; 32; 6; 6; 64; 32; 2; 1],0.014506384497508407,0.3151321800558749,tvm
64,8,10,5,128,64,4,0,[64; 8; 10; 5; 128; 64; 4; 0],0.010970804185490124,0.41669038058984753,tvm
40,2,15,5,80,80,5,1,[40; 2; 15; 5; 80; 80; 5; 1],0.01477984362281859,0.30930155203880144,tvm
20,10,10,5,64,64,4,0,[20; 10; 10; 5; 64; 64; 4; 0],0.017807214142521843,0.2567177849853818,tvm
40,20,60,6,64,64,4,0,[40; 20; 60; 6; 64; 64; 4; 0],0.018578641494968906,0.2460582800236774,tvm
256,1,12,12,64,32,2,1,[256; 1; 12; 12; 64; 32; 2; 1],0.013884614774724469,0.32924417750144525,tvm
256,1,500,10,128,32,2,1,[256; 1; 500; 10; 128; 32; 2; 1],0.011373343819286674,0.4019423525802887,tvm
160,10,100,10,128,32,2,0,[160; 10; 100; 10; 128; 32; 2; 0],0.009216887192451395,0.49598399936722226,tvm
32,16,10,5,32,32,2,0,[32; 16; 10; 5; 32; 32; 2; 0],0.020994831895222887,0.21774066085610067,tvm
40,2,20,5,80,80,5,1,[40; 2; 20; 5; 80; 80; 5; 1],0.012856186483986676,0.3555820053732591,tvm
64,32,60,5,64,32,2,1,[64; 32; 60; 5; 64; 32; 2; 1],0.013473751751007512,0.33928401353295967,tvm
20,20,150,6,64,64,4,1,[20; 20; 150; 6; 64; 64; 4; 1],0.02699263923568651,0.1693583399353096,tvm
128,32,10,5,160,32,2,1,[128; 32; 10; 5; 160; 32; 2; 1],0.018273906753165647,0.25016153541642916,tvm
20,1,750,6,64,64,4,1,[20; 1; 750; 6; 64; 64; 4; 1],0.01807815523352474,0.25287030188518134,tvm
128,16,5,5,128,64,4,0,[128; 16; 5; 5; 128; 64; 4; 0],0.02733395603718236,0.16724357664181727,tvm
64,32,25,5,32,32,2,1,[64; 32; 25; 5; 32; 32; 2; 1],0.008039775435463525,0.5686015247719429,tvm
32,16,25,5,64,64,4,0,[32; 16; 25; 5; 64; 64; 4; 0],0.009728281511343084,0.4699112136196233,tvm
20,20,150,10,32,32,2,1,[20; 20; 150; 10; 32; 32; 2; 1],0.025323738751467317,0.18051949659935945,tvm
80,16,1500,6,32,32,2,0,[80; 16; 1500; 6; 32; 32; 2; 0],0.015993196138879284,0.28583583492204406,tvm
20,2,500,5,160,80,5,1,[20; 2; 500; 5; 160; 80; 5; 1],0.014750902249943465,0.3099084038365241,tvm
80,2,500,5,80,80,5,1,[80; 2; 500; 5; 80; 80; 5; 1],0.01980855962028727,0.2307804635500436,tvm
32,2,500,5,64,64,4,1,[32; 2; 500; 5; 64; 64; 4; 1],0.0129032286349684,0.3542856366227418,tvm
80,5,6,6,128,64,4,1,[80; 5; 6; 6; 128; 64; 4; 1],0.028122433461248875,0.16255451640512342,tvm
80,10,750,10,32,32,2,0,[80; 10; 750; 10; 32; 32; 2; 0],0.00676977242983412,0.6752706414889911,tvm
160,32,300,12,64,16,1,1,[160; 32; 300; 12; 64; 16; 1; 1],0.019112745998427272,0.2391821966244275,tvm
64,8,60,6,64,32,2,1,[64; 8; 60; 6; 64; 32; 2; 1],0.008280099253170192,0.5520982818748597,tvm
160,8,6,6,32,32,2,1,[160; 8; 6; 6; 32; 32; 2; 1],0.01596903198515065,0.28626835838762615,tvm
80,8,150,10,32,32,2,0,[80; 8; 150; 10; 32; 32; 2; 0],0.014057470980333164,0.3251956612838925,tvm
80,5,150,3,64,64,4,0,[80; 5; 150; 3; 64; 64; 4; 0],0.01767075975658372,0.25870017103963866,tvm
80,4,300,6,32,32,2,0,[80; 4; 300; 6; 32; 32; 2; 0],0.033204967505298555,0.13767303252741037,tvm
80,8,25,5,64,64,4,1,[80; 8; 25; 5; 64; 64; 4; 1],0.018084473005728796,0.2527819621827208,tvm
40,1,750,5,160,80,5,1,[40; 1; 750; 5; 160; 80; 5; 1],0.007202550623333082,0.6346957918794993,tvm
32,16,300,6,160,32,2,1,[32; 16; 300; 6; 160; 32; 2; 1],0.006979192185099237,0.6550082660266463,tvm
128,2,150,5,32,32,2,1,[128; 2; 150; 5; 32; 32; 2; 1],0.022947043005842716,0.19921645548250408,tvm
40,10,50,5,32,32,2,1,[40; 10; 50; 5; 32; 32; 2; 1],0.022907923121238127,0.199556657634771,tvm
64,1,300,5,160,80,5,0,[64; 1; 300; 5; 160; 80; 5; 0],0.013517058629076928,0.3381969921765999,tvm
80,16,20,5,64,64,4,0,[80; 16; 20; 5; 64; 64; 4; 0],0.01656520861433819,0.2759656505304572,tvm
64,16,50,10,32,32,2,0,[64; 16; 50; 10; 32; 32; 2; 0],0.014082663372391835,0.3246139207154924,tvm
32,4,750,6,160,32,2,1,[32; 4; 750; 6; 160; 32; 2; 1],0.01564295814023353,0.2922355561171581,tvm
256,1,300,12,160,32,2,0,[256; 1; 300; 12; 160; 32; 2; 0],0.006013568214257248,0.7601857014925707,tvm
64,8,125,5,64,64,4,1,[64; 8; 125; 5; 64; 64; 4; 1],0.007323241312406026,0.6242356869606751,tvm
32,16,60,5,64,64,4,1,[32; 16; 60; 5; 64; 64; 4; 1],0.015374521113699302,0.2973379487804176,tvm
80,20,300,10,32,32,2,1,[80; 20; 300; 10; 32; 32; 2; 1],0.018633272120496258,0.24533686525192128,tvm
80,1,1500,5,64,32,2,0,[80; 1; 1500; 5; 64; 32; 2; 0],0.025315479782875627,0.180578389611279,tvm
40,5,300,12,160,32,2,1,[40; 5; 300; 12; 160; 32; 2; 1],0.013289221009472385,0.34399522501507923,tvm
80,2,150,5,32,32,2,0,[80; 2; 150; 5; 32; 32; 2; 0],0.018958952248794958,0.2411224265686483,tvm
256,8,12,12,32,32,2,1,[256; 8; 12; 12; 32; 32; 2; 1],0.011729917008779012,0.3897238631788427,tvm
64,2,300,5,160,80,5,1,[64; 2; 300; 5; 160; 80; 5; 1],0.006432963258703239,0.7106256304579117,tvm
160,4,100,5,64,32,2,1,[160; 4; 100; 5; 64; 32; 2; 1],0.00826804173993878,0.5529034220214786,tvm
160,2,250,10,160,16,1,1,[160; 2; 250; 10; 160; 16; 1; 1],0.014427307498408481,0.3168594397764697,tvm
256,16,250,10,160,32,2,1,[256; 16; 250; 10; 160; 32; 2; 1],0.005605084443232045,0.8155860304564049,tvm
80,20,50,5,160,32,2,0,[80; 20; 50; 5; 160; 32; 2; 0],0.013802817004034296,0.33119533281448504,tvm
80,2,250,10,160,32,2,0,[80; 2; 250; 10; 160; 32; 2; 0],0.02497942274203524,0.18300777478479502,tvm
160,2,125,5,32,32,2,1,[160; 2; 125; 5; 32; 32; 2; 1],0.015976766357198358,0.28612977552675467,tvm
256,16,100,10,160,32,2,0,[256; 16; 100; 10; 160; 32; 2; 0],0.016687926137819886,0.27393628984660545,tvm
20,2,1500,5,64,64,4,1,[20; 2; 1500; 5; 64; 64; 4; 1],0.008473841691738926,0.5394753333526655,tvm
320,10,150,10,16,16,1,1,[320; 10; 150; 10; 16; 16; 1; 1],0.015678685740567744,0.2915696281608764,tvm
80,5,25,5,64,32,2,1,[80; 5; 25; 5; 64; 32; 2; 1],0.013411294115940109,0.340864090512724,tvm
64,64,60,5,64,32,2,1,[64; 64; 60; 5; 64; 32; 2; 1],0.018323986878385767,0.24947783480574545,tvm
64,2,1500,5,128,32,2,1,[64; 2; 1500; 5; 128; 32; 2; 1],0.025714492017868906,0.17777635149284313,tvm
256,8,60,10,160,16,1,1,[256; 8; 60; 10; 160; 16; 1; 1],0.014357978012412786,0.3183894394793244,tvm
32,8,12,6,64,32,2,1,[32; 8; 12; 6; 64; 32; 2; 1],0.014291048370068893,0.3198805611072559,tvm
40,8,10,10,32,32,2,0,[40; 8; 10; 10; 32; 32; 2; 0],0.026806756504811347,0.17053270023951161,tvm
64,32,20,4,160,32,2,1,[64; 32; 20; 4; 160; 32; 2; 1],0.0071640568057773635,0.6381061311158226,tvm
256,8,500,4,32,32,2,0,[256; 8; 500; 4; 32; 32; 2; 0],0.007312599380384199,0.6251441291439094,tvm
80,20,75,5,80,80,5,0,[80; 20; 75; 5; 80; 80; 5; 0],0.013127821235684678,0.3482244684291018,tvm
256,2,60,12,32,16,1,1,[256; 2; 60; 12; 32; 16; 1; 1],0.014825104241026565,0.30835726326818885,tvm
32,2,300,12,80,16,1,1,[32; 2; 300; 12; 80; 16; 1; 1],0.01690772161236964,0.2703751975715124,tvm
128,2,60,3,128,64,4,0,[128; 2; 60; 3; 128; 64; 4; 0],0.02195168999605812,0.20824950481031146,tvm
256,8,60,15,32,16,1,1,[256; 8; 60; 15; 32; 16; 1; 1],0.0264055784791708,0.17312359110157718,tvm
40,8,15,5,128,64,4,0,[40; 8; 15; 5; 128; 64; 4; 0],0.03735089901601896,0.12239139329599508,tvm
128,4,75,3,128,64,4,0,[128; 4; 75; 3; 128; 64; 4; 0],0.01097819181450177,0.4164099743083274,tvm
40,2,300,12,32,32,2,0,[40; 2; 300; 12; 32; 32; 2; 0],0.008441051497356966,0.5415709847120305,tvm
128,32,30,5,64,32,2,1,[128; 32; 30; 5; 64; 32; 2; 1],0.008065140806138515,0.5668132375257702,tvm
32,16,300,12,64,32,2,0,[32; 16; 300; 12; 64; 32; 2; 0],0.015948423621011898,0.2866382709702894,tvm
80,20,6,3,80,80,5,0,[80; 20; 6; 3; 80; 80; 5; 0],0.020667940116254613,0.22118452761692023,tvm
80,20,375,3,64,64,4,0,[80; 20; 375; 3; 64; 64; 4; 0],0.025393323274329305,0.18002482471642198,tvm
80,5,100,10,128,32,2,1,[80; 5; 100; 10; 128; 32; 2; 1],0.019884183100657538,0.22990275981100788,tvm
256,256,300,12,64,32,2,1,[256; 256; 300; 12; 64; 32; 2; 1],0.03409042174462229,0.13409715507992234,tvm
256,2,100,4,160,32,2,1,[256; 2; 100; 4; 160; 32; 2; 1],0.007198138366220519,0.6350848426145027,tvm
80,16,15,5,64,32,2,1,[80; 16; 15; 5; 64; 32; 2; 1],0.014459868631092831,0.3161459269137964,tvm
160,20,10,5,160,32,2,1,[160; 20; 10; 5; 160; 32; 2; 1],0.006856297186459415,0.666748894790725,tvm
160,160,750,10,160,32,2,1,[160; 160; 750; 10; 160; 32; 2; 1],0.03144090325804427,0.14539749491004061,tvm
80,1,1500,4,160,80,5,0,[80; 1; 1500; 4; 160; 80; 5; 0],0.028830032737459987,0.15856480681302648,tvm
64,1,1500,5,128,64,4,1,[64; 1; 1500; 5; 128; 64; 4; 1],0.021244563133222982,0.21518110505551483,tvm
64,32,150,3,160,80,5,1,[64; 32; 150; 3; 160; 80; 5; 1],0.027915077458601445,0.16376198770030573,tvm
160,8,1500,10,64,16,1,1,[160; 8; 1500; 10; 64; 16; 1; 1],0.021487254387466237,0.21275070741914512,tvm
64,32,10,5,128,64,4,1,[64; 32; 10; 5; 128; 64; 4; 1],0.010283982948749326,0.4445192678955696,tvm
40,40,375,5,64,64,4,1,[40; 40; 375; 5; 64; 64; 4; 1],0.008008573815459386,0.5708168116780162,tvm
256,1,100,4,64,32,2,0,[256; 1; 100; 4; 64; 32; 2; 0],0.017620970989810303,0.2594311388442837,tvm
80,5,75,3,64,64,4,0,[80; 5; 75; 3; 64; 64; 4; 0],0.01785038338857703,0.2560969404362463,tvm
32,2,1500,10,64,32,2,1,[32; 2; 1500; 10; 64; 32; 2; 1],0.009537964491755702,0.4792876483635436,tvm
80,5,125,5,80,80,5,0,[80; 5; 125; 5; 80; 80; 5; 0],0.01294435776071623,0.35315993701147735,tvm
256,64,300,4,160,32,2,0,[256; 64; 300; 4; 160; 32; 2; 0],0.014418670994928107,0.31704923241792615,tvm
256,32,300,5,32,32,2,0,[256; 32; 300; 5; 32; 32; 2; 0],0.013804073125356808,0.33116519522279836,tvm
160,16,25,5,160,32,2,1,[160; 16; 25; 5; 160; 32; 2; 1],0.00657730431703385,0.6950307224784359,tvm
64,32,15,5,80,80,5,1,[64; 32; 15; 5; 80; 80; 5; 1],0.025928093760740012,0.17631178804014394,tvm
256,256,150,6,64,32,2,1,[256; 256; 150; 6; 64; 32; 2; 1],0.01861580813420005,0.24556702231100927,tvm
128,2,150,5,160,32,2,0,[128; 2; 150; 5; 160; 32; 2; 0],0.0067893209343310446,0.6733263334647469,tvm
20,10,1500,10,160,32,2,1,[20; 10; 1500; 10; 160; 32; 2; 1],0.018054728745482862,0.25319840778955505,tvm
160,4,1500,10,64,32,2,1,[160; 4; 1500; 10; 64; 32; 2; 1],0.014617901382734999,0.3127281031480909,tvm
40,2,100,5,64,64,4,1,[40; 2; 100; 5; 64; 64; 4; 1],0.01296898748842068,0.35248924216405925,tvm
160,2,300,5,160,32,2,1,[160; 2; 300; 5; 160; 32; 2; 1],0.012824321020161733,0.35646554419852783,tvm
64,16,20,5,160,80,5,1,[64; 16; 20; 5; 160; 80; 5; 1],0.00596874416078208,0.7658945413451229,tvm
160,16,300,10,64,32,2,1,[160; 16; 300; 10; 64; 32; 2; 1],0.015470681508304551,0.29548979913875556,tvm
256,128,250,5,32,32,2,1,[256; 128; 250; 5; 32; 32; 2; 1],0.007533013005740941,0.6068526057162874,tvm
256,64,375,5,32,32,2,1,[256; 64; 375; 5; 32; 32; 2; 1],0.01320586126530543,0.3461666361313877,tvm
160,10,375,15,80,16,1,1,[160; 10; 375; 15; 80; 16; 1; 1],0.014428842870984226,0.3168257227765308,tvm
160,10,250,5,160,32,2,0,[160; 10; 250; 5; 160; 32; 2; 0],0.01834205788327381,0.2492320436736422,tvm
32,1,60,10,160,32,2,1,[32; 1; 60; 10; 160; 32; 2; 1],0.014617873501265422,0.3127286996315051,tvm
64,32,250,5,64,64,4,1,[64; 32; 250; 5; 64; 64; 4; 1],0.017260636639548466,0.26484704283469346,tvm
80,8,250,5,160,32,2,0,[80; 8; 250; 5; 160; 32; 2; 0],0.00731524993898347,0.6249176186130175,tvm
160,2,150,10,64,32,2,1,[160; 2; 150; 10; 64; 32; 2; 1],0.012716994766378775,0.3594739681355006,tvm
256,4,150,5,32,32,2,0,[256; 4; 150; 5; 32; 32; 2; 0],0.007386149998637848,0.6189190000570843,tvm
80,4,250,10,160,32,2,1,[80; 4; 250; 10; 160; 32; 2; 1],0.011752872756915167,0.38896265330013297,tvm
40,2,125,5,160,80,5,1,[40; 2; 125; 5; 160; 80; 5; 1],0.018496824253816158,0.24714667278548755,tvm
256,16,500,5,64,32,2,1,[256; 16; 500; 5; 64; 32; 2; 1],0.01481651738868095,0.30853597046502346,tvm
80,4,100,5,160,80,5,1,[80; 4; 100; 5; 160; 80; 5; 1],0.011469906501588412,0.39855848613896694,tvm
256,1,100,10,160,32,2,1,[256; 1; 100; 10; 160; 32; 2; 1],0.013195052277296782,0.34645020537691285,tvm
160,80,300,10,32,32,2,1,[160; 80; 300; 10; 32; 32; 2; 1],0.007411058191792108,0.6168388444839792,tvm
128,4,12,6,160,32,2,1,[128; 4; 12; 6; 160; 32; 2; 1],0.006226053221325856,0.7342418075981485,tvm
32,4,300,5,32,32,2,1,[32; 4; 300; 5; 32; 32; 2; 1],0.0162484559987206,0.2813454134835042,tvm
32,8,20,5,64,64,4,0,[32; 8; 20; 5; 64; 64; 4; 0],0.009938370683812536,0.4599776680572444,tvm
128,4,60,12,64,32,2,1,[128; 4; 60; 12; 64; 32; 2; 1],0.013854066375643015,0.32997016525528206,tvm
128,4,75,3,64,64,4,1,[128; 4; 75; 3; 64; 64; 4; 1],0.008083482942311093,0.5655270882679175,tvm
160,16,10,10,32,32,2,0,[160; 16; 10; 10; 32; 32; 2; 0],0.02396329675684683,0.19076793221794142,tvm
16,4,125,5,160,80,5,1,[16; 4; 125; 5; 160; 80; 5; 1],0.02960039849858731,0.15443807527276177,tvm
160,20,20,5,64,32,2,1,[160; 20; 20; 5; 64; 32; 2; 1],0.007570592511910945,0.6038402627319148,tvm
160,20,100,10,64,32,2,0,[160; 20; 100; 10; 64; 32; 2; 0],0.006917677688761614,0.660832836842813,tvm
64,32,250,10,32,16,1,1,[64; 32; 250; 10; 32; 16; 1; 1],0.02566819079220295,0.17809703100762378,tvm
32,32,10,5,160,32,2,1,[32; 32; 10; 5; 160; 32; 2; 1],0.030720897251740098,0.14880517759518355,tvm
160,4,60,10,64,32,2,1,[160; 4; 60; 10; 64; 32; 2; 1],0.013637607131386176,0.33520752778599183,tvm
40,8,100,10,32,16,1,1,[40; 8; 100; 10; 32; 16; 1; 1],0.018625975004397333,0.2454329811110195,tvm
256,64,300,10,32,32,2,1,[256; 64; 300; 10; 32; 32; 2; 1],0.028837551246397197,0.1585234658923996,tvm
40,5,30,10,64,32,2,1,[40; 5; 30; 10; 64; 32; 2; 1],0.021582947112619877,0.21180743054110474,tvm
160,2,500,10,128,32,2,0,[160; 2; 500; 10; 128; 32; 2; 0],0.010018071567174047,0.4563182186088241,tvm
160,8,30,6,64,32,2,0,[160; 8; 30; 6; 64; 32; 2; 0],0.0077158526837592945,0.592472246269131,tvm
40,5,30,5,160,32,2,1,[40; 5; 30; 5; 160; 32; 2; 1],0.014673439873149619,0.31154443749714467,tvm
160,5,20,5,128,32,2,1,[160; 5; 20; 5; 128; 32; 2; 1],0.010013727063778788,0.4565161944511292,tvm
20,10,150,6,64,64,4,1,[20; 10; 150; 6; 64; 64; 4; 1],0.01651430976926349,0.276816205781542,tvm
32,8,20,5,160,32,2,0,[32; 8; 20; 5; 160; 32; 2; 0],0.02556658023968339,0.17880485104272917,tvm
160,20,100,10,160,16,1,1,[160; 20; 100; 10; 160; 16; 1; 1],0.01928453124128282,0.23705157850258834,tvm
32,8,75,5,64,32,2,0,[32; 8; 75; 5; 64; 32; 2; 0],0.027889823773875833,0.16391027094658772,tvm
20,4,250,10,160,32,2,1,[20; 4; 250; 10; 160; 32; 2; 1],0.00777522569114808,0.5879480227349594,tvm
160,80,100,5,160,32,2,1,[160; 80; 100; 5; 160; 32; 2; 1],0.014541876123985276,0.3143630527761468,tvm
20,1,750,5,160,32,2,1,[20; 1; 750; 5; 160; 32; 2; 1],0.01572959148325026,0.29062602015420946,tvm
32,32,50,10,160,32,2,1,[32; 32; 50; 10; 160; 32; 2; 1],0.01617806075955741,0.2825696255793784,tvm
128,4,1500,5,64,32,2,1,[128; 4; 1500; 5; 64; 32; 2; 1],0.015166675002546981,0.3014127071794496,tvm
80,4,250,5,32,32,2,0,[80; 4; 250; 5; 32; 32; 2; 0],0.008493935762089677,0.5381990986830715,tvm
80,5,375,3,160,80,5,0,[80; 5; 375; 3; 160; 80; 5; 0],0.01376408786745742,0.332127244133398,tvm
128,32,1500,5,160,32,2,1,[128; 32; 1500; 5; 160; 32; 2; 1],0.014952558762161061,0.30572884842940906,tvm
64,32,6,3,160,80,5,1,[64; 32; 6; 3; 160; 80; 5; 1],0.006891230557812378,0.6633689778737824,tvm
40,8,1500,5,80,80,5,1,[40; 8; 1500; 5; 80; 80; 5; 1],0.006403398307156749,0.7139066402162304,tvm
160,10,500,10,64,32,2,1,[160; 10; 500; 10; 64; 32; 2; 1],0.02781038370449096,0.16437847891650464,tvm
80,20,1500,6,64,32,2,1,[80; 20; 1500; 6; 64; 32; 2; 1],0.016258700256003067,0.2811681437906268,tvm
40,4,75,5,32,32,2,1,[40; 4; 75; 5; 32; 32; 2; 1],0.016921248636208475,0.2701590567995393,tvm
32,8,100,5,64,64,4,0,[32; 8; 100; 5; 64; 64; 4; 0],0.025701999256853014,0.1778627617931191,tvm
320,5,300,15,160,16,1,1,[320; 5; 300; 15; 160; 16; 1; 1],0.027782407763879746,0.1645440024594248,tvm
40,20,20,10,160,32,2,1,[40; 20; 20; 10; 160; 32; 2; 1],0.02606151398504153,0.17540917131876624,tvm
80,8,20,5,80,80,5,0,[80; 8; 20; 5; 80; 80; 5; 0],0.0071366212505381554,0.6405592241684188,tvm
64,4,1500,5,64,32,2,1,[64; 4; 1500; 5; 64; 32; 2; 1],0.009356694179587066,0.4885730455315918,tvm
80,8,12,6,32,32,2,1,[80; 8; 12; 6; 32; 32; 2; 1],0.014554826018866152,0.31408335389945763,tvm
40,8,1500,5,32,32,2,1,[40; 8; 1500; 5; 32; 32; 2; 1],0.024263257248094305,0.1884095166895872,tvm
80,80,1500,6,32,32,2,1,[80; 80; 1500; 6; 32; 32; 2; 1],0.014679747895570472,0.31141056399258554,tvm
64,4,150,10,32,32,2,0,[64; 4; 150; 10; 32; 32; 2; 0],0.028007935266941786,0.16321904945361332,tvm
160,1,250,10,32,32,2,1,[160; 1; 250; 10; 32; 32; 2; 1],0.018104926886735484,0.25249638399687846,tvm
64,32,1500,12,160,32,2,1,[64; 32; 1500; 12; 160; 32; 2; 1],0.040339299535844475,0.11332444102968413,tvm
80,20,10,5,64,64,4,1,[80; 20; 10; 5; 64; 64; 4; 1],0.007070167863275856,0.6465799200007211,tvm
32,2,500,5,160,80,5,0,[32; 2; 500; 5; 160; 80; 5; 0],0.015984466997906566,0.28599193029253195,tvm
256,8,100,4,64,32,2,1,[256; 8; 100; 4; 64; 32; 2; 1],0.01516308612190187,0.3014840471574917,tvm
160,2,250,5,32,32,2,0,[160; 2; 250; 5; 32; 32; 2; 0],0.007430953744915314,0.6151873270045055,tvm
160,4,60,10,160,32,2,0,[160; 4; 60; 10; 160; 32; 2; 0],0.0076025911257602274,0.6012987540443914,tvm
64,32,1500,12,64,32,2,1,[64; 32; 1500; 12; 64; 32; 2; 1],0.01574296527542174,0.29037913070707116,tvm
256,16,300,4,160,32,2,1,[256; 16; 300; 4; 160; 32; 2; 1],0.01318365550832823,0.34674969840805997,tvm
40,8,750,10,32,32,2,1,[40; 8; 750; 10; 32; 32; 2; 1],0.013632811984280124,0.3353254322512366,tvm
80,1,1500,6,64,64,4,0,[80; 1; 1500; 6; 64; 64; 4; 0],0.008254620493971743,0.5538023916141311,tvm
160,4,300,10,160,32,2,1,[160; 4; 300; 10; 160; 32; 2; 1],0.006652821306488477,0.687141343623655,tvm
128,2,1500,10,160,32,2,0,[128; 2; 1500; 10; 160; 32; 2; 0],0.013540773885324597,0.3376046753415664,tvm
32,4,75,5,160,80,5,1,[32; 4; 75; 5; 160; 80; 5; 1],0.019949512497987598,0.22914988884513912,tvm
128,16,750,6,160,32,2,1,[128; 16; 750; 6; 160; 32; 2; 1],0.014148065005429089,0.323113342331574,tvm
64,8,60,6,160,32,2,0,[64; 8; 60; 6; 160; 32; 2; 0],0.014763601735467091,0.30964182408459834,tvm
80,20,25,5,160,32,2,1,[80; 20; 25; 5; 160; 32; 2; 1],0.018759173137368634,0.24369030222991,tvm
80,10,125,5,160,80,5,1,[80; 10; 125; 5; 160; 80; 5; 1],0.01791494176723063,0.2551740681507804,tvm
256,256,150,10,32,32,2,0,[256; 256; 150; 10; 32; 32; 2; 0],0.007816660188836977,0.5848314319659256,tvm
256,1,4,4,32,32,2,0,[256; 1; 4; 4; 32; 32; 2; 0],0.015739490889245644,0.29044322993649696,tvm
256,256,60,4,32,32,2,0,[256; 256; 60; 4; 32; 32; 2; 0],0.017005315254209563,0.26882351212494826,tvm
320,2,500,10,16,16,1,1,[320; 2; 500; 10; 16; 16; 1; 1],0.008217918133595958,0.5562757497838723,tvm
160,20,60,4,128,32,2,0,[160; 20; 60; 4; 128; 32; 2; 0],0.029625692521221936,0.1543062180961304,tvm
40,8,6,6,64,64,4,0,[40; 8; 6; 6; 64; 64; 4; 0],0.02540330996271223,0.17995405237107517,tvm
128,8,300,4,64,32,2,0,[128; 8; 300; 4; 64; 32; 2; 0],0.028901620011311024,0.15817205297279127,tvm
32,8,150,6,64,32,2,1,[32; 8; 150; 6; 64; 32; 2; 1],0.022424624126870185,0.20385753382376126,tvm
80,40,500,2,160,80,5,0,[80; 40; 500; 2; 160; 80; 5; 0],0.009788211304112338,0.46703411168779835,tvm
40,2,30,6,64,64,4,1,[40; 2; 30; 6; 64; 64; 4; 1],0.015149409999139607,0.3017562117394803,tvm
160,5,750,15,80,16,1,0,[160; 5; 750; 15; 80; 16; 1; 0],0.007701498194364831,0.5935765296645107,tvm
80,10,150,3,64,64,4,1,[80; 10; 150; 3; 64; 64; 4; 1],0.008025983624975197,0.5695786068144014,tvm
80,4,750,5,128,32,2,0,[80; 4; 750; 5; 128; 32; 2; 0],0.016469076130306348,0.2775765037005471,tvm
80,80,150,10,64,32,2,0,[80; 80; 150; 10; 64; 32; 2; 0],0.01882857401506044,0.24279207590399657,tvm
32,16,20,5,128,64,4,1,[32; 16; 20; 5; 128; 64; 4; 1],0.030473423248622566,0.1500136211849847,tvm
32,32,60,4,160,80,5,0,[32; 32; 60; 4; 160; 80; 5; 0],0.02252950589172542,0.20290851443428923,tvm
80,1,5,5,64,64,4,0,[80; 1; 5; 5; 64; 64; 4; 0],0.008589529126766138,0.5322094498967795,tvm
160,160,375,5,128,32,2,0,[160; 160; 375; 5; 128; 32; 2; 0],0.012490210312535055,0.3660009284904298,tvm
32,2,750,6,64,64,4,0,[32; 2; 750; 6; 64; 64; 4; 0],0.014391050004633144,0.31765775047385825,tvm
32,4,375,5,64,64,4,1,[32; 4; 375; 5; 64; 64; 4; 1],0.007586742620333098,0.6025548512976788,tvm
64,2,20,5,32,32,2,1,[64; 2; 20; 5; 32; 32; 2; 1],0.015242758352542296,0.29990822301962927,tvm
320,5,300,10,16,16,1,1,[320; 5; 300; 10; 16; 16; 1; 1],0.0162306533602532,0.2816540080033634,tvm
160,10,5,5,64,32,2,0,[160; 10; 5; 5; 64; 32; 2; 0],0.007672386505873874,0.5958287643523626,tvm
32,32,500,5,64,64,4,1,[32; 32; 500; 5; 64; 64; 4; 1],0.01566385885234922,0.2918456182808977,tvm
256,64,150,5,160,32,2,1,[256; 64; 150; 5; 160; 32; 2; 1],0.006518371621496044,0.7013145056586041,tvm
128,128,500,4,32,32,2,1,[128; 128; 500; 4; 32; 32; 2; 1],0.014112430886598304,0.32392920880624276,tvm
128,2,750,6,128,64,4,1,[128; 2; 750; 6; 128; 64; 4; 1],0.028022071230225265,0.16313671226763998,tvm
160,2,30,6,64,32,2,0,[160; 2; 30; 6; 64; 32; 2; 0],0.015121136006200686,0.3023204453391582,tvm
32,1,150,5,160,32,2,0,[32; 1; 150; 5; 160; 32; 2; 0],0.01825328089762479,0.25044421312901777,tvm
32,16,60,12,128,32,2,1,[32; 16; 60; 12; 128; 32; 2; 1],0.021279661363223568,0.2148261898250464,tvm
160,160,1500,6,32,32,2,1,[160; 160; 1500; 6; 32; 32; 2; 1],0.01563000786700286,0.292477688452064,tvm
320,4,250,10,16,16,1,1,[320; 4; 250; 10; 16; 16; 1; 1],0.027692133735399693,0.16508040207767652,tvm
20,2,75,5,80,80,5,1,[20; 2; 75; 5; 80; 80; 5; 1],0.007408107238006778,0.6170845567644021,tvm
64,16,5,5,128,32,2,1,[64; 16; 5; 5; 128; 32; 2; 1],0.020743674773257226,0.22037698823364044,tvm
160,8,5,5,32,32,2,1,[160; 8; 5; 5; 32; 32; 2; 1],0.00675327837234363,0.6769199075444187,tvm
256,1,300,5,128,32,2,1,[256; 1; 300; 5; 128; 32; 2; 1],0.015395743743283674,0.2969280762043625,tvm
256,1,300,10,128,32,2,1,[256; 1; 300; 10; 128; 32; 2; 1],0.009431746497284621,0.4846852672243339,tvm
32,16,10,5,160,80,5,1,[32; 16; 10; 5; 160; 80; 5; 1],0.01789608327089809,0.25544296493425744,tvm
160,4,1500,5,64,32,2,1,[160; 4; 1500; 5; 64; 32; 2; 1],0.017881137871881947,0.255656469078354,tvm
128,128,300,6,32,32,2,1,[128; 128; 300; 6; 32; 32; 2; 1],0.015525535854976624,0.2944457836515334,tvm
160,8,60,10,32,32,2,0,[160; 8; 60; 10; 32; 32; 2; 0],0.0065493170550325885,0.6980008042084054,tvm
256,2,750,10,80,16,1,1,[256; 2; 750; 10; 80; 16; 1; 1],0.017072056973120198,0.26777257003220206,tvm
160,16,300,15,80,16,1,1,[160; 16; 300; 15; 80; 16; 1; 1],0.013923392107244581,0.32832721625716327,tvm
80,10,4,4,160,80,5,1,[80; 10; 4; 4; 160; 80; 5; 1],0.012072049066773616,0.37867876001355044,tvm
160,10,300,12,64,16,1,1,[160; 10; 300; 12; 64; 16; 1; 1],0.008431046313489787,0.5422136709312372,tvm
256,128,375,5,64,32,2,1,[256; 128; 375; 5; 64; 32; 2; 1],0.009068842249689624,0.504080724481124,tvm
128,16,300,5,64,64,4,0,[128; 16; 300; 5; 64; 64; 4; 0],0.01989729914930649,0.229751210811338,tvm
80,16,10,5,32,32,2,0,[80; 16; 10; 5; 32; 32; 2; 0],0.016522873600479215,0.27667273150936567,tvm
160,16,250,5,64,32,2,1,[160; 16; 250; 5; 64; 32; 2; 1],0.007835614756913856,0.5834167086117796,tvm
128,2,75,5,64,32,2,0,[128; 2; 75; 5; 64; 32; 2; 0],0.016692016884917393,0.2738691557135455,tvm
128,16,10,5,32,32,2,1,[128; 16; 10; 5; 32; 32; 2; 1],0.013099631760269403,0.34897382270649085,tvm
256,8,300,12,64,32,2,0,[256; 8; 300; 12; 64; 32; 2; 0],0.014691666001453996,0.3111579429437172,tvm
80,80,75,3,160,80,5,0,[80; 80; 75; 3; 160; 80; 5; 0],0.019527506141457707,0.23410201683271983,tvm
80,16,5,5,32,32,2,1,[80; 16; 5; 5; 32; 32; 2; 1],0.01403836949612014,0.32563814285498055,tvm
160,5,100,10,64,32,2,1,[160; 5; 100; 10; 64; 32; 2; 1],0.016549044870771468,0.2762351910412982,tvm
128,8,10,5,160,32,2,1,[128; 8; 10; 5; 160; 32; 2; 1],0.01279423147207126,0.35730388194145296,tvm
256,2,500,4,32,32,2,1,[256; 2; 500; 4; 32; 32; 2; 1],0.006844845192972571,0.6678644209692196,tvm
64,4,750,5,160,32,2,0,[64; 4; 750; 5; 160; 32; 2; 0],0.014762311388039961,0.3096688893266554,tvm
80,2,60,6,160,32,2,0,[80; 2; 60; 6; 160; 32; 2; 0],0.007556311305961572,0.6049815030545302,tvm
40,5,75,5,160,80,5,0,[40; 5; 75; 5; 160; 80; 5; 0],0.0075642332376446575,0.6043479131074517,tvm
256,16,60,12,64,32,2,1,[256; 16; 60; 12; 64; 32; 2; 1],0.01257236662786454,0.36360923179704036,tvm
64,8,150,5,160,32,2,1,[64; 8; 150; 5; 160; 32; 2; 1],0.022017312003299594,0.2076288227529083,tvm
128,4,250,10,160,32,2,0,[128; 4; 250; 10; 160; 32; 2; 0],0.012997576501220465,0.3517139192063472,tvm
256,4,60,5,160,32,2,1,[256; 4; 60; 5; 160; 32; 2; 1],0.016035163745982572,0.28508773866271814,tvm
40,10,60,5,64,32,2,0,[40; 10; 60; 5; 64; 32; 2; 0],0.010856454566237517,0.4210793259933363,tvm
40,10,500,5,64,32,2,0,[40; 10; 500; 5; 64; 32; 2; 0],0.017362760874675587,0.2632892662880716,tvm
128,1,250,5,128,32,2,1,[128; 1; 250; 5; 128; 32; 2; 1],0.011281977058388293,0.40519747095476116,tvm
16,16,500,5,160,80,5,1,[16; 16; 500; 5; 160; 80; 5; 1],0.014710497140185907,0.31075962476756913,tvm
40,40,500,4,64,64,4,1,[40; 40; 500; 4; 64; 64; 4; 1],0.01267107026069425,0.36077683079456796,tvm
320,32,250,10,160,16,1,1,[320; 32; 250; 10; 160; 16; 1; 1],0.01437297323718667,0.3180572659525366,tvm
80,10,1500,5,128,64,4,0,[80; 10; 1500; 5; 128; 64; 4; 0],0.019469978607958183,0.2347937131045455,tvm
20,4,1500,4,64,64,4,1,[20; 4; 1500; 4; 64; 64; 4; 1],0.039945228258147836,0.11444241955223058,tvm
32,16,250,10,64,16,1,1,[32; 16; 250; 10; 64; 16; 1; 1],0.010848439997062087,0.42139040937375144,tvm
80,8,30,3,80,80,5,1,[80; 8; 30; 3; 80; 80; 5; 1],0.006637759113800712,0.6887005829910299,tvm
40,10,300,4,64,64,4,1,[40; 10; 300; 4; 64; 64; 4; 1],0.015341927122790366,0.29796964454600583,tvm
40,40,1500,5,32,32,2,1,[40; 40; 1500; 5; 32; 32; 2; 1],0.015105277765542269,0.30263783575412195,tvm
80,20,750,5,64,32,2,0,[80; 20; 750; 5; 64; 32; 2; 0],0.017383568512741476,0.26297411650996133,tvm
40,5,750,15,80,16,1,1,[40; 5; 750; 15; 80; 16; 1; 1],0.01726727088680491,0.2647452861194128,tvm
160,160,50,5,160,32,2,0,[160; 160; 50; 5; 160; 32; 2; 0],0.016417729639215395,0.2784446249199558,tvm
40,20,375,5,32,32,2,1,[40; 20; 375; 5; 32; 32; 2; 1],0.016321790491929278,0.28008131667227504,tvm
80,8,10,10,128,32,2,1,[80; 8; 10; 10; 128; 32; 2; 1],0.009639087627874687,0.4742594681065807,tvm
20,5,1500,6,64,64,4,0,[20; 5; 1500; 6; 64; 64; 4; 0],0.011386071928427555,0.4014930346623849,tvm
32,4,10,5,80,80,5,1,[32; 4; 10; 5; 80; 80; 5; 1],0.01278637463110499,0.35752343438364526,tvm
128,32,500,10,32,32,2,0,[128; 32; 500; 10; 32; 32; 2; 0],0.014513843227177858,0.31497023220344256,tvm
40,10,750,3,64,64,4,1,[40; 10; 750; 3; 64; 64; 4; 1],0.01853333887993358,0.24665974118555342,tvm
128,1,300,12,80,16,1,0,[128; 1; 300; 12; 80; 16; 1; 0],0.016722974891308695,0.27336216200410884,tvm
80,10,60,3,64,64,4,0,[80; 10; 60; 3; 64; 64; 4; 0],0.014449080248596147,0.3163819767609586,tvm
40,40,125,5,64,64,4,1,[40; 40; 125; 5; 64; 64; 4; 1],0.015951376873999834,0.28658520248993896,tvm
160,20,75,5,128,32,2,0,[160; 20; 75; 5; 128; 32; 2; 0],0.009627404506318271,0.47483499508392274,tvm
64,8,60,4,160,80,5,1,[64; 8; 60; 4; 160; 80; 5; 1],0.012646430870518088,0.3614797422477266,tvm
160,20,6,6,64,32,2,0,[160; 20; 6; 6; 64; 32; 2; 0],0.015181202354142442,0.30112427624556243,tvm
40,5,50,5,64,64,4,0,[40; 5; 50; 5; 64; 64; 4; 0],0.018250764609547332,0.2504787426296194,tvm
128,4,150,10,32,32,2,1,[128; 4; 150; 10; 32; 32; 2; 1],0.012305170690524392,0.371504685826813,tvm
160,1,750,10,160,16,1,1,[160; 1; 750; 10; 160; 16; 1; 1],0.018661208625417203,0.24496958708248565,tvm
128,32,500,5,64,64,4,1,[128; 32; 500; 5; 64; 64; 4; 1],0.014977025013649836,0.30522941420357114,tvm
128,128,1500,4,64,64,4,1,[128; 128; 1500; 4; 64; 64; 4; 1],0.016094579856144264,0.2840352846914102,tvm
40,1,60,6,160,32,2,0,[40; 1; 60; 6; 160; 32; 2; 0],0.00875919907412026,0.5219002939361448,tvm
80,4,10,10,160,32,2,0,[80; 4; 10; 10; 160; 32; 2; 0],0.0077429530647350475,0.59039858994483,tvm
40,8,375,15,32,16,1,1,[40; 8; 375; 15; 32; 16; 1; 1],0.018265627266373485,0.2502749292297476,tvm
160,1,250,5,128,32,2,1,[160; 1; 250; 5; 128; 32; 2; 1],0.023393404233502224,0.1954152771353271,tvm
20,1,750,10,64,32,2,1,[20; 1; 750; 10; 64; 32; 2; 1],0.01022256669239141,0.4471898994634152,tvm
80,16,20,5,64,32,2,1,[80; 16; 20; 5; 64; 32; 2; 1],0.016853590990649536,0.2712435927728889,tvm
40,4,75,5,160,32,2,0,[40; 4; 75; 5; 160; 32; 2; 0],0.020210650633089244,0.22618908487508788,tvm
160,160,250,5,64,32,2,0,[160; 160; 250; 5; 64; 32; 2; 0],0.018784245621645823,0.24336503384308047,tvm
80,16,750,6,32,32,2,0,[80; 16; 750; 6; 32; 32; 2; 0],0.008047770752455108,0.568036629278236,tvm
80,20,60,5,32,32,2,1,[80; 20; 60; 5; 32; 32; 2; 1],0.012942372501129285,0.35321410900742445,tvm
20,5,500,5,64,64,4,1,[20; 5; 500; 5; 64; 64; 4; 1],0.01674213001388125,0.2730494009805386,tvm
80,5,30,5,160,32,2,1,[80; 5; 30; 5; 160; 32; 2; 1],0.0068279490660643205,0.6695170873709485,tvm
80,1,750,5,32,32,2,1,[80; 1; 750; 5; 32; 32; 2; 1],0.013863100874004886,0.3297551257093277,tvm
40,8,750,6,160,32,2,1,[40; 8; 750; 6; 160; 32; 2; 1],0.01568997310823761,0.2913598729515007,tvm
160,1,25,5,32,32,2,1,[160; 1; 25; 5; 32; 32; 2; 1],0.015037017990835011,0.30401164474331516,tvm
160,2,20,5,32,32,2,1,[160; 2; 20; 5; 32; 32; 2; 1],0.013955993141280487,0.3275602477839234,tvm
80,1,75,3,160,80,5,1,[80; 1; 75; 3; 160; 80; 5; 1],0.007209964809590019,0.6340431184002571,tvm
64,16,20,5,160,32,2,0,[64; 16; 20; 5; 160; 32; 2; 0],0.01462737435940653,0.3125255742489964,tvm
160,80,375,5,64,32,2,1,[160; 80; 375; 5; 64; 32; 2; 1],0.009364324316265993,0.4881749517675206,tvm
64,16,25,5,160,32,2,0,[64; 16; 25; 5; 160; 32; 2; 0],0.015561333362711594,0.29376843647490575,tvm
40,1,25,5,80,80,5,0,[40; 1; 25; 5; 80; 80; 5; 0],0.01617687486577779,0.2825903401836555,tvm
80,5,10,5,160,80,5,1,[80; 5; 10; 5; 160; 80; 5; 1],0.016061479749623686,0.2846206353767422,tvm
20,2,1500,5,80,80,5,1,[20; 2; 1500; 5; 80; 80; 5; 1],0.013575378630775958,0.3367440935359953,tvm
160,20,500,5,160,32,2,0,[160; 20; 500; 5; 160; 32; 2; 0],0.02639931725570932,0.1731646514623373,tvm
160,10,375,5,160,32,2,1,[160; 10; 375; 5; 160; 32; 2; 1],0.006837586493929848,0.6685734177530206,tvm
80,5,12,6,160,32,2,1,[80; 5; 12; 6; 160; 32; 2; 1],0.006898813371662982,0.6626398374836184,tvm
40,8,500,5,80,80,5,0,[40; 8; 500; 5; 80; 80; 5; 0],0.013976706512039527,0.327074806034651,tvm
160,32,75,5,32,32,2,1,[160; 32; 75; 5; 32; 32; 2; 1],0.014459235011599958,0.3161597807740957,tvm
160,16,10,10,160,32,2,1,[160; 16; 10; 10; 160; 32; 2; 1],0.005339733783330303,0.8561154463729553,tvm
32,8,300,10,160,32,2,1,[32; 8; 300; 10; 160; 32; 2; 1],0.006733725138474256,0.6788855317703653,tvm
80,1,75,5,160,80,5,0,[80; 1; 75; 5; 160; 80; 5; 0],0.020194814627757296,0.22636645375022413,tvm
256,16,100,10,160,32,2,1,[256; 16; 100; 10; 160; 32; 2; 1],0.011680073934257962,0.3913869550106573,tvm
40,1,1500,10,128,32,2,1,[40; 1; 1500; 10; 128; 32; 2; 1],0.01344591288943775,0.3399864783461147,tvm
64,2,750,3,160,80,5,1,[64; 2; 750; 3; 160; 80; 5; 1],0.014287181373219937,0.319967140614405,tvm
80,16,15,3,64,64,4,1,[80; 16; 15; 3; 64; 64; 4; 1],0.013394584995694458,0.3412893025724953,tvm
160,40,750,6,32,32,2,0,[160; 40; 750; 6; 32; 32; 2; 0],0.01590887864585966,0.2873507726843024,tvm
256,2,500,20,16,16,1,1,[256; 2; 500; 20; 16; 16; 1; 1],0.015905774635029957,0.28740684916789416,tvm
80,40,30,2,64,64,4,1,[80; 40; 30; 2; 64; 64; 4; 1],0.020750531257363036,0.22030417027547014,tvm
80,2,500,4,32,32,2,0,[80; 2; 500; 4; 32; 32; 2; 0],0.018490257614757866,0.24723444457474292,tvm
160,40,10,10,64,32,2,1,[160; 40; 10; 10; 64; 32; 2; 1],0.016596339613897726,0.2754480010520194,tvm
32,1,5,5,32,32,2,1,[32; 1; 5; 5; 32; 32; 2; 1],0.008712994123925455,0.5246679277420436,tvm
160,160,300,4,32,32,2,1,[160; 160; 300; 4; 32; 32; 2; 1],0.013058062875643373,0.3500847418919582,tvm
80,1,60,10,32,32,2,0,[80; 1; 60; 10; 32; 32; 2; 0],0.007822838364518248,0.5843695546827387,tvm
80,16,20,5,32,32,2,0,[80; 16; 20; 5; 32; 32; 2; 0],0.014230411732569337,0.32124359135483627,tvm
80,10,1500,4,32,32,2,1,[80; 10; 1500; 4; 32; 32; 2; 1],0.015879301994573325,0.28788598976144136,tvm
256,128,20,10,32,32,2,0,[256; 128; 20; 10; 32; 32; 2; 0],0.015123039396712556,0.3022823951924841,tvm
80,10,4,4,32,32,2,0,[80; 10; 4; 4; 32; 32; 2; 0],0.01700591412372887,0.2688140454061166,tvm
64,4,60,3,64,64,4,1,[64; 4; 60; 3; 64; 64; 4; 1],0.017358995974063873,0.2633463697012636,tvm
64,8,6,2,160,80,5,1,[64; 8; 6; 2; 160; 80; 5; 1],0.008518103437381797,0.5366721131099211,tvm
80,10,30,2,80,80,5,0,[80; 10; 30; 2; 80; 80; 5; 0],0.018080274225212634,0.2528406657158879,tvm
160,2,500,4,160,32,2,1,[160; 2; 500; 4; 160; 32; 2; 1],0.007583602258819155,0.6028043686115456,tvm
160,1,10,5,64,32,2,1,[160; 1; 10; 5; 64; 32; 2; 1],0.00901306324522011,0.507200321028806,tvm
40,2,30,10,160,32,2,1,[40; 2; 30; 10; 160; 32; 2; 1],0.013738854991970584,0.3327372313122351,tvm
32,16,75,5,64,64,4,1,[32; 16; 75; 5; 64; 64; 4; 1],0.01543957699323073,0.29608509180224635,tvm
20,10,150,6,160,32,2,0,[20; 10; 150; 6; 160; 32; 2; 0],0.01945292588789016,0.23499953671619025,tvm
80,40,1500,10,32,32,2,1,[80; 40; 1500; 10; 32; 32; 2; 1],0.014310067112091929,0.3194554250249281,tvm
160,160,125,5,64,32,2,1,[160; 160; 125; 5; 64; 32; 2; 1],0.009658531940658577,0.4733047009126383,tvm
64,1,30,6,160,32,2,0,[64; 1; 30; 6; 160; 32; 2; 0],0.008327908435603604,0.5489287744669152,tvm
80,16,100,2,64,64,4,1,[80; 16; 100; 2; 64; 64; 4; 1],0.0108147954888409,0.42270134244753294,tvm
320,4,500,10,64,16,1,1,[320; 4; 500; 10; 64; 16; 1; 1],0.015518200874794275,0.29458495919161604,tvm
64,2,50,5,32,32,2,0,[64; 2; 50; 5; 32; 32; 2; 0],0.01745900177047588,0.26183791212846463,tvm
80,1,100,5,32,32,2,1,[80; 1; 100; 5; 32; 32; 2; 1],0.014945952745620161,0.30586397864587167,tvm
128,4,250,10,64,32,2,0,[128; 4; 250; 10; 64; 32; 2; 0],0.008165981562342495,0.5598137268041065,tvm
256,1,30,5,128,32,2,1,[256; 1; 30; 5; 128; 32; 2; 1],0.01102135906694457,0.414779025314516,tvm
64,8,60,4,64,64,4,1,[64; 8; 60; 4; 64; 64; 4; 1],0.00798725412460044,0.5723404439266236,tvm
64,16,4,4,160,32,2,1,[64; 16; 4; 4; 160; 32; 2; 1],0.014221550634829327,0.3214437503202289,tvm
160,1,150,10,64,32,2,1,[160; 1; 150; 10; 64; 32; 2; 1],0.007610989370732568,0.6006352589333028,tvm
64,2,50,5,80,80,5,0,[64; 2; 50; 5; 80; 80; 5; 0],0.015035429241834208,0.30404376874782807,tvm
64,64,15,3,160,80,5,1,[64; 64; 15; 3; 160; 80; 5; 1],0.016087395109934732,0.2841621368897378,tvm
160,32,250,10,32,32,2,1,[160; 32; 250; 10; 32; 32; 2; 1],0.029680736013688147,0.15402005426416387,tvm
160,32,375,5,32,32,2,1,[160; 32; 375; 5; 32; 32; 2; 1],0.01650021376553923,0.2770526877037206,tvm
80,80,12,3,160,80,5,1,[80; 80; 12; 3; 160; 80; 5; 1],0.031181149242911488,0.14660872618310594,tvm
256,8,30,10,128,32,2,1,[256; 8; 30; 10; 128; 32; 2; 1],0.009279884441639297,0.49261697170671087,tvm
40,5,125,5,80,80,5,1,[40; 5; 125; 5; 80; 80; 5; 1],0.0062587613429059274,0.7304046792917125,tvm
256,32,10,10,32,32,2,0,[256; 32; 10; 10; 32; 32; 2; 0],0.014044410636415705,0.32549807106717105,tvm
160,8,12,6,64,32,2,0,[160; 8; 12; 6; 64; 32; 2; 0],0.022200054372660816,0.20591970157776948,tvm
20,1,750,5,160,80,5,1,[20; 1; 750; 5; 160; 80; 5; 1],0.017238651373190805,0.2651848147783743,tvm
160,1,1500,12,80,16,1,1,[160; 1; 1500; 12; 80; 16; 1; 1],0.019704655511304736,0.23199738603935008,tvm
256,1,500,10,128,32,2,0,[256; 1; 500; 10; 128; 32; 2; 0],0.01961569074774161,0.23304958414247476,tvm
320,1,300,15,80,16,1,1,[320; 1; 300; 15; 80; 16; 1; 1],0.019994395377580076,0.228635499353712,tvm
80,16,60,12,64,32,2,1,[80; 16; 60; 12; 64; 32; 2; 1],0.006837481618276797,0.6685836725628634,tvm
20,4,75,5,160,80,5,1,[20; 4; 75; 5; 160; 80; 5; 1],0.00738512612588238,0.619004806892499,tvm
40,1,250,5,160,80,5,0,[40; 1; 250; 5; 160; 80; 5; 0],0.016465258260723203,0.2776408665470748,tvm
80,10,3,3,160,80,5,1,[80; 10; 3; 3; 160; 80; 5; 1],0.012706013105344027,0.35978465735297194,tvm
80,2,1500,10,64,32,2,0,[80; 2; 1500; 10; 64; 32; 2; 0],0.018716454884270206,0.2442464985861462,tvm
160,5,1500,10,160,32,2,0,[160; 5; 1500; 10; 160; 32; 2; 0],0.011880846621352248,0.3847729641768798,tvm
160,8,150,10,32,32,2,0,[160; 8; 150; 10; 32; 32; 2; 0],0.017948275490198284,0.2547001562308908,tvm
80,20,10,5,160,32,2,1,[80; 20; 10; 5; 160; 32; 2; 1],0.012309527679462917,0.3713731907890742,tvm
80,8,375,5,160,32,2,1,[80; 8; 375; 5; 160; 32; 2; 1],0.006951995761482976,0.657570678733183,tvm
128,32,6,6,64,64,4,1,[128; 32; 6; 6; 64; 64; 4; 1],0.007100548507878557,0.6438134415047304,tvm
80,10,300,5,160,80,5,0,[80; 10; 300; 5; 160; 80; 5; 0],0.007798649821779691,0.5861820540603975,tvm
160,20,60,4,160,32,2,1,[160; 20; 60; 4; 160; 32; 2; 1],0.013416071888059378,0.34074270096131876,tvm
160,2,150,6,32,32,2,0,[160; 2; 150; 6; 32; 32; 2; 0],0.014657710009487346,0.31187877018099486,tvm
256,8,5,5,32,32,2,1,[256; 8; 5; 5; 32; 32; 2; 1],0.015123225894058123,0.30227866749148236,tvm
256,4,750,6,32,32,2,1,[256; 4; 750; 6; 32; 32; 2; 1],0.012945679511176422,0.3531238794751492,tvm
256,16,500,5,32,32,2,1,[256; 16; 500; 5; 32; 32; 2; 1],0.02436887938529253,0.18759289252289493,tvm
80,80,50,10,64,32,2,1,[80; 80; 50; 10; 64; 32; 2; 1],0.00957975174242165,0.4771969769514056,tvm
32,2,750,15,64,16,1,1,[32; 2; 750; 15; 64; 16; 1; 1],0.01962833438301459,0.23289946473422954,tvm
64,64,1500,5,64,32,2,1,[64; 64; 1500; 5; 64; 32; 2; 1],0.00898611731827259,0.5087212206914901,tvm
16,4,125,5,160,80,5,1,[16; 4; 125; 5; 160; 80; 5; 1],0.015948083251714706,0.2866443884996061,tvm
80,80,60,10,160,32,2,0,[80; 80; 60; 10; 160; 32; 2; 0],0.016193475981708616,0.2823006361692969,tvm
80,40,1500,12,32,32,2,1,[80; 40; 1500; 12; 32; 32; 2; 1],0.0075825356325367466,0.6028891643861877,tvm
40,10,500,10,64,16,1,1,[40; 10; 500; 10; 64; 16; 1; 1],0.028404134733136743,0.16094236329950462,tvm
128,32,12,6,128,32,2,0,[128; 32; 12; 6; 128; 32; 2; 0],0.039332374231889844,0.1162255943278948,tvm
40,20,1500,12,64,32,2,1,[40; 20; 1500; 12; 64; 32; 2; 1],0.009696216700831428,0.47146518198552456,tvm
160,16,6,6,128,32,2,0,[160; 16; 6; 6; 128; 32; 2; 0],0.01004617901344318,0.4550415202945684,tvm
64,1,30,6,64,32,2,1,[64; 1; 30; 6; 64; 32; 2; 1],0.017114057496655732,0.26711541505115766,tvm
80,5,60,3,128,64,4,1,[80; 5; 60; 3; 128; 64; 4; 1],0.01910709688672796,0.23925291207393973,tvm
160,80,300,10,64,32,2,1,[160; 80; 300; 10; 64; 32; 2; 1],0.01774400274734944,0.2576323187343646,tvm
32,4,12,12,160,32,2,1,[32; 4; 12; 12; 160; 32; 2; 1],0.013414297514827922,0.3407877726265872,tvm
40,10,15,15,32,16,1,1,[40; 10; 15; 15; 32; 16; 1; 1],0.017331869254121557,0.2637585423938896,tvm
160,10,500,4,32,32,2,1,[160; 10; 500; 4; 32; 32; 2; 1],0.01746495024417527,0.26174873146021055,tvm
128,4,500,4,160,32,2,0,[128; 4; 500; 4; 160; 32; 2; 0],0.007330009189900011,0.62365932333721,tvm
40,4,60,10,64,32,2,1,[40; 4; 60; 10; 64; 32; 2; 1],0.01597878962638788,0.286093545150577,tvm
128,32,12,12,128,32,2,1,[128; 32; 12; 12; 128; 32; 2; 1],0.013016566605074331,0.3512007974242964,tvm
80,80,30,3,160,80,5,0,[80; 80; 30; 3; 160; 80; 5; 0],0.008588484997744672,0.5322741522665551,tvm
128,4,50,10,32,32,2,1,[128; 4; 50; 10; 32; 32; 2; 1],0.013881952501833439,0.3293073197610211,tvm
64,1,375,5,80,80,5,0,[64; 1; 375; 5; 80; 80; 5; 0],0.030356432776898146,0.1505917577676492,tvm
128,2,50,5,64,64,4,1,[128; 2; 50; 5; 64; 64; 4; 1],0.011741346010239795,0.38934450679179067,tvm
160,10,125,5,128,32,2,1,[160; 10; 125; 5; 128; 32; 2; 1],0.019202883646357805,0.23805948396170337,tvm
64,4,60,3,160,80,5,0,[64; 4; 60; 3; 160; 80; 5; 0],0.00740769668482244,0.6171187571428145,tvm
160,2,30,10,64,32,2,1,[160; 2; 30; 10; 64; 32; 2; 1],0.007387335499515757,0.618819677504593,tvm
128,128,300,5,64,64,4,0,[128; 128; 300; 5; 64; 64; 4; 0],0.008647064314573072,0.5286682745870469,tvm
40,4,20,5,80,80,5,1,[40; 4; 20; 5; 80; 80; 5; 1],0.00635636156948749,0.7191895113979747,tvm
80,40,20,2,160,80,5,1,[80; 40; 20; 2; 160; 80; 5; 1],0.016992642369586974,0.2690239970924361,tvm
256,8,6,6,128,32,2,0,[256; 8; 6; 6; 128; 32; 2; 0],0.01993654199759476,0.22929897130505839,tvm
80,10,2,2,160,80,5,1,[80; 10; 2; 2; 160; 80; 5; 1],0.02397935264161788,0.19064019949790184,tvm
80,80,300,5,160,80,5,0,[80; 80; 300; 5; 160; 80; 5; 0],0.020064396871021017,0.22783782641535966,tvm
80,16,250,5,64,32,2,0,[80; 16; 250; 5; 64; 32; 2; 0],0.008915521553717554,0.5127494273761694,tvm
64,16,300,4,160,80,5,0,[64; 16; 300; 4; 160; 80; 5; 0],0.007654101253137924,0.597252168509587,tvm
160,20,125,5,160,32,2,0,[160; 20; 125; 5; 160; 32; 2; 0],0.013289386639371514,0.343990937691972,tvm
80,1,30,3,80,80,5,1,[80; 1; 30; 3; 80; 80; 5; 1],0.014426214765990153,0.31688344070724145,tvm
80,2,10,5,80,80,5,1,[80; 2; 10; 5; 80; 80; 5; 1],0.01289158349391073,0.35460566761157475,tvm
64,2,5,5,32,32,2,0,[64; 2; 5; 5; 32; 32; 2; 0],0.02530618925811723,0.18064468438140038,tvm
160,2,150,5,128,32,2,0,[160; 2; 150; 5; 128; 32; 2; 0],0.021370640519307926,0.2139116311136478,tvm
256,16,500,4,32,32,2,1,[256; 16; 500; 4; 32; 32; 2; 1],0.018777669116389006,0.2434502676074244,tvm
20,5,75,5,160,32,2,1,[20; 5; 75; 5; 160; 32; 2; 1],0.008498118870193139,0.5379341759342413,tvm
256,16,50,5,64,32,2,0,[256; 16; 50; 5; 64; 32; 2; 0],0.007620683245477267,0.5998712220641934,tvm
128,2,60,4,160,32,2,0,[128; 2; 60; 4; 160; 32; 2; 0],0.01571084000170231,0.29097289329744597,tvm
128,1,500,4,64,64,4,0,[128; 1; 500; 4; 64; 64; 4; 0],0.015982811630237848,0.2860215509754176,tvm
80,1,6,3,160,80,5,1,[80; 1; 6; 3; 160; 80; 5; 1],0.014869455510051921,0.30743752307125394,tvm
160,32,100,5,160,32,2,0,[160; 32; 100; 5; 160; 32; 2; 0],0.025812592532020062,0.1771007141478639,tvm
128,8,50,5,64,32,2,0,[128; 8; 50; 5; 64; 32; 2; 0],0.017365595733281225,0.2632462854509168,tvm
160,5,1500,15,64,16,1,0,[160; 5; 1500; 15; 64; 16; 1; 0],0.03574352397117764,0.1278952958056071,tvm
80,10,300,4,160,80,5,0,[80; 10; 300; 4; 160; 80; 5; 0],0.0067841736890841275,0.673837195351306,tvm
128,1,1500,5,64,64,4,0,[128; 1; 1500; 5; 64; 64; 4; 0],0.007617027687956579,0.6001591117564848,tvm
80,2,30,2,160,80,5,0,[80; 2; 30; 2; 160; 80; 5; 0],0.025535048742312938,0.17902564500898996,tvm
80,1,30,5,160,32,2,1,[80; 1; 30; 5; 160; 32; 2; 1],0.021844264265382662,0.20927363430010631,tvm
80,5,500,5,64,64,4,0,[80; 5; 500; 5; 64; 64; 4; 0],0.014840842864941806,0.30803025225929426,tvm
80,1,250,5,64,64,4,1,[80; 1; 250; 5; 64; 64; 4; 1],0.014943547750590369,0.30591320399454475,tvm
128,1,250,10,160,32,2,0,[128; 1; 250; 10; 160; 32; 2; 0],0.02404076824313961,0.1901531816785055,tvm
64,16,60,6,64,64,4,0,[64; 16; 60; 6; 64; 64; 4; 0],0.015804667375050485,0.28924547812028656,tvm
32,8,150,5,160,80,5,0,[32; 8; 150; 5; 160; 80; 5; 0],0.008030515440623276,0.5692571797201809,tvm
256,16,100,10,32,32,2,0,[256; 16; 100; 10; 32; 32; 2; 0],0.010766738312668167,0.42458806359673656,tvm
64,16,150,5,160,32,2,1,[64; 16; 150; 5; 160; 32; 2; 1],0.006689535555779003,0.6833700984636182,tvm
256,4,250,5,32,32,2,0,[256; 4; 250; 5; 32; 32; 2; 0],0.01496160074020736,0.30554408253546367,tvm
160,1,500,10,160,32,2,1,[160; 1; 500; 10; 160; 32; 2; 1],0.012402874694089405,0.36857814693613633,tvm
64,16,20,4,160,80,5,1,[64; 16; 20; 4; 160; 80; 5; 1],0.012743988510919735,0.35871254650861667,tvm
160,10,10,10,160,32,2,1,[160; 10; 10; 10; 160; 32; 2; 1],0.011352161251124926,0.4026923570148876,tvm
256,16,125,5,160,32,2,1,[256; 16; 125; 5; 160; 32; 2; 1],0.013525842252420262,0.3379773685154858,tvm
160,40,300,10,128,32,2,0,[160; 40; 300; 10; 128; 32; 2; 0],0.01151707480312325,0.3969261856481884,tvm
40,2,10,5,160,80,5,1,[40; 2; 10; 5; 160; 80; 5; 1],0.006618047758820467,0.690751825617429,tvm
32,16,500,5,32,32,2,1,[32; 16; 500; 5; 32; 32; 2; 1],0.012974059849511832,0.35235143235450533,tvm
32,1,20,5,64,64,4,1,[32; 1; 20; 5; 64; 64; 4; 1],0.00836450987844728,0.5465267705891185,tvm
160,20,75,5,128,32,2,1,[160; 20; 75; 5; 128; 32; 2; 1],0.018544126010965556,0.24651625904210228,tvm
80,40,25,5,160,80,5,1,[80; 40; 25; 5; 160; 80; 5; 1],0.01955269288737327,0.2338004589833612,tvm
80,10,100,2,80,80,5,1,[80; 10; 100; 2; 80; 80; 5; 1],0.01733632624382153,0.26369073280781025,tvm
32,16,750,6,32,32,2,1,[32; 16; 750; 6; 32; 32; 2; 1],0.014632307866122574,0.3124202014647713,tvm
80,5,50,10,128,32,2,1,[80; 5; 50; 10; 128; 32; 2; 1],0.011116748675704002,0.4112199263278813,tvm
40,20,20,5,160,80,5,0,[40; 20; 20; 5; 160; 80; 5; 0],0.008444263876299374,0.5413649595033689,tvm
160,10,300,10,32,16,1,1,[160; 10; 300; 10; 32; 16; 1; 1],0.014821068616583943,0.3084412257772965,tvm
80,16,500,2,160,80,5,1,[80; 16; 500; 2; 160; 80; 5; 1],0.02558073023101315,0.1787059450666634,tvm
256,32,20,5,128,32,2,1,[256; 32; 20; 5; 128; 32; 2; 1],0.009449635617784224,0.48376770875959896,tvm
256,128,60,6,32,32,2,0,[256; 128; 60; 6; 32; 32; 2; 0],0.01588480925420299,0.28778617975655,tvm
160,32,30,5,64,32,2,0,[160; 32; 30; 5; 64; 32; 2; 0],0.016374476865166798,0.2791801294826896,tvm
40,4,300,12,64,32,2,0,[40; 4; 300; 12; 64; 32; 2; 0],0.018046245619188994,0.2533174305556201,tvm
128,64,300,3,64,64,4,1,[128; 64; 300; 3; 64; 64; 4; 1],0.00899601136916317,0.5081617156575267,tvm
128,4,60,6,64,32,2,1,[128; 4; 60; 6; 64; 32; 2; 1],0.015766146272653714,0.2899521856750554,tvm
80,40,75,5,32,32,2,1,[80; 40; 75; 5; 32; 32; 2; 1],0.0076424534927355126,0.598162432492905,tvm
128,2,300,6,64,32,2,1,[128; 2; 300; 6; 64; 32; 2; 1],0.01588010450359434,0.2878714412990081,tvm
80,2,30,5,128,32,2,1,[80; 2; 30; 5; 128; 32; 2; 1],0.02247270499356091,0.2034213759642384,tvm
160,16,300,10,32,32,2,1,[160; 16; 300; 10; 32; 32; 2; 1],0.011846280132886022,0.3858957006037699,tvm
160,8,1500,12,80,16,1,1,[160; 8; 1500; 12; 80; 16; 1; 1],0.02035396863357164,0.22459642410416716,tvm
80,2,375,3,64,64,4,1,[80; 2; 375; 3; 64; 64; 4; 1],0.017160531890112907,0.266392009332905,tvm
32,16,750,5,160,80,5,0,[32; 16; 750; 5; 160; 80; 5; 0],0.00799848280439619,0.5715369630995502,tvm
80,80,60,12,64,32,2,1,[80; 80; 60; 12; 64; 32; 2; 1],0.009644735066103749,0.4739817672643779,tvm
32,16,1500,5,80,80,5,0,[32; 16; 1500; 5; 80; 80; 5; 0],0.01545430437545292,0.29580293362732457,tvm
256,1,75,5,128,32,2,0,[256; 1; 75; 5; 128; 32; 2; 0],0.021374333620769903,0.21387467102068697,tvm
80,1,300,4,64,64,4,0,[80; 1; 300; 4; 64; 64; 4; 0],0.008628344628959894,0.5298152505505144,tvm
40,20,100,5,80,80,5,1,[40; 20; 100; 5; 80; 80; 5; 1],0.012757115764543414,0.35834342619467374,tvm
160,10,750,5,64,32,2,1,[160; 10; 750; 5; 64; 32; 2; 1],0.014052039390662685,0.3253213604330059,tvm
256,32,30,6,64,32,2,0,[256; 32; 30; 6; 64; 32; 2; 0],0.014332894992548972,0.318946631075233,tvm
80,40,125,5,64,32,2,1,[80; 40; 125; 5; 64; 32; 2; 1],0.008361784188309684,0.5467049218777644,tvm
256,8,15,5,32,32,2,0,[256; 8; 15; 5; 32; 32; 2; 0],0.0072885436966316774,0.6272074040718462,tvm
64,16,250,2,160,80,5,0,[64; 16; 250; 2; 160; 80; 5; 0],0.03358093404676765,0.13613166819785338,tvm
80,16,750,5,32,32,2,1,[80; 16; 750; 5; 32; 32; 2; 1],0.02100221038563177,0.21766416427082458,tvm
32,8,5,5,80,80,5,0,[32; 8; 5; 5; 80; 80; 5; 0],0.03079742076806724,0.14843543574170096,tvm
128,1,125,5,160,32,2,0,[128; 1; 125; 5; 160; 32; 2; 0],0.017274693120270967,0.26463153583111904,tvm
64,16,750,5,64,64,4,0,[64; 16; 750; 5; 64; 64; 4; 0],0.023766283004079014,0.19234932827501786,tvm
128,8,300,6,64,64,4,1,[128; 8; 300; 6; 64; 64; 4; 1],0.014988218492362648,0.3050014632331371,tvm
128,8,25,5,128,32,2,1,[128; 8; 25; 5; 128; 32; 2; 1],0.010383084692875855,0.4402765369490982,tvm
256,1,5,5,32,32,2,0,[256; 1; 5; 5; 32; 32; 2; 0],0.014512945868773386,0.3149897073112244,tvm
64,8,750,5,160,32,2,1,[64; 8; 750; 5; 160; 32; 2; 1],0.007402591509162448,0.6175443512951314,tvm
128,128,300,5,64,32,2,1,[128; 128; 300; 5; 64; 32; 2; 1],0.009081924188649282,0.5033546279919412,tvm
128,4,60,5,64,64,4,0,[128; 4; 60; 5; 64; 64; 4; 0],0.03232251526787877,0.14143170893545937,tvm
160,1,250,10,80,16,1,1,[160; 1; 250; 10; 80; 16; 1; 1],0.022606367128901184,0.20221862917479624,tvm
80,16,60,4,160,32,2,0,[80; 16; 60; 4; 160; 32; 2; 0],0.014470004622125998,0.31592447209301006,tvm
64,2,1500,12,160,32,2,0,[64; 2; 1500; 12; 160; 32; 2; 0],0.016047729237470776,0.2848645128405131,tvm
32,4,1500,5,64,64,4,1,[32; 4; 1500; 5; 64; 64; 4; 1],0.007621901502716355,0.5997753408121804,tvm
32,1,500,10,160,32,2,0,[32; 1; 500; 10; 160; 32; 2; 0],0.0164465525012929,0.277956645994302,tvm
256,32,20,5,64,32,2,1,[256; 32; 20; 5; 64; 32; 2; 1],0.007796013989718631,0.5863802421926594,tvm
40,10,150,5,80,80,5,0,[40; 10; 150; 5; 80; 80; 5; 0],0.015106082515558228,0.30262171325492987,tvm
80,10,5,5,160,32,2,1,[80; 10; 5; 5; 160; 32; 2; 1],0.013538954226532951,0.33765004999202375,tvm
160,1,750,6,64,32,2,0,[160; 1; 750; 6; 64; 32; 2; 0],0.016440745763247833,0.2780548180270319,tvm
64,2,15,3,160,80,5,1,[64; 2; 15; 3; 160; 80; 5; 1],0.02033835038309917,0.22476889646012554,tvm
128,16,5,5,64,32,2,1,[128; 16; 5; 5; 64; 32; 2; 1],0.02780020673526451,0.1644386538187043,tvm
256,32,300,10,160,32,2,0,[256; 32; 300; 10; 160; 32; 2; 0],0.007073706365190446,0.646256479336557,tvm
80,4,150,6,64,64,4,1,[80; 4; 150; 6; 64; 64; 4; 1],0.007576391188194975,0.6033781067893466,tvm
160,2,100,5,160,32,2,0,[160; 2; 100; 5; 160; 32; 2; 0],0.013616997981444001,0.3357148600343553,tvm
64,4,30,3,160,80,5,1,[64; 4; 30; 3; 160; 80; 5; 1],0.020749764516949654,0.2203123109033047,tvm
80,2,75,3,160,80,5,1,[80; 2; 75; 3; 160; 80; 5; 1],0.01394440999138169,0.32783234100646297,tvm
80,2,300,6,160,32,2,1,[80; 2; 300; 6; 160; 32; 2; 1],0.01537035487126559,0.2974185443157671,tvm
64,4,300,10,160,32,2,0,[64; 4; 300; 10; 160; 32; 2; 0],0.025404171727132052,0.1799479479406217,tvm
80,16,500,10,160,32,2,1,[80; 16; 500; 10; 160; 32; 2; 1],0.025321955210529268,0.18053221141184625,tvm
64,16,500,4,160,32,2,0,[64; 16; 500; 4; 160; 32; 2; 0],0.008216347996494733,0.5563820536056701,tvm
32,16,12,6,64,64,4,1,[32; 16; 12; 6; 64; 64; 4; 1],0.007754681384540163,0.5895056604829998,tvm
160,4,60,12,128,32,2,1,[160; 4; 60; 12; 128; 32; 2; 1],0.0254171114647761,0.17985633724602473,tvm
128,64,1500,6,64,64,4,0,[128; 64; 1500; 6; 64; 64; 4; 0],0.02124265013844706,0.2152004830675409,tvm
160,160,10,10,160,32,2,1,[160; 160; 10; 10; 160; 32; 2; 1],0.015361660363851115,0.2975868794877151,tvm
256,32,150,5,128,32,2,0,[256; 32; 150; 5; 128; 32; 2; 0],0.019550441240426153,0.23382738605284417,tvm
40,5,20,4,80,80,5,1,[40; 5; 20; 4; 80; 80; 5; 1],0.015693609602749348,0.2912923595746709,tvm
128,128,300,4,32,32,2,1,[128; 128; 300; 4; 32; 32; 2; 1],0.015962383738951758,0.28638758760530686,tvm
128,32,60,5,64,64,4,0,[128; 32; 60; 5; 64; 64; 4; 0],0.0076229855621932074,0.5996900471779625,tvm
160,160,100,10,64,32,2,1,[160; 160; 100; 10; 64; 32; 2; 1],0.009742093447130173,0.469244993002528,tvm
160,1,60,6,64,32,2,0,[160; 1; 60; 6; 64; 32; 2; 0],0.00880939030321315,0.5189267831351714,tvm
256,1,500,10,16,16,1,1,[256; 1; 500; 10; 16; 16; 1; 1],0.008852521568769589,0.5163984674780018,tvm
128,128,500,5,64,64,4,0,[128; 128; 500; 5; 64; 64; 4; 0],0.016379184264224023,0.27909989274701813,tvm
32,32,375,5,160,32,2,1,[32; 32; 375; 5; 160; 32; 2; 1],0.02119684175704606,0.21566555168101775,tvm
16,4,20,5,80,80,5,1,[16; 4; 20; 5; 80; 80; 5; 1],0.021227300487225875,0.2153560964654718,tvm
160,8,300,12,80,16,1,0,[160; 8; 300; 12; 80; 16; 1; 0],0.01439609585213475,0.31754641108135506,tvm
128,2,500,5,32,32,2,0,[128; 2; 500; 5; 32; 32; 2; 0],0.007334613619605079,0.6232678104827986,tvm
64,4,300,4,64,64,4,0,[64; 4; 300; 4; 64; 64; 4; 0],0.016356421256205067,0.27948831225500065,tvm
128,1,1500,5,160,32,2,0,[128; 1; 1500; 5; 160; 32; 2; 0],0.007845292697311379,0.5826970067025318,tvm
80,8,300,5,32,32,2,0,[80; 8; 300; 5; 32; 32; 2; 0],0.015613024617778137,0.29279583446138985,tvm
80,5,25,5,64,32,2,0,[80; 5; 25; 5; 64; 32; 2; 0],0.017252652731258422,0.26496960453774393,tvm
128,8,150,3,64,64,4,0,[128; 8; 150; 3; 64; 64; 4; 0],0.025609066535253078,0.1785082078308324,tvm
64,2,20,5,160,32,2,0,[64; 2; 20; 5; 160; 32; 2; 0],0.01908414761419408,0.23954062103504759,tvm
128,8,30,5,128,64,4,0,[128; 8; 30; 5; 128; 64; 4; 0],0.018430525378789753,0.24803571669690277,tvm
128,64,100,10,32,32,2,1,[128; 64; 100; 10; 32; 32; 2; 1],0.007427582240779884,0.6154665708485753,tvm
160,8,250,10,64,32,2,0,[160; 8; 250; 10; 64; 32; 2; 0],0.006711867114063352,0.6810964063710488,tvm
256,8,300,4,64,32,2,1,[256; 8; 300; 4; 64; 32; 2; 1],0.013740135123953223,0.3327062310660384,tvm
20,2,300,5,160,32,2,1,[20; 2; 300; 5; 160; 32; 2; 1],0.015466297627426684,0.29557355493547266,tvm
80,16,300,5,64,64,4,0,[80; 16; 300; 5; 64; 64; 4; 0],0.007905574748292565,0.5782537914040851,tvm
80,8,10,5,128,32,2,1,[80; 8; 10; 5; 128; 32; 2; 1],0.018842867895727977,0.2426078979445055,tvm
128,2,300,5,64,64,4,1,[128; 2; 300; 5; 64; 64; 4; 1],0.007702214308665134,0.5935213418153829,tvm
80,8,750,5,32,32,2,0,[80; 8; 750; 5; 32; 32; 2; 0],0.015467848104890436,0.29554392701743903,tvm
160,2,300,15,64,16,1,1,[160; 2; 300; 15; 64; 16; 1; 1],0.009288703877246007,0.49214924190089987,tvm
64,16,30,6,64,64,4,0,[64; 16; 30; 6; 64; 64; 4; 0],0.008094382574199699,0.5647655679136904,tvm
80,5,500,10,64,32,2,1,[80; 5; 500; 10; 64; 32; 2; 1],0.014748101122677326,0.30996726516875744,tvm
80,80,12,6,64,32,2,1,[80; 80; 12; 6; 64; 32; 2; 1],0.011463386807008646,0.398785162569375,tvm
256,2,50,5,64,32,2,0,[256; 2; 50; 5; 64; 32; 2; 0],0.022494858014397323,0.20322104582757236,tvm
80,40,30,3,160,80,5,1,[80; 40; 30; 3; 160; 80; 5; 1],0.014044675132026896,0.325491941141741,tvm
160,2,25,5,32,32,2,1,[160; 2; 25; 5; 32; 32; 2; 1],0.016113487363327295,0.2837019987264018,tvm
160,5,300,12,128,16,1,1,[160; 5; 300; 12; 128; 16; 1; 1],0.02366798638831824,0.19314818322207936,tvm
160,8,1500,12,32,32,2,1,[160; 8; 1500; 12; 32; 32; 2; 1],0.006305806629825383,0.7249554005995837,tvm
40,20,300,5,160,32,2,1,[40; 20; 300; 5; 160; 32; 2; 1],0.007243484185892157,0.6311090704570267,tvm
256,64,30,6,160,32,2,0,[256; 64; 30; 6; 160; 32; 2; 0],0.015226555377012119,0.3002273631979931,tvm
64,8,30,6,64,64,4,0,[64; 8; 30; 6; 64; 64; 4; 0],0.016234433132922277,0.2815884320689978,tvm
64,16,750,6,64,64,4,1,[64; 16; 750; 6; 64; 64; 4; 1],0.012590046011609957,0.3630986389734408,tvm
256,2,500,4,64,32,2,1,[256; 2; 500; 4; 64; 32; 2; 1],0.016590374638326466,0.2755470368262708,tvm
64,4,125,5,160,32,2,0,[64; 4; 125; 5; 160; 32; 2; 0],0.02146718924632296,0.21294956312045352,tvm
80,10,150,10,32,32,2,1,[80; 10; 150; 10; 32; 32; 2; 1],0.01814504887443036,0.2519380687847327,tvm
80,8,50,5,32,32,2,0,[80; 8; 50; 5; 32; 32; 2; 0],0.008255413558799773,0.5537491900155268,tvm
80,40,20,10,160,32,2,0,[80; 40; 20; 10; 160; 32; 2; 0],0.015709901868831366,0.29099026904161257,tvm
32,4,375,5,80,80,5,1,[32; 4; 375; 5; 80; 80; 5; 1],0.01254462287761271,0.36441339177974014,tvm
160,4,150,10,64,32,2,1,[160; 4; 150; 10; 64; 32; 2; 1],0.007259410806000233,0.6297244629894865,tvm
80,8,100,10,32,32,2,0,[80; 8; 100; 10; 32; 32; 2; 0],0.014088124386034906,0.324488089838281,tvm
80,1,50,5,64,64,4,0,[80; 1; 50; 5; 64; 64; 4; 0],0.025206203514244407,0.18136124977508764,tvm
64,1,125,5,160,80,5,1,[64; 1; 125; 5; 160; 80; 5; 1],0.018552369612734765,0.24640672145140102,tvm
160,2,100,4,160,32,2,1,[160; 2; 100; 4; 160; 32; 2; 1],0.023555182124255225,0.1940731575461386,tvm
40,5,300,12,160,32,2,1,[40; 5; 300; 12; 160; 32; 2; 1],0.006563582879607566,0.6964837125210334,tvm
256,8,15,5,32,32,2,1,[256; 8; 15; 5; 32; 32; 2; 1],0.012189188433694653,0.3750396177970095,tvm
256,4,300,4,160,32,2,1,[256; 4; 300; 4; 160; 32; 2; 1],0.006424304432584904,0.7115834281205128,tvm
80,5,100,5,160,80,5,1,[80; 5; 100; 5; 160; 80; 5; 1],0.01272641887771897,0.35920777206477866,tvm
256,1,300,6,32,32,2,1,[256; 1; 300; 6; 32; 32; 2; 1],0.02000370799214579,0.22852905937356646,tvm
256,32,250,10,160,32,2,1,[256; 32; 250; 10; 160; 32; 2; 1],0.0131921885185875,0.3465254127461513,tvm
80,10,300,5,160,80,5,1,[80; 10; 300; 5; 160; 80; 5; 1],0.019279660744359717,0.23711146332105182,tvm
160,4,12,6,160,32,2,1,[160; 4; 12; 6; 160; 32; 2; 1],0.013580195605754852,0.33662464843226164,tvm
40,20,25,5,64,32,2,1,[40; 20; 25; 5; 64; 32; 2; 1],0.00883912356221117,0.5171812045904918,tvm
80,20,60,3,80,80,5,1,[80; 20; 60; 3; 80; 80; 5; 1],0.013163097493816167,0.3472912491589584,tvm
80,40,300,12,64,32,2,0,[80; 40; 300; 12; 64; 32; 2; 0],0.01297336074640043,0.3523704197231202,tvm
20,2,1500,10,32,32,2,0,[20; 2; 1500; 10; 32; 32; 2; 0],0.02040970351663418,0.2239830954772467,tvm
128,128,500,10,32,32,2,0,[128; 128; 500; 10; 32; 32; 2; 0],0.016783727885922417,0.2723726577611474,tvm
160,4,500,20,32,16,1,1,[160; 4; 500; 20; 32; 16; 1; 1],0.015227531490381807,0.30020811806010916,tvm
40,2,25,5,160,32,2,1,[40; 2; 25; 5; 160; 32; 2; 1],0.01641352250589989,0.27851599617238515,tvm
64,1,60,5,80,80,5,0,[64; 1; 60; 5; 80; 80; 5; 0],0.01462661474943161,0.312541804767656,tvm
160,40,1500,4,160,32,2,1,[160; 40; 1500; 4; 160; 32; 2; 1],0.008123515930492431,0.5627401497754508,tvm
64,2,125,5,80,80,5,0,[64; 2; 125; 5; 80; 80; 5; 0],0.013888277870137244,0.3291573378768664,tvm
80,16,150,6,128,64,4,0,[80; 16; 150; 6; 128; 64; 4; 0],0.012658771505812183,0.36112734709917416,tvm
128,1,30,10,160,32,2,1,[128; 1; 30; 10; 160; 32; 2; 1],0.005835654032125603,0.7833618213592857,tvm
40,1,12,6,160,32,2,0,[40; 1; 12; 6; 160; 32; 2; 0],0.018141280364943668,0.25199040417579516,tvm
128,16,60,6,128,64,4,0,[128; 16; 60; 6; 128; 64; 4; 0],0.014862047741189599,0.30759076077780534,tvm
256,16,300,10,32,16,1,1,[256; 16; 300; 10; 32; 16; 1; 1],0.014407834358280525,0.31728769624570696,tvm
160,160,375,5,160,32,2,1,[160; 160; 375; 5; 160; 32; 2; 1],0.015417593764141202,0.29650726574862585,tvm
64,4,100,4,80,80,5,1,[64; 4; 100; 4; 80; 80; 5; 1],0.006255422129470389,0.730794577378203,tvm
40,8,150,3,160,80,5,1,[40; 8; 150; 3; 160; 80; 5; 1],0.007415444008074701,0.6164740191485134,tvm
128,64,12,6,64,32,2,1,[128; 64; 12; 6; 64; 32; 2; 1],0.01455558225279674,0.3140670357278362,tvm
128,64,15,5,32,32,2,1,[128; 64; 15; 5; 32; 32; 2; 1],0.015125061880098656,0.302241974787792,tvm
128,4,60,12,32,32,2,0,[128; 4; 60; 12; 32; 32; 2; 0],0.01241727163142059,0.3681508069664077,tvm
32,4,1500,6,160,32,2,0,[32; 4; 1500; 6; 160; 32; 2; 0],0.01922225163434632,0.2378196195944258,tvm
64,64,150,3,160,80,5,0,[64; 64; 150; 3; 160; 80; 5; 0],0.015251980745233595,0.2997268779569625,tvm
20,10,750,6,160,32,2,1,[20; 10; 750; 6; 160; 32; 2; 1],0.016422660992247984,0.2783610143073909,tvm
160,1,12,6,160,32,2,0,[160; 1; 12; 6; 160; 32; 2; 0],0.007207334303529933,0.63427452909873,tvm
80,20,1500,6,160,32,2,0,[80; 20; 1500; 6; 160; 32; 2; 0],0.007523785752709955,0.6075968563807139,tvm
160,20,75,5,32,32,2,0,[160; 20; 75; 5; 32; 32; 2; 0],0.014112044882494956,0.32393806918082596,tvm
256,1,60,4,32,32,2,1,[256; 1; 60; 4; 32; 32; 2; 1],0.014220223121810704,0.3214737583418788,tvm
128,32,150,5,64,64,4,0,[128; 32; 150; 5; 64; 64; 4; 0],0.014394629863090813,0.3175787508889093,tvm
160,16,60,10,128,32,2,0,[160; 16; 60; 10; 128; 32; 2; 0],0.019343836000189185,0.2363248205466518,tvm
64,8,300,5,64,32,2,1,[64; 8; 300; 5; 64; 32; 2; 1],0.01687760348431766,0.27085768282660827,tvm
160,4,1500,6,64,32,2,1,[160; 4; 1500; 6; 64; 32; 2; 1],0.017109314387198538,0.2671894658063556,tvm
128,128,150,6,64,32,2,1,[128; 128; 150; 6; 64; 32; 2; 1],0.009267485249438323,0.4932760558432649,tvm
32,2,60,10,160,32,2,0,[32; 2; 60; 10; 160; 32; 2; 0],0.008475426307995804,0.5393744698264723,tvm
80,1,1500,10,64,32,2,0,[80; 1; 1500; 10; 64; 32; 2; 0],0.008965789937064983,0.5098746015150409,tvm
256,4,4,4,160,32,2,1,[256; 4; 4; 4; 160; 32; 2; 1],0.013499780761776492,0.3386298379283456,tvm
32,1,125,5,64,64,4,1,[32; 1; 125; 5; 64; 64; 4; 1],0.008313717815326527,0.5498657367226296,tvm
160,5,60,5,32,32,2,1,[160; 5; 60; 5; 32; 32; 2; 1],0.01401303950115107,0.32622676693754143,tvm
64,4,60,4,160,80,5,1,[64; 4; 60; 4; 160; 80; 5; 1],0.013049681001575664,0.35030960303754566,tvm
256,4,300,12,32,32,2,0,[256; 4; 300; 12; 32; 32; 2; 0],0.017514448118163273,0.26100899900395913,tvm
128,32,60,4,160,32,2,0,[128; 32; 60; 4; 160; 32; 2; 0],0.006949690185138024,0.6577888293789863,tvm
80,5,100,4,160,32,2,1,[80; 5; 100; 4; 160; 32; 2; 1],0.00746937574876938,0.6120228416921908,tvm
160,16,20,4,160,32,2,0,[160; 16; 20; 4; 160; 32; 2; 0],0.016021340125007555,0.28533371963641624,tvm
40,5,6,6,64,64,4,1,[40; 5; 6; 6; 64; 64; 4; 1],0.02258099676691927,0.2024458272863148,tvm
160,8,100,5,32,32,2,1,[160; 8; 100; 5; 32; 32; 2; 1],0.013814961625030264,0.33090418167691127,tvm
32,8,300,5,160,32,2,0,[32; 8; 300; 5; 160; 32; 2; 0],0.01766902464441955,0.2587255756005964,tvm
160,16,750,6,160,32,2,0,[160; 16; 750; 6; 160; 32; 2; 0],0.012818074115784839,0.3566392681252388,tvm
256,8,500,5,32,32,2,1,[256; 8; 500; 5; 32; 32; 2; 1],0.018294063105713576,0.24988590806822075,tvm
64,2,100,10,32,32,2,1,[64; 2; 100; 10; 32; 32; 2; 1],0.006785772129660472,0.6736784678411099,tvm
80,40,375,5,64,64,4,1,[80; 40; 375; 5; 64; 64; 4; 1],0.015178648754954338,0.3011749362693731,tvm
80,2,500,10,160,32,2,0,[80; 2; 500; 10; 160; 32; 2; 0],0.012745097890729085,0.3586813228601309,tvm
64,32,150,5,64,64,4,1,[64; 32; 150; 5; 64; 64; 4; 1],0.01499495399184525,0.30486446133243655,tvm
128,2,60,10,160,32,2,0,[128; 2; 60; 10; 160; 32; 2; 0],0.01274049750645645,0.35881083679125775,tvm
20,5,150,6,160,32,2,1,[20; 5; 150; 6; 160; 32; 2; 1],0.015545712754828855,0.2940636202099245,tvm
160,8,50,10,64,32,2,1,[160; 8; 50; 10; 64; 32; 2; 1],0.014171147864544764,0.322587034947675,tvm
80,4,100,5,64,64,4,1,[80; 4; 100; 5; 64; 64; 4; 1],0.020679164124885574,0.22106447551848846,tvm
256,32,15,5,32,32,2,1,[256; 32; 15; 5; 32; 32; 2; 1],0.006521122442791238,0.7010186684168227,tvm
80,8,30,10,160,32,2,0,[80; 8; 30; 10; 160; 32; 2; 0],0.013469199242535979,0.33939868949238766,tvm
128,16,12,6,160,32,2,0,[128; 16; 12; 6; 160; 32; 2; 0],0.006899857064126991,0.6625396046529516,tvm
256,4,150,10,32,32,2,1,[256; 4; 150; 10; 32; 32; 2; 1],0.011904850311111659,0.38399714838595883,tvm
256,16,20,10,64,32,2,1,[256; 16; 20; 10; 64; 32; 2; 1],0.02105535427108407,0.21711477814964375,tvm
80,16,60,5,160,80,5,1,[80; 16; 60; 5; 160; 80; 5; 1],0.013521183747798204,0.3380938131376985,tvm
80,8,50,5,160,80,5,0,[80; 8; 50; 5; 160; 80; 5; 0],0.012411723131663166,0.3683153840071199,tvm
256,4,250,10,160,32,2,1,[256; 4; 250; 10; 160; 32; 2; 1],0.011566602319362573,0.39522657088123175,tvm
40,10,6,3,64,64,4,1,[40; 10; 6; 3; 64; 64; 4; 1],0.009088021877687424,0.5030168977313065,tvm
32,2,20,4,160,80,5,1,[32; 2; 20; 4; 160; 80; 5; 1],0.013642997742863372,0.33507508082817633,tvm
160,40,300,10,32,32,2,1,[160; 40; 300; 10; 32; 32; 2; 1],0.007084691198542714,0.6452544568729957,tvm
20,20,60,5,160,32,2,1,[20; 20; 60; 5; 160; 32; 2; 1],0.015372835099697113,0.2973705592873133,tvm
64,32,30,5,128,32,2,1,[64; 32; 30; 5; 128; 32; 2; 1],0.010924666057690047,0.4184501885264191,tvm
80,80,250,5,160,80,5,0,[80; 80; 250; 5; 160; 80; 5; 0],0.010266058190609328,0.4452954080866398,tvm
64,1,60,12,32,16,1,1,[64; 1; 60; 12; 32; 16; 1; 1],0.01702510900213383,0.26851097228544113,tvm
80,5,500,4,32,32,2,0,[80; 5; 500; 4; 32; 32; 2; 0],0.008910664240829647,0.5130289334078801,tvm
256,256,30,5,32,32,2,0,[256; 256; 30; 5; 32; 32; 2; 0],0.008392736621317454,0.5446886728003827,tvm
80,5,500,5,32,32,2,1,[80; 5; 500; 5; 32; 32; 2; 1],0.0074007876828545704,0.6176948680772475,tvm
16,16,75,5,160,80,5,1,[16; 16; 75; 5; 160; 80; 5; 1],0.019097467011306435,0.23937355507524166,tvm
40,4,6,6,160,32,2,0,[40; 4; 6; 6; 160; 32; 2; 0],0.03380483400542289,0.13523002570269194,tvm
128,32,15,5,32,32,2,0,[128; 32; 15; 5; 32; 32; 2; 0],0.015014556120149791,0.3044664480819141,tvm
256,2,30,10,64,32,2,0,[256; 2; 30; 10; 64; 32; 2; 0],0.02027275148429908,0.22549620730906064,tvm
160,32,100,5,32,32,2,0,[160; 32; 100; 5; 32; 32; 2; 0],0.014982950378907844,0.3051087039481871,tvm
160,160,250,10,64,32,2,1,[160; 160; 250; 10; 64; 32; 2; 1],0.03480556374415755,0.13134189134333243,tvm
32,32,15,5,32,32,2,1,[32; 32; 15; 5; 32; 32; 2; 1],0.008050742806517519,0.5678269299235034,tvm
80,1,500,5,80,80,5,1,[80; 1; 500; 5; 80; 80; 5; 1],0.01288040549843572,0.35491340486009976,tvm
128,2,25,5,64,64,4,0,[128; 2; 25; 5; 64; 64; 4; 0],0.007545454122009687,0.6058520133458845,tvm
256,16,50,5,128,32,2,1,[256; 16; 50; 5; 128; 32; 2; 1],0.020542520767776296,0.2225349373188646,tvm
32,4,100,4,64,64,4,1,[32; 4; 100; 4; 64; 64; 4; 1],0.007913739813375287,0.5776571733761378,tvm
20,2,50,10,64,32,2,1,[20; 2; 50; 10; 64; 32; 2; 1],0.017236710991710424,0.2652146673241252,tvm
128,4,20,5,128,64,4,1,[128; 4; 20; 5; 128; 64; 4; 1],0.01839990701409988,0.24844846052349492,tvm
128,8,15,5,32,32,2,1,[128; 8; 15; 5; 32; 32; 2; 1],0.007130749319912866,0.6410867030008611,tvm
256,4,500,10,64,32,2,0,[256; 4; 500; 10; 64; 32; 2; 0],0.0073254261806141585,0.6240495035669456,tvm
80,40,150,3,160,80,5,1,[80; 40; 150; 3; 160; 80; 5; 1],0.013655389746418223,0.3347710066369689,tvm
40,5,10,10,160,32,2,1,[40; 5; 10; 10; 160; 32; 2; 1],0.014422072126762941,0.31697446325659423,tvm
20,4,60,12,32,32,2,1,[20; 4; 60; 12; 32; 32; 2; 1],0.01594971798476763,0.28661500948132107,tvm
64,4,750,6,160,32,2,0,[64; 4; 750; 6; 160; 32; 2; 0],0.016350389370927587,0.2795914193674781,tvm
32,16,10,10,32,32,2,1,[32; 16; 10; 10; 32; 32; 2; 1],0.014007500372827053,0.32635577010560857,tvm
20,1,20,5,64,64,4,1,[20; 1; 20; 5; 64; 64; 4; 1],0.026718102279119194,0.1710985504760661,tvm
64,8,50,5,32,32,2,0,[64; 8; 50; 5; 32; 32; 2; 0],0.01752399723045528,0.2608667709376147,tvm
80,16,30,6,64,32,2,0,[80; 16; 30; 6; 64; 32; 2; 0],0.008963999571278691,0.5099764379815191,tvm
128,1,20,4,160,32,2,1,[128; 1; 20; 4; 160; 32; 2; 1],0.014641746616689488,0.31221880087842796,tvm
160,1,60,4,160,32,2,0,[160; 1; 60; 4; 160; 32; 2; 0],0.012501566234277561,0.365668467915192,tvm
160,20,500,5,160,32,2,0,[160; 20; 500; 5; 160; 32; 2; 0],0.01238181693770457,0.36920498780012295,tvm
64,8,25,5,64,32,2,1,[64; 8; 25; 5; 64; 32; 2; 1],0.013368009007535875,0.34196779556712936,tvm
32,1,5,5,32,32,2,1,[32; 1; 5; 5; 32; 32; 2; 1],0.018205873609986156,0.25109635875540104,tvm
80,40,50,5,32,32,2,1,[80; 40; 50; 5; 32; 32; 2; 1],0.017630333109991625,0.25929337482783066,tvm
80,2,300,10,32,32,2,0,[80; 2; 300; 10; 32; 32; 2; 0],0.021455719514051452,0.2130634010402085,tvm
40,8,60,5,160,32,2,1,[40; 8; 60; 5; 160; 32; 2; 1],0.007543075946159661,0.6060430259562722,tvm
40,8,25,5,80,80,5,0,[40; 8; 25; 5; 80; 80; 5; 0],0.008393498690566048,0.5446392189906066,tvm
80,2,375,5,32,32,2,0,[80; 2; 375; 5; 32; 32; 2; 0],0.016339522611815482,0.27977736437188605,tvm
64,1,1500,12,160,32,2,1,[64; 1; 1500; 12; 160; 32; 2; 1],0.029102426255121827,0.15708066851038002,tvm
256,1,300,10,32,32,2,1,[256; 1; 300; 10; 32; 32; 2; 1],0.017943814978934824,0.2547634701313633,tvm
128,2,100,10,64,32,2,0,[128; 2; 100; 10; 64; 32; 2; 0],0.014440634229686111,0.3165670218300335,tvm
20,5,60,10,160,32,2,0,[20; 5; 60; 10; 160; 32; 2; 0],0.031110424199141562,0.1469420198890992,tvm
32,16,1500,12,64,32,2,1,[32; 16; 1500; 12; 64; 32; 2; 1],0.01671768500818871,0.27344866045683835,tvm
160,5,50,5,160,32,2,0,[160; 5; 50; 5; 160; 32; 2; 0],0.006413883311324753,0.7127395915290464,tvm
64,16,150,10,160,32,2,0,[64; 16; 150; 10; 160; 32; 2; 0],0.006503637006971985,0.7029034010551234,tvm
64,16,4,4,160,80,5,0,[64; 16; 4; 4; 160; 80; 5; 0],0.014535679976688698,0.31449705681192125,tvm
256,16,12,4,160,32,2,0,[256; 16; 12; 4; 160; 32; 2; 0],0.0068224915594328195,0.670052653287359,tvm
160,1,150,10,160,32,2,0,[160; 1; 150; 10; 160; 32; 2; 0],0.013674466492375359,0.334303979901338,tvm
32,1,125,5,64,64,4,1,[32; 1; 125; 5; 64; 64; 4; 1],0.016573429631534964,0.27582876164208775,tvm
256,32,25,5,160,32,2,0,[256; 32; 25; 5; 160; 32; 2; 0],0.012911757250549272,0.3540516199864353,tvm
160,10,375,5,160,32,2,0,[160; 10; 375; 5; 160; 32; 2; 0],0.014550124004017562,0.31418485300649773,tvm
256,8,60,10,64,32,2,1,[256; 8; 60; 10; 64; 32; 2; 1],0.006504715754999779,0.7027868309102966,tvm
40,2,75,5,80,80,5,1,[40; 2; 75; 5; 80; 80; 5; 1],0.01334442725055851,0.34257210786152265,tvm
160,10,500,5,160,32,2,1,[160; 10; 500; 5; 160; 32; 2; 1],0.006492784508736804,0.7040782834047823,tvm
256,16,50,10,32,32,2,1,[256; 16; 50; 10; 32; 32; 2; 1],0.008919070693082176,0.5125453905163315,tvm
80,20,150,5,160,80,5,0,[80; 20; 150; 5; 160; 80; 5; 0],0.01349729674984701,0.33869215859689744,tvm
128,2,30,6,160,32,2,1,[128; 2; 30; 6; 160; 32; 2; 1],0.012762873753672466,0.3581817590347285,tvm
80,5,60,10,160,32,2,1,[80; 5; 60; 10; 160; 32; 2; 1],0.018689427874051034,0.24459970643487067,tvm
256,8,250,5,160,32,2,1,[256; 8; 250; 5; 160; 32; 2; 1],0.01359987337491475,0.33613758344696554,tvm
160,16,250,10,64,16,1,0,[160; 16; 250; 10; 64; 16; 1; 0],0.009148566881776787,0.49968794353293644,tvm
80,80,30,6,160,32,2,1,[80; 80; 30; 6; 160; 32; 2; 1],0.008200086245778948,0.557485425690705,tvm
256,1,500,10,64,16,1,0,[256; 1; 500; 10; 64; 16; 1; 0],0.014015997614478692,0.32615791591646903,tvm
64,4,300,12,80,16,1,1,[64; 4; 300; 12; 80; 16; 1; 1],0.015510409255512059,0.2947329432847806,tvm
32,1,150,5,64,64,4,0,[32; 1; 150; 5; 64; 64; 4; 0],0.0252619365346618,0.18096112960921001,tvm
32,1,30,10,64,32,2,0,[32; 1; 30; 10; 64; 32; 2; 0],0.016411793243605644,0.27854534258221236,tvm
128,4,1500,12,80,16,1,1,[128; 4; 1500; 12; 80; 16; 1; 1],0.01815850136335939,0.25175142375201165,tvm
256,4,20,10,160,16,1,1,[256; 4; 20; 10; 160; 16; 1; 1],0.02194451162358746,0.2083176262858768,tvm
32,2,60,3,80,80,5,0,[32; 2; 60; 3; 80; 80; 5; 0],0.008805287186987698,0.5191685943173041,tvm
256,2,300,12,80,16,1,0,[256; 2; 300; 12; 80; 16; 1; 0],0.01679772450006567,0.2721457047001039,tvm
40,20,20,4,160,32,2,0,[40; 20; 20; 4; 160; 32; 2; 0],0.013673588138772175,0.334325454667312,tvm
80,20,375,5,64,32,2,0,[80; 20; 375; 5; 64; 32; 2; 0],0.01684147136984393,0.27143878768301083,tvm
40,4,100,4,160,32,2,0,[40; 4; 100; 4; 160; 32; 2; 0],0.013954271620605141,0.32760065847351816,tvm
40,1,500,5,160,32,2,0,[40; 1; 500; 5; 160; 32; 2; 0],0.017315493372734636,0.264007988280995,tvm
64,4,15,3,64,64,4,1,[64; 4; 15; 3; 64; 64; 4; 1],0.00848265275999438,0.5389149716216369,tvm
160,10,500,10,64,16,1,1,[160; 10; 500; 10; 64; 16; 1; 1],0.017715283000143245,0.2580499883288123,tvm
32,2,20,4,80,80,5,1,[32; 2; 20; 4; 80; 80; 5; 1],0.006514206121210009,0.7017629602698897,tvm
128,8,75,5,128,32,2,0,[128; 8; 75; 5; 128; 32; 2; 0],0.011297146251308732,0.40465339385147725,tvm
80,8,20,4,32,32,2,0,[80; 8; 20; 4; 32; 32; 2; 0],0.017272075871005654,0.26467163562560264,tvm
256,16,250,10,128,16,1,1,[256; 16; 250; 10; 128; 16; 1; 1],0.011617422118433751,0.3934976731348113,tvm
40,40,300,5,160,80,5,0,[40; 40; 300; 5; 160; 80; 5; 0],0.02295478174346499,0.19914929370783557,tvm
128,8,375,15,64,16,1,0,[128; 8; 375; 15; 64; 16; 1; 0],0.018376794876530766,0.24876092932107546,tvm
256,32,750,10,128,32,2,0,[256; 32; 750; 10; 128; 32; 2; 0],0.02257448562886566,0.20250421854942086,tvm
80,20,10,10,32,32,2,0,[80; 20; 10; 10; 32; 32; 2; 0],0.019589225645177066,0.2333644348292079,tvm
80,80,30,3,160,80,5,1,[80; 80; 30; 3; 160; 80; 5; 1],0.007462599693099037,0.6125785596748482,tvm
128,2,250,10,64,16,1,1,[128; 2; 250; 10; 64; 16; 1; 1],0.009542813495500013,0.4790441072315061,tvm
256,256,250,10,32,32,2,0,[256; 256; 250; 10; 32; 32; 2; 0],0.015609844267601147,0.2928554886941924,tvm
32,1,15,5,32,32,2,1,[32; 1; 15; 5; 32; 32; 2; 1],0.017492831277195364,0.2613315419893258,tvm
320,1,300,15,32,16,1,1,[320; 1; 300; 15; 32; 16; 1; 1],0.015955497248796746,0.28651119423892085,tvm
128,32,10,5,128,32,2,1,[128; 32; 10; 5; 128; 32; 2; 1],0.019900748506188393,0.22971138849410752,tvm
160,80,60,12,32,32,2,0,[160; 80; 60; 12; 32; 32; 2; 0],0.016159310995135456,0.2828974931421729,tvm
128,4,15,5,64,64,4,0,[128; 4; 15; 5; 64; 64; 4; 0],0.02119531636708416,0.21568107275472875,tvm
64,64,100,4,160,32,2,1,[64; 64; 100; 4; 160; 32; 2; 1],0.0069605816242983565,0.6567595666819557,tvm
80,8,500,5,32,32,2,1,[80; 8; 500; 5; 32; 32; 2; 1],0.0074980555509682745,0.6096818755681574,tvm
80,40,100,4,64,32,2,1,[80; 40; 100; 4; 64; 32; 2; 1],0.02521092921961099,0.18132725420816956,tvm
128,32,15,5,128,64,4,1,[128; 32; 15; 5; 128; 64; 4; 1],0.009107161808060482,0.501959739793196,tvm
40,1,60,3,160,80,5,1,[40; 1; 60; 3; 160; 80; 5; 1],0.016522760764928535,0.2766746209345327,tvm
40,20,50,5,32,32,2,1,[40; 20; 50; 5; 32; 32; 2; 1],0.01818244985770434,0.2514198365569284,tvm
128,4,30,5,64,64,4,1,[128; 4; 30; 5; 64; 64; 4; 1],0.013080694508971646,0.3494790409097292,tvm
80,4,10,5,32,32,2,1,[80; 4; 10; 5; 32; 32; 2; 1],0.014426089241169393,0.31688619798514484,tvm
128,4,750,5,32,32,2,1,[128; 4; 750; 5; 32; 32; 2; 1],0.007080866314936429,0.6456030050709428,tvm
40,10,3,3,80,80,5,1,[40; 10; 3; 3; 80; 80; 5; 1],0.013685040874406695,0.334045664414339,tvm
64,1,6,6,160,32,2,1,[64; 1; 6; 6; 160; 32; 2; 1],0.006889787502586842,0.6635079194695311,tvm
64,64,30,5,32,32,2,1,[64; 64; 30; 5; 32; 32; 2; 1],0.015313454263377935,0.2985236702839231,tvm
80,1,12,4,160,80,5,0,[80; 1; 12; 4; 160; 80; 5; 0],0.014407888607820496,0.31728650157298094,tvm
64,4,1500,5,32,32,2,1,[64; 4; 1500; 5; 32; 32; 2; 1],0.017633134237257764,0.2592521845475103,tvm
128,64,10,5,64,64,4,1,[128; 64; 10; 5; 64; 64; 4; 1],0.01536287012277171,0.29756344582074823,tvm
40,2,5,5,160,80,5,1,[40; 2; 5; 5; 160; 80; 5; 1],0.01581656388589181,0.2890279206285907,tvm
160,5,50,10,64,32,2,1,[160; 5; 50; 10; 64; 32; 2; 1],0.007274491057614796,0.6284190241244835,tvm
160,20,250,5,64,32,2,1,[160; 20; 250; 5; 64; 32; 2; 1],0.01468318488332443,0.31133767011408436,tvm
32,2,50,10,160,32,2,0,[32; 2; 50; 10; 160; 32; 2; 0],0.01619740526075475,0.2822321537206236,tvm
160,2,750,5,160,32,2,0,[160; 2; 750; 5; 160; 32; 2; 0],0.020603908866178244,0.22187190795299377,tvm
64,8,300,10,32,32,2,1,[64; 8; 300; 10; 32; 32; 2; 1],0.014005185250425711,0.326409718235581,tvm
160,20,125,5,160,32,2,1,[160; 20; 125; 5; 160; 32; 2; 1],0.015088373387698084,0.3029768984346429,tvm
160,2,250,5,32,32,2,1,[160; 2; 250; 5; 32; 32; 2; 1],0.014054601750103757,0.32526204959132504,tvm
80,5,150,3,80,80,5,1,[80; 5; 150; 3; 80; 80; 5; 1],0.014070504606934264,0.3248944298113991,tvm
80,20,300,4,160,80,5,1,[80; 20; 300; 4; 160; 80; 5; 1],0.006047713373845909,0.7558937219475852,tvm
80,20,250,5,160,80,5,0,[80; 20; 250; 5; 160; 80; 5; 0],0.006323407375020906,0.7229375398913719,tvm
80,16,60,3,160,80,5,1,[80; 16; 60; 3; 160; 80; 5; 1],0.013405882375082001,0.3410016919084455,tvm
80,2,750,6,64,64,4,0,[80; 2; 750; 6; 64; 64; 4; 0],0.030127439240459353,0.15173638008003734,tvm
256,2,75,5,64,32,2,1,[256; 2; 75; 5; 64; 32; 2; 1],0.012515623267972842,0.36525776412004507,tvm
40,10,125,5,160,32,2,1,[40; 10; 125; 5; 160; 32; 2; 1],0.030015605792868882,0.15230172607459594,tvm
256,1,12,6,160,32,2,1,[256; 1; 12; 6; 160; 32; 2; 1],0.018173950113123283,0.251537422683227,tvm
160,5,75,5,160,32,2,1,[160; 5; 75; 5; 160; 32; 2; 1],0.01810807574656792,0.2524524767517061,tvm
64,32,75,3,128,64,4,1,[64; 32; 75; 3; 128; 64; 4; 1],0.010560210313997231,0.4328918113845976,tvm
160,5,750,10,80,16,1,0,[160; 5; 750; 10; 80; 16; 1; 0],0.008448337117442861,0.5411039483722981,tvm
32,4,750,5,128,64,4,1,[32; 4; 750; 5; 128; 64; 4; 1],0.010752556059742346,0.4251480807009262,tvm
128,64,75,3,128,64,4,0,[128; 64; 75; 3; 128; 64; 4; 0],0.011902040510904044,0.3840878013514121,tvm
128,64,750,3,128,64,4,0,[128; 64; 750; 3; 128; 64; 4; 0],0.024090256629278883,0.18976255179749876,tvm
80,40,30,10,64,32,2,0,[80; 40; 30; 10; 64; 32; 2; 0],0.015533614729065448,0.2942926454120704,tvm
40,1,10,5,128,32,2,1,[40; 1; 10; 5; 128; 32; 2; 1],0.02535245451144874,0.180315029038478,tvm
128,4,60,4,128,32,2,1,[128; 4; 60; 4; 128; 32; 2; 1],0.0319459002930671,0.14309906840912115,tvm
16,4,60,5,160,80,5,1,[16; 4; 60; 5; 160; 80; 5; 1],0.0076219447364564985,0.5997719387235894,tvm
80,1,300,10,128,32,2,0,[80; 1; 300; 10; 128; 32; 2; 0],0.01369751148740761,0.3337415395220639,tvm
128,128,20,5,160,32,2,1,[128; 128; 20; 5; 160; 32; 2; 1],0.01735098086646758,0.26346801985490587,tvm
256,16,375,15,32,16,1,0,[256; 16; 375; 15; 32; 16; 1; 0],0.00847194212838076,0.5395962935245294,tvm
80,8,750,15,32,16,1,1,[80; 8; 750; 15; 32; 16; 1; 1],0.016242430137936026,0.28144979123237757,tvm
128,8,1500,3,64,64,4,0,[128; 8; 1500; 3; 64; 64; 4; 0],0.03132874675793573,0.14591801602375318,tvm
320,10,300,10,64,16,1,1,[320; 10; 300; 10; 64; 16; 1; 1],0.03382969176163897,0.13513065988417675,tvm
256,4,375,15,64,16,1,0,[256; 4; 375; 15; 64; 16; 1; 0],0.014710566611029208,0.31075815720117506,tvm
64,32,750,10,160,32,2,0,[64; 32; 750; 10; 160; 32; 2; 0],0.007472685319953598,0.6117517834214058,tvm
80,4,15,5,32,32,2,0,[80; 4; 15; 5; 32; 32; 2; 0],0.015738176502054557,0.2904674865497785,tvm
32,16,60,12,64,32,2,0,[32; 16; 60; 12; 64; 32; 2; 0],0.012713831762084737,0.35956339968737927,tvm
320,20,250,10,64,16,1,0,[320; 20; 250; 10; 64; 16; 1; 0],0.017645444255322218,0.259071322052418,tvm
40,20,60,5,32,32,2,1,[40; 20; 60; 5; 32; 32; 2; 1],0.017430790117941797,0.26226169556841405,tvm
160,10,1500,15,32,16,1,0,[160; 10; 1500; 15; 32; 16; 1; 0],0.01742003601975739,0.26242360040150126,tvm
64,1,30,6,32,32,2,1,[64; 1; 30; 6; 32; 32; 2; 1],0.015384776488645002,0.2971397455661831,tvm
80,10,1500,6,128,32,2,0,[80; 10; 1500; 6; 128; 32; 2; 0],0.024978817004011944,0.18301221273586885,tvm
128,128,375,3,128,64,4,0,[128; 128; 375; 3; 128; 64; 4; 0],0.012978123384527862,0.3522411088246005,tvm
40,10,20,4,32,32,2,1,[40; 10; 20; 4; 32; 32; 2; 1],0.01565073663368821,0.2920903136015062,tvm
64,64,25,5,160,80,5,1,[64; 64; 25; 5; 160; 80; 5; 1],0.016249747393885627,0.28132305448321526,tvm
64,8,500,5,64,32,2,0,[64; 8; 500; 5; 64; 32; 2; 0],0.019389131979551166,0.23577272960181245,tvm
160,1,375,15,160,16,1,1,[160; 1; 375; 15; 160; 16; 1; 1],0.015624028485035524,0.29258962090391877,tvm
320,5,300,15,80,16,1,1,[320; 5; 300; 15; 80; 16; 1; 1],0.017210998019436374,0.2656108940496105,tvm
32,2,12,4,32,32,2,1,[32; 2; 12; 4; 32; 32; 2; 1],0.017011137126246467,0.2687315102748375,tvm
128,2,60,4,64,64,4,0,[128; 2; 60; 4; 64; 64; 4; 0],0.015440529736224562,0.2960668221572529,tvm
32,1,12,6,160,32,2,1,[32; 1; 12; 6; 160; 32; 2; 1],0.007508625683840364,0.6088236068641615,tvm
128,128,50,10,160,32,2,1,[128; 128; 50; 10; 160; 32; 2; 1],0.015248495765263215,0.2997953792820994,tvm
128,1,20,10,64,32,2,0,[128; 1; 20; 10; 64; 32; 2; 0],0.013710055383853614,0.33343618559064037,tvm
160,4,12,6,128,32,2,1,[160; 4; 12; 6; 128; 32; 2; 1],0.009861248632660136,0.4635750239871398,tvm
64,16,30,5,128,64,4,1,[64; 16; 30; 5; 128; 64; 4; 1],0.028769089258275926,0.1589007052113588,tvm
160,5,60,4,32,32,2,1,[160; 5; 60; 4; 32; 32; 2; 1],0.01497399088111706,0.3052912618768433,tvm
64,4,60,6,32,32,2,1,[64; 4; 60; 6; 32; 32; 2; 1],0.02264465400367044,0.20187672422319172,tvm
160,16,500,10,64,32,2,1,[160; 16; 500; 10; 64; 32; 2; 1],0.013253581622848287,0.344920241298981,tvm
32,8,750,3,64,64,4,1,[32; 8; 750; 3; 64; 64; 4; 1],0.008400892751524225,0.5441598537963896,tvm
80,20,30,6,128,32,2,1,[80; 20; 30; 6; 128; 32; 2; 1],0.020115964754950255,0.22725375725783212,tvm
160,10,750,10,64,32,2,1,[160; 10; 750; 10; 64; 32; 2; 1],0.008002441434655339,0.5712542364423391,tvm
32,1,30,5,160,80,5,1,[32; 1; 30; 5; 160; 80; 5; 1],0.014121074374997988,0.32373093222442734,tvm
160,2,1500,5,64,32,2,1,[160; 2; 1500; 5; 64; 32; 2; 1],0.026612848276272416,0.17177524645133094,tvm
64,2,150,6,32,32,2,1,[64; 2; 150; 6; 32; 32; 2; 1],0.014846792269963771,0.30790681840931605,tvm
64,2,10,10,160,32,2,0,[64; 2; 10; 10; 160; 32; 2; 0],0.020667451637564227,0.2211897553503766,tvm
256,4,300,4,32,32,2,1,[256; 4; 300; 4; 32; 32; 2; 1],0.01398490637075156,0.32688303019242165,tvm
64,2,75,5,160,32,2,0,[64; 2; 75; 5; 160; 32; 2; 0],0.007426331678288989,0.6155702127866473,tvm
80,16,150,5,32,32,2,0,[80; 16; 150; 5; 32; 32; 2; 0],0.0164856591145508,0.27729728848958635,tvm
256,32,75,5,32,32,2,0,[256; 32; 75; 5; 32; 32; 2; 0],0.014397874125279486,0.3175071911069255,tvm
80,4,750,6,64,32,2,1,[80; 4; 750; 6; 64; 32; 2; 1],0.0171419381222222,0.26668096330964663,tvm
160,4,300,6,64,32,2,0,[160; 4; 300; 6; 64; 32; 2; 0],0.013394248497206718,0.3412978766507067,tvm
64,8,50,5,160,32,2,0,[64; 8; 50; 5; 160; 32; 2; 0],0.015494024759391323,0.29504461509639146,tvm
40,2,30,3,80,80,5,1,[40; 2; 30; 3; 80; 80; 5; 1],0.014891513856127858,0.30698212522882146,tvm
40,10,100,10,64,32,2,1,[40; 10; 100; 10; 64; 32; 2; 1],0.015696220885729417,0.29124389907030374,tvm
128,32,20,5,32,32,2,1,[128; 32; 20; 5; 32; 32; 2; 1],0.0068752967490581796,0.6649063652495864,tvm
80,4,250,5,80,80,5,1,[80; 4; 250; 5; 80; 80; 5; 1],0.00592006990336813,0.7721916541606594,tvm
64,2,1500,12,64,32,2,1,[64; 2; 1500; 12; 64; 32; 2; 1],0.03021703177364543,0.15128648656403312,tvm
80,4,1500,6,160,32,2,0,[80; 4; 1500; 6; 160; 32; 2; 0],0.021771331754280254,0.209974687034468,tvm
80,8,500,4,160,80,5,0,[80; 8; 500; 4; 160; 80; 5; 0],0.014612630882766098,0.31284089826836325,tvm
80,20,250,5,160,32,2,0,[80; 20; 250; 5; 160; 32; 2; 0],0.017620181635720655,0.25944276091689694,tvm
80,8,300,4,160,80,5,1,[80; 8; 300; 4; 160; 80; 5; 1],0.011843023137771524,0.3860018272571548,tvm
256,16,12,12,160,32,2,1,[256; 16; 12; 12; 160; 32; 2; 1],0.011231664058868773,0.40701258045720035,tvm
256,8,500,10,128,32,2,0,[256; 8; 500; 10; 128; 32; 2; 0],0.008687578927492723,0.5262028246974336,tvm
32,2,500,4,64,32,2,1,[32; 2; 500; 4; 64; 32; 2; 1],0.009901042183628306,0.4617118568576121,tvm
80,80,20,5,128,64,4,1,[80; 80; 20; 5; 128; 64; 4; 1],0.025668642774689943,0.17809389501248343,tvm
160,1,60,10,128,32,2,1,[160; 1; 60; 10; 128; 32; 2; 1],0.009901866054860875,0.46167344075356737,tvm
128,16,300,15,64,16,1,0,[128; 16; 300; 15; 64; 16; 1; 0],0.00984754555975087,0.46422009867240693,tvm
128,64,300,4,128,64,4,0,[128; 64; 300; 4; 128; 64; 4; 0],0.030926435778383166,0.14781621148285992,tvm
256,256,50,5,64,32,2,0,[256; 256; 50; 5; 64; 32; 2; 0],0.021150740270968527,0.21613562990527133,tvm
32,1,20,4,160,80,5,1,[32; 1; 20; 4; 160; 80; 5; 1],0.014903698000125587,0.30673115970211223,tvm
256,16,20,5,128,32,2,1,[256; 16; 20; 5; 128; 32; 2; 1],0.009489158561336808,0.48175278575854685,tvm
128,64,30,5,64,64,4,0,[128; 64; 30; 5; 64; 64; 4; 0],0.0086117506143637,0.530836153546272,tvm
64,1,6,6,64,32,2,1,[64; 1; 6; 6; 64; 32; 2; 1],0.013663490390172228,0.3345725316802414,tvm
80,1,300,6,32,32,2,1,[80; 1; 300; 6; 32; 32; 2; 1],0.015698471514042467,0.29120214457435395,tvm
64,1,1500,10,160,32,2,0,[64; 1; 1500; 10; 160; 32; 2; 0],0.015129269770113751,0.30215791250275265,tvm
20,1,75,3,160,80,5,0,[20; 1; 75; 3; 160; 80; 5; 0],0.029610830009914935,0.15438366874207402,tvm
80,8,1500,5,80,80,5,0,[80; 8; 1500; 5; 80; 80; 5; 0],0.012856803979957476,0.35556492722102556,tvm
128,2,300,10,32,32,2,0,[128; 2; 300; 10; 32; 32; 2; 0],0.03328022523783147,0.13736170770358777,tvm
80,8,20,5,128,64,4,1,[80; 8; 20; 5; 128; 64; 4; 1],0.009704152878839523,0.471079611842971,tvm
64,16,12,6,64,64,4,0,[64; 16; 12; 6; 64; 64; 4; 0],0.007937784946989268,0.5759073345974779,tvm
80,5,1500,4,32,32,2,0,[80; 5; 1500; 4; 32; 32; 2; 0],0.018200326507212594,0.2511728880037929,tvm
80,16,100,4,80,80,5,0,[80; 16; 100; 4; 80; 80; 5; 0],0.020151743257883936,0.22685027855543458,tvm
128,16,5,5,64,64,4,0,[128; 16; 5; 5; 64; 64; 4; 0],0.013851857132976875,0.3300227924344853,tvm
160,16,300,15,64,16,1,0,[160; 16; 300; 15; 64; 16; 1; 0],0.01975805888650939,0.23137032831448331,tvm
128,16,1500,6,32,32,2,0,[128; 16; 1500; 6; 32; 32; 2; 0],0.014640906767453998,0.3122367107473581,tvm
32,32,75,5,32,32,2,1,[32; 32; 75; 5; 32; 32; 2; 1],0.018491308146622032,0.24722039864246567,tvm
64,4,250,5,64,32,2,1,[64; 4; 250; 5; 64; 32; 2; 1],0.008406235065194778,0.5438140304160825,tvm
64,64,15,5,32,32,2,1,[64; 64; 15; 5; 32; 32; 2; 1],0.007717303378740326,0.5923608736209556,tvm
32,16,150,3,80,80,5,1,[32; 16; 150; 3; 80; 80; 5; 1],0.013474212115397677,0.3392724214430738,tvm
128,4,300,4,64,64,4,0,[128; 4; 300; 4; 64; 64; 4; 0],0.01757990737678483,0.26003712496604947,tvm
256,1,300,12,32,16,1,1,[256; 1; 300; 12; 32; 16; 1; 1],0.016025085118599236,0.28526703837116113,tvm
256,64,10,5,160,32,2,1,[256; 64; 10; 5; 160; 32; 2; 1],0.013650108856381848,0.33490052127249426,tvm
80,20,500,10,32,32,2,1,[80; 20; 500; 10; 32; 32; 2; 1],0.02506126626394689,0.1824101193962822,tvm
160,1,60,4,160,32,2,1,[160; 1; 60; 4; 160; 32; 2; 1],0.02913990750676021,0.1568786232546565,tvm
20,2,150,5,160,80,5,0,[20; 2; 150; 5; 160; 80; 5; 0],0.008731308509595692,0.5235674087571845,tvm
40,20,750,5,160,80,5,0,[40; 20; 750; 5; 160; 80; 5; 0],0.007781176260323264,0.5874983959351481,tvm
80,16,500,10,32,32,2,0,[80; 16; 500; 10; 32; 32; 2; 0],0.014096830622293055,0.3242876852190597,tvm
80,1,60,10,64,32,2,0,[80; 1; 60; 10; 64; 32; 2; 0],0.033371501485817134,0.13698600206440895,tvm
80,1,250,5,160,80,5,1,[80; 1; 250; 5; 160; 80; 5; 1],0.012563943862915039,0.363852992444677,tvm
128,16,300,5,64,64,4,0,[128; 16; 300; 5; 64; 64; 4; 0],0.01495024937321432,0.30577607485390795,tvm
32,1,300,6,64,64,4,1,[32; 1; 300; 6; 64; 64; 4; 1],0.02426476511755027,0.18839780848000626,tvm
40,5,60,5,80,80,5,0,[40; 5; 60; 5; 80; 80; 5; 0],0.015614909381838515,0.29276049316978664,tvm
64,32,60,5,32,32,2,1,[64; 32; 60; 5; 32; 32; 2; 1],0.007802075502695516,0.585924677330949,tvm
128,16,15,5,64,64,4,1,[128; 16; 15; 5; 64; 64; 4; 1],0.013621965772472322,0.33559242827247826,tvm
64,1,75,3,64,64,4,1,[64; 1; 75; 3; 64; 64; 4; 1],0.01334040824440308,0.34267531305471843,tvm
160,4,10,10,64,32,2,1,[160; 4; 10; 10; 64; 32; 2; 1],0.006779244809877127,0.6743271115933381,tvm
128,32,30,6,64,32,2,1,[128; 32; 30; 6; 64; 32; 2; 1],0.012585630873218179,0.3632260168345177,tvm
20,10,300,10,160,32,2,1,[20; 10; 300; 10; 160; 32; 2; 1],0.015005893481429666,0.30464221121427254,tvm
80,5,12,3,160,80,5,0,[80; 5; 12; 3; 160; 80; 5; 0],0.014886992634274065,0.3070753565702619,tvm
40,1,1500,5,80,80,5,1,[40; 1; 1500; 5; 80; 80; 5; 1],0.021178693510591984,0.21585035777312175,tvm
40,2,25,5,160,80,5,0,[40; 2; 25; 5; 160; 80; 5; 0],0.00758712031529285,0.6025248554730639,tvm
80,10,300,12,32,32,2,1,[80; 10; 300; 12; 32; 32; 2; 1],0.006063239874492865,0.7539580597264314,tvm
160,1,250,5,64,32,2,0,[160; 1; 250; 5; 64; 32; 2; 0],0.02590363920899108,0.1764782366889144,tvm
64,16,750,6,160,32,2,0,[64; 16; 750; 6; 160; 32; 2; 0],0.022126939380541444,0.20660013085446025,tvm
40,8,100,4,160,80,5,0,[40; 8; 100; 4; 160; 80; 5; 0],0.022337738511851057,0.20465046490732478,tvm
256,1,100,10,32,32,2,0,[256; 1; 100; 10; 32; 32; 2; 0],0.012676557496888563,0.36062066318482916,tvm
80,8,60,6,64,64,4,0,[80; 8; 60; 6; 64; 64; 4; 0],0.015619551501004025,0.2926734849675242,tvm
128,32,50,10,160,32,2,1,[128; 32; 50; 10; 160; 32; 2; 1],0.02727571176365018,0.1676007068501445,tvm
128,16,150,5,64,64,4,1,[128; 16; 150; 5; 64; 64; 4; 1],0.007217639446025714,0.6333689297746455,tvm
160,5,1500,6,160,32,2,1,[160; 5; 1500; 6; 160; 32; 2; 1],0.007191656302893534,0.6356572643202201,tvm
32,8,60,5,160,80,5,0,[32; 8; 60; 5; 160; 80; 5; 0],0.014804750011535361,0.308781206563209,tvm
80,5,300,5,80,80,5,1,[80; 5; 300; 5; 80; 80; 5; 1],0.01821597511298023,0.2509571155579308,tvm
160,10,60,12,160,32,2,1,[160; 10; 60; 12; 160; 32; 2; 1],0.015980581229086965,0.2860614708498782,tvm
80,4,250,10,160,32,2,0,[80; 4; 250; 10; 160; 32; 2; 0],0.01285253488458693,0.35568303159485987,tvm
256,32,75,5,32,32,2,1,[256; 32; 75; 5; 32; 32; 2; 1],0.02572105498984456,0.17773099016480887,tvm
128,4,50,10,160,32,2,1,[128; 4; 50; 10; 160; 32; 2; 1],0.011784021990024485,0.3879344908977952,tvm
32,16,100,5,80,80,5,0,[32; 16; 100; 5; 80; 80; 5; 0],0.00820538931293413,0.5571251280207562,tvm
128,64,60,10,64,32,2,0,[128; 64; 60; 10; 64; 32; 2; 0],0.017782467853976414,0.25707503643294005,tvm
40,40,30,6,160,32,2,0,[40; 40; 30; 6; 160; 32; 2; 0],0.015292442112695426,0.29893384835071435,tvm
80,1,250,10,128,32,2,1,[80; 1; 250; 10; 128; 32; 2; 1],0.009999677058658563,0.45715762065238336,tvm
20,4,10,5,64,64,4,1,[20; 4; 10; 5; 64; 64; 4; 1],0.00932017456216272,0.49048744108155257,tvm
80,40,300,5,64,64,4,0,[80; 40; 300; 5; 64; 64; 4; 0],0.015804078109795228,0.2892562628246719,tvm
32,8,750,5,32,32,2,1,[32; 8; 750; 5; 32; 32; 2; 1],0.01947435410693288,0.23474095963989589,tvm
80,80,100,4,64,32,2,1,[80; 80; 100; 4; 64; 32; 2; 1],0.01776902738492936,0.2572694876538818,tvm
64,16,12,12,64,16,1,1,[64; 16; 12; 12; 64; 16; 1; 1],0.008870993187883869,0.5153231971446326,tvm
64,2,60,10,64,32,2,0,[64; 2; 60; 10; 64; 32; 2; 0],0.016777643118984997,0.27247143946313307,tvm
40,1,75,3,160,80,5,1,[40; 1; 75; 3; 160; 80; 5; 1],0.008138941004290245,0.5616736340782976,tvm
32,4,15,5,160,32,2,1,[32; 4; 15; 5; 160; 32; 2; 1],0.007417657252517529,0.6162900786332564,tvm
40,40,50,10,64,32,2,1,[40; 40; 50; 10; 64; 32; 2; 1],0.018860776006476954,0.242377544267463,tvm
64,4,25,5,64,32,2,1,[64; 4; 25; 5; 64; 32; 2; 1],0.015317183133447543,0.29845099660956065,tvm
256,1,300,12,32,16,1,1,[256; 1; 300; 12; 32; 16; 1; 1],0.016047252021962777,0.2848729841827105,tvm
64,8,75,5,64,64,4,0,[64; 8; 75; 5; 64; 64; 4; 0],0.016385644616093487,0.2789898523088101,tvm
80,1,60,6,64,32,2,0,[80; 1; 60; 6; 64; 32; 2; 0],0.009419478563359007,0.48531652157594485,tvm
256,32,50,5,64,32,2,0,[256; 32; 50; 5; 64; 32; 2; 0],0.016249410109594464,0.2813288938242362,tvm
32,2,30,3,160,80,5,0,[32; 2; 30; 3; 160; 80; 5; 0],0.008547770004952326,0.5348094963692309,tvm
256,16,100,5,128,32,2,0,[256; 16; 100; 5; 128; 32; 2; 0],0.01952164137037471,0.234172346714964,tvm
64,4,250,5,64,64,4,0,[64; 4; 250; 5; 64; 64; 4; 0],0.015829243988264352,0.28879639323380096,tvm
160,160,25,5,32,32,2,1,[160; 160; 25; 5; 32; 32; 2; 1],0.015891965886112303,0.28765658095349045,tvm
256,32,250,10,64,16,1,1,[256; 32; 250; 10; 64; 16; 1; 1],0.020160877640591934,0.22674749844344336,tvm
160,1,300,10,64,16,1,1,[160; 1; 300; 10; 64; 16; 1; 1],0.016307209996739402,0.2803317411342971,tvm
256,8,300,12,128,32,2,0,[256; 8; 300; 12; 128; 32; 2; 0],0.008624897804111242,0.530026984116786,tvm
64,32,20,4,64,32,2,1,[64; 32; 20; 4; 64; 32; 2; 1],0.017858166887890548,0.255985320337017,tvm
64,1,100,5,32,32,2,0,[64; 1; 100; 5; 32; 32; 2; 0],0.00903859299432952,0.5057677200750734,tvm
160,20,250,10,80,16,1,0,[160; 20; 250; 10; 80; 16; 1; 0],0.016779979137936607,0.2724335074465837,tvm
16,4,25,5,160,80,5,1,[16; 4; 25; 5; 160; 80; 5; 1],0.007796094068908133,0.5863742190669609,tvm
40,10,1500,10,64,32,2,1,[40; 10; 1500; 10; 64; 32; 2; 1],0.02770630898885429,0.16499594273880253,tvm
32,32,10,5,64,32,2,1,[32; 32; 10; 5; 64; 32; 2; 1],0.018418235733406618,0.24820121957376234,tvm
80,2,500,5,64,64,4,1,[80; 2; 500; 5; 64; 64; 4; 1],0.024048437393503264,0.19009254100907,tvm
16,1,75,5,160,80,5,1,[16; 1; 75; 5; 160; 80; 5; 1],0.0077248180023161694,0.5917846310499352,tvm
128,8,6,6,128,64,4,1,[128; 8; 6; 6; 128; 64; 4; 1],0.017002419015625492,0.2688693042576681,tvm
40,40,15,5,64,32,2,1,[40; 40; 15; 5; 64; 32; 2; 1],0.009245683439075947,0.494439226862115,tvm
80,1,375,3,160,80,5,1,[80; 1; 375; 3; 160; 80; 5; 1],0.016090796008938923,0.2841020772924475,tvm
160,40,300,10,32,32,2,1,[160; 40; 300; 10; 32; 32; 2; 1],0.014302901254268363,0.3196154745222992,tvm
80,8,5,5,160,80,5,1,[80; 8; 5; 5; 160; 80; 5; 1],0.012278525566216558,0.37231087289556286,tvm
64,64,30,3,160,80,5,1,[64; 64; 30; 3; 160; 80; 5; 1],0.01525852526538074,0.2995983223752589,tvm
64,16,25,5,32,32,2,1,[64; 16; 25; 5; 32; 32; 2; 1],0.014632821519626305,0.3124092346303229,tvm
128,8,50,5,32,32,2,1,[128; 8; 50; 5; 32; 32; 2; 1],0.006872868369100615,0.6651412955878842,tvm
160,5,30,10,32,32,2,0,[160; 5; 30; 10; 32; 32; 2; 0],0.006845946190878749,0.6677570118093173,tvm
128,64,150,6,32,32,2,1,[128; 64; 150; 6; 32; 32; 2; 1],0.016452581388875842,0.2778547914991305,tvm
160,2,1500,4,160,32,2,1,[160; 2; 1500; 4; 160; 32; 2; 1],0.023415604868205264,0.19523000140969488,tvm
80,8,6,6,64,64,4,0,[80; 8; 6; 6; 64; 64; 4; 0],0.008267425873782486,0.5529446095096425,tvm
40,2,125,5,64,64,4,1,[40; 2; 125; 5; 64; 64; 4; 1],0.015767484990647063,0.2899275676583961,tvm
40,8,1500,10,160,32,2,1,[40; 8; 1500; 10; 160; 32; 2; 1],0.01819987135240808,0.25117916950680597,tvm
40,40,30,6,64,64,4,1,[40; 40; 30; 6; 64; 64; 4; 1],0.0158028993755579,0.289277838375604,tvm
80,80,300,3,160,80,5,1,[80; 80; 300; 3; 160; 80; 5; 1],0.0068790419900324196,0.6645443621440996,tvm
80,10,20,5,64,64,4,1,[80; 10; 20; 5; 64; 64; 4; 1],0.0069530409964499995,0.6574718276165202,tvm
80,10,750,6,32,32,2,0,[80; 10; 750; 6; 32; 32; 2; 0],0.015294658369384706,0.29889053164987284,tvm
64,8,750,5,64,64,4,1,[64; 8; 750; 5; 64; 64; 4; 1],0.01416965710814111,0.3226209735733181,tvm
160,10,750,6,32,32,2,0,[160; 10; 750; 6; 32; 32; 2; 0],0.028057444258593023,0.1629310399513135,tvm
32,16,125,5,160,32,2,1,[32; 16; 125; 5; 160; 32; 2; 1],0.01372433637152426,0.33308922542247904,tvm
20,4,125,5,80,80,5,1,[20; 4; 125; 5; 80; 80; 5; 1],0.027259629510808736,0.16769958555804845,tvm
80,20,100,5,64,64,4,1,[80; 20; 100; 5; 64; 64; 4; 1],0.014083278860198334,0.3245997339687835,tvm
64,2,125,5,80,80,5,1,[64; 2; 125; 5; 80; 80; 5; 1],0.00608071380702313,0.751791437075799,tvm
128,8,250,10,160,32,2,1,[128; 8; 250; 10; 160; 32; 2; 1],0.00768832080939319,0.5945938891940408,tvm
256,32,100,10,64,32,2,1,[256; 32; 100; 10; 64; 32; 2; 1],0.007722075199126266,0.5919948269793873,tvm
64,16,125,5,64,64,4,1,[64; 16; 125; 5; 64; 64; 4; 1],0.014373392274137586,0.3180479934200405,tvm
80,16,12,12,160,32,2,0,[80; 16; 12; 12; 160; 32; 2; 0],0.013271000498207286,0.3444675156214562,tvm
80,10,375,5,160,32,2,0,[80; 10; 375; 5; 160; 32; 2; 0],0.015598172001773492,0.2930746353424495,tvm
256,1,500,10,160,32,2,1,[256; 1; 500; 10; 160; 32; 2; 1],0.012646203773329034,0.3614862336055156,tvm
160,4,300,12,160,32,2,1,[160; 4; 300; 12; 160; 32; 2; 1],0.011907987180165946,0.38389599369428157,tvm
80,80,75,5,160,32,2,0,[80; 80; 75; 5; 160; 32; 2; 0],0.007834289819584228,0.583515376212005,tvm
16,2,125,5,160,32,2,1,[16; 2; 125; 5; 160; 32; 2; 1],0.009795468315132894,0.46668810763914476,tvm
80,1,500,4,32,32,2,1,[80; 1; 500; 4; 32; 32; 2; 1],0.008622349938377738,0.5301836047132956,tvm
20,1,5,5,160,80,5,0,[20; 1; 5; 5; 160; 80; 5; 0],0.01939382776618004,0.23571564244787538,tvm
80,2,1500,3,80,80,5,1,[80; 2; 1500; 3; 80; 80; 5; 1],0.020043036114657298,0.22808064333554365,tvm
20,4,750,5,160,32,2,1,[20; 4; 750; 5; 160; 32; 2; 1],0.01757162736612372,0.2601596583047176,tvm
128,16,150,10,128,32,2,0,[128; 16; 150; 10; 128; 32; 2; 0],0.01989431824767962,0.22978563600498156,tvm
80,40,300,2,160,80,5,0,[80; 40; 300; 2; 160; 80; 5; 0],0.027730814996175468,0.16485013412188015,tvm
20,20,12,3,160,80,5,1,[20; 20; 12; 3; 160; 80; 5; 1],0.008005624811630696,0.5710270814574184,tvm
160,8,12,6,128,32,2,0,[160; 8; 12; 6; 128; 32; 2; 0],0.01914685862720944,0.23875606230946694,tvm
32,32,1500,3,64,64,4,1,[32; 32; 1500; 3; 64; 64; 4; 1],0.007550547074060887,0.6054433574930266,tvm
20,20,300,4,160,80,5,0,[20; 20; 300; 4; 160; 80; 5; 0],0.016412542143370956,0.2785326326351568,tvm
80,1,30,6,32,32,2,0,[80; 1; 30; 6; 32; 32; 2; 0],0.026255784032400697,0.17411129546873347,tvm
40,10,4,4,160,80,5,1,[40; 10; 4; 4; 160; 80; 5; 1],0.013020273006986827,0.35110082322970426,tvm
160,16,375,15,32,16,1,0,[160; 16; 375; 15; 32; 16; 1; 0],0.028818629041779786,0.1586275518103636,tvm
32,1,500,5,32,32,2,1,[32; 1; 500; 5; 32; 32; 2; 1],0.03299909323686734,0.13853194506330457,tvm
40,10,300,10,64,32,2,1,[40; 10; 300; 10; 64; 32; 2; 1],0.008439581564744003,0.5416653108165365,tvm
160,1,25,5,32,32,2,1,[160; 1; 25; 5; 32; 32; 2; 1],0.014985236368374899,0.30506215978522655,tvm
80,4,300,6,64,32,2,1,[80; 4; 300; 6; 64; 32; 2; 1],0.016577808622969314,0.27575590208555356,tvm
64,16,4,4,64,64,4,1,[64; 16; 4; 4; 64; 64; 4; 1],0.013452511135255918,0.33981972030842,tvm
64,2,10,5,64,32,2,1,[64; 2; 10; 5; 64; 32; 2; 1],0.01604890063754283,0.2848437207427612,tvm
80,16,60,4,80,80,5,1,[80; 16; 60; 4; 80; 80; 5; 1],0.011642712750472128,0.3926429062885876,tvm
128,32,250,10,160,32,2,1,[128; 32; 250; 10; 160; 32; 2; 1],0.019886832276824862,0.2298721338720139,tvm
64,8,15,5,128,64,4,1,[64; 8; 15; 5; 128; 64; 4; 1],0.018984488997375593,0.24079808374407782,tvm
16,4,100,4,80,80,5,1,[16; 4; 100; 4; 80; 80; 5; 1],0.00789811325375922,0.5788000785190989,tvm
160,80,150,10,160,32,2,1,[160; 80; 150; 10; 160; 32; 2; 1],0.01438935735495761,0.31769511720782745,tvm
20,20,100,5,160,80,5,1,[20; 20; 100; 5; 160; 80; 5; 1],0.0074812075617956,0.6110549043945201,tvm
40,20,750,10,160,32,2,0,[40; 20; 750; 10; 160; 32; 2; 0],0.015468155761482194,0.2955380487447669,tvm
80,80,60,5,64,64,4,1,[80; 80; 60; 5; 64; 64; 4; 1],0.007706914431764744,0.5931593781016974,tvm
32,32,20,5,32,32,2,1,[32; 32; 20; 5; 32; 32; 2; 1],0.015699431503890082,0.29118433812688316,tvm
32,16,750,5,80,80,5,1,[32; 16; 750; 5; 80; 80; 5; 1],0.013030463509494439,0.35082624406243673,tvm
80,16,30,5,32,32,2,1,[80; 16; 30; 5; 32; 32; 2; 1],0.01418082049349323,0.32236700080408887,tvm
128,2,30,6,64,64,4,1,[128; 2; 30; 6; 64; 64; 4; 1],0.00731881387764588,0.6246133113715671,tvm
160,2,300,5,64,32,2,1,[160; 2; 300; 5; 64; 32; 2; 1],0.00838909218146,0.5449252997280786,tvm
64,4,375,5,32,32,2,1,[64; 4; 375; 5; 32; 32; 2; 1],0.015593924617860466,0.2931544613337874,tvm
128,4,60,4,160,32,2,0,[128; 4; 60; 4; 160; 32; 2; 0],0.00683514318370726,0.6688124079573576,tvm
64,4,1500,6,160,32,2,1,[64; 4; 1500; 6; 160; 32; 2; 1],0.014767813991056755,0.309553504276055,tvm
40,5,50,10,160,32,2,1,[40; 5; 50; 10; 160; 32; 2; 1],0.031610688485670835,0.14461654555549483,tvm
160,10,250,10,160,16,1,1,[160; 10; 250; 10; 160; 16; 1; 1],0.021666658984031528,0.21098908580218784,tvm
64,8,6,3,160,80,5,1,[64; 8; 6; 3; 160; 80; 5; 1],0.01385564886732027,0.3299324784572649,tvm
80,4,150,5,64,64,4,0,[80; 4; 150; 5; 64; 64; 4; 0],0.007951288687763736,0.57492926630416,tvm
80,40,60,5,64,64,4,1,[80; 40; 60; 5; 64; 64; 4; 1],0.014776069612707943,0.30938055188214475,tvm
160,8,750,10,64,32,2,1,[160; 8; 750; 10; 64; 32; 2; 1],0.007233330004964955,0.6319950241853676,tvm
80,10,12,6,32,32,2,1,[80; 10; 12; 6; 32; 32; 2; 1],0.007060608244501054,0.6474553484806205,tvm
128,1,250,5,32,32,2,0,[128; 1; 250; 5; 32; 32; 2; 0],0.016444972483441234,0.27798335181354866,tvm
128,4,15,5,64,64,4,1,[128; 4; 15; 5; 64; 64; 4; 1],0.00661995449627284,0.6905528692081453,tvm
20,4,30,5,80,80,5,1,[20; 4; 30; 5; 80; 80; 5; 1],0.014950108772609383,0.3057789505721889,tvm
16,4,300,10,160,32,2,1,[16; 4; 300; 10; 160; 32; 2; 1],0.015986494603566825,0.28595565724637456,tvm
80,10,375,3,160,80,5,1,[80; 10; 375; 3; 160; 80; 5; 1],0.007235732118715532,0.6317852148788614,tvm
64,2,500,5,160,32,2,1,[64; 2; 500; 5; 160; 32; 2; 1],0.007530820570536889,0.6070292777009643,tvm
80,20,50,5,64,64,4,1,[80; 20; 50; 5; 64; 64; 4; 1],0.016737260506488383,0.2731288414646117,tvm
80,5,100,5,160,80,5,1,[80; 5; 100; 5; 160; 80; 5; 1],0.005766576403402723,0.792745686804926,tvm
80,80,750,3,160,80,5,0,[80; 80; 750; 3; 160; 80; 5; 0],0.01455502025783062,0.31407916240921324,tvm
80,4,30,5,160,32,2,0,[80; 4; 30; 5; 160; 32; 2; 0],0.02154748438624665,0.21215602199700062,tvm
80,8,75,3,160,80,5,1,[80; 8; 75; 3; 160; 80; 5; 1],0.020560977136483416,0.2223351809149685,tvm
128,1,1500,12,32,32,2,1,[128; 1; 1500; 12; 32; 32; 2; 1],0.016090956021798775,0.28409925210382503,tvm
160,10,250,5,160,32,2,0,[160; 10; 250; 5; 160; 32; 2; 0],0.00720559069304727,0.6344280109942378,tvm
128,64,150,5,64,64,4,1,[128; 64; 150; 5; 64; 64; 4; 1],0.007794019125867635,0.5865303250612279,tvm
128,16,20,10,32,32,2,1,[128; 16; 20; 10; 32; 32; 2; 1],0.009728160192025825,0.4699170738549076,tvm
128,8,150,5,64,32,2,1,[128; 8; 150; 5; 64; 32; 2; 1],0.015075720875756815,0.303231176081262,tvm
256,1,50,10,160,32,2,0,[256; 1; 50; 10; 160; 32; 2; 0],0.011828859700472094,0.3864640115095899,tvm
80,20,750,6,160,32,2,0,[80; 20; 750; 6; 160; 32; 2; 0],0.013629704480990767,0.3354018847440386,tvm
256,2,15,5,160,32,2,0,[256; 2; 15; 5; 160; 32; 2; 0],0.012853696622187272,0.35565088439520576,tvm
256,32,60,5,160,32,2,0,[256; 32; 60; 5; 160; 32; 2; 0],0.015468327241251245,0.29553477245021004,tvm
16,1,25,5,128,64,4,1,[16; 1; 25; 5; 128; 64; 4; 1],0.011824301865999587,0.38661297920459664,tvm
128,8,1500,15,32,16,1,0,[128; 8; 1500; 15; 32; 16; 1; 0],0.00898100518679712,0.5090107929287225,tvm
20,1,1500,5,64,32,2,1,[20; 1; 1500; 5; 64; 32; 2; 1],0.02311942950473167,0.19773102837563417,tvm
128,8,750,15,80,16,1,0,[128; 8; 750; 15; 80; 16; 1; 0],0.015256192127708346,0.2996441401079322,tvm
20,2,75,3,128,64,4,1,[20; 2; 75; 3; 128; 64; 4; 1],0.012816382746677846,0.3566863335611242,tvm
160,10,300,12,16,16,1,1,[160; 10; 300; 12; 16; 16; 1; 1],0.015233703627018258,0.300086484767943,tvm
128,128,60,6,160,32,2,0,[128; 128; 60; 6; 160; 32; 2; 0],0.01595121613354422,0.28658809040993416,tvm
256,1,50,10,128,32,2,0,[256; 1; 50; 10; 128; 32; 2; 0],0.018972431746078655,0.2409511143648428,tvm
8,2,75,5,160,80,5,1,[8; 2; 75; 5; 160; 80; 5; 1],0.011060373493819498,0.4133159313275516,tvm
80,16,250,10,80,16,1,1,[80; 16; 250; 10; 80; 16; 1; 1],0.008024908631341532,0.5696549059231297,tvm
40,40,125,5,160,32,2,1,[40; 40; 125; 5; 160; 32; 2; 1],0.013438421854516491,0.34017599841101653,tvm
160,10,300,12,128,32,2,1,[160; 10; 300; 12; 128; 32; 2; 1],0.017335210257442668,0.26370770838881996,tvm
64,2,20,4,64,64,4,0,[64; 2; 20; 4; 64; 64; 4; 0],0.014224504120647907,0.3213770077786268,tvm
20,5,300,10,160,32,2,0,[20; 5; 300; 10; 160; 32; 2; 0],0.02795563475228846,0.16352440615051148,tvm
128,8,60,5,128,64,4,1,[128; 8; 60; 5; 128; 64; 4; 1],0.025776812981348485,0.1773465391061476,tvm
64,2,60,10,32,32,2,0,[64; 2; 60; 10; 32; 32; 2; 0],0.018754144373815507,0.24375564570203426,tvm
16,1,100,10,128,32,2,1,[16; 1; 100; 10; 128; 32; 2; 1],0.012703672371571884,0.3598509500023361,tvm
160,4,20,10,64,32,2,0,[160; 4; 20; 10; 64; 32; 2; 0],0.00719635549467057,0.6352421826317572,tvm
20,5,3,3,160,32,2,1,[20; 5; 3; 3; 160; 32; 2; 1],0.01627003910834901,0.2809721931819286,tvm
80,80,30,5,64,64,4,0,[80; 80; 30; 5; 64; 64; 4; 0],0.016189902875339612,0.28236293982910493,tvm
128,4,300,20,64,16,1,1,[128; 4; 300; 20; 64; 16; 1; 1],0.016902900009881705,0.2704523229005698,tvm
16,8,20,4,80,80,5,0,[16; 8; 20; 4; 80; 80; 5; 0],0.017280354135436937,0.26454484298177156,tvm
16,1,100,5,64,64,4,1,[16; 1; 100; 5; 64; 64; 4; 1],0.0170558437530417,0.26802711361689824,tvm
64,4,750,6,32,32,2,1,[64; 4; 750; 6; 32; 32; 2; 1],0.015166080498602241,0.3014245224301619,tvm
40,8,60,12,160,32,2,1,[40; 8; 60; 12; 160; 32; 2; 1],0.006797668684157543,0.6724994676605254,tvm
20,2,60,4,160,32,2,1,[20; 2; 60; 4; 160; 32; 2; 1],0.00919393906951882,0.4972219781817442,tvm
64,1,750,6,64,32,2,1,[64; 1; 750; 6; 64; 32; 2; 1],0.01692907474352978,0.2700341655219965,tvm
16,8,500,5,80,80,5,1,[16; 8; 500; 5; 80; 80; 5; 1],0.014264963887399063,0.3204654850522781,tvm
32,1,250,5,160,80,5,0,[32; 1; 250; 5; 160; 80; 5; 0],0.015778590604895726,0.28972350483636766,tvm
160,2,1500,10,160,32,2,0,[160; 2; 1500; 10; 160; 32; 2; 0],0.013238456100225449,0.34531432795631817,tvm
20,1,300,12,160,32,2,1,[20; 1; 300; 12; 160; 32; 2; 1],0.016855783382197842,0.2712083127656152,tvm
128,16,100,10,32,32,2,0,[128; 16; 100; 10; 32; 32; 2; 0],0.019638510624645278,0.23277878138537014,tvm
64,64,1500,6,64,64,4,1,[64; 64; 1500; 6; 64; 64; 4; 1],0.007530527058406733,0.6070529374600998,tvm
256,8,30,5,128,32,2,1,[256; 8; 30; 5; 128; 32; 2; 1],0.016867647267645225,0.27101755798494104,tvm
40,8,15,3,160,80,5,1,[40; 8; 15; 3; 160; 80; 5; 1],0.00756761763477698,0.6040776360608623,tvm
80,40,375,5,32,32,2,1,[80; 40; 375; 5; 32; 32; 2; 1],0.015398734511109069,0.29687040633960005,tvm
32,32,15,5,32,32,2,1,[32; 32; 15; 5; 32; 32; 2; 1],0.018768681737128645,0.2435668437163205,tvm
160,160,150,5,32,32,2,1,[160; 160; 150; 5; 32; 32; 2; 1],0.015519500011578202,0.29456029949535056,tvm
40,40,5,5,64,64,4,1,[40; 40; 5; 5; 64; 64; 4; 1],0.014716202742420137,0.310639140506757,tvm
64,32,100,5,80,80,5,1,[64; 32; 100; 5; 80; 80; 5; 1],0.0258041670313105,0.17715854055206082,tvm
128,1,1500,12,32,32,2,0,[128; 1; 1500; 12; 32; 32; 2; 0],0.006968627742026001,0.6560012588790562,tvm
80,80,60,10,160,32,2,0,[80; 80; 60; 10; 160; 32; 2; 0],0.008342429442564026,0.5479732975749992,tvm
32,2,60,10,160,32,2,1,[32; 2; 60; 10; 160; 32; 2; 1],0.015707570011727512,0.2910334678130018,tvm
64,8,10,10,160,32,2,1,[64; 8; 10; 10; 160; 32; 2; 1],0.012287198813282885,0.3720480673338418,tvm
160,16,250,10,32,32,2,1,[160; 16; 250; 10; 32; 32; 2; 1],0.012974926503375173,0.3523278972130905,tvm
40,1,75,5,160,32,2,1,[40; 1; 75; 5; 160; 32; 2; 1],0.01719244263949804,0.26589756134629405,tvm
64,8,300,4,160,32,2,0,[64; 8; 300; 4; 160; 32; 2; 0],0.01676195111940615,0.2727265184621616,tvm
80,40,12,3,160,80,5,0,[80; 40; 12; 3; 160; 80; 5; 0],0.016871889267349616,0.27094941763725144,tvm
128,64,12,12,64,32,2,1,[128; 64; 12; 12; 64; 32; 2; 1],0.00942517643852625,0.48502312940715353,tvm
32,2,150,5,160,32,2,1,[32; 2; 150; 5; 160; 32; 2; 1],0.014698597602546215,0.31101120630968704,tvm
80,80,150,5,32,32,2,1,[80; 80; 150; 5; 32; 32; 2; 1],0.015233343990985304,0.3000935693524563,tvm
80,10,100,10,64,32,2,0,[80; 10; 100; 10; 64; 32; 2; 0],0.0157774418767076,0.2897445991024324,tvm
80,5,1500,5,160,32,2,0,[80; 5; 1500; 5; 160; 32; 2; 0],0.028782378241885453,0.15882733987478548,tvm
32,8,300,4,160,80,5,0,[32; 8; 300; 4; 160; 80; 5; 0],0.02657037926837802,0.1720498049822393,tvm
40,8,300,12,32,32,2,1,[40; 8; 300; 12; 32; 32; 2; 1],0.01334014325402677,0.3426821200026221,tvm
256,1,50,10,160,32,2,0,[256; 1; 50; 10; 160; 32; 2; 0],0.011714448060956784,0.3902384941775224,tvm
64,8,12,12,64,32,2,1,[64; 8; 12; 12; 64; 32; 2; 1],0.007020515244221315,0.6511528587864515,tvm
64,2,100,5,64,64,4,1,[64; 2; 100; 5; 64; 64; 4; 1],0.01342973136343062,0.34039612913454453,tvm
160,4,125,5,160,32,2,1,[160; 4; 125; 5; 160; 32; 2; 1],0.01301066650194116,0.3513600606661101,tvm
256,1,20,10,64,32,2,1,[256; 1; 20; 10; 64; 32; 2; 1],0.01421695263707079,0.3215477105486407,tvm
80,10,500,4,160,80,5,0,[80; 10; 500; 4; 160; 80; 5; 0],0.01330461012548767,0.3435973341805091,tvm
80,4,100,4,160,80,5,0,[80; 4; 100; 4; 160; 80; 5; 0],0.01934274274390191,0.23633817768009058,tvm
80,5,6,6,160,32,2,0,[80; 5; 6; 6; 160; 32; 2; 0],0.022328598744934425,0.20473423449671999,tvm
256,16,20,10,64,32,2,1,[256; 16; 20; 10; 64; 32; 2; 1],0.015276112360879779,0.29925340056645766,tvm
80,20,25,5,128,32,2,1,[80; 20; 25; 5; 128; 32; 2; 1],0.011378035880625248,0.40177660005562943,tvm
80,8,1500,12,32,16,1,1,[80; 8; 1500; 12; 32; 16; 1; 1],0.0087005495588528,0.5254183704726041,tvm
40,1,750,10,160,32,2,0,[40; 1; 750; 10; 160; 32; 2; 0],0.01628048939164728,0.28079183994149143,tvm
32,8,100,4,32,32,2,1,[32; 8; 100; 4; 32; 32; 2; 1],0.017213895363966003,0.2655661879412828,tvm
16,4,10,10,64,32,2,1,[16; 4; 10; 10; 64; 32; 2; 1],0.008948048809543252,0.5108855202659447,tvm
128,128,20,4,160,32,2,0,[128; 128; 20; 4; 160; 32; 2; 0],0.018300273397471756,0.2498011080020329,tvm
32,1,375,5,80,80,5,1,[32; 1; 375; 5; 80; 80; 5; 1],0.021089309477247298,0.21676520875946964,tvm
32,1,60,10,32,32,2,1,[32; 1; 60; 10; 32; 32; 2; 1],0.014759821264306083,0.30972113344514085,tvm
160,10,50,5,128,32,2,0,[160; 10; 50; 5; 128; 32; 2; 0],0.010343576621380635,0.44195820640794836,tvm
80,5,750,10,128,32,2,0,[80; 5; 750; 10; 128; 32; 2; 0],0.01886754549923353,0.24229058154990432,tvm
256,1,6,6,32,32,2,0,[256; 1; 6; 6; 32; 32; 2; 0],0.007061778684146702,0.6473480373565336,tvm
160,20,250,5,64,32,2,0,[160; 20; 250; 5; 64; 32; 2; 0],0.015488411881960928,0.29515153692115015,tvm
128,4,60,6,64,32,2,0,[128; 4; 60; 6; 64; 32; 2; 0],0.013075212395051494,0.3496255688480209,tvm
160,160,375,5,160,32,2,1,[160; 160; 375; 5; 160; 32; 2; 1],0.015511762991081923,0.2947072214845465,tvm
20,5,20,4,160,80,5,0,[20; 5; 20; 4; 160; 80; 5; 0],0.025064863730221987,0.1823839387531386,tvm
256,8,4,4,64,32,2,1,[256; 8; 4; 4; 64; 32; 2; 1],0.028657604241743684,0.15951886741354557,tvm
64,32,4,4,32,32,2,1,[64; 32; 4; 4; 32; 32; 2; 1],0.008546267737983726,0.5349035054344183,tvm
64,2,1500,4,64,64,4,0,[64; 2; 1500; 4; 64; 64; 4; 0],0.013535921869333833,0.3377256913535623,tvm
40,10,375,5,64,32,2,1,[40; 10; 375; 5; 64; 32; 2; 1],0.009252243500668555,0.4940886576426837,tvm
20,4,12,12,32,32,2,1,[20; 4; 12; 12; 32; 32; 2; 1],0.015872145973844454,0.2880157843156043,tvm
20,10,12,6,64,64,4,1,[20; 10; 12; 6; 64; 64; 4; 1],0.01686918962514028,0.2709927787293195,tvm
160,1,60,6,32,32,2,1,[160; 1; 60; 6; 32; 32; 2; 1],0.014972478500567377,0.3053220995612276,tvm
160,5,20,10,128,32,2,0,[160; 5; 20; 10; 128; 32; 2; 0],0.01451321499189362,0.31498386635779535,tvm
80,16,300,5,80,80,5,0,[80; 16; 300; 5; 80; 80; 5; 0],0.01673588325502351,0.2731513181448845,tvm
64,8,20,10,64,32,2,0,[64; 8; 20; 10; 64; 32; 2; 0],0.007961092502227984,0.5742212604801685,tvm
64,8,60,6,64,64,4,0,[64; 8; 60; 6; 64; 64; 4; 0],0.008626869632280432,0.5299058367965807,tvm
40,20,3,3,80,80,5,1,[40; 20; 3; 3; 80; 80; 5; 1],0.014675483253085986,0.3115010587789185,tvm
20,20,60,3,160,32,2,1,[20; 20; 60; 3; 160; 32; 2; 1],0.017142140510259196,0.26667781475088664,tvm
160,5,1500,5,32,32,2,1,[160; 5; 1500; 5; 32; 32; 2; 1],0.013782016729237512,0.3316951837484444,tvm
20,2,75,3,160,32,2,1,[20; 2; 75; 3; 160; 32; 2; 1],0.018794726609485224,0.24322931992644614,tvm
64,2,250,5,64,32,2,1,[64; 2; 250; 5; 64; 32; 2; 1],0.031924499257002026,0.14319499687770096,tvm
256,1,100,10,64,32,2,0,[256; 1; 100; 10; 64; 32; 2; 0],0.016115562117192894,0.283665474290316,tvm
256,2,300,10,32,32,2,1,[256; 2; 300; 10; 32; 32; 2; 1],0.0065565838740440086,0.6972271931921431,tvm
160,4,25,5,128,32,2,1,[160; 4; 25; 5; 128; 32; 2; 1],0.009706246753921732,0.4709779884363152,tvm
32,2,125,5,160,80,5,1,[32; 2; 125; 5; 160; 80; 5; 1],0.00662763518630527,0.6897525954467965,tvm
128,64,375,3,64,64,4,1,[128; 64; 375; 3; 64; 64; 4; 1],0.016749141621403396,0.27293509570585,tvm
160,5,750,15,80,16,1,0,[160; 5; 750; 15; 80; 16; 1; 0],0.014410916395718232,0.31721983848208524,tvm
128,64,750,6,160,32,2,0,[128; 64; 750; 6; 160; 32; 2; 0],0.015353056631283835,0.29775364484188094,tvm
64,4,500,10,160,32,2,0,[64; 4; 500; 10; 160; 32; 2; 0],0.006691738060908392,0.6831451754117238,tvm
160,1,300,4,160,32,2,0,[160; 1; 300; 4; 160; 32; 2; 0],0.015014590258942917,0.3044657558141328,tvm
20,4,300,5,160,80,5,1,[20; 4; 300; 5; 160; 80; 5; 1],0.007246892884722911,0.6308122176147444,tvm
160,20,10,10,128,32,2,1,[160; 20; 10; 10; 128; 32; 2; 1],0.009185062939650379,0.4977024764516833,tvm
80,5,300,10,64,32,2,1,[80; 5; 300; 10; 64; 32; 2; 1],0.014136025129118934,0.3233885430786227,tvm
32,16,750,6,160,32,2,1,[32; 16; 750; 6; 160; 32; 2; 1],0.014412061864277348,0.3171946258959383,tvm
128,4,750,10,64,32,2,0,[128; 4; 750; 10; 64; 32; 2; 0],0.015056911011924967,0.30360998798545286,tvm
128,16,30,6,64,32,2,1,[128; 16; 30; 6; 64; 32; 2; 1],0.02387306187301874,0.1914889927292982,tvm
32,4,20,5,160,80,5,1,[32; 4; 20; 5; 160; 80; 5; 1],0.013516750128474087,0.33820471104207966,tvm
20,2,100,5,160,32,2,1,[20; 2; 100; 5; 160; 32; 2; 1],0.0333331364672631,0.1371436671109012,tvm
80,2,300,4,160,32,2,0,[80; 2; 300; 4; 160; 32; 2; 0],0.008472504254314117,0.5395604928850694,tvm
64,8,12,4,64,64,4,1,[64; 8; 12; 4; 64; 64; 4; 1],0.01490926937549375,0.3066165387649775,tvm
128,8,100,5,64,32,2,1,[128; 8; 100; 5; 64; 32; 2; 1],0.015270827861968428,0.29935695777264226,tvm
160,20,30,10,32,32,2,1,[160; 20; 30; 10; 32; 32; 2; 1],0.011522356071509421,0.39674425465222735,tvm
160,4,150,5,32,32,2,1,[160; 4; 150; 5; 32; 32; 2; 1],0.007023768630460836,0.6508512469506895,tvm
160,4,100,10,160,32,2,0,[160; 4; 100; 10; 160; 32; 2; 0],0.011170645680977032,0.4092358402534826,tvm
64,1,300,4,160,80,5,1,[64; 1; 300; 4; 160; 80; 5; 1],0.013503912225132808,0.33852623559863315,tvm
40,8,20,5,64,64,4,1,[40; 8; 20; 5; 64; 64; 4; 1],0.01564008099376224,0.29228931571721417,tvm
20,4,50,5,160,80,5,0,[20; 4; 50; 5; 160; 80; 5; 0],0.008848416619002819,0.5166380346073435,tvm
256,1,30,6,160,32,2,0,[256; 1; 30; 6; 160; 32; 2; 0],0.006368547125020996,0.7178134167317637,tvm
64,32,100,4,160,32,2,1,[64; 32; 100; 4; 160; 32; 2; 1],0.008115525939501822,0.5632941851836645,tvm
40,5,150,5,160,32,2,1,[40; 5; 150; 5; 160; 32; 2; 1],0.007597059186082333,0.6017366008946384,tvm
16,4,15,5,160,80,5,1,[16; 4; 15; 5; 160; 80; 5; 1],0.01491459837416187,0.30650698441522495,tvm
160,20,500,4,160,32,2,1,[160; 20; 500; 4; 160; 32; 2; 1],0.03446262422949076,0.13264888190135724,tvm
16,4,100,5,160,80,5,1,[16; 4; 100; 5; 160; 80; 5; 1],0.01576704325270839,0.28993569042460215,tvm
80,16,300,12,32,32,2,1,[80; 16; 300; 12; 32; 32; 2; 1],0.03568072826601565,0.12812038300750322,tvm
40,2,500,5,32,32,2,1,[40; 2; 500; 5; 32; 32; 2; 1],0.008547983932658099,0.5347961118601484,tvm
160,20,300,12,80,16,1,1,[160; 20; 300; 12; 80; 16; 1; 1],0.007404929929180071,0.6173493355304113,tvm
40,5,300,12,32,32,2,0,[40; 5; 300; 12; 32; 32; 2; 0],0.015256788639817387,0.29963242457839334,tvm
64,1,10,10,32,32,2,0,[64; 1; 10; 10; 32; 32; 2; 0],0.015817552368389443,0.2890098584762289,tvm
256,128,5,5,64,32,2,0,[256; 128; 5; 5; 64; 32; 2; 0],0.009379250506754033,0.4873980674827556,tvm
128,2,1500,15,32,16,1,0,[128; 2; 1500; 15; 32; 16; 1; 0],0.027550869213882834,0.16592683649795836,tvm
16,1,150,10,64,32,2,1,[16; 1; 150; 10; 64; 32; 2; 1],0.018485143751604483,0.2473028412901457,tvm
32,32,20,10,64,32,2,1,[32; 32; 20; 10; 64; 32; 2; 1],0.025670044240541756,0.17808417190838832,tvm
20,20,6,3,64,64,4,1,[20; 20; 6; 3; 64; 64; 4; 1],0.008723920880584046,0.524010778410742,tvm
80,16,375,15,16,16,1,1,[80; 16; 375; 15; 16; 16; 1; 1],0.009670424056821503,0.4727226587549584,tvm
128,8,12,12,32,16,1,0,[128; 8; 12; 12; 32; 16; 1; 0],0.016085166251286864,0.2842015121269165,tvm
64,16,300,10,64,16,1,1,[64; 16; 300; 10; 64; 16; 1; 1],0.01613961101975292,0.28324279722935697,tvm
20,10,375,5,80,80,5,1,[20; 10; 375; 5; 80; 80; 5; 1],0.015195924002910033,0.3008325502650013,tvm
160,20,125,5,64,32,2,0,[160; 20; 125; 5; 64; 32; 2; 0],0.016101093497127295,0.28392037921177166,tvm
40,40,100,10,160,32,2,1,[40; 40; 100; 10; 160; 32; 2; 1],0.015850809373660013,0.28840347919552395,tvm
160,40,500,5,32,32,2,1,[160; 40; 500; 5; 32; 32; 2; 1],0.014052856131456792,0.3253024530149142,tvm
16,2,5,5,64,64,4,1,[16; 2; 5; 5; 64; 64; 4; 1],0.008829230253468268,0.5177607152823814,tvm
64,32,500,5,160,80,5,1,[64; 32; 500; 5; 160; 80; 5; 1],0.019803998759016395,0.23083361229495558,tvm
128,1,250,10,80,16,1,1,[128; 1; 250; 10; 80; 16; 1; 1],0.015889275644440204,0.28770528460359074,tvm
128,1,300,10,128,32,2,1,[128; 1; 300; 10; 128; 32; 2; 1],0.02008332675904967,0.22762307391969602,tvm
40,5,3,3,64,64,4,1,[40; 5; 3; 3; 64; 64; 4; 1],0.01804609876126051,0.25331949203569915,tvm
80,10,12,4,80,80,5,1,[80; 10; 12; 4; 80; 80; 5; 1],0.011575862488825805,0.3949104073965441,tvm
80,80,150,5,64,64,4,0,[80; 80; 150; 5; 64; 64; 4; 0],0.016117605118779466,0.2836295180170509,tvm
32,8,75,3,80,80,5,0,[32; 8; 75; 3; 80; 80; 5; 0],0.017712590633891523,0.25808921269153795,tvm
128,8,750,15,32,16,1,1,[128; 8; 750; 15; 32; 16; 1; 1],0.007830484624719247,0.5837989333377275,tvm
160,10,250,10,32,32,2,0,[160; 10; 250; 10; 32; 32; 2; 0],0.012546394253149629,0.36436194170137504,tvm
40,40,12,6,64,64,4,1,[40; 40; 12; 6; 64; 64; 4; 1],0.007863835446187295,0.5813230201358022,tvm
80,5,60,10,32,32,2,1,[80; 5; 60; 10; 32; 32; 2; 1],0.0063786413229536265,0.7166774772204583,tvm
80,16,60,10,64,32,2,0,[80; 16; 60; 10; 64; 32; 2; 0],0.013202462636400014,0.34625574768337974,tvm
256,8,500,4,160,32,2,0,[256; 8; 500; 4; 160; 32; 2; 0],0.013405753241386265,0.3410049766778975,tvm
160,2,6,6,64,32,2,1,[160; 2; 6; 6; 64; 32; 2; 1],0.015262450993759558,0.29952126125074646,tvm
160,8,1500,12,160,32,2,1,[160; 8; 1500; 12; 160; 32; 2; 1],0.013482098613167182,0.3390739604117658,tvm
160,4,50,10,128,32,2,1,[160; 4; 50; 10; 128; 32; 2; 1],0.00940121900930535,0.4862591294707378,tvm
160,32,30,6,128,32,2,1,[160; 32; 30; 6; 128; 32; 2; 1],0.014146880392218009,0.32314039877959577,tvm
80,10,375,5,80,80,5,1,[80; 10; 375; 5; 80; 80; 5; 1],0.006073452408600133,0.7526902762842655,tvm
80,8,1500,5,64,32,2,1,[80; 8; 1500; 5; 64; 32; 2; 1],0.016531366389244795,0.27653059425279664,tvm
20,4,100,5,160,80,5,1,[20; 4; 100; 5; 160; 80; 5; 1],0.013944628502940759,0.3278272038917717,tvm
20,1,60,5,160,80,5,0,[20; 1; 60; 5; 160; 80; 5; 0],0.017873693752335384,0.25576294607997674,tvm
160,20,20,5,160,32,2,0,[160; 20; 20; 5; 160; 32; 2; 0],0.012553796754218638,0.36414709118915495,tvm
256,2,12,12,32,32,2,0,[256; 2; 12; 12; 32; 32; 2; 0],0.018990788143128157,0.24071821227086615,tvm
160,1,250,10,32,32,2,1,[160; 1; 250; 10; 32; 32; 2; 1],0.006799340306315571,0.6723341332367785,tvm
160,4,12,6,160,32,2,0,[160; 4; 12; 6; 160; 32; 2; 0],0.006523056435980834,0.7008108263808379,tvm
32,8,12,12,32,32,2,1,[32; 8; 12; 12; 32; 32; 2; 1],0.006814365624450147,0.6708516718014292,tvm
128,64,60,12,32,32,2,1,[128; 64; 60; 12; 32; 32; 2; 1],0.007965765878907405,0.5738843748261899,tvm
80,4,375,3,160,80,5,1,[80; 4; 375; 3; 160; 80; 5; 1],0.013109759107464924,0.3487042388769387,tvm
256,4,150,6,64,32,2,0,[256; 4; 150; 6; 64; 32; 2; 0],0.01532303774729371,0.2983369646946121,tvm
32,16,30,3,80,80,5,1,[32; 16; 30; 3; 80; 80; 5; 1],0.02166281663812697,0.2110265090543568,tvm
160,4,100,10,160,32,2,0,[160; 4; 100; 10; 160; 32; 2; 0],0.023499374772654846,0.19453405103986576,tvm
40,4,20,5,160,80,5,0,[40; 4; 20; 5; 160; 80; 5; 0],0.008506078433129005,0.5374308040264505,tvm
80,1,60,5,160,80,5,1,[80; 1; 60; 5; 160; 80; 5; 1],0.008576974752941169,0.5329884607461346,tvm
256,8,375,5,64,32,2,0,[256; 8; 375; 5; 64; 32; 2; 0],0.009035606883116998,0.5059348675261948,tvm
160,8,1500,10,32,32,2,1,[160; 8; 1500; 10; 32; 32; 2; 1],0.012070015058270656,0.37874257400334577,tvm
40,1,300,12,32,32,2,1,[40; 1; 300; 12; 32; 32; 2; 1],0.02335490024415776,0.1957374479718498,tvm
160,8,60,5,160,32,2,0,[160; 8; 60; 5; 160; 32; 2; 0],0.01835681573720649,0.2490316750395319,tvm
64,1,300,3,160,80,5,0,[64; 1; 300; 3; 160; 80; 5; 0],0.021290866512572393,0.2147131291593564,tvm
80,10,60,5,32,32,2,0,[80; 10; 60; 5; 32; 32; 2; 0],0.01682729198364541,0.2716675134579933,tvm
40,5,500,10,32,32,2,1,[40; 5; 500; 10; 32; 32; 2; 1],0.007066192192723975,0.646943706984895,tvm
80,80,15,3,160,80,5,1,[80; 80; 15; 3; 160; 80; 5; 1],0.01547241976368241,0.2954566022154365,tvm
64,8,12,12,32,32,2,1,[64; 8; 12; 12; 32; 32; 2; 1],0.009735007624840364,0.4695865424659629,tvm
160,20,6,6,160,32,2,1,[160; 20; 6; 6; 160; 32; 2; 1],0.006244492193218321,0.7320737107163431,tvm
160,4,300,5,160,32,2,0,[160; 4; 300; 5; 160; 32; 2; 0],0.026925751240924,0.16977905390734405,tvm
64,1,12,12,160,32,2,0,[64; 1; 12; 12; 160; 32; 2; 0],0.026922940276563168,0.16979678016104618,tvm
16,4,100,5,160,80,5,1,[16; 4; 100; 5; 160; 80; 5; 1],0.014956033264752477,0.3056578232011728,tvm
64,8,300,4,160,32,2,1,[64; 8; 300; 4; 160; 32; 2; 1],0.014964498608605936,0.3054849140618442,tvm
40,10,30,5,64,64,4,0,[40; 10; 30; 5; 64; 64; 4; 0],0.00944347443873994,0.48408333194350717,tvm
16,4,30,10,32,32,2,1,[16; 4; 30; 10; 32; 32; 2; 1],0.007976946493727155,0.5730800093774496,tvm
64,1,125,5,64,32,2,0,[64; 1; 125; 5; 64; 32; 2; 0],0.019672949507366866,0.23237128574526783,tvm
64,1,300,5,64,64,4,1,[64; 1; 300; 5; 64; 64; 4; 1],0.010853326122742146,0.4212007010320609,tvm
80,1,500,5,80,80,5,1,[80; 1; 500; 5; 80; 80; 5; 1],0.012708525522612035,0.3597135295746715,tvm
80,20,12,4,32,32,2,1,[80; 20; 12; 4; 32; 32; 2; 1],0.01598095113877207,0.28605484940990983,tvm
160,1,500,10,64,16,1,1,[160; 1; 500; 10; 64; 16; 1; 1],0.02913530927617103,0.1569033823563156,tvm
160,2,25,5,128,32,2,0,[160; 2; 25; 5; 128; 32; 2; 0],0.03126030048588291,0.14623751212797906,tvm
160,40,25,5,128,32,2,1,[160; 40; 25; 5; 128; 32; 2; 1],0.010573962063062936,0.4323288228352482,tvm
80,80,500,4,64,64,4,1,[80; 80; 500; 4; 64; 64; 4; 1],0.015486306248931214,0.2951916679126805,tvm
32,16,100,5,80,80,5,0,[32; 16; 100; 5; 80; 80; 5; 0],0.012997940240893513,0.3517040767002572,tvm
160,16,300,12,16,16,1,1,[160; 16; 300; 12; 16; 16; 1; 1],0.01832386275054887,0.24947952479570062,tvm
160,80,100,10,160,32,2,1,[160; 80; 100; 10; 160; 32; 2; 1],0.014373275014804676,0.3180505881032636,tvm
32,1,12,4,160,80,5,1,[32; 1; 12; 4; 160; 80; 5; 1],0.022142028756206855,0.20645933675554046,tvm
128,64,12,6,160,32,2,1,[128; 64; 12; 6; 160; 32; 2; 1],0.014391200238605961,0.3176544343511542,tvm
160,2,300,15,80,16,1,1,[160; 2; 300; 15; 80; 16; 1; 1],0.015459611488040537,0.29570138777193733,tvm
64,1,125,5,160,32,2,1,[64; 1; 125; 5; 160; 32; 2; 1],0.007413455125060864,0.6166394069042187,tvm
80,1,150,5,160,32,2,1,[80; 1; 150; 5; 160; 32; 2; 1],0.014563763368641958,0.31389061025748105,tvm
160,1,375,5,64,32,2,1,[160; 1; 375; 5; 64; 32; 2; 1],0.008738565753446892,0.5231325941131003,tvm
128,1,50,5,64,64,4,0,[128; 1; 50; 5; 64; 64; 4; 0],0.015499695495236665,0.294936669745122,tvm
160,4,30,5,128,32,2,1,[160; 4; 30; 5; 128; 32; 2; 1],0.009781866814591922,0.4673370286139274,tvm
160,1,75,5,64,32,2,1,[160; 1; 75; 5; 64; 32; 2; 1],0.01771268548327498,0.25808783065363494,tvm
128,4,12,3,64,64,4,1,[128; 4; 12; 3; 64; 64; 4; 1],0.008204627942177467,0.5571768279617244,tvm
40,1,20,5,160,80,5,0,[40; 1; 20; 5; 160; 80; 5; 0],0.022778601880418137,0.20068960313839315,tvm
20,2,20,5,160,80,5,0,[20; 2; 20; 5; 160; 80; 5; 0],0.009870787805994041,0.46312702301761255,tvm
128,8,75,5,64,32,2,1,[128; 8; 75; 5; 64; 32; 2; 1],0.008129189372994006,0.5623474078012406,tvm
128,2,150,5,64,64,4,0,[128; 2; 150; 5; 64; 64; 4; 0],0.02570653473958373,0.17783138092079528,tvm
32,8,300,3,64,64,4,1,[32; 8; 300; 3; 64; 64; 4; 1],0.016593184263911098,0.275500380079011,tvm
40,8,500,10,64,32,2,1,[40; 8; 500; 10; 64; 32; 2; 1],0.014032432227395475,0.325775923756381,tvm
128,128,20,10,64,32,2,1,[128; 128; 20; 10; 64; 32; 2; 1],0.02233955165138468,0.2046338549119995,tvm
80,10,20,5,32,32,2,0,[80; 10; 20; 5; 32; 32; 2; 0],0.01628306688508019,0.28074739259452836,tvm
64,32,300,12,160,32,2,0,[64; 32; 300; 12; 160; 32; 2; 0],0.024314079608302563,0.18801569481855113,tvm
40,2,100,10,160,32,2,1,[40; 2; 100; 10; 160; 32; 2; 1],0.006864415743621066,0.6659603296430128,tvm
80,5,15,5,64,64,4,0,[80; 5; 15; 5; 64; 64; 4; 0],0.008023594680707902,0.5697481930910855,tvm
256,16,60,6,32,32,2,0,[256; 16; 60; 6; 32; 32; 2; 0],0.013374278758419678,0.34180748390268617,tvm
256,1,15,5,160,32,2,1,[256; 1; 15; 5; 160; 32; 2; 1],0.019047848996706307,0.23999710267647797,tvm
80,40,30,6,160,32,2,0,[80; 40; 30; 6; 160; 32; 2; 0],0.014476088137598708,0.31579170615542274,tvm
64,8,30,5,160,32,2,1,[64; 8; 30; 5; 160; 32; 2; 1],0.0135347249743063,0.33775555691798403,tvm
128,8,10,5,160,32,2,0,[128; 8; 10; 5; 160; 32; 2; 0],0.013342245627427474,0.34262812266258597,tvm
64,32,25,5,32,32,2,1,[64; 32; 25; 5; 32; 32; 2; 1],0.02285538424621336,0.20001538902965316,tvm
160,16,250,10,64,32,2,1,[160; 16; 250; 10; 64; 32; 2; 1],0.0065324474417138845,0.6998033451041727,tvm
64,8,1500,12,64,32,2,1,[64; 8; 1500; 12; 64; 32; 2; 1],0.007550010253908113,0.605486405672398,tvm
256,8,60,4,160,32,2,0,[256; 8; 60; 4; 160; 32; 2; 0],0.027879070257768035,0.16397349442292897,tvm
256,32,30,5,160,32,2,0,[256; 32; 30; 5; 160; 32; 2; 0],0.011947440929361619,0.3826282631114741,tvm
64,16,60,3,160,80,5,0,[64; 16; 60; 3; 160; 80; 5; 0],0.022318167000776157,0.20482992941443587,tvm
64,4,60,6,64,64,4,1,[64; 4; 60; 6; 64; 64; 4; 1],0.014259275019867346,0.3205933376738462,tvm
256,64,300,6,160,32,2,1,[256; 64; 300; 6; 160; 32; 2; 1],0.028286208980716765,0.1616133351254316,tvm
32,8,50,5,80,80,5,1,[32; 8; 50; 5; 80; 80; 5; 1],0.024935483234003186,0.1833302578710309,tvm
160,10,125,5,64,32,2,1,[160; 10; 125; 5; 64; 32; 2; 1],0.007821495746611618,0.5844698660622528,tvm
256,1,500,4,160,32,2,0,[256; 1; 500; 4; 160; 32; 2; 0],0.015058419870911166,0.3035795661574922,tvm
80,8,60,5,160,80,5,1,[80; 8; 60; 5; 160; 80; 5; 1],0.0059647691596182995,0.7664049436107783,tvm
64,4,10,10,64,32,2,1,[64; 4; 10; 10; 64; 32; 2; 1],0.007274461560882628,0.6284215722591445,tvm
80,16,75,3,160,80,5,1,[80; 16; 75; 3; 160; 80; 5; 1],0.012739394878735766,0.3588418928012876,tvm
160,8,750,5,160,32,2,1,[160; 8; 750; 5; 160; 32; 2; 1],0.027052764722611755,0.16898193653410934,tvm
256,4,250,5,32,32,2,1,[256; 4; 250; 5; 32; 32; 2; 1],0.01349028488039039,0.3388682012248418,tvm
128,4,100,10,160,32,2,1,[128; 4; 100; 10; 160; 32; 2; 1],0.03319429775001481,0.1377172852354297,tvm
128,8,15,5,32,32,2,1,[128; 8; 15; 5; 32; 32; 2; 1],0.014929696248145774,0.306197024738285,tvm
32,16,150,6,160,32,2,1,[32; 16; 150; 6; 160; 32; 2; 1],0.025658561498858035,0.17816386829137046,tvm
64,8,75,5,160,32,2,1,[64; 8; 75; 5; 160; 32; 2; 1],0.014776856638491154,0.3093640740562368,tvm
32,16,150,10,160,32,2,1,[32; 16; 150; 10; 160; 32; 2; 1],0.01368523939163424,0.3340408187688026,tvm
80,8,150,10,160,32,2,0,[80; 8; 150; 10; 160; 32; 2; 0],0.0193185209936928,0.23663450079439688,tvm
160,8,60,10,64,32,2,1,[160; 8; 60; 10; 64; 32; 2; 1],0.0175134826276917,0.2610233880153791,tvm
80,8,250,5,80,80,5,1,[80; 8; 250; 5; 80; 80; 5; 1],0.01755506100016646,0.26040516585987505,tvm
128,16,12,12,32,32,2,1,[128; 16; 12; 12; 32; 32; 2; 1],0.013031890382990241,0.35078783177883294,tvm
