i1,i2,i3,j1,j2,j3,k1,ku,nvr,pack_c,X,time,peak,backend
4,2,2,512,256,64,256,2,4,1,[4; 2; 2; 512; 256; 64; 256; 2; 4; 1],0.10340281389653683,0.17683961970329623,tvm
1500,100,2,512,512,32,10,5,2,1,[1500; 100; 2; 512; 512; 32; 10; 5; 2; 1],0.05085384496487677,0.3595738787960612,tvm
1500,100,4,2560,320,64,1280,64,4,0,[1500; 100; 4; 2560; 320; 64; 1280; 64; 4; 0],0.23534150910563767,0.07769863614457569,tvm
50,10,1,2560,64,32,160,16,2,1,[50; 10; 1; 2560; 64; 32; 160; 16; 2; 1],0.11119263502769172,0.16445076853480775,tvm
500,100,5,5120,128,32,640,20,2,1,[500; 100; 5; 5120; 128; 32; 640; 20; 2; 1],0.12597902421839535,0.1451488801343186,tvm
12,4,2,2560,32,32,320,64,2,1,[12; 4; 2; 2560; 32; 32; 320; 64; 2; 1],0.10326705407351255,0.1770721015503867,tvm
300,150,6,1024,64,64,16,2,4,0,[300; 150; 6; 1024; 64; 64; 16; 2; 4; 0],0.04636222549015656,0.3944097612310832,tvm
250,2,2,128,128,128,320,1,8,0,[250; 2; 2; 128; 128; 128; 320; 1; 8; 0],0.10297014494426548,0.17758267986911908,tvm
300,3,3,1024,128,32,64,8,2,1,[300; 3; 3; 1024; 128; 32; 64; 8; 2; 1],0.09394595155026764,0.19464079062449172,tvm
300,30,3,1280,32,16,128,1,1,1,[300; 30; 3; 1280; 32; 16; 128; 1; 1; 1],0.06920244451612234,0.26423509188976985,tvm
1500,150,3,2560,160,80,10,5,5,0,[1500; 150; 3; 2560; 160; 80; 10; 5; 5; 0],0.21173735801130533,0.08636035916126787,tvm
750,30,6,64,64,32,80,40,2,0,[750; 30; 6; 64; 64; 32; 80; 40; 2; 0],0.03372552653308958,0.5421921068533468,tvm
1500,1500,10,1280,256,32,320,1,2,0,[1500; 1500; 10; 1280; 256; 32; 320; 1; 2; 0],0.10665400815196335,0.17144891788464559,tvm
1500,750,3,80,16,16,160,16,1,1,[1500; 750; 3; 80; 16; 16; 160; 16; 1; 1],0.05700209550559521,0.32079021171983757,tvm
750,10,2,80,16,16,80,10,1,1,[750; 10; 2; 80; 16; 16; 80; 10; 1; 1],0.0945865745889023,0.19332251289560626,tvm
500,20,1,512,256,32,80,8,2,1,[500; 20; 1; 512; 256; 32; 80; 8; 2; 1],0.0999015960842371,0.18303725868699594,tvm
10,1,1,5120,5120,80,8,4,5,0,[10; 1; 1; 5120; 5120; 80; 8; 4; 5; 0],0.1635186648927629,0.11182646517879921,tvm
300,150,6,1024,64,64,16,2,4,0,[300; 150; 6; 1024; 64; 64; 16; 2; 4; 0],0.046345225477125496,0.3945544357042674,tvm
375,15,3,1280,256,32,40,5,2,0,[375; 15; 3; 1280; 256; 32; 40; 5; 2; 0],0.04252083948813379,0.4300412340357779,tvm
1500,6,1,5120,128,32,10,5,2,1,[1500; 6; 1; 5120; 128; 32; 10; 5; 2; 1],0.6488713070284575,0.028180802707172766,tvm
150,75,25,512,512,16,640,16,1,1,[150; 75; 25; 512; 512; 16; 640; 16; 1; 1],0.16610984597355127,0.11008206153310032,tvm
250,1,1,5120,64,16,640,20,1,1,[250; 1; 1; 5120; 64; 16; 640; 20; 1; 1],0.2940882849507034,0.06217763583741336,tvm
20,10,2,1280,1280,32,256,1,2,0,[20; 10; 2; 1280; 1280; 32; 256; 1; 2; 0],0.0851079155690968,0.21485327379294836,tvm
50,25,1,5120,640,160,64,64,10,0,[50; 25; 1; 5120; 640; 160; 64; 64; 10; 0],0.07037386542651802,0.25983671885705356,tvm
10,5,5,256,128,16,80,4,1,0,[10; 5; 5; 256; 128; 16; 80; 4; 1; 0],0.05758845608215779,0.31752395409988454,tvm
300,60,30,512,512,16,128,8,1,1,[300; 60; 30; 512; 512; 16; 128; 8; 1; 1],0.07366615848150104,0.24822407822862344,tvm
300,20,10,5120,1280,16,320,20,1,1,[300; 20; 10; 5120; 1280; 16; 320; 20; 1; 1],0.08566657651681453,0.2134521423547863,tvm
1500,300,5,2560,2560,32,20,5,2,0,[1500; 300; 5; 2560; 2560; 32; 20; 5; 2; 0],0.13317899499088526,0.13730178912196894,tvm
1500,500,2,640,640,128,40,8,8,0,[1500; 500; 2; 640; 640; 128; 40; 8; 8; 0],0.04240314301569015,0.43123487989907133,tvm
250,250,5,640,160,16,64,32,1,1,[250; 250; 5; 640; 160; 16; 64; 32; 1; 1],0.03605923999566585,0.5071020434127881,tvm
500,4,4,5120,32,16,5,5,1,1,[500; 4; 4; 5120; 32; 16; 5; 5; 1; 1],0.17399514210410416,0.10509324607909824,tvm
750,15,15,32,16,16,1280,16,1,0,[750; 15; 15; 32; 16; 16; 1280; 16; 1; 0],0.058833642047829926,0.3108037110952364,tvm
50,1,1,128,128,32,256,16,2,1,[50; 1; 1; 128; 128; 32; 256; 16; 2; 1],0.20411540498025715,0.08958517505076578,tvm
1500,5,5,5120,128,32,320,20,2,1,[1500; 5; 5; 5120; 128; 32; 320; 20; 2; 1],0.4247140260413289,0.043054180376738735,tvm
750,375,3,1024,512,32,40,2,2,1,[750; 375; 3; 1024; 512; 32; 40; 2; 2; 1],0.05629174748901278,0.3248382773919633,tvm
60,30,15,512,32,16,32,1,1,1,[60; 30; 15; 512; 32; 16; 32; 1; 1; 1],0.042126049229409546,0.4340714265924668,tvm
300,75,5,256,128,32,16,16,2,1,[300; 75; 5; 256; 128; 32; 16; 16; 2; 1],0.036628140951506793,0.4992258359473758,tvm
1500,750,2,1280,16,16,640,16,1,0,[1500; 750; 2; 1280; 16; 16; 640; 16; 1; 0],0.4055754460860044,0.04508585138025517,tvm
750,30,10,512,256,16,1280,16,1,0,[750; 30; 10; 512; 256; 16; 1280; 16; 1; 0],0.06194290448911488,0.295202726390197,tvm
300,10,5,1024,64,64,40,5,4,0,[300; 10; 5; 1024; 64; 64; 40; 5; 4; 0],0.048906857206020504,0.37388855735885007,tvm
125,125,1,128,64,64,5,1,4,1,[125; 125; 1; 128; 64; 64; 5; 1; 4; 1],0.03055001248139888,0.5985501412429206,tvm
25,25,1,5120,640,64,32,1,4,0,[25; 25; 1; 5120; 640; 64; 32; 1; 4; 0],0.08114057953935117,0.2253584382749715,tvm
30,30,1,1280,1280,64,128,32,4,0,[30; 30; 1; 1280; 1280; 64; 128; 32; 4; 0],0.07648518297355622,0.23907525058855308,tvm
60,20,2,2560,16,16,32,2,1,0,[60; 20; 2; 2560; 16; 16; 32; 2; 1; 0],0.06966654153075069,0.26247483919727815,tvm
1500,75,5,1280,64,16,320,32,1,1,[1500; 75; 5; 1280; 64; 16; 320; 32; 1; 1],0.1212024400010705,0.15086919277823765,tvm
750,75,1,2560,1280,80,80,2,5,1,[750; 75; 1; 2560; 1280; 80; 80; 2; 5; 1],0.12117730593308806,0.15090048540781498,tvm
150,30,3,5120,5120,64,32,1,4,1,[150; 30; 3; 5120; 5120; 64; 32; 1; 4; 1],0.053768236422911286,0.34008395108757045,tvm
250,50,1,1024,1024,128,640,5,8,1,[250; 50; 1; 1024; 1024; 128; 640; 5; 8; 1],0.21677348716184497,0.08435401637499153,tvm
150,75,25,512,512,16,640,16,1,1,[150; 75; 25; 512; 512; 16; 640; 16; 1; 1],0.16700097895227373,0.10949465326751204,tvm
750,15,5,1024,256,32,1280,4,2,1,[750; 15; 5; 1024; 256; 32; 1280; 4; 2; 1],0.0822515869513154,0.22231442533184892,tvm
300,2,1,320,32,32,4,4,2,1,[300; 2; 1; 320; 32; 32; 4; 4; 2; 1],0.1193522100802511,0.15320800740446427,tvm
750,250,1,320,160,32,16,8,2,1,[750; 250; 1; 320; 160; 32; 16; 8; 2; 1],0.05948064348194748,0.30742293988907576,tvm
300,60,10,512,128,16,32,4,1,0,[300; 60; 10; 512; 128; 16; 32; 4; 1; 0],0.04057794495020062,0.4506318471316247,tvm
1500,30,5,80,16,16,16,2,1,1,[1500; 30; 5; 80; 16; 16; 16; 2; 1; 1],0.04145529103698209,0.44109482356309304,tvm
1500,750,3,512,16,16,4,4,1,1,[1500; 750; 3; 512; 16; 16; 4; 4; 1; 1],0.09471186203882098,0.193066780570941,tvm
75,75,25,1024,128,16,10,5,1,0,[75; 75; 25; 1024; 128; 16; 10; 5; 1; 0],0.04877341823885217,0.37491147731671925,tvm
750,2,2,2560,2560,160,2,2,10,0,[750; 2; 2; 2560; 2560; 160; 2; 2; 10; 0],0.17691741092130542,0.10335734730963224,tvm
75,5,1,128,64,64,32,16,4,0,[75; 5; 1; 128; 64; 64; 32; 16; 4; 0],0.16756144003011286,0.10912841452322275,tvm
1500,150,3,2560,160,80,10,5,5,0,[1500; 150; 3; 2560; 160; 80; 10; 5; 5; 0],0.21268501691520214,0.08597556400978086,tvm
250,10,10,5120,1280,32,1280,10,2,1,[250; 10; 10; 5120; 1280; 32; 1280; 10; 2; 1],0.05625924444757402,0.32502594845108684,tvm
30,6,1,1024,128,128,320,16,8,1,[30; 6; 1; 1024; 128; 128; 320; 16; 8; 1],0.1692886739037931,0.1080149892136675,tvm
1500,150,6,1024,1024,16,160,5,1,1,[1500; 150; 6; 1024; 1024; 16; 160; 5; 1; 1],0.053090092027559876,0.3444280012967748,tvm
750,30,1,2560,320,160,64,32,10,0,[750; 30; 1; 2560; 320; 160; 64; 32; 10; 0],0.11949379602447152,0.15302647412732204,tvm
750,75,3,1280,256,16,640,5,1,0,[750; 75; 3; 1280; 256; 16; 640; 5; 1; 0],0.0788382034515962,0.23193976378395093,tvm
1500,60,6,320,160,32,64,16,2,1,[1500; 60; 6; 320; 160; 32; 64; 16; 2; 1],0.025095846271142364,0.7286350931604556,tvm
75,75,3,64,64,16,8,8,1,1,[75; 75; 3; 64; 64; 16; 8; 8; 1; 1],0.033030545455403626,0.5536001308365569,tvm
50,25,5,64,16,16,64,8,1,1,[50; 25; 5; 64; 16; 16; 64; 8; 1; 1],0.0396635722136125,0.46102035861103424,tvm
1500,50,5,640,640,80,2,2,5,0,[1500; 50; 5; 640; 640; 80; 2; 2; 5; 0],0.1894318510312587,0.09652924883628418,tvm
1500,300,5,1024,128,32,40,10,2,0,[1500; 300; 5; 1024; 128; 32; 40; 10; 2; 0],0.052552301553077996,0.34795268228634396,tvm
1500,1500,15,320,160,16,64,4,1,1,[1500; 1500; 15; 320; 160; 16; 64; 4; 1; 1],0.029300837020855397,0.6240679838838427,tvm
500,25,25,640,640,16,8,2,1,0,[500; 25; 25; 640; 640; 16; 8; 2; 1; 0],0.0461752595147118,0.39600674642420397,tvm
100,100,4,640,64,64,2,1,4,0,[100; 100; 4; 640; 64; 64; 2; 1; 4; 0],0.1657520360313356,0.11031969635810299,tvm
1500,500,5,640,640,32,4,4,2,1,[1500; 500; 5; 640; 640; 32; 4; 4; 2; 1],0.05237600801046938,0.34912386377478744,tvm
300,75,3,320,64,64,32,1,4,0,[300; 75; 3; 320; 64; 64; 32; 1; 4; 0],0.03672414651373401,0.497920742116521,tvm
150,150,30,1024,64,16,64,32,1,0,[150; 150; 30; 1024; 64; 16; 64; 32; 1; 0],0.45974986418150365,0.03977318039727644,tvm
60,20,20,1024,16,16,8,1,1,0,[60; 20; 20; 1024; 16; 16; 8; 1; 1; 0],0.06805228453595191,0.2687009614799041,tvm
750,150,6,640,640,16,8,4,1,0,[750; 150; 6; 640; 640; 16; 8; 4; 1; 0],0.04555610800161958,0.4013888606345434,tvm
300,20,5,512,64,16,16,4,1,1,[300; 20; 5; 512; 64; 16; 16; 4; 1; 1],0.0625668519642204,0.2922588193532765,tvm
375,25,25,1024,32,16,2,2,1,1,[375; 25; 25; 1024; 32; 16; 2; 2; 1; 1],0.09050303802359849,0.20204530903091145,tvm
100,50,5,512,16,16,64,8,1,0,[100; 50; 5; 512; 16; 16; 64; 8; 1; 0],0.04912952601443976,0.3721939894217562,tvm
150,15,15,320,64,16,8,4,1,1,[150; 15; 15; 320; 64; 16; 8; 4; 1; 1],0.057008966454304755,0.3207515488001542,tvm
300,15,15,640,16,16,32,1,1,1,[300; 15; 15; 640; 16; 16; 32; 1; 1; 1],0.054393306956626475,0.3361758147982328,tvm
50,25,5,640,64,16,10,5,1,1,[50; 25; 5; 640; 64; 16; 10; 5; 1; 1],0.046903945796657354,0.38985449891547147,tvm
1500,100,5,320,320,64,2,2,4,0,[1500; 100; 5; 320; 320; 64; 2; 2; 4; 0],0.0760702540865168,0.24037929812772071,tvm
1500,1500,25,64,16,16,64,4,1,0,[1500; 1500; 25; 64; 16; 16; 64; 4; 1; 0],0.041104369796812534,0.44486059210016804,tvm
50,50,5,640,320,64,10,2,4,1,[50; 50; 5; 640; 320; 64; 10; 2; 4; 1],0.03330619778716937,0.5490183659678662,tvm
1500,750,5,640,64,32,40,40,2,1,[1500; 750; 5; 640; 64; 32; 40; 40; 2; 1],0.04071027797181159,0.4491670211236482,tvm
250,250,10,640,320,16,40,40,1,1,[250; 250; 10; 640; 320; 16; 40; 40; 1; 1],0.03038962127175182,0.6017091862448275,tvm
500,100,5,640,640,16,4,1,1,0,[500; 100; 5; 640; 640; 16; 4; 1; 1; 0],0.039897774753626436,0.4583141390373467,tvm
500,25,5,128,64,32,8,4,2,1,[500; 25; 5; 128; 64; 32; 8; 4; 2; 1],0.041374666034244,0.44195436576043906,tvm
1500,150,10,512,32,16,20,20,1,1,[1500; 150; 10; 512; 32; 16; 20; 20; 1; 1],0.0913614530581981,0.200146929297043,tvm
1500,300,5,512,16,16,10,2,1,1,[1500; 300; 5; 512; 16; 16; 10; 2; 1; 1],0.06262950203381479,0.2919664645559772,tvm
300,150,25,160,160,16,64,1,1,1,[300; 150; 25; 160; 160; 16; 64; 1; 1; 1],0.037510078225750476,0.48748803390021295,tvm
30,30,10,320,320,32,4,1,2,1,[30; 30; 10; 320; 320; 32; 4; 1; 2; 1],0.03853713354328647,0.47449596283997175,tvm
250,250,5,1024,16,16,40,40,1,0,[250; 250; 5; 1024; 16; 16; 40; 40; 1; 0],0.051580550032667816,0.3545079351448034,tvm
1500,1500,5,640,80,16,40,2,1,0,[1500; 1500; 5; 640; 80; 16; 40; 2; 1; 0],0.04638048500055447,0.39425448624557685,tvm
1500,1500,10,320,80,16,20,10,1,1,[1500; 1500; 10; 320; 80; 16; 20; 10; 1; 1],0.03560450876830146,0.5135786145712529,tvm
750,50,10,512,64,16,4,2,1,1,[750; 50; 10; 512; 64; 16; 4; 2; 1; 1],0.05010046798270196,0.3649809078036505,tvm
150,150,5,512,256,64,20,4,4,1,[150; 150; 5; 512; 256; 64; 20; 4; 4; 1],0.027391029987484217,0.6675803828505017,tvm
1500,150,10,512,128,32,20,1,2,1,[1500; 150; 10; 512; 128; 32; 20; 1; 2; 1],0.04548568045720458,0.4020103492332821,tvm
1500,60,12,512,32,32,20,4,2,0,[1500; 60; 12; 512; 32; 32; 20; 4; 2; 0],0.06494605948682874,0.2815523286585645,tvm
250,50,25,32,32,16,64,1,1,0,[250; 50; 25; 32; 32; 16; 64; 1; 1; 0],0.04647002276033163,0.3934948424712971,tvm
300,75,5,64,64,32,64,8,2,0,[300; 75; 5; 64; 64; 32; 64; 8; 2; 0],0.029741931706666946,0.6148125974485835,tvm
750,30,10,512,32,32,20,1,2,1,[750; 30; 10; 512; 32; 32; 20; 1; 2; 1],0.04679130349541083,0.39079300895106933,tvm
375,25,5,32,32,16,16,2,1,0,[375; 25; 5; 32; 32; 16; 16; 2; 1; 0],0.09391362045425922,0.19470779847764866,tvm
1500,300,5,128,32,32,10,5,2,0,[1500; 300; 5; 128; 32; 32; 10; 5; 2; 0],0.06538435444235802,0.2796649816560433,tvm
150,75,25,1024,64,16,40,5,1,1,[150; 75; 25; 1024; 64; 16; 40; 5; 1; 1],0.041399202251341194,0.4416924310448975,tvm
750,150,6,512,32,16,32,2,1,0,[750; 150; 6; 512; 32; 16; 32; 2; 1; 0],0.046615841740276664,0.39226395154665206,tvm
150,30,6,640,64,32,40,40,2,0,[150; 30; 6; 640; 64; 32; 40; 40; 2; 0],0.05583973554894328,0.3274677808903113,tvm
1500,100,20,32,32,16,32,32,1,0,[1500; 100; 20; 32; 32; 16; 32; 32; 1; 0],0.32466516294516623,0.05632176276579025,tvm
750,150,5,128,64,16,40,4,1,1,[750; 150; 5; 128; 64; 16; 40; 4; 1; 1],0.03778856445569545,0.4838954469189497,tvm
50,50,10,640,64,32,16,16,2,0,[50; 50; 10; 640; 64; 32; 16; 16; 2; 0],0.0678848884999752,0.2693635459933173,tvm
1500,60,6,256,128,64,5,1,4,0,[1500; 60; 6; 256; 128; 64; 5; 1; 4; 0],0.0837812180398032,0.21825553165181982,tvm
750,125,5,64,64,64,20,10,4,0,[750; 125; 5; 64; 64; 64; 20; 10; 4; 0],0.03460667125182226,0.5283869735015738,tvm
60,60,10,512,128,32,20,5,2,0,[60; 60; 10; 512; 128; 32; 20; 5; 2; 0],0.03358640102669597,0.5444380382161217,tvm
300,60,6,160,160,16,40,8,1,0,[300; 60; 6; 160; 160; 16; 40; 8; 1; 0],0.0385569540085271,0.47425204495329926,tvm
375,75,15,640,128,16,20,4,1,0,[375; 75; 15; 640; 128; 16; 20; 4; 1; 0],0.03644095023628324,0.5017902707572018,tvm
300,30,6,32,32,16,32,16,1,0,[300; 30; 6; 32; 32; 16; 32; 16; 1; 0],0.047917618532665074,0.38160732619149373,tvm
300,150,30,512,64,16,40,2,1,1,[300; 150; 30; 512; 64; 16; 40; 2; 1; 1],0.03870604425901547,0.47242529263256217,tvm
375,125,5,512,128,64,16,2,4,1,[375; 125; 5; 512; 128; 64; 16; 2; 4; 1],0.028593173483386636,0.6395132843977166,tvm
300,75,5,80,80,80,16,16,5,0,[300; 75; 5; 80; 80; 80; 16; 16; 5; 0],0.03317920002155006,0.5511198061989928,tvm
250,125,5,320,32,32,40,20,2,0,[250; 125; 5; 320; 32; 32; 40; 20; 2; 0],0.03516157326521352,0.5200482398153935,tvm
300,150,5,128,128,32,20,10,2,0,[300; 150; 5; 128; 128; 32; 20; 10; 2; 0],0.0345117895049043,0.5298396445978495,tvm
125,125,25,512,32,16,10,1,1,0,[125; 125; 25; 512; 32; 16; 10; 1; 1; 0],0.05096649250481278,0.35877913874468725,tvm
300,75,15,160,16,16,32,32,1,0,[300; 75; 15; 160; 16; 16; 32; 32; 1; 0],0.042521084018517286,0.43003876095329874,tvm
300,150,6,256,32,16,4,1,1,1,[300; 150; 6; 256; 32; 16; 4; 1; 1; 1],0.04263208224438131,0.4289190985533964,tvm
300,100,10,64,64,32,20,20,2,0,[300; 100; 10; 64; 64; 32; 20; 20; 2; 0],0.06369360547978431,0.2870886982762812,tvm
150,75,25,64,16,16,16,2,1,1,[150; 75; 25; 64; 16; 16; 16; 2; 1; 1],0.03949504648335278,0.46298753676417986,tvm
500,500,1,64,32,32,32,1,2,0,[500; 500; 1; 64; 32; 32; 32; 1; 2; 0],0.06749594991561025,0.27091572618174564,tvm
300,150,5,1024,512,32,32,8,2,0,[300; 150; 5; 1024; 512; 32; 32; 8; 2; 0],0.03496235847705975,0.5230114638207917,tvm
250,125,25,320,16,16,16,16,1,0,[250; 125; 25; 320; 16; 16; 16; 16; 1; 0],0.23584083397872746,0.0775341317159845,tvm
30,30,1,512,128,16,40,10,1,0,[30; 30; 1; 512; 128; 16; 40; 10; 1; 0],0.1344141149893403,0.1360401345287616,tvm
100,100,5,64,64,64,128,32,4,0,[100; 100; 5; 64; 64; 64; 128; 32; 4; 0],0.025754743546713144,0.7099940347900663,tvm
500,500,1,640,64,32,32,1,2,0,[500; 500; 1; 640; 64; 32; 32; 1; 2; 0],0.07024576794356108,0.26031054711233187,tvm
1500,30,6,512,256,16,80,8,1,1,[1500; 30; 6; 512; 256; 16; 80; 8; 1; 1],0.0608179570408538,0.3006630800411638,tvm
750,150,6,64,32,16,20,20,1,1,[750; 150; 6; 64; 32; 16; 20; 20; 1; 1],0.05632717558182776,0.3246339639229774,tvm
150,50,2,640,160,80,40,4,5,0,[150; 50; 2; 640; 160; 80; 40; 4; 5; 0],0.04028518503764644,0.45390667235675636,tvm
150,150,6,256,256,32,128,16,2,0,[150; 150; 6; 256; 256; 32; 128; 16; 2; 0],0.025804175238590688,0.7086339368199459,tvm
750,150,10,16,16,16,20,4,1,0,[750; 150; 10; 16; 16; 16; 20; 4; 1; 0],0.057160957949236035,0.3198986675827514,tvm
100,50,1,512,128,128,64,4,8,0,[100; 50; 1; 512; 128; 128; 64; 4; 8; 0],0.06418666848912835,0.2848833677792677,tvm
60,30,5,1024,256,64,16,16,4,1,[60; 30; 5; 1024; 256; 64; 16; 16; 4; 1],0.036307481525000185,0.5036348850889952,tvm
750,250,5,640,32,16,64,4,1,0,[750; 250; 5; 640; 32; 16; 64; 4; 1; 0],0.046009612269699574,0.3974324795116055,tvm
750,75,3,128,32,32,40,2,2,0,[750; 75; 3; 128; 32; 32; 40; 2; 2; 0],0.0433404193026945,0.4219090304134979,tvm
500,100,1,512,512,32,20,2,2,0,[500; 100; 1; 512; 512; 32; 20; 2; 2; 0],0.08238832955248654,0.22194544281984913,tvm
75,75,1,320,160,16,80,10,1,1,[75; 75; 1; 320; 160; 16; 80; 10; 1; 1],0.1467073280364275,0.12464076969061788,tvm
125,125,1,32,32,32,32,16,2,0,[125; 125; 1; 32; 32; 32; 32; 16; 2; 0],0.05454278155229986,0.33525452434398717,tvm
300,300,1,256,16,16,64,8,1,0,[300; 300; 1; 256; 16; 16; 64; 8; 1; 0],0.11150938691571355,0.1639836321540884,tvm
300,20,5,512,256,32,64,8,2,1,[300; 20; 5; 512; 256; 32; 64; 8; 2; 1],0.034900056722108275,0.5239451165169816,tvm
750,50,5,640,640,32,40,20,2,0,[750; 50; 5; 640; 640; 32; 40; 20; 2; 0],0.02860397775657475,0.6392717279159272,tvm
100,100,25,32,16,16,32,16,1,0,[100; 100; 25; 32; 16; 16; 32; 16; 1; 0],0.23328725388273597,0.07838282624264493,tvm
25,25,1,320,160,80,40,8,5,1,[25; 25; 1; 320; 160; 80; 40; 8; 5; 1],0.0676660465542227,0.2702347073145677,tvm
1500,300,4,160,160,32,8,1,2,1,[1500; 300; 4; 160; 160; 32; 8; 1; 2; 1],0.03049215825740248,0.5996857989307833,tvm
100,100,10,256,32,32,8,2,2,0,[100; 100; 10; 256; 32; 32; 8; 2; 2; 0],0.0644803250906989,0.28358595059800573,tvm
375,125,1,320,64,32,8,4,2,0,[375; 125; 1; 320; 64; 32; 8; 4; 2; 0],0.041729980206582695,0.43819130024005637,tvm
500,500,20,64,32,16,40,40,1,1,[500; 500; 20; 64; 32; 16; 40; 40; 1; 1],0.0614788334351033,0.2974310549502632,tvm
1500,1500,12,640,128,32,80,5,2,1,[1500; 1500; 12; 640; 128; 32; 80; 5; 2; 1],0.0237331596435979,0.7704711281730631,tvm
750,75,15,320,80,16,4,4,1,1,[750; 75; 15; 320; 80; 16; 4; 4; 1; 1],0.04603616427630186,0.39720325472744183,tvm
250,250,5,1024,512,64,40,2,4,1,[250; 250; 5; 1024; 512; 64; 40; 2; 4; 1],0.025717954034917057,0.7110096806646408,tvm
60,60,2,320,64,64,16,4,4,0,[60; 60; 2; 320; 64; 64; 16; 4; 4; 0],0.05516701645683497,0.3314609971706882,tvm
750,30,3,80,80,80,64,2,5,1,[750; 30; 3; 80; 80; 80; 64; 2; 5; 1],0.03268060501432046,0.5595280221312178,tvm
300,75,5,640,32,32,20,10,2,0,[300; 75; 5; 640; 32; 32; 20; 10; 2; 0],0.0456437737448141,0.40061793286300856,tvm
60,30,3,320,160,16,64,2,1,0,[60; 30; 3; 320; 160; 16; 64; 2; 1; 0],0.05527623859234154,0.3308060524987992,tvm
150,50,2,320,320,64,40,4,4,0,[150; 50; 2; 320; 320; 64; 40; 4; 4; 0],0.040091343980748206,0.45610130442359464,tvm
125,125,25,80,16,16,20,2,1,0,[125; 125; 25; 80; 16; 16; 20; 2; 1; 0],0.06252189143560827,0.29246898751530687,tvm
1500,75,1,64,64,64,40,20,4,1,[1500; 75; 1; 64; 64; 64; 40; 20; 4; 1],0.06918977247551084,0.2642834862939659,tvm
60,30,5,160,32,16,40,40,1,1,[60; 30; 5; 160; 32; 16; 40; 40; 1; 1],0.06413929210975766,0.28509379639586696,tvm
300,300,1,512,128,32,16,4,2,0,[300; 300; 1; 512; 128; 32; 16; 4; 2; 0],0.08652865246403962,0.21132554090465736,tvm
150,50,10,512,128,16,20,20,1,0,[150; 50; 10; 512; 128; 16; 20; 20; 1; 0],0.06644249544478953,0.2752111305167462,tvm
750,30,10,320,80,16,40,20,1,0,[750; 30; 10; 320; 80; 16; 40; 20; 1; 0],0.040281936002429575,0.4539432832774323,tvm
150,150,6,64,16,16,32,2,1,0,[150; 150; 6; 64; 16; 16; 32; 2; 1; 0],0.04728498274926096,0.3867129313058718,tvm
300,100,2,80,80,80,10,5,5,0,[300; 100; 2; 80; 80; 80; 10; 5; 5; 0],0.037294362497050315,0.49030773182302123,tvm
300,100,2,256,64,64,16,16,4,1,[300; 100; 2; 256; 64; 64; 16; 16; 4; 1],0.029949078743811697,0.610560159199976,tvm
750,50,25,512,128,16,64,16,1,1,[750; 50; 25; 512; 128; 16; 64; 16; 1; 1],0.0707057915860787,0.258616923388134,tvm
300,300,1,320,160,160,16,1,10,0,[300; 300; 1; 320; 160; 160; 16; 1; 10; 0],0.08035045000724494,0.22757450996311188,tvm
250,25,5,640,160,16,20,1,1,1,[250; 25; 5; 640; 160; 16; 20; 1; 1; 1],0.03953310655197129,0.4625418005457121,tvm
375,375,1,640,128,64,40,1,4,1,[375; 375; 1; 640; 128; 64; 40; 1; 4; 1],0.06455402646679431,0.28326218032457207,tvm
150,75,3,256,64,64,10,5,4,1,[150; 75; 3; 256; 64; 64; 10; 5; 4; 1],0.029028073244262487,0.6299320706491786,tvm
500,500,10,160,160,32,80,10,2,0,[500; 500; 10; 160; 160; 32; 80; 10; 2; 0],0.02681914297863841,0.6818157575086928,tvm
500,125,5,160,32,32,64,4,2,0,[500; 125; 5; 160; 32; 32; 64; 4; 2; 0],0.031698901031631976,0.576856411125016,tvm
375,375,1,320,320,160,64,4,10,0,[375; 375; 1; 320; 320; 160; 64; 4; 10; 0],0.0584876190405339,0.3126424803348837,tvm
300,150,1,512,256,64,40,4,4,0,[300; 150; 1; 512; 256; 64; 40; 4; 4; 0],0.07624891155865043,0.23981606965823993,tvm
75,75,5,320,160,80,80,16,5,0,[75; 75; 5; 320; 160; 80; 80; 16; 5; 0],0.025015190534759313,0.73098440966523,tvm
100,50,10,640,160,16,40,20,1,1,[100; 50; 10; 640; 160; 16; 40; 20; 1; 1],0.03376611496787518,0.541540366817775,tvm
1500,1500,5,256,256,64,20,20,4,1,[1500; 1500; 5; 256; 256; 64; 20; 20; 4; 1],0.0429692380130291,0.42555360837838707,tvm
300,100,10,512,256,16,64,2,1,0,[300; 100; 10; 512; 256; 16; 64; 2; 1; 0],0.038934680982492864,0.46965106235072357,tvm
750,150,6,256,128,32,64,64,2,0,[750; 150; 6; 256; 128; 32; 64; 64; 2; 0],0.039755431294906884,0.45995512286284496,tvm
150,150,15,512,128,16,32,16,1,1,[150; 150; 15; 512; 128; 16; 32; 16; 1; 1],0.03525906946742907,0.5186102345272017,tvm
150,150,10,640,160,16,16,8,1,1,[150; 150; 10; 640; 160; 16; 16; 8; 1; 1],0.033072319987695664,0.5529008636986267,tvm
300,60,5,160,80,16,20,20,1,1,[300; 60; 5; 160; 80; 16; 20; 20; 1; 1],0.04843328276183456,0.37754439185203104,tvm
750,125,5,256,256,32,32,8,2,1,[750; 125; 5; 256; 256; 32; 32; 8; 2; 1],0.026998937013559043,0.6772753414895958,tvm
300,300,12,640,160,32,32,1,2,1,[300; 300; 12; 640; 160; 32; 32; 1; 2; 1],0.025191824999637902,0.7258590549107545,tvm
300,150,6,128,64,64,64,2,4,1,[300; 150; 6; 128; 64; 64; 64; 2; 4; 1],0.023932242766022682,0.7640618752069096,tvm
1500,1500,3,512,256,16,128,4,1,0,[1500; 1500; 3; 512; 256; 16; 128; 4; 1; 0],0.0874934900784865,0.2089951408877505,tvm
750,5,5,512,64,64,80,40,4,1,[750; 5; 5; 512; 64; 64; 80; 40; 4; 1],0.05717200646176934,0.31983684704055054,tvm
750,375,3,1024,256,64,160,32,4,1,[750; 375; 3; 1024; 256; 64; 160; 32; 4; 1],0.038570736011024565,0.47408258635478806,tvm
30,15,5,512,32,32,64,32,2,0,[30; 15; 5; 512; 32; 32; 64; 32; 2; 0],0.04063922498608008,0.44995233772242427,tvm
60,10,10,160,160,32,8,4,2,1,[60; 10; 10; 160; 160; 32; 8; 4; 2; 1],0.049521712760906667,0.3692464025628241,tvm
750,375,25,640,320,16,80,1,1,0,[750; 375; 25; 640; 320; 16; 80; 1; 1; 0],0.03436440596124157,0.5321120436750199,tvm
150,30,3,640,64,64,80,10,4,0,[150; 30; 3; 640; 64; 64; 80; 10; 4; 0],0.035515572992153466,0.5148646845639853,tvm
375,125,25,256,128,16,4,2,1,1,[375; 125; 25; 256; 128; 16; 4; 2; 1; 1],0.05687455856241286,0.3215095597735138,tvm
1500,375,3,128,128,16,160,8,1,0,[1500; 375; 3; 128; 128; 16; 160; 8; 1; 0],0.0571153984637931,0.3201538425282293,tvm
150,30,10,256,256,16,5,5,1,1,[150; 30; 10; 256; 256; 16; 5; 5; 1; 1],0.03310811473056674,0.5523030965225024,tvm
300,75,25,128,128,16,16,8,1,1,[300; 75; 25; 128; 128; 16; 16; 8; 1; 1],0.042994602757971734,0.425302552244744,tvm
150,150,3,1024,512,32,32,2,2,0,[150; 150; 3; 1024; 512; 32; 32; 2; 2; 0],0.03945618274156004,0.4634435724683917,tvm
300,100,5,320,80,80,1280,10,5,1,[300; 100; 5; 320; 80; 80; 1280; 10; 5; 1],0.05359098198823631,0.3412087931086645,tvm
1500,750,3,1024,128,32,80,4,2,1,[1500; 750; 3; 1024; 128; 32; 80; 4; 2; 1],0.05295709299389273,0.34529301462644646,tvm
300,15,5,640,80,80,160,20,5,1,[300; 15; 5; 640; 80; 80; 160; 20; 5; 1],0.03711251972708851,0.4927101263988687,tvm
1500,750,3,320,160,80,4,2,5,1,[1500; 750; 3; 320; 160; 80; 4; 2; 5; 1],0.03957116499077529,0.46209694078951175,tvm
300,50,5,128,128,16,80,8,1,1,[300; 50; 5; 128; 128; 16; 80; 8; 1; 1],0.03865725552896038,0.4730215333578299,tvm
60,15,5,512,32,32,80,5,2,0,[60; 15; 5; 512; 32; 32; 80; 5; 2; 0],0.04044668946880847,0.4520942140348914,tvm
150,30,2,320,160,32,32,4,2,1,[150; 30; 2; 320; 160; 32; 32; 4; 2; 1],0.05042473354842514,0.3626338306409432,tvm
150,150,30,64,64,16,64,2,1,0,[150; 150; 30; 64; 64; 16; 64; 2; 1; 0],0.03793974977452308,0.481967182029053,tvm
750,250,2,512,512,64,160,2,4,1,[750; 250; 2; 512; 512; 64; 160; 2; 4; 1],0.04052437422797084,0.45122755462792746,tvm
60,15,5,128,32,32,128,8,2,1,[60; 15; 5; 128; 32; 32; 128; 8; 2; 1],0.0371548060211353,0.4921493675760967,tvm
20,20,4,128,128,32,80,5,2,1,[20; 20; 4; 128; 128; 32; 80; 5; 2; 1],0.03483870124910027,0.5248678518458414,tvm
300,20,4,160,80,80,80,16,5,0,[300; 20; 4; 160; 80; 80; 80; 16; 5; 0],0.03508689871523529,0.5211550451956684,tvm
100,100,4,512,256,16,64,8,1,0,[100; 100; 4; 512; 256; 16; 64; 8; 1; 0],0.0458008759887889,0.3992437675251069,tvm
750,125,5,640,128,16,64,16,1,0,[750; 125; 5; 640; 128; 16; 64; 16; 1; 0],0.03773529874160886,0.484578495347952,tvm
300,15,5,640,640,64,20,2,4,1,[300; 15; 5; 640; 640; 64; 20; 2; 4; 1],0.03537910874001682,0.5168506199544696,tvm
1500,250,2,128,64,32,160,1,2,0,[1500; 250; 2; 128; 64; 32; 160; 1; 2; 0],0.05004196998197585,0.3654075627378468,tvm
300,30,2,64,64,32,80,20,2,0,[300; 30; 2; 64; 64; 32; 80; 20; 2; 0],0.053550372016616166,0.34146754909639854,tvm
750,50,5,1024,512,32,40,8,2,0,[750; 50; 5; 1024; 512; 32; 40; 8; 2; 0],0.045004153973422945,0.40631169950473583,tvm
150,25,5,128,64,32,32,8,2,0,[150; 25; 5; 128; 64; 32; 32; 8; 2; 0],0.03815473901340738,0.4792514575788025,tvm
750,75,5,512,512,32,10,5,2,0,[750; 75; 5; 512; 512; 32; 10; 5; 2; 0],0.047771015495527536,0.38277842947312374,tvm
50,25,5,640,640,64,8,4,4,1,[50; 25; 5; 640; 640; 64; 8; 4; 4; 1],0.03539756196551025,0.5165811787696295,tvm
500,25,5,512,512,32,32,1,2,0,[500; 25; 5; 512; 512; 32; 32; 1; 2; 0],0.03309187450213358,0.5525741457932619,tvm
300,150,10,320,80,16,160,10,1,1,[300; 150; 10; 320; 80; 16; 160; 10; 1; 1],0.029846233723219484,0.6126640451618706,tvm
100,100,2,256,64,64,32,1,4,0,[100; 100; 2; 256; 64; 64; 32; 1; 4; 0],0.04466299375053495,0.40941532911674267,tvm
300,60,12,1024,256,32,160,32,2,0,[300; 60; 12; 1024; 256; 32; 160; 32; 2; 0],0.04689866822445765,0.3898983697830952,tvm
1500,1500,4,512,64,32,128,64,2,0,[1500; 1500; 4; 512; 64; 32; 128; 64; 2; 0],0.05892878747545183,0.31030189265868796,tvm
1500,150,6,512,512,32,32,8,2,0,[1500; 150; 6; 512; 512; 32; 32; 8; 2; 0],0.04367251950316131,0.41870069539703664,tvm
300,25,5,320,80,80,40,10,5,0,[300; 25; 5; 320; 80; 80; 40; 10; 5; 0],0.03613605070859194,0.5060241483822846,tvm
1500,100,5,1024,256,64,32,16,4,1,[1500; 100; 5; 1024; 256; 64; 32; 16; 4; 1],0.04056642623618245,0.45075980268147686,tvm
300,75,5,320,320,32,1,1,2,1,[300; 75; 5; 320; 320; 32; 1; 1; 2; 1],0.1310784569941461,0.13950205628779194,tvm
300,300,12,640,64,16,32,4,1,1,[300; 300; 12; 640; 64; 16; 32; 4; 1; 1],0.03181012975983322,0.5748393490932481,tvm
1500,375,3,160,160,16,64,8,1,0,[1500; 375; 3; 160; 160; 16; 64; 8; 1; 0],0.05593709647655487,0.32689780910202315,tvm
125,125,5,640,64,32,8,2,2,1,[125; 125; 5; 640; 64; 32; 8; 2; 2; 1],0.038389356224797666,0.47632250404612414,tvm
1500,1500,4,160,160,16,16,1,1,1,[1500; 1500; 4; 160; 160; 16; 16; 1; 1; 1],0.040924889501184225,0.4468115738024207,tvm
750,250,5,512,256,16,40,20,1,1,[750; 250; 5; 512; 256; 16; 40; 20; 1; 1],0.04394997179042548,0.41605747491509965,tvm
750,150,15,128,128,16,20,5,1,1,[750; 150; 15; 128; 128; 16; 20; 5; 1; 1],0.0358667797408998,0.5098231404606035,tvm
1500,750,10,1024,128,32,64,1,2,1,[1500; 750; 10; 1024; 128; 32; 64; 1; 2; 1],0.038908350514248013,0.46996888955799254,tvm
150,150,10,160,80,16,20,10,1,1,[150; 150; 10; 160; 80; 16; 20; 10; 1; 1],0.032964035985060036,0.5547170951397378,tvm
500,100,10,320,160,32,20,2,2,0,[500; 100; 10; 320; 160; 32; 20; 2; 2; 0],0.03146151319378987,0.5812089893159897,tvm
300,300,5,640,64,64,10,5,4,1,[300; 300; 5; 640; 64; 64; 10; 5; 4; 1],0.034046564251184464,0.5370795758070694,tvm
300,60,4,160,160,80,10,10,5,1,[300; 60; 4; 160; 160; 80; 10; 10; 5; 1],0.037726283248048276,0.4846942956316874,tvm
250,25,5,512,256,32,80,5,2,0,[250; 25; 5; 512; 256; 32; 80; 5; 2; 0],0.0361571210087277,0.5057292664783912,tvm
300,300,6,160,32,32,80,5,2,0,[300; 300; 6; 160; 32; 32; 80; 5; 2; 0],0.031941651774104685,0.5724724073455287,tvm
300,300,12,640,160,16,20,2,1,1,[300; 300; 12; 640; 160; 16; 20; 2; 1; 1],0.0320726532372646,0.5701341311066982,tvm
300,150,6,640,640,32,20,4,2,1,[300; 150; 6; 640; 640; 32; 20; 4; 2; 1],0.026152889477089047,0.6991852392345896,tvm
300,60,6,256,64,32,128,64,2,1,[300; 60; 6; 256; 64; 32; 128; 64; 2; 1],0.033871145977173,0.5398611047301941,tvm
100,100,4,320,320,64,80,40,4,1,[100; 100; 4; 320; 320; 64; 80; 40; 4; 1],0.023942315368913114,0.7637404321161269,tvm
300,100,5,640,320,64,80,40,4,0,[300; 100; 5; 640; 320; 64; 80; 40; 4; 0],0.02801552024902776,0.6526994367112946,tvm
1500,250,10,160,160,32,64,16,2,0,[1500; 250; 10; 160; 160; 32; 64; 16; 2; 0],0.029042112233582884,0.6296275607863527,tvm
500,500,10,640,160,32,128,32,2,1,[500; 500; 10; 640; 160; 32; 128; 32; 2; 1],0.02756576205138117,0.6633487676353967,tvm
750,150,5,128,128,64,128,16,4,1,[750; 150; 5; 128; 128; 64; 128; 16; 4; 1],0.022231463983189315,0.8225150759095905,tvm
1500,250,10,160,160,32,80,2,2,1,[1500; 250; 10; 160; 160; 32; 80; 2; 2; 1],0.02351898411870934,0.7774874200951567,tvm
1500,250,5,256,128,64,640,2,4,1,[1500; 250; 5; 256; 128; 64; 640; 2; 4; 1],0.06536150455940515,0.2797627503983624,tvm
750,10,5,1024,1024,64,32,32,4,1,[750; 10; 5; 1024; 1024; 64; 32; 32; 4; 1],0.05867201846558601,0.31165988087557867,tvm
500,50,5,512,256,16,20,4,1,1,[500; 50; 5; 512; 256; 16; 20; 4; 1; 1],0.04088711575604975,0.4472243626773476,tvm
125,25,5,256,128,16,32,2,1,1,[125; 25; 5; 256; 128; 16; 32; 2; 1; 1],0.041143201757222414,0.444440721789581,tvm
250,50,5,160,160,16,160,5,1,1,[250; 50; 5; 160; 160; 16; 160; 5; 1; 1],0.03916234849020839,0.46692077954125233,tvm
150,10,5,512,128,32,128,4,2,1,[150; 10; 5; 512; 128; 32; 128; 4; 2; 1],0.043721654976252466,0.4182301492394609,tvm
375,375,3,1024,512,32,128,4,2,0,[375; 375; 3; 1024; 512; 32; 128; 4; 2; 0],0.04037316999165341,0.45291747686631006,tvm
250,5,5,256,64,64,64,8,4,1,[250; 5; 5; 256; 64; 64; 64; 8; 4; 1],0.045825310749933124,0.3990308846021513,tvm
1500,150,25,256,128,16,40,8,1,1,[1500; 150; 25; 256; 128; 16; 40; 8; 1; 1],0.04609246429754421,0.3967180875310358,tvm
60,30,3,128,32,32,128,8,2,0,[60; 30; 3; 128; 32; 32; 128; 8; 2; 0],0.04238307324703783,0.43143908369108847,tvm
250,50,5,640,64,32,160,40,2,1,[250; 50; 5; 640; 64; 32; 160; 40; 2; 1],0.028500948508735746,0.6415826575073311,tvm
250,5,5,640,320,80,160,40,5,1,[250; 5; 5; 640; 320; 80; 160; 40; 5; 1],0.0560268375556916,0.326374199999027,tvm
60,10,5,640,320,32,160,16,2,0,[60; 10; 5; 640; 320; 32; 160; 16; 2; 0],0.0451607052818872,0.4049032044911003,tvm
750,50,5,640,320,64,10,2,4,0,[750; 50; 5; 640; 320; 64; 10; 2; 4; 0],0.03779742098413408,0.4837820626277633,tvm
150,50,2,512,256,64,80,10,4,0,[150; 50; 2; 512; 256; 64; 80; 10; 4; 0],0.03953406203072518,0.46253062160682984,tvm
125,125,25,640,640,16,128,4,1,1,[125; 125; 25; 640; 640; 16; 128; 4; 1; 1],0.037356938992161304,0.48948641882974464,tvm
500,500,4,320,64,16,160,16,1,1,[500; 500; 4; 320; 64; 16; 160; 16; 1; 1],0.043895274749957025,0.4165759159699118,tvm
1500,750,5,128,128,64,10,1,4,0,[1500; 750; 5; 128; 128; 64; 10; 1; 4; 0],0.06340547453146428,0.2883933039037536,tvm
750,375,3,512,64,64,160,10,4,0,[750; 375; 3; 512; 64; 64; 160; 10; 4; 0],0.035334388026967645,0.5175047682093263,tvm
300,15,5,256,32,32,80,4,2,1,[300; 15; 5; 256; 32; 32; 80; 4; 2; 1],0.037561371515039355,0.48682232698539224,tvm
500,50,2,160,80,80,160,5,5,1,[500; 50; 2; 160; 80; 80; 160; 5; 5; 1],0.03694393375189975,0.4949585068150462,tvm
500,20,5,1024,1024,64,20,4,4,0,[500; 20; 5; 1024; 1024; 64; 20; 4; 4; 0],0.03307390073314309,0.5528744381635735,tvm
20,20,5,1024,256,32,128,32,2,1,[20; 20; 5; 1024; 256; 32; 128; 32; 2; 1],0.03702628577593714,0.4938576447113665,tvm
300,15,3,512,512,64,80,10,4,1,[300; 15; 3; 512; 512; 64; 80; 10; 4; 1],0.038121547957416624,0.47966872452661685,tvm
750,750,3,512,512,64,8,1,4,1,[750; 750; 3; 512; 512; 64; 8; 1; 4; 1],0.05288982903584838,0.3457321496221958,tvm
500,20,10,64,32,32,160,8,2,0,[500; 20; 10; 64; 32; 32; 160; 8; 2; 0],0.04583061649464071,0.39898468936922465,tvm
100,100,5,128,64,32,20,2,2,0,[100; 100; 5; 128; 64; 32; 20; 2; 2; 0],0.03437674045562744,0.5319211200176756,tvm
500,50,2,256,256,64,80,1,4,1,[500; 50; 2; 256; 256; 64; 80; 1; 4; 1],0.039254323521163315,0.4658267585698133,tvm
750,25,5,640,128,32,160,40,2,1,[750; 25; 5; 640; 128; 32; 160; 40; 2; 1],0.031902295479085296,0.5731786384369159,tvm
50,50,5,1024,512,32,32,16,2,1,[50; 50; 5; 1024; 512; 32; 32; 16; 2; 1],0.027530658000614494,0.6641945966313679,tvm
300,20,4,320,80,80,20,20,5,0,[300; 20; 4; 320; 80; 80; 20; 20; 5; 0],0.04043887701118365,0.4521815549095799,tvm
25,25,5,640,80,80,160,40,5,0,[25; 25; 5; 640; 80; 80; 160; 40; 5; 0],0.06185271358117461,0.2956331780289054,tvm
300,60,5,256,256,32,8,4,2,1,[300; 60; 5; 256; 256; 32; 8; 4; 2; 1],0.03292336669983342,0.5554023211668326,tvm
30,30,6,512,512,32,10,10,2,1,[30; 30; 6; 512; 512; 32; 10; 10; 2; 1],0.03418973198859021,0.5348305828140621,tvm
60,20,5,64,64,32,64,1,2,0,[60; 20; 5; 64; 64; 32; 64; 1; 2; 0],0.034937659511342645,0.5233812035914358,tvm
750,750,5,320,80,16,40,10,1,1,[750; 750; 5; 320; 80; 16; 40; 10; 1; 1],0.036503466486465186,0.5009308990556909,tvm
150,150,2,256,128,32,40,40,2,1,[150; 150; 2; 256; 128; 32; 40; 40; 2; 1],0.053107316489331424,0.34431629188772234,tvm
150,150,6,640,64,16,80,1,1,1,[150; 150; 6; 640; 64; 16; 80; 1; 1; 1],0.035230592533480376,0.5190294278569679,tvm
1500,60,12,128,64,32,64,8,2,0,[1500; 60; 12; 128; 64; 32; 64; 8; 2; 0],0.028750670957379043,0.636010001742973,tvm
300,20,4,640,320,32,40,20,2,0,[300; 20; 4; 640; 320; 32; 40; 20; 2; 0],0.042410659487359226,0.43115845183130114,tvm
1500,300,12,160,160,32,10,2,2,0,[1500; 300; 12; 160; 160; 32; 10; 2; 2; 0],0.06203179305884987,0.29477971511103246,tvm
75,15,3,160,160,80,128,64,5,1,[75; 15; 3; 160; 160; 80; 128; 64; 5; 1],0.0378877655020915,0.482628469728701,tvm
750,750,10,32,32,32,128,32,2,1,[750; 750; 10; 32; 32; 32; 128; 32; 2; 1],0.02850560552906245,0.6414778408082358,tvm
300,25,5,640,160,32,40,8,2,0,[300; 25; 5; 640; 160; 32; 40; 8; 2; 0],0.038391586451325566,0.47629483373649245,tvm
1500,750,6,320,320,64,20,2,4,0,[1500; 750; 6; 320; 320; 64; 20; 2; 4; 0],0.0442236487288028,0.41348271369125694,tvm
300,20,4,640,640,32,128,16,2,1,[300; 20; 4; 640; 640; 32; 128; 16; 2; 1],0.04287543275859207,0.42648465821140663,tvm
1500,300,3,320,160,80,32,2,5,1,[1500; 300; 3; 320; 160; 80; 32; 2; 5; 1],0.027582836512010545,0.6629381382785646,tvm
1500,750,10,640,160,32,8,8,2,1,[1500; 750; 10; 640; 160; 32; 8; 8; 2; 1],0.038159748481120914,0.4791885432568018,tvm
150,150,15,320,160,16,160,8,1,0,[150; 150; 15; 320; 160; 16; 160; 8; 1; 0],0.034590714261867106,0.5286307228952628,tvm
150,15,5,512,512,64,16,16,4,1,[150; 15; 5; 512; 512; 64; 16; 16; 4; 1],0.0405549174756743,0.4508877202544536,tvm
100,100,4,64,32,32,80,8,2,1,[100; 100; 4; 64; 32; 32; 80; 8; 2; 1],0.030941788223572075,0.5909714769421072,tvm
1500,750,5,256,64,64,160,20,4,0,[1500; 750; 5; 256; 64; 64; 160; 20; 4; 0],0.028906379244290292,0.6325840442063029,tvm
100,100,4,640,640,80,32,4,5,0,[100; 100; 4; 640; 640; 80; 32; 4; 5; 0],0.027438115736003965,0.6664347676659149,tvm
25,25,5,256,256,64,160,2,4,0,[25; 25; 5; 256; 256; 64; 160; 2; 4; 0],0.03565178147982806,0.5128976316670298,tvm
750,25,5,256,128,64,80,8,4,0,[750; 25; 5; 256; 128; 64; 80; 8; 4; 0],0.028837922785896808,0.6340856940867086,tvm
300,100,4,128,128,64,40,10,4,0,[300; 100; 4; 128; 128; 64; 40; 10; 4; 0],0.027974360040389,0.6536597891538402,tvm
250,250,5,256,128,32,32,8,2,0,[250; 250; 5; 256; 128; 32; 32; 8; 2; 0],0.0351473760092631,0.5202583055103482,tvm
150,150,6,512,128,32,160,2,2,0,[150; 150; 6; 512; 128; 32; 160; 2; 2; 0],0.02817419427447021,0.6490235038339223,tvm
750,75,5,512,512,64,80,2,4,1,[750; 75; 5; 512; 512; 64; 80; 2; 4; 1],0.028995076951105148,0.630648931077154,tvm
100,100,10,256,256,32,64,2,2,0,[100; 100; 10; 256; 256; 32; 64; 2; 2; 0],0.028724654752295464,0.6365860423179857,tvm
100,100,10,640,640,32,80,16,2,0,[100; 100; 10; 640; 640; 32; 80; 16; 2; 0],0.02890507027041167,0.6326126909448215,tvm
300,300,4,256,128,64,160,1,4,1,[300; 300; 4; 256; 128; 64; 160; 1; 4; 1],0.02356975301518105,0.7758127237878409,tvm
1500,1500,10,256,128,32,128,16,2,1,[1500; 1500; 10; 256; 128; 32; 128; 16; 2; 1],0.02708191651618108,0.6752001570785737,tvm
300,150,10,640,320,32,80,1,2,1,[300; 150; 10; 640; 320; 32; 80; 1; 2; 1],0.026261546299792826,0.6962923689630013,tvm
150,75,5,320,320,80,320,40,5,1,[150; 75; 5; 320; 320; 80; 320; 40; 5; 1],0.04945160052739084,0.3697699182776901,tvm
20,20,4,256,32,32,10,2,2,1,[20; 20; 4; 256; 32; 32; 10; 2; 2; 1],0.048782306257635355,0.3748431693479483,tvm
1500,150,6,320,160,16,160,10,1,0,[1500; 150; 6; 320; 160; 16; 160; 10; 1; 0],0.043733369500841945,0.41811812111486757,tvm
375,15,5,320,32,32,32,4,2,0,[375; 15; 5; 320; 32; 32; 32; 4; 2; 0],0.040681011974811554,0.44949015272865495,tvm
1500,375,5,640,160,16,32,1,1,1,[1500; 375; 5; 640; 160; 16; 32; 1; 1; 1],0.03665669250767678,0.49883699359632144,tvm
50,50,10,320,80,16,64,2,1,1,[50; 50; 10; 320; 80; 16; 64; 2; 1; 1],0.038449143699835986,0.47558183423971256,tvm
50,50,2,160,160,32,128,1,2,1,[50; 50; 2; 160; 160; 32; 128; 1; 2; 1],0.04982204973930493,0.36702051363592475,tvm
1500,1500,2,1024,1024,128,80,40,8,1,[1500; 1500; 2; 1024; 1024; 128; 80; 40; 8; 1],0.05348978249821812,0.3418543398699262,tvm
500,100,4,256,256,64,256,1,4,1,[500; 100; 4; 256; 256; 64; 256; 1; 4; 1],0.038102493272162974,0.4799086021773151,tvm
375,75,5,640,80,16,20,2,1,0,[375; 75; 5; 640; 80; 16; 20; 2; 1; 0],0.06681791099254042,0.2736648604257579,tvm
1500,150,2,1024,256,64,64,16,4,1,[1500; 150; 2; 1024; 256; 64; 64; 16; 4; 1],0.05734431289602071,0.31887581108297114,tvm
500,100,10,256,64,16,80,20,1,1,[500; 100; 10; 256; 64; 16; 80; 20; 1; 1],0.03618872648803517,0.5052875870544924,tvm
375,75,15,512,512,16,128,1,1,1,[375; 75; 15; 512; 512; 16; 128; 1; 1; 1],0.033973682729993016,0.5382317375199096,tvm
750,150,2,640,640,32,128,32,2,1,[750; 150; 2; 640; 640; 32; 128; 32; 2; 1],0.04726746125379577,0.38685628126993743,tvm
1500,250,10,128,128,32,8,1,2,1,[1500; 250; 10; 128; 128; 32; 8; 1; 2; 1],0.033868175523821265,0.5399084539659653,tvm
250,50,2,640,80,80,128,8,5,0,[250; 50; 2; 640; 80; 80; 128; 8; 5; 0],0.040446758503094316,0.45209344240318705,tvm
100,100,4,160,80,16,40,4,1,0,[100; 100; 4; 160; 80; 16; 40; 4; 1; 0],0.04612795979483053,0.39641281268554024,tvm
15,15,5,1024,512,64,160,20,4,0,[15; 15; 5; 1024; 512; 64; 160; 20; 4; 0],0.04519054852426052,0.40463581175381425,tvm
750,15,3,64,64,32,80,8,2,0,[750; 15; 3; 64; 64; 32; 80; 8; 2; 0],0.04407151124905795,0.41491008062731577,tvm
100,100,10,512,512,16,40,20,1,0,[100; 100; 10; 512; 512; 16; 40; 20; 1; 0],0.03741430549416691,0.4887359004583187,tvm
100,100,10,256,128,32,1280,5,2,1,[100; 100; 10; 256; 128; 32; 1280; 5; 2; 1],0.053309362032450736,0.34301131337087315,tvm
375,375,5,640,160,16,80,20,1,0,[375; 375; 5; 640; 160; 16; 80; 20; 1; 0],0.03807406598934904,0.48026691687800277,tvm
100,50,5,160,160,16,40,5,1,1,[100; 50; 5; 160; 160; 16; 40; 5; 1; 1],0.042715183983091265,0.4280846429914163,tvm
750,150,3,512,512,32,32,16,2,0,[750; 150; 3; 512; 512; 32; 32; 16; 2; 0],0.04263156099477783,0.42892434288188985,tvm
750,15,5,640,640,80,10,1,5,1,[750; 15; 5; 640; 640; 80; 10; 1; 5; 1],0.03859017725335434,0.4738437495548133,tvm
750,250,2,128,32,32,128,32,2,1,[750; 250; 2; 128; 32; 32; 128; 32; 2; 1],0.048838357732165605,0.37441296421134707,tvm
1500,1500,15,1024,512,16,40,4,1,1,[1500; 1500; 15; 1024; 512; 16; 40; 4; 1; 1],0.05040803144220263,0.36275398508034407,tvm
250,50,2,640,640,80,16,1,5,1,[250; 50; 2; 640; 640; 80; 16; 1; 5; 1],0.043571328453253955,0.41967309546993375,tvm
500,100,10,1024,128,16,40,1,1,1,[500; 100; 10; 1024; 128; 16; 40; 1; 1; 1],0.038812933024019,0.4711242583599223,tvm
750,150,10,640,320,16,16,1,1,0,[750; 150; 10; 640; 320; 16; 16; 1; 1; 0],0.03742773277917877,0.4885605653326327,tvm
750,30,5,1024,1024,32,40,1,2,0,[750; 30; 5; 1024; 1024; 32; 40; 1; 2; 0],0.06358702946454287,0.28756987768882475,tvm
150,50,2,80,80,80,40,4,5,1,[150; 50; 2; 80; 80; 80; 40; 4; 5; 1],0.04004962247563526,0.4565764458039187,tvm
1500,300,2,160,80,80,80,4,5,0,[1500; 300; 2; 160; 80; 80; 80; 4; 5; 0],0.040372624003794044,0.4529236019931693,tvm
375,375,5,320,160,16,128,2,1,1,[375; 375; 5; 320; 160; 16; 128; 2; 1; 1],0.03675597673282027,0.4974895489414799,tvm
500,500,2,320,320,64,32,32,4,1,[500; 500; 2; 320; 320; 64; 32; 32; 4; 1],0.04037984146270901,0.4528426468093303,tvm
300,60,2,256,256,64,32,2,4,1,[300; 60; 2; 256; 256; 64; 32; 2; 4; 1],0.04093787423335016,0.44666985348295823,tvm
300,50,5,640,64,32,40,2,2,0,[300; 50; 5; 640; 64; 32; 40; 2; 2; 0],0.034661663754377514,0.5275486605401316,tvm
1500,1500,10,1024,128,32,40,5,2,1,[1500; 1500; 10; 1024; 128; 32; 40; 5; 2; 1],0.042381833714898676,0.4314517018947726,tvm
300,150,6,1024,256,16,32,2,1,1,[300; 150; 6; 1024; 256; 16; 32; 2; 1; 1],0.045195011247415096,0.4045958565119315,tvm
300,300,12,160,160,16,16,8,1,0,[300; 300; 12; 160; 160; 16; 16; 8; 1; 0],0.05062542948871851,0.3611962302421379,tvm
500,500,10,320,80,16,10,5,1,1,[500; 500; 10; 320; 80; 16; 10; 5; 1; 1],0.042297845240682364,0.432308411496266,tvm
150,30,5,640,160,80,160,20,5,1,[150; 30; 5; 640; 160; 80; 160; 20; 5; 1],0.029193916241638362,0.6263535914251186,tvm
150,150,15,320,80,16,8,2,1,1,[150; 150; 15; 320; 80; 16; 8; 2; 1; 1],0.0397341952775605,0.46020094676589474,tvm
150,25,5,640,640,32,128,16,2,1,[150; 25; 5; 640; 640; 32; 128; 16; 2; 1],0.03373974497662857,0.5419636188234603,tvm
375,375,5,128,32,32,32,32,2,1,[375; 375; 5; 128; 32; 32; 32; 32; 2; 1],0.02893017925089225,0.6320636359399787,tvm
30,30,6,128,64,32,80,8,2,0,[30; 30; 6; 128; 64; 32; 80; 8; 2; 0],0.03511182003421709,0.5207851449424876,tvm
300,30,5,512,128,64,32,16,4,1,[300; 30; 5; 512; 128; 64; 32; 16; 4; 1],0.0370889637270011,0.4930230572174795,tvm
100,20,10,320,320,32,128,16,2,1,[100; 20; 10; 320; 320; 32; 128; 16; 2; 1],0.042521030525676906,0.430039301956057,tvm
300,150,10,640,320,16,32,1,1,0,[300; 150; 10; 640; 320; 16; 32; 1; 1; 0],0.03520430898061022,0.5194169354605331,tvm
1500,300,4,1024,64,64,128,4,4,1,[1500; 300; 4; 1024; 64; 64; 128; 4; 4; 1],0.03980275499634445,0.45940825672478397,tvm
100,50,10,160,160,32,32,8,2,0,[100; 50; 10; 160; 160; 32; 32; 8; 2; 0],0.034293968754354864,0.5332049613940426,tvm
1500,25,5,256,128,64,80,8,4,1,[1500; 25; 5; 256; 128; 64; 80; 8; 4; 1],0.03327338199596852,0.5495598339817043,tvm
75,75,3,640,128,64,80,40,4,0,[75; 75; 3; 640; 128; 64; 80; 40; 4; 0],0.029919487016741186,0.6111640308365808,tvm
1500,500,10,256,32,32,80,10,2,0,[1500; 500; 10; 256; 32; 32; 80; 10; 2; 0],0.03416127827949822,0.5352760554246707,tvm
100,100,5,160,32,32,64,64,2,0,[100; 100; 5; 160; 32; 32; 64; 64; 2; 0],0.030670577543787658,0.5961972597225534,tvm
150,50,10,320,320,32,32,4,2,1,[150; 50; 10; 320; 320; 32; 32; 4; 2; 1],0.0278687234967947,0.6561374900367217,tvm
300,100,5,160,160,80,20,5,5,0,[300; 100; 5; 160; 160; 80; 20; 5; 5; 0],0.03261194744845852,0.5607059901777992,tvm
100,50,10,640,320,32,160,1,2,1,[100; 50; 10; 640; 320; 32; 160; 1; 2; 1],0.0351085084839724,0.5208342671139679,tvm
1500,100,5,256,128,32,160,20,2,0,[1500; 100; 5; 256; 128; 32; 160; 20; 2; 0],0.03258709725923836,0.5611335719854683,tvm
150,150,5,1024,128,32,128,32,2,1,[150; 150; 5; 1024; 128; 32; 128; 32; 2; 1],0.028662770986557007,0.6379604503099294,tvm
1500,250,10,64,64,32,160,16,2,0,[1500; 250; 10; 64; 64; 32; 160; 16; 2; 0],0.026626770268194377,0.6867417302787389,tvm
500,500,4,640,128,64,40,5,4,1,[500; 500; 4; 640; 128; 64; 40; 5; 4; 1],0.024472227378282696,0.7472026964714097,tvm
750,375,5,160,80,80,64,2,5,1,[750; 375; 5; 160; 80; 80; 64; 2; 5; 1],0.02307172800647095,0.7925593731247905,tvm
750,150,6,320,64,64,80,2,4,1,[750; 150; 6; 320; 64; 64; 80; 2; 4; 1],0.023729466483928263,0.7705910412313325,tvm
500,50,10,320,32,32,256,32,2,0,[500; 50; 10; 320; 32; 32; 256; 32; 2; 0],0.04796062549576163,0.38126513356941577,tvm
300,75,3,256,64,64,256,32,4,1,[300; 75; 3; 256; 64; 64; 256; 32; 4; 1],0.03586488502332941,0.5098500740716103,tvm
1500,60,2,640,128,64,16,2,4,1,[1500; 60; 2; 640; 128; 64; 16; 2; 4; 1],0.04113160877022892,0.44456598787231233,tvm
300,150,2,64,32,32,160,20,2,1,[300; 150; 2; 64; 32; 32; 160; 20; 2; 1],0.049396208487451077,0.3701845717644443,tvm
375,75,15,640,64,16,64,16,1,0,[375; 75; 15; 640; 64; 16; 64; 16; 1; 0],0.04355316370492801,0.4198481288202095,tvm
375,75,5,512,64,16,32,8,1,1,[375; 75; 5; 512; 64; 16; 32; 8; 1; 1],0.036371284746564925,0.5027513988886873,tvm
60,60,10,640,320,16,128,32,1,0,[60; 60; 10; 640; 320; 16; 128; 32; 1; 0],0.04548204696038738,0.4020424652751501,tvm
1500,75,5,512,32,32,16,8,2,1,[1500; 75; 5; 512; 32; 32; 16; 8; 2; 1],0.06623010151088238,0.2760937076732357,tvm
300,60,10,1024,128,16,8,1,1,1,[300; 60; 10; 1024; 128; 16; 8; 1; 1; 1],0.04980653652455658,0.3671348293149979,tvm
150,150,2,640,640,32,16,16,2,1,[150; 150; 2; 640; 640; 32; 16; 16; 2; 1],0.04070400825003162,0.4492362072401084,tvm
150,15,3,320,64,32,40,8,2,1,[150; 15; 3; 320; 64; 32; 40; 8; 2; 1],0.0477778862696141,0.3827233834189873,tvm
500,20,2,80,80,80,40,1,5,1,[500; 20; 2; 80; 80; 80; 40; 1; 5; 1],0.05177762045059353,0.35315864511700784,tvm
1500,250,10,128,32,32,320,5,2,0,[1500; 250; 10; 128; 32; 32; 320; 5; 2; 0],0.05328070849645883,0.3431957795180145,tvm
300,15,3,160,32,32,80,20,2,1,[300; 15; 3; 160; 32; 32; 80; 20; 2; 1],0.04484957526437938,0.4077120948843688,tvm
300,30,3,512,32,32,160,16,2,0,[300; 30; 3; 512; 32; 32; 160; 16; 2; 0],0.05100075446534902,0.3585381133555188,tvm
750,25,5,1024,64,32,40,5,2,1,[750; 25; 5; 1024; 64; 32; 40; 5; 2; 1],0.06133772409521043,0.29811530433262573,tvm
250,250,5,256,128,16,64,2,1,0,[250; 250; 5; 256; 128; 16; 64; 2; 1; 0],0.04074396676151082,0.4487956313322949,tvm
500,500,10,1024,32,32,8,1,2,1,[500; 500; 10; 1024; 32; 32; 8; 1; 2; 1],0.03943804977461696,0.46365665620421487,tvm
150,50,5,320,160,32,256,4,2,1,[150; 50; 5; 320; 160; 32; 256; 4; 2; 1],0.037369058991316706,0.48932766249113374,tvm
1500,500,10,320,64,16,16,8,1,1,[1500; 500; 10; 320; 64; 16; 16; 8; 1; 1],0.03747440275037661,0.48795212047857167,tvm
20,20,4,32,32,32,40,8,2,0,[20; 20; 4; 32; 32; 32; 40; 8; 2; 0],0.03954742749920115,0.46237430452546263,tvm
60,15,5,640,64,64,160,5,4,1,[60; 15; 5; 640; 64; 64; 160; 5; 4; 1],0.03460436302702874,0.52842221865005,tvm
300,30,3,640,640,32,32,16,2,1,[300; 30; 3; 640; 640; 32; 32; 16; 2; 1],0.03729780577123165,0.49026246739207185,tvm
1500,375,3,512,128,32,40,2,2,1,[1500; 375; 3; 512; 128; 32; 40; 2; 2; 1],0.05457437492441386,0.3350604438628974,tvm
500,100,10,256,128,16,8,1,1,1,[500; 100; 10; 256; 128; 16; 8; 1; 1; 1],0.040441195538733155,0.4521556309630083,tvm
1500,300,10,512,32,32,32,4,2,0,[1500; 300; 10; 512; 32; 32; 32; 4; 2; 0],0.0566680789925158,0.3226810333226453,tvm
150,150,2,320,160,80,64,8,5,0,[150; 150; 2; 320; 160; 80; 64; 8; 5; 0],0.036977282201405615,0.49451212195955263,tvm
300,20,5,1024,64,64,64,8,4,1,[300; 20; 5; 1024; 64; 64; 64; 8; 4; 1],0.04023184347897768,0.45450848642491637,tvm
750,750,5,1024,256,32,10,1,2,1,[750; 750; 5; 1024; 256; 32; 10; 1; 2; 1],0.06064725702162832,0.3015093374988608,tvm
750,75,15,640,128,16,80,10,1,1,[750; 75; 15; 640; 128; 16; 80; 10; 1; 1],0.03178542654495686,0.5752861066643616,tvm
500,500,5,80,80,16,128,8,1,1,[500; 500; 5; 80; 80; 16; 128; 8; 1; 1],0.03545292973285541,0.51577442043579,tvm
150,30,3,1024,1024,64,160,32,4,1,[150; 30; 3; 1024; 1024; 64; 160; 32; 4; 1],0.03231741377385333,0.5658161390534441,tvm
300,300,2,256,128,64,80,40,4,1,[300; 300; 2; 256; 128; 64; 80; 40; 4; 1],0.03657255525467917,0.4999845966019772,tvm
375,375,15,256,64,16,128,2,1,0,[375; 375; 15; 256; 64; 16; 128; 2; 1; 0],0.03466057946207002,0.5275651639270724,tvm
300,20,4,256,64,32,64,1,2,0,[300; 20; 4; 256; 64; 32; 64; 1; 2; 0],0.03807905927533284,0.480203939742796,tvm
750,150,6,512,512,32,256,4,2,1,[750; 150; 6; 512; 512; 32; 256; 4; 2; 1],0.04380142473382875,0.4174684818320955,tvm
300,15,5,320,160,80,160,5,5,0,[300; 15; 5; 320; 160; 80; 160; 5; 5; 0],0.03530531225260347,0.5179309604991772,tvm
500,50,5,512,256,64,16,16,4,0,[500; 50; 5; 512; 256; 64; 16; 16; 4; 0],0.046745719271712005,0.39117409188695096,tvm
150,30,3,640,128,64,32,2,4,0,[150; 30; 3; 640; 128; 64; 32; 2; 4; 0],0.037780797749292105,0.4839949226868007,tvm
30,30,6,320,64,64,32,32,4,1,[30; 30; 6; 320; 64; 64; 32; 32; 4; 1],0.029942773981019855,0.6106887189979542,tvm
1500,50,5,512,512,64,40,1,4,0,[1500; 50; 5; 512; 512; 64; 40; 1; 4; 0],0.04428031772840768,0.41295354739478835,tvm
1500,125,5,1024,1024,32,64,8,2,0,[1500; 125; 5; 1024; 1024; 32; 64; 8; 2; 0],0.042110898764804006,0.43422759480491924,tvm
300,30,3,640,640,80,80,40,5,1,[300; 30; 3; 640; 640; 80; 80; 40; 5; 1],0.02928380249068141,0.6244310072618849,tvm
50,50,10,1024,256,32,10,10,2,1,[50; 50; 10; 1024; 256; 32; 10; 10; 2; 1],0.034207099524792284,0.5345590400747467,tvm
300,60,10,512,256,32,10,2,2,1,[300; 60; 10; 512; 256; 32; 10; 2; 2; 1],0.03691533376695588,0.49534197364029864,tvm
375,375,3,320,160,32,128,32,2,1,[375; 375; 3; 320; 160; 32; 128; 32; 2; 1],0.032336590462364256,0.5654805910040692,tvm
30,30,5,1024,128,64,160,10,4,1,[30; 30; 5; 1024; 128; 64; 160; 10; 4; 1],0.027620663051493466,0.6620302435037152,tvm
150,30,6,1024,1024,64,160,4,4,1,[150; 30; 6; 1024; 1024; 64; 160; 4; 4; 1],0.03049010445829481,0.5997261934843806,tvm
25,25,5,320,80,80,80,5,5,0,[25; 25; 5; 320; 80; 80; 80; 5; 5; 0],0.030873185547534376,0.5922846626099015,tvm
30,30,10,128,32,32,64,2,2,1,[30; 30; 10; 128; 32; 32; 64; 2; 2; 1],0.029320962261408567,0.6236396378362191,tvm
375,25,5,320,64,64,80,8,4,1,[375; 25; 5; 320; 64; 64; 80; 8; 4; 1],0.02802108647301793,0.6525697818077815,tvm
1500,50,5,640,640,80,160,4,5,0,[1500; 50; 5; 640; 640; 80; 160; 4; 5; 0],0.025749112537596375,0.7101493016124438,tvm
500,25,5,256,256,64,64,16,4,1,[500; 25; 5; 256; 256; 64; 64; 16; 4; 1],0.02929813601076603,0.6241255170293063,tvm
250,125,5,320,160,32,10,5,2,1,[250; 125; 5; 320; 160; 32; 10; 5; 2; 1],0.033119674248155206,0.5521103302135533,tvm
300,50,5,256,256,32,160,8,2,0,[300; 50; 5; 256; 256; 32; 160; 8; 2; 0],0.02889247896382585,0.6328883827728484,tvm
60,60,5,640,64,32,64,8,2,1,[60; 60; 5; 640; 64; 32; 64; 8; 2; 1],0.027044278278481215,0.6761398510036777,tvm
1500,60,5,640,80,80,80,16,5,1,[1500; 60; 5; 640; 80; 80; 80; 16; 5; 1],0.024220807768870145,0.7549588956820857,tvm
1500,500,4,512,64,64,128,4,4,1,[1500; 500; 4; 512; 64; 64; 128; 4; 4; 1],0.0398360337712802,0.4590244699234435,tvm
50,50,5,640,160,32,80,1,2,1,[50; 50; 5; 640; 160; 32; 80; 1; 2; 1],0.02685038704657927,0.6810223723774544,tvm
300,150,5,512,128,64,40,10,4,0,[300; 150; 5; 512; 128; 64; 40; 10; 4; 0],0.029622253263369203,0.6172965345727548,tvm
1500,300,6,128,64,64,160,40,4,0,[1500; 300; 6; 128; 64; 64; 160; 40; 4; 0],0.029529665247537196,0.6192320208316393,tvm
250,250,10,640,160,32,160,4,2,0,[250; 250; 10; 640; 160; 32; 160; 4; 2; 0],0.0258276829845272,0.7079889549778374,tvm
750,375,5,320,80,80,40,4,5,1,[750; 375; 5; 320; 80; 80; 40; 4; 5; 1],0.023602116387337446,0.774748924444953,tvm
375,125,5,256,128,32,128,16,2,1,[375; 125; 5; 256; 128; 32; 128; 16; 2; 1],0.024205924361012876,0.7554230944869869,tvm
1500,300,3,512,512,32,10,10,2,1,[1500; 300; 3; 512; 512; 32; 10; 10; 2; 1],0.04843364149564877,0.37754159549116406,tvm
150,50,10,160,160,16,64,32,1,0,[150; 50; 10; 160; 160; 16; 64; 32; 1; 0],0.040563884016592056,0.4507880526981782,tvm
1500,15,5,256,128,64,256,64,4,1,[1500; 15; 5; 256; 128; 64; 256; 64; 4; 1],0.051421769545413554,0.35560258714094056,tvm
150,50,10,320,160,16,32,32,1,0,[150; 50; 10; 320; 160; 16; 32; 32; 1; 0],0.04875036876183003,0.37508873779087004,tvm
300,150,6,512,64,16,16,8,1,0,[300; 150; 6; 512; 64; 16; 16; 8; 1; 0],0.07758244557771832,0.23569396594228972,tvm
1500,60,2,640,640,64,128,2,4,0,[1500; 60; 2; 640; 640; 64; 128; 2; 4; 0],0.03903821378480643,0.4684055061154217,tvm
300,300,3,512,128,16,8,4,1,1,[300; 300; 3; 512; 128; 16; 8; 4; 1; 1],0.03536333254305646,0.5170811959944839,tvm
300,30,5,640,32,32,20,5,2,1,[300; 30; 5; 640; 32; 32; 20; 5; 2; 1],0.036745132703799754,0.4976363654232603,tvm
500,500,2,1024,1024,64,160,10,4,0,[500; 500; 2; 1024; 1024; 64; 160; 10; 4; 0],0.037618851754814386,0.4860784801432467,tvm
150,30,2,1024,512,64,64,2,4,0,[150; 30; 2; 1024; 512; 64; 64; 2; 4; 0],0.04356098274001852,0.41977276763583216,tvm
300,60,12,320,64,16,80,10,1,0,[300; 60; 12; 320; 64; 16; 80; 10; 1; 0],0.03552357875742018,0.514748652172179,tvm
500,125,5,1024,64,16,40,1,1,1,[500; 125; 5; 1024; 64; 16; 40; 1; 1; 1],0.03771190048428252,0.48487915090185824,tvm
750,150,6,640,64,32,20,1,2,0,[750; 150; 6; 640; 64; 32; 20; 1; 2; 0],0.03264192026108503,0.5601911327353528,tvm
100,100,2,640,64,64,8,8,4,0,[100; 100; 2; 640; 64; 64; 8; 8; 4; 0],0.040871009696274996,0.44740060061155906,tvm
1500,60,3,128,32,32,80,20,2,1,[1500; 60; 3; 128; 32; 32; 80; 20; 2; 1],0.03652961627813056,0.5005723067685637,tvm
150,30,2,128,128,64,16,8,4,0,[150; 30; 2; 128; 128; 64; 16; 8; 4; 0],0.052780798519961536,0.34644633651760093,tvm
150,75,3,64,32,32,160,2,2,1,[150; 75; 3; 64; 32; 32; 160; 2; 2; 1],0.036104406986851245,0.506467653446675,tvm
1500,100,10,1024,128,16,128,1,1,1,[1500; 100; 10; 1024; 128; 16; 128; 1; 1; 1],0.05073929240461439,0.3603856778272952,tvm
750,150,2,512,128,128,32,32,8,1,[750; 150; 2; 512; 128; 128; 32; 32; 8; 1],0.02959183929488063,0.6179309810214367,tvm
500,20,5,1024,64,32,64,2,2,0,[500; 20; 5; 1024; 64; 32; 64; 2; 2; 0],0.03538715775357559,0.5167330592937112,tvm
300,100,5,640,640,16,10,1,1,1,[300; 100; 5; 640; 640; 16; 10; 1; 1; 1],0.033592400257475674,0.5443408076100479,tvm
300,100,4,640,320,16,80,8,1,1,[300; 100; 4; 640; 320; 16; 80; 8; 1; 1],0.04357309750048444,0.4196560569399729,tvm
500,20,10,64,32,32,40,10,2,1,[500; 20; 10; 64; 32; 32; 40; 10; 2; 1],0.037004342477303,0.4941504986051305,tvm
150,50,2,640,640,160,16,8,10,1,[150; 50; 2; 640; 640; 160; 16; 8; 10; 1],0.04300478403456509,0.425201862914069,tvm
60,30,5,640,640,32,256,32,2,1,[60; 30; 5; 640; 640; 32; 256; 32; 2; 1],0.04261214128928259,0.42911981732101645,tvm
1500,750,10,640,640,16,80,8,1,0,[1500; 750; 10; 640; 640; 16; 80; 8; 1; 0],0.029809499508701265,0.6134190304126631,tvm
100,100,4,512,256,16,16,8,1,1,[100; 100; 4; 512; 256; 16; 16; 8; 1; 1],0.040497360459994525,0.45152854600926157,tvm
1500,375,15,640,320,16,20,20,1,1,[1500; 375; 15; 640; 320; 16; 20; 20; 1; 1],0.031265309487935156,0.5848563339112471,tvm
250,250,2,256,256,128,160,20,8,1,[250; 250; 2; 256; 256; 128; 160; 20; 8; 1],0.030287714733276516,0.6037337067766335,tvm
15,15,5,640,640,64,80,16,4,0,[15; 15; 5; 640; 640; 64; 80; 16; 4; 0],0.03422959672752768,0.5342077042645609,tvm
1500,375,3,1024,128,64,80,5,4,0,[1500; 375; 3; 1024; 128; 64; 80; 5; 4; 0],0.04840110847726464,0.3777953617385354,tvm
20,20,4,256,32,32,64,2,2,1,[20; 20; 4; 256; 32; 32; 64; 2; 2; 1],0.03401407320052385,0.5375926069751819,tvm
30,15,5,320,64,32,80,5,2,0,[30; 15; 5; 320; 64; 32; 80; 5; 2; 0],0.03459489776287228,0.5285667964984931,tvm
15,15,5,128,64,32,80,4,2,0,[15; 15; 5; 128; 64; 32; 80; 4; 2; 0],0.03604414075380191,0.5073144734012149,tvm
60,15,3,256,64,64,160,4,4,1,[60; 15; 3; 256; 64; 64; 160; 4; 4; 1],0.040408927015960217,0.4525166995523544,tvm
300,150,10,640,80,16,160,2,1,0,[300; 150; 10; 640; 80; 16; 160; 2; 1; 0],0.03443576622521505,0.5310093629432546,tvm
125,25,5,1024,32,32,80,2,2,0,[125; 25; 5; 1024; 32; 32; 80; 2; 2; 0],0.03773838351480663,0.4845388854172808,tvm
1500,20,5,64,64,64,64,8,4,0,[1500; 20; 5; 64; 64; 64; 64; 8; 4; 0],0.03430344152729958,0.5330577187470252,tvm
60,20,5,64,64,64,64,8,4,1,[60; 20; 5; 64; 64; 64; 64; 8; 4; 1],0.030955526744946837,0.5907091950454126,tvm
300,20,5,320,160,80,128,2,5,0,[300; 20; 5; 320; 160; 80; 128; 2; 5; 0],0.034637188247870654,0.5279214396635793,tvm
25,25,5,128,64,32,40,10,2,1,[25; 25; 5; 128; 64; 32; 40; 10; 2; 1],0.032083845988381654,0.5699352344583624,tvm
1500,30,3,512,64,64,128,16,4,1,[1500; 30; 3; 512; 64; 64; 128; 16; 4; 1],0.05309000704437494,0.34442855263572086,tvm
500,100,5,1024,128,32,20,4,2,1,[500; 100; 5; 1024; 128; 32; 20; 4; 2; 1],0.03181783150648698,0.5747002048831084,tvm
500,25,5,640,64,64,160,16,4,0,[500; 25; 5; 640; 64; 64; 160; 16; 4; 0],0.029377675498835742,0.6224357092663428,tvm
100,50,5,640,32,32,160,40,2,1,[100; 50; 5; 640; 32; 32; 160; 40; 2; 1],0.029000379727222025,0.6305336156874486,tvm
250,250,10,320,160,32,10,10,2,1,[250; 250; 10; 320; 160; 32; 10; 10; 2; 1],0.03383160074008629,0.5404921400614652,tvm
1500,375,5,1024,512,32,80,20,2,1,[1500; 375; 5; 1024; 512; 32; 80; 20; 2; 1],0.03897102776682004,0.4692130368007065,tvm
300,100,5,1024,1024,32,128,64,2,0,[300; 100; 5; 1024; 1024; 32; 128; 64; 2; 0],0.03951051348121837,0.46280629317577826,tvm
150,30,5,1024,64,64,160,4,4,0,[150; 30; 5; 1024; 64; 64; 160; 4; 4; 0],0.03327416570391506,0.5495468901738016,tvm
60,30,5,64,32,32,160,10,2,1,[60; 30; 5; 64; 32; 32; 160; 10; 2; 1],0.03002860746346414,0.608943132243563,tvm
750,30,10,160,32,32,64,8,2,1,[750; 30; 10; 160; 32; 32; 64; 8; 2; 1],0.035583143995609134,0.5138869765968599,tvm
75,75,3,640,128,64,128,32,4,0,[75; 75; 3; 640; 128; 64; 128; 32; 4; 0],0.027587970718741417,0.6628147634393493,tvm
250,125,5,1024,64,64,64,64,4,0,[250; 125; 5; 1024; 64; 64; 64; 64; 4; 0],0.029735787480603904,0.614939634527645,tvm
300,25,5,320,160,32,128,8,2,1,[300; 25; 5; 320; 160; 32; 128; 8; 2; 1],0.03173336427425966,0.576229930355876,tvm
750,30,10,512,256,32,64,32,2,1,[750; 30; 10; 512; 256; 32; 64; 32; 2; 1],0.03786320425570011,0.482941542987912,tvm
1500,100,5,128,128,64,32,16,4,1,[1500; 100; 5; 128; 128; 64; 32; 16; 4; 1],0.026185918017290533,0.6983033504359194,tvm
300,100,10,128,32,32,128,8,2,0,[300; 100; 10; 128; 32; 32; 128; 8; 2; 0],0.029991973482538015,0.6096869316172419,tvm
300,25,5,128,64,64,128,8,4,1,[300; 25; 5; 128; 64; 64; 128; 8; 4; 1],0.029401664505712688,0.6219278599740979,tvm
750,750,5,1024,128,64,64,8,4,1,[750; 750; 5; 1024; 128; 64; 64; 8; 4; 1],0.036401176534127444,0.5023385512984933,tvm
1500,300,5,512,512,64,64,64,4,0,[1500; 300; 5; 512; 512; 64; 64; 64; 4; 0],0.04956174996914342,0.36894811618029555,tvm
1500,1500,4,128,64,32,128,16,2,1,[1500; 1500; 4; 128; 64; 32; 128; 16; 2; 1],0.028903472004458308,0.6326476723244097,tvm
250,50,5,160,160,80,80,40,5,0,[250; 50; 5; 160; 160; 80; 80; 40; 5; 0],0.05925169156398624,0.30861083967480385,tvm
1500,500,5,320,320,64,64,2,4,0,[1500; 500; 5; 320; 320; 64; 64; 2; 4; 0],0.028063702513463795,0.651578824174806,tvm
750,75,5,640,80,80,160,16,5,1,[750; 75; 5; 640; 80; 80; 160; 16; 5; 1],0.023766425147186965,0.7693927114603778,tvm
750,750,2,320,320,32,80,40,2,1,[750; 750; 2; 320; 320; 32; 80; 40; 2; 1],0.046773738984484226,0.39093975984643903,tvm
75,15,5,256,256,16,64,32,1,1,[75; 15; 5; 256; 256; 16; 64; 32; 1; 1],0.0441744810086675,0.4139429342050773,tvm
500,100,5,64,64,16,160,40,1,0,[500; 100; 5; 64; 64; 16; 160; 40; 1; 0],0.042428190470673144,0.4309803006648041,tvm
250,250,5,640,64,64,10,1,4,0,[250; 250; 5; 640; 64; 64; 10; 1; 4; 0],0.05522710899822414,0.3311003349152728,tvm
750,750,15,80,80,16,640,5,1,1,[750; 750; 15; 80; 80; 16; 640; 5; 1; 1],0.05440634652040899,0.3360952435733747,tvm
750,15,15,256,256,16,160,5,1,0,[750; 15; 15; 256; 256; 16; 160; 5; 1; 0],0.07263491197954863,0.2517482817472524,tvm
300,15,15,320,320,16,20,4,1,0,[300; 15; 15; 320; 320; 16; 20; 4; 1; 0],0.041919906972907484,0.4362059843675752,tvm
1500,60,10,1024,128,16,64,8,1,1,[1500; 60; 10; 1024; 128; 16; 64; 8; 1; 1],0.054061411996372044,0.33823967244772307,tvm
1500,30,15,640,640,16,32,2,1,1,[1500; 30; 15; 640; 640; 16; 32; 2; 1; 1],0.03791700419969857,0.4822563035151299,tvm
15,15,15,256,128,16,80,40,1,1,[15; 15; 15; 256; 128; 16; 80; 40; 1; 1],0.08101109054405242,0.2257186536178134,tvm
30,15,5,1024,128,32,256,8,2,1,[30; 15; 5; 1024; 128; 32; 256; 8; 2; 1],0.0492225747439079,0.3714904061977669,tvm
300,100,2,1024,512,16,10,5,1,1,[300; 100; 2; 1024; 512; 16; 10; 5; 1; 1],0.05183481203857809,0.35276898992331895,tvm
1500,500,4,160,160,16,256,8,1,1,[1500; 500; 4; 160; 160; 16; 256; 8; 1; 1],0.05584982654545456,0.3274086137193653,tvm
150,150,6,1024,128,16,80,4,1,0,[150; 150; 6; 1024; 128; 16; 80; 4; 1; 0],0.042507490958087146,0.43017627889974036,tvm
75,15,3,1024,256,64,256,16,4,0,[75; 15; 3; 1024; 256; 64; 256; 16; 4; 0],0.05583068402484059,0.3275208714544582,tvm
60,30,5,640,128,32,8,8,2,0,[60; 30; 5; 640; 128; 32; 8; 8; 2; 0],0.05472139245830476,0.33416025185483317,tvm
1500,750,3,32,32,32,64,16,2,0,[1500; 750; 3; 32; 32; 32; 64; 16; 2; 0],0.043895119975786656,0.41657738481637635,tvm
100,100,20,256,256,16,256,2,1,1,[100; 100; 20; 256; 256; 16; 256; 2; 1; 1],0.05294318706728518,0.3453837084358953,tvm
30,30,15,640,640,16,128,4,1,1,[30; 30; 15; 640; 640; 16; 128; 4; 1; 1],0.06148503301665187,0.2974010647560684,tvm
1500,1500,4,128,64,16,256,8,1,1,[1500; 1500; 4; 128; 64; 16; 256; 8; 1; 1],0.06054744799621403,0.3020063584985064,tvm
750,30,3,128,128,32,80,20,2,0,[750; 30; 3; 128; 128; 32; 80; 20; 2; 0],0.038331136223860085,0.47704597585948755,tvm
300,15,5,320,32,32,10,5,2,1,[300; 15; 5; 320; 32; 32; 10; 5; 2; 1],0.04471606749575585,0.4089293918220748,tvm
750,750,6,640,80,16,160,16,1,0,[750; 750; 6; 640; 80; 16; 160; 16; 1; 0],0.03525901777902618,0.5186109947904317,tvm
60,30,2,512,128,64,20,10,4,0,[60; 30; 2; 512; 128; 64; 20; 10; 4; 0],0.05227345949970186,0.34980876453793114,tvm
300,60,10,512,512,16,40,10,1,0,[300; 60; 10; 512; 512; 16; 40; 10; 1; 0],0.04037112003425136,0.4529404750277044,tvm
1500,150,10,1024,1024,16,10,1,1,1,[1500; 150; 10; 1024; 1024; 16; 10; 1; 1; 1],0.059896299499087036,0.30528954941520225,tvm
375,25,5,1024,256,32,256,8,2,1,[375; 25; 5; 1024; 256; 32; 256; 8; 2; 1],0.05076065193861723,0.3602340314270678,tvm
300,300,3,640,320,16,16,8,1,1,[300; 300; 3; 640; 320; 16; 16; 8; 1; 1],0.038177477777935565,0.4789660121623436,tvm
1500,250,25,640,128,16,32,2,1,1,[1500; 250; 25; 640; 128; 16; 32; 2; 1; 1],0.03186059248400852,0.5739288839305878,tvm
1500,500,5,640,640,16,10,10,1,1,[1500; 500; 5; 640; 640; 16; 10; 10; 1; 1],0.03729936602758244,0.49024195939931575,tvm
1500,1500,20,128,64,16,80,8,1,0,[1500; 1500; 20; 128; 64; 16; 80; 8; 1; 0],0.03268850623862818,0.5593927771500908,tvm
1500,750,30,160,80,16,128,2,1,1,[1500; 750; 30; 160; 80; 16; 128; 2; 1; 1],0.029500473523512483,0.6198447720217168,tvm
100,50,2,640,640,160,160,4,10,0,[100; 50; 2; 640; 640; 160; 160; 4; 10; 0],0.03391128923976794,0.5392220318262196,tvm
750,75,5,320,64,64,10,2,4,1,[750; 75; 5; 320; 64; 64; 10; 2; 4; 1],0.030241029046010226,0.6046657426205133,tvm
250,50,2,256,256,128,80,2,8,1,[250; 50; 2; 256; 256; 128; 80; 2; 8; 1],0.03415404725819826,0.5353893829178626,tvm
750,150,15,1024,512,16,160,5,1,0,[750; 150; 15; 1024; 512; 16; 160; 5; 1; 0],0.05103238846641034,0.3583158624399874,tvm
300,15,5,320,80,80,160,20,5,0,[300; 15; 5; 320; 80; 80; 160; 20; 5; 0],0.03677931899437681,0.4971738135910018,tvm
500,500,2,320,160,160,64,1,10,1,[500; 500; 2; 320; 160; 160; 64; 1; 10; 1],0.030612375761847943,0.5973307798117284,tvm
1500,1500,12,1024,128,16,160,8,1,0,[1500; 1500; 12; 1024; 128; 16; 160; 8; 1; 0],0.04530225874623284,0.4036380258243714,tvm
300,60,5,512,64,32,16,8,2,1,[300; 60; 5; 512; 64; 32; 16; 8; 2; 1],0.040050173993222415,0.45657015844197657,tvm
750,30,6,640,32,32,128,32,2,0,[750; 30; 6; 640; 32; 32; 128; 32; 2; 0],0.031879505258984864,0.573588395966737,tvm
750,75,5,320,320,64,20,5,4,0,[750; 75; 5; 320; 320; 64; 20; 5; 4; 0],0.029689650516957045,0.6158952351180599,tvm
1500,300,15,64,64,16,160,1,1,1,[1500; 300; 15; 64; 64; 16; 160; 1; 1; 1],0.03074217273388058,0.5948087808888609,tvm
300,50,2,256,256,64,160,32,4,1,[300; 50; 2; 256; 256; 64; 160; 32; 4; 1],0.03919193777255714,0.4665682618663029,tvm
500,100,5,512,32,32,20,2,2,1,[500; 100; 5; 512; 32; 32; 20; 2; 2; 1],0.03613297548145056,0.5060672153917009,tvm
1500,100,10,1024,128,32,64,64,2,1,[1500; 100; 10; 1024; 128; 32; 64; 64; 2; 1],0.051561400992795825,0.3546395934483854,tvm
750,150,15,320,160,16,128,2,1,1,[750; 150; 15; 320; 160; 16; 128; 2; 1; 1],0.03001992922509089,0.6091191670908719,tvm
50,50,5,640,640,64,16,16,4,1,[50; 50; 5; 640; 640; 64; 16; 16; 4; 1],0.030613242008257657,0.5973138774645911,tvm
300,300,5,640,32,32,20,2,2,1,[300; 300; 5; 640; 32; 32; 20; 2; 2; 1],0.032672628469299525,0.559664622725296,tvm
50,25,5,640,128,32,64,32,2,1,[50; 25; 5; 640; 128; 32; 64; 32; 2; 1],0.03333398624090478,0.5485606837887134,tvm
1500,60,4,640,128,32,160,8,2,0,[1500; 60; 4; 640; 128; 32; 160; 8; 2; 0],0.030457417014986277,0.6003698303344955,tvm
500,500,4,512,128,32,40,1,2,0,[500; 500; 4; 512; 128; 32; 40; 1; 2; 0],0.0388187212520279,0.4710540094042649,tvm
50,50,10,1024,128,32,32,2,2,1,[50; 50; 10; 1024; 128; 32; 32; 2; 2; 1],0.027248111786320806,0.6710818874023464,tvm
150,150,6,1024,64,32,40,40,2,1,[150; 150; 6; 1024; 64; 32; 40; 40; 2; 1],0.04551745450589806,0.4017297207018653,tvm
250,125,5,128,64,32,40,5,2,0,[250; 125; 5; 128; 64; 32; 40; 5; 2; 0],0.029274712724145502,0.6246248924120921,tvm
300,100,10,160,160,32,20,1,2,1,[300; 100; 10; 160; 160; 32; 20; 1; 2; 1],0.02855139074381441,0.640449162346876,tvm
300,100,10,1024,256,32,32,1,2,1,[300; 100; 10; 1024; 256; 32; 32; 1; 2; 1],0.03315743600251153,0.5514815525642339,tvm
1500,1500,5,320,32,32,128,32,2,1,[1500; 1500; 5; 320; 32; 32; 128; 32; 2; 1],0.028586832515429705,0.6396551375828223,tvm
30,30,6,320,64,64,128,8,4,1,[30; 30; 6; 320; 64; 64; 128; 8; 4; 1],0.026645500503946096,0.6862589908193409,tvm
300,300,12,256,64,32,128,32,2,1,[300; 300; 12; 256; 64; 32; 128; 32; 2; 1],0.03022800147300586,0.60492633964054,tvm
250,125,5,512,64,32,80,5,2,1,[250; 125; 5; 512; 64; 32; 80; 5; 2; 1],0.02739235252374783,0.6675481512535831,tvm
150,150,10,640,64,32,160,10,2,1,[150; 150; 10; 640; 64; 32; 160; 10; 2; 1],0.02326514574815519,0.7859703301950839,tvm
750,750,6,256,64,32,128,8,2,1,[750; 750; 6; 256; 64; 32; 128; 8; 2; 1],0.024219230486778542,0.7550080625268666,tvm
300,75,5,640,160,80,160,20,5,1,[300; 75; 5; 640; 160; 80; 160; 20; 5; 1],0.023108597233658656,0.7912948631551017,tvm
750,75,3,256,256,16,8,8,1,1,[750; 75; 3; 256; 256; 16; 8; 8; 1; 1],0.0326555457431823,0.5599573937462646,tvm
60,10,5,640,128,64,64,16,4,1,[60; 10; 5; 640; 128; 64; 64; 16; 4; 1],0.03597659873776138,0.5082668992419628,tvm
12,12,6,512,128,32,40,10,2,1,[12; 12; 6; 512; 128; 32; 40; 10; 2; 1],0.033794545743148774,0.5410847781382409,tvm
12,12,12,32,32,32,40,8,2,1,[12; 12; 12; 32; 32; 32; 40; 8; 2; 1],0.04076322528999299,0.44858359846720147,tvm
1500,150,2,640,640,64,20,1,4,1,[1500; 150; 2; 640; 640; 64; 20; 1; 4; 1],0.038720771262887865,0.47224561105889773,tvm
300,75,5,1024,256,32,256,4,2,0,[300; 75; 5; 1024; 256; 32; 256; 4; 2; 0],0.054107479052618146,0.33795169551203624,tvm
50,10,10,64,32,32,80,2,2,0,[50; 10; 10; 64; 32; 32; 80; 2; 2; 0],0.042809007747564465,0.4271464172573497,tvm
1500,150,3,256,256,32,32,4,2,1,[1500; 150; 3; 256; 256; 32; 32; 4; 2; 1],0.04115774272941053,0.44428370151232,tvm
1500,250,2,640,128,64,20,10,4,1,[1500; 250; 2; 640; 128; 64; 20; 10; 4; 1],0.03893079498084262,0.4696979420716291,tvm
100,50,2,640,640,64,40,4,4,0,[100; 50; 2; 640; 640; 64; 40; 4; 4; 0],0.03976164851337671,0.4598832032721823,tvm
1500,100,20,160,80,16,32,2,1,0,[1500; 100; 20; 160; 80; 16; 32; 2; 1; 0],0.035043198498897254,0.5218049455813717,tvm
750,15,3,64,64,64,32,4,4,0,[750; 15; 3; 64; 64; 64; 32; 4; 4; 0],0.058235239470377564,0.3139974086483435,tvm
1500,100,20,256,128,16,160,10,1,0,[1500; 100; 20; 256; 128; 16; 160; 10; 1; 0],0.042205762525554746,0.4332516033715219,tvm
1500,125,5,256,256,16,160,2,1,1,[1500; 125; 5; 256; 256; 16; 160; 2; 1; 1],0.04415909975068644,0.4140871165615201,tvm
30,30,6,512,32,32,8,8,2,1,[30; 30; 6; 512; 32; 32; 8; 8; 2; 1],0.03999849874526262,0.45716001498381303,tvm
150,150,5,640,640,16,128,1,1,0,[150; 150; 5; 640; 640; 16; 128; 1; 1; 0],0.038491701474413276,0.4750560142910132,tvm
150,150,25,128,64,16,16,8,1,1,[150; 150; 25; 128; 64; 16; 16; 8; 1; 1],0.03714252001373097,0.4923121608053078,tvm
1500,1500,2,64,64,64,128,8,4,0,[1500; 1500; 2; 64; 64; 64; 128; 8; 4; 0],0.03870695998193696,0.47241411607234257,tvm
375,25,5,320,320,80,256,16,5,0,[375; 25; 5; 320; 320; 80; 256; 16; 5; 0],0.039328638289589435,0.46494653974721123,tvm
300,150,25,512,256,16,5,1,1,1,[300; 150; 25; 512; 256; 16; 5; 1; 1; 1],0.06400722044054419,0.2856820552409356,tvm
750,150,5,320,80,16,8,4,1,1,[750; 150; 5; 320; 80; 16; 8; 4; 1; 1],0.03833585698157549,0.476987231418944,tvm
60,15,3,256,128,64,80,16,4,0,[60; 15; 3; 256; 128; 64; 80; 16; 4; 0],0.03824047575471923,0.47817695582559955,tvm
375,75,3,64,32,32,40,2,2,1,[375; 75; 3; 64; 32; 32; 40; 2; 2; 1],0.03799224924296141,0.48130117721582305,tvm
300,60,6,256,128,64,256,4,4,0,[300; 60; 6; 256; 128; 64; 256; 4; 4; 0],0.04136954026762396,0.44200912476720927,tvm
60,20,2,512,512,128,80,4,8,0,[60; 20; 2; 512; 512; 128; 80; 4; 8; 0],0.03984136728104204,0.45896302094068164,tvm
750,750,10,256,256,16,10,10,1,0,[750; 750; 10; 256; 256; 16; 10; 10; 1; 0],0.06810571742244065,0.26849014998686727,tvm
1500,150,6,320,320,32,256,8,2,1,[1500; 150; 6; 320; 320; 32; 256; 8; 2; 1],0.03337661101249978,0.547860125129725,tvm
750,150,2,128,128,128,256,32,8,0,[750; 150; 2; 128; 128; 128; 256; 32; 8; 0],0.042606565984897316,0.4291759700182361,tvm
1500,375,25,640,320,16,64,64,1,0,[1500; 375; 25; 640; 320; 16; 64; 64; 1; 0],0.47418350586667657,0.038562527079665176,tvm
300,300,30,320,320,16,64,16,1,1,[300; 300; 30; 320; 320; 16; 64; 16; 1; 1],0.058693136437796056,0.31154774468550994,tvm
300,60,2,128,128,64,128,16,4,0,[300; 60; 2; 128; 128; 64; 128; 16; 4; 0],0.039225569751579314,0.46616822652978956,tvm
150,150,6,640,320,16,64,64,1,1,[150; 150; 6; 640; 320; 16; 64; 64; 1; 1],0.03526920749573037,0.518461161565026,tvm
150,15,5,512,512,64,160,10,4,1,[150; 15; 5; 512; 512; 64; 160; 10; 4; 1],0.034213685255963355,0.5344561437598171,tvm
750,750,2,640,320,80,80,1,5,0,[750; 750; 2; 640; 320; 80; 80; 1; 5; 0],0.03611122950678691,0.506371966157441,tvm
15,15,5,1024,256,64,64,8,4,1,[15; 15; 5; 1024; 256; 64; 64; 8; 4; 1],0.031744916981551796,0.5760202269969968,tvm
150,15,5,32,32,32,64,8,2,1,[150; 15; 5; 32; 32; 32; 64; 8; 2; 1],0.03329668572405353,0.5491752073241537,tvm
100,100,2,1024,128,64,160,16,4,1,[100; 100; 2; 1024; 128; 64; 160; 16; 4; 1],0.03878520877333358,0.47146102506702153,tvm
750,750,2,160,80,80,10,10,5,1,[750; 750; 2; 160; 80; 80; 10; 10; 5; 1],0.03399376379093155,0.5379137890754048,tvm
30,15,5,128,64,64,32,8,4,0,[30; 15; 5; 128; 64; 64; 32; 8; 4; 0],0.04086963046574965,0.44741569907362955,tvm
500,125,5,160,32,32,20,1,2,0,[500; 125; 5; 160; 32; 32; 20; 1; 2; 0],0.04203694371972233,0.43499152573109734,tvm
500,20,5,320,320,32,128,4,2,1,[500; 20; 5; 320; 320; 32; 128; 4; 2; 1],0.03483168699312955,0.5249735474862613,tvm
1500,100,5,1024,1024,32,80,40,2,1,[1500; 100; 5; 1024; 1024; 32; 80; 40; 2; 1],0.03921383951092139,0.46630767386655825,tvm
750,50,5,160,160,80,8,2,5,1,[750; 50; 5; 160; 160; 80; 8; 2; 5; 1],0.03779283072799444,0.4838408220152039,tvm
300,150,10,256,32,32,40,40,2,0,[300; 150; 10; 256; 32; 32; 40; 40; 2; 0],0.03475063847145066,0.5261979373627018,tvm
500,500,4,320,320,32,10,5,2,1,[500; 500; 4; 320; 320; 32; 10; 5; 2; 1],0.03239929326809943,0.5643862085016074,tvm
1500,150,5,320,64,32,40,1,2,0,[1500; 150; 5; 320; 64; 32; 40; 1; 2; 0],0.032924356986768544,0.5553856159761251,tvm
1500,125,5,1024,256,64,64,16,4,1,[1500; 125; 5; 1024; 256; 64; 64; 16; 4; 1],0.03742109826998785,0.48864718383692224,tvm
125,25,5,512,512,32,32,2,2,1,[125; 25; 5; 512; 512; 32; 32; 2; 2; 1],0.02961993624921888,0.6173448224824085,tvm
1500,300,10,160,80,16,128,2,1,1,[1500; 300; 10; 160; 80; 16; 128; 2; 1; 1],0.02901350276079029,0.6302484204156882,tvm
1500,1500,4,640,80,80,128,64,5,0,[1500; 1500; 4; 640; 80; 80; 128; 64; 5; 0],0.03098387725185603,0.5901686911898322,tvm
60,60,4,1024,512,32,80,1,2,0,[60; 60; 4; 1024; 512; 32; 80; 1; 2; 0],0.03456426173215732,0.5290352916377187,tvm
250,50,5,640,640,32,20,20,2,1,[250; 50; 5; 640; 640; 32; 20; 20; 2; 1],0.030595139018259943,0.5976673050840173,tvm
300,300,4,1024,512,64,160,40,4,1,[300; 300; 4; 1024; 512; 64; 160; 40; 4; 1],0.028093042026739568,0.6508983351930897,tvm
750,30,5,128,128,64,32,4,4,1,[750; 30; 5; 128; 128; 64; 32; 4; 4; 1],0.02901369921164587,0.6302441530232223,tvm
300,30,5,640,640,64,128,16,4,0,[300; 30; 5; 640; 640; 64; 128; 16; 4; 0],0.032201223250012845,0.5678577532208188,tvm
250,50,5,256,64,32,32,2,2,1,[250; 50; 5; 256; 64; 32; 32; 2; 2; 1],0.03025441523641348,0.60439820577679,tvm
250,50,5,640,320,32,160,10,2,0,[250; 50; 5; 640; 320; 32; 160; 10; 2; 0],0.029214467271231115,0.6259129805773014,tvm
1500,100,5,320,64,64,160,2,4,0,[1500; 100; 5; 320; 64; 64; 160; 2; 4; 0],0.024995261599542573,0.7315672297684184,tvm
100,100,5,512,256,32,32,8,2,1,[100; 100; 5; 512; 256; 32; 32; 8; 2; 1],0.027281601272989064,0.6702581018885642,tvm
750,75,5,512,64,64,160,10,4,0,[750; 75; 5; 512; 64; 64; 160; 10; 4; 0],0.03734422673005611,0.48965304377282026,tvm
150,150,5,512,512,64,32,32,4,1,[150; 150; 5; 512; 512; 64; 32; 32; 4; 1],0.02865062846103683,0.6382308266145639,tvm
300,150,6,128,128,32,160,4,2,0,[300; 150; 6; 128; 128; 32; 160; 4; 2; 0],0.027340027794707566,0.6688257386941648,tvm
500,500,5,256,64,32,160,20,2,1,[500; 500; 5; 256; 64; 32; 160; 20; 2; 1],0.02606873877812177,0.7014422309168483,tvm
300,150,10,640,64,32,64,16,2,1,[300; 150; 10; 640; 64; 32; 64; 16; 2; 1],0.025537124718539417,0.7160443662805641,tvm
100,50,5,512,512,64,16,1,4,0,[100; 50; 5; 512; 512; 64; 16; 1; 4; 0],0.031990582298021764,0.5715967941866766,tvm
100,20,4,320,160,32,256,8,2,1,[100; 20; 4; 320; 160; 32; 256; 8; 2; 1],0.05893595749512315,0.31026414200918684,tvm
30,5,5,512,512,64,8,2,4,1,[30; 5; 5; 512; 512; 64; 8; 2; 4; 1],0.057372999493964016,0.3187163726316602,tvm
300,300,2,128,128,16,128,32,1,1,[300; 300; 2; 128; 128; 16; 128; 32; 1; 1],0.07831383310258389,0.23349277594115067,tvm
150,150,15,1024,64,16,20,1,1,1,[150; 150; 15; 1024; 64; 16; 20; 1; 1; 1],0.040290936012752354,0.4538418834431331,tvm
50,10,10,320,64,32,128,1,2,0,[50; 10; 10; 320; 64; 32; 128; 1; 2; 0],0.0601557184709236,0.3039730012459701,tvm
750,375,3,128,128,32,40,5,2,1,[750; 375; 3; 128; 128; 32; 40; 5; 2; 1],0.033418888750020415,0.5471670354599423,tvm
300,300,3,640,64,32,80,4,2,1,[300; 300; 3; 640; 64; 32; 80; 4; 2; 1],0.03409229026874527,0.5363592220285079,tvm
1500,150,10,1024,64,32,10,2,2,1,[1500; 150; 10; 1024; 64; 32; 10; 2; 2; 1],0.05626165401190519,0.3250120282963056,tvm
500,250,5,512,64,16,2,2,1,1,[500; 250; 5; 512; 64; 16; 2; 2; 1; 1],0.07476600003428757,0.24457259017907187,tvm
60,10,5,640,64,64,40,4,4,1,[60; 10; 5; 640; 64; 64; 40; 4; 4; 1],0.03737848554737866,0.4892042579557282,tvm
60,20,10,128,32,32,20,20,2,0,[60; 20; 10; 128; 32; 32; 20; 20; 2; 0],0.044875772728119045,0.4074740817611928,tvm
60,60,6,640,160,32,256,64,2,0,[60; 60; 6; 640; 160; 32; 256; 64; 2; 0],0.045990796003025025,0.3975950815139523,tvm
1500,300,3,512,128,16,8,4,1,1,[1500; 300; 3; 512; 128; 16; 8; 4; 1; 1],0.05091428500600159,0.35914703080989613,tvm
1500,50,10,80,80,16,64,1,1,1,[1500; 50; 10; 80; 80; 16; 64; 1; 1; 1],0.03725445974851027,0.49083289381066636,tvm
150,75,3,160,160,80,8,1,5,0,[150; 75; 3; 160; 160; 80; 8; 1; 5; 0],0.04919988627079874,0.3716617185874935,tvm
250,250,2,320,160,32,10,5,2,1,[250; 250; 2; 320; 160; 32; 10; 5; 2; 1],0.03477293922333047,0.5258604735214824,tvm
30,10,5,640,160,80,64,8,5,0,[30; 10; 5; 640; 160; 80; 64; 8; 5; 0],0.0380831400398165,0.4801524839232347,tvm
500,250,5,1024,64,64,256,64,4,0,[500; 250; 5; 1024; 64; 64; 256; 64; 4; 0],0.05399528658017516,0.3386538982168871,tvm
10,10,5,512,256,64,80,2,4,0,[10; 10; 5; 512; 256; 64; 80; 2; 4; 0],0.038702623976860195,0.47246704245807936,tvm
60,60,4,256,32,32,256,1,2,1,[60; 60; 4; 256; 32; 32; 256; 1; 2; 1],0.03929066052660346,0.46539595009692303,tvm
150,75,5,64,64,16,16,2,1,1,[150; 75; 5; 64; 64; 16; 16; 2; 1; 1],0.0452296250150539,0.4042862234570418,tvm
750,375,5,80,80,16,4,2,1,1,[750; 375; 5; 80; 80; 16; 4; 2; 1; 1],0.03718638652935624,0.49173141012985766,tvm
300,50,2,1024,1024,64,128,16,4,1,[300; 50; 2; 1024; 1024; 64; 128; 16; 4; 1],0.046680393745191395,0.39172150915282117,tvm
375,125,5,512,512,16,128,8,1,1,[375; 125; 5; 512; 512; 16; 128; 8; 1; 1],0.03545778174884617,0.5157038422548619,tvm
100,20,4,320,64,32,20,5,2,0,[100; 20; 4; 320; 64; 32; 20; 5; 2; 0],0.05433761596214026,0.33652036369160654,tvm
750,750,5,640,64,32,8,4,2,1,[750; 750; 5; 640; 64; 32; 8; 4; 2; 1],0.040135876974090934,0.4555952345956794,tvm
1500,12,6,512,64,32,64,1,2,1,[1500; 12; 6; 512; 64; 32; 64; 1; 2; 1],0.05804095545317978,0.31504847125517993,tvm
1500,12,3,640,80,80,80,40,5,1,[1500; 12; 3; 640; 80; 80; 80; 40; 5; 1],0.04229906224645674,0.4322959733521285,tvm
125,125,5,640,80,16,32,32,1,1,[125; 125; 5; 640; 80; 16; 32; 32; 1; 1],0.04667390399845317,0.3917759758498089,tvm
20,20,2,640,160,160,80,10,10,1,[20; 20; 2; 640; 160; 160; 80; 10; 10; 1],0.04071250226115808,0.4491424813050571,tvm
1500,750,15,320,320,16,20,2,1,0,[1500; 750; 15; 320; 320; 16; 20; 2; 1; 0],0.045809955219738185,0.3991646400439069,tvm
500,500,2,512,256,64,160,5,4,1,[500; 500; 2; 512; 256; 64; 160; 5; 4; 1],0.03617151523940265,0.5055280146460424,tvm
1500,250,10,640,320,16,64,16,1,0,[1500; 250; 10; 640; 320; 16; 64; 16; 1; 0],0.03430045145796612,0.5331041869265984,tvm
750,30,5,512,64,32,40,20,2,0,[750; 30; 5; 512; 64; 32; 40; 20; 2; 0],0.04101222474128008,0.4458600917425761,tvm
1500,100,2,640,640,160,128,16,10,1,[1500; 100; 2; 640; 640; 160; 128; 16; 10; 1],0.030412284773774445,0.6012607872685279,tvm
1500,500,10,256,128,16,160,1,1,0,[1500; 500; 10; 256; 128; 16; 160; 1; 1; 0],0.038904921035282314,0.47001031743853783,tvm
150,50,5,640,80,80,10,1,5,1,[150; 50; 5; 640; 80; 80; 10; 1; 5; 1],0.032799975539091974,0.5574917049532807,tvm
60,30,10,640,640,32,10,2,2,1,[60; 30; 10; 640; 640; 32; 10; 2; 2; 1],0.031143400236032903,0.5871457242025141,tvm
15,15,5,640,160,80,40,4,5,0,[15; 15; 5; 640; 160; 80; 40; 4; 5; 0],0.03537585848243907,0.5168981070746734,tvm
750,75,5,320,320,32,10,5,2,1,[750; 75; 5; 320; 320; 32; 10; 5; 2; 1],0.03128030546940863,0.5845759499886363,tvm
1500,60,12,128,64,32,32,16,2,0,[1500; 60; 12; 128; 64; 32; 32; 16; 2; 0],0.03039968729717657,0.6015099466964783,tvm
1500,50,10,320,160,32,40,4,2,0,[1500; 50; 10; 320; 160; 32; 40; 4; 2; 0],0.029037791478913277,0.6297212478777198,tvm
750,75,5,320,32,32,32,4,2,0,[750; 75; 5; 320; 32; 32; 32; 4; 2; 0],0.03619649773463607,0.5051791037843109,tvm
1500,30,10,160,32,32,64,64,2,1,[1500; 30; 10; 160; 32; 32; 64; 64; 2; 1],0.03716236003674567,0.49204932807371776,tvm
300,60,12,640,128,32,40,2,2,0,[300; 60; 12; 640; 128; 32; 40; 2; 2; 0],0.028790020034648478,0.6351407280615862,tvm
30,30,5,320,320,80,80,40,5,1,[30; 30; 5; 320; 320; 80; 80; 40; 5; 1],0.03999969200231135,0.45714637714354556,tvm
150,75,5,512,256,64,40,2,4,0,[150; 75; 5; 512; 256; 64; 40; 2; 4; 0],0.027861413022037596,0.6563096520356236,tvm
100,50,5,640,32,32,160,2,2,0,[100; 50; 5; 640; 32; 32; 160; 2; 2; 0],0.030460963724181056,0.6002999265318189,tvm
1500,60,12,512,256,32,80,8,2,0,[1500; 60; 12; 512; 256; 32; 80; 8; 2; 0],0.0418590972549282,0.43683967129896606,tvm
250,125,5,1024,256,32,20,2,2,1,[250; 125; 5; 1024; 256; 32; 20; 2; 2; 1],0.03100842423737049,0.5897015000096926,tvm
300,300,5,1024,512,32,32,8,2,1,[300; 300; 5; 1024; 512; 32; 32; 8; 2; 1],0.033796447271015495,0.5410543344713182,tvm
500,125,5,1024,256,64,32,8,4,1,[500; 125; 5; 1024; 256; 64; 32; 8; 4; 1],0.02599285979522392,0.7034898979863005,tvm
250,125,5,1024,256,32,80,10,2,1,[250; 125; 5; 1024; 256; 32; 80; 10; 2; 1],0.02670808171387762,0.6846509787415006,tvm
100,50,10,640,128,32,160,5,2,0,[100; 50; 10; 640; 128; 32; 160; 5; 2; 0],0.02744065155275166,0.666373181794244,tvm
375,25,5,256,128,64,64,1,4,1,[375; 25; 5; 256; 128; 64; 64; 1; 4; 1],0.02760764950653538,0.6623423077500903,tvm
150,150,6,512,512,32,20,20,2,1,[150; 150; 6; 512; 512; 32; 20; 20; 2; 1],0.030729203950613737,0.5950598106967583,tvm
750,750,6,512,64,32,40,8,2,1,[750; 750; 6; 512; 64; 32; 40; 8; 2; 1],0.03245637024519965,0.5633936927503091,tvm
750,750,5,64,64,32,160,20,2,0,[750; 750; 5; 64; 64; 32; 160; 20; 2; 0],0.02759835700271651,0.6625653216934044,tvm
1500,125,5,320,64,64,128,1,4,0,[1500; 125; 5; 320; 64; 64; 128; 1; 4; 0],0.025667809240985662,0.7123987136586691,tvm
1500,150,6,640,320,64,80,20,4,1,[1500; 150; 6; 640; 320; 64; 80; 20; 4; 1],0.02191591713926755,0.8343577031029701,tvm
500,500,10,640,128,32,128,32,2,1,[500; 500; 10; 640; 128; 32; 128; 32; 2; 1],0.027360397740267217,0.6683277947674929,tvm
300,300,4,256,256,32,128,4,2,1,[300; 300; 4; 256; 256; 32; 128; 4; 2; 1],0.02805565675953403,0.6517656828511181,tvm
750,750,5,160,160,80,128,32,5,1,[750; 750; 5; 160; 160; 80; 128; 32; 5; 1],0.03849818871822208,0.4749759636629148,tvm
750,50,10,128,128,16,8,2,1,1,[750; 50; 10; 128; 128; 16; 8; 2; 1; 1],0.037972999503836036,0.4815451643177954,tvm
300,300,10,128,64,32,256,32,2,1,[300; 300; 10; 128; 64; 32; 256; 32; 2; 1],0.03755768301198259,0.4868701373266376,tvm
250,50,5,320,160,16,20,5,1,1,[250; 50; 5; 320; 160; 16; 20; 5; 1; 1],0.041547766246367246,0.44011305390727495,tvm
150,75,3,512,512,32,8,1,2,1,[150; 75; 3; 512; 512; 32; 8; 1; 2; 1],0.03135193500202149,0.5832403736654619,tvm
300,60,4,256,256,64,256,8,4,0,[300; 60; 4; 256; 256; 64; 256; 8; 4; 0],0.043141809524968266,0.4238513517874454,tvm
300,60,2,1024,512,64,128,8,4,0,[300; 60; 2; 1024; 512; 64; 128; 8; 4; 0],0.04802632424980402,0.380743572849819,tvm
50,10,5,256,64,64,40,1,4,1,[50; 10; 5; 256; 64; 64; 40; 1; 4; 1],0.04029314871877432,0.4538169606286982,tvm
20,20,2,640,128,64,32,32,4,0,[20; 20; 2; 640; 128; 64; 32; 32; 4; 0],0.0615847505396232,0.29691951539122313,tvm
750,150,3,160,160,32,64,1,2,0,[750; 150; 3; 160; 160; 32; 64; 1; 2; 0],0.03731301851803437,0.4900625843732347,tvm
60,12,4,1024,64,32,80,4,2,1,[60; 12; 4; 1024; 64; 32; 80; 4; 2; 1],0.04687007999746129,0.3901361868105352,tvm
500,50,2,256,64,64,32,4,4,1,[500; 50; 2; 256; 64; 64; 32; 4; 4; 1],0.04832137346966192,0.3784187611553464,tvm
75,15,3,640,64,64,40,40,4,1,[75; 15; 3; 640; 64; 64; 40; 40; 4; 1],0.03938078321516514,0.4643308942284481,tvm
1500,60,12,160,160,16,160,4,1,1,[1500; 60; 12; 160; 160; 16; 160; 4; 1; 1],0.03313352051191032,0.5518796072135234,tvm
150,30,3,320,160,80,256,1,5,1,[150; 30; 3; 320; 160; 80; 256; 1; 5; 1],0.03770107071613893,0.48501843418167456,tvm
60,12,6,256,256,32,40,1,2,0,[60; 12; 6; 256; 256; 32; 40; 1; 2; 0],0.0467687324853614,0.3909816091645783,tvm
250,250,5,1024,1024,64,16,1,4,0,[250; 250; 5; 1024; 1024; 64; 16; 1; 4; 0],0.036533118749503046,0.5005243163359281,tvm
30,30,5,32,32,32,16,1,2,1,[30; 30; 5; 32; 32; 32; 16; 1; 2; 1],0.03802925400668755,0.4808328420667598,tvm
300,300,10,256,256,16,80,20,1,0,[300; 300; 10; 256; 256; 16; 80; 20; 1; 0],0.03295171522768214,0.5549245057311246,tvm
1500,15,5,640,160,32,64,1,2,0,[1500; 15; 5; 640; 160; 32; 64; 1; 2; 0],0.04492122173542157,0.40706182021081405,tvm
100,100,2,320,320,64,160,10,4,0,[100; 100; 2; 320; 320; 64; 160; 10; 4; 0],0.036959949240554124,0.4947440313486788,tvm
12,12,6,512,512,64,40,10,4,1,[12; 12; 6; 512; 512; 64; 40; 10; 4; 1],0.033340105263050646,0.5484600045933127,tvm
300,300,2,1024,512,128,32,32,8,0,[300; 300; 2; 1024; 512; 128; 32; 32; 8; 0],0.0553759909234941,0.33021015029739714,tvm
1500,100,10,256,32,32,20,20,2,1,[1500; 100; 10; 256; 32; 32; 20; 20; 2; 1],0.0311469022417441,0.5870797084021785,tvm
500,100,20,640,128,16,40,5,1,1,[500; 100; 20; 640; 128; 16; 40; 5; 1; 1],0.03103312326129526,0.5892321611250894,tvm
100,20,5,512,512,32,20,1,2,0,[100; 20; 5; 512; 512; 32; 20; 1; 2; 0],0.03435912949498743,0.532193759110863,tvm
30,30,2,640,80,80,64,32,5,0,[30; 30; 2; 640; 80; 80; 64; 32; 5; 0],0.04364505800185725,0.41896414217014366,tvm
300,20,5,640,320,64,64,32,4,0,[300; 20; 5; 640; 320; 64; 64; 32; 4; 0],0.03034956200281158,0.6025033996872937,tvm
500,500,25,128,128,16,160,2,1,1,[500; 500; 25; 128; 128; 16; 160; 2; 1; 1],0.02848734922008589,0.6418889361886074,tvm
750,750,10,256,256,16,128,2,1,0,[750; 750; 10; 256; 256; 16; 128; 2; 1; 0],0.028774031496141106,0.635493649479274,tvm
750,375,3,64,64,64,160,10,4,0,[750; 375; 3; 64; 64; 64; 160; 10; 4; 0],0.02933705021860078,0.6232976440869459,tvm
15,15,5,64,64,32,128,2,2,0,[15; 15; 5; 64; 64; 32; 128; 2; 2; 0],0.03861320420401171,0.4735611732479455,tvm
60,60,2,128,128,128,128,2,8,1,[60; 60; 2; 128; 128; 128; 128; 2; 8; 1],0.03340261528501287,0.5474336105029101,tvm
150,15,5,512,256,64,32,2,4,0,[150; 15; 5; 512; 256; 64; 32; 2; 4; 0],0.038899530249182135,0.47007545254608174,tvm
1500,750,6,1024,64,64,64,32,4,1,[1500; 750; 6; 1024; 64; 64; 64; 32; 4; 1],0.03912080975715071,0.46741655909542945,tvm
20,20,10,640,320,32,20,4,2,1,[20; 20; 10; 640; 320; 32; 20; 4; 2; 1],0.028153910010587424,0.649491110784891,tvm
750,15,5,320,160,80,64,4,5,1,[750; 15; 5; 320; 160; 80; 64; 4; 5; 1],0.031104570778552443,0.5878786888235361,tvm
300,50,2,640,320,160,80,4,10,1,[300; 50; 2; 640; 320; 160; 80; 4; 10; 1],0.03294718771940097,0.5550007618691757,tvm
375,75,5,128,64,64,20,2,4,0,[375; 75; 5; 128; 64; 64; 20; 2; 4; 0],0.03570842673070729,0.5120840081702501,tvm
150,30,6,1024,128,32,32,8,2,0,[150; 30; 6; 1024; 128; 32; 32; 8; 2; 0],0.036458817252423614,0.5015443633048392,tvm
300,20,5,512,256,64,40,4,4,0,[300; 20; 5; 512; 256; 64; 40; 4; 4; 0],0.035576122521888465,0.5139883997887592,tvm
750,750,10,320,64,16,32,1,1,1,[750; 750; 10; 320; 64; 16; 32; 1; 1; 1],0.03198918548878282,0.5716217529866857,tvm
300,100,2,640,80,80,128,8,5,1,[300; 100; 2; 640; 80; 80; 128; 8; 5; 1],0.03527115873293951,0.5184324797539859,tvm
60,20,5,256,128,32,80,10,2,1,[60; 20; 5; 256; 128; 32; 80; 10; 2; 1],0.030744291027076542,0.5947677983405124,tvm
750,30,6,1024,32,32,128,8,2,1,[750; 30; 6; 1024; 32; 32; 128; 8; 2; 1],0.04612343979533762,0.39645166030228945,tvm
375,375,15,80,80,16,32,8,1,1,[375; 375; 15; 80; 80; 16; 32; 8; 1; 1],0.030178391723893583,0.6059207678465075,tvm
250,250,2,640,160,160,80,2,10,1,[250; 250; 2; 640; 160; 160; 80; 2; 10; 1],0.031127567985095084,0.5874443610393879,tvm
300,300,2,80,80,80,160,32,5,1,[300; 300; 2; 80; 80; 80; 160; 32; 5; 1],0.033881184994243085,0.5397011435350122,tvm
125,25,5,1024,32,32,32,16,2,1,[125; 25; 5; 1024; 32; 32; 32; 16; 2; 1],0.03350683371536434,0.5457308930186827,tvm
150,30,10,640,128,32,80,40,2,1,[150; 30; 10; 640; 128; 32; 80; 40; 2; 1],0.03361268626758829,0.5440122857228062,tvm
1500,30,10,320,64,32,160,16,2,0,[1500; 30; 10; 320; 64; 32; 160; 16; 2; 0],0.031254453759174794,0.5850594742948111,tvm
125,125,5,1024,64,32,160,32,2,0,[125; 125; 5; 1024; 64; 32; 160; 32; 2; 0],0.029643507965374738,0.6168539265687791,tvm
100,50,10,1024,512,32,20,5,2,1,[100; 50; 10; 1024; 512; 32; 20; 5; 2; 1],0.02732077951077372,0.6692969458833877,tvm
150,30,6,1024,1024,64,128,1,4,1,[150; 30; 6; 1024; 1024; 64; 128; 1; 4; 1],0.03073014778783545,0.5950415341950519,tvm
100,100,4,1024,64,32,64,8,2,1,[100; 100; 4; 1024; 64; 32; 64; 8; 2; 1],0.03133913147030398,0.5834786552091042,tvm
60,30,6,256,64,64,128,8,4,1,[60; 30; 6; 256; 64; 64; 128; 8; 4; 1],0.027094419696368277,0.6748885744973271,tvm
750,750,10,640,640,32,160,16,2,0,[750; 750; 10; 640; 640; 32; 160; 16; 2; 0],0.024542749481042847,0.7450556548213321,tvm
75,75,5,1024,64,64,160,5,4,1,[75; 75; 5; 1024; 64; 64; 160; 5; 4; 1],0.024128374381689355,0.7578510676455281,tvm
300,60,5,640,640,32,32,1,2,1,[300; 60; 5; 640; 640; 32; 32; 1; 2; 1],0.02674076473340392,0.6838141866179396,tvm
1500,250,5,320,320,80,32,1,5,1,[1500; 250; 5; 320; 320; 80; 32; 1; 5; 1],0.023914879478979856,0.7646166187785575,tvm
1500,100,10,128,64,32,128,32,2,1,[1500; 100; 10; 128; 64; 32; 128; 32; 2; 1],0.03144089522538707,0.5815901282273102,tvm
375,125,5,640,320,64,128,16,4,0,[375; 125; 5; 640; 320; 64; 128; 16; 4; 0],0.024128956254571676,0.7578327919695955,tvm
60,60,12,256,64,32,160,16,2,1,[60; 60; 12; 256; 64; 32; 160; 16; 2; 1],0.03461569326464087,0.5282492581014613,tvm
300,300,10,160,32,32,80,8,2,1,[300; 300; 10; 160; 32; 32; 80; 8; 2; 1],0.024218054983066395,0.7550447093501075,tvm
100,100,4,320,80,80,64,8,5,1,[100; 100; 4; 320; 80; 80; 64; 8; 5; 1],0.023839314613724127,0.7670402686488029,tvm
375,375,3,1024,512,32,64,1,2,1,[375; 375; 3; 1024; 512; 32; 64; 1; 2; 1],0.04039974248735234,0.4526195752717697,tvm
1500,20,2,320,80,80,160,2,5,1,[1500; 20; 2; 320; 80; 80; 160; 2; 5; 1],0.043945502024143934,0.4160997927766988,tvm
1500,750,10,512,64,32,256,4,2,0,[1500; 750; 10; 512; 64; 32; 256; 4; 2; 0],0.06708037259522825,0.2725941073114289,tvm
100,50,2,512,512,64,256,2,4,0,[100; 50; 2; 512; 512; 64; 256; 2; 4; 0],0.05119628657121211,0.3571687618452472,tvm
1500,300,6,128,128,64,256,64,4,0,[1500; 300; 6; 128; 128; 64; 256; 64; 4; 0],0.04302974895108491,0.4249551701196539,tvm
100,10,5,640,320,80,20,4,5,0,[100; 10; 5; 640; 320; 80; 20; 4; 5; 0],0.04366484849015251,0.4187742524707984,tvm
1500,1500,3,512,32,32,128,64,2,1,[1500; 1500; 3; 512; 32; 32; 128; 64; 2; 1],0.058936706045642495,0.3102602013684517,tvm
60,30,3,512,256,32,32,2,2,1,[60; 30; 3; 512; 256; 32; 32; 2; 2; 1],0.03827156295301393,0.47778854258352854,tvm
15,15,5,256,128,32,16,16,2,0,[15; 15; 5; 256; 128; 32; 16; 16; 2; 0],0.05469789099879563,0.33430382692665267,tvm
1500,750,10,640,640,16,256,16,1,0,[1500; 750; 10; 640; 640; 16; 256; 16; 1; 0],0.047551631985697895,0.3845444104045489,tvm
150,150,3,64,64,64,1280,8,4,1,[150; 150; 3; 64; 64; 64; 1280; 8; 4; 1],0.07175827049650252,0.2548237876859857,tvm
300,15,5,256,128,32,16,2,2,0,[300; 15; 5; 256; 128; 32; 16; 2; 2; 0],0.04903461330104619,0.37291441809584225,tvm
10,10,10,1024,256,32,10,1,2,1,[10; 10; 10; 1024; 256; 32; 10; 1; 2; 1],0.03850033873459324,0.4749494390625775,tvm
300,60,3,512,512,32,256,4,2,0,[300; 60; 3; 512; 512; 32; 256; 4; 2; 0],0.057307843933813274,0.31907873391351216,tvm
60,12,4,640,640,32,40,40,2,1,[60; 12; 4; 640; 640; 32; 40; 40; 2; 1],0.04019111074740067,0.4549691199290107,tvm
100,100,5,320,80,16,160,5,1,1,[100; 100; 5; 320; 80; 16; 160; 5; 1; 1],0.036510105011984706,0.5008398162566738,tvm
375,125,5,640,160,16,40,1,1,0,[375; 125; 5; 640; 160; 16; 40; 1; 1; 0],0.03825690527446568,0.4779716015847985,tvm
300,300,4,1024,64,32,8,1,2,1,[300; 300; 4; 1024; 64; 32; 8; 1; 2; 1],0.05341127491556108,0.34235682100123105,tvm
1500,1500,6,640,320,16,160,1,1,0,[1500; 1500; 6; 640; 320; 16; 160; 1; 1; 0],0.03353948926087469,0.545199545034378,tvm
150,150,3,1024,64,64,80,2,4,0,[150; 150; 3; 1024; 64; 64; 80; 2; 4; 0],0.035467793000862,0.5155582780487603,tvm
375,375,3,512,256,32,32,4,2,0,[375; 375; 3; 512; 256; 32; 32; 4; 2; 0],0.03864771802909672,0.47313826580776425,tvm
750,750,3,256,64,32,160,1,2,1,[750; 750; 3; 256; 64; 32; 160; 1; 2; 1],0.03426579223014414,0.5336434121499185,tvm
150,150,30,128,64,16,40,4,1,0,[150; 150; 30; 128; 64; 16; 40; 4; 1; 0],0.03684433823218569,0.4962964505016036,tvm
300,75,3,1024,128,64,16,8,4,1,[300; 75; 3; 1024; 128; 64; 16; 8; 4; 1],0.044827325211372226,0.407914462874876,tvm
1500,1500,30,128,128,16,64,8,1,0,[1500; 1500; 30; 128; 128; 16; 64; 8; 1; 0],0.07802777842152864,0.2343487749571642,tvm
100,20,10,1024,256,32,64,32,2,0,[100; 20; 10; 1024; 256; 32; 64; 32; 2; 0],0.039818259538151324,0.45922937109277917,tvm
100,100,10,64,64,32,20,20,2,0,[100; 100; 10; 64; 64; 32; 20; 20; 2; 0],0.06224740750622004,0.2937586482438983,tvm
1500,300,6,320,80,16,160,2,1,1,[1500; 300; 6; 320; 80; 16; 160; 2; 1; 1],0.03386545175453648,0.5399518783405807,tvm
750,30,2,640,320,160,80,5,10,0,[750; 30; 2; 640; 320; 160; 80; 5; 10; 0],0.03595189977204427,0.5086160787512269,tvm
300,300,3,32,32,32,80,20,2,1,[300; 300; 3; 32; 32; 32; 80; 20; 2; 1],0.03542366874171421,0.5162004652607141,tvm
100,50,2,640,160,80,64,8,5,1,[100; 50; 2; 640; 160; 80; 64; 8; 5; 1],0.03594300523400307,0.508741942045945,tvm
750,750,30,512,64,16,32,1,1,0,[750; 750; 30; 512; 64; 16; 32; 1; 1; 0],0.05152703495696187,0.3548761208749444,tvm
300,300,6,640,64,32,16,1,2,1,[300; 300; 6; 640; 64; 32; 16; 1; 2; 1],0.031061861023772508,0.588687016264728,tvm
1500,150,6,512,512,64,40,40,4,0,[1500; 150; 6; 512; 512; 64; 40; 40; 4; 0],0.04905649699503556,0.3727480640854722,tvm
100,100,2,320,80,80,20,1,5,1,[100; 100; 2; 320; 80; 80; 20; 1; 5; 1],0.03907006076769903,0.46802369708193303,tvm
750,750,2,512,512,128,128,32,8,0,[750; 750; 2; 512; 512; 128; 128; 32; 8; 0],0.038015505531802773,0.48100673738027605,tvm
1500,300,2,80,80,80,20,5,5,1,[1500; 300; 2; 80; 80; 80; 20; 5; 5; 1],0.03935989347519353,0.4645773316749145,tvm
1500,250,10,640,640,16,20,20,1,1,[1500; 250; 10; 640; 640; 16; 20; 20; 1; 1],0.0318039552657865,0.5749509497450894,tvm
300,100,2,320,320,160,64,16,10,0,[300; 100; 2; 320; 320; 160; 64; 16; 10; 0],0.03449411247856915,0.5301111688864301,tvm
1500,500,10,640,160,16,80,20,1,0,[1500; 500; 10; 640; 160; 16; 80; 20; 1; 0],0.033259310002904385,0.5497923524005002,tvm
300,300,6,256,256,32,20,20,2,0,[300; 300; 6; 256; 256; 32; 20; 20; 2; 0],0.046987602254375815,0.3891604042002674,tvm
150,30,5,640,80,80,16,2,5,1,[150; 30; 5; 640; 80; 80; 16; 2; 5; 1],0.03612632997101173,0.506160307465137,tvm
1500,75,3,80,80,80,160,40,5,0,[1500; 75; 3; 80; 80; 80; 160; 40; 5; 0],0.032878768746741116,0.5561556889969225,tvm
300,300,10,640,64,16,80,20,1,1,[300; 300; 10; 640; 64; 16; 80; 20; 1; 1],0.02954483573557809,0.6189140616440967,tvm
1500,300,2,128,128,128,40,20,8,1,[1500; 300; 2; 128; 128; 128; 40; 20; 8; 1],0.03376656351611018,0.5415331731045148,tvm
150,30,6,256,128,64,16,4,4,1,[150; 30; 6; 256; 128; 64; 16; 4; 4; 1],0.03238301700912416,0.5646698786762873,tvm
750,150,15,64,64,16,80,8,1,1,[750; 150; 15; 64; 64; 16; 80; 8; 1; 1],0.030720299517270178,0.5952322917761437,tvm
500,25,5,64,32,32,64,1,2,0,[500; 25; 5; 64; 32; 32; 64; 1; 2; 0],0.033058071974664927,0.5531391637034401,tvm
1500,750,6,128,32,32,40,4,2,0,[1500; 750; 6; 128; 32; 32; 40; 4; 2; 0],0.039166180009488016,0.46687510197023474,tvm
1500,125,5,512,128,64,40,8,4,0,[1500; 125; 5; 512; 128; 64; 40; 8; 4; 0],0.042101583967451006,0.43432366582338294,tvm
1500,375,15,512,64,16,40,1,1,1,[1500; 375; 15; 512; 64; 16; 40; 1; 1; 1],0.05297467205673456,0.34517843293358647,tvm
300,60,5,320,80,80,128,64,5,0,[300; 60; 5; 320; 80; 80; 128; 64; 5; 0],0.06280001951381564,0.29117370388223424,tvm
375,75,5,640,640,64,20,4,4,0,[375; 75; 5; 640; 640; 64; 20; 4; 4; 0],0.028841803723480552,0.6340003718570351,tvm
300,50,10,256,32,32,160,32,2,0,[300; 50; 10; 256; 32; 32; 160; 32; 2; 0],0.038290397787932307,0.47755352104169724,tvm
300,30,6,160,32,32,128,1,2,1,[300; 30; 6; 160; 32; 32; 128; 1; 2; 1],0.03210703446529806,0.5695236134460772,tvm
1500,300,6,512,128,32,80,20,2,0,[1500; 300; 6; 512; 128; 32; 80; 20; 2; 0],0.045535286248195916,0.4015724022474715,tvm
1500,1500,5,320,320,32,160,40,2,0,[1500; 1500; 5; 320; 320; 32; 160; 40; 2; 0],0.02465608186321333,0.7416309852944,tvm
150,25,5,320,64,64,80,2,4,1,[150; 25; 5; 320; 64; 64; 80; 2; 4; 1],0.029015180247370154,0.630211983169453,tvm
750,50,5,512,256,64,160,10,4,1,[750; 50; 5; 512; 256; 64; 160; 10; 4; 1],0.028827832255046815,0.6343076414465071,tvm
100,100,10,640,640,32,64,4,2,1,[100; 100; 10; 640; 640; 32; 64; 4; 2; 1],0.024252044124295935,0.7539865172600226,tvm
150,150,5,640,64,64,128,2,4,0,[150; 150; 5; 640; 64; 64; 128; 2; 4; 0],0.0253590255160816,0.721073223973779,tvm
300,300,6,640,128,64,160,32,4,1,[300; 300; 6; 640; 128; 64; 160; 32; 4; 1],0.022939034242881462,0.7971440337070331,tvm
300,75,5,640,80,80,128,32,5,1,[300; 75; 5; 640; 80; 80; 128; 32; 5; 1],0.039969049976207316,0.45749684559926657,tvm
375,375,5,640,640,32,80,8,2,1,[375; 375; 5; 640; 640; 32; 80; 8; 2; 1],0.025032488745637238,0.7304792772113478,tvm
150,150,5,256,256,64,256,4,4,1,[150; 150; 5; 256; 256; 64; 256; 4; 4; 1],0.02971066377358511,0.615459635135166,tvm
750,750,5,640,64,16,16,8,1,1,[750; 750; 5; 640; 64; 16; 16; 8; 1; 1],0.04400450974935666,0.4155418249144708,tvm
1500,75,3,640,64,64,20,2,4,0,[1500; 75; 3; 640; 64; 64; 20; 2; 4; 0],0.04180889675626531,0.43736419050507624,tvm
1500,12,2,160,160,160,160,1,10,1,[1500; 12; 2; 160; 160; 160; 160; 1; 10; 1],0.05066947953309864,0.3608822205045461,tvm
500,250,2,1024,1024,128,80,8,8,0,[500; 250; 2; 1024; 1024; 128; 80; 8; 8; 0],0.035872476000804454,0.5097421846572348,tvm
60,15,3,640,160,80,160,16,5,0,[60; 15; 3; 640; 160; 80; 160; 16; 5; 0],0.036511502461507916,0.5008206469999945,tvm
375,25,5,256,32,32,20,4,2,0,[375; 25; 5; 256; 32; 32; 20; 4; 2; 0],0.04118401126470417,0.44400032255686683,tvm
375,75,3,320,320,32,128,2,2,0,[375; 75; 3; 320; 320; 32; 128; 2; 2; 0],0.035089124052319676,0.521121993767908,tvm
500,20,2,512,256,128,128,4,8,0,[500; 20; 2; 512; 256; 128; 128; 4; 8; 0],0.04503154073609039,0.4060645935451917,tvm
150,30,6,640,128,32,64,64,2,0,[150; 30; 6; 640; 128; 32; 64; 64; 2; 0],0.0401707534911111,0.455199683763973,tvm
1500,300,25,512,128,16,32,2,1,1,[1500; 300; 25; 512; 128; 16; 32; 2; 1; 1],0.04867704404750839,0.375653753088778,tvm
1500,150,2,128,64,64,20,20,4,1,[1500; 150; 2; 128; 64; 64; 20; 20; 4; 1],0.027258510002866387,0.6708258919431561,tvm
300,300,3,320,32,32,128,2,2,0,[300; 300; 3; 320; 32; 32; 128; 2; 2; 0],0.04029718175297603,0.4537715415883606,tvm
150,75,3,640,640,32,64,4,2,1,[150; 75; 3; 640; 640; 32; 64; 4; 2; 1],0.03385262074880302,0.5401565338589286,tvm
60,30,3,512,256,64,80,8,4,1,[60; 30; 3; 512; 256; 64; 80; 8; 4; 1],0.029629097785800695,0.6171539348888795,tvm
300,15,5,64,32,32,128,4,2,0,[300; 15; 5; 64; 32; 32; 128; 4; 2; 0],0.04699146270286292,0.3891284338463515,tvm
30,30,3,80,80,80,10,10,5,1,[30; 30; 3; 80; 80; 80; 10; 10; 5; 1],0.030864362721331418,0.5924539719420937,tvm
1500,375,5,320,160,80,8,2,5,1,[1500; 375; 5; 320; 160; 80; 8; 2; 5; 1],0.031746644992381334,0.5759888734731671,tvm
500,500,2,256,64,64,8,2,4,1,[500; 500; 2; 256; 64; 64; 8; 2; 4; 1],0.03212229674682021,0.5692530154315442,tvm
500,20,10,640,32,32,160,2,2,1,[500; 20; 10; 640; 32; 32; 160; 2; 2; 1],0.03693933523027226,0.4950201234463177,tvm
300,20,4,320,32,32,80,1,2,1,[300; 20; 4; 320; 32; 32; 80; 1; 2; 1],0.03629004047252238,0.5038769328339445,tvm
60,20,5,256,128,64,128,32,4,0,[60; 20; 5; 256; 128; 64; 128; 32; 4; 0],0.03452449454925954,0.5296446631426923,tvm
1500,100,10,160,160,16,160,1,1,0,[1500; 100; 10; 160; 160; 16; 160; 1; 1; 0],0.034629941277671605,0.5280319172098739,tvm
750,750,6,640,128,16,128,16,1,0,[750; 750; 6; 640; 128; 16; 128; 16; 1; 0],0.03448913403553888,0.5301876894581351,tvm
1500,20,5,1024,64,64,64,2,4,0,[1500; 20; 5; 1024; 64; 64; 64; 2; 4; 0],0.05441765149589628,0.33602542158757515,tvm
500,250,2,160,80,80,64,16,5,0,[500; 250; 2; 160; 80; 80; 64; 16; 5; 0],0.04055475152563304,0.45088956528698293,tvm
1500,300,4,512,128,32,80,40,2,0,[1500; 300; 4; 512; 128; 32; 80; 40; 2; 0],0.0521187165286392,0.3508473635506028,tvm
375,15,5,160,80,80,128,2,5,1,[375; 15; 5; 160; 80; 80; 128; 2; 5; 1],0.03180009574862197,0.575020730448797,tvm
100,50,10,1024,128,32,20,4,2,0,[100; 50; 10; 1024; 128; 32; 20; 4; 2; 0],0.03328030597185716,0.5494454979223221,tvm
300,300,5,640,64,64,16,16,4,1,[300; 300; 5; 640; 64; 64; 16; 16; 4; 1],0.02613441221183166,0.69967956950782,tvm
20,20,4,320,320,32,32,1,2,1,[20; 20; 4; 320; 320; 32; 32; 1; 2; 1],0.0354965987498872,0.5151398987423378,tvm
1500,500,25,80,80,16,128,1,1,0,[1500; 500; 25; 80; 80; 16; 128; 1; 1; 0],0.03356202773284167,0.5448334180303727,tvm
60,20,4,256,64,64,80,16,4,1,[60; 20; 4; 256; 64; 64; 80; 16; 4; 1],0.03280465229181573,0.557412226871135,tvm
300,30,6,128,128,64,16,8,4,1,[300; 30; 6; 128; 128; 64; 16; 8; 4; 1],0.03345699101919308,0.5465438979621456,tvm
150,75,3,512,512,64,160,20,4,1,[150; 75; 3; 512; 512; 64; 160; 20; 4; 1],0.027178869233466685,0.6727915767444138,tvm
300,60,5,64,32,32,32,8,2,0,[300; 60; 5; 64; 32; 32; 32; 8; 2; 0],0.03876696329098195,0.4716829159009199,tvm
1500,100,2,512,128,128,128,32,8,1,[1500; 100; 2; 512; 128; 128; 128; 32; 8; 1],0.05284721695352346,0.3460109224255968,tvm
500,100,4,128,64,32,20,20,2,1,[500; 100; 4; 128; 64; 32; 20; 20; 2; 1],0.042785159253980964,0.42738450912772713,tvm
1500,750,15,128,128,16,80,2,1,0,[1500; 750; 15; 128; 128; 16; 80; 2; 1; 0],0.03327012702357024,0.5496135999949674,tvm
25,25,5,256,32,32,64,4,2,0,[25; 25; 5; 256; 32; 32; 64; 4; 2; 0],0.03274093248182908,0.5584970524545291,tvm
1500,375,5,80,80,80,20,4,5,1,[1500; 375; 5; 80; 80; 80; 20; 4; 5; 1],0.026931618456728756,0.6789682660585025,tvm
150,50,10,640,640,32,32,1,2,0,[150; 50; 10; 640; 640; 32; 32; 1; 2; 0],0.02923673950135708,0.6254361668771418,tvm
75,25,5,512,64,64,160,2,4,0,[75; 25; 5; 512; 64; 64; 160; 2; 4; 0],0.029408969508949667,0.6217733770015172,tvm
1500,60,4,640,64,32,128,2,2,0,[1500; 60; 4; 640; 64; 32; 128; 2; 2; 0],0.030110997729934752,0.6072769308316742,tvm
250,250,5,512,256,32,64,32,2,0,[250; 250; 5; 512; 256; 32; 64; 32; 2; 0],0.029936882259789854,0.610808905450886,tvm
100,50,5,1024,256,64,64,4,4,0,[100; 50; 5; 1024; 256; 64; 64; 4; 4; 0],0.027566945762373507,0.6633202837679865,tvm
150,150,6,256,64,32,160,40,2,0,[150; 150; 6; 256; 64; 32; 160; 40; 2; 0],0.030824903049506247,0.5932123859837148,tvm
375,25,5,640,320,64,32,2,4,1,[375; 25; 5; 640; 320; 64; 32; 2; 4; 1],0.02875812875572592,0.63584506631272,tvm
1500,50,5,320,64,64,40,5,4,1,[1500; 50; 5; 320; 64; 64; 40; 5; 4; 1],0.02748059225268662,0.6654046651387798,tvm
300,300,5,64,32,32,64,16,2,0,[300; 300; 5; 64; 32; 32; 64; 16; 2; 0],0.03722027695039287,0.491283670728336,tvm
500,100,4,1024,128,64,40,1,4,1,[500; 100; 4; 1024; 128; 64; 40; 1; 4; 1],0.026753615762572736,0.6834857182667357,tvm
500,500,4,320,160,32,160,40,2,1,[500; 500; 4; 320; 160; 32; 160; 40; 2; 1],0.027297750231809914,0.6698615867767025,tvm
300,60,12,640,32,32,128,16,2,1,[300; 60; 12; 640; 32; 32; 128; 16; 2; 1],0.027035821229219437,0.6763513536608121,tvm
125,125,5,640,160,80,20,5,5,1,[125; 125; 5; 640; 160; 80; 20; 5; 5; 1],0.027055148035287857,0.6758682030445499,tvm
250,50,10,320,160,32,64,4,2,1,[250; 50; 10; 320; 160; 32; 64; 4; 2; 1],0.026645580772310495,0.6862569235014161,tvm
300,60,5,512,64,64,80,4,4,1,[300; 60; 5; 512; 64; 64; 80; 4; 4; 1],0.02758843346964568,0.6628036458044362,tvm
300,150,6,64,64,32,128,1,2,0,[300; 150; 6; 64; 64; 32; 128; 1; 2; 0],0.03035280399490148,0.6024390461186332,tvm
750,75,5,64,64,64,80,20,4,1,[750; 75; 5; 64; 64; 64; 80; 20; 4; 1],0.02386551589006558,0.76619815678596,tvm
75,75,5,256,128,32,64,16,2,1,[75; 75; 5; 256; 128; 32; 64; 16; 2; 1],0.025922483997419477,0.7053997713928414,tvm
1500,750,5,640,80,80,80,5,5,1,[1500; 750; 5; 640; 80; 80; 80; 5; 5; 1],0.022391282982425764,0.8166443298522102,tvm
100,100,4,640,128,32,160,4,2,1,[100; 100; 4; 640; 128; 32; 160; 4; 2; 1],0.027769248001277447,0.6584879174572211,tvm
100,100,10,512,512,32,160,16,2,1,[100; 100; 10; 512; 512; 32; 160; 16; 2; 1],0.026261617778800428,0.6962904737908168,tvm
750,250,5,256,256,64,160,8,4,1,[750; 250; 5; 256; 256; 64; 160; 8; 4; 1],0.02135953662218526,0.8560913379891246,tvm
500,250,5,640,320,80,160,20,5,1,[500; 250; 5; 640; 320; 80; 160; 20; 5; 1],0.021681672136764973,0.8433719581391391,tvm
500,500,20,320,64,16,10,5,1,1,[500; 500; 20; 320; 64; 16; 10; 5; 1; 1],0.04136245179688558,0.4420848738732438,tvm
1500,750,15,512,512,16,32,32,1,1,[1500; 750; 15; 512; 512; 16; 32; 32; 1; 1],0.051852861419320107,0.35264619512205214,tvm
1500,500,5,640,320,16,64,16,1,0,[1500; 500; 5; 640; 320; 16; 64; 16; 1; 0],0.038508418714627624,0.4748497833999183,tvm
375,75,3,128,128,32,16,16,2,0,[375; 75; 3; 128; 128; 32; 16; 16; 2; 0],0.04921909002587199,0.37151670776729945,tvm
1500,750,10,640,160,16,256,1,1,1,[1500; 750; 10; 640; 160; 16; 256; 1; 1; 1],0.041540701990015805,0.4401878978864924,tvm
500,50,2,512,128,64,80,2,4,1,[500; 50; 2; 512; 128; 64; 80; 2; 4; 1],0.03922581626102328,0.466165296957348,tvm
750,375,5,640,160,16,16,8,1,1,[750; 375; 5; 640; 160; 16; 16; 8; 1; 1],0.03709896351210773,0.49289016604861496,tvm
500,100,25,640,64,16,40,5,1,1,[500; 100; 25; 640; 64; 16; 40; 5; 1; 1],0.03155956952832639,0.5794031591369422,tvm
375,15,5,256,64,32,160,16,2,0,[375; 15; 5; 256; 64; 32; 160; 16; 2; 0],0.034954645787365735,0.5231268655087791,tvm
75,15,3,640,160,80,128,1,5,1,[75; 15; 3; 640; 160; 80; 128; 1; 5; 1],0.03588946000672877,0.5095009588410072,tvm
1500,75,5,640,128,64,20,10,4,0,[1500; 75; 5; 640; 128; 64; 20; 10; 4; 0],0.031343718292191625,0.5833932692749361,tvm
1500,20,4,160,32,32,160,5,2,0,[1500; 20; 4; 160; 32; 32; 160; 5; 2; 0],0.03964296879712492,0.4612599621207089,tvm
375,15,5,320,320,32,20,2,2,0,[375; 15; 5; 320; 320; 32; 20; 2; 2; 0],0.03782132075866684,0.483476354577704,tvm
150,150,10,256,256,32,256,4,2,0,[150; 150; 10; 256; 256; 32; 256; 4; 2; 0],0.041033320245333016,0.44563087209093294,tvm
60,20,4,128,64,64,8,1,4,1,[60; 20; 4; 128; 64; 64; 8; 1; 4; 1],0.03966497298097238,0.46100407769056334,tvm
300,15,5,256,128,32,128,8,2,0,[300; 15; 5; 256; 128; 32; 128; 8; 2; 0],0.0428221964975819,0.4270148610136533,tvm
750,75,3,160,32,32,8,8,2,1,[750; 75; 3; 160; 32; 32; 8; 8; 2; 1],0.03230746946064755,0.5659902985588948,tvm
12,12,4,160,160,80,80,40,5,1,[12; 12; 4; 160; 160; 80; 80; 40; 5; 1],0.03729166276752949,0.4903432276459387,tvm
300,150,6,640,640,16,40,2,1,0,[300; 150; 6; 640; 640; 16; 40; 2; 1; 0],0.03728486626641825,0.490432610246047,tvm
750,375,5,256,64,32,8,1,2,1,[750; 375; 5; 256; 64; 32; 8; 1; 2; 1],0.03726685204310343,0.49066967782963644,tvm
60,60,5,1024,1024,64,16,2,4,0,[60; 60; 5; 1024; 1024; 64; 16; 2; 4; 0],0.030990229512099177,0.5900477206396679,tvm
500,100,5,1024,1024,32,8,2,2,1,[500; 100; 5; 1024; 1024; 32; 8; 2; 2; 1],0.034976657771039754,0.5227976442293075,tvm
60,15,5,80,80,80,32,8,5,0,[60; 15; 5; 80; 80; 80; 32; 8; 5; 0],0.04449792025843635,0.41093413309013027,tvm
150,30,2,128,128,128,16,16,8,1,[150; 30; 2; 128; 128; 128; 16; 16; 8; 1],0.03114986198488623,0.5870239262885477,tvm
1500,15,5,512,512,64,80,16,4,0,[1500; 15; 5; 512; 512; 64; 80; 16; 4; 0],0.05405472393613309,0.3382815220242228,tvm
50,25,5,1024,512,64,10,5,4,1,[50; 25; 5; 1024; 512; 64; 10; 5; 4; 1],0.03431146027287468,0.5329331407142198,tvm
300,300,3,512,128,64,128,16,4,0,[300; 300; 3; 512; 128; 64; 128; 16; 4; 0],0.03190689522307366,0.5730960081785351,tvm
300,25,5,1024,512,64,20,10,4,0,[300; 25; 5; 1024; 512; 64; 20; 10; 4; 0],0.04111353377811611,0.4447614351128192,tvm
30,30,6,512,64,64,40,1,4,1,[30; 30; 6; 512; 64; 64; 40; 1; 4; 1],0.03162451175739989,0.5782133310385598,tvm
300,60,4,64,32,32,40,1,2,0,[300; 60; 4; 64; 32; 32; 40; 1; 2; 0],0.04075717303203419,0.44865021112583403,tvm
1500,1500,6,640,320,32,80,40,2,1,[1500; 1500; 6; 640; 320; 32; 80; 40; 2; 1],0.024644756107591093,0.7419718095762331,tvm
60,30,6,640,640,64,40,2,4,0,[60; 30; 6; 640; 640; 64; 40; 2; 4; 0],0.031534989771898836,0.5798547714135897,tvm
1500,300,5,1024,64,32,128,4,2,0,[1500; 300; 5; 1024; 64; 32; 128; 4; 2; 0],0.046354139514733106,0.394478561723757,tvm
1500,150,5,1024,64,64,160,8,4,1,[1500; 150; 5; 1024; 64; 64; 160; 8; 4; 1],0.03554911824176088,0.5143788422924475,tvm
1500,375,25,640,160,16,128,1,1,0,[1500; 375; 25; 640; 160; 16; 128; 1; 1; 0],0.033107280265539885,0.5523170172557845,tvm
300,300,5,256,256,64,160,16,4,0,[300; 300; 5; 256; 256; 64; 160; 16; 4; 0],0.024422503367532045,0.7487239948556553,tvm
1500,300,10,1024,512,32,80,16,2,1,[1500; 300; 10; 1024; 512; 32; 80; 16; 2; 1],0.037204483000095934,0.4914922291936468,tvm
300,25,5,160,80,80,40,1,5,1,[300; 25; 5; 160; 80; 80; 40; 1; 5; 1],0.032978545292280614,0.5544730406891076,tvm
750,150,10,160,32,32,64,2,2,1,[750; 150; 10; 160; 32; 32; 64; 2; 2; 1],0.025150552508421242,0.7270502021612297,tvm
250,50,10,160,32,32,128,1,2,0,[250; 50; 10; 160; 32; 32; 128; 1; 2; 0],0.03197677421849221,0.5718436187706399,tvm
1500,750,6,640,128,64,40,4,4,0,[1500; 750; 6; 640; 128; 64; 40; 4; 4; 0],0.031924647046253085,0.5727773359317511,tvm
750,50,5,64,64,32,32,8,2,0,[750; 50; 5; 64; 64; 32; 32; 8; 2; 0],0.031987065507564694,0.5716596379055108,tvm
750,150,15,256,64,16,80,20,1,1,[750; 150; 15; 256; 64; 16; 80; 20; 1; 1],0.032549261464737356,0.5617858428377658,tvm
500,250,5,640,160,32,128,1,2,0,[500; 250; 5; 640; 160; 32; 128; 1; 2; 0],0.02879799553193152,0.6349648282096195,tvm
100,50,10,256,64,32,64,1,2,0,[100; 50; 10; 256; 64; 32; 64; 1; 2; 0],0.030545523506589234,0.5986381042632882,tvm
15,15,5,640,640,80,20,20,5,1,[15; 15; 5; 640; 640; 80; 20; 20; 5; 1],0.038818399247247726,0.47105791687200416,tvm
750,250,2,640,80,80,128,16,5,1,[750; 250; 2; 640; 80; 80; 128; 16; 5; 1],0.033727597969118506,0.5421588072313054,tvm
500,250,25,160,160,16,128,8,1,1,[500; 250; 25; 160; 160; 16; 128; 8; 1; 1],0.03497102879919112,0.5228817942621475,tvm
500,250,10,256,256,16,80,16,1,0,[500; 250; 10; 256; 256; 16; 80; 16; 1; 0],0.03548290621256456,0.5153386866389,tvm
500,250,5,640,160,32,64,1,2,0,[500; 250; 5; 640; 160; 32; 64; 1; 2; 0],0.030714496213477105,0.5953447570366062,tvm
125,25,5,320,320,32,40,2,2,1,[125; 25; 5; 320; 320; 32; 40; 2; 2; 1],0.029906226962339133,0.6114350134753361,tvm
1500,125,5,640,128,64,80,5,4,0,[1500; 125; 5; 640; 128; 64; 80; 5; 4; 0],0.02437736839056015,0.7501102659134944,tvm
1500,1500,15,320,80,16,128,8,1,0,[1500; 1500; 15; 320; 80; 16; 128; 8; 1; 0],0.029802553239278495,0.6135620038626253,tvm
300,300,5,128,128,32,10,5,2,1,[300; 300; 5; 128; 128; 32; 10; 5; 2; 1],0.03379244595998898,0.5411183998744863,tvm
1500,1500,5,256,128,64,160,5,4,0,[1500; 1500; 5; 256; 128; 64; 160; 5; 4; 0],0.028239383769687265,0.6475252588671057,tvm
60,60,2,640,320,160,160,2,10,1,[60; 60; 2; 640; 320; 160; 160; 2; 10; 1],0.03143389173783362,0.581719706812686,tvm
250,125,5,32,32,32,20,20,2,1,[250; 125; 5; 32; 32; 32; 20; 20; 2; 1],0.0284629407688044,0.6424393893183226,tvm
60,30,2,160,80,80,160,32,5,1,[60; 30; 2; 160; 80; 80; 160; 32; 5; 1],0.03953188570449129,0.4625560850399002,tvm
375,15,5,640,640,64,64,4,4,1,[375; 15; 5; 640; 640; 64; 64; 4; 4; 1],0.029984114225953817,0.6098467391071515,tvm
375,125,5,160,32,32,128,2,2,1,[375; 125; 5; 160; 32; 32; 128; 2; 2; 1],0.026100690709427,0.7005835396957478,tvm
500,500,4,128,64,32,160,2,2,1,[500; 500; 4; 128; 64; 32; 160; 2; 2; 1],0.02716354950098321,0.6731710185759199,tvm
300,60,5,160,160,80,16,4,5,1,[300; 60; 5; 160; 160; 80; 16; 4; 5; 1],0.030982985976152122,0.5901856683467811,tvm
750,375,25,640,640,16,128,1,1,0,[750; 375; 25; 640; 640; 16; 128; 1; 1; 0],0.032924612518399954,0.5553813055657161,tvm
100,25,5,128,128,32,40,10,2,0,[100; 25; 5; 128; 128; 32; 40; 10; 2; 0],0.033873894484713674,0.5398173007230128,tvm
1500,60,5,128,128,16,10,2,1,0,[1500; 60; 5; 128; 128; 16; 10; 2; 1; 0],0.05625128548126668,0.3250719362103105,tvm
30,10,2,1024,512,128,128,8,8,1,[30; 10; 2; 1024; 512; 128; 128; 8; 8; 1],0.04833385779056698,0.3783210180521323,tvm
500,250,2,160,32,32,128,32,2,0,[500; 250; 2; 160; 32; 32; 128; 32; 2; 0],0.05280609498731792,0.3462803733187588,tvm
150,50,5,256,256,16,2,2,1,1,[150; 50; 5; 256; 256; 16; 2; 2; 1; 1],0.06642927904613316,0.2752658849874827,tvm
300,300,5,160,160,16,16,2,1,0,[300; 300; 5; 160; 160; 16; 16; 2; 1; 0],0.058794412994757295,0.3110110868416158,tvm
375,375,5,80,80,16,2,1,1,1,[375; 375; 5; 80; 80; 16; 2; 1; 1; 1],0.06900027254596353,0.26500930519562116,tvm
500,125,5,1024,64,32,256,4,2,1,[500; 125; 5; 1024; 64; 32; 256; 4; 2; 1],0.03531316196313128,0.5178158303922343,tvm
750,30,3,1024,1024,32,80,8,2,1,[750; 30; 3; 1024; 1024; 32; 80; 8; 2; 1],0.05747965059708804,0.3181250076464566,tvm
300,20,4,512,64,64,16,2,4,0,[300; 20; 4; 512; 64; 64; 16; 2; 4; 0],0.06207808793988079,0.294559882440693,tvm
300,15,3,64,64,32,64,4,2,1,[300; 15; 3; 64; 64; 32; 64; 4; 2; 1],0.04465341375907883,0.4095031655221764,tvm
1500,250,10,1024,64,16,40,8,1,1,[1500; 250; 10; 1024; 64; 16; 40; 8; 1; 1],0.048512495995964855,0.37692792156551264,tvm
10,10,10,128,64,32,160,8,2,1,[10; 10; 10; 128; 64; 32; 160; 8; 2; 1],0.04186042270157486,0.43682583943487857,tvm
300,150,2,1024,64,64,20,2,4,0,[300; 150; 2; 1024; 64; 64; 20; 2; 4; 0],0.0622444060863927,0.2937728132602705,tvm
12,12,3,256,128,64,10,10,4,1,[12; 12; 3; 256; 128; 64; 10; 10; 4; 1],0.052541994489729404,0.3480209395037082,tvm
50,10,2,640,640,128,80,8,8,0,[50; 10; 2; 640; 640; 128; 80; 8; 8; 0],0.0471665519871749,0.3876839309917412,tvm
30,10,10,640,128,32,80,2,2,1,[30; 10; 10; 640; 128; 32; 80; 2; 2; 1],0.04386544699082151,0.4168591805194741,tvm
60,12,2,160,160,80,128,1,5,1,[60; 12; 2; 160; 160; 80; 128; 1; 5; 1],0.046784214791841805,0.3908522215681802,tvm
1500,60,3,64,64,64,256,1,4,1,[1500; 60; 3; 64; 64; 64; 256; 1; 4; 1],0.03512994048651308,0.5205165176051025,tvm
30,30,6,1024,512,32,256,8,2,1,[30; 30; 6; 1024; 512; 32; 256; 8; 2; 1],0.04024411446880549,0.4543699004704932,tvm
300,300,2,1024,1024,64,8,4,4,1,[300; 300; 2; 1024; 1024; 64; 8; 4; 4; 1],0.05103406752459705,0.35830407358576827,tvm
1500,75,3,1024,512,64,64,2,4,0,[1500; 75; 3; 1024; 512; 64; 64; 2; 4; 0],0.04309744021156803,0.42428771165871043,tvm
300,30,3,640,160,32,40,20,2,0,[300; 30; 3; 640; 160; 32; 40; 20; 2; 0],0.0396609625313431,0.461050693645257,tvm
300,100,2,640,640,80,256,32,5,1,[300; 100; 2; 640; 640; 80; 256; 32; 5; 1],0.04147485049907118,0.44088680406753467,tvm
1500,100,4,128,64,64,256,16,4,0,[1500; 100; 4; 128; 64; 64; 256; 16; 4; 0],0.045386780228000134,0.40288635135288614,tvm
20,10,5,128,64,64,64,1,4,0,[20; 10; 5; 128; 64; 64; 64; 1; 4; 0],0.03472633502678946,0.5265662003090124,tvm
300,300,10,640,640,32,256,4,2,1,[300; 300; 10; 640; 640; 32; 256; 4; 2; 1],0.036429765226785094,0.5019443351303747,tvm
100,100,5,256,64,16,64,4,1,0,[100; 100; 5; 256; 64; 16; 64; 4; 1; 0],0.04039171477779746,0.4527095318014473,tvm
60,12,4,512,64,32,128,64,2,1,[60; 12; 4; 512; 64; 32; 128; 64; 2; 1],0.042031919001601636,0.4350435269209932,tvm
75,15,3,640,640,64,40,20,4,0,[75; 15; 3; 640; 640; 64; 40; 20; 4; 0],0.03718254651175812,0.49178219356040753,tvm
50,50,5,1024,32,32,20,20,2,0,[50; 50; 5; 1024; 32; 32; 20; 20; 2; 0],0.034544677240774035,0.5293352188027148,tvm
1500,20,4,512,512,64,16,8,4,1,[1500; 20; 4; 512; 512; 64; 16; 8; 4; 1],0.057016027509234846,0.32071182585901065,tvm
100,20,2,512,256,128,160,10,8,0,[100; 20; 2; 512; 256; 128; 160; 10; 8; 0],0.04143285902682692,0.441333635071494,tvm
750,15,5,320,64,32,64,16,2,1,[750; 15; 5; 320; 64; 32; 64; 16; 2; 1],0.03375806874828413,0.5416694427060115,tvm
125,125,25,64,64,16,20,4,1,1,[125; 125; 25; 64; 64; 16; 20; 4; 1; 1],0.03148548799799755,0.58076642441995,tvm
750,150,25,640,640,16,40,2,1,0,[750; 150; 25; 640; 640; 16; 40; 2; 1; 0],0.03699461027281359,0.4942804952091089,tvm
750,15,5,160,160,32,80,16,2,1,[750; 15; 5; 160; 160; 32; 80; 16; 2; 1],0.034623284242115915,0.5281334421611993,tvm
500,250,10,80,80,16,160,40,1,0,[500; 250; 10; 80; 80; 16; 160; 40; 1; 0],0.03795746748801321,0.4817422103170827,tvm
30,15,3,320,320,80,128,4,5,0,[30; 15; 3; 320; 320; 80; 128; 4; 5; 0],0.03912779624806717,0.4673330992061063,tvm
25,25,5,320,32,32,8,8,2,1,[25; 25; 5; 320; 32; 32; 8; 8; 2; 1],0.03491845971439034,0.5236689829757443,tvm
125,25,5,1024,64,64,8,1,4,1,[125; 25; 5; 1024; 64; 64; 8; 1; 4; 1],0.03588756074896082,0.509527922881852,tvm
1500,1500,3,128,64,64,40,2,4,0,[1500; 1500; 3; 128; 64; 64; 40; 2; 4; 0],0.03969999752007425,0.460597365943616,tvm
1500,500,2,128,64,64,160,10,4,0,[1500; 500; 2; 128; 64; 64; 160; 10; 4; 0],0.03820585523499176,0.47861025942868757,tvm
150,30,2,640,128,128,160,4,8,0,[150; 30; 2; 640; 128; 128; 160; 4; 8; 0],0.03794607479358092,0.48188684561407014,tvm
300,30,2,320,160,80,160,8,5,1,[300; 30; 2; 320; 160; 80; 160; 8; 5; 1],0.039208050759043545,0.4663765204266522,tvm
750,25,5,32,32,32,80,40,2,0,[750; 25; 5; 32; 32; 32; 80; 40; 2; 0],0.038368816021829844,0.4765774965615482,tvm
100,100,2,640,80,80,160,4,5,0,[100; 100; 2; 640; 80; 80; 160; 4; 5; 0],0.03657039377139881,0.5000141480569806,tvm
750,150,25,320,80,16,160,16,1,0,[750; 150; 25; 320; 80; 16; 160; 16; 1; 0],0.23223928199149668,0.07873652609029255,tvm
250,50,2,640,320,160,40,2,10,1,[250; 50; 2; 640; 320; 160; 40; 2; 10; 1],0.03503306326456368,0.5219559062712761,tvm
1500,750,15,320,320,16,80,8,1,1,[1500; 750; 15; 320; 320; 16; 80; 8; 1; 1],0.02889683877583593,0.6327928957061261,tvm
250,250,2,512,256,128,80,8,8,1,[250; 250; 2; 512; 256; 128; 80; 8; 8; 1],0.033842498960439116,0.5403180866486765,tvm
1500,60,4,640,32,32,80,20,2,0,[1500; 60; 4; 640; 32; 32; 80; 20; 2; 0],0.03294693573843688,0.5550050065621619,tvm
60,60,6,320,320,32,16,16,2,1,[60; 60; 6; 320; 320; 32; 16; 16; 2; 1],0.03088144847424701,0.5921261854334102,tvm
75,75,3,640,320,64,160,10,4,1,[75; 75; 3; 640; 320; 64; 160; 10; 4; 1],0.026060177478939295,0.7016726689790201,tvm
100,50,10,1024,64,32,80,16,2,0,[100; 50; 10; 1024; 64; 32; 80; 16; 2; 0],0.031200322730001062,0.5860745237782886,tvm
750,250,10,128,64,16,128,4,1,1,[750; 250; 10; 128; 64; 16; 128; 4; 1; 1],0.029629817989189178,0.6171389339072574,tvm
300,100,5,320,320,80,16,8,5,1,[300; 100; 5; 320; 320; 80; 16; 8; 5; 1],0.02894526725867763,0.6317341664977141,tvm
30,30,5,256,32,32,160,16,2,1,[30; 30; 5; 256; 32; 32; 160; 16; 2; 1],0.02859187126159668,0.6395424111423879,tvm
50,25,5,640,320,64,32,8,4,1,[50; 25; 5; 640; 320; 64; 32; 8; 4; 1],0.028964253782760352,0.6313200548117702,tvm
1500,250,5,512,64,32,40,10,2,1,[1500; 250; 5; 512; 64; 32; 40; 10; 2; 1],0.0427534572663717,0.42770141773065823,tvm
750,30,6,128,64,64,160,8,4,1,[750; 30; 6; 128; 64; 64; 160; 8; 4; 1],0.02963180374354124,0.617097576778463,tvm
300,50,5,640,640,80,80,4,5,0,[300; 50; 5; 640; 640; 80; 80; 4; 5; 0],0.025419545534532517,0.7193564598105461,tvm
750,50,10,128,128,32,160,16,2,1,[750; 50; 10; 128; 128; 32; 160; 16; 2; 1],0.029448057990521193,0.6209480534030507,tvm
750,50,5,640,640,32,160,16,2,1,[750; 50; 5; 640; 640; 32; 160; 16; 2; 1],0.025387688539922237,0.7202591231163062,tvm
500,500,10,128,128,32,160,10,2,1,[500; 500; 10; 128; 128; 32; 160; 10; 2; 1],0.02214180288137868,0.8258457716238015,tvm
150,150,2,1024,64,64,256,64,4,1,[150; 150; 2; 1024; 64; 64; 256; 64; 4; 1],0.046689172741025686,0.3916478535000185,tvm
1500,100,2,1024,256,128,160,2,8,0,[1500; 100; 2; 1024; 256; 128; 160; 2; 8; 0],0.052195248077623546,0.3503329318124938,tvm
60,12,12,320,32,32,160,2,2,1,[60; 12; 12; 320; 32; 32; 160; 2; 2; 1],0.04379164497368038,0.4175617128953332,tvm
100,50,10,320,80,16,40,4,1,0,[100; 50; 10; 320; 80; 16; 40; 4; 1; 0],0.037166376248933375,0.4919961570436683,tvm
150,150,2,160,160,160,5,5,10,0,[150; 150; 2; 160; 160; 160; 5; 5; 10; 0],0.043985709722619504,0.41571943253903937,tvm
50,50,2,640,320,32,10,10,2,1,[50; 50; 2; 640; 320; 32; 10; 10; 2; 1],0.03456668776925653,0.5289981616918913,tvm
60,30,10,160,160,16,32,8,1,1,[60; 30; 10; 160; 160; 16; 32; 8; 1; 1],0.03572184324730188,0.5118916781287717,tvm
500,20,5,1024,1024,64,16,16,4,0,[500; 20; 5; 1024; 1024; 64; 16; 16; 4; 0],0.040710743283852935,0.4491618872742845,tvm
60,12,12,64,64,32,160,20,2,1,[60; 12; 12; 64; 64; 32; 160; 20; 2; 1],0.043157769716344774,0.4236946071564281,tvm
750,30,5,1024,32,32,40,5,2,0,[750; 30; 5; 1024; 32; 32; 40; 5; 2; 0],0.06066542654298246,0.30141903432853234,tvm
375,125,5,160,80,16,8,8,1,1,[375; 125; 5; 160; 80; 16; 8; 8; 1; 1],0.03736423427471891,0.4893908477093192,tvm
750,125,5,256,256,16,8,4,1,1,[750; 125; 5; 256; 256; 16; 8; 4; 1; 1],0.031670304015278816,0.5773772893652251,tvm
1500,300,3,32,32,32,40,1,2,0,[1500; 300; 3; 32; 32; 32; 40; 1; 2; 0],0.04735552775673568,0.3861368493166754,tvm
30,10,5,640,320,64,80,1,4,1,[30; 10; 5; 640; 320; 64; 80; 1; 4; 1],0.03582030930556357,0.5104845446679092,tvm
20,10,5,640,640,80,128,2,5,0,[20; 10; 5; 640; 640; 80; 128; 2; 5; 0],0.03987920598592609,0.4585275417009948,tvm
1500,100,4,128,64,32,256,16,2,1,[1500; 100; 4; 128; 64; 32; 256; 16; 2; 1],0.0395458965213038,0.4623922048615986,tvm
1500,30,2,256,256,64,64,32,4,0,[1500; 30; 2; 256; 256; 64; 64; 32; 4; 0],0.04935531225055456,0.3704913098895211,tvm
1500,20,5,640,640,64,20,5,4,0,[1500; 20; 5; 640; 640; 64; 20; 5; 4; 0],0.04290534503525123,0.42618732632707323,tvm
50,50,2,1024,1024,128,128,8,8,0,[50; 50; 2; 1024; 1024; 128; 128; 8; 8; 0],0.0342262577614747,0.5342598192635832,tvm
150,30,3,64,64,64,32,16,4,0,[150; 30; 3; 64; 64; 64; 32; 16; 4; 0],0.045382849988527596,0.40292124206251395,tvm
1500,500,20,64,64,16,20,2,1,0,[1500; 500; 20; 64; 64; 16; 20; 2; 1; 0],0.053699531010352075,0.3405190686337504,tvm
150,30,3,128,128,64,256,16,4,0,[150; 30; 3; 128; 128; 64; 256; 16; 4; 0],0.044633973797317594,0.40968152127232776,tvm
150,150,10,320,320,16,16,8,1,1,[150; 150; 10; 320; 320; 16; 16; 8; 1; 1],0.03322790248785168,0.5503120244318658,tvm
15,15,5,1024,128,64,128,32,4,0,[15; 15; 5; 1024; 128; 64; 128; 32; 4; 0],0.036610583250876516,0.4994652546344368,tvm
300,150,25,160,160,16,160,10,1,1,[300; 150; 25; 160; 160; 16; 160; 10; 1; 1],0.035931822028942406,0.5089002798406796,tvm
375,125,5,160,160,80,256,2,5,1,[375; 125; 5; 160; 160; 80; 256; 2; 5; 1],0.029247973288875073,0.6251959445227456,tvm
1500,300,12,128,64,16,64,8,1,0,[1500; 300; 12; 128; 64; 16; 64; 8; 1; 0],0.03467667946824804,0.5273202211433692,tvm
750,30,5,640,160,32,10,10,2,1,[750; 30; 5; 640; 160; 32; 10; 10; 2; 1],0.03593867149902508,0.508803289687832,tvm
500,20,5,1024,256,32,64,64,2,1,[500; 20; 5; 1024; 256; 32; 64; 64; 2; 1],0.03848479175940156,0.4751413077673005,tvm
100,100,2,160,160,80,64,16,5,0,[100; 100; 2; 160; 160; 80; 64; 16; 5; 0],0.03573470801347867,0.5117073932384492,tvm
75,75,3,640,128,32,20,20,2,1,[75; 75; 3; 640; 128; 32; 20; 20; 2; 1],0.03968728700419888,0.4607448799354734,tvm
750,25,5,320,320,32,20,10,2,0,[750; 25; 5; 320; 320; 32; 20; 10; 2; 0],0.03411390824476257,0.5360193313095885,tvm
100,100,5,320,32,32,8,8,2,1,[100; 100; 5; 320; 32; 32; 8; 8; 2; 1],0.027693132462445647,0.6602977944265187,tvm
1500,1500,10,160,80,16,20,2,1,1,[1500; 1500; 10; 160; 80; 16; 20; 2; 1; 1],0.037654650514014065,0.4856163590977648,tvm
1500,150,3,640,80,80,80,5,5,0,[1500; 150; 3; 640; 80; 80; 80; 5; 5; 0],0.03015780251007527,0.6063344396398015,tvm
750,250,2,80,80,80,128,4,5,1,[750; 250; 2; 80; 80; 80; 128; 4; 5; 1],0.03412766777910292,0.5358032199584118,tvm
1500,75,5,128,32,32,128,64,2,0,[1500; 75; 5; 128; 32; 32; 128; 64; 2; 0],0.03374905278906226,0.5418141480889357,tvm
750,125,5,80,80,80,20,10,5,0,[750; 125; 5; 80; 80; 80; 20; 10; 5; 0],0.03362847201060504,0.5437569176484655,tvm
500,20,10,640,640,32,20,1,2,1,[500; 20; 10; 640; 640; 32; 20; 1; 2; 1],0.028917165531311184,0.6323480863266049,tvm
500,250,10,320,160,16,80,16,1,0,[500; 250; 10; 320; 160; 16; 80; 16; 1; 0],0.034117467992473394,0.5359634041350394,tvm
1500,750,5,160,80,80,32,8,5,0,[1500; 750; 5; 160; 80; 80; 32; 8; 5; 0],0.03364053904078901,0.5435618693131801,tvm
150,150,5,640,640,32,20,10,2,0,[150; 150; 5; 640; 640; 32; 20; 10; 2; 0],0.030168775003403425,0.6061139135961412,tvm
375,75,3,640,640,80,16,16,5,1,[375; 75; 3; 640; 640; 80; 16; 16; 5; 1],0.033807548286858946,0.5408766743615648,tvm
750,250,5,1024,256,32,80,16,2,1,[750; 250; 5; 1024; 256; 32; 80; 16; 2; 1],0.038605717709288,0.47365300713772246,tvm
20,20,5,320,320,32,80,1,2,1,[20; 20; 5; 320; 320; 32; 80; 1; 2; 1],0.03787311527412385,0.4828151619787054,tvm
250,25,5,640,160,80,40,10,5,0,[250; 25; 5; 640; 160; 80; 40; 10; 5; 0],0.031123954278882593,0.5875125673899678,tvm
60,60,4,256,64,64,16,2,4,1,[60; 60; 4; 256; 64; 64; 16; 2; 4; 1],0.03346383321331814,0.5464321486767639,tvm
300,75,5,512,128,32,40,10,2,0,[300; 75; 5; 512; 128; 32; 40; 10; 2; 0],0.033409093448426574,0.5473274608286465,tvm
25,25,5,160,160,80,16,2,5,1,[25; 25; 5; 160; 160; 80; 16; 2; 5; 1],0.0332813065033406,0.549428980015519,tvm
1500,25,5,256,32,32,64,4,2,1,[1500; 25; 5; 256; 32; 32; 64; 4; 2; 1],0.0376598727889359,0.4855490189304742,tvm
1500,750,10,256,128,16,128,2,1,1,[1500; 750; 10; 256; 128; 16; 128; 2; 1; 1],0.034036002529319376,0.5372462371267767,tvm
300,60,12,1024,512,32,40,20,2,1,[300; 60; 12; 1024; 512; 32; 40; 20; 2; 1],0.042272605234757066,0.432566532963044,tvm
300,50,10,128,64,32,64,1,2,0,[300; 50; 10; 128; 64; 32; 64; 1; 2; 0],0.03093982726568356,0.5910089325545657,tvm
1500,50,5,512,256,32,128,4,2,0,[1500; 50; 5; 512; 256; 32; 128; 4; 2; 0],0.04607211804250255,0.39689328519355915,tvm
100,25,5,160,160,80,80,5,5,1,[100; 25; 5; 160; 160; 80; 80; 5; 5; 1],0.02854837803170085,0.6405167489869078,tvm
300,50,5,256,32,32,40,2,2,1,[300; 50; 5; 256; 32; 32; 40; 2; 2; 1],0.035364537267014384,0.5170635811703367,tvm
60,30,5,320,320,64,80,2,4,1,[60; 30; 5; 320; 320; 64; 80; 2; 4; 1],0.028620358265470713,0.6389058486306669,tvm
375,75,5,256,256,32,160,16,2,0,[375; 75; 5; 256; 256; 32; 160; 16; 2; 0],0.02574075775919482,0.7103797975482082,tvm
60,60,10,512,32,32,160,16,2,1,[60; 60; 10; 512; 32; 32; 160; 16; 2; 1],0.029713246505707502,0.6154061382084874,tvm
300,60,10,160,160,32,80,2,2,1,[300; 60; 10; 160; 160; 32; 80; 2; 2; 1],0.028681322000920773,0.6375478189299382,tvm
250,250,10,128,64,32,80,20,2,1,[250; 250; 10; 128; 64; 32; 80; 20; 2; 1],0.024309263768373057,0.7522117683179055,tvm
1500,750,6,320,160,32,128,4,2,1,[1500; 750; 6; 320; 160; 32; 128; 4; 2; 1],0.02345451375003904,0.7796245311495256,tvm
1500,1500,5,512,256,64,128,1,4,1,[1500; 1500; 5; 512; 256; 64; 128; 1; 4; 1],0.03544946975307539,0.5158247616419686,tvm
750,250,5,640,640,80,80,4,5,1,[750; 250; 5; 640; 640; 80; 80; 4; 5; 1],0.023073692136676982,0.7924919071208407,tvm
150,150,5,64,32,32,5,1,2,1,[150; 150; 5; 64; 32; 32; 5; 1; 2; 1],0.030771375284530222,0.5942442973911248,tvm
1500,60,5,640,128,16,40,4,1,1,[1500; 60; 5; 640; 128; 16; 40; 4; 1; 1],0.03858294727979228,0.47393254209201857,tvm
15,5,5,1024,128,64,128,16,4,0,[15; 5; 5; 1024; 128; 64; 128; 16; 4; 0],0.05241041397675872,0.348894673753637,tvm
1500,30,2,160,80,80,16,4,5,0,[1500; 30; 2; 160; 80; 80; 16; 4; 5; 0],0.03657998872222379,0.49988299407552833,tvm
1500,300,3,640,80,80,1280,5,5,1,[1500; 300; 3; 640; 80; 80; 1280; 5; 5; 1],0.08204677945468575,0.22286937290224104,tvm
750,250,2,512,512,128,320,1,8,1,[750; 250; 2; 512; 512; 128; 320; 1; 8; 1],0.10275459592230618,0.17795519627696563,tvm
30,30,3,160,32,32,40,10,2,0,[30; 30; 3; 160; 32; 32; 40; 10; 2; 0],0.05040686950087547,0.36276234701297405,tvm
750,30,3,320,160,32,40,40,2,0,[750; 30; 3; 320; 160; 32; 40; 40; 2; 0],0.05320878000929952,0.3436597171090639,tvm
300,12,4,320,160,80,160,40,5,0,[300; 12; 4; 320; 160; 80; 160; 40; 5; 0],0.04318621847778559,0.4234154999035216,tvm
25,5,5,160,160,80,40,2,5,1,[25; 5; 5; 160; 160; 80; 40; 2; 5; 1],0.056997384992428124,0.32081672322587207,tvm
375,375,5,128,32,32,4,4,2,1,[375; 375; 5; 128; 32; 32; 4; 4; 2; 1],0.041427734249737114,0.44138822981443454,tvm
60,15,5,160,32,32,256,32,2,1,[60; 15; 5; 160; 32; 32; 256; 32; 2; 1],0.04311130353016779,0.42415127329468433,tvm
150,30,2,640,128,64,64,1,4,0,[150; 30; 2; 640; 128; 64; 64; 1; 4; 0],0.04189315275289118,0.4364845585524076,tvm
1500,100,5,512,64,64,256,1,4,1,[1500; 100; 5; 512; 64; 64; 256; 1; 4; 1],0.046917050960473716,0.38974560232098737,tvm
1500,30,2,128,64,64,64,2,4,1,[1500; 30; 2; 128; 64; 64; 64; 2; 4; 1],0.044180276978295296,0.4138886294148318,tvm
1500,500,2,640,80,80,1,1,5,1,[1500; 500; 2; 640; 80; 80; 1; 1; 5; 1],0.13643966894596815,0.1340205119740921,tvm
150,75,3,1024,512,64,32,32,4,1,[150; 75; 3; 1024; 512; 64; 32; 32; 4; 1],0.03673355153296143,0.4977932577335004,tvm
375,125,5,320,160,80,4,4,5,1,[375; 125; 5; 320; 160; 80; 4; 4; 5; 1],0.042252832266967744,0.43276896020079636,tvm
125,125,25,256,256,16,32,8,1,1,[125; 125; 25; 256; 256; 16; 32; 8; 1; 1],0.03739765577483922,0.48895348937931926,tvm
300,15,5,80,80,80,256,1,5,1,[300; 15; 5; 80; 80; 80; 256; 1; 5; 1],0.04027017729822546,0.45407583260181134,tvm
125,125,25,320,80,16,160,2,1,0,[125; 125; 25; 320; 80; 16; 160; 2; 1; 0],0.042593097023200244,0.4293116857821856,tvm
50,50,2,640,64,64,80,8,4,1,[50; 50; 2; 640; 64; 64; 80; 8; 4; 1],0.039044199453201145,0.4683336972405278,tvm
125,125,25,160,160,16,20,1,1,1,[125; 125; 25; 160; 160; 16; 20; 1; 1; 1],0.0351878177607432,0.5196603668362318,tvm
150,30,2,640,80,80,32,32,5,1,[150; 30; 2; 640; 80; 80; 32; 32; 5; 1],0.032515757193323225,0.562364707578425,tvm
60,60,2,640,320,64,160,16,4,0,[60; 60; 2; 640; 320; 64; 160; 16; 4; 0],0.036695417773444206,0.4983105628776168,tvm
60,20,4,320,64,32,128,2,2,1,[60; 20; 4; 320; 64; 32; 128; 2; 2; 1],0.03815511451102793,0.479246741100179,tvm
300,150,10,640,64,16,16,2,1,1,[300; 150; 10; 640; 64; 16; 16; 2; 1; 1],0.03850272198906168,0.4749200404820499,tvm
750,750,15,160,80,16,160,16,1,0,[750; 750; 15; 160; 80; 16; 160; 16; 1; 0],0.04247159097576514,0.4305398942118359,tvm
300,300,3,512,32,32,160,4,2,1,[300; 300; 3; 512; 32; 32; 160; 4; 2; 1],0.039996174979023635,0.4571865758489255,tvm
250,50,2,160,80,80,20,20,5,1,[250; 50; 2; 160; 80; 80; 20; 20; 5; 1],0.02905192697653547,0.6294148508800539,tvm
500,500,20,80,80,16,160,8,1,0,[500; 500; 20; 80; 80; 16; 160; 8; 1; 0],0.031102625478524715,0.5879154574375061,tvm
300,300,6,80,80,16,160,1,1,1,[300; 300; 6; 80; 80; 16; 160; 1; 1; 1],0.033444905770011246,0.5467413904963183,tvm
1500,500,5,1024,128,64,128,1,4,1,[1500; 500; 5; 1024; 128; 64; 128; 1; 4; 1],0.03522447822615504,0.5191195216097394,tvm
1500,75,3,512,64,64,80,16,4,0,[1500; 75; 3; 512; 64; 64; 80; 16; 4; 0],0.04988007596693933,0.3665935532623109,tvm
60,60,3,64,64,64,160,2,4,1,[60; 60; 3; 64; 64; 64; 160; 2; 4; 1],0.029181124758906662,0.6266281521630903,tvm
300,75,3,640,128,64,32,2,4,1,[300; 75; 3; 640; 128; 64; 32; 2; 4; 1],0.03115657129092142,0.586897515614707,tvm
750,750,6,512,128,16,80,8,1,1,[750; 750; 6; 512; 128; 16; 80; 8; 1; 1],0.03990507445996627,0.45823030111268065,tvm
500,500,4,1024,64,32,80,1,2,0,[500; 500; 4; 1024; 64; 32; 80; 1; 2; 0],0.03517750999890268,0.5198126384239444,tvm
300,20,5,640,320,64,20,10,4,1,[300; 20; 5; 640; 320; 64; 20; 10; 4; 1],0.03530453675193712,0.5179423373884369,tvm
1500,50,5,1024,256,64,80,4,4,1,[1500; 50; 5; 1024; 256; 64; 80; 4; 4; 1],0.040210179751738906,0.45475335844335574,tvm
1500,60,5,640,160,80,40,20,5,0,[1500; 60; 5; 640; 160; 80; 40; 20; 5; 0],0.02779182477388531,0.657952992813071,tvm
60,30,5,160,160,80,8,2,5,1,[60; 30; 5; 160; 160; 80; 8; 2; 5; 1],0.042463370715267956,0.4306232401644825,tvm
150,150,3,640,640,80,8,8,5,1,[150; 150; 3; 640; 640; 80; 8; 8; 5; 1],0.03339167224476114,0.547613014157539,tvm
1500,60,10,512,32,32,128,32,2,0,[1500; 60; 10; 512; 32; 32; 128; 32; 2; 0],0.05555476248264313,0.3291475558270501,tvm
30,30,10,640,640,32,10,5,2,1,[30; 30; 10; 640; 640; 32; 10; 5; 2; 1],0.030003909720107913,0.6094443842916789,tvm
750,125,5,1024,64,64,128,16,4,1,[750; 125; 5; 1024; 64; 64; 128; 16; 4; 1],0.037125861970707774,0.49253305687937093,tvm
300,100,4,640,320,32,10,5,2,1,[300; 100; 4; 640; 320; 32; 10; 5; 2; 1],0.031758382508996874,0.5757759949057262,tvm
750,750,3,640,320,80,64,8,5,1,[750; 750; 3; 640; 320; 80; 64; 8; 5; 1],0.026076993031892926,0.7012202006324243,tvm
1500,750,5,640,640,80,20,4,5,1,[1500; 750; 5; 640; 640; 80; 20; 4; 5; 1],0.03115565300686285,0.586914813876197,tvm
1500,50,5,512,256,32,128,16,2,0,[1500; 50; 5; 512; 256; 32; 128; 16; 2; 0],0.04520126699935645,0.4045398613710237,tvm
50,25,5,160,160,80,40,20,5,1,[50; 25; 5; 160; 160; 80; 40; 20; 5; 1],0.028717428212985396,0.6367462347288426,tvm
750,375,5,640,640,32,20,5,2,1,[750; 375; 5; 640; 640; 32; 20; 5; 2; 1],0.031722301500849426,0.5764308836552938,tvm
1500,500,5,256,64,32,32,1,2,1,[1500; 500; 5; 256; 64; 32; 32; 1; 2; 1],0.03389821748714894,0.5394299653852458,tvm
60,60,6,512,64,64,32,2,4,1,[60; 60; 6; 512; 64; 64; 32; 2; 4; 1],0.027886768453754485,0.6557129168995708,tvm
300,50,5,64,32,32,128,2,2,1,[300; 50; 5; 64; 32; 32; 128; 2; 2; 1],0.030520811036694795,0.5991228170093382,tvm
300,300,10,128,32,32,160,5,2,0,[300; 300; 10; 128; 32; 32; 160; 5; 2; 0],0.026890315988566726,0.6800111346214393,tvm
30,30,6,640,128,64,128,1,4,1,[30; 30; 6; 640; 128; 64; 128; 1; 4; 1],0.027783113764598966,0.6581592848319905,tvm
1500,300,5,640,160,32,160,4,2,0,[1500; 300; 5; 640; 160; 32; 160; 4; 2; 0],0.02707777777686715,0.6753033589534803,tvm
150,50,5,640,128,64,160,5,4,1,[150; 50; 5; 640; 128; 64; 160; 5; 4; 1],0.025000776280649006,0.7314058603799322,tvm
1500,750,6,512,64,64,64,2,4,1,[1500; 750; 6; 512; 64; 64; 64; 2; 4; 1],0.03698132373392582,0.49445807882045584,tvm
750,750,6,640,160,32,160,10,2,0,[750; 750; 6; 640; 160; 32; 160; 10; 2; 0],0.02471757636521943,0.7397858922545684,tvm
300,300,6,256,32,32,80,20,2,1,[300; 300; 6; 256; 32; 32; 80; 20; 2; 1],0.02694988646544516,0.678508026709501,tvm
75,75,5,320,160,80,160,1,5,1,[75; 75; 5; 320; 160; 80; 160; 1; 5; 1],0.024052364111412317,0.760246028249594,tvm
500,500,5,128,128,64,128,8,4,1,[500; 500; 5; 128; 128; 64; 128; 8; 4; 1],0.02150946212350391,0.8501242002575715,tvm
300,15,3,640,640,32,64,2,2,0,[300; 15; 3; 640; 640; 32; 64; 2; 2; 0],0.042508085491135716,0.43017026230286093,tvm
300,100,10,80,80,16,160,32,1,0,[300; 100; 10; 80; 80; 16; 160; 32; 1; 0],0.041753279976546764,0.43794677438480417,tvm
150,150,10,640,128,16,256,16,1,1,[150; 150; 10; 640; 128; 16; 256; 16; 1; 1],0.04092526977183297,0.44680742210524227,tvm
30,10,5,256,64,64,128,8,4,1,[30; 10; 5; 256; 64; 64; 128; 8; 4; 1],0.03510933672077954,0.5208219805215474,tvm
60,20,5,512,256,64,256,32,4,1,[60; 20; 5; 512; 256; 64; 256; 32; 4; 1],0.03704627224942669,0.4935912083839223,tvm
10,10,5,256,128,32,40,2,2,0,[10; 10; 5; 256; 128; 32; 40; 2; 2; 0],0.03929619875270873,0.46533035932524724,tvm
150,15,3,512,512,64,20,4,4,1,[150; 15; 3; 512; 512; 64; 20; 4; 4; 1],0.03935814677970484,0.46459794939184934,tvm
500,125,5,1024,1024,64,5,1,4,1,[500; 125; 5; 1024; 1024; 64; 5; 1; 4; 1],0.04159036051714793,0.4396623173818123,tvm
125,125,5,640,64,16,160,1,1,0,[125; 125; 5; 640; 64; 16; 160; 1; 1; 0],0.03992263652617112,0.45802872447382487,tvm
300,60,3,640,32,32,160,10,2,0,[300; 60; 3; 640; 32; 32; 160; 10; 2; 0],0.03795873303897679,0.48172614894543897,tvm
150,50,2,640,640,64,128,1,4,0,[150; 50; 2; 640; 640; 64; 128; 1; 4; 0],0.038531159749254584,0.474569527746126,tvm
75,15,5,512,32,32,160,4,2,0,[75; 15; 5; 512; 32; 32; 160; 4; 2; 0],0.03815750847570598,0.4792166736294217,tvm
150,150,3,1024,128,32,64,8,2,1,[150; 150; 3; 1024; 128; 32; 64; 8; 2; 1],0.03730231075314805,0.4902032586324723,tvm
150,15,5,256,32,32,128,32,2,0,[150; 15; 5; 256; 32; 32; 128; 32; 2; 0],0.0408276577363722,0.4478756632032815,tvm
1500,1500,4,512,32,32,16,2,2,1,[1500; 1500; 4; 512; 32; 32; 16; 2; 2; 1],0.07678970054257661,0.23812717273946965,tvm
30,30,2,320,160,80,160,32,5,0,[30; 30; 2; 320; 160; 80; 160; 32; 5; 0],0.03732774674426764,0.48986922277922906,tvm
750,75,25,640,320,16,40,1,1,1,[750; 75; 25; 640; 320; 16; 40; 1; 1; 1],0.03776543273124844,0.4841918379657291,tvm
750,750,10,256,64,32,256,16,2,1,[750; 750; 10; 256; 64; 32; 256; 16; 2; 1],0.0289583052508533,0.6314497387645112,tvm
750,30,3,640,160,80,5,1,5,1,[750; 30; 3; 640; 160; 80; 5; 1; 5; 1],0.03843682777369395,0.47573422014365546,tvm
100,20,4,128,64,32,160,4,2,1,[100; 20; 4; 128; 64; 32; 160; 4; 2; 1],0.037033918721135706,0.4937558572562943,tvm
1500,100,5,1024,128,32,80,2,2,1,[1500; 100; 5; 1024; 128; 32; 80; 2; 2; 1],0.042114972777199,0.434185589587135,tvm
1500,500,20,320,64,16,32,1,1,1,[1500; 500; 20; 320; 64; 16; 32; 1; 1; 1],0.03236694750376046,0.5649502253368136,tvm
1500,100,4,1024,128,32,128,16,2,0,[1500; 100; 4; 1024; 128; 32; 128; 16; 2; 0],0.04761461651651189,0.3840357357361711,tvm
1500,500,4,128,64,32,256,2,2,1,[1500; 500; 4; 128; 64; 32; 256; 2; 2; 1],0.04284683975856751,0.42676926440200147,tvm
1500,750,3,320,160,80,20,5,5,0,[1500; 750; 3; 320; 160; 80; 20; 5; 5; 0],0.04761426319601014,0.3840385854641671,tvm
1500,100,4,1024,128,32,160,5,2,1,[1500; 100; 4; 1024; 128; 32; 160; 5; 2; 1],0.045136103755794466,0.4051238978146582,tvm
60,15,5,640,320,80,20,2,5,0,[60; 15; 5; 640; 320; 80; 20; 2; 5; 0],0.038210291299037635,0.47855469466611555,tvm
150,150,2,512,256,128,40,40,8,0,[150; 150; 2; 512; 256; 128; 40; 40; 8; 0],0.04507304402068257,0.40569068903630207,tvm
1500,60,4,640,128,32,16,2,2,1,[1500; 60; 4; 640; 128; 32; 16; 2; 2; 1],0.03151774173602462,0.5801720960488045,tvm
1500,300,2,640,640,80,32,16,5,1,[1500; 300; 2; 640; 640; 80; 32; 16; 5; 1],0.0357442949898541,0.5115701482125925,tvm
750,15,5,1024,256,64,40,1,4,1,[750; 15; 5; 1024; 256; 64; 40; 1; 4; 1],0.0520995834376663,0.3509762090054316,tvm
150,30,3,640,64,64,160,20,4,0,[150; 30; 3; 640; 64; 64; 160; 20; 4; 0],0.032799543463625014,0.5574990489118639,tvm
750,750,6,320,160,32,20,2,2,0,[750; 750; 6; 320; 160; 32; 20; 2; 2; 0],0.04661075526382774,0.3923067580049472,tvm
1500,750,15,640,320,16,20,2,1,1,[1500; 750; 15; 640; 320; 16; 20; 2; 1; 1],0.037708760472014546,0.48491952683740375,tvm
150,30,10,320,32,32,10,2,2,1,[150; 30; 10; 320; 32; 32; 10; 2; 2; 1],0.035092498001176864,0.521071890781359,tvm
125,125,25,160,160,16,128,2,1,1,[125; 125; 25; 160; 160; 16; 128; 2; 1; 1],0.03751060599461198,0.48748117501329746,tvm
375,75,5,1024,128,64,32,32,4,0,[375; 75; 5; 1024; 128; 64; 32; 32; 4; 0],0.05548145098146051,0.3295824813922869,tvm
60,30,6,256,64,64,32,16,4,0,[60; 30; 6; 256; 64; 64; 32; 16; 4; 0],0.037204667227342725,0.4914897954597378,tvm
1500,30,5,64,64,32,160,32,2,0,[1500; 30; 5; 64; 64; 32; 160; 32; 2; 0],0.03473702596966177,0.5264041401150592,tvm
150,75,3,128,64,64,5,5,4,1,[150; 75; 3; 128; 64; 64; 5; 5; 4; 1],0.030594886979088187,0.5976722286378341,tvm
750,150,6,1024,512,64,128,1,4,1,[750; 150; 6; 1024; 512; 64; 128; 1; 4; 1],0.036385347484610975,0.502557088219321,tvm
100,100,4,640,160,32,8,8,2,1,[100; 100; 4; 640; 160; 32; 8; 8; 2; 1],0.03158911701757461,0.5788612032283469,tvm
375,375,5,512,64,32,16,1,2,1,[375; 375; 5; 512; 64; 32; 16; 1; 2; 1],0.03110743750585243,0.5878245124586069,tvm
100,100,5,512,32,32,10,5,2,1,[100; 100; 5; 512; 32; 32; 10; 5; 2; 1],0.030321243742946535,0.603066102457225,tvm
150,150,2,320,320,160,128,32,10,1,[150; 150; 2; 320; 320; 160; 128; 32; 10; 1],0.030571882787626237,0.5981219545011244,tvm
375,375,3,640,160,80,160,4,5,0,[375; 375; 3; 640; 160; 80; 160; 4; 5; 0],0.03234289574902505,0.5653703498786282,tvm
750,750,15,320,160,16,80,5,1,0,[750; 750; 15; 320; 160; 16; 80; 5; 1; 0],0.03164546476909891,0.5778304859522835,tvm
375,125,5,1024,512,32,160,32,2,0,[375; 125; 5; 1024; 512; 32; 160; 32; 2; 0],0.030998504196759313,0.5898902143680189,tvm
75,75,3,320,160,80,20,4,5,1,[75; 75; 3; 320; 160; 80; 20; 4; 5; 1],0.03194415173493326,0.5724276054485906,tvm
750,30,5,80,80,80,128,32,5,1,[750; 30; 5; 80; 80; 80; 128; 32; 5; 1],0.05778895295225084,0.31642231519271835,tvm
375,375,3,80,80,80,160,8,5,1,[375; 375; 3; 80; 80; 80; 160; 8; 5; 1],0.026242142252158374,0.6968072236636975,tvm
750,250,10,512,32,32,32,32,2,1,[750; 250; 10; 512; 32; 32; 32; 32; 2; 1],0.034632465278264135,0.5279934344492271,tvm
750,25,5,640,64,32,160,8,2,1,[750; 25; 5; 640; 64; 32; 160; 8; 2; 1],0.0313942427164875,0.5824543834628338,tvm
1500,300,12,640,640,32,32,32,2,1,[1500; 300; 12; 640; 640; 32; 32; 32; 2; 1],0.029872700513806194,0.6121212334741287,tvm
60,60,4,1024,1024,32,128,4,2,1,[60; 60; 4; 1024; 1024; 32; 128; 4; 2; 1],0.028990097751375288,0.6307572483037528,tvm
1500,300,10,640,160,32,40,1,2,1,[1500; 300; 10; 640; 160; 32; 40; 1; 2; 1],0.02463514861301519,0.7422611721552034,tvm
60,60,5,640,128,32,160,4,2,0,[60; 60; 5; 640; 128; 32; 160; 4; 2; 0],0.02760408550966531,0.6624278235666136,tvm
1500,300,6,512,128,32,160,2,2,0,[1500; 300; 6; 512; 128; 32; 160; 2; 2; 0],0.04232136398786679,0.43206816989539043,tvm
150,25,5,640,640,64,64,2,4,1,[150; 25; 5; 640; 640; 64; 64; 2; 4; 1],0.026977809495292604,0.6778057458262128,tvm
250,50,5,64,64,64,64,1,4,1,[250; 50; 5; 64; 64; 64; 64; 1; 4; 1],0.0261226964648813,0.6999933682304637,tvm
750,50,5,160,80,80,160,1,5,1,[750; 50; 5; 160; 80; 80; 160; 1; 5; 1],0.026372444757726043,0.693364398094239,tvm
500,125,5,640,128,32,160,4,2,0,[500; 125; 5; 640; 128; 32; 160; 4; 2; 0],0.02788084204075858,0.655852296676789,tvm
1500,750,5,640,64,64,160,2,4,1,[1500; 750; 5; 640; 64; 64; 160; 2; 4; 1],0.022528779751155525,0.811660218071793,tvm
500,125,5,640,640,80,64,16,5,1,[500; 125; 5; 640; 640; 80; 64; 16; 5; 1],0.0225109233870171,0.8123040521856313,tvm
300,10,5,160,160,80,128,1,5,0,[300; 10; 5; 160; 160; 80; 128; 1; 5; 0],0.04274807823821902,0.42775523577492425,tvm
60,60,20,320,160,16,32,1,1,0,[60; 60; 20; 320; 160; 16; 32; 1; 1; 0],0.036587623006198555,0.4997786897119931,tvm
60,20,10,640,320,32,10,2,2,0,[60; 20; 10; 640; 320; 32; 10; 2; 2; 0],0.03824378922581673,0.4781355262090607,tvm
750,30,2,160,32,32,8,4,2,1,[750; 30; 2; 160; 32; 32; 8; 4; 2; 1],0.037605547229759395,0.4862504506048982,tvm
500,125,5,320,64,16,128,64,1,1,[500; 125; 5; 320; 64; 16; 128; 64; 1; 1],0.03782294050324708,0.48345564999486135,tvm
1500,300,25,128,64,16,10,2,1,1,[1500; 300; 25; 128; 64; 16; 10; 2; 1; 1],0.04237585072405636,0.43151261799526924,tvm
300,60,5,160,80,16,80,1,1,1,[300; 60; 5; 160; 80; 16; 80; 1; 1; 1],0.038392805494368076,0.4762797104889003,tvm
500,100,25,640,80,16,160,16,1,1,[500; 100; 25; 640; 80; 16; 160; 16; 1; 1],0.047258344013243914,0.38693091490023024,tvm
100,50,2,640,80,80,20,10,5,0,[100; 50; 2; 640; 80; 80; 20; 10; 5; 0],0.05256109847687185,0.3478944469503514,tvm
500,20,5,1024,1024,32,256,4,2,0,[500; 20; 5; 1024; 1024; 32; 256; 4; 2; 0],0.04974512424087152,0.3675880714896356,tvm
300,150,10,256,32,32,20,10,2,0,[300; 150; 10; 256; 32; 32; 20; 10; 2; 0],0.04036279424326494,0.4530339048259895,tvm
750,30,2,1024,512,128,160,16,8,0,[750; 30; 2; 1024; 512; 128; 160; 16; 8; 0],0.05750944453757256,0.3179601964989891,tvm
20,10,5,1024,256,32,128,2,2,1,[20; 10; 5; 1024; 256; 32; 128; 2; 2; 1],0.04021531925536692,0.4546952411244124,tvm
1500,300,5,320,160,80,16,8,5,0,[1500; 300; 5; 320; 160; 80; 16; 8; 5; 0],0.04775494075147435,0.382907276147123,tvm
60,12,4,160,160,80,32,8,5,1,[60; 12; 4; 160; 160; 80; 32; 8; 5; 1],0.04085679101990536,0.4475563016391943,tvm
300,12,4,320,320,80,80,20,5,1,[300; 12; 4; 320; 320; 80; 80; 20; 5; 1],0.034008112212177366,0.537686836941413,tvm
100,100,5,512,256,64,256,4,4,0,[100; 100; 5; 512; 256; 64; 256; 4; 4; 0],0.03876118449261412,0.4717532378092986,tvm
60,60,2,256,64,32,20,2,2,1,[60; 60; 2; 256; 64; 32; 20; 2; 2; 1],0.05526046396698803,0.330900484234768,tvm
100,100,25,512,512,16,64,4,1,0,[100; 100; 25; 512; 512; 16; 64; 4; 1; 0],0.040813683765009046,0.44802900887352026,tvm
250,125,25,640,64,16,64,16,1,1,[250; 125; 25; 640; 64; 16; 64; 16; 1; 1],0.050300324452109635,0.36353074229419546,tvm
10,10,5,160,80,80,20,5,5,1,[10; 10; 5; 160; 80; 80; 20; 5; 5; 1],0.038362906023394316,0.47665091571955903,tvm
1500,60,4,512,64,64,10,1,4,1,[1500; 60; 4; 512; 64; 64; 10; 1; 4; 1],0.05579703894909471,0.32771836337761373,tvm
1500,50,2,320,320,80,160,4,5,0,[1500; 50; 2; 320; 320; 80; 160; 4; 5; 0],0.03623449249425903,0.5046493831426359,tvm
500,100,10,640,160,16,20,2,1,0,[500; 100; 10; 640; 160; 16; 20; 2; 1; 0],0.0371533862198703,0.49216817486032427,tvm
750,150,5,640,64,16,32,16,1,1,[750; 150; 5; 640; 64; 16; 32; 16; 1; 1],0.03810349525883794,0.4798959822845385,tvm
25,25,5,256,32,32,40,40,2,0,[25; 25; 5; 256; 32; 32; 40; 40; 2; 0],0.03415916574886069,0.5353091588990042,tvm
30,30,3,128,32,32,16,1,2,1,[30; 30; 3; 128; 32; 32; 16; 1; 2; 1],0.05120358045678586,0.35711788360477703,tvm
1500,250,2,640,160,80,160,4,5,0,[1500; 250; 2; 640; 160; 80; 160; 4; 5; 0],0.0348004309926182,0.5254450523786046,tvm
1500,20,5,160,32,32,64,4,2,1,[1500; 20; 5; 160; 32; 32; 64; 4; 2; 1],0.033173183794133365,0.5512197562703671,tvm
60,60,12,64,64,32,256,8,2,1,[60; 60; 12; 64; 64; 32; 256; 8; 2; 1],0.034805140749085695,0.5253739502890715,tvm
375,125,25,640,320,16,128,1,1,0,[375; 125; 25; 640; 320; 16; 128; 1; 1; 0],0.0359450374962762,0.508713178769354,tvm
75,75,3,64,32,32,4,1,2,1,[75; 75; 3; 64; 32; 32; 4; 1; 2; 1],0.036503791983705014,0.5009264323519287,tvm
60,15,5,640,320,80,40,2,5,0,[60; 15; 5; 640; 320; 80; 40; 2; 5; 0],0.03407199325738475,0.5366787363328399,tvm
300,150,2,128,128,64,10,1,4,1,[300; 150; 2; 128; 128; 64; 10; 1; 4; 1],0.034285580506548285,0.5333354143507022,tvm
500,500,20,320,160,16,160,16,1,1,[500; 500; 20; 320; 160; 16; 160; 16; 1; 1],0.03628194995690137,0.5039892924011949,tvm
60,20,10,256,128,32,128,16,2,1,[60; 20; 10; 256; 128; 32; 128; 16; 2; 1],0.036348650290165097,0.5030644642852634,tvm
300,300,10,640,160,16,64,16,1,0,[300; 300; 10; 640; 160; 16; 64; 16; 1; 0],0.037047054269351065,0.4935807892516305,tvm
750,150,6,320,160,32,20,5,2,0,[750; 150; 6; 320; 160; 32; 20; 5; 2; 0],0.030785656766965985,0.5939686271476741,tvm
1500,500,20,512,512,16,80,16,1,1,[1500; 500; 20; 512; 512; 16; 80; 16; 1; 1],0.14208933990448713,0.12869166890356445,tvm
750,150,5,1024,512,32,32,8,2,1,[750; 150; 5; 1024; 512; 32; 32; 8; 2; 1],0.04253005626378581,0.4299480389186437,tvm
750,375,15,256,128,16,32,4,1,1,[750; 375; 15; 256; 128; 16; 32; 4; 1; 1],0.030401466006878763,0.6014747539338032,tvm
150,50,2,640,160,160,80,1,10,1,[150; 50; 2; 640; 160; 160; 80; 1; 10; 1],0.033644933020696044,0.543490880914109,tvm
750,375,5,160,32,32,16,2,2,1,[750; 375; 5; 160; 32; 32; 16; 2; 2; 1],0.03404965647496283,0.5370308008587404,tvm
60,30,10,640,160,32,20,2,2,0,[60; 30; 10; 640; 160; 32; 20; 2; 2; 0],0.03319268499035388,0.5508959064633757,tvm
750,150,10,640,160,16,80,2,1,0,[750; 150; 10; 640; 160; 16; 80; 2; 1; 0],0.03452118771383539,0.5296953985851925,tvm
300,60,2,640,160,160,40,20,10,1,[300; 60; 2; 640; 160; 160; 40; 20; 10; 1],0.036997387767769396,0.49424338822223685,tvm
500,250,2,640,320,160,128,2,10,1,[500; 250; 2; 640; 320; 160; 128; 2; 10; 1],0.02976923401001841,0.6142487334259421,tvm
300,25,5,128,128,32,20,5,2,1,[300; 25; 5; 128; 128; 32; 20; 5; 2; 1],0.03523001377470791,0.5190379544739729,tvm
500,25,5,640,160,80,20,1,5,1,[500; 25; 5; 640; 160; 80; 20; 1; 5; 1],0.03232443449087441,0.5656932464163161,tvm
375,25,5,160,160,80,160,20,5,0,[375; 25; 5; 160; 160; 80; 160; 20; 5; 0],0.027441552258096635,0.6663513096391653,tvm
750,50,10,256,128,32,80,8,2,0,[750; 50; 10; 256; 128; 32; 80; 8; 2; 0],0.027416014985647053,0.6669719977643469,tvm
750,50,10,640,640,32,64,32,2,1,[750; 50; 10; 640; 640; 32; 64; 32; 2; 1],0.02823392121354118,0.6476505387761844,tvm
150,150,6,1024,256,32,32,16,2,1,[150; 150; 6; 1024; 256; 32; 32; 16; 2; 1],0.02838439925108105,0.6442170617726869,tvm
300,30,5,160,32,32,160,8,2,1,[300; 30; 5; 160; 32; 32; 160; 8; 2; 1],0.03140318451914936,0.5822885342906492,tvm
300,60,12,256,64,32,128,8,2,0,[300; 60; 12; 256; 64; 32; 128; 8; 2; 0],0.03125722776167095,0.5850075516977572,tvm
150,75,5,128,64,64,20,2,4,1,[150; 75; 5; 128; 64; 64; 20; 2; 4; 1],0.0287419612868689,0.6362027317206195,tvm
150,50,5,1024,128,64,160,1,4,0,[150; 50; 5; 1024; 128; 64; 160; 1; 4; 0],0.02936681651044637,0.6226658677562034,tvm
150,50,10,640,320,32,20,5,2,1,[150; 50; 10; 640; 320; 32; 20; 5; 2; 1],0.028907718718983233,0.6325547326467638,tvm
1500,100,10,32,32,32,160,5,2,0,[1500; 100; 10; 32; 32; 32; 160; 5; 2; 0],0.03010730177629739,0.6073514797699374,tvm
500,100,4,320,160,80,128,2,5,0,[500; 100; 4; 320; 160; 80; 128; 2; 5; 0],0.02613402047427371,0.6996900573991176,tvm
1500,60,6,640,32,32,160,20,2,1,[1500; 60; 6; 640; 32; 32; 160; 20; 2; 1],0.026107006997335702,0.7004140416241662,tvm
300,75,5,512,512,64,160,10,4,1,[300; 75; 5; 512; 512; 64; 160; 10; 4; 1],0.02599849196849391,0.7033374977238566,tvm
750,125,5,256,64,64,80,5,4,1,[750; 125; 5; 256; 64; 64; 80; 5; 4; 1],0.022912389133125544,0.7980710426778563,tvm
750,125,5,256,128,64,128,1,4,1,[750; 125; 5; 256; 128; 64; 128; 1; 4; 1],0.022415997373173013,0.8157439520223284,tvm
1500,150,10,1024,128,32,128,2,2,1,[1500; 150; 10; 1024; 128; 32; 128; 2; 2; 1],0.037194249976892024,0.4916274504009303,tvm
100,20,4,640,64,32,160,10,2,1,[100; 20; 4; 640; 64; 32; 160; 10; 2; 1],0.03648324921960011,0.5012084909337117,tvm
250,125,5,320,320,80,256,2,5,0,[250; 125; 5; 320; 320; 80; 256; 2; 5; 0],0.036486450757365674,0.501164511925646,tvm
10,10,5,320,64,64,80,10,4,0,[10; 10; 5; 320; 64; 64; 80; 10; 4; 0],0.037340361275710166,0.4897037323955703,tvm
1500,500,4,640,640,32,16,8,2,1,[1500; 500; 4; 640; 640; 32; 16; 8; 2; 1],0.03544285550015047,0.5159210235088608,tvm
375,125,5,320,320,80,256,16,5,0,[375; 125; 5; 320; 320; 80; 256; 16; 5; 0],0.03467375022592023,0.5273647692150955,tvm
300,150,10,256,64,32,20,1,2,0,[300; 150; 10; 256; 64; 32; 20; 1; 2; 0],0.03348412626655772,0.5461009834972802,tvm
125,25,5,512,128,64,256,2,4,1,[125; 25; 5; 512; 128; 64; 256; 2; 4; 1],0.033966156479436904,0.5383509993774083,tvm
12,12,6,1024,1024,64,128,1,4,1,[12; 12; 6; 1024; 1024; 64; 128; 1; 4; 1],0.036283983499743044,0.5039610462242599,tvm
750,150,25,640,160,16,40,1,1,0,[750; 150; 25; 640; 160; 16; 40; 1; 1; 0],0.03721710073295981,0.49132559832959505,tvm
60,60,5,320,32,32,40,40,2,0,[60; 60; 5; 320; 32; 32; 40; 40; 2; 0],0.029581936018075794,0.6181378485350301,tvm
375,75,3,1024,1024,64,160,2,4,0,[375; 75; 3; 1024; 1024; 64; 160; 2; 4; 0],0.03353896748740226,0.5452080268297668,tvm
1500,300,10,256,128,16,80,40,1,1,[1500; 300; 10; 256; 128; 16; 80; 40; 1; 1],0.03485937404911965,0.524556587274007,tvm
250,250,2,320,160,80,64,4,5,0,[250; 250; 2; 320; 160; 80; 64; 4; 5; 0],0.03916266770102084,0.46691697371876534,tvm
1500,300,2,128,128,64,160,2,4,1,[1500; 300; 2; 128; 128; 64; 160; 2; 4; 1],0.03419146075611934,0.5348035410403355,tvm
300,20,5,320,32,32,64,1,2,0,[300; 20; 5; 320; 32; 32; 64; 1; 2; 0],0.03384350298438221,0.540302057211767,tvm
1500,1500,30,256,128,16,80,5,1,0,[1500; 1500; 30; 256; 128; 16; 80; 5; 1; 0],0.03750066977227107,0.4876103386088107,tvm
375,375,3,640,64,32,64,8,2,1,[375; 375; 3; 640; 64; 32; 64; 8; 2; 1],0.033752116025425494,0.5417649747334254,tvm
500,500,20,512,256,16,64,4,1,1,[500; 500; 20; 512; 256; 16; 64; 4; 1; 1],0.03153198875952512,0.5799099582702526,tvm
1500,150,25,320,160,16,160,2,1,1,[1500; 150; 25; 320; 160; 16; 160; 2; 1; 1],0.030233743251301348,0.6048114563163534,tvm
50,25,5,256,128,64,32,32,4,0,[50; 25; 5; 256; 128; 64; 32; 32; 4; 0],0.049792380537837744,0.3672392058423233,tvm
750,125,5,32,32,32,40,40,2,0,[750; 125; 5; 32; 32; 32; 40; 40; 2; 0],0.029355934297200292,0.6228966893231607,tvm
300,50,2,640,160,160,8,8,10,1,[300; 50; 2; 640; 160; 160; 8; 8; 10; 1],0.03277433750918135,0.5579278080172255,tvm
1500,300,5,1024,1024,64,80,2,4,0,[1500; 300; 5; 1024; 1024; 64; 80; 2; 4; 0],0.038405526254791766,0.47612195610606484,tvm
30,15,5,512,256,64,160,2,4,1,[30; 15; 5; 512; 256; 64; 160; 2; 4; 1],0.0350717562250793,0.5213800577411188,tvm
750,750,6,1024,64,64,80,40,4,0,[750; 750; 6; 1024; 64; 64; 80; 40; 4; 0],0.050087031559087336,0.36507881813963666,tvm
75,75,3,128,128,32,80,1,2,1,[75; 75; 3; 128; 128; 32; 80; 1; 2; 1],0.034859464969486,0.5245552191268732,tvm
125,125,5,1024,512,32,256,32,2,1,[125; 125; 5; 1024; 512; 32; 256; 32; 2; 1],0.03964189178077504,0.46127249392730124,tvm
750,250,5,128,128,32,20,5,2,0,[750; 250; 5; 128; 128; 32; 20; 5; 2; 0],0.04150531621417031,0.44056318451734555,tvm
1500,500,20,256,64,16,80,10,1,0,[1500; 500; 20; 256; 64; 16; 80; 10; 1; 0],0.04063541046343744,0.44999457559724276,tvm
1500,500,5,640,320,80,32,16,5,0,[1500; 500; 5; 640; 320; 80; 32; 16; 5; 0],0.03526446974137798,0.5185308164228124,tvm
750,750,5,640,128,32,32,1,2,0,[750; 750; 5; 640; 128; 32; 32; 1; 2; 0],0.03794498572824523,0.4819006763284376,tvm
1500,250,5,1024,64,64,160,1,4,0,[1500; 250; 5; 1024; 64; 64; 160; 1; 4; 0],0.03961415297817439,0.46159548825362723,tvm
1500,30,10,512,256,32,20,4,2,1,[1500; 30; 10; 512; 256; 32; 20; 4; 2; 1],0.04655558097874746,0.3927716914125008,tvm
300,60,4,1024,1024,64,64,16,4,0,[300; 60; 4; 1024; 1024; 64; 64; 16; 4; 0],0.03336253802990541,0.5480912234352013,tvm
300,300,10,256,256,32,40,4,2,0,[300; 300; 10; 256; 256; 32; 40; 4; 2; 0],0.032299977727234364,0.5661215756906336,tvm
60,20,5,256,256,64,64,8,4,1,[60; 20; 5; 256; 256; 64; 64; 8; 4; 1],0.03018475422868505,0.605793048609191,tvm
500,500,4,320,320,32,16,4,2,1,[500; 500; 4; 320; 320; 32; 16; 4; 2; 1],0.03296419949037954,0.5547143436943127,tvm
75,25,5,256,256,32,40,40,2,1,[75; 25; 5; 256; 256; 32; 40; 40; 2; 1],0.03494260675506666,0.5233071022402433,tvm
250,250,5,256,256,32,40,5,2,0,[250; 250; 5; 256; 256; 32; 40; 5; 2; 0],0.030798052554018795,0.5937295630508368,tvm
75,25,5,1024,128,32,160,8,2,0,[75; 25; 5; 1024; 128; 32; 160; 8; 2; 0],0.03469795227283612,0.5269969288657294,tvm
300,60,5,640,320,32,32,1,2,0,[300; 60; 5; 640; 320; 32; 32; 1; 2; 0],0.02981947298394516,0.6132138651665419,tvm
1500,300,12,512,32,32,160,2,2,0,[1500; 300; 12; 512; 32; 32; 160; 2; 2; 0],0.04599388426868245,0.3975683849377591,tvm
1500,60,10,320,160,32,64,64,2,1,[1500; 60; 10; 320; 160; 32; 64; 64; 2; 1],0.032131963525898755,0.5690817578258415,tvm
1500,750,6,640,64,64,160,40,4,0,[1500; 750; 6; 640; 64; 64; 160; 40; 4; 0],0.029029144498053938,0.629908824455372,tvm
1500,150,5,64,32,32,80,16,2,0,[1500; 150; 5; 64; 32; 32; 80; 16; 2; 0],0.035190236230846494,0.5196246528656631,tvm
1500,250,5,128,64,32,80,20,2,0,[1500; 250; 5; 128; 64; 32; 80; 20; 2; 0],0.03125527949305251,0.5850440175964151,tvm
300,60,5,640,32,32,40,5,2,1,[300; 60; 5; 640; 32; 32; 40; 5; 2; 1],0.031714477052446455,0.576573098004267,tvm
500,100,5,32,32,32,40,8,2,1,[500; 100; 5; 32; 32; 32; 40; 8; 2; 1],0.030192796781193465,0.6056316815639987,tvm
500,250,10,640,640,32,20,10,2,1,[500; 250; 10; 640; 640; 32; 20; 10; 2; 1],0.025368867500219494,0.7207934798648807,tvm
300,30,5,512,128,64,40,4,4,1,[300; 30; 5; 512; 128; 64; 40; 4; 4; 1],0.031535280228126794,0.5798494306514829,tvm
1500,150,5,640,128,64,40,40,4,1,[1500; 150; 5; 640; 128; 64; 40; 40; 4; 1],0.03396208822960034,0.5384154873544261,tvm
50,50,5,640,640,80,20,2,5,1,[50; 50; 5; 640; 640; 80; 20; 2; 5; 1],0.026929478510282934,0.6790222201566936,tvm
1500,100,4,640,160,80,40,4,5,1,[1500; 100; 4; 640; 160; 80; 40; 4; 5; 1],0.02511490898905322,0.7280820445610391,tvm
1500,500,10,640,128,32,40,2,2,1,[1500; 500; 10; 640; 128; 32; 40; 2; 2; 1],0.024235922988737002,0.7544880504122778,tvm
1500,150,10,128,128,32,128,64,2,1,[1500; 150; 10; 128; 128; 32; 128; 64; 2; 1],0.03025484550744295,0.6043896102928652,tvm
1500,50,10,640,128,32,128,8,2,1,[1500; 50; 10; 640; 128; 32; 128; 8; 2; 1],0.02805250702658668,0.6518388630429378,tvm
750,750,5,128,64,64,128,1,4,0,[750; 750; 5; 128; 64; 64; 128; 1; 4; 0],0.02538288978394121,0.7203952915275614,tvm
500,50,5,640,640,32,80,4,2,1,[500; 50; 5; 640; 640; 32; 80; 4; 2; 1],0.026424648007377982,0.6919946211055967,tvm
1500,1500,5,640,640,64,40,5,4,1,[1500; 1500; 5; 640; 640; 64; 40; 5; 4; 1],0.029297208529897034,0.6241452753785124,tvm
300,60,5,640,32,32,80,4,2,1,[300; 60; 5; 640; 32; 32; 80; 4; 2; 1],0.028316379233729094,0.6457645638512015,tvm
500,500,5,640,640,64,32,1,4,1,[500; 500; 5; 640; 640; 64; 32; 1; 4; 1],0.027252449479419738,0.6709750732506863,tvm
500,125,5,64,64,32,80,5,2,1,[500; 125; 5; 64; 64; 32; 80; 5; 2; 1],0.026162259513512254,0.6989348254217149,tvm
300,100,5,256,64,64,80,16,4,1,[300; 100; 5; 256; 64; 64; 80; 16; 4; 1],0.025002961279824376,0.7313419431029382,tvm
150,75,25,640,80,16,16,1,1,1,[150; 75; 25; 640; 80; 16; 16; 1; 1; 1],0.03599628800293431,0.5079888871936932,tvm
1500,750,5,512,256,16,160,20,1,1,[1500; 750; 5; 512; 256; 16; 160; 20; 1; 1],0.05801624001469463,0.3151826847290137,tvm
1500,30,2,256,64,64,40,10,4,1,[1500; 30; 2; 256; 64; 64; 40; 10; 4; 1],0.057051964569836855,0.3205098093218313,tvm
250,250,5,320,80,16,40,5,1,0,[250; 250; 5; 320; 80; 16; 40; 5; 1; 0],0.04595861752750352,0.3978734624637342,tvm
12,12,3,80,80,80,80,16,5,1,[12; 12; 3; 80; 80; 80; 80; 16; 5; 1],0.043117302760947496,0.42409225797575056,tvm
1500,1500,4,320,80,80,256,32,5,0,[1500; 1500; 4; 320; 80; 80; 256; 32; 5; 0],0.051539637497626245,0.3547893460941876,tvm
1500,75,5,320,80,80,256,4,5,0,[1500; 75; 5; 320; 80; 80; 256; 4; 5; 0],0.03831891977461055,0.4771980628177855,tvm
1500,750,5,1024,256,32,64,4,2,0,[1500; 750; 5; 1024; 256; 32; 64; 4; 2; 0],0.044110924762208015,0.4145393546902139,tvm
300,15,5,320,320,32,160,40,2,0,[300; 15; 5; 320; 320; 32; 160; 40; 2; 0],0.03821109974524006,0.4785445697095418,tvm
300,100,25,640,640,16,16,1,1,1,[300; 100; 25; 640; 640; 16; 16; 1; 1; 1],0.03369260876206681,0.5427218300264555,tvm
150,15,3,640,320,80,40,5,5,0,[150; 15; 3; 640; 320; 80; 40; 5; 5; 0],0.03766459150938317,0.4854881880547906,tvm
500,500,5,320,64,16,160,4,1,0,[500; 500; 5; 320; 64; 16; 160; 4; 1; 0],0.04746564547531307,0.3852410328060261,tvm
300,50,2,1024,512,128,160,16,8,1,[300; 50; 2; 1024; 512; 128; 160; 16; 8; 1],0.04133230552542955,0.4424073144060176,tvm
300,60,2,160,80,80,64,2,5,0,[300; 60; 2; 160; 80; 80; 64; 2; 5; 0],0.039700692519545555,0.4605893027360118,tvm
60,12,6,320,64,64,40,4,4,1,[60; 12; 6; 320; 64; 64; 40; 4; 4; 1],0.03407529048854485,0.5366268056280086,tvm
150,150,6,512,256,16,160,4,1,0,[150; 150; 6; 512; 256; 16; 160; 4; 1; 0],0.038069544767495245,0.48032395442057135,tvm
1500,375,3,64,64,32,160,10,2,1,[1500; 375; 3; 64; 64; 32; 160; 10; 2; 1],0.03292347147362307,0.5554005536859639,tvm
1500,375,5,640,160,16,64,8,1,1,[1500; 375; 5; 640; 160; 16; 64; 8; 1; 1],0.03542668075533584,0.5161565773547712,tvm
150,15,5,320,64,32,160,16,2,1,[150; 15; 5; 320; 64; 32; 160; 16; 2; 1],0.04369663924444467,0.41846958031306775,tvm
1500,300,2,80,80,80,128,2,5,0,[1500; 300; 2; 80; 80; 80; 128; 2; 5; 0],0.03723041474586353,0.4911498947979331,tvm
150,150,6,256,128,16,160,8,1,0,[150; 150; 6; 256; 128; 16; 160; 8; 1; 0],0.03588130249409005,0.5096167924429749,tvm
500,500,2,640,640,128,5,1,8,1,[500; 500; 2; 640; 640; 128; 5; 1; 8; 1],0.05352560547180474,0.34162554770812464,tvm
300,300,10,64,64,16,40,40,1,1,[300; 300; 10; 64; 64; 16; 40; 40; 1; 1],0.03776598896365613,0.48418470659702395,tvm
150,150,2,1024,128,128,160,1,8,1,[150; 150; 2; 1024; 128; 128; 160; 1; 8; 1],0.03526489029172808,0.5185246326997218,tvm
300,60,12,256,128,32,256,8,2,1,[300; 60; 12; 256; 128; 32; 256; 8; 2; 1],0.03722095972625539,0.49127465869225506,tvm
500,100,4,320,320,32,256,1,2,1,[500; 100; 4; 320; 320; 32; 256; 1; 2; 1],0.04046276677399874,0.4519145808255662,tvm
1500,150,2,320,160,160,64,2,10,0,[1500; 150; 2; 320; 160; 160; 64; 2; 10; 0],0.03616433549905196,0.5056283776095829,tvm
750,15,5,128,64,64,80,20,4,1,[750; 15; 5; 128; 64; 64; 80; 20; 4; 1],0.030463403498288244,0.6002518492965427,tvm
300,150,2,320,320,80,80,16,5,0,[300; 150; 2; 320; 320; 80; 80; 16; 5; 0],0.036594853503629565,0.4996799422602051,tvm
20,20,4,320,320,80,160,10,5,0,[20; 20; 4; 320; 320; 80; 160; 10; 5; 0],0.03001168346963823,0.6092865235038649,tvm
150,25,5,64,64,64,128,64,4,0,[150; 25; 5; 64; 64; 64; 128; 64; 4; 0],0.03431217779871076,0.5329219961783175,tvm
1500,300,5,640,80,80,32,32,5,0,[1500; 300; 5; 640; 80; 80; 32; 32; 5; 0],0.05979154398664832,0.305824420419676,tvm
125,125,25,64,64,16,64,1,1,1,[125; 125; 25; 64; 64; 16; 64; 1; 1; 1],0.033007667458150536,0.5539838375098214,tvm
1500,1500,25,256,256,16,160,5,1,0,[1500; 1500; 25; 256; 256; 16; 160; 5; 1; 0],0.034412047534715384,0.5313753640281761,tvm
300,300,3,64,64,32,160,2,2,1,[300; 300; 3; 64; 64; 32; 160; 2; 2; 1],0.034202470269519836,0.5346313918737601,tvm
750,750,6,128,128,16,128,1,1,0,[750; 750; 6; 128; 128; 16; 128; 1; 1; 0],0.03417506575351581,0.5350601054464136,tvm
150,15,5,64,64,64,80,5,4,1,[150; 15; 5; 64; 64; 64; 80; 5; 4; 1],0.03161182173062116,0.578445444920424,tvm
1500,60,6,640,640,32,64,32,2,0,[1500; 60; 6; 640; 640; 32; 64; 32; 2; 0],0.031101419765036553,0.5879382492457992,tvm
150,150,3,256,128,64,64,4,4,0,[150; 150; 3; 256; 128; 64; 64; 4; 4; 0],0.029684911016374826,0.6159935691108355,tvm
375,25,5,256,64,32,40,40,2,1,[375; 25; 5; 256; 64; 32; 40; 40; 2; 1],0.044704825966618955,0.40903222169723263,tvm
500,50,5,1024,1024,64,160,20,4,0,[500; 50; 5; 1024; 1024; 64; 160; 20; 4; 0],0.027822944743093103,0.6572170722602473,tvm
150,75,5,256,128,32,20,1,2,0,[150; 75; 5; 256; 128; 32; 20; 1; 2; 0],0.032675785245373845,0.5596105540662755,tvm
20,20,5,160,160,80,64,16,5,1,[20; 20; 5; 160; 160; 80; 64; 16; 5; 1],0.0307438945164904,0.5947754691880758,tvm
300,150,3,128,64,64,32,8,4,1,[300; 150; 3; 128; 64; 64; 32; 8; 4; 1],0.03164538572309539,0.5778319292966947,tvm
500,250,5,1024,64,32,128,2,2,1,[500; 250; 5; 1024; 64; 32; 128; 2; 2; 1],0.027459519798867404,0.6659152971228761,tvm
60,60,4,64,32,32,20,4,2,1,[60; 60; 4; 64; 32; 32; 20; 4; 2; 1],0.04102377075469121,0.4457346057985967,tvm
300,150,5,1024,32,32,160,16,2,1,[300; 150; 5; 1024; 32; 32; 160; 16; 2; 1],0.0323002592776902,0.5661166409999759,tvm
150,50,10,640,128,32,16,4,2,1,[150; 50; 10; 640; 128; 32; 16; 4; 2; 1],0.02889135800069198,0.6329129383698864,tvm
250,250,2,640,320,160,160,2,10,1,[250; 250; 2; 640; 320; 160; 160; 2; 10; 1],0.030022023536730558,0.6090766754393674,tvm
250,250,10,1024,256,32,40,40,2,1,[250; 250; 10; 1024; 256; 32; 40; 40; 2; 1],0.03185603820020333,0.5740109354087092,tvm
100,50,5,128,32,32,128,2,2,0,[100; 50; 5; 128; 32; 32; 128; 2; 2; 0],0.0313389350194484,0.583482312796095,tvm
1500,100,5,64,64,32,64,16,2,0,[1500; 100; 5; 64; 64; 32; 64; 16; 2; 0],0.030277477751951665,0.6039378324548716,tvm
150,150,5,1024,256,32,128,64,2,1,[150; 150; 5; 1024; 256; 32; 128; 64; 2; 1],0.03221744345501065,0.5675718593639801,tvm
75,75,5,128,64,64,128,32,4,0,[75; 75; 5; 128; 64; 64; 128; 32; 4; 0],0.026740412751678377,0.6838231876045583,tvm
300,100,5,1024,256,64,20,10,4,1,[300; 100; 5; 1024; 256; 64; 20; 10; 4; 1],0.035558060044422746,0.5142494911946802,tvm
500,100,4,320,64,32,32,8,2,1,[500; 100; 4; 320; 64; 32; 32; 8; 2; 1],0.0307999707874842,0.5936925853561142,tvm
150,30,5,64,64,64,40,2,4,1,[150; 30; 5; 64; 64; 64; 40; 2; 4; 1],0.030587968765757978,0.5978074067534822,tvm
250,50,10,512,128,32,160,40,2,1,[250; 50; 10; 512; 128; 32; 160; 40; 2; 1],0.03702461201464757,0.4938799703959124,tvm
50,50,5,256,256,64,64,16,4,0,[50; 50; 5; 256; 256; 64; 64; 16; 4; 0],0.026108630292583257,0.700370493618302,tvm
300,50,5,256,128,64,20,5,4,1,[300; 50; 5; 256; 128; 64; 20; 5; 4; 1],0.029267453239299357,0.6247798240661693,tvm
1500,300,4,640,640,64,80,40,4,1,[1500; 300; 4; 640; 640; 64; 80; 40; 4; 1],0.024696103238966316,0.7404291320285094,tvm
300,100,5,640,64,64,128,32,4,1,[300; 100; 5; 640; 64; 64; 128; 32; 4; 1],0.02546180400531739,0.7181625576057195,tvm
750,50,5,320,160,80,80,4,5,1,[750; 50; 5; 320; 160; 80; 80; 4; 5; 1],0.024896964867366478,0.7344555604720381,tvm
300,150,5,512,64,64,160,10,4,1,[300; 150; 5; 512; 64; 64; 160; 10; 4; 1],0.026465021481271833,0.6909389549770177,tvm
1500,150,6,640,64,16,8,8,1,1,[1500; 150; 6; 640; 64; 16; 8; 8; 1; 1],0.03922035527648404,0.46623020512713553,tvm
375,75,3,1024,1024,32,40,10,2,0,[375; 75; 3; 1024; 1024; 32; 40; 10; 2; 0],0.04269964178092778,0.42824046111510433,tvm
30,30,3,512,128,32,64,16,2,1,[30; 30; 3; 512; 128; 32; 64; 16; 2; 1],0.03718967124586925,0.4916879787622572,tvm
1500,75,3,640,160,32,64,4,2,0,[1500; 75; 3; 640; 160; 32; 64; 4; 2; 0],0.03514142526546493,0.520346404494996,tvm
125,25,5,256,32,32,64,2,2,0,[125; 25; 5; 256; 32; 32; 64; 2; 2; 0],0.03411316277924925,0.5360310447918166,tvm
300,75,5,640,160,80,128,16,5,1,[300; 75; 5; 640; 160; 80; 128; 16; 5; 1],0.024348347884370014,0.7510043134159617,tvm
1500,125,25,640,640,16,80,2,1,0,[1500; 125; 25; 640; 640; 16; 80; 2; 1; 0],0.040391981485299766,0.45270654256883086,tvm
750,250,5,512,64,64,40,5,4,0,[750; 250; 5; 512; 64; 64; 40; 5; 4; 0],0.03762178274337202,0.4860406113778793,tvm
1500,1500,12,160,160,16,160,2,1,1,[1500; 1500; 12; 160; 160; 16; 160; 2; 1; 1],0.0280070070293732,0.6528978361213889,tvm
300,150,3,640,640,64,80,20,4,0,[300; 150; 3; 640; 640; 64; 80; 20; 4; 0],0.02874530851840973,0.636128649445642,tvm
1500,250,5,1024,512,64,64,1,4,1,[1500; 250; 5; 1024; 512; 64; 64; 1; 4; 1],0.036943775485269725,0.4949606272105349,tvm
1500,100,10,1024,1024,32,16,4,2,1,[1500; 100; 10; 1024; 1024; 32; 16; 4; 2; 1],0.043400007009040564,0.42132975420730295,tvm
250,125,5,128,128,32,40,10,2,0,[250; 125; 5; 128; 128; 32; 40; 10; 2; 0],0.02895335672656074,0.6315576621531985,tvm
1500,1500,30,256,256,16,40,5,1,1,[1500; 1500; 30; 256; 256; 16; 40; 5; 1; 1],0.03826214501168579,0.4779061466660998,tvm
300,100,5,160,160,80,20,10,5,0,[300; 100; 5; 160; 160; 80; 20; 10; 5; 0],0.032857530284672976,0.5565151771082445,tvm
50,25,5,512,256,32,40,20,2,0,[50; 25; 5; 512; 256; 32; 40; 20; 2; 0],0.03441429295344278,0.5313406935441629,tvm
250,50,2,640,80,80,64,16,5,1,[250; 50; 2; 640; 80; 80; 64; 16; 5; 1],0.03872840397525579,0.47215253944875524,tvm
750,750,15,512,64,16,256,1,1,1,[750; 750; 15; 512; 64; 16; 256; 1; 1; 1],0.0488363042823039,0.3744287073815333,tvm
750,30,5,512,512,32,32,16,2,0,[750; 30; 5; 512; 512; 32; 32; 16; 2; 0],0.03570074250455946,0.512194229108231,tvm
1500,750,6,512,512,32,160,20,2,0,[1500; 750; 6; 512; 512; 32; 160; 20; 2; 0],0.03632232575910166,0.5034290592235066,tvm
60,60,6,32,32,32,40,10,2,0,[60; 60; 6; 32; 32; 32; 40; 10; 2; 0],0.034558848245069385,0.5291181626205719,tvm
1500,300,12,64,64,16,32,2,1,1,[1500; 300; 12; 64; 64; 16; 32; 2; 1; 1],0.032054915209300816,0.5704496226653141,tvm
750,150,5,64,64,64,32,16,4,1,[750; 150; 5; 64; 64; 64; 32; 16; 4; 1],0.02738194348057732,0.6678019147430053,tvm
150,30,6,256,128,32,64,32,2,1,[150; 30; 6; 256; 128; 32; 64; 32; 2; 1],0.02948963677044958,0.6200725505048503,tvm
300,150,6,640,64,16,20,2,1,1,[300; 150; 6; 640; 64; 16; 20; 2; 1; 1],0.03890154673717916,0.47005108586693245,tvm
300,75,5,640,320,80,80,1,5,0,[300; 75; 5; 640; 320; 80; 80; 1; 5; 0],0.025981922226492316,0.7037860450166911,tvm
1500,100,4,512,256,64,64,8,4,0,[1500; 100; 4; 512; 256; 64; 64; 8; 4; 0],0.04035508696688339,0.4531204281809651,tvm
300,50,5,160,80,80,20,1,5,1,[300; 50; 5; 160; 80; 80; 20; 1; 5; 1],0.031293779029510915,0.5843242603736143,tvm
1500,300,4,320,64,64,160,5,4,1,[1500; 300; 4; 320; 64; 64; 160; 5; 4; 1],0.023245705611770973,0.7866276288234036,tvm
250,250,2,160,160,160,10,10,10,1,[250; 250; 2; 160; 160; 160; 10; 10; 10; 1],0.02767988422419876,0.6606138283529471,tvm
1500,500,4,512,256,64,80,2,4,1,[1500; 500; 4; 512; 256; 64; 80; 2; 4; 1],0.03753106947988272,0.48721538019362165,tvm
1500,375,5,64,64,32,128,1,2,0,[1500; 375; 5; 64; 64; 32; 128; 1; 2; 0],0.031502349243965,0.5804555763160215,tvm
250,250,2,512,512,64,40,10,4,0,[250; 250; 2; 512; 512; 64; 40; 10; 4; 0],0.04305908776586875,0.42466562192728696,tvm
75,25,5,160,160,80,128,8,5,0,[75; 25; 5; 160; 160; 80; 128; 8; 5; 0],0.02969407947966829,0.6158033724613226,tvm
1500,20,4,128,64,64,80,16,4,0,[1500; 20; 4; 128; 64; 64; 80; 16; 4; 0],0.037322616728488356,0.48993655559409904,tvm
375,15,3,320,80,80,160,40,5,0,[375; 15; 3; 320; 80; 80; 160; 40; 5; 0],0.04116247524507344,0.44423262150404397,tvm
100,50,10,640,160,32,256,4,2,1,[100; 50; 10; 640; 160; 32; 256; 4; 2; 1],0.03775440773461014,0.4843332310826173,tvm
750,750,10,640,320,16,32,1,1,1,[750; 750; 10; 640; 320; 16; 32; 1; 1; 1],0.03390027000568807,0.5393973051732672,tvm
300,15,3,320,320,80,64,4,5,0,[300; 15; 3; 320; 320; 80; 64; 4; 5; 0],0.03625220904359594,0.5044027596697452,tvm
375,15,5,640,128,64,64,1,4,1,[375; 15; 5; 640; 128; 64; 64; 1; 4; 1],0.03218956803902984,0.5680633633711042,tvm
1500,30,10,256,256,32,20,1,2,1,[1500; 30; 10; 256; 256; 32; 20; 1; 2; 1],0.03492773947073147,0.5235298522836623,tvm
750,125,5,1024,128,64,40,4,4,0,[750; 125; 5; 1024; 128; 64; 40; 4; 4; 0],0.04161773098167032,0.43937316750324173,tvm
500,250,25,512,64,16,160,8,1,0,[500; 250; 25; 512; 64; 16; 160; 8; 1; 0],0.08463861304335296,0.21604458802211368,tvm
375,375,5,256,128,64,64,2,4,0,[375; 375; 5; 256; 128; 64; 64; 2; 4; 0],0.02719190326752141,0.6724690841172245,tvm
300,75,3,80,80,80,1,1,5,1,[300; 75; 3; 80; 80; 80; 1; 1; 5; 1],0.0761799190659076,0.24003325955090962,tvm
10,10,10,160,32,32,64,2,2,0,[10; 10; 10; 160; 32; 32; 64; 2; 2; 0],0.04514580179238692,0.40503687075500927,tvm
300,150,2,320,320,160,80,4,10,0,[300; 150; 2; 320; 320; 160; 80; 4; 10; 0],0.03431257198099047,0.5329158739789244,tvm
375,125,5,320,160,32,64,8,2,0,[375; 125; 5; 320; 160; 32; 64; 8; 2; 0],0.026227331487461925,0.697200715766903,tvm
1500,50,5,320,320,32,8,2,2,1,[1500; 50; 5; 320; 320; 32; 8; 2; 2; 1],0.03149926470359787,0.5805124169652658,tvm
30,30,6,256,128,32,64,16,2,1,[30; 30; 6; 256; 128; 32; 64; 16; 2; 1],0.028361846052575856,0.6447293399666965,tvm
750,30,6,256,64,32,160,1,2,1,[750; 30; 6; 256; 64; 32; 160; 1; 2; 1],0.03265414322959259,0.5599814442273587,tvm
500,50,10,256,256,32,256,2,2,0,[500; 50; 10; 256; 256; 32; 256; 2; 2; 0],0.049910417990759015,0.3663706901653261,tvm
750,150,3,256,256,64,40,4,4,1,[750; 150; 3; 256; 256; 64; 40; 4; 4; 1],0.026657220791094005,0.6859572657260437,tvm
1500,300,4,128,32,32,128,64,2,1,[1500; 300; 4; 128; 32; 32; 128; 64; 2; 1],0.033871749008540064,0.5398514933818127,tvm
375,375,3,640,160,80,20,2,5,1,[375; 375; 3; 640; 160; 80; 20; 2; 5; 1],0.02936529100406915,0.6226982148135509,tvm
375,375,5,1024,512,64,64,32,4,1,[375; 375; 5; 1024; 512; 64; 64; 32; 4; 1],0.028068696206901222,0.651462901978981,tvm
300,60,5,128,64,64,80,20,4,0,[300; 60; 5; 128; 64; 64; 80; 20; 4; 0],0.02647840976715088,0.6905895953162394,tvm
1500,30,5,640,128,32,8,2,2,1,[1500; 30; 5; 640; 128; 32; 8; 2; 2; 1],0.03488085948629305,0.5242334780454573,tvm
100,100,2,256,128,32,8,1,2,1,[100; 100; 2; 256; 128; 32; 8; 1; 2; 1],0.03417274198727682,0.5350964898433499,tvm
500,500,10,640,640,32,80,2,2,0,[500; 500; 10; 640; 640; 32; 80; 2; 2; 0],0.02562230476178229,0.7136639133646122,tvm
150,50,2,320,80,80,160,5,5,0,[150; 50; 2; 320; 80; 80; 160; 5; 5; 0],0.037426175258588046,0.4885808971761904,tvm
20,20,4,1024,64,32,40,40,2,1,[20; 20; 4; 1024; 64; 32; 40; 40; 2; 1],0.04847163025988266,0.3772457040886529,tvm
750,150,3,512,64,32,128,8,2,1,[750; 150; 3; 512; 64; 32; 128; 8; 2; 1],0.0402765009785071,0.45400453965631626,tvm
10,10,5,320,32,32,64,8,2,1,[10; 10; 5; 320; 32; 32; 64; 8; 2; 1],0.04630490724230185,0.3948979789556596,tvm
30,10,10,1024,256,32,20,1,2,0,[30; 10; 10; 1024; 256; 32; 20; 1; 2; 0],0.03860017750412226,0.47372098959289727,tvm
150,150,3,128,128,32,5,5,2,0,[150; 150; 3; 128; 128; 32; 5; 5; 2; 0],0.038483462238218635,0.4751577228816592,tvm
500,500,2,1024,512,128,32,8,8,1,[500; 500; 2; 1024; 512; 128; 32; 8; 8; 1],0.038265241018962115,0.4778674796965975,tvm
1500,60,4,640,64,64,256,2,4,0,[1500; 60; 4; 640; 64; 64; 256; 2; 4; 0],0.04040546098258346,0.45255551702766705,tvm
60,12,12,512,64,32,128,32,2,1,[60; 12; 12; 512; 64; 32; 128; 32; 2; 1],0.04784473148174584,0.38218866987874767,tvm
1500,12,4,160,160,32,80,5,2,1,[1500; 12; 4; 160; 160; 32; 80; 5; 2; 1],0.03902027098229155,0.4686208943554707,tvm
50,50,10,320,320,16,80,1,1,0,[50; 50; 10; 320; 320; 16; 80; 1; 1; 0],0.0364921327563934,0.5010864782220941,tvm
300,150,2,256,256,16,8,8,1,1,[300; 150; 2; 256; 256; 16; 8; 8; 1; 1],0.03646083199419081,0.5015166491161719,tvm
750,375,3,512,512,32,32,1,2,0,[750; 375; 3; 512; 512; 32; 32; 1; 2; 0],0.04529843176715076,0.4036721266579169,tvm
750,10,5,128,128,64,128,1,4,1,[750; 10; 5; 128; 128; 64; 128; 1; 4; 1],0.0367118040448986,0.4980881425317815,tvm
750,375,3,160,160,80,4,4,5,0,[750; 375; 3; 160; 160; 80; 4; 4; 5; 0],0.07012016244698316,0.26077683860957757,tvm
500,10,5,640,640,64,40,4,4,1,[500; 10; 5; 640; 640; 64; 40; 4; 4; 1],0.03829540271544829,0.4774911083083575,tvm
500,250,10,320,320,16,16,8,1,0,[500; 250; 10; 320; 320; 16; 16; 8; 1; 0],0.04240266402484849,0.43123975123352226,tvm
12,12,4,128,128,32,160,40,2,0,[12; 12; 4; 128; 128; 32; 160; 40; 2; 0],0.04089091351488605,0.44718282654794445,tvm
300,300,2,1024,128,128,32,32,8,1,[300; 300; 2; 1024; 128; 128; 32; 32; 8; 1],0.03136835002806038,0.5829351645641836,tvm
750,50,2,640,64,64,20,10,4,1,[750; 50; 2; 640; 64; 64; 20; 10; 4; 1],0.04627872828859836,0.39512136486730814,tvm
12,12,4,128,64,32,80,5,2,0,[12; 12; 4; 128; 64; 32; 80; 5; 2; 0],0.038407121726777405,0.4761021775022914,tvm
30,30,3,640,320,32,80,10,2,0,[30; 30; 3; 640; 320; 32; 80; 10; 2; 0],0.03647296322742477,0.5013498402006691,tvm
60,15,5,64,64,64,16,8,4,1,[60; 15; 5; 64; 64; 64; 16; 8; 4; 1],0.03826170624233782,0.47791162709520124,tvm
1500,150,25,320,64,16,40,4,1,0,[1500; 150; 25; 320; 64; 16; 40; 4; 1; 0],0.035570402280427516,0.5140710566485759,tvm
1500,1500,15,512,512,16,80,16,1,1,[1500; 1500; 15; 512; 512; 16; 80; 16; 1; 1],0.04965943848947063,0.36822233279160893,tvm
1500,1500,4,256,256,32,256,64,2,1,[1500; 1500; 4; 256; 256; 32; 256; 64; 2; 1],0.045065248967148364,0.40576086241183745,tvm
100,20,10,128,64,32,40,20,2,0,[100; 20; 10; 128; 64; 32; 40; 20; 2; 0],0.03626571426866576,0.504214921847368,tvm
20,20,5,1024,32,32,160,2,2,0,[20; 20; 5; 1024; 32; 32; 160; 2; 2; 0],0.03531571297207847,0.5177784262821326,tvm
1500,100,2,128,64,64,128,4,4,0,[1500; 100; 2; 128; 64; 64; 128; 4; 4; 0],0.04063719947589561,0.44997476503174516,tvm
300,300,2,640,320,160,16,2,10,0,[300; 300; 2; 640; 320; 160; 16; 2; 10; 0],0.052965361974202096,0.34523910729847807,tvm
1500,1500,2,640,640,80,80,10,5,1,[1500; 1500; 2; 640; 640; 80; 80; 10; 5; 1],0.035324528464116156,0.5176492109240618,tvm
60,20,5,256,128,32,40,20,2,0,[60; 20; 5; 256; 128; 32; 40; 20; 2; 0],0.03635464777471498,0.5029814729337629,tvm
1500,500,10,64,32,32,256,32,2,1,[1500; 500; 10; 64; 32; 32; 256; 32; 2; 1],0.03344480972737074,0.5467429605601711,tvm
500,500,5,640,64,32,20,10,2,0,[500; 500; 5; 640; 64; 32; 20; 10; 2; 0],0.05016054754378274,0.3645437536293551,tvm
500,125,5,1024,32,32,256,8,2,1,[500; 125; 5; 1024; 32; 32; 256; 8; 2; 1],0.032872708747163415,0.5562582148723038,tvm
75,75,15,256,256,16,128,8,1,1,[75; 75; 15; 256; 256; 16; 128; 8; 1; 1],0.03559187951032072,0.5137608504325236,tvm
60,30,3,512,64,64,128,1,4,1,[60; 30; 3; 512; 64; 64; 128; 1; 4; 1],0.033293831744231284,0.549222283160081,tvm
750,25,5,512,128,64,20,2,4,0,[750; 25; 5; 512; 128; 64; 20; 2; 4; 0],0.045154831488616765,0.4049558747733118,tvm
300,150,30,64,64,16,160,4,1,1,[300; 150; 30; 64; 64; 16; 160; 4; 1; 1],0.03206655028043315,0.5702426399409773,tvm
1500,300,2,640,320,160,8,2,10,1,[1500; 300; 2; 640; 320; 160; 8; 2; 10; 1],0.033431213232688606,0.5469653212535749,tvm
300,150,6,160,160,16,128,1,1,1,[300; 150; 6; 160; 160; 16; 128; 1; 1; 1],0.0347044060472399,0.5268989263445003,tvm
100,25,5,320,320,64,8,8,4,1,[100; 25; 5; 320; 320; 64; 8; 8; 4; 1],0.03625241696136072,0.5043998667786463,tvm
60,60,4,512,64,64,80,40,4,0,[60; 60; 4; 512; 64; 64; 80; 40; 4; 0],0.029492887493688613,0.6200042057471441,tvm
300,150,10,640,80,16,80,20,1,1,[300; 150; 10; 640; 80; 16; 80; 20; 1; 1],0.029656498751137406,0.616583718771353,tvm
750,250,5,640,320,80,32,8,5,0,[750; 250; 5; 640; 320; 80; 32; 8; 5; 0],0.03119248797884211,0.5862217306332699,tvm
300,30,5,640,320,64,32,4,4,0,[300; 30; 5; 640; 320; 64; 32; 4; 4; 0],0.03056036529596895,0.5983473727693385,tvm
375,375,3,640,128,64,160,1,4,0,[375; 375; 3; 640; 128; 64; 160; 1; 4; 0],0.028143991716206074,0.649719999568678,tvm
300,75,3,160,160,80,10,2,5,1,[300; 75; 3; 160; 160; 80; 10; 2; 5; 1],0.038045512803364545,0.4806273575604741,tvm
500,500,5,1024,1024,32,40,40,2,1,[500; 500; 5; 1024; 1024; 32; 40; 40; 2; 1],0.031258657516445965,0.5849807937558967,tvm
75,75,3,640,128,64,16,4,4,1,[75; 75; 3; 640; 128; 64; 16; 4; 4; 1],0.03393596247769892,0.5388299889160585,tvm
150,30,5,512,256,32,128,1,2,0,[150; 30; 5; 512; 256; 32; 128; 1; 2; 0],0.03484746447065845,0.5247358613740994,tvm
100,25,5,1024,128,64,128,16,4,0,[100; 25; 5; 1024; 128; 64; 128; 16; 4; 0],0.031929479737300426,0.5726906431348044,tvm
375,375,3,640,320,64,80,16,4,0,[375; 375; 3; 640; 320; 64; 80; 16; 4; 0],0.028174549515824765,0.6490153205624023,tvm
1500,50,10,32,32,32,40,8,2,1,[1500; 50; 10; 32; 32; 32; 40; 8; 2; 1],0.034665518964175135,0.5274899909795536,tvm
750,30,6,128,128,32,80,2,2,1,[750; 30; 6; 128; 128; 32; 80; 2; 2; 1],0.03126076876651496,0.5849412860665497,tvm
30,30,10,256,128,32,40,5,2,1,[30; 30; 10; 256; 128; 32; 40; 5; 2; 1],0.029427411733195186,0.6213837102461628,tvm
1500,150,5,320,320,80,128,32,5,0,[1500; 150; 5; 320; 320; 80; 128; 32; 5; 0],0.06321493140421808,0.2892625821072101,tvm
300,30,5,320,160,80,32,1,5,1,[300; 30; 5; 320; 160; 80; 32; 1; 5; 1],0.029020566027611494,0.630095025311237,tvm
60,30,5,128,64,64,40,1,4,1,[60; 30; 5; 128; 64; 64; 40; 1; 4; 1],0.031512496527284384,0.5802686648416451,tvm
250,50,5,512,512,32,160,10,2,0,[250; 50; 5; 512; 512; 32; 160; 10; 2; 0],0.03005241247592494,0.608460778327298,tvm
50,50,10,256,256,32,64,32,2,1,[50; 50; 10; 256; 256; 32; 64; 32; 2; 1],0.02918720425805077,0.6264976297162994,tvm
1500,300,5,640,80,80,64,1,5,0,[1500; 300; 5; 640; 80; 80; 64; 1; 5; 0],0.028147798497229815,0.6496321297565736,tvm
1500,1500,4,320,64,32,160,16,2,1,[1500; 1500; 4; 320; 64; 32; 160; 16; 2; 1],0.0283870852435939,0.6441561058066296,tvm
250,125,5,256,128,32,80,16,2,0,[250; 125; 5; 256; 128; 32; 80; 16; 2; 0],0.02727714675711468,0.6703675589143075,tvm
75,75,5,640,640,80,20,5,5,1,[75; 75; 5; 640; 640; 80; 20; 5; 5; 1],0.025506428792141378,0.7169060958995632,tvm
1500,1500,5,64,32,32,80,2,2,1,[1500; 1500; 5; 64; 32; 32; 80; 2; 2; 1],0.03092952148290351,0.5912058579962781,tvm
750,125,5,640,32,32,64,8,2,1,[750; 125; 5; 640; 32; 32; 64; 8; 2; 1],0.02653734525665641,0.6890558987292691,tvm
375,75,5,320,64,64,80,20,4,1,[375; 75; 5; 320; 64; 64; 80; 20; 4; 1],0.02330992024508305,0.7844606113387043,tvm
1500,15,5,640,128,32,128,64,2,0,[1500; 15; 5; 640; 128; 32; 128; 64; 2; 0],0.04248492629267275,0.43040475484755564,tvm
250,50,5,64,64,16,8,4,1,1,[250; 50; 5; 64; 64; 16; 8; 4; 1; 1],0.03965646628057584,0.46110296758011504,tvm
300,100,2,1024,1024,64,10,1,4,1,[300; 100; 2; 1024; 1024; 64; 10; 1; 4; 1],0.04419399198377505,0.4137601846972214,tvm
750,250,2,512,256,32,64,4,2,1,[750; 250; 2; 512; 256; 32; 64; 4; 2; 1],0.05487293691840023,0.3332373900982625,tvm
750,375,5,640,160,80,256,32,5,0,[750; 375; 5; 640; 160; 80; 256; 32; 5; 0],0.051914177485741675,0.35222968312917013,tvm
60,20,2,80,80,80,16,8,5,1,[60; 20; 2; 80; 80; 80; 16; 8; 5; 1],0.03566864150343463,0.512655192767953,tvm
300,60,3,512,32,32,64,32,2,0,[300; 60; 3; 512; 32; 32; 64; 32; 2; 0],0.045329204527661204,0.4033980846620816,tvm
100,100,2,1024,1024,128,40,1,8,0,[100; 100; 2; 1024; 1024; 128; 40; 1; 8; 0],0.0368062499910593,0.4968100333545557,tvm
1500,20,5,256,64,32,32,32,2,0,[1500; 20; 5; 256; 64; 32; 32; 32; 2; 0],0.09286592050921172,0.19690446382750773,tvm
750,30,3,128,64,32,10,2,2,1,[750; 30; 3; 128; 64; 32; 10; 2; 2; 1],0.05169420747552067,0.35372849645433335,tvm
300,100,2,32,32,32,20,20,2,1,[300; 100; 2; 32; 32; 32; 20; 20; 2; 1],0.03872544679325074,0.4721885943198778,tvm
60,15,5,160,160,32,8,2,2,1,[60; 15; 5; 160; 160; 32; 8; 2; 2; 1],0.03973002050770447,0.460249303978293,tvm
250,125,25,160,80,16,64,8,1,0,[250; 125; 25; 160; 80; 16; 64; 8; 1; 0],0.07634710997808725,0.23950761582150992,tvm
150,30,3,160,32,32,160,32,2,1,[150; 30; 3; 160; 32; 32; 160; 32; 2; 1],0.03904845577199012,0.46828264842244616,tvm
250,50,2,128,64,32,10,5,2,1,[250; 50; 2; 128; 64; 32; 10; 5; 2; 1],0.0329287457279861,0.555311594215181,tvm
1500,750,30,320,160,16,40,4,1,0,[1500; 750; 30; 320; 160; 16; 40; 4; 1; 0],0.03750082047190517,0.4876083791130266,tvm
150,50,10,32,32,32,4,2,2,1,[150; 50; 10; 32; 32; 32; 4; 2; 2; 1],0.03893995675025508,0.46958743182462587,tvm
60,12,4,512,512,32,64,16,2,1,[60; 12; 4; 512; 512; 32; 64; 16; 2; 1],0.0381667812471278,0.4791002460311048,tvm
250,250,5,64,64,16,80,20,1,1,[250; 250; 5; 64; 64; 16; 80; 20; 1; 1],0.03565034724306315,0.512918265873899,tvm
300,300,30,256,64,16,32,1,1,0,[300; 300; 30; 256; 64; 16; 32; 1; 1; 0],0.04806509573245421,0.38043644784353403,tvm
1500,150,15,512,64,16,128,64,1,1,[1500; 150; 15; 512; 64; 16; 128; 64; 1; 1],0.05054619803559035,0.36176240738896004,tvm
10,10,5,320,320,64,32,32,4,1,[10; 10; 5; 320; 320; 64; 32; 32; 4; 1],0.04566475423052907,0.4004338705821702,tvm
300,60,10,640,320,16,160,4,1,1,[300; 60; 10; 640; 320; 16; 160; 4; 1; 1],0.03229676926275715,0.566177816020761,tvm
300,150,3,256,32,32,160,16,2,0,[300; 150; 3; 256; 32; 32; 160; 16; 2; 0],0.039115570252761245,0.4674791692298916,tvm
1500,750,10,256,256,16,32,16,1,0,[1500; 750; 10; 256; 256; 16; 32; 16; 1; 0],0.04543717700289562,0.40243948880338615,tvm
1500,300,15,512,128,16,40,8,1,0,[1500; 300; 15; 512; 128; 16; 40; 8; 1; 0],0.06181264005135745,0.2958248389087002,tvm
75,75,15,320,80,16,80,20,1,1,[75; 75; 15; 320; 80; 16; 80; 20; 1; 1],0.03406361670931801,0.5368107104349926,tvm
300,60,20,256,64,16,40,4,1,1,[300; 60; 20; 256; 64; 16; 40; 4; 1; 1],0.03821064397925511,0.47855027765671154,tvm
750,750,15,640,160,16,32,16,1,0,[750; 750; 15; 640; 160; 16; 32; 16; 1; 0],0.04603720776503906,0.39719425163748906,tvm
500,100,10,640,320,32,256,1,2,1,[500; 100; 10; 640; 320; 32; 256; 1; 2; 1],0.036298542749136686,0.5037589087828929,tvm
1500,750,5,1024,512,32,160,1,2,0,[1500; 750; 5; 1024; 512; 32; 160; 1; 2; 0],0.03984625422162935,0.45890673145854777,tvm
500,250,25,640,64,16,64,1,1,0,[500; 250; 25; 640; 64; 16; 64; 1; 1; 0],0.03928260173415765,0.46549142568156815,tvm
375,75,5,640,160,80,256,8,5,1,[375; 75; 5; 640; 160; 80; 256; 8; 5; 1],0.027938747487496585,0.6544929866271809,tvm
1500,100,20,256,64,16,40,1,1,0,[1500; 100; 20; 256; 64; 16; 40; 1; 1; 0],0.04599101823987439,0.39759316026320335,tvm
1500,75,5,512,64,64,16,1,4,1,[1500; 75; 5; 512; 64; 64; 16; 1; 4; 1],0.05043460300657898,0.36256286746876926,tvm
750,375,3,256,128,64,256,16,4,1,[750; 375; 3; 256; 128; 64; 256; 16; 4; 1],0.031069467484485358,0.5885428932711937,tvm
1500,150,5,640,640,64,256,64,4,1,[1500; 150; 5; 640; 640; 64; 256; 64; 4; 1],0.032256971986498684,0.5668763420623567,tvm
60,20,4,1024,512,64,160,10,4,0,[60; 20; 4; 1024; 512; 64; 160; 10; 4; 0],0.032653744507115334,0.5599882819481785,tvm
375,375,5,256,64,32,32,32,2,0,[375; 375; 5; 256; 64; 32; 32; 32; 2; 0],0.06447151955217123,0.2836246828480169,tvm
30,30,3,64,64,64,160,1,4,0,[30; 30; 3; 64; 64; 64; 160; 1; 4; 0],0.03196123748784885,0.5721215986291589,tvm
375,125,5,320,160,32,256,32,2,1,[375; 125; 5; 320; 160; 32; 256; 32; 2; 1],0.03241749224252999,0.5640693656656274,tvm
1500,300,12,256,128,16,80,16,1,0,[1500; 300; 12; 256; 128; 16; 80; 16; 1; 0],0.04091348598012701,0.44693611037192593,tvm
1500,300,12,128,64,16,80,20,1,0,[1500; 300; 12; 128; 64; 16; 80; 20; 1; 0],0.04410322324838489,0.41461174351659047,tvm
500,100,20,640,160,16,128,2,1,1,[500; 100; 20; 640; 160; 16; 128; 2; 1; 1],0.03294391551753506,0.5550558881193508,tvm
500,25,5,512,128,64,40,20,4,0,[500; 25; 5; 512; 128; 64; 40; 20; 4; 0],0.033986821537837386,0.538023665006652,tvm
500,500,10,1024,128,32,16,8,2,1,[500; 500; 10; 1024; 128; 32; 16; 8; 2; 1],0.029387955204583704,0.6222179855120449,tvm
30,30,3,640,160,80,128,16,5,0,[30; 30; 3; 640; 160; 80; 128; 16; 5; 0],0.03078410675516352,0.5939985340860073,tvm
250,25,5,512,256,32,160,40,2,1,[250; 25; 5; 512; 256; 32; 160; 40; 2; 1],0.03354232804849744,0.5451534031649724,tvm
150,25,5,256,64,64,16,8,4,1,[150; 25; 5; 256; 64; 64; 16; 8; 4; 1],0.04068507824558765,0.449445228428371,tvm
1500,125,5,512,32,32,40,40,2,1,[1500; 125; 5; 512; 32; 32; 40; 40; 2; 1],0.03887304401723668,0.4703957394642474,tvm
375,375,5,320,160,32,10,2,2,1,[375; 375; 5; 320; 160; 32; 10; 2; 2; 1],0.03143216378521174,0.5817516862875785,tvm
60,30,5,1024,64,64,128,4,4,0,[60; 30; 5; 1024; 64; 64; 128; 4; 4; 0],0.03043603600235656,0.6007915841701096,tvm
750,50,10,32,32,32,80,2,2,0,[750; 50; 10; 32; 32; 32; 80; 2; 2; 0],0.033939580724108964,0.5387725450811194,tvm
60,60,6,512,32,32,160,8,2,0,[60; 60; 6; 512; 32; 32; 160; 8; 2; 0],0.02863003098173067,0.6386899929442174,tvm
500,500,4,640,160,32,80,1,2,0,[500; 500; 4; 640; 160; 32; 80; 1; 2; 0],0.032497660198714584,0.5626778720037685,tvm
750,375,5,320,64,32,64,16,2,0,[750; 375; 5; 320; 64; 32; 64; 16; 2; 0],0.03392621851526201,0.5389847464870952,tvm
50,50,10,256,128,32,40,10,2,1,[50; 50; 10; 256; 128; 32; 40; 10; 2; 1],0.02638821129221469,0.6929501239483071,tvm
50,50,5,128,128,32,40,1,2,1,[50; 50; 5; 128; 128; 32; 40; 1; 2; 1],0.027638431289233267,0.6616046364700013,tvm
500,500,5,512,512,64,128,1,4,0,[500; 500; 5; 512; 512; 64; 128; 1; 4; 0],0.025574504514224827,0.7149977930381238,tvm
1500,100,5,320,320,64,40,4,4,1,[1500; 100; 5; 320; 320; 64; 40; 4; 4; 1],0.023407839122228324,0.781179082367752,tvm
50,50,5,640,320,64,160,5,4,1,[50; 50; 5; 640; 320; 64; 160; 5; 4; 1],0.0247077512613032,0.7400800701095375,tvm
1500,150,6,128,64,32,80,4,2,1,[1500; 150; 6; 128; 64; 32; 80; 4; 2; 1],0.025072340213228017,0.7293182100355695,tvm
100,100,5,128,32,32,80,5,2,1,[100; 100; 5; 128; 32; 32; 80; 5; 2; 1],0.026587916479911655,0.6877452883353967,tvm
750,150,6,640,320,64,80,8,4,1,[750; 150; 6; 640; 320; 64; 80; 8; 4; 1],0.022128725016955286,0.8263338385606744,tvm
75,15,3,512,32,32,80,40,2,1,[75; 15; 3; 512; 32; 32; 80; 40; 2; 1],0.040953137271571904,0.44650338176673776,tvm
60,30,6,512,64,64,256,32,4,0,[60; 30; 6; 512; 64; 64; 256; 32; 4; 0],0.04209486546460539,0.4343929855551969,tvm
60,60,6,256,128,16,64,8,1,0,[60; 60; 6; 256; 128; 16; 64; 8; 1; 0],0.03633453499060124,0.5032598955909111,tvm
20,20,5,320,32,32,32,32,2,0,[20; 20; 5; 320; 32; 32; 32; 32; 2; 0],0.03678655478870496,0.49707602113717864,tvm
1500,50,10,512,128,32,5,1,2,1,[1500; 50; 10; 512; 128; 32; 5; 1; 2; 1],0.06512792350258678,0.2807661184681868,tvm
25,25,5,320,320,80,4,4,5,1,[25; 25; 5; 320; 320; 80; 4; 4; 5; 1],0.04032233403995633,0.45348848773472666,tvm
12,12,4,1024,64,32,160,5,2,1,[12; 12; 4; 1024; 64; 32; 160; 5; 2; 1],0.04107983421999961,0.44512629208255017,tvm
1500,100,5,1024,256,32,8,1,2,1,[1500; 100; 5; 1024; 256; 32; 8; 1; 2; 1],0.05216818896587938,0.3505146459593233,tvm
500,250,5,640,160,16,160,16,1,0,[500; 250; 5; 640; 160; 16; 160; 16; 1; 0],0.03836781275458634,0.47658995842885216,tvm
300,15,3,640,128,64,40,4,4,1,[300; 15; 3; 640; 128; 64; 40; 4; 4; 1],0.04089709703112021,0.4471152138695802,tvm
1500,1500,5,160,80,16,20,1,1,1,[1500; 1500; 5; 160; 80; 16; 20; 1; 1; 1],0.04391064605442807,0.4164300899387543,tvm
750,750,30,320,320,16,64,8,1,1,[750; 750; 30; 320; 320; 16; 64; 8; 1; 1],0.03632625378668308,0.5033746224725679,tvm
300,75,5,512,128,16,160,1,1,1,[300; 75; 5; 512; 128; 16; 160; 1; 1; 1],0.04490703804185614,0.4071903889245795,tvm
1500,100,10,1024,1024,32,128,64,2,1,[1500; 100; 10; 1024; 1024; 32; 128; 64; 2; 1],0.047716547502204776,0.3832153674753896,tvm
750,50,10,320,160,16,80,16,1,1,[750; 50; 10; 320; 160; 16; 80; 16; 1; 1],0.036071167211048305,0.5069343661303403,tvm
150,15,5,320,160,80,256,64,5,0,[150; 15; 5; 320; 160; 80; 256; 64; 5; 0],0.06241827399935573,0.29295450056666145,tvm
250,25,5,128,128,64,16,16,4,0,[250; 25; 5; 128; 128; 64; 16; 16; 4; 0],0.051009975490160286,0.35847330076136896,tvm
1500,250,10,1024,64,32,160,5,2,1,[1500; 250; 10; 1024; 64; 32; 160; 5; 2; 1],0.03618002851726487,0.50540906226728,tvm
1500,500,5,320,320,16,8,8,1,1,[1500; 500; 5; 320; 320; 16; 8; 8; 1; 1],0.03157751349499449,0.5790739124729642,tvm
50,50,10,320,320,16,40,5,1,1,[50; 50; 10; 320; 320; 16; 40; 5; 1; 1],0.033022743999026716,0.5537309160696405,tvm
60,60,3,128,64,64,32,1,4,0,[60; 60; 3; 128; 64; 64; 32; 1; 4; 0],0.03810721851186827,0.4798490942082091,tvm
100,20,10,640,64,32,20,4,2,0,[100; 20; 10; 640; 64; 32; 20; 4; 2; 0],0.03905216499697417,0.46823817033271,tvm
750,50,2,320,80,80,8,2,5,1,[750; 50; 2; 320; 80; 80; 8; 2; 5; 1],0.03283973695943132,0.5568167098385595,tvm
300,20,5,320,80,80,256,2,5,0,[300; 20; 5; 320; 80; 80; 256; 2; 5; 0],0.0454961804789491,0.40191756963367536,tvm
1500,375,5,128,128,16,128,1,1,1,[1500; 375; 5; 128; 128; 16; 128; 1; 1; 1],0.03528608096530661,0.5182132383500696,tvm
300,30,5,128,128,32,16,1,2,0,[300; 30; 5; 128; 128; 32; 16; 1; 2; 0],0.03932787821395323,0.4649555256003274,tvm
1500,300,6,640,64,64,32,16,4,0,[1500; 300; 6; 640; 64; 64; 32; 16; 4; 0],0.03541053453227505,0.5163919304592172,tvm
500,100,20,256,64,16,16,2,1,1,[500; 100; 20; 256; 64; 16; 16; 2; 1; 1],0.036076161777600646,0.5068641835692099,tvm
300,75,25,160,80,16,80,2,1,0,[300; 75; 25; 160; 80; 16; 80; 2; 1; 0],0.04013108176877722,0.45564967301581527,tvm
750,30,2,256,128,128,128,16,8,1,[750; 30; 2; 256; 128; 128; 128; 16; 8; 1],0.03702549199806526,0.4938682323700058,tvm
1500,150,2,512,512,128,8,8,8,1,[1500; 150; 2; 512; 512; 128; 8; 8; 8; 1],0.05646205646917224,0.3238584534323173,tvm
375,375,5,640,320,16,80,10,1,1,[375; 375; 5; 640; 320; 16; 80; 10; 1; 1],0.03604367625666782,0.5073210111948989,tvm
60,60,15,128,128,16,80,2,1,0,[60; 60; 15; 128; 128; 16; 80; 2; 1; 0],0.03452106623444706,0.52969726257956,tvm
1500,750,6,256,128,16,80,20,1,0,[1500; 750; 6; 256; 128; 16; 80; 20; 1; 0],0.043939211522229016,0.41615936317982116,tvm
300,100,2,320,160,80,80,1,5,0,[300; 100; 2; 320; 160; 80; 80; 1; 5; 0],0.0373650465044193,0.4893802094840581,tvm
1500,1500,6,1024,64,64,32,2,4,1,[1500; 1500; 6; 1024; 64; 64; 32; 2; 4; 1],0.043887654959689826,0.4166482420286399,tvm
750,150,6,640,320,32,8,1,2,1,[750; 150; 6; 640; 320; 32; 8; 1; 2; 1],0.03112171997781843,0.5875547462912453,tvm
30,15,3,640,640,80,160,20,5,0,[30; 15; 3; 640; 640; 80; 160; 20; 5; 0],0.037361372727900743,0.4894283306688802,tvm
750,125,5,320,64,32,20,10,2,0,[750; 125; 5; 320; 64; 32; 20; 10; 2; 0],0.03378371201688424,0.5412582926522566,tvm
300,20,5,1024,128,64,40,2,4,0,[300; 20; 5; 1024; 128; 64; 40; 2; 4; 0],0.04402302874950692,0.4153670205146686,tvm
60,60,3,320,80,80,32,8,5,0,[60; 60; 3; 320; 80; 80; 32; 8; 5; 0],0.03633982123574242,0.5031866878786178,tvm
125,125,25,128,64,16,40,2,1,1,[125; 125; 25; 128; 64; 16; 40; 2; 1; 1],0.03402529377490282,0.5374153242198277,tvm
300,30,2,256,128,128,20,10,8,1,[300; 30; 2; 256; 128; 128; 20; 10; 8; 1],0.047877196222543716,0.38192951401578057,tvm
500,125,25,640,80,16,128,1,1,1,[500; 125; 25; 640; 80; 16; 128; 1; 1; 1],0.03381340124178678,0.5407830509258769,tvm
300,20,4,80,80,80,160,4,5,1,[300; 20; 4; 80; 80; 80; 160; 4; 5; 1],0.0339858565130271,0.53803894213186,tvm
1500,60,4,512,64,32,128,1,2,0,[1500; 60; 4; 512; 64; 32; 128; 1; 2; 0],0.05047793150879443,0.3622516561029941,tvm
1500,30,6,640,640,32,40,1,2,0,[1500; 30; 6; 640; 640; 32; 40; 1; 2; 0],0.03618446254404262,0.5053471296819035,tvm
1500,500,10,128,32,32,64,64,2,0,[1500; 500; 10; 128; 32; 32; 64; 64; 2; 0],0.03659298998536542,0.4997053887377682,tvm
300,150,10,160,80,16,160,2,1,1,[300; 150; 10; 160; 80; 16; 160; 2; 1; 1],0.030746694013942033,0.5947213146695597,tvm
750,375,5,64,32,32,64,32,2,0,[750; 375; 5; 64; 32; 32; 64; 32; 2; 0],0.03666889003943652,0.498671060565194,tvm
150,30,5,160,32,32,64,16,2,0,[150; 30; 5; 160; 32; 32; 64; 16; 2; 0],0.03345823450945318,0.5465235854135669,tvm
60,60,4,256,256,32,80,20,2,0,[60; 60; 4; 256; 256; 32; 80; 20; 2; 0],0.030703140248078853,0.5955649532252146,tvm
750,30,6,512,256,64,32,8,4,1,[750; 30; 6; 512; 256; 64; 32; 8; 4; 1],0.03337181970709935,0.5479387832670173,tvm
125,125,5,1024,256,32,80,10,2,0,[125; 125; 5; 1024; 256; 32; 80; 10; 2; 0],0.028607603977434337,0.6391906955975079,tvm
1500,300,4,320,160,80,64,8,5,0,[1500; 300; 4; 320; 160; 80; 64; 8; 5; 0],0.02926405327161774,0.6248524124800241,tvm
150,30,6,640,640,64,128,4,4,1,[150; 30; 6; 640; 640; 64; 128; 4; 4; 1],0.028758188243955374,0.6358437510248137,tvm
100,100,4,160,32,32,64,16,2,1,[100; 100; 4; 160; 32; 32; 64; 16; 2; 1],0.030717123008798808,0.5952938457314642,tvm
150,50,10,640,32,32,64,1,2,1,[150; 50; 10; 640; 32; 32; 64; 1; 2; 1],0.029284536722116172,0.6244153513244622,tvm
60,60,10,640,320,32,32,2,2,1,[60; 60; 10; 640; 320; 32; 32; 2; 2; 1],0.02691390726249665,0.6794150736780842,tvm
300,50,5,320,160,80,40,1,5,1,[300; 50; 5; 320; 160; 80; 40; 1; 5; 1],0.025302039983216673,0.7226972330232484,tvm
300,60,5,640,640,32,80,20,2,1,[300; 60; 5; 640; 640; 32; 80; 20; 2; 1],0.025233449530787766,0.7246616941295946,tvm
500,250,5,256,32,32,80,8,2,1,[500; 250; 5; 256; 32; 32; 80; 8; 2; 1],0.029466395790223032,0.620561619272809,tvm
100,100,10,128,128,32,80,4,2,1,[100; 100; 10; 128; 128; 32; 80; 4; 2; 1],0.023824119503842667,0.7675294897158708,tvm
750,750,5,640,320,80,160,8,5,1,[750; 750; 5; 640; 320; 80; 160; 8; 5; 1],0.02162105662864633,0.8457363855884381,tvm
500,500,2,640,32,32,64,16,2,1,[500; 500; 2; 640; 32; 32; 64; 16; 2; 1],0.049049340770579875,0.3728024474629062,tvm
300,300,30,320,80,16,80,16,1,1,[300; 300; 30; 320; 80; 16; 80; 16; 1; 1],0.051497970474883914,0.3550764062562896,tvm
100,100,2,256,64,64,8,2,4,0,[100; 100; 2; 256; 64; 64; 8; 2; 4; 0],0.04178844526177272,0.43757823894065073,tvm
500,100,2,640,320,64,10,1,4,0,[500; 100; 2; 640; 320; 64; 10; 1; 4; 0],0.043131325277499855,0.42395438044314676,tvm
60,30,2,640,80,80,16,2,5,0,[60; 30; 2; 640; 80; 80; 16; 2; 5; 0],0.036276436992920935,0.5040658841242486,tvm
1500,1500,3,320,32,32,256,4,2,1,[1500; 1500; 3; 320; 32; 32; 256; 4; 2; 1],0.04374875075882301,0.41797111845591445,tvm
300,100,2,1024,32,32,64,8,2,1,[300; 100; 2; 1024; 32; 32; 64; 8; 2; 1],0.06310335744637996,0.2897740314570739,tvm
100,20,2,128,64,64,160,8,4,0,[100; 20; 2; 128; 64; 64; 160; 8; 4; 0],0.046648924704641104,0.3919857617617291,tvm
375,25,25,160,80,16,80,4,1,1,[375; 25; 25; 160; 80; 16; 80; 4; 1; 1],0.04558980400906876,0.4010921889920141,tvm
60,15,3,512,256,64,10,10,4,0,[60; 15; 3; 512; 256; 64; 10; 10; 4; 0],0.05356606061104685,0.3413675390186011,tvm
60,12,3,640,320,32,160,16,2,0,[60; 12; 3; 640; 320; 32; 160; 16; 2; 0],0.04740401398157701,0.38574189714864243,tvm
1500,250,5,128,64,16,32,32,1,1,[1500; 250; 5; 128; 64; 16; 32; 32; 1; 1],0.04971519426908344,0.36780937004375114,tvm
300,100,10,256,256,16,256,2,1,1,[300; 100; 10; 256; 256; 16; 256; 2; 1; 1],0.04712782648857683,0.3880024955139085,tvm
1500,300,4,640,640,80,16,2,5,0,[1500; 300; 4; 640; 640; 80; 16; 2; 5; 0],0.05658578150905669,0.32315033561545164,tvm
150,150,3,1024,512,32,256,4,2,1,[150; 150; 3; 1024; 512; 32; 256; 4; 2; 1],0.04831297171767801,0.37848456916640943,tvm
60,30,5,640,128,32,256,4,2,0,[60; 30; 5; 640; 128; 32; 256; 4; 2; 0],0.04726004623807967,0.3869169783202755,tvm
750,750,2,1024,1024,128,128,8,8,1,[750; 750; 2; 1024; 1024; 128; 128; 8; 8; 1],0.04864219651790336,0.37592287344556913,tvm
300,15,5,320,80,80,16,1,5,1,[300; 15; 5; 320; 80; 80; 16; 1; 5; 1],0.04609643801813945,0.39668388864490267,tvm
100,100,4,64,64,16,20,2,1,1,[100; 100; 4; 64; 64; 16; 20; 2; 1; 1],0.04915885301306844,0.37197194736934147,tvm
60,60,3,1024,256,64,16,2,4,0,[60; 60; 3; 1024; 256; 64; 16; 2; 4; 0],0.037529403751250356,0.48723700506712864,tvm
750,50,2,256,256,64,64,1,4,0,[750; 50; 2; 256; 256; 64; 64; 1; 4; 0],0.037988003285136074,0.4813549727386991,tvm
150,50,5,160,160,16,32,2,1,1,[150; 50; 5; 160; 160; 16; 32; 2; 1; 1],0.03746390849119052,0.48808880392215603,tvm
20,20,2,128,128,128,20,20,8,1,[20; 20; 2; 128; 128; 128; 20; 20; 8; 1],0.03430743754142895,0.5329956299893525,tvm
1500,1500,3,640,640,80,16,1,5,0,[1500; 1500; 3; 640; 640; 80; 16; 1; 5; 0],0.048025048279669136,0.3807536887673539,tvm
500,20,4,512,64,32,64,64,2,0,[500; 20; 4; 512; 64; 32; 64; 64; 2; 0],0.0616293924394995,0.29670443861125284,tvm
300,75,3,1024,256,32,64,32,2,0,[300; 75; 3; 1024; 256; 32; 64; 32; 2; 0],0.04437290277564898,0.41209191064572737,tvm
60,60,6,128,128,16,64,8,1,0,[60; 60; 6; 128; 128; 16; 64; 8; 1; 0],0.035923884715884924,0.5090127203762197,tvm
375,75,3,1024,128,32,8,2,2,1,[375; 75; 3; 1024; 128; 32; 8; 2; 2; 1],0.039146163733676076,0.4671138252554675,tvm
1500,25,5,1024,512,64,64,32,4,1,[1500; 25; 5; 1024; 512; 64; 64; 32; 4; 1],0.04318592051276937,0.4234184212956049,tvm
60,60,2,640,640,64,64,1,4,0,[60; 60; 2; 640; 640; 64; 64; 1; 4; 0],0.03739007702097297,0.48905259744336455,tvm
500,20,10,640,320,32,40,40,2,0,[500; 20; 10; 640; 320; 32; 40; 40; 2; 0],0.0402259579859674,0.4545749859355284,tvm
60,12,4,320,160,80,160,4,5,0,[60; 12; 4; 320; 160; 80; 160; 4; 5; 0],0.03820764605188742,0.47858782665861166,tvm
300,300,6,320,64,16,16,16,1,1,[300; 300; 6; 320; 64; 16; 16; 16; 1; 1],0.04470681451493874,0.40901402804273007,tvm
15,15,3,640,128,64,160,8,4,1,[15; 15; 3; 640; 128; 64; 160; 8; 4; 1],0.03736214473610744,0.48941821768712995,tvm
100,100,10,512,512,16,160,2,1,0,[100; 100; 10; 512; 512; 16; 160; 2; 1; 0],0.03691444976720959,0.49535383572091446,tvm
1500,100,20,512,256,16,64,2,1,1,[1500; 100; 20; 512; 256; 16; 64; 2; 1; 1],0.04907033150084317,0.3726429744090905,tvm
60,60,2,1024,128,128,160,2,8,1,[60; 60; 2; 1024; 128; 128; 160; 2; 8; 1],0.03394049103371799,0.5387580947944579,tvm
150,75,5,512,256,32,256,32,2,1,[150; 75; 5; 512; 256; 32; 256; 32; 2; 1],0.03812042420031503,0.4796828647453292,tvm
500,50,2,320,80,80,80,1,5,1,[500; 50; 2; 320; 80; 80; 80; 1; 5; 1],0.0372079715016298,0.4914461484392754,tvm
750,150,6,80,80,16,80,8,1,0,[750; 150; 6; 80; 80; 16; 80; 8; 1; 0],0.03769433026900515,0.48510516449605284,tvm
100,100,2,640,640,128,32,4,8,1,[100; 100; 2; 640; 640; 128; 32; 4; 8; 1],0.03384941950207576,0.540207618171796,tvm
50,50,10,320,320,16,64,2,1,1,[50; 50; 10; 320; 320; 16; 64; 2; 1; 1],0.034607204026542604,0.5283788390327556,tvm
1500,75,15,80,80,16,80,4,1,0,[1500; 75; 15; 80; 80; 16; 80; 4; 1; 0],0.03809544304385781,0.47999741766128434,tvm
1500,150,2,160,160,160,128,8,10,0,[1500; 150; 2; 160; 160; 160; 128; 8; 10; 0],0.03468781599076465,0.5271509249986425,tvm
60,30,3,1024,512,64,64,64,4,1,[60; 30; 3; 1024; 512; 64; 64; 64; 4; 1],0.03479029447771609,0.5255981462711294,tvm
300,25,5,320,160,80,8,2,5,1,[300; 25; 5; 320; 160; 80; 8; 2; 5; 1],0.04768911801511422,0.38343578255984845,tvm
500,125,5,512,128,32,128,64,2,0,[500; 125; 5; 512; 128; 32; 128; 64; 2; 0],0.03524644346907735,0.518796011341026,tvm
500,100,4,1024,64,64,16,2,4,1,[500; 100; 4; 1024; 64; 64; 16; 2; 4; 1],0.03139159601414576,0.5825034916184042,tvm
150,50,10,320,64,32,64,32,2,0,[150; 50; 10; 320; 64; 32; 64; 32; 2; 0],0.0333012729533948,0.5490995587857912,tvm
500,500,4,320,80,80,160,40,5,0,[500; 500; 4; 320; 80; 80; 160; 40; 5; 0],0.029634168022312224,0.6170483433834406,tvm
250,250,10,160,160,16,128,8,1,1,[250; 250; 10; 160; 160; 16; 128; 8; 1; 1],0.028765801980625838,0.6356754558079057,tvm
300,30,6,640,128,64,40,5,4,0,[300; 30; 6; 640; 128; 64; 40; 5; 4; 0],0.030533453274983913,0.5988747529155436,tvm
100,100,4,256,128,32,40,1,2,0,[100; 100; 4; 256; 128; 32; 40; 1; 2; 0],0.0326993289636448,0.5592076310203304,tvm
500,500,5,256,128,32,16,16,2,1,[500; 500; 5; 256; 128; 32; 16; 16; 2; 1],0.03655821201391518,0.5001807604473156,tvm
300,25,5,320,64,32,40,2,2,1,[300; 25; 5; 320; 64; 32; 40; 2; 2; 1],0.03353761276230216,0.5452300500728627,tvm
500,100,4,640,160,80,16,8,5,1,[500; 100; 4; 640; 160; 80; 16; 8; 5; 1],0.03175221529090777,0.575887827610894,tvm
100,100,4,640,32,32,64,8,2,0,[100; 100; 4; 640; 32; 32; 64; 8; 2; 0],0.03340863127959892,0.5473350324555353,tvm
150,30,10,512,64,32,64,2,2,1,[150; 30; 10; 512; 64; 32; 64; 2; 2; 1],0.03347349597606808,0.5462744106199031,tvm
60,60,4,640,320,32,128,16,2,0,[60; 60; 4; 640; 320; 32; 128; 16; 2; 0],0.029914521728642285,0.6112654733906793,tvm
1500,150,5,320,64,32,160,4,2,0,[1500; 150; 5; 320; 64; 32; 160; 4; 2; 0],0.02766659203916788,0.6609312147960621,tvm
300,150,10,512,64,32,128,1,2,0,[300; 150; 10; 512; 64; 32; 128; 1; 2; 0],0.03295560274273157,0.5548590456215291,tvm
150,75,5,256,64,64,80,20,4,0,[150; 75; 5; 256; 64; 64; 80; 20; 4; 0],0.02562957804184407,0.7134613865222501,tvm
100,100,4,640,160,80,64,2,5,0,[100; 100; 4; 640; 160; 80; 64; 2; 5; 0],0.02521546877687797,0.7251784389779771,tvm
375,75,5,640,160,80,160,5,5,1,[375; 75; 5; 640; 160; 80; 160; 5; 5; 1],0.02277401086757891,0.8029202406215515,tvm
300,50,5,640,64,64,5,1,4,1,[300; 50; 5; 640; 64; 64; 5; 1; 4; 1],0.03574686322826892,0.5115333943833648,tvm
750,30,30,128,128,16,16,2,1,1,[750; 30; 30; 128; 128; 16; 16; 2; 1; 1],0.0501733694691211,0.36445059359563486,tvm
375,375,3,512,32,32,64,32,2,0,[375; 375; 3; 512; 32; 32; 64; 32; 2; 0],0.0440867732395418,0.4147664467608093,tvm
30,10,10,640,320,32,32,1,2,1,[30; 10; 10; 640; 320; 32; 32; 1; 2; 1],0.04769316146848723,0.38340327465597734,tvm
1500,30,3,512,64,64,64,16,4,1,[1500; 30; 3; 512; 64; 64; 64; 16; 4; 1],0.061289222445338964,0.2983512199395656,tvm
750,75,5,128,128,16,10,2,1,1,[750; 75; 5; 128; 128; 16; 10; 2; 1; 1],0.035705562273506075,0.5121250898009941,tvm
60,30,2,512,512,64,40,10,4,1,[60; 30; 2; 512; 512; 64; 40; 10; 4; 1],0.040643940505106,0.4499001341520293,tvm
750,750,2,256,64,32,5,5,2,1,[750; 750; 2; 256; 64; 32; 5; 5; 2; 1],0.03330663376254961,0.5490111794568375,tvm
1500,1500,4,640,128,32,20,10,2,0,[1500; 1500; 4; 640; 128; 32; 20; 10; 2; 0],0.04688560770591721,0.39000698040235776,tvm
750,15,3,640,128,64,160,16,4,1,[750; 15; 3; 640; 128; 64; 160; 16; 4; 1],0.03728189325192943,0.49047171939874473,tvm
500,500,10,1024,64,32,5,5,2,1,[500; 500; 10; 1024; 64; 32; 5; 5; 2; 1],0.05079485790338367,0.35999144481308204,tvm
375,75,5,1024,32,32,5,5,2,1,[375; 75; 5; 1024; 32; 32; 5; 5; 2; 1],0.03720938821788877,0.49142743703921615,tvm
300,60,20,64,64,16,160,10,1,0,[300; 60; 20; 64; 64; 16; 160; 10; 1; 0],0.03985654370626435,0.45878825872300305,tvm
25,25,5,80,80,80,256,8,5,0,[25; 25; 5; 80; 80; 80; 256; 8; 5; 0],0.044825796503573656,0.407928374106113,tvm
750,50,2,256,128,64,160,5,4,0,[750; 50; 2; 256; 128; 64; 160; 5; 4; 0],0.03733953821938485,0.4897145266842439,tvm
1500,150,10,640,320,16,20,2,1,0,[1500; 150; 10; 640; 320; 16; 20; 2; 1; 0],0.038520689704455435,0.4746985172386282,tvm
1500,20,4,256,32,32,80,4,2,1,[1500; 20; 4; 256; 32; 32; 80; 4; 2; 1],0.04190880252281204,0.4363215645629794,tvm
150,150,3,512,512,32,8,1,2,0,[150; 150; 3; 512; 512; 32; 8; 1; 2; 0],0.03263527649687603,0.560305174293978,tvm
750,75,3,640,160,32,128,8,2,0,[750; 75; 3; 640; 160; 32; 128; 8; 2; 0],0.03465862723533064,0.5275948802459788,tvm
500,50,10,256,256,16,160,20,1,1,[500; 50; 10; 256; 256; 16; 160; 20; 1; 1],0.03860562026966363,0.47365420262611957,tvm
375,75,15,256,64,16,16,1,1,1,[375; 75; 15; 256; 64; 16; 16; 1; 1; 1],0.03313924151007086,0.5517843333908938,tvm
150,30,3,1024,512,64,10,10,4,1,[150; 30; 3; 1024; 512; 64; 10; 10; 4; 1],0.03992822696454823,0.45796459487043945,tvm
250,250,5,256,64,16,128,1,1,1,[250; 250; 5; 256; 64; 16; 128; 1; 1; 1],0.036002756271045655,0.5078976217279267,tvm
1500,30,6,512,256,64,128,32,4,0,[1500; 30; 6; 512; 256; 64; 128; 32; 4; 0],0.04903873702278361,0.37288305930918786,tvm
1500,300,2,640,320,80,128,8,5,0,[1500; 300; 2; 640; 320; 80; 128; 8; 5; 0],0.035517733718734235,0.514833362694796,tvm
375,15,3,640,320,80,160,5,5,1,[375; 15; 3; 640; 320; 80; 160; 5; 5; 1],0.03557981224730611,0.513935097763164,tvm
375,375,3,640,320,32,64,8,2,0,[375; 375; 3; 640; 320; 32; 64; 8; 2; 0],0.03537301119649783,0.5169397138438895,tvm
20,20,4,256,64,32,40,5,2,1,[20; 20; 4; 256; 64; 32; 40; 5; 2; 1],0.037107367999851704,0.49277853082404993,tvm
300,20,4,1024,128,64,128,4,4,0,[300; 20; 4; 1024; 128; 64; 128; 4; 4; 0],0.04339548049028963,0.42137370249434114,tvm
750,750,6,1024,512,64,256,16,4,1,[750; 750; 6; 1024; 512; 64; 256; 16; 4; 1],0.04675640270579606,0.3910847119863551,tvm
375,75,25,80,80,16,40,1,1,1,[375; 75; 25; 80; 80; 16; 40; 1; 1; 1],0.03539498627651483,0.516618770321354,tvm
100,100,5,640,128,64,256,64,4,1,[100; 100; 5; 640; 128; 64; 256; 64; 4; 1],0.031248091254383326,0.5851785997696503,tvm
300,100,2,128,128,64,8,2,4,1,[300; 100; 2; 128; 128; 64; 8; 2; 4; 1],0.03457317251013592,0.5288989397878777,tvm
300,150,6,640,128,16,64,4,1,1,[300; 150; 6; 640; 128; 16; 64; 4; 1; 1],0.03477975452551618,0.5257574279973415,tvm
375,75,15,256,256,16,32,8,1,1,[375; 75; 15; 256; 256; 16; 32; 8; 1; 1],0.03206816874444485,0.5702138600877206,tvm
15,15,5,256,256,32,80,2,2,1,[15; 15; 5; 256; 256; 32; 80; 2; 2; 1],0.03603406250476837,0.5074563625262777,tvm
1500,150,10,320,64,16,128,1,1,0,[1500; 150; 10; 320; 64; 16; 128; 1; 1; 0],0.034767701756209135,0.5259396900587097,tvm
100,100,25,128,128,16,128,1,1,1,[100; 100; 25; 128; 128; 16; 128; 1; 1; 1],0.03542032529367134,0.516249191223025,tvm
20,20,5,640,160,80,32,1,5,1,[20; 20; 5; 640; 160; 80; 32; 1; 5; 1],0.03267554275225848,0.5596147070717107,tvm
1500,500,10,640,640,16,160,1,1,0,[1500; 500; 10; 640; 640; 16; 160; 1; 1; 0],0.030833128024823964,0.5930541419927402,tvm
750,375,5,256,128,32,8,2,2,1,[750; 375; 5; 256; 128; 32; 8; 2; 2; 1],0.032425601268187165,0.5639283026543118,tvm
750,250,5,1024,512,64,64,1,4,0,[750; 250; 5; 1024; 512; 64; 64; 1; 4; 0],0.040864596026949584,0.4474708198180923,tvm
300,60,4,256,128,32,8,8,2,1,[300; 60; 4; 256; 128; 32; 8; 8; 2; 1],0.033160999009851366,0.5514222982329943,tvm
500,20,10,640,320,32,40,1,2,1,[500; 20; 10; 640; 320; 32; 40; 1; 2; 1],0.03547096374677494,0.5155121923456857,tvm
750,150,6,320,64,64,32,1,4,0,[750; 150; 6; 320; 64; 64; 32; 1; 4; 0],0.028995646513067186,0.6306365432298136,tvm
1500,250,5,256,256,32,64,32,2,0,[1500; 250; 5; 256; 256; 32; 64; 32; 2; 0],0.034715653979219496,0.5267282101803401,tvm
100,50,5,512,512,32,10,1,2,1,[100; 50; 5; 512; 512; 32; 10; 1; 2; 1],0.033250186243094504,0.5499432139124308,tvm
15,15,5,512,256,64,80,5,4,1,[15; 15; 5; 512; 256; 64; 80; 5; 4; 1],0.03223110130056739,0.5673313522610656,tvm
375,125,5,640,640,32,8,8,2,1,[375; 125; 5; 640; 640; 32; 8; 8; 2; 1],0.030039649980608374,0.6087192859277103,tvm
1500,60,5,128,64,64,40,20,4,0,[1500; 60; 5; 128; 64; 64; 40; 20; 4; 0],0.031325774965807796,0.5837274354959523,tvm
75,75,3,80,80,80,64,1,5,1,[75; 75; 3; 80; 80; 80; 64; 1; 5; 1],0.02715337951667607,0.6734231469966468,tvm
1500,30,6,320,64,32,64,2,2,0,[1500; 30; 6; 320; 64; 32; 64; 2; 2; 0],0.030859522754326463,0.5925468916446757,tvm
500,500,10,1024,32,32,32,8,2,1,[500; 500; 10; 1024; 32; 32; 32; 8; 2; 1],0.02741331950528547,0.6670375793850387,tvm
150,50,5,1024,32,32,64,32,2,1,[150; 50; 5; 1024; 32; 32; 64; 32; 2; 1],0.034396917500998825,0.5316090979717384,tvm
750,125,5,128,128,32,20,10,2,1,[750; 125; 5; 128; 128; 32; 20; 10; 2; 1],0.02997722727013752,0.6099868450452056,tvm
750,75,5,640,160,32,40,40,2,1,[750; 75; 5; 640; 160; 32; 40; 40; 2; 1],0.032906287524383515,0.5556905886804945,tvm
30,30,6,512,128,32,160,8,2,1,[30; 30; 6; 512; 128; 32; 160; 8; 2; 1],0.029979447252117097,0.6099416754397625,tvm
60,60,5,32,32,32,40,20,2,1,[60; 60; 5; 32; 32; 32; 40; 20; 2; 1],0.03208966850070283,0.569831822516764,tvm
375,75,5,640,32,32,128,1,2,0,[375; 75; 5; 640; 32; 32; 128; 1; 2; 0],0.029577657754998654,0.6182272591420456,tvm
100,50,5,1024,32,32,128,2,2,1,[100; 50; 5; 1024; 32; 32; 128; 2; 2; 1],0.03104537323815748,0.5889996601245413,tvm
150,25,5,512,64,64,128,16,4,1,[150; 25; 5; 512; 64; 64; 128; 16; 4; 1],0.029778367024846375,0.6140603435526574,tvm
75,75,5,256,256,32,32,32,2,1,[75; 75; 5; 256; 256; 32; 32; 32; 2; 1],0.0312049055355601,0.5859884518758269,tvm
750,375,5,64,64,64,128,64,4,1,[750; 375; 5; 64; 64; 64; 128; 64; 4; 1],0.02687374025117606,0.680430565853745,tvm
1500,60,10,640,640,32,64,16,2,1,[1500; 60; 10; 640; 640; 32; 64; 16; 2; 1],0.024789654125925153,0.737634909822763,tvm
150,150,6,32,32,32,256,2,2,0,[150; 150; 6; 32; 32; 32; 256; 2; 2; 0],0.0417378592537716,0.4381085808578435,tvm
750,750,25,128,128,16,256,1,1,1,[750; 750; 25; 128; 128; 16; 256; 1; 1; 1],0.040298806270584464,0.453753249238593,tvm
500,100,4,320,320,16,40,4,1,1,[500; 100; 4; 320; 320; 16; 40; 4; 1; 1],0.04221161804161966,0.4331915035259962,tvm
500,500,25,512,128,16,16,8,1,1,[500; 500; 25; 512; 128; 16; 16; 8; 1; 1],0.04092179599683732,0.4468453507545836,tvm
750,30,2,640,128,64,160,10,4,0,[750; 30; 2; 640; 128; 64; 160; 10; 4; 0],0.039471033203881234,0.4632692078583905,tvm
1500,300,10,512,64,32,32,8,2,0,[1500; 300; 10; 512; 64; 32; 32; 8; 2; 0],0.05416611407417804,0.33758586153462716,tvm
1500,1500,5,1024,1024,64,16,8,4,1,[1500; 1500; 5; 1024; 1024; 64; 16; 8; 4; 1],0.06667422200553119,0.27425463298540376,tvm
500,500,4,128,64,16,10,10,1,1,[500; 500; 4; 128; 64; 16; 10; 10; 1; 1],0.04165478574577719,0.4389823151969525,tvm
20,20,5,320,64,32,10,10,2,1,[20; 20; 5; 320; 64; 32; 10; 10; 2; 1],0.04351007525110617,0.42026390853574547,tvm
50,50,2,256,64,64,32,32,4,1,[50; 50; 2; 256; 64; 64; 32; 32; 4; 1],0.02758135349722579,0.6629737836307966,tvm
100,20,4,64,64,32,80,40,2,1,[100; 20; 4; 64; 64; 32; 80; 40; 2; 1],0.03751811548136175,0.48738360259054764,tvm
750,150,25,256,256,16,32,2,1,0,[750; 150; 25; 256; 256; 16; 32; 2; 1; 0],0.034488079021684825,0.5302039082610808,tvm
300,50,25,640,320,16,64,1,1,0,[300; 50; 25; 640; 320; 16; 64; 1; 1; 0],0.03939755429746583,0.46413323394773465,tvm
150,30,3,160,160,80,10,2,5,0,[150; 30; 3; 160; 160; 80; 10; 2; 5; 0],0.05901674798224121,0.3098394084881915,tvm
750,250,5,32,32,32,5,1,2,1,[750; 250; 5; 32; 32; 32; 5; 1; 2; 1],0.030869964510202408,0.5923464628432251,tvm
375,15,5,640,160,32,64,64,2,1,[375; 15; 5; 640; 160; 32; 64; 64; 2; 1],0.0385408679721877,0.4744499864120817,tvm
150,150,15,320,64,16,8,4,1,1,[150; 150; 15; 320; 64; 16; 8; 4; 1; 1],0.04177704802714288,0.4376976150596833,tvm
1500,50,10,640,640,16,80,5,1,0,[1500; 50; 10; 640; 640; 16; 80; 5; 1; 0],0.034597042482346296,0.5285340298970604,tvm
375,15,3,160,80,80,80,5,5,1,[375; 15; 3; 160; 80; 80; 80; 5; 5; 1],0.03909755853237584,0.46769453060789673,tvm
20,20,4,1024,128,32,64,4,2,0,[20; 20; 4; 1024; 128; 32; 64; 4; 2; 0],0.03565919119864702,0.512791055294829,tvm
75,75,3,512,256,64,10,1,4,0,[75; 75; 3; 512; 256; 64; 10; 1; 4; 0],0.04614705825224519,0.39624875297061074,tvm
300,60,3,320,160,32,128,1,2,1,[300; 60; 3; 320; 160; 32; 128; 1; 2; 1],0.037552467721980065,0.4869377538939036,tvm
1500,500,25,160,160,16,16,8,1,1,[1500; 500; 25; 160; 160; 16; 16; 8; 1; 1],0.0351807507686317,0.5197647544809767,tvm
300,20,4,256,256,32,20,2,2,1,[300; 20; 4; 256; 256; 32; 20; 2; 2; 1],0.037082968454342335,0.49310276517448187,tvm
300,60,3,640,160,32,160,32,2,1,[300; 60; 3; 640; 160; 32; 160; 32; 2; 1],0.03518686123425141,0.5196744933848974,tvm
750,150,5,1024,256,32,256,64,2,1,[750; 150; 5; 1024; 256; 32; 256; 64; 2; 1],0.058377966517582536,0.3132297230703799,tvm
750,250,5,256,128,16,64,1,1,1,[750; 250; 5; 256; 128; 16; 64; 1; 1; 1],0.037302405980881304,0.4902020072133232,tvm
375,125,5,160,160,16,64,8,1,1,[375; 125; 5; 160; 160; 16; 64; 8; 1; 1],0.03570426348596811,0.5121437189959297,tvm
1500,60,2,256,256,128,10,10,8,1,[1500; 60; 2; 256; 256; 128; 10; 10; 8; 1],0.05038655851967633,0.3629085776631,tvm
60,30,3,512,256,64,16,2,4,1,[60; 30; 3; 512; 256; 64; 16; 2; 4; 1],0.03585888398811221,0.5099353982063773,tvm
60,15,5,128,32,32,32,1,2,1,[60; 15; 5; 128; 32; 32; 32; 1; 2; 1],0.03583544952562079,0.5102688686140464,tvm
30,30,2,512,128,128,32,8,8,1,[30; 30; 2; 512; 128; 128; 32; 8; 8; 1],0.04308955621672794,0.42436534258423225,tvm
750,75,3,160,160,32,10,5,2,1,[750; 75; 3; 160; 160; 32; 10; 5; 2; 1],0.033794435497839004,0.5410865432826529,tvm
1500,300,4,640,320,80,256,16,5,1,[1500; 300; 4; 640; 320; 80; 256; 16; 5; 1],0.02927287924103439,0.6246640152869412,tvm
1500,500,20,320,64,16,80,8,1,0,[1500; 500; 20; 320; 64; 16; 80; 8; 1; 0],0.034621164260897785,0.5281657817142429,tvm
250,50,5,256,64,32,20,2,2,0,[250; 50; 5; 256; 64; 32; 20; 2; 2; 0],0.03784076223382726,0.48322795858926987,tvm
300,20,5,640,160,80,64,64,5,1,[300; 20; 5; 640; 160; 80; 64; 64; 5; 1],0.0363807613030076,0.5026204408812799,tvm
60,60,2,640,160,80,20,20,5,1,[60; 60; 2; 640; 160; 80; 20; 20; 5; 1],0.0443509979522787,0.412295441590504,tvm
300,60,2,256,256,128,80,40,8,1,[300; 60; 2; 256; 256; 128; 80; 40; 8; 1],0.035265880229417235,0.518510077354064,tvm
300,150,10,160,160,16,80,4,1,0,[300; 150; 10; 160; 160; 16; 80; 4; 1; 0],0.03491725423373282,0.5236870620843046,tvm
1500,375,15,320,80,16,64,8,1,1,[1500; 375; 15; 320; 80; 16; 64; 8; 1; 1],0.028415503271389753,0.6435118924719282,tvm
60,20,5,640,160,80,40,8,5,1,[60; 20; 5; 640; 160; 80; 40; 8; 5; 1],0.030719057249370962,0.5952563627612213,tvm
1500,50,10,320,32,32,40,10,2,0,[1500; 50; 10; 320; 32; 32; 40; 10; 2; 0],0.03266342973802239,0.5598222364391976,tvm
300,75,5,256,64,64,8,8,4,1,[300; 75; 5; 256; 64; 64; 8; 8; 4; 1],0.032566375739406794,0.5614906132642737,tvm
375,375,25,80,80,16,128,2,1,1,[375; 375; 25; 80; 80; 16; 128; 2; 1; 1],0.030110458959825337,0.6072877969117598,tvm
75,25,5,512,512,64,64,32,4,1,[75; 25; 5; 512; 512; 64; 64; 32; 4; 1],0.0278409814927727,0.6567912948924274,tvm
250,25,5,512,256,32,64,2,2,0,[250; 25; 5; 512; 256; 32; 64; 2; 2; 0],0.03496873000403866,0.5229161677762505,tvm
150,30,10,512,32,32,128,2,2,0,[150; 30; 10; 512; 32; 32; 128; 2; 2; 0],0.038965205720160156,0.4692831449944961,tvm
250,50,5,640,128,32,40,8,2,0,[250; 50; 5; 640; 128; 32; 40; 8; 2; 0],0.02926266472786665,0.6248820623742074,tvm
150,25,5,640,128,32,160,5,2,0,[150; 25; 5; 640; 128; 32; 160; 5; 2; 0],0.03137743374099955,0.5827664058396569,tvm
1500,1500,5,320,32,32,40,4,2,1,[1500; 1500; 5; 320; 32; 32; 40; 4; 2; 1],0.03381903050467372,0.5406930362237096,tvm
750,50,5,320,64,32,40,8,2,1,[750; 50; 5; 320; 64; 32; 40; 8; 2; 1],0.02874922944465652,0.6360418918675736,tvm
300,150,3,320,320,80,64,4,5,1,[300; 150; 3; 320; 320; 80; 64; 4; 5; 1],0.02527775603812188,0.723391516958121,tvm
60,60,4,512,64,64,160,20,4,0,[60; 60; 4; 512; 64; 64; 160; 20; 4; 0],0.02615808177506551,0.6990464531365084,tvm
500,250,5,128,64,32,32,2,2,1,[500; 250; 5; 128; 64; 32; 32; 2; 2; 1],0.02783199999248609,0.6570032441308907,tvm
60,30,5,1024,1024,64,64,2,4,1,[60; 30; 5; 1024; 1024; 64; 64; 2; 4; 1],0.02755970146972686,0.66349464292276,tvm
500,250,5,320,64,32,160,4,2,0,[500; 250; 5; 320; 64; 32; 160; 4; 2; 0],0.029300755762960762,0.6240697145712997,tvm
300,50,5,128,128,32,32,2,2,1,[300; 50; 5; 128; 128; 32; 32; 2; 2; 1],0.029600098729133606,0.6177585572617281,tvm
300,100,5,320,160,80,64,2,5,0,[300; 100; 5; 320; 160; 80; 64; 2; 5; 0],0.025894297985360026,0.7061676009155592,tvm
250,250,5,32,32,32,64,1,2,1,[250; 250; 5; 32; 32; 32; 64; 1; 2; 1],0.02824338700156659,0.6474334783112247,tvm
375,375,5,320,64,32,160,1,2,1,[375; 375; 5; 320; 64; 32; 160; 1; 2; 1],0.02509607298998162,0.7286285106444328,tvm
750,75,5,160,80,80,40,4,5,1,[750; 75; 5; 160; 80; 80; 40; 4; 5; 1],0.024610370863229036,0.7430084815599193,tvm
750,375,5,640,320,64,40,8,4,1,[750; 375; 5; 640; 320; 64; 40; 8; 4; 1],0.02368745525018312,0.771957734276793,tvm
300,300,10,256,256,32,80,20,2,1,[300; 300; 10; 256; 256; 32; 80; 20; 2; 1],0.024449050513794646,0.7479110190965134,tvm
1500,100,2,640,320,16,10,10,1,1,[1500; 100; 2; 640; 320; 16; 10; 10; 1; 1],0.03513672872213647,0.5204159564858443,tvm
1500,30,3,128,128,64,256,64,4,1,[1500; 30; 3; 128; 128; 64; 256; 64; 4; 1],0.039089375524781644,0.4677924382322665,tvm
500,50,5,320,160,16,128,1,1,0,[500; 50; 5; 320; 160; 16; 128; 1; 1; 0],0.040525083255488425,0.45121965994327234,tvm
1500,150,5,256,128,64,5,5,4,1,[1500; 150; 5; 256; 128; 64; 5; 5; 4; 1],0.04481571679934859,0.40802012310958,tvm
60,60,3,64,64,32,8,8,2,0,[60; 60; 3; 64; 64; 32; 8; 8; 2; 0],0.05414324754383415,0.337728435497155,tvm
100,20,5,640,640,80,5,5,5,0,[100; 20; 5; 640; 640; 80; 5; 5; 5; 0],0.05667994951363653,0.32261345401013386,tvm
60,30,10,1024,32,32,20,10,2,0,[60; 30; 10; 1024; 32; 32; 20; 10; 2; 0],0.04727590724360198,0.38678716817621644,tvm
60,15,5,256,64,64,20,10,4,0,[60; 15; 5; 256; 64; 64; 20; 10; 4; 0],0.04753856803290546,0.38465008607447326,tvm
250,250,2,640,64,64,4,2,4,1,[250; 250; 2; 640; 64; 64; 4; 2; 4; 1],0.03772822400787845,0.4846693627003445,tvm
100,10,5,160,80,80,64,2,5,1,[100; 10; 5; 160; 80; 80; 64; 2; 5; 1],0.04468401853227988,0.4092226904906645,tvm
1500,375,3,256,64,32,40,20,2,1,[1500; 375; 3; 256; 64; 32; 40; 20; 2; 1],0.042486293299589306,0.4303909064689116,tvm
250,250,5,160,160,16,128,1,1,0,[250; 250; 5; 160; 160; 16; 128; 1; 1; 0],0.03811497351853177,0.4797514624226,tvm
300,60,3,512,128,32,160,20,2,0,[300; 60; 3; 512; 128; 32; 160; 20; 2; 0],0.0402733912342228,0.45403959600441546,tvm
375,375,25,160,160,16,40,1,1,0,[375; 375; 25; 160; 160; 16; 40; 1; 1; 0],0.039766037254594266,0.4598324486959458,tvm
1500,50,2,320,160,80,40,20,5,1,[1500; 50; 2; 320; 160; 80; 40; 20; 5; 1],0.0370290027349256,0.4938214084946792,tvm
750,250,2,128,64,64,64,1,4,0,[750; 250; 2; 128; 64; 64; 64; 1; 4; 0],0.04503328772261739,0.40604884098947375,tvm
50,50,25,320,160,16,16,4,1,1,[50; 50; 25; 320; 160; 16; 16; 4; 1; 1],0.03417616622755304,0.5350428764877738,tvm
150,150,6,640,160,16,64,2,1,0,[150; 150; 6; 640; 160; 16; 64; 2; 1; 0],0.03717483900254592,0.4918841554219505,tvm
60,30,3,64,64,64,256,16,4,1,[60; 30; 3; 64; 64; 64; 256; 16; 4; 1],0.03679534752154723,0.496957238276014,tvm
750,250,2,32,32,32,8,4,2,1,[750; 250; 2; 32; 32; 32; 8; 4; 2; 1],0.033353560022078454,0.5482387569305952,tvm
300,300,4,256,256,32,20,10,2,0,[300; 300; 4; 256; 256; 32; 20; 10; 2; 0],0.04218951374059543,0.4334184650277085,tvm
750,150,5,1024,128,32,40,1,2,1,[750; 150; 5; 1024; 128; 32; 40; 1; 2; 1],0.04291299247415736,0.4261113763326137,tvm
100,50,25,160,160,16,20,5,1,1,[100; 50; 25; 160; 160; 16; 20; 5; 1; 1],0.034363425453193486,0.5321272266823721,tvm
750,150,5,1024,256,32,64,1,2,1,[750; 150; 5; 1024; 256; 32; 64; 1; 2; 1],0.04111406020820141,0.4447557403261929,tvm
1500,250,2,640,160,80,80,2,5,0,[1500; 250; 2; 640; 160; 80; 80; 2; 5; 0],0.03763357124989852,0.4858883618642383,tvm
300,300,3,512,64,32,128,16,2,1,[300; 300; 3; 512; 64; 32; 128; 16; 2; 1],0.037703208217862993,0.48499093711210756,tvm
750,50,10,160,80,16,20,5,1,1,[750; 50; 10; 160; 80; 16; 20; 5; 1; 1],0.03427856398047879,0.5334445835049498,tvm
750,150,5,1024,64,64,32,16,4,1,[750; 150; 5; 1024; 64; 64; 32; 16; 4; 1],0.04471450700657442,0.40894366302698404,tvm
150,150,3,512,128,32,10,1,2,1,[150; 150; 3; 512; 128; 32; 10; 1; 2; 1],0.03543615079252049,0.5160186385021777,tvm
300,150,10,256,32,32,32,16,2,0,[300; 150; 10; 256; 32; 32; 32; 16; 2; 0],0.03601234976667911,0.5077623205424208,tvm
1500,150,10,640,320,32,256,16,2,1,[1500; 150; 10; 640; 320; 32; 256; 16; 2; 1],0.033760085760150105,0.541637080415787,tvm
30,15,5,256,256,64,64,64,4,1,[30; 15; 5; 256; 256; 64; 64; 64; 4; 1],0.037536796706262976,0.4871410426629008,tvm
1500,100,10,512,256,32,128,16,2,0,[1500; 100; 10; 512; 256; 32; 128; 16; 2; 0],0.041796977748163044,0.4374889111813338,tvm
750,250,5,128,32,32,32,8,2,0,[750; 250; 5; 128; 32; 32; 32; 8; 2; 0],0.042238881753291935,0.43291189365564037,tvm
375,375,3,320,160,80,5,5,5,1,[375; 375; 3; 320; 160; 80; 5; 5; 5; 1],0.033224600250832736,0.5503667206727635,tvm
1500,1500,3,320,320,64,40,40,4,1,[1500; 1500; 3; 320; 320; 64; 40; 40; 4; 1],0.03435493150027469,0.5322587904321125,tvm
1500,30,5,512,256,32,160,20,2,0,[1500; 30; 5; 512; 256; 32; 160; 20; 2; 0],0.04812794202007353,0.3799396674407469,tvm
500,250,5,320,160,80,256,64,5,1,[500; 250; 5; 320; 160; 80; 256; 64; 5; 1],0.05982950248289853,0.30563039181114726,tvm
375,375,3,1024,512,64,80,4,4,1,[375; 375; 3; 1024; 512; 64; 80; 4; 4; 1],0.03097877575783059,0.5902658784407308,tvm
300,300,5,640,64,64,256,16,4,1,[300; 300; 5; 640; 64; 64; 256; 16; 4; 1],0.028788067982532084,0.6351837954811564,tvm
500,25,5,256,64,64,32,4,4,0,[500; 25; 5; 256; 64; 64; 32; 4; 4; 0],0.044778501032851636,0.4083592318621612,tvm
1500,750,3,640,640,80,80,2,5,0,[1500; 750; 3; 640; 640; 80; 80; 2; 5; 0],0.027866473246831447,0.6561904738983596,tvm
300,50,5,640,80,80,8,8,5,1,[300; 50; 5; 640; 80; 80; 8; 8; 5; 1],0.035814545990433544,0.5105666923880202,tvm
150,50,5,256,256,64,160,40,4,0,[150; 50; 5; 256; 256; 64; 160; 40; 4; 0],0.027667848800774664,0.6609011932001851,tvm
500,500,2,640,160,160,40,2,10,1,[500; 500; 2; 640; 160; 160; 40; 2; 10; 1],0.03254562948131934,0.561848536259223,tvm
60,60,6,1024,512,64,20,5,4,0,[60; 60; 6; 1024; 512; 64; 20; 5; 4; 0],0.030011821480002254,0.6092837216794251,tvm
150,25,5,640,128,32,64,4,2,0,[150; 25; 5; 640; 128; 32; 64; 4; 2; 0],0.03314845770364627,0.5516309219931789,tvm
150,25,5,640,320,64,40,10,4,0,[150; 25; 5; 640; 320; 64; 40; 10; 4; 0],0.03035926603479311,0.6023108155763062,tvm
750,750,3,128,128,64,160,20,4,0,[750; 750; 3; 128; 128; 64; 160; 20; 4; 0],0.027178147225640714,0.6728094499562859,tvm
300,30,5,640,128,32,128,16,2,1,[300; 30; 5; 640; 128; 32; 128; 16; 2; 1],0.032473176484927535,0.5631021127299211,tvm
1500,25,5,640,64,64,160,4,4,0,[1500; 25; 5; 640; 64; 64; 160; 4; 4; 0],0.030491581244859844,0.5996971471853997,tvm
1500,100,10,32,32,32,160,8,2,0,[1500; 100; 10; 32; 32; 32; 160; 8; 2; 0],0.031081802968401462,0.5883093173296285,tvm
75,75,5,640,80,80,40,4,5,0,[75; 75; 5; 640; 80; 80; 40; 4; 5; 0],0.02830622502369806,0.6459962171008472,tvm
300,25,5,640,640,64,64,16,4,0,[300; 25; 5; 640; 640; 64; 64; 16; 4; 0],0.03025401575723663,0.6044061863536389,tvm
60,30,5,640,160,32,160,16,2,1,[60; 30; 5; 640; 160; 32; 160; 16; 2; 1],0.031667351780924946,0.5774311161923182,tvm
60,60,10,128,32,32,40,5,2,1,[60; 60; 10; 128; 32; 32; 40; 5; 2; 1],0.027990032744128257,0.6532937797134325,tvm
60,60,4,128,128,64,64,8,4,0,[60; 60; 4; 128; 128; 64; 64; 8; 4; 0],0.026472339523024857,0.6907479510758735,tvm
1500,150,5,320,320,64,160,4,4,0,[1500; 150; 5; 320; 320; 64; 160; 4; 4; 0],0.024524854379706085,0.7455993011255315,tvm
500,50,10,512,32,32,64,1,2,1,[500; 50; 10; 512; 32; 32; 64; 1; 2; 1],0.031641151232179254,0.5779092597338114,tvm
60,60,12,160,160,32,128,16,2,1,[60; 60; 12; 160; 160; 32; 128; 16; 2; 1],0.029719100217334926,0.6152849228944142,tvm
60,60,4,160,160,80,80,4,5,1,[60; 60; 4; 160; 160; 80; 80; 4; 5; 1],0.024756356608122587,0.7386270352768599,tvm
1500,100,4,160,160,80,160,4,5,1,[1500; 100; 4; 160; 160; 80; 160; 4; 5; 1],0.023048131610266864,0.7933707857503234,tvm
500,125,5,128,128,64,128,8,4,1,[500; 125; 5; 128; 128; 64; 128; 8; 4; 1],0.023149083484895527,0.7899109395689672,tvm
1500,300,5,640,80,80,160,4,5,1,[1500; 300; 5; 640; 80; 80; 160; 4; 5; 1],0.02180063838022761,0.8387696711807654,tvm
1500,50,5,1024,32,32,20,20,2,1,[1500; 50; 5; 1024; 32; 32; 20; 20; 2; 1],0.04435934353386983,0.41221787404839605,tvm
150,75,3,1024,1024,32,256,1,2,1,[150; 75; 3; 1024; 1024; 32; 256; 1; 2; 1],0.05447474541142583,0.33567323991346165,tvm
1500,60,2,128,64,64,20,5,4,0,[1500; 60; 2; 128; 64; 64; 20; 5; 4; 0],0.053276638966053724,0.34322199449115764,tvm
750,150,2,64,64,16,40,8,1,1,[750; 150; 2; 64; 64; 16; 40; 8; 1; 1],0.07895175192970783,0.2316061878144818,tvm
750,150,3,160,32,32,40,20,2,0,[750; 150; 3; 160; 32; 32; 40; 20; 2; 0],0.042845968273468316,0.42677794486995935,tvm
500,100,2,640,128,32,80,1,2,0,[500; 100; 2; 640; 128; 32; 80; 1; 2; 0],0.048603449016809464,0.3762225655917996,tvm
150,150,5,512,128,16,160,5,1,0,[150; 150; 5; 512; 128; 16; 160; 5; 1; 0],0.04080344672547653,0.4481414133648959,tvm
75,75,3,512,64,64,8,2,4,0,[75; 75; 3; 512; 64; 64; 8; 2; 4; 0],0.04369715723441914,0.4184646197375763,tvm
15,15,5,640,80,80,16,8,5,1,[15; 15; 5; 640; 80; 80; 16; 8; 5; 1],0.04639632429461926,0.3941198912568801,tvm
1500,300,5,256,64,16,128,8,1,0,[1500; 300; 5; 256; 64; 16; 128; 8; 1; 0],0.04823399422457442,0.3791042931376813,tvm
150,30,2,1024,1024,64,64,4,4,1,[150; 30; 2; 1024; 1024; 64; 64; 4; 4; 1],0.044142219761852175,0.41424546351239117,tvm
1500,500,2,64,64,32,160,10,2,1,[1500; 500; 2; 64; 64; 32; 160; 10; 2; 1],0.04703074024291709,0.38880345474613587,tvm
1500,100,5,640,128,16,64,1,1,0,[1500; 100; 5; 640; 128; 16; 64; 1; 1; 0],0.038741603726521134,0.47199167114490237,tvm
75,15,5,320,320,80,10,1,5,1,[75; 15; 5; 320; 320; 80; 10; 1; 5; 1],0.03671274275984615,0.4980754068234295,tvm
12,12,12,320,64,32,80,20,2,1,[12; 12; 12; 320; 64; 32; 80; 20; 2; 1],0.05851611541584134,0.31249022864501397,tvm
1500,75,5,160,32,32,10,5,2,1,[1500; 75; 5; 160; 32; 32; 10; 5; 2; 1],0.028616819239687175,0.6389848617541247,tvm
300,150,3,128,64,16,10,5,1,1,[300; 150; 3; 128; 64; 16; 10; 5; 1; 1],0.04020851000677794,0.4547722430558075,tvm
300,20,2,640,80,80,80,40,5,1,[300; 20; 2; 640; 80; 80; 80; 40; 5; 1],0.04544225026620552,0.4023945596574693,tvm
125,25,5,320,320,80,256,4,5,0,[125; 25; 5; 320; 320; 80; 256; 4; 5; 0],0.04021277750143781,0.45472398132808606,tvm
250,25,5,640,64,64,32,32,4,0,[250; 25; 5; 640; 64; 64; 32; 32; 4; 0],0.03544584399787709,0.5158775253541558,tvm
300,20,4,1024,128,32,160,16,2,1,[300; 20; 4; 1024; 128; 32; 160; 16; 2; 1],0.04904805053956807,0.3728122541988254,tvm
60,20,2,640,128,128,80,8,8,1,[60; 20; 2; 640; 128; 128; 80; 8; 8; 1],0.04302340396679938,0.42501784144799754,tvm
60,60,6,320,160,32,16,8,2,0,[60; 60; 6; 320; 160; 32; 16; 8; 2; 0],0.03416747075971216,0.535179042496628,tvm
1500,500,2,128,64,64,128,4,4,0,[1500; 500; 2; 128; 64; 64; 128; 4; 4; 0],0.03905960649717599,0.4681489632271729,tvm
150,15,3,640,80,80,128,2,5,0,[150; 15; 3; 640; 80; 80; 128; 2; 5; 0],0.043398888024967164,0.4213406176488809,tvm
300,300,5,512,512,16,128,1,1,1,[300; 300; 5; 512; 512; 16; 128; 1; 1; 1],0.04001650575082749,0.45695429779838187,tvm
750,15,5,640,320,64,128,1,4,0,[750; 15; 5; 640; 320; 64; 128; 1; 4; 0],0.036433706525713205,0.5018900361622303,tvm
300,60,3,640,128,32,32,4,2,1,[300; 60; 3; 640; 128; 32; 32; 4; 2; 1],0.036543428257573396,0.5003831101129569,tvm
250,50,2,512,256,64,128,16,4,1,[250; 50; 2; 512; 256; 64; 128; 16; 4; 1],0.04118511325214058,0.4439884424686848,tvm
300,300,20,640,160,16,8,8,1,1,[300; 300; 20; 640; 160; 16; 8; 8; 1; 1],0.0406823082594201,0.4494758303563117,tvm
250,50,2,1024,128,128,128,2,8,1,[250; 50; 2; 1024; 128; 128; 128; 2; 8; 1],0.037970405945088714,0.4815780561355693,tvm
50,50,2,640,80,80,80,16,5,0,[50; 50; 2; 640; 80; 80; 80; 16; 5; 0],0.03880284872138873,0.4712466967827267,tvm
1500,750,30,640,640,16,40,1,1,1,[1500; 750; 30; 640; 640; 16; 40; 1; 1; 1],0.03452034149086103,0.5297083834050506,tvm
300,150,2,512,512,64,32,32,4,1,[300; 150; 2; 512; 512; 64; 32; 32; 4; 1],0.04391141701489687,0.41642277860245075,tvm
750,750,2,160,160,80,128,64,5,0,[750; 750; 2; 160; 160; 80; 128; 64; 5; 0],0.03697647724766284,0.4945228871652468,tvm
500,500,2,320,64,64,64,4,4,1,[500; 500; 2; 320; 64; 64; 64; 4; 4; 1],0.03638650249922648,0.5025411355791344,tvm
500,100,4,320,64,64,20,5,4,0,[500; 100; 4; 320; 64; 64; 20; 5; 4; 0],0.036866736540105194,0.4959949266413184,tvm
300,20,5,320,320,32,80,2,2,0,[300; 20; 5; 320; 320; 32; 80; 2; 2; 0],0.03404474497074261,0.5371082762237952,tvm
100,100,25,320,64,16,20,4,1,1,[100; 100; 25; 320; 64; 16; 20; 4; 1; 1],0.032628388493321836,0.5604234573048831,tvm
750,25,5,32,32,32,64,64,2,0,[750; 25; 5; 32; 32; 32; 64; 64; 2; 0],0.03592736698919907,0.5089633841303084,tvm
375,375,3,128,64,32,80,4,2,1,[375; 375; 3; 128; 64; 32; 80; 4; 2; 1],0.03375926776789129,0.5416502043656877,tvm
750,750,6,1024,128,64,128,2,4,0,[750; 750; 6; 1024; 128; 64; 128; 2; 4; 0],0.039087466488126665,0.46781528527229604,tvm
750,75,3,512,128,64,20,5,4,1,[750; 75; 3; 512; 128; 64; 20; 5; 4; 1],0.03940740349935368,0.46401723183853494,tvm
60,60,5,640,128,64,8,4,4,1,[60; 60; 5; 640; 128; 64; 8; 4; 4; 1],0.030921665718778968,0.59135605604226,tvm
300,60,12,320,64,32,16,1,2,1,[300; 60; 12; 320; 64; 32; 16; 1; 2; 1],0.030254402256105095,0.60439846508699,tvm
1500,500,4,256,64,32,40,8,2,0,[1500; 500; 4; 256; 64; 32; 40; 8; 2; 0],0.04560518724611029,0.40095689525480227,tvm
125,125,5,128,128,64,20,5,4,0,[125; 125; 5; 128; 128; 64; 20; 5; 4; 0],0.02909878548234701,0.6284012883220658,tvm
750,150,10,64,64,32,16,1,2,1,[750; 150; 10; 64; 64; 32; 16; 1; 2; 1],0.03005666221724823,0.6083747474535246,tvm
60,30,5,1024,1024,32,64,8,2,0,[60; 30; 5; 1024; 1024; 32; 64; 8; 2; 0],0.03411372477421537,0.5360222141305256,tvm
150,50,5,1024,64,32,160,32,2,1,[150; 50; 5; 1024; 64; 32; 160; 32; 2; 1],0.03340092720463872,0.5474612777568273,tvm
1500,60,12,512,256,32,32,32,2,1,[1500; 60; 12; 512; 256; 32; 32; 32; 2; 1],0.05106607300695032,0.3580795077629235,tvm
100,100,10,512,256,32,128,4,2,0,[100; 100; 10; 512; 256; 32; 128; 4; 2; 0],0.029266715981066227,0.624795562903061,tvm
60,30,5,512,128,64,160,20,4,1,[60; 30; 5; 512; 128; 64; 160; 20; 4; 1],0.02858231874415651,0.639756153074624,tvm
300,150,10,128,128,32,128,4,2,0,[300; 150; 10; 128; 128; 32; 128; 4; 2; 0],0.028169344528578222,0.6491352422901838,tvm
1500,100,4,320,320,80,64,4,5,0,[1500; 100; 4; 320; 320; 80; 64; 4; 5; 0],0.025988495268393308,0.7036080425923316,tvm
500,500,10,320,64,32,64,32,2,1,[500; 500; 10; 320; 64; 32; 64; 32; 2; 1],0.027230101986788213,0.6715257362820874,tvm
1500,500,10,512,32,32,80,2,2,1,[1500; 500; 10; 512; 32; 32; 80; 2; 2; 1],0.04102171550039202,0.44575693782332293,tvm
750,750,6,256,64,64,32,2,4,1,[750; 750; 6; 256; 64; 64; 32; 2; 4; 1],0.02563789044506848,0.7132300656675751,tvm
1500,1500,6,160,160,32,40,8,2,1,[1500; 1500; 6; 160; 160; 32; 40; 8; 2; 1],0.027956764271948487,0.6540711975048548,tvm
750,50,5,64,64,64,40,2,4,1,[750; 50; 5; 64; 64; 64; 40; 2; 4; 1],0.0266698207706213,0.685633189775962,tvm
1500,1500,5,640,640,80,32,16,5,1,[1500; 1500; 5; 640; 640; 80; 32; 16; 5; 1],0.028557763202115893,0.6403062507486394,tvm
300,300,5,320,320,64,64,64,4,1,[300; 300; 5; 320; 320; 64; 64; 64; 4; 1],0.027951484255027026,0.6541947511222282,tvm
500,500,10,320,160,32,160,10,2,1,[500; 500; 10; 320; 160; 32; 160; 10; 2; 1],0.02233906660694629,0.8185531923714476,tvm
100,100,4,640,64,64,128,4,4,1,[100; 100; 4; 640; 64; 64; 128; 4; 4; 1],0.023969251255039126,0.7628821647847689,tvm
30,30,3,128,128,64,20,4,4,0,[30; 30; 3; 128; 128; 64; 20; 4; 4; 0],0.041080790280830115,0.4451159327927318,tvm
300,50,5,512,256,16,40,1,1,0,[300; 50; 5; 512; 256; 16; 40; 1; 1; 0],0.044351378513965756,0.4122919038459271,tvm
1500,1500,6,256,128,16,160,32,1,1,[1500; 1500; 6; 256; 128; 16; 160; 32; 1; 1],0.03908337373286486,0.46786427422303095,tvm
300,50,2,640,160,160,20,10,10,0,[300; 50; 2; 640; 160; 160; 20; 10; 10; 0],0.04633621301036328,0.3946311771664338,tvm
75,75,5,80,80,16,160,2,1,0,[75; 75; 5; 80; 80; 16; 160; 2; 1; 0],0.04156477272044867,0.43993297903246426,tvm
750,750,2,320,64,64,256,2,4,0,[750; 750; 2; 320; 64; 64; 256; 2; 4; 0],0.04582803673110902,0.399007149117116,tvm
300,30,3,64,64,32,64,2,2,1,[300; 30; 3; 64; 64; 32; 64; 2; 2; 1],0.03953346097841859,0.46253765375352546,tvm
60,60,3,256,128,32,40,2,2,0,[60; 60; 3; 256; 128; 32; 40; 2; 2; 0],0.037226797197945416,0.4911976227362233,tvm
1500,30,3,256,64,64,80,8,4,0,[1500; 30; 3; 256; 64; 64; 80; 8; 4; 0],0.046207137987948954,0.39573353992370813,tvm
1500,300,10,1024,256,32,40,4,2,1,[1500; 300; 10; 1024; 256; 32; 40; 4; 2; 1],0.03770299628376961,0.48499366331757365,tvm
1500,750,30,640,128,16,40,4,1,0,[1500; 750; 30; 640; 128; 16; 40; 4; 1; 0],0.03763339848956093,0.4858905923892718,tvm
1500,150,3,640,128,32,160,1,2,0,[1500; 150; 3; 640; 128; 32; 160; 1; 2; 0],0.03590383374830708,0.5092969852161396,tvm
300,75,3,640,160,32,32,16,2,0,[300; 75; 3; 640; 160; 32; 32; 16; 2; 0],0.03812054102309048,0.4796813947272735,tvm
750,30,2,640,320,80,160,4,5,0,[750; 30; 2; 640; 320; 80; 160; 4; 5; 0],0.0376813942566514,0.4852717009664936,tvm
750,75,5,320,80,16,160,4,1,1,[750; 75; 5; 320; 80; 16; 160; 4; 1; 1],0.03788998775416985,0.48260016351422325,tvm
1500,50,5,640,320,64,16,1,4,1,[1500; 50; 5; 640; 320; 64; 16; 1; 4; 1],0.029929193784482777,0.6109658154305105,tvm
75,15,5,512,32,32,40,40,2,1,[75; 15; 5; 512; 32; 32; 40; 40; 2; 1],0.03640450001694262,0.5022926912113649,tvm
1500,30,6,320,32,32,10,2,2,1,[1500; 30; 6; 320; 32; 32; 10; 2; 2; 1],0.033278562244959176,0.5494742877145808,tvm
1500,60,10,256,128,16,64,2,1,0,[1500; 60; 10; 256; 128; 16; 64; 2; 1; 0],0.04140440950868651,0.44163688125724876,tvm
60,15,5,512,512,32,80,40,2,1,[60; 15; 5; 512; 512; 32; 80; 40; 2; 1],0.03488167520845309,0.5242212186323838,tvm
750,75,3,128,64,32,128,32,2,1,[750; 75; 3; 128; 64; 32; 128; 32; 2; 1],0.034398002782836556,0.5315923253206504,tvm
1500,25,5,128,64,64,256,1,4,1,[1500; 25; 5; 128; 64; 64; 256; 1; 4; 1],0.03715885226847604,0.4920957771676682,tvm
150,30,2,128,128,128,160,10,8,1,[150; 30; 2; 128; 128; 128; 160; 10; 8; 1],0.037182225205469877,0.49178644324450693,tvm
60,20,4,256,128,32,160,4,2,1,[60; 20; 4; 256; 128; 32; 160; 4; 2; 1],0.03616669576149434,0.505595379967848,tvm
500,500,2,256,128,128,80,20,8,0,[500; 500; 2; 256; 128; 128; 80; 20; 8; 0],0.039629373233765364,0.4614182055782385,tvm
375,75,5,320,64,32,5,5,2,1,[375; 75; 5; 320; 64; 32; 5; 5; 2; 1],0.034929390996694565,0.5235050988276521,tvm
1500,150,15,512,256,16,160,2,1,1,[1500; 150; 15; 512; 256; 16; 160; 2; 1; 1],0.046696600737050176,0.3915855543464853,tvm
750,750,2,256,256,64,160,32,4,1,[750; 750; 2; 256; 256; 64; 160; 32; 4; 1],0.03401641797972843,0.5375555502819662,tvm
1500,300,3,80,80,80,40,4,5,0,[1500; 300; 3; 80; 80; 80; 40; 4; 5; 0],0.03786677250172943,0.4828960346403738,tvm
1500,150,10,640,64,16,40,8,1,1,[1500; 150; 10; 640; 64; 16; 40; 8; 1; 1],0.03101767401676625,0.5895256451476714,tvm
1500,100,20,256,64,16,128,8,1,1,[1500; 100; 20; 256; 64; 16; 128; 8; 1; 1],0.03957991924835369,0.461994734526268,tvm
75,75,3,512,128,64,256,32,4,0,[75; 75; 3; 512; 128; 64; 256; 32; 4; 0],0.03966816276079044,0.4609670076222588,tvm
300,60,12,640,320,16,80,1,1,1,[300; 60; 12; 640; 320; 16; 80; 1; 1; 1],0.03333570424001664,0.5485324129965091,tvm
300,30,10,256,64,32,16,8,2,1,[300; 30; 10; 256; 64; 32; 16; 8; 2; 1],0.03331393824191764,0.5488908021899999,tvm
300,100,2,320,320,160,64,8,10,0,[300; 100; 2; 320; 320; 160; 64; 8; 10; 0],0.03403605701168999,0.5372453771432424,tvm
1500,1500,4,128,128,32,40,2,2,0,[1500; 1500; 4; 128; 128; 32; 40; 2; 2; 0],0.036274975223932415,0.5040861964159327,tvm
300,60,12,256,32,32,128,64,2,0,[300; 60; 12; 256; 32; 32; 128; 64; 2; 0],0.04009323625359684,0.4560797778970472,tvm
300,300,4,1024,1024,32,128,64,2,0,[300; 300; 4; 1024; 1024; 32; 128; 64; 2; 0],0.03914985270239413,0.46706981057418034,tvm
1500,1500,3,160,80,80,160,1,5,1,[1500; 1500; 3; 160; 80; 80; 160; 1; 5; 1],0.02630171598866582,0.6952289460350852,tvm
250,50,5,256,128,64,16,1,4,1,[250; 50; 5; 256; 128; 64; 16; 1; 4; 1],0.02900325652444735,0.6304710738361721,tvm
150,75,3,64,64,64,128,16,4,1,[150; 75; 3; 64; 64; 64; 128; 16; 4; 1],0.028065153281204402,0.651545142208807,tvm
60,60,10,640,64,32,40,40,2,1,[60; 60; 10; 640; 64; 32; 40; 40; 2; 1],0.037766112480312586,0.48418312303779215,tvm
500,100,4,256,256,32,20,5,2,1,[500; 100; 4; 256; 256; 32; 20; 5; 2; 1],0.033897871035151184,0.5394354786102199,tvm
750,250,5,512,128,32,20,2,2,1,[750; 250; 5; 512; 128; 32; 20; 2; 2; 1],0.034925015235785395,0.5235706888676773,tvm
300,50,10,256,32,32,160,1,2,0,[300; 50; 10; 256; 32; 32; 160; 1; 2; 0],0.033542257733643055,0.5451545459736189,tvm
500,25,5,256,256,64,160,8,4,0,[500; 25; 5; 256; 256; 64; 160; 8; 4; 0],0.03258047625422478,0.561247605560804,tvm
750,150,5,128,128,32,128,16,2,0,[750; 150; 5; 128; 128; 32; 128; 16; 2; 0],0.027295536478050053,0.6699159146558231,tvm
300,150,10,640,128,32,32,32,2,1,[300; 150; 10; 640; 128; 32; 32; 32; 2; 1],0.03210716927424073,0.5695212221771521,tvm
100,50,5,320,64,64,20,5,4,1,[100; 50; 5; 320; 64; 64; 20; 5; 4; 1],0.032311234797816724,0.5659243418004519,tvm
1500,50,5,128,32,32,64,1,2,1,[1500; 50; 5; 128; 32; 32; 64; 1; 2; 1],0.03111979051027447,0.5875911754507827,tvm
150,50,5,320,160,80,20,10,5,1,[150; 50; 5; 320; 160; 80; 20; 10; 5; 1],0.028290667512919754,0.6463514612146775,tvm
25,25,5,160,160,80,80,8,5,1,[25; 25; 5; 160; 160; 80; 80; 8; 5; 1],0.026903632271569222,0.6796745547640407,tvm
50,25,5,64,64,64,64,2,4,1,[50; 25; 5; 64; 64; 64; 64; 2; 4; 1],0.029887167969718575,0.6118249244706363,tvm
750,150,6,640,64,64,64,2,4,0,[750; 150; 6; 640; 64; 64; 64; 2; 4; 0],0.02717409102478996,0.6729098783481986,tvm
300,75,5,640,640,32,128,64,2,1,[300; 75; 5; 640; 640; 32; 128; 64; 2; 1],0.02849705354310572,0.6416703487627107,tvm
1500,500,10,640,64,32,40,5,2,1,[1500; 500; 10; 640; 64; 32; 40; 5; 2; 1],0.024767135124420747,0.7383055889933879,tvm
1500,75,5,64,64,64,64,4,4,0,[1500; 75; 5; 64; 64; 64; 64; 4; 4; 0],0.027917856466956437,0.6549827458049027,tvm
500,500,10,320,64,32,64,32,2,1,[500; 500; 10; 320; 64; 32; 64; 32; 2; 1],0.027121212508063763,0.6742218579009888,tvm
50,50,10,320,320,32,64,1,2,1,[50; 50; 10; 320; 320; 32; 64; 1; 2; 1],0.027844882977660745,0.6566992686011451,tvm
300,100,5,640,128,32,32,8,2,1,[300; 100; 5; 640; 128; 32; 32; 8; 2; 1],0.027645800495520234,0.661428280533144,tvm
1500,50,5,256,128,64,160,10,4,1,[1500; 50; 5; 256; 128; 64; 160; 10; 4; 1],0.02933061821386218,0.6234343290136356,tvm
125,125,5,640,320,64,40,2,4,1,[125; 125; 5; 640; 320; 64; 40; 2; 4; 1],0.02440527963335626,0.7492523978591104,tvm
375,375,5,640,320,32,160,5,2,1,[375; 375; 5; 640; 320; 32; 160; 5; 2; 1],0.023729917884338647,0.7705763827266573,tvm
1500,150,6,640,640,64,160,5,4,1,[1500; 150; 6; 640; 640; 64; 160; 5; 4; 1],0.021922679123235866,0.8341003479968487,tvm
