i1,i2,i3,j1,j2,j3,k1,ku,nvr,pack_c,X,time,peak,backend
60,2,2,1024,64,16,160,4,1,1,[60; 2; 2; 1024; 64; 16; 160; 4; 1; 1],0.12002454209141433,0.15234979419281877,tvm
60,60,1,2560,128,32,320,1,2,0,[60; 60; 1; 2560; 128; 32; 320; 1; 2; 0],0.17222648416645825,0.10617248778092109,tvm
750,30,2,256,16,16,320,1,1,1,[750; 30; 2; 256; 16; 16; 320; 1; 1; 1],0.10753939393907785,0.1700373566925003,tvm
1500,100,4,640,16,16,1280,10,1,1,[1500; 100; 4; 640; 16; 16; 1280; 10; 1; 1],0.08063474844675511,0.22677213779353134,tvm
750,1,1,2560,640,128,1280,10,8,1,[750; 1; 1; 2560; 640; 128; 1280; 10; 8; 1],0.39202394196763635,0.046644381447559315,tvm
250,125,1,640,128,32,320,1,2,1,[250; 125; 1; 640; 128; 32; 320; 1; 2; 1],0.15599748818203807,0.11721800458976717,tvm
6,2,1,1280,640,128,256,16,8,1,[6; 2; 1; 1280; 640; 128; 256; 16; 8; 1],0.15502354502677917,0.1179544325512332,tvm
300,30,3,1280,160,80,1280,2,5,1,[300; 30; 3; 1280; 160; 80; 1280; 2; 5; 1],0.08492156595457345,0.21532474207430122,tvm
60,20,10,2560,160,16,320,4,1,0,[60; 20; 10; 2560; 160; 16; 320; 4; 1; 0],0.062556964578107,0.29230501206437565,tvm
300,12,6,2560,16,16,16,1,1,0,[300; 12; 6; 2560; 16; 16; 16; 1; 1; 0],0.07581524353008717,0.24118783287239098,tvm
30,6,6,1280,640,64,80,20,4,0,[30; 6; 6; 1280; 640; 64; 80; 20; 4; 0],0.04462580825202167,0.40975648401585857,tvm
1500,300,6,320,160,16,64,16,1,0,[1500; 300; 6; 320; 160; 16; 64; 16; 1; 0],0.038506279001012444,0.4748761698120325,tvm
30,30,30,512,64,16,10,1,1,1,[30; 30; 30; 512; 64; 16; 10; 1; 1; 1],0.050471344497054815,0.36229893354200865,tvm
375,15,1,320,80,16,32,16,1,0,[375; 15; 1; 320; 80; 16; 32; 16; 1; 0],0.13007114687934518,0.14058240220389717,tvm
750,25,5,640,16,16,640,64,1,1,[750; 25; 5; 640; 16; 16; 640; 64; 1; 1],0.060608414467424154,0.30170256797498807,tvm
1500,750,3,5120,16,16,128,32,1,1,[1500; 750; 3; 5120; 16; 16; 128; 32; 1; 1],0.4738749349489808,0.03858763765946599,tvm
300,6,3,5120,512,64,5,5,4,0,[300; 6; 3; 5120; 512; 64; 5; 5; 4; 0],0.08725244842935354,0.2095725061574615,tvm
30,3,1,512,256,16,16,16,1,0,[30; 3; 1; 512; 256; 16; 16; 16; 1; 0],0.12098850891925395,0.151135958687762,tvm
500,2,2,2560,640,64,160,5,4,1,[500; 2; 2; 2560; 640; 64; 160; 5; 4; 1],0.13570149708539248,0.13474953982421942,tvm
250,2,1,5120,256,64,256,8,4,0,[250; 2; 1; 5120; 256; 64; 256; 8; 4; 0],0.19989794702269137,0.09147524803563184,tvm
150,15,5,1024,256,64,640,5,4,0,[150; 15; 5; 1024; 256; 64; 640; 5; 4; 0],0.055042515974491835,0.3322107276889082,tvm
4,2,1,32,32,32,256,8,2,1,[4; 2; 1; 32; 32; 32; 256; 8; 2; 1],0.15857496811077,0.11531274137126798,tvm
750,30,10,1024,32,16,1280,1,1,1,[750; 30; 10; 1024; 32; 16; 1280; 1; 1; 1],0.08452210598625243,0.21634238844792236,tvm
250,250,1,2560,256,128,80,20,8,1,[250; 250; 1; 2560; 256; 128; 80; 20; 8; 1],0.07609674253035337,0.2402956247229703,tvm
6,2,1,640,640,64,64,2,4,0,[6; 2; 1; 640; 640; 64; 64; 2; 4; 0],0.13664470403455198,0.13381941448012916,tvm
150,10,2,512,256,16,640,20,1,0,[150; 10; 2; 512; 256; 16; 640; 20; 1; 0],0.13376951101236045,0.13669568010923405,tvm
500,250,2,1280,160,80,20,1,5,0,[500; 250; 2; 1280; 160; 80; 20; 1; 5; 0],0.0685806394321844,0.2666308514634953,tvm
1500,2,2,64,32,16,1280,8,1,1,[1500; 2; 2; 64; 32; 16; 1280; 8; 1; 1],0.1889495679643005,0.09677563427490413,tvm
150,6,1,2560,320,64,32,32,4,0,[150; 6; 1; 2560; 320; 64; 32; 32; 4; 0],0.11245154915377498,0.16260971434647808,tvm
1500,375,1,5120,640,80,40,8,5,1,[1500; 375; 1; 5120; 640; 80; 40; 8; 5; 1],0.4995871640276164,0.03660164952657487,tvm
10,5,5,2560,16,16,320,20,1,1,[10; 5; 5; 2560; 16; 16; 320; 20; 1; 1],0.056795230018906295,0.3219586271527951,tvm
300,10,1,2560,320,64,32,1,4,1,[300; 10; 1; 2560; 320; 64; 32; 1; 4; 1],0.13445164891891181,0.13600215715273567,tvm
500,250,2,1280,320,160,640,5,10,0,[500; 250; 2; 1280; 320; 160; 640; 5; 10; 0],0.13581321784295142,0.13463869405449994,tvm
500,5,1,1024,128,16,16,1,1,1,[500; 5; 1; 1024; 128; 16; 16; 1; 1; 1],0.09374517307151109,0.1950576620277345,tvm
75,3,3,512,128,16,320,5,1,1,[75; 3; 3; 512; 128; 16; 320; 5; 1; 1],0.07755266549065709,0.23578447201040692,tvm
60,20,10,512,128,16,640,8,1,1,[60; 20; 10; 512; 128; 16; 640; 8; 1; 1],0.05331040604505688,0.34300459595561084,tvm
20,5,5,5120,512,32,640,64,2,1,[20; 5; 5; 5120; 512; 32; 640; 64; 2; 1],0.05127501394599676,0.3566203668900596,tvm
10,2,1,5120,1024,32,640,64,2,1,[10; 2; 1; 5120; 1024; 32; 640; 64; 2; 1],0.20549931400455534,0.08898187506995252,tvm
150,2,1,160,32,16,64,16,1,0,[150; 2; 1; 160; 32; 16; 64; 16; 1; 0],0.2077659519854933,0.08801112073931651,tvm
20,4,2,5120,128,128,256,32,8,1,[20; 4; 2; 5120; 128; 128; 256; 32; 8; 1],0.08637154591269791,0.21170993401226149,tvm
300,100,10,512,64,32,256,2,2,1,[300; 100; 10; 512; 64; 32; 256; 2; 2; 1],0.03754717198899016,0.4870064326302964,tvm
750,750,2,5120,2560,160,64,32,10,0,[750; 750; 2; 5120; 2560; 160; 64; 32; 10; 0],0.13484509103000164,0.13560533903044275,tvm
300,300,4,5120,1280,32,16,1,2,0,[300; 300; 4; 5120; 1280; 32; 16; 1; 2; 0],0.06280767801217735,0.2911381994120049,tvm
30,10,1,5120,128,32,1280,32,2,0,[30; 10; 1; 5120; 128; 32; 1280; 32; 2; 0],0.22917226585559547,0.07979025829083683,tvm
300,25,5,5120,128,32,320,1,2,0,[300; 25; 5; 5120; 128; 32; 320; 1; 2; 0],0.08161258045583963,0.22405509277590654,tvm
300,60,3,64,64,32,32,4,2,0,[300; 60; 3; 64; 64; 32; 32; 4; 2; 0],0.04426501702982932,0.413096289410482,tvm
500,20,4,64,32,16,40,1,1,1,[500; 20; 4; 64; 32; 16; 40; 1; 1; 1],0.0537968814605847,0.3399028677733236,tvm
60,30,10,1280,256,16,32,4,1,1,[60; 30; 10; 1280; 256; 16; 32; 4; 1; 1],0.040879526000935584,0.447307395034272,tvm
75,3,3,512,128,16,320,5,1,1,[75; 3; 3; 512; 128; 16; 320; 5; 1; 1],0.07715583243407309,0.23699717453426192,tvm
1500,750,5,64,64,64,160,32,4,0,[1500; 750; 5; 64; 64; 64; 160; 32; 4; 0],0.025058185739908367,0.7297301758200294,tvm
150,75,5,5120,5120,32,128,2,2,1,[150; 75; 5; 5120; 5120; 32; 128; 2; 2; 1],0.0813387124799192,0.22480948773597373,tvm
4,1,1,5120,128,16,640,4,1,1,[4; 1; 1; 5120; 128; 16; 640; 4; 1; 1],0.5441724841948599,0.03360279105763542,tvm
1500,750,1,256,128,32,20,1,2,0,[1500; 750; 1; 256; 128; 32; 20; 1; 2; 0],0.10454345890320837,0.17491017111500134,tvm
300,60,2,512,512,128,2,2,8,1,[300; 60; 2; 512; 512; 128; 2; 2; 8; 1],0.0738328464794904,0.2476636775854737,tvm
1500,20,10,320,320,16,320,5,1,1,[1500; 20; 10; 320; 320; 16; 320; 5; 1; 1],0.052749352529644966,0.3466528669795098,tvm
1500,250,2,640,128,32,160,40,2,0,[1500; 250; 2; 640; 128; 32; 160; 40; 2; 0],0.04842153954086825,0.37763595414559187,tvm
60,15,5,2560,2560,80,20,10,5,1,[60; 15; 5; 2560; 2560; 80; 20; 10; 5; 1],0.03422375145601109,0.5342989446734826,tvm
1500,10,2,1280,64,16,32,32,1,1,[1500; 10; 2; 1280; 64; 16; 32; 32; 1; 1],0.1934478220064193,0.09452530452944309,tvm
60,60,3,160,16,16,256,16,1,1,[60; 60; 3; 160; 16; 16; 256; 16; 1; 1],0.06338655448053032,0.2884793855032914,tvm
375,75,1,1280,1280,80,64,32,5,1,[375; 75; 1; 1280; 1280; 80; 64; 32; 5; 1],0.06126220803707838,0.298482781989298,tvm
60,12,1,320,32,32,1280,20,2,1,[60; 12; 1; 320; 32; 32; 1280; 20; 2; 1],0.2291211460251361,0.07980806050834008,tvm
50,50,25,256,256,16,1280,20,1,0,[50; 50; 25; 256; 256; 16; 1280; 20; 1; 0],0.3047144280280918,0.060009348438297506,tvm
1500,250,10,2560,640,16,640,64,1,1,[1500; 250; 10; 2560; 640; 16; 640; 64; 1; 1],0.20322657097131014,0.0899769857766075,tvm
100,4,4,128,128,16,5,1,1,1,[100; 4; 4; 128; 128; 16; 5; 1; 1; 1],0.06767734349705279,0.27018959877629645,tvm
150,15,15,64,32,16,10,5,1,1,[150; 15; 15; 64; 32; 16; 10; 5; 1; 1],0.05220432591158897,0.35027201225971577,tvm
60,20,20,160,16,16,10,2,1,1,[60; 20; 20; 160; 16; 16; 10; 2; 1; 1],0.049108774052001536,0.37235126794962237,tvm
12,6,6,320,160,16,80,10,1,1,[12; 6; 6; 320; 160; 16; 80; 10; 1; 1],0.05609598208684474,0.32597190753172556,tvm
300,150,5,640,160,80,160,8,5,1,[300; 150; 5; 640; 160; 80; 160; 8; 5; 1],0.022308446641545743,0.8196767161573774,tvm
1500,375,5,1024,512,64,4,4,4,1,[1500; 375; 5; 1024; 512; 64; 4; 4; 4; 1],0.06679269101005048,0.2737681924353487,tvm
1500,50,5,128,16,16,64,32,1,1,[1500; 50; 5; 128; 16; 16; 64; 32; 1; 1],0.044097270525526255,0.4146677122596369,tvm
30,10,5,16,16,16,80,10,1,1,[30; 10; 5; 16; 16; 16; 80; 10; 1; 1],0.04929389030439779,0.37095295528101,tvm
1500,60,6,1024,512,64,20,5,4,1,[1500; 60; 6; 1024; 512; 64; 20; 5; 4; 1],0.042121924459934235,0.4341139328310461,tvm
150,50,5,320,160,32,5,1,2,0,[150; 50; 5; 320; 160; 32; 5; 1; 2; 0],0.06992730009369552,0.26149607179475365,tvm
500,100,5,1280,640,80,80,20,5,0,[500; 100; 5; 1280; 640; 80; 80; 20; 5; 0],0.032491024292539805,0.562792792282416,tvm
300,15,5,160,32,16,80,5,1,0,[300; 15; 5; 160; 32; 16; 80; 5; 1; 0],0.05131265404634178,0.3563587700842757,tvm
100,5,5,640,160,80,32,8,5,0,[100; 5; 5; 640; 160; 80; 32; 8; 5; 0],0.052613951498642564,0.34754497172078125,tvm
25,25,25,320,160,16,10,5,1,0,[25; 25; 25; 320; 160; 16; 10; 5; 1; 0],0.05529453803319484,0.3306965739497971,tvm
30,15,5,1024,64,32,160,10,2,1,[30; 15; 5; 1024; 64; 32; 160; 10; 2; 1],0.036224034265615046,0.5047950802948429,tvm
300,25,5,128,128,32,16,1,2,1,[300; 25; 5; 128; 128; 32; 16; 1; 2; 1],0.03578077198471874,0.511048623923591,tvm
1500,500,5,1280,320,32,80,10,2,1,[1500; 500; 5; 1280; 320; 32; 80; 10; 2; 1],0.04894653527298942,0.37358546797499365,tvm
250,25,5,64,64,16,16,4,1,0,[250; 25; 5; 64; 64; 16; 16; 4; 1; 0],0.07263297750614583,0.2517549866954999,tvm
150,75,5,1024,64,64,16,4,4,0,[150; 75; 5; 1024; 64; 64; 16; 4; 4; 0],0.043839794234372675,0.4171031047261928,tvm
1500,30,10,128,64,16,32,16,1,1,[1500; 30; 10; 128; 64; 16; 32; 16; 1; 1],0.0375158604583703,0.48741289849942643,tvm
750,250,10,256,16,16,32,32,1,1,[750; 250; 10; 256; 16; 16; 32; 32; 1; 1],0.03662111924495548,0.49932155714309917,tvm
150,10,5,512,512,64,40,10,4,1,[150; 10; 5; 512; 512; 64; 40; 10; 4; 1],0.03673606924712658,0.49775914136879407,tvm
1500,750,15,256,128,16,8,4,1,0,[1500; 750; 15; 256; 128; 16; 8; 4; 1; 0],0.10604496183805168,0.1724335976813271,tvm
60,60,5,512,64,16,32,4,1,0,[60; 60; 5; 512; 64; 16; 32; 4; 1; 0],0.04088210774352774,0.4472791471621028,tvm
500,20,5,640,32,32,16,4,2,0,[500; 20; 5; 640; 32; 32; 16; 4; 2; 0],0.04605224076658487,0.39706459406384087,tvm
500,20,10,320,64,16,64,4,1,0,[500; 20; 10; 320; 64; 16; 64; 4; 1; 0],0.04255710548022762,0.42967476475132876,tvm
750,75,15,256,32,16,40,5,1,0,[750; 75; 15; 256; 32; 16; 40; 5; 1; 0],0.04014331678627059,0.45551079854886783,tvm
500,100,5,160,160,32,10,1,2,1,[500; 100; 5; 160; 160; 32; 10; 1; 2; 1],0.03383221279364079,0.5404823620981518,tvm
1500,300,10,256,32,16,5,5,1,0,[1500; 300; 10; 256; 32; 16; 5; 5; 1; 0],0.15821821009740233,0.1155727540746241,tvm
300,60,5,64,64,16,40,4,1,0,[300; 60; 5; 64; 64; 16; 40; 4; 1; 0],0.04234138177707791,0.4318639004741576,tvm
30,30,6,1280,1280,32,80,20,2,1,[30; 30; 6; 1280; 1280; 32; 80; 20; 2; 1],0.027867209282703698,0.6561731424274212,tvm
1500,300,15,128,128,16,80,16,1,1,[1500; 300; 15; 128; 128; 16; 80; 16; 1; 1],0.0311208552448079,0.5875710722559598,tvm
60,5,5,320,320,32,32,32,2,0,[60; 5; 5; 320; 320; 32; 32; 32; 2; 0],0.06009884597733617,0.30426065573056094,tvm
1500,60,6,128,64,16,4,4,1,0,[1500; 60; 6; 128; 64; 16; 4; 4; 1; 0],0.08263375353999436,0.22128626018257885,tvm
500,500,20,320,32,16,5,5,1,1,[500; 500; 20; 320; 32; 16; 5; 5; 1; 1],0.06698274647351354,0.27299140821203655,tvm
50,25,5,320,32,16,40,10,1,1,[50; 25; 5; 320; 32; 16; 40; 10; 1; 1],0.04224296298343688,0.43287006862856575,tvm
375,375,5,320,16,16,32,4,1,0,[375; 375; 5; 320; 16; 16; 32; 4; 1; 0],0.05963559146039188,0.3066241792513971,tvm
1500,25,5,320,32,32,20,2,2,0,[1500; 25; 5; 320; 32; 32; 20; 2; 2; 0],0.042871195008046925,0.4265268155525419,tvm
750,75,15,256,64,16,8,8,1,1,[750; 75; 15; 256; 64; 16; 8; 8; 1; 1],0.04784620372811332,0.3821769097841722,tvm
300,100,20,80,80,16,80,40,1,0,[300; 100; 20; 80; 80; 16; 80; 40; 1; 0],0.36965277791023254,0.049467271392059815,tvm
60,30,10,1280,64,32,64,16,2,1,[60; 30; 10; 1280; 64; 32; 64; 16; 2; 1],0.032917422242462635,0.5555026195862379,tvm
125,125,5,32,16,16,80,10,1,0,[125; 125; 5; 32; 16; 16; 80; 10; 1; 0],0.044736764510162175,0.40874020474950973,tvm
750,750,6,640,128,32,5,5,2,1,[750; 750; 6; 640; 128; 32; 5; 5; 2; 1],0.03753760998370126,0.48713048842624507,tvm
300,60,6,160,32,32,5,1,2,1,[300; 60; 6; 160; 32; 32; 5; 1; 2; 1],0.03381859394721687,0.5407000159218366,tvm
1500,750,30,80,16,16,16,8,1,0,[1500; 750; 30; 80; 16; 16; 16; 8; 1; 0],0.10304935788735747,0.1774461739558074,tvm
500,500,5,32,32,32,64,1,2,0,[500; 500; 5; 32; 32; 32; 64; 1; 2; 0],0.037076460488606244,0.4931893186334107,tvm
1500,100,25,64,16,16,20,10,1,0,[1500; 100; 25; 64; 16; 16; 20; 10; 1; 0],0.07831183902453631,0.23349872143833947,tvm
375,75,5,320,64,32,10,2,2,0,[375; 75; 5; 320; 64; 32; 10; 2; 2; 0],0.058274991577491164,0.31378321627724065,tvm
300,30,6,512,64,64,32,2,4,1,[300; 30; 6; 512; 64; 64; 32; 2; 4; 1],0.03642068029148504,0.5020695423415632,tvm
500,50,5,512,256,64,64,4,4,1,[500; 50; 5; 512; 256; 64; 64; 4; 4; 1],0.029311717255041003,0.6238363357087011,tvm
1500,60,10,256,64,32,160,10,2,1,[1500; 60; 10; 256; 64; 32; 160; 10; 2; 1],0.031934122496750206,0.5726073821998755,tvm
750,150,6,128,64,64,2,1,4,0,[750; 150; 6; 128; 64; 64; 2; 1; 4; 0],0.1678111981600523,0.10896599563203183,tvm
150,50,10,512,256,32,64,8,2,0,[150; 50; 10; 512; 256; 32; 64; 8; 2; 0],0.03156693349592388,0.5792679953558192,tvm
150,30,5,512,64,64,64,64,4,1,[150; 30; 5; 512; 64; 64; 64; 64; 4; 1],0.0340662797098048,0.5367687473208698,tvm
750,150,6,256,64,64,64,2,4,0,[750; 150; 6; 256; 64; 64; 64; 2; 4; 0],0.026702508213929832,0.6847938830021677,tvm
1500,30,5,128,128,32,40,8,2,1,[1500; 30; 5; 128; 128; 32; 40; 8; 2; 1],0.031656168517656624,0.5776351068991562,tvm
500,500,5,256,32,32,8,4,2,1,[500; 500; 5; 256; 32; 32; 8; 4; 2; 1],0.03654728672700003,0.5003302823080805,tvm
60,30,5,256,64,64,16,4,4,1,[60; 30; 5; 256; 64; 64; 16; 4; 4; 1],0.039222069492097944,0.466209828356923,tvm
1500,125,5,256,64,32,16,4,2,0,[1500; 125; 5; 256; 64; 32; 16; 4; 2; 0],0.043127694516442716,0.423990071594083,tvm
50,50,5,256,64,64,64,64,4,1,[50; 50; 5; 256; 64; 64; 64; 64; 4; 1],0.030341404781211168,0.6026653814340748,tvm
1500,300,10,64,32,32,4,4,2,1,[1500; 300; 10; 64; 32; 32; 4; 4; 2; 1],0.043200682499445975,0.4232737361487007,tvm
20,20,5,80,80,80,40,10,5,1,[20; 20; 5; 80; 80; 80; 40; 10; 5; 1],0.03512335225241259,0.5206141530655936,tvm
125,125,5,256,128,32,40,10,2,0,[125; 125; 5; 256; 128; 32; 40; 10; 2; 0],0.028255072480533272,0.647165718591325,tvm
300,100,10,320,64,32,80,20,2,1,[300; 100; 10; 320; 64; 32; 80; 20; 2; 1],0.02605784172192216,0.7017355650882908,tvm
250,125,5,256,64,32,64,8,2,0,[250; 125; 5; 256; 64; 32; 64; 8; 2; 0],0.027962205465883017,0.653943921126854,tvm
100,5,5,640,640,80,320,40,5,1,[100; 5; 5; 640; 640; 80; 320; 40; 5; 1],0.061088505550287664,0.299331504691363,tvm
250,5,5,1024,256,32,128,64,2,0,[250; 5; 5; 1024; 256; 32; 128; 64; 2; 0],0.0728692744160071,0.25093860796969164,tvm
250,50,5,640,320,32,160,2,2,0,[250; 50; 5; 640; 320; 32; 160; 2; 2; 0],0.029110209725331515,0.6281546735062571,tvm
300,100,5,2560,64,64,160,2,4,1,[300; 100; 5; 2560; 64; 64; 160; 2; 4; 1],0.03675076976651326,0.4975600348479218,tvm
300,50,5,160,160,80,320,2,5,0,[300; 50; 5; 160; 160; 80; 320; 2; 5; 0],0.04936245776480064,0.3704376790321299,tvm
750,30,5,1280,32,32,128,2,2,1,[750; 30; 5; 1280; 32; 32; 128; 2; 2; 1],0.03020416700746864,0.6054036941721566,tvm
300,5,5,128,64,32,640,32,2,0,[300; 5; 5; 128; 64; 32; 640; 32; 2; 0],0.05821363255381584,0.3141139537858247,tvm
750,50,5,2560,128,32,1280,32,2,1,[750; 50; 5; 2560; 128; 32; 1280; 32; 2; 1],0.13465011795051396,0.13580169526798763,tvm
300,20,5,512,256,32,1280,20,2,0,[300; 20; 5; 512; 256; 32; 1280; 20; 2; 0],0.06784974155016243,0.2695030794213911,tvm
500,500,5,640,128,64,1280,1,4,1,[500; 500; 5; 640; 128; 64; 1280; 1; 4; 1],0.05956706253346056,0.30697693503759177,tvm
750,10,5,128,128,64,320,32,4,0,[750; 10; 5; 128; 128; 64; 320; 32; 4; 0],0.04726028552977368,0.38691501925426164,tvm
250,125,5,5120,320,64,16,16,4,1,[250; 125; 5; 5120; 320; 64; 16; 16; 4; 1],0.03992921102326363,0.45795330829503816,tvm
300,25,5,1280,1280,64,160,40,4,0,[300; 25; 5; 1280; 1280; 64; 160; 40; 4; 0],0.05133115209173411,0.35623035019817617,tvm
150,150,6,128,128,32,640,2,2,0,[150; 150; 6; 128; 128; 32; 640; 2; 2; 0],0.055470930063165724,0.329644991798263,tvm
100,50,5,2560,80,80,640,40,5,1,[100; 50; 5; 2560; 80; 80; 640; 40; 5; 1],0.055892579606734216,0.32715817402550396,tvm
750,50,5,5120,1280,64,40,10,4,0,[750; 50; 5; 5120; 1280; 64; 40; 10; 4; 0],0.10849106614477932,0.16854580690830653,tvm
1500,100,5,2560,64,64,640,16,4,0,[1500; 100; 5; 2560; 64; 64; 640; 16; 4; 0],0.19839383219368756,0.0921687639354753,tvm
75,75,5,64,64,32,640,2,2,1,[75; 75; 5; 64; 64; 32; 640; 2; 2; 1],0.049049849272705615,0.3727985826021609,tvm
1500,60,10,2560,1280,32,160,20,2,0,[1500; 60; 10; 2560; 1280; 32; 160; 20; 2; 0],0.12953871814534068,0.14116022257683578,tvm
1500,125,5,256,128,32,32,2,2,1,[1500; 125; 5; 256; 128; 32; 32; 2; 2; 1],0.03276983299292624,0.558004500348277,tvm
30,15,5,256,64,64,640,10,4,0,[30; 15; 5; 256; 64; 64; 640; 10; 4; 0],0.054397908970713615,0.3361473746271907,tvm
300,5,5,320,32,32,40,8,2,0,[300; 5; 5; 320; 32; 32; 40; 8; 2; 0],0.05355746345594525,0.3414223360438935,tvm
60,60,5,160,160,32,32,32,2,0,[60; 60; 5; 160; 160; 32; 32; 32; 2; 0],0.04656001925468445,0.3927342509394376,tvm
500,5,5,1024,128,64,160,20,4,1,[500; 5; 5; 1024; 128; 64; 160; 20; 4; 1],0.05044655594974756,0.36247696084405917,tvm
60,60,12,2560,320,32,40,8,2,1,[60; 60; 12; 2560; 320; 32; 40; 8; 2; 1],0.03159747627796605,0.5787080627849228,tvm
100,10,10,640,320,32,80,10,2,1,[100; 10; 10; 640; 320; 32; 80; 10; 2; 1],0.04591344523942098,0.39826491325931457,tvm
500,25,5,640,80,80,640,16,5,1,[500; 25; 5; 640; 80; 80; 640; 16; 5; 1],0.04918999271467328,0.3717364707041254,tvm
20,5,5,160,160,80,256,8,5,1,[20; 5; 5; 160; 160; 80; 256; 8; 5; 1],0.04661729547660798,0.39225171899750916,tvm
500,50,10,2560,320,32,128,64,2,1,[500; 50; 10; 2560; 320; 32; 128; 64; 2; 1],0.04461890453239903,0.40981988413535614,tvm
150,75,5,2560,320,80,128,16,5,1,[150; 75; 5; 2560; 320; 80; 128; 16; 5; 1],0.029387296235654503,0.6222319378782767,tvm
750,125,5,1280,128,64,1280,8,4,0,[750; 125; 5; 1280; 128; 64; 1280; 8; 4; 0],0.04713047423865646,0.3879806978627074,tvm
1500,125,5,5120,5120,32,128,16,2,1,[1500; 125; 5; 5120; 5120; 32; 128; 16; 2; 1],0.4155196419451386,0.04400685897810955,tvm
100,25,5,64,64,32,320,40,2,1,[100; 25; 5; 64; 64; 32; 320; 40; 2; 1],0.051006553578190506,0.3584973499078544,tvm
100,100,5,512,32,32,128,2,2,0,[100; 100; 5; 512; 32; 32; 128; 2; 2; 0],0.031256910297088325,0.5850134933975754,tvm
750,125,5,1280,320,80,256,64,5,0,[750; 125; 5; 1280; 320; 80; 256; 64; 5; 0],0.06146732694469392,0.2974867331089102,tvm
1500,150,10,1280,32,32,320,16,2,1,[1500; 150; 10; 1280; 32; 32; 320; 16; 2; 1],0.08357236348092556,0.21880097108762267,tvm
750,250,5,5120,320,64,160,32,4,1,[750; 250; 5; 5120; 320; 64; 160; 32; 4; 1],0.08730943303089589,0.20943572362042007,tvm
500,100,5,320,320,64,80,4,4,0,[500; 100; 5; 320; 320; 64; 80; 4; 4; 0],0.02525026025250554,0.7241792402476258,tvm
1500,50,5,640,32,32,320,16,2,0,[1500; 50; 5; 640; 32; 32; 320; 16; 2; 0],0.05261019244790077,0.3475698041557709,tvm
60,12,6,128,32,32,64,4,2,1,[60; 12; 6; 128; 32; 32; 64; 4; 2; 1],0.038511311227921396,0.4748141183117342,tvm
20,20,10,320,64,32,80,5,2,1,[20; 20; 10; 320; 64; 32; 80; 5; 2; 1],0.05034163373056799,0.3632324366662539,tvm
75,5,5,256,128,64,40,10,4,1,[75; 5; 5; 256; 128; 64; 40; 10; 4; 1],0.04686516150832176,0.3901771315237509,tvm
1500,1500,12,5120,256,32,40,8,2,1,[1500; 1500; 12; 5120; 256; 32; 40; 8; 2; 1],0.2125903859268874,0.08601383456730251,tvm
1500,30,10,1280,128,32,160,10,2,0,[1500; 30; 10; 1280; 128; 32; 160; 10; 2; 0],0.06116276211105287,0.29896809193334045,tvm
500,50,5,512,32,32,160,4,2,1,[500; 50; 5; 512; 32; 32; 160; 4; 2; 1],0.03053042950341478,0.5989340662131549,tvm
300,300,12,2560,256,32,160,16,2,0,[300; 300; 12; 2560; 256; 32; 160; 16; 2; 0],0.03895897348411381,0.46935821584648785,tvm
500,125,5,320,160,80,16,16,5,1,[500; 125; 5; 320; 160; 80; 16; 16; 5; 1],0.03409568825736642,0.5363057682744865,tvm
25,25,5,64,32,32,128,8,2,0,[25; 25; 5; 64; 32; 32; 128; 8; 2; 0],0.03657646325882524,0.4999311758580779,tvm
375,15,5,128,32,32,64,32,2,0,[375; 15; 5; 128; 32; 32; 64; 32; 2; 0],0.03740819729864597,0.48881570367402216,tvm
1500,5,5,64,64,32,80,20,2,1,[1500; 5; 5; 64; 64; 32; 80; 20; 2; 1],0.06439913902431726,0.28394345891502615,tvm
150,150,6,1280,320,32,80,16,2,0,[150; 150; 6; 1280; 320; 32; 80; 16; 2; 0],0.02665676671313122,0.6859689504919094,tvm
1500,60,10,320,64,32,1280,16,2,1,[1500; 60; 10; 320; 64; 32; 1280; 16; 2; 1],0.0450292537570931,0.4060852170536778,tvm
500,50,5,320,80,80,320,20,5,1,[500; 50; 5; 320; 80; 80; 320; 20; 5; 1],0.04495459224563092,0.40675965173483364,tvm
375,375,5,128,64,64,640,32,4,0,[375; 375; 5; 128; 64; 64; 640; 32; 4; 0],0.04861191048985347,0.37615707964267264,tvm
300,300,10,1280,32,32,80,8,2,1,[300; 300; 10; 1280; 32; 32; 80; 8; 2; 1],0.028748032986186445,0.6360683631642086,tvm
750,30,10,256,256,32,160,20,2,0,[750; 30; 10; 256; 256; 32; 160; 20; 2; 0],0.03119465400232002,0.5861810259012437,tvm
750,250,5,640,320,80,160,20,5,0,[750; 250; 5; 640; 320; 80; 160; 20; 5; 0],0.0239781336276792,0.7625995654893732,tvm
300,75,5,80,80,80,40,20,5,0,[300; 75; 5; 80; 80; 80; 40; 20; 5; 0],0.03053640719735995,0.5988168210992154,tvm
250,50,5,64,64,32,64,16,2,0,[250; 50; 5; 64; 64; 32; 64; 16; 2; 0],0.03066174272680655,0.5963690468815945,tvm
300,60,5,128,64,64,128,8,4,0,[300; 60; 5; 128; 64; 64; 128; 8; 4; 0],0.027043090492952615,0.6761695483909103,tvm
125,125,5,640,320,64,64,32,4,1,[125; 125; 5; 640; 320; 64; 64; 32; 4; 1],0.023718887998256832,0.7709347203401,tvm
1500,150,10,128,32,32,40,10,2,0,[1500; 150; 10; 128; 32; 32; 40; 10; 2; 0],0.03156982723157853,0.5792148988203373,tvm
750,250,5,640,64,64,128,64,4,1,[750; 250; 5; 640; 64; 64; 128; 64; 4; 1],0.026992532541044056,0.6774360374636786,tvm
750,250,10,32,32,32,128,16,2,1,[750; 250; 10; 32; 32; 32; 128; 16; 2; 1],0.023645694745937362,0.7733210836977421,tvm
1500,30,10,128,16,16,64,8,1,0,[1500; 30; 10; 128; 16; 16; 64; 8; 1; 0],0.052761411061510444,0.3465736400490955,tvm
1500,1500,5,1024,256,64,8,1,4,1,[1500; 1500; 5; 1024; 256; 64; 8; 1; 4; 1],0.07690619095228612,0.23776647964608008,tvm
1500,750,5,16,16,16,128,4,1,1,[1500; 750; 5; 16; 16; 16; 128; 4; 1; 1],0.040609694726299495,0.4502795307612141,tvm
300,75,15,256,16,16,80,8,1,1,[300; 75; 15; 256; 16; 16; 80; 8; 1; 1],0.036499060748610646,0.500991365549327,tvm
100,50,10,1024,512,16,80,16,1,0,[100; 50; 10; 1024; 512; 16; 80; 16; 1; 0],0.03810243302723393,0.47990936097556997,tvm
60,60,10,256,32,16,160,1,1,0,[60; 60; 10; 256; 32; 16; 160; 1; 1; 0],0.03495059674605727,0.5231874699758045,tvm
250,250,5,256,64,16,80,4,1,0,[250; 250; 5; 256; 64; 16; 80; 4; 1; 0],0.041545891494024545,0.44013291394515586,tvm
300,300,12,32,32,16,64,4,1,1,[300; 300; 12; 32; 32; 16; 64; 4; 1; 1],0.032512803736608475,0.5624157926781658,tvm
300,300,6,512,128,64,16,4,4,0,[300; 300; 6; 512; 128; 64; 16; 4; 4; 0],0.04904036928201094,0.3728706482726646,tvm
60,60,6,640,64,32,256,2,2,0,[60; 60; 6; 640; 64; 32; 256; 2; 2; 0],0.0448564609978348,0.4076495086537685,tvm
750,750,10,128,128,16,128,4,1,0,[750; 750; 10; 128; 128; 16; 128; 4; 1; 0],0.029966554953716695,0.6102040863207849,tvm
1500,60,5,320,320,16,40,40,1,1,[1500; 60; 5; 320; 320; 16; 40; 40; 1; 1],0.03967809648020193,0.46085160095415006,tvm
750,750,5,320,160,80,10,10,5,0,[750; 750; 5; 320; 160; 80; 10; 10; 5; 0],0.06988608301617205,0.2616502956888121,tvm
100,20,10,256,64,32,4,4,2,1,[100; 20; 10; 256; 64; 32; 4; 4; 2; 1],0.0550010270671919,0.3324613241017405,tvm
300,75,5,320,32,16,128,4,1,1,[300; 75; 5; 320; 32; 16; 128; 4; 1; 1],0.03850903525017202,0.4748421809822568,tvm
300,75,5,32,16,16,40,20,1,1,[300; 75; 5; 32; 16; 16; 40; 20; 1; 1],0.04479465977055952,0.40821192480029156,tvm
375,25,5,1024,512,32,8,8,2,1,[375; 25; 5; 1024; 512; 32; 8; 8; 2; 1],0.04137947427807376,0.44190301120871317,tvm
250,50,5,1280,640,80,20,10,5,0,[250; 50; 5; 1280; 640; 80; 20; 10; 5; 0],0.030392232758458704,0.6016574837077425,tvm
150,75,5,128,128,16,160,40,1,1,[150; 75; 5; 128; 128; 16; 160; 40; 1; 1],0.03776541951810941,0.48419200737187246,tvm
750,75,5,256,256,64,5,1,4,1,[750; 75; 5; 256; 256; 64; 5; 1; 4; 1],0.035578717244789004,0.5139509150907481,tvm
300,100,5,2560,128,64,16,8,4,1,[300; 100; 5; 2560; 128; 64; 16; 8; 4; 1],0.047450887446757406,0.38536084928299597,tvm
300,30,10,640,160,32,1,1,2,1,[300; 30; 10; 640; 160; 32; 1; 1; 2; 1],0.062372606014832854,0.29316899603915464,tvm
750,50,5,512,512,16,160,10,1,1,[750; 50; 5; 512; 512; 16; 160; 10; 1; 1],0.04519423475721851,0.4046028079454019,tvm
100,20,5,1024,1024,32,80,2,2,1,[100; 20; 5; 1024; 1024; 32; 80; 2; 2; 1],0.03368589497404173,0.5428299975347313,tvm
300,10,5,320,80,80,160,1,5,1,[300; 10; 5; 320; 80; 80; 160; 1; 5; 1],0.041698213026393205,0.43852512994118487,tvm
60,60,10,1280,64,16,64,4,1,1,[60; 60; 10; 1280; 64; 16; 64; 4; 1; 1],0.033868774480652064,0.5398989058833592,tvm
50,10,5,512,128,64,80,8,4,1,[50; 10; 5; 512; 128; 64; 80; 8; 4; 1],0.037610121245961636,0.48619131446372843,tvm
30,30,5,1280,320,80,5,5,5,1,[30; 30; 5; 1280; 320; 80; 5; 5; 5; 1],0.04038447298808023,0.4527907121905849,tvm
375,25,5,1280,640,32,32,2,2,1,[375; 25; 5; 1280; 640; 32; 32; 2; 2; 1],0.02966218499932438,0.6164655195202505,tvm
150,15,5,512,512,32,160,4,2,0,[150; 15; 5; 512; 512; 32; 160; 4; 2; 0],0.04075096547603607,0.4487185535878247,tvm
750,10,5,320,160,80,40,5,5,1,[750; 10; 5; 320; 160; 80; 40; 5; 5; 1],0.03788614401128143,0.4826491257666474,tvm
300,300,10,320,80,16,80,40,1,1,[300; 300; 10; 320; 80; 16; 80; 40; 1; 1],0.030038207245524973,0.6087485227147986,tvm
12,12,6,1280,1280,64,80,16,4,1,[12; 12; 6; 1280; 1280; 64; 80; 16; 4; 1],0.04093764821300283,0.4466723195864066,tvm
12,12,12,640,128,32,32,8,2,1,[12; 12; 12; 640; 128; 32; 32; 8; 2; 1],0.052393752499483526,0.34900562401775936,tvm
250,25,5,320,160,32,10,5,2,1,[250; 25; 5; 320; 160; 32; 10; 5; 2; 1],0.037102043512277305,0.49284924911651906,tvm
500,20,5,320,64,64,40,40,4,0,[500; 20; 5; 320; 64; 64; 40; 40; 4; 0],0.03761144372401759,0.48617421920545834,tvm
1500,150,6,64,64,64,10,1,4,1,[1500; 150; 6; 64; 64; 64; 10; 1; 4; 1],0.034503911272622645,0.529960622180918,tvm
150,50,5,256,256,32,32,2,2,0,[150; 50; 5; 256; 256; 32; 32; 2; 2; 0],0.030330526758916676,0.6028815269533223,tvm
300,30,5,2560,64,64,160,32,4,1,[300; 30; 5; 2560; 64; 64; 160; 32; 4; 1],0.042821795970667154,0.4270188550298069,tvm
1500,20,5,320,64,64,160,2,4,0,[1500; 20; 5; 320; 64; 64; 160; 2; 4; 0],0.03220803471049294,0.5677376608066388,tvm
75,75,5,640,32,32,10,5,2,1,[75; 75; 5; 640; 32; 32; 10; 5; 2; 1],0.028719929745420814,0.636690773543059,tvm
150,30,6,2560,256,64,160,20,4,1,[150; 30; 6; 2560; 256; 64; 160; 20; 4; 1],0.03567390871467069,0.5125794998234773,tvm
300,15,5,1280,80,80,40,2,5,1,[300; 15; 5; 1280; 80; 80; 40; 2; 5; 1],0.04527095099911094,0.4039171672376265,tvm
150,150,5,256,64,32,256,1,2,1,[150; 150; 5; 256; 64; 32; 256; 1; 2; 1],0.035729832481592894,0.5117772185227744,tvm
100,25,5,512,256,64,128,2,4,1,[100; 25; 5; 512; 256; 64; 128; 2; 4; 1],0.03227195126237348,0.5666132220221208,tvm
750,75,5,320,80,80,16,16,5,1,[750; 75; 5; 320; 80; 80; 16; 16; 5; 1],0.03412491420749575,0.5358464544270625,tvm
500,250,5,320,160,80,256,2,5,1,[500; 250; 5; 320; 160; 80; 256; 2; 5; 1],0.03003852121764794,0.6087421598827323,tvm
1500,125,5,1280,256,32,40,1,2,1,[1500; 125; 5; 1280; 256; 32; 40; 1; 2; 1],0.0573014315450564,0.31911444082049045,tvm
750,150,6,128,128,64,16,16,4,1,[750; 150; 6; 128; 128; 64; 16; 16; 4; 1],0.03385823225835338,0.5400670107696748,tvm
750,30,6,1280,320,32,128,8,2,0,[750; 30; 6; 1280; 320; 32; 128; 8; 2; 0],0.03421933250501752,0.5343679419530784,tvm
1500,500,5,1280,320,32,128,16,2,1,[1500; 500; 5; 1280; 320; 32; 128; 16; 2; 1],0.04708397574722767,0.3883638540611338,tvm
750,150,5,1280,640,64,40,4,4,0,[750; 150; 5; 1280; 640; 64; 40; 4; 4; 0],0.026609378517605364,0.6871905810808789,tvm
750,30,5,640,160,32,80,4,2,0,[750; 30; 5; 640; 160; 32; 80; 4; 2; 0],0.030111464962828904,0.6072675078508165,tvm
300,50,5,1024,512,64,80,5,4,0,[300; 50; 5; 1024; 512; 64; 80; 5; 4; 0],0.034132150758523494,0.5357328465786169,tvm
500,500,10,512,256,32,40,5,2,0,[500; 500; 10; 512; 256; 32; 40; 5; 2; 0],0.032432149280793965,0.5638144461965376,tvm
1500,750,6,512,128,32,80,4,2,0,[1500; 750; 6; 512; 128; 32; 80; 4; 2; 0],0.04574871750082821,0.39969894861824823,tvm
1500,1500,5,640,640,32,80,20,2,1,[1500; 1500; 5; 640; 640; 32; 80; 20; 2; 1],0.026012735266704112,0.7029523846006195,tvm
500,500,5,128,128,32,40,10,2,0,[500; 500; 5; 128; 128; 32; 40; 10; 2; 0],0.033727618982084095,0.5421584694557758,tvm
300,60,12,640,160,32,80,20,2,0,[300; 60; 12; 640; 160; 32; 80; 20; 2; 0],0.03638343827333301,0.5025834597692949,tvm
1500,150,5,640,160,80,40,8,5,0,[1500; 150; 5; 640; 160; 80; 40; 8; 5; 0],0.026917026727460325,0.6793363349845579,tvm
1500,500,10,320,320,32,128,16,2,0,[1500; 500; 10; 320; 320; 32; 128; 16; 2; 0],0.025182170269545168,0.7261373459867626,tvm
300,50,5,512,128,64,64,2,4,0,[300; 50; 5; 512; 128; 64; 64; 2; 4; 0],0.029414474789518863,0.6216570044701243,tvm
500,250,5,1280,128,64,64,32,4,1,[500; 250; 5; 1280; 128; 64; 64; 32; 4; 1],0.031200546538457274,0.586070319735445,tvm
125,125,5,640,128,64,160,32,4,0,[125; 125; 5; 640; 128; 64; 160; 32; 4; 0],0.024653681612107903,0.7417031895444702,tvm
100,20,10,1280,640,16,128,8,1,0,[100; 20; 10; 1280; 640; 16; 128; 8; 1; 0],0.05002762097865343,0.36551236952716026,tvm
300,100,10,1280,32,16,256,2,1,0,[300; 100; 10; 1280; 32; 16; 256; 2; 1; 0],0.06230290106032044,0.29349699571791077,tvm
100,20,5,2560,1280,64,80,2,4,1,[100; 20; 5; 2560; 1280; 64; 80; 2; 4; 1],0.03070787846809253,0.5954730576621998,tvm
300,25,5,256,256,16,160,4,1,0,[300; 25; 5; 256; 256; 16; 160; 4; 1; 0],0.04709221899975091,0.3882958729511346,tvm
1500,100,10,160,160,16,32,8,1,0,[1500; 100; 10; 160; 160; 16; 32; 8; 1; 0],0.03392875351710245,0.5389444760031346,tvm
750,75,15,80,80,16,128,1,1,0,[750; 75; 15; 80; 80; 16; 128; 1; 1; 0],0.03519169526407495,0.5196031094410235,tvm
1500,300,15,1280,1280,16,160,4,1,1,[1500; 300; 15; 1280; 1280; 16; 160; 4; 1; 1],0.07503440999425948,0.24369771531638937,tvm
500,100,5,2560,160,80,32,32,5,0,[500; 100; 5; 2560; 160; 80; 32; 32; 5; 0],0.056627154466696084,0.32291423536862685,tvm
1500,60,10,64,32,16,80,4,1,0,[1500; 60; 10; 64; 32; 16; 80; 4; 1; 0],0.0383820864954032,0.47641272154144776,tvm
300,100,5,512,256,16,256,32,1,0,[300; 100; 5; 512; 256; 16; 256; 32; 1; 0],0.06487777456641197,0.2818486670962513,tvm
15,15,5,640,128,64,32,1,4,0,[15; 15; 5; 640; 128; 64; 32; 1; 4; 0],0.041442840709351,0.44122733800891134,tvm
1500,60,12,64,64,32,10,1,2,1,[1500; 60; 12; 64; 64; 32; 10; 1; 2; 1],0.03317663021152839,0.5511624950794511,tvm
100,20,5,2560,80,80,40,10,5,1,[100; 20; 5; 2560; 80; 80; 40; 10; 5; 1],0.036825737508479506,0.4965471304275661,tvm
300,30,6,512,16,16,64,16,1,1,[300; 30; 6; 512; 16; 16; 64; 16; 1; 1],0.04555892472853884,0.40136404435945394,tvm
1500,30,6,640,640,16,160,20,1,1,[1500; 30; 6; 640; 640; 16; 160; 20; 1; 1],0.038913135475013405,0.4699110997482011,tvm
1500,300,12,512,256,16,32,4,1,1,[1500; 300; 12; 512; 256; 16; 32; 4; 1; 1],0.04777660372201353,0.38273365750544064,tvm
30,30,6,2560,128,32,40,5,2,0,[30; 30; 6; 2560; 128; 32; 40; 5; 2; 0],0.031998093763832,0.5714626133880183,tvm
500,50,5,2560,320,64,40,1,4,0,[500; 50; 5; 2560; 320; 64; 40; 1; 4; 0],0.035970719472970814,0.5083499733569292,tvm
300,150,15,128,64,16,160,10,1,0,[300; 150; 15; 128; 64; 16; 160; 10; 1; 0],0.03491661377483979,0.5236966678278123,tvm
250,50,10,80,16,16,128,32,1,1,[250; 50; 10; 80; 16; 16; 128; 32; 1; 1],0.03831015672767535,0.4773072168745434,tvm
1500,25,5,1024,256,64,160,16,4,0,[1500; 25; 5; 1024; 256; 64; 160; 16; 4; 0],0.045231855765450746,0.4042662848178205,tvm
375,15,5,320,320,32,20,20,2,1,[375; 15; 5; 320; 320; 32; 20; 20; 2; 1],0.037407706025987864,0.48882212325478724,tvm
1500,25,5,1024,32,32,40,2,2,1,[1500; 25; 5; 1024; 32; 32; 40; 2; 2; 1],0.051978655508719385,0.35179275236634144,tvm
300,75,5,2560,256,64,40,40,4,0,[300; 75; 5; 2560; 256; 64; 40; 40; 4; 0],0.05640465801116079,0.3241880179841901,tvm
60,30,10,256,256,16,64,4,1,0,[60; 30; 10; 256; 256; 16; 64; 4; 1; 0],0.03901190677424893,0.46872136733865993,tvm
100,100,10,256,64,16,32,2,1,1,[100; 100; 10; 256; 64; 16; 32; 2; 1; 1],0.031602862756699324,0.578609426193138,tvm
375,375,5,1280,16,16,64,64,1,1,[375; 375; 5; 1280; 16; 16; 64; 64; 1; 1],0.04367112822365016,0.41871403440893096,tvm
60,20,5,1024,128,32,160,1,2,0,[60; 20; 5; 1024; 128; 32; 160; 1; 2; 0],0.037142008484806865,0.4923189410501092,tvm
100,20,5,1280,128,32,64,64,2,1,[100; 20; 5; 1280; 128; 32; 64; 64; 2; 1],0.039619667280931026,0.461531242957086,tvm
50,50,10,512,256,16,160,2,1,0,[50; 50; 10; 512; 256; 16; 160; 2; 1; 0],0.03785201528808102,0.4830842993839791,tvm
300,30,6,320,320,64,10,10,4,1,[300; 30; 6; 320; 320; 64; 10; 10; 4; 1],0.03579295449890196,0.51087468306857,tvm
375,15,5,256,256,64,128,4,4,0,[375; 15; 5; 256; 256; 64; 128; 4; 4; 0],0.03600017377175391,0.5079340561422911,tvm
1500,300,15,256,128,16,64,16,1,0,[1500; 300; 15; 256; 128; 16; 64; 16; 1; 0],0.05408023251220584,0.33812196132084354,tvm
500,100,5,1280,128,32,256,16,2,1,[500; 100; 5; 1280; 128; 32; 256; 16; 2; 1],0.043566707987338305,0.4197176038875516,tvm
20,20,5,1024,256,64,40,8,4,0,[20; 20; 5; 1024; 256; 64; 40; 8; 4; 0],0.03199510998092592,0.5715159065437009,tvm
250,50,5,640,320,80,16,4,5,1,[250; 50; 5; 640; 320; 80; 16; 4; 5; 1],0.029771469242405146,0.6142026158275365,tvm
500,500,10,32,16,16,128,4,1,1,[500; 500; 10; 32; 16; 16; 128; 4; 1; 1],0.038030512747354805,0.4808169273759303,tvm
300,100,10,320,32,16,80,2,1,1,[300; 100; 10; 320; 32; 16; 80; 2; 1; 1],0.031638678221497685,0.5779544315251958,tvm
75,25,5,128,64,32,80,10,2,0,[75; 25; 5; 128; 64; 32; 80; 10; 2; 0],0.031019978516269475,0.5894818488066884,tvm
500,25,5,160,32,32,80,40,2,0,[500; 25; 5; 160; 32; 32; 80; 40; 2; 0],0.035432213509920985,0.5160759792947823,tvm
60,60,5,160,160,80,32,1,5,0,[60; 60; 5; 160; 160; 80; 32; 1; 5; 0],0.028045322455000132,0.652005849283939,tvm
150,25,5,128,128,64,80,5,4,0,[150; 25; 5; 128; 128; 64; 80; 5; 4; 0],0.02916858799289912,0.6268974792391668,tvm
500,25,5,640,64,64,128,16,4,1,[500; 25; 5; 640; 64; 64; 128; 16; 4; 1],0.028560765029396862,0.6402389525243204,tvm
150,30,5,1024,1024,64,128,4,4,0,[150; 30; 5; 1024; 1024; 64; 128; 4; 4; 0],0.03347611101344228,0.5462317375626963,tvm
1500,150,6,640,64,32,64,1,2,1,[1500; 150; 6; 640; 64; 32; 64; 1; 2; 1],0.025655780744273216,0.7127327157952873,tvm
150,50,5,1280,64,32,64,64,2,0,[150; 50; 5; 1280; 64; 32; 64; 64; 2; 0],0.04919589124619961,0.37169189992318435,tvm
150,50,5,1024,32,32,128,64,2,1,[150; 50; 5; 1024; 32; 32; 128; 64; 2; 1],0.036232032463885844,0.5046836470998559,tvm
60,30,6,320,64,32,64,2,2,0,[60; 30; 6; 320; 64; 32; 64; 2; 2; 0],0.03136510046897456,0.5829955591502721,tvm
300,30,5,1024,64,32,64,1,2,1,[300; 30; 5; 1024; 64; 32; 64; 1; 2; 1],0.039738432795275,0.4601518731229004,tvm
300,60,10,512,32,32,160,2,2,0,[300; 60; 10; 512; 32; 32; 160; 2; 2; 0],0.034176128276158124,0.5350434706341715,tvm
150,75,5,1280,320,64,160,1,4,0,[150; 75; 5; 1280; 320; 64; 160; 1; 4; 0],0.02577251399634406,0.7095044856046326,tvm
150,50,5,1280,320,64,40,5,4,1,[150; 50; 5; 1280; 320; 64; 40; 5; 4; 1],0.02576366427820176,0.7097481976267463,tvm
300,75,5,256,32,32,40,2,2,1,[300; 75; 5; 256; 32; 32; 40; 2; 2; 1],0.03172880451893434,0.5763127405194919,tvm
100,100,5,1280,256,64,40,4,4,0,[100; 100; 5; 1280; 256; 64; 40; 4; 4; 0],0.027879140223376453,0.6558923316574107,tvm
30,30,5,640,64,64,80,20,4,1,[30; 30; 5; 640; 64; 64; 80; 20; 4; 1],0.02751264371909201,0.6646294871701178,tvm
750,150,5,1280,320,80,128,8,5,1,[750; 150; 5; 1280; 320; 80; 128; 8; 5; 1],0.02203009050572291,0.8300335525613969,tvm
1500,100,5,640,640,64,256,16,4,0,[1500; 100; 5; 640; 640; 64; 256; 16; 4; 0],0.03696996200596914,0.49461003727193154,tvm
375,375,5,1280,64,64,80,2,4,1,[375; 375; 5; 1280; 64; 64; 80; 2; 4; 1],0.023157747491495684,0.7896154102392483,tvm
750,125,5,640,640,64,32,8,4,1,[750; 125; 5; 640; 640; 64; 32; 8; 4; 1],0.022892695385962725,0.798757593958406,tvm
500,250,5,1280,160,80,80,5,5,1,[500; 250; 5; 1280; 160; 80; 80; 5; 5; 1],0.029827956517692655,0.6130394576265388,tvm
500,125,5,160,80,80,256,32,5,0,[500; 125; 5; 160; 80; 80; 256; 32; 5; 0],0.06507347850129008,0.2810010269445143,tvm
750,75,5,80,80,80,64,2,5,0,[750; 75; 5; 80; 80; 80; 64; 2; 5; 0],0.026464211521670222,0.6909601017487722,tvm
750,750,10,640,128,32,160,40,2,0,[750; 750; 10; 640; 128; 32; 160; 40; 2; 0],0.031490485242102295,0.5806742622456185,tvm
750,750,6,640,64,64,80,10,4,0,[750; 750; 6; 640; 64; 64; 80; 10; 4; 0],0.026048686995636672,0.7019821877692825,tvm
1500,30,6,256,128,64,10,2,4,0,[1500; 30; 6; 256; 128; 64; 10; 2; 4; 0],0.05116520100273192,0.3573857607778759,tvm
500,500,5,1280,256,32,256,4,2,0,[500; 500; 5; 1280; 256; 32; 256; 4; 2; 0],0.05328194401226938,0.34318782140350557,tvm
1500,30,15,640,80,16,80,10,1,1,[1500; 30; 15; 640; 80; 16; 80; 10; 1; 1],0.03747819975251332,0.4879026849332066,tvm
20,10,5,320,160,32,160,1,2,1,[20; 10; 5; 320; 160; 32; 160; 1; 2; 1],0.04434750397922471,0.41232792479776353,tvm
500,100,10,2560,640,16,40,2,1,1,[500; 100; 10; 2560; 640; 16; 40; 2; 1; 1],0.04229794075945392,0.4323074352414493,tvm
60,10,5,1280,256,32,40,2,2,1,[60; 10; 5; 1280; 256; 32; 40; 2; 2; 1],0.04319619172019884,0.4233177406971217,tvm
1500,100,5,640,320,32,256,64,2,1,[1500; 100; 5; 640; 320; 32; 256; 64; 2; 1],0.037442271248437464,0.4883708620234245,tvm
1500,12,6,512,128,32,64,4,2,0,[1500; 12; 6; 512; 128; 32; 64; 4; 2; 0],0.06068022642284632,0.30134551836196927,tvm
1500,30,6,640,640,64,10,10,4,0,[1500; 30; 6; 640; 640; 64; 10; 10; 4; 0],0.0520990815712139,0.35097958993230355,tvm
1500,100,5,32,32,16,80,20,1,0,[1500; 100; 5; 32; 32; 16; 80; 20; 1; 0],0.04295628349063918,0.42568194452155106,tvm
1500,50,5,160,160,80,10,2,5,0,[1500; 50; 5; 160; 160; 80; 10; 2; 5; 0],0.039351613202597946,0.4646750869290179,tvm
150,75,5,1024,256,16,128,4,1,0,[150; 75; 5; 1024; 256; 16; 128; 4; 1; 0],0.044133968534879386,0.41432291028310675,tvm
1500,75,5,80,80,16,80,16,1,0,[1500; 75; 5; 80; 80; 16; 80; 16; 1; 0],0.040144515747670084,0.45549719420330925,tvm
150,30,10,2560,16,16,32,1,1,1,[150; 30; 10; 2560; 16; 16; 32; 1; 1; 1],0.04220422322396189,0.43326740522338014,tvm
75,75,15,640,32,16,32,1,1,0,[75; 75; 15; 640; 32; 16; 32; 1; 1; 0],0.03653976647183299,0.5004332553633039,tvm
60,20,5,2560,1280,32,32,8,2,1,[60; 20; 5; 2560; 1280; 32; 32; 8; 2; 1],0.032078328484203666,0.5700332638815243,tvm
1500,150,5,320,16,16,128,4,1,1,[1500; 150; 5; 320; 16; 16; 128; 4; 1; 1],0.03756339877145365,0.4867960537056231,tvm
750,150,6,1024,1024,16,32,1,1,1,[750; 150; 6; 1024; 1024; 16; 32; 1; 1; 1],0.05404533399268985,0.3383402957263176,tvm
375,15,5,2560,2560,64,64,1,4,1,[375; 15; 5; 2560; 2560; 64; 64; 1; 4; 1],0.032625550986267626,0.5604721984131671,tvm
300,100,5,1280,160,16,64,2,1,1,[300; 100; 5; 1280; 160; 16; 64; 2; 1; 1],0.04635128000518307,0.3945028979495183,tvm
1500,60,10,80,16,16,128,16,1,0,[1500; 60; 10; 80; 16; 16; 128; 16; 1; 0],0.04140125046251342,0.44167057954616634,tvm
60,20,5,2560,256,32,160,20,2,0,[60; 20; 5; 2560; 256; 32; 160; 20; 2; 0],0.03437631297856569,0.531927734574554,tvm
750,10,5,320,160,80,160,2,5,1,[750; 10; 5; 320; 160; 80; 160; 2; 5; 1],0.0375144817517139,0.4874308115659596,tvm
750,50,10,1280,80,16,32,32,1,1,[750; 50; 10; 1280; 80; 16; 32; 32; 1; 1],0.03717218223027885,0.49191931139354894,tvm
30,15,5,1024,128,32,16,2,2,1,[30; 15; 5; 1024; 128; 32; 16; 2; 2; 1],0.04283089778618887,0.4269281110332141,tvm
60,60,5,640,64,64,256,64,4,1,[60; 60; 5; 640; 64; 64; 256; 64; 4; 1],0.03028906777035445,0.6037067375051901,tvm
375,15,5,1024,64,32,64,2,2,1,[375; 15; 5; 1024; 64; 32; 64; 2; 2; 1],0.03908607322955504,0.4678319609729302,tvm
60,15,5,1280,160,32,20,4,2,1,[60; 15; 5; 1280; 160; 32; 20; 4; 2; 1],0.040068182279355824,0.45636495706808156,tvm
100,50,10,512,128,16,32,1,1,0,[100; 50; 10; 512; 128; 16; 32; 1; 1; 0],0.03675854974426329,0.49745472585103934,tvm
750,15,5,1024,128,64,32,1,4,0,[750; 15; 5; 1024; 128; 64; 32; 1; 4; 0],0.06576287397183478,0.2780552792377318,tvm
50,50,10,32,16,16,160,32,1,1,[50; 50; 10; 32; 16; 16; 160; 32; 1; 1],0.03468891669763252,0.5271341980812639,tvm
300,150,6,320,32,16,64,1,1,0,[300; 150; 6; 320; 32; 16; 64; 1; 1; 0],0.04019350977614522,0.4549419642015644,tvm
500,20,5,1024,512,32,16,16,2,1,[500; 20; 5; 1024; 512; 32; 16; 16; 2; 1],0.03579440247267485,0.5108540169003646,tvm
300,150,10,2560,64,16,80,5,1,1,[300; 150; 10; 2560; 64; 16; 80; 5; 1; 1],0.04884413379477337,0.3743686880095921,tvm
15,15,5,1280,128,32,128,2,2,0,[15; 15; 5; 1280; 128; 32; 128; 2; 2; 0],0.038323422719258815,0.47714199276165115,tvm
15,15,5,1280,320,32,160,5,2,1,[15; 15; 5; 1280; 320; 32; 160; 5; 2; 1],0.034366415231488645,0.5320809331594114,tvm
1500,1500,5,2560,128,64,80,1,4,0,[1500; 1500; 5; 2560; 128; 64; 80; 1; 4; 0],0.10272085317410529,0.1780136527363258,tvm
50,50,10,640,128,16,128,32,1,1,[50; 50; 10; 640; 128; 16; 128; 32; 1; 1],0.03419158625183627,0.5348015781143306,tvm
100,20,5,256,32,32,40,40,2,1,[100; 20; 5; 256; 32; 32; 40; 40; 2; 1],0.034805198723915964,0.5253730751765392,tvm
300,15,5,80,80,80,160,16,5,0,[300; 15; 5; 80; 80; 80; 160; 16; 5; 0],0.038150910288095474,0.47929955399832547,tvm
1500,500,10,1280,128,32,40,1,2,1,[1500; 500; 10; 1280; 128; 32; 40; 1; 2; 1],0.05007675208617002,0.3651537594580611,tvm
750,250,10,256,256,16,32,16,1,1,[750; 250; 10; 256; 256; 16; 32; 16; 1; 1],0.030831128999125212,0.5930925943786592,tvm
100,20,10,640,320,32,80,5,2,0,[100; 20; 10; 640; 320; 32; 80; 5; 2; 0],0.033892852487042546,0.5395153533537796,tvm
125,25,5,2560,320,80,20,1,5,1,[125; 25; 5; 2560; 320; 80; 20; 1; 5; 1],0.03002668300177902,0.6089821604547827,tvm
60,60,12,1280,64,32,128,64,2,0,[60; 60; 12; 1280; 64; 32; 128; 64; 2; 0],0.034609313996043056,0.5283466262233607,tvm
375,75,5,1280,64,32,20,1,2,1,[375; 75; 5; 1280; 64; 32; 20; 1; 2; 1],0.03146279678912833,0.5811852775921288,tvm
1500,750,5,640,320,64,256,16,4,1,[1500; 750; 5; 640; 320; 64; 256; 16; 4; 1],0.028986958495806903,0.6308255586166241,tvm
300,50,5,1280,256,32,32,4,2,0,[300; 50; 5; 1280; 256; 32; 32; 4; 2; 0],0.03534470504382625,0.5173537100688947,tvm
500,125,5,1280,64,32,64,64,2,0,[500; 125; 5; 1280; 64; 32; 64; 64; 2; 0],0.06345857051201165,0.2881520043419999,tvm
750,750,5,1280,160,32,40,1,2,1,[750; 750; 5; 1280; 160; 32; 40; 1; 2; 1],0.02722489950247109,0.6716540600656605,tvm
1500,50,10,640,160,32,40,20,2,0,[1500; 50; 10; 640; 160; 32; 40; 20; 2; 0],0.028053398244082928,0.6518181550276585,tvm
150,30,6,1280,160,32,40,5,2,0,[150; 30; 6; 1280; 160; 32; 40; 5; 2; 0],0.030287513276562095,0.6037377224978266,tvm
50,50,10,1024,32,32,80,4,2,1,[50; 50; 10; 1024; 32; 32; 80; 4; 2; 1],0.026223174470942467,0.697311239185646,tvm
150,75,5,1280,256,32,80,16,2,1,[150; 75; 5; 1280; 256; 32; 80; 16; 2; 1],0.025183819234371185,0.7260898005794816,tvm
375,125,5,1280,320,32,128,4,2,0,[375; 125; 5; 1280; 320; 32; 128; 4; 2; 0],0.026937941962387413,0.6788088826995784,tvm
750,150,10,1024,64,32,64,1,2,0,[750; 150; 10; 1024; 64; 32; 64; 1; 2; 0],0.04555242951028049,0.4014212739539497,tvm
1500,300,10,640,640,32,32,32,2,1,[1500; 300; 10; 640; 640; 32; 32; 32; 2; 1],0.029153687471989542,0.6272178880727506,tvm
1500,500,5,1280,1280,80,160,2,5,1,[1500; 500; 5; 1280; 1280; 80; 160; 2; 5; 1],0.06204656348563731,0.2947095416484607,tvm
500,100,5,320,320,32,32,16,2,1,[500; 100; 5; 320; 320; 32; 32; 16; 2; 1],0.0271381622296758,0.6738007581706734,tvm
1500,1500,5,320,320,32,160,20,2,1,[1500; 1500; 5; 320; 320; 32; 160; 20; 2; 1],0.023338453756878152,0.7835015325436993,tvm
375,375,5,512,256,32,160,16,2,0,[375; 375; 5; 512; 256; 32; 160; 16; 2; 0],0.024306456121848896,0.7522986565399549,tvm
300,100,5,160,160,80,80,20,5,1,[300; 100; 5; 160; 160; 80; 80; 20; 5; 1],0.024226347886724398,0.7547862505406574,tvm
500,125,5,512,128,64,160,2,4,0,[500; 125; 5; 512; 128; 64; 160; 2; 4; 0],0.027470487519167364,0.6656494273338084,tvm
375,375,5,320,160,80,64,1,5,0,[375; 375; 5; 320; 160; 80; 64; 1; 5; 0],0.02739914000267163,0.6673827822308032,tvm
375,125,5,64,32,16,160,5,1,0,[375; 125; 5; 64; 32; 16; 160; 5; 1; 0],0.039047415484674275,0.4682951242417376,tvm
60,12,6,320,64,32,64,64,2,1,[60; 12; 6; 320; 64; 32; 64; 64; 2; 1],0.04852116928668693,0.3768605446763514,tvm
300,150,5,128,128,32,4,4,2,1,[300; 150; 5; 128; 128; 32; 4; 4; 2; 1],0.03744275798089802,0.4883645135073387,tvm
500,125,25,32,32,16,128,1,1,1,[500; 125; 25; 32; 32; 16; 128; 1; 1; 1],0.03640324476873502,0.5023100111509565,tvm
1500,750,5,1280,64,32,16,8,2,1,[1500; 750; 5; 1280; 64; 32; 16; 8; 2; 1],0.06702308403328061,0.2728271094871497,tvm
1500,20,10,160,32,16,64,32,1,0,[1500; 20; 10; 160; 32; 16; 64; 32; 1; 0],0.049454718246124685,0.3697466072844763,tvm
60,30,6,2560,256,16,32,1,1,0,[60; 30; 6; 2560; 256; 16; 32; 1; 1; 0],0.04293501400388777,0.42589282220936303,tvm
100,100,5,256,128,64,2,2,4,1,[100; 100; 5; 256; 128; 64; 2; 2; 4; 1],0.068622468970716,0.26646832385931124,tvm
300,60,12,1280,64,16,64,32,1,0,[300; 60; 12; 1280; 64; 16; 64; 32; 1; 0],0.048511249013245106,0.3769376105060026,tvm
750,375,25,128,32,16,160,16,1,1,[750; 375; 25; 128; 32; 16; 160; 16; 1; 1],0.04616181104211137,0.3961221163752229,tvm
60,60,6,128,32,16,80,16,1,0,[60; 60; 6; 128; 32; 16; 80; 16; 1; 0],0.05131038196850568,0.3563745500265046,tvm
150,50,5,128,16,16,160,40,1,1,[150; 50; 5; 128; 16; 16; 160; 40; 1; 1],0.04152032971614972,0.4404038795145186,tvm
1500,100,5,128,32,16,160,2,1,0,[1500; 100; 5; 128; 32; 16; 160; 2; 1; 0],0.04002403450431302,0.45686834203942644,tvm
250,50,10,640,128,32,16,2,2,0,[250; 50; 10; 640; 128; 32; 16; 2; 2; 0],0.03401763178408146,0.5375363694268418,tvm
75,15,5,1024,128,32,32,32,2,0,[75; 15; 5; 1024; 128; 32; 32; 32; 2; 0],0.05791618849616498,0.31572716990734134,tvm
250,50,10,2560,64,16,40,40,1,1,[250; 50; 10; 2560; 64; 16; 40; 40; 1; 1],0.05274461442604661,0.34668400716726716,tvm
1500,30,10,512,256,16,160,10,1,0,[1500; 30; 10; 512; 256; 16; 160; 10; 1; 0],0.06613510649185628,0.27649028263023884,tvm
375,15,5,1024,256,32,20,4,2,0,[375; 15; 5; 1024; 256; 32; 20; 4; 2; 0],0.047277802717871964,0.3867716610019593,tvm
100,100,5,512,512,64,256,16,4,0,[100; 100; 5; 512; 512; 64; 256; 16; 4; 0],0.03851068124640733,0.4748218856144012,tvm
1500,300,10,320,16,16,128,2,1,1,[1500; 300; 10; 320; 16; 16; 128; 2; 1; 1],0.03617511224001646,0.5054777484694811,tvm
60,30,10,128,128,32,160,20,2,1,[60; 30; 10; 128; 128; 32; 160; 20; 2; 1],0.03666550002526492,0.49871716663114474,tvm
375,25,5,320,32,32,256,32,2,1,[375; 25; 5; 320; 32; 32; 256; 32; 2; 1],0.03608727897517383,0.5067080368762052,tvm
375,75,5,256,64,32,80,8,2,0,[375; 75; 5; 256; 64; 32; 80; 8; 2; 0],0.02669310074998066,0.685035225281107,tvm
60,60,12,256,128,32,256,64,2,1,[60; 60; 12; 256; 128; 32; 256; 64; 2; 1],0.04136129276594147,0.4420972620268646,tvm
300,20,10,128,128,32,256,64,2,0,[300; 20; 10; 128; 128; 32; 256; 64; 2; 0],0.05028450349345803,0.36364511957631723,tvm
100,100,5,1024,512,64,8,4,4,1,[100; 100; 5; 1024; 512; 64; 8; 4; 4; 1],0.03314394626067951,0.5517060081468825,tvm
250,50,5,640,320,32,10,10,2,1,[250; 50; 5; 640; 320; 32; 10; 10; 2; 1],0.0324381222599186,0.5637106284758227,tvm
75,75,5,2560,1280,64,40,2,4,0,[75; 75; 5; 2560; 1280; 64; 40; 2; 4; 0],0.029958840983454138,0.6103612050884492,tvm
750,25,5,128,128,32,80,4,2,0,[750; 25; 5; 128; 128; 32; 80; 4; 2; 0],0.03205188852734864,0.5705034906168414,tvm
250,125,5,1024,32,32,40,10,2,0,[250; 125; 5; 1024; 32; 32; 40; 10; 2; 0],0.0369644925231114,0.49468322267055237,tvm
375,125,5,640,320,80,32,8,5,0,[375; 125; 5; 640; 320; 80; 32; 8; 5; 0],0.025690603244584054,0.7117666374599116,tvm
300,100,5,320,160,32,128,2,2,0,[300; 100; 5; 320; 160; 32; 128; 2; 2; 0],0.02984569052932784,0.6126751956951992,tvm
150,150,6,256,128,64,10,1,4,1,[150; 150; 6; 256; 128; 64; 10; 1; 4; 1],0.0327223235508427,0.5588146653859296,tvm
1500,250,10,64,64,32,64,16,2,1,[1500; 250; 10; 64; 64; 32; 64; 16; 2; 1],0.024666768760653213,0.7413096730724796,tvm
1500,25,5,256,256,64,32,8,4,0,[1500; 25; 5; 256; 256; 64; 32; 8; 4; 0],0.03834102803375572,0.4769229001792913,tvm
750,125,5,1280,80,80,32,1,5,1,[750; 125; 5; 1280; 80; 80; 32; 1; 5; 1],0.026123376039322466,0.6999751585778782,tvm
1500,30,5,640,320,32,80,5,2,0,[1500; 30; 5; 640; 320; 32; 80; 5; 2; 0],0.03273665421875194,0.5585700408944057,tvm
1500,25,5,160,80,80,10,2,5,1,[1500; 25; 5; 160; 80; 80; 10; 2; 5; 1],0.04037437803344801,0.45290392512215427,tvm
1500,750,5,128,16,16,80,1,1,1,[1500; 750; 5; 128; 16; 16; 80; 1; 1; 1],0.043737130996305496,0.41808216197946074,tvm
100,100,5,512,64,64,80,4,4,1,[100; 100; 5; 512; 64; 64; 80; 4; 4; 1],0.024903481389628723,0.7342633746512861,tvm
750,50,5,640,64,64,20,10,4,0,[750; 50; 5; 640; 64; 64; 20; 10; 4; 0],0.03951310348929837,0.46277595711171465,tvm
1500,150,10,640,320,16,128,64,1,1,[1500; 150; 10; 640; 320; 16; 128; 64; 1; 1],0.030726495548151433,0.5951122625441869,tvm
150,75,5,1024,1024,32,80,5,2,0,[150; 75; 5; 1024; 1024; 32; 80; 5; 2; 0],0.03263539174804464,0.5603031955885709,tvm
150,25,5,128,64,64,16,2,4,1,[150; 25; 5; 128; 64; 64; 16; 2; 4; 1],0.04137938853818923,0.4419039268508841,tvm
100,100,10,320,32,32,64,4,2,1,[100; 100; 10; 320; 32; 32; 64; 4; 2; 1],0.02628599153831601,0.6956448364924698,tvm
500,250,5,2560,2560,32,40,8,2,0,[500; 250; 5; 2560; 2560; 32; 40; 8; 2; 0],0.03902435576310381,0.4685718425876694,tvm
375,125,5,256,128,32,20,1,2,1,[375; 125; 5; 256; 128; 32; 20; 1; 2; 1],0.029302302980795503,0.6240367624926477,tvm
30,15,5,640,128,32,32,32,2,1,[30; 15; 5; 640; 128; 32; 32; 32; 2; 1],0.04846741701476276,0.37727849784412104,tvm
30,10,5,1024,256,64,128,4,4,1,[30; 10; 5; 1024; 256; 64; 128; 4; 4; 1],0.0420444177580066,0.4349141993346335,tvm
150,30,10,2560,1280,32,128,64,2,0,[150; 30; 10; 2560; 1280; 32; 128; 64; 2; 0],0.05835378903429955,0.3133595022418544,tvm
500,20,10,128,128,16,80,20,1,1,[500; 20; 10; 128; 128; 16; 80; 20; 1; 1],0.047174171544611454,0.3876213124044359,tvm
150,30,5,512,256,32,128,4,2,1,[150; 30; 5; 512; 256; 32; 128; 4; 2; 1],0.03432527545373887,0.5327186466532061,tvm
500,500,10,2560,128,32,40,4,2,1,[500; 500; 10; 2560; 128; 32; 40; 4; 2; 1],0.032202335249166936,0.5678381441664959,tvm
300,30,5,64,32,32,10,10,2,1,[300; 30; 5; 64; 32; 32; 10; 10; 2; 1],0.03699681127909571,0.4942510895809622,tvm
300,150,6,2560,64,64,256,1,4,0,[300; 150; 6; 2560; 64; 64; 256; 1; 4; 0],0.059574275044724345,0.3069397700934943,tvm
1500,75,5,128,64,16,128,16,1,1,[1500; 75; 5; 128; 64; 16; 128; 16; 1; 1],0.03859048872254789,0.4738399250961079,tvm
1500,60,6,128,128,64,32,4,4,1,[1500; 60; 6; 128; 128; 64; 32; 4; 4; 1],0.025525592209305614,0.7163678764345395,tvm
50,25,5,2560,128,32,160,8,2,1,[50; 25; 5; 2560; 128; 32; 160; 8; 2; 1],0.03491536050569266,0.5237154656539477,tvm
150,15,5,2560,64,64,20,1,4,0,[150; 15; 5; 2560; 64; 64; 20; 1; 4; 0],0.05044618190731853,0.3624796484956866,tvm
1500,150,6,128,32,16,80,2,1,0,[1500; 150; 6; 128; 32; 16; 80; 2; 1; 0],0.03802045952761546,0.4809440630887903,tvm
100,50,10,64,32,32,64,1,2,0,[100; 50; 10; 64; 32; 32; 64; 1; 2; 0],0.03350975550711155,0.5456833095017251,tvm
375,75,5,1024,1024,32,32,2,2,1,[375; 75; 5; 1024; 1024; 32; 32; 2; 2; 1],0.031550263753160834,0.579574054555482,tvm
60,60,12,640,320,32,80,10,2,1,[60; 60; 12; 640; 320; 32; 80; 10; 2; 1],0.02919132454553619,0.6264092010347114,tvm
1500,1500,6,1024,128,64,20,20,4,1,[1500; 1500; 6; 1024; 128; 64; 20; 20; 4; 1],0.05509136547334492,0.33191615652658923,tvm
500,50,10,1024,128,16,32,8,1,0,[500; 50; 10; 1024; 128; 16; 32; 8; 1; 0],0.040969982044771314,0.4463198022818746,tvm
500,250,5,512,64,16,160,10,1,1,[500; 250; 5; 512; 64; 16; 160; 10; 1; 1],0.03854545176727697,0.47439356518939235,tvm
750,750,10,1280,32,16,160,16,1,1,[750; 750; 10; 1280; 32; 16; 160; 16; 1; 1],0.0309065695037134,0.5916449020172644,tvm
100,100,20,512,64,16,40,1,1,1,[100; 100; 20; 512; 64; 16; 40; 1; 1; 1],0.03831028926651925,0.4773055655754298,tvm
750,150,6,160,80,16,160,40,1,0,[750; 150; 6; 160; 80; 16; 160; 40; 1; 0],0.03973862552084029,0.46014964146469123,tvm
500,500,5,2560,640,32,20,1,2,0,[500; 500; 5; 2560; 640; 32; 20; 1; 2; 0],0.048713209747802466,0.3753748599277876,tvm
150,75,15,1280,64,16,80,4,1,1,[150; 75; 15; 1280; 64; 16; 80; 4; 1; 1],0.03449806204298511,0.5300504782828093,tvm
1500,150,6,640,64,16,64,16,1,1,[1500; 150; 6; 640; 64; 16; 64; 16; 1; 1],0.03468888148199767,0.527134733220036,tvm
75,15,5,128,32,32,160,1,2,0,[75; 15; 5; 128; 32; 32; 160; 1; 2; 0],0.04096022079465911,0.4464261649707367,tvm
500,100,5,2560,1280,32,64,16,2,1,[500; 100; 5; 2560; 1280; 32; 64; 16; 2; 1],0.03553610225208104,0.51456724645831,tvm
1500,1500,6,128,64,16,40,4,1,1,[1500; 1500; 6; 128; 64; 16; 40; 4; 1; 1],0.03850594977848232,0.4748802299620878,tvm
300,20,5,1280,160,80,256,32,5,1,[300; 20; 5; 1280; 160; 80; 256; 32; 5; 1],0.0731286050286144,0.25004872277488804,tvm
30,30,15,256,16,16,160,5,1,1,[30; 30; 15; 256; 16; 16; 160; 5; 1; 1],0.047575016506016254,0.3843553955131452,tvm
375,125,5,1280,320,80,10,2,5,0,[375; 125; 5; 1280; 320; 80; 10; 2; 5; 0],0.03621958725852892,0.5048570585632061,tvm
300,60,12,512,128,16,32,4,1,0,[300; 60; 12; 512; 128; 16; 32; 4; 1; 0],0.0424315927666612,0.43094574333494035,tvm
500,500,5,2560,320,80,20,4,5,0,[500; 500; 5; 2560; 320; 80; 20; 4; 5; 0],0.05294690793380141,0.34535943644861367,tvm
500,125,5,2560,32,32,16,1,2,1,[500; 125; 5; 2560; 32; 32; 16; 1; 2; 1],0.04351183900143951,0.4202468731581154,tvm
750,50,5,2560,640,64,80,8,4,1,[750; 50; 5; 2560; 640; 64; 80; 8; 4; 1],0.049660027492791414,0.368217965412295,tvm
300,15,5,128,128,64,160,1,4,1,[300; 15; 5; 128; 128; 64; 160; 1; 4; 1],0.03778015373973176,0.48400317298031503,tvm
1500,1500,5,1280,1280,80,80,16,5,1,[1500; 1500; 5; 1280; 1280; 80; 80; 16; 5; 1],0.045591182250063866,0.4010800638030981,tvm
375,15,5,640,320,80,64,8,5,0,[375; 15; 5; 640; 320; 80; 64; 8; 5; 0],0.031794079986866564,0.5751295301913977,tvm
300,100,10,2560,2560,32,80,2,2,0,[300; 100; 10; 2560; 2560; 32; 80; 2; 2; 0],0.061213204404339194,0.2987217294642735,tvm
20,20,10,640,64,32,32,1,2,0,[20; 20; 10; 640; 64; 32; 32; 1; 2; 0],0.05032169749028981,0.36337634057839047,tvm
1500,20,5,320,160,80,20,20,5,1,[1500; 20; 5; 320; 160; 80; 20; 20; 5; 1],0.04083870997419581,0.44775445397928165,tvm
300,30,5,2560,2560,80,10,2,5,1,[300; 30; 5; 2560; 2560; 80; 10; 2; 5; 1],0.04977643024176359,0.36735688350692824,tvm
1500,375,15,128,128,16,32,2,1,1,[1500; 375; 15; 128; 128; 16; 32; 2; 1; 1],0.030845213739667088,0.5928217726109893,tvm
100,20,5,640,320,32,10,2,2,1,[100; 20; 5; 640; 320; 32; 10; 2; 2; 1],0.035698644001968205,0.5122243378405669,tvm
300,75,5,32,32,32,8,2,2,1,[300; 75; 5; 32; 32; 32; 8; 2; 2; 1],0.03475626325234771,0.5261127801038602,tvm
750,50,10,256,256,16,160,16,1,1,[750; 50; 10; 256; 256; 16; 160; 16; 1; 1],0.03801428549923003,0.4810221748370007,tvm
1500,100,10,160,160,32,10,5,2,1,[1500; 100; 10; 160; 160; 32; 10; 5; 2; 1],0.032575510267633945,0.5613331651747733,tvm
500,500,10,640,640,16,160,4,1,1,[500; 500; 10; 640; 640; 16; 160; 4; 1; 1],0.028035944502335042,0.6522239435946706,tvm
300,20,5,256,64,32,32,8,2,1,[300; 20; 5; 256; 64; 32; 32; 8; 2; 1],0.04011467599775642,0.45583602088016345,tvm
150,30,6,1024,1024,32,16,8,2,1,[150; 30; 6; 1024; 1024; 32; 16; 8; 2; 1],0.03262550395447761,0.5604730063703647,tvm
150,75,5,2560,2560,64,80,5,4,0,[150; 75; 5; 2560; 2560; 64; 80; 5; 4; 0],0.04206472949590534,0.43470419291521306,tvm
750,750,10,512,128,16,64,2,1,1,[750; 750; 10; 512; 128; 16; 64; 2; 1; 1],0.03559928946197033,0.5136539116952987,tvm
50,50,5,2560,2560,64,10,2,4,1,[50; 50; 5; 2560; 2560; 64; 10; 2; 4; 1],0.03339851851342246,0.5475007605012624,tvm
1500,100,5,320,320,64,256,1,4,0,[1500; 100; 5; 320; 320; 64; 256; 1; 4; 0],0.03854698146460578,0.47437473936848756,tvm
1500,500,5,256,128,64,256,2,4,0,[1500; 500; 5; 256; 128; 64; 256; 2; 4; 0],0.04551838600309566,0.4017214996259027,tvm
60,30,10,1280,160,32,20,1,2,0,[60; 30; 10; 1280; 160; 32; 20; 1; 2; 0],0.035039332520682365,0.5218625176413089,tvm
100,25,5,2560,64,32,128,2,2,0,[100; 25; 5; 2560; 64; 32; 128; 2; 2; 0],0.03665107180131599,0.49891349384925,tvm
750,150,5,1024,32,32,20,5,2,1,[750; 150; 5; 1024; 32; 32; 20; 5; 2; 1],0.05291100195609033,0.34559380109432053,tvm
60,20,5,640,640,32,40,4,2,1,[60; 20; 5; 640; 640; 32; 40; 4; 2; 1],0.0367451497586444,0.4976361344509834,tvm
375,125,5,320,80,80,256,32,5,1,[375; 125; 5; 320; 80; 80; 256; 32; 5; 1],0.0396209797472693,0.46151595448556637,tvm
60,60,10,1280,1280,32,160,10,2,0,[60; 60; 10; 1280; 1280; 32; 160; 10; 2; 0],0.036195216758642346,0.5051969824534398,tvm
60,30,5,64,32,32,32,8,2,1,[60; 30; 5; 64; 32; 32; 32; 8; 2; 1],0.03426570299779996,0.5336448018267224,tvm
500,25,5,128,32,32,80,5,2,0,[500; 25; 5; 128; 32; 32; 80; 5; 2; 0],0.03641019976930693,0.5022140609381874,tvm
750,50,5,1280,64,64,40,20,4,0,[750; 50; 5; 1280; 64; 64; 40; 20; 4; 0],0.031846400001086295,0.5741846577663583,tvm
150,30,10,640,64,32,80,4,2,1,[150; 30; 10; 640; 64; 32; 80; 4; 2; 1],0.030201279208995402,0.6054615819143156,tvm
250,50,5,1024,1024,32,40,2,2,0,[250; 50; 5; 1024; 1024; 32; 40; 2; 2; 0],0.03221462352667004,0.5676215421414377,tvm
750,30,6,512,512,64,128,16,4,0,[750; 30; 6; 512; 512; 64; 128; 16; 4; 0],0.03458313376177102,0.5287465968722513,tvm
300,100,10,1024,512,32,40,10,2,0,[300; 100; 10; 1024; 512; 32; 40; 10; 2; 0],0.03482743597123772,0.525037625532226,tvm
300,50,10,256,128,32,32,1,2,1,[300; 50; 10; 256; 128; 32; 32; 1; 2; 1],0.02916031173663214,0.6270754047784467,tvm
300,50,10,512,64,32,32,16,2,1,[300; 50; 10; 512; 64; 32; 32; 16; 2; 1],0.032200966496020555,0.5678622810273122,tvm
150,30,6,1280,256,32,40,5,2,1,[150; 30; 6; 1280; 256; 32; 40; 5; 2; 1],0.028374901739880443,0.6444326910219402,tvm
1500,300,6,640,32,32,32,4,2,0,[1500; 300; 6; 640; 32; 32; 32; 4; 2; 0],0.041810039489064366,0.43735223666787043,tvm
150,50,10,160,160,32,32,16,2,1,[150; 50; 10; 160; 160; 32; 32; 16; 2; 1],0.026997277222108096,0.6773169803486737,tvm
750,50,5,64,64,32,64,16,2,0,[750; 50; 5; 64; 64; 32; 64; 16; 2; 0],0.030279409256763756,0.6038993076336078,tvm
1500,750,6,640,640,32,64,2,2,1,[1500; 750; 6; 640; 640; 32; 64; 2; 2; 1],0.025035793951246887,0.7303828399180279,tvm
1500,250,5,320,320,32,80,4,2,0,[1500; 250; 5; 320; 320; 32; 80; 4; 2; 0],0.028931448759976774,0.6320359010507073,tvm
1500,300,12,128,32,32,160,4,2,1,[1500; 300; 12; 128; 32; 32; 160; 4; 2; 1],0.024592024507001042,0.7435627872161795,tvm
300,300,5,256,256,32,80,1,2,1,[300; 300; 5; 256; 256; 32; 80; 1; 2; 1],0.03128217573976144,0.5845409998918999,tvm
1500,1500,6,128,128,64,160,4,4,1,[1500; 1500; 6; 128; 128; 64; 160; 4; 4; 1],0.02171843237010762,0.8419444817242893,tvm
300,100,10,512,256,32,128,32,2,1,[300; 100; 10; 512; 256; 32; 128; 32; 2; 1],0.034134140238165855,0.5357016218404346,tvm
250,250,5,256,256,64,128,1,4,0,[250; 250; 5; 256; 256; 64; 128; 1; 4; 0],0.024365877645323053,0.7504640116759417,tvm
5,5,5,2560,640,80,128,8,5,0,[5; 5; 5; 2560; 640; 80; 128; 8; 5; 0],0.04618108522845432,0.39595679043175896,tvm
1500,750,5,32,32,16,32,16,1,0,[1500; 750; 5; 32; 32; 16; 32; 16; 1; 0],0.06014988350216299,0.3040024888004435,tvm
20,10,5,640,640,32,160,5,2,0,[20; 10; 5; 640; 640; 32; 160; 5; 2; 0],0.041344208526425064,0.442279945304238,tvm
1500,125,25,128,64,16,32,32,1,1,[1500; 125; 25; 128; 64; 16; 32; 32; 1; 1],0.06560757849365473,0.27871344600049214,tvm
20,10,5,512,512,32,160,4,2,1,[20; 10; 5; 512; 512; 32; 160; 4; 2; 1],0.040987478219904006,0.44612928337792995,tvm
500,100,25,640,16,16,128,1,1,1,[500; 100; 25; 640; 16; 16; 128; 1; 1; 1],0.035603013006038964,0.5136001911583347,tvm
20,20,5,5120,640,80,40,5,5,0,[20; 20; 5; 5120; 640; 80; 40; 5; 5; 0],0.03220982645871118,0.5677060790487091,tvm
500,50,10,640,320,16,256,2,1,1,[500; 50; 10; 640; 320; 16; 256; 2; 1; 1],0.046794815512839705,0.3907636793801868,tvm
750,750,25,320,64,16,40,40,1,1,[750; 750; 25; 320; 64; 16; 40; 40; 1; 1],0.06887678359635174,0.26548443947203776,tvm
500,50,5,160,80,16,160,4,1,1,[500; 50; 5; 160; 80; 16; 160; 4; 1; 1],0.040310526732355356,0.45362131849885273,tvm
250,125,25,256,64,16,64,16,1,1,[250; 125; 25; 256; 64; 16; 64; 16; 1; 1],0.050358447479084134,0.3631111601148759,tvm
375,125,5,2560,64,64,80,5,4,0,[375; 125; 5; 2560; 64; 64; 80; 5; 4; 0],0.02560600801371038,0.7141181193071351,tvm
1500,150,10,256,16,16,32,16,1,0,[1500; 150; 10; 256; 16; 16; 32; 16; 1; 0],0.05572313105221838,0.32815302981770117,tvm
500,500,10,2560,1280,16,64,32,1,1,[500; 500; 10; 2560; 1280; 16; 64; 32; 1; 1],0.039425988972652704,0.4637984933846028,tvm
60,15,5,2560,2560,80,32,32,5,0,[60; 15; 5; 2560; 2560; 80; 32; 32; 5; 0],0.041807418514508754,0.4373796549855967,tvm
1500,150,25,640,128,16,160,16,1,1,[1500; 150; 25; 640; 128; 16; 160; 16; 1; 1],0.055207555065862834,0.33121760715357446,tvm
1500,30,6,128,32,32,256,2,2,0,[1500; 30; 6; 128; 32; 32; 256; 2; 2; 0],0.05154568748548627,0.35474770398324784,tvm
30,15,5,128,32,32,64,1,2,1,[30; 15; 5; 128; 32; 32; 64; 1; 2; 1],0.033027133031282574,0.5536573298201348,tvm
20,20,5,320,320,64,256,64,4,1,[20; 20; 5; 320; 320; 64; 256; 64; 4; 1],0.03635468997526914,0.5029808890724536,tvm
60,60,6,160,32,32,16,1,2,0,[60; 60; 6; 160; 32; 32; 16; 1; 2; 0],0.04625096375821158,0.3953585568791043,tvm
50,10,5,640,320,64,20,1,4,1,[50; 10; 5; 640; 320; 64; 20; 1; 4; 1],0.041000744968187064,0.44598492783246685,tvm
500,500,10,512,32,32,256,32,2,0,[500; 500; 10; 512; 32; 32; 256; 32; 2; 0],0.054345593438483775,0.3364709653306613,tvm
375,375,5,1280,1280,64,20,2,4,0,[375; 375; 5; 1280; 1280; 64; 20; 2; 4; 0],0.034980362514033914,0.5227422751373193,tvm
750,50,10,1280,128,32,20,10,2,0,[750; 50; 10; 1280; 128; 32; 20; 10; 2; 0],0.0317314017447643,0.5762655691292126,tvm
500,20,10,1280,64,32,40,4,2,1,[500; 20; 10; 1280; 64; 32; 40; 4; 2; 1],0.04670157952932641,0.391543807939766,tvm
1500,750,6,640,16,16,64,2,1,1,[1500; 750; 6; 640; 16; 16; 64; 2; 1; 1],0.04160154249984771,0.4395441415611266,tvm
60,10,5,2560,320,32,10,2,2,1,[60; 10; 5; 2560; 320; 32; 10; 2; 2; 1],0.046509207226336,0.39316331918381825,tvm
750,25,5,320,80,80,16,8,5,1,[750; 25; 5; 320; 80; 80; 16; 8; 5; 1],0.03844158549327403,0.4756753409381011,tvm
60,60,15,160,80,16,64,32,1,1,[60; 60; 15; 160; 80; 16; 64; 32; 1; 1],0.03496998199261725,0.5228974464320487,tvm
150,75,5,2560,256,32,64,2,2,0,[150; 75; 5; 2560; 256; 32; 64; 2; 2; 0],0.034390358719974756,0.5317104841681544,tvm
60,20,5,2560,64,64,10,1,4,1,[60; 20; 5; 2560; 64; 64; 10; 1; 4; 1],0.04430956649594009,0.4126809565467027,tvm
150,15,5,160,160,80,80,5,5,1,[150; 15; 5; 160; 160; 80; 80; 5; 5; 1],0.032037336262874305,0.5707626294419567,tvm
30,30,6,1280,256,64,256,2,4,1,[30; 30; 6; 1280; 256; 64; 256; 2; 4; 1],0.038961308484431356,0.4693300866171145,tvm
100,100,10,1280,160,32,8,1,2,1,[100; 100; 10; 1280; 160; 32; 8; 1; 2; 1],0.03532691526925191,0.5176142368034589,tvm
300,20,10,1280,256,32,80,4,2,1,[300; 20; 10; 1280; 256; 32; 80; 4; 2; 1],0.048270092520397156,0.37882078386295653,tvm
20,20,5,128,64,64,80,2,4,1,[20; 20; 5; 128; 64; 64; 80; 2; 4; 1],0.03226450423244387,0.5667440030684531,tvm
100,20,10,1280,640,32,160,4,2,1,[100; 20; 10; 1280; 640; 32; 160; 4; 2; 1],0.04109753924421966,0.4449345294630057,tvm
100,100,5,320,160,80,256,4,5,1,[100; 100; 5; 320; 160; 80; 256; 4; 5; 1],0.031275776971597224,0.5846605921995246,tvm
1500,300,6,1024,64,64,80,10,4,0,[1500; 300; 6; 1024; 64; 64; 80; 10; 4; 0],0.041885947226546705,0.4365596458118313,tvm
500,25,5,1280,128,32,160,8,2,0,[500; 25; 5; 1280; 128; 32; 160; 8; 2; 0],0.03963966929586604,0.46129835618031445,tvm
1500,20,5,512,256,64,80,4,4,0,[1500; 20; 5; 512; 256; 64; 80; 4; 4; 0],0.048425627988763154,0.377604071339196,tvm
250,250,5,64,64,64,20,4,4,1,[250; 250; 5; 64; 64; 64; 20; 4; 4; 1],0.027215216017793864,0.6718930422510229,tvm
100,25,5,1280,640,80,160,20,5,0,[100; 25; 5; 1280; 640; 80; 160; 20; 5; 0],0.03130030649481341,0.5842024035369847,tvm
60,30,5,2560,320,80,80,5,5,0,[60; 30; 5; 2560; 320; 80; 80; 5; 5; 0],0.03107862250180915,0.5883695226405172,tvm
500,250,10,512,128,16,80,5,1,1,[500; 250; 10; 512; 128; 16; 80; 5; 1; 1],0.03061412723036483,0.5972966058486057,tvm
100,25,5,2560,256,64,32,4,4,1,[100; 25; 5; 2560; 256; 64; 32; 4; 4; 1],0.031385907786898315,0.5826090616804606,tvm
375,25,5,1280,256,32,40,1,2,0,[375; 25; 5; 1280; 256; 32; 40; 1; 2; 0],0.0329162017442286,0.5555232170406913,tvm
75,25,5,1024,64,32,128,4,2,1,[75; 25; 5; 1024; 64; 32; 128; 4; 2; 1],0.03547863697167486,0.5154006987447991,tvm
75,25,5,1280,1280,80,32,8,5,1,[75; 25; 5; 1280; 1280; 80; 32; 8; 5; 1],0.026073446206282824,0.7013155890880295,tvm
300,75,5,1280,256,64,128,32,4,0,[300; 75; 5; 1280; 256; 64; 128; 32; 4; 0],0.030084958765655756,0.607802537744835,tvm
50,25,5,1280,160,80,128,8,5,1,[50; 25; 5; 1280; 160; 80; 128; 8; 5; 1],0.029572725761681795,0.6183303640345388,tvm
300,30,10,256,256,32,128,8,2,0,[300; 30; 10; 256; 256; 32; 128; 8; 2; 0],0.03701025794725865,0.4940715169230186,tvm
300,50,10,256,128,32,40,40,2,1,[300; 50; 10; 256; 128; 32; 40; 40; 2; 1],0.03720824676565826,0.49144251275476053,tvm
30,30,5,256,64,64,40,20,4,1,[30; 30; 5; 256; 64; 64; 40; 20; 4; 1],0.03256440197583288,0.561524645816764,tvm
500,50,5,512,64,32,160,32,2,1,[500; 50; 5; 512; 64; 32; 160; 32; 2; 1],0.03020052774809301,0.6054766472373625,tvm
60,30,6,640,320,32,128,2,2,1,[60; 30; 6; 640; 320; 32; 128; 2; 2; 1],0.033689992502331734,0.5427639761109685,tvm
150,150,5,1024,64,64,40,1,4,0,[150; 150; 5; 1024; 64; 64; 40; 1; 4; 0],0.03273504227399826,0.5585975460993614,tvm
150,50,5,320,64,64,160,32,4,0,[150; 50; 5; 320; 64; 64; 160; 32; 4; 0],0.026467767485883087,0.6908672707460952,tvm
500,100,5,640,320,32,64,32,2,0,[500; 100; 5; 640; 320; 32; 64; 32; 2; 0],0.027794997964520007,0.6578778782087262,tvm
750,250,10,320,160,32,32,16,2,0,[750; 250; 10; 320; 160; 32; 32; 16; 2; 0],0.033080978493671864,0.5527561492539347,tvm
1500,750,6,640,320,32,40,20,2,0,[1500; 750; 6; 640; 320; 32; 40; 20; 2; 0],0.0315751539892517,0.5791171847313495,tvm
300,300,5,320,320,32,32,16,2,0,[300; 300; 5; 320; 320; 32; 32; 16; 2; 0],0.032603041210677475,0.5608591593512364,tvm
500,250,5,64,32,32,64,4,2,1,[500; 250; 5; 64; 32; 32; 64; 4; 2; 1],0.028800046246033162,0.6349196153889132,tvm
250,250,5,1280,80,80,64,4,5,1,[250; 250; 5; 1280; 80; 80; 64; 4; 5; 1],0.023017757484922186,0.7944177141362433,tvm
750,750,15,2560,512,16,40,5,1,1,[750; 750; 15; 2560; 512; 16; 40; 5; 1; 1],0.06287985353264958,0.2908040216127358,tvm
375,125,5,80,80,16,80,5,1,1,[375; 125; 5; 80; 80; 16; 80; 5; 1; 1],0.0358099207514897,0.5106326376037456,tvm
500,125,5,512,128,16,64,32,1,1,[500; 125; 5; 512; 128; 16; 64; 32; 1; 1],0.0395062065217644,0.4628567482337361,tvm
1500,750,6,1280,128,16,64,4,1,1,[1500; 750; 6; 1280; 128; 16; 64; 4; 1; 1],0.0672125049168244,0.27205821756446796,tvm
300,300,5,160,160,16,40,1,1,1,[300; 300; 5; 160; 160; 16; 40; 1; 1; 1],0.036131937988102436,0.5060817466180593,tvm
1500,75,15,1280,128,16,128,8,1,1,[1500; 75; 15; 1280; 128; 16; 128; 8; 1; 1],0.0657219315180555,0.278228497905463,tvm
1500,100,5,160,16,16,160,4,1,1,[1500; 100; 5; 160; 16; 16; 160; 4; 1; 1],0.039180751773528755,0.46670146584753525,tvm
75,25,5,2560,1280,64,256,16,4,0,[75; 25; 5; 2560; 1280; 64; 256; 16; 4; 0],0.04427636374020949,0.41299042516240225,tvm
150,30,10,2560,256,32,32,32,2,1,[150; 30; 10; 2560; 256; 32; 32; 32; 2; 1],0.03803973976755515,0.4807002991463821,tvm
300,300,15,64,32,16,80,16,1,0,[300; 300; 15; 64; 32; 16; 80; 16; 1; 0],0.04791499028215185,0.3816282582556559,tvm
300,60,12,1024,32,16,32,2,1,1,[300; 60; 12; 1024; 32; 16; 32; 2; 1; 1],0.043444919981993735,0.42089418724428584,tvm
1500,150,6,1280,128,32,64,4,2,1,[1500; 150; 6; 1280; 128; 32; 64; 4; 2; 1],0.04801259050145745,0.3808524825412037,tvm
1500,300,15,512,256,16,80,2,1,0,[1500; 300; 15; 512; 256; 16; 80; 2; 1; 0],0.0523685795487836,0.3491733868527091,tvm
100,50,10,320,32,16,64,4,1,0,[100; 50; 10; 320; 32; 16; 64; 4; 1; 0],0.03719248902052641,0.49165072753325173,tvm
300,100,5,2560,128,32,160,8,2,0,[300; 100; 5; 2560; 128; 32; 160; 8; 2; 0],0.04256810527294874,0.42956373483070026,tvm
1500,300,6,256,64,32,16,16,2,1,[1500; 300; 6; 256; 64; 32; 16; 16; 2; 1],0.048760258010588586,0.3750126646529113,tvm
15,15,5,320,32,32,128,8,2,0,[15; 15; 5; 320; 32; 32; 128; 8; 2; 0],0.04560994450002909,0.40091507424883244,tvm
375,375,15,1280,1280,16,80,4,1,1,[375; 375; 15; 1280; 1280; 16; 80; 4; 1; 1],0.030737285502254963,0.5949033555475418,tvm
375,75,15,512,256,16,160,20,1,1,[375; 75; 15; 512; 256; 16; 160; 20; 1; 1],0.03346000728197396,0.5464946295921884,tvm
750,75,15,64,64,16,80,2,1,0,[750; 75; 15; 64; 64; 16; 80; 2; 1; 0],0.03785794327268377,0.48300865564739387,tvm
20,20,5,1024,64,32,160,2,2,0,[20; 20; 5; 1024; 64; 32; 160; 2; 2; 0],0.03770099050598219,0.4850194660751104,tvm
1500,15,5,512,512,64,80,8,4,1,[1500; 15; 5; 512; 512; 64; 80; 8; 4; 1],0.04934519430389628,0.37056727698953357,tvm
750,150,10,128,16,16,64,64,1,1,[750; 150; 10; 128; 16; 16; 64; 64; 1; 1],0.03133527794852853,0.5835504097251183,tvm
60,60,10,512,512,16,64,1,1,1,[60; 60; 10; 512; 512; 16; 64; 1; 1; 1],0.03458443551789969,0.5287266948812925,tvm
150,15,5,1280,320,80,80,16,5,1,[150; 15; 5; 1280; 320; 80; 80; 16; 5; 1],0.03149677254259586,0.5805583496208986,tvm
375,75,5,320,80,80,256,32,5,1,[375; 75; 5; 320; 80; 80; 256; 32; 5; 1],0.0395689697470516,0.46212257742891605,tvm
500,100,10,128,16,16,160,5,1,1,[500; 100; 10; 128; 16; 16; 160; 5; 1; 1],0.0338138077640906,0.5407765494288179,tvm
60,20,5,256,64,64,40,2,4,1,[60; 20; 5; 256; 64; 64; 40; 2; 4; 1],0.035289535007905215,0.5181625170639993,tvm
250,250,10,320,160,16,128,2,1,0,[250; 250; 10; 320; 160; 16; 128; 2; 1; 0],0.032109240477439016,0.569484485270289,tvm
1500,60,12,160,32,32,16,8,2,1,[1500; 60; 12; 160; 32; 32; 16; 8; 2; 1],0.029967025737278163,0.6101944999822707,tvm
750,750,5,1024,64,32,32,2,2,0,[750; 750; 5; 1024; 64; 32; 32; 2; 2; 0],0.05864976951852441,0.3117781098856455,tvm
150,150,15,128,32,16,64,2,1,1,[150; 150; 15; 128; 32; 16; 64; 2; 1; 1],0.0300098835141398,0.6093230677519484,tvm
500,100,10,320,80,16,128,64,1,1,[500; 100; 10; 320; 80; 16; 128; 64; 1; 1],0.032863325730431825,0.5564170356861206,tvm
60,60,6,512,128,64,10,5,4,1,[60; 60; 6; 512; 128; 64; 10; 5; 4; 1],0.03131186403334141,0.5839867682819313,tvm
750,150,10,1280,1280,32,64,16,2,0,[750; 150; 10; 1280; 1280; 32; 64; 16; 2; 0],0.028310215508099645,0.6459051602939118,tvm
60,60,10,640,160,32,16,2,2,1,[60; 60; 10; 640; 160; 32; 16; 2; 2; 1],0.029293269501067698,0.6242292034027748,tvm
100,20,5,2560,640,64,64,4,4,1,[100; 20; 5; 2560; 640; 64; 64; 4; 4; 1],0.030123197473585606,0.6070309867253847,tvm
750,250,10,1280,1280,32,80,1,2,0,[750; 250; 10; 1280; 1280; 32; 80; 1; 2; 0],0.02753220673184842,0.6641572346092378,tvm
100,100,5,2560,640,32,128,8,2,1,[100; 100; 5; 2560; 640; 32; 128; 8; 2; 1],0.02847715752432123,0.6421186619520285,tvm
150,25,5,512,128,32,32,32,2,1,[150; 25; 5; 512; 128; 32; 32; 32; 2; 1],0.042218977701850235,0.43311598909020765,tvm
60,30,5,2560,512,32,40,10,2,1,[60; 30; 5; 2560; 512; 32; 40; 10; 2; 1],0.034068211214616895,0.536738315097355,tvm
300,100,5,1280,256,64,160,40,4,0,[300; 100; 5; 1280; 256; 64; 160; 40; 4; 0],0.03196676797233522,0.5720226174112806,tvm
60,30,6,2560,256,64,80,2,4,1,[60; 30; 6; 2560; 256; 64; 80; 2; 4; 1],0.03071267099585384,0.5953801376696553,tvm
250,25,5,80,80,80,32,2,5,0,[250; 25; 5; 80; 80; 80; 32; 2; 5; 0],0.03787440125597641,0.48279876854367126,tvm
750,30,10,320,320,32,40,8,2,0,[750; 30; 10; 320; 320; 32; 40; 8; 2; 0],0.031404765497427434,0.5822592207291657,tvm
250,25,5,640,640,32,40,4,2,0,[250; 25; 5; 640; 640; 32; 40; 4; 2; 0],0.03232459450373426,0.5656904461276955,tvm
150,30,6,256,128,32,128,2,2,1,[150; 30; 6; 256; 128; 32; 128; 2; 2; 1],0.030779600027017295,0.5940855069482288,tvm
30,30,6,512,512,64,80,40,4,0,[30; 30; 6; 512; 512; 64; 80; 40; 4; 0],0.0336155709810555,0.5439656014178502,tvm
250,50,10,320,320,32,64,32,2,0,[250; 50; 10; 320; 320; 32; 64; 32; 2; 0],0.03290547453798354,0.5557043179731893,tvm
250,50,10,160,160,32,32,32,2,1,[250; 50; 10; 160; 160; 32; 32; 32; 2; 1],0.03378655627602711,0.5412127278176829,tvm
150,75,5,256,64,64,20,1,4,1,[150; 75; 5; 256; 64; 64; 20; 1; 4; 1],0.029225965728983283,0.6256667257903615,tvm
300,30,5,640,64,32,80,16,2,1,[300; 30; 5; 640; 64; 32; 80; 16; 2; 1],0.03057111077941954,0.5981370587955287,tvm
1500,60,5,160,160,32,160,5,2,0,[1500; 60; 5; 160; 160; 32; 160; 5; 2; 0],0.02699522575130686,0.6773684522652699,tvm
150,25,5,1280,640,32,80,2,2,1,[150; 25; 5; 1280; 640; 32; 80; 2; 2; 1],0.03272091620601714,0.558838700315845,tvm
150,50,5,1024,1024,64,80,10,4,0,[150; 50; 5; 1024; 1024; 64; 80; 10; 4; 0],0.029777550022117794,0.6140771914456447,tvm
150,50,5,1024,512,64,64,8,4,0,[150; 50; 5; 1024; 512; 64; 64; 8; 4; 0],0.029424887732602656,0.6214370111412113,tvm
60,30,5,640,320,80,40,10,5,1,[60; 30; 5; 640; 320; 80; 40; 10; 5; 1],0.027281888003926724,0.670251057517808,tvm
300,60,10,320,160,32,64,8,2,1,[300; 60; 10; 320; 160; 32; 64; 8; 2; 1],0.026777673279866576,0.6828716630680094,tvm
375,125,5,1024,128,32,80,10,2,1,[375; 125; 5; 1024; 128; 32; 80; 10; 2; 1],0.030463279224932194,0.6002542979926019,tvm
750,150,6,128,32,32,64,8,2,0,[750; 150; 6; 128; 32; 32; 64; 8; 2; 0],0.0311526384903118,0.586971607281386,tvm
1500,125,5,128,128,32,64,1,2,1,[1500; 125; 5; 128; 128; 32; 64; 1; 2; 1],0.025837592547759414,0.7077174180184984,tvm
150,75,5,640,64,64,128,16,4,1,[150; 75; 5; 640; 64; 64; 128; 16; 4; 1],0.024181169254006818,0.7561964474767632,tvm
1500,250,5,640,320,80,160,20,5,0,[1500; 250; 5; 640; 320; 80; 160; 20; 5; 0],0.02382512387703173,0.767497133701889,tvm
375,375,5,512,512,64,160,16,4,1,[375; 375; 5; 512; 512; 64; 160; 16; 4; 1],0.021818672626977786,0.8380763852290831,tvm
750,10,5,1024,512,64,32,1,4,0,[750; 10; 5; 1024; 512; 64; 32; 1; 4; 0],0.06382941803894937,0.2864778474802348,tvm
150,50,10,5120,256,32,64,1,2,0,[150; 50; 10; 5120; 256; 32; 64; 1; 2; 0],0.04704032599693164,0.3887242253998629,tvm
50,5,5,2560,1280,64,40,8,4,1,[50; 5; 5; 2560; 1280; 64; 40; 8; 4; 1],0.05060103803407401,0.36137033934760293,tvm
150,150,5,1024,16,16,64,1,1,0,[150; 150; 5; 1024; 16; 16; 64; 1; 1; 0],0.05548639502376318,0.32955311437845364,tvm
1500,60,5,1280,80,80,20,4,5,0,[1500; 60; 5; 1280; 80; 80; 20; 4; 5; 0],0.07622694200836122,0.23988518762445638,tvm
1500,300,10,1280,128,32,128,64,2,1,[1500; 300; 10; 1280; 128; 32; 128; 64; 2; 1],0.05971629044506699,0.30620981560358834,tvm
300,50,10,1280,640,16,64,1,1,0,[300; 50; 10; 1280; 640; 16; 64; 1; 1; 0],0.048426160763483495,0.3775999170164015,tvm
300,100,5,256,64,32,256,16,2,0,[300; 100; 5; 256; 64; 32; 256; 16; 2; 0],0.0465538467396982,0.3927863230713731,tvm
300,60,5,640,64,64,256,32,4,0,[300; 60; 5; 640; 64; 64; 256; 32; 4; 0],0.04218022199347615,0.4335139414046343,tvm
1500,250,5,1024,128,32,80,5,2,0,[1500; 250; 5; 1024; 128; 32; 80; 5; 2; 0],0.046075232268776745,0.3968664591649981,tvm
1500,150,6,1280,320,32,64,4,2,0,[1500; 150; 6; 1280; 320; 32; 64; 4; 2; 0],0.05409198603592813,0.3380484915744975,tvm
750,375,5,1024,512,16,128,64,1,1,[750; 375; 5; 1024; 512; 16; 128; 64; 1; 1],0.05690750596113503,0.3213234173046085,tvm
25,25,5,2560,320,64,4,4,4,0,[25; 25; 5; 2560; 320; 64; 4; 4; 4; 0],0.059572793543338776,0.30694740330435505,tvm
300,25,5,1280,320,32,256,64,2,1,[300; 25; 5; 1280; 320; 32; 256; 64; 2; 1],0.058349906001240015,0.3133803554940721,tvm
150,50,5,32,32,16,128,16,1,1,[150; 50; 5; 32; 32; 16; 128; 16; 1; 1],0.04110146075254306,0.44489207806520353,tvm
30,10,5,512,512,64,40,40,4,1,[30; 10; 5; 512; 512; 64; 40; 40; 4; 1],0.04123802203685045,0.44341880096417097,tvm
30,15,5,512,256,32,8,1,2,1,[30; 15; 5; 512; 256; 32; 8; 1; 2; 1],0.03681897302158177,0.49663835748476615,tvm
60,10,5,1280,1280,32,40,2,2,0,[60; 10; 5; 1280; 1280; 32; 40; 2; 2; 0],0.048120573977939785,0.37999784238020773,tvm
375,15,5,1024,256,64,64,64,4,1,[375; 15; 5; 1024; 256; 64; 64; 64; 4; 1],0.04795138898771256,0.3813385737460068,tvm
750,30,10,256,128,16,40,40,1,1,[750; 30; 10; 256; 128; 16; 40; 40; 1; 1],0.041762489767279476,0.4378501949383529,tvm
750,15,5,640,64,64,160,20,4,1,[750; 15; 5; 640; 64; 64; 160; 20; 4; 1],0.032630384259391576,0.560389180230121,tvm
300,50,10,160,32,16,160,20,1,0,[300; 50; 10; 160; 32; 16; 160; 20; 1; 0],0.039570658293087035,0.46210285788722366,tvm
300,150,6,640,64,16,32,2,1,1,[300; 150; 6; 640; 64; 16; 32; 2; 1; 1],0.035899284470360726,0.509361525041297,tvm
1500,300,5,1280,1280,64,32,16,4,0,[1500; 300; 5; 1280; 1280; 64; 32; 16; 4; 0],0.05929298000410199,0.3083959396955466,tvm
50,25,5,5120,1280,80,40,5,5,1,[50; 25; 5; 5120; 1280; 80; 40; 5; 5; 1],0.03247755876509473,0.5630261319199541,tvm
1500,60,12,320,320,16,40,40,1,1,[1500; 60; 12; 320; 320; 16; 40; 40; 1; 1],0.03230963321402669,0.5659523945872542,tvm
50,10,5,1280,1280,64,40,10,4,0,[50; 10; 5; 1280; 1280; 64; 40; 10; 4; 0],0.0423460757592693,0.4318160291797914,tvm
10,10,5,1280,320,80,64,8,5,0,[10; 10; 5; 1280; 320; 80; 64; 8; 5; 0],0.04546819400275126,0.40216495699406546,tvm
750,250,10,1024,512,32,10,1,2,1,[750; 250; 10; 1024; 512; 32; 10; 1; 2; 1],0.05083691352047026,0.3596936363642782,tvm
125,125,5,128,64,64,5,1,4,1,[125; 125; 5; 128; 64; 64; 5; 1; 4; 1],0.03402463352540508,0.5374257527876367,tvm
60,60,12,1024,32,16,64,64,1,1,[60; 60; 12; 1024; 32; 16; 64; 64; 1; 1],0.03860566351795569,0.473653672011349,tvm
100,100,5,5120,320,64,40,8,4,1,[100; 100; 5; 5120; 320; 64; 40; 8; 4; 1],0.02640317426994443,0.6925574212692106,tvm
300,30,5,1280,640,64,8,8,4,1,[300; 30; 5; 1280; 640; 64; 8; 8; 4; 1],0.04228078422602266,0.4324828552839361,tvm
15,15,5,2560,320,32,128,32,2,1,[15; 15; 5; 2560; 320; 32; 128; 32; 2; 1],0.0363397637847811,0.5031874833862362,tvm
75,75,15,128,64,16,160,5,1,0,[75; 75; 15; 128; 64; 16; 160; 5; 1; 0],0.03965827799402177,0.4610819029628755,tvm
75,25,5,2560,512,32,5,5,2,1,[75; 25; 5; 2560; 512; 32; 5; 5; 2; 1],0.03429134952602908,0.5332456884449646,tvm
1500,1500,10,512,32,16,160,5,1,1,[1500; 1500; 10; 512; 32; 16; 160; 5; 1; 1],0.048363826994318515,0.37808658706562615,tvm
75,25,5,2560,80,80,160,32,5,1,[75; 25; 5; 2560; 80; 80; 160; 32; 5; 1],0.04140442900825292,0.44163667326675354,tvm
500,100,10,640,640,32,256,2,2,1,[500; 100; 10; 640; 640; 32; 256; 2; 2; 1],0.0378079685033299,0.4836470989998785,tvm
150,30,10,2560,256,32,80,10,2,0,[150; 30; 10; 2560; 256; 32; 80; 10; 2; 0],0.03684900276130065,0.4962336268410011,tvm
375,25,5,256,64,64,32,32,4,0,[375; 25; 5; 256; 64; 64; 32; 32; 4; 0],0.033102977788075805,0.5523888032907142,tvm
75,25,5,640,80,80,20,1,5,1,[75; 25; 5; 640; 80; 80; 20; 1; 5; 1],0.03785383602371439,0.4830610634615416,tvm
125,25,5,320,320,64,32,32,4,1,[125; 25; 5; 320; 320; 64; 32; 32; 4; 1],0.03463278547860682,0.5279885528413428,tvm
30,30,6,2560,320,64,160,2,4,0,[30; 30; 6; 2560; 320; 64; 160; 2; 4; 0],0.02896203874843195,0.6313683385533176,tvm
750,750,5,1280,256,64,32,32,4,1,[750; 750; 5; 1280; 256; 64; 32; 32; 4; 1],0.031214657239615917,0.5858053844815913,tvm
750,30,6,1280,640,32,32,2,2,0,[750; 30; 6; 1280; 640; 32; 32; 2; 2; 0],0.029983868764247745,0.6098517315923508,tvm
750,75,5,1024,256,32,160,16,2,0,[750; 75; 5; 1024; 256; 32; 160; 16; 2; 0],0.04140652850037441,0.4416142803555469,tvm
750,750,5,1024,256,32,160,2,2,1,[750; 750; 5; 1024; 256; 32; 160; 2; 2; 1],0.03928743448341265,0.4654341655583188,tvm
500,50,5,1280,640,32,64,2,2,0,[500; 50; 5; 1280; 640; 32; 64; 2; 2; 0],0.036526852229144424,0.5006101859257472,tvm
250,25,5,1280,256,64,128,1,4,0,[250; 25; 5; 1280; 256; 64; 128; 1; 4; 0],0.030421992007177323,0.6010689333361281,tvm
100,50,10,320,160,32,32,8,2,0,[100; 50; 10; 320; 160; 32; 32; 8; 2; 0],0.02979434176813811,0.6137311046511831,tvm
300,150,10,1280,128,32,160,1,2,0,[300; 150; 10; 1280; 128; 32; 160; 1; 2; 0],0.0338474057498388,0.5402397578373159,tvm
60,30,5,1280,1280,80,32,8,5,0,[60; 30; 5; 1280; 1280; 80; 32; 8; 5; 0],0.028478433494456112,0.64208989196242,tvm
300,50,10,128,32,32,40,10,2,1,[300; 50; 10; 128; 32; 32; 40; 10; 2; 1],0.028247603971976787,0.6473368255889861,tvm
300,50,5,256,128,32,40,5,2,0,[300; 50; 5; 256; 128; 32; 40; 5; 2; 0],0.031013021245598793,0.589614089543414,tvm
100,25,5,1024,512,64,64,8,4,1,[100; 25; 5; 1024; 512; 64; 64; 8; 4; 1],0.028418575995601714,0.6434423135256436,tvm
150,50,5,128,64,32,64,4,2,0,[150; 50; 5; 128; 64; 32; 64; 4; 2; 0],0.029240986215882003,0.6253453337966608,tvm
500,50,5,640,640,32,160,20,2,1,[500; 50; 5; 640; 640; 32; 160; 20; 2; 1],0.025269509467761964,0.7236275919420841,tvm
1500,60,6,128,64,64,128,16,4,0,[1500; 60; 6; 128; 64; 64; 128; 16; 4; 0],0.02684276446234435,0.6812157634272696,tvm
500,500,10,320,64,32,80,2,2,1,[500; 500; 10; 320; 64; 32; 80; 2; 2; 1],0.023877852887380868,0.7658022843158585,tvm
60,60,5,256,128,64,40,8,4,0,[60; 60; 5; 256; 128; 64; 40; 8; 4; 0],0.027013877290301025,0.6769007680463378,tvm
300,60,5,160,80,80,64,1,5,1,[300; 60; 5; 160; 80; 80; 64; 1; 5; 1],0.025121595012024045,0.727888268120003,tvm
750,250,5,128,64,64,40,2,4,0,[750; 250; 5; 128; 64; 64; 40; 2; 4; 0],0.03159901296021417,0.5786799198043796,tvm
1500,150,6,256,256,64,128,4,4,0,[1500; 150; 6; 256; 256; 64; 128; 4; 4; 0],0.02989110053749755,0.6117444308474146,tvm
30,30,10,2560,256,16,128,8,1,1,[30; 30; 10; 2560; 256; 16; 128; 8; 1; 1],0.04442001297138631,0.4116548614583532,tvm
500,125,5,1024,512,64,256,64,4,1,[500; 125; 5; 1024; 512; 64; 256; 64; 4; 1],0.036008575989399105,0.5078155351407838,tvm
15,15,5,80,80,80,10,5,5,0,[15; 15; 5; 80; 80; 80; 10; 5; 5; 0],0.06081221404019743,0.3006914741441129,tvm
1500,10,5,320,320,32,256,2,2,1,[1500; 10; 5; 320; 320; 32; 256; 2; 2; 1],0.04924986022524536,0.3712845925264388,tvm
1500,1500,10,512,512,32,40,10,2,1,[1500; 1500; 10; 512; 512; 32; 40; 10; 2; 1],0.04037155327387154,0.45293561438342766,tvm
150,15,5,256,128,32,80,5,2,1,[150; 15; 5; 256; 128; 32; 80; 5; 2; 1],0.03374405053909868,0.5418944671306407,tvm
150,150,10,64,64,32,32,2,2,1,[150; 150; 10; 64; 64; 32; 32; 2; 2; 1],0.025563755014445633,0.7152984479541972,tvm
500,100,5,2560,256,64,80,5,4,0,[500; 100; 5; 2560; 256; 64; 80; 5; 4; 0],0.03281456750119105,0.5572437998779226,tvm
250,50,10,1280,128,32,32,2,2,0,[250; 50; 10; 1280; 128; 32; 32; 2; 2; 0],0.029323303257115185,0.623589850208207,tvm
1500,1500,6,160,160,32,10,1,2,1,[1500; 1500; 6; 160; 160; 32; 10; 1; 2; 1],0.0440867772558704,0.4147664089753678,tvm
250,25,5,5120,5120,64,40,4,4,1,[250; 25; 5; 5120; 5120; 64; 40; 4; 4; 1],0.04647234926233068,0.3934751433049723,tvm
60,30,6,640,320,32,8,1,2,1,[60; 30; 6; 640; 320; 32; 8; 1; 2; 1],0.033418885024730116,0.5471670964540792,tvm
375,375,15,640,64,16,64,16,1,1,[375; 375; 15; 640; 64; 16; 64; 16; 1; 1],0.03170171828242019,0.576805147368129,tvm
750,150,6,256,64,32,40,2,2,1,[750; 150; 6; 256; 64; 32; 40; 2; 2; 1],0.025997683289460838,0.7033593756074067,tvm
150,25,5,2560,2560,80,40,5,5,1,[150; 25; 5; 2560; 2560; 80; 40; 5; 5; 1],0.03296860423870385,0.5546402314553425,tvm
250,125,5,128,16,16,128,64,1,1,[250; 125; 5; 128; 16; 16; 128; 64; 1; 1],0.03988441621186212,0.45846764281523794,tvm
30,30,10,640,320,32,256,32,2,1,[30; 30; 10; 640; 320; 32; 256; 32; 2; 1],0.039552802802063525,0.46231146695779285,tvm
250,50,10,512,64,32,32,4,2,0,[250; 50; 10; 512; 64; 32; 32; 4; 2; 0],0.03294864221243188,0.5549762617779402,tvm
500,50,5,512,512,32,160,40,2,1,[500; 50; 5; 512; 512; 32; 160; 40; 2; 1],0.02781194046838209,0.6574771115486292,tvm
750,250,10,1024,1024,32,64,1,2,0,[750; 250; 10; 1024; 1024; 32; 64; 1; 2; 0],0.041442027024459094,0.4412360011956475,tvm
750,150,5,1280,128,64,160,40,4,0,[750; 150; 5; 1280; 128; 64; 160; 40; 4; 0],0.026351367763709277,0.6939189817272828,tvm
1500,750,6,32,16,16,128,1,1,0,[1500; 750; 6; 32; 16; 16; 128; 1; 1; 0],0.044107696041464806,0.4145696993224093,tvm
300,30,5,1024,128,32,160,5,2,0,[300; 30; 5; 1024; 128; 32; 160; 5; 2; 0],0.03700569353532046,0.49413245743553763,tvm
1500,20,5,256,256,64,20,2,4,1,[1500; 20; 5; 256; 256; 64; 20; 2; 4; 1],0.039491536968853325,0.4630286813130644,tvm
150,75,5,1280,1280,32,40,4,2,0,[150; 75; 5; 1280; 1280; 32; 40; 4; 2; 0],0.03060523426393047,0.5974701623919525,tvm
750,750,5,256,128,64,80,1,4,1,[750; 750; 5; 256; 128; 64; 80; 1; 4; 1],0.022630083112744614,0.8080268284748939,tvm
60,60,5,512,64,32,20,10,2,1,[60; 60; 5; 512; 64; 32; 20; 10; 2; 1],0.03402271750383079,0.5374560184281402,tvm
150,150,5,640,640,32,20,5,2,0,[150; 150; 5; 640; 640; 32; 20; 5; 2; 0],0.02985951746813953,0.612391486407152,tvm
500,500,5,512,256,64,80,4,4,0,[500; 500; 5; 512; 256; 64; 80; 4; 4; 0],0.027234921522904187,0.6714069019929526,tvm
150,50,5,1280,160,80,16,2,5,1,[150; 50; 5; 1280; 160; 80; 16; 2; 5; 1],0.028275168035179377,0.6467057689264156,tvm
750,150,10,64,16,16,256,1,1,1,[750; 150; 10; 64; 16; 16; 256; 1; 1; 1],0.03983847377821803,0.4589963558220479,tvm
150,50,10,640,160,16,40,10,1,0,[150; 50; 10; 640; 160; 16; 40; 10; 1; 0],0.036822057503741235,0.49659675545985993,tvm
10,10,5,2560,2560,32,20,2,2,1,[10; 10; 5; 2560; 2560; 32; 20; 2; 2; 1],0.034307210764382035,0.5329991531896446,tvm
50,25,5,5120,1280,80,16,4,5,0,[50; 25; 5; 5120; 1280; 80; 16; 4; 5; 0],0.03435174626065418,0.5323081437248035,tvm
300,60,10,2560,320,32,64,4,2,0,[300; 60; 10; 2560; 320; 32; 64; 4; 2; 0],0.04315846075769514,0.4236878230754314,tvm
300,300,12,640,64,32,256,2,2,1,[300; 300; 12; 640; 64; 32; 256; 2; 2; 1],0.033056867483537644,0.5531593184024649,tvm
300,300,5,640,32,16,80,20,1,1,[300; 300; 5; 640; 32; 16; 80; 20; 1; 1],0.03750831098295748,0.48751100240217965,tvm
60,60,10,5120,32,32,40,5,2,0,[60; 60; 10; 5120; 32; 32; 40; 5; 2; 0],0.04243229952408001,0.43093856545147363,tvm
300,25,5,1024,1024,32,16,16,2,1,[300; 25; 5; 1024; 1024; 32; 16; 16; 2; 1],0.039883938501589,0.4584731341160245,tvm
60,30,5,5120,64,64,64,16,4,1,[60; 30; 5; 5120; 64; 64; 64; 16; 4; 1],0.03606950049288571,0.5069577908161199,tvm
300,300,12,2560,64,32,40,8,2,0,[300; 300; 12; 2560; 64; 32; 40; 8; 2; 0],0.05204780597705394,0.35132536218290966,tvm
1500,300,15,640,80,16,64,16,1,1,[1500; 300; 15; 640; 80; 16; 64; 16; 1; 1],0.03013344801729545,0.606824492013625,tvm
125,25,5,1280,640,64,20,2,4,0,[125; 25; 5; 1280; 640; 64; 20; 2; 4; 0],0.03318209951976314,0.5510716485803854,tvm
30,30,10,512,128,32,128,32,2,0,[30; 30; 10; 512; 128; 32; 128; 32; 2; 0],0.039478084770962596,0.4631864588112952,tvm
20,20,5,640,80,80,20,10,5,1,[20; 20; 5; 640; 80; 80; 20; 10; 5; 1],0.042176840477623045,0.43354869825813025,tvm
500,20,5,512,128,32,160,40,2,0,[500; 20; 5; 512; 128; 32; 160; 40; 2; 0],0.03755466372240335,0.48690928031944775,tvm
150,150,6,1280,128,64,5,1,4,0,[150; 150; 6; 1280; 128; 64; 5; 1; 4; 0],0.06823161744978279,0.26799473571284216,tvm
50,50,5,5120,1280,32,10,10,2,0,[50; 50; 5; 5120; 1280; 32; 10; 10; 2; 0],0.040475004294421524,0.45177794553648803,tvm
100,20,5,5120,256,64,40,1,4,0,[100; 20; 5; 5120; 256; 64; 40; 1; 4; 0],0.03328274399973452,0.5494052499355264,tvm
300,100,10,128,16,16,128,4,1,0,[300; 100; 10; 128; 16; 16; 128; 4; 1; 0],0.03980859776493162,0.4593408286745188,tvm
15,15,5,1024,32,32,80,16,2,0,[15; 15; 5; 1024; 32; 32; 80; 16; 2; 0],0.04081976774614304,0.4479622324025119,tvm
1500,375,15,512,16,16,160,10,1,1,[1500; 375; 15; 512; 16; 16; 160; 10; 1; 1],0.04767478251596913,0.38355107922284304,tvm
750,750,10,1024,32,32,128,16,2,1,[750; 750; 10; 1024; 32; 32; 128; 16; 2; 1],0.03676197299500927,0.4974084031941571,tvm
300,300,6,640,160,16,40,5,1,1,[300; 300; 6; 640; 160; 16; 40; 5; 1; 1],0.03429214301286265,0.5332333496584186,tvm
375,25,5,640,32,32,80,8,2,0,[375; 25; 5; 640; 32; 32; 80; 8; 2; 0],0.0321687517571263,0.5684309551011247,tvm
50,25,5,256,64,64,80,1,4,0,[50; 25; 5; 256; 64; 64; 80; 1; 4; 0],0.0317257217830047,0.5763687398755998,tvm
250,250,5,640,640,16,80,1,1,1,[250; 250; 5; 640; 640; 16; 80; 1; 1; 1],0.038286713999696076,0.4775994692534711,tvm
250,50,10,320,64,16,160,10,1,0,[250; 50; 10; 320; 64; 16; 160; 10; 1; 0],0.03655808750772849,0.5001824639171465,tvm
1500,300,5,640,640,32,128,32,2,1,[1500; 300; 5; 640; 640; 32; 128; 32; 2; 1],0.023962030099937692,0.7631120656075728,tvm
20,20,5,1024,512,64,32,32,4,1,[20; 20; 5; 1024; 512; 64; 32; 32; 4; 1],0.03283868171274662,0.5568346027306122,tvm
300,300,10,5120,160,16,64,4,1,1,[300; 300; 10; 5120; 160; 16; 64; 4; 1; 1],0.047380221250932664,0.3859356035690597,tvm
75,75,5,160,80,16,160,10,1,1,[75; 75; 5; 160; 80; 16; 160; 10; 1; 1],0.04070165421580896,0.44926218941273205,tvm
150,50,5,128,32,32,64,16,2,0,[150; 50; 5; 128; 32; 32; 64; 16; 2; 0],0.03273780253948644,0.5585504483283238,tvm
75,25,5,128,128,32,40,8,2,0,[75; 25; 5; 128; 128; 32; 40; 8; 2; 0],0.032712338026613,0.558985244981206,tvm
500,50,5,5120,256,64,80,1,4,1,[500; 50; 5; 5120; 256; 64; 80; 1; 4; 1],0.06717050250153989,0.27222833840338007,tvm
150,50,10,1024,128,16,128,16,1,0,[150; 50; 10; 1024; 128; 16; 128; 16; 1; 0],0.04285470495233312,0.4266909387441428,tvm
1500,1500,12,64,64,16,128,64,1,0,[1500; 1500; 12; 64; 64; 16; 128; 64; 1; 0],0.03441305452724919,0.5313598149572908,tvm
750,30,6,2560,320,32,64,8,2,1,[750; 30; 6; 2560; 320; 32; 64; 8; 2; 1],0.0576839845161885,0.3169981137586389,tvm
300,75,5,1024,256,32,8,2,2,0,[300; 75; 5; 1024; 256; 32; 8; 2; 2; 0],0.05610981199424714,0.32589156220286564,tvm
250,125,5,512,128,16,64,1,1,0,[250; 125; 5; 512; 128; 16; 64; 1; 1; 0],0.04322211578255519,0.423063840227242,tvm
150,30,6,5120,64,32,160,8,2,0,[150; 30; 6; 5120; 64; 32; 160; 8; 2; 0],0.061971267918124795,0.2950676160099388,tvm
300,20,10,512,256,32,80,20,2,1,[300; 20; 10; 512; 256; 32; 80; 20; 2; 1],0.04407871753210202,0.4148422483570901,tvm
150,30,10,512,128,16,160,40,1,1,[150; 30; 10; 512; 128; 16; 160; 40; 1; 1],0.04798641422530636,0.38106023508776865,tvm
100,50,5,512,256,64,256,1,4,0,[100; 50; 5; 512; 256; 64; 256; 1; 4; 0],0.04450227378401905,0.41089393262150037,tvm
300,20,10,64,64,32,40,8,2,1,[300; 20; 10; 64; 64; 32; 40; 8; 2; 1],0.038810284226201475,0.4711564125410165,tvm
375,375,5,5120,64,32,80,4,2,1,[375; 375; 5; 5120; 64; 32; 80; 4; 2; 1],0.052181147038936615,0.3504276031354739,tvm
300,30,6,2560,160,32,160,10,2,0,[300; 30; 6; 2560; 160; 32; 160; 10; 2; 0],0.047651677508838475,0.38373705274746384,tvm
75,75,5,640,16,16,80,1,1,1,[75; 75; 5; 640; 16; 16; 80; 1; 1; 1],0.04497290449216962,0.406594025718265,tvm
300,50,5,2560,2560,80,20,5,5,1,[300; 50; 5; 2560; 2560; 80; 20; 5; 5; 1],0.04288940102560446,0.4263457602216906,tvm
750,15,5,2560,512,32,128,8,2,0,[750; 15; 5; 2560; 512; 32; 128; 8; 2; 0],0.07581099402159452,0.24120135241210078,tvm
300,150,5,640,640,80,256,16,5,0,[300; 150; 5; 640; 640; 80; 256; 16; 5; 0],0.038750150764826685,0.471887564946254,tvm
75,15,5,160,160,32,256,32,2,1,[75; 15; 5; 160; 160; 32; 256; 32; 2; 1],0.041658558999188244,0.43894255406363436,tvm
100,20,10,128,64,32,64,2,2,0,[100; 20; 10; 128; 64; 32; 64; 2; 2; 0],0.043531814706511796,0.42005403195330104,tvm
300,150,6,640,128,16,128,1,1,0,[300; 150; 6; 640; 128; 16; 128; 1; 1; 0],0.03769954794552177,0.48503802518105255,tvm
750,75,5,640,64,16,64,16,1,1,[750; 75; 5; 640; 64; 16; 64; 16; 1; 1],0.03786280273925513,0.48294666434601136,tvm
60,20,5,512,128,64,32,16,4,1,[60; 20; 5; 512; 128; 64; 32; 16; 4; 1],0.03591533500002697,0.5091338918515045,tvm
300,20,5,5120,1280,64,80,16,4,0,[300; 20; 5; 5120; 1280; 64; 80; 16; 4; 0],0.06718089850619435,0.27218621203805826,tvm
375,125,5,2560,2560,64,32,1,4,0,[375; 125; 5; 2560; 2560; 64; 32; 1; 4; 0],0.03029727505054325,0.6035431983638546,tvm
1500,1500,12,160,160,16,40,2,1,0,[1500; 1500; 12; 160; 160; 16; 40; 2; 1; 0],0.03889256622642279,0.4701596232878909,tvm
75,75,5,256,128,16,40,2,1,1,[75; 75; 5; 256; 128; 16; 40; 2; 1; 1],0.04108249198179692,0.4450974953957621,tvm
500,500,5,1280,160,32,256,1,2,1,[500; 500; 5; 1280; 160; 32; 256; 1; 2; 1],0.04385514574823901,0.4169570975932407,tvm
300,15,5,2560,2560,80,160,40,5,1,[300; 15; 5; 2560; 2560; 80; 160; 40; 5; 1],0.08374042843934149,0.21836184297719222,tvm
30,30,5,5120,1024,64,80,40,4,1,[30; 30; 5; 5120; 1024; 64; 80; 40; 4; 1],0.03868458996294066,0.47268729753195693,tvm
1500,50,10,320,32,16,80,40,1,1,[1500; 50; 10; 320; 32; 16; 80; 40; 1; 1],0.03537032601889223,0.516978957896724,tvm
20,20,5,128,64,32,64,64,2,0,[20; 20; 5; 128; 64; 32; 64; 64; 2; 0],0.05132495844736695,0.35627333833043506,tvm
500,500,5,1024,1024,64,20,20,4,1,[500; 500; 5; 1024; 1024; 64; 20; 20; 4; 1],0.03468960552709177,0.5271237308084571,tvm
375,75,5,2560,128,64,128,16,4,1,[375; 75; 5; 2560; 128; 64; 128; 16; 4; 1],0.02367705199867487,0.7722969179920575,tvm
150,30,6,128,64,64,256,4,4,1,[150; 30; 6; 128; 64; 64; 256; 4; 4; 1],0.031585025251843035,0.5789361933357101,tvm
100,25,5,1280,80,80,8,8,5,1,[100; 25; 5; 1280; 80; 80; 8; 8; 5; 1],0.03988382901297882,0.45847439271098644,tvm
750,75,5,160,80,80,256,2,5,1,[750; 75; 5; 160; 80; 80; 256; 2; 5; 1],0.028560765029396862,0.6402389525243204,tvm
25,25,5,5120,256,32,40,2,2,0,[25; 25; 5; 5120; 256; 32; 40; 2; 2; 0],0.03375542623689398,0.5417118467823813,tvm
1500,500,10,640,640,16,80,1,1,1,[1500; 500; 10; 640; 640; 16; 80; 1; 1; 1],0.03120851021958515,0.5859207683114249,tvm
100,20,5,64,64,64,80,10,4,0,[100; 20; 5; 64; 64; 64; 80; 10; 4; 0],0.0319142040098086,0.5729647613988526,tvm
150,150,5,2560,256,32,80,2,2,0,[150; 150; 5; 2560; 256; 32; 80; 2; 2; 0],0.03425299300579354,0.5338428172575006,tvm
750,150,5,1280,160,32,20,4,2,1,[750; 150; 5; 1280; 160; 32; 20; 4; 2; 1],0.028362114739138633,0.6447232321671945,tvm
300,100,5,1024,1024,64,20,5,4,0,[300; 100; 5; 1024; 1024; 64; 20; 5; 4; 0],0.035542374243959785,0.5144764432506035,tvm
1500,375,5,320,160,32,20,1,2,1,[1500; 375; 5; 320; 160; 32; 20; 1; 2; 1],0.030301791965030134,0.6034532316378175,tvm
100,50,10,2560,1280,32,160,5,2,1,[100; 50; 10; 2560; 1280; 32; 160; 5; 2; 1],0.03812617500079796,0.47961051129129995,tvm
30,30,6,2560,640,32,40,4,2,0,[30; 30; 6; 2560; 640; 32; 40; 4; 2; 0],0.035624224750790745,0.5132943780147357,tvm
75,25,5,2560,320,64,160,4,4,0,[75; 25; 5; 2560; 320; 64; 160; 4; 4; 0],0.030923611484467983,0.5913188469237709,tvm
150,150,10,1024,256,32,64,16,2,0,[150; 150; 10; 1024; 256; 32; 64; 16; 2; 0],0.030844861757941544,0.592828537511805,tvm
375,25,5,1280,640,64,80,16,4,0,[375; 25; 5; 1280; 640; 64; 80; 16; 4; 0],0.027751696528866887,0.6589043760511639,tvm
60,30,10,320,320,32,64,4,2,1,[60; 30; 10; 320; 320; 32; 64; 4; 2; 1],0.03222248371457681,0.5674830794449962,tvm
150,75,5,1024,1024,32,20,1,2,1,[150; 75; 5; 1024; 1024; 32; 20; 1; 2; 1],0.03189809573814273,0.5732541038131255,tvm
50,50,5,1024,128,64,160,10,4,0,[50; 50; 5; 1024; 128; 64; 160; 10; 4; 0],0.026021669036708772,0.7027110467018325,tvm
300,300,5,320,320,32,40,1,2,0,[300; 300; 5; 320; 320; 32; 40; 1; 2; 0],0.034337060002144426,0.532535816536777,tvm
1500,150,5,640,320,32,40,20,2,0,[1500; 150; 5; 640; 320; 32; 40; 20; 2; 0],0.031016125052701682,0.589555086415332,tvm
1500,60,6,256,128,32,40,8,2,1,[1500; 60; 6; 256; 128; 32; 40; 8; 2; 1],0.031579227244947106,0.5790424871349608,tvm
125,125,5,64,64,32,80,40,2,0,[125; 125; 5; 64; 64; 32; 80; 40; 2; 0],0.027995152515359223,0.6531743049330428,tvm
375,75,5,256,64,32,80,2,2,0,[375; 75; 5; 256; 64; 32; 80; 2; 2; 0],0.027113281248603016,0.674419083328634,tvm
50,50,5,512,64,64,32,2,4,1,[50; 50; 5; 512; 64; 64; 32; 2; 4; 1],0.029832777217961848,0.6129403961326385,tvm
300,60,10,128,128,32,80,4,2,1,[300; 60; 10; 128; 128; 32; 80; 4; 2; 1],0.026382236508652568,0.6931070563224286,tvm
300,100,5,128,128,32,40,8,2,1,[300; 100; 5; 128; 128; 32; 40; 8; 2; 1],0.027082602493464947,0.6751830548828033,tvm
1500,300,6,128,64,32,40,8,2,1,[1500; 300; 6; 128; 64; 32; 40; 8; 2; 1],0.026111538463737816,0.7002924898932487,tvm
1500,1500,5,320,64,64,40,5,4,1,[1500; 1500; 5; 320; 64; 64; 40; 5; 4; 1],0.026904550730250776,0.6796513522582002,tvm
375,75,5,128,64,64,160,20,4,0,[375; 75; 5; 128; 64; 64; 160; 20; 4; 0],0.024433717888314277,0.748380347571241,tvm
100,100,5,640,128,64,80,4,4,1,[100; 100; 5; 640; 128; 64; 80; 4; 4; 1],0.02298446200438775,0.7955685141650708,tvm
1500,375,5,160,80,80,160,32,5,1,[1500; 375; 5; 160; 80; 80; 160; 32; 5; 1],0.05937890289351344,0.30794968237299347,tvm
60,30,5,320,80,16,32,2,1,1,[60; 30; 5; 320; 80; 16; 32; 2; 1; 1],0.03995148924877867,0.4576979389140866,tvm
300,50,5,2560,2560,80,16,16,5,0,[300; 50; 5; 2560; 2560; 80; 16; 16; 5; 0],0.05176049505826086,0.3532754906059564,tvm
500,100,5,1280,256,32,256,1,2,0,[500; 100; 5; 1280; 256; 32; 256; 1; 2; 0],0.057035754434764385,0.32060090143330855,tvm
375,125,5,512,128,16,40,8,1,0,[375; 125; 5; 512; 128; 16; 40; 8; 1; 0],0.037554639973677695,0.4869095882301327,tvm
500,20,10,1280,256,32,64,16,2,0,[500; 20; 10; 1280; 256; 32; 64; 16; 2; 0],0.044842877716291696,0.40777298908876614,tvm
60,30,6,640,80,16,64,16,1,1,[60; 30; 6; 640; 80; 16; 64; 16; 1; 1],0.03916668304009363,0.46686910573958507,tvm
500,100,20,320,160,16,80,2,1,1,[500; 100; 20; 320; 160; 16; 80; 2; 1; 1],0.03170722827780992,0.5767049117475657,tvm
300,150,15,512,32,16,40,20,1,0,[300; 150; 15; 512; 32; 16; 40; 20; 1; 0],0.050526992534287274,0.3618999146506835,tvm
1500,60,10,512,512,16,80,10,1,0,[1500; 60; 10; 512; 512; 16; 80; 10; 1; 0],0.05039916606619954,0.362817794677315,tvm
75,75,15,320,32,16,32,16,1,0,[75; 75; 15; 320; 32; 16; 32; 16; 1; 0],0.044262457464355975,0.41312017753283475,tvm
20,20,5,5120,256,64,2,1,4,0,[20; 20; 5; 5120; 256; 64; 2; 1; 4; 0],0.07504359900485724,0.24366787478477323,tvm
500,125,5,320,64,16,256,8,1,1,[500; 125; 5; 320; 64; 16; 256; 8; 1; 1],0.05209098802879453,0.3510341227470369,tvm
250,250,10,2560,256,32,10,1,2,1,[250; 250; 10; 2560; 256; 32; 10; 1; 2; 1],0.04065121349412948,0.4498196416290245,tvm
500,500,5,1280,128,32,16,16,2,0,[500; 500; 5; 1280; 128; 32; 16; 16; 2; 0],0.07648820907343179,0.2390657920642286,tvm
1500,150,5,32,16,16,160,10,1,1,[1500; 150; 5; 32; 16; 16; 160; 10; 1; 1],0.03899754927260801,0.46889393376722327,tvm
375,15,5,2560,1280,32,40,4,2,1,[375; 15; 5; 2560; 1280; 32; 40; 4; 2; 1],0.03297226777067408,0.5545786056601728,tvm
500,500,5,2560,512,32,80,4,2,0,[500; 500; 5; 2560; 512; 32; 80; 4; 2; 0],0.03401221748208627,0.5376219382151458,tvm
1500,20,5,320,64,64,32,2,4,1,[1500; 20; 5; 320; 64; 64; 32; 2; 4; 1],0.040311612479854375,0.45360910072383054,tvm
750,125,5,160,32,16,64,1,1,1,[750; 125; 5; 160; 32; 16; 64; 1; 1; 1],0.037633132247719914,0.4858940299029233,tvm
250,125,5,2560,512,64,160,40,4,1,[250; 125; 5; 2560; 512; 64; 160; 40; 4; 1],0.0331409850041382,0.5517553049021027,tvm
30,30,6,5120,256,32,8,4,2,0,[30; 30; 6; 5120; 256; 32; 8; 4; 2; 0],0.05206234648358077,0.35122724042953324,tvm
30,15,5,5120,5120,64,80,8,4,0,[30; 15; 5; 5120; 5120; 64; 80; 8; 4; 0],0.057746631442569196,0.3166542156471931,tvm
60,30,6,2560,128,32,64,64,2,1,[60; 30; 6; 2560; 128; 32; 64; 64; 2; 1],0.03847918100655079,0.4752105893990125,tvm
375,15,5,640,320,80,40,4,5,1,[375; 15; 5; 640; 320; 80; 40; 4; 5; 1],0.030907334992662072,0.5916302486143056,tvm
500,500,5,2560,2560,80,40,1,5,1,[500; 500; 5; 2560; 2560; 80; 40; 1; 5; 1],0.03590737999184057,0.509246686610648,tvm
50,25,5,5120,256,32,80,16,2,0,[50; 25; 5; 5120; 256; 32; 80; 16; 2; 0],0.032874786003958434,0.5562230666235368,tvm
1500,60,10,256,32,16,128,64,1,1,[1500; 60; 10; 256; 32; 16; 128; 64; 1; 1],0.04405102750752121,0.4151030139442765,tvm
500,125,5,640,640,32,256,32,2,1,[500; 125; 5; 640; 640; 32; 256; 32; 2; 1],0.0377965607913211,0.4837930727790736,tvm
1500,150,15,128,16,16,64,4,1,1,[1500; 150; 15; 128; 16; 16; 64; 4; 1; 1],0.03324497229186818,0.5500294638593225,tvm
300,75,15,80,16,16,128,4,1,1,[300; 75; 15; 80; 16; 16; 128; 4; 1; 1],0.03727258974686265,0.4905941446489763,tvm
1500,150,5,128,64,64,16,4,4,1,[1500; 150; 5; 128; 64; 64; 16; 4; 4; 1],0.029572873492725194,0.6183272751703516,tvm
500,125,5,640,160,80,8,8,5,1,[500; 125; 5; 640; 160; 80; 8; 8; 5; 1],0.03687999676913023,0.49581659131326256,tvm
60,30,5,512,64,64,16,8,4,1,[60; 30; 5; 512; 64; 64; 16; 8; 4; 1],0.03927567973732948,0.46557346449524767,tvm
1500,150,15,128,64,16,40,40,1,1,[1500; 150; 15; 128; 64; 16; 40; 40; 1; 1],0.0364386549917981,0.5018218781629064,tvm
750,30,5,512,256,32,20,4,2,1,[750; 30; 5; 512; 256; 32; 20; 4; 2; 1],0.036923728708643466,0.4952293531891807,tvm
250,250,10,128,16,16,40,40,1,1,[250; 250; 10; 128; 16; 16; 40; 40; 1; 1],0.03619844472268596,0.5051519319628235,tvm
300,150,15,640,320,16,32,1,1,1,[300; 150; 15; 640; 320; 16; 32; 1; 1; 1],0.03240617748815566,0.5642663128780816,tvm
30,30,6,2560,160,32,20,1,2,1,[30; 30; 6; 2560; 160; 32; 20; 1; 2; 1],0.031957012484781444,0.5721972382250157,tvm
300,25,5,1280,32,32,40,2,2,0,[300; 25; 5; 1280; 32; 32; 40; 2; 2; 0],0.044679167738649994,0.4092671195819101,tvm
60,30,5,2560,1280,32,128,1,2,1,[60; 30; 5; 2560; 1280; 32; 128; 1; 2; 1],0.044275798252783716,0.412995699847481,tvm
75,25,5,2560,256,32,32,16,2,1,[75; 25; 5; 2560; 256; 32; 32; 16; 2; 1],0.030537888524122536,0.5987877737935289,tvm
150,150,10,1024,32,32,20,2,2,1,[150; 150; 10; 1024; 32; 32; 20; 2; 2; 1],0.03168189799180254,0.5771659984021659,tvm
100,100,5,2560,80,80,160,16,5,0,[100; 100; 5; 2560; 80; 80; 160; 16; 5; 0],0.02819603879470378,0.6485206811798327,tvm
50,50,5,1024,64,32,20,1,2,1,[50; 50; 5; 1024; 64; 32; 20; 1; 2; 1],0.03449734125752002,0.5300615531270316,tvm
750,30,6,128,32,32,64,4,2,0,[750; 30; 6; 128; 32; 32; 64; 4; 2; 0],0.03495338174980134,0.5231457836213006,tvm
25,25,5,1280,64,64,128,32,4,1,[25; 25; 5; 1280; 64; 64; 128; 32; 4; 1],0.0285298332455568,0.6409330937313515,tvm
1500,50,5,256,64,32,32,32,2,0,[1500; 50; 5; 256; 64; 32; 32; 32; 2; 0],0.08036212995648384,0.22754143395173843,tvm
1500,50,10,256,128,32,20,5,2,1,[1500; 50; 10; 256; 128; 32; 20; 5; 2; 1],0.03402087150607258,0.5374851811909158,tvm
150,30,10,640,64,32,128,16,2,1,[150; 30; 10; 640; 64; 32; 128; 16; 2; 1],0.03321284847334027,0.5505614581776117,tvm
750,50,5,64,64,32,20,4,2,1,[750; 50; 5; 64; 64; 32; 20; 4; 2; 1],0.031838891736697406,0.5743200622978416,tvm
1500,750,5,640,320,80,20,10,5,1,[1500; 750; 5; 640; 320; 80; 20; 10; 5; 1],0.03001443052198738,0.6092307589284061,tvm
1500,300,10,64,32,32,40,8,2,0,[1500; 300; 10; 64; 32; 32; 40; 8; 2; 0],0.034658981778193265,0.5275894832322885,tvm
300,60,10,160,32,32,64,8,2,0,[300; 60; 10; 160; 32; 32; 64; 8; 2; 0],0.03157591074705124,0.5791033054342518,tvm
750,750,5,1280,256,64,64,16,4,0,[750; 750; 5; 1280; 256; 64; 64; 16; 4; 0],0.026661859010346234,0.6858379334546195,tvm
1500,100,10,640,320,32,40,20,2,0,[1500; 100; 10; 640; 320; 32; 40; 20; 2; 0],0.027966907247900963,0.6538339804122141,tvm
150,50,5,1280,1280,80,160,8,5,1,[150; 50; 5; 1280; 1280; 80; 160; 8; 5; 1],0.03250512125669047,0.5625487178255202,tvm
1500,75,5,512,128,32,40,1,2,1,[1500; 75; 5; 512; 128; 32; 40; 1; 2; 1],0.04536413919413462,0.4030874300835085,tvm
1500,125,5,128,32,32,80,1,2,0,[1500; 125; 5; 128; 32; 32; 80; 1; 2; 0],0.031487880216445774,0.5807223020419094,tvm
300,300,6,320,32,32,128,8,2,0,[300; 300; 6; 320; 32; 32; 128; 8; 2; 0],0.030743368493858725,0.5947856458659379,tvm
750,150,5,320,320,32,80,2,2,0,[750; 150; 5; 320; 320; 32; 80; 2; 2; 0],0.02831798978149891,0.6457278368558829,tvm
100,100,10,160,160,32,80,1,2,1,[100; 100; 10; 160; 160; 32; 80; 1; 2; 1],0.025836333516053855,0.707751905832619,tvm
1500,250,5,128,64,64,80,10,4,0,[1500; 250; 5; 128; 64; 64; 80; 10; 4; 0],0.02741920598782599,0.6668943766582105,tvm
300,150,6,640,640,32,64,16,2,1,[300; 150; 6; 640; 640; 32; 64; 16; 2; 1],0.024520943261450157,0.7457182250595396,tvm
1500,300,6,512,512,64,80,8,4,0,[1500; 300; 6; 512; 512; 64; 80; 8; 4; 0],0.03967523999745026,0.460884780706794,tvm
150,30,10,256,32,16,128,4,1,1,[150; 30; 10; 256; 32; 16; 128; 4; 1; 1],0.040962798753753304,0.446398069517621,tvm
300,60,15,1280,32,16,40,40,1,1,[300; 60; 15; 1280; 32; 16; 40; 40; 1; 1],0.05238321505021304,0.3490758302671214,tvm
300,75,5,2560,2560,80,128,64,5,1,[300; 75; 5; 2560; 2560; 80; 128; 64; 5; 1],0.09894221206195652,0.18481206256298346,tvm
15,15,5,64,64,32,128,8,2,0,[15; 15; 5; 64; 64; 32; 128; 8; 2; 0],0.04299175221240148,0.4253307517072904,tvm
100,20,10,64,64,32,40,20,2,0,[100; 20; 10; 64; 64; 32; 40; 20; 2; 0],0.037837196490727365,0.48327349755406707,tvm
150,75,5,2560,1280,64,16,16,4,0,[150; 75; 5; 2560; 1280; 64; 16; 16; 4; 0],0.04130027524661273,0.44275042179565144,tvm
60,10,5,1280,320,80,16,2,5,1,[60; 10; 5; 1280; 320; 80; 16; 2; 5; 1],0.041836306219920516,0.4370776470941757,tvm
300,60,5,32,32,16,80,20,1,1,[300; 60; 5; 32; 32; 16; 80; 20; 1; 1],0.04079409100813791,0.4482441901222046,tvm
750,30,5,1024,64,32,16,16,2,1,[750; 30; 5; 1024; 64; 32; 16; 16; 2; 1],0.08054920507129282,0.22701297014079647,tvm
100,20,5,2560,128,64,8,1,4,1,[100; 20; 5; 2560; 128; 64; 8; 1; 4; 1],0.038821408757939935,0.4710213995512053,tvm
300,15,5,160,32,32,5,1,2,1,[300; 15; 5; 160; 32; 32; 5; 1; 2; 1],0.045622923236805946,0.40080102256495537,tvm
100,20,10,2560,256,32,20,2,2,0,[100; 20; 10; 2560; 256; 32; 20; 2; 2; 0],0.03404157579643652,0.5371582794833029,tvm
750,750,5,320,160,16,32,8,1,1,[750; 750; 5; 320; 160; 16; 32; 8; 1; 1],0.03693417250178754,0.4950893182953887,tvm
100,20,10,5120,160,32,160,10,2,0,[100; 20; 10; 5120; 160; 32; 160; 10; 2; 0],0.047115434252191335,0.3881045473939109,tvm
100,10,5,2560,2560,80,10,5,5,1,[100; 10; 5; 2560; 2560; 80; 10; 5; 5; 1],0.03751039050985128,0.4874839754310728,tvm
100,50,5,640,64,64,2,1,4,1,[100; 50; 5; 640; 64; 64; 2; 1; 4; 1],0.04839907371206209,0.3778112447874616,tvm
750,750,6,320,320,16,32,1,1,1,[750; 750; 6; 320; 320; 16; 32; 1; 1; 1],0.03562699072062969,0.5132545274200216,tvm
50,50,10,160,32,16,128,8,1,0,[50; 50; 10; 160; 32; 16; 128; 8; 1; 0],0.03790480876341462,0.48241146393445183,tvm
1500,20,5,64,32,32,160,8,2,1,[1500; 20; 5; 64; 32; 32; 160; 8; 2; 1],0.04073868750128895,0.44885379002786324,tvm
30,30,10,5120,256,32,128,64,2,1,[30; 30; 10; 5120; 256; 32; 128; 64; 2; 1],0.0480573414824903,0.3804978328311542,tvm
60,20,5,5120,640,32,10,1,2,1,[60; 20; 5; 5120; 640; 32; 10; 1; 2; 1],0.044390810769982636,0.41192566588757173,tvm
20,20,5,2560,32,32,160,20,2,1,[20; 20; 5; 2560; 32; 32; 160; 20; 2; 1],0.03305418853415176,0.5532041504156543,tvm
100,50,5,640,80,80,5,5,5,1,[100; 50; 5; 640; 80; 80; 5; 5; 5; 1],0.03590837575029582,0.5092325649277981,tvm
100,50,5,5120,640,32,128,4,2,1,[100; 50; 5; 5120; 640; 32; 128; 4; 2; 1],0.03194693097611889,0.5723778067878665,tvm
100,25,5,5120,64,32,20,20,2,1,[100; 25; 5; 5120; 64; 32; 20; 20; 2; 1],0.053490501595661044,0.34184974416462677,tvm
50,25,5,640,640,32,10,5,2,1,[50; 25; 5; 640; 640; 32; 10; 5; 2; 1],0.03456367476610467,0.5290442758027112,tvm
1500,30,6,512,512,64,20,4,4,1,[1500; 30; 6; 512; 512; 64; 20; 4; 4; 1],0.04678824421716854,0.39081856119329444,tvm
1500,500,10,256,32,16,64,4,1,1,[1500; 500; 10; 256; 32; 16; 64; 4; 1; 1],0.03728646453237161,0.4904115880935527,tvm
20,20,5,5120,1280,80,160,4,5,1,[20; 20; 5; 5120; 1280; 80; 160; 4; 5; 1],0.04018846154212952,0.4549991112883332,tvm
750,150,15,320,32,16,80,20,1,1,[750; 150; 15; 320; 32; 16; 80; 20; 1; 1],0.03202477074228227,0.5709865788850653,tvm
30,30,10,1024,32,32,20,10,2,0,[30; 30; 10; 1024; 32; 32; 20; 10; 2; 0],0.04238867573440075,0.4313820606307458,tvm
1500,25,5,512,512,32,64,64,2,1,[1500; 25; 5; 512; 512; 32; 64; 64; 2; 1],0.053080106037668884,0.3444927987283527,tvm
500,50,5,64,64,64,256,1,4,1,[500; 50; 5; 64; 64; 64; 256; 1; 4; 1],0.03307173022767529,0.5529107234435627,tvm
500,250,10,1280,32,32,160,20,2,1,[500; 250; 10; 1280; 32; 32; 160; 20; 2; 1],0.030918476462829858,0.5914170547082856,tvm
250,250,10,320,80,16,160,2,1,1,[250; 250; 10; 320; 80; 16; 160; 2; 1; 1],0.029329678509384394,0.6234543034579648,tvm
100,20,5,2560,320,80,40,8,5,1,[100; 20; 5; 2560; 320; 80; 40; 8; 5; 1],0.030245773028582335,0.6045709021367792,tvm
250,50,5,320,64,64,16,1,4,1,[250; 50; 5; 320; 64; 64; 16; 1; 4; 1],0.033160411461722106,0.5514320685321394,tvm
300,150,5,1024,64,64,128,64,4,1,[300; 150; 5; 1024; 64; 64; 128; 64; 4; 1],0.03522826079279184,0.5190637821511694,tvm
75,25,5,2560,128,64,160,8,4,0,[75; 25; 5; 2560; 128; 64; 160; 8; 4; 0],0.035378288535866886,0.5168626025302506,tvm
250,125,5,2560,320,64,40,5,4,1,[250; 125; 5; 2560; 320; 64; 40; 5; 4; 1],0.03227898996556178,0.5664896672796511,tvm
250,50,5,640,160,80,20,10,5,0,[250; 50; 5; 640; 160; 80; 20; 10; 5; 0],0.034251133794896305,0.533871795170734,tvm
300,25,5,320,64,64,40,5,4,1,[300; 25; 5; 320; 64; 64; 40; 5; 4; 1],0.037230996473226696,0.4911422206725997,tvm
25,25,5,1024,512,32,80,10,2,1,[25; 25; 5; 1024; 512; 32; 80; 10; 2; 1],0.03814963577315211,0.47931556658747704,tvm
30,30,5,320,320,64,80,10,4,0,[30; 30; 5; 320; 320; 64; 80; 10; 4; 0],0.03147152322344482,0.5810241263470934,tvm
60,60,10,512,512,32,64,64,2,1,[60; 60; 10; 512; 512; 32; 64; 64; 2; 1],0.0372432567528449,0.49098053929769436,tvm
1500,750,5,160,32,32,160,2,2,0,[1500; 750; 5; 160; 32; 32; 160; 2; 2; 0],0.030647390987724066,0.5966483180587445,tvm
250,125,5,256,32,32,128,32,2,0,[250; 125; 5; 256; 32; 32; 128; 32; 2; 0],0.031185047759208828,0.5863615931232488,tvm
1500,500,5,512,256,32,80,2,2,0,[1500; 500; 5; 512; 256; 32; 80; 2; 2; 0],0.04533276899019256,0.4033663659431498,tvm
1500,500,5,64,64,32,64,16,2,0,[1500; 500; 5; 64; 64; 32; 64; 16; 2; 0],0.03415904752910137,0.5353110115302835,tvm
100,100,5,1280,640,80,128,4,5,0,[100; 100; 5; 1280; 640; 80; 128; 4; 5; 0],0.028543125255964696,0.6406346229340495,tvm
300,150,10,256,128,32,128,8,2,0,[300; 150; 10; 256; 128; 32; 128; 8; 2; 0],0.02922214922728017,0.6257484397706026,tvm
300,60,12,320,64,32,160,1,2,1,[300; 60; 12; 320; 64; 32; 160; 1; 2; 1],0.031309688463807106,0.5840273468978118,tvm
75,75,5,128,64,32,80,16,2,0,[75; 75; 5; 128; 64; 32; 80; 16; 2; 0],0.02915400272468105,0.62721110574069,tvm
150,50,5,512,64,64,80,5,4,0,[150; 50; 5; 512; 64; 64; 80; 5; 4; 0],0.030327567539643496,0.6029403532548934,tvm
375,125,5,320,80,80,64,64,5,0,[375; 125; 5; 320; 80; 80; 64; 64; 5; 0],0.028154781262855977,0.6494710122233573,tvm
300,300,6,256,256,32,128,64,2,1,[300; 300; 6; 256; 256; 32; 128; 64; 2; 1],0.02926599100464955,0.6248110403235345,tvm
1500,60,5,256,256,64,80,20,4,0,[1500; 60; 5; 256; 256; 64; 80; 20; 4; 0],0.03015784575836733,0.6063335701171857,tvm
75,75,5,64,64,64,32,16,4,1,[75; 75; 5; 64; 64; 64; 32; 16; 4; 1],0.027551424747798592,0.6636939633103855,tvm
1500,150,10,256,64,32,80,10,2,1,[1500; 150; 10; 256; 64; 32; 80; 10; 2; 1],0.029085571004543453,0.6286867905346565,tvm
1500,1500,6,320,32,32,160,8,2,1,[1500; 1500; 6; 320; 32; 32; 160; 8; 2; 1],0.028097191243432462,0.65080221461597,tvm
375,75,5,320,320,64,160,32,4,1,[375; 75; 5; 320; 320; 64; 160; 32; 4; 1],0.022643415519269183,0.8075510635819688,tvm
750,150,5,640,640,64,80,20,4,0,[750; 150; 5; 640; 640; 64; 80; 20; 4; 0],0.025870010256767273,0.7068305773450929,tvm
1500,1500,10,128,128,32,160,16,2,1,[1500; 1500; 10; 128; 128; 32; 160; 16; 2; 1],0.02222521000658162,0.8227465243432698,tvm
500,250,5,512,256,64,160,2,4,0,[500; 250; 5; 512; 256; 64; 160; 2; 4; 0],0.026033770467620343,0.7023844013857791,tvm
30,30,15,512,16,16,40,5,1,0,[30; 30; 15; 512; 16; 16; 40; 5; 1; 0],0.06525787943974137,0.2802069948135409,tvm
750,250,5,16,16,16,160,40,1,0,[750; 250; 5; 16; 16; 16; 160; 40; 1; 0],0.046410038718022406,0.3940034266468603,tvm
30,30,6,5120,1280,16,40,4,1,1,[30; 30; 6; 5120; 1280; 16; 40; 4; 1; 1],0.0568673349916935,0.3215503995111648,tvm
60,60,12,640,160,32,8,4,2,0,[60; 60; 12; 640; 160; 32; 8; 4; 2; 0],0.04311371297808364,0.42412756922628353,tvm
300,20,10,2560,64,32,32,8,2,1,[300; 20; 10; 2560; 64; 32; 32; 8; 2; 1],0.053676290437579155,0.3406665053908481,tvm
60,60,20,640,160,16,160,40,1,1,[60; 60; 20; 640; 160; 16; 160; 40; 1; 1],0.0633126845350489,0.28881596823763817,tvm
100,10,5,2560,2560,32,128,32,2,1,[100; 10; 5; 2560; 2560; 32; 128; 32; 2; 1],0.05205747752916068,0.35126009083846416,tvm
150,15,5,5120,128,64,80,40,4,1,[150; 15; 5; 5120; 128; 64; 80; 40; 4; 1],0.05141770397312939,0.35563070446067174,tvm
1500,150,5,320,16,16,160,8,1,0,[1500; 150; 5; 320; 16; 16; 160; 8; 1; 0],0.04191555146826431,0.4362513111525927,tvm
60,10,10,1280,1280,32,16,8,2,1,[60; 10; 10; 1280; 1280; 32; 16; 8; 2; 1],0.03077958303038031,0.5940858350051649,tvm
500,500,5,320,64,64,256,64,4,0,[500; 500; 5; 320; 64; 64; 256; 64; 4; 0],0.04013020102865994,0.4556596731886568,tvm
150,30,15,1024,16,16,64,32,1,1,[150; 30; 15; 1024; 16; 16; 64; 32; 1; 1],0.04701310023665428,0.38894933951744853,tvm
30,10,5,2560,64,64,16,2,4,1,[30; 10; 5; 2560; 64; 64; 16; 2; 4; 1],0.04229247249895707,0.4323633309962006,tvm
750,30,5,2560,1280,64,32,8,4,1,[750; 30; 5; 2560; 1280; 64; 32; 8; 4; 1],0.05189212958794087,0.35237933827182294,tvm
375,375,25,160,80,16,128,4,1,1,[375; 375; 25; 160; 80; 16; 128; 4; 1; 1],0.03012487175874412,0.6069972490557285,tvm
300,300,15,640,16,16,160,40,1,0,[300; 300; 15; 640; 16; 16; 160; 40; 1; 0],0.04437755752587691,0.4120486864346182,tvm
150,150,5,640,32,32,16,2,2,0,[150; 150; 5; 640; 32; 32; 16; 2; 2; 0],0.04344461899017915,0.42089710327181956,tvm
300,12,6,512,512,32,16,2,2,1,[300; 12; 6; 512; 512; 32; 16; 2; 2; 1],0.03728387370938435,0.49044566635552606,tvm
500,100,5,512,512,16,256,8,1,1,[500; 100; 5; 512; 512; 16; 256; 8; 1; 1],0.053936080541461706,0.3390256411319637,tvm
30,15,5,5120,128,64,8,8,4,1,[30; 15; 5; 5120; 128; 64; 8; 8; 4; 1],0.050476750009693205,0.36226013525440576,tvm
60,12,12,5120,320,32,40,5,2,1,[60; 12; 12; 5120; 320; 32; 40; 5; 2; 1],0.06900393893010914,0.2649952244644328,tvm
500,100,10,1024,512,16,40,8,1,1,[500; 100; 10; 1024; 512; 16; 40; 8; 1; 1],0.033601382456254214,0.5441952964143822,tvm
375,75,15,160,160,16,80,16,1,0,[375; 75; 15; 160; 160; 16; 80; 16; 1; 0],0.04395263298647478,0.4160322839212207,tvm
75,15,5,64,32,32,8,2,2,1,[75; 15; 5; 64; 32; 32; 8; 2; 2; 1],0.04306488676229492,0.4246084376500482,tvm
30,15,5,2560,80,80,16,4,5,1,[30; 15; 5; 2560; 80; 80; 16; 4; 5; 1],0.04675056750420481,0.39113352547152813,tvm
1500,1500,10,640,80,16,40,5,1,0,[1500; 1500; 10; 640; 80; 16; 40; 5; 1; 0],0.03934997727628797,0.4646944052171825,tvm
750,75,5,1024,512,64,256,2,4,0,[750; 75; 5; 1024; 512; 64; 256; 2; 4; 0],0.06041881046257913,0.3026493594580067,tvm
60,10,5,640,80,80,40,4,5,1,[60; 10; 5; 640; 80; 80; 40; 4; 5; 1],0.037674525985494256,0.4853601686390108,tvm
500,125,5,1024,128,64,256,4,4,0,[500; 125; 5; 1024; 128; 64; 256; 4; 4; 0],0.040579496999271214,0.45061461175930023,tvm
100,25,5,5120,640,80,10,2,5,0,[100; 25; 5; 5120; 640; 80; 10; 2; 5; 0],0.042199149494990706,0.4333194982492458,tvm
150,50,10,1024,32,16,80,4,1,1,[150; 50; 10; 1024; 32; 16; 80; 4; 1; 1],0.041749460506252944,0.43798684016469097,tvm
1500,300,15,80,80,16,160,20,1,0,[1500; 300; 15; 80; 80; 16; 160; 20; 1; 0],0.04299816500861198,0.42526731738556506,tvm
1500,60,12,320,32,16,160,4,1,0,[1500; 60; 12; 320; 32; 16; 160; 4; 1; 0],0.033752961782738566,0.5417513995783828,tvm
300,300,20,512,128,16,40,10,1,1,[300; 300; 20; 512; 128; 16; 40; 10; 1; 1],0.03340655751526356,0.5473690091341944,tvm
300,60,12,2560,640,32,20,5,2,1,[300; 60; 12; 2560; 640; 32; 20; 5; 2; 1],0.0403910112218,0.45271741738035637,tvm
30,30,6,2560,128,32,64,64,2,1,[30; 30; 6; 2560; 128; 32; 64; 64; 2; 1],0.0380288019659929,0.48083855762972005,tvm
300,300,12,320,160,16,128,16,1,0,[300; 300; 12; 320; 160; 16; 128; 16; 1; 0],0.03144214226631448,0.5815670615199995,tvm
1500,50,10,640,64,16,128,1,1,1,[1500; 50; 10; 640; 64; 16; 128; 1; 1; 1],0.03653798101004213,0.5004577094910807,tvm
375,375,5,128,128,16,128,1,1,1,[375; 375; 5; 128; 128; 16; 128; 1; 1; 1],0.035647940763738006,0.5129528913578925,tvm
30,15,5,256,256,32,80,10,2,1,[30; 15; 5; 256; 256; 32; 80; 10; 2; 1],0.03489926125621423,0.5239570589035978,tvm
60,30,5,5120,5120,64,80,1,4,0,[60; 30; 5; 5120; 5120; 64; 80; 1; 4; 0],0.07017509452998638,0.2605727061457773,tvm
60,60,6,2560,32,32,64,32,2,0,[60; 60; 6; 2560; 32; 32; 64; 32; 2; 0],0.03499271802138537,0.5225577011348246,tvm
1500,60,15,320,80,16,40,40,1,1,[1500; 60; 15; 320; 80; 16; 40; 40; 1; 1],0.035950433753896505,0.5086368195413604,tvm
150,150,10,2560,160,32,40,8,2,0,[150; 150; 10; 2560; 160; 32; 40; 8; 2; 0],0.034001154475845397,0.537796865065407,tvm
100,100,10,32,16,16,128,2,1,1,[100; 100; 10; 32; 16; 16; 128; 2; 1; 1],0.03310686495387927,0.5523239458398695,tvm
60,20,5,2560,512,32,40,4,2,1,[60; 20; 5; 2560; 512; 32; 40; 4; 2; 1],0.03707521001342684,0.4932059529559533,tvm
300,150,10,1024,128,32,40,8,2,1,[300; 150; 10; 1024; 128; 32; 40; 8; 2; 1],0.032233575999271125,0.5672877959965649,tvm
300,25,5,512,512,32,160,4,2,0,[300; 25; 5; 512; 512; 32; 160; 4; 2; 0],0.036245263007003814,0.50449942333653,tvm
250,25,5,64,32,32,64,4,2,1,[250; 25; 5; 64; 32; 32; 64; 4; 2; 1],0.032737412955611944,0.5585570952264173,tvm
75,75,5,80,80,80,10,10,5,1,[75; 75; 5; 80; 80; 80; 10; 10; 5; 1],0.032886406290344894,0.5560265273218005,tvm
300,50,5,1280,1280,64,64,32,4,1,[300; 50; 5; 1280; 1280; 64; 64; 32; 4; 1],0.030664969992358238,0.5963062833673445,tvm
250,25,5,320,320,64,80,2,4,0,[250; 25; 5; 320; 320; 64; 80; 2; 4; 0],0.03027815226232633,0.6039243784524572,tvm
25,25,5,640,160,80,40,20,5,1,[25; 25; 5; 640; 160; 80; 40; 20; 5; 1],0.028756046202033758,0.6358911151151593,tvm
1500,150,10,512,128,32,80,1,2,0,[1500; 150; 10; 512; 128; 32; 80; 1; 2; 0],0.045834822522010654,0.3989480765837629,tvm
75,75,5,1280,640,32,40,2,2,1,[75; 75; 5; 1280; 640; 32; 40; 2; 2; 1],0.027959402708802372,0.654009474957684,tvm
300,150,5,1280,128,64,64,32,4,1,[300; 150; 5; 1280; 128; 64; 64; 32; 4; 1],0.028845598513726145,0.6339169657725442,tvm
150,150,5,128,64,32,160,4,2,0,[150; 150; 5; 128; 64; 32; 160; 4; 2; 0],0.02765579504193738,0.6611892465208735,tvm
1500,250,5,320,320,64,80,8,4,0,[1500; 250; 5; 320; 320; 64; 80; 8; 4; 0],0.0270875952555798,0.6750586057264568,tvm
1500,750,5,640,320,32,64,2,2,1,[1500; 750; 5; 640; 320; 32; 64; 2; 2; 1],0.02658805949613452,0.6877415889780425,tvm
1500,300,5,320,64,32,160,1,2,1,[1500; 300; 5; 320; 64; 32; 160; 1; 2; 1],0.025305895716883242,0.7225871192346167,tvm
1500,1500,5,640,64,64,160,20,4,0,[1500; 1500; 5; 640; 64; 64; 160; 20; 4; 0],0.023584703129017726,0.7753209436508123,tvm
750,250,10,256,128,32,160,1,2,1,[750; 250; 10; 256; 128; 32; 160; 1; 2; 1],0.023143750993767753,0.790092940882329,tvm
1500,300,5,512,64,64,160,4,4,1,[1500; 300; 5; 512; 64; 64; 160; 4; 4; 1],0.03605102299479768,0.5072176256510945,tvm
150,150,5,640,320,80,80,4,5,0,[150; 150; 5; 640; 320; 80; 80; 4; 5; 0],0.02535195800010115,0.7212742418412547,tvm
250,10,10,1024,512,32,4,4,2,1,[250; 10; 10; 1024; 512; 32; 4; 4; 2; 1],0.04741082398686558,0.3856864898779244,tvm
300,30,15,64,32,16,64,64,1,1,[300; 30; 15; 64; 32; 16; 64; 64; 1; 1],0.04692918824730441,0.38964480249164785,tvm
300,150,5,160,32,32,1,1,2,1,[300; 150; 5; 160; 32; 32; 1; 1; 2; 1],0.08846453006844968,0.20670108428277034,tvm
375,375,5,1280,80,80,256,8,5,0,[375; 375; 5; 1280; 80; 80; 256; 8; 5; 0],0.03492901276331395,0.5235107676710471,tvm
12,12,6,512,128,64,20,1,4,1,[12; 12; 6; 512; 128; 64; 20; 1; 4; 1],0.0440081647830084,0.4155073126969935,tvm
500,20,5,2560,1280,80,256,16,5,1,[500; 20; 5; 2560; 1280; 80; 256; 16; 5; 1],0.056790964561514556,0.3219828088305783,tvm
300,300,30,640,16,16,80,10,1,1,[300; 300; 30; 640; 16; 16; 80; 10; 1; 1],0.0397269434761256,0.4602849523700034,tvm
75,75,25,640,128,16,40,4,1,0,[75; 75; 25; 640; 128; 16; 40; 4; 1; 0],0.03923341154586524,0.466075050963581,tvm
1500,15,5,640,128,32,64,32,2,1,[1500; 15; 5; 640; 128; 32; 64; 32; 2; 1],0.0358716799528338,0.5097534966234484,tvm
20,10,10,2560,512,32,40,2,2,1,[20; 10; 10; 2560; 512; 32; 40; 2; 2; 1],0.04914120171451941,0.3721055580191791,tvm
75,75,15,1280,32,16,32,8,1,1,[75; 75; 15; 1280; 32; 16; 32; 8; 1; 1],0.033444567990954965,0.5467469124032229,tvm
300,15,5,2560,2560,80,1,1,5,1,[300; 15; 5; 2560; 2560; 80; 1; 1; 5; 1],0.2186788769904524,0.08361902410223483,tvm
20,20,10,2560,512,32,256,1,2,1,[20; 20; 10; 2560; 512; 32; 256; 1; 2; 1],0.04888348723761737,0.3740673040945176,tvm
300,50,10,2560,1280,32,20,5,2,1,[300; 50; 10; 2560; 1280; 32; 20; 5; 2; 1],0.039604735968168825,0.46170524404987595,tvm
1500,100,5,128,64,16,40,5,1,0,[1500; 100; 5; 128; 64; 16; 40; 5; 1; 0],0.04022164398338646,0.4546237417164549,tvm
30,15,5,256,32,32,20,1,2,1,[30; 15; 5; 256; 32; 32; 20; 1; 2; 1],0.03670302854152396,0.49820723281804247,tvm
300,15,5,1280,128,64,160,2,4,1,[300; 15; 5; 1280; 128; 64; 160; 2; 4; 1],0.041993517777882516,0.43544135507850107,tvm
1500,300,12,160,32,16,160,32,1,0,[1500; 300; 12; 160; 32; 16; 160; 32; 1; 0],0.04046599171124399,0.45187856549264727,tvm
150,75,25,640,160,16,80,2,1,1,[150; 75; 25; 640; 160; 16; 80; 2; 1; 1],0.036374115967191756,0.5027122666625738,tvm
1500,1500,5,160,32,16,32,8,1,1,[1500; 1500; 5; 160; 32; 16; 32; 8; 1; 1],0.04390552925178781,0.41647862119711726,tvm
150,10,5,128,64,64,64,8,4,1,[150; 10; 5; 128; 64; 64; 64; 8; 4; 1],0.03490869275992736,0.5238154980900619,tvm
10,10,5,2560,1280,64,80,2,4,1,[10; 10; 5; 2560; 1280; 64; 80; 2; 4; 1],0.04265118221519515,0.4287270208233458,tvm
100,20,5,5120,640,80,80,20,5,0,[100; 20; 5; 5120; 640; 80; 80; 20; 5; 0],0.03553581377491355,0.5145714236780208,tvm
100,50,5,5120,64,32,20,2,2,1,[100; 50; 5; 5120; 64; 32; 20; 2; 2; 1],0.035768327477853745,0.5112264278232198,tvm
300,60,6,640,160,16,80,8,1,1,[300; 60; 6; 640; 160; 16; 80; 8; 1; 1],0.035974386730231345,0.5082981517610625,tvm
1500,150,5,32,32,16,160,5,1,1,[1500; 150; 5; 32; 32; 16; 160; 5; 1; 1],0.03790596727048978,0.48239672015835666,tvm
750,375,5,256,32,16,40,4,1,1,[750; 375; 5; 256; 32; 16; 40; 4; 1; 1],0.03766740200808272,0.4854519640560959,tvm
60,15,5,256,256,32,256,1,2,1,[60; 15; 5; 256; 256; 32; 256; 1; 2; 1],0.046458693977911025,0.3935907947478744,tvm
125,25,5,64,32,32,8,4,2,1,[125; 25; 5; 64; 32; 32; 8; 4; 2; 1],0.03614592150552198,0.5058859623462856,tvm
500,100,5,2560,640,32,80,10,2,1,[500; 100; 5; 2560; 640; 32; 80; 10; 2; 1],0.033618445973843336,0.543919082397247,tvm
300,100,10,320,64,16,40,2,1,0,[300; 100; 10; 320; 64; 16; 40; 2; 1; 0],0.036052525509148836,0.5071964869998922,tvm
125,125,5,1280,320,64,256,16,4,1,[125; 125; 5; 1280; 320; 64; 256; 16; 4; 1],0.029455525742378086,0.6207906267110476,tvm
100,50,10,32,32,16,128,4,1,1,[100; 50; 10; 32; 32; 16; 128; 4; 1; 1],0.035940189263783395,0.5087818027753302,tvm
750,750,15,256,32,16,40,5,1,1,[750; 750; 15; 256; 32; 16; 40; 5; 1; 1],0.03296680049970746,0.5546705779311689,tvm
100,20,5,256,32,32,160,1,2,1,[100; 20; 5; 256; 32; 32; 160; 1; 2; 1],0.03617259446764365,0.5055129319537984,tvm
75,75,5,320,160,32,5,5,2,1,[75; 75; 5; 320; 160; 32; 5; 5; 2; 1],0.03218208870384842,0.5681953851406678,tvm
500,250,5,2560,640,80,40,8,5,1,[500; 250; 5; 2560; 640; 80; 40; 8; 5; 1],0.032224541006144136,0.5674468499715114,tvm
750,750,5,1024,512,32,160,1,2,1,[750; 750; 5; 1024; 512; 32; 160; 1; 2; 1],0.04241586074931547,0.431105580853016,tvm
750,750,6,1024,512,32,32,1,2,1,[750; 750; 6; 1024; 512; 32; 32; 1; 2; 1],0.046065639005973935,0.39694910741047007,tvm
500,125,5,1024,128,64,20,5,4,0,[500; 125; 5; 1024; 128; 64; 20; 5; 4; 0],0.03183074499247596,0.5744670534741365,tvm
125,25,5,2560,128,32,80,10,2,0,[125; 25; 5; 2560; 128; 32; 80; 10; 2; 0],0.032474110019393265,0.5630859252122449,tvm
500,100,10,160,80,16,32,8,1,1,[500; 100; 10; 160; 80; 16; 32; 8; 1; 1],0.03267840400803834,0.5595657083257893,tvm
300,75,5,1024,1024,64,20,20,4,0,[300; 75; 5; 1024; 1024; 64; 20; 20; 4; 0],0.041988805518485606,0.4354902231658861,tvm
25,25,5,640,128,32,32,1,2,1,[25; 25; 5; 640; 128; 32; 32; 1; 2; 1],0.03293399326503277,0.5552231136553034,tvm
30,30,6,1024,64,32,160,2,2,1,[30; 30; 6; 1024; 64; 32; 160; 2; 2; 1],0.03187081799842417,0.5737447431257776,tvm
300,60,5,1280,160,32,20,20,2,1,[300; 60; 5; 1280; 160; 32; 20; 20; 2; 1],0.0417660532402806,0.43781283762955425,tvm
100,50,10,128,128,32,64,64,2,0,[100; 50; 10; 128; 128; 32; 64; 64; 2; 0],0.03923011978622526,0.4661141588493158,tvm
125,25,5,2560,640,64,40,5,4,0,[125; 25; 5; 2560; 640; 64; 40; 5; 4; 0],0.029856491251848638,0.6124535576357145,tvm
1500,50,10,160,32,32,80,5,2,0,[1500; 50; 10; 160; 32; 32; 80; 5; 2; 0],0.03085806523449719,0.5925748794280246,tvm
100,25,5,640,320,80,160,10,5,1,[100; 25; 5; 640; 320; 80; 160; 10; 5; 1],0.027936500031501055,0.6545456397578583,tvm
300,100,5,128,64,32,40,40,2,0,[300; 100; 5; 128; 64; 32; 40; 40; 2; 0],0.059072450036183,0.30954724705872094,tvm
300,100,5,64,64,32,40,10,2,0,[300; 100; 5; 64; 64; 32; 40; 10; 2; 0],0.030442328250501305,0.6006674041238343,tvm
500,500,5,640,640,32,64,32,2,0,[500; 500; 5; 640; 640; 32; 64; 32; 2; 0],0.02635073976125568,0.6939355195105508,tvm
750,250,10,256,32,32,128,8,2,0,[750; 250; 10; 256; 32; 32; 128; 8; 2; 0],0.026336848502978683,0.6943015328370129,tvm
300,50,5,1280,160,80,80,2,5,1,[300; 50; 5; 1280; 160; 80; 80; 2; 5; 1],0.029718472971580923,0.6152979092566595,tvm
100,100,5,1280,160,80,160,20,5,1,[100; 100; 5; 1280; 160; 80; 160; 20; 5; 1],0.025499503477476537,0.7171007977416455,tvm
750,250,5,160,160,32,160,4,2,0,[750; 250; 5; 160; 160; 32; 160; 4; 2; 0],0.027479222742840648,0.6654378275847846,tvm
250,250,5,320,320,80,32,32,5,0,[250; 250; 5; 320; 320; 80; 32; 32; 5; 0],0.045723231276497245,0.3999217416445707,tvm
750,750,6,640,32,32,64,2,2,1,[750; 750; 6; 640; 32; 32; 64; 2; 2; 1],0.027759576798416674,0.65871732910414,tvm
500,125,5,128,64,32,80,8,2,1,[500; 125; 5; 128; 64; 32; 80; 8; 2; 1],0.025951100746169686,0.7046219142905994,tvm
300,150,5,256,128,32,160,2,2,1,[300; 150; 5; 256; 128; 32; 160; 2; 2; 1],0.026811055256985128,0.6820214314746258,tvm
500,500,5,320,320,64,128,2,4,0,[500; 500; 5; 320; 320; 64; 128; 2; 4; 0],0.023717804753687233,0.7709699306328737,tvm
750,250,5,320,320,32,160,20,2,1,[750; 250; 5; 320; 320; 32; 160; 20; 2; 1],0.023208770755445585,0.7878794822178948,tvm
300,300,5,640,160,80,160,40,5,1,[300; 300; 5; 640; 160; 80; 160; 40; 5; 1],0.03849932801676914,0.474961907848095,tvm
1500,375,25,320,160,16,160,5,1,0,[1500; 375; 25; 320; 160; 16; 160; 5; 1; 0],0.03255401900969446,0.5617037417183075,tvm
150,10,5,256,64,32,32,8,2,1,[150; 10; 5; 256; 64; 32; 32; 8; 2; 1],0.03740515251411125,0.4888554933392111,tvm
750,75,5,16,16,16,32,2,1,1,[750; 75; 5; 16; 16; 16; 32; 2; 1; 1],0.04352042870596051,0.42016392828432536,tvm
1500,50,5,512,64,16,40,8,1,1,[1500; 50; 5; 512; 64; 16; 40; 8; 1; 1],0.06373184605035931,0.28691643846728326,tvm
60,15,5,1280,128,64,80,16,4,0,[60; 15; 5; 1280; 128; 64; 80; 16; 4; 0],0.03510537027614191,0.520880826548111,tvm
75,75,5,320,80,16,80,1,1,0,[75; 75; 5; 320; 80; 16; 80; 1; 1; 0],0.03967108327196911,0.46093307209068957,tvm
30,15,5,320,32,32,64,4,2,0,[30; 15; 5; 320; 32; 32; 64; 4; 2; 0],0.03908182948362082,0.4678827610508311,tvm
100,25,5,5120,2560,32,64,16,2,1,[100; 25; 5; 5120; 2560; 32; 64; 16; 2; 1],0.04027170751942322,0.4540585788892862,tvm
500,250,25,640,16,16,40,5,1,1,[500; 250; 25; 640; 16; 16; 40; 5; 1; 1],0.03428763977717608,0.5333033829259476,tvm
300,100,10,160,32,16,160,16,1,0,[300; 100; 10; 160; 32; 16; 160; 16; 1; 0],0.0384120317758061,0.4760413193563894,tvm
300,300,15,1024,32,16,64,32,1,1,[300; 300; 15; 1024; 32; 16; 64; 32; 1; 1],0.04104101250413805,0.4455473481281825,tvm
750,125,5,2560,320,80,40,2,5,0,[750; 125; 5; 2560; 320; 80; 40; 2; 5; 0],0.05041406396776438,0.36271057809198815,tvm
750,750,25,128,32,16,160,2,1,0,[750; 750; 25; 128; 32; 16; 160; 2; 1; 0],0.034577104495838284,0.5288387952760811,tvm
1500,300,20,256,64,16,80,10,1,1,[1500; 300; 20; 256; 64; 16; 80; 10; 1; 1],0.034824480244424194,0.525082188086412,tvm
1500,300,6,32,32,16,128,1,1,0,[1500; 300; 6; 32; 32; 16; 128; 1; 1; 0],0.03818269877228886,0.47890051970305375,tvm
60,60,10,64,32,16,160,10,1,0,[60; 60; 10; 64; 32; 16; 160; 10; 1; 0],0.033830909756943583,0.5405031794027134,tvm
375,15,5,512,512,64,128,1,4,0,[375; 15; 5; 512; 512; 64; 128; 1; 4; 0],0.03650032851146534,0.500973964658166,tvm
375,75,15,512,32,16,160,1,1,0,[375; 75; 15; 512; 32; 16; 160; 1; 1; 0],0.035801635473035276,0.5107508091211794,tvm
1500,20,5,256,64,32,160,5,2,1,[1500; 20; 5; 256; 64; 32; 160; 5; 2; 1],0.04121018369914964,0.44371833960282997,tvm
300,150,6,1280,320,64,10,10,4,1,[300; 150; 6; 1280; 320; 64; 10; 10; 4; 1],0.038536561478395015,0.4745030066049333,tvm
250,50,10,16,16,16,128,4,1,0,[250; 50; 10; 16; 16; 16; 128; 4; 1; 0],0.04434372653486207,0.4123630491753655,tvm
60,20,5,2560,640,32,160,40,2,1,[60; 20; 5; 2560; 640; 32; 160; 40; 2; 1],0.039013039495330304,0.46870775828432976,tvm
1500,150,5,128,64,16,160,2,1,1,[1500; 150; 5; 128; 64; 16; 160; 2; 1; 1],0.03702738450374454,0.4938429902837202,tvm
60,30,6,1280,320,64,256,8,4,0,[60; 30; 6; 1280; 320; 64; 256; 8; 4; 0],0.04392051452305168,0.41633652256320974,tvm
500,125,5,128,64,64,5,1,4,1,[500; 125; 5; 128; 64; 64; 5; 1; 4; 1],0.03520883549936116,0.5193501581739638,tvm
125,25,5,1024,512,64,16,1,4,0,[125; 25; 5; 1024; 512; 64; 16; 1; 4; 0],0.035526871506590396,0.5147009435469769,tvm
1500,750,10,80,16,16,32,32,1,1,[1500; 750; 10; 80; 16; 16; 32; 32; 1; 1],0.03742895624600351,0.48854459540711215,tvm
60,20,5,512,64,64,80,40,4,1,[60; 20; 5; 512; 64; 64; 80; 40; 4; 1],0.03352150577120483,0.5454920316086106,tvm
100,50,10,1280,64,32,8,2,2,1,[100; 50; 10; 1280; 64; 32; 8; 2; 2; 1],0.03402380377519876,0.537438859174336,tvm
150,30,5,1280,128,64,16,2,4,1,[150; 30; 5; 1280; 128; 64; 16; 2; 4; 1],0.033328126242849976,0.5486571357919409,tvm
750,30,6,256,256,64,20,5,4,1,[750; 30; 6; 256; 256; 64; 20; 5; 4; 1],0.029213828209321946,0.6259266726255148,tvm
300,25,5,2560,160,80,128,4,5,0,[300; 25; 5; 2560; 160; 80; 128; 4; 5; 0],0.045596690266393125,0.40103161389307473,tvm
150,75,15,64,64,16,32,8,1,1,[150; 75; 15; 64; 64; 16; 32; 8; 1; 1],0.03216138627612963,0.5685611350430516,tvm
750,750,6,128,128,32,256,8,2,1,[750; 750; 6; 128; 128; 32; 256; 8; 2; 1],0.0325712405028753,0.561406750353892,tvm
300,60,5,1280,160,32,160,40,2,0,[300; 60; 5; 1280; 160; 32; 160; 40; 2; 0],0.03536462801275775,0.51706225438361,tvm
1500,500,10,128,64,16,160,1,1,1,[1500; 500; 10; 128; 64; 16; 160; 1; 1; 1],0.030611935537308455,0.597339369914342,tvm
750,250,10,1280,640,32,20,2,2,0,[750; 250; 10; 1280; 640; 32; 20; 2; 2; 0],0.03476922324625775,0.525916675106695,tvm
300,50,5,512,256,32,8,1,2,1,[300; 50; 5; 512; 256; 32; 8; 1; 2; 1],0.03597520402399823,0.508286604115332,tvm
750,75,5,64,64,32,40,40,2,0,[750; 75; 5; 64; 64; 32; 40; 40; 2; 0],0.058740318985655904,0.3112974972127674,tvm
750,250,10,64,16,16,40,1,1,1,[750; 250; 10; 64; 16; 16; 40; 1; 1; 1],0.04080590250669047,0.44811444331408157,tvm
300,50,5,640,640,32,20,10,2,0,[300; 50; 5; 640; 640; 32; 20; 10; 2; 0],0.031787183484993875,0.575254309471823,tvm
300,60,10,1280,32,32,160,4,2,0,[300; 60; 10; 1280; 32; 32; 160; 4; 2; 0],0.03708245820598677,0.4931095501851642,tvm
500,50,10,128,32,32,10,10,2,1,[500; 50; 10; 128; 32; 32; 10; 10; 2; 1],0.03288711525965482,0.5560145406899459,tvm
150,25,5,2560,640,64,80,2,4,1,[150; 25; 5; 2560; 640; 64; 80; 2; 4; 1],0.0375549002783373,0.486906213308786,tvm
300,25,5,512,256,64,64,2,4,0,[300; 25; 5; 512; 256; 64; 64; 2; 4; 0],0.033321844472084194,0.5487605675920305,tvm
60,60,12,1024,512,32,32,16,2,1,[60; 60; 12; 1024; 512; 32; 32; 16; 2; 1],0.026952599990181625,0.6784397161081106,tvm
500,250,5,512,64,32,32,32,2,1,[500; 250; 5; 512; 64; 32; 32; 32; 2; 1],0.04202472377801314,0.43511801248961846,tvm
100,50,5,1280,160,32,160,16,2,1,[100; 50; 5; 1280; 160; 32; 160; 16; 2; 1],0.02994061552453786,0.6107327443127618,tvm
125,25,5,1280,320,64,64,32,4,0,[125; 25; 5; 1280; 320; 64; 64; 32; 4; 0],0.029025257972534746,0.6299931701905013,tvm
1500,75,5,512,32,32,40,20,2,1,[1500; 75; 5; 512; 32; 32; 40; 20; 2; 1],0.05317042348906398,0.3439076292005699,tvm
1500,300,5,512,64,32,32,8,2,1,[1500; 300; 5; 512; 64; 32; 32; 8; 2; 1],0.04408689879346639,0.4147652655583069,tvm
750,75,5,1280,640,64,64,32,4,1,[750; 75; 5; 1280; 640; 64; 64; 32; 4; 1],0.0240163030102849,0.7613875573556634,tvm
1500,1500,6,512,128,32,40,5,2,1,[1500; 1500; 6; 512; 128; 32; 40; 5; 2; 1],0.04479720600647852,0.4081887223741103,tvm
150,150,10,1280,320,32,128,16,2,1,[150; 150; 10; 1280; 320; 32; 128; 16; 2; 1],0.025026319781318307,0.7306593396670429,tvm
300,150,5,32,32,32,80,1,2,0,[300; 150; 5; 32; 32; 32; 80; 1; 2; 0],0.03468098503071815,0.5272547555819997,tvm
150,50,5,512,256,64,32,8,4,1,[150; 50; 5; 512; 256; 64; 32; 8; 4; 1],0.028939292242284864,0.631864598920494,tvm
300,300,5,512,64,64,64,32,4,0,[300; 300; 5; 512; 64; 64; 64; 32; 4; 0],0.033132633252535015,0.551894386007343,tvm
500,500,5,160,80,80,128,32,5,0,[500; 500; 5; 160; 80; 80; 128; 32; 5; 0],0.06318357051350176,0.2894061563331055,tvm
150,150,5,1280,640,64,40,8,4,1,[150; 150; 5; 1280; 640; 64; 40; 8; 4; 1],0.023190306616015732,0.78850679244947,tvm
1500,60,5,640,320,32,160,20,2,1,[1500; 60; 5; 640; 320; 32; 160; 20; 2; 1],0.02542672900017351,0.7191532298782713,tvm
250,125,5,128,32,32,80,5,2,1,[250; 125; 5; 128; 32; 32; 80; 5; 2; 1],0.026563337014522403,0.6883816696568406,tvm
750,750,6,320,160,32,64,1,2,1,[750; 750; 6; 320; 160; 32; 64; 1; 2; 1],0.025495732726994902,0.7172068550261103,tvm
60,60,5,640,128,64,64,4,4,1,[60; 60; 5; 640; 128; 64; 64; 4; 4; 1],0.024154971382813528,0.7570165990229544,tvm
500,125,5,64,64,64,64,16,4,1,[500; 125; 5; 64; 64; 64; 64; 16; 4; 1],0.024014749622438103,0.7614368075122087,tvm
750,10,5,320,320,32,20,2,2,1,[750; 10; 5; 320; 320; 32; 20; 2; 2; 1],0.040378436737228185,0.45285840075267675,tvm
100,100,5,640,32,16,80,40,1,1,[100; 100; 5; 640; 32; 16; 80; 40; 1; 1],0.03851345204748213,0.4747877251608179,tvm
150,150,10,5120,160,32,16,2,2,1,[150; 150; 10; 5120; 160; 32; 16; 2; 2; 1],0.04445340525126085,0.41134563668090746,tvm
150,150,25,640,32,16,160,10,1,1,[150; 150; 25; 640; 32; 16; 160; 10; 1; 1],0.03536617697682232,0.5170396081458866,tvm
60,60,20,1024,16,16,128,2,1,0,[60; 60; 20; 1024; 16; 16; 128; 2; 1; 0],0.04601937846746296,0.39734813669078173,tvm
100,50,5,5120,2560,64,80,5,4,0,[100; 50; 5; 5120; 2560; 64; 80; 5; 4; 0],0.03972342424094677,0.4603257306016795,tvm
250,125,5,2560,2560,80,8,8,5,1,[250; 125; 5; 2560; 2560; 80; 8; 8; 5; 1],0.058264015475288033,0.3138423285204218,tvm
750,375,15,32,32,16,128,16,1,0,[750; 375; 15; 32; 32; 16; 128; 16; 1; 0],0.04516144300578162,0.40489659029215097,tvm
100,100,20,1280,128,16,128,1,1,1,[100; 100; 20; 1280; 128; 16; 128; 1; 1; 1],0.04332390829222277,0.42206982256484976,tvm
50,50,5,2560,64,64,16,8,4,0,[50; 50; 5; 2560; 64; 64; 16; 8; 4; 0],0.04366239404771477,0.418797793490926,tvm
1500,30,5,512,32,32,256,32,2,1,[1500; 30; 5; 512; 32; 32; 256; 32; 2; 1],0.06280574947595596,0.2911471392076077,tvm
1500,500,5,160,160,16,160,8,1,0,[1500; 500; 5; 160; 160; 16; 160; 8; 1; 0],0.03753552550915629,0.4871575404280335,tvm
15,15,5,1280,1280,80,10,10,5,1,[15; 15; 5; 1280; 1280; 80; 10; 10; 5; 1],0.03832263220101595,0.4771518352340507,tvm
100,20,10,1280,640,32,128,8,2,1,[100; 20; 10; 1280; 640; 32; 128; 8; 2; 1],0.03946160775376484,0.4633798602382017,tvm
50,10,5,320,160,80,80,8,5,1,[50; 10; 5; 320; 160; 80; 80; 8; 5; 1],0.03627771703759208,0.504048098362035,tvm
250,10,5,128,128,64,40,20,4,1,[250; 10; 5; 128; 128; 64; 40; 20; 4; 1],0.03797796677099541,0.4814821813915399,tvm
500,250,10,1280,128,32,256,2,2,1,[500; 250; 10; 1280; 128; 32; 256; 2; 2; 1],0.04211640823632479,0.43417079118212,tvm
75,75,5,5120,64,32,8,2,2,1,[75; 75; 5; 5120; 64; 32; 8; 2; 2; 1],0.04462890623835847,0.40972804011938224,tvm
300,25,5,64,64,32,5,1,2,1,[300; 25; 5; 64; 64; 32; 5; 1; 2; 1],0.04416225652676076,0.4140575170707999,tvm
100,20,5,1280,640,80,8,2,5,1,[100; 20; 5; 1280; 640; 80; 8; 2; 5; 1],0.03993058571359143,0.4579375423358807,tvm
60,30,5,2560,2560,32,128,4,2,1,[60; 30; 5; 2560; 2560; 32; 128; 4; 2; 1],0.05645221448503435,0.3239149155178294,tvm
25,25,5,5120,2560,64,40,2,4,0,[25; 25; 5; 5120; 2560; 64; 40; 2; 4; 0],0.03537434549070895,0.5169202152593048,tvm
375,375,5,2560,1280,80,20,5,5,0,[375; 375; 5; 2560; 1280; 80; 20; 5; 5; 0],0.03472525451797992,0.5265825849093885,tvm
150,150,5,640,128,16,128,2,1,1,[150; 150; 5; 640; 128; 16; 128; 2; 1; 1],0.03643992496654391,0.5018043890733227,tvm
60,60,15,160,80,16,40,5,1,0,[60; 60; 15; 160; 80; 16; 40; 5; 1; 0],0.03659548773430288,0.49967128238529046,tvm
60,60,5,1280,1280,32,16,4,2,0,[60; 60; 5; 1280; 1280; 32; 16; 4; 2; 0],0.032668868254404515,0.5597290406057747,tvm
1500,750,30,128,32,16,64,4,1,1,[1500; 750; 30; 128; 32; 16; 64; 4; 1; 1],0.029481626756023616,0.6202410211973189,tvm
300,75,15,80,16,16,80,16,1,1,[300; 75; 15; 80; 16; 16; 80; 16; 1; 1],0.03755511296913028,0.4869034557490178,tvm
50,50,10,160,32,16,80,8,1,1,[50; 50; 10; 160; 32; 16; 80; 8; 1; 1],0.03338577848626301,0.5477096870225199,tvm
125,125,25,640,160,16,160,1,1,1,[125; 125; 25; 640; 160; 16; 160; 1; 1; 1],0.037434058263897896,0.4884780099663779,tvm
60,30,5,128,64,32,10,5,2,1,[60; 30; 5; 128; 64; 32; 10; 5; 2; 1],0.04237865703180432,0.43148404330017415,tvm
1500,1500,10,512,256,32,20,20,2,1,[1500; 1500; 10; 512; 256; 32; 20; 20; 2; 1],0.05664616194553673,0.32280588229958723,tvm
500,125,5,2560,128,64,80,1,4,1,[500; 125; 5; 2560; 128; 64; 80; 1; 4; 1],0.03065107500879094,0.596576605566683,tvm
250,25,5,128,64,64,40,40,4,1,[250; 25; 5; 128; 64; 64; 40; 40; 4; 1],0.032523586007300764,0.5622293397047171,tvm
150,50,5,320,80,80,256,32,5,1,[150; 50; 5; 320; 80; 80; 256; 32; 5; 1],0.04133313725469634,0.44239841203044983,tvm
1500,300,10,640,128,16,32,16,1,1,[1500; 300; 10; 640; 128; 16; 32; 16; 1; 1],0.030963286466430873,0.590561157180098,tvm
30,30,5,2560,1280,64,40,1,4,0,[30; 30; 5; 2560; 1280; 64; 40; 1; 4; 0],0.03269727772567421,0.5592427124707134,tvm
375,125,5,1024,32,32,80,40,2,1,[375; 125; 5; 1024; 32; 32; 80; 40; 2; 1],0.033643334230873734,0.5435167085470946,tvm
750,150,10,256,128,16,160,32,1,1,[750; 150; 10; 256; 128; 16; 160; 32; 1; 1],0.02960100321797654,0.6177396810189685,tvm
150,25,5,640,160,32,80,40,2,1,[150; 25; 5; 640; 160; 32; 80; 40; 2; 1],0.03040045074885711,0.6014948408750725,tvm
1500,150,5,640,160,32,20,20,2,1,[1500; 150; 5; 640; 160; 32; 20; 20; 2; 1],0.03403760422952473,0.5372209560464006,tvm
500,100,10,32,32,32,16,8,2,1,[500; 100; 10; 32; 32; 32; 16; 8; 2; 1],0.03209466300904751,0.569743146409094,tvm
1500,60,5,128,128,64,16,8,4,1,[1500; 60; 5; 128; 128; 64; 16; 8; 4; 1],0.029509151238016784,0.619662495143429,tvm
300,60,5,1280,1280,32,80,40,2,1,[300; 60; 5; 1280; 1280; 32; 80; 40; 2; 1],0.03213402902474627,0.5690451786059115,tvm
375,25,5,1280,256,64,40,40,4,1,[375; 25; 5; 1280; 256; 64; 40; 40; 4; 1],0.03359566250583157,0.5442879503430014,tvm
75,25,5,2560,80,80,32,2,5,1,[75; 25; 5; 2560; 80; 80; 32; 2; 5; 1],0.035078085493296385,0.5212859832161817,tvm
250,50,10,640,160,32,20,10,2,0,[250; 50; 10; 640; 160; 32; 20; 10; 2; 0],0.031238145485986024,0.5853649120725677,tvm
250,25,5,128,128,32,32,2,2,1,[250; 25; 5; 128; 128; 32; 32; 2; 2; 1],0.03260326775489375,0.5608552622143098,tvm
125,125,5,2560,1280,64,40,8,4,1,[125; 125; 5; 2560; 1280; 64; 40; 8; 4; 1],0.025641629239544272,0.7131260699111207,tvm
300,25,5,320,320,80,128,8,5,0,[300; 25; 5; 320; 320; 80; 128; 8; 5; 0],0.03189134376589209,0.5733754720386203,tvm
375,25,5,256,64,64,80,5,4,1,[375; 25; 5; 256; 64; 64; 80; 5; 4; 1],0.0281797552597709,0.6488954257107679,tvm
150,30,5,512,64,64,64,2,4,1,[150; 30; 5; 512; 64; 64; 64; 2; 4; 1],0.030311435519251972,0.6032612435692898,tvm
750,125,5,256,256,32,160,40,2,0,[750; 125; 5; 256; 256; 32; 160; 40; 2; 0],0.02634662523632869,0.6940438906953662,tvm
1500,750,6,640,640,32,80,4,2,0,[1500; 750; 6; 640; 640; 32; 80; 4; 2; 0],0.02556495921453461,0.7152647548648617,tvm
300,150,10,512,512,32,80,5,2,0,[300; 150; 10; 512; 512; 32; 80; 5; 2; 0],0.031034532003104687,0.5892054142748145,tvm
100,50,10,256,256,32,80,16,2,1,[100; 50; 10; 256; 256; 32; 80; 16; 2; 1],0.029432535986416042,0.6212755263139291,tvm
1500,300,12,512,256,32,128,4,2,1,[1500; 300; 12; 512; 256; 32; 128; 4; 2; 1],0.03678760078037158,0.4970618876420674,tvm
100,50,5,320,64,64,128,4,4,1,[100; 50; 5; 320; 64; 64; 128; 4; 4; 1],0.025795744499191642,0.7088655373481197,tvm
1500,100,10,640,64,32,64,1,2,1,[1500; 100; 10; 640; 64; 32; 64; 1; 2; 1],0.025017382518853992,0.7309203619496772,tvm
750,125,5,640,64,64,40,8,4,1,[750; 125; 5; 640; 64; 64; 40; 8; 4; 1],0.023885215254267678,0.7655662338000951,tvm
75,75,5,320,320,80,64,1,5,0,[75; 75; 5; 320; 320; 80; 64; 1; 5; 0],0.025609771779272705,0.7140131682279905,tvm
1500,150,5,64,64,64,160,20,4,0,[1500; 150; 5; 64; 64; 64; 160; 20; 4; 0],0.025825451244600117,0.7080501367633479,tvm
750,750,6,320,64,64,128,1,4,1,[750; 750; 6; 320; 64; 64; 128; 1; 4; 1],0.022725031012669206,0.8046507956587606,tvm
500,125,5,320,320,80,128,4,5,1,[500; 125; 5; 320; 320; 80; 128; 4; 5; 1],0.02302839537151158,0.7940507356554917,tvm
150,150,15,2560,160,16,40,8,1,1,[150; 150; 15; 2560; 160; 16; 40; 8; 1; 1],0.03900081873871386,0.46885462605848105,tvm
1500,300,5,80,80,16,32,1,1,0,[1500; 300; 5; 80; 80; 16; 32; 1; 1; 0],0.05559948843438178,0.3288827793315938,tvm
30,15,5,320,64,32,80,40,2,0,[30; 15; 5; 320; 64; 32; 80; 40; 2; 0],0.03646836447296664,0.5014130617036354,tvm
1500,125,5,320,160,16,160,20,1,0,[1500; 125; 5; 320; 160; 16; 160; 20; 1; 0],0.03814347123261541,0.4793930309645937,tvm
25,25,5,5120,160,32,8,1,2,1,[25; 25; 5; 5120; 160; 32; 8; 1; 2; 1],0.03749830601736903,0.4876410757660475,tvm
300,75,5,512,512,16,160,1,1,1,[300; 75; 5; 512; 512; 16; 160; 1; 1; 1],0.0427115757483989,0.4281208071888978,tvm
30,10,5,512,64,64,20,10,4,1,[30; 10; 5; 512; 64; 64; 20; 10; 4; 1],0.03834845672827214,0.4768305127708899,tvm
150,50,5,256,64,16,160,2,1,0,[150; 50; 5; 256; 64; 16; 160; 2; 1; 0],0.040078667749185115,0.4562455618571821,tvm
75,15,5,640,128,32,20,10,2,1,[75; 15; 5; 640; 128; 32; 20; 10; 2; 1],0.042599733744282275,0.42924480222059114,tvm
100,20,5,2560,80,80,16,1,5,1,[100; 20; 5; 2560; 80; 80; 16; 1; 5; 1],0.04508084926055744,0.40562044827564936,tvm
20,10,5,160,160,80,20,20,5,1,[20; 10; 5; 160; 160; 80; 20; 20; 5; 1],0.048543017997872084,0.37669092363634776,tvm
50,25,5,512,256,64,256,8,4,0,[50; 25; 5; 512; 256; 64; 256; 8; 4; 0],0.04263928474392742,0.4288466468312064,tvm
1500,500,10,512,32,32,20,10,2,0,[1500; 500; 10; 512; 32; 32; 20; 10; 2; 0],0.0725596504053101,0.25200940444961256,tvm
1500,100,5,320,320,16,128,1,1,0,[1500; 100; 5; 320; 320; 16; 128; 1; 1; 0],0.03825484972912818,0.477997284401593,tvm
375,15,5,2560,1280,80,80,4,5,1,[375; 15; 5; 2560; 1280; 80; 80; 4; 5; 1],0.031769349006935954,0.5755772421311532,tvm
60,60,6,5120,256,32,16,16,2,1,[60; 60; 6; 5120; 256; 32; 16; 16; 2; 1],0.04034993925597519,0.45317823577656224,tvm
1500,150,10,320,32,32,256,64,2,1,[1500; 150; 10; 320; 32; 32; 256; 64; 2; 1],0.03195012349169701,0.5723206137361647,tvm
30,10,5,128,128,64,128,1,4,1,[30; 10; 5; 128; 128; 64; 128; 1; 4; 1],0.036601921194233,0.49958345597977477,tvm
1500,1500,12,320,16,16,160,2,1,0,[1500; 1500; 12; 320; 16; 16; 160; 2; 1; 0],0.04017330298665911,0.45517079568455376,tvm
250,250,5,320,160,16,160,5,1,0,[250; 250; 5; 320; 160; 16; 160; 5; 1; 0],0.03762614604784176,0.4859842478276661,tvm
150,75,5,1280,256,32,16,8,2,0,[150; 75; 5; 1280; 256; 32; 16; 8; 2; 0],0.03291393828112632,0.5555614198924282,tvm
750,75,25,80,80,16,160,5,1,0,[750; 75; 25; 80; 80; 16; 160; 5; 1; 0],0.037348927988205105,0.4895914091962416,tvm
300,150,6,2560,640,32,80,5,2,0,[300; 150; 6; 2560; 640; 32; 80; 5; 2; 0],0.04226286296034232,0.4326662465548732,tvm
300,15,5,256,256,32,40,5,2,1,[300; 15; 5; 256; 256; 32; 40; 5; 2; 1],0.03660002298420295,0.49960936619101687,tvm
60,15,5,512,128,32,80,10,2,1,[60; 15; 5; 512; 128; 32; 80; 10; 2; 1],0.03588643850525841,0.5095438568816155,tvm
750,150,10,160,80,16,40,2,1,0,[750; 150; 10; 160; 80; 16; 40; 2; 1; 0],0.03475223697023466,0.5261737338340559,tvm
750,250,25,256,256,16,160,8,1,0,[750; 250; 25; 256; 256; 16; 160; 8; 1; 0],0.07505473948549479,0.24363170681910387,tvm
250,50,10,640,32,16,80,4,1,1,[250; 50; 10; 640; 32; 16; 80; 4; 1; 1],0.035227588727138937,0.5190736847574009,tvm
50,25,5,5120,80,80,160,4,5,1,[50; 25; 5; 5120; 80; 80; 160; 4; 5; 1],0.03213619999587536,0.5690067365793477,tvm
300,100,5,2560,128,32,80,8,2,1,[300; 100; 5; 2560; 128; 32; 80; 8; 2; 1],0.039990579534787685,0.45725054496416084,tvm
300,60,15,160,16,16,64,4,1,1,[300; 60; 15; 160; 16; 16; 64; 4; 1; 1],0.03640215744962916,0.5023250149669514,tvm
100,25,5,5120,128,32,40,4,2,0,[100; 25; 5; 5120; 128; 32; 40; 4; 2; 0],0.03494577499805018,0.5232596583345067,tvm
300,75,15,640,32,16,128,4,1,1,[300; 75; 15; 640; 32; 16; 128; 4; 1; 1],0.03399877977790311,0.5378344283284765,tvm
1500,125,25,80,80,16,80,1,1,1,[1500; 125; 25; 80; 80; 16; 80; 1; 1; 1],0.0350099565112032,0.5223003998837545,tvm
300,75,15,640,80,16,128,32,1,1,[300; 75; 15; 640; 80; 16; 128; 32; 1; 1],0.03543505002744496,0.5160346682607119,tvm
1500,750,10,128,64,16,40,20,1,1,[1500; 750; 10; 128; 64; 16; 40; 20; 1; 1],0.031856319517828524,0.5740058664178268,tvm
375,375,5,1024,1024,32,20,4,2,1,[375; 375; 5; 1024; 1024; 32; 20; 4; 2; 1],0.037548009713646024,0.4869955671463655,tvm
300,150,5,1024,512,64,256,8,4,1,[300; 150; 5; 1024; 512; 64; 256; 8; 4; 1],0.041187979048117995,0.44395755043848933,tvm
500,250,10,128,16,16,40,5,1,1,[500; 250; 10; 128; 16; 16; 40; 5; 1; 1],0.039374702726490796,0.46440259911884724,tvm
750,150,10,512,32,32,16,1,2,1,[750; 150; 10; 512; 32; 32; 16; 1; 2; 1],0.034724005265161395,0.5266015295781662,tvm
1500,150,15,640,160,16,40,20,1,1,[1500; 150; 15; 640; 160; 16; 40; 20; 1; 1],0.03137340978719294,0.5828411514638351,tvm
375,375,5,1024,128,32,128,1,2,0,[375; 375; 5; 1024; 128; 32; 128; 1; 2; 0],0.03479721420444548,0.5254936265380179,tvm
300,30,5,1280,32,32,40,10,2,1,[300; 30; 5; 1280; 32; 32; 40; 10; 2; 1],0.039610652485862374,0.4616362806000413,tvm
100,100,10,128,32,16,128,2,1,1,[100; 100; 10; 128; 32; 16; 128; 2; 1; 1],0.03135800099698827,0.5831275497271179,tvm
750,30,5,1280,160,32,40,5,2,0,[750; 30; 5; 1280; 160; 32; 40; 5; 2; 0],0.031130982737522572,0.5873799243630777,tvm
1500,150,5,32,32,32,64,32,2,0,[1500; 150; 5; 32; 32; 32; 64; 32; 2; 0],0.03750463150208816,0.4875588308258991,tvm
100,50,5,1024,128,32,32,32,2,1,[100; 50; 5; 1024; 128; 32; 32; 32; 2; 1],0.038304897490888834,0.4773727508359397,tvm
250,25,5,1280,64,64,40,40,4,1,[250; 25; 5; 1280; 64; 64; 40; 40; 4; 1],0.03262187272775918,0.5605353940993794,tvm
1500,750,10,160,160,32,40,10,2,0,[1500; 750; 10; 160; 160; 32; 40; 10; 2; 0],0.03331926523242146,0.5488030470708367,tvm
60,60,5,128,64,64,64,64,4,0,[60; 60; 5; 128; 64; 64; 64; 64; 4; 0],0.029672751028556377,0.6162460052361352,tvm
500,100,5,256,128,32,20,4,2,1,[500; 100; 5; 256; 128; 32; 20; 4; 2; 1],0.032297143538016826,0.5661712548724395,tvm
1500,300,6,320,32,32,64,8,2,0,[1500; 300; 6; 320; 32; 32; 64; 8; 2; 0],0.03453745727892965,0.529445874895657,tvm
250,50,5,1024,1024,64,80,5,4,1,[250; 50; 5; 1024; 1024; 64; 80; 5; 4; 1],0.025492328219115734,0.7173026382110724,tvm
375,75,5,1024,512,64,40,20,4,0,[375; 75; 5; 1024; 512; 64; 40; 20; 4; 0],0.03152944578323513,0.5799567303348283,tvm
125,125,5,256,64,32,40,8,2,0,[125; 125; 5; 256; 64; 32; 40; 8; 2; 0],0.028926895756740123,0.6321353815316881,tvm
150,50,10,256,64,32,40,1,2,1,[150; 50; 10; 256; 64; 32; 40; 1; 2; 1],0.028002694249153137,0.6529983909054496,tvm
300,150,6,512,128,32,160,4,2,0,[300; 150; 6; 512; 128; 32; 160; 4; 2; 0],0.030523127759806812,0.5990773432398077,tvm
250,50,5,512,128,32,64,1,2,1,[250; 50; 5; 512; 128; 32; 64; 1; 2; 1],0.03012960177147761,0.606901957231462,tvm
750,750,5,1024,128,64,64,8,4,1,[750; 750; 5; 1024; 128; 64; 64; 8; 4; 1],0.03640989400446415,0.5022182784567378,tvm
1500,750,6,512,512,64,160,2,4,0,[1500; 750; 6; 512; 512; 64; 160; 2; 4; 0],0.035981426015496254,0.5081987100188612,tvm
1500,1500,5,640,640,80,64,1,5,0,[1500; 1500; 5; 640; 640; 80; 64; 1; 5; 0],0.026072713488247246,0.7013352980677254,tvm
1500,1500,6,64,32,32,80,5,2,1,[1500; 1500; 6; 64; 32; 32; 80; 5; 2; 1],0.029000099224504083,0.6305397145077176,tvm
300,150,10,64,64,32,80,2,2,1,[300; 150; 10; 64; 64; 32; 80; 2; 2; 1],0.025631851982325315,0.7133980914966025,tvm
1500,150,6,640,320,64,160,8,4,0,[1500; 150; 6; 640; 320; 64; 160; 8; 4; 0],0.024546980013838038,0.7449272487045638,tvm
30,30,5,2560,32,32,128,64,2,0,[30; 30; 5; 2560; 32; 32; 128; 64; 2; 0],0.038446257007308304,0.47561754274904655,tvm
500,250,5,32,32,16,40,5,1,1,[500; 250; 5; 32; 32; 16; 40; 5; 1; 1],0.03619105025427416,0.5052551433915556,tvm
1500,300,6,160,16,16,64,16,1,1,[1500; 300; 6; 160; 16; 16; 64; 16; 1; 1],0.038376356998924166,0.47648384879854294,tvm
750,150,15,320,64,16,256,1,1,1,[750; 150; 15; 320; 64; 16; 256; 1; 1; 1],0.04062751721357927,0.45008200204767873,tvm
50,50,25,640,64,16,32,4,1,1,[50; 50; 25; 640; 64; 16; 32; 4; 1; 1],0.037226327462121844,0.4912038208528677,tvm
1500,750,6,640,320,32,20,1,2,1,[1500; 750; 6; 640; 320; 32; 20; 1; 2; 1],0.03357684920774773,0.5445929179529725,tvm
75,15,5,1280,160,80,40,20,5,1,[75; 15; 5; 1280; 160; 80; 40; 20; 5; 1],0.034550380951259285,0.5292478340979859,tvm
60,30,6,1280,640,64,256,4,4,1,[60; 30; 6; 1280; 640; 64; 256; 4; 4; 1],0.0370036149979569,0.4941602134473593,tvm
30,30,6,5120,1280,64,160,8,4,0,[30; 30; 6; 5120; 1280; 64; 160; 8; 4; 0],0.043302052246872336,0.42228285582088193,tvm
300,300,30,160,32,16,160,5,1,1,[300; 300; 30; 160; 32; 16; 160; 5; 1; 1],0.029626706964336336,0.6172037380909743,tvm
20,20,5,2560,64,32,64,1,2,0,[20; 20; 5; 2560; 64; 32; 64; 1; 2; 0],0.03470948000904173,0.5268219022857994,tvm
60,30,5,1280,320,32,8,1,2,1,[60; 30; 5; 1280; 320; 32; 8; 1; 2; 1],0.03446788975270465,0.5305144706249222,tvm
500,50,25,128,64,16,80,4,1,1,[500; 50; 25; 128; 64; 16; 80; 4; 1; 1],0.04205711296526715,0.43478291771514455,tvm
1500,150,25,640,80,16,40,5,1,1,[1500; 150; 25; 640; 80; 16; 40; 5; 1; 1],0.03064449125668034,0.596704775829101,tvm
50,50,10,256,256,16,160,2,1,1,[50; 50; 10; 256; 256; 16; 160; 2; 1; 1],0.03472987952409312,0.5265124594811497,tvm
30,15,5,1280,640,80,80,16,5,1,[30; 15; 5; 1280; 640; 80; 80; 16; 5; 1],0.031004009244497865,0.5897854739209047,tvm
300,150,6,640,640,32,8,1,2,1,[300; 150; 6; 640; 640; 32; 8; 1; 2; 1],0.03068774373969063,0.5958637572323077,tvm
250,50,10,512,128,32,32,32,2,1,[250; 50; 10; 512; 128; 32; 32; 32; 2; 1],0.03799371322384104,0.48128263162864554,tvm
250,50,5,2560,256,64,128,2,4,1,[250; 50; 5; 2560; 256; 64; 128; 2; 4; 1],0.033461209503002465,0.5464749946971736,tvm
150,75,5,2560,64,32,32,8,2,1,[150; 75; 5; 2560; 64; 32; 32; 8; 2; 1],0.03386257198872045,0.5399977973263584,tvm
100,100,10,2560,32,32,40,20,2,0,[100; 100; 10; 2560; 32; 32; 40; 20; 2; 0],0.034822855959646404,0.5251066801328481,tvm
300,60,12,128,128,16,40,5,1,1,[300; 60; 12; 128; 128; 16; 40; 5; 1; 1],0.033736730518285185,0.5420120445816021,tvm
150,25,5,2560,1280,64,40,8,4,1,[150; 25; 5; 2560; 1280; 64; 40; 8; 4; 1],0.03406445152359083,0.5367975548659806,tvm
150,15,5,640,640,80,40,8,5,1,[150; 15; 5; 640; 640; 80; 40; 8; 5; 1],0.03134098200825974,0.5834442035318226,tvm
1500,50,5,128,64,64,8,8,4,1,[1500; 50; 5; 128; 64; 64; 8; 8; 4; 1],0.032821980013977736,0.5571179519921419,tvm
100,100,5,256,64,32,8,1,2,1,[100; 100; 5; 256; 64; 32; 8; 1; 2; 1],0.037804410501848906,0.4836926179504898,tvm
100,100,10,1280,320,32,16,16,2,1,[100; 100; 10; 1280; 320; 32; 16; 16; 2; 1],0.03144049778347835,0.5815974801557766,tvm
150,150,10,32,32,16,160,20,1,1,[150; 150; 10; 32; 32; 16; 160; 20; 1; 1],0.0300209799897857,0.6090978473033124,tvm
1500,1500,10,512,128,32,40,8,2,1,[1500; 1500; 10; 512; 128; 32; 40; 8; 2; 1],0.04242852726019919,0.4309768796256927,tvm
750,25,5,320,80,80,64,64,5,0,[750; 25; 5; 320; 80; 80; 64; 64; 5; 0],0.0350631260080263,0.5215083869455479,tvm
1500,150,5,128,128,64,16,16,4,1,[1500; 150; 5; 128; 128; 64; 16; 16; 4; 1],0.033480394224170595,0.5461618570940611,tvm
150,75,5,2560,640,80,32,16,5,1,[150; 75; 5; 2560; 640; 80; 32; 16; 5; 1],0.029148623696528375,0.6273268500115198,tvm
1500,750,15,256,128,16,40,8,1,1,[1500; 750; 15; 256; 128; 16; 40; 8; 1; 1],0.0369145919685252,0.49535192753330143,tvm
300,30,6,1024,1024,32,40,10,2,0,[300; 30; 6; 1024; 1024; 32; 40; 10; 2; 0],0.036628443747758865,0.49922170899857327,tvm
750,25,5,512,32,32,80,2,2,0,[750; 25; 5; 512; 32; 32; 80; 2; 2; 0],0.04070572723867372,0.4492172361520024,tvm
300,25,5,64,32,32,80,4,2,0,[300; 25; 5; 64; 32; 32; 80; 4; 2; 0],0.03763078025076538,0.4859243992248173,tvm
300,300,15,640,320,16,32,16,1,1,[300; 300; 15; 640; 320; 16; 32; 16; 1; 1],0.030501840286888182,0.5994954440035791,tvm
50,25,5,2560,320,80,32,16,5,1,[50; 25; 5; 2560; 320; 80; 32; 16; 5; 1],0.030126320489216596,0.6069680594501897,tvm
300,60,12,1280,32,32,160,1,2,1,[300; 60; 12; 1280; 32; 32; 160; 1; 2; 1],0.03778932226123288,0.4838857431553659,tvm
100,25,5,1024,1024,32,80,20,2,1,[100; 25; 5; 1024; 1024; 32; 80; 20; 2; 1],0.03103448374895379,0.5892063304043432,tvm
500,25,5,640,64,64,160,1,4,0,[500; 25; 5; 640; 64; 64; 160; 1; 4; 0],0.0310072727734223,0.5897233987436579,tvm
500,50,5,256,128,32,40,20,2,0,[500; 50; 5; 256; 128; 32; 40; 20; 2; 0],0.03408555197529495,0.5364652536349621,tvm
375,75,5,1280,320,32,64,4,2,0,[375; 75; 5; 1280; 320; 32; 64; 4; 2; 0],0.02650958055164665,0.6897775787168562,tvm
60,30,10,640,160,32,80,10,2,1,[60; 30; 10; 640; 160; 32; 80; 10; 2; 1],0.0330097780097276,0.5539484173545699,tvm
150,25,5,640,640,80,32,8,5,0,[150; 25; 5; 640; 640; 80; 32; 8; 5; 0],0.03007479099323973,0.6080080253865965,tvm
375,25,5,1280,320,64,80,16,4,0,[375; 25; 5; 1280; 320; 64; 80; 16; 4; 0],0.027727395994588733,0.6594818456548505,tvm
125,125,5,320,32,32,40,5,2,0,[125; 125; 5; 320; 32; 32; 40; 5; 2; 0],0.033304277749266475,0.5490500176397619,tvm
1500,750,5,128,64,32,40,1,2,1,[1500; 750; 5; 128; 64; 32; 40; 1; 2; 1],0.029764028266072273,0.614356165847282,tvm
250,250,10,1280,640,32,80,5,2,0,[250; 250; 10; 1280; 640; 32; 80; 5; 2; 0],0.026862783764954656,0.6807080921214851,tvm
375,375,5,512,32,32,160,4,2,0,[375; 375; 5; 512; 32; 32; 160; 4; 2; 0],0.03027169225970283,0.6040532563835529,tvm
750,125,5,1280,320,80,32,32,5,1,[750; 125; 5; 1280; 320; 80; 32; 32; 5; 1],0.03706065221922472,0.49339968917840077,tvm
60,60,6,640,640,32,80,20,2,0,[60; 60; 6; 640; 640; 32; 80; 20; 2; 0],0.026166572759393603,0.6988196143933237,tvm
1500,1500,5,640,320,64,64,64,4,0,[1500; 1500; 5; 640; 320; 64; 64; 64; 4; 0],0.03328633023193106,0.5493460576249731,tvm
375,125,5,1024,64,64,128,2,4,1,[375; 125; 5; 1024; 64; 64; 128; 2; 4; 1],0.027558717702049762,0.6635183277904919,tvm
1500,1500,5,640,320,32,64,32,2,1,[1500; 1500; 5; 640; 320; 32; 64; 32; 2; 1],0.025545939803123474,0.715797282332847,tvm
500,250,5,640,80,80,40,4,5,0,[500; 250; 5; 640; 80; 80; 40; 4; 5; 0],0.03140010399511084,0.5823456600195167,tvm
300,50,5,128,128,64,160,16,4,1,[300; 50; 5; 128; 128; 64; 160; 16; 4; 1],0.02552412624936551,0.7164090205112836,tvm
375,375,5,64,32,32,64,1,2,1,[375; 375; 5; 64; 32; 32; 64; 1; 2; 1],0.028582082479260862,0.6397614414198961,tvm
1500,750,10,128,128,32,64,1,2,1,[1500; 750; 10; 128; 128; 32; 64; 1; 2; 1],0.024369785387534648,0.750343673320471,tvm
75,75,5,1280,640,80,128,1,5,1,[75; 75; 5; 1280; 640; 80; 128; 1; 5; 1],0.024620722397230566,0.7426960911500767,tvm
1500,100,5,640,80,80,80,5,5,0,[1500; 100; 5; 640; 80; 80; 80; 5; 5; 0],0.02511236403370276,0.7281558303779535,tvm
125,125,5,256,256,32,80,16,2,1,[125; 125; 5; 256; 256; 32; 80; 16; 2; 1],0.02513545675901696,0.7274868509860902,tvm
1500,250,5,640,640,32,160,2,2,1,[1500; 250; 5; 640; 640; 32; 160; 2; 2; 1],0.024867805477697402,0.7353167653701393,tvm
150,75,5,640,128,64,40,8,4,1,[150; 75; 5; 640; 128; 64; 40; 8; 4; 1],0.025179314019624144,0.7262197163696694,tvm
100,20,10,640,640,32,32,4,2,0,[100; 20; 10; 640; 640; 32; 32; 4; 2; 0],0.030532690754625946,0.598889709153585,tvm
60,60,15,2560,80,16,80,2,1,1,[60; 60; 15; 2560; 80; 16; 80; 2; 1; 1],0.03877855621976778,0.4715419053273817,tvm
500,250,5,5120,320,80,40,4,5,1,[500; 250; 5; 5120; 320; 80; 40; 4; 5; 1],0.06205766694620252,0.2946568117290984,tvm
250,50,10,640,80,16,128,32,1,0,[250; 50; 10; 640; 80; 16; 128; 32; 1; 0],0.042445307248272,0.43080650067525944,tvm
1500,500,5,64,64,32,10,10,2,1,[1500; 500; 5; 64; 64; 32; 10; 10; 2; 1],0.039522121485788375,0.46267036278124857,tvm
150,150,30,1024,512,16,32,16,1,1,[150; 150; 30; 1024; 512; 16; 32; 16; 1; 1],0.22304921387694776,0.08198062646301092,tvm
300,60,5,256,128,16,160,2,1,0,[300; 60; 5; 256; 128; 16; 160; 2; 1; 0],0.04237700754310936,0.43150083844671105,tvm
750,30,5,1280,32,32,20,4,2,0,[750; 30; 5; 1280; 32; 32; 20; 4; 2; 0],0.044185902224853635,0.4138359378215652,tvm
60,60,12,640,32,16,64,4,1,0,[60; 60; 12; 640; 32; 16; 64; 4; 1; 0],0.03455206623766571,0.5292220198912667,tvm
500,250,10,512,64,16,32,1,1,0,[500; 250; 10; 512; 64; 16; 32; 1; 1; 0],0.04353936872212216,0.41998115320453405,tvm
300,30,5,1280,1280,32,8,2,2,1,[300; 30; 5; 1280; 1280; 32; 8; 2; 2; 1],0.041407949989661574,0.4415991202240084,tvm
50,25,5,5120,5120,64,40,40,4,1,[50; 25; 5; 5120; 5120; 64; 40; 40; 4; 1],0.03920787322567776,0.46637863218091435,tvm
15,15,5,5120,2560,80,64,4,5,1,[15; 15; 5; 5120; 2560; 80; 64; 4; 5; 1],0.03456523874774575,0.5290203380095799,tvm
125,125,5,640,640,16,160,5,1,1,[125; 125; 5; 640; 640; 16; 160; 5; 1; 1],0.03936597000574693,0.4645056195248029,tvm
300,300,5,160,32,16,32,16,1,1,[300; 300; 5; 160; 32; 16; 32; 16; 1; 1],0.043021177232731134,0.4250398399558962,tvm
75,75,25,64,32,16,128,2,1,0,[75; 75; 25; 64; 32; 16; 128; 2; 1; 0],0.04334873898187652,0.4218280557909488,tvm
100,10,5,160,160,80,128,4,5,1,[100; 10; 5; 160; 160; 80; 128; 4; 5; 1],0.03757239622063935,0.4866794808170776,tvm
500,25,5,2560,1280,64,128,8,4,1,[500; 25; 5; 2560; 1280; 64; 128; 8; 4; 1],0.04241335950791836,0.4311310044256324,tvm
1500,125,5,1280,80,80,64,16,5,1,[1500; 125; 5; 1280; 80; 80; 64; 16; 5; 1],0.047406751255039126,0.3857196243492977,tvm
60,15,5,1280,64,64,80,4,4,0,[60; 15; 5; 1280; 64; 64; 80; 4; 4; 0],0.03517119574826211,0.5199059598824651,tvm
50,25,5,320,64,32,256,4,2,1,[50; 25; 5; 320; 64; 32; 256; 4; 2; 1],0.03725017077522352,0.4908894081601579,tvm
750,30,6,1280,64,32,160,40,2,0,[750; 30; 6; 1280; 64; 32; 160; 40; 2; 0],0.03231912024784833,0.5657862635333235,tvm
1500,500,20,320,16,16,128,4,1,1,[1500; 500; 20; 320; 16; 16; 128; 4; 1; 1],0.03197233349783346,0.5719230436199905,tvm
500,25,5,1024,32,32,160,32,2,0,[500; 25; 5; 1024; 32; 32; 160; 32; 2; 0],0.03394619602477178,0.5386675512145906,tvm
300,300,10,512,128,16,256,4,1,1,[300; 300; 10; 512; 128; 16; 256; 4; 1; 1],0.049446986289694905,0.36980442404687375,tvm
500,100,25,256,32,16,32,2,1,1,[500; 100; 25; 256; 32; 16; 32; 2; 1; 1],0.03744146350072697,0.4883813979482733,tvm
300,100,5,320,64,32,256,16,2,1,[300; 100; 5; 320; 64; 32; 256; 16; 2; 1],0.03445052745519206,0.5307818380864423,tvm
150,75,15,128,64,16,32,32,1,1,[150; 75; 15; 128; 64; 16; 32; 32; 1; 1],0.03764140547718853,0.4857872349319105,tvm
300,150,5,2560,1280,80,160,8,5,1,[300; 150; 5; 2560; 1280; 80; 160; 8; 5; 1],0.0493032310041599,0.37088267671892444,tvm
300,300,6,512,64,16,128,2,1,1,[300; 300; 6; 512; 64; 16; 128; 2; 1; 1],0.037887428246904165,0.48263276584914255,tvm
300,300,6,80,80,16,32,1,1,1,[300; 300; 6; 80; 80; 16; 32; 1; 1; 1],0.03402575774816796,0.5374079960555423,tvm
1500,250,10,320,64,32,16,1,2,1,[1500; 250; 10; 320; 64; 32; 16; 1; 2; 1],0.029936817998532206,0.610810216590515,tvm
300,75,5,2560,1280,64,40,10,4,1,[300; 75; 5; 2560; 1280; 64; 40; 10; 4; 1],0.03770695172715932,0.48494278768611176,tvm
250,250,5,2560,640,32,40,8,2,0,[250; 250; 5; 2560; 640; 32; 40; 8; 2; 0],0.039654130465351045,0.46113012871867065,tvm
750,30,10,1280,64,32,80,8,2,0,[750; 30; 10; 1280; 64; 32; 80; 8; 2; 0],0.030355032300576568,0.6023948222043883,tvm
375,75,5,2560,320,80,40,8,5,0,[375; 75; 5; 2560; 320; 80; 40; 8; 5; 0],0.025382951251231134,0.7203935470201632,tvm
250,25,5,512,256,32,160,40,2,0,[250; 25; 5; 512; 256; 32; 160; 40; 2; 0],0.03380982775706798,0.5408402082702607,tvm
25,25,5,128,128,32,160,32,2,1,[25; 25; 5; 128; 128; 32; 160; 32; 2; 1],0.029238610761240125,0.6253961392021595,tvm
1500,300,15,128,32,16,80,1,1,1,[1500; 300; 15; 128; 32; 16; 80; 1; 1; 1],0.03301708976505324,0.5538257434508568,tvm
300,30,5,64,32,32,40,2,2,1,[300; 30; 5; 64; 32; 32; 40; 2; 2; 1],0.033841232710983604,0.5403383039229367,tvm
500,100,5,1280,64,32,80,5,2,0,[500; 100; 5; 1280; 64; 32; 80; 5; 2; 0],0.03634555224562064,0.5031073448035881,tvm
300,30,10,1280,256,32,160,5,2,1,[300; 30; 10; 1280; 256; 32; 160; 5; 2; 1],0.04308262752601877,0.4244335904227533,tvm
375,375,5,1024,32,32,128,1,2,1,[375; 375; 5; 1024; 32; 32; 128; 1; 2; 1],0.03591616899939254,0.5091220693950839,tvm
60,60,6,2560,64,64,64,2,4,1,[60; 60; 6; 2560; 64; 64; 64; 2; 4; 1],0.028624223778024316,0.6388195686114215,tvm
60,60,10,1280,32,32,160,40,2,1,[60; 60; 10; 1280; 32; 32; 160; 40; 2; 1],0.03241485502803698,0.5641152573379766,tvm
1500,60,5,640,640,64,16,4,4,1,[1500; 60; 5; 640; 640; 64; 16; 4; 4; 1],0.028503320005256683,0.6415292773733716,tvm
750,30,6,1280,64,64,160,10,4,0,[750; 30; 6; 1280; 64; 64; 160; 10; 4; 0],0.03009569348068908,0.6075857430381967,tvm
1500,100,5,128,64,32,32,16,2,0,[1500; 100; 5; 128; 64; 32; 32; 16; 2; 0],0.0316439425223507,0.5778582827597651,tvm
750,30,10,256,64,32,80,1,2,1,[750; 30; 10; 256; 64; 32; 80; 1; 2; 1],0.0353022874915041,0.5179753377203943,tvm
1500,75,5,512,32,32,80,16,2,0,[1500; 75; 5; 512; 32; 32; 80; 16; 2; 0],0.050269233994185925,0.3637555783688526,tvm
125,25,5,256,256,32,40,8,2,0,[125; 25; 5; 256; 256; 32; 40; 8; 2; 0],0.03146598598686978,0.5811263722466731,tvm
100,25,5,1280,1280,80,160,8,5,0,[100; 25; 5; 1280; 1280; 80; 160; 8; 5; 0],0.038627773232292384,0.4733825627418677,tvm
60,30,5,256,128,64,80,4,4,0,[60; 30; 5; 256; 128; 64; 80; 4; 4; 0],0.028756480780430138,0.635881505297352,tvm
60,60,12,512,64,32,64,8,2,0,[60; 60; 12; 512; 64; 32; 64; 8; 2; 0],0.027794404479209334,0.657891925671309,tvm
150,30,5,640,80,80,40,2,5,1,[150; 30; 5; 640; 80; 80; 40; 2; 5; 1],0.030821315944194794,0.5932814263616284,tvm
1500,50,10,320,160,32,80,5,2,0,[1500; 50; 10; 320; 160; 32; 80; 5; 2; 0],0.027428675966802984,0.6666641258165559,tvm
1500,1500,10,64,64,32,80,10,2,0,[1500; 1500; 10; 64; 64; 32; 80; 10; 2; 0],0.027293975988868624,0.6699542160208465,tvm
25,25,5,640,320,80,160,5,5,0,[25; 25; 5; 640; 320; 80; 160; 5; 5; 0],0.031160143727902323,0.5868302291988583,tvm
1500,60,6,512,64,64,40,4,4,0,[1500; 60; 6; 512; 64; 64; 40; 4; 4; 0],0.04883874696679413,0.3744099802181021,tvm
300,150,6,640,128,32,64,4,2,0,[300; 150; 6; 640; 128; 32; 64; 4; 2; 0],0.028849887487012893,0.6338227244021597,tvm
150,75,5,1280,320,32,80,4,2,1,[150; 75; 5; 1280; 320; 32; 80; 4; 2; 1],0.0265465957345441,0.6888157889834351,tvm
60,60,5,256,64,32,160,4,2,1,[60; 60; 5; 256; 64; 32; 160; 4; 2; 1],0.027078960731159896,0.6752738580795246,tvm
1500,125,5,640,64,64,40,8,4,1,[1500; 125; 5; 640; 64; 64; 40; 8; 4; 1],0.02389653501450084,0.7652035859850891,tvm
1500,125,5,64,64,64,160,10,4,1,[1500; 125; 5; 64; 64; 64; 160; 10; 4; 1],0.022861812234623358,0.7998366051673392,tvm
300,100,5,2560,512,32,5,5,2,0,[300; 100; 5; 2560; 512; 32; 5; 5; 2; 0],0.06882819952443242,0.26567183817184237,tvm
300,15,5,5120,512,64,20,10,4,1,[300; 15; 5; 5120; 512; 64; 20; 10; 4; 1],0.05269176606088877,0.3470317215138311,tvm
300,12,6,1280,1280,32,20,2,2,0,[300; 12; 6; 1280; 1280; 32; 20; 2; 2; 0],0.04029198770876974,0.45383003732363186,tvm
1500,50,5,64,16,16,64,8,1,1,[1500; 50; 5; 64; 16; 16; 64; 8; 1; 1],0.04491292923921719,0.40713697804745985,tvm
60,12,6,1280,64,64,64,4,4,0,[60; 12; 6; 1280; 64; 64; 64; 4; 4; 0],0.037735980993602425,0.4845697343555043,tvm
300,75,5,640,640,16,80,10,1,0,[300; 75; 5; 640; 640; 16; 80; 10; 1; 0],0.038398204487748444,0.47621274300856004,tvm
250,125,5,5120,128,32,128,2,2,0,[250; 125; 5; 5120; 128; 32; 128; 2; 2; 0],0.03804517473326996,0.48063162842366164,tvm
60,60,30,1280,32,16,32,8,1,0,[60; 60; 30; 1280; 32; 16; 32; 8; 1; 0],0.08112156903371215,0.22541125009694019,tvm
100,20,10,640,64,16,40,5,1,1,[100; 20; 10; 640; 64; 16; 40; 5; 1; 1],0.04440756200347096,0.4117702810229719,tvm
25,25,25,128,64,16,160,1,1,0,[25; 25; 25; 128; 64; 16; 160; 1; 1; 0],0.04676457145251334,0.3910163980500142,tvm
300,300,30,32,16,16,32,2,1,0,[300; 300; 30; 32; 16; 16; 32; 2; 1; 0],0.05555728147737682,0.32913263211340377,tvm
150,150,15,16,16,16,80,8,1,0,[150; 150; 15; 16; 16; 16; 80; 8; 1; 0],0.03877879824722186,0.471538962325226,tvm
150,75,25,1280,32,16,80,16,1,1,[150; 75; 25; 1280; 32; 16; 80; 16; 1; 1],0.04979523678775877,0.36721814103732686,tvm
100,20,5,80,80,80,20,1,5,0,[100; 20; 5; 80; 80; 80; 20; 1; 5; 0],0.04865797329694033,0.37580098484833757,tvm
1500,50,5,512,128,16,40,5,1,0,[1500; 50; 5; 512; 128; 16; 40; 5; 1; 0],0.06376770604401827,0.28675508999950267,tvm
50,25,5,2560,1280,64,256,32,4,1,[50; 25; 5; 2560; 1280; 64; 256; 32; 4; 1],0.04318840097403154,0.4233941028914032,tvm
300,100,5,256,256,16,128,4,1,0,[300; 100; 5; 256; 256; 16; 128; 4; 1; 0],0.041214042459614575,0.443676795442533,tvm
1500,300,20,64,64,16,32,2,1,0,[1500; 300; 20; 64; 64; 16; 32; 2; 1; 0],0.04236047074664384,0.4316692889245816,tvm
1500,20,5,160,80,80,10,5,5,1,[1500; 20; 5; 160; 80; 80; 10; 5; 5; 1],0.04432868352159858,0.4125029852692289,tvm
300,150,15,512,512,16,64,1,1,0,[300; 150; 15; 512; 512; 16; 64; 1; 1; 0],0.039616745023522526,0.46156528697289756,tvm
1500,20,5,640,128,32,40,1,2,0,[1500; 20; 5; 640; 128; 32; 40; 1; 2; 0],0.036953324219211936,0.4948327294519174,tvm
500,10,5,320,160,80,128,32,5,0,[500; 10; 5; 320; 160; 80; 128; 32; 5; 0],0.06593573547434062,0.2773263110537428,tvm
300,300,5,2560,256,32,160,2,2,0,[300; 300; 5; 2560; 256; 32; 160; 2; 2; 0],0.04130803601583466,0.4426672398248322,tvm
300,300,6,320,64,16,256,4,1,1,[300; 300; 6; 320; 64; 16; 256; 4; 1; 1],0.048848077247384936,0.3743384656290275,tvm
60,20,5,320,160,32,16,16,2,1,[60; 20; 5; 320; 160; 32; 16; 16; 2; 1],0.04103675700025633,0.44559355130328815,tvm
500,25,5,2560,80,80,20,2,5,1,[500; 25; 5; 2560; 80; 80; 20; 2; 5; 1],0.049324103514663875,0.3707257300738981,tvm
500,100,5,2560,640,80,256,4,5,1,[500; 100; 5; 2560; 640; 80; 256; 4; 5; 1],0.04296946548856795,0.4255513555452351,tvm
250,250,5,128,128,16,160,5,1,0,[250; 250; 5; 128; 128; 16; 160; 5; 1; 0],0.03782169800251722,0.48347153225371536,tvm
375,125,5,160,80,16,80,20,1,1,[375; 125; 5; 160; 80; 16; 80; 20; 1; 1],0.03554928576340899,0.5143764183452552,tvm
1500,30,5,320,80,80,20,20,5,1,[1500; 30; 5; 320; 80; 80; 20; 20; 5; 1],0.030908836517482996,0.5916015077232467,tvm
500,20,5,320,320,32,32,32,2,1,[500; 20; 5; 320; 320; 32; 32; 32; 2; 1],0.036575166042894125,0.4999489069788341,tvm
300,15,5,320,320,32,80,4,2,0,[300; 15; 5; 320; 320; 32; 80; 4; 2; 0],0.03645483049331233,0.5015992130060464,tvm
1500,125,25,512,128,16,40,8,1,1,[1500; 125; 25; 512; 128; 16; 40; 8; 1; 1],0.05940904899034649,0.3077934186202101,tvm
60,30,6,5120,640,32,80,5,2,1,[60; 30; 6; 5120; 640; 32; 80; 5; 2; 1],0.039210814982652664,0.46634364253342114,tvm
250,25,5,32,32,32,32,32,2,0,[250; 25; 5; 32; 32; 32; 32; 32; 2; 0],0.03599621052853763,0.5079899805346859,tvm
30,15,5,2560,640,80,128,2,5,0,[30; 15; 5; 2560; 640; 80; 128; 2; 5; 0],0.041020981734618545,0.44576491133274254,tvm
500,500,20,32,32,16,160,1,1,0,[500; 500; 20; 32; 32; 16; 160; 1; 1; 0],0.035032511746976525,0.5219641234343533,tvm
50,50,5,5120,1024,64,128,2,4,1,[50; 50; 5; 5120; 1024; 64; 128; 2; 4; 1],0.028472619247622788,0.642221009830031,tvm
300,30,10,256,256,32,10,5,2,1,[300; 30; 10; 256; 256; 32; 10; 5; 2; 1],0.031181788770481944,0.5864228771578477,tvm
250,125,25,640,16,16,32,2,1,1,[250; 125; 25; 640; 16; 16; 32; 2; 1; 1],0.03440121270250529,0.531542723329129,tvm
60,30,5,5120,512,64,128,4,4,0,[60; 30; 5; 5120; 512; 64; 128; 4; 4; 0],0.03702389798127115,0.493889495238029,tvm
250,50,10,640,160,16,128,32,1,1,[250; 50; 10; 640; 160; 16; 128; 32; 1; 1],0.03635920846136287,0.5029183818769215,tvm
150,30,6,512,64,32,20,2,2,1,[150; 30; 6; 512; 64; 32; 20; 2; 2; 1],0.03823216096498072,0.4782809504925275,tvm
375,75,15,640,16,16,80,10,1,1,[375; 75; 15; 640; 16; 16; 80; 10; 1; 1],0.0326088594738394,0.5607590875842831,tvm
300,300,10,16,16,16,40,2,1,1,[300; 300; 10; 16; 16; 16; 40; 2; 1; 1],0.0386583159561269,0.4730085580154769,tvm
300,60,10,512,256,16,64,1,1,1,[300; 60; 10; 512; 256; 16; 64; 1; 1; 1],0.03856825327966362,0.4741131041927696,tvm
50,50,10,1280,32,32,10,5,2,1,[50; 50; 10; 1280; 32; 32; 10; 5; 2; 1],0.03211410349467769,0.5693982486151232,tvm
150,150,10,64,16,16,32,32,1,1,[150; 150; 10; 64; 16; 16; 32; 32; 1; 1],0.029727038461714983,0.6151206185326598,tvm
750,25,5,256,128,32,160,40,2,0,[750; 25; 5; 256; 128; 32; 160; 40; 2; 0],0.03076786798192188,0.5943120367150019,tvm
250,125,5,2560,640,80,160,20,5,0,[250; 125; 5; 2560; 640; 80; 160; 20; 5; 0],0.032414682500530034,0.5641182598476874,tvm
1500,60,6,320,64,64,40,40,4,1,[1500; 60; 6; 320; 64; 64; 40; 40; 4; 1],0.02801601926330477,0.6526878109933633,tvm
500,250,5,256,128,32,16,2,2,1,[500; 250; 5; 256; 128; 32; 16; 2; 2; 1],0.03160945151466876,0.5784888193086353,tvm
125,25,5,2560,64,64,64,2,4,0,[125; 25; 5; 2560; 64; 64; 64; 2; 4; 0],0.03214660123921931,0.5688226307235695,tvm
60,30,5,1280,256,32,40,40,2,1,[60; 30; 5; 1280; 256; 32; 40; 40; 2; 1],0.0354675852577202,0.5155612978116138,tvm
150,25,5,640,640,80,160,32,5,0,[150; 25; 5; 640; 640; 80; 160; 32; 5; 0],0.06044548295903951,0.3025158107861506,tvm
300,30,5,640,160,80,64,8,5,1,[300; 30; 5; 640; 160; 80; 64; 8; 5; 1],0.02646355697652325,0.6909771918391842,tvm
150,75,5,256,256,32,40,5,2,0,[150; 75; 5; 256; 256; 32; 40; 5; 2; 0],0.02876388403819874,0.6357178419100379,tvm
300,75,5,1024,64,64,64,8,4,0,[300; 75; 5; 1024; 64; 64; 64; 8; 4; 0],0.0348882430116646,0.5241225326136546,tvm
750,125,5,1280,64,64,160,32,4,1,[750; 125; 5; 1280; 64; 64; 160; 32; 4; 1],0.0228182872524485,0.8013622619178901,tvm
500,250,10,256,128,32,64,32,2,1,[500; 250; 10; 256; 128; 32; 64; 32; 2; 1],0.029058435233309865,0.6292738799903878,tvm
375,125,5,320,64,64,160,40,4,1,[375; 125; 5; 320; 64; 64; 160; 40; 4; 1],0.0243446453823708,0.7511185313447164,tvm
1500,250,5,320,320,32,128,8,2,0,[1500; 250; 5; 320; 320; 32; 128; 8; 2; 0],0.026705041527748108,0.6847289215676506,tvm
125,125,5,320,64,64,64,1,4,0,[125; 125; 5; 320; 64; 64; 64; 1; 4; 0],0.026166209019720554,0.6988293287702848,tvm
300,300,5,320,64,64,160,8,4,1,[300; 300; 5; 320; 64; 64; 160; 8; 4; 1],0.021653839852660894,0.8444559676314074,tvm
150,30,5,2560,64,32,8,1,2,0,[150; 30; 5; 2560; 64; 32; 8; 1; 2; 0],0.0805138380965218,0.2271126891726732,tvm
300,150,15,5120,80,16,80,10,1,1,[300; 150; 15; 5120; 80; 16; 80; 10; 1; 1],0.051574893994256854,0.3545468127913264,tvm
20,20,5,640,64,32,20,20,2,0,[20; 20; 5; 640; 64; 32; 20; 20; 2; 0],0.07397833943832666,0.2471765982387114,tvm
375,15,15,320,320,16,32,32,1,1,[375; 15; 15; 320; 320; 16; 32; 32; 1; 1],0.03821146674454212,0.478539973562415,tvm
150,30,6,64,64,16,160,1,1,1,[150; 30; 6; 64; 64; 16; 160; 1; 1; 1],0.041299399454146624,0.44275981073323645,tvm
500,50,5,640,128,16,64,2,1,0,[500; 50; 5; 640; 128; 16; 64; 2; 1; 0],0.04259325948078185,0.42931004831796993,tvm
1500,750,6,160,32,16,256,4,1,0,[1500; 750; 6; 160; 32; 16; 256; 4; 1; 0],0.06185859197285026,0.2956050841528997,tvm
100,10,5,1280,64,32,64,1,2,0,[100; 10; 5; 1280; 64; 32; 64; 1; 2; 0],0.041103721770923585,0.4448676056057153,tvm
150,25,5,5120,2560,64,40,20,4,1,[150; 25; 5; 5120; 2560; 64; 40; 20; 4; 1],0.04347300226800144,0.4206223019286063,tvm
500,100,25,512,16,16,40,10,1,1,[500; 100; 25; 512; 16; 16; 40; 10; 1; 1],0.03951785748358816,0.4627202852105122,tvm
1500,1500,6,640,32,16,64,8,1,0,[1500; 1500; 6; 640; 32; 16; 64; 8; 1; 0],0.044499117764644325,0.4109230745298674,tvm
1500,30,10,640,640,16,80,2,1,1,[1500; 30; 10; 640; 640; 16; 80; 2; 1; 1],0.036373331502545625,0.5027231086719275,tvm
100,100,10,1024,256,16,128,32,1,1,[100; 100; 10; 1024; 256; 16; 128; 32; 1; 1],0.039636529982089996,0.46133489218094514,tvm
300,300,12,1024,512,32,8,8,2,1,[300; 300; 12; 1024; 512; 32; 8; 8; 2; 1],0.04527301824418828,0.40389872367437385,tvm
300,10,5,512,256,64,160,1,4,1,[300; 10; 5; 512; 256; 64; 160; 1; 4; 1],0.045695092994719744,0.4001680068323152,tvm
1500,15,5,1024,1024,32,80,20,2,1,[1500; 15; 5; 1024; 1024; 32; 80; 20; 2; 1],0.05217180249746889,0.3504903685587903,tvm
1500,20,10,640,640,32,80,1,2,1,[1500; 20; 10; 640; 640; 32; 80; 1; 2; 1],0.0353200972895138,0.5177141539511881,tvm
300,50,5,2560,320,32,160,8,2,1,[300; 50; 5; 2560; 320; 32; 160; 8; 2; 1],0.041979546018410474,0.4355862799872809,tvm
20,20,10,2560,128,32,160,16,2,0,[20; 20; 10; 2560; 128; 32; 160; 16; 2; 0],0.03906873526284471,0.4680395759599731,tvm
500,50,5,2560,64,64,128,32,4,1,[500; 50; 5; 2560; 64; 64; 128; 32; 4; 1],0.033573922992218286,0.5446403832507903,tvm
100,20,10,5120,640,32,64,8,2,0,[100; 20; 10; 5120; 640; 32; 64; 8; 2; 0],0.04757130303187296,0.3843853987657809,tvm
150,30,5,2560,640,32,256,2,2,1,[150; 30; 5; 2560; 640; 32; 256; 2; 2; 1],0.05599587259348482,0.3265546805291119,tvm
100,100,10,256,64,16,256,4,1,1,[100; 100; 10; 256; 64; 16; 256; 4; 1; 1],0.04505409247940406,0.4058613386580449,tvm
300,100,10,640,640,16,80,1,1,0,[300; 100; 10; 640; 640; 16; 80; 1; 1; 0],0.03445862850639969,0.5306570539311583,tvm
375,15,5,2560,320,64,40,20,4,0,[375; 15; 5; 2560; 320; 64; 40; 20; 4; 0],0.0350943939993158,0.5210437395234916,tvm
150,15,5,2560,640,80,80,40,5,1,[150; 15; 5; 2560; 640; 80; 80; 40; 5; 1],0.07022597454488277,0.2603839164101245,tvm
500,100,5,80,80,16,40,20,1,1,[500; 100; 5; 80; 80; 16; 40; 20; 1; 1],0.03901494451565668,0.4686848722385402,tvm
1500,20,5,256,64,64,80,16,4,1,[1500; 20; 5; 256; 64; 64; 80; 16; 4; 1],0.03728270553983748,0.49046103336506935,tvm
60,60,10,160,32,16,64,1,1,0,[60; 60; 10; 160; 32; 16; 64; 1; 1; 0],0.03535343427211046,0.5172259686278762,tvm
150,50,5,5120,512,64,40,1,4,0,[150; 50; 5; 5120; 512; 64; 40; 1; 4; 0],0.0433078522910364,0.42222630119893884,tvm
300,50,10,640,320,32,5,1,2,1,[300; 50; 10; 640; 320; 32; 5; 1; 2; 1],0.037290854030288756,0.49035386185744306,tvm
300,300,5,128,128,16,80,16,1,1,[300; 300; 5; 128; 128; 16; 80; 16; 1; 1],0.03523369471076876,0.5189837295185928,tvm
150,50,10,2560,32,32,40,2,2,1,[150; 50; 10; 2560; 32; 32; 40; 2; 2; 1],0.0347299764980562,0.5265109893390719,tvm
300,30,5,1280,256,32,20,5,2,1,[300; 30; 5; 1280; 256; 32; 20; 5; 2; 1],0.036319450999144465,0.5034689066788213,tvm
30,30,10,1024,64,32,64,64,2,0,[30; 30; 10; 1024; 64; 32; 64; 64; 2; 0],0.04545982275158167,0.4022390141210588,tvm
1500,150,10,512,64,32,32,1,2,0,[1500; 150; 10; 512; 64; 32; 32; 1; 2; 0],0.04715746623696759,0.3877586254068032,tvm
750,30,10,1024,256,32,160,10,2,1,[750; 30; 10; 1024; 256; 32; 160; 10; 2; 1],0.05029235652182251,0.36358833728103146,tvm
75,25,5,5120,640,64,160,1,4,1,[75; 25; 5; 5120; 640; 64; 160; 1; 4; 1],0.03454970376333222,0.5292582075659071,tvm
1500,150,10,320,32,32,256,1,2,1,[1500; 150; 10; 320; 32; 32; 256; 1; 2; 1],0.030891800473909825,0.5919277609331248,tvm
300,30,10,1280,64,32,160,20,2,1,[300; 30; 10; 1280; 64; 32; 160; 20; 2; 1],0.037128726253286004,0.492495060589264,tvm
750,25,5,1024,64,32,80,8,2,1,[750; 25; 5; 1024; 64; 32; 80; 8; 2; 1],0.048310401500202715,0.3785047053611748,tvm
300,25,5,1024,256,32,64,2,2,0,[300; 25; 5; 1024; 256; 32; 64; 2; 2; 0],0.03920540900435299,0.46640794599755403,tvm
100,100,5,2560,512,64,20,1,4,0,[100; 100; 5; 2560; 512; 64; 20; 1; 4; 0],0.02997760521247983,0.6099791546424747,tvm
300,30,10,256,64,32,32,2,2,1,[300; 30; 10; 256; 64; 32; 32; 2; 2; 1],0.0323043245007284,0.5660454000609727,tvm
60,30,5,1280,128,32,32,2,2,0,[60; 30; 5; 1280; 128; 32; 32; 2; 2; 0],0.03479008952854201,0.5256012425812405,tvm
150,30,6,1024,128,64,160,2,4,0,[150; 30; 6; 1024; 128; 64; 160; 2; 4; 0],0.03310806927038357,0.5523038548814309,tvm
100,100,10,1280,64,32,128,1,2,0,[100; 100; 10; 1280; 64; 32; 128; 1; 2; 0],0.035051032493356615,0.5216883208556,tvm
30,30,5,640,160,32,80,2,2,1,[30; 30; 5; 640; 160; 32; 80; 2; 2; 1],0.02952006895793602,0.6194333187964473,tvm
750,30,5,320,80,80,40,8,5,1,[750; 30; 5; 320; 80; 80; 40; 8; 5; 1],0.03011117421556264,0.6072733715001891,tvm
1500,60,5,512,32,32,64,16,2,1,[1500; 60; 5; 512; 32; 32; 64; 16; 2; 1],0.04895168746588752,0.3735461478923862,tvm
150,30,5,640,64,64,160,2,4,0,[150; 30; 5; 640; 64; 64; 160; 2; 4; 0],0.02891892526531592,0.6323096075650282,tvm
1500,60,5,128,32,32,128,1,2,0,[1500; 60; 5; 128; 32; 32; 128; 1; 2; 0],0.034545387024991214,0.5293243428561338,tvm
500,250,5,320,64,64,32,16,4,0,[500; 250; 5; 320; 64; 64; 32; 16; 4; 0],0.03493204520782456,0.5234653217962286,tvm
1500,750,5,320,64,32,64,1,2,0,[1500; 750; 5; 320; 64; 32; 64; 1; 2; 0],0.03550871921470389,0.514964062070206,tvm
300,150,10,640,128,32,80,40,2,0,[300; 150; 10; 640; 128; 32; 80; 40; 2; 0],0.033967626513913274,0.5383277008837926,tvm
750,50,5,1280,64,64,40,5,4,0,[750; 50; 5; 1280; 64; 64; 40; 5; 4; 0],0.03108082403196022,0.5883278470001696,tvm
1500,750,10,128,64,32,160,4,2,0,[1500; 750; 10; 128; 64; 32; 160; 4; 2; 0],0.026115563756320626,0.7001845511103961,tvm
150,50,5,512,64,32,160,20,2,1,[150; 50; 5; 512; 64; 32; 160; 20; 2; 1],0.02925641747424379,0.6250154962347088,tvm
300,60,6,256,128,64,64,64,4,1,[300; 60; 6; 256; 128; 64; 64; 64; 4; 1],0.03294805227778852,0.5549861986239882,tvm
300,100,10,640,320,32,128,16,2,0,[300; 100; 10; 640; 320; 32; 128; 16; 2; 0],0.02764988725539297,0.6613305188847651,tvm
250,250,5,1280,80,80,160,1,5,0,[250; 250; 5; 1280; 80; 80; 160; 1; 5; 0],0.02493046037852764,0.7334687770733505,tvm
1500,75,5,128,128,32,64,1,2,1,[1500; 75; 5; 128; 128; 32; 64; 1; 2; 1],0.02670758229214698,0.6846637814569597,tvm
60,60,6,640,64,64,40,8,4,1,[60; 60; 6; 640; 64; 64; 40; 8; 4; 1],0.026009534252807498,0.7030388975050758,tvm
300,60,6,640,64,64,64,4,4,1,[300; 60; 6; 640; 64; 64; 64; 4; 4; 1],0.02499026438454166,0.7317135186863154,tvm
750,15,5,1280,640,32,40,10,2,1,[750; 15; 5; 1280; 640; 32; 40; 10; 2; 1],0.03321136225713417,0.5505860959312596,tvm
100,20,5,5120,640,64,20,10,4,0,[100; 20; 5; 5120; 640; 64; 20; 10; 4; 0],0.03709662926848978,0.4929211803414803,tvm
750,30,10,32,32,16,64,1,1,1,[750; 30; 10; 32; 32; 16; 64; 1; 1; 1],0.04415843851165846,0.4140933172011188,tvm
750,50,10,256,32,16,160,20,1,0,[750; 50; 10; 256; 32; 16; 160; 20; 1; 0],0.034142123244237155,0.535576365737615,tvm
300,75,5,2560,2560,80,64,1,5,1,[300; 75; 5; 2560; 2560; 80; 64; 1; 5; 1],0.04078403126914054,0.4483547534828974,tvm
1500,60,5,128,128,16,160,1,1,1,[1500; 60; 5; 128; 128; 16; 160; 1; 1; 1],0.039423118985723704,0.4638322577251205,tvm
150,10,5,1280,320,80,20,2,5,1,[150; 10; 5; 1280; 320; 80; 20; 2; 5; 1],0.04051011399133131,0.4513863942626085,tvm
150,10,5,1024,512,64,20,2,4,1,[150; 10; 5; 1024; 512; 64; 20; 2; 4; 1],0.04278230550698936,0.42741301734491477,tvm
100,50,10,5120,1280,32,80,40,2,0,[100; 50; 10; 5120; 1280; 32; 80; 40; 2; 0],0.04019680427154526,0.45490467755065994,tvm
150,10,5,640,128,32,80,8,2,1,[150; 10; 5; 640; 128; 32; 80; 8; 2; 1],0.03715646453201771,0.49212740006405875,tvm
60,30,5,5120,5120,80,64,16,5,1,[60; 30; 5; 5120; 5120; 80; 64; 16; 5; 1],0.06116198154632002,0.2989719074400149,tvm
500,250,5,32,16,16,128,64,1,1,[500; 250; 5; 32; 16; 16; 128; 64; 1; 1],0.04747659503482282,0.385152184403751,tvm
30,30,5,1024,128,32,10,10,2,0,[30; 30; 5; 1024; 128; 32; 10; 10; 2; 0],0.053707602550275624,0.3404678931366756,tvm
750,250,5,160,32,16,80,10,1,1,[750; 250; 5; 160; 32; 16; 80; 10; 1; 1],0.0378836632007733,0.4826807320296584,tvm
1500,1500,5,640,320,80,20,4,5,0,[1500; 1500; 5; 640; 320; 80; 20; 4; 5; 0],0.04488890175707638,0.4073549044409777,tvm
250,25,5,2560,512,32,128,2,2,1,[250; 25; 5; 2560; 512; 32; 128; 2; 2; 1],0.04191874252865091,0.436218101561998,tvm
1500,30,5,320,320,64,8,1,4,1,[1500; 30; 5; 320; 320; 64; 8; 1; 4; 1],0.03559340100036934,0.5137388890014906,tvm
1500,375,5,512,512,16,40,5,1,1,[1500; 375; 5; 512; 512; 16; 40; 5; 1; 1],0.058788847527466714,0.31104052987551806,tvm
1500,750,15,512,16,16,160,4,1,1,[1500; 750; 15; 512; 16; 16; 160; 4; 1; 1],0.05275570193771273,0.34661114560287243,tvm
375,25,5,640,32,32,16,8,2,1,[375; 25; 5; 640; 32; 32; 16; 8; 2; 1],0.03250872774515301,0.5624863091863277,tvm
375,125,5,320,64,16,128,2,1,1,[375; 125; 5; 320; 64; 16; 128; 2; 1; 1],0.03569496201816946,0.5122771744765126,tvm
1500,30,5,640,128,64,16,16,4,1,[1500; 30; 5; 640; 128; 64; 16; 16; 4; 1],0.03888796520186588,0.4702152501627141,tvm
300,60,12,1024,64,32,10,5,2,1,[300; 60; 12; 1024; 64; 32; 10; 5; 2; 1],0.04075724695576355,0.4486493973835118,tvm
30,30,5,2560,1280,32,16,1,2,1,[30; 30; 5; 2560; 1280; 32; 16; 1; 2; 1],0.03213713876903057,0.5689901150545358,tvm
300,100,20,256,16,16,64,8,1,1,[300; 100; 20; 256; 16; 16; 64; 8; 1; 1],0.034343097009696066,0.5324422046314488,tvm
500,125,5,640,640,32,256,64,2,1,[500; 125; 5; 640; 640; 32; 256; 64; 2; 1],0.039484814973548055,0.4631075084931861,tvm
125,25,5,160,32,32,20,20,2,1,[125; 25; 5; 160; 32; 32; 20; 20; 2; 1],0.032524023263249546,0.5622217810419596,tvm
150,150,10,2560,64,32,128,4,2,1,[150; 150; 10; 2560; 64; 32; 128; 4; 2; 1],0.029933308018371463,0.6108818402059503,tvm
20,20,5,256,256,64,128,1,4,0,[20; 20; 5; 256; 256; 64; 128; 1; 4; 0],0.0346285427804105,0.5280532421381181,tvm
750,25,5,320,320,80,20,1,5,0,[750; 25; 5; 320; 320; 80; 20; 1; 5; 0],0.03418323048390448,0.5349323053104738,tvm
300,100,5,1280,1280,64,16,16,4,1,[300; 100; 5; 1280; 1280; 64; 16; 16; 4; 1],0.034009523515123874,0.5376645243966066,tvm
300,30,6,1280,320,32,160,16,2,1,[300; 30; 6; 1280; 320; 32; 160; 16; 2; 1],0.038842422014568,0.470766582960665,tvm
30,30,5,5120,256,64,32,16,4,1,[30; 30; 5; 5120; 256; 64; 32; 16; 4; 1],0.03279623202979565,0.5575553395616168,tvm
500,250,10,1280,256,32,128,64,2,0,[500; 250; 10; 1280; 256; 32; 128; 64; 2; 0],0.042392662493512034,0.43134149190352966,tvm
300,50,5,128,64,64,256,8,4,1,[300; 50; 5; 128; 64; 64; 256; 8; 4; 1],0.03208176576299593,0.569972189835186,tvm
500,100,10,512,64,16,64,16,1,1,[500; 100; 10; 512; 64; 16; 64; 16; 1; 1],0.03482150047784671,0.5251271207381651,tvm
60,30,6,2560,1280,64,40,1,4,0,[60; 30; 6; 2560; 1280; 64; 40; 1; 4; 0],0.036996979266405106,0.49424884540015745,tvm
150,150,5,2560,1280,80,40,1,5,1,[150; 150; 5; 2560; 1280; 80; 40; 1; 5; 1],0.031913812505081296,0.5729717902805517,tvm
1500,1500,12,128,128,16,32,8,1,1,[1500; 1500; 12; 128; 128; 16; 32; 8; 1; 1],0.03274427476571873,0.5584400453681241,tvm
60,30,5,128,32,32,40,10,2,0,[60; 30; 5; 128; 32; 32; 40; 10; 2; 0],0.03767182398587465,0.48539498094306927,tvm
250,25,5,1024,128,64,160,10,4,0,[250; 25; 5; 1024; 128; 64; 160; 10; 4; 0],0.03234947478631511,0.5652553683328961,tvm
60,30,6,256,128,32,80,1,2,0,[60; 30; 6; 256; 128; 32; 80; 1; 2; 0],0.03332818747730926,0.5486561277346301,tvm
750,250,10,128,128,32,20,5,2,1,[750; 250; 10; 128; 128; 32; 20; 5; 2; 1],0.02661154925590381,0.6871345260613707,tvm
60,60,5,1024,256,32,160,4,2,1,[60; 60; 5; 1024; 256; 32; 160; 4; 2; 1],0.029194614966399968,0.6263386006891779,tvm
300,100,10,1280,160,32,80,4,2,0,[300; 100; 10; 1280; 160; 32; 80; 4; 2; 0],0.03345051547512412,0.5466497010879452,tvm
750,150,5,512,128,32,80,40,2,0,[750; 150; 5; 512; 128; 32; 80; 40; 2; 0],0.035033127991482615,0.5219549419098397,tvm
60,60,10,1280,1280,32,160,16,2,1,[60; 60; 10; 1280; 1280; 32; 160; 16; 2; 1],0.03550769272260368,0.5149789491693406,tvm
60,60,5,1024,512,32,40,10,2,1,[60; 60; 5; 1024; 512; 32; 40; 10; 2; 1],0.028342591773252934,0.6451673309203366,tvm
300,75,5,128,32,32,80,5,2,0,[300; 75; 5; 128; 32; 32; 80; 5; 2; 0],0.03211697022197768,0.5693474247206964,tvm
75,75,5,1280,256,64,32,32,4,0,[75; 75; 5; 1280; 256; 64; 32; 32; 4; 0],0.03674625151325017,0.4976212139385352,tvm
750,150,6,1024,512,64,64,2,4,0,[750; 150; 6; 1024; 512; 64; 64; 2; 4; 0],0.040176209760829806,0.4551378637897825,tvm
150,150,10,1024,512,32,128,8,2,1,[150; 150; 10; 1024; 512; 32; 128; 8; 2; 1],0.02780624700244516,0.6576117332233408,tvm
60,60,12,128,128,32,80,20,2,0,[60; 60; 12; 128; 128; 32; 80; 20; 2; 0],0.03164739446947351,0.5777952527293312,tvm
50,50,5,1280,1280,80,128,2,5,0,[50; 50; 5; 1280; 1280; 80; 128; 2; 5; 0],0.03276898298645392,0.5580189746283324,tvm
1500,60,12,64,32,32,80,2,2,1,[1500; 60; 12; 64; 32; 32; 80; 2; 2; 1],0.03148818574845791,0.5807166672538384,tvm
300,60,12,256,128,32,160,4,2,0,[300; 60; 12; 256; 128; 32; 160; 4; 2; 0],0.030533458513673395,0.5988746501653469,tvm
300,100,5,640,160,32,128,8,2,0,[300; 100; 5; 640; 160; 32; 128; 8; 2; 0],0.028030125482473522,0.6523593444898365,tvm
250,50,5,512,64,64,160,1,4,0,[250; 50; 5; 512; 64; 64; 160; 1; 4; 0],0.029083482280839235,0.6287319416960352,tvm
100,100,5,1280,160,80,80,10,5,0,[100; 100; 5; 1280; 160; 80; 80; 10; 5; 0],0.02685355325229466,0.6809420754831302,tvm
150,50,5,640,320,64,128,4,4,0,[150; 50; 5; 640; 320; 64; 128; 4; 4; 0],0.026149644749239087,0.6992719962762161,tvm
750,150,5,1280,640,80,80,5,5,1,[750; 150; 5; 1280; 640; 80; 80; 5; 5; 1],0.022731847246177495,0.8044095179633564,tvm
300,150,5,320,64,64,80,4,4,0,[300; 150; 5; 320; 64; 64; 80; 4; 4; 0],0.02681142871733755,0.6820119314973272,tvm
1500,500,5,256,32,32,160,1,2,1,[1500; 500; 5; 256; 32; 32; 160; 1; 2; 1],0.035181669460143894,0.5197511819735998,tvm
300,100,5,256,256,64,80,2,4,1,[300; 100; 5; 256; 256; 64; 80; 2; 4; 1],0.024513366748578846,0.7459487092597917,tvm
150,50,5,5120,320,32,64,4,2,1,[150; 50; 5; 5120; 320; 32; 64; 4; 2; 1],0.044237211521249264,0.41335594303747597,tvm
150,10,5,320,320,32,160,5,2,1,[150; 10; 5; 320; 320; 32; 160; 5; 2; 1],0.04317976301535964,0.42347880138225413,tvm
150,75,15,256,128,16,40,10,1,0,[150; 75; 15; 256; 128; 16; 40; 10; 1; 0],0.03579878679011017,0.5107914520378642,tvm
75,15,5,1280,160,80,40,40,5,1,[75; 15; 5; 1280; 160; 80; 40; 40; 5; 1],0.04056548676453531,0.4507702420004168,tvm
300,300,12,640,640,16,32,4,1,0,[300; 300; 12; 640; 640; 16; 32; 4; 1; 0],0.03576605173293501,0.5112589564611061,tvm
1500,15,5,320,32,32,64,1,2,0,[1500; 15; 5; 320; 32; 32; 64; 1; 2; 0],0.03860771202016622,0.47362854022955286,tvm
1500,20,5,64,64,64,32,2,4,1,[1500; 20; 5; 64; 64; 64; 32; 2; 4; 1],0.03510008624289185,0.5209592409311343,tvm
30,30,5,640,640,80,10,10,5,0,[30; 30; 5; 640; 640; 80; 10; 10; 5; 0],0.04245039098896086,0.430754908487638,tvm
150,150,6,128,64,16,80,4,1,0,[150; 150; 6; 128; 64; 16; 80; 4; 1; 0],0.03816710697719827,0.47909615723922977,tvm
1500,125,5,1024,128,64,128,32,4,0,[1500; 125; 5; 1024; 128; 64; 128; 32; 4; 0],0.04100233950885013,0.44596758391719127,tvm
500,25,5,2560,128,32,64,8,2,1,[500; 25; 5; 2560; 128; 32; 64; 8; 2; 1],0.039405523508321494,0.4640393695531741,tvm
1500,500,5,256,256,32,16,8,2,1,[1500; 500; 5; 256; 256; 32; 16; 8; 2; 1],0.035938805260229856,0.5088013959648623,tvm
1500,1500,12,640,320,32,16,2,2,1,[1500; 1500; 12; 640; 320; 32; 16; 2; 2; 1],0.034978168725501746,0.5227750609019909,tvm
60,60,10,128,64,16,32,2,1,0,[60; 60; 10; 128; 64; 16; 32; 2; 1; 0],0.03519893775228411,0.5194961965727986,tvm
75,15,5,512,64,32,40,1,2,0,[75; 15; 5; 512; 64; 32; 40; 1; 2; 0],0.03624051227234304,0.5045655576913309,tvm
375,15,5,640,640,32,80,8,2,0,[375; 15; 5; 640; 640; 32; 80; 8; 2; 0],0.033655259234365076,0.5433241253136125,tvm
15,15,5,1024,64,32,40,20,2,1,[15; 15; 5; 1024; 64; 32; 40; 20; 2; 1],0.03524642676347867,0.5187962572325606,tvm
125,125,5,5120,5120,80,20,10,5,1,[125; 125; 5; 5120; 5120; 80; 20; 10; 5; 1],0.04233291477430612,0.4319502775370612,tvm
750,750,15,512,16,16,32,8,1,1,[750; 750; 15; 512; 16; 16; 32; 8; 1; 1],0.04427001200383529,0.41304967986297636,tvm
30,15,5,256,64,32,160,2,2,1,[30; 15; 5; 256; 64; 32; 160; 2; 2; 1],0.03665954648749903,0.4987981586719778,tvm
375,15,5,512,64,32,80,4,2,1,[375; 15; 5; 512; 64; 32; 80; 4; 2; 1],0.03273563354741782,0.5585874566694208,tvm
1500,150,6,64,32,16,64,16,1,1,[1500; 150; 6; 64; 32; 16; 64; 16; 1; 1],0.03569630172569305,0.5122579483507901,tvm
150,150,6,2560,2560,32,40,1,2,1,[150; 150; 6; 2560; 2560; 32; 40; 1; 2; 1],0.037178086990024894,0.4918411829694318,tvm
100,50,25,512,512,16,64,1,1,1,[100; 50; 25; 512; 512; 16; 64; 1; 1; 1],0.042653633980080485,0.42870237725240085,tvm
50,50,5,2560,512,64,16,8,4,0,[50; 50; 5; 2560; 512; 64; 16; 8; 4; 0],0.03278833901276812,0.557689557820957,tvm
500,25,5,1024,512,32,160,2,2,1,[500; 25; 5; 1024; 512; 32; 160; 2; 2; 1],0.03358121105702594,0.5445221810095651,tvm
150,75,5,80,80,80,20,2,5,0,[150; 75; 5; 80; 80; 80; 20; 2; 5; 0],0.03501008020248264,0.5222985545865046,tvm
750,750,15,320,64,16,160,4,1,1,[750; 750; 15; 320; 64; 16; 160; 4; 1; 1],0.028666715952567756,0.6378726574739156,tvm
1500,500,25,256,16,16,64,1,1,1,[1500; 500; 25; 256; 16; 16; 64; 1; 1; 1],0.04371187702054158,0.4183237035810944,tvm
300,75,5,512,512,32,20,20,2,0,[300; 75; 5; 512; 512; 32; 20; 20; 2; 0],0.04430269676959142,0.41274494825482666,tvm
100,50,10,320,80,16,128,16,1,1,[100; 50; 10; 320; 80; 16; 128; 16; 1; 1],0.03586258500581607,0.5098827728884789,tvm
500,125,5,2560,80,80,160,20,5,1,[500; 125; 5; 2560; 80; 80; 160; 20; 5; 1],0.03041545150335878,0.6011981865103989,tvm
100,100,5,5120,256,32,160,16,2,0,[100; 100; 5; 5120; 256; 32; 160; 16; 2; 0],0.029067363764625043,0.6290805878986517,tvm
300,60,10,160,32,32,256,1,2,1,[300; 60; 10; 160; 32; 32; 256; 1; 2; 1],0.03732475620927289,0.4899084720926166,tvm
75,25,5,512,256,32,20,20,2,1,[75; 25; 5; 512; 256; 32; 20; 20; 2; 1],0.0343155522714369,0.5328695904723846,tvm
1500,750,15,64,64,16,32,8,1,1,[1500; 750; 15; 64; 64; 16; 32; 8; 1; 1],0.03132253623334691,0.583787792581329,tvm
150,25,5,2560,512,64,80,16,4,1,[150; 25; 5; 2560; 512; 64; 80; 16; 4; 1],0.033996947517152876,0.5378634148400642,tvm
1500,60,6,32,32,32,8,2,2,1,[1500; 60; 6; 32; 32; 32; 8; 2; 2; 1],0.034556428727228194,0.5291552095864104,tvm
500,100,10,640,128,32,8,4,2,1,[500; 100; 10; 640; 128; 32; 8; 4; 2; 1],0.033250602486077696,0.5499363295257783,tvm
30,30,6,1024,64,32,128,32,2,1,[30; 30; 6; 1024; 64; 32; 128; 32; 2; 1],0.03090320876799524,0.591709243625594,tvm
750,30,5,320,32,32,80,20,2,1,[750; 30; 5; 320; 32; 32; 80; 20; 2; 1],0.030926305218599737,0.5912673420398397,tvm
50,25,5,5120,64,64,80,10,4,1,[50; 25; 5; 5120; 64; 64; 80; 10; 4; 1],0.030365562764927745,0.6021859178857144,tvm
50,50,5,2560,320,32,64,8,2,0,[50; 50; 5; 2560; 320; 32; 64; 8; 2; 0],0.030650030996184796,0.5965969263780003,tvm
750,750,6,640,64,64,256,8,4,1,[750; 750; 6; 640; 64; 64; 256; 8; 4; 1],0.02603455598000437,0.7023632091040263,tvm
125,125,5,1024,64,32,32,2,2,0,[125; 125; 5; 1024; 64; 32; 32; 2; 2; 0],0.031874392239842564,0.5736804061430036,tvm
150,25,5,512,256,32,80,20,2,0,[150; 25; 5; 512; 256; 32; 80; 20; 2; 0],0.03262330545112491,0.5605107769692224,tvm
750,750,15,640,320,16,80,20,1,1,[750; 750; 15; 640; 320; 16; 80; 20; 1; 1],0.03056770475814119,0.5982037065064297,tvm
375,375,5,1280,32,32,80,8,2,0,[375; 375; 5; 1280; 32; 32; 80; 8; 2; 0],0.03307551279431209,0.5528474917207885,tvm
150,75,5,2560,512,64,160,2,4,1,[150; 75; 5; 2560; 512; 64; 160; 2; 4; 1],0.028672732005361468,0.6377388203640683,tvm
100,50,5,2560,160,80,160,8,5,0,[100; 50; 5; 2560; 160; 80; 160; 8; 5; 0],0.027800867217592895,0.6577389885932319,tvm
125,25,5,640,128,32,64,8,2,0,[125; 25; 5; 640; 128; 32; 64; 8; 2; 0],0.030637176998425275,0.5968472319317852,tvm
1500,50,5,32,32,32,128,8,2,0,[1500; 50; 5; 32; 32; 32; 128; 8; 2; 0],0.037492511270102113,0.48771644433153716,tvm
1500,300,5,320,320,32,64,64,2,0,[1500; 300; 5; 320; 320; 32; 64; 64; 2; 0],0.037269808701239526,0.49063075242203047,tvm
25,25,5,160,80,80,64,1,5,1,[25; 25; 5; 160; 80; 80; 64; 1; 5; 1],0.029933054989669472,0.610887004083782,tvm
100,100,5,1024,512,32,160,32,2,0,[100; 100; 5; 1024; 512; 32; 160; 32; 2; 0],0.02924701024312526,0.625216530979008,tvm
125,125,5,128,64,64,32,4,4,0,[125; 125; 5; 128; 64; 64; 32; 4; 4; 0],0.028756872517988086,0.6358728430665105,tvm
500,500,10,32,32,32,128,4,2,0,[500; 500; 10; 32; 32; 32; 128; 4; 2; 0],0.027449754998087883,0.6661521855837347,tvm
150,150,5,1024,512,32,160,2,2,1,[150; 150; 5; 1024; 512; 32; 160; 2; 2; 1],0.028752741985954344,0.6359641906377771,tvm
750,150,6,160,160,32,80,5,2,0,[750; 150; 6; 160; 160; 32; 80; 5; 2; 0],0.027166538522578776,0.6730969523598519,tvm
750,250,5,1280,80,80,80,16,5,0,[750; 250; 5; 1280; 80; 80; 80; 16; 5; 0],0.027458262513391674,0.6659457886964318,tvm
1500,300,5,320,80,80,128,16,5,0,[1500; 300; 5; 320; 80; 80; 128; 16; 5; 0],0.026265275722835213,0.6961935019709905,tvm
150,150,6,1280,64,64,64,1,4,1,[150; 150; 6; 1280; 64; 64; 64; 1; 4; 1],0.023473235516576096,0.779002718768849,tvm
125,125,5,640,640,32,64,8,2,1,[125; 125; 5; 640; 640; 32; 64; 8; 2; 1],0.025762472534552217,0.7097810297978884,tvm
1500,500,5,640,320,64,80,2,4,1,[1500; 500; 5; 640; 320; 64; 80; 2; 4; 1],0.023062088614096865,0.7928906436747023,tvm
750,15,5,640,64,32,128,64,2,0,[750; 15; 5; 640; 64; 32; 128; 64; 2; 0],0.04143853927962482,0.44127313857091743,tvm
1500,150,6,512,128,16,128,16,1,0,[1500; 150; 6; 512; 128; 16; 128; 16; 1; 0],0.05793773953337222,0.3156097292194441,tvm
60,20,5,5120,80,80,32,1,5,0,[60; 20; 5; 5120; 80; 80; 32; 1; 5; 0],0.04900685476604849,0.37312564483086286,tvm
500,500,10,512,16,16,160,16,1,0,[500; 500; 10; 512; 16; 16; 160; 16; 1; 0],0.04447240853914991,0.4111698665840647,tvm
750,150,5,32,16,16,80,1,1,1,[750; 150; 5; 32; 16; 16; 80; 1; 1; 1],0.04131994053022936,0.4425397048269369,tvm
750,75,5,256,32,16,80,8,1,1,[750; 75; 5; 256; 32; 16; 80; 8; 1; 1],0.038113885500933975,0.47976515764225086,tvm
300,100,5,2560,2560,80,32,8,5,1,[300; 100; 5; 2560; 2560; 80; 32; 8; 5; 1],0.043073053762782365,0.4245279284450041,tvm
50,10,5,320,32,32,80,8,2,1,[50; 10; 5; 320; 32; 32; 80; 8; 2; 1],0.04208454675972462,0.4344994943182784,tvm
375,75,5,2560,1280,64,128,64,4,0,[375; 75; 5; 2560; 1280; 64; 128; 64; 4; 0],0.03477676527108997,0.5258026197426492,tvm
1500,300,30,640,64,16,128,1,1,0,[1500; 300; 30; 640; 64; 16; 128; 1; 1; 0],0.03714957577176392,0.492218656763575,tvm
1500,125,5,64,64,16,40,4,1,1,[1500; 125; 5; 64; 64; 16; 40; 4; 1; 1],0.03806759224971756,0.4803485906269776,tvm
300,20,10,1024,1024,32,20,5,2,0,[300; 20; 10; 1024; 1024; 32; 20; 5; 2; 0],0.036599540268070996,0.4996159556044076,tvm
1500,60,12,512,256,32,16,8,2,0,[1500; 60; 12; 512; 256; 32; 16; 8; 2; 0],0.05033989856019616,0.36324495695692227,tvm
150,150,5,5120,128,32,32,8,2,0,[150; 150; 5; 5120; 128; 32; 32; 8; 2; 0],0.04464410652872175,0.4095885371555188,tvm
150,10,5,160,80,80,128,4,5,1,[150; 10; 5; 160; 80; 80; 128; 4; 5; 1],0.037489497277420014,0.4877556546144406,tvm
60,20,5,2560,32,32,32,1,2,1,[60; 20; 5; 2560; 32; 32; 32; 1; 2; 1],0.04170460952445865,0.43845787058598884,tvm
500,20,5,1280,64,64,80,10,4,0,[500; 20; 5; 1280; 64; 64; 80; 10; 4; 0],0.04052660224260762,0.4512027476729744,tvm
75,15,5,320,320,32,128,8,2,0,[75; 15; 5; 320; 320; 32; 128; 8; 2; 0],0.03935377427842468,0.46464956972981497,tvm
50,50,25,16,16,16,32,2,1,1,[50; 50; 25; 16; 16; 16; 32; 2; 1; 1],0.04370715777622536,0.41836887173800297,tvm
300,30,5,640,160,80,8,1,5,1,[300; 30; 5; 640; 160; 80; 8; 1; 5; 1],0.03836996073368937,0.4765632785664847,tvm
20,20,10,1280,1280,32,16,8,2,1,[20; 20; 10; 1280; 1280; 32; 16; 8; 2; 1],0.027571990969590843,0.6631989073941598,tvm
100,50,5,320,160,32,16,8,2,0,[100; 50; 5; 320; 160; 32; 16; 8; 2; 0],0.03734014352085069,0.4897065881791153,tvm
1500,60,5,1280,64,64,64,1,4,1,[1500; 60; 5; 1280; 64; 64; 64; 1; 4; 1],0.05331295193172991,0.34298821624302706,tvm
300,15,5,320,320,80,160,8,5,0,[300; 15; 5; 320; 320; 80; 160; 8; 5; 0],0.03653401823248714,0.50051199321552,tvm
20,20,5,64,64,32,80,1,2,1,[20; 20; 5; 64; 64; 32; 80; 1; 2; 1],0.03364919376326725,0.5434220627798718,tvm
50,50,5,160,80,80,20,5,5,0,[50; 50; 5; 160; 80; 80; 20; 5; 5; 0],0.037293277971912175,0.4903219904532491,tvm
100,50,5,512,256,32,40,40,2,0,[100; 50; 5; 512; 256; 32; 40; 40; 2; 0],0.04230037226807326,0.43228258535955394,tvm
50,50,10,2560,1280,32,80,10,2,1,[50; 50; 10; 2560; 1280; 32; 80; 10; 2; 1],0.0337318847887218,0.54208990693067,tvm
150,50,5,2560,320,32,32,16,2,0,[150; 50; 5; 2560; 320; 32; 32; 16; 2; 0],0.03498459095135331,0.5226790935226567,tvm
500,125,5,1280,32,32,20,4,2,1,[500; 125; 5; 1280; 32; 32; 20; 4; 2; 1],0.042240040260367095,0.4329000202888389,tvm
150,15,5,640,160,80,128,16,5,1,[150; 15; 5; 640; 160; 80; 128; 16; 5; 1],0.03363129525678232,0.5437112708891776,tvm
750,30,10,1024,1024,32,64,2,2,0,[750; 30; 10; 1024; 1024; 32; 64; 2; 2; 0],0.04868561099283397,0.37558765131664384,tvm
100,25,5,2560,1280,64,80,16,4,0,[100; 25; 5; 2560; 1280; 64; 80; 16; 4; 0],0.031844452721998096,0.5742197689923729,tvm
750,30,6,160,160,32,20,2,2,1,[750; 30; 6; 160; 160; 32; 20; 2; 2; 1],0.03139767050743103,0.5823907949281308,tvm
1500,500,10,640,32,32,40,8,2,0,[1500; 500; 10; 640; 32; 32; 40; 8; 2; 0],0.03363606723723933,0.5436341340604087,tvm
50,50,5,1024,1024,32,20,20,2,0,[50; 50; 5; 1024; 1024; 32; 20; 20; 2; 0],0.038626864727120847,0.4733936967158365,tvm
100,50,5,2560,32,32,80,1,2,0,[100; 50; 5; 2560; 32; 32; 80; 1; 2; 0],0.03377622371772304,0.5413782913842857,tvm
150,150,5,1280,64,64,256,16,4,1,[150; 150; 5; 1280; 64; 64; 256; 16; 4; 1],0.027028187992982566,0.6765423671931643,tvm
25,25,5,2560,320,64,20,5,4,1,[25; 25; 5; 2560; 320; 64; 20; 5; 4; 1],0.03102155646774918,0.5894518640521662,tvm
125,25,5,1280,1280,80,20,4,5,0,[125; 25; 5; 1280; 1280; 80; 20; 4; 5; 0],0.030691759544424713,0.5957857925755828,tvm
60,30,5,256,32,32,32,2,2,1,[60; 30; 5; 256; 32; 32; 32; 2; 2; 1],0.036489945952780545,0.5011165078012649,tvm
75,75,5,2560,32,32,160,1,2,1,[75; 75; 5; 2560; 32; 32; 160; 1; 2; 1],0.03208950028056279,0.5698348096991179,tvm
125,25,5,512,256,32,128,2,2,1,[125; 25; 5; 512; 256; 32; 128; 2; 2; 1],0.03175840200856328,0.575775641380941,tvm
30,30,6,320,64,32,64,2,2,1,[30; 30; 6; 320; 64; 32; 64; 2; 2; 1],0.030648735526483506,0.596622143511064,tvm
500,50,5,320,32,32,64,8,2,0,[500; 50; 5; 320; 32; 32; 64; 8; 2; 0],0.03331714874366298,0.5488379100625255,tvm
750,750,5,320,160,32,32,16,2,1,[750; 750; 5; 320; 160; 32; 32; 16; 2; 1],0.026751908764708787,0.6835293304318107,tvm
125,25,5,1280,64,64,80,40,4,1,[125; 25; 5; 1280; 64; 64; 80; 40; 4; 1],0.030073367757722735,0.6080367996370669,tvm
30,30,6,512,512,64,80,5,4,0,[30; 30; 6; 512; 512; 64; 80; 5; 4; 0],0.029907427029684186,0.6114104789945676,tvm
300,150,6,1280,256,32,64,8,2,1,[300; 150; 6; 1280; 256; 32; 64; 8; 2; 1],0.02878736797720194,0.6351992408682724,tvm
300,60,5,1024,256,64,40,40,4,1,[300; 60; 5; 1024; 256; 64; 40; 40; 4; 1],0.040158825227990746,0.4553348904481679,tvm
100,100,5,2560,640,80,160,20,5,0,[100; 100; 5; 2560; 640; 80; 160; 20; 5; 0],0.027734889008570462,0.6593036763213204,tvm
30,30,6,1280,640,64,40,10,4,0,[30; 30; 6; 1280; 640; 64; 40; 10; 4; 0],0.03138374851550907,0.5826491464739447,tvm
60,60,10,640,160,32,40,10,2,0,[60; 60; 10; 640; 160; 32; 40; 10; 2; 0],0.028859252750407904,0.6336170393551105,tvm
30,30,5,640,320,80,160,8,5,1,[30; 30; 5; 640; 320; 80; 160; 8; 5; 1],0.02854671247769147,0.6405541198484451,tvm
60,60,12,512,512,32,80,16,2,0,[60; 60; 12; 512; 512; 32; 80; 16; 2; 0],0.031515046022832394,0.5802217224263749,tvm
50,50,10,320,64,32,40,2,2,1,[50; 50; 10; 320; 64; 32; 40; 2; 2; 1],0.027477398223709315,0.6654820131382077,tvm
750,750,5,1024,256,64,160,5,4,1,[750; 750; 5; 1024; 256; 64; 160; 5; 4; 1],0.0344108099816367,0.531394474453593,tvm
300,100,5,1280,640,80,160,5,5,0,[300; 100; 5; 1280; 640; 80; 160; 5; 5; 0],0.030477438762318343,0.5999754253734193,tvm
1500,1500,10,320,160,32,80,10,2,1,[1500; 1500; 10; 320; 160; 32; 80; 10; 2; 1],0.023573174112243578,0.77570013264429,tvm
1500,1500,12,640,640,32,80,20,2,1,[1500; 1500; 12; 640; 640; 32; 80; 20; 2; 1],0.02751142153283581,0.6646590131262272,tvm
100,50,5,128,128,64,160,10,4,1,[100; 50; 5; 128; 128; 64; 160; 10; 4; 1],0.025572123005986214,0.7150643801233773,tvm
250,125,5,256,64,64,160,20,4,0,[250; 125; 5; 256; 64; 64; 160; 20; 4; 0],0.02536297426559031,0.7209609604234126,tvm
75,75,5,640,640,64,160,10,4,1,[75; 75; 5; 640; 640; 64; 160; 10; 4; 1],0.02595532248960808,0.7045073045436238,tvm
300,150,6,640,128,64,160,16,4,1,[300; 150; 6; 640; 128; 64; 160; 16; 4; 1],0.02262629650067538,0.8081620553840294,tvm
150,10,5,640,320,80,32,32,5,1,[150; 10; 5; 640; 320; 80; 32; 32; 5; 1],0.04782343748956919,0.3823588442320275,tvm
60,60,5,512,512,32,10,1,2,0,[60; 60; 5; 512; 512; 32; 10; 1; 2; 0],0.040499880036804825,0.4515004555346063,tvm
30,30,10,640,160,16,64,64,1,1,[30; 30; 10; 640; 160; 16; 64; 64; 1; 1],0.041403132723644376,0.4416505004045681,tvm
300,150,5,640,320,64,10,2,4,0,[300; 150; 5; 640; 320; 64; 10; 2; 4; 0],0.03628321399446577,0.5039717343811765,tvm
250,125,25,64,32,16,160,8,1,0,[250; 125; 25; 64; 32; 16; 160; 8; 1; 0],0.08066015795338899,0.2267007001930375,tvm
60,10,5,320,320,32,160,1,2,1,[60; 10; 5; 320; 320; 32; 160; 1; 2; 1],0.04522557999007404,0.4043223832558383,tvm
150,30,15,640,32,16,40,5,1,1,[150; 30; 15; 640; 32; 16; 40; 5; 1; 1],0.0433942514937371,0.421385636490432,tvm
60,60,12,32,32,16,32,16,1,0,[60; 60; 12; 32; 32; 16; 32; 16; 1; 0],0.038525945506989956,0.47463375772040733,tvm
20,20,5,256,32,32,16,1,2,1,[20; 20; 5; 256; 32; 32; 16; 1; 2; 1],0.040356323996093124,0.45310653882857416,tvm
250,50,5,2560,2560,64,64,64,4,1,[250; 50; 5; 2560; 2560; 64; 64; 64; 4; 1],0.03941454325104132,0.4639331773870342,tvm
300,100,5,640,640,16,40,4,1,0,[300; 100; 5; 640; 640; 16; 40; 4; 1; 0],0.03845869854558259,0.4754636786276431,tvm
1500,150,10,320,32,32,20,4,2,0,[1500; 150; 10; 320; 32; 32; 20; 4; 2; 0],0.03818013274576515,0.4789327058519066,tvm
375,125,25,256,256,16,40,8,1,1,[375; 125; 25; 256; 256; 16; 40; 8; 1; 1],0.040812750230543315,0.44803925690922153,tvm
60,60,30,640,32,16,40,10,1,1,[60; 60; 30; 640; 32; 16; 40; 10; 1; 1],0.04578434972791001,0.399387878049677,tvm
300,25,5,2560,256,32,32,2,2,0,[300; 25; 5; 2560; 256; 32; 32; 2; 2; 0],0.05227372597437352,0.34980698132516147,tvm
300,300,12,512,16,16,160,10,1,0,[300; 300; 12; 512; 16; 16; 160; 10; 1; 0],0.04488874279195443,0.4073563470125009,tvm
300,150,15,160,16,16,80,4,1,0,[300; 150; 15; 160; 16; 16; 80; 4; 1; 0],0.04064742021728307,0.44986161945744585,tvm
150,75,5,160,32,16,160,5,1,0,[150; 75; 5; 160; 32; 16; 160; 5; 1; 0],0.04093833646038547,0.44666481021789206,tvm
300,150,25,512,512,16,80,1,1,0,[300; 150; 25; 512; 512; 16; 80; 1; 1; 0],0.043353136512450874,0.4217852676117838,tvm
750,375,5,160,160,16,80,1,1,0,[750; 375; 5; 160; 160; 16; 80; 1; 1; 0],0.04013627901440486,0.45559067095262035,tvm
1500,750,6,512,64,32,8,4,2,1,[1500; 750; 6; 512; 64; 32; 8; 4; 2; 1],0.06553231459110975,0.27903354856010176,tvm
60,60,10,1024,64,16,40,10,1,1,[60; 60; 10; 1024; 64; 16; 40; 10; 1; 1],0.036951801273971796,0.49485312367152245,tvm
150,30,6,2560,512,64,256,1,4,1,[150; 30; 6; 2560; 512; 64; 256; 1; 4; 1],0.04713311622617766,0.38795895009289516,tvm
750,75,5,640,128,16,128,32,1,1,[750; 75; 5; 640; 128; 16; 128; 32; 1; 1],0.03683324222220108,0.49644595975025657,tvm
375,125,5,1280,64,64,256,16,4,0,[375; 125; 5; 1280; 64; 64; 256; 16; 4; 0],0.035508340515661985,0.5149695541994941,tvm
1500,100,5,320,64,16,80,5,1,1,[1500; 100; 5; 320; 64; 16; 80; 5; 1; 1],0.03677237522788346,0.49726769544787913,tvm
75,15,5,320,160,80,80,40,5,0,[75; 15; 5; 320; 160; 80; 80; 40; 5; 0],0.06226497143507004,0.2936757837395404,tvm
375,15,5,1280,640,32,64,32,2,1,[375; 15; 5; 1280; 640; 32; 64; 32; 2; 1],0.032970257743727416,0.5546124154638475,tvm
750,15,5,320,160,32,40,2,2,0,[750; 15; 5; 320; 160; 32; 40; 2; 2; 0],0.03690811950946227,0.49543879581906936,tvm
250,50,5,640,128,32,256,32,2,1,[250; 50; 5; 640; 128; 32; 256; 32; 2; 1],0.036118650750722736,0.5062679226839166,tvm
375,125,5,1280,256,64,8,4,4,1,[375; 125; 5; 1280; 256; 64; 8; 4; 4; 1],0.029219758289400488,0.6257996423039357,tvm
150,15,5,320,32,32,40,10,2,0,[150; 15; 5; 320; 32; 32; 40; 10; 2; 0],0.03927425027359277,0.4655904099589965,tvm
60,60,6,2560,1280,64,10,1,4,0,[60; 60; 6; 2560; 1280; 64; 10; 1; 4; 0],0.040456153510604054,0.45198845414014405,tvm
300,50,10,1024,32,32,20,10,2,1,[300; 50; 10; 1024; 32; 32; 20; 10; 2; 1],0.03641034249449149,0.5022120923053862,tvm
750,750,5,640,320,64,16,8,4,1,[750; 750; 5; 640; 320; 64; 16; 8; 4; 1],0.030791733763180673,0.5938514026637726,tvm
100,50,10,512,256,16,80,4,1,1,[100; 50; 10; 512; 256; 16; 80; 4; 1; 1],0.03628801595186815,0.5039050442980452,tvm
375,375,15,640,16,16,80,10,1,1,[375; 375; 15; 640; 16; 16; 80; 10; 1; 1],0.03447215573396534,0.5304488186590958,tvm
100,20,5,640,64,64,160,4,4,1,[100; 20; 5; 640; 64; 64; 160; 4; 4; 1],0.030732436513062567,0.5949972198898742,tvm
60,30,5,640,320,64,256,1,4,1,[60; 30; 5; 640; 320; 64; 256; 1; 4; 1],0.036014471494127065,0.5077324066437062,tvm
300,300,10,640,640,32,16,1,2,1,[300; 300; 10; 640; 640; 32; 16; 1; 2; 1],0.02902247221209109,0.6300536409195442,tvm
300,100,5,1024,64,32,32,4,2,0,[300; 100; 5; 1024; 64; 32; 32; 4; 2; 0],0.03767337673343718,0.48537497488205555,tvm
1500,250,10,320,32,16,40,40,1,1,[1500; 250; 10; 320; 32; 16; 40; 40; 1; 1],0.043144144234247506,0.423828415426055,tvm
1500,60,5,640,320,80,8,1,5,1,[1500; 60; 5; 640; 320; 80; 8; 1; 5; 1],0.034214797778986394,0.5344387654672849,tvm
750,50,5,1280,256,32,40,8,2,0,[750; 50; 5; 1280; 256; 32; 40; 8; 2; 0],0.02806577197043225,0.65153077937705,tvm
30,30,6,2560,512,32,20,2,2,1,[30; 30; 6; 2560; 512; 32; 20; 2; 2; 1],0.03033433947712183,0.6028057508720563,tvm
1500,150,15,128,64,16,160,4,1,1,[1500; 150; 15; 128; 64; 16; 160; 4; 1; 1],0.03102683974429965,0.5893514916895072,tvm
750,30,5,512,256,64,160,32,4,1,[750; 30; 5; 512; 256; 64; 160; 32; 4; 1],0.03226249024737626,0.5667793820472791,tvm
250,250,5,2560,320,80,80,5,5,1,[250; 250; 5; 2560; 320; 80; 80; 5; 5; 1],0.030163985735271126,0.6062101489569587,tvm
25,25,5,2560,160,80,80,10,5,0,[25; 25; 5; 2560; 160; 80; 80; 10; 5; 0],0.027842125273309648,0.6567643132919726,tvm
300,300,10,320,80,16,128,32,1,1,[300; 300; 10; 320; 80; 16; 128; 32; 1; 1],0.030140521994326264,0.6066820703754381,tvm
500,50,5,160,160,80,64,64,5,1,[500; 50; 5; 160; 160; 80; 64; 64; 5; 1],0.03204617748269811,0.5706051617415785,tvm
60,60,6,512,64,32,40,8,2,0,[60; 60; 6; 512; 64; 32; 40; 8; 2; 0],0.02973162627313286,0.6150257008389167,tvm
300,30,5,1280,640,80,64,4,5,1,[300; 30; 5; 1280; 640; 80; 64; 4; 5; 1],0.030944456229917705,0.590920523852518,tvm
750,50,5,80,80,80,128,32,5,1,[750; 50; 5; 80; 80; 80; 128; 32; 5; 1],0.057710909051820636,0.31685022097459786,tvm
1500,100,5,80,80,80,64,64,5,1,[1500; 100; 5; 80; 80; 80; 64; 64; 5; 1],0.04238395125139505,0.4314301462186686,tvm
250,250,10,1024,512,32,40,10,2,1,[250; 250; 10; 1024; 512; 32; 40; 10; 2; 1],0.02648764447076246,0.6903488268237059,tvm
50,25,5,1280,320,80,80,4,5,1,[50; 25; 5; 1280; 320; 80; 80; 4; 5; 1],0.027224209741689265,0.6716710772953242,tvm
1500,375,5,320,160,32,80,5,2,0,[1500; 375; 5; 320; 160; 32; 80; 5; 2; 0],0.02938274369807914,0.6223283459709616,tvm
50,50,5,160,80,80,40,2,5,0,[50; 50; 5; 160; 80; 80; 40; 2; 5; 0],0.03055684396531433,0.5984163255364578,tvm
300,100,10,320,32,32,160,4,2,1,[300; 100; 10; 320; 32; 32; 160; 4; 2; 1],0.025697942241095006,0.7115633662088549,tvm
150,150,5,1280,1280,80,80,5,5,1,[150; 150; 5; 1280; 1280; 80; 80; 5; 5; 1],0.024363351723877713,0.7505418176019297,tvm
1500,500,5,640,320,64,128,8,4,0,[1500; 500; 5; 640; 320; 64; 128; 8; 4; 0],0.02414905175101012,0.7572021657102715,tvm
300,75,5,640,320,64,160,4,4,1,[300; 75; 5; 640; 320; 64; 160; 4; 4; 1],0.02310742362169549,0.7913350525389549,tvm
250,250,5,320,160,80,80,1,5,1,[250; 250; 5; 320; 160; 80; 80; 1; 5; 1],0.022440844360971823,0.814840742691306,tvm
750,30,5,256,128,32,256,32,2,0,[750; 30; 5; 256; 128; 32; 256; 32; 2; 0],0.044713971263263375,0.40894856281167935,tvm
150,10,5,640,32,32,8,1,2,1,[150; 10; 5; 640; 32; 32; 8; 1; 2; 1],0.05001766758505255,0.36558510559534474,tvm
30,30,5,640,80,80,10,5,5,0,[30; 30; 5; 640; 80; 80; 10; 5; 5; 0],0.052143875043839216,0.35067808578362913,tvm
1500,30,10,640,320,32,10,2,2,0,[1500; 30; 10; 640; 320; 32; 10; 2; 2; 0],0.039573932997882366,0.4620646193213288,tvm
30,30,10,1024,128,16,80,4,1,0,[30; 30; 10; 1024; 128; 16; 80; 4; 1; 0],0.03762314800405875,0.4860229740409187,tvm
100,20,5,512,64,16,80,16,1,1,[100; 20; 5; 512; 64; 16; 80; 16; 1; 1],0.044399230217095464,0.4118475522279114,tvm
100,50,25,64,32,16,80,10,1,1,[100; 50; 25; 64; 32; 16; 80; 10; 1; 1],0.040852862992323935,0.4475993344493405,tvm
300,300,10,2560,512,32,256,4,2,1,[300; 300; 10; 2560; 512; 32; 256; 4; 2; 1],0.054279056028462946,0.3368834247251019,tvm
1500,750,10,16,16,16,40,2,1,0,[1500; 750; 10; 16; 16; 16; 40; 2; 1; 0],0.05155907350126654,0.354655602670306,tvm
300,10,5,128,64,32,64,1,2,0,[300; 10; 5; 128; 64; 32; 64; 1; 2; 0],0.04271750774933025,0.4280613558500725,tvm
20,20,5,5120,2560,64,20,20,4,0,[20; 20; 5; 5120; 2560; 64; 20; 20; 4; 0],0.03587803151458502,0.5096632539129367,tvm
50,50,5,640,640,16,128,1,1,1,[50; 50; 5; 640; 640; 16; 128; 1; 1; 1],0.037934323016088456,0.48203613065558254,tvm
1500,300,12,256,128,16,80,16,1,0,[1500; 300; 12; 256; 128; 16; 80; 16; 1; 0],0.04070903151296079,0.44918077404746287,tvm
100,10,5,1280,256,64,16,1,4,1,[100; 10; 5; 1280; 256; 64; 16; 1; 4; 1],0.04530899476958439,0.40357801753724537,tvm
50,50,5,512,128,16,128,2,1,0,[50; 50; 5; 512; 128; 16; 128; 2; 1; 0],0.03992851678049192,0.4579612707940164,tvm
50,10,5,320,160,80,80,16,5,0,[50; 10; 5; 320; 160; 80; 80; 16; 5; 0],0.036085598228964955,0.5067316376381098,tvm
300,20,10,64,64,32,160,4,2,0,[300; 20; 10; 64; 64; 32; 160; 4; 2; 0],0.0433159985113889,0.42214689523794535,tvm
750,750,10,128,128,16,40,40,1,0,[750; 750; 10; 128; 128; 16; 40; 40; 1; 0],0.04807265900308266,0.3803765937836248,tvm
1500,100,5,16,16,16,64,1,1,1,[1500; 100; 5; 16; 16; 16; 64; 1; 1; 1],0.04547315771924332,0.4021210578471911,tvm
500,50,25,640,640,16,128,1,1,0,[500; 50; 25; 640; 640; 16; 128; 1; 1; 0],0.039975999970920384,0.45741730786011126,tvm
60,60,5,640,64,16,160,16,1,1,[60; 60; 5; 640; 64; 16; 160; 16; 1; 1],0.03754253499209881,0.48706658433061845,tvm
50,50,10,5120,5120,32,32,4,2,0,[50; 50; 10; 5120; 5120; 32; 32; 4; 2; 0],0.046994147764053196,0.3891062005746471,tvm
20,20,10,2560,160,32,64,1,2,0,[20; 20; 10; 2560; 160; 32; 64; 1; 2; 0],0.03513844753615558,0.52039050008966,tvm
300,100,5,160,80,16,160,5,1,0,[300; 100; 5; 160; 80; 16; 160; 5; 1; 0],0.04110682074679062,0.44483406776579604,tvm
300,100,5,2560,160,32,80,1,2,1,[300; 100; 5; 2560; 160; 32; 80; 1; 2; 1],0.04397723497822881,0.41579954480464126,tvm
1500,15,5,1280,80,80,80,5,5,1,[1500; 15; 5; 1280; 80; 80; 80; 5; 5; 1],0.06288422597572207,0.2907838015335343,tvm
300,75,15,512,256,16,32,4,1,0,[300; 75; 15; 512; 256; 16; 32; 4; 1; 0],0.039538751007057726,0.46247576921310085,tvm
1500,375,5,256,64,16,40,4,1,1,[1500; 375; 5; 256; 64; 16; 40; 4; 1; 1],0.04369989177212119,0.41843843415145143,tvm
1500,150,25,128,64,16,160,1,1,0,[1500; 150; 25; 128; 64; 16; 160; 1; 1; 0],0.03588221175596118,0.5096038786593596,tvm
500,250,10,1280,1280,32,8,1,2,1,[500; 250; 10; 1280; 1280; 32; 8; 1; 2; 1],0.054409221513196826,0.33607748424187855,tvm
500,100,5,80,80,16,160,1,1,1,[500; 100; 5; 80; 80; 16; 160; 1; 1; 1],0.03719953598920256,0.4915575906920412,tvm
100,25,5,5120,128,32,128,32,2,1,[100; 25; 5; 5120; 128; 32; 128; 32; 2; 1],0.033622796763665974,0.5438486992692559,tvm
750,150,5,320,64,16,64,8,1,1,[750; 150; 5; 320; 64; 16; 64; 8; 1; 1],0.03581431700149551,0.5105699568401856,tvm
150,150,5,320,32,32,20,4,2,0,[150; 150; 5; 320; 32; 32; 20; 4; 2; 0],0.04077984346076846,0.44840079642055863,tvm
100,50,10,1024,512,32,5,1,2,1,[100; 50; 10; 1024; 512; 32; 5; 1; 2; 1],0.03937249048613012,0.4644286927227999,tvm
150,150,6,1024,64,32,20,2,2,0,[150; 150; 6; 1024; 64; 32; 20; 2; 2; 0],0.0360467639984563,0.5072775544150752,tvm
1500,60,10,512,128,16,32,8,1,1,[1500; 60; 10; 512; 128; 16; 32; 8; 1; 1],0.0513813259312883,0.35588249143604384,tvm
300,150,10,640,160,32,20,20,2,0,[300; 150; 10; 640; 160; 32; 20; 20; 2; 0],0.047858330770395696,0.38208006822138274,tvm
500,100,5,640,160,80,20,5,5,0,[500; 100; 5; 640; 160; 80; 20; 5; 5; 0],0.029555139772128314,0.6186982848566479,tvm
125,25,5,5120,160,32,32,2,2,1,[125; 25; 5; 5120; 160; 32; 32; 2; 2; 1],0.042053981276694685,0.43481529526070806,tvm
75,75,15,64,16,16,64,2,1,1,[75; 75; 15; 64; 16; 16; 64; 2; 1; 1],0.03444921149639413,0.530802113935998,tvm
1500,100,10,256,64,16,40,2,1,1,[1500; 100; 10; 256; 64; 16; 40; 2; 1; 1],0.038149302010424435,0.4793197600500698,tvm
750,125,5,640,640,32,8,8,2,1,[750; 125; 5; 640; 640; 32; 8; 8; 2; 1],0.030296337499748915,0.6035618756183262,tvm
100,25,5,1280,160,32,20,2,2,0,[100; 25; 5; 1280; 160; 32; 20; 2; 2; 0],0.039283583988435566,0.4654797864445692,tvm
750,750,15,512,64,16,80,20,1,1,[750; 750; 15; 512; 64; 16; 80; 20; 1; 1],0.036938304256182164,0.4950339398066414,tvm
100,100,5,640,640,32,8,8,2,1,[100; 100; 5; 640; 640; 32; 8; 8; 2; 1],0.030838950478937477,0.5929421722118314,tvm
60,60,5,2560,128,64,20,5,4,1,[60; 60; 5; 2560; 128; 64; 20; 5; 4; 1],0.03059517528163269,0.5976665966902244,tvm
300,60,6,512,512,32,10,2,2,1,[300; 60; 6; 512; 512; 32; 10; 2; 2; 1],0.03542530623963103,0.5161766044313734,tvm
100,50,5,2560,512,32,64,4,2,1,[100; 50; 5; 2560; 512; 32; 64; 4; 2; 1],0.029107684269547462,0.6282091737831872,tvm
300,25,5,320,320,32,32,4,2,1,[300; 25; 5; 320; 320; 32; 32; 4; 2; 1],0.031456350232474506,0.5813043837119004,tvm
750,250,10,64,32,32,128,64,2,0,[750; 250; 10; 64; 32; 32; 128; 64; 2; 0],0.034297307254746556,0.5331530592152726,tvm
1500,50,5,640,80,80,32,1,5,0,[1500; 50; 5; 640; 80; 80; 32; 1; 5; 0],0.033264346478972584,0.549709109640054,tvm
125,125,5,5120,640,64,80,5,4,0,[125; 125; 5; 5120; 640; 64; 80; 5; 4; 0],0.03431350697064772,0.5329013528508222,tvm
150,30,6,1024,64,64,160,16,4,1,[150; 30; 6; 1024; 64; 64; 160; 16; 4; 1],0.03356073872419074,0.5448543441188872,tvm
30,30,6,320,64,64,160,16,4,0,[30; 30; 6; 320; 64; 64; 160; 16; 4; 0],0.03037657047389075,0.6019677007788359,tvm
30,30,5,160,160,80,80,1,5,0,[30; 30; 5; 160; 160; 80; 80; 1; 5; 0],0.028818011516705155,0.6345238038063268,tvm
250,50,5,160,32,32,80,4,2,1,[250; 50; 5; 160; 32; 32; 80; 4; 2; 1],0.02990209375275299,0.6115195289303372,tvm
150,75,5,80,80,80,32,8,5,0,[150; 75; 5; 80; 80; 80; 32; 8; 5; 0],0.03007389121921733,0.6080262162426672,tvm
150,150,5,64,64,64,40,8,4,0,[150; 150; 5; 64; 64; 64; 40; 8; 4; 0],0.02827926620375365,0.6466120497598743,tvm
500,500,5,128,128,64,32,4,4,1,[500; 500; 5; 128; 128; 64; 32; 4; 4; 1],0.024142058129655197,0.7574215167369183,tvm
60,60,5,640,80,80,80,8,5,0,[60; 60; 5; 640; 80; 80; 80; 8; 5; 0],0.026427009259350598,0.6919327914203648,tvm
1500,100,5,80,80,80,160,20,5,0,[1500; 100; 5; 80; 80; 80; 160; 20; 5; 0],0.024998727632919326,0.7314657991487105,tvm
60,60,6,128,128,64,40,1,4,1,[60; 60; 6; 128; 128; 64; 40; 1; 4; 1],0.025050610478501767,0.7299508449667101,tvm
375,125,5,640,64,64,64,4,4,1,[375; 125; 5; 640; 64; 64; 64; 4; 4; 1],0.022859212360344827,0.7999275739454415,tvm
150,150,25,512,512,16,160,5,1,0,[150; 150; 25; 512; 512; 16; 160; 5; 1; 0],0.03998161549679935,0.45735306236382856,tvm
30,10,5,512,512,64,80,2,4,0,[30; 10; 5; 512; 512; 64; 80; 2; 4; 0],0.038782194489613175,0.4714976686172736,tvm
150,50,5,640,320,80,8,8,5,0,[150; 50; 5; 640; 320; 80; 8; 8; 5; 0],0.0484449359937571,0.37745357508720195,tvm
750,375,5,640,128,64,256,2,4,0,[750; 375; 5; 640; 128; 64; 256; 2; 4; 0],0.035992177785374224,0.508046898266458,tvm
300,10,5,64,64,64,160,2,4,0,[300; 10; 5; 64; 64; 64; 160; 2; 4; 0],0.04470215301262215,0.4090566796760575,tvm
75,25,5,5120,2560,64,40,40,4,1,[75; 25; 5; 5120; 2560; 64; 40; 40; 4; 1],0.037513408227823675,0.48744476040840734,tvm
1500,100,20,320,320,16,40,1,1,0,[1500; 100; 20; 320; 320; 16; 40; 1; 1; 0],0.03619056171737611,0.5052619638377925,tvm
150,30,5,5120,1024,64,64,2,4,1,[150; 30; 5; 5120; 1024; 64; 64; 2; 4; 1],0.04487100674305111,0.4075173617214657,tvm
1500,300,5,320,320,64,20,20,4,0,[1500; 300; 5; 320; 320; 64; 20; 20; 4; 0],0.04913853277685121,0.37212576876793824,tvm
30,15,5,5120,128,64,40,10,4,0,[30; 15; 5; 5120; 128; 64; 40; 10; 4; 0],0.04045261151622981,0.4520280298437088,tvm
60,60,10,320,160,16,64,16,1,0,[60; 60; 10; 320; 160; 16; 64; 16; 1; 0],0.03500971378525719,0.5223040210461394,tvm
250,250,10,320,320,32,16,2,2,0,[250; 250; 10; 320; 320; 32; 16; 2; 2; 0],0.03830244072014466,0.47740337017471474,tvm
100,20,5,512,64,64,32,1,4,1,[100; 20; 5; 512; 64; 64; 32; 1; 4; 1],0.040304678957909346,0.45368713406228284,tvm
1500,60,6,640,64,16,128,16,1,1,[1500; 60; 6; 640; 64; 16; 128; 16; 1; 1],0.03706626174971461,0.4933250191019081,tvm
250,250,10,512,32,32,5,1,2,1,[250; 250; 10; 512; 32; 32; 5; 1; 2; 1],0.03957517154049128,0.46205015856988224,tvm
250,250,5,2560,2560,80,32,32,5,1,[250; 250; 5; 2560; 2560; 80; 32; 32; 5; 1],0.049654226284474134,0.3682609850962849,tvm
15,15,5,640,640,64,160,32,4,1,[15; 15; 5; 640; 640; 64; 160; 32; 4; 1],0.03817907249322161,0.4789460060602774,tvm
300,50,10,64,64,32,256,64,2,1,[300; 50; 10; 64; 64; 32; 256; 64; 2; 1],0.042100824241060764,0.43433150336948284,tvm
300,60,12,512,64,16,40,8,1,1,[300; 60; 12; 512; 64; 16; 40; 8; 1; 1],0.04019858129322529,0.45488456799832383,tvm
500,50,5,1280,128,64,10,1,4,1,[500; 50; 5; 1280; 128; 64; 10; 1; 4; 1],0.04043256846489385,0.4522521071494906,tvm
1500,100,10,256,128,32,5,1,2,1,[1500; 100; 10; 256; 128; 32; 5; 1; 2; 1],0.04925498348893598,0.37124597330992426,tvm
750,30,5,640,128,64,16,16,4,1,[750; 30; 5; 640; 128; 64; 16; 16; 4; 1],0.03913113003363833,0.4672932846558564,tvm
1500,300,15,256,16,16,64,4,1,1,[1500; 300; 15; 256; 16; 16; 64; 4; 1; 1],0.04066271323245019,0.4496924290610712,tvm
1500,150,6,640,320,16,64,1,1,1,[1500; 150; 6; 640; 320; 16; 64; 1; 1; 1],0.033637168002314866,0.5436163438151478,tvm
375,125,5,256,128,32,256,4,2,1,[375; 125; 5; 256; 128; 32; 256; 4; 2; 1],0.03264339326415211,0.5601658546262422,tvm
500,250,10,640,128,32,256,1,2,1,[500; 250; 10; 640; 128; 32; 256; 1; 2; 1],0.03637605102267116,0.5026855244489794,tvm
300,25,5,1280,32,32,32,8,2,0,[300; 25; 5; 1280; 32; 32; 32; 8; 2; 0],0.04942587105324492,0.3699624082702694,tvm
50,50,5,1280,64,32,8,1,2,1,[50; 50; 5; 1280; 64; 32; 8; 1; 2; 1],0.03817124426132068,0.4790442292247568,tvm
500,125,5,2560,512,64,64,1,4,1,[500; 125; 5; 2560; 512; 64; 64; 1; 4; 1],0.030525059264618903,0.5990394359990304,tvm
50,25,5,5120,1280,64,40,8,4,1,[50; 25; 5; 5120; 1280; 64; 40; 8; 4; 1],0.03159750055056065,0.5787076182324754,tvm
30,30,10,256,32,32,64,32,2,0,[30; 30; 10; 256; 32; 32; 64; 32; 2; 0],0.039255940238945186,0.4658075739470717,tvm
750,375,25,64,64,16,128,2,1,1,[750; 375; 25; 64; 64; 16; 128; 2; 1; 1],0.0295578547520563,0.6186414555150412,tvm
30,30,5,2560,640,80,40,40,5,0,[30; 30; 5; 2560; 640; 80; 40; 40; 5; 0],0.049049394961912185,0.3728020355788996,tvm
150,30,5,2560,160,80,128,2,5,0,[150; 30; 5; 2560; 160; 80; 128; 2; 5; 0],0.03677474777214229,0.49723561393305143,tvm
250,50,5,640,32,32,8,1,2,1,[250; 50; 5; 640; 32; 32; 8; 1; 2; 1],0.032497817010153085,0.5626751569190447,tvm
750,125,5,1280,640,80,20,1,5,0,[750; 125; 5; 1280; 640; 80; 20; 1; 5; 0],0.028895538998767734,0.6328213599508938,tvm
750,25,5,1024,64,64,64,32,4,0,[750; 25; 5; 1024; 64; 64; 64; 32; 4; 0],0.055340297520160675,0.3304231293489655,tvm
500,250,10,32,32,32,40,40,2,1,[500; 250; 10; 32; 32; 32; 40; 40; 2; 1],0.02946156426332891,0.6206633878050627,tvm
750,50,10,640,320,32,10,2,2,1,[750; 50; 10; 640; 320; 32; 10; 2; 2; 1],0.03184913349105045,0.5741353776815479,tvm
1500,300,12,32,32,32,40,1,2,0,[1500; 300; 12; 32; 32; 32; 40; 1; 2; 0],0.0398998077143915,0.45829078717887645,tvm
300,30,5,1024,256,64,160,10,4,0,[300; 30; 5; 1024; 256; 64; 160; 10; 4; 0],0.035918496549129486,0.5090890778433057,tvm
1500,300,5,256,32,32,40,2,2,0,[1500; 300; 5; 256; 32; 32; 40; 2; 2; 0],0.05043521197512746,0.36255848978551014,tvm
30,30,6,1024,512,32,40,8,2,1,[30; 30; 6; 1024; 512; 32; 40; 8; 2; 1],0.03188171749934554,0.5735485952439561,tvm
1500,100,10,64,64,32,40,1,2,0,[1500; 100; 10; 64; 64; 32; 40; 1; 2; 0],0.030709289014339447,0.5954457062544146,tvm
50,25,5,320,160,32,160,8,2,0,[50; 25; 5; 320; 160; 32; 160; 8; 2; 0],0.03339836571831256,0.5475032652776809,tvm
30,30,6,128,64,32,64,8,2,1,[30; 30; 6; 128; 64; 32; 64; 8; 2; 1],0.03135896997991949,0.5831095312576727,tvm
25,25,5,1280,320,32,40,4,2,1,[25; 25; 5; 1280; 320; 32; 40; 4; 2; 1],0.03344477724749595,0.5467434915292599,tvm
250,50,10,1024,64,32,160,16,2,1,[250; 50; 10; 1024; 64; 32; 160; 16; 2; 1],0.0317751620314084,0.5754719446478238,tvm
1500,100,5,512,256,64,32,2,4,0,[1500; 100; 5; 512; 256; 64; 32; 2; 4; 0],0.043045421480201185,0.42480044699120517,tvm
1500,60,10,256,32,32,32,8,2,1,[1500; 60; 10; 256; 32; 32; 32; 8; 2; 1],0.03385915677063167,0.5400522644313079,tvm
300,300,5,1280,64,64,40,40,4,0,[300; 300; 5; 1280; 64; 64; 40; 40; 4; 0],0.03667816024972126,0.4985450241019996,tvm
300,300,10,256,256,32,64,32,2,0,[300; 300; 10; 256; 256; 32; 64; 32; 2; 0],0.032972190994769335,0.5545798969991138,tvm
750,250,5,320,320,80,20,5,5,1,[750; 250; 5; 320; 320; 80; 20; 5; 5; 1],0.025625178997870535,0.7135838655891472,tvm
60,30,5,1024,512,64,40,1,4,1,[60; 30; 5; 1024; 512; 64; 40; 1; 4; 1],0.030052945483475924,0.6084499868995656,tvm
1500,125,5,640,320,32,40,10,2,1,[1500; 125; 5; 640; 320; 32; 40; 10; 2; 1],0.025680759048555046,0.7120394787062632,tvm
150,150,6,1024,1024,32,40,4,2,0,[150; 150; 6; 1024; 1024; 32; 40; 4; 2; 0],0.03126354451524094,0.584889351775197,tvm
1500,75,5,256,256,32,32,2,2,1,[1500; 75; 5; 256; 256; 32; 32; 2; 2; 1],0.03362253576051444,0.5438529210277062,tvm
750,250,5,512,128,32,160,20,2,0,[750; 250; 5; 512; 128; 32; 160; 20; 2; 0],0.03151638247072697,0.5801971182034745,tvm
30,30,6,640,320,64,128,4,4,1,[30; 30; 6; 640; 320; 64; 128; 4; 4; 1],0.030911088513676077,0.5915584071917781,tvm
500,500,10,512,512,32,160,2,2,0,[500; 500; 10; 512; 512; 32; 160; 2; 2; 0],0.02623862400650978,0.6969006561158702,tvm
1500,1500,10,320,64,32,40,8,2,1,[1500; 1500; 10; 320; 64; 32; 40; 8; 2; 1],0.02646375901531428,0.6909719165418846,tvm
500,50,5,320,320,32,160,8,2,1,[500; 50; 5; 320; 320; 32; 160; 8; 2; 1],0.027618532767519355,0.6620813074914361,tvm
100,100,10,512,256,32,128,2,2,1,[100; 100; 10; 512; 256; 32; 128; 2; 2; 1],0.028274217969737947,0.6467274994231702,tvm
1500,300,5,320,160,80,40,4,5,1,[1500; 300; 5; 320; 160; 80; 40; 4; 5; 1],0.02376555188675411,0.7694209826410954,tvm
50,10,10,640,320,16,32,2,1,1,[50; 10; 10; 640; 320; 16; 32; 2; 1; 1],0.044901857792865485,0.4072373657693007,tvm
300,100,10,1024,512,16,128,64,1,1,[300; 100; 10; 1024; 512; 16; 128; 64; 1; 1],0.040169469255488366,0.4552142366983329,tvm
375,25,5,5120,640,64,32,16,4,1,[375; 25; 5; 5120; 640; 64; 32; 16; 4; 1],0.056073341984301805,0.3261035215420819,tvm
50,10,5,1024,32,32,80,20,2,0,[50; 10; 5; 1024; 32; 32; 80; 20; 2; 0],0.0441934805130586,0.41376497332702944,tvm
50,10,10,256,64,32,64,8,2,1,[50; 10; 10; 256; 64; 32; 64; 8; 2; 1],0.04477120900992304,0.40842574257178227,tvm
60,20,5,640,160,80,10,1,5,1,[60; 20; 5; 640; 160; 80; 10; 1; 5; 1],0.036775112501345575,0.49723068243625973,tvm
100,50,5,256,32,16,32,1,1,1,[100; 50; 5; 256; 32; 16; 32; 1; 1; 1],0.04202031349996105,0.4351636806739016,tvm
300,60,6,64,32,16,128,16,1,0,[300; 60; 6; 64; 32; 16; 128; 16; 1; 0],0.04028018220560625,0.45396304794195436,tvm
150,75,25,640,16,16,128,2,1,0,[150; 75; 25; 640; 16; 16; 128; 2; 1; 0],0.041422648006118834,0.44144242741345685,tvm
500,25,5,64,64,64,256,1,4,0,[500; 25; 5; 64; 64; 64; 256; 1; 4; 0],0.0456778674852103,0.40031891356650756,tvm
10,10,5,5120,5120,80,32,4,5,1,[10; 10; 5; 5120; 5120; 80; 32; 4; 5; 1],0.03511148103279993,0.5207901731240675,tvm
750,75,5,1280,32,32,5,1,2,1,[750; 75; 5; 1280; 32; 32; 5; 1; 2; 1],0.03187227371381596,0.5737185382474868,tvm
60,30,10,320,160,16,80,8,1,1,[60; 30; 10; 320; 160; 16; 80; 8; 1; 1],0.038568331219721586,0.474112146090574,tvm
10,10,5,2560,160,80,128,8,5,1,[10; 10; 5; 2560; 160; 80; 128; 8; 5; 1],0.04213227203581482,0.4340073155838924,tvm
150,50,5,320,320,16,80,2,1,1,[150; 50; 5; 320; 320; 16; 80; 2; 1; 1],0.04023491276893765,0.4544738145879942,tvm
500,500,10,2560,640,32,32,32,2,1,[500; 500; 10; 2560; 640; 32; 32; 32; 2; 1],0.040188698505517095,0.4549964284910602,tvm
60,60,5,640,128,16,40,10,1,1,[60; 60; 5; 640; 128; 16; 40; 10; 1; 1],0.03686587221454829,0.4960065553121035,tvm
20,20,10,160,32,32,40,1,2,1,[20; 20; 10; 160; 32; 32; 40; 1; 2; 1],0.0372454552561976,0.4909515579802603,tvm
250,250,25,80,16,16,40,20,1,1,[250; 250; 25; 80; 16; 16; 40; 20; 1; 1],0.05608480051159859,0.32603689625200183,tvm
1500,1500,12,320,32,32,16,1,2,1,[1500; 1500; 12; 320; 32; 32; 16; 1; 2; 1],0.03399668651400134,0.5378675441850317,tvm
60,60,12,512,512,16,128,8,1,0,[60; 60; 12; 512; 512; 16; 128; 8; 1; 0],0.03618357703089714,0.5053594969369701,tvm
150,150,30,160,160,16,40,20,1,1,[150; 150; 30; 160; 160; 16; 40; 20; 1; 1],0.059805297991260886,0.3057540870105907,tvm
50,50,10,512,256,32,16,4,2,0,[50; 50; 10; 512; 256; 32; 16; 4; 2; 0],0.0314781567431055,0.5809016847760412,tvm
300,15,5,1024,1024,64,160,1,4,0,[300; 15; 5; 1024; 1024; 64; 160; 1; 4; 0],0.04592084401519969,0.39820074473504363,tvm
1500,60,12,640,64,16,40,10,1,1,[1500; 60; 12; 640; 64; 16; 40; 10; 1; 1],0.03217452653916553,0.568328931381644,tvm
750,750,10,1024,32,32,64,64,2,1,[750; 750; 10; 1024; 32; 32; 64; 64; 2; 1],0.04631677450379357,0.3947967983870854,tvm
1500,300,20,512,32,16,64,32,1,1,[1500; 300; 20; 512; 32; 16; 64; 32; 1; 1],0.0897182310000062,0.20381269316057984,tvm
100,20,5,2560,80,80,128,32,5,1,[100; 20; 5; 2560; 80; 80; 128; 32; 5; 1],0.04468962800456211,0.4091713245822409,tvm
375,25,5,1024,1024,32,16,2,2,0,[375; 25; 5; 1024; 1024; 32; 16; 2; 2; 0],0.0406493887421675,0.44983983404271133,tvm
250,50,5,1024,256,32,8,2,2,1,[250; 50; 5; 1024; 256; 32; 8; 2; 2; 1],0.034880636259913445,0.5242368329940453,tvm
60,15,5,320,160,80,40,20,5,0,[60; 15; 5; 320; 160; 80; 40; 20; 5; 0],0.03684306947980076,0.4963135412954516,tvm
60,15,5,640,160,32,160,5,2,1,[60; 15; 5; 640; 160; 32; 160; 5; 2; 1],0.03815120080253109,0.4792959042196424,tvm
375,25,5,256,256,32,8,8,2,1,[375; 25; 5; 256; 256; 32; 8; 8; 2; 1],0.03267960652010515,0.5595451179763914,tvm
100,25,5,512,256,32,8,8,2,1,[100; 25; 5; 512; 256; 32; 8; 8; 2; 1],0.03336702496744692,0.5480175203978761,tvm
150,15,5,1280,320,32,40,8,2,1,[150; 15; 5; 1280; 320; 32; 40; 8; 2; 1],0.0335026117390953,0.5457996656534119,tvm
1500,75,15,256,64,16,80,5,1,1,[1500; 75; 15; 256; 64; 16; 80; 5; 1; 1],0.03854084527119994,0.47445026586841577,tvm
30,30,5,5120,640,32,32,16,2,1,[30; 30; 5; 5120; 640; 32; 32; 16; 2; 1],0.031889351492282,0.5734112934262672,tvm
100,100,10,5120,320,32,32,4,2,0,[100; 100; 10; 5120; 320; 32; 32; 4; 2; 0],0.028666649479418993,0.6378741365935485,tvm
1500,500,25,640,160,16,32,2,1,1,[1500; 500; 25; 640; 160; 16; 32; 2; 1; 1],0.030435757711529732,0.600797077537099,tvm
1500,1500,10,512,256,16,64,64,1,1,[1500; 1500; 10; 512; 256; 16; 64; 64; 1; 1],0.04703452828107402,0.38877214153059086,tvm
500,500,5,2560,320,64,64,16,4,0,[500; 500; 5; 2560; 320; 64; 64; 16; 4; 0],0.03460804000496864,0.5283660757179264,tvm
100,50,5,1280,320,32,10,5,2,1,[100; 50; 5; 1280; 320; 32; 10; 5; 2; 1],0.03440258250338957,0.5315215589967021,tvm
100,100,5,5120,640,80,40,40,5,0,[100; 100; 5; 5120; 640; 80; 40; 40; 5; 0],0.0476945512345992,0.38339210271149854,tvm
750,30,5,160,160,80,20,1,5,1,[750; 30; 5; 160; 160; 80; 20; 1; 5; 1],0.030764373252168298,0.5943795485716744,tvm
150,150,10,1024,32,32,32,2,2,0,[150; 150; 10; 1024; 32; 32; 32; 2; 2; 0],0.0378502540406771,0.483106778254722,tvm
300,100,10,256,128,32,16,16,2,1,[300; 100; 10; 256; 128; 32; 16; 16; 2; 1],0.037937424262054265,0.4819967259612827,tvm
1500,375,15,640,80,16,128,2,1,1,[1500; 375; 15; 640; 80; 16; 128; 2; 1; 1],0.028600210265722126,0.639355938848815,tvm
250,125,5,256,64,64,20,20,4,1,[250; 125; 5; 256; 64; 64; 20; 20; 4; 1],0.025479055766481906,0.7176762927678595,tvm
750,75,5,256,32,32,40,8,2,0,[750; 75; 5; 256; 32; 32; 40; 8; 2; 0],0.03406267275568098,0.536825586672866,tvm
300,150,10,256,256,16,160,16,1,1,[300; 150; 10; 256; 256; 16; 160; 16; 1; 1],0.03175414976431057,0.5758527443322115,tvm
250,25,5,1280,1280,64,80,2,4,1,[250; 25; 5; 1280; 1280; 64; 80; 2; 4; 1],0.031086897244676948,0.5882129098247454,tvm
300,60,6,1280,128,64,40,5,4,0,[300; 60; 6; 1280; 128; 64; 40; 5; 4; 0],0.03253910149214789,0.5619612542198459,tvm
1500,1500,10,640,160,32,160,1,2,0,[1500; 1500; 10; 640; 160; 32; 160; 1; 2; 0],0.024622362747322768,0.7426466124865504,tvm
750,750,6,256,64,64,128,64,4,1,[750; 750; 6; 256; 64; 64; 128; 64; 4; 1],0.028667326492723078,0.6378590724306272,tvm
750,150,5,128,32,32,32,8,2,1,[750; 150; 5; 128; 32; 32; 32; 8; 2; 1],0.02867049427004531,0.6377885959510313,tvm
500,250,5,640,640,64,40,10,4,0,[500; 250; 5; 640; 640; 64; 40; 10; 4; 0],0.029520615295041353,0.6194218549633612,tvm
100,100,10,128,64,32,40,10,2,1,[100; 100; 10; 128; 64; 32; 40; 10; 2; 1],0.025142722472082824,0.7272766227292131,tvm
1500,150,6,256,256,64,80,5,4,0,[1500; 150; 6; 256; 256; 64; 80; 5; 4; 0],0.030961753276642412,0.5905904010774821,tvm
300,300,6,128,64,64,80,1,4,0,[300; 300; 6; 128; 64; 64; 80; 1; 4; 0],0.02786619425751269,0.6561970435121216,tvm
150,150,6,1280,128,64,160,20,4,1,[150; 150; 6; 1280; 128; 64; 160; 20; 4; 1],0.022142395755508915,0.8258236591749515,tvm
75,75,5,64,64,64,40,10,4,1,[75; 75; 5; 64; 64; 64; 40; 10; 4; 1],0.025119915488176048,0.727936934912117,tvm
1500,500,5,128,64,64,64,2,4,1,[1500; 500; 5; 128; 64; 64; 64; 2; 4; 1],0.02368931088130921,0.7718972652827,tvm
125,125,5,512,128,64,40,1,4,1,[125; 125; 5; 512; 128; 64; 40; 1; 4; 1],0.024281825753860176,0.7530617537195421,tvm
1500,375,5,320,320,64,64,4,4,1,[1500; 375; 5; 320; 320; 64; 64; 4; 4; 1],0.022644587385002524,0.8075092725171441,tvm
1500,1500,25,512,512,16,80,4,1,0,[1500; 1500; 25; 512; 512; 16; 80; 4; 1; 0],0.04645356349647045,0.3936342641852145,tvm
1500,250,5,80,16,16,128,4,1,1,[1500; 250; 5; 80; 16; 16; 128; 4; 1; 1],0.03972373029682785,0.4603221839710884,tvm
1500,500,25,256,64,16,40,5,1,0,[1500; 500; 25; 256; 64; 16; 40; 5; 1; 0],0.04769011173630133,0.38342779288972284,tvm
100,20,5,5120,2560,64,160,20,4,1,[100; 20; 5; 5120; 2560; 64; 160; 20; 4; 1],0.048986370966304094,0.3732816684520752,tvm
30,30,10,5120,64,32,256,16,2,1,[30; 30; 10; 5120; 64; 32; 256; 16; 2; 1],0.04314704501302913,0.42379992141275363,tvm
50,50,10,2560,32,32,256,32,2,1,[50; 50; 10; 2560; 32; 32; 256; 32; 2; 1],0.04145463474560529,0.44110180678055066,tvm
750,125,25,160,32,16,40,2,1,0,[750; 125; 25; 160; 32; 16; 40; 2; 1; 0],0.037259913282468915,0.490761053228695,tvm
1500,300,6,320,320,64,256,32,4,0,[1500; 300; 6; 320; 320; 64; 256; 32; 4; 0],0.035712772980332375,0.5120216874725616,tvm
100,50,5,1024,256,32,10,2,2,0,[100; 50; 5; 1024; 256; 32; 10; 2; 2; 0],0.045374132751021534,0.40299865092854276,tvm
1500,75,5,640,320,16,160,32,1,1,[1500; 75; 5; 640; 320; 16; 160; 32; 1; 1],0.036479092261288315,0.5012656059185749,tvm
75,75,15,160,160,16,64,8,1,0,[75; 75; 15; 160; 160; 16; 64; 8; 1; 0],0.03471751924371347,0.5266999107093576,tvm
300,50,25,128,16,16,160,2,1,1,[300; 50; 25; 128; 16; 16; 160; 2; 1; 1],0.045672559761442244,0.4003654356406684,tvm
125,125,5,512,128,16,80,20,1,1,[125; 125; 5; 512; 128; 16; 80; 20; 1; 1],0.037008303275797516,0.49409761235048777,tvm
500,250,5,640,80,80,5,5,5,1,[500; 250; 5; 640; 80; 80; 5; 5; 5; 1],0.03675070125609636,0.4975609623960842,tvm
60,30,5,5120,128,64,32,32,4,0,[60; 30; 5; 5120; 128; 64; 32; 32; 4; 0],0.061573695042170584,0.29697282700332944,tvm
1500,300,12,512,64,32,16,16,2,1,[1500; 300; 12; 512; 64; 32; 16; 16; 2; 1],0.07059396547265351,0.2590265919088758,tvm
60,60,5,1280,320,80,256,1,5,0,[60; 60; 5; 1280; 320; 80; 256; 1; 5; 0],0.039509538270067424,0.4628177165909229,tvm
125,125,5,5120,1280,32,10,10,2,1,[125; 125; 5; 5120; 1280; 32; 10; 10; 2; 1],0.04267536324914545,0.4284840923077661,tvm
75,25,5,256,256,32,16,2,2,0,[75; 25; 5; 256; 256; 32; 16; 2; 2; 0],0.035516184754669666,0.5148558160743908,tvm
250,250,5,2560,160,80,256,4,5,0,[250; 250; 5; 2560; 160; 80; 256; 4; 5; 0],0.04702746425755322,0.3888305392263918,tvm
300,25,5,1024,32,32,64,2,2,1,[300; 25; 5; 1024; 32; 32; 64; 2; 2; 1],0.03845099947648123,0.47555888103503907,tvm
75,75,25,160,16,16,160,5,1,1,[75; 75; 25; 160; 16; 16; 160; 5; 1; 1],0.038489887956529856,0.4750783973797485,tvm
150,30,6,160,32,32,8,4,2,1,[150; 30; 6; 160; 32; 32; 8; 4; 2; 1],0.03581093001412228,0.510618246398605,tvm
15,15,5,512,64,64,80,1,4,0,[15; 15; 5; 512; 64; 64; 80; 1; 4; 0],0.033412478456739336,0.5472720112454285,tvm
1500,250,10,320,16,16,80,10,1,1,[1500; 250; 10; 320; 16; 16; 80; 10; 1; 1],0.03070362954167649,0.5955554622913107,tvm
1500,30,5,640,160,80,32,32,5,1,[1500; 30; 5; 640; 160; 80; 32; 32; 5; 1],0.03709245222853497,0.4929766889784443,tvm
1500,60,15,640,32,16,40,10,1,1,[1500; 60; 15; 640; 32; 16; 40; 10; 1; 1],0.03254484053468332,0.5618621564984178,tvm
1500,250,5,256,32,32,32,16,2,0,[1500; 250; 5; 256; 32; 32; 32; 16; 2; 0],0.05318678158801049,0.34380185714858713,tvm
750,750,6,160,160,16,32,1,1,1,[750; 750; 6; 160; 160; 16; 32; 1; 1; 1],0.03504457150120288,0.5217845019188391,tvm
1500,300,12,160,32,16,40,40,1,1,[1500; 300; 12; 160; 32; 16; 40; 40; 1; 1],0.04064891749294475,0.4498450491058724,tvm
1500,1500,6,640,320,64,16,1,4,1,[1500; 1500; 6; 640; 320; 64; 16; 1; 4; 1],0.03483795246575028,0.5248791329998872,tvm
500,50,5,2560,64,64,80,2,4,1,[500; 50; 5; 2560; 64; 64; 80; 2; 4; 1],0.03342258027987555,0.5471066007648879,tvm
1500,100,5,512,512,32,256,2,2,1,[1500; 100; 5; 512; 512; 32; 256; 2; 2; 1],0.06121152953710407,0.2987299030753707,tvm
300,150,6,640,128,16,32,4,1,1,[300; 150; 6; 640; 128; 16; 32; 4; 1; 1],0.03541465027956292,0.5163319174795467,tvm
1500,50,10,320,32,32,40,1,2,0,[1500; 50; 10; 320; 32; 32; 40; 1; 2; 0],0.034403719764668494,0.5315039888359143,tvm
20,20,5,2560,512,64,40,2,4,0,[20; 20; 5; 2560; 512; 64; 40; 2; 4; 0],0.03051917254924774,0.5991549822069145,tvm
30,30,10,640,64,32,160,40,2,0,[30; 30; 10; 640; 64; 32; 160; 40; 2; 0],0.03616474970476702,0.5056225864962637,tvm
50,25,5,2560,1280,64,128,16,4,0,[50; 25; 5; 2560; 1280; 64; 128; 16; 4; 0],0.03868458903161809,0.4726873089117948,tvm
300,300,6,1024,128,32,40,8,2,0,[300; 300; 6; 1024; 128; 32; 40; 8; 2; 0],0.0428373864851892,0.4268634430355941,tvm
1500,50,5,640,32,32,128,1,2,0,[1500; 50; 5; 640; 32; 32; 128; 1; 2; 0],0.03135571751045063,0.5831700161101334,tvm
25,25,5,640,320,64,20,20,4,1,[25; 25; 5; 640; 320; 64; 20; 20; 4; 1],0.03508120228070766,0.5212396695928013,tvm
150,25,5,160,32,32,64,1,2,1,[150; 25; 5; 160; 32; 32; 64; 1; 2; 1],0.030937400530092418,0.5910552914078222,tvm
1500,30,6,320,64,64,64,8,4,0,[1500; 30; 6; 320; 64; 64; 64; 8; 4; 0],0.031332224258221686,0.5836072835115129,tvm
1500,50,5,640,160,32,20,1,2,1,[1500; 50; 5; 640; 160; 32; 20; 1; 2; 1],0.032832329510711133,0.5569423357471118,tvm
100,25,5,320,160,32,32,1,2,1,[100; 25; 5; 320; 160; 32; 32; 1; 2; 1],0.032922210288234055,0.555421829993272,tvm
75,25,5,640,640,32,160,4,2,1,[75; 25; 5; 640; 640; 32; 160; 4; 2; 1],0.03088573826244101,0.5920439437237238,tvm
500,250,5,64,64,64,256,2,4,1,[500; 250; 5; 64; 64; 64; 256; 2; 4; 1],0.02952260774327442,0.6193800508655939,tvm
150,150,5,640,320,32,20,20,2,1,[150; 150; 5; 640; 320; 32; 20; 20; 2; 1],0.030403546523302794,0.6014335949820592,tvm
250,50,10,1024,512,32,80,2,2,0,[250; 50; 10; 1024; 512; 32; 80; 2; 2; 0],0.031098329520318657,0.5879966727398327,tvm
150,25,5,512,512,64,64,8,4,1,[150; 25; 5; 512; 512; 64; 64; 8; 4; 1],0.028496562037616968,0.6416814162205313,tvm
60,30,5,256,64,64,40,5,4,1,[60; 30; 5; 256; 64; 64; 40; 5; 4; 1],0.0312670890125446,0.5848230475941625,tvm
300,300,5,512,256,32,128,32,2,0,[300; 300; 5; 512; 256; 32; 128; 32; 2; 0],0.028493653750047088,0.6417469112989439,tvm
150,30,5,320,320,80,64,16,5,1,[150; 30; 5; 320; 320; 80; 64; 16; 5; 1],0.026896640250924975,0.6798512422043286,tvm
300,300,12,160,32,32,128,32,2,1,[300; 300; 12; 160; 32; 32; 128; 32; 2; 1],0.029229643754661083,0.6255879968704158,tvm
750,125,5,1280,1280,80,160,2,5,0,[750; 125; 5; 1280; 1280; 80; 160; 2; 5; 0],0.03305049776099622,0.553265927126028,tvm
60,60,5,1280,128,64,160,2,4,0,[60; 60; 5; 1280; 128; 64; 160; 2; 4; 0],0.02523756551090628,0.7245435094685426,tvm
300,50,5,640,160,32,160,10,2,0,[300; 50; 5; 640; 160; 32; 160; 10; 2; 0],0.02854690601816401,0.6405497770609304,tvm
300,300,5,160,160,80,40,1,5,0,[300; 300; 5; 160; 160; 80; 40; 1; 5; 0],0.031404467299580574,0.582264749510924,tvm
500,250,5,640,320,64,40,8,4,0,[500; 250; 5; 640; 320; 64; 40; 8; 4; 0],0.029850482009351254,0.612576851522395,tvm
1500,300,6,512,512,32,80,8,2,1,[1500; 300; 6; 512; 512; 32; 80; 8; 2; 1],0.0377714877249673,0.48411421913962,tvm
300,150,6,320,320,64,80,4,4,0,[300; 150; 6; 320; 320; 64; 80; 4; 4; 0],0.026038024516310543,0.7022696470025938,tvm
150,150,5,160,80,80,80,1,5,0,[150; 150; 5; 160; 80; 80; 80; 1; 5; 0],0.02682251500664279,0.6817300421375736,tvm
1500,750,5,128,128,32,128,2,2,1,[1500; 750; 5; 128; 128; 32; 128; 2; 2; 1],0.025153280759695917,0.7269713426414816,tvm
1500,750,5,512,512,64,64,8,4,1,[1500; 750; 5; 512; 512; 64; 64; 8; 4; 1],0.03714585327543318,0.49226798345773215,tvm
