kc,ku,mc,mr,nc,nr,nvr,pack_c,X,time,peak,backend
10,5,6,3,80,80,5,1,[10; 5; 6; 3; 80; 80; 5; 1],0.34181706490926445,0.42796492423380306,tvm
16,1,20,4,128,16,1,1,[16; 1; 20; 4; 128; 16; 1; 1],0.37414148286916316,0.39099036322810066,tvm
128,64,100,25,80,16,1,1,[128; 64; 100; 25; 80; 16; 1; 1],0.9684180440381169,0.15105636990790774,tvm
40,5,1500,3,1280,80,5,1,[40; 5; 1500; 3; 1280; 80; 5; 1],0.27318001398816705,0.5354920081820141,tvm
1,1,1500,5,128,64,4,0,[1; 1; 1500; 5; 128; 64; 4; 0],2.386911517009139,0.06128660959708051,tvm
16,2,1500,2,64,16,1,1,[16; 2; 1500; 2; 64; 16; 1; 1],0.5373482899740338,0.27223630746602584,tvm
2,1,60,5,128,16,1,0,[2; 1; 60; 5; 128; 16; 1; 0],1.5811005029827356,0.09252145199482718,tvm
128,8,60,6,1280,32,2,1,[128; 8; 60; 6; 1280; 32; 2; 1],0.19652027101255953,0.7443797707584335,tvm
80,2,150,25,80,16,1,0,[80; 2; 150; 25; 80; 16; 1; 0],0.5134636510629207,0.2848998443860405,tvm
512,2,375,15,160,16,1,0,[512; 2; 375; 15; 160; 16; 1; 0],0.37351630604825914,0.3916447874348325,tvm
5,5,75,5,32,32,2,0,[5; 5; 75; 5; 32; 32; 2; 0],0.6980012750718743,0.20957800438208515,tvm
64,16,250,2,1280,64,4,0,[64; 16; 250; 2; 1280; 64; 4; 0],0.3012002441100776,0.48567594862988306,tvm
40,40,1500,25,80,16,1,0,[40; 40; 1500; 25; 80; 16; 1; 0],1.2894307209644467,0.1134498441112819,tvm
10,5,60,2,640,128,8,1,[10; 5; 60; 2; 640; 128; 8; 1],0.35315971286036074,0.4142197112487619,tvm
80,10,30,15,64,16,1,0,[80; 10; 30; 15; 64; 16; 1; 0],0.4074396879877895,0.35903648711339653,tvm
160,32,150,25,320,16,1,0,[160; 32; 150; 25; 320; 16; 1; 0],1.0257865141611546,0.1426083422488164,tvm
80,2,25,25,256,16,1,0,[80; 2; 25; 25; 256; 16; 1; 0],0.4791941889561713,0.30527439116982713,tvm
2,1,60,5,128,16,1,0,[2; 1; 60; 5; 128; 16; 1; 0],1.6561021369416267,0.08833133598623603,tvm
80,10,30,3,160,80,5,1,[80; 10; 30; 3; 160; 80; 5; 1],0.21495585120283067,0.6805384150612408,tvm
5,1,1500,1,1280,128,8,0,[5; 1; 1500; 1; 1280; 128; 8; 0],0.5056626049336046,0.2892951008408505,tvm
80,4,375,15,160,16,1,1,[80; 4; 375; 15; 160; 16; 1; 1],0.44463570904918015,0.3290012729713842,tvm
20,5,2,1,1280,16,1,1,[20; 5; 2; 1; 1280; 16; 1; 1],0.49829806783236563,0.2935707034186752,tvm
4,4,20,1,64,32,2,0,[4; 4; 20; 1; 64; 32; 2; 0],0.6334416070021689,0.2309379628187471,tvm
128,128,30,2,320,64,4,1,[128; 128; 30; 2; 320; 64; 4; 1],0.33950668387115,0.4308772735126264,tvm
8,1,12,1,160,160,10,0,[8; 1; 12; 1; 160; 160; 10; 0],0.534018276957795,0.27393390937680523,tvm
320,2,750,30,1280,16,1,1,[320; 2; 750; 30; 1280; 16; 1; 1],0.6366115889977664,0.2297880164513115,tvm
80,20,60,3,256,64,4,0,[80; 20; 60; 3; 256; 64; 4; 0],0.23051907890476286,0.634592654893225,tvm
8,1,300,1,64,32,2,0,[8; 1; 300; 1; 64; 32; 2; 0],0.5538753110449761,0.2641130799091269,tvm
10,10,20,1,320,80,5,1,[10; 10; 20; 1; 320; 80; 5; 1],0.3703912110067904,0.3949492048909131,tvm
64,4,15,5,64,32,2,1,[64; 4; 15; 5; 64; 32; 2; 1],0.2432771739549935,0.6013129464944266,tvm
128,32,3,3,256,64,4,1,[128; 32; 3; 3; 256; 64; 4; 1],0.19160561705939472,0.7634729948463256,tvm
5,5,100,20,80,16,1,1,[5; 5; 100; 20; 80; 16; 1; 1],0.654873990919441,0.22337994227000774,tvm
64,16,6,3,80,80,5,1,[64; 16; 6; 3; 80; 80; 5; 1],0.23201917088590562,0.6304897725785324,tvm
20,2,250,1,640,80,5,1,[20; 2; 250; 1; 640; 80; 5; 1],0.364922191016376,0.40086823407006694,tvm
16,8,1,1,64,16,1,1,[16; 8; 1; 1; 64; 16; 1; 1],0.713402901077643,0.20505343343115073,tvm
4,4,1500,10,256,16,1,0,[4; 4; 1500; 10; 256; 16; 1; 0],1.133218543138355,0.12908870506176867,tvm
20,5,60,1,1280,32,2,0,[20; 5; 60; 1; 1280; 32; 2; 0],0.4444278599694371,0.3291551395895258,tvm
1,1,125,5,256,32,2,1,[1; 1; 125; 5; 256; 32; 2; 1],2.3572872809600085,0.06205680379615811,tvm
32,1,125,25,80,16,1,1,[32; 1; 125; 25; 80; 16; 1; 1],0.5144240770023316,0.2843679384879399,tvm
40,8,10,10,640,32,2,1,[40; 8; 10; 10; 640; 32; 2; 1],0.2168805729597807,0.6744989294769255,tvm
16,1,300,1,640,128,8,0,[16; 1; 300; 1; 640; 128; 8; 0],0.3684215669054538,0.3970606702382732,tvm
32,2,5,5,64,64,4,0,[32; 2; 5; 5; 64; 64; 4; 0],0.2703815340064466,0.5410344120698215,tvm
4,4,12,1,1280,16,1,1,[4; 4; 12; 1; 1280; 16; 1; 1],0.5209037528838962,0.2808306015762566,tvm
20,20,100,4,80,16,1,1,[20; 20; 100; 4; 80; 16; 1; 1],0.3377009348478168,0.43318125355986115,tvm
80,8,375,25,128,16,1,1,[80; 8; 375; 25; 128; 16; 1; 1],0.6026728320866823,0.24272823744056551,tvm
16,2,1500,10,256,32,2,0,[16; 2; 1500; 10; 256; 32; 2; 0],0.37768225790932775,0.3873248245641285,tvm
80,2,100,2,640,64,4,1,[80; 2; 100; 2; 640; 64; 4; 1],0.2777835379820317,0.526617651097729,tvm
320,1,300,12,32,16,1,1,[320; 1; 300; 12; 32; 16; 1; 1],0.35091133299283683,0.41687372430545133,tvm
80,4,375,15,160,16,1,1,[80; 4; 375; 15; 160; 16; 1; 1],0.4454817839432508,0.328376422018525,tvm
512,512,50,10,64,16,1,0,[512; 512; 50; 10; 64; 16; 1; 0],0.29764024913311005,0.49148498804102503,tvm
80,80,100,4,64,32,2,0,[80; 80; 100; 4; 64; 32; 2; 0],0.2719003311358392,0.5380122696968366,tvm
160,8,100,10,256,16,1,1,[160; 8; 100; 10; 256; 16; 1; 1],0.28136412519961596,0.5199160133934302,tvm
5,5,100,4,640,16,1,1,[5; 5; 100; 4; 640; 16; 1; 1],0.6638172829989344,0.2203704513760741,tvm
40,5,250,5,160,32,2,1,[40; 5; 250; 5; 160; 32; 2; 1],0.2591531060170382,0.5644760216614831,tvm
128,8,2,2,64,64,4,1,[128; 8; 2; 2; 64; 64; 4; 1],0.2700938358902931,0.541610710231583,tvm
80,10,30,15,80,16,1,0,[80; 10; 30; 15; 80; 16; 1; 0],0.3946568928658962,0.37066555007673957,tvm
1,1,1,1,1280,16,1,0,[1; 1; 1; 1; 1280; 16; 1; 0],1.8784294940996915,0.07787660635930722,tvm
10,1,250,1,64,32,2,0,[10; 1; 250; 1; 64; 32; 2; 0],0.4976556929759681,0.2939496450064291,tvm
5,5,75,5,32,32,2,0,[5; 5; 75; 5; 32; 32; 2; 0],0.6676546148955822,0.21910387649846866,tvm
64,16,2,2,128,128,8,0,[64; 16; 2; 2; 128; 128; 8; 0],0.3187490878626704,0.45893688752684336,tvm
20,1,250,10,320,32,2,1,[20; 1; 250; 10; 320; 32; 2; 1],0.3278352569323033,0.4462171508170694,tvm
16,16,5,1,320,64,4,1,[16; 16; 5; 1; 320; 64; 4; 1],0.437800798099488,0.33413761446015366,tvm
128,2,60,20,1280,16,1,1,[128; 2; 60; 20; 1280; 16; 1; 1],0.4008110559079796,0.36497424941117235,tvm
160,8,6,6,160,32,2,0,[160; 8; 6; 6; 160; 32; 2; 0],0.19036393892019987,0.7684528651565512,tvm
256,4,15,5,160,32,2,0,[256; 4; 15; 5; 160; 32; 2; 0],0.1949314270168543,0.7504470496338492,tvm
128,64,150,6,256,64,4,0,[128; 64; 150; 6; 256; 64; 4; 0],0.22417845693416893,0.652541356053101,tvm
80,80,75,3,128,64,4,1,[80; 80; 75; 3; 128; 64; 4; 1],0.23963622911833227,0.6104490745156839,tvm
80,20,50,10,128,32,2,0,[80; 20; 50; 10; 128; 32; 2; 0],0.2219707660842687,0.6590314430422725,tvm
32,32,5,5,160,32,2,1,[32; 32; 5; 5; 160; 32; 2; 1],0.3533989971037954,0.4139392456814169,tvm
64,32,50,5,1280,32,2,1,[64; 32; 50; 5; 1280; 32; 2; 1],0.2120187459513545,0.6899659444230372,tvm
80,8,100,5,1280,32,2,1,[80; 8; 100; 5; 1280; 32; 2; 1],0.21052457415498793,0.694862891293721,tvm
80,20,100,4,256,64,4,1,[80; 20; 100; 4; 256; 64; 4; 1],0.1986234588548541,0.7364976681461071,tvm
128,4,6,6,128,64,4,0,[128; 4; 6; 6; 128; 64; 4; 0],0.1913512060418725,0.7644880704525231,tvm
80,2,20,5,640,80,5,1,[80; 2; 20; 5; 640; 80; 5; 1],0.1822623321786523,0.8026107892788623,tvm
40,20,20,10,320,32,2,0,[40; 20; 20; 10; 320; 32; 2; 0],0.2562451639678329,0.5708818540047761,tvm
40,8,30,5,640,64,4,1,[40; 8; 30; 5; 640; 64; 4; 1],0.2084889500401914,0.7016473259494764,tvm
160,160,60,4,128,32,2,1,[160; 160; 60; 4; 128; 32; 2; 1],0.2783507101703435,0.5255446059260678,tvm
40,20,25,5,256,32,2,1,[40; 20; 25; 5; 256; 32; 2; 1],0.24859798001125455,0.5884428919297399,tvm
64,64,20,5,128,32,2,0,[64; 64; 20; 5; 128; 32; 2; 0],0.2812276319600642,0.5201683535367807,tvm
80,8,100,5,1280,80,5,1,[80; 8; 100; 5; 1280; 80; 5; 1],0.189720710972324,0.7710582230901195,tvm
128,128,60,3,64,64,4,1,[128; 128; 60; 3; 64; 64; 4; 1],0.2612350119743496,0.559977443988549,tvm
160,32,50,10,32,32,2,1,[160; 32; 50; 10; 32; 32; 2; 1],0.25061469292268157,0.5837076532892892,tvm
128,128,60,3,128,64,4,1,[128; 128; 60; 3; 128; 64; 4; 1],0.27211377606727183,0.5375902550760592,tvm
80,40,30,3,80,80,5,0,[80; 40; 30; 3; 80; 80; 5; 0],0.26597406109794974,0.549999927368263,tvm
40,40,4,4,320,64,4,0,[40; 40; 4; 4; 320; 64; 4; 0],0.2961090710014105,0.4940264538029552,tvm
256,16,50,5,128,32,2,1,[256; 16; 50; 5; 128; 32; 2; 1],0.1872376229148358,0.7812837612889996,tvm
160,16,60,6,128,32,2,1,[160; 16; 60; 6; 128; 32; 2; 1],0.18722580699250102,0.7813330685313777,tvm
256,32,60,4,640,32,2,0,[256; 32; 60; 4; 640; 32; 2; 0],0.21009654900990427,0.6962785203997719,tvm
80,20,60,4,640,64,4,0,[80; 20; 60; 4; 640; 64; 4; 0],0.20233247987926006,0.7229966952068638,tvm
160,20,25,5,64,32,2,0,[160; 20; 25; 5; 64; 32; 2; 0],0.22315119090490043,0.6555452995456178,tvm
64,64,20,4,1280,64,4,0,[64; 64; 20; 4; 1280; 64; 4; 0],0.2729298430494964,0.5359828469149307,tvm
40,20,15,5,1280,32,2,1,[40; 20; 15; 5; 1280; 32; 2; 1],0.21920974389649928,0.667332170940283,tvm
128,32,60,10,640,32,2,0,[128; 32; 60; 10; 640; 32; 2; 0],0.22111686109565198,0.6615764784325208,tvm
128,64,50,10,1280,32,2,0,[128; 64; 50; 10; 1280; 32; 2; 0],0.25271028000861406,0.5788672873961752,tvm
128,64,20,4,32,32,2,0,[128; 64; 20; 4; 32; 32; 2; 0],0.32098730001598597,0.45573676677684416,tvm
80,5,10,5,160,80,5,1,[80; 5; 10; 5; 160; 80; 5; 1],0.18905521812848747,0.7737724233895212,tvm
80,8,25,5,128,64,4,0,[80; 8; 25; 5; 128; 64; 4; 0],0.20851501799188554,0.7015596080058227,tvm
256,64,20,4,128,32,2,0,[256; 64; 20; 4; 128; 32; 2; 0],0.23700655112043023,0.6172222396138834,tvm
64,16,5,5,64,64,4,1,[64; 16; 5; 5; 64; 64; 4; 1],0.22953035007230937,0.6373262369862183,tvm
128,16,60,4,320,64,4,1,[128; 16; 60; 4; 320; 64; 4; 1],0.18019719887524843,0.8118090358717992,tvm
80,10,75,5,1280,64,4,1,[80; 10; 75; 5; 1280; 64; 4; 1],0.1869578768964857,0.7824528001390889,tvm
80,16,50,10,256,32,2,1,[80; 16; 50; 10; 256; 32; 2; 1],0.20278064697049558,0.7213987945654338,tvm
160,20,12,4,32,32,2,0,[160; 20; 12; 4; 32; 32; 2; 0],0.26531201996840537,0.551372358866872,tvm
64,8,4,4,320,64,4,0,[64; 8; 4; 4; 320; 64; 4; 0],0.2150086727924645,0.6803712258942944,tvm
160,10,60,5,640,32,2,1,[160; 10; 60; 5; 640; 32; 2; 1],0.19708822900429368,0.7422346581770105,tvm
80,80,30,3,256,64,4,0,[80; 80; 30; 3; 256; 64; 4; 0],0.2592544909566641,0.5642552757559244,tvm
160,8,12,4,32,32,2,1,[160; 8; 12; 4; 32; 32; 2; 1],0.24348746798932552,0.6007936075466827,tvm
128,32,60,5,256,64,4,1,[128; 32; 60; 5; 256; 64; 4; 1],0.17896569496951997,0.8173952796407632,tvm
80,8,12,3,80,80,5,1,[80; 8; 12; 3; 80; 80; 5; 1],0.22225584904663265,0.6581861170952641,tvm
80,20,10,10,32,32,2,1,[80; 20; 10; 10; 32; 32; 2; 1],0.2710745711810887,0.5396511876725965,tvm
80,80,4,4,64,64,4,1,[80; 80; 4; 4; 64; 64; 4; 1],0.22460142197087407,0.651312502841965,tvm
256,128,30,6,320,32,2,1,[256; 128; 30; 6; 320; 32; 2; 1],0.23113282001577318,0.6329075822106585,tvm
80,80,15,3,1280,80,5,0,[80; 80; 15; 3; 1280; 80; 5; 0],0.322154477937147,0.4540856151447162,tvm
80,20,6,6,32,32,2,1,[80; 20; 6; 6; 32; 32; 2; 1],0.2368831040803343,0.6175438930254153,tvm
160,160,5,5,128,32,2,0,[160; 160; 5; 5; 128; 32; 2; 0],0.29239507019519806,0.5003015754952927,tvm
160,40,30,5,256,32,2,1,[160; 40; 30; 5; 256; 32; 2; 1],0.1894674082286656,0.7720890661530774,tvm
160,40,5,5,128,32,2,1,[160; 40; 5; 5; 128; 32; 2; 1],0.18772002798505127,0.7792760093630685,tvm
80,80,12,3,160,80,5,0,[80; 80; 12; 3; 160; 80; 5; 0],0.28625750401988626,0.5110284000644114,tvm
160,80,4,4,320,32,2,0,[160; 80; 4; 4; 320; 32; 2; 0],0.23779118107631803,0.6151856163192383,tvm
80,80,4,4,320,80,5,0,[80; 80; 4; 4; 320; 80; 5; 0],0.2607031019870192,0.5611199604866922,tvm
80,8,6,3,1280,80,5,0,[80; 8; 6; 3; 1280; 80; 5; 0],0.19571172003634274,0.7474550540895033,tvm
256,16,12,4,320,32,2,1,[256; 16; 12; 4; 320; 32; 2; 1],0.1939406138844788,0.7542809696005692,tvm
128,64,15,5,640,64,4,0,[128; 64; 15; 5; 640; 64; 4; 0],0.20711714704521,0.7062945602170868,tvm
80,8,6,6,160,32,2,0,[80; 8; 6; 6; 160; 32; 2; 0],0.22219878900796175,0.6583551374821968,tvm
80,40,5,5,160,32,2,1,[80; 40; 5; 5; 160; 32; 2; 1],0.20125290099531412,0.7268750590040953,tvm
80,40,5,5,1280,64,4,1,[80; 40; 5; 5; 1280; 64; 4; 1],0.18509801221080124,0.7903148852788053,tvm
160,10,4,4,256,32,2,1,[160; 10; 4; 4; 256; 32; 2; 1],0.1963281179778278,0.7451083206646691,tvm
256,8,12,6,160,32,2,1,[256; 8; 12; 6; 160; 32; 2; 1],0.17762494506314397,0.8235651486547181,tvm
128,16,10,2,320,64,4,1,[128; 16; 10; 2; 320; 64; 4; 1],0.2496422128751874,0.5859814836637911,tvm
80,20,75,3,1280,80,5,1,[80; 20; 75; 3; 1280; 80; 5; 1],0.2027957660611719,0.7213450119150331,tvm
80,1,750,5,320,64,4,0,[80; 1; 750; 5; 320; 64; 4; 0],0.22996740299277008,0.6361149988301315,tvm
80,20,250,10,128,32,2,1,[80; 20; 250; 10; 128; 32; 2; 1],0.2358406139537692,0.6202736324049345,tvm
80,1,30,10,160,32,2,1,[80; 1; 30; 10; 160; 32; 2; 1],0.21994869597256184,0.6650901640442695,tvm
128,2,300,6,640,32,2,0,[128; 2; 300; 6; 640; 32; 2; 0],0.2315969888586551,0.6316391029375311,tvm
80,40,375,5,640,32,2,0,[80; 40; 375; 5; 640; 32; 2; 0],0.2832277601119131,0.5164949729077113,tvm
80,40,300,4,1280,32,2,1,[80; 40; 300; 4; 1280; 32; 2; 1],0.2770150920841843,0.5280784999297381,tvm
160,4,100,10,256,32,2,0,[160; 4; 100; 10; 256; 32; 2; 0],0.1980153159238398,0.7387595934345723,tvm
160,4,750,6,1280,32,2,0,[160; 4; 750; 6; 1280; 32; 2; 0],0.23843025090172887,0.6135367208333277,tvm
128,1,5,5,128,32,2,0,[128; 1; 5; 5; 128; 32; 2; 0],0.23365365620702505,0.626079286155489,tvm
160,4,300,6,256,32,2,0,[160; 4; 300; 6; 256; 32; 2; 0],0.23835019394755363,0.6137427952666272,tvm
128,2,150,5,160,32,2,0,[128; 2; 150; 5; 160; 32; 2; 0],0.21942949993535876,0.6666638456944407,tvm
256,1,10,10,160,32,2,0,[256; 1; 10; 10; 160; 32; 2; 0],0.19394725002348423,0.7542551609677435,tvm
160,2,125,5,320,32,2,0,[160; 2; 125; 5; 320; 32; 2; 0],0.2144266958348453,0.6822178260788282,tvm
80,10,100,10,640,32,2,0,[80; 10; 100; 10; 640; 32; 2; 0],0.21096694911830127,0.6934058386732582,tvm
80,20,750,6,320,64,4,0,[80; 20; 750; 6; 320; 64; 4; 0],0.21059637004509568,0.694626000696924,tvm
80,2,4,4,1280,32,2,1,[80; 2; 4; 4; 1280; 32; 2; 1],0.2086163549683988,0.7012188201058045,tvm
80,4,300,5,320,80,5,0,[80; 4; 300; 5; 320; 80; 5; 0],0.21238904492929578,0.6887629930932302,tvm
256,16,300,10,128,32,2,0,[256; 16; 300; 10; 128; 32; 2; 0],0.21751371305435896,0.6725355943381646,tvm
160,32,5,5,128,32,2,0,[160; 32; 5; 5; 128; 32; 2; 0],0.19865845399908721,0.7363679286781646,tvm
128,32,375,5,640,32,2,0,[128; 32; 375; 5; 640; 32; 2; 0],0.24338877806439996,0.6010372189263694,tvm
128,1,15,5,256,32,2,0,[128; 1; 15; 5; 256; 32; 2; 0],0.2277289479970932,0.6423676724997717,tvm
80,40,30,5,320,80,5,0,[80; 40; 30; 5; 320; 80; 5; 0],0.371863448061049,0.39338556948382436,tvm
80,5,60,4,256,64,4,1,[80; 5; 60; 4; 256; 64; 4; 1],0.1962060071527958,0.7455720464857838,tvm
128,4,500,4,1280,64,4,1,[128; 4; 500; 4; 1280; 64; 4; 1],0.20519119896925986,0.7129239217888175,tvm
80,20,30,5,128,32,2,1,[80; 20; 30; 5; 128; 32; 2; 1],0.21663790987804532,0.6752544573942055,tvm
256,1,250,5,320,32,2,1,[256; 1; 250; 5; 320; 32; 2; 1],0.2356035760603845,0.620897682165154,tvm
80,5,75,5,640,64,4,0,[80; 5; 75; 5; 640; 64; 4; 0],0.1947055128403008,0.7513177832088357,tvm
256,2,300,6,256,32,2,1,[256; 2; 300; 6; 256; 32; 2; 1],0.21934129088185728,0.6669319474576606,tvm
256,32,25,5,256,32,2,0,[256; 32; 25; 5; 256; 32; 2; 0],0.1839816439896822,0.7951103768478016,tvm
80,40,15,5,1280,64,4,0,[80; 40; 15; 5; 1280; 64; 4; 0],0.18640306312590837,0.7847817081573585,tvm
80,2,5,5,1280,80,5,0,[80; 2; 5; 5; 1280; 80; 5; 0],0.17758555198088288,0.8237478367691871,tvm
128,1,300,6,256,64,4,1,[128; 1; 300; 6; 256; 64; 4; 1],0.20522505999542773,0.7128062931933041,tvm
128,4,15,5,640,32,2,0,[128; 4; 15; 5; 640; 32; 2; 0],0.19812349416315556,0.7383562202130727,tvm
80,10,300,4,1280,80,5,1,[80; 10; 300; 4; 1280; 80; 5; 1],0.20666060294024646,0.7078548702773848,tvm
256,2,150,5,320,32,2,1,[256; 2; 150; 5; 320; 32; 2; 1],0.20333371497690678,0.7194365887739198,tvm
160,8,150,5,1280,32,2,0,[160; 8; 150; 5; 1280; 32; 2; 0],0.2058742658700794,0.7105585230260419,tvm
128,32,100,4,1280,32,2,1,[128; 32; 100; 4; 1280; 32; 2; 1],0.2168703251518309,0.6745308016820636,tvm
80,8,60,6,640,64,4,0,[80; 8; 60; 6; 640; 64; 4; 0],0.19896223885007203,0.7352436076875265,tvm
80,5,300,5,1280,64,4,1,[80; 5; 300; 5; 1280; 64; 4; 1],0.20587239507585764,0.7105649799809853,tvm
160,32,750,10,640,32,2,1,[160; 32; 750; 10; 640; 32; 2; 1],0.26637955592013896,0.5491626929867358,tvm
80,16,125,5,160,32,2,1,[80; 16; 125; 5; 160; 32; 2; 1],0.21767733502201736,0.6720300681323481,tvm
128,2,30,6,640,32,2,1,[128; 2; 30; 6; 640; 32; 2; 1],0.19313440890982747,0.7574295803189252,tvm
128,16,75,5,1280,32,2,0,[128; 16; 75; 5; 1280; 32; 2; 0],0.20308896689675748,0.7203036015249428,tvm
128,1,10,5,256,32,2,1,[128; 1; 10; 5; 256; 32; 2; 1],0.21955466200597584,0.6662837989827458,tvm
256,16,100,10,128,32,2,1,[256; 16; 100; 10; 128; 32; 2; 1],0.18562625697813928,0.7880658516049375,tvm
128,4,60,5,320,32,2,1,[128; 4; 60; 5; 320; 32; 2; 1],0.19796692696399987,0.7389401680833094,tvm
80,16,30,6,128,64,4,1,[80; 16; 30; 6; 128; 64; 4; 1],0.19036458083428442,0.7684502739144446,tvm
80,40,125,5,1280,80,5,1,[80; 40; 125; 5; 1280; 80; 5; 1],0.25087425485253334,0.5831037320736744,tvm
256,16,15,5,256,32,2,0,[256; 16; 15; 5; 256; 32; 2; 0],0.18339549098163843,0.797651640739414,tvm
160,40,30,6,640,32,2,1,[160; 40; 30; 6; 640; 32; 2; 1],0.1872042219620198,0.7814231578355797,tvm
160,5,6,6,640,32,2,1,[160; 5; 6; 6; 640; 32; 2; 1],0.17326391185633838,0.8442941909738652,tvm
160,32,12,4,640,32,2,1,[160; 32; 12; 4; 640; 32; 2; 1],0.20412300084717572,0.7166547311110547,tvm
80,16,4,4,256,64,4,1,[80; 16; 4; 4; 256; 64; 4; 1],0.19002886000089347,0.7698078822607602,tvm
256,8,750,6,160,32,2,1,[256; 8; 750; 6; 160; 32; 2; 1],0.2117999428883195,0.6906787239449335,tvm
160,8,12,6,128,32,2,1,[160; 8; 12; 6; 128; 32; 2; 1],0.18884049518965185,0.774652248919386,tvm
160,20,12,6,320,32,2,1,[160; 20; 12; 6; 320; 32; 2; 1],0.17790154996328056,0.8222846530337039,tvm
80,16,300,5,1280,64,4,1,[80; 16; 300; 5; 1280; 64; 4; 1],0.2029233518987894,0.7208914741299767,tvm
160,8,30,10,320,32,2,1,[160; 8; 30; 10; 320; 32; 2; 1],0.18527248594909906,0.7895706344972571,tvm
80,10,60,6,320,64,4,1,[80; 10; 60; 6; 320; 64; 4; 1],0.18094095308333635,0.8084721108898945,tvm
160,16,100,5,320,32,2,1,[160; 16; 100; 5; 320; 32; 2; 1],0.19654244207777083,0.7442958006384687,tvm
256,8,30,6,256,32,2,1,[256; 8; 30; 6; 256; 32; 2; 1],0.17799430689774454,0.8218561415548733,tvm
128,32,6,6,1280,64,4,1,[128; 32; 6; 6; 1280; 64; 4; 1],0.1793765309266746,0.8155231541717843,tvm
256,32,150,10,1280,32,2,1,[256; 32; 150; 10; 1280; 32; 2; 1],0.21988093783147633,0.6652951171139367,tvm
80,40,15,5,640,80,5,0,[80; 40; 15; 5; 640; 80; 5; 0],0.36537211714312434,0.4003745973544307,tvm
80,1,30,3,160,80,5,0,[80; 1; 30; 3; 160; 80; 5; 0],0.2596954880282283,0.5632970961351988,tvm
80,2,150,6,128,32,2,1,[80; 2; 150; 6; 128; 32; 2; 1],0.2149688599165529,0.6804972326805837,tvm
128,4,150,10,256,32,2,0,[128; 4; 150; 10; 256; 32; 2; 0],0.2009839010424912,0.7278479197932732,tvm
256,8,300,5,128,32,2,1,[256; 8; 300; 5; 128; 32; 2; 1],0.21782053913921118,0.6715882481230189,tvm
64,32,10,5,160,80,5,1,[64; 32; 10; 5; 160; 80; 5; 1],0.36338479397818446,0.402564214876026,tvm
128,2,300,4,320,64,4,0,[128; 2; 300; 4; 320; 64; 4; 0],0.21635892800986767,0.6761251575393391,tvm
128,16,125,5,160,32,2,0,[128; 16; 125; 5; 160; 32; 2; 0],0.2126697509083897,0.6878538845363523,tvm
80,10,750,6,256,64,4,0,[80; 10; 750; 6; 256; 64; 4; 0],0.2036620310973376,0.7182768113306253,tvm
128,8,300,5,640,64,4,0,[128; 8; 300; 5; 640; 64; 4; 0],0.19939861982129514,0.7336345377757296,tvm
64,8,50,5,160,80,5,1,[64; 8; 50; 5; 160; 80; 5; 1],0.18922657892107964,0.7730717065213413,tvm
80,10,750,6,1280,64,4,1,[80; 10; 750; 6; 1280; 64; 4; 1],0.19688804307952523,0.7429893252919777,tvm
64,16,30,5,256,64,4,1,[64; 16; 30; 5; 256; 64; 4; 1],0.19397543580271304,0.754145563227384,tvm
80,10,500,5,160,80,5,1,[80; 10; 500; 5; 160; 80; 5; 1],0.19239641982130706,0.7603349086307364,tvm
160,8,150,5,160,32,2,0,[160; 8; 150; 5; 160; 32; 2; 0],0.2096599058713764,0.6977286080413423,tvm
80,20,60,3,160,80,5,1,[80; 20; 60; 3; 160; 80; 5; 1],0.20714791701175272,0.7061896464902162,tvm
80,4,125,5,256,64,4,0,[80; 4; 125; 5; 256; 64; 4; 0],0.20533650694414973,0.7124194156351511,tvm
80,16,125,5,256,64,4,0,[80; 16; 125; 5; 256; 64; 4; 0],0.2056315268855542,0.7113973061491234,tvm
80,2,125,5,640,64,4,1,[80; 2; 125; 5; 640; 64; 4; 1],0.19465408194810152,0.7515162940416367,tvm
80,2,6,3,256,64,4,1,[80; 2; 6; 3; 256; 64; 4; 1],0.21105860685929656,0.6931047089836829,tvm
80,5,150,5,1280,80,5,0,[80; 5; 150; 5; 1280; 80; 5; 0],0.19141647312790155,0.7642274037092326,tvm
128,32,50,10,640,32,2,0,[128; 32; 50; 10; 640; 32; 2; 0],0.21440163697116077,0.6822975624266863,tvm
128,2,50,10,256,32,2,0,[128; 2; 50; 10; 256; 32; 2; 0],0.20196476904675364,0.72431303229847,tvm
80,16,150,5,320,80,5,1,[80; 16; 150; 5; 320; 80; 5; 1],0.19366719108074903,0.755345876962303,tvm
80,8,4,4,256,32,2,0,[80; 8; 4; 4; 256; 32; 2; 0],0.2228103259112686,0.6565481814517463,tvm
80,8,15,3,1280,64,4,1,[80; 8; 15; 3; 1280; 64; 4; 1],0.199130181921646,0.7346235155014069,tvm
80,8,25,5,256,32,2,0,[80; 8; 25; 5; 256; 32; 2; 0],0.22242908482439816,0.6576734980553599,tvm
80,1,10,10,256,32,2,1,[80; 1; 10; 10; 256; 32; 2; 1],0.2120453210081905,0.6898794728890237,tvm
80,4,20,4,128,64,4,0,[80; 4; 20; 4; 128; 64; 4; 0],0.2207433939911425,0.6626957737706258,tvm
80,1,60,6,160,32,2,1,[80; 1; 60; 6; 160; 32; 2; 1],0.22674135421402752,0.6451655666995404,tvm
128,1,75,5,128,64,4,0,[128; 1; 75; 5; 128; 64; 4; 0],0.20238227699883282,0.7228187984393414,tvm
128,32,15,5,128,64,4,0,[128; 32; 15; 5; 128; 64; 4; 0],0.19754038285464048,0.7405357434857166,tvm
80,2,20,4,640,32,2,1,[80; 2; 20; 4; 640; 32; 2; 1],0.22628361103124917,0.6464706552058365,tvm
80,10,15,5,256,32,2,1,[80; 10; 15; 5; 256; 32; 2; 1],0.21116964891552925,0.6927402448077686,tvm
128,2,30,10,1280,32,2,0,[128; 2; 30; 10; 1280; 32; 2; 0],0.19501617806963623,0.750120916806598,tvm
128,32,75,5,320,64,4,0,[128; 32; 75; 5; 320; 64; 4; 0],0.18958413996733725,0.7716136714332609,tvm
80,1,75,5,320,80,5,0,[80; 1; 75; 5; 320; 80; 5; 0],0.20619217213243246,0.7094629867508179,tvm
80,1,75,5,320,64,4,0,[80; 1; 75; 5; 320; 64; 4; 0],0.21194502408616245,0.6902059386222932,tvm
160,40,5,5,256,32,2,1,[160; 40; 5; 5; 256; 32; 2; 1],0.18127445201389492,0.8069847276355375,tvm
80,1,5,5,320,80,5,0,[80; 1; 5; 5; 320; 80; 5; 0],0.20350402011536062,0.7188345183686745,tvm
160,8,100,5,128,32,2,1,[160; 8; 100; 5; 128; 32; 2; 1],0.19909155601635575,0.7347660403723835,tvm
80,1,4,4,256,64,4,1,[80; 1; 4; 4; 256; 64; 4; 1],0.2006639470346272,0.7290084564142993,tvm
80,10,10,5,256,64,4,0,[80; 10; 10; 5; 256; 64; 4; 0],0.19747221912257373,0.7407913626316861,tvm
160,4,50,10,128,32,2,0,[160; 4; 50; 10; 128; 32; 2; 0],0.20200399705208838,0.7241723749059942,tvm
160,1,25,5,320,32,2,0,[160; 1; 25; 5; 320; 32; 2; 0],0.22493159701116383,0.6503564471578167,tvm
160,5,20,4,320,32,2,0,[160; 5; 20; 4; 320; 32; 2; 0],0.21148732001893222,0.6916996927882905,tvm
80,20,12,4,1280,80,5,1,[80; 20; 12; 4; 1280; 80; 5; 1],0.17623860714957118,0.8300435225385304,tvm
80,8,100,5,640,80,5,1,[80; 8; 100; 5; 640; 80; 5; 1],0.18963398016057909,0.7714108735251026,tvm
160,2,15,5,256,32,2,0,[160; 2; 15; 5; 256; 32; 2; 0],0.205189926084131,0.7129283443756148,tvm
256,4,60,10,160,32,2,0,[256; 4; 60; 10; 160; 32; 2; 0],0.1880967121105641,0.777715424391506,tvm
256,8,60,10,160,32,2,0,[256; 8; 60; 10; 160; 32; 2; 0],0.18779729306697845,0.7789553933215697,tvm
160,1,5,5,320,32,2,1,[160; 1; 5; 5; 320; 32; 2; 1],0.22601338382810354,0.6472435915431148,tvm
256,16,30,10,160,32,2,0,[256; 16; 30; 10; 160; 32; 2; 0],0.1855091000907123,0.7885635487109898,tvm
128,32,30,5,256,64,4,1,[128; 32; 30; 5; 256; 64; 4; 1],0.17524236114695668,0.8347622876585211,tvm
80,20,30,6,640,64,4,1,[80; 20; 30; 6; 640; 64; 4; 1],0.177740742219612,0.823028600302385,tvm
256,4,20,5,320,32,2,0,[256; 4; 20; 5; 320; 32; 2; 0],0.18863327708095312,0.7755032227051587,tvm
160,1,60,6,320,32,2,1,[160; 1; 60; 6; 320; 32; 2; 1],0.20322562893852592,0.719819222849912,tvm
80,4,60,5,1280,64,4,1,[80; 4; 60; 5; 1280; 64; 4; 1],0.1870410309638828,0.7821049399260515,tvm
80,10,20,5,320,64,4,1,[80; 10; 20; 5; 320; 64; 4; 1],0.18605759390629828,0.7862388802006449,tvm
160,8,30,10,1280,32,2,1,[160; 8; 30; 10; 1280; 32; 2; 1],0.20537360198795795,0.7122907368313661,tvm
160,16,30,10,320,32,2,1,[160; 16; 30; 10; 320; 32; 2; 1],0.18481605895794928,0.7915205805735653,tvm
256,2,30,6,256,32,2,1,[256; 2; 30; 6; 256; 32; 2; 1],0.18368970416486263,0.796374053465849,tvm
160,8,12,6,160,32,2,1,[160; 8; 12; 6; 160; 32; 2; 1],0.1860634780023247,0.7862140160783546,tvm
80,16,250,5,320,32,2,1,[80; 16; 250; 5; 320; 32; 2; 1],0.2291842200793326,0.6382887715178523,tvm
64,2,60,4,160,80,5,1,[64; 2; 60; 4; 160; 80; 5; 1],0.20059198094531894,0.7292700017035654,tvm
64,8,60,10,1280,32,2,0,[64; 8; 60; 10; 1280; 32; 2; 0],0.21499370993115008,0.6804185775135517,tvm
80,8,500,4,320,32,2,1,[80; 8; 500; 4; 320; 32; 2; 1],0.2873776820488274,0.5090364472383049,tvm
256,4,300,10,128,32,2,1,[256; 4; 300; 10; 128; 32; 2; 1],0.21990018500946462,0.6652368859053851,tvm
64,8,60,6,256,32,2,1,[64; 8; 60; 6; 256; 32; 2; 1],0.2102853290271014,0.6956534484003928,tvm
80,10,60,12,160,32,2,1,[80; 10; 60; 12; 160; 32; 2; 1],0.22198880813084543,0.658977880540221,tvm
256,16,300,4,320,32,2,0,[256; 16; 300; 4; 320; 32; 2; 0],0.25365373888053,0.5767142046923044,tvm
128,4,375,3,1280,64,4,0,[128; 4; 375; 3; 1280; 64; 4; 0],0.2387438139412552,0.6127309096339939,tvm
80,16,6,3,160,80,5,0,[80; 16; 6; 3; 160; 80; 5; 0],0.24252541502937675,0.6031768434165752,tvm
64,2,10,5,640,80,5,0,[64; 2; 10; 5; 640; 80; 5; 0],0.1936959328595549,0.7552337941539702,tvm
128,1,150,3,256,64,4,1,[128; 1; 150; 3; 256; 64; 4; 1],0.2227411710191518,0.6567520212647904,tvm
64,8,30,10,1280,32,2,1,[64; 8; 30; 10; 1280; 32; 2; 1],0.197074675001204,0.7422857060899406,tvm
64,4,30,5,320,80,5,0,[64; 4; 30; 5; 320; 80; 5; 0],0.2047850440721959,0.71433788023183,tvm
80,40,60,10,1280,32,2,1,[80; 40; 60; 10; 1280; 32; 2; 1],0.23808266990818083,0.6144324336673936,tvm
80,20,150,10,128,32,2,0,[80; 20; 150; 10; 128; 32; 2; 0],0.22409134707413614,0.6527950150494592,tvm
64,32,15,5,256,64,4,1,[64; 32; 15; 5; 256; 64; 4; 1],0.2063872169237584,0.7087925137328335,tvm
64,32,15,5,1280,64,4,1,[64; 32; 15; 5; 1280; 64; 4; 1],0.18111442704685032,0.8076977448509577,tvm
64,16,15,5,256,64,4,1,[64; 16; 15; 5; 256; 64; 4; 1],0.19897816004231572,0.7351847773373943,tvm
128,32,3,3,640,64,4,0,[128; 32; 3; 3; 640; 64; 4; 0],0.18574971286579967,0.787542074917783,tvm
80,1,30,5,640,32,2,1,[80; 1; 30; 5; 640; 32; 2; 1],0.2221995280124247,0.6583529478853549,tvm
128,32,6,3,640,64,4,0,[128; 32; 6; 3; 640; 64; 4; 0],0.1873962681274861,0.7806223450842457,tvm
128,1,4,4,128,64,4,0,[128; 1; 4; 4; 128; 64; 4; 0],0.2228517800103873,0.6564260526835182,tvm
160,2,100,4,256,32,2,0,[160; 2; 100; 4; 256; 32; 2; 0],0.22490962292067707,0.6504199881981373,tvm
80,16,4,4,128,32,2,1,[80; 16; 4; 4; 128; 32; 2; 1],0.21343773696571589,0.6853788667615601,tvm
80,4,20,4,320,32,2,1,[80; 4; 20; 4; 320; 32; 2; 1],0.22646140400320292,0.645963116450719,tvm
160,1,4,4,1280,32,2,1,[160; 1; 4; 4; 1280; 32; 2; 1],0.20366940321400762,0.7182508122341928,tvm
160,4,150,5,320,32,2,1,[160; 4; 150; 5; 320; 32; 2; 1],0.20834870310500264,0.7021196297631375,tvm
80,2,12,6,160,32,2,0,[80; 2; 12; 6; 160; 32; 2; 0],0.2357417750172317,0.6205336931692376,tvm
160,20,100,4,160,32,2,0,[160; 20; 100; 4; 160; 32; 2; 0],0.22091998206451535,0.6621660608454804,tvm
80,10,60,10,256,32,2,0,[80; 10; 60; 10; 256; 32; 2; 0],0.2115562402177602,0.6914743528015941,tvm
128,8,3,3,640,64,4,1,[128; 8; 3; 3; 640; 64; 4; 1],0.18388902000151575,0.7955108700046828,tvm
80,16,250,5,128,64,4,0,[80; 16; 250; 5; 128; 64; 4; 0],0.2184024970047176,0.6697987261682016,tvm
160,40,50,10,320,32,2,1,[160; 40; 50; 10; 320; 32; 2; 1],0.2175944170448929,0.6722861563839362,tvm
80,10,100,5,320,32,2,1,[80; 10; 100; 5; 320; 32; 2; 1],0.21422853018157184,0.6828488911431553,tvm
256,2,150,10,256,32,2,0,[256; 2; 150; 10; 256; 32; 2; 0],0.1936574219726026,0.7553839806171222,tvm
80,5,300,5,640,80,5,0,[80; 5; 300; 5; 640; 80; 5; 0],0.20593148795887828,0.7103610804527648,tvm
128,16,1500,6,256,64,4,1,[128; 16; 1500; 6; 256; 64; 4; 1],0.18800808489322662,0.7780820402951966,tvm
80,16,750,6,320,64,4,1,[80; 16; 750; 6; 320; 64; 4; 1],0.21276820194907486,0.6875356042193144,tvm
80,8,60,4,256,64,4,0,[80; 8; 60; 4; 256; 64; 4; 0],0.21177424397319555,0.6907625381688521,tvm
160,1,6,6,160,32,2,1,[160; 1; 6; 6; 160; 32; 2; 1],0.19713361910544336,0.7420637583256086,tvm
80,10,300,6,128,64,4,1,[80; 10; 300; 6; 128; 64; 4; 1],0.18692744500003755,0.7825801839087081,tvm
128,16,20,5,1280,32,2,0,[128; 16; 20; 5; 1280; 32; 2; 0],0.1875141658820212,0.7801315361835292,tvm
128,8,100,4,640,64,4,0,[128; 8; 100; 4; 640; 64; 4; 0],0.1924504830967635,0.7601213150094422,tvm
80,20,20,5,256,64,4,0,[80; 20; 20; 5; 256; 64; 4; 0],0.1958098649047315,0.7470804106671924,tvm
160,2,5,5,256,32,2,0,[160; 2; 5; 5; 256; 32; 2; 0],0.19761350098997355,0.7402617409887217,tvm
80,1,60,5,1280,80,5,1,[80; 1; 60; 5; 1280; 80; 5; 1],0.1937204620335251,0.7551381653240028,tvm
128,4,150,6,1280,64,4,1,[128; 4; 150; 6; 1280; 64; 4; 1],0.18097120593301952,0.8083369590842926,tvm
128,4,50,5,160,32,2,1,[128; 4; 50; 5; 160; 32; 2; 1],0.20553608890622854,0.7117276341307343,tvm
160,2,60,5,128,32,2,1,[160; 2; 60; 5; 128; 32; 2; 1],0.2089172308333218,0.7002089473530494,tvm
160,2,50,5,1280,32,2,1,[160; 2; 50; 5; 1280; 32; 2; 1],0.21251865895465016,0.6883429201241598,tvm
80,16,150,5,256,64,4,1,[80; 16; 150; 5; 256; 64; 4; 1],0.19858255493454635,0.7366493715116652,tvm
80,5,5,5,256,64,4,0,[80; 5; 5; 5; 256; 64; 4; 0],0.19953384599648416,0.7331373459733337,tvm
160,2,20,5,256,32,2,1,[160; 2; 20; 5; 256; 32; 2; 1],0.2027310119010508,0.7215754161830633,tvm
160,8,60,10,320,32,2,0,[160; 8; 60; 10; 320; 32; 2; 0],0.1918995901942253,0.762303422001348,tvm
160,5,60,10,160,32,2,0,[160; 5; 60; 10; 160; 32; 2; 0],0.19891875493340194,0.7354043329634292,tvm
128,16,60,6,1280,32,2,1,[128; 16; 60; 6; 1280; 32; 2; 1],0.19640152109786868,0.7448298438219263,tvm
256,32,60,5,1280,32,2,1,[256; 32; 60; 5; 1280; 32; 2; 1],0.19926278200000525,0.7341346578495047,tvm
256,32,25,5,256,32,2,0,[256; 32; 25; 5; 256; 32; 2; 0],0.18497964297421277,0.7908206110339794,tvm
80,2,50,5,320,80,5,1,[80; 2; 50; 5; 320; 80; 5; 1],0.1893028630875051,0.7727601785826865,tvm
160,32,5,5,320,32,2,1,[160; 32; 5; 5; 320; 32; 2; 1],0.17847717483527958,0.8196326192451473,tvm
80,16,6,6,128,64,4,1,[80; 16; 6; 6; 128; 64; 4; 1],0.1825117499101907,0.801513953801318,tvm
160,8,6,6,640,32,2,1,[160; 8; 6; 6; 640; 32; 2; 1],0.1724013660568744,0.8485183014005546,tvm
160,20,6,6,160,32,2,1,[160; 20; 6; 6; 160; 32; 2; 1],0.178562275134027,0.8192419937297155,tvm
64,2,12,3,1280,80,5,0,[64; 2; 12; 3; 1280; 80; 5; 0],0.20552889397367835,0.7117525495196252,tvm
40,10,4,4,640,64,4,1,[40; 10; 4; 4; 640; 64; 4; 1],0.20676417602226138,0.7075002889763862,tvm
64,8,150,10,1280,32,2,1,[64; 8; 150; 10; 1280; 32; 2; 1],0.21569637791253626,0.6782019971843587,tvm
80,4,750,5,320,64,4,0,[80; 4; 750; 5; 320; 64; 4; 0],0.21304401103407145,0.6866455131767083,tvm
80,10,30,3,640,80,5,0,[80; 10; 30; 3; 640; 80; 5; 0],0.20590831595472991,0.710441021322694,tvm
64,32,375,5,1280,80,5,1,[64; 32; 375; 5; 1280; 80; 5; 1],0.2763712969608605,0.5293086362236494,tvm
128,1,1500,6,1280,64,4,0,[128; 1; 1500; 6; 1280; 64; 4; 0],0.1980289970524609,0.7387085551262019,tvm
160,1,100,5,256,32,2,0,[160; 1; 100; 5; 256; 32; 2; 0],0.22438498097471893,0.6519407566863669,tvm
80,10,100,10,1280,32,2,1,[80; 10; 100; 10; 1280; 32; 2; 1],0.21030484093353152,0.6955889062579831,tvm
80,16,20,5,640,32,2,1,[80; 16; 20; 5; 640; 32; 2; 1],0.19961458607576787,0.7328408066842796,tvm
80,2,50,10,1280,32,2,0,[80; 2; 50; 10; 1280; 32; 2; 0],0.21574150398373604,0.6780601394933367,tvm
80,10,500,4,160,80,5,1,[80; 10; 500; 4; 160; 80; 5; 1],0.19961251318454742,0.7328484169249901,tvm
80,8,375,5,320,64,4,0,[80; 8; 375; 5; 320; 64; 4; 0],0.2227605350781232,0.6566949313279894,tvm
128,2,100,5,128,32,2,1,[128; 2; 100; 5; 128; 32; 2; 1],0.20932465000078082,0.6988460952170163,tvm
80,8,250,5,256,64,4,0,[80; 8; 250; 5; 256; 64; 4; 0],0.21376603795215487,0.6843262647664171,tvm
64,4,750,5,320,64,4,1,[64; 4; 750; 5; 320; 64; 4; 1],0.21522493683733046,0.6796875698296929,tvm
128,1,60,4,1280,64,4,0,[128; 1; 60; 4; 1280; 64; 4; 0],0.19758148002438247,0.7403817112194016,tvm
128,1,5,5,256,64,4,0,[128; 1; 5; 5; 256; 64; 4; 0],0.19303882797248662,0.7578046127930494,tvm
64,8,10,5,320,80,5,0,[64; 8; 10; 5; 320; 80; 5; 0],0.20633427193388343,0.7089743885717117,tvm
256,1,75,5,1280,32,2,0,[256; 1; 75; 5; 1280; 32; 2; 0],0.23845914704725146,0.6134623733126383,tvm
256,1,60,5,640,32,2,0,[256; 1; 60; 5; 640; 32; 2; 0],0.21777160605415702,0.6717391534015454,tvm
160,1,60,10,256,32,2,1,[160; 1; 60; 10; 256; 32; 2; 1],0.19868096988648176,0.7362844784243605,tvm
160,10,150,10,256,32,2,0,[160; 10; 150; 10; 256; 32; 2; 0],0.19534064107574522,0.7488749575107138,tvm
80,5,1500,5,1280,64,4,1,[80; 5; 1500; 5; 1280; 64; 4; 1],0.20489551010541618,0.7139527567512443,tvm
160,5,150,10,640,32,2,1,[160; 5; 150; 10; 640; 32; 2; 1],0.1980051938444376,0.7387973590260637,tvm
64,4,6,6,320,64,4,0,[64; 4; 6; 6; 320; 64; 4; 0],0.20337908109650016,0.7192761098979695,tvm
256,16,125,5,640,32,2,1,[256; 16; 125; 5; 640; 32; 2; 1],0.1921169098932296,0.761441116073612,tvm
160,32,60,4,640,32,2,1,[160; 32; 60; 4; 640; 32; 2; 1],0.20869463798590004,0.7009557873528008,tvm
80,1,30,5,640,64,4,0,[80; 1; 30; 5; 640; 64; 4; 0],0.19578319392167032,0.7471821832891379,tvm
160,2,30,5,320,32,2,0,[160; 2; 30; 5; 320; 32; 2; 0],0.20518918498419225,0.7129309193220107,tvm
256,1,60,10,128,32,2,1,[256; 1; 60; 10; 128; 32; 2; 1],0.19685377017594874,0.7431186822328244,tvm
256,1,60,6,128,32,2,0,[256; 1; 60; 6; 128; 32; 2; 0],0.20501244394108653,0.7135455364248608,tvm
80,8,100,5,256,64,4,0,[80; 8; 100; 5; 256; 64; 4; 0],0.20275219110772014,0.7215000414372549,tvm
160,4,12,4,640,32,2,1,[160; 4; 12; 4; 640; 32; 2; 1],0.20303294504992664,0.720502351230447,tvm
64,16,12,4,640,64,4,1,[64; 16; 12; 4; 640; 64; 4; 1],0.19304689881391823,0.7577729307463366,tvm
128,16,6,3,640,64,4,0,[128; 16; 6; 3; 640; 64; 4; 0],0.18772877007722855,0.7792397202918591,tvm
128,8,25,5,160,32,2,0,[128; 8; 25; 5; 160; 32; 2; 0],0.21179290697909892,0.6907016687775607,tvm
128,4,30,5,128,64,4,0,[128; 4; 30; 5; 128; 64; 4; 0],0.18949710810557008,0.7719680566534955,tvm
128,4,125,5,640,64,4,0,[128; 4; 125; 5; 640; 64; 4; 0],0.185805750079453,0.7873045598597492,tvm
80,10,30,6,256,64,4,0,[80; 10; 30; 6; 256; 64; 4; 0],0.19322450808249414,0.7570763964541182,tvm
160,5,60,5,256,32,2,1,[160; 5; 60; 5; 256; 32; 2; 1],0.19458124181255698,0.7517976189433179,tvm
80,1,25,5,320,64,4,1,[80; 1; 25; 5; 320; 64; 4; 1],0.19894027686677873,0.7353247748000029,tvm
160,32,30,5,128,32,2,0,[160; 32; 30; 5; 128; 32; 2; 0],0.20452131796628237,0.7152590044908235,tvm
128,8,125,5,1280,64,4,0,[128; 8; 125; 5; 1280; 64; 4; 0],0.18634834000840783,0.7850121674231928,tvm
80,16,125,5,128,64,4,1,[80; 16; 125; 5; 128; 64; 4; 1],0.1909386480692774,0.7661398871570417,tvm
256,2,60,6,1280,32,2,1,[256; 2; 60; 6; 1280; 32; 2; 1],0.2087860421743244,0.7006489167679806,tvm
160,2,10,10,320,32,2,0,[160; 2; 10; 10; 320; 32; 2; 0],0.18894991092383862,0.7742036689537193,tvm
256,16,75,5,320,32,2,1,[256; 16; 75; 5; 320; 32; 2; 1],0.1878927620127797,0.7785596034602149,tvm
128,8,12,6,160,32,2,0,[128; 8; 12; 6; 160; 32; 2; 0],0.20500683598220348,0.7135650554521669,tvm
64,4,75,5,1280,80,5,1,[64; 4; 75; 5; 1280; 80; 5; 1],0.19561727507971227,0.7478159289669288,tvm
160,10,30,5,160,32,2,0,[160; 10; 30; 5; 160; 32; 2; 0],0.20267760893329978,0.7217655421120358,tvm
160,16,50,10,128,32,2,1,[160; 16; 50; 10; 128; 32; 2; 1],0.19341802992857993,0.7563189137007065,tvm
128,16,4,4,256,64,4,1,[128; 16; 4; 4; 256; 64; 4; 1],0.1791158199775964,0.8167101839692973,tvm
160,10,60,6,128,32,2,1,[160; 10; 60; 6; 128; 32; 2; 1],0.19001511484384537,0.76986356799001,tvm
160,32,20,5,128,32,2,1,[160; 32; 20; 5; 128; 32; 2; 1],0.19585201307199895,0.7469196358575945,tvm
160,20,15,5,128,32,2,1,[160; 20; 15; 5; 128; 32; 2; 1],0.1953875059261918,0.7486953354170668,tvm
80,4,150,5,1280,80,5,1,[80; 4; 150; 5; 1280; 80; 5; 1],0.19358880701474845,0.7556517163441665,tvm
128,8,5,5,320,32,2,1,[128; 8; 5; 5; 320; 32; 2; 1],0.1863366779871285,0.7850612980007039,tvm
80,16,12,4,640,64,4,1,[80; 16; 12; 4; 640; 64; 4; 1],0.1861664350144565,0.7857792102768401,tvm
160,10,30,6,640,32,2,0,[160; 10; 30; 6; 640; 32; 2; 0],0.1850280319340527,0.7906137937945161,tvm
80,8,75,5,640,80,5,1,[80; 8; 75; 5; 640; 80; 5; 1],0.19008600595407188,0.7695764533085065,tvm
160,5,20,10,160,32,2,1,[160; 5; 20; 10; 160; 32; 2; 1],0.1938244600314647,0.7547329901601008,tvm
128,16,12,6,320,32,2,1,[128; 16; 12; 6; 320; 32; 2; 1],0.18349279393441975,0.7972286603145666,tvm
160,10,6,6,640,32,2,0,[160; 10; 6; 6; 640; 32; 2; 0],0.1738525398541242,0.8414355890829055,tvm
80,10,750,3,1280,80,5,1,[80; 10; 750; 3; 1280; 80; 5; 1],0.23157492582686245,0.6316992816186203,tvm
64,4,100,10,320,32,2,0,[64; 4; 100; 10; 320; 32; 2; 0],0.22057640203274786,0.6631974814059938,tvm
128,4,6,2,256,64,4,0,[128; 4; 6; 2; 256; 64; 4; 0],0.25642323307693005,0.5704854140179522,tvm
80,16,12,2,1280,64,4,1,[80; 16; 12; 2; 1280; 64; 4; 1],0.24869222100824118,0.5882199036730894,tvm
64,8,20,4,320,32,2,1,[64; 8; 20; 4; 320; 32; 2; 1],0.2320694071240723,0.6303532899858054,tvm
80,16,15,3,320,80,5,0,[80; 16; 15; 3; 320; 80; 5; 0],0.22309173014946282,0.6557200223769323,tvm
64,2,60,10,320,32,2,0,[64; 2; 60; 10; 320; 32; 2; 0],0.21926504210568964,0.6671638710889536,tvm
40,2,50,5,320,64,4,0,[40; 2; 50; 5; 320; 64; 4; 0],0.23797771497629583,0.6147034158231385,tvm
64,2,50,5,1280,32,2,0,[64; 2; 50; 5; 1280; 32; 2; 0],0.23240382689982653,0.6294462369105829,tvm
128,1,60,5,320,32,2,1,[128; 1; 60; 5; 320; 32; 2; 1],0.23405935103073716,0.6249941035959882,tvm
128,1,30,5,320,32,2,1,[128; 1; 30; 5; 320; 32; 2; 1],0.2131887360010296,0.6861793780934458,tvm
128,1,10,5,256,32,2,1,[128; 1; 10; 5; 256; 32; 2; 1],0.21831636084243655,0.6700629935439961,tvm
80,2,15,5,1280,32,2,0,[80; 2; 15; 5; 1280; 32; 2; 0],0.20427265902981162,0.7161296816739694,tvm
80,8,60,10,128,32,2,1,[80; 8; 60; 10; 128; 32; 2; 1],0.21430625300854445,0.6826012411307563,tvm
80,2,375,5,128,64,4,0,[80; 2; 375; 5; 128; 64; 4; 0],0.22143440111540258,0.6606277685348274,tvm
128,16,500,5,320,64,4,0,[128; 16; 500; 5; 320; 64; 4; 0],0.20816587703302503,0.7027362811365401,tvm
64,8,100,5,1280,32,2,1,[64; 8; 100; 5; 1280; 32; 2; 1],0.2166067089419812,0.6753517238697228,tvm
80,10,1500,4,256,64,4,0,[80; 10; 1500; 4; 256; 64; 4; 0],0.22334459703415632,0.654977627523905,tvm
128,32,750,5,256,64,4,0,[128; 32; 750; 5; 256; 64; 4; 0],0.19593340414576232,0.7466093641535814,tvm
128,8,150,3,128,64,4,0,[128; 8; 150; 3; 128; 64; 4; 0],0.23021328798495233,0.6354355804834173,tvm
40,10,15,5,640,64,4,0,[40; 10; 15; 5; 640; 64; 4; 0],0.22096996707841754,0.6620162740658807,tvm
40,10,25,5,320,64,4,1,[40; 10; 25; 5; 320; 64; 4; 1],0.22289951401762664,0.6562854788196002,tvm
64,1,150,5,160,80,5,0,[64; 1; 150; 5; 160; 80; 5; 0],0.22314164601266384,0.655573340520273,tvm
160,5,100,4,160,32,2,0,[160; 5; 100; 4; 160; 32; 2; 0],0.2294942568987608,0.6374264709824388,tvm
80,8,60,3,1280,64,4,0,[80; 8; 60; 3; 1280; 64; 4; 0],0.21289152093231678,0.687137344151071,tvm
128,8,150,3,256,64,4,0,[128; 8; 150; 3; 256; 64; 4; 0],0.21638716501183808,0.6760369279652576,tvm
80,2,500,5,256,64,4,1,[80; 2; 500; 5; 256; 64; 4; 1],0.2153773179743439,0.6792066855579476,tvm
80,10,75,3,640,64,4,1,[80; 10; 75; 3; 640; 64; 4; 1],0.2150875951629132,0.6801215763973442,tvm
160,2,50,5,256,32,2,0,[160; 2; 50; 5; 256; 32; 2; 0],0.20925789792090654,0.6990690231486798,tvm
128,2,60,5,320,32,2,1,[128; 2; 60; 5; 320; 32; 2; 1],0.20200321613810956,0.7241751744472166,tvm
128,4,30,3,320,64,4,0,[128; 4; 30; 3; 320; 64; 4; 0],0.20285937120206654,0.7211188392179344,tvm
128,8,750,5,256,64,4,1,[128; 8; 750; 5; 256; 64; 4; 1],0.19580116006545722,0.747113624029655,tvm
80,8,300,5,256,64,4,1,[80; 8; 300; 5; 256; 64; 4; 1],0.21209806902334094,0.6897079023836651,tvm
80,2,10,5,160,80,5,0,[80; 2; 10; 5; 160; 80; 5; 0],0.2163360088597983,0.6761967878427406,tvm
160,32,125,5,256,32,2,0,[160; 32; 125; 5; 256; 32; 2; 0],0.2058447441086173,0.7106604296319767,tvm
80,4,5,5,128,64,4,0,[80; 4; 5; 5; 128; 64; 4; 0],0.21634296304546297,0.6761750519935948,tvm
80,5,25,5,128,64,4,0,[80; 5; 25; 5; 128; 64; 4; 0],0.2079377758782357,0.7035071605814249,tvm
128,4,125,5,256,32,2,0,[128; 4; 125; 5; 256; 32; 2; 0],0.21522437501698732,0.6796893440818131,tvm
128,1,6,6,640,32,2,0,[128; 1; 6; 6; 640; 32; 2; 0],0.1959678390994668,0.7464781719181202,tvm
80,8,100,4,128,64,4,1,[80; 8; 100; 4; 128; 64; 4; 1],0.20022037392482162,0.7306235195657032,tvm
64,2,15,5,256,64,4,1,[64; 2; 15; 5; 256; 64; 4; 1],0.19808326894417405,0.738506159886437,tvm
64,16,125,5,640,64,4,1,[64; 16; 125; 5; 640; 64; 4; 1],0.21035719197243452,0.6954157968836348,tvm
80,5,60,4,1280,80,5,0,[80; 5; 60; 4; 1280; 80; 5; 0],0.1930050509981811,0.7579372328815006,tvm
80,1,50,5,640,80,5,0,[80; 1; 50; 5; 640; 80; 5; 0],0.2000289091374725,0.7313228618628196,tvm
128,2,30,6,256,32,2,0,[128; 2; 30; 6; 256; 32; 2; 0],0.2022774820216,0.7231932730411056,tvm
80,10,20,4,640,64,4,0,[80; 10; 20; 4; 640; 64; 4; 0],0.19237067899666727,0.760436647875265,tvm
160,4,60,10,1280,32,2,0,[160; 4; 60; 10; 1280; 32; 2; 0],0.21499937307089567,0.6804006551101748,tvm
160,2,30,6,160,32,2,0,[160; 2; 30; 6; 160; 32; 2; 0],0.2077598439063877,0.7041096659257582,tvm
80,1,30,6,1280,64,4,0,[80; 1; 30; 6; 1280; 64; 4; 0],0.18262075097300112,0.8010355532233101,tvm
160,16,75,5,1280,32,2,1,[160; 16; 75; 5; 1280; 32; 2; 1],0.19811955001205206,0.7383709193606356,tvm
128,32,10,5,128,64,4,0,[128; 32; 10; 5; 128; 64; 4; 0],0.20087632001377642,0.7282377249627123,tvm
160,2,10,10,128,32,2,1,[160; 2; 10; 10; 128; 32; 2; 1],0.19460148992948234,0.751719395050489,tvm
64,8,30,5,1280,80,5,1,[64; 8; 30; 5; 1280; 80; 5; 1],0.19310761103406549,0.757534690126266,tvm
160,16,20,5,160,32,2,1,[160; 16; 20; 5; 160; 32; 2; 1],0.1923961010761559,0.7603361682875799,tvm
80,10,5,5,128,64,4,1,[80; 10; 5; 5; 128; 64; 4; 1],0.183563981205225,0.7969194900069557,tvm
128,4,150,6,320,64,4,0,[128; 4; 150; 6; 320; 64; 4; 0],0.18416715902276337,0.7943094472540195,tvm
256,16,75,5,256,32,2,0,[256; 16; 75; 5; 256; 32; 2; 0],0.1910628448240459,0.7656418725494856,tvm
160,32,5,5,160,32,2,0,[160; 32; 5; 5; 160; 32; 2; 0],0.19454437284730375,0.7519400954379325,tvm
80,2,12,6,320,64,4,1,[80; 2; 12; 6; 320; 64; 4; 1],0.18408323195762932,0.7946715881182761,tvm
160,10,10,5,1280,32,2,0,[160; 10; 10; 5; 1280; 32; 2; 0],0.1801299850922078,0.8121119546578058,tvm
256,8,20,10,320,32,2,0,[256; 8; 20; 10; 320; 32; 2; 0],0.18219885602593422,0.8028904103815666,tvm
256,16,30,6,160,32,2,0,[256; 16; 30; 6; 160; 32; 2; 0],0.1840541900601238,0.7947969792914146,tvm
80,16,6,6,320,64,4,1,[80; 16; 6; 6; 320; 64; 4; 1],0.1804126009810716,0.8108397833090506,tvm
128,32,6,6,640,32,2,0,[128; 32; 6; 6; 640; 32; 2; 0],0.17795989592559636,0.8220150586448713,tvm
80,4,100,4,320,32,2,0,[80; 4; 100; 4; 320; 32; 2; 0],0.24348029890097678,0.6008112974479655,tvm
80,2,300,4,1280,64,4,0,[80; 2; 300; 4; 1280; 64; 4; 0],0.22302753990516067,0.655908747179475,tvm
64,4,300,4,320,80,5,1,[64; 4; 300; 4; 320; 80; 5; 1],0.21381334704346955,0.6841748483361683,tvm
40,10,150,6,128,64,4,1,[40; 10; 150; 6; 128; 64; 4; 1],0.20992204593494534,0.6968573197454836,tvm
80,4,60,12,640,32,2,0,[80; 4; 60; 12; 640; 32; 2; 0],0.21809409908019006,0.6707458610878194,tvm
64,1,500,5,160,80,5,0,[64; 1; 500; 5; 160; 80; 5; 0],0.24417010508477688,0.5991139424497659,tvm
40,20,75,5,1280,64,4,1,[40; 20; 75; 5; 1280; 64; 4; 1],0.21687722811475396,0.6745093321107538,tvm
64,16,6,3,320,64,4,0,[64; 16; 6; 3; 320; 64; 4; 0],0.2322324519045651,0.6299107342062158,tvm
80,8,125,5,160,32,2,1,[80; 8; 125; 5; 160; 32; 2; 1],0.22314266697503626,0.6555703410234842,tvm
80,5,30,5,128,32,2,1,[80; 5; 30; 5; 128; 32; 2; 1],0.22110043303109705,0.6616256344696516,tvm
80,1,100,10,320,32,2,0,[80; 1; 100; 10; 320; 32; 2; 0],0.22339274012483656,0.6548364741126625,tvm
64,2,750,5,1280,64,4,1,[64; 2; 750; 5; 1280; 64; 4; 1],0.21850802702829242,0.6694752420549439,tvm
80,2,10,10,128,32,2,0,[80; 2; 10; 10; 128; 32; 2; 0],0.2358351608272642,0.6202879747556398,tvm
64,32,20,5,320,64,4,0,[64; 32; 20; 5; 320; 64; 4; 0],0.210036609089002,0.6964772232812348,tvm
80,8,60,10,128,32,2,1,[80; 8; 60; 10; 128; 32; 2; 1],0.21465420606546104,0.6814947490062363,tvm
80,4,60,4,1280,32,2,0,[80; 4; 60; 4; 1280; 32; 2; 0],0.2347548499237746,0.6231424583271169,tvm
40,2,150,6,1280,64,4,1,[40; 2; 150; 6; 1280; 64; 4; 1],0.21573037398047745,0.6780951221034477,tvm
64,16,750,5,640,80,5,1,[64; 16; 750; 5; 640; 80; 5; 1],0.21653573587536812,0.6755730812484099,tvm
40,1,60,5,640,80,5,0,[40; 1; 60; 5; 640; 80; 5; 0],0.2384130780119449,0.6135809138724561,tvm
80,2,1500,4,128,64,4,1,[80; 2; 1500; 4; 128; 64; 4; 1],0.21530697494745255,0.6794285894426623,tvm
80,16,150,3,1280,80,5,1,[80; 16; 150; 3; 1280; 80; 5; 1],0.20724055217579007,0.7058739843620406,tvm
64,4,10,10,1280,32,2,0,[64; 4; 10; 10; 1280; 32; 2; 0],0.19498966401442885,0.750222915789472,tvm
80,1,20,10,256,32,2,0,[80; 1; 20; 10; 256; 32; 2; 0],0.22467464301735163,0.6511002413139103,tvm
80,10,5,5,128,32,2,0,[80; 10; 5; 5; 128; 32; 2; 0],0.2361342879012227,0.6195022145488124,tvm
80,4,15,3,320,64,4,1,[80; 4; 15; 3; 320; 64; 4; 1],0.21462364797480404,0.6815917801513077,tvm
80,20,100,4,160,80,5,0,[80; 20; 100; 4; 160; 80; 5; 0],0.21301514189690351,0.6867385716481819,tvm
128,4,250,5,320,64,4,0,[128; 4; 250; 5; 320; 64; 4; 0],0.19393923413008451,0.7542863358302907,tvm
64,32,30,5,256,64,4,1,[64; 32; 30; 5; 256; 64; 4; 1],0.19791848794557154,0.7391210179715172,tvm
80,2,30,10,256,32,2,1,[80; 2; 30; 10; 256; 32; 2; 1],0.20915065007284284,0.6994274903509313,tvm
80,8,375,5,320,64,4,1,[80; 8; 375; 5; 320; 64; 4; 1],0.21042910893447697,0.6951781292352689,tvm
80,10,20,4,128,64,4,0,[80; 10; 20; 4; 128; 64; 4; 0],0.21729773399420083,0.6732040486423956,tvm
128,1,6,3,320,64,4,1,[128; 1; 6; 3; 320; 64; 4; 1],0.21384591213427484,0.6840706601576785,tvm
64,2,30,3,640,64,4,1,[64; 2; 30; 3; 640; 64; 4; 1],0.21069883182644844,0.6942882075692242,tvm
64,4,1500,6,256,64,4,1,[64; 4; 1500; 6; 256; 64; 4; 1],0.2172068350482732,0.6734857779830132,tvm
128,1,60,3,1280,64,4,1,[128; 1; 60; 3; 1280; 64; 4; 1],0.21606507617980242,0.677044698162974,tvm
64,1,100,5,320,80,5,0,[64; 1; 100; 5; 320; 80; 5; 0],0.2150775429327041,0.6801533637172238,tvm
64,8,6,3,1280,64,4,0,[64; 8; 6; 3; 1280; 64; 4; 0],0.20301945181563497,0.7205502378095207,tvm
256,2,100,5,160,32,2,1,[256; 2; 100; 5; 160; 32; 2; 1],0.19967858400195837,0.7326059277557757,tvm
64,2,125,5,640,64,4,1,[64; 2; 125; 5; 640; 64; 4; 1],0.1985439071431756,0.7367927648377723,tvm
80,8,6,3,1280,80,5,0,[80; 8; 6; 3; 1280; 80; 5; 0],0.19404813810251653,0.7538630141786307,tvm
64,4,20,4,640,64,4,1,[64; 4; 20; 4; 640; 64; 4; 1],0.1960940391290933,0.7459977617647571,tvm
64,1,60,5,320,80,5,1,[64; 1; 60; 5; 320; 80; 5; 1],0.19787629693746567,0.7392786126978341,tvm
160,5,60,12,160,32,2,0,[160; 5; 60; 12; 160; 32; 2; 0],0.20750675396993756,0.704968447951855,tvm
80,1,25,5,160,80,5,1,[80; 1; 25; 5; 160; 80; 5; 1],0.197628955822438,0.7402038515911928,tvm
160,4,50,5,320,32,2,1,[160; 4; 50; 5; 320; 32; 2; 1],0.1972124178428203,0.7417672572845035,tvm
160,8,150,6,640,32,2,1,[160; 8; 150; 6; 640; 32; 2; 1],0.1958519290201366,0.7469199564058104,tvm
256,2,20,5,1280,32,2,0,[256; 2; 20; 5; 1280; 32; 2; 0],0.2473541870713234,0.5914018113771954,tvm
128,2,50,5,256,64,4,0,[128; 2; 50; 5; 256; 64; 4; 0],0.1831559280399233,0.7986949472573323,tvm
128,1,15,5,640,64,4,0,[128; 1; 15; 5; 640; 64; 4; 0],0.17996704811230302,0.8128472174218755,tvm
160,20,50,10,128,32,2,0,[160; 20; 50; 10; 128; 32; 2; 0],0.19935569702647626,0.7337924948605117,tvm
256,1,6,6,160,32,2,1,[256; 1; 6; 6; 160; 32; 2; 1],0.19037836999632418,0.7683946148322353,tvm
128,2,10,10,256,32,2,0,[128; 2; 10; 10; 256; 32; 2; 0],0.19766298588365316,0.7400764165923298,tvm
128,8,12,12,128,32,2,1,[128; 8; 12; 12; 128; 32; 2; 1],0.20747081586159766,0.7050905626326764,tvm
256,32,50,5,640,32,2,0,[256; 32; 50; 5; 640; 32; 2; 0],0.19602185394614935,0.7462724759551634,tvm
80,5,15,5,640,64,4,0,[80; 5; 15; 5; 640; 64; 4; 0],0.18661705707199872,0.7838817982713971,tvm
256,8,75,5,320,32,2,1,[256; 8; 75; 5; 320; 32; 2; 1],0.19151535001583397,0.7638328430260017,tvm
160,32,25,5,320,32,2,0,[160; 32; 25; 5; 320; 32; 2; 0],0.19395551807247102,0.7542230081386753,tvm
256,8,30,5,160,32,2,1,[256; 8; 30; 5; 160; 32; 2; 1],0.18781811906956136,0.7788690197218677,tvm
160,32,30,6,256,32,2,0,[160; 32; 30; 6; 256; 32; 2; 0],0.19251937209628522,0.7598493216181488,tvm
80,10,4,4,640,80,5,1,[80; 10; 4; 4; 640; 80; 5; 1],0.1799360099248588,0.8129874300691848,tvm
256,32,20,5,1280,32,2,1,[256; 32; 20; 5; 1280; 32; 2; 1],0.23371672490611672,0.6259103380148631,tvm
256,32,25,5,256,32,2,1,[256; 32; 25; 5; 256; 32; 2; 1],0.18055832106620073,0.8101853928519829,tvm
160,8,12,6,1280,32,2,0,[160; 8; 12; 6; 1280; 32; 2; 0],0.18493091315031052,0.7910289945241027,tvm
256,32,10,10,640,32,2,0,[256; 32; 10; 10; 640; 32; 2; 0],0.2181399438995868,0.6706048955117174,tvm
40,2,20,4,640,32,2,1,[40; 2; 20; 4; 640; 32; 2; 1],0.25253348401747644,0.579272546192689,tvm
80,20,125,5,320,32,2,0,[80; 20; 125; 5; 320; 32; 2; 0],0.22383288899436593,0.6535487923287111,tvm
64,4,15,5,320,32,2,0,[64; 4; 15; 5; 320; 32; 2; 0],0.23530647694133222,0.6216816306428614,tvm
80,5,6,3,128,64,4,0,[80; 5; 6; 3; 128; 64; 4; 0],0.24590085912495852,0.594897125639471,tvm
80,1,150,6,128,32,2,1,[80; 1; 150; 6; 128; 32; 2; 1],0.22969148610718548,0.6368791319389614,tvm
128,4,1500,6,64,64,4,1,[128; 4; 1500; 6; 64; 64; 4; 1],0.17717594699934125,0.8256522217784912,tvm
40,20,100,4,128,64,4,1,[40; 20; 100; 4; 128; 64; 4; 1],0.2175364438444376,0.6724653198354416,tvm
80,1,30,3,256,64,4,0,[80; 1; 30; 3; 256; 64; 4; 0],0.2447302599903196,0.597742650588042,tvm
80,40,10,10,1280,32,2,1,[80; 40; 10; 10; 1280; 32; 2; 1],0.20758256106637418,0.7047110004531627,tvm
40,2,60,3,640,64,4,1,[40; 2; 60; 3; 640; 64; 4; 1],0.24794189305976033,0.5899999894348459,tvm
128,1,150,5,160,32,2,0,[128; 1; 150; 5; 160; 32; 2; 0],0.23410736117511988,0.6248659313890085,tvm
40,1,10,10,1280,32,2,1,[40; 1; 10; 10; 1280; 32; 2; 1],0.21446419693529606,0.6820985338165734,tvm
64,16,300,5,640,64,4,1,[64; 16; 300; 5; 640; 64; 4; 1],0.21923838602378964,0.6672449881556817,tvm
80,5,150,6,256,32,2,1,[80; 5; 150; 6; 256; 32; 2; 1],0.2138625991065055,0.6840172844474909,tvm
128,2,300,3,320,64,4,0,[128; 2; 300; 3; 320; 64; 4; 0],0.23360047000460327,0.6262218320144288,tvm
64,4,5,5,256,32,2,1,[64; 4; 5; 5; 256; 32; 2; 1],0.21026071393862367,0.6957348881085601,tvm
80,16,75,3,256,64,4,1,[80; 16; 75; 3; 256; 64; 4; 1],0.2100144401192665,0.6965507429043408,tvm
160,1,20,4,1280,32,2,0,[160; 1; 20; 4; 1280; 32; 2; 0],0.23312673694454134,0.6274943672398859,tvm
80,8,100,10,320,32,2,1,[80; 8; 100; 10; 320; 32; 2; 1],0.20401554415002465,0.717032199164892,tvm
128,32,750,3,640,64,4,0,[128; 32; 750; 3; 640; 64; 4; 0],0.24064591294154525,0.6078877987063434,tvm
40,8,50,5,256,64,4,1,[40; 8; 50; 5; 256; 64; 4; 1],0.2168233608826995,0.6746769060777277,tvm
64,2,12,3,256,64,4,1,[64; 2; 12; 3; 256; 64; 4; 1],0.22909869393333793,0.63852705475606,tvm
80,4,150,3,1280,80,5,1,[80; 4; 150; 3; 1280; 80; 5; 1],0.20867782994173467,0.7010122461334729,tvm
80,10,6,3,160,80,5,1,[80; 10; 6; 3; 160; 80; 5; 1],0.20862857205793262,0.7011777574027264,tvm
40,10,15,5,1280,64,4,0,[40; 10; 15; 5; 1280; 64; 4; 0],0.2018374118488282,0.7247700658948159,tvm
64,4,75,3,640,64,4,1,[64; 4; 75; 3; 640; 64; 4; 1],0.22490148502402008,0.6504435231723374,tvm
80,5,12,4,160,80,5,0,[80; 5; 12; 4; 160; 80; 5; 0],0.22663364000618458,0.6454722003393774,tvm
80,10,375,5,320,64,4,0,[80; 10; 375; 5; 320; 64; 4; 0],0.21328028105199337,0.6858848533214977,tvm
80,20,75,3,640,80,5,1,[80; 20; 75; 3; 640; 80; 5; 1],0.20918154693208635,0.6993241824203927,tvm
40,8,5,5,640,80,5,1,[40; 8; 5; 5; 640; 80; 5; 1],0.20041702594608068,0.7299066214318057,tvm
160,32,100,4,128,32,2,1,[160; 32; 100; 4; 128; 32; 2; 1],0.21332099614664912,0.6857539432506169,tvm
160,32,60,4,128,32,2,0,[160; 32; 60; 4; 128; 32; 2; 0],0.22604413493536413,0.647155540344118,tvm
80,2,250,5,1280,80,5,1,[80; 2; 250; 5; 1280; 80; 5; 1],0.1981069790199399,0.7384177731113164,tvm
80,10,300,5,256,64,4,0,[80; 10; 300; 5; 256; 64; 4; 0],0.21038072486408055,0.695338008651811,tvm
160,10,100,4,640,32,2,0,[160; 10; 100; 4; 640; 32; 2; 0],0.21800664602778852,0.6710149298249732,tvm
80,4,100,4,320,64,4,0,[80; 4; 100; 4; 320; 64; 4; 0],0.20960637996904552,0.6979067827387584,tvm
80,10,4,4,640,32,2,1,[80; 10; 4; 4; 640; 32; 2; 1],0.20470296498388052,0.7146243059900655,tvm
64,8,15,3,1280,64,4,1,[64; 8; 15; 3; 1280; 64; 4; 1],0.20336024300195277,0.7193427393982293,tvm
80,10,10,5,1280,32,2,1,[80; 10; 10; 5; 1280; 32; 2; 1],0.1874792999587953,0.7802766189006752,tvm
80,10,375,5,640,80,5,1,[80; 10; 375; 5; 640; 80; 5; 1],0.20028567197732627,0.7303853183380729,tvm
80,8,750,6,320,64,4,1,[80; 8; 750; 6; 320; 64; 4; 1],0.19756512297317386,0.7404430097997485,tvm
160,5,150,5,160,32,2,0,[160; 5; 150; 5; 160; 32; 2; 0],0.21343946806155145,0.685373308012221,tvm
128,16,125,5,160,32,2,0,[128; 16; 125; 5; 160; 32; 2; 0],0.21655081794597208,0.6755260297479531,tvm
160,2,10,5,128,32,2,0,[160; 2; 10; 5; 128; 32; 2; 0],0.214971954934299,0.6804874353513835,tvm
160,2,5,5,320,32,2,0,[160; 2; 5; 5; 320; 32; 2; 0],0.19619265897199512,0.7456227722903505,tvm
256,2,5,5,128,32,2,0,[256; 2; 5; 5; 128; 32; 2; 0],0.19777099904604256,0.7396722218693849,tvm
128,32,60,12,128,32,2,1,[128; 32; 60; 12; 128; 32; 2; 1],0.23214707802981138,0.6301423887270676,tvm
256,32,125,5,128,32,2,0,[256; 32; 125; 5; 128; 32; 2; 0],0.1976547611411661,0.7401072123996865,tvm
80,8,25,5,256,64,4,0,[80; 8; 25; 5; 256; 64; 4; 0],0.2001500311307609,0.7308802974411917,tvm
256,16,125,5,1280,32,2,0,[256; 16; 125; 5; 1280; 32; 2; 0],0.19256667606532574,0.7596626647701432,tvm
64,1,15,5,640,64,4,0,[64; 1; 15; 5; 640; 64; 4; 0],0.20022179489023983,0.7306183343621862,tvm
160,10,150,6,320,32,2,1,[160; 10; 150; 6; 320; 32; 2; 1],0.19296732894144952,0.7580853976068693,tvm
256,4,60,6,640,32,2,0,[256; 4; 60; 6; 640; 32; 2; 0],0.19553348305635154,0.7481363907559283,tvm
256,4,50,10,256,32,2,1,[256; 4; 50; 10; 256; 32; 2; 1],0.18261778191663325,0.8010485767070323,tvm
80,8,12,4,320,64,4,1,[80; 8; 12; 4; 320; 64; 4; 1],0.1941572439391166,0.7534393840674122,tvm
256,8,15,5,1280,32,2,0,[256; 8; 15; 5; 1280; 32; 2; 0],0.26139824697747827,0.5596277556456531,tvm
256,32,30,5,320,32,2,0,[256; 32; 30; 5; 320; 32; 2; 0],0.18548089708201587,0.7886834525122538,tvm
160,10,12,12,640,32,2,0,[160; 10; 12; 12; 640; 32; 2; 0],0.19436288415454328,0.7526422285923607,tvm
256,8,60,5,256,32,2,1,[256; 8; 60; 5; 256; 32; 2; 1],0.1863981131464243,0.7848025487833138,tvm
160,20,15,5,320,32,2,1,[160; 20; 15; 5; 320; 32; 2; 1],0.18697248701937497,0.7823916588891257,tvm
80,10,30,6,1280,64,4,0,[80; 10; 30; 6; 1280; 64; 4; 0],0.17736148717813194,0.8247884961564014,tvm
160,4,12,6,320,32,2,1,[160; 4; 12; 6; 320; 32; 2; 1],0.1825032860506326,0.8015511251952454,tvm
128,16,10,5,320,64,4,1,[128; 16; 10; 5; 320; 64; 4; 1],0.17331404611468315,0.8440499634341003,tvm
128,16,30,6,320,64,4,1,[128; 16; 30; 6; 320; 64; 4; 1],0.17156017804518342,0.8526787273861849,tvm
80,10,750,5,64,64,4,0,[80; 10; 750; 5; 64; 64; 4; 0],0.21070846705697477,0.6942564593104804,tvm
128,1,125,5,256,32,2,1,[128; 1; 125; 5; 256; 32; 2; 1],0.24361644801683724,0.6004755240319568,tvm
64,1,60,6,256,32,2,1,[64; 1; 60; 6; 256; 32; 2; 1],0.22681251098401845,0.6449631620895102,tvm
64,16,150,5,640,32,2,1,[64; 16; 150; 5; 640; 32; 2; 1],0.2205505999736488,0.6632750684114774,tvm
40,10,100,10,1280,32,2,1,[40; 10; 100; 10; 1280; 32; 2; 1],0.24028244288638234,0.6088073374336616,tvm
40,2,10,5,320,80,5,0,[40; 2; 10; 5; 320; 80; 5; 0],0.24789089406840503,0.5901213710792742,tvm
40,1,75,5,320,80,5,1,[40; 1; 75; 5; 320; 80; 5; 1],0.22902452503331006,0.6387338398122997,tvm
80,16,60,5,160,32,2,1,[80; 16; 60; 5; 160; 32; 2; 1],0.21039618202485144,0.6952869243056674,tvm
40,5,150,6,640,64,4,0,[40; 5; 150; 6; 640; 64; 4; 0],0.22676032688468695,0.645111586737587,tvm
160,20,30,5,32,32,2,0,[160; 20; 30; 5; 32; 32; 2; 0],0.22665867791511118,0.6454008980873948,tvm
64,32,12,12,1280,32,2,0,[64; 32; 12; 12; 1280; 32; 2; 0],0.23632721789181232,0.6189964727324895,tvm
40,4,150,6,640,64,4,1,[40; 4; 150; 6; 640; 64; 4; 1],0.2192162440624088,0.6673123833107374,tvm
128,1,10,5,640,32,2,0,[128; 1; 10; 5; 640; 32; 2; 0],0.2173518780618906,0.6730363482024281,tvm
80,2,1500,4,320,64,4,1,[80; 2; 1500; 4; 320; 64; 4; 1],0.22599087306298316,0.6473080629452889,tvm
256,8,150,5,64,32,2,0,[256; 8; 150; 5; 64; 32; 2; 0],0.2106760861352086,0.6943631665524221,tvm
80,16,60,4,80,80,5,1,[80; 16; 60; 4; 80; 80; 5; 1],0.20493399794213474,0.7138186721317934,tvm
160,2,125,5,1280,32,2,0,[160; 2; 125; 5; 1280; 32; 2; 0],0.2113438427913934,0.6921692742669838,tvm
80,16,12,3,320,64,4,1,[80; 16; 12; 3; 320; 64; 4; 1],0.2131703810300678,0.6862384613605425,tvm
80,16,75,5,1280,32,2,0,[80; 16; 75; 5; 1280; 32; 2; 0],0.21744786412455142,0.6727392557966155,tvm
80,2,500,5,640,64,4,0,[80; 2; 500; 5; 640; 64; 4; 0],0.22605469799600542,0.6471253001266946,tvm
160,10,60,6,32,32,2,0,[160; 10; 60; 6; 32; 32; 2; 0],0.23437688709236681,0.6241473555712164,tvm
64,2,150,5,320,64,4,0,[64; 2; 150; 5; 320; 64; 4; 0],0.21389342308975756,0.6839187113496585,tvm
64,4,12,6,1280,32,2,0,[64; 4; 12; 6; 1280; 32; 2; 0],0.19949919311329722,0.7332646914648795,tvm
80,2,750,6,320,64,4,0,[80; 2; 750; 6; 320; 64; 4; 0],0.2152020800858736,0.6797597598840164,tvm
64,4,100,4,128,64,4,1,[64; 4; 100; 4; 128; 64; 4; 1],0.20311498898081481,0.720211319803344,tvm
40,2,6,6,640,64,4,0,[40; 2; 6; 6; 640; 64; 4; 0],0.21602755598723888,0.6771622889366745,tvm
80,5,12,6,256,32,2,1,[80; 5; 12; 6; 256; 32; 2; 1],0.2025414821691811,0.7222506358649194,tvm
160,5,10,5,32,32,2,1,[160; 5; 10; 5; 32; 32; 2; 1],0.22381211095489562,0.6536094658219588,tvm
128,8,300,5,64,64,4,0,[128; 8; 300; 5; 64; 64; 4; 0],0.1958673489280045,0.7468611541757526,tvm
160,5,12,12,32,32,2,1,[160; 5; 12; 12; 32; 32; 2; 1],0.2501850822009146,0.5847099795032443,tvm
128,2,25,5,64,64,4,1,[128; 2; 25; 5; 64; 64; 4; 1],0.1880065279547125,0.778088483826221,tvm
256,32,6,6,64,32,2,0,[256; 32; 6; 6; 64; 32; 2; 0],0.19084447110071778,0.7665179580104907,tvm
64,4,100,4,640,64,4,0,[64; 4; 100; 4; 640; 64; 4; 0],0.21103172400034964,0.6931930020411146,tvm
64,32,60,4,1280,80,5,1,[64; 32; 60; 4; 1280; 80; 5; 1],0.20601816079579294,0.7100622281096569,tvm
256,4,4,4,320,32,2,0,[256; 4; 4; 4; 320; 32; 2; 0],0.19395034993067384,0.7542431057123798,tvm
256,32,150,10,640,32,2,1,[256; 32; 150; 10; 640; 32; 2; 1],0.22358751599676907,0.6542660203256974,tvm
160,4,100,5,128,32,2,0,[160; 4; 100; 5; 128; 32; 2; 0],0.21760992403142154,0.672238248953166,tvm
128,16,75,3,640,64,4,0,[128; 16; 75; 3; 640; 64; 4; 0],0.206386290024966,0.708795696981706,tvm
64,8,100,5,640,80,5,0,[64; 8; 100; 5; 640; 80; 5; 0],0.2017059091012925,0.7252425818236821,tvm
64,1,75,5,256,64,4,1,[64; 1; 75; 5; 256; 64; 4; 1],0.20216985396109521,0.7235782754923736,tvm
80,4,150,5,256,64,4,0,[80; 4; 150; 5; 256; 64; 4; 0],0.20406770217232406,0.7168489316461455,tvm
128,1,30,10,128,32,2,1,[128; 1; 30; 10; 128; 32; 2; 1],0.20861249417066574,0.7012317975836962,tvm
128,1,30,6,128,32,2,1,[128; 1; 30; 6; 128; 32; 2; 1],0.2129671920556575,0.6868931917338871,tvm
256,32,100,10,160,32,2,1,[256; 32; 100; 10; 160; 32; 2; 1],0.21513396711088717,0.6799749767562916,tvm
80,16,1500,6,1280,64,4,1,[80; 16; 1500; 6; 1280; 64; 4; 1],0.1995362329762429,0.7331285757165281,tvm
80,8,20,5,256,64,4,0,[80; 8; 20; 5; 256; 64; 4; 0],0.1983845450449735,0.7373846296975983,tvm
64,1,20,5,320,64,4,1,[64; 1; 20; 5; 320; 64; 4; 1],0.20177935087122023,0.7249786147794522,tvm
160,32,4,4,256,32,2,0,[160; 32; 4; 4; 256; 32; 2; 0],0.19546510209329426,0.7483981166924265,tvm
160,8,150,10,320,32,2,1,[160; 8; 150; 10; 320; 32; 2; 1],0.19453432806767523,0.7519789218632094,tvm
256,8,150,6,128,32,2,0,[256; 8; 150; 6; 128; 32; 2; 0],0.1981238480657339,0.7383549013099087,tvm
160,16,150,10,320,32,2,1,[160; 16; 150; 10; 320; 32; 2; 1],0.1939315020572394,0.754316409319295,tvm
128,2,12,12,256,32,2,1,[128; 2; 12; 12; 256; 32; 2; 1],0.20180290308780968,0.724894003244649,tvm
256,4,15,5,320,32,2,0,[256; 4; 15; 5; 320; 32; 2; 0],0.19038528203964233,0.7683667178393256,tvm
128,2,50,5,256,64,4,0,[128; 2; 50; 5; 256; 64; 4; 0],0.18335216585546732,0.7978401215125447,tvm
128,32,30,10,320,32,2,0,[128; 32; 30; 10; 320; 32; 2; 0],0.23047829302959144,0.6347049536111085,tvm
160,10,50,5,128,32,2,1,[160; 10; 50; 5; 128; 32; 2; 1],0.19612795300781727,0.745868765988108,tvm
80,16,75,5,1280,64,4,0,[80; 16; 75; 5; 1280; 64; 4; 0],0.18890988710336387,0.7743676973650017,tvm
256,8,5,5,160,32,2,0,[256; 8; 5; 5; 160; 32; 2; 0],0.185083766002208,0.7903757171440371,tvm
128,32,125,5,320,64,4,1,[128; 32; 125; 5; 320; 64; 4; 1],0.18361596995964646,0.7966938514000917,tvm
256,16,60,5,320,32,2,0,[256; 16; 60; 5; 320; 32; 2; 0],0.191245375899598,0.7649111179687446,tvm
80,1,12,6,1280,64,4,0,[80; 1; 12; 6; 1280; 64; 4; 0],0.1795715088956058,0.8146376626525856,tvm
256,16,10,10,640,32,2,0,[256; 16; 10; 10; 640; 32; 2; 0],0.17892780783586204,0.8175683593011339,tvm
128,8,5,5,320,64,4,0,[128; 8; 5; 5; 320; 64; 4; 0],0.1803613940719515,0.8110699911055056,tvm
256,4,12,6,320,32,2,1,[256; 4; 12; 6; 320; 32; 2; 1],0.17701691715046763,0.8263939777087449,tvm
160,1,60,5,64,32,2,1,[160; 1; 60; 5; 64; 32; 2; 1],0.22118821693584323,0.661363052301042,tvm
256,4,60,4,64,32,2,0,[256; 4; 60; 4; 64; 32; 2; 0],0.2293410359416157,0.6378523306354771,tvm
64,8,100,10,640,32,2,1,[64; 8; 100; 10; 640; 32; 2; 1],0.21038082614541054,0.695337673902872,tvm
256,2,100,4,256,32,2,1,[256; 2; 100; 4; 256; 32; 2; 1],0.20992718497291207,0.6968402606103171,tvm
80,8,30,3,256,64,4,1,[80; 8; 30; 3; 256; 64; 4; 1],0.2135722131934017,0.6849473164060174,tvm
64,16,250,5,1280,80,5,1,[64; 16; 250; 5; 1280; 80; 5; 1],0.20515766111202538,0.7130404660142604,tvm
40,10,25,5,1280,64,4,0,[40; 10; 25; 5; 1280; 64; 4; 0],0.20281754713505507,0.7212675449047979,tvm
64,16,30,10,320,32,2,1,[64; 16; 30; 10; 320; 32; 2; 1],0.20928761013783514,0.6989697774721193,tvm
64,4,6,6,320,32,2,1,[64; 4; 6; 6; 320; 32; 2; 1],0.2017912450246513,0.7249358824652858,tvm
80,16,20,5,160,32,2,1,[80; 16; 20; 5; 160; 32; 2; 1],0.2109816970769316,0.6933573684942596,tvm
80,8,15,3,320,64,4,1,[80; 8; 15; 3; 320; 64; 4; 1],0.21655077603645623,0.6755261604838911,tvm
64,8,30,5,640,32,2,1,[64; 8; 30; 5; 640; 32; 2; 1],0.2094583259895444,0.6984000926896384,tvm
128,8,150,3,320,64,4,1,[128; 8; 150; 3; 320; 64; 4; 1],0.20529168006032705,0.7125749774307792,tvm
128,16,100,4,320,32,2,1,[128; 16; 100; 4; 320; 32; 2; 1],0.21550396690145135,0.6788075244694213,tvm
64,4,150,5,160,80,5,1,[64; 4; 150; 5; 160; 80; 5; 1],0.19378975592553616,0.754868148664807,tvm
80,8,500,4,640,64,4,1,[80; 8; 500; 4; 640; 64; 4; 1],0.2333064789418131,0.6270109383554586,tvm
80,10,250,5,160,80,5,0,[80; 10; 250; 5; 160; 80; 5; 0],0.20557299302890897,0.7115998659665508,tvm
80,20,60,3,640,80,5,1,[80; 20; 60; 3; 640; 80; 5; 1],0.2053088580723852,0.7125153569074878,tvm
80,5,5,5,320,32,2,0,[80; 5; 5; 5; 320; 32; 2; 0],0.2110228140372783,0.6932222705544632,tvm
128,2,100,5,640,32,2,1,[128; 2; 100; 5; 640; 32; 2; 1],0.20776226092129946,0.7041014746230908,tvm
128,16,75,3,320,64,4,0,[128; 16; 75; 3; 320; 64; 4; 0],0.21246327995322645,0.6885223381561225,tvm
80,20,300,4,320,80,5,1,[80; 20; 300; 4; 320; 80; 5; 1],0.20513792894780636,0.7131090531918847,tvm
80,16,300,4,640,64,4,1,[80; 16; 300; 4; 640; 64; 4; 1],0.21789340302348137,0.6713636679948027,tvm
80,4,60,5,80,80,5,0,[80; 4; 60; 5; 80; 80; 5; 0],0.2098147429060191,0.6972137050981163,tvm
160,32,20,4,160,32,2,0,[160; 32; 20; 4; 160; 32; 2; 0],0.21760973311029375,0.6722388387451886,tvm
64,2,60,5,80,80,5,1,[64; 2; 60; 5; 80; 80; 5; 1],0.19257567799650133,0.7596271544134041,tvm
256,2,150,5,128,32,2,0,[256; 2; 150; 5; 128; 32; 2; 0],0.21331458096392453,0.6857745664861697,tvm
160,20,30,5,64,32,2,0,[160; 20; 30; 5; 64; 32; 2; 0],0.21261194697581232,0.6880408950036867,tvm
128,16,300,4,640,64,4,1,[128; 16; 300; 4; 640; 64; 4; 1],0.20807479904033244,0.7030438811446783,tvm
160,5,100,5,128,32,2,0,[160; 5; 100; 5; 128; 32; 2; 0],0.21145787695422769,0.6917960039737815,tvm
64,4,150,5,1280,64,4,1,[64; 4; 150; 5; 1280; 64; 4; 1],0.19598497706465423,0.7464128959101571,tvm
80,5,375,5,640,64,4,1,[80; 5; 375; 5; 640; 64; 4; 1],0.20748415309935808,0.7050452388798211,tvm
64,16,150,6,1280,64,4,1,[64; 16; 150; 6; 1280; 64; 4; 1],0.19495720113627613,0.7503478375413268,tvm
128,4,3,3,320,64,4,0,[128; 4; 3; 3; 320; 64; 4; 0],0.20004677097313106,0.731257563289349,tvm
160,16,20,4,160,32,2,1,[160; 16; 20; 4; 160; 32; 2; 1],0.20652082981541753,0.7083339458613465,tvm
128,8,15,3,256,64,4,1,[128; 8; 15; 3; 256; 64; 4; 1],0.19784826296381652,0.73938336427279,tvm
80,16,500,5,160,80,5,1,[80; 16; 500; 5; 160; 80; 5; 1],0.19431623886339366,0.752822899112177,tvm
128,16,60,12,320,32,2,0,[128; 16; 60; 12; 320; 32; 2; 0],0.21109845582395792,0.6929738719060402,tvm
160,1,30,10,128,32,2,0,[160; 1; 30; 10; 128; 32; 2; 0],0.2114522629417479,0.6918143710101317,tvm
160,5,60,10,1280,32,2,0,[160; 5; 60; 10; 1280; 32; 2; 0],0.2113771759904921,0.6920601223866021,tvm
160,20,150,10,320,32,2,1,[160; 20; 150; 10; 320; 32; 2; 1],0.19616835098713636,0.7457151653138324,tvm
160,5,30,6,64,32,2,1,[160; 5; 30; 6; 64; 32; 2; 1],0.20306723401881754,0.7203806906246554,tvm
160,5,12,4,320,32,2,1,[160; 5; 12; 4; 320; 32; 2; 1],0.20595757383853197,0.710271108555592,tvm
256,2,50,5,128,32,2,0,[256; 2; 50; 5; 128; 32; 2; 0],0.20132849784567952,0.7266021246423041,tvm
160,20,125,5,320,32,2,1,[160; 20; 125; 5; 320; 32; 2; 1],0.19822570402175188,0.7379755062928769,tvm
64,8,30,6,256,64,4,0,[64; 8; 30; 6; 256; 64; 4; 0],0.20614826399832964,0.7096140973901173,tvm
128,32,20,5,256,32,2,0,[128; 32; 20; 5; 256; 32; 2; 0],0.19986764108762145,0.7319129474369641,tvm
128,16,6,3,256,64,4,1,[128; 16; 6; 3; 256; 64; 4; 1],0.19351172097958624,0.7559527327088685,tvm
128,16,150,6,64,64,4,0,[128; 16; 150; 6; 64; 64; 4; 0],0.20453767199069262,0.7152018152058118,tvm
256,2,50,10,128,32,2,0,[256; 2; 50; 10; 128; 32; 2; 0],0.191983558004722,0.7619700135056163,tvm
80,5,100,5,160,80,5,1,[80; 5; 100; 5; 160; 80; 5; 1],0.18815943994559348,0.7774561527607278,tvm
160,20,50,5,640,32,2,1,[160; 20; 50; 5; 640; 32; 2; 1],0.18998157605528831,0.7699994774395509,tvm
160,16,15,5,128,32,2,1,[160; 16; 15; 5; 128; 32; 2; 1],0.19566108309663832,0.7476484948898233,tvm
160,16,30,5,256,32,2,0,[160; 16; 30; 5; 256; 32; 2; 0],0.1963656940497458,0.7449657385095758,tvm
160,5,20,10,160,32,2,1,[160; 5; 20; 10; 160; 32; 2; 1],0.19405233208090067,0.753846721227383,tvm
160,8,30,5,640,32,2,1,[160; 8; 30; 5; 640; 32; 2; 1],0.18995778891257942,0.7700958993212778,tvm
80,5,50,5,320,80,5,1,[80; 5; 50; 5; 320; 80; 5; 1],0.18448714795522392,0.7929317348502708,tvm
128,32,75,5,640,64,4,0,[128; 32; 75; 5; 640; 64; 4; 0],0.18528290512040257,0.78952623389974,tvm
160,16,30,6,128,32,2,1,[160; 16; 30; 6; 128; 32; 2; 1],0.18541091680526733,0.788981128006366,tvm
80,5,60,5,1280,80,5,1,[80; 5; 60; 5; 1280; 80; 5; 1],0.187203214969486,0.7814273612211134,tvm
256,8,25,5,160,32,2,1,[256; 8; 25; 5; 160; 32; 2; 1],0.18760282988660038,0.7797628339302723,tvm
128,4,150,6,640,64,4,0,[128; 4; 150; 6; 640; 64; 4; 0],0.1842899138573557,0.7937803606492677,tvm
256,16,6,6,128,32,2,0,[256; 16; 6; 6; 128; 32; 2; 0],0.17866769805550575,0.8187585997792868,tvm
256,16,6,6,160,32,2,0,[256; 16; 6; 6; 160; 32; 2; 0],0.1760206080507487,0.8310715200093985,tvm
80,8,50,5,256,32,2,0,[80; 8; 50; 5; 256; 32; 2; 0],0.22978197177872062,0.636628335779915,tvm
64,4,30,10,640,32,2,0,[64; 4; 30; 10; 640; 32; 2; 0],0.21145482710562646,0.6918059818641136,tvm
80,2,300,4,256,64,4,1,[80; 2; 300; 4; 256; 64; 4; 1],0.22106618690304458,0.6617281291863618,tvm
80,20,6,6,160,32,2,1,[80; 20; 6; 6; 160; 32; 2; 1],0.19443039898760617,0.7523808779255716,tvm
160,5,100,4,256,32,2,1,[160; 5; 100; 4; 256; 32; 2; 1],0.21375568280927837,0.6843594161481846,tvm
64,16,30,3,640,80,5,0,[64; 16; 30; 3; 640; 80; 5; 0],0.21591963898390532,0.6775007358020753,tvm
80,10,30,6,160,32,2,1,[80; 10; 30; 6; 160; 32; 2; 1],0.2081220259424299,0.7028843469272177,tvm
256,1,20,5,128,32,2,0,[256; 1; 20; 5; 128; 32; 2; 0],0.21735627693124115,0.6730227272525033,tvm
80,40,12,6,256,64,4,1,[80; 40; 12; 6; 256; 64; 4; 1],0.22769467299804091,0.6424643684438456,tvm
160,40,150,6,320,32,2,1,[160; 40; 150; 6; 320; 32; 2; 1],0.20428754412569106,0.7160775019925334,tvm
128,8,125,5,64,32,2,0,[128; 8; 125; 5; 64; 32; 2; 0],0.2283163950778544,0.6407148914375239,tvm
256,1,10,5,320,32,2,1,[256; 1; 10; 5; 320; 32; 2; 1],0.20807269401848316,0.7030509936720466,tvm
160,4,60,4,256,32,2,1,[160; 4; 60; 4; 256; 32; 2; 1],0.2111819889396429,0.6926997658286268,tvm
80,1,250,5,1280,64,4,0,[80; 1; 250; 5; 1280; 64; 4; 0],0.21356094721704721,0.6849834494180275,tvm
128,32,150,5,256,32,2,1,[128; 32; 150; 5; 256; 32; 2; 1],0.20280206901952624,0.7213225929742836,tvm
64,32,6,6,320,64,4,1,[64; 32; 6; 6; 320; 64; 4; 1],0.20118868094868958,0.7271070797617211,tvm
128,16,60,3,320,64,4,0,[128; 16; 60; 3; 320; 64; 4; 0],0.21521704806946218,0.6797124837364185,tvm
64,8,30,3,1280,80,5,0,[64; 8; 30; 3; 1280; 80; 5; 0],0.20642890501767397,0.7086493738519305,tvm
64,2,75,5,160,80,5,0,[64; 2; 75; 5; 160; 80; 5; 0],0.21638925396837294,0.6760304017088351,tvm
80,10,300,5,640,64,4,0,[80; 10; 300; 5; 640; 64; 4; 0],0.20796802011318505,0.7034048514098437,tvm
160,5,20,5,64,32,2,0,[160; 5; 20; 5; 64; 32; 2; 0],0.2186419910285622,0.6690650482898518,tvm
64,2,60,4,64,64,4,1,[64; 2; 60; 4; 64; 64; 4; 1],0.21062511182390153,0.6945312124416588,tvm
64,8,12,3,1280,64,4,0,[64; 8; 12; 3; 1280; 64; 4; 0],0.2067756860051304,0.7074609066081625,tvm
80,5,4,4,1280,32,2,1,[80; 5; 4; 4; 1280; 32; 2; 1],0.19987986981868744,0.7318681687075902,tvm
160,32,15,5,64,32,2,0,[160; 32; 15; 5; 64; 32; 2; 0],0.22175397514365613,0.6596757248249906,tvm
128,8,30,10,64,32,2,1,[128; 8; 30; 10; 64; 32; 2; 1],0.2149188208859414,0.6806556712096841,tvm
160,1,100,10,160,32,2,1,[160; 1; 100; 10; 160; 32; 2; 1],0.20384944113902748,0.7176164598162714,tvm
80,8,30,5,64,64,4,0,[80; 8; 30; 5; 64; 64; 4; 0],0.22198906703852117,0.6589771119688959,tvm
160,16,20,4,1280,32,2,0,[160; 16; 20; 4; 1280; 32; 2; 0],0.21403333893977106,0.6834716264781492,tvm
128,4,30,3,320,64,4,1,[128; 4; 30; 3; 320; 64; 4; 1],0.19661997794173658,0.7440022922241524,tvm
128,8,75,3,320,64,4,1,[128; 8; 75; 3; 320; 64; 4; 1],0.19689488201402128,0.7429635183473027,tvm
128,2,12,3,640,64,4,0,[128; 2; 12; 3; 640; 64; 4; 0],0.19606553204357624,0.7461062266324394,tvm
80,5,10,10,320,32,2,1,[80; 5; 10; 10; 320; 32; 2; 1],0.20014755195006728,0.7308893506836875,tvm
256,16,20,4,1280,32,2,1,[256; 16; 20; 4; 1280; 32; 2; 1],0.2503514338750392,0.5843214557290355,tvm
160,2,150,6,320,32,2,1,[160; 2; 150; 6; 320; 32; 2; 1],0.2004285401199013,0.7298646899199215,tvm
128,16,50,10,128,32,2,0,[128; 16; 50; 10; 128; 32; 2; 0],0.20148208690807223,0.7260482384841402,tvm
256,2,150,6,160,32,2,1,[256; 2; 150; 6; 160; 32; 2; 1],0.1977115459740162,0.7398946458338835,tvm
80,16,1500,6,320,64,4,1,[80; 16; 1500; 6; 320; 64; 4; 1],0.20713071804493666,0.7062482844962564,tvm
256,8,60,6,64,32,2,0,[256; 8; 60; 6; 64; 32; 2; 0],0.20215367595665157,0.7236361821938019,tvm
80,4,60,4,160,80,5,1,[80; 4; 60; 4; 160; 80; 5; 1],0.19222703599371016,0.7610048895021244,tvm
128,2,12,4,1280,64,4,1,[128; 2; 12; 4; 1280; 64; 4; 1],0.1720124229323119,0.8504369149156091,tvm
160,8,20,5,1280,32,2,1,[160; 8; 20; 5; 1280; 32; 2; 1],0.1975343378726393,0.7405584054962249,tvm
80,16,50,5,320,80,5,0,[80; 16; 50; 5; 320; 80; 5; 0],0.19777819281443954,0.7396453178382676,tvm
64,1,6,6,320,64,4,1,[64; 1; 6; 6; 320; 64; 4; 1],0.1937037438619882,0.7552033397451589,tvm
160,16,150,5,640,32,2,1,[160; 16; 150; 5; 640; 32; 2; 1],0.19711781688965857,0.742123246868147,tvm
160,2,10,5,256,32,2,1,[160; 2; 10; 5; 256; 32; 2; 1],0.1941163910087198,0.7535979497946831,tvm
256,32,12,4,640,32,2,0,[256; 32; 12; 4; 640; 32; 2; 0],0.20317060593515635,0.7200141654959805,tvm
160,2,5,5,256,32,2,1,[160; 2; 5; 5; 256; 32; 2; 1],0.1942554390989244,0.7530585242002847,tvm
128,8,300,6,640,64,4,0,[128; 8; 300; 6; 640; 64; 4; 0],0.19593542790971696,0.7466016526277206,tvm
128,32,750,6,320,64,4,1,[128; 32; 750; 6; 320; 64; 4; 1],0.2014790428802371,0.7260592079180624,tvm
128,8,375,5,64,64,4,1,[128; 8; 375; 5; 64; 64; 4; 1],0.1879681919235736,0.7782471746347005,tvm
256,32,60,5,160,32,2,1,[256; 32; 60; 5; 160; 32; 2; 1],0.18531735916621983,0.789379445853768,tvm
256,32,50,5,640,32,2,0,[256; 32; 50; 5; 640; 32; 2; 0],0.19915718398988247,0.7345239140012437,tvm
160,4,25,5,160,32,2,1,[160; 4; 25; 5; 160; 32; 2; 1],0.2018109110649675,0.7248652390188239,tvm
128,16,750,6,1280,64,4,1,[128; 16; 750; 6; 1280; 64; 4; 1],0.18609770317561924,0.7860694236922708,tvm
64,8,30,6,1280,64,4,0,[64; 8; 30; 6; 1280; 64; 4; 0],0.18387479800730944,0.7955723996493479,tvm
80,1,30,5,640,80,5,0,[80; 1; 30; 5; 640; 80; 5; 0],0.19406356383115053,0.7538030910995407,tvm
160,4,30,6,640,32,2,0,[160; 4; 30; 6; 640; 32; 2; 0],0.19154642685316503,0.7637089174096339,tvm
128,4,150,6,64,64,4,1,[128; 4; 150; 6; 64; 64; 4; 1],0.17829182278364897,0.8204847087307364,tvm
256,4,25,5,160,32,2,1,[256; 4; 25; 5; 160; 32; 2; 1],0.18991383304819465,0.7702741392649961,tvm
160,4,12,12,640,32,2,1,[160; 4; 12; 12; 640; 32; 2; 1],0.19370645703747869,0.7551927618882145,tvm
128,2,30,5,256,64,4,1,[128; 2; 30; 5; 256; 64; 4; 1],0.1756125541869551,0.8330026003151245,tvm
128,32,30,5,640,64,4,0,[128; 32; 30; 5; 640; 64; 4; 0],0.1771247829310596,0.8258907187632322,tvm
160,20,6,6,640,32,2,1,[160; 20; 6; 6; 640; 32; 2; 1],0.16934384708292782,0.8638383785746763,tvm
80,8,300,4,320,64,4,1,[80; 8; 300; 4; 320; 64; 4; 1],0.22548250015825033,0.6487674838758956,tvm
80,8,100,10,1280,32,2,1,[80; 8; 100; 10; 1280; 32; 2; 1],0.20713306381367147,0.7062402862794855,tvm
64,16,750,6,1280,64,4,0,[64; 16; 750; 6; 1280; 64; 4; 0],0.221238749101758,0.6612119932861792,tvm
64,16,1500,6,1280,64,4,0,[64; 16; 1500; 6; 1280; 64; 4; 0],0.2194611900486052,0.6665675796860285,tvm
80,5,15,3,640,64,4,0,[80; 5; 15; 3; 640; 64; 4; 0],0.21103332191705704,0.6931877532743826,tvm
80,16,100,4,160,80,5,0,[80; 16; 100; 4; 160; 80; 5; 0],0.21816859021782875,0.6705168426841667,tvm
128,32,125,5,128,32,2,0,[128; 32; 125; 5; 128; 32; 2; 0],0.217633438995108,0.6721656146278262,tvm
80,5,375,5,64,64,4,0,[80; 5; 375; 5; 64; 64; 4; 0],0.22021101601421833,0.6642978945080072,tvm
64,1,5,5,1280,32,2,0,[64; 1; 5; 5; 1280; 32; 2; 0],0.20150274387560785,0.7259738079597553,tvm
64,1,30,5,128,64,4,0,[64; 1; 30; 5; 128; 64; 4; 0],0.22827268205583096,0.6408375849806492,tvm
80,5,1500,5,640,80,5,0,[80; 5; 1500; 5; 640; 80; 5; 0],0.2079124110750854,0.703592986725957,tvm
160,4,30,5,64,32,2,1,[160; 4; 30; 5; 64; 32; 2; 1],0.2140967370942235,0.6832692374070806,tvm
80,8,20,10,1280,32,2,0,[80; 8; 20; 10; 1280; 32; 2; 0],0.19628313998691738,0.7452790611331391,tvm
128,32,6,3,128,64,4,0,[128; 32; 6; 3; 128; 64; 4; 0],0.22023394098505378,0.664228745267025,tvm
64,32,75,5,256,64,4,1,[64; 32; 75; 5; 256; 64; 4; 1],0.19630083302035928,0.7452118874632708,tvm
40,8,12,6,1280,64,4,1,[40; 8; 12; 6; 1280; 64; 4; 1],0.19590894202701747,0.7467025893363268,tvm
128,1,30,10,160,32,2,0,[128; 1; 30; 10; 160; 32; 2; 0],0.2184719662182033,0.669585745109322,tvm
80,5,500,5,640,64,4,1,[80; 5; 500; 5; 640; 64; 4; 1],0.21238203602842987,0.6887857232244078,tvm
160,1,150,10,256,32,2,0,[160; 1; 150; 10; 256; 32; 2; 0],0.20933303702622652,0.6988180956233235,tvm
64,2,150,6,320,64,4,0,[64; 2; 150; 6; 320; 64; 4; 0],0.20998008316382766,0.6966647125841042,tvm
256,16,30,6,64,32,2,0,[256; 16; 30; 6; 64; 32; 2; 0],0.19577383319847286,0.7472179090318563,tvm
80,10,1500,5,320,64,4,1,[80; 10; 1500; 5; 320; 64; 4; 1],0.20201076800003648,0.7241481022718942,tvm
64,16,30,5,80,80,5,1,[64; 16; 30; 5; 80; 80; 5; 1],0.19197330996394157,0.7620106894713187,tvm
80,10,25,5,160,80,5,0,[80; 10; 25; 5; 160; 80; 5; 0],0.20163336698897183,0.7255035040590047,tvm
128,32,60,6,640,32,2,0,[128; 32; 60; 6; 640; 32; 2; 0],0.200083761010319,0.731122373685138,tvm
128,8,150,5,640,32,2,1,[128; 8; 150; 5; 640; 32; 2; 1],0.20309071708470583,0.7202973941182201,tvm
64,4,10,5,160,80,5,1,[64; 4; 10; 5; 160; 80; 5; 1],0.19539036904461682,0.7486843645415828,tvm
80,16,750,6,640,64,4,1,[80; 16; 750; 6; 640; 64; 4; 1],0.21164856106042862,0.691172732537254,tvm
256,8,15,5,1280,32,2,0,[256; 8; 15; 5; 1280; 32; 2; 0],0.26479920092970133,0.55244016512176,tvm
128,16,100,4,640,64,4,0,[128; 16; 100; 4; 640; 64; 4; 0],0.1897545938845724,0.7709205415848842,tvm
128,8,60,12,256,32,2,1,[128; 8; 60; 12; 256; 32; 2; 1],0.20601049601100385,0.7100886465410995,tvm
64,32,4,4,640,64,4,1,[64; 32; 4; 4; 640; 64; 4; 1],0.18683098605833948,0.7829842221141808,tvm
160,8,150,10,128,32,2,0,[160; 8; 150; 10; 128; 32; 2; 0],0.20384789211675525,0.7176219129208762,tvm
64,8,150,5,256,64,4,1,[64; 8; 150; 5; 256; 64; 4; 1],0.20376771688461304,0.7179042712077452,tvm
256,1,50,10,320,32,2,1,[256; 1; 50; 10; 320; 32; 2; 1],0.19362851395271719,0.7554967566473,tvm
160,20,150,6,1280,32,2,1,[160; 20; 150; 6; 1280; 32; 2; 1],0.19218324893154204,0.761178276977839,tvm
256,8,60,5,1280,32,2,1,[256; 8; 60; 5; 1280; 32; 2; 1],0.20074743498116732,0.7287052723709161,tvm
128,16,20,10,1280,32,2,1,[128; 16; 20; 10; 1280; 32; 2; 1],0.18343295599333942,0.7974887254775855,tvm
160,32,30,5,1280,32,2,1,[160; 32; 30; 5; 1280; 32; 2; 1],0.2007061829790473,0.7288550462891608,tvm
64,2,30,5,640,80,5,0,[64; 2; 30; 5; 640; 80; 5; 0],0.19453283888287842,0.7519846784006886,tvm
160,32,60,5,256,32,2,0,[160; 32; 60; 5; 256; 32; 2; 0],0.1990718520246446,0.7348387669975788,tvm
256,8,4,4,1280,32,2,1,[256; 8; 4; 4; 1280; 32; 2; 1],0.38297644490376115,0.38197052647056323,tvm
64,8,30,6,640,64,4,0,[64; 8; 30; 6; 640; 64; 4; 0],0.1968003478832543,0.7433204049643946,tvm
80,16,20,4,256,64,4,1,[80; 16; 20; 4; 256; 64; 4; 1],0.19577525299973786,0.7472124900582311,tvm
256,2,30,10,640,32,2,0,[256; 2; 30; 10; 640; 32; 2; 0],0.19283580197952688,0.7586024627379373,tvm
80,20,6,6,320,64,4,0,[80; 20; 6; 6; 320; 64; 4; 0],0.1920286340173334,0.761791151795153,tvm
160,8,60,5,256,32,2,1,[160; 8; 60; 5; 256; 32; 2; 1],0.19277722714468837,0.7588329620278229,tvm
160,4,10,5,160,32,2,0,[160; 4; 10; 5; 160; 32; 2; 0],0.20111034507863224,0.7273903002280563,tvm
160,20,25,5,128,32,2,1,[160; 20; 25; 5; 128; 32; 2; 1],0.19608192006126046,0.7460438690115402,tvm
128,32,300,6,640,64,4,1,[128; 32; 300; 6; 640; 64; 4; 1],0.2045722829643637,0.7150808123463975,tvm
80,5,10,5,640,80,5,0,[80; 5; 10; 5; 640; 80; 5; 0],0.18507705302909017,0.7904043850467043,tvm
256,2,10,10,320,32,2,0,[256; 2; 10; 10; 320; 32; 2; 0],0.1803294438868761,0.8112136938518035,tvm
128,4,300,6,640,64,4,1,[128; 4; 300; 6; 640; 64; 4; 1],0.18768527987413108,0.7794202847651083,tvm
256,2,6,6,128,32,2,1,[256; 2; 6; 6; 128; 32; 2; 1],0.18100182292982936,0.8082002264829466,tvm
80,1,25,5,1280,80,5,0,[80; 1; 25; 5; 1280; 80; 5; 0],0.18413958698511124,0.7944283827330533,tvm
160,4,12,12,320,32,2,1,[160; 4; 12; 12; 320; 32; 2; 1],0.19828038499690592,0.7377719903458783,tvm
128,2,60,6,256,64,4,0,[128; 2; 60; 6; 256; 64; 4; 0],0.18500622222200036,0.7907069963851111,tvm
80,1,6,6,1280,64,4,0,[80; 1; 6; 6; 1280; 64; 4; 0],0.17797342198900878,0.8219525851154817,tvm
128,2,10,5,1280,64,4,0,[128; 2; 10; 5; 1280; 64; 4; 0],0.16852528415620327,0.8680342241709232,tvm
80,1,12,6,1280,64,4,0,[80; 1; 12; 6; 1280; 64; 4; 0],0.1792672500014305,0.8160202953107552,tvm
256,32,6,6,1280,32,2,0,[256; 32; 6; 6; 1280; 32; 2; 0],0.3636778290383518,0.4022398469341052,tvm
160,8,6,6,1280,32,2,0,[160; 8; 6; 6; 1280; 32; 2; 0],0.17066715518012643,0.8571404036782628,tvm
128,8,12,6,256,64,4,1,[128; 8; 12; 6; 256; 64; 4; 1],0.17327639181166887,0.8442333820334262,tvm
128,32,12,6,256,64,4,1,[128; 32; 12; 6; 256; 64; 4; 1],0.1870546021964401,0.7820481964516899,tvm
256,1,750,10,256,32,2,1,[256; 1; 750; 10; 256; 32; 2; 1],0.23199799191206694,0.6305473296560268,tvm
128,16,100,4,320,32,2,0,[128; 16; 100; 4; 320; 32; 2; 0],0.22867547487840056,0.6397088028941561,tvm
40,4,125,5,1280,64,4,0,[40; 4; 125; 5; 1280; 64; 4; 0],0.2243854640983045,0.6519393529949236,tvm
64,8,60,3,64,64,4,1,[64; 8; 60; 3; 64; 64; 4; 1],0.2411518960725516,0.6066123330073407,tvm
64,16,300,5,320,80,5,0,[64; 16; 300; 5; 320; 80; 5; 0],0.22206997498869896,0.6587370232880817,tvm
64,2,60,6,1280,32,2,0,[64; 2; 60; 6; 1280; 32; 2; 0],0.22608488099649549,0.6470389069845933,tvm
64,8,500,5,640,80,5,1,[64; 8; 500; 5; 640; 80; 5; 1],0.2115897978655994,0.6913646865839634,tvm
64,4,250,5,80,80,5,0,[64; 4; 250; 5; 80; 80; 5; 0],0.2202228708192706,0.6642621347251711,tvm
80,16,100,5,640,32,2,0,[80; 16; 100; 5; 640; 32; 2; 0],0.22287714015692472,0.6563513610355757,tvm
64,16,100,10,1280,32,2,0,[64; 16; 100; 10; 1280; 32; 2; 0],0.2174048509914428,0.6728723559690588,tvm
64,4,30,5,640,32,2,1,[64; 4; 30; 5; 640; 32; 2; 1],0.21031531295739114,0.6955542714826051,tvm
40,8,60,5,640,64,4,1,[40; 8; 60; 5; 640; 64; 4; 1],0.22158415196463466,0.6601813035305063,tvm
80,8,30,5,160,32,2,1,[80; 8; 30; 5; 160; 32; 2; 1],0.2131659029982984,0.6862528773510369,tvm
80,2,20,10,320,32,2,0,[80; 2; 20; 10; 320; 32; 2; 0],0.21446526213549078,0.6820951459882426,tvm
128,32,500,4,64,64,4,1,[128; 32; 500; 4; 64; 64; 4; 1],0.1945834280923009,0.7517891719757527,tvm
64,32,12,4,1280,32,2,1,[64; 32; 12; 4; 1280; 32; 2; 1],0.21934968885034323,0.6669064134643992,tvm
80,5,60,3,640,64,4,1,[80; 5; 60; 3; 640; 64; 4; 1],0.2142697749659419,0.6827174495748005,tvm
80,5,6,3,320,80,5,1,[80; 5; 6; 3; 320; 80; 5; 1],0.21018656506203115,0.6959803270134884,tvm
128,1,60,12,128,32,2,1,[128; 1; 60; 12; 128; 32; 2; 1],0.21837791614234447,0.6698741194616099,tvm
128,1,12,6,64,32,2,1,[128; 1; 12; 6; 64; 32; 2; 1],0.2236699559725821,0.6540248718234034,tvm
64,1,50,5,128,64,4,0,[64; 1; 50; 5; 128; 64; 4; 0],0.228111406089738,0.6412906605299963,tvm
80,1,750,5,64,64,4,1,[80; 1; 750; 5; 64; 64; 4; 1],0.21709762210957706,0.673824581145705,tvm
40,10,10,5,1280,80,5,0,[40; 10; 10; 5; 1280; 80; 5; 0],0.19924608315341175,0.7341961857944278,tvm
80,8,30,6,256,32,2,1,[80; 8; 30; 6; 256; 32; 2; 1],0.20166730205528438,0.725381421751812,tvm
40,10,4,4,256,64,4,1,[40; 10; 4; 4; 256; 64; 4; 1],0.213261844124645,0.6859441494851503,tvm
80,5,250,5,640,80,5,0,[80; 5; 250; 5; 640; 80; 5; 0],0.20619993098080158,0.7094362912242408,tvm
40,20,4,4,640,64,4,0,[40; 20; 4; 4; 640; 64; 4; 0],0.22509882878512144,0.6498732804396692,tvm
128,4,50,5,128,32,2,0,[128; 4; 50; 5; 128; 32; 2; 0],0.22288494207896292,0.6563283859431325,tvm
128,2,60,6,128,32,2,1,[128; 2; 60; 6; 128; 32; 2; 1],0.1998555911704898,0.7319570767520989,tvm
160,1,60,12,1280,32,2,0,[160; 1; 60; 12; 1280; 32; 2; 0],0.2257335940375924,0.6480458299058167,tvm
64,16,10,10,1280,32,2,0,[64; 16; 10; 10; 1280; 32; 2; 0],0.1918938320595771,0.762326296346498,tvm
80,2,12,6,1280,32,2,0,[80; 2; 12; 6; 1280; 32; 2; 0],0.1925210088957101,0.7598428614352329,tvm
128,16,30,3,256,64,4,1,[128; 16; 30; 3; 256; 64; 4; 1],0.19678196380846202,0.7433898486148949,tvm
80,5,60,6,64,64,4,0,[80; 5; 60; 6; 64; 64; 4; 0],0.20343059301376343,0.7190939775504518,tvm
80,10,1500,5,64,64,4,1,[80; 10; 1500; 5; 64; 64; 4; 1],0.18348975898697972,0.7972418465931639,tvm
64,2,6,6,320,64,4,0,[64; 2; 6; 6; 320; 64; 4; 0],0.2054213029332459,0.712125335575598,tvm
80,20,6,3,1280,80,5,0,[80; 20; 6; 3; 1280; 80; 5; 0],0.19280852004885674,0.7587098031178613,tvm
80,1,60,4,320,64,4,1,[80; 1; 60; 4; 320; 64; 4; 1],0.2089229910634458,0.7001896418441099,tvm
64,1,75,5,320,64,4,1,[64; 1; 75; 5; 320; 64; 4; 1],0.20504787913523614,0.713422225592657,tvm
80,5,100,4,320,80,5,1,[80; 5; 100; 4; 320; 80; 5; 1],0.19334689597599208,0.7565971698034326,tvm
160,5,150,10,256,32,2,1,[160; 5; 150; 10; 256; 32; 2; 1],0.19512348202988505,0.7497084039496037,tvm
64,16,75,5,256,64,4,1,[64; 16; 75; 5; 256; 64; 4; 1],0.19703992293216288,0.7424166235391683,tvm
64,8,12,4,320,64,4,1,[64; 8; 12; 4; 320; 64; 4; 1],0.20435130200348794,0.7158540848602836,tvm
128,8,10,5,128,32,2,1,[128; 8; 10; 5; 128; 32; 2; 1],0.1992112381849438,0.7343246074797523,tvm
128,16,750,5,256,64,4,0,[128; 16; 750; 5; 256; 64; 4; 0],0.21351675200276077,0.6851252321589401,tvm
128,1,375,5,640,64,4,1,[128; 1; 375; 5; 640; 64; 4; 1],0.20909916004166007,0.6995997222397685,tvm
128,8,1500,5,640,64,4,0,[128; 8; 1500; 5; 640; 64; 4; 0],0.19963163696229458,0.7327782134719659,tvm
256,8,100,10,256,32,2,1,[256; 8; 100; 10; 256; 32; 2; 1],0.18392772413790226,0.7953434696774404,tvm
160,4,30,10,128,32,2,0,[160; 4; 30; 10; 128; 32; 2; 0],0.20447580888867378,0.7154181958285301,tvm
160,20,50,10,128,32,2,1,[160; 20; 50; 10; 128; 32; 2; 1],0.19484609412029386,0.7507757081104258,tvm
80,1,30,5,128,64,4,1,[80; 1; 30; 5; 128; 64; 4; 1],0.20220233500003815,0.7234620425411343,tvm
128,4,12,12,1280,32,2,1,[128; 4; 12; 12; 1280; 32; 2; 1],0.19120956305414438,0.7650543829980454,tvm
64,8,50,5,1280,80,5,1,[64; 8; 50; 5; 1280; 80; 5; 1],0.19404347706586123,0.7538811224046597,tvm
128,1,125,5,64,64,4,1,[128; 1; 125; 5; 64; 64; 4; 1],0.19696480594575405,0.7426997609207543,tvm
80,2,75,5,160,80,5,1,[80; 2; 75; 5; 160; 80; 5; 1],0.18774510198272765,0.77917193439844,tvm
80,10,30,5,128,64,4,1,[80; 10; 30; 5; 128; 64; 4; 1],0.18834497896023095,0.7766902791531413,tvm
80,4,20,5,256,64,4,1,[80; 4; 20; 5; 256; 64; 4; 1],0.18912170710973442,0.7735003904170275,tvm
160,2,12,12,320,32,2,1,[160; 2; 12; 12; 320; 32; 2; 1],0.19608862604945898,0.7460183552350302,tvm
80,1,6,6,256,64,4,1,[80; 1; 6; 6; 256; 64; 4; 1],0.19291559094563127,0.7582887083861537,tvm
128,32,100,5,1280,64,4,0,[128; 32; 100; 5; 1280; 64; 4; 0],0.1831992098595947,0.7985062511886858,tvm
160,5,12,6,320,32,2,1,[160; 5; 12; 6; 320; 32; 2; 1],0.1815575158689171,0.8057265687162809,tvm
80,20,20,5,1280,80,5,1,[80; 20; 20; 5; 1280; 80; 5; 1],0.17639217898249626,0.8293208640516341,tvm
160,16,6,6,160,32,2,1,[160; 16; 6; 6; 160; 32; 2; 1],0.17623649607412517,0.830053465340042,tvm
80,4,12,6,1280,64,4,0,[80; 4; 12; 6; 1280; 64; 4; 0],0.17507489398121834,0.8355607760722535,tvm
40,8,20,4,256,64,4,1,[40; 8; 20; 4; 256; 64; 4; 1],0.23990345187485218,0.609769109791824,tvm
80,16,20,5,320,32,2,0,[80; 16; 20; 5; 320; 32; 2; 0],0.21800416707992554,0.6710225600049308,tvm
64,8,100,5,64,64,4,0,[64; 8; 100; 5; 64; 64; 4; 0],0.2495410239789635,0.5862190991812485,tvm
128,32,60,10,128,32,2,0,[128; 32; 60; 10; 128; 32; 2; 0],0.23825855320319533,0.6139788575017353,tvm
80,40,12,6,320,64,4,1,[80; 40; 12; 6; 320; 64; 4; 1],0.22988288989290595,0.6363488572545067,tvm
256,1,100,10,1280,32,2,1,[256; 1; 100; 10; 1280; 32; 2; 1],0.20526561397127807,0.7126654652745853,tvm
64,1,3,3,640,64,4,1,[64; 1; 3; 3; 640; 64; 4; 1],0.22007034602575004,0.6647225168110458,tvm
40,20,10,5,1280,64,4,0,[40; 20; 10; 5; 1280; 64; 4; 0],0.20037472597323358,0.7300607078821678,tvm
80,2,60,4,320,64,4,0,[80; 2; 60; 4; 320; 64; 4; 0],0.21527692419476807,0.679523431658494,tvm
160,4,25,5,64,32,2,1,[160; 4; 25; 5; 64; 32; 2; 1],0.21368708019144833,0.6845791245528404,tvm
80,5,75,3,1280,80,5,1,[80; 5; 75; 3; 1280; 80; 5; 1],0.20650788699276745,0.7083783404884564,tvm
160,1,150,10,160,32,2,0,[160; 1; 150; 10; 160; 32; 2; 0],0.21785279898904264,0.6714887986960041,tvm
80,1,750,6,1280,64,4,1,[80; 1; 750; 6; 1280; 64; 4; 1],0.21127068810164928,0.6924089451317138,tvm
64,2,60,4,128,64,4,1,[64; 2; 60; 4; 128; 64; 4; 1],0.20769591792486608,0.7043263813140184,tvm
64,32,30,5,640,80,5,0,[64; 32; 30; 5; 640; 80; 5; 0],0.310839360114187,0.4706151570765561,tvm
80,8,20,5,1280,32,2,0,[80; 8; 20; 5; 1280; 32; 2; 0],0.20423296093940735,0.7162688804630067,tvm
128,16,60,12,320,32,2,0,[128; 16; 60; 12; 320; 32; 2; 0],0.21221580496057868,0.6893252569613673,tvm
128,8,30,10,128,32,2,0,[128; 8; 30; 10; 128; 32; 2; 0],0.2094702620524913,0.6983602963606187,tvm
80,5,12,3,640,80,5,1,[80; 5; 12; 3; 640; 80; 5; 1],0.2019014328252524,0.7245402483712235,tvm
64,16,10,10,640,32,2,1,[64; 16; 10; 10; 640; 32; 2; 1],0.19698236207477748,0.7426335675179996,tvm
64,4,5,5,320,80,5,0,[64; 4; 5; 5; 320; 80; 5; 0],0.20755154616199434,0.7048163070369905,tvm
256,2,125,5,128,32,2,0,[256; 2; 125; 5; 128; 32; 2; 0],0.20518722105771303,0.7129377430603658,tvm
80,2,3,3,640,80,5,1,[80; 2; 3; 3; 640; 80; 5; 1],0.2044897039886564,0.715369583076071,tvm
128,1,500,5,320,64,4,0,[128; 1; 500; 5; 320; 64; 4; 0],0.21651165187358856,0.6756482296441207,tvm
128,16,50,5,320,32,2,0,[128; 16; 50; 5; 320; 32; 2; 0],0.20877095800824463,0.7006995402106517,tvm
80,10,4,4,80,80,5,1,[80; 10; 4; 4; 80; 80; 5; 1],0.19556828797794878,0.7480032463249291,tvm
80,5,10,5,160,80,5,0,[80; 5; 10; 5; 160; 80; 5; 0],0.2119986640755087,0.6900313024312782,tvm
64,2,12,4,320,80,5,1,[64; 2; 12; 4; 320; 80; 5; 1],0.2025493010878563,0.722222755151658,tvm
128,16,30,3,640,64,4,0,[128; 16; 30; 3; 640; 64; 4; 0],0.18997163185849786,0.7700397835960928,tvm
80,4,150,5,320,64,4,0,[80; 4; 150; 5; 320; 64; 4; 0],0.19996641599573195,0.7315514135575476,tvm
80,4,10,5,1280,32,2,0,[80; 4; 10; 5; 1280; 32; 2; 0],0.19406087487004697,0.7538135360034559,tvm
64,16,60,4,1280,80,5,0,[64; 16; 60; 4; 1280; 80; 5; 0],0.19956406601704657,0.7330263268599604,tvm
80,20,6,3,640,80,5,1,[80; 20; 6; 3; 640; 80; 5; 1],0.19769268413074315,0.7399652391232086,tvm
160,4,125,5,256,32,2,1,[160; 4; 125; 5; 256; 32; 2; 1],0.20531717804260552,0.7124864839870264,tvm
128,16,30,5,160,32,2,1,[128; 16; 30; 5; 160; 32; 2; 1],0.19715333986096084,0.7419895315437207,tvm
80,16,6,3,1280,80,5,1,[80; 16; 6; 3; 1280; 80; 5; 1],0.1907686300110072,0.7668226913265233,tvm
64,2,12,4,1280,64,4,0,[64; 2; 12; 4; 1280; 64; 4; 0],0.19138147891499102,0.7643671431272216,tvm
80,16,375,5,64,64,4,1,[80; 16; 375; 5; 64; 64; 4; 1],0.19910965487360954,0.7346992509156488,tvm
128,8,30,6,160,32,2,1,[128; 8; 30; 6; 160; 32; 2; 1],0.19369471399113536,0.7552385466358633,tvm
160,10,60,5,1280,32,2,1,[160; 10; 60; 5; 1280; 32; 2; 1],0.20369230513460934,0.7181700564930124,tvm
256,4,125,5,320,32,2,1,[256; 4; 125; 5; 320; 32; 2; 1],0.19595766090787947,0.7465169445683669,tvm
64,4,15,5,640,80,5,0,[64; 4; 15; 5; 640; 80; 5; 0],0.19392075901851058,0.7543581977819646,tvm
80,4,6,6,640,32,2,1,[80; 4; 6; 6; 640; 32; 2; 1],0.18712435709312558,0.7817566700465015,tvm
80,10,60,5,320,80,5,0,[80; 10; 60; 5; 320; 80; 5; 0],0.1948208010289818,0.7508731794196485,tvm
128,8,30,10,320,32,2,1,[128; 8; 30; 10; 320; 32; 2; 1],0.19020589790306985,0.769091368345804,tvm
128,8,12,6,128,32,2,1,[128; 8; 12; 6; 128; 32; 2; 1],0.19287826912477612,0.7584354367628614,tvm
256,16,100,5,256,32,2,0,[256; 16; 100; 5; 256; 32; 2; 0],0.1920423461124301,0.7617367588295977,tvm
160,2,30,6,160,32,2,0,[160; 2; 30; 6; 160; 32; 2; 0],0.20528477290645242,0.712598953222781,tvm
256,32,60,6,128,32,2,1,[256; 32; 60; 6; 128; 32; 2; 1],0.18001323100179434,0.812638679232729,tvm
80,4,25,5,64,64,4,1,[80; 4; 25; 5; 64; 64; 4; 1],0.19287342089228332,0.7584545014494894,tvm
160,16,20,10,128,32,2,0,[160; 16; 20; 10; 128; 32; 2; 0],0.2029475572053343,0.7208054942869216,tvm
80,8,125,5,64,64,4,1,[80; 8; 125; 5; 64; 64; 4; 1],0.19865617086179554,0.7363763916877508,tvm
256,16,10,5,128,32,2,0,[256; 16; 10; 5; 128; 32; 2; 0],0.18773018615320325,0.7792338423738265,tvm
80,16,4,4,320,64,4,1,[80; 16; 4; 4; 320; 64; 4; 1],0.1878935128916055,0.7785564921025535,tvm
80,4,25,5,128,64,4,1,[80; 4; 25; 5; 128; 64; 4; 1],0.1888113769236952,0.7747717148677598,tvm
256,2,12,12,256,32,2,0,[256; 2; 12; 12; 256; 32; 2; 0],0.19325847388245165,0.7569433378362065,tvm
128,32,75,5,64,64,4,1,[128; 32; 75; 5; 64; 64; 4; 1],0.18571492889896035,0.7876895796853368,tvm
80,20,30,5,640,64,4,1,[80; 20; 30; 5; 640; 64; 4; 1],0.1801966920029372,0.8118113193960844,tvm
128,4,100,5,128,64,4,1,[128; 4; 100; 5; 128; 64; 4; 1],0.17807402601465583,0.8214882179036863,tvm
128,2,100,5,640,64,4,1,[128; 2; 100; 5; 640; 64; 4; 1],0.18106508208438754,0.807917863575353,tvm
80,16,30,5,1280,80,5,1,[80; 16; 30; 5; 1280; 80; 5; 1],0.17871658992953598,0.8185346102641704,tvm
80,4,25,5,1280,80,5,1,[80; 4; 25; 5; 1280; 80; 5; 1],0.1768701400142163,0.8270797675286302,tvm
80,5,6,6,640,64,4,1,[80; 5; 6; 6; 640; 64; 4; 1],0.1774619589559734,0.8243215342957325,tvm
128,8,10,5,640,64,4,0,[128; 8; 10; 5; 640; 64; 4; 0],0.17311538010835648,0.8450185893024125,tvm
128,16,15,3,256,64,4,0,[128; 16; 15; 3; 256; 64; 4; 0],0.20607814309187233,0.7098555532912494,tvm
128,32,30,3,256,64,4,0,[128; 32; 30; 3; 256; 64; 4; 0],0.20413844799622893,0.7166005018732025,tvm
64,1,125,5,64,64,4,1,[64; 1; 125; 5; 64; 64; 4; 1],0.2176854128483683,0.6720051305762577,tvm
128,1,12,4,64,64,4,1,[128; 1; 12; 4; 64; 64; 4; 1],0.2083380320109427,0.7021555923981793,tvm
256,32,60,12,1280,32,2,1,[256; 32; 60; 12; 1280; 32; 2; 1],0.2470860278699547,0.5920436519490563,tvm
64,8,50,5,64,64,4,1,[64; 8; 50; 5; 64; 64; 4; 1],0.19859606120735407,0.7365992728978519,tvm
256,8,60,10,1280,32,2,0,[256; 8; 60; 10; 1280; 32; 2; 0],0.2111539279576391,0.6927918211166859,tvm
64,4,100,5,64,64,4,1,[64; 4; 100; 5; 64; 64; 4; 1],0.2049684668891132,0.7136986313355901,tvm
80,8,30,3,640,80,5,1,[80; 8; 30; 3; 640; 80; 5; 1],0.20007551810704172,0.7311524951666024,tvm
80,4,30,6,320,32,2,1,[80; 4; 30; 6; 320; 32; 2; 1],0.20364688010886312,0.7183302499282809,tvm
80,4,50,5,80,80,5,0,[80; 4; 50; 5; 80; 80; 5; 0],0.20947456103749573,0.6983459641169951,tvm
80,2,300,5,1280,80,5,1,[80; 2; 300; 5; 1280; 80; 5; 1],0.20326949609443545,0.7196638802004631,tvm
128,2,15,5,256,32,2,0,[128; 2; 15; 5; 256; 32; 2; 0],0.2074739709496498,0.7050798402138608,tvm
64,16,6,6,640,32,2,0,[64; 16; 6; 6; 640; 32; 2; 0],0.19820622098632157,0.7380480469168,tvm
80,4,60,4,128,64,4,1,[80; 4; 60; 4; 128; 64; 4; 1],0.19626662484370172,0.7453417737336133,tvm
64,4,100,4,320,80,5,1,[64; 4; 100; 4; 320; 80; 5; 1],0.20198574499227107,0.7242378133729778,tvm
160,16,60,10,1280,32,2,0,[160; 16; 60; 10; 1280; 32; 2; 0],0.20717492094263434,0.7060975991694479,tvm
128,1,500,5,256,64,4,1,[128; 1; 500; 5; 256; 64; 4; 1],0.20999170490540564,0.696626156502759,tvm
128,16,75,5,256,32,2,1,[128; 16; 75; 5; 256; 32; 2; 1],0.19501876388676465,0.7501109707097383,tvm
80,20,100,4,80,80,5,1,[80; 20; 100; 4; 80; 80; 5; 1],0.18916773912496865,0.7733121670871931,tvm
160,5,100,10,160,32,2,0,[160; 5; 100; 10; 160; 32; 2; 0],0.2001250779721886,0.7309714293080433,tvm
80,5,30,5,256,64,4,0,[80; 5; 30; 5; 256; 64; 4; 0],0.19941994897089899,0.7335560711985817,tvm
64,16,100,5,320,80,5,1,[64; 16; 100; 5; 320; 80; 5; 1],0.19731711503118277,0.7413736728443259,tvm
128,4,500,5,64,64,4,0,[128; 4; 500; 5; 64; 64; 4; 0],0.2163802261929959,0.6760586069229716,tvm
80,1,12,4,320,64,4,1,[80; 1; 12; 4; 320; 64; 4; 1],0.2088485541753471,0.7004392003733687,tvm
64,1,60,5,320,80,5,1,[64; 1; 60; 5; 320; 80; 5; 1],0.1973827409092337,0.7411271806838657,tvm
80,8,100,4,1280,80,5,0,[80; 8; 100; 4; 1280; 80; 5; 0],0.19360698317177594,0.7555807744595849,tvm
64,2,30,5,320,64,4,1,[64; 2; 30; 5; 320; 64; 4; 1],0.1958582189399749,0.7468959693263972,tvm
80,8,50,5,320,80,5,0,[80; 8; 50; 5; 320; 80; 5; 0],0.19842140795663,0.7372476377029273,tvm
128,8,20,10,1280,32,2,0,[128; 8; 20; 10; 1280; 32; 2; 0],0.18601585109718144,0.7864153158070886,tvm
64,8,50,5,320,64,4,1,[64; 8; 50; 5; 320; 64; 4; 1],0.19365716399624944,0.7553849868861419,tvm
80,20,150,5,640,64,4,0,[80; 20; 150; 5; 640; 64; 4; 0],0.19419692503288388,0.7532854305542858,tvm
256,1,12,6,640,32,2,1,[256; 1; 12; 6; 640; 32; 2; 1],0.20183807401917875,0.7247676881410103,tvm
80,4,6,6,640,32,2,0,[80; 4; 6; 6; 640; 32; 2; 0],0.1928925490938127,0.7583792892620683,tvm
160,16,15,5,160,32,2,0,[160; 16; 15; 5; 160; 32; 2; 0],0.2052524669561535,0.7127111135622266,tvm
80,16,6,6,640,32,2,0,[80; 16; 6; 6; 640; 32; 2; 0],0.19011357007548213,0.7694648742203591,tvm
128,16,3,3,320,64,4,1,[128; 16; 3; 3; 320; 64; 4; 1],0.18946310807950795,0.7721065898714471,tvm
128,1,150,6,256,64,4,0,[128; 1; 150; 6; 256; 64; 4; 0],0.19541699602268636,0.7485823508858548,tvm
80,10,100,5,640,64,4,0,[80; 10; 100; 5; 640; 64; 4; 0],0.1957689980044961,0.7472363641681133,tvm
160,5,10,10,1280,32,2,0,[160; 5; 10; 10; 1280; 32; 2; 0],0.1838776939548552,0.7955598699297898,tvm
256,16,6,6,64,32,2,1,[256; 16; 6; 6; 64; 32; 2; 1],0.17877109698019922,0.818285040237332,tvm
160,2,12,12,256,32,2,0,[160; 2; 12; 12; 256; 32; 2; 0],0.20340565498918295,0.7191821402089029,tvm
128,8,750,6,640,64,4,1,[128; 8; 750; 6; 640; 64; 4; 1],0.1852667040657252,0.7895952757588756,tvm
128,16,3,3,1280,64,4,0,[128; 16; 3; 3; 1280; 64; 4; 0],0.1808811048977077,0.8087396103006013,tvm
256,16,60,5,320,32,2,1,[256; 16; 60; 5; 320; 32; 2; 1],0.18474228284321725,0.7918366712500821,tvm
160,32,10,5,128,32,2,1,[160; 32; 10; 5; 128; 32; 2; 1],0.1899635950103402,0.7700723619057198,tvm
256,8,25,5,640,32,2,1,[256; 8; 25; 5; 640; 32; 2; 1],0.19588693301193416,0.7467864856345575,tvm
256,8,60,6,320,32,2,1,[256; 8; 60; 6; 320; 32; 2; 1],0.1835256030317396,0.7970861387684154,tvm
256,16,15,5,640,32,2,1,[256; 16; 15; 5; 640; 32; 2; 1],0.18722983705811203,0.7813162505734085,tvm
128,32,100,5,128,64,4,0,[128; 32; 100; 5; 128; 64; 4; 0],0.201708375941962,0.7252337122966347,tvm
80,5,4,4,640,80,5,1,[80; 5; 4; 4; 640; 80; 5; 1],0.18069964018650353,0.8095517740640216,tvm
256,8,30,10,320,32,2,1,[256; 8; 30; 10; 320; 32; 2; 1],0.1799251209013164,0.8130366318661398,tvm
128,8,5,5,1280,32,2,1,[128; 8; 5; 5; 1280; 32; 2; 1],0.1746263480745256,0.8377070006828734,tvm
128,2,12,6,64,64,4,1,[128; 2; 12; 6; 64; 64; 4; 1],0.18129862495698035,0.806877130592832,tvm
80,10,60,5,320,80,5,1,[80; 10; 60; 5; 320; 80; 5; 1],0.1831681071780622,0.7986418407627391,tvm
128,32,60,6,256,64,4,0,[128; 32; 60; 6; 256; 64; 4; 0],0.19706235313788056,0.7423321195366074,tvm
128,1,25,5,320,64,4,1,[128; 1; 25; 5; 320; 64; 4; 1],0.18292971304617822,0.7996826313764914,tvm
128,2,60,6,640,64,4,0,[128; 2; 60; 6; 640; 64; 4; 0],0.1785164810717106,0.8194521503420791,tvm
80,1,25,5,1280,64,4,1,[80; 1; 25; 5; 1280; 64; 4; 1],0.186906622024253,0.7826673699486809,tvm
80,2,10,5,640,64,4,1,[80; 2; 10; 5; 640; 64; 4; 1],0.17997015197761357,0.812833198606793,tvm
160,16,6,6,128,32,2,1,[160; 16; 6; 6; 128; 32; 2; 1],0.17847453197464347,0.8196447564098257,tvm
128,2,30,5,1280,64,4,0,[128; 2; 30; 5; 1280; 64; 4; 0],0.17147888080216944,0.8530829779235624,tvm
128,2,12,6,320,64,4,1,[128; 2; 12; 6; 320; 64; 4; 1],0.17155422898940742,0.8527082960732298,tvm
128,16,12,6,320,64,4,1,[128; 16; 12; 6; 320; 64; 4; 1],0.17012532195076346,0.8598703156491385,tvm
64,16,20,5,160,32,2,1,[64; 16; 20; 5; 160; 32; 2; 1],0.21588265686295927,0.6776167961402078,tvm
128,4,12,4,160,32,2,0,[128; 4; 12; 4; 160; 32; 2; 0],0.23091133288107812,0.6335146588974611,tvm
64,16,6,6,128,32,2,0,[64; 16; 6; 6; 128; 32; 2; 0],0.23857800592668355,0.6131567481147813,tvm
64,2,150,6,64,64,4,0,[64; 2; 150; 6; 64; 64; 4; 0],0.22363784397020936,0.6541187827995736,tvm
64,1,100,5,80,80,5,0,[64; 1; 100; 5; 80; 80; 5; 0],0.23241611011326313,0.6294129706173338,tvm
64,2,30,6,256,32,2,0,[64; 2; 30; 6; 256; 32; 2; 0],0.2334610631223768,0.6265957686016084,tvm
256,4,60,10,32,32,2,1,[256; 4; 60; 10; 32; 32; 2; 1],0.21396852820180357,0.6836786489821789,tvm
80,16,1500,4,160,80,5,0,[80; 16; 1500; 4; 160; 80; 5; 0],0.2463850521016866,0.5937280408770095,tvm
128,8,1500,4,320,64,4,0,[128; 8; 1500; 4; 320; 64; 4; 0],0.22221609903499484,0.6583038534155757,tvm
128,4,75,3,256,64,4,0,[128; 4; 75; 3; 256; 64; 4; 0],0.2193299699574709,0.6669663717825693,tvm
64,8,60,6,320,32,2,1,[64; 8; 60; 6; 320; 32; 2; 1],0.20975977694615722,0.6973964046656288,tvm
64,4,60,6,64,64,4,0,[64; 4; 60; 6; 64; 64; 4; 0],0.22541731013916433,0.6489551055125398,tvm
64,16,75,3,1280,64,4,0,[64; 16; 75; 3; 1280; 64; 4; 0],0.22436049790121615,0.6520118989489966,tvm
80,5,100,10,1280,32,2,0,[80; 5; 100; 10; 1280; 32; 2; 0],0.2184033638332039,0.6697960677814178,tvm
80,16,60,5,640,32,2,0,[80; 16; 60; 5; 640; 32; 2; 0],0.22150991298258305,0.6604025630998126,tvm
80,10,150,6,640,32,2,1,[80; 10; 150; 6; 640; 32; 2; 1],0.21171744400635362,0.6909478572834286,tvm
128,1,60,6,1280,32,2,0,[128; 1; 60; 6; 1280; 32; 2; 0],0.22153859795071185,0.6603170537274056,tvm
80,16,60,4,80,80,5,0,[80; 16; 60; 4; 80; 80; 5; 0],0.22737051011063159,0.6433803320163908,tvm
128,8,12,3,64,64,4,1,[128; 8; 12; 3; 64; 64; 4; 1],0.21552191185764968,0.6787510050594517,tvm
64,4,30,3,640,80,5,0,[64; 4; 30; 3; 640; 80; 5; 0],0.217667018994689,0.6720619180679992,tvm
160,40,50,5,64,32,2,1,[160; 40; 50; 5; 64; 32; 2; 1],0.20910389302298427,0.6995838870854254,tvm
64,1,15,5,1280,32,2,1,[64; 1; 15; 5; 1280; 32; 2; 1],0.21152917807921767,0.6915628170735401,tvm
64,16,12,3,640,64,4,0,[64; 16; 12; 3; 640; 64; 4; 0],0.22064502979628742,0.6629912054704968,tvm
80,4,20,10,320,32,2,0,[80; 4; 20; 10; 320; 32; 2; 0],0.2153533399105072,0.679282310395117,tvm
80,16,500,4,160,80,5,1,[80; 16; 500; 4; 160; 80; 5; 1],0.2098960920702666,0.6969434868598814,tvm
64,8,20,5,1280,32,2,1,[64; 8; 20; 5; 1280; 32; 2; 1],0.20116503187455237,0.7271925588784182,tvm
128,8,60,6,128,32,2,0,[128; 8; 60; 6; 128; 32; 2; 0],0.20725292596034706,0.7058318410119943,tvm
128,4,60,4,128,64,4,0,[128; 4; 60; 4; 128; 64; 4; 0],0.20800667209550738,0.7032741441031585,tvm
64,8,60,5,256,64,4,0,[64; 8; 60; 5; 256; 64; 4; 0],0.21145671210251749,0.691799814870822,tvm
64,16,30,5,64,64,4,1,[64; 16; 30; 5; 64; 64; 4; 1],0.20332597708329558,0.7194639680781474,tvm
80,20,30,6,640,32,2,0,[80; 20; 30; 6; 640; 32; 2; 0],0.1980775787960738,0.7385273748540686,tvm
80,2,25,5,128,64,4,0,[80; 2; 25; 5; 128; 64; 4; 0],0.20927090384066105,0.6990255769005341,tvm
128,32,50,10,1280,32,2,0,[128; 32; 50; 10; 1280; 32; 2; 0],0.2355363790411502,0.6210748202941379,tvm
80,4,1500,5,320,80,5,1,[80; 4; 1500; 5; 320; 80; 5; 1],0.20986601477488875,0.6970433704696142,tvm
80,20,20,5,1280,32,2,0,[80; 20; 20; 5; 1280; 32; 2; 0],0.19999570213258266,0.7314442896814726,tvm
64,16,150,6,128,64,4,1,[64; 16; 150; 6; 128; 64; 4; 1],0.19518566294573247,0.7494695669649987,tvm
64,1,60,6,640,64,4,0,[64; 1; 60; 6; 640; 64; 4; 0],0.20675196102820337,0.7075420883952788,tvm
256,32,15,5,64,32,2,0,[256; 32; 15; 5; 64; 32; 2; 0],0.2020099009387195,0.7241512104403766,tvm
80,4,375,5,64,64,4,1,[80; 4; 375; 5; 64; 64; 4; 1],0.19900023192167282,0.7351032351725744,tvm
80,5,6,3,640,64,4,1,[80; 5; 6; 3; 640; 64; 4; 1],0.20062808296643198,0.7291387732104785,tvm
160,4,150,10,256,32,2,0,[160; 4; 150; 10; 256; 32; 2; 0],0.19887870689854026,0.7355524207040589,tvm
128,32,30,3,320,64,4,1,[128; 32; 30; 3; 320; 64; 4; 1],0.19351203995756805,0.755951486624764,tvm
64,16,60,5,1280,80,5,0,[64; 16; 60; 5; 1280; 80; 5; 0],0.1980714281089604,0.7385503082516351,tvm
80,5,300,5,64,64,4,1,[80; 5; 300; 5; 64; 64; 4; 1],0.20388273615390062,0.7174992696551351,tvm
160,5,60,12,160,32,2,0,[160; 5; 60; 12; 160; 32; 2; 0],0.20909679308533669,0.6996076416438013,tvm
256,1,20,10,640,32,2,0,[256; 1; 20; 10; 640; 32; 2; 0],0.20373375387862325,0.718023947926006,tvm
128,32,5,5,160,32,2,0,[128; 32; 5; 5; 160; 32; 2; 0],0.20022795489057899,0.7305958569354456,tvm
80,5,300,6,128,64,4,1,[80; 5; 300; 6; 128; 64; 4; 1],0.19737050193361938,0.7411731380959543,tvm
128,2,300,6,640,64,4,0,[128; 2; 300; 6; 640; 64; 4; 0],0.19616952701471746,0.7457106947846152,tvm
80,1,150,5,128,64,4,1,[80; 1; 150; 5; 128; 64; 4; 1],0.2094937521032989,0.6982819908327507,tvm
160,16,150,10,160,32,2,1,[160; 16; 150; 10; 160; 32; 2; 1],0.1938027881551534,0.7548173877075588,tvm
160,8,100,10,128,32,2,1,[160; 8; 100; 10; 128; 32; 2; 1],0.19695135508663952,0.7427504838510136,tvm
160,10,12,6,64,32,2,1,[160; 10; 12; 6; 64; 32; 2; 1],0.20090075582265854,0.7281491485021855,tvm
256,4,30,5,640,32,2,1,[256; 4; 30; 5; 640; 32; 2; 1],0.19729490601457655,0.7414571275089403,tvm
128,8,6,6,64,64,4,0,[128; 8; 6; 6; 64; 64; 4; 0],0.20068632811307907,0.7289271554327701,tvm
80,4,5,5,256,64,4,1,[80; 4; 5; 5; 256; 64; 4; 1],0.18237611302174628,0.8021100563113295,tvm
80,20,50,5,256,64,4,1,[80; 20; 50; 5; 256; 64; 4; 1],0.1877632630057633,0.7790965705640945,tvm
80,4,4,4,1280,80,5,1,[80; 4; 4; 4; 1280; 80; 5; 1],0.17446930101141334,0.8384610555420559,tvm
80,2,25,5,640,64,4,0,[80; 2; 25; 5; 640; 64; 4; 0],0.18915670295245945,0.7733572852688182,tvm
80,4,60,6,640,64,4,1,[80; 4; 60; 6; 640; 64; 4; 1],0.1886225340422243,0.7755473916651303,tvm
128,2,30,5,256,64,4,0,[128; 2; 30; 5; 256; 64; 4; 0],0.18309735599905252,0.7989504462668007,tvm
128,2,60,6,1280,64,4,0,[128; 2; 60; 6; 1280; 64; 4; 0],0.18287189793772995,0.7999354517309506,tvm
160,20,5,5,640,32,2,1,[160; 20; 5; 5; 640; 32; 2; 1],0.17303185490891337,0.8454264930738987,tvm
128,8,20,5,256,64,4,1,[128; 8; 20; 5; 256; 64; 4; 1],0.17484993510879576,0.8366357939720817,tvm
256,16,250,5,128,32,2,1,[256; 16; 250; 5; 128; 32; 2; 1],0.2112908570561558,0.6923428506271582,tvm
80,40,20,5,640,32,2,1,[80; 40; 20; 5; 640; 32; 2; 1],0.202720029046759,0.7216145092992874,tvm
256,2,20,4,128,32,2,1,[256; 2; 20; 4; 128; 32; 2; 1],0.20818691002205014,0.7026652841440436,tvm
64,4,6,6,128,32,2,1,[64; 4; 6; 6; 128; 32; 2; 1],0.20470826188102365,0.7146058148387557,tvm
128,32,4,2,640,64,4,1,[128; 32; 4; 2; 640; 64; 4; 1],0.2367364231031388,0.6179265208462751,tvm
80,40,12,6,64,32,2,1,[80; 40; 12; 6; 64; 32; 2; 1],0.22225978504866362,0.6581744612669591,tvm
64,1,30,3,640,64,4,1,[64; 1; 30; 3; 640; 64; 4; 1],0.23134537204168737,0.6323260888891017,tvm
64,8,500,5,320,80,5,1,[64; 8; 500; 5; 320; 80; 5; 1],0.21213069092482328,0.6896018376593903,tvm
80,8,60,10,160,32,2,0,[80; 8; 60; 10; 160; 32; 2; 0],0.21566290501505136,0.678307260469782,tvm
128,4,125,5,64,32,2,0,[128; 4; 125; 5; 64; 32; 2; 0],0.22950984607450664,0.6373831745685761,tvm
80,10,60,5,64,32,2,1,[80; 10; 60; 5; 64; 32; 2; 1],0.23116625612601638,0.6328160378475356,tvm
256,16,12,4,160,32,2,0,[256; 16; 12; 4; 160; 32; 2; 0],0.20167634403333068,0.7253488999262002,tvm
64,4,60,5,1280,32,2,1,[64; 4; 60; 5; 1280; 32; 2; 1],0.21614176384173334,0.6768044809370107,tvm
80,5,12,6,160,32,2,0,[80; 5; 12; 6; 160; 32; 2; 0],0.2344986042007804,0.6238233902682968,tvm
128,2,6,6,32,32,2,1,[128; 2; 6; 6; 32; 32; 2; 1],0.2307974509894848,0.6338272526778431,tvm
128,32,150,6,256,32,2,0,[128; 32; 150; 6; 256; 32; 2; 0],0.20705514517612755,0.7065060574142175,tvm
80,16,150,3,160,80,5,1,[80; 16; 150; 3; 160; 80; 5; 1],0.22082986403256655,0.662436282912084,tvm
160,10,60,4,320,32,2,1,[160; 10; 60; 4; 320; 32; 2; 1],0.20737415296025574,0.7054192250938364,tvm
80,4,12,4,640,32,2,0,[80; 4; 12; 4; 640; 32; 2; 0],0.2255778128746897,0.6484933620975268,tvm
64,2,6,6,320,32,2,0,[64; 2; 6; 6; 320; 32; 2; 0],0.21850484004244208,0.6694850066355508,tvm
80,8,50,10,160,32,2,1,[80; 8; 50; 10; 160; 32; 2; 1],0.209480568068102,0.6983259384620195,tvm
64,16,5,5,256,32,2,1,[64; 16; 5; 5; 256; 32; 2; 1],0.2036709359381348,0.7182454070429996,tvm
64,8,4,4,640,32,2,1,[64; 8; 4; 4; 640; 32; 2; 1],0.21109200501814485,0.6929950486430787,tvm
128,16,60,12,160,32,2,0,[128; 16; 60; 12; 160; 32; 2; 0],0.21620599296875298,0.6766034200858444,tvm
160,40,100,5,320,32,2,1,[160; 40; 100; 5; 320; 32; 2; 1],0.19818402198143303,0.7381307172150293,tvm
80,5,12,4,256,64,4,0,[80; 5; 12; 4; 256; 64; 4; 0],0.2102959610056132,0.6956182780981212,tvm
64,8,5,5,320,32,2,1,[64; 8; 5; 5; 320; 32; 2; 1],0.205264151096344,0.7126705442932058,tvm
160,32,100,10,64,32,2,1,[160; 32; 100; 10; 64; 32; 2; 1],0.23325946694239974,0.6271373085227772,tvm
160,5,150,10,64,32,2,0,[160; 5; 150; 10; 64; 32; 2; 0],0.21805870393291116,0.6708547361206052,tvm
64,8,3,3,1280,64,4,0,[64; 8; 3; 3; 1280; 64; 4; 0],0.19992757099680603,0.7316935506011389,tvm
160,32,150,5,1280,32,2,0,[160; 32; 150; 5; 1280; 32; 2; 0],0.20036975387483835,0.7300788240579072,tvm
80,10,5,5,64,64,4,0,[80; 10; 5; 5; 64; 64; 4; 0],0.208264745073393,0.7024026761426322,tvm
64,1,5,5,160,80,5,1,[64; 1; 5; 5; 160; 80; 5; 1],0.19711982691660523,0.7421156794521886,tvm
64,16,20,4,640,64,4,0,[64; 16; 20; 4; 640; 64; 4; 0],0.19883035798557103,0.7357312825254287,tvm
160,20,15,5,1280,32,2,0,[160; 20; 15; 5; 1280; 32; 2; 0],0.1915866790805012,0.7635484626999967,tvm
256,4,15,5,64,32,2,0,[256; 4; 15; 5; 64; 32; 2; 0],0.2100448589771986,0.6964498678903364,tvm
64,2,100,5,128,64,4,1,[64; 2; 100; 5; 128; 64; 4; 1],0.1943818510044366,0.7525687893690005,tvm
128,2,6,3,320,64,4,1,[128; 2; 6; 3; 320; 64; 4; 1],0.19266961491666734,0.7592567948453376,tvm
64,8,60,5,1280,64,4,0,[64; 8; 60; 5; 1280; 64; 4; 0],0.19776037917472422,0.7397119427874311,tvm
128,8,100,10,320,32,2,1,[128; 8; 100; 10; 320; 32; 2; 1],0.1936142318882048,0.7555524862975023,tvm
128,8,20,5,320,32,2,0,[128; 8; 20; 5; 320; 32; 2; 0],0.20006461115553975,0.7311923555135137,tvm
256,1,50,10,320,32,2,0,[256; 1; 50; 10; 320; 32; 2; 0],0.19568123202770948,0.7475715109203701,tvm
128,2,30,10,1280,32,2,0,[128; 2; 30; 10; 1280; 32; 2; 0],0.19807477085851133,0.7385378443285391,tvm
64,1,5,5,640,80,5,0,[64; 1; 5; 5; 640; 80; 5; 0],0.19628145196475089,0.7452854705394423,tvm
80,5,75,5,320,64,4,0,[80; 5; 75; 5; 320; 64; 4; 0],0.19970990088768303,0.7324910464403338,tvm
160,4,60,12,320,32,2,1,[160; 4; 60; 12; 320; 32; 2; 1],0.20017497707158327,0.7307892146449554,tvm
160,10,15,5,160,32,2,0,[160; 10; 15; 5; 160; 32; 2; 0],0.20359599008224905,0.7185098008394839,tvm
80,2,15,5,320,80,5,0,[80; 2; 15; 5; 320; 80; 5; 0],0.19943375303409994,0.7335052971735522,tvm
256,4,75,5,320,32,2,0,[256; 4; 75; 5; 320; 32; 2; 0],0.20014779106713831,0.730888477488336,tvm
64,4,10,5,1280,80,5,0,[64; 4; 10; 5; 1280; 80; 5; 0],0.18225343013182282,0.8026499922657516,tvm
160,10,100,5,256,32,2,1,[160; 10; 100; 5; 256; 32; 2; 1],0.19583617290481925,0.7469800502934277,tvm
64,16,25,5,1280,64,4,1,[64; 16; 25; 5; 1280; 64; 4; 1],0.18409031815826893,0.7946409987729356,tvm
160,32,6,6,1280,32,2,0,[160; 32; 6; 6; 1280; 32; 2; 0],0.17360485391691327,0.8426360841023844,tvm
256,32,30,6,160,32,2,0,[256; 32; 30; 6; 160; 32; 2; 0],0.18767566489987075,0.7794602159196349,tvm
256,8,60,6,128,32,2,1,[256; 8; 60; 6; 128; 32; 2; 1],0.18465832900255919,0.7921966752102848,tvm
80,4,10,5,128,64,4,1,[80; 4; 10; 5; 128; 64; 4; 1],0.18936748197302222,0.772496485466045,tvm
80,10,20,4,1280,80,5,1,[80; 10; 20; 4; 1280; 80; 5; 1],0.17829548101872206,0.82046787417093,tvm
80,4,4,4,640,80,5,0,[80; 4; 4; 4; 640; 80; 5; 0],0.18946571019478142,0.7720959857872136,tvm
80,4,50,5,320,64,4,1,[80; 4; 50; 5; 320; 64; 4; 1],0.18684967304579914,0.7829059152266105,tvm
80,8,15,5,256,64,4,1,[80; 8; 15; 5; 256; 64; 4; 1],0.1878433208912611,0.7787645234956014,tvm
80,20,12,4,640,80,5,1,[80; 20; 12; 4; 640; 80; 5; 1],0.1862072180956602,0.7856071090142325,tvm
128,16,100,5,320,64,4,1,[128; 16; 100; 5; 320; 64; 4; 1],0.18184766313061118,0.8044409907024502,tvm
80,4,5,5,1280,80,5,0,[80; 4; 5; 5; 1280; 80; 5; 0],0.17484194412827492,0.836674031595016,tvm
128,32,5,5,1280,64,4,1,[128; 32; 5; 5; 1280; 64; 4; 1],0.1647282971534878,0.8880424117382251,tvm
80,1,1500,4,1280,80,5,1,[80; 1; 1500; 4; 1280; 80; 5; 1],0.2251333009917289,0.6497737724331091,tvm
80,1,60,4,160,80,5,0,[80; 1; 60; 4; 160; 80; 5; 0],0.23336409009061754,0.6268561466715387,tvm
128,1,1500,4,320,64,4,1,[128; 1; 1500; 4; 320; 64; 4; 1],0.2237940849736333,0.653662112217797,tvm
80,1,300,4,1280,80,5,0,[80; 1; 300; 4; 1280; 80; 5; 0],0.22948410105891526,0.6374546803491127,tvm
128,1,1500,4,1280,64,4,1,[128; 1; 1500; 4; 1280; 64; 4; 1],0.22076176293194294,0.66264063279297,tvm
40,2,15,5,640,80,5,1,[40; 2; 15; 5; 640; 80; 5; 1],0.2108366941101849,0.6938342251243241,tvm
128,4,20,4,128,32,2,1,[128; 4; 20; 4; 128; 32; 2; 1],0.21984416199848056,0.6654064085937627,tvm
80,2,50,5,160,32,2,1,[80; 2; 50; 5; 160; 32; 2; 1],0.23026940901763737,0.6352807127520339,tvm
80,5,6,3,256,64,4,0,[80; 5; 6; 3; 256; 64; 4; 0],0.23028207896277308,0.6352457600895749,tvm
40,4,5,5,640,64,4,1,[40; 4; 5; 5; 640; 64; 4; 1],0.2023050228599459,0.72309482096738,tvm
128,4,20,4,64,64,4,0,[128; 4; 20; 4; 64; 64; 4; 0],0.22304356703534722,0.6558616158722542,tvm
80,8,30,5,256,32,2,0,[80; 8; 30; 5; 256; 32; 2; 0],0.22247387818060815,0.6575410806969303,tvm
80,10,12,4,160,32,2,1,[80; 10; 12; 4; 160; 32; 2; 1],0.22756445407867432,0.6428320050157742,tvm
40,1,12,3,1280,80,5,0,[40; 1; 12; 3; 1280; 80; 5; 0],0.24142771889455616,0.6059192993891673,tvm
64,4,15,5,80,80,5,0,[64; 4; 15; 5; 80; 80; 5; 0],0.21886558295227587,0.6683815349698551,tvm
40,2,30,5,1280,80,5,1,[40; 2; 30; 5; 1280; 80; 5; 1],0.20300744706764817,0.7205928472021399,tvm
64,32,50,5,128,64,4,1,[64; 32; 50; 5; 128; 64; 4; 1],0.19720339588820934,0.7418011927575565,tvm
128,32,1500,4,256,64,4,1,[128; 32; 1500; 4; 256; 64; 4; 1],0.21537974290549755,0.6791990384624995,tvm
80,5,750,5,128,64,4,0,[80; 5; 750; 5; 128; 64; 4; 0],0.21533808181993663,0.6793304419235833,tvm
64,32,10,10,1280,32,2,1,[64; 32; 10; 10; 1280; 32; 2; 1],0.2011277419514954,0.72732738341483,tvm
80,4,6,3,320,64,4,0,[80; 4; 6; 3; 320; 64; 4; 0],0.2233962679747492,0.654826133005271,tvm
80,8,750,5,160,80,5,0,[80; 8; 750; 5; 160; 80; 5; 0],0.21302972501143813,0.6866915604282915,tvm
128,8,60,3,128,64,4,1,[128; 8; 60; 3; 128; 64; 4; 1],0.20223822491243482,0.7233336544021445,tvm
128,32,150,10,640,32,2,1,[128; 32; 150; 10; 640; 32; 2; 1],0.2283427428919822,0.6406409611840168,tvm
128,1,50,10,1280,32,2,1,[128; 1; 50; 10; 1280; 32; 2; 1],0.2108708620071411,0.693721801548667,tvm
40,10,5,5,640,80,5,1,[40; 10; 5; 5; 640; 80; 5; 1],0.2015592479147017,0.725770292354044,tvm
64,16,100,5,320,80,5,0,[64; 16; 100; 5; 320; 80; 5; 0],0.2064179431181401,0.7086870069332584,tvm
80,20,10,5,80,80,5,0,[80; 20; 10; 5; 80; 80; 5; 0],0.2016899148002267,0.7253000946061676,tvm
80,16,30,5,80,80,5,0,[80; 16; 30; 5; 80; 80; 5; 0],0.20867916313000023,0.701007767577557,tvm
160,1,100,10,320,32,2,0,[160; 1; 100; 10; 320; 32; 2; 0],0.20359416399151087,0.718516245346865,tvm
160,10,125,5,64,32,2,1,[160; 10; 125; 5; 64; 32; 2; 1],0.20873896009288728,0.7008069515179066,tvm
80,20,300,4,80,80,5,1,[80; 20; 300; 4; 80; 80; 5; 1],0.18899691081605852,0.7740111394100354,tvm
80,2,50,5,160,80,5,0,[80; 2; 50; 5; 160; 80; 5; 0],0.2066919389180839,0.7077475544108676,tvm
80,4,125,5,160,80,5,0,[80; 4; 125; 5; 160; 80; 5; 0],0.2056147449184209,0.7114553693304154,tvm
80,20,20,10,640,32,2,0,[80; 20; 20; 10; 640; 32; 2; 0],0.20280473586171865,0.7213131077247548,tvm
128,4,5,5,128,32,2,0,[128; 4; 5; 5; 128; 32; 2; 0],0.2159593920223415,0.6773760238711022,tvm
80,8,375,5,1280,80,5,1,[80; 8; 375; 5; 1280; 80; 5; 1],0.2029261509887874,0.7208815304134816,tvm
80,10,500,5,256,64,4,1,[80; 10; 500; 5; 256; 64; 4; 1],0.2024657567963004,0.7225207689460864,tvm
80,16,300,5,1280,80,5,1,[80; 16; 300; 5; 1280; 80; 5; 1],0.20655739307403564,0.7082085618367657,tvm
128,1,15,3,1280,64,4,1,[128; 1; 15; 3; 1280; 64; 4; 1],0.20449003903195262,0.7153684109907006,tvm
160,16,125,5,1280,32,2,0,[160; 16; 125; 5; 1280; 32; 2; 0],0.20266314106993377,0.7218170680342654,tvm
160,32,150,6,160,32,2,0,[160; 32; 150; 6; 160; 32; 2; 0],0.20677502104081213,0.7074631817198133,tvm
64,16,125,5,160,80,5,1,[64; 16; 125; 5; 160; 80; 5; 1],0.19231140799820423,0.7606710169116971,tvm
256,32,150,6,640,32,2,0,[256; 32; 150; 6; 640; 32; 2; 0],0.19369960390031338,0.7552194807842745,tvm
160,5,125,5,320,32,2,1,[160; 5; 125; 5; 320; 32; 2; 1],0.20097676198929548,0.7278737742501088,tvm
80,2,60,4,160,80,5,1,[80; 2; 60; 4; 160; 80; 5; 1],0.1959303179755807,0.7466211242710599,tvm
128,4,750,6,640,64,4,0,[128; 4; 750; 6; 640; 64; 4; 0],0.19395959004759789,0.754207174029475,tvm
256,8,150,6,256,32,2,0,[256; 8; 150; 6; 256; 32; 2; 0],0.19242286612279713,0.7602304093753608,tvm
80,2,150,5,256,64,4,1,[80; 2; 150; 5; 256; 64; 4; 1],0.19579712115228176,0.7471290355282607,tvm
160,16,30,5,160,32,2,0,[160; 16; 30; 5; 160; 32; 2; 0],0.20504637598060071,0.713427455550613,tvm
160,5,25,5,160,32,2,1,[160; 5; 25; 5; 160; 32; 2; 1],0.19786854088306427,0.7393075909533581,tvm
128,8,75,5,128,64,4,0,[128; 8; 75; 5; 128; 64; 4; 0],0.18885516608133912,0.7745920713797665,tvm
256,8,12,6,128,32,2,0,[256; 8; 12; 6; 128; 32; 2; 0],0.1875403302256018,0.7800226975698495,tvm
80,5,5,5,128,64,4,1,[80; 5; 5; 5; 128; 64; 4; 1],0.188676156103611,0.7753269798722309,tvm
80,4,20,5,256,64,4,1,[80; 4; 20; 5; 256; 64; 4; 1],0.19188848184421659,0.7623475514516572,tvm
80,10,15,5,256,64,4,1,[80; 10; 15; 5; 256; 64; 4; 1],0.1892926529981196,0.7728018598121053,tvm
80,5,30,6,640,64,4,0,[80; 5; 30; 6; 640; 64; 4; 0],0.18634470994584262,0.785027459745057,tvm
80,16,25,5,320,80,5,1,[80; 16; 25; 5; 320; 80; 5; 1],0.18520890595391393,0.7898416846224177,tvm
80,5,50,5,640,64,4,1,[80; 5; 50; 5; 640; 64; 4; 1],0.18184823007322848,0.8044384827215887,tvm
128,32,30,6,256,64,4,0,[128; 32; 30; 6; 256; 64; 4; 0],0.1917950559873134,0.7627189008218784,tvm
128,2,150,5,1280,64,4,1,[128; 2; 150; 5; 1280; 64; 4; 1],0.1813411528710276,0.8066879027164605,tvm
128,4,150,5,640,64,4,1,[128; 4; 150; 5; 640; 64; 4; 1],0.18036956596188247,0.8110332444700171,tvm
80,2,30,5,1280,80,5,0,[80; 2; 30; 5; 1280; 80; 5; 0],0.18179529812186956,0.8046727049433874,tvm
128,2,60,5,1280,64,4,0,[128; 2; 60; 5; 1280; 64; 4; 0],0.18321821209974587,0.7984234351445088,tvm
64,4,60,12,1280,32,2,1,[64; 4; 60; 12; 1280; 32; 2; 1],0.22151230787858367,0.6603954231107424,tvm
160,16,100,4,256,32,2,1,[160; 16; 100; 4; 256; 32; 2; 1],0.2137309608515352,0.6844385750332603,tvm
128,32,12,4,128,32,2,1,[128; 32; 12; 4; 128; 32; 2; 1],0.21540300990454853,0.6791256740123448,tvm
80,8,50,5,1280,32,2,0,[80; 8; 50; 5; 1280; 32; 2; 0],0.22143954900093377,0.6606124106814246,tvm
128,1,30,3,128,64,4,1,[128; 1; 30; 3; 128; 64; 4; 1],0.22729261312633753,0.6436008292288996,tvm
128,16,150,10,64,32,2,1,[128; 16; 150; 10; 64; 32; 2; 1],0.21774825104512274,0.6718112020812527,tvm
128,32,150,5,128,32,2,1,[128; 32; 150; 5; 128; 32; 2; 1],0.20520294294692576,0.7128831204119233,tvm
80,4,75,5,640,32,2,1,[80; 4; 75; 5; 640; 32; 2; 1],0.2152566770091653,0.6795873480825205,tvm
80,40,30,5,128,64,4,1,[80; 40; 30; 5; 128; 64; 4; 1],0.20204021502286196,0.7240425588992828,tvm
256,1,4,4,128,32,2,1,[256; 1; 4; 4; 128; 32; 2; 1],0.2130172539036721,0.6867317628264316,tvm
80,5,500,5,160,80,5,0,[80; 5; 500; 5; 160; 80; 5; 0],0.21221056999638677,0.6893422617365622,tvm
80,20,1500,4,64,64,4,1,[80; 20; 1500; 4; 64; 64; 4; 1],0.21654491196386516,0.6755444538457915,tvm
40,8,15,5,640,64,4,1,[40; 8; 15; 5; 640; 64; 4; 1],0.21256873686797917,0.6881807571570061,tvm
128,1,75,3,320,64,4,1,[128; 1; 75; 3; 320; 64; 4; 1],0.2200796790421009,0.664694327629086,tvm
160,10,6,6,32,32,2,1,[160; 10; 6; 6; 32; 32; 2; 1],0.21270298189483583,0.6877464198317661,tvm
80,4,300,6,128,64,4,0,[80; 4; 300; 6; 128; 64; 4; 0],0.21093210601247847,0.6935203798565412,tvm
80,20,5,5,256,32,2,0,[80; 20; 5; 5; 256; 32; 2; 0],0.20579982409253716,0.7108155457894728,tvm
64,16,12,4,320,64,4,0,[64; 16; 12; 4; 320; 64; 4; 0],0.21828231308609247,0.6701675102188326,tvm
128,8,15,5,128,32,2,0,[128; 8; 15; 5; 128; 32; 2; 0],0.21733219013549387,0.6730973179560457,tvm
160,1,15,5,640,32,2,0,[160; 1; 15; 5; 640; 32; 2; 0],0.2136686199810356,0.6846382697594905,tvm
40,5,6,6,1280,32,2,0,[40; 5; 6; 6; 1280; 32; 2; 0],0.20418437500484288,0.7164393175640628,tvm
160,10,15,5,64,32,2,1,[160; 10; 15; 5; 64; 32; 2; 1],0.20736968098208308,0.7054344376329224,tvm
80,1,20,10,640,32,2,1,[80; 1; 20; 10; 640; 32; 2; 1],0.201377296121791,0.7264260525041618,tvm
80,16,500,4,80,80,5,1,[80; 16; 500; 4; 80; 80; 5; 1],0.19732781290076673,0.7413334802391959,tvm
80,2,10,5,160,80,5,0,[80; 2; 10; 5; 160; 80; 5; 0],0.2130983651150018,0.6864703734670558,tvm
128,8,50,10,320,32,2,0,[128; 8; 50; 10; 320; 32; 2; 0],0.19495120598003268,0.7503709123025235,tvm
80,8,125,5,80,80,5,0,[80; 8; 125; 5; 80; 80; 5; 0],0.21270236698910594,0.6877484080523029,tvm
64,32,60,4,1280,80,5,0,[64; 32; 60; 4; 1280; 80; 5; 0],0.20469908299855888,0.7146378583764549,tvm
80,8,375,5,320,64,4,1,[80; 8; 375; 5; 320; 64; 4; 1],0.21165386913344264,0.6911553985979094,tvm
80,4,150,6,128,64,4,0,[80; 4; 150; 6; 128; 64; 4; 0],0.20004802709445357,0.7312529716508768,tvm
80,2,30,6,1280,32,2,0,[80; 2; 30; 6; 1280; 32; 2; 0],0.20377884991467,0.7178650500136287,tvm
160,20,60,10,1280,32,2,0,[160; 20; 60; 10; 1280; 32; 2; 0],0.20911666681058705,0.6995411533515712,tvm
256,2,10,5,64,32,2,0,[256; 2; 10; 5; 64; 32; 2; 0],0.21083905594423413,0.6938264527441544,tvm
80,16,30,10,1280,32,2,0,[80; 16; 30; 10; 1280; 32; 2; 0],0.19557699910365045,0.7479699297778205,tvm
80,2,3,3,320,80,5,1,[80; 2; 3; 3; 320; 80; 5; 1],0.21518478798680007,0.6798143849029319,tvm
160,16,150,6,128,32,2,0,[160; 16; 150; 6; 128; 32; 2; 0],0.2056419828440994,0.7113611348350785,tvm
80,16,10,5,256,64,4,0,[80; 16; 10; 5; 256; 64; 4; 0],0.20288863498717546,0.7210148281344639,tvm
128,4,12,3,1280,64,4,1,[128; 4; 12; 3; 1280; 64; 4; 1],0.1877371601294726,0.7792048957426895,tvm
160,5,10,5,128,32,2,0,[160; 5; 10; 5; 128; 32; 2; 0],0.2064914198126644,0.7084348319093808,tvm
160,16,100,5,320,32,2,0,[160; 16; 100; 5; 320; 32; 2; 0],0.20650312886573374,0.7083946625371851,tvm
64,4,12,4,1280,64,4,0,[64; 4; 12; 4; 1280; 64; 4; 0],0.1897894770372659,0.7707788470115787,tvm
64,1,30,5,320,80,5,1,[64; 1; 30; 5; 320; 80; 5; 1],0.2011017131153494,0.7274215222712034,tvm
64,2,4,4,640,80,5,1,[64; 2; 4; 4; 640; 80; 5; 1],0.18911728006787598,0.7735184972690543,tvm
160,10,100,5,128,32,2,1,[160; 10; 100; 5; 128; 32; 2; 1],0.1994065388571471,0.733605402932709,tvm
256,2,30,5,128,32,2,1,[256; 2; 30; 5; 128; 32; 2; 1],0.19914579717442393,0.7345659128200854,tvm
160,2,30,6,128,32,2,1,[160; 2; 30; 6; 128; 32; 2; 1],0.19978032796643674,0.7322328267990952,tvm
128,4,6,3,1280,64,4,1,[128; 4; 6; 3; 1280; 64; 4; 1],0.18161026993766427,0.8054925216284589,tvm
160,20,50,10,640,32,2,0,[160; 20; 50; 10; 640; 32; 2; 0],0.19299720018170774,0.7579680645521574,tvm
64,16,75,5,1280,64,4,1,[64; 16; 75; 5; 1280; 64; 4; 1],0.19517498300410807,0.7495105778112723,tvm
128,8,15,5,64,64,4,0,[128; 8; 15; 5; 64; 64; 4; 0],0.21843906911090016,0.6696865852850066,tvm
80,20,60,4,640,64,4,1,[80; 20; 60; 4; 640; 64; 4; 1],0.1947307181544602,0.7512205350656624,tvm
80,8,30,6,320,64,4,0,[80; 8; 30; 6; 320; 64; 4; 0],0.19728355086408556,0.7414998039369984,tvm
80,16,60,4,1280,64,4,1,[80; 16; 60; 4; 1280; 64; 4; 1],0.19454584713093936,0.7519343971771162,tvm
128,16,100,5,128,64,4,0,[128; 16; 100; 5; 128; 64; 4; 0],0.19556612498126924,0.7480115193759918,tvm
256,4,20,10,160,32,2,0,[256; 4; 20; 10; 160; 32; 2; 0],0.18889318709261715,0.7744361590658546,tvm
256,32,10,10,160,32,2,0,[256; 32; 10; 10; 160; 32; 2; 0],0.22283007088117301,0.6564900047252735,tvm
80,1,30,5,128,64,4,1,[80; 1; 30; 5; 128; 64; 4; 1],0.20076886098831892,0.728627505110095,tvm
160,4,12,12,256,32,2,1,[160; 4; 12; 12; 256; 32; 2; 1],0.197773969033733,0.7396611141517987,tvm
256,2,6,6,128,32,2,1,[256; 2; 6; 6; 128; 32; 2; 1],0.18136562104336917,0.8065790718447882,tvm
80,16,20,5,256,64,4,1,[80; 16; 20; 5; 256; 64; 4; 1],0.18756562704220414,0.7799174965720054,tvm
80,20,60,6,1280,64,4,1,[80; 20; 60; 6; 1280; 64; 4; 1],0.186364543158561,0.7849439158673698,tvm
160,16,10,5,640,32,2,1,[160; 16; 10; 5; 640; 32; 2; 1],0.1782866648864001,0.8205084456480465,tvm
128,8,150,5,1280,64,4,0,[128; 8; 150; 5; 1280; 64; 4; 0],0.18377232388593256,0.796016022393632,tvm
128,2,15,5,256,64,4,1,[128; 2; 15; 5; 256; 64; 4; 1],0.1758888701442629,0.8316939790774237,tvm
40,2,12,6,640,64,4,0,[40; 2; 12; 6; 640; 64; 4; 0],0.21840796805918217,0.6697819479098636,tvm
64,4,20,5,160,80,5,0,[64; 4; 20; 5; 160; 80; 5; 0],0.21494163596071303,0.6805834227131888,tvm
64,32,12,12,1280,32,2,1,[64; 32; 12; 12; 1280; 32; 2; 1],0.24734169291332364,0.5914316853041733,tvm
256,16,60,4,160,32,2,1,[256; 16; 60; 4; 160; 32; 2; 1],0.1993075751233846,0.7339696657046464,tvm
40,2,3,3,1280,80,5,0,[40; 2; 3; 3; 1280; 80; 5; 0],0.22546202805824578,0.64882639238889,tvm
80,16,60,10,320,32,2,1,[80; 16; 60; 10; 320; 32; 2; 1],0.20282132388092577,0.721254114146287,tvm
128,1,12,6,160,32,2,1,[128; 1; 12; 6; 160; 32; 2; 1],0.2059369459748268,0.710342253514801,tvm
128,4,25,5,128,32,2,0,[128; 4; 25; 5; 128; 32; 2; 0],0.21477494505234063,0.6811116364158049,tvm
80,8,250,5,64,64,4,0,[80; 8; 250; 5; 64; 64; 4; 0],0.22365580894984305,0.6540662412149566,tvm
80,10,75,3,640,64,4,0,[80; 10; 75; 3; 640; 64; 4; 0],0.21991740982048213,0.665184781892106,tvm
40,4,20,4,1280,80,5,0,[40; 4; 20; 4; 1280; 80; 5; 0],0.20942729013040662,0.6985035913639756,tvm
80,16,250,5,80,80,5,0,[80; 16; 250; 5; 80; 80; 5; 0],0.20980176609009504,0.6972568296822388,tvm
80,1,375,5,320,80,5,1,[80; 1; 375; 5; 320; 80; 5; 1],0.21282172808423638,0.6873626842641432,tvm
40,1,15,5,1280,64,4,1,[40; 1; 15; 5; 1280; 64; 4; 1],0.20827776310034096,0.7023587737267898,tvm
64,1,100,4,1280,64,4,0,[64; 1; 100; 4; 1280; 64; 4; 0],0.2162786959670484,0.6763759769848158,tvm
80,10,300,5,1280,80,5,0,[80; 10; 300; 5; 1280; 80; 5; 0],0.20390104711987078,0.7174348359266386,tvm
128,1,30,10,640,32,2,0,[128; 1; 30; 10; 640; 32; 2; 0],0.19908632501028478,0.7347853463976353,tvm
80,5,5,5,128,64,4,0,[80; 5; 5; 5; 128; 64; 4; 0],0.2127147470600903,0.6877083808598832,tvm
80,4,15,3,640,64,4,1,[80; 4; 15; 3; 640; 64; 4; 1],0.2035935551393777,0.718518394089483,tvm
80,20,12,3,320,80,5,1,[80; 20; 12; 3; 320; 80; 5; 1],0.21172860614024103,0.690911431159284,tvm
80,10,30,3,640,80,5,0,[80; 10; 30; 3; 640; 80; 5; 0],0.20572212804108858,0.711084002866706,tvm
64,1,100,5,1280,80,5,0,[64; 1; 100; 5; 1280; 80; 5; 0],0.20139628206379712,0.7263575711858214,tvm
160,40,125,5,160,32,2,1,[160; 40; 125; 5; 160; 32; 2; 1],0.19896165002137423,0.7352457836472456,tvm
40,8,4,4,1280,64,4,1,[40; 8; 4; 4; 1280; 64; 4; 1],0.1942480260040611,0.7530872632016139,tvm
160,2,100,5,320,32,2,0,[160; 2; 100; 5; 320; 32; 2; 0],0.2124628429301083,0.6885237544046061,tvm
160,5,150,5,640,32,2,0,[160; 5; 150; 5; 640; 32; 2; 0],0.20852823881432414,0.7015151286822535,tvm
160,2,50,5,320,32,2,0,[160; 2; 50; 5; 320; 32; 2; 0],0.20979746896773577,0.6972711110647918,tvm
80,10,300,6,256,64,4,1,[80; 10; 300; 6; 256; 64; 4; 1],0.1911621291656047,0.765244219261579,tvm
160,5,100,10,128,32,2,0,[160; 5; 100; 10; 128; 32; 2; 0],0.20188280404545367,0.7246071054807534,tvm
128,16,15,5,160,32,2,1,[128; 16; 15; 5; 160; 32; 2; 1],0.19576247897930443,0.7472612476529749,tvm
256,4,5,5,64,32,2,0,[256; 4; 5; 5; 64; 32; 2; 0],0.2005502029787749,0.7294219208603661,tvm
64,16,60,4,256,64,4,1,[64; 16; 60; 4; 256; 64; 4; 1],0.19975389004684985,0.7323297396181109,tvm
256,1,60,10,640,32,2,1,[256; 1; 60; 10; 640; 32; 2; 1],0.20434505795128644,0.7158759587941058,tvm
160,5,150,10,320,32,2,0,[160; 5; 150; 10; 320; 32; 2; 0],0.20024321507662535,0.7305401794998967,tvm
160,10,150,6,128,32,2,0,[160; 10; 150; 6; 128; 32; 2; 0],0.20655927690677345,0.7082021029330846,tvm
128,4,4,4,320,64,4,0,[128; 4; 4; 4; 320; 64; 4; 0],0.18563059391453862,0.7880474398151305,tvm
128,2,250,5,640,64,4,0,[128; 2; 250; 5; 640; 64; 4; 0],0.19212134392000735,0.7614235425431054,tvm
80,16,20,5,256,64,4,0,[80; 16; 20; 5; 256; 64; 4; 0],0.1981652199756354,0.7382007513916935,tvm
64,1,10,5,320,80,5,1,[64; 1; 10; 5; 320; 80; 5; 1],0.20010858098976314,0.7310316907059461,tvm
160,2,30,10,160,32,2,0,[160; 2; 30; 10; 160; 32; 2; 0],0.20318161114118993,0.7199751663749779,tvm
256,1,50,10,256,32,2,1,[256; 1; 50; 10; 256; 32; 2; 1],0.19154276000335813,0.7637235376745621,tvm
80,20,1500,5,160,80,5,1,[80; 20; 1500; 5; 160; 80; 5; 1],0.19048346509225667,0.7679706698681897,tvm
128,16,150,5,64,64,4,0,[128; 16; 150; 5; 64; 64; 4; 0],0.20028176601044834,0.7303995625746721,tvm
160,5,75,5,128,32,2,1,[160; 5; 75; 5; 128; 32; 2; 1],0.19837751402519643,0.7374107645442829,tvm
80,20,12,12,1280,32,2,1,[80; 20; 12; 12; 1280; 32; 2; 1],0.22074850113131106,0.6626804419328629,tvm
64,8,30,6,640,64,4,1,[64; 8; 30; 6; 640; 64; 4; 1],0.18300368590280414,0.7993593875667003,tvm
160,5,30,6,640,32,2,0,[160; 5; 30; 6; 640; 32; 2; 0],0.18850985285826027,0.7760109727299288,tvm
160,5,30,6,320,32,2,0,[160; 5; 30; 6; 320; 32; 2; 0],0.1935148590710014,0.7559404739666087,tvm
80,4,4,4,320,64,4,1,[80; 4; 4; 4; 320; 64; 4; 1],0.18871670914813876,0.775160371045274,tvm
80,5,150,5,320,80,5,1,[80; 5; 150; 5; 320; 80; 5; 1],0.19038775307126343,0.7683567452521936,tvm
160,8,50,10,640,32,2,1,[160; 8; 50; 10; 640; 32; 2; 1],0.18651815596967936,0.7842974509650132,tvm
160,4,10,5,640,32,2,0,[160; 4; 10; 5; 640; 32; 2; 0],0.1862701380159706,0.7853417399259774,tvm
160,10,25,5,320,32,2,1,[160; 10; 25; 5; 320; 32; 2; 1],0.18951991479843855,0.7718751585620676,tvm
160,20,30,5,320,32,2,1,[160; 20; 30; 5; 320; 32; 2; 1],0.189121562987566,0.7735009798715127,tvm
256,16,60,5,320,32,2,1,[256; 16; 60; 5; 320; 32; 2; 1],0.18623970006592572,0.7854700916825554,tvm
128,32,10,5,640,32,2,1,[128; 32; 10; 5; 640; 32; 2; 1],0.18049881793558598,0.8104524780761656,tvm
80,16,6,6,640,32,2,1,[80; 16; 6; 6; 640; 32; 2; 1],0.18270821403712034,0.8006520946890424,tvm
160,4,12,6,256,32,2,1,[160; 4; 12; 6; 256; 32; 2; 1],0.18642225000075996,0.7847009371741729,tvm
80,20,50,5,1280,64,4,0,[80; 20; 50; 5; 1280; 64; 4; 0],0.18819548818282783,0.7773072335485584,tvm
80,10,12,4,1280,64,4,0,[80; 10; 12; 4; 1280; 64; 4; 0],0.18194649810902774,0.8040040111025141,tvm
128,32,20,5,256,64,4,0,[128; 32; 20; 5; 256; 64; 4; 0],0.185575847979635,0.7882799183101005,tvm
128,32,125,5,1280,64,4,0,[128; 32; 125; 5; 1280; 64; 4; 0],0.18338620592840016,0.7976920267537948,tvm
256,16,5,5,640,32,2,0,[256; 16; 5; 5; 640; 32; 2; 0],0.17567313113249838,0.8327153580212608,tvm
128,4,25,5,1280,64,4,1,[128; 4; 25; 5; 1280; 64; 4; 1],0.1706715349573642,0.8571184077195897,tvm
80,40,30,6,640,32,2,1,[80; 40; 30; 6; 640; 32; 2; 1],0.19575260113924742,0.7472989550808311,tvm
160,40,12,6,160,32,2,0,[160; 40; 12; 6; 160; 32; 2; 0],0.2078565878327936,0.7037819479813223,tvm
40,2,12,12,1280,32,2,0,[40; 2; 12; 12; 1280; 32; 2; 0],0.22267397702671587,0.6569502024395213,tvm
128,4,150,10,160,32,2,0,[128; 4; 150; 10; 160; 32; 2; 0],0.20596391800791025,0.7102492305477314,tvm
80,4,100,10,256,32,2,1,[80; 4; 100; 10; 256; 32; 2; 1],0.2091912440955639,0.6992917649023936,tvm
80,5,60,3,256,64,4,1,[80; 5; 60; 3; 256; 64; 4; 1],0.21459856093861163,0.6816714597054591,tvm
80,40,30,6,128,64,4,1,[80; 40; 30; 6; 128; 64; 4; 1],0.22774235904216766,0.6423298454488598,tvm
80,8,10,5,128,32,2,1,[80; 8; 10; 5; 128; 32; 2; 1],0.2141657960601151,0.6830489133972296,tvm
128,8,50,10,64,32,2,1,[128; 8; 50; 10; 64; 32; 2; 1],0.2130352931562811,0.6866736122375751,tvm
128,2,125,5,128,32,2,1,[128; 2; 125; 5; 128; 32; 2; 1],0.21015262510627508,0.6960927288523614,tvm
80,5,300,4,1280,80,5,1,[80; 5; 300; 4; 1280; 80; 5; 1],0.2113247059751302,0.6922319546628399,tvm
80,2,15,5,256,32,2,1,[80; 2; 15; 5; 256; 32; 2; 1],0.21540393610484898,0.6791227538874172,tvm
256,4,100,10,1280,32,2,0,[256; 4; 100; 10; 1280; 32; 2; 0],0.19965662620961666,0.7326864981286972,tvm
160,8,20,10,64,32,2,0,[160; 8; 20; 10; 64; 32; 2; 0],0.21696462202817202,0.6742376379994323,tvm
80,10,1500,5,320,80,5,0,[80; 10; 1500; 5; 320; 80; 5; 0],0.20328769506886601,0.7195994535535383,tvm
256,1,150,5,128,32,2,1,[256; 1; 150; 5; 128; 32; 2; 1],0.21714284201152623,0.6736842574711684,tvm
80,16,6,3,256,64,4,1,[80; 16; 6; 3; 256; 64; 4; 1],0.21052041300572455,0.694876625962806,tvm
256,1,60,5,256,32,2,0,[256; 1; 60; 5; 256; 32; 2; 0],0.20917534595355392,0.6993449138035422,tvm
128,4,60,3,256,64,4,1,[128; 4; 60; 3; 256; 64; 4; 1],0.1996552781201899,0.7326914452902776,tvm
80,4,100,5,160,80,5,0,[80; 4; 100; 5; 160; 80; 5; 0],0.20084402314387262,0.7283548297622179,tvm
64,32,150,5,1280,64,4,1,[64; 32; 150; 5; 1280; 64; 4; 1],0.1971984039992094,0.7418199707453047,tvm
256,8,150,5,1280,32,2,1,[256; 8; 150; 5; 1280; 32; 2; 1],0.1913184761069715,0.7646188557550598,tvm
80,8,750,5,320,80,5,1,[80; 8; 750; 5; 320; 80; 5; 1],0.20213664905168116,0.7236971374167422,tvm
128,1,100,4,320,64,4,1,[128; 1; 100; 4; 320; 64; 4; 1],0.19748021196573973,0.7407613797330387,tvm
128,1,10,10,320,32,2,0,[128; 1; 10; 10; 320; 32; 2; 0],0.20127514121122658,0.7267947417917642,tvm
80,8,300,6,320,64,4,1,[80; 8; 300; 6; 320; 64; 4; 1],0.19992505409754813,0.7317027620477125,tvm
160,2,20,10,1280,32,2,0,[160; 2; 20; 10; 1280; 32; 2; 0],0.2059175770264119,0.7104090694839084,tvm
128,4,10,10,256,32,2,0,[128; 4; 10; 10; 256; 32; 2; 0],0.1942948990035802,0.7529055833988659,tvm
80,20,100,5,320,80,5,0,[80; 20; 100; 5; 320; 80; 5; 0],0.19589454890228808,0.7467574524428519,tvm
80,4,60,5,320,64,4,0,[80; 4; 60; 5; 320; 64; 4; 0],0.20137579506263137,0.726431467298326,tvm
80,8,1500,6,64,64,4,1,[80; 8; 1500; 6; 64; 64; 4; 1],0.1828296580351889,0.8001202641726701,tvm
256,8,12,12,64,32,2,0,[256; 8; 12; 12; 64; 32; 2; 0],0.21233092504553497,0.6889515234502129,tvm
160,32,60,5,320,32,2,0,[160; 32; 60; 5; 320; 32; 2; 0],0.20075609302148223,0.7286738453814239,tvm
80,5,3,3,640,80,5,0,[80; 5; 3; 3; 640; 80; 5; 0],0.20577571308240294,0.7108988329790608,tvm
128,8,30,5,64,64,4,0,[128; 8; 30; 5; 64; 64; 4; 0],0.2237187901046127,0.6538821089516438,tvm
80,10,25,5,320,64,4,0,[80; 10; 25; 5; 320; 64; 4; 0],0.19423856609500945,0.753123940454546,tvm
80,16,60,4,256,64,4,1,[80; 16; 60; 4; 256; 64; 4; 1],0.19212317909114063,0.761416269383708,tvm
128,32,15,5,1280,32,2,1,[128; 32; 15; 5; 1280; 32; 2; 1],0.18374967202544212,0.7961141517872177,tvm
80,16,10,5,320,64,4,0,[80; 16; 10; 5; 320; 64; 4; 0],0.1957827010191977,0.7471840643947908,tvm
80,10,100,4,320,80,5,1,[80; 10; 100; 4; 320; 80; 5; 1],0.1916809370741248,0.7631729921538533,tvm
256,32,10,10,128,32,2,0,[256; 32; 10; 10; 128; 32; 2; 0],0.22114131599664688,0.6615033180318616,tvm
64,2,60,5,1280,64,4,1,[64; 2; 60; 5; 1280; 64; 4; 1],0.1954267320688814,0.7485450569482658,tvm
160,4,15,5,128,32,2,1,[160; 4; 15; 5; 128; 32; 2; 1],0.20478552393615246,0.7143362063586238,tvm
128,16,10,10,320,32,2,0,[128; 16; 10; 10; 320; 32; 2; 0],0.18971251510083675,0.7710915339874121,tvm
256,16,125,5,320,32,2,1,[256; 16; 125; 5; 320; 32; 2; 1],0.1928601060062647,0.7585068644572999,tvm
160,1,6,6,256,32,2,1,[160; 1; 6; 6; 256; 32; 2; 1],0.19337002583779395,0.7565066698001285,tvm
256,8,60,6,128,32,2,0,[256; 8; 60; 6; 128; 32; 2; 0],0.19213120988570154,0.761384443332967,tvm
80,8,125,5,80,80,5,1,[80; 8; 125; 5; 80; 80; 5; 1],0.1857659409288317,0.7874732771480292,tvm
80,16,125,5,320,64,4,1,[80; 16; 125; 5; 320; 64; 4; 1],0.19470442016609013,0.7513219995772419,tvm
64,8,10,5,1280,64,4,1,[64; 8; 10; 5; 1280; 64; 4; 1],0.17990299710072577,0.8131366160832245,tvm
80,20,6,6,1280,32,2,1,[80; 20; 6; 6; 1280; 32; 2; 1],0.1762678159866482,0.829905978393668,tvm
80,10,125,5,1280,64,4,1,[80; 10; 125; 5; 1280; 64; 4; 1],0.18700727494433522,0.7822461149132185,tvm
128,8,1500,6,128,64,4,1,[128; 8; 1500; 6; 128; 64; 4; 1],0.17952055297791958,0.8148688930548634,tvm
128,32,5,5,1280,32,2,0,[128; 32; 5; 5; 1280; 32; 2; 0],0.1748977079987526,0.8364072689091937,tvm
256,16,25,5,128,32,2,1,[256; 16; 25; 5; 128; 32; 2; 1],0.1851306101307273,0.7901757261125902,tvm
256,8,25,5,160,32,2,1,[256; 8; 25; 5; 160; 32; 2; 1],0.18720337678678334,0.7814266857607355,tvm
256,16,30,10,128,32,2,1,[256; 16; 30; 10; 128; 32; 2; 1],0.18398899910971522,0.7950785916199374,tvm
80,2,100,5,640,64,4,1,[80; 2; 100; 5; 640; 64; 4; 1],0.19432637211866677,0.752783642749137,tvm
256,8,12,12,320,32,2,0,[256; 8; 12; 12; 320; 32; 2; 0],0.1928308210335672,0.7586220579346571,tvm
128,32,150,5,256,64,4,1,[128; 32; 150; 5; 256; 64; 4; 1],0.18236630107276142,0.8021532126560406,tvm
128,16,150,5,1280,64,4,1,[128; 16; 150; 5; 1280; 64; 4; 1],0.1828332939185202,0.8001043527165607,tvm
128,4,150,5,640,64,4,1,[128; 4; 150; 5; 640; 64; 4; 1],0.18252200610004365,0.8014689155100149,tvm
80,4,10,5,1280,64,4,0,[80; 4; 10; 5; 1280; 64; 4; 0],0.17708648298867047,0.8260693409054449,tvm
128,32,60,6,1280,64,4,1,[128; 32; 60; 6; 1280; 64; 4; 1],0.19053725781850517,0.7677538553906221,tvm
64,4,300,4,160,80,5,1,[64; 4; 300; 4; 160; 80; 5; 1],0.21055125701241195,0.694774832320715,tvm
160,2,75,5,64,32,2,1,[160; 2; 75; 5; 64; 32; 2; 1],0.22028580191545188,0.6640723687759975,tvm
64,8,1500,6,64,64,4,1,[64; 8; 1500; 6; 64; 64; 4; 1],0.18829238298349082,0.7769072331435755,tvm
80,8,20,10,160,32,2,1,[80; 8; 20; 10; 160; 32; 2; 1],0.2127942719962448,0.6874513722262967,tvm
128,32,12,4,256,32,2,0,[128; 32; 12; 4; 256; 32; 2; 0],0.2162330700084567,0.6765186947583604,tvm
256,32,5,5,32,32,2,0,[256; 32; 5; 5; 32; 32; 2; 0],0.2308804232161492,0.6335994721768258,tvm
64,8,150,5,320,64,4,0,[64; 8; 150; 5; 320; 64; 4; 0],0.21393559593707323,0.6837838913386934,tvm
128,2,125,5,160,32,2,1,[128; 2; 125; 5; 160; 32; 2; 1],0.20934562990441918,0.6987760592494999,tvm
80,1,10,5,64,64,4,0,[80; 1; 10; 5; 64; 64; 4; 0],0.2631821210961789,0.5558345440656083,tvm
128,16,12,12,64,32,2,1,[128; 16; 12; 12; 64; 32; 2; 1],0.22873373911716044,0.6395458529656827,tvm
80,1,20,5,1280,32,2,0,[80; 1; 20; 5; 1280; 32; 2; 0],0.21448737103492022,0.6820248370795586,tvm
160,2,100,10,1280,32,2,0,[160; 2; 100; 10; 1280; 32; 2; 0],0.2095224061049521,0.6981864947295334,tvm
160,20,12,4,640,32,2,0,[160; 20; 12; 4; 640; 32; 2; 0],0.20016520796343684,0.7308248809774952,tvm
128,4,30,10,160,32,2,0,[128; 4; 30; 10; 160; 32; 2; 0],0.20933497394435108,0.6988116296544046,tvm
160,2,100,5,256,32,2,0,[160; 2; 100; 5; 256; 32; 2; 0],0.21207264298573136,0.689790593572961,tvm
256,1,30,10,64,32,2,0,[256; 1; 30; 10; 64; 32; 2; 0],0.2115666288882494,0.6914403989628402,tvm
80,20,5,5,160,32,2,1,[80; 20; 5; 5; 160; 32; 2; 1],0.20183233497664332,0.7247882966950907,tvm
256,1,25,5,128,32,2,1,[256; 1; 25; 5; 128; 32; 2; 1],0.20520068518817425,0.7128909640412096,tvm
40,5,6,6,1280,64,4,1,[40; 5; 6; 6; 1280; 64; 4; 1],0.1907174540683627,0.7670284557871571,tvm
80,20,15,3,1280,80,5,1,[80; 20; 15; 3; 1280; 80; 5; 1],0.19197991210967302,0.7619844840961546,tvm
256,1,5,5,320,32,2,0,[256; 1; 5; 5; 320; 32; 2; 0],0.19513357593677938,0.7496696228900601,tvm
80,20,4,4,256,64,4,0,[80; 20; 4; 4; 256; 64; 4; 0],0.2043913290835917,0.7157138952107237,tvm
80,8,300,6,640,64,4,1,[80; 8; 300; 6; 640; 64; 4; 1],0.1977765669580549,0.7396513982201898,tvm
80,2,100,4,256,64,4,1,[80; 2; 100; 4; 256; 64; 4; 1],0.20043454295955598,0.7298428311093665,tvm
128,4,500,5,640,64,4,0,[128; 4; 500; 5; 640; 64; 4; 0],0.20091780903749168,0.7280873456987433,tvm
64,1,30,6,128,64,4,1,[64; 1; 30; 6; 128; 64; 4; 1],0.20807494292967021,0.7030433949712013,tvm
256,32,150,10,320,32,2,0,[256; 32; 150; 10; 320; 32; 2; 0],0.22064775391481817,0.662983020176985,tvm
128,8,20,10,160,32,2,1,[128; 8; 20; 10; 160; 32; 2; 1],0.1976663270033896,0.7400639072086658,tvm
160,20,30,10,1280,32,2,0,[160; 20; 30; 10; 1280; 32; 2; 0],0.21281796786934137,0.6873748290629565,tvm
128,16,500,5,1280,64,4,0,[128; 16; 500; 5; 1280; 64; 4; 0],0.1923239747993648,0.760621313272678,tvm
128,32,30,5,256,32,2,1,[128; 32; 30; 5; 256; 32; 2; 1],0.19562207791022956,0.7477975689065343,tvm
80,10,3,3,640,64,4,1,[80; 10; 3; 3; 640; 64; 4; 1],0.19746750313788652,0.7408090544577692,tvm
80,1,5,5,256,64,4,0,[80; 1; 5; 5; 256; 64; 4; 0],0.20953334821388125,0.6981500345061689,tvm
160,2,20,5,640,32,2,1,[160; 2; 20; 5; 640; 32; 2; 1],0.19842313416302204,0.7372412239266805,tvm
64,16,125,5,640,64,4,1,[64; 16; 125; 5; 640; 64; 4; 1],0.20405824994668365,0.7168821369581276,tvm
80,5,15,5,256,64,4,0,[80; 5; 15; 5; 256; 64; 4; 0],0.20463269297033548,0.7148697119815579,tvm
128,2,60,6,64,64,4,0,[128; 2; 60; 6; 64; 64; 4; 0],0.19589621713384986,0.7467510931350031,tvm
80,10,6,3,1280,64,4,0,[80; 10; 6; 3; 1280; 64; 4; 0],0.19562237290665507,0.747796441235877,tvm
160,10,75,5,256,32,2,0,[160; 10; 75; 5; 256; 32; 2; 0],0.20256809308193624,0.7221557554305631,tvm
80,1,10,5,320,64,4,0,[80; 1; 10; 5; 320; 64; 4; 0],0.2091445168480277,0.6994480012689551,tvm
160,16,125,5,128,32,2,1,[160; 16; 125; 5; 128; 32; 2; 1],0.19648708496242762,0.7445054941584947,tvm
80,20,750,5,80,80,5,1,[80; 20; 750; 5; 80; 80; 5; 1],0.18177784513682127,0.804749963757175,tvm
128,16,300,5,256,64,4,1,[128; 16; 300; 5; 256; 64; 4; 1],0.20270264917053282,0.7216763810651768,tvm
128,4,1500,5,320,64,4,1,[128; 4; 1500; 5; 320; 64; 4; 1],0.19427064596675336,0.7529995772534209,tvm
80,5,10,5,640,32,2,1,[80; 5; 10; 5; 640; 32; 2; 1],0.19767839508131146,0.7400187270113271,tvm
128,8,750,6,640,64,4,0,[128; 8; 750; 6; 640; 64; 4; 0],0.19849497103132308,0.7369744106143122,tvm
160,16,75,5,256,32,2,1,[160; 16; 75; 5; 256; 32; 2; 1],0.18944743601605296,0.7721704624881737,tvm
128,8,250,5,64,64,4,1,[128; 8; 250; 5; 64; 64; 4; 1],0.18763502081856132,0.7796290567056198,tvm
256,4,30,10,160,32,2,1,[256; 4; 30; 10; 160; 32; 2; 1],0.1837897060904652,0.7959407379089521,tvm
256,8,50,5,128,32,2,1,[256; 8; 50; 5; 128; 32; 2; 1],0.189775733044371,0.7708346685796312,tvm
128,8,12,6,1280,32,2,0,[128; 8; 12; 6; 1280; 32; 2; 0],0.18002298497594893,0.8125946489847287,tvm
160,20,25,5,320,32,2,1,[160; 20; 25; 5; 320; 32; 2; 1],0.1869265108834952,0.782584094649309,tvm
80,4,150,6,1280,64,4,1,[80; 4; 150; 6; 1280; 64; 4; 1],0.19302553520537913,0.7578567992574989,tvm
80,5,30,5,80,80,5,1,[80; 5; 30; 5; 80; 80; 5; 1],0.1836868340615183,0.7963864967955294,tvm
80,2,20,5,256,64,4,1,[80; 2; 20; 5; 256; 64; 4; 1],0.1915436030831188,0.7637201761430519,tvm
80,2,60,5,640,80,5,1,[80; 2; 60; 5; 640; 80; 5; 1],0.19006947800517082,0.7696433736811473,tvm
160,4,6,6,160,32,2,1,[160; 4; 6; 6; 160; 32; 2; 1],0.1849587420001626,0.7909099764832186,tvm
80,16,12,4,640,80,5,1,[80; 16; 12; 4; 640; 80; 5; 1],0.18389531481079757,0.7954836393533012,tvm
80,5,30,6,1280,64,4,0,[80; 5; 30; 6; 1280; 64; 4; 0],0.17777962097898126,0.8228486115571679,tvm
128,1,20,5,256,64,4,1,[128; 1; 20; 5; 256; 64; 4; 1],0.18548590294085443,0.7886621676708239,tvm
160,16,5,5,320,32,2,1,[160; 16; 5; 5; 320; 32; 2; 1],0.17759861797094345,0.823687233363763,tvm
80,4,12,6,1280,64,4,1,[80; 4; 12; 6; 1280; 64; 4; 1],0.17256315308623016,0.8477227708780624,tvm
80,5,6,6,1280,64,4,1,[80; 5; 6; 6; 1280; 64; 4; 1],0.17080728895962238,0.856437188229685,tvm
128,4,6,6,640,64,4,0,[128; 4; 6; 6; 640; 64; 4; 0],0.17075601499527693,0.8566943559192367,tvm
160,10,300,10,1280,32,2,1,[160; 10; 300; 10; 1280; 32; 2; 1],0.23506602179259062,0.6223175649553843,tvm
64,32,375,5,256,64,4,1,[64; 32; 375; 5; 256; 64; 4; 1],0.225415333872661,0.6489607950466774,tvm
80,5,12,3,80,80,5,1,[80; 5; 12; 3; 80; 80; 5; 1],0.21868487587198615,0.668933842372104,tvm
160,20,250,10,640,32,2,1,[160; 20; 250; 10; 640; 32; 2; 1],0.21188598591834307,0.6903982519263454,tvm
80,40,4,4,640,64,4,1,[80; 40; 4; 4; 640; 64; 4; 1],0.19417000212706625,0.7533898783705213,tvm
256,16,12,4,64,32,2,0,[256; 16; 12; 4; 64; 32; 2; 0],0.21492895111441612,0.6806235899222343,tvm
80,2,150,10,640,32,2,0,[80; 2; 150; 10; 640; 32; 2; 0],0.2187500591389835,0.668734513085417,tvm
80,4,15,3,320,64,4,0,[80; 4; 15; 3; 320; 64; 4; 0],0.22555392398498952,0.6485620453911922,tvm
80,2,60,6,1280,32,2,0,[80; 2; 60; 6; 1280; 32; 2; 0],0.2213013470172882,0.6610249610197192,tvm
40,10,25,5,64,64,4,1,[40; 10; 25; 5; 64; 64; 4; 1],0.21498806797899306,0.6804364338024945,tvm
64,32,300,4,1280,64,4,1,[64; 32; 300; 4; 1280; 64; 4; 1],0.2343857109081,0.6241238585703344,tvm
40,2,25,5,640,64,4,1,[40; 2; 25; 5; 640; 64; 4; 1],0.21591366012580693,0.6775194964527842,tvm
80,20,60,5,320,32,2,1,[80; 20; 60; 5; 320; 32; 2; 1],0.206270505907014,0.7091935594110549,tvm
128,8,4,4,64,64,4,0,[128; 8; 4; 4; 64; 64; 4; 0],0.22371546900831163,0.6538918159489426,tvm
80,20,6,3,320,64,4,0,[80; 20; 6; 3; 320; 64; 4; 0],0.22026774194091558,0.6641268167399376,tvm
80,8,75,5,1280,32,2,1,[80; 8; 75; 5; 1280; 32; 2; 1],0.21254178578965366,0.6882680210021805,tvm
40,1,4,4,640,80,5,0,[40; 1; 4; 4; 640; 80; 5; 0],0.23803712287917733,0.6145500017657576,tvm
64,1,12,3,1280,64,4,0,[64; 1; 12; 3; 1280; 64; 4; 0],0.2208074990194291,0.6625033793478294,tvm
128,16,60,3,256,64,4,0,[128; 16; 60; 3; 256; 64; 4; 0],0.2167002009227872,0.6750603537180734,tvm
80,8,250,5,80,80,5,0,[80; 8; 250; 5; 80; 80; 5; 0],0.2198365789372474,0.6654293611777489,tvm
80,8,125,5,64,64,4,0,[80; 8; 125; 5; 64; 64; 4; 0],0.22792898095212877,0.6418039236372414,tvm
256,1,75,5,160,32,2,0,[256; 1; 75; 5; 160; 32; 2; 0],0.21414945903234184,0.6831010218130953,tvm
128,2,60,3,1280,64,4,0,[128; 2; 60; 3; 1280; 64; 4; 0],0.20334291900508106,0.719404024499417,tvm
128,4,12,6,128,32,2,0,[128; 4; 12; 6; 128; 32; 2; 0],0.21359415794722736,0.684876944629998,tvm
80,20,30,3,640,64,4,0,[80; 20; 30; 3; 640; 64; 4; 0],0.20500419801101089,0.7135742375278442,tvm
160,1,60,12,1280,32,2,1,[160; 1; 60; 12; 1280; 32; 2; 1],0.21886827005073428,0.6683733290887932,tvm
64,8,300,5,80,80,5,1,[64; 8; 300; 5; 80; 80; 5; 1],0.1922554629854858,0.7608923669272173,tvm
80,8,300,6,1280,64,4,0,[80; 8; 300; 6; 1280; 64; 4; 0],0.19998167105950415,0.7314956091260347,tvm
128,16,10,10,128,32,2,0,[128; 16; 10; 10; 128; 32; 2; 0],0.20653299801051617,0.7082922133259586,tvm
40,2,12,4,1280,80,5,1,[40; 2; 12; 4; 1280; 80; 5; 1],0.20298084919340909,0.7206872710751487,tvm
80,1,12,12,640,32,2,1,[80; 1; 12; 12; 640; 32; 2; 1],0.21355229197070003,0.6850112117072717,tvm
80,16,60,6,128,64,4,0,[80; 16; 60; 6; 128; 64; 4; 0],0.20913464087061584,0.6994810313429427,tvm
80,10,3,3,320,64,4,1,[80; 10; 3; 3; 320; 64; 4; 1],0.20406040200032294,0.7168745766044448,tvm
80,10,300,5,640,64,4,1,[80; 10; 300; 5; 640; 64; 4; 1],0.2011512778699398,0.7272422817035226,tvm
80,8,250,5,640,64,4,1,[80; 8; 250; 5; 640; 64; 4; 1],0.2038135309703648,0.7177428975850713,tvm
256,2,75,5,320,32,2,0,[256; 2; 75; 5; 320; 32; 2; 0],0.20044414489530027,0.7298078692302287,tvm
80,16,30,6,640,32,2,0,[80; 16; 30; 6; 640; 32; 2; 0],0.19926324603147805,0.7341329482437781,tvm
128,1,150,5,64,64,4,0,[128; 1; 150; 5; 64; 64; 4; 0],0.21201302902773023,0.6899845493296587,tvm
160,5,100,10,128,32,2,0,[160; 5; 100; 10; 128; 32; 2; 0],0.20117890113033354,0.7271424262872539,tvm
160,32,30,5,1280,32,2,0,[160; 32; 30; 5; 1280; 32; 2; 0],0.20736000407487154,0.7054673582707631,tvm
128,32,15,5,128,32,2,1,[128; 32; 15; 5; 128; 32; 2; 1],0.20064800791442394,0.7290663675470176,tvm
80,16,15,3,1280,80,5,1,[80; 16; 15; 3; 1280; 80; 5; 1],0.1921700940001756,0.7612303831499433,tvm
80,4,25,5,256,64,4,0,[80; 4; 25; 5; 256; 64; 4; 0],0.19705551792867482,0.7423578686015944,tvm
80,2,1500,5,160,80,5,1,[80; 2; 1500; 5; 160; 80; 5; 1],0.19740814296528697,0.741031814029261,tvm
128,16,30,10,160,32,2,1,[128; 16; 30; 10; 160; 32; 2; 1],0.1942133440170437,0.753221747074581,tvm
160,20,10,5,160,32,2,0,[160; 20; 10; 5; 160; 32; 2; 0],0.19647329882718623,0.7445577346079181,tvm
160,32,25,5,320,32,2,0,[160; 32; 25; 5; 320; 32; 2; 0],0.19296802999451756,0.7580826434817749,tvm
80,1,12,4,640,64,4,0,[80; 1; 12; 4; 640; 64; 4; 0],0.2028336189687252,0.7212103941618772,tvm
128,8,300,6,640,64,4,0,[128; 8; 300; 6; 640; 64; 4; 0],0.19682681909762323,0.7432204358957746,tvm
256,16,20,5,640,32,2,0,[256; 16; 20; 5; 640; 32; 2; 0],0.1946713300421834,0.7514497088709241,tvm
64,8,50,5,1280,80,5,1,[64; 8; 50; 5; 1280; 80; 5; 1],0.19654920604079962,0.7442701867508351,tvm
160,20,30,10,320,32,2,1,[160; 20; 30; 10; 320; 32; 2; 1],0.18724654684774578,0.7812465262959556,tvm
160,16,12,6,1280,32,2,0,[160; 16; 12; 6; 1280; 32; 2; 0],0.179834698792547,0.81344543221031,tvm
80,16,20,5,128,64,4,1,[80; 16; 20; 5; 128; 64; 4; 1],0.18780642887577415,0.7789175011813679,tvm
80,8,60,6,320,64,4,1,[80; 8; 60; 6; 320; 64; 4; 1],0.18244667490944266,0.8017998374501654,tvm
160,4,6,6,320,32,2,0,[160; 4; 6; 6; 320; 32; 2; 0],0.18488016608171165,0.7912461211283219,tvm
80,10,50,5,320,80,5,1,[80; 10; 50; 5; 320; 80; 5; 1],0.18363555800169706,0.7966088696414798,tvm
256,16,12,6,320,32,2,1,[256; 16; 12; 6; 320; 32; 2; 1],0.1726086970884353,0.8474990933438624,tvm
160,32,5,5,256,32,2,1,[160; 32; 5; 5; 256; 32; 2; 1],0.17969641904346645,0.8140713936560389,tvm
128,1,30,6,256,64,4,1,[128; 1; 30; 6; 256; 64; 4; 1],0.1798686170950532,0.8132920386462319,tvm
128,16,6,6,1280,32,2,0,[128; 16; 6; 6; 1280; 32; 2; 0],0.1706254850141704,0.8573497345579137,tvm
80,4,20,5,1280,64,4,0,[80; 4; 20; 5; 1280; 64; 4; 0],0.17822782113216817,0.820779344977984,tvm
128,16,15,5,640,64,4,0,[128; 16; 15; 5; 640; 64; 4; 0],0.17334095411933959,0.8439189401542198,tvm
128,8,12,6,1280,64,4,0,[128; 8; 12; 6; 1280; 64; 4; 0],0.16629495890811086,0.8796761804820974,tvm
80,40,1500,5,1280,64,4,1,[80; 40; 1500; 5; 1280; 64; 4; 1],0.2228735969401896,0.6563617956279117,tvm
128,8,100,4,128,64,4,0,[128; 8; 100; 4; 128; 64; 4; 0],0.22045651287771761,0.6635581429470209,tvm
160,10,250,10,160,32,2,0,[160; 10; 250; 10; 160; 32; 2; 0],0.21410668012686074,0.683237506644063,tvm
160,5,125,5,64,32,2,0,[160; 5; 125; 5; 64; 32; 2; 0],0.2293538129888475,0.6378167965876702,tvm
64,16,500,4,256,64,4,1,[64; 16; 500; 4; 256; 64; 4; 1],0.23738883901387453,0.6162282729609053,tvm
40,4,20,5,640,64,4,0,[40; 4; 20; 5; 640; 64; 4; 0],0.22250676597468555,0.6574438923010418,tvm
160,1,150,5,256,32,2,0,[160; 1; 150; 5; 256; 32; 2; 0],0.24444236606359482,0.5984466467144905,tvm
40,10,150,5,80,80,5,1,[40; 10; 150; 5; 80; 80; 5; 1],0.2081160161178559,0.702904644315663,tvm
256,16,5,5,32,32,2,0,[256; 16; 5; 5; 32; 32; 2; 0],0.22209768509492278,0.6586548357007546,tvm
160,1,30,5,1280,32,2,0,[160; 1; 30; 5; 1280; 32; 2; 0],0.24427675199694932,0.5988523798922183,tvm
64,1,5,5,320,32,2,0,[64; 1; 5; 5; 320; 32; 2; 0],0.2298235970083624,0.6365130308198576,tvm
40,2,60,6,1280,64,4,1,[40; 2; 60; 6; 1280; 64; 4; 1],0.23494213004596531,0.6226457309172015,tvm
64,16,100,5,320,80,5,0,[64; 16; 100; 5; 320; 80; 5; 0],0.20985195087268949,0.6970900850688836,tvm
80,10,6,6,160,32,2,0,[80; 10; 6; 6; 160; 32; 2; 0],0.2223960671108216,0.6577711386092949,tvm
80,2,1500,5,640,64,4,0,[80; 2; 1500; 5; 640; 64; 4; 0],0.2214470689650625,0.6605899774125873,tvm
64,32,25,5,1280,80,5,0,[64; 32; 25; 5; 1280; 80; 5; 0],0.238156802020967,0.6142411765876648,tvm
160,32,60,5,64,32,2,1,[160; 32; 60; 5; 64; 32; 2; 1],0.2022536350414157,0.7232785420927501,tvm
160,40,100,10,1280,32,2,1,[160; 40; 100; 10; 1280; 32; 2; 1],0.23455024394206703,0.6236860462266084,tvm
80,10,15,5,320,32,2,0,[80; 10; 15; 5; 320; 32; 2; 0],0.2206290140748024,0.66303933278747,tvm
40,8,5,5,320,80,5,1,[40; 8; 5; 5; 320; 80; 5; 1],0.20773153589107096,0.7042056164376638,tvm
64,32,75,5,256,64,4,1,[64; 32; 75; 5; 256; 64; 4; 1],0.19604635215364397,0.7461792207746276,tvm
40,10,6,3,1280,80,5,1,[40; 10; 6; 3; 1280; 80; 5; 1],0.21925716078840196,0.6671878526553117,tvm
64,32,60,6,640,64,4,1,[64; 32; 60; 6; 640; 64; 4; 1],0.2074017720296979,0.7053252865398258,tvm
128,32,150,6,256,32,2,1,[128; 32; 150; 6; 256; 32; 2; 1],0.201517985900864,0.7259188981656406,tvm
64,8,300,5,256,64,4,1,[64; 8; 300; 5; 256; 64; 4; 1],0.22301745903678238,0.6559383956642933,tvm
128,4,60,10,320,32,2,0,[128; 4; 60; 10; 320; 32; 2; 0],0.19832072802819312,0.737621910428437,tvm
40,4,4,4,640,64,4,1,[40; 4; 4; 4; 640; 64; 4; 1],0.20597481494769454,0.7102116553563222,tvm
256,32,12,12,1280,32,2,0,[256; 32; 12; 12; 1280; 32; 2; 0],0.33806737302802503,0.4327117194879008,tvm
64,16,750,5,64,64,4,1,[64; 16; 750; 5; 64; 64; 4; 1],0.20009657414630055,0.7310755564398496,tvm
160,4,150,5,128,32,2,0,[160; 4; 150; 5; 128; 32; 2; 0],0.22536074509844184,0.6491179917860759,tvm
256,1,10,10,64,32,2,1,[256; 1; 10; 10; 64; 32; 2; 1],0.19870001496747136,0.7362139067259876,tvm
256,32,10,10,64,32,2,1,[256; 32; 10; 10; 64; 32; 2; 1],0.2239054951351136,0.6533368651691179,tvm
80,8,12,4,80,80,5,1,[80; 8; 12; 4; 80; 80; 5; 1],0.19119122996926308,0.7651277430938227,tvm
160,4,75,5,160,32,2,0,[160; 4; 75; 5; 160; 32; 2; 0],0.2108093600254506,0.6939241894574962,tvm
160,16,75,5,1280,32,2,0,[160; 16; 75; 5; 1280; 32; 2; 0],0.20378442807123065,0.7178454000154599,tvm
64,8,10,10,640,32,2,0,[64; 8; 10; 10; 640; 32; 2; 0],0.20281608495861292,0.7212727447902649,tvm
80,16,1500,6,640,64,4,1,[80; 16; 1500; 6; 640; 64; 4; 1],0.20360314194113016,0.7184845621292592,tvm
64,4,150,5,256,64,4,1,[64; 4; 150; 5; 256; 64; 4; 1],0.19887711177580059,0.7355583203090059,tvm
256,32,60,12,320,32,2,1,[256; 32; 60; 12; 320; 32; 2; 1],0.2196963499300182,0.6658540951286263,tvm
64,2,20,4,1280,80,5,0,[64; 2; 20; 4; 1280; 80; 5; 0],0.18812569114379585,0.777595624480121,tvm
128,16,100,4,64,64,4,1,[128; 16; 100; 4; 64; 64; 4; 1],0.19507892103865743,0.7498796564326182,tvm
256,16,150,5,640,32,2,0,[256; 16; 150; 5; 640; 32; 2; 0],0.19873897801153362,0.7360695709989248,tvm
80,2,30,5,320,64,4,0,[80; 2; 30; 5; 320; 64; 4; 0],0.2002487420104444,0.7305200163408989,tvm
128,1,300,6,640,64,4,1,[128; 1; 300; 6; 640; 64; 4; 1],0.19952386314980686,0.7331740272885544,tvm
160,20,100,10,640,32,2,1,[160; 20; 100; 10; 640; 32; 2; 1],0.1963381210807711,0.745070358626556,tvm
256,32,60,5,256,32,2,0,[256; 32; 60; 5; 256; 32; 2; 0],0.18922979198396206,0.7730585800047414,tvm
80,5,60,4,320,64,4,1,[80; 5; 60; 4; 320; 64; 4; 1],0.19246561592444777,0.7600615496075862,tvm
64,16,50,5,320,80,5,1,[64; 16; 50; 5; 320; 80; 5; 1],0.19162267888896167,0.7634050162219135,tvm
256,8,60,12,160,32,2,0,[256; 8; 60; 12; 160; 32; 2; 0],0.20052972086705267,0.7294964240373072,tvm
64,2,12,4,640,80,5,1,[64; 2; 12; 4; 640; 80; 5; 1],0.19337493111379445,0.7564874797531549,tvm
160,8,25,5,640,32,2,0,[160; 8; 25; 5; 640; 32; 2; 0],0.19173449301160872,0.7629598200510396,tvm
80,8,60,5,640,64,4,0,[80; 8; 60; 5; 640; 64; 4; 0],0.19487903802655637,0.7506487909991622,tvm
160,5,25,5,160,32,2,1,[160; 5; 25; 5; 160; 32; 2; 1],0.19628341402858496,0.7452780206095792,tvm
160,10,30,6,160,32,2,1,[160; 10; 30; 6; 160; 32; 2; 1],0.18997522816061974,0.7700252064549861,tvm
160,8,30,6,256,32,2,1,[160; 8; 30; 6; 256; 32; 2; 1],0.1838312370236963,0.7957609199292811,tvm
80,8,30,5,640,80,5,0,[80; 8; 30; 5; 640; 80; 5; 0],0.18484879191964865,0.7913804183762412,tvm
80,10,20,5,80,80,5,1,[80; 10; 20; 5; 80; 80; 5; 1],0.18376059900037944,0.796066812371526,tvm
128,8,100,5,256,64,4,0,[128; 8; 100; 5; 256; 64; 4; 0],0.18604134884662926,0.786307534279978,tvm
80,1,6,6,640,64,4,0,[80; 1; 6; 6; 640; 64; 4; 0],0.1888487220276147,0.7746185026569755,tvm
256,8,5,5,256,32,2,0,[256; 8; 5; 5; 256; 32; 2; 0],0.17749009793624282,0.8241908477523201,tvm
128,4,12,6,64,64,4,1,[128; 4; 12; 6; 64; 64; 4; 1],0.1788489210885018,0.8179289726513145,tvm
256,8,12,6,256,32,2,1,[256; 8; 12; 6; 256; 32; 2; 1],0.17505385796539485,0.8356611844260666,tvm
80,20,20,5,1280,80,5,1,[80; 20; 20; 5; 1280; 80; 5; 1],0.17603638884611428,0.8309970185402569,tvm
80,5,10,5,1280,64,4,0,[80; 5; 10; 5; 1280; 64; 4; 0],0.17600175505504012,0.8311605429159904,tvm
64,16,300,4,1280,80,5,1,[64; 16; 300; 4; 1280; 80; 5; 1],0.22253923094831407,0.657347981577639,tvm
64,8,500,4,128,64,4,1,[64; 8; 500; 4; 128; 64; 4; 1],0.25322605879046023,0.5776882323424816,tvm
64,4,750,5,640,80,5,0,[64; 4; 750; 5; 640; 80; 5; 0],0.21965680504217744,0.6659739690633542,tvm
80,16,60,6,320,32,2,0,[80; 16; 60; 6; 320; 32; 2; 0],0.2199267209507525,0.6651566196836609,tvm
80,4,50,10,256,32,2,0,[80; 4; 50; 10; 256; 32; 2; 0],0.2133167809806764,0.6857674938333416,tvm
64,4,10,5,320,32,2,0,[64; 4; 10; 5; 320; 32; 2; 0],0.22935116989538074,0.6378241469291087,tvm
128,4,12,12,64,32,2,1,[128; 4; 12; 12; 64; 32; 2; 1],0.22876210603863,0.639466548104832,tvm
128,1,20,5,320,32,2,0,[128; 1; 20; 5; 320; 32; 2; 0],0.2281256951391697,0.6412504921748147,tvm
64,32,30,5,80,80,5,1,[64; 32; 30; 5; 80; 80; 5; 1],0.37524479487910867,0.38984075537368257,tvm
80,20,15,3,160,80,5,1,[80; 20; 15; 3; 160; 80; 5; 1],0.21255153114907444,0.6882364643288118,tvm
64,1,30,6,1280,32,2,1,[64; 1; 30; 6; 1280; 32; 2; 1],0.20096271997317672,0.7279246335103328,tvm
128,1,10,5,256,32,2,1,[128; 1; 10; 5; 256; 32; 2; 1],0.2185188748408109,0.6694420076631008,tvm
128,2,75,3,128,64,4,1,[128; 2; 75; 3; 128; 64; 4; 1],0.20002005412243307,0.7313552379911478,tvm
256,8,4,4,160,32,2,1,[256; 8; 4; 4; 160; 32; 2; 1],0.19282631087116897,0.7586398019275007,tvm
160,1,12,4,640,32,2,1,[160; 1; 12; 4; 640; 32; 2; 1],0.21750674885697663,0.6725571277878172,tvm
40,8,4,4,640,64,4,0,[40; 8; 4; 4; 640; 64; 4; 0],0.22478220518678427,0.6507886785973881,tvm
64,32,1500,5,64,64,4,1,[64; 32; 1500; 5; 64; 64; 4; 1],0.21865500090643764,0.6690252392091863,tvm
40,10,10,5,320,80,5,1,[40; 10; 10; 5; 320; 80; 5; 1],0.21911726612597704,0.6676138164374974,tvm
64,4,20,4,320,64,4,0,[64; 4; 20; 4; 320; 64; 4; 0],0.21568395709618926,0.6782410535080956,tvm
160,20,20,10,64,32,2,1,[160; 20; 20; 10; 64; 32; 2; 1],0.21233187592588365,0.688948438136423,tvm
80,16,60,4,256,64,4,0,[80; 16; 60; 4; 256; 64; 4; 0],0.21214737510308623,0.6895476044171248,tvm
160,5,4,4,160,32,2,1,[160; 5; 4; 4; 160; 32; 2; 1],0.20511512598022819,0.7131883306344522,tvm
64,8,250,5,256,64,4,1,[64; 8; 250; 5; 256; 64; 4; 1],0.21232881303876638,0.6889583763603759,tvm
256,32,60,6,1280,32,2,0,[256; 32; 60; 6; 1280; 32; 2; 0],0.2021941589191556,0.7234912970171632,tvm
80,40,25,5,320,64,4,1,[80; 40; 25; 5; 320; 64; 4; 1],0.19751731492578983,0.7406222302114425,tvm
64,16,3,3,1280,80,5,1,[64; 16; 3; 3; 1280; 80; 5; 1],0.1978423681575805,0.7394053945472308,tvm
80,2,30,5,160,80,5,0,[80; 2; 30; 5; 160; 80; 5; 0],0.20881731202825904,0.700543996399674,tvm
256,8,50,10,1280,32,2,0,[256; 8; 50; 10; 1280; 32; 2; 0],0.2153445950243622,0.6793098952363528,tvm
80,2,25,5,1280,32,2,0,[80; 2; 25; 5; 1280; 32; 2; 0],0.2129771769978106,0.6868609883359384,tvm
80,4,25,5,640,32,2,0,[80; 4; 25; 5; 640; 32; 2; 0],0.21295767999254167,0.6869238728128406,tvm
256,2,150,5,128,32,2,0,[256; 2; 150; 5; 128; 32; 2; 0],0.21118542598560452,0.6926884921295936,tvm
80,4,1500,5,1280,64,4,1,[80; 4; 1500; 5; 1280; 64; 4; 1],0.20817039418034256,0.7027210322664028,tvm
80,10,100,5,160,80,5,0,[80; 10; 100; 5; 160; 80; 5; 0],0.19824283593334258,0.7379117313217896,tvm
128,8,60,3,1280,64,4,0,[128; 8; 60; 3; 1280; 64; 4; 0],0.20002597710117698,0.7313335817963292,tvm
80,5,30,5,1280,32,2,1,[80; 5; 30; 5; 1280; 32; 2; 1],0.19868809101171792,0.7362580894548274,tvm
80,10,1500,5,1280,64,4,1,[80; 10; 1500; 5; 1280; 64; 4; 1],0.19753252901136875,0.7405651869991245,tvm
160,2,60,6,640,32,2,0,[160; 2; 60; 6; 640; 32; 2; 0],0.2010406490880996,0.7276424690690751,tvm
128,1,12,6,640,32,2,1,[128; 1; 12; 6; 640; 32; 2; 1],0.19478842103853822,0.7509979982679369,tvm
160,20,150,10,160,32,2,0,[160; 20; 150; 10; 160; 32; 2; 0],0.20190513296984136,0.7245269703349495,tvm
128,2,12,6,128,32,2,1,[128; 2; 12; 6; 128; 32; 2; 1],0.1973054117988795,0.7414176476559527,tvm
128,8,60,6,640,32,2,1,[128; 8; 60; 6; 640; 32; 2; 1],0.197244584094733,0.7416462913651202,tvm
128,4,1500,5,320,64,4,0,[128; 4; 1500; 5; 320; 64; 4; 0],0.19813101994805038,0.7383281745789739,tvm
64,8,5,5,1280,32,2,0,[64; 8; 5; 5; 1280; 32; 2; 0],0.1913174819201231,0.7646228291191393,tvm
80,20,15,3,1280,80,5,0,[80; 20; 15; 3; 1280; 80; 5; 0],0.1955352989025414,0.7481294431581171,tvm
256,2,50,5,640,32,2,1,[256; 2; 50; 5; 640; 32; 2; 1],0.2048134331125766,0.7142388663799591,tvm
160,16,20,5,160,32,2,0,[160; 16; 20; 5; 160; 32; 2; 0],0.2020045630633831,0.7241703457946845,tvm
80,5,250,5,80,80,5,1,[80; 5; 250; 5; 80; 80; 5; 1],0.1835488909855485,0.7969850076469921,tvm
256,16,100,10,160,32,2,1,[256; 16; 100; 10; 160; 32; 2; 1],0.18507118918932974,0.7904294284080192,tvm
128,4,30,10,640,32,2,1,[128; 4; 30; 10; 640; 32; 2; 1],0.18745609396137297,0.7803732127047189,tvm
256,16,50,10,320,32,2,0,[256; 16; 50; 10; 320; 32; 2; 0],0.18202943191863596,0.8036377015729056,tvm
80,20,10,5,1280,32,2,0,[80; 20; 10; 5; 1280; 32; 2; 0],0.19097028905525804,0.7660129489744131,tvm
128,16,12,12,640,32,2,1,[128; 16; 12; 12; 640; 32; 2; 1],0.19487797003239393,0.7506529047967695,tvm
256,4,12,12,128,32,2,1,[256; 4; 12; 12; 128; 32; 2; 1],0.19494678708724678,0.7503879210907198,tvm
64,2,5,5,1280,80,5,0,[64; 2; 5; 5; 1280; 80; 5; 0],0.17938147601671517,0.8155006722772371,tvm
128,2,1500,5,128,64,4,1,[128; 2; 1500; 5; 128; 64; 4; 1],0.1884966620709747,0.776065277116861,tvm
160,4,30,6,640,32,2,1,[160; 4; 30; 6; 640; 32; 2; 1],0.1861001830548048,0.7860589489191125,tvm
80,20,5,5,640,32,2,0,[80; 20; 5; 5; 640; 32; 2; 0],0.19377878098748624,0.7549109017006411,tvm
80,5,6,6,640,32,2,0,[80; 5; 6; 6; 640; 32; 2; 0],0.19207233795896173,0.761617814622373,tvm
128,16,12,4,640,64,4,0,[128; 16; 12; 4; 640; 64; 4; 0],0.175733762094751,0.8324280578870263,tvm
128,8,75,5,256,64,4,0,[128; 8; 75; 5; 256; 64; 4; 0],0.18622485385276377,0.7855327109096467,tvm
80,10,60,5,1280,64,4,1,[80; 10; 60; 5; 1280; 64; 4; 1],0.18642958207055926,0.7846700757519725,tvm
128,16,5,5,64,64,4,1,[128; 16; 5; 5; 64; 64; 4; 1],0.17938549490645528,0.8154824020860681,tvm
80,16,4,4,1280,80,5,0,[80; 16; 4; 4; 1280; 80; 5; 0],0.17799669387750328,0.8218451202604226,tvm
80,16,10,5,1280,64,4,1,[80; 16; 10; 5; 1280; 64; 4; 1],0.17328902590088546,0.8441718309928292,tvm
80,8,60,6,160,32,2,1,[80; 8; 60; 6; 160; 32; 2; 1],0.20437209983356297,0.7157812363079246,tvm
80,8,125,5,256,32,2,1,[80; 8; 125; 5; 256; 32; 2; 1],0.2177988518960774,0.6716551212837175,tvm
64,2,3,3,640,64,4,0,[64; 2; 3; 3; 640; 64; 4; 0],0.2189558281097561,0.6681060538492978,tvm
80,5,30,3,160,80,5,1,[80; 5; 30; 3; 160; 80; 5; 1],0.21746299020014703,0.672692462064818,tvm
40,8,5,5,320,32,2,1,[40; 8; 5; 5; 320; 32; 2; 1],0.2255391930229962,0.6486044058462108,tvm
256,4,15,5,1280,32,2,0,[256; 4; 15; 5; 1280; 32; 2; 0],0.2653467790223658,0.551300131943128,tvm
64,4,15,5,640,32,2,1,[64; 4; 15; 5; 640; 32; 2; 1],0.2126979900058359,0.687762560810756,tvm
80,16,60,3,64,64,4,1,[80; 16; 60; 3; 64; 64; 4; 1],0.22834458388388157,0.6406357961181331,tvm
80,16,12,4,320,32,2,1,[80; 16; 12; 4; 320; 32; 2; 1],0.22163242800161242,0.6600375026557487,tvm
160,4,60,12,64,32,2,1,[160; 4; 60; 12; 64; 32; 2; 1],0.22346401098184288,0.6546276227790454,tvm
128,4,4,4,1280,32,2,1,[128; 4; 4; 4; 1280; 32; 2; 1],0.19375310698524117,0.7550109340794074,tvm
128,4,150,3,128,64,4,1,[128; 4; 150; 3; 128; 64; 4; 1],0.21003093710169196,0.6964960319864033,tvm
64,32,30,5,1280,64,4,0,[64; 32; 30; 5; 1280; 64; 4; 0],0.18448923504911363,0.7929227645546418,tvm
64,2,250,5,640,80,5,1,[64; 2; 250; 5; 640; 80; 5; 1],0.20656659686937928,0.7081770068479023,tvm
80,40,125,5,1280,64,4,1,[80; 40; 125; 5; 1280; 64; 4; 1],0.20204487210139632,0.7240258699181473,tvm
64,1,125,5,640,80,5,0,[64; 1; 125; 5; 640; 80; 5; 0],0.20958010805770755,0.6979942688331603,tvm
64,8,20,5,640,32,2,0,[64; 8; 20; 5; 640; 32; 2; 0],0.2182012009434402,0.670416632233078,tvm
64,4,150,5,640,80,5,0,[64; 4; 150; 5; 640; 80; 5; 0],0.20606652204878628,0.7098955853250201,tvm
160,1,20,5,256,32,2,1,[160; 1; 20; 5; 256; 32; 2; 1],0.21290196990594268,0.6871036202734123,tvm
64,2,10,5,256,64,4,0,[64; 2; 10; 5; 256; 64; 4; 0],0.21677060704678297,0.6748410971333545,tvm
80,8,30,5,256,32,2,1,[80; 8; 30; 5; 256; 32; 2; 1],0.21080708503723145,0.6939316781496135,tvm
80,40,12,4,1280,80,5,1,[80; 40; 12; 4; 1280; 80; 5; 1],0.19789469800889492,0.7392098715001404,tvm
128,2,125,5,128,32,2,1,[128; 2; 125; 5; 128; 32; 2; 1],0.21009047492407262,0.6962986510387128,tvm
80,40,5,5,1280,64,4,0,[80; 40; 5; 5; 1280; 64; 4; 0],0.1897384610492736,0.7709860904148739,tvm
128,2,60,6,256,32,2,0,[128; 2; 60; 6; 256; 32; 2; 0],0.2036243809852749,0.718409620586117,tvm
64,8,5,5,80,80,5,1,[64; 8; 5; 5; 80; 80; 5; 1],0.1876749258954078,0.7794632851872821,tvm
80,4,750,5,320,64,4,1,[80; 4; 750; 5; 320; 64; 4; 1],0.21291261818259954,0.6870692565541408,tvm
64,1,10,10,640,32,2,0,[64; 1; 10; 10; 640; 32; 2; 0],0.2094316310249269,0.6984891134630142,tvm
160,40,50,10,160,32,2,1,[160; 40; 50; 10; 160; 32; 2; 1],0.22171406401321292,0.6597944741881439,tvm
80,16,12,4,320,80,5,0,[80; 16; 12; 4; 320; 80; 5; 0],0.20455099712125957,0.7151552245868295,tvm
160,10,50,10,1280,32,2,0,[160; 10; 50; 10; 1280; 32; 2; 0],0.21292977896519005,0.687013883152667,tvm
64,4,20,5,128,64,4,1,[64; 4; 20; 5; 128; 64; 4; 1],0.19727685605175793,0.7415249675680886,tvm
80,2,150,6,320,64,4,0,[80; 2; 150; 6; 320; 64; 4; 0],0.1999788109678775,0.731506070956748,tvm
160,32,100,5,320,32,2,0,[160; 32; 100; 5; 320; 32; 2; 0],0.202893071109429,0.7209990636240904,tvm
128,8,50,5,160,32,2,1,[128; 8; 50; 5; 160; 32; 2; 1],0.20020844601094723,0.7306670482708583,tvm
160,5,60,5,256,32,2,0,[160; 5; 60; 5; 256; 32; 2; 0],0.2023475740570575,0.7229427630521776,tvm
80,20,12,4,64,64,4,1,[80; 20; 12; 4; 64; 64; 4; 1],0.1933356139343232,0.7566413208039782,tvm
160,5,60,6,640,32,2,0,[160; 5; 60; 6; 640; 32; 2; 0],0.19658981310203671,0.7441164523096988,tvm
128,2,375,5,640,64,4,0,[128; 2; 375; 5; 640; 64; 4; 0],0.20001768111251295,0.7313639147902449,tvm
160,10,50,10,1280,32,2,1,[160; 10; 50; 10; 1280; 32; 2; 1],0.20662811491638422,0.7079661659058906,tvm
128,2,300,6,320,64,4,0,[128; 2; 300; 6; 320; 64; 4; 0],0.19450510595925152,0.7520918978669943,tvm
64,8,6,6,320,64,4,1,[64; 8; 6; 6; 320; 64; 4; 1],0.18554612901061773,0.7884061772980627,tvm
128,16,30,10,1280,32,2,0,[128; 16; 30; 10; 1280; 32; 2; 0],0.19000235199928284,0.7699152812922361,tvm
256,4,60,10,160,32,2,0,[256; 4; 60; 10; 160; 32; 2; 0],0.1871510788332671,0.7816450495379738,tvm
80,2,3,3,1280,80,5,0,[80; 2; 3; 3; 1280; 80; 5; 0],0.19743978907354176,0.7409130397279053,tvm
160,5,20,5,320,32,2,0,[160; 5; 20; 5; 320; 32; 2; 0],0.19686797796748579,0.7430650520008616,tvm
160,5,60,5,256,32,2,1,[160; 5; 60; 5; 256; 32; 2; 1],0.1965761778410524,0.7441680670177544,tvm
80,16,100,4,320,64,4,1,[80; 16; 100; 4; 320; 64; 4; 1],0.2000932910013944,0.7310875519794158,tvm
160,32,12,6,320,32,2,0,[160; 32; 12; 6; 320; 32; 2; 0],0.18414231087081134,0.7944166313213258,tvm
80,20,750,6,64,64,4,1,[80; 20; 750; 6; 64; 64; 4; 1],0.18332590395584702,0.7979544141287658,tvm
160,1,6,6,640,32,2,0,[160; 1; 6; 6; 640; 32; 2; 0],0.1895088159944862,0.7719203643273804,tvm
128,16,750,6,320,64,4,1,[128; 16; 750; 6; 320; 64; 4; 1],0.18909348105080426,0.7736158511271539,tvm
160,5,30,10,640,32,2,1,[160; 5; 30; 10; 640; 32; 2; 1],0.18467110581696033,0.7921418656078644,tvm
256,16,25,5,128,32,2,1,[256; 16; 25; 5; 128; 32; 2; 1],0.1844295330811292,0.7931794428030368,tvm
80,5,150,6,1280,64,4,1,[80; 5; 150; 6; 1280; 64; 4; 1],0.1891308289486915,0.7734630842515873,tvm
80,20,10,5,256,64,4,1,[80; 20; 10; 5; 256; 64; 4; 1],0.18512761499732733,0.7901885101681141,tvm
80,8,12,6,128,64,4,1,[80; 8; 12; 6; 128; 64; 4; 1],0.18161796312779188,0.8054584016162721,tvm
80,8,4,4,1280,64,4,0,[80; 8; 4; 4; 1280; 64; 4; 0],0.17988183512352407,0.8132322765400994,tvm
128,2,60,5,128,64,4,1,[128; 2; 60; 5; 128; 64; 4; 1],0.1788921351544559,0.8177313896969862,tvm
80,1,25,5,1280,80,5,0,[80; 1; 25; 5; 1280; 80; 5; 0],0.18345407606102526,0.7973969149480927,tvm
80,5,30,5,1280,64,4,1,[80; 5; 30; 5; 1280; 64; 4; 1],0.17907381197437644,0.8169017718048367,tvm
160,5,6,6,640,32,2,1,[160; 5; 6; 6; 640; 32; 2; 1],0.17328870482742786,0.8441733950945914,tvm
128,4,20,5,256,64,4,1,[128; 4; 20; 5; 256; 64; 4; 1],0.17563239810988307,0.8329084830589841,tvm
128,2,25,5,1280,64,4,1,[128; 2; 25; 5; 1280; 64; 4; 1],0.17244375008158386,0.8483097486369087,tvm
80,5,60,5,256,32,2,1,[80; 5; 60; 5; 256; 32; 2; 1],0.2100284758489579,0.6965041939880369,tvm
80,16,25,5,128,32,2,1,[80; 16; 25; 5; 128; 32; 2; 1],0.21506548789329827,0.6801914882702701,tvm
128,16,25,5,64,32,2,1,[128; 16; 25; 5; 64; 32; 2; 1],0.2095781578682363,0.6980007638853543,tvm
80,4,375,5,320,80,5,0,[80; 4; 375; 5; 320; 80; 5; 0],0.21186020993627608,0.6904822492610317,tvm
80,16,5,5,64,64,4,0,[80; 16; 5; 5; 64; 64; 4; 0],0.2274827070068568,0.6430630099777428,tvm
256,1,25,5,64,32,2,0,[256; 1; 25; 5; 64; 32; 2; 0],0.23535317298956215,0.6215582837806144,tvm
256,16,4,4,128,32,2,0,[256; 16; 4; 4; 128; 32; 2; 0],0.19544918183237314,0.748459077261199,tvm
128,32,50,10,640,32,2,0,[128; 32; 50; 10; 640; 32; 2; 0],0.2151747029274702,0.6798462472376383,tvm
80,5,500,5,1280,80,5,0,[80; 5; 500; 5; 1280; 80; 5; 0],0.2055910259950906,0.7115374495441621,tvm
256,4,50,5,1280,32,2,1,[256; 4; 50; 5; 1280; 32; 2; 1],0.20648601208813488,0.7084533853231416,tvm
80,10,10,5,160,32,2,1,[80; 10; 10; 5; 160; 32; 2; 1],0.20948603516444564,0.6983077137856977,tvm
128,32,4,4,128,32,2,1,[128; 32; 4; 4; 128; 32; 2; 1],0.20441935304552317,0.7156157775978148,tvm
80,4,60,5,80,80,5,0,[80; 4; 60; 5; 80; 80; 5; 0],0.21108592813834548,0.6930149990379216,tvm
80,2,25,5,640,32,2,1,[80; 2; 25; 5; 640; 32; 2; 1],0.21097063715569675,0.6933937170496155,tvm
128,1,20,10,256,32,2,1,[128; 1; 20; 10; 256; 32; 2; 1],0.2028899530414492,0.7210101441337956,tvm
80,16,20,10,320,32,2,1,[80; 16; 20; 10; 320; 32; 2; 1],0.20026974217034876,0.7304434144688925,tvm
160,10,10,5,64,32,2,1,[160; 10; 10; 5; 64; 32; 2; 1],0.2040542089380324,0.7168963338077415,tvm
160,1,60,10,320,32,2,0,[160; 1; 60; 10; 320; 32; 2; 0],0.201799841132015,0.7249050022294912,tvm
128,2,12,3,256,64,4,1,[128; 2; 12; 3; 256; 64; 4; 1],0.19967753090895712,0.7326097914963362,tvm
128,2,60,12,1280,32,2,1,[128; 2; 60; 12; 1280; 32; 2; 1],0.2138003830332309,0.6842163339949544,tvm
128,1,250,5,64,64,4,0,[128; 1; 250; 5; 64; 64; 4; 0],0.20937835797667503,0.6986668330927052,tvm
80,10,30,5,1280,32,2,0,[80; 10; 30; 5; 1280; 32; 2; 0],0.20277126389555633,0.7214321767065738,tvm
80,10,375,5,320,64,4,1,[80; 10; 375; 5; 320; 64; 4; 1],0.19992298493161798,0.7317103350360147,tvm
80,5,30,6,640,32,2,0,[80; 5; 30; 6; 640; 32; 2; 0],0.2030982468277216,0.7202706895338263,tvm
80,10,500,5,320,80,5,1,[80; 10; 500; 5; 320; 80; 5; 1],0.197420840151608,0.74098415432421,tvm
80,2,300,6,1280,64,4,1,[80; 2; 300; 6; 1280; 64; 4; 1],0.2051866219844669,0.7129398245894826,tvm
128,2,12,12,128,32,2,1,[128; 2; 12; 12; 128; 32; 2; 1],0.20901365508325398,0.699885920024919,tvm
160,32,4,4,256,32,2,0,[160; 32; 4; 4; 256; 32; 2; 0],0.19594572111964226,0.7465624329525108,tvm
64,4,5,5,1280,32,2,1,[64; 4; 5; 5; 1280; 32; 2; 1],0.19059825409203768,0.7675081546920919,tvm
256,8,12,6,64,32,2,1,[256; 8; 12; 6; 64; 32; 2; 1],0.18962390790693462,0.7714518485586204,tvm
80,16,250,5,1280,64,4,1,[80; 16; 250; 5; 1280; 64; 4; 1],0.19972178409807384,0.732447464087745,tvm
160,8,75,5,160,32,2,0,[160; 8; 75; 5; 160; 32; 2; 0],0.20726597984321415,0.7057873867982183,tvm
80,20,12,3,1280,64,4,1,[80; 20; 12; 3; 1280; 64; 4; 1],0.19393564900383353,0.7543002796913457,tvm
64,1,15,5,320,64,4,1,[64; 1; 15; 5; 320; 64; 4; 1],0.20079666702076793,0.7285266058255057,tvm
160,2,30,10,640,32,2,0,[160; 2; 30; 10; 640; 32; 2; 0],0.18979134294204414,0.7707712692163468,tvm
256,2,60,6,128,32,2,1,[256; 2; 60; 6; 128; 32; 2; 1],0.19189440202899277,0.7623240320664092,tvm
160,5,50,10,640,32,2,0,[160; 5; 50; 10; 640; 32; 2; 0],0.1921681019011885,0.761238274398596,tvm
160,16,100,5,256,32,2,1,[160; 16; 100; 5; 256; 32; 2; 1],0.1956289578229189,0.7477712702335738,tvm
256,8,150,5,640,32,2,1,[256; 8; 150; 5; 640; 32; 2; 1],0.19437657087109983,0.7525892324889463,tvm
64,8,5,5,256,64,4,1,[64; 8; 5; 5; 256; 64; 4; 1],0.18762730713933706,0.7796611085884135,tvm
160,20,60,10,160,32,2,1,[160; 20; 60; 10; 160; 32; 2; 1],0.1929179299622774,0.7582795145807264,tvm
128,8,20,10,640,32,2,0,[128; 8; 20; 10; 640; 32; 2; 0],0.18882355210371315,0.7747217582548466,tvm
80,1,75,5,640,64,4,0,[80; 1; 75; 5; 640; 64; 4; 0],0.20272992900572717,0.7215792705258713,tvm
128,32,12,12,1280,32,2,1,[128; 32; 12; 12; 1280; 32; 2; 1],0.22285313601605594,0.656422058494949,tvm
256,4,60,6,320,32,2,1,[256; 4; 60; 6; 320; 32; 2; 1],0.18382427003234625,0.7957910794911545,tvm
80,20,500,5,160,80,5,1,[80; 20; 500; 5; 160; 80; 5; 1],0.18803186202421784,0.7779836497437504,tvm
80,16,50,5,640,80,5,0,[80; 16; 50; 5; 640; 80; 5; 0],0.19047768507152796,0.7679939738388843,tvm
128,16,12,6,256,32,2,1,[128; 16; 12; 6; 256; 32; 2; 1],0.18596059293486178,0.7866489990003163,tvm
128,4,250,5,1280,64,4,1,[128; 4; 250; 5; 1280; 64; 4; 1],0.18604980618692935,0.7862717907845441,tvm
256,16,50,5,160,32,2,1,[256; 16; 50; 5; 160; 32; 2; 1],0.18371839309111238,0.796249694025824,tvm
80,1,50,5,256,64,4,1,[80; 1; 50; 5; 256; 64; 4; 1],0.19702506391331553,0.7424726142968041,tvm
80,2,20,4,1280,80,5,0,[80; 2; 20; 4; 1280; 80; 5; 0],0.1828682590276003,0.7999513697105598,tvm
256,16,15,5,256,32,2,1,[256; 16; 15; 5; 256; 32; 2; 1],0.17945366888307035,0.8151726024672816,tvm
256,16,25,5,256,32,2,1,[256; 16; 25; 5; 256; 32; 2; 1],0.17959000077098608,0.8145537817122595,tvm
80,20,75,5,256,64,4,1,[80; 20; 75; 5; 256; 64; 4; 1],0.18490864103659987,0.7911242734013672,tvm
80,16,50,5,160,80,5,1,[80; 16; 50; 5; 160; 80; 5; 1],0.18196159601211548,0.8039373004618744,tvm
80,5,75,5,1280,80,5,1,[80; 5; 75; 5; 1280; 80; 5; 1],0.18940113601274788,0.7723592232090326,tvm
128,8,150,5,128,64,4,1,[128; 8; 150; 5; 128; 64; 4; 1],0.18040084186941385,0.8108926364745329,tvm
80,8,20,5,640,80,5,1,[80; 8; 20; 5; 640; 80; 5; 1],0.18219712213613093,0.8028980511361482,tvm
80,16,25,5,1280,80,5,0,[80; 16; 25; 5; 1280; 80; 5; 0],0.1772871681023389,0.8251342488660598,tvm
128,32,50,5,1280,64,4,1,[128; 32; 50; 5; 1280; 64; 4; 1],0.17949439794756472,0.8149876316944911,tvm
80,16,10,5,1280,64,4,0,[80; 16; 10; 5; 1280; 64; 4; 0],0.1754769249819219,0.8336464426920236,tvm
80,10,6,6,1280,64,4,1,[80; 10; 6; 6; 1280; 64; 4; 1],0.17019733996130526,0.8595064665462614,tvm
128,2,12,6,1280,64,4,0,[128; 2; 12; 6; 1280; 64; 4; 0],0.1666377808433026,0.8778664330826254,tvm
80,40,60,5,320,32,2,1,[80; 40; 60; 5; 320; 32; 2; 1],0.20541126397438347,0.7121601389101884,tvm
64,16,12,3,640,64,4,0,[64; 16; 12; 3; 640; 64; 4; 0],0.22073514596559107,0.6627205361692505,tvm
256,2,4,4,1280,32,2,0,[256; 2; 4; 4; 1280; 32; 2; 0],0.39673489006236196,0.368724097501785,tvm
64,8,150,10,160,32,2,1,[64; 8; 150; 10; 160; 32; 2; 1],0.21360524790361524,0.6848413871915852,tvm
64,16,500,5,1280,80,5,1,[64; 16; 500; 5; 1280; 80; 5; 1],0.21157736610621214,0.6914053094520454,tvm
40,4,10,5,640,80,5,0,[40; 4; 10; 5; 640; 80; 5; 0],0.21943168598227203,0.6666572041812264,tvm
40,10,15,5,320,64,4,1,[40; 10; 15; 5; 320; 64; 4; 1],0.2208733360748738,0.6623059029457722,tvm
128,16,100,4,256,32,2,1,[128; 16; 100; 4; 256; 32; 2; 1],0.21443957998417318,0.6821768364613985,tvm
40,10,30,6,1280,32,2,1,[40; 10; 30; 6; 1280; 32; 2; 1],0.22497033094987273,0.6502444729847923,tvm
40,10,4,4,1280,32,2,0,[40; 10; 4; 4; 1280; 32; 2; 0],0.22302306210622191,0.6559219163444228,tvm
64,2,15,5,640,32,2,1,[64; 2; 15; 5; 640; 32; 2; 1],0.21303770691156387,0.6866658321028604,tvm
160,10,100,4,640,32,2,1,[160; 10; 100; 4; 640; 32; 2; 1],0.21265665697865188,0.6878962378327973,tvm
80,5,500,5,320,64,4,0,[80; 5; 500; 5; 320; 64; 4; 0],0.2159146300982684,0.6775164527718008,tvm
64,1,4,4,256,32,2,1,[64; 1; 4; 4; 256; 32; 2; 1],0.24550357088446617,0.5958598229699733,tvm
64,16,30,10,320,32,2,1,[64; 16; 30; 10; 320; 32; 2; 1],0.20830484107136726,0.7022674726776772,tvm
256,1,12,4,640,32,2,1,[256; 1; 12; 4; 640; 32; 2; 1],0.2287678150460124,0.6394505899192666,tvm
80,1,10,5,128,64,4,0,[80; 1; 10; 5; 128; 64; 4; 0],0.22803110699169338,0.6415164852532297,tvm
160,8,12,4,256,32,2,0,[160; 8; 12; 4; 256; 32; 2; 0],0.2122745239175856,0.6891345771785073,tvm
160,2,125,5,1280,32,2,0,[160; 2; 125; 5; 1280; 32; 2; 0],0.21054286393336952,0.694802528819069,tvm
64,4,25,5,256,64,4,0,[64; 4; 25; 5; 256; 64; 4; 0],0.20750821987167,0.7049634678384415,tvm
128,16,75,5,128,32,2,0,[128; 16; 75; 5; 128; 32; 2; 0],0.21954516391269863,0.666312624148188,tvm
64,2,150,6,640,64,4,0,[64; 2; 150; 6; 640; 64; 4; 0],0.20372803485952318,0.7180441041734038,tvm
160,8,12,12,64,32,2,1,[160; 8; 12; 12; 64; 32; 2; 1],0.21997122699394822,0.6650220407678086,tvm
160,2,50,5,1280,32,2,0,[160; 2; 50; 5; 1280; 32; 2; 0],0.21702211583033204,0.6740590180222946,tvm
256,1,12,4,256,32,2,1,[256; 1; 12; 4; 256; 32; 2; 1],0.21563362004235387,0.6783993806577168,tvm
80,16,25,5,80,80,5,0,[80; 16; 25; 5; 80; 80; 5; 0],0.2085516001097858,0.7014365471600627,tvm
256,32,125,5,64,32,2,1,[256; 32; 125; 5; 64; 32; 2; 1],0.19495917204767466,0.75034025200898,tvm
128,2,100,5,128,32,2,1,[128; 2; 100; 5; 128; 32; 2; 1],0.2069557800423354,0.7068452703074528,tvm
256,1,150,10,256,32,2,0,[256; 1; 150; 10; 256; 32; 2; 0],0.2041253070347011,0.716646634416799,tvm
256,4,60,6,64,32,2,1,[256; 4; 60; 6; 64; 32; 2; 1],0.19358020811341703,0.7556852826607496,tvm
256,32,12,4,256,32,2,0,[256; 32; 12; 4; 256; 32; 2; 0],0.19735897611826658,0.7412164227993013,tvm
80,2,1500,5,1280,80,5,1,[80; 2; 1500; 5; 1280; 80; 5; 1],0.20017665904015303,0.7307830742462893,tvm
80,2,15,3,640,80,5,0,[80; 2; 15; 3; 640; 80; 5; 0],0.21139471582137048,0.6920027008117194,tvm
128,1,6,6,160,32,2,1,[128; 1; 6; 6; 160; 32; 2; 1],0.2022466550115496,0.723303504215486,tvm
64,2,100,5,64,64,4,1,[64; 2; 100; 5; 64; 64; 4; 1],0.19908442487940192,0.7347923594441346,tvm
160,32,150,6,320,32,2,0,[160; 32; 150; 6; 320; 32; 2; 0],0.20033007999882102,0.7302234107158306,tvm
256,2,150,10,160,32,2,0,[256; 2; 150; 10; 160; 32; 2; 0],0.1957012501079589,0.7474950425968947,tvm
80,10,750,6,640,64,4,1,[80; 10; 750; 6; 640; 64; 4; 1],0.1976438390556723,0.7401481117987622,tvm
64,1,150,6,1280,64,4,1,[64; 1; 150; 6; 1280; 64; 4; 1],0.1972252579871565,0.7417189653023071,tvm
64,16,4,4,640,64,4,0,[64; 16; 4; 4; 640; 64; 4; 0],0.19739176286384463,0.741093306849983,tvm
80,4,250,5,1280,80,5,1,[80; 4; 250; 5; 1280; 80; 5; 1],0.1937131609302014,0.7551666266930819,tvm
160,8,60,5,128,32,2,0,[160; 8; 60; 5; 128; 32; 2; 0],0.21033760299906135,0.6954805617251762,tvm
64,4,100,5,256,64,4,1,[64; 4; 100; 5; 256; 64; 4; 1],0.19643419119529426,0.7447059668969619,tvm
256,4,75,5,320,32,2,0,[256; 4; 75; 5; 320; 32; 2; 0],0.19866362703032792,0.7363487542859689,tvm
128,32,12,6,160,32,2,1,[128; 32; 12; 6; 160; 32; 2; 1],0.18823821702972054,0.7771307898789624,tvm
128,4,100,4,1280,64,4,0,[128; 4; 100; 4; 1280; 64; 4; 0],0.18913767114281654,0.773435103656611,tvm
64,2,20,5,320,64,4,1,[64; 2; 20; 5; 320; 64; 4; 1],0.197553618112579,0.7404861307189581,tvm
80,4,20,4,160,80,5,1,[80; 4; 20; 4; 160; 80; 5; 1],0.19422173500061035,0.753189205550319,tvm
64,2,75,5,1280,80,5,1,[64; 2; 75; 5; 1280; 80; 5; 1],0.19912679586559534,0.7346360074233946,tvm
80,16,60,4,1280,80,5,0,[80; 16; 60; 4; 1280; 80; 5; 0],0.19060332491062582,0.767487735874009,tvm
256,8,60,5,256,32,2,0,[256; 8; 60; 5; 256; 32; 2; 0],0.19228887488134205,0.7607601551362997,tvm
160,10,60,6,320,32,2,1,[160; 10; 60; 6; 320; 32; 2; 1],0.18373196199536324,0.7961908896907445,tvm
128,32,10,5,256,32,2,1,[128; 32; 10; 5; 256; 32; 2; 1],0.19001767691224813,0.7698531876761674,tvm
256,2,30,6,160,32,2,1,[256; 2; 30; 6; 160; 32; 2; 1],0.1868224369827658,0.7830200518110628,tvm
128,16,300,6,256,64,4,1,[128; 16; 300; 6; 256; 64; 4; 1],0.1894024540670216,0.7723538483506127,tvm
128,2,300,5,64,64,4,1,[128; 2; 300; 5; 64; 64; 4; 1],0.1845339429564774,0.7927306594224565,tvm
160,20,20,10,320,32,2,1,[160; 20; 20; 10; 320; 32; 2; 1],0.18690466601401567,0.7826755607842587,tvm
80,10,25,5,128,64,4,1,[80; 10; 25; 5; 128; 64; 4; 1],0.18721245205961168,0.7813888054793193,tvm
80,20,20,5,320,64,4,1,[80; 20; 20; 5; 320; 64; 4; 1],0.18568565999157727,0.7878137401259194,tvm
80,20,60,6,1280,64,4,1,[80; 20; 60; 6; 1280; 64; 4; 1],0.18719972507096827,0.7814419290960856,tvm
128,16,100,5,640,64,4,0,[128; 16; 100; 5; 640; 64; 4; 0],0.18652314296923578,0.7842764814972153,tvm
128,32,100,5,64,64,4,1,[128; 32; 100; 5; 64; 64; 4; 1],0.18258510692976415,0.8011919304129591,tvm
128,2,15,5,128,64,4,1,[128; 2; 15; 5; 128; 64; 4; 1],0.18039223202504218,0.8109313391355278,tvm
128,2,50,5,1280,64,4,1,[128; 2; 50; 5; 1280; 64; 4; 1],0.18088477104902267,0.8087232188610755,tvm
160,1,100,5,160,32,2,0,[160; 1; 100; 5; 160; 32; 2; 0],0.24610117496922612,0.5944129047900998,tvm
256,2,12,4,256,32,2,1,[256; 2; 12; 4; 256; 32; 2; 1],0.2017915800679475,0.7249346788228567,tvm
64,16,100,10,256,32,2,1,[64; 16; 100; 10; 256; 32; 2; 1],0.211960693821311,0.6901549133870896,tvm
80,16,15,5,64,64,4,0,[80; 16; 15; 5; 64; 64; 4; 0],0.22475977009162307,0.6508536390924456,tvm
40,10,150,5,1280,80,5,0,[40; 10; 150; 5; 1280; 80; 5; 0],0.21742274891585112,0.6728169660955353,tvm
40,4,12,4,64,64,4,1,[40; 4; 12; 4; 64; 64; 4; 1],0.23662526602856815,0.6182167979815519,tvm
40,5,60,4,1280,64,4,1,[40; 5; 60; 4; 1280; 64; 4; 1],0.22646643104963005,0.6459487775195072,tvm
128,16,300,3,64,64,4,1,[128; 16; 300; 3; 64; 64; 4; 1],0.22302515991032124,0.6559157466562786,tvm
64,16,150,6,256,64,4,0,[64; 16; 150; 6; 256; 64; 4; 0],0.20985684916377068,0.6970738142149178,tvm
80,20,25,5,256,32,2,0,[80; 20; 25; 5; 256; 32; 2; 0],0.2182652661576867,0.670219851563691,tvm
80,8,100,5,1280,32,2,1,[80; 8; 100; 5; 1280; 32; 2; 1],0.21292379614897072,0.6870331871378362,tvm
64,32,5,5,640,32,2,0,[64; 32; 5; 5; 640; 32; 2; 0],0.2045344819780439,0.7152129698180553,tvm
64,32,15,5,256,64,4,1,[64; 32; 15; 5; 256; 64; 4; 1],0.20371396490372717,0.7180936974784581,tvm
80,10,250,5,128,64,4,0,[80; 10; 250; 5; 128; 64; 4; 0],0.20812393119558692,0.7028779124311302,tvm
128,1,30,10,128,32,2,0,[128; 1; 30; 10; 128; 32; 2; 0],0.2203598627820611,0.663849180330961,tvm
160,2,4,4,128,32,2,1,[160; 2; 4; 4; 128; 32; 2; 1],0.20609956700354815,0.7097817642828715,tvm
128,16,10,5,64,32,2,1,[128; 16; 10; 5; 64; 32; 2; 1],0.2062577900942415,0.7092372812628057,tvm
40,20,10,5,1280,64,4,1,[40; 20; 10; 5; 1280; 64; 4; 1],0.19633463001810014,0.7450836068615515,tvm
256,1,20,5,160,32,2,0,[256; 1; 20; 5; 160; 32; 2; 0],0.21749698789790273,0.6725873112062758,tvm
64,32,50,5,320,64,4,1,[64; 32; 50; 5; 320; 64; 4; 1],0.19405887206085026,0.7538213158316414,tvm
80,5,12,4,320,80,5,0,[80; 5; 12; 4; 320; 80; 5; 0],0.20484202983789146,0.7141391559216747,tvm
64,32,60,4,320,64,4,1,[64; 32; 60; 4; 320; 64; 4; 1],0.20202855090610683,0.7240843614905741,tvm
80,2,15,3,640,64,4,1,[80; 2; 15; 3; 640; 64; 4; 1],0.20782256196253002,0.7038971750915539,tvm
80,20,5,5,256,32,2,0,[80; 20; 5; 5; 256; 32; 2; 0],0.2065559010952711,0.7082136773146074,tvm
160,16,50,10,1280,32,2,0,[160; 16; 50; 10; 1280; 32; 2; 0],0.2107481888961047,0.694125605785541,tvm
80,20,300,4,160,80,5,1,[80; 20; 300; 4; 160; 80; 5; 1],0.20267990697175264,0.721757358543203,tvm
128,16,4,4,320,32,2,0,[128; 16; 4; 4; 320; 32; 2; 0],0.2016698259394616,0.7253723436525759,tvm
80,8,375,5,256,64,4,1,[80; 8; 375; 5; 256; 64; 4; 1],0.214804861927405,0.6810167748211989,tvm
160,40,6,6,128,32,2,0,[160; 40; 6; 6; 128; 32; 2; 0],0.20740941097028553,0.7052993092327516,tvm
160,40,50,5,1280,32,2,1,[160; 40; 50; 5; 1280; 32; 2; 1],0.20457984996028244,0.7150543629497944,tvm
80,2,6,3,640,64,4,1,[80; 2; 6; 3; 640; 64; 4; 1],0.2000609419774264,0.7312057658022036,tvm
80,10,4,4,320,80,5,0,[80; 10; 4; 4; 320; 80; 5; 0],0.20013716793619096,0.730927272501198,tvm
64,2,100,4,640,80,5,1,[64; 2; 100; 4; 640; 80; 5; 1],0.20153732295148075,0.7258492478881043,tvm
80,8,100,5,320,80,5,0,[80; 8; 100; 5; 320; 80; 5; 0],0.19926649914123118,0.7341209632133574,tvm
128,32,30,10,640,32,2,0,[128; 32; 30; 10; 640; 32; 2; 0],0.22581190499477088,0.647821089366842,tvm
128,32,12,12,640,32,2,0,[128; 32; 12; 12; 640; 32; 2; 0],0.23041591909714043,0.6348767691872977,tvm
64,16,125,5,256,64,4,1,[64; 16; 125; 5; 256; 64; 4; 1],0.20471973600797355,0.7145657626288492,tvm
64,8,150,6,128,64,4,1,[64; 8; 150; 6; 128; 64; 4; 1],0.18833065684884787,0.7767493446546072,tvm
64,16,60,5,128,64,4,1,[64; 16; 60; 5; 128; 64; 4; 1],0.19230971904471517,0.7606776974787243,tvm
160,10,50,5,1280,32,2,1,[160; 10; 50; 5; 1280; 32; 2; 1],0.20420242100954056,0.7163760035875366,tvm
256,32,50,10,256,32,2,1,[256; 32; 50; 10; 256; 32; 2; 1],0.22031861008144915,0.6639734801868722,tvm
160,2,15,5,128,32,2,1,[160; 2; 15; 5; 128; 32; 2; 1],0.2057629160117358,0.7109430461092942,tvm
256,1,12,6,128,32,2,1,[256; 1; 12; 6; 128; 32; 2; 1],0.19358326587826014,0.7556733461543617,tvm
80,1,150,6,128,64,4,1,[80; 1; 150; 6; 128; 64; 4; 1],0.19664431293495,0.7439102209587198,tvm
160,16,125,5,160,32,2,1,[160; 16; 125; 5; 160; 32; 2; 1],0.19500737194903195,0.7501547906811863,tvm
80,2,100,4,640,80,5,1,[80; 2; 100; 4; 640; 80; 5; 1],0.19573145802132785,0.7473796790997914,tvm
128,8,12,3,640,64,4,1,[128; 8; 12; 3; 640; 64; 4; 1],0.18860717490315437,0.7756105480124432,tvm
160,4,20,5,128,32,2,1,[160; 4; 20; 5; 128; 32; 2; 1],0.20296014309860766,0.7207607959491916,tvm
160,20,60,6,320,32,2,1,[160; 20; 60; 6; 320; 32; 2; 1],0.18216494796797633,0.803039859849605,tvm
128,4,10,5,640,32,2,0,[128; 4; 10; 5; 640; 32; 2; 0],0.1896268529817462,0.7714398672206831,tvm
256,8,30,6,320,32,2,0,[256; 8; 30; 6; 320; 32; 2; 0],0.18452574801631272,0.792765865242731,tvm
80,2,6,6,640,32,2,1,[80; 2; 6; 6; 640; 32; 2; 1],0.1930354160722345,0.7578180069867266,tvm
80,1,12,6,128,64,4,1,[80; 1; 12; 6; 128; 64; 4; 1],0.1991321500390768,0.7346162548689794,tvm
256,16,50,10,160,32,2,1,[256; 16; 50; 10; 160; 32; 2; 1],0.18206386896781623,0.803485694965504,tvm
80,5,150,5,160,80,5,1,[80; 5; 150; 5; 160; 80; 5; 1],0.1938690198585391,0.7545595185473933,tvm
256,16,10,10,640,32,2,0,[256; 16; 10; 10; 640; 32; 2; 0],0.1794093670323491,0.8153738943816555,tvm
256,16,20,5,128,32,2,1,[256; 16; 20; 5; 128; 32; 2; 1],0.18443677900359035,0.7931482813569772,tvm
128,32,375,5,64,64,4,1,[128; 32; 375; 5; 64; 64; 4; 1],0.18217531801201403,0.8029941480660245,tvm
80,2,15,5,160,80,5,1,[80; 2; 15; 5; 160; 80; 5; 1],0.1897710938937962,0.7708535124299903,tvm
160,10,10,5,256,32,2,1,[160; 10; 10; 5; 256; 32; 2; 1],0.18417767900973558,0.794264077342302,tvm
80,8,75,5,640,64,4,1,[80; 8; 75; 5; 640; 64; 4; 1],0.19187392108142376,0.7624054038257569,tvm
80,4,12,6,640,64,4,0,[80; 4; 12; 6; 640; 64; 4; 0],0.18337637302465737,0.7977348001426784,tvm
160,16,10,5,320,32,2,1,[160; 16; 10; 5; 320; 32; 2; 1],0.18228786112740636,0.8024983856904816,tvm
128,4,150,6,64,64,4,1,[128; 4; 150; 6; 64; 64; 4; 1],0.1785483390558511,0.8193059373123328,tvm
80,4,60,12,1280,32,2,1,[80; 4; 60; 12; 1280; 32; 2; 1],0.21632245392538607,0.676239158863144,tvm
80,20,12,12,256,32,2,0,[80; 20; 12; 12; 256; 32; 2; 0],0.24483237997628748,0.5974933311512243,tvm
64,16,20,4,256,64,4,0,[64; 16; 20; 4; 256; 64; 4; 0],0.2168950259219855,0.6744539837364988,tvm
40,20,4,4,640,64,4,1,[40; 20; 4; 4; 640; 64; 4; 1],0.2063045259565115,0.7090766119040499,tvm
64,16,375,5,128,64,4,1,[64; 16; 375; 5; 128; 64; 4; 1],0.21190648898482323,0.6903314522670955,tvm
64,4,375,5,128,64,4,1,[64; 4; 375; 5; 128; 64; 4; 1],0.22071272507309914,0.6627878580053101,tvm
40,2,5,5,1280,32,2,0,[40; 2; 5; 5; 1280; 32; 2; 0],0.21321948105469346,0.6860804348744766,tvm
64,16,5,5,256,32,2,1,[64; 16; 5; 5; 256; 32; 2; 1],0.2069559940136969,0.706844539501633,tvm
128,16,30,3,128,64,4,1,[128; 16; 30; 3; 128; 64; 4; 1],0.2041354631073773,0.7166109800763356,tvm
256,8,100,10,1280,32,2,0,[256; 8; 100; 10; 1280; 32; 2; 0],0.20063400082290173,0.7291172666931948,tvm
64,16,3,3,1280,64,4,0,[64; 16; 3; 3; 1280; 64; 4; 0],0.19950312515720725,0.7332502394157587,tvm
80,5,30,5,320,32,2,1,[80; 5; 30; 5; 320; 32; 2; 1],0.2114168768748641,0.691930163987332,tvm
64,32,20,5,320,64,4,1,[64; 32; 20; 5; 320; 64; 4; 1],0.1975434550549835,0.7405242266568522,tvm
160,1,5,5,160,32,2,0,[160; 1; 5; 5; 160; 32; 2; 0],0.2254668790847063,0.6488124325824184,tvm
256,4,60,12,64,32,2,0,[256; 4; 60; 12; 64; 32; 2; 0],0.21042106510140002,0.6952047040310366,tvm
256,16,15,5,64,32,2,0,[256; 16; 15; 5; 64; 32; 2; 0],0.20143078709952533,0.7262331463433924,tvm
256,2,20,10,64,32,2,0,[256; 2; 20; 10; 64; 32; 2; 0],0.20263091917149723,0.7219318497090021,tvm
64,1,10,5,640,32,2,1,[64; 1; 10; 5; 640; 32; 2; 1],0.2138998790178448,0.6838980693089138,tvm
80,2,750,5,320,64,4,1,[80; 2; 750; 5; 320; 64; 4; 1],0.21103555103763938,0.6931804312896239,tvm
80,1,12,3,640,80,5,1,[80; 1; 12; 3; 640; 80; 5; 1],0.21762824500910938,0.6721816567495232,tvm
160,10,4,4,640,32,2,1,[160; 10; 4; 4; 640; 32; 2; 1],0.19082442903891206,0.7665984644758684,tvm
160,20,4,4,128,32,2,1,[160; 20; 4; 4; 128; 32; 2; 1],0.19601181615144014,0.7463106926813683,tvm
128,16,50,5,128,32,2,1,[128; 16; 50; 5; 128; 32; 2; 1],0.19917614990845323,0.7344539712859757,tvm
80,16,750,5,640,64,4,1,[80; 16; 750; 5; 640; 64; 4; 1],0.22216325299814343,0.6584604443424168,tvm
128,4,100,5,64,64,4,0,[128; 4; 100; 5; 64; 64; 4; 0],0.1975285450462252,0.7405801235030656,tvm
80,5,20,10,1280,32,2,0,[80; 5; 20; 10; 1280; 32; 2; 0],0.1961438050493598,0.7458084860182117,tvm
128,16,60,5,1280,32,2,1,[128; 16; 60; 5; 1280; 32; 2; 1],0.19728305307216942,0.7415016749168036,tvm
128,2,75,5,64,64,4,0,[128; 2; 75; 5; 64; 64; 4; 0],0.20744091807864606,0.7051921850358072,tvm
128,1,12,3,640,64,4,0,[128; 1; 12; 3; 640; 64; 4; 0],0.21366936387494206,0.6846358861784858,tvm
128,4,12,6,128,32,2,1,[128; 4; 12; 6; 128; 32; 2; 1],0.1935052969492972,0.7559778289895831,tvm
80,20,30,5,320,64,4,0,[80; 20; 30; 5; 320; 64; 4; 0],0.19528238289058208,0.749098367811699,tvm
64,1,20,4,1280,80,5,0,[64; 1; 20; 4; 1280; 80; 5; 0],0.19709918508306146,0.7421933998563547,tvm
160,1,30,10,640,32,2,1,[160; 1; 30; 10; 640; 32; 2; 1],0.19209957192651927,0.7615098400202088,tvm
80,10,20,5,256,64,4,0,[80; 10; 20; 5; 256; 64; 4; 0],0.19799673091620207,0.7388289372698109,tvm
128,1,20,4,256,64,4,1,[128; 1; 20; 4; 256; 64; 4; 1],0.1953707409556955,0.7487595817578832,tvm
64,1,5,5,640,80,5,0,[64; 1; 5; 5; 640; 80; 5; 0],0.19711424899287522,0.7421366797841279,tvm
160,10,60,5,320,32,2,0,[160; 10; 60; 5; 320; 32; 2; 0],0.20137316803447902,0.7264409440122992,tvm
64,1,50,5,640,80,5,1,[64; 1; 50; 5; 640; 80; 5; 1],0.193952881032601,0.7542332627744032,tvm
160,16,50,10,256,32,2,0,[160; 16; 50; 10; 256; 32; 2; 0],0.19047189084813,0.7680173364916774,tvm
64,4,50,5,256,64,4,1,[64; 4; 50; 5; 256; 64; 4; 1],0.1939124909695238,0.7543903621386889,tvm
64,2,30,5,320,80,5,1,[64; 2; 30; 5; 320; 80; 5; 1],0.19577624602243304,0.7472087000225356,tvm
128,8,30,5,1280,32,2,1,[128; 8; 30; 5; 1280; 32; 2; 1],0.19655632018111646,0.7442432487081545,tvm
64,16,20,5,1280,80,5,0,[64; 16; 20; 5; 1280; 80; 5; 0],0.1825621670577675,0.8012926042854521,tvm
128,16,10,10,256,32,2,1,[128; 16; 10; 10; 256; 32; 2; 1],0.18798529682680964,0.7781763614230263,tvm
80,5,12,4,320,80,5,1,[80; 5; 12; 4; 320; 80; 5; 1],0.1934002919588238,0.7563882805143826,tvm
80,20,10,5,1280,32,2,1,[80; 20; 10; 5; 1280; 32; 2; 1],0.18653754307888448,0.7842159378278711,tvm
128,4,60,4,320,64,4,1,[128; 4; 60; 4; 320; 64; 4; 1],0.18050930905155838,0.8104053749600865,tvm
80,10,50,5,640,80,5,0,[80; 10; 50; 5; 640; 80; 5; 0],0.19270121911540627,0.7591322720076081,tvm
128,32,750,5,320,64,4,1,[128; 32; 750; 5; 320; 64; 4; 1],0.19163850392214954,0.7633419761257415,tvm
256,4,60,10,256,32,2,1,[256; 4; 60; 10; 256; 32; 2; 1],0.1812932128086686,0.8069012183048453,tvm
128,2,1500,6,320,64,4,1,[128; 2; 1500; 6; 320; 64; 4; 1],0.1885469639673829,0.7758582329176117,tvm
160,8,10,5,128,32,2,1,[160; 8; 10; 5; 128; 32; 2; 1],0.19314370397478342,0.7573931289254614,tvm
128,8,10,10,1280,32,2,0,[128; 8; 10; 10; 1280; 32; 2; 0],0.17773336707614362,0.8230627523251912,tvm
80,8,60,5,320,64,4,1,[80; 8; 60; 5; 320; 64; 4; 1],0.18609334900975227,0.7860878159490168,tvm
80,4,10,5,640,64,4,0,[80; 4; 10; 5; 640; 64; 4; 0],0.18472311994992197,0.7919188151725244,tvm
128,32,6,6,1280,32,2,0,[128; 32; 6; 6; 1280; 32; 2; 0],0.17116843000985682,0.8546302275325559,tvm
80,2,4,4,640,80,5,1,[80; 2; 4; 4; 640; 80; 5; 1],0.1874949438497424,0.7802115154793027,tvm
80,10,5,5,128,64,4,1,[80; 10; 5; 5; 128; 64; 4; 1],0.18171190610155463,0.8050419888499687,tvm
80,16,5,5,256,64,4,1,[80; 16; 5; 5; 256; 64; 4; 1],0.1825295970775187,0.8014355842991756,tvm
80,5,25,5,640,64,4,1,[80; 5; 25; 5; 640; 64; 4; 1],0.1798066881019622,0.8135721525706578,tvm
160,20,6,6,640,32,2,0,[160; 20; 6; 6; 640; 32; 2; 0],0.1711439078208059,0.8547526823968571,tvm
128,8,6,6,320,64,4,0,[128; 8; 6; 6; 320; 64; 4; 0],0.17650734493508935,0.8287797561031295,tvm
128,16,125,5,256,64,4,1,[128; 16; 125; 5; 256; 64; 4; 1],0.182146669132635,0.8031204467384052,tvm
128,16,6,6,256,64,4,1,[128; 16; 6; 6; 256; 64; 4; 1],0.1706426991149783,0.857263246798198,tvm
256,8,750,5,160,32,2,0,[256; 8; 750; 5; 160; 32; 2; 0],0.22842034185305238,0.6404233226295711,tvm
160,4,12,12,64,32,2,1,[160; 4; 12; 12; 64; 32; 2; 1],0.22111187502741814,0.6615913969685016,tvm
160,20,4,4,32,32,2,0,[160; 20; 4; 4; 32; 32; 2; 0],0.28343254583887756,0.5161217948798057,tvm
256,1,60,12,32,32,2,1,[256; 1; 60; 12; 32; 32; 2; 1],0.2310682418756187,0.6330844649973931,tvm
256,32,12,6,32,32,2,1,[256; 32; 12; 6; 32; 32; 2; 1],0.20317655010148883,0.7199931006439623,tvm
80,16,20,5,128,32,2,1,[80; 16; 20; 5; 128; 32; 2; 1],0.2114716270007193,0.6917510228699225,tvm
256,16,4,4,32,32,2,0,[256; 16; 4; 4; 32; 32; 2; 0],0.2561238568741828,0.5711522388856383,tvm
64,1,12,12,640,32,2,0,[64; 1; 12; 12; 640; 32; 2; 0],0.21759263309650123,0.6722916681689187,tvm
80,10,60,5,64,64,4,0,[80; 10; 60; 5; 64; 64; 4; 0],0.20745944092050195,0.7051292225441342,tvm
80,2,375,5,640,80,5,0,[80; 2; 375; 5; 640; 80; 5; 0],0.2133478808682412,0.6856675289690692,tvm
128,1,60,6,256,32,2,1,[128; 1; 60; 6; 256; 32; 2; 1],0.20800918503664434,0.7032656479084979,tvm
80,1,10,10,160,32,2,1,[80; 1; 10; 10; 160; 32; 2; 1],0.21594291692599654,0.6774277034325987,tvm
128,2,6,3,256,64,4,0,[128; 2; 6; 3; 256; 64; 4; 0],0.20410293387249112,0.716725191109223,tvm
80,40,250,5,1280,64,4,1,[80; 40; 250; 5; 1280; 64; 4; 1],0.21146347606554627,0.6917776866600398,tvm
160,8,12,4,640,32,2,0,[160; 8; 12; 4; 640; 32; 2; 0],0.20851716306060553,0.7015523908849477,tvm
128,32,150,5,256,32,2,0,[128; 32; 150; 5; 256; 32; 2; 0],0.2082256011199206,0.7025347195490429,tvm
128,32,60,5,160,32,2,0,[128; 32; 60; 5; 160; 32; 2; 0],0.20890476484782994,0.7002507309599735,tvm
80,2,30,3,640,64,4,0,[80; 2; 30; 3; 640; 64; 4; 0],0.21298289997503161,0.6868425319725839,tvm
80,10,12,4,256,64,4,0,[80; 10; 12; 4; 256; 64; 4; 0],0.20889257616363466,0.7002915899276493,tvm
80,8,60,5,80,80,5,0,[80; 8; 60; 5; 80; 80; 5; 0],0.204965092940256,0.7137103795930472,tvm
160,16,60,12,1280,32,2,0,[160; 16; 60; 12; 1280; 32; 2; 0],0.22338790097273886,0.6548506595420595,tvm
128,4,12,3,320,64,4,0,[128; 4; 12; 3; 320; 64; 4; 0],0.20331482798792422,0.7195034210411986,tvm
80,8,1500,6,1280,64,4,0,[80; 8; 1500; 6; 1280; 64; 4; 0],0.19791188812814653,0.7391456656256816,tvm
64,32,100,4,256,64,4,1,[64; 32; 100; 4; 256; 64; 4; 1],0.20848236395977437,0.7016694914009101,tvm
80,1,300,5,640,64,4,1,[80; 1; 300; 5; 640; 64; 4; 1],0.21894512814469635,0.668138704548096,tvm
160,32,150,5,1280,32,2,0,[160; 32; 150; 5; 1280; 32; 2; 0],0.2014047068078071,0.7263271877022677,tvm
64,8,5,5,64,64,4,1,[64; 8; 5; 5; 64; 64; 4; 1],0.21088663092814386,0.6936699289181529,tvm
80,8,60,5,160,80,5,0,[80; 8; 60; 5; 160; 80; 5; 0],0.21072074701078236,0.6942160008488818,tvm
80,40,10,5,320,64,4,1,[80; 40; 10; 5; 320; 64; 4; 1],0.2010889791417867,0.7274675862895951,tvm
80,10,500,5,320,64,4,1,[80; 10; 500; 5; 320; 64; 4; 1],0.20392190082930028,0.7173614687329131,tvm
128,16,500,5,64,64,4,0,[128; 16; 500; 5; 64; 64; 4; 0],0.22276923502795398,0.6566692849995995,tvm
128,4,750,5,64,64,4,0,[128; 4; 750; 5; 64; 64; 4; 0],0.20929421298205853,0.6989477262720802,tvm
160,32,150,5,1280,32,2,1,[160; 32; 150; 5; 1280; 32; 2; 1],0.20010366011410952,0.7310496679685647,tvm
256,4,100,10,1280,32,2,1,[256; 4; 100; 10; 1280; 32; 2; 1],0.19969737902283669,0.7325369767070683,tvm
128,16,100,10,160,32,2,1,[128; 16; 100; 10; 160; 32; 2; 1],0.19696409394964576,0.7427024456706942,tvm
80,4,15,3,1280,80,5,1,[80; 4; 15; 3; 1280; 80; 5; 1],0.19369988609105349,0.7552183805464348,tvm
128,8,30,10,256,32,2,0,[128; 8; 30; 10; 256; 32; 2; 0],0.19808810204267502,0.7384881412726106,tvm
80,8,150,6,256,64,4,0,[80; 8; 150; 6; 256; 64; 4; 0],0.200099689187482,0.7310641754603273,tvm
160,20,150,6,640,32,2,0,[160; 20; 150; 6; 640; 32; 2; 0],0.1972339698113501,0.741686203576561,tvm
64,16,10,5,640,80,5,0,[64; 16; 10; 5; 640; 80; 5; 0],0.1904892309103161,0.7679474245690393,tvm
80,20,20,5,256,64,4,0,[80; 20; 20; 5; 256; 64; 4; 0],0.19508332782424986,0.7498627172153982,tvm
128,32,12,6,256,32,2,0,[128; 32; 12; 6; 256; 32; 2; 0],0.19321411405690014,0.7571171236622715,tvm
128,2,30,6,256,32,2,1,[128; 2; 30; 6; 256; 32; 2; 1],0.19533277093432844,0.7489051303884696,tvm
64,8,75,5,80,80,5,1,[64; 8; 75; 5; 80; 80; 5; 1],0.2127122418023646,0.6877164804723906,tvm
256,8,150,5,256,32,2,0,[256; 8; 150; 5; 256; 32; 2; 0],0.2001791801303625,0.7307738706415361,tvm
160,16,10,10,128,32,2,0,[160; 16; 10; 10; 128; 32; 2; 0],0.20174672501161695,0.7250958560903078,tvm
160,40,5,5,320,32,2,0,[160; 40; 5; 5; 320; 32; 2; 0],0.18605671799741685,0.7862425816182852,tvm
256,32,60,6,128,32,2,0,[256; 32; 60; 6; 128; 32; 2; 0],0.18856425094418228,0.7757871046777417,tvm
256,4,25,5,640,32,2,0,[256; 4; 25; 5; 640; 32; 2; 0],0.1991027391050011,0.7347247704541493,tvm
80,4,125,5,640,80,5,0,[80; 4; 125; 5; 640; 80; 5; 0],0.1977151338942349,0.739881219026804,tvm
160,2,10,5,320,32,2,0,[160; 2; 10; 5; 320; 32; 2; 0],0.19765434600412846,0.7401087668603997,tvm
256,4,12,12,320,32,2,0,[256; 4; 12; 12; 320; 32; 2; 0],0.19189277896657586,0.7623304799353317,tvm
80,1,6,6,128,64,4,1,[80; 1; 6; 6; 128; 64; 4; 1],0.1880246850196272,0.778013345803207,tvm
128,4,12,6,1280,32,2,0,[128; 4; 12; 6; 1280; 32; 2; 0],0.18154435395263135,0.805784983673374,tvm
256,4,15,5,320,32,2,1,[256; 4; 15; 5; 320; 32; 2; 1],0.18720884388312697,0.7814038656049782,tvm
160,16,10,10,256,32,2,0,[160; 16; 10; 10; 256; 32; 2; 0],0.18855889304541051,0.7758091486593762,tvm
256,16,15,5,256,32,2,1,[256; 16; 15; 5; 256; 32; 2; 1],0.17911566398106515,0.8167108952636247,tvm
80,5,75,5,1280,80,5,0,[80; 5; 75; 5; 1280; 80; 5; 0],0.18743107607588172,0.7804773751951909,tvm
128,4,60,4,1280,64,4,1,[128; 4; 60; 4; 1280; 64; 4; 1],0.18606453412212431,0.7862095534536366,tvm
128,4,50,5,320,64,4,0,[128; 4; 50; 5; 320; 64; 4; 0],0.18181539606302977,0.80458375612482,tvm
128,2,50,5,64,64,4,1,[128; 2; 50; 5; 64; 64; 4; 1],0.18672684603370726,0.7834209027410409,tvm
128,16,25,5,640,64,4,0,[128; 16; 25; 5; 640; 64; 4; 0],0.1726850711274892,0.84712426691312,tvm
80,20,10,5,1280,64,4,0,[80; 20; 10; 5; 1280; 64; 4; 0],0.17448914796113968,0.8383656863193203,tvm
128,32,25,5,320,64,4,1,[128; 32; 25; 5; 320; 64; 4; 1],0.1733028320595622,0.8441045800996348,tvm
