kc,ku,mc,mr,nc,nr,pack_c,X,time,peak,backend
64,64,500,1,80,16,1,[64; 64; 500; 1; 80; 16; 1],0.10542952292598784,0.17344016911231752,tvm
5120,64,30,1,1280,16,0,[5120; 64; 30; 1; 1280; 16; 0],2.4761209809221327,0.007384822642593376,tvm
64,1,250,1,80,16,1,[64; 1; 250; 1; 80; 16; 1],0.11520502902567387,0.1587232297093493,tvm
32,2,500,1,1280,16,1,[32; 2; 500; 1; 1280; 16; 1],0.682365233078599,0.026797546825789154,tvm
5,1,125,1,16,16,0,[5; 1; 125; 1; 16; 16; 0],0.10903366515412927,0.16770704956002097,tvm
256,8,300,1,320,64,0,[256; 8; 300; 1; 320; 64; 0],0.11077452986501157,0.16507146821563606,tvm
640,10,30,1,160,16,0,[640; 10; 30; 1; 160; 16; 0],0.1444505089893937,0.12658809175298175,tvm
160,20,125,1,16,16,0,[160; 20; 125; 1; 16; 16; 0],0.13755786512047052,0.1329310706421622,tvm
20,4,2,1,640,64,1,[20; 4; 2; 1; 640; 64; 1],0.2620833469554782,0.06977060732065743,tvm
320,16,20,1,128,128,1,[320; 16; 20; 1; 128; 128; 1],0.0841600134735927,0.21727318629115816,tvm
2560,2,4,1,1280,64,1,[2560; 2; 4; 1; 1280; 64; 1],1.8144614258781075,0.01007776413701654,tvm
40,4,250,1,128,16,0,[40; 4; 250; 1; 128; 16; 0],0.1466522489208728,0.12468758181526739,tvm
320,2,10,1,128,16,1,[320; 2; 10; 1; 128; 16; 1],0.2207243728917092,0.08284411026364334,tvm
5120,8,375,1,160,16,1,[5120; 8; 375; 1; 160; 16; 1],0.3178172199986875,0.057535316323608275,tvm
1280,16,30,1,320,64,1,[1280; 16; 30; 1; 320; 64; 1],0.3229142860509455,0.056627145578902596,tvm
32,32,5,1,256,128,1,[32; 32; 5; 1; 256; 128; 1],0.0775094045093283,0.23591607239755777,tvm
4,4,750,1,256,64,0,[4; 4; 750; 1; 256; 64; 0],0.13886311394162476,0.131681580274811,tvm
160,10,150,1,128,16,1,[160; 10; 150; 1; 128; 16; 1],0.20449608587659895,0.08941840723909314,tvm
20,1,2,1,1280,64,0,[20; 1; 2; 1; 1280; 64; 0],0.536990325897932,0.03405222292438454,tvm
160,4,100,1,1280,128,0,[160; 4; 100; 1; 1280; 128; 0],0.4388340888544917,0.041668855611117876,tvm
2560,4,1500,1,1280,128,0,[2560; 4; 1500; 1; 1280; 128; 0],1.8424882430117577,0.009924467282257496,tvm
5120,20,75,1,128,64,0,[5120; 20; 75; 1; 128; 64; 0],0.36913505010306835,0.0495366513708428,tvm
32,2,1500,1,320,16,1,[32; 2; 1500; 1; 320; 16; 1],0.16304962197318673,0.11214815504890496,tvm
32,16,4,1,1280,128,0,[32; 16; 4; 1; 1280; 128; 0],0.352216221857816,0.05191616158183633,tvm
320,8,6,1,640,128,1,[320; 8; 6; 1; 640; 128; 1],0.21642068005166948,0.08449152955876792,tvm
1280,40,500,1,80,16,0,[1280; 40; 500; 1; 80; 16; 0],0.2270912399981171,0.08052144277280754,tvm
40,2,30,1,256,16,1,[40; 2; 30; 1; 256; 16; 1],0.12038352689705789,0.15189548567845773,tvm
32,1,150,1,64,16,1,[32; 1; 150; 1; 64; 16; 1],0.08437337854411453,0.2167237415549695,tvm
160,40,2,1,32,16,1,[160; 40; 2; 1; 32; 16; 1],0.1302008219063282,0.1404423875209465,tvm
1024,2,500,1,1280,16,1,[1024; 2; 500; 1; 1280; 16; 1],1.1792325431015342,0.015506453237476377,tvm
160,40,30,1,128,128,1,[160; 40; 30; 1; 128; 128; 1],0.08510834653861821,0.214852185824302,tvm
256,64,50,1,256,16,0,[256; 64; 50; 1; 256; 16; 0],0.22504452499561012,0.08125376205473553,tvm
1024,1,250,1,64,16,0,[1024; 1; 250; 1; 64; 16; 0],0.17796441819518805,0.10274927129342708,tvm
20,10,2,1,320,64,0,[20; 10; 2; 1; 320; 64; 0],0.17826451896689832,0.1025762972446005,tvm
320,4,125,1,640,16,0,[320; 4; 125; 1; 640; 16; 0],0.57784020784311,0.03164493234897746,tvm
320,10,30,1,256,16,1,[320; 10; 30; 1; 256; 16; 1],0.21911127492785454,0.08345400888993557,tvm
1280,32,150,1,320,16,1,[1280; 32; 150; 1; 320; 16; 1],0.4406255418434739,0.0414994423818718,tvm
80,1,1500,1,32,16,1,[80; 1; 1500; 1; 32; 16; 1],0.12047078809700906,0.1517854624723607,tvm
32,16,125,1,80,16,0,[32; 16; 125; 1; 80; 16; 0],0.08716836606618017,0.20977465921331329,tvm
8,4,50,1,160,16,1,[8; 4; 50; 1; 160; 16; 1],0.060160326422192156,0.3039497185801337,tvm
320,64,3,1,256,16,1,[320; 64; 3; 1; 256; 16; 1],0.2190200020559132,0.08348878693301337,tvm
2,2,300,1,640,16,1,[2; 2; 300; 1; 640; 16; 1],0.8713580511976033,0.020985304790128716,tvm
512,16,6,1,640,16,1,[512; 16; 6; 1; 640; 16; 1],0.6354686550330371,0.028775163245091356,tvm
40,10,60,1,1280,128,1,[40; 10; 60; 1; 1280; 128; 1],0.4726314798463136,0.03868915860547479,tvm
80,1,20,1,256,16,1,[80; 1; 20; 1; 256; 16; 1],0.18127286713570356,0.10087397289317065,tvm
512,2,5,1,64,16,0,[512; 2; 5; 1; 64; 16; 0],0.17255074996501207,0.10597296325528612,tvm
1024,2,20,1,128,16,0,[1024; 2; 20; 1; 128; 16; 0],0.24181482195854187,0.07561866612481387,tvm
1024,4,375,1,256,64,1,[1024; 4; 375; 1; 256; 64; 1],0.09743515599984676,0.18767060100712565,tvm
320,4,125,1,640,16,0,[320; 4; 125; 1; 640; 16; 0],0.5749706788919866,0.03180286396682399,tvm
64,1,50,1,1280,64,1,[64; 1; 50; 1; 1280; 64; 1],0.4610437259543687,0.0396615619220553,tvm
256,4,6,1,160,16,1,[256; 4; 6; 1; 160; 16; 1],0.13432431896217167,0.13613107758144596,tvm
10,2,100,1,320,16,0,[10; 2; 100; 1; 320; 16; 0],0.14804311888292432,0.12351613789071157,tvm
160,10,15,1,64,16,0,[160; 10; 15; 1; 64; 16; 0],0.1589627331122756,0.11503145377350213,tvm
10,2,3,1,80,16,0,[10; 2; 3; 1; 80; 16; 0],0.07463608705438673,0.24499829783934987,tvm
4,1,1500,1,320,16,1,[4; 1; 1500; 1; 320; 16; 1],0.2372605928685516,0.07707017024881598,tvm
640,20,375,1,1280,16,0,[640; 20; 375; 1; 1280; 16; 0],1.1583813361357898,0.01578557398612193,tvm
2560,16,150,1,128,128,1,[2560; 16; 150; 1; 128; 128; 1],0.3766703209839761,0.04854567314447951,tvm
5,1,375,1,640,128,1,[5; 1; 375; 1; 640; 128; 1],0.2430182530079037,0.07524420103999176,tvm
80,2,4,1,1280,64,1,[80; 2; 4; 1; 1280; 64; 1],0.43467636895366013,0.042067422090902036,tvm
512,32,750,1,1280,64,1,[512; 32; 750; 1; 1280; 64; 1],0.4458038641605526,0.041017397460531735,tvm
2560,1,4,1,160,16,0,[2560; 1; 4; 1; 160; 16; 0],0.3114854299928993,0.05870487838269396,tvm
320,16,50,1,1280,16,1,[320; 16; 50; 1; 1280; 16; 1],1.145775007084012,0.01595925393088411,tvm
320,20,25,1,80,16,1,[320; 20; 25; 1; 80; 16; 1],0.13718479592353106,0.13329257198375707,tvm
2560,1,500,1,1280,128,0,[2560; 1; 500; 1; 1280; 128; 0],1.8272110670804977,0.010007445015605694,tvm
1,1,30,1,160,16,0,[1; 1; 30; 1; 160; 16; 0],0.34002998005598783,0.0537767707503422,tvm
32,1,2,1,128,128,1,[32; 1; 2; 1; 128; 128; 1],0.058534780400805175,0.31239058488827537,tvm
16,8,150,1,64,64,1,[16; 8; 150; 1; 64; 64; 1],0.0502456680405885,0.36392618505824365,tvm
8,1,6,1,64,16,1,[8; 1; 6; 1; 64; 16; 1],0.06647159450221807,0.2750906522199361,tvm
20,20,20,1,32,16,1,[20; 20; 20; 1; 32; 16; 1],0.05875163502059877,0.3112375388242927,tvm
5,1,4,1,32,16,1,[5; 1; 4; 1; 32; 16; 1],0.07015321147628129,0.2606539871933969,tvm
20,4,3,1,64,16,0,[20; 4; 3; 1; 64; 16; 0],0.12827187590301037,0.1425543530644284,tvm
10,2,30,1,80,16,1,[10; 2; 30; 1; 80; 16; 1],0.06671731849201024,0.2740774764187218,tvm
1,1,50,1,64,64,1,[1; 1; 50; 1; 64; 64; 1],0.17501557199284434,0.10448049894932729,tvm
32,4,30,1,128,128,1,[32; 4; 30; 1; 128; 128; 1],0.05755787354428321,0.31769266582869565,tvm
10,2,3,1,64,16,1,[10; 2; 3; 1; 64; 16; 1],0.059945815009996295,0.3050373788839979,tvm
8,2,100,1,128,128,1,[8; 2; 100; 1; 128; 128; 1],0.06523126154206693,0.28032133448656404,tvm
16,4,125,1,128,128,1,[16; 4; 125; 1; 128; 128; 1],0.05414767761249095,0.33770080439232136,tvm
2,1,75,1,64,64,1,[2; 1; 75; 1; 64; 64; 1],0.09093319706153125,0.20108953469810367,tvm
10,5,30,1,80,16,0,[10; 5; 30; 1; 80; 16; 0],0.0725396495545283,0.2520788892420669,tvm
16,2,25,1,64,16,0,[16; 2; 25; 1; 64; 16; 0],0.08795209403615445,0.20790538856525215,tvm
16,4,15,1,16,16,0,[16; 4; 15; 1; 16; 16; 0],0.07533816748764366,0.24271514552983198,tvm
16,4,125,1,64,64,0,[16; 4; 125; 1; 64; 64; 0],0.06204218359198421,0.29473034679064364,tvm
20,10,30,1,32,16,1,[20; 10; 30; 1; 32; 16; 1],0.057970723952166736,0.3154301523093336,tvm
20,1,2,1,80,16,1,[20; 1; 2; 1; 80; 16; 1],0.07679985300637782,0.2380956938055045,tvm
8,8,30,1,16,16,0,[8; 8; 30; 1; 16; 16; 0],0.0812969240359962,0.22492504485923526,tvm
8,2,125,1,128,64,1,[8; 2; 125; 1; 128; 64; 1],0.061740458477288485,0.29617069158047754,tvm
10,2,300,1,80,16,1,[10; 2; 300; 1; 80; 16; 1],0.06668297050055116,0.27421865205544715,tvm
32,1,15,1,32,16,0,[32; 1; 15; 1; 32; 16; 0],0.0957445475505665,0.19098439288207902,tvm
5,1,2,1,80,16,1,[5; 1; 2; 1; 80; 16; 1],0.0482019284972921,0.3793564875052986,tvm
32,16,2,1,128,128,1,[32; 16; 2; 1; 128; 128; 1],0.05647644947748631,0.32377591819053136,tvm
2,1,1500,1,80,16,1,[2; 1; 1500; 1; 80; 16; 1],0.13842114084400237,0.13210203422844125,tvm
20,4,12,1,160,16,1,[20; 4; 12; 1; 160; 16; 1],0.055933569092303514,0.3269184245249676,tvm
8,1,30,1,64,64,1,[8; 1; 30; 1; 64; 64; 1],0.05462094594258815,0.3347747639693814,tvm
20,4,100,1,64,16,1,[20; 4; 100; 1; 64; 16; 1],0.06498126604128629,0.28139978488717554,tvm
16,16,15,1,128,64,1,[16; 16; 15; 1; 128; 64; 1],0.05809741001576185,0.31474233155580195,tvm
20,2,1,1,80,16,1,[20; 2; 1; 1; 80; 16; 1],0.06283046142198145,0.29103262767567334,tvm
20,20,20,1,64,64,1,[20; 20; 20; 1; 64; 64; 1],0.050982716493308544,0.3586649661579778,tvm
32,2,25,1,160,16,1,[32; 2; 25; 1; 160; 16; 1],0.06609356903936714,0.27666404691843494,tvm
10,5,20,1,64,64,1,[10; 5; 20; 1; 64; 64; 1],0.05294290406163782,0.3453855546802925,tvm
8,4,12,1,80,16,1,[8; 4; 12; 1; 80; 16; 1],0.058199379476718605,0.31419088055791194,tvm
16,8,50,1,16,16,1,[16; 8; 50; 1; 16; 16; 1],0.06524955201894045,0.28024275600246823,tvm
20,10,15,1,32,16,0,[20; 10; 15; 1; 32; 16; 0],0.07671523897442967,0.23835830442774464,tvm
4,4,15,1,128,128,1,[4; 4; 15; 1; 128; 128; 1],0.07393550709821284,0.24731979265962575,tvm
2,1,6,1,80,16,1,[2; 1; 6; 1; 80; 16; 1],0.07410614448599517,0.24675031217107757,tvm
16,16,20,1,64,64,1,[16; 16; 20; 1; 64; 64; 1],0.050218285992741585,0.36412461963272214,tvm
20,1,100,1,128,128,1,[20; 1; 100; 1; 128; 128; 1],0.05909169442020357,0.30944643684920914,tvm
16,1,15,1,80,16,1,[16; 1; 15; 1; 80; 16; 1],0.054066090495325625,0.3382104035670049,tvm
10,1,3,1,64,16,0,[10; 1; 3; 1; 64; 16; 0],0.10210569598712027,0.17908613333403914,tvm
16,16,5,1,64,16,0,[16; 16; 5; 1; 64; 16; 0],0.10739390598610044,0.17026770856142373,tvm
10,5,3,1,16,16,1,[10; 5; 3; 1; 16; 16; 1],0.07117602846119553,0.25690832547201586,tvm
1,1,1,1,80,16,0,[1; 1; 1; 1; 80; 16; 0],0.2626308030448854,0.06962516991043557,tvm
20,5,100,1,128,128,1,[20; 5; 100; 1; 128; 128; 1],0.05641473701689392,0.3241300988470168,tvm
5,1,5,1,32,16,1,[5; 1; 5; 1; 32; 16; 1],0.06050849298480898,0.3022007884133724,tvm
16,8,4,1,64,64,1,[16; 8; 4; 1; 64; 64; 1],0.051901771454140544,0.35231387625894833,tvm
32,32,15,1,128,16,1,[32; 32; 15; 1; 128; 16; 1],0.10654043289832771,0.17163168750369612,tvm
4,1,60,1,80,16,1,[4; 1; 60; 1; 80; 16; 1],0.07227885152678937,0.25298844543672483,tvm
8,1,100,1,64,16,0,[8; 1; 100; 1; 64; 16; 0],0.08775084151420742,0.20838221001850693,tvm
8,2,750,1,64,64,1,[8; 2; 750; 1; 64; 64; 1],0.05420868704095483,0.33732073739213375,tvm
10,10,50,1,64,16,1,[10; 10; 50; 1; 64; 16; 1],0.06755722605157644,0.27066999867274144,tvm
4,2,25,1,128,16,1,[4; 2; 25; 1; 128; 16; 1],0.13116571493446827,0.13940925259966003,tvm
8,1,4,1,64,16,1,[8; 1; 4; 1; 64; 16; 1],0.05740675702691078,0.3185289543031045,tvm
32,8,30,1,32,16,0,[32; 8; 30; 1; 32; 16; 0],0.08872890751808882,0.20608519587583618,tvm
8,2,2,1,32,16,0,[8; 2; 2; 1; 32; 16; 0],0.07002064306288958,0.2611474771702801,tvm
4,2,4,1,80,16,0,[4; 2; 4; 1; 80; 16; 0],0.07359403045848012,0.2484673576348101,tvm
2,2,15,1,16,16,0,[2; 2; 15; 1; 16; 16; 0],0.2529721751343459,0.07228350025453707,tvm
10,1,150,1,16,16,1,[10; 1; 150; 1; 16; 16; 1],0.07212769193574786,0.2535186388884231,tvm
32,1,150,1,32,16,0,[32; 1; 150; 1; 32; 16; 0],0.08742428594268858,0.20916057922053347,tvm
8,4,6,1,64,16,0,[8; 4; 6; 1; 64; 16; 0],0.10009440407156944,0.18268468108006963,tvm
4,2,75,1,64,16,1,[4; 2; 75; 1; 64; 16; 1],0.08835327601991594,0.20696136136018836,tvm
10,1,300,1,64,64,0,[10; 1; 300; 1; 64; 64; 0],0.06546442257240415,0.2793229294200243,tvm
10,5,15,1,128,128,0,[10; 5; 15; 1; 128; 128; 0],0.0937954664696008,0.19495307155000616,tvm
20,20,150,1,128,64,0,[20; 20; 150; 1; 128; 64; 0],0.08296891255304217,0.22039235808983512,tvm
20,1,30,1,64,64,0,[20; 1; 30; 1; 64; 64; 0],0.06946203543338925,0.26324760240073025,tvm
20,5,75,1,128,128,0,[20; 5; 75; 1; 128; 128; 0],0.07102626748383045,0.2574500242445816,tvm
10,10,100,1,128,64,0,[10; 10; 100; 1; 128; 64; 0],0.09214712446555495,0.19844042222445668,tvm
32,2,1500,1,160,16,1,[32; 2; 1500; 1; 160; 16; 1],0.07880002399906516,0.23205214107461716,tvm
10,5,50,1,128,64,0,[10; 5; 50; 1; 128; 64; 0],0.09224414452910423,0.19823170759575862,tvm
16,1,75,1,64,64,0,[16; 1; 75; 1; 64; 64; 0],0.06228202604688704,0.29359536685509346,tvm
4,2,6,1,80,16,1,[4; 2; 6; 1; 80; 16; 1],0.04457885428564623,0.41018807187249834,tvm
16,2,100,1,64,64,0,[16; 2; 100; 1; 64; 64; 0],0.061111880000680685,0.2992170145233728,tvm
4,4,20,1,16,16,1,[4; 4; 20; 1; 16; 16; 1],0.0892590309958905,0.2048612233596415,tvm
32,16,75,1,160,16,1,[32; 16; 75; 1; 160; 16; 1],0.06590658647473902,0.2774489662383428,tvm
5,1,150,1,64,16,1,[5; 1; 150; 1; 64; 16; 1],0.08569090359378606,0.21339154471280763,tvm
32,32,500,1,80,16,1,[32; 32; 500; 1; 80; 16; 1],0.07938009104691446,0.23035642872854908,tvm
5,1,75,1,32,16,1,[5; 1; 75; 1; 32; 16; 1],0.07438304356765002,0.24583175692567305,tvm
8,1,15,1,160,16,1,[8; 1; 15; 1; 160; 16; 1],0.06833511148579419,0.2675888556868105,tvm
20,5,20,1,160,16,1,[20; 5; 20; 1; 160; 16; 1],0.054193816031329334,0.3374132996123276,tvm
5,1,75,1,64,16,1,[5; 1; 75; 1; 64; 16; 1],0.08164068998303264,0.22397794885754396,tvm
8,1,1500,1,128,16,1,[8; 1; 1500; 1; 128; 16; 1],0.11722712102346122,0.1559853566825605,tvm
10,5,1,1,160,16,1,[10; 5; 1; 1; 160; 16; 1],0.04780957702314481,0.38246969382017537,tvm
32,4,250,1,32,16,1,[32; 4; 250; 1; 32; 16; 1],0.07555354491341859,0.2420232473098251,tvm
32,1,75,1,128,16,1,[32; 1; 75; 1; 128; 16; 1],0.10468159103766084,0.1746793691656417,tvm
8,4,1500,1,16,16,1,[8; 4; 1500; 1; 16; 16; 1],0.07362989708781242,0.2483463241012872,tvm
8,4,750,1,16,16,1,[8; 4; 750; 1; 16; 16; 1],0.07336707494687289,0.2492359726615171,tvm
20,4,250,1,32,16,1,[20; 4; 250; 1; 32; 16; 1],0.06227277801372111,0.2936389682452457,tvm
16,4,300,1,80,16,1,[16; 4; 300; 1; 80; 16; 1],0.06283975299447775,0.29098959519018486,tvm
16,16,250,1,64,16,1,[16; 16; 250; 1; 64; 16; 1],0.06659198447596282,0.27459332274914766,tvm
8,2,150,1,32,16,1,[8; 2; 150; 1; 32; 16; 1],0.06537600501906127,0.2797006987561084,tvm
32,16,50,1,64,16,1,[32; 16; 50; 1; 64; 16; 1],0.08080804697237909,0.22628580903538614,tvm
20,2,30,1,128,16,1,[20; 2; 30; 1; 128; 16; 1],0.08322199748363346,0.2197221268248263,tvm
32,2,15,1,32,16,1,[32; 2; 15; 1; 32; 16; 1],0.07652931555639952,0.23893738174410215,tvm
5,1,60,1,128,128,1,[5; 1; 60; 1; 128; 128; 1],0.07262146146968007,0.25179490904832164,tvm
32,2,2,1,32,16,1,[32; 2; 2; 1; 32; 16; 1],0.11547853914089501,0.1583472948458756,tvm
32,8,1,1,32,16,1,[32; 8; 1; 1; 32; 16; 1],0.09581658151000738,0.19084081270217795,tvm
20,5,60,1,32,16,1,[20; 5; 60; 1; 32; 16; 1],0.057379371020942926,0.3186809816900951,tvm
20,10,50,1,16,16,1,[20; 10; 50; 1; 16; 16; 1],0.06615061301272362,0.27642546989242794,tvm
8,4,100,1,32,16,1,[8; 4; 100; 1; 32; 16; 1],0.06338427111040801,0.2884897777535803,tvm
16,4,125,1,128,16,1,[16; 4; 125; 1; 128; 16; 1],0.0816129365703091,0.2240541151213355,tvm
8,8,75,1,80,16,1,[8; 8; 75; 1; 80; 16; 1],0.057507533580064774,0.31797076221771936,tvm
8,1,25,1,80,16,1,[8; 1; 25; 1; 80; 16; 1],0.0678901745704934,0.26934257278610196,tvm
20,1,12,1,32,16,1,[20; 1; 12; 1; 32; 16; 1],0.060487893992103636,0.302303702094528,tvm
10,5,25,1,16,16,1,[10; 5; 25; 1; 16; 16; 1],0.07186384650412947,0.2544494231137982,tvm
20,2,10,1,32,16,1,[20; 2; 10; 1; 32; 16; 1],0.06093142298050225,0.3001031879981799,tvm
16,8,30,1,80,16,1,[16; 8; 30; 1; 80; 16; 1],0.05311226053163409,0.34428424063824525,tvm
10,2,15,1,64,16,1,[10; 2; 15; 1; 64; 16; 1],0.07431237900163978,0.24606552140270993,tvm
16,2,3,1,32,16,1,[16; 2; 3; 1; 32; 16; 1],0.08342281449586153,0.2191932074722966,tvm
16,4,2,1,128,16,1,[16; 4; 2; 1; 128; 16; 1],0.08786646649241447,0.20810799632295326,tvm
16,2,2,1,64,16,1,[16; 2; 2; 1; 64; 16; 1],0.07378551946021616,0.24782253238148738,tvm
16,8,10,1,64,16,1,[16; 8; 10; 1; 64; 16; 1],0.06602094206027687,0.27696839389264544,tvm
10,10,300,1,128,64,1,[10; 10; 300; 1; 128; 64; 1],0.0691369054839015,0.2644855762306589,tvm
32,4,25,1,128,64,1,[32; 4; 25; 1; 128; 64; 1],0.06502356706187129,0.28121672052096197,tvm
10,2,5,1,128,128,1,[10; 2; 5; 1; 128; 128; 1],0.06205649359617382,0.29466238303289694,tvm
32,8,60,1,128,64,1,[32; 8; 60; 1; 128; 64; 1],0.06564253848046064,0.2785650084381985,tvm
20,20,375,1,64,64,1,[20; 20; 375; 1; 64; 64; 1],0.050398749532178044,0.36282079328256794,tvm
8,8,300,1,64,64,1,[8; 8; 300; 1; 64; 64; 1],0.05448295653332025,0.33562265062710495,tvm
20,10,250,1,64,64,1,[20; 10; 250; 1; 64; 64; 1],0.05073386651929468,0.3604242203530854,tvm
8,4,25,1,128,64,1,[8; 4; 25; 1; 128; 64; 1],0.0607428610092029,0.3010347879884007,tvm
8,1,2,1,64,64,1,[8; 1; 2; 1; 64; 64; 1],0.054201746941544116,0.3373639286098139,tvm
20,5,25,1,128,64,1,[20; 5; 25; 1; 128; 64; 1],0.061285635572858155,0.29836868158078733,tvm
16,16,4,1,128,128,1,[16; 16; 4; 1; 128; 128; 1],0.054323291522450745,0.33660910031854685,tvm
16,1,12,1,64,64,1,[16; 1; 12; 1; 64; 64; 1],0.05041744944173843,0.3626862224921742,tvm
20,10,2,1,64,64,1,[20; 10; 2; 1; 64; 64; 1],0.05458806757815182,0.33497639863391887,tvm
2,2,250,1,64,64,1,[2; 2; 250; 1; 64; 64; 1],0.09069614706095308,0.2016151168298828,tvm
16,8,250,1,16,16,0,[16; 8; 250; 1; 16; 16; 0],0.07477068342268467,0.24455727096064747,tvm
8,2,20,1,128,128,0,[8; 2; 20; 1; 128; 128; 0],0.10703528788872063,0.17083818473702853,tvm
5,1,12,1,64,64,0,[5; 1; 12; 1; 64; 64; 0],0.08508886944036931,0.2149013661361314,tvm
2,1,15,1,64,64,1,[2; 1; 15; 1; 64; 64; 1],0.09306729305535555,0.19647841562167406,tvm
8,4,60,1,128,128,0,[8; 4; 60; 1; 128; 128; 0],0.10676180198788643,0.1712758116221104,tvm
8,8,750,1,128,64,0,[8; 8; 750; 1; 128; 64; 0],0.0994541629916057,0.18386072272568088,tvm
20,10,1,1,128,64,0,[20; 10; 1; 1; 128; 64; 0],0.09363120899070054,0.19529507824181172,tvm
32,1,125,1,64,16,1,[32; 1; 125; 1; 64; 16; 1],0.0824402675498277,0.22180561549806016,tvm
32,4,5,1,128,128,0,[32; 4; 5; 1; 128; 128; 0],0.07272838789504021,0.251424716193404,tvm
20,20,2,1,128,128,0,[20; 20; 2; 1; 128; 128; 0],0.07633146841544658,0.23955669483772116,tvm
8,1,75,1,128,64,0,[8; 1; 75; 1; 128; 64; 0],0.10089906305074692,0.18122779075279952,tvm
32,8,20,1,128,64,0,[32; 8; 20; 1; 128; 64; 0],0.08519801252987236,0.21462606629823555,tvm
20,4,12,1,128,64,0,[20; 4; 12; 1; 128; 64; 0],0.09323170850984752,0.19613192311908426,tvm
10,1,30,1,128,128,0,[10; 1; 30; 1; 128; 128; 0],0.0957017190521583,0.19106986234749251,tvm
5,1,375,1,32,16,1,[5; 1; 375; 1; 32; 16; 1],0.08571754896547645,0.21332521177290115,tvm
16,2,15,1,128,64,0,[16; 2; 15; 1; 128; 64; 0],0.09633533854503185,0.18981315228540616,tvm
4,2,25,1,80,16,1,[4; 2; 25; 1; 80; 16; 1],0.07256260397844017,0.25199914671126394,tvm
32,32,75,1,128,64,0,[32; 32; 75; 1; 128; 64; 0],0.08202260406687856,0.22293506154479942,tvm
20,5,3,1,64,64,0,[20; 5; 3; 1; 64; 64; 0],0.06213689409196377,0.29428111193731515,tvm
32,32,150,1,32,16,1,[32; 32; 150; 1; 32; 16; 1],0.07524937705602497,0.24300153703731173,tvm
20,20,500,1,128,64,0,[20; 20; 500; 1; 128; 64; 0],0.08105190703645349,0.22560498517931477,tvm
20,5,5,1,64,64,0,[20; 5; 5; 1; 64; 64; 0],0.06044265301898122,0.3025299746517066,tvm
32,32,6,1,32,16,1,[32; 32; 6; 1; 32; 16; 1],0.07808911695610732,0.23416469539529308,tvm
32,4,15,1,16,16,1,[32; 4; 15; 1; 16; 16; 1],0.0828792086103931,0.22063089877792638,tvm
32,4,150,1,160,16,1,[32; 4; 150; 1; 160; 16; 1],0.06718066253233701,0.2721871680993406,tvm
32,4,2,1,128,16,1,[32; 4; 2; 1; 128; 16; 1],0.14800287107937038,0.12354972678812493,tvm
32,4,6,1,128,16,1,[32; 4; 6; 1; 128; 16; 1],0.10988126485608518,0.16641339458244897,tvm
10,5,500,1,64,64,0,[10; 5; 500; 1; 64; 64; 0],0.0642081219702959,0.2847881813795093,tvm
16,2,750,1,32,16,1,[16; 2; 750; 1; 32; 16; 1],0.06525822298135608,0.28020551970804375,tvm
8,2,300,1,16,16,1,[8; 2; 300; 1; 16; 16; 1],0.07358560001011938,0.24849582368288992,tvm
16,2,150,1,16,16,1,[16; 2; 150; 1; 16; 16; 1],0.06556236604228616,0.27890564952949437,tvm
4,1,75,1,64,64,1,[4; 1; 75; 1; 64; 64; 1],0.06256335647776723,0.29227514818857864,tvm
4,2,100,1,64,64,1,[4; 2; 100; 1; 64; 64; 1],0.06374163751024753,0.2868723647517614,tvm
5,5,75,1,32,16,1,[5; 5; 75; 1; 32; 16; 1],0.07405315502546728,0.2469268767742,tvm
16,4,300,1,64,16,1,[16; 4; 300; 1; 64; 16; 1],0.07679343048948795,0.23811560662363393,tvm
20,10,750,1,16,16,1,[20; 10; 750; 1; 16; 16; 1],0.06622175744269043,0.2761284960088698,tvm
4,4,5,1,80,16,1,[4; 4; 5; 1; 80; 16; 1],0.044586581527255476,0.4101169827190352,tvm
8,8,300,1,16,16,1,[8; 8; 300; 1; 16; 16; 1],0.07351469143759459,0.24873551025153562,tvm
10,2,15,1,32,16,1,[10; 2; 15; 1; 32; 16; 1],0.06116085546091199,0.29897741207038414,tvm
10,1,20,1,64,16,1,[10; 1; 20; 1; 64; 16; 1],0.07382524199783802,0.24768918856032718,tvm
8,4,2,1,32,16,1,[8; 4; 2; 1; 32; 16; 1],0.0532979229465127,0.3430849322977365,tvm
5,5,50,1,160,16,1,[5; 5; 50; 1; 160; 16; 1],0.07179343199823052,0.2546989853635215,tvm
20,2,10,1,128,16,1,[20; 2; 10; 1; 128; 16; 1],0.08883038943167776,0.2058497593301491,tvm
20,2,4,1,160,16,1,[20; 2; 4; 1; 160; 16; 1],0.06044751696754247,0.30250563138156483,tvm
10,1,10,1,32,16,1,[10; 1; 10; 1; 32; 16; 1],0.060126714408397675,0.3041196324401253,tvm
20,5,100,1,16,16,1,[20; 5; 100; 1; 16; 16; 1],0.06648934609256685,0.27501720742232616,tvm
10,10,15,1,16,16,1,[10; 10; 15; 1; 16; 16; 1],0.07182971155270934,0.2545703426958084,tvm
20,5,60,1,128,16,1,[20; 5; 60; 1; 128; 16; 1],0.08404246240388602,0.21757708856551516,tvm
8,4,50,1,128,128,1,[8; 4; 50; 1; 128; 128; 1],0.06208770954981446,0.2945142350764803,tvm
20,20,5,1,64,16,1,[20; 20; 5; 1; 64; 16; 1],0.08139515959192067,0.22465358354711473,tvm
20,4,500,1,128,64,1,[20; 4; 500; 1; 128; 64; 1],0.06600898504257202,0.27701856457755025,tvm
10,10,15,1,128,16,1,[10; 10; 15; 1; 128; 16; 1],0.10129998298361897,0.18051053659773303,tvm
5,1,1,1,80,16,1,[5; 1; 1; 1; 80; 16; 1],0.049541704764124006,0.3690973972893243,tvm
5,1,2,1,80,16,1,[5; 1; 2; 1; 80; 16; 1],0.04816224821843207,0.37966903460948076,tvm
10,2,6,1,128,64,1,[10; 2; 6; 1; 128; 64; 1],0.05964144947938621,0.30659406244032267,tvm
32,2,500,1,64,64,1,[32; 2; 500; 1; 64; 64; 1],0.05310232110787183,0.34434868202029745,tvm
16,16,150,1,128,64,1,[16; 16; 150; 1; 128; 64; 1],0.05867182556539774,0.31166090554541154,tvm
10,1,250,1,64,64,1,[10; 1; 250; 1; 64; 64; 1],0.05293117056135088,0.34546211791254233,tvm
32,16,375,1,64,64,1,[32; 16; 375; 1; 64; 64; 1],0.06929298350587487,0.26388983935384985,tvm
8,1,10,1,64,64,1,[8; 1; 10; 1; 64; 64; 1],0.054631071048788726,0.3347127181413683,tvm
16,4,1500,1,64,64,1,[16; 4; 1500; 1; 64; 64; 1],0.049726933997590095,0.36772253617326306,tvm
20,2,125,1,64,64,1,[20; 2; 125; 1; 64; 64; 1],0.04929663351504132,0.3709323128552982,tvm
10,5,20,1,64,64,1,[10; 5; 20; 1; 64; 64; 1],0.05288542294874787,0.3457609538914962,tvm
20,5,75,1,160,16,0,[20; 5; 75; 1; 160; 16; 0],0.08240538300015032,0.2218995121432896,tvm
10,2,3,1,64,16,0,[10; 2; 3; 1; 64; 16; 0],0.08527550799772143,0.21443102146284349,tvm
2,1,150,1,128,64,1,[2; 1; 150; 1; 128; 64; 1],0.1243032431229949,0.14710568949211597,tvm
16,1,2,1,32,16,0,[16; 1; 2; 1; 32; 16; 0],0.09608484955970198,0.19030798684190606,tvm
32,32,6,1,128,64,0,[32; 32; 6; 1; 128; 64; 0],0.10567507892847061,0.17303714812544904,tvm
4,2,1,1,64,64,0,[4; 2; 1; 1; 64; 64; 0],0.08689058700110763,0.21044528431464263,tvm
32,16,500,1,80,16,0,[32; 16; 500; 1; 80; 16; 0],0.08803991344757378,0.20769800389005502,tvm
20,20,375,1,128,128,0,[20; 20; 375; 1; 128; 128; 0],0.07601507904473692,0.24055377584956072,tvm
20,10,150,1,128,64,0,[20; 10; 150; 1; 128; 64; 0],0.08304896857589483,0.22017990830318104,tvm
32,32,500,1,128,64,0,[32; 32; 500; 1; 128; 64; 0],0.08357103099115193,0.2188044597373734,tvm
32,4,750,1,128,128,0,[32; 4; 750; 1; 128; 128; 0],0.07412000955082476,0.24670415447229008,tvm
10,1,125,1,64,16,0,[10; 1; 125; 1; 64; 16; 0],0.08703590091317892,0.21009392783737446,tvm
32,4,150,1,64,16,0,[32; 4; 150; 1; 64; 16; 0],0.10506713390350342,0.17403838485313966,tvm
32,32,500,1,16,16,0,[32; 32; 500; 1; 16; 16; 0],0.10367133794352412,0.1763815790211523,tvm
32,2,750,1,32,16,0,[32; 2; 750; 1; 32; 16; 0],0.09282824397087097,0.1969843821612337,tvm
32,16,125,1,32,16,0,[32; 16; 125; 1; 32; 16; 0],0.08741028944496065,0.20919407087912908,tvm
1,1,5,1,128,128,1,[1; 1; 5; 1; 128; 128; 1],0.23743325099349022,0.0770141259036024,tvm
10,10,125,1,16,16,0,[10; 10; 125; 1; 16; 16; 0],0.07912390597630292,0.23110227004201153,tvm
20,4,75,1,16,16,0,[20; 4; 75; 1; 16; 16; 0],0.07652169500943273,0.23896117674157938,tvm
16,4,75,1,64,16,0,[16; 4; 75; 1; 64; 16; 0],0.08792947407346219,0.20795887247587963,tvm
20,2,150,1,16,16,0,[20; 2; 150; 1; 16; 16; 0],0.07742568093817681,0.2361711781432719,tvm
20,2,500,1,16,16,0,[20; 2; 500; 1; 16; 16; 0],0.07780556147918105,0.23501808788574988,tvm
16,1,1500,1,128,16,1,[16; 1; 1500; 1; 128; 16; 1],0.10407636594027281,0.17569516499267535,tvm
1,1,2,1,64,64,1,[1; 1; 2; 1; 64; 64; 1],0.17374531109817326,0.10524436124427039,tvm
5,5,375,1,128,16,1,[5; 5; 375; 1; 128; 16; 1],0.13989337696693838,0.1307117940975564,tvm
16,8,750,1,64,16,0,[16; 8; 750; 1; 64; 16; 0],0.08837452158331871,0.20691160707981518,tvm
5,1,375,1,64,16,1,[5; 1; 375; 1; 64; 16; 1],0.10253108898177743,0.17834311980207446,tvm
2,2,6,1,64,64,1,[2; 2; 6; 1; 64; 64; 1],0.0907440175069496,0.20150875824198416,tvm
20,5,75,1,16,16,0,[20; 5; 75; 1; 16; 16; 0],0.07774324051570147,0.2352064843762359,tvm
32,16,30,1,80,16,1,[32; 16; 30; 1; 80; 16; 1],0.06634315347764641,0.2756232305399148,tvm
32,2,100,1,160,16,1,[32; 2; 100; 1; 160; 16; 1],0.06628600647673011,0.27586085295594837,tvm
32,16,500,1,16,16,1,[32; 16; 500; 1; 16; 16; 1],0.07996969006489962,0.22865806120887133,tvm
32,16,250,1,16,16,1,[32; 16; 250; 1; 16; 16; 1],0.08230430644471198,0.22217202325856106,tvm
2,2,5,1,160,16,1,[2; 2; 5; 1; 160; 16; 1],0.08406815200578421,0.2175106012138361,tvm
32,32,12,1,64,64,0,[32; 32; 12; 1; 64; 64; 0],0.06872510549146682,0.2660703705719988,tvm
16,1,10,1,64,64,0,[16; 1; 10; 1; 64; 64; 0],0.06293368292972445,0.29055528668381314,tvm
10,10,30,1,128,16,1,[10; 10; 30; 1; 128; 16; 1],0.09764142904896289,0.18727413623314346,tvm
32,4,12,1,64,64,0,[32; 4; 12; 1; 64; 64; 0],0.06338163604959846,0.28850177157631346,tvm
16,16,15,1,64,64,0,[16; 16; 15; 1; 64; 64; 0],0.06279406300745904,0.29120132397774934,tvm
20,1,150,1,160,16,1,[20; 1; 150; 1; 160; 16; 1],0.05347325757611543,0.34195998363641594,tvm
16,1,75,1,160,16,1,[16; 1; 75; 1; 160; 16; 1],0.052727611968293786,0.34679579831360213,tvm
4,1,375,1,128,128,1,[4; 1; 375; 1; 128; 128; 1],0.07504313997924328,0.24366936525806443,tvm
32,2,375,1,64,64,0,[32; 2; 375; 1; 64; 64; 0],0.06275750941131264,0.29137093643837486,tvm
16,1,150,1,16,16,1,[16; 1; 150; 1; 16; 16; 1],0.06532587145920843,0.27991535171685344,tvm
4,4,1500,1,128,128,1,[4; 4; 1500; 1; 128; 128; 1],0.07491149858105928,0.24409756355264894,tvm
16,4,750,1,64,64,0,[16; 4; 750; 1; 64; 64; 0],0.06259534053970128,0.29212580565987206,tvm
8,8,125,1,64,16,1,[8; 8; 125; 1; 64; 16; 1],0.06988325202837586,0.26166089520690067,tvm
8,1,20,1,16,16,1,[8; 1; 20; 1; 16; 16; 1],0.07327407703269273,0.24955229770489967,tvm
20,1,250,1,80,16,1,[20; 1; 250; 1; 80; 16; 1],0.056834554532542825,0.3217358600962394,tvm
8,4,125,1,80,16,1,[8; 4; 125; 1; 80; 16; 1],0.057749449042603374,0.31663876606380104,tvm
8,4,20,1,32,16,1,[8; 4; 20; 1; 32; 16; 1],0.06340305844787508,0.2884042936311556,tvm
4,1,6,1,16,16,1,[4; 1; 6; 1; 16; 16; 1],0.08814367954619229,0.20745349388473777,tvm
32,1,3,1,128,128,1,[32; 1; 3; 1; 128; 128; 1],0.05761176545638591,0.31739548581543126,tvm
32,1,250,1,128,64,1,[32; 1; 250; 1; 128; 64; 1],0.06820030906237662,0.26811776276541516,tvm
8,2,60,1,128,128,1,[8; 2; 60; 1; 128; 128; 1],0.06290837551932782,0.2906721741701346,tvm
32,2,150,1,128,64,1,[32; 2; 150; 1; 128; 64; 1],0.06675847654696554,0.27390850168442693,tvm
8,1,5,1,16,16,1,[8; 1; 5; 1; 16; 16; 1],0.0727352489484474,0.2514009995164059,tvm
10,2,60,1,128,64,1,[10; 2; 60; 1; 128; 64; 1],0.05898472503758967,0.3100076210249552,tvm
4,2,10,1,64,64,1,[4; 2; 10; 1; 64; 64; 1],0.0638848440721631,0.28622930135133606,tvm
16,2,4,1,80,16,1,[16; 2; 4; 1; 80; 16; 1],0.07029441848862916,0.26013038700465513,tvm
20,2,375,1,128,128,1,[20; 2; 375; 1; 128; 128; 1],0.0574619360268116,0.31822308035674635,tvm
20,5,5,1,128,128,1,[20; 5; 5; 1; 128; 128; 1],0.05581586202606559,0.3276078451887923,tvm
20,10,10,1,128,128,1,[20; 10; 10; 1; 128; 128; 1],0.062334468006156385,0.2933483652079668,tvm
32,2,2,1,64,64,1,[32; 2; 2; 1; 64; 64; 1],0.053276399499736726,0.3432235372025215,tvm
4,2,300,1,128,16,1,[4; 2; 300; 1; 128; 16; 1],0.1373172220773995,0.13316402712696487,tvm
16,1,300,1,128,64,0,[16; 1; 300; 1; 128; 64; 0],0.0832154779927805,0.21973934088680827,tvm
10,1,12,1,16,16,0,[10; 1; 12; 1; 16; 16; 0],0.07869060791563243,0.23237480011997347,tvm
32,32,6,1,128,128,0,[32; 32; 6; 1; 128; 128; 0],0.07191636052448303,0.2542636216899372,tvm
10,10,500,1,80,16,0,[10; 10; 500; 1; 80; 16; 0],0.0788738444680348,0.23183495630322593,tvm
20,5,375,1,80,16,0,[20; 5; 375; 1; 80; 16; 0],0.07941122946795076,0.2302661022657273,tvm
32,2,10,1,32,16,1,[32; 2; 10; 1; 32; 16; 1],0.07799012097530067,0.23446193001169136,tvm
32,8,750,1,128,16,1,[32; 8; 750; 1; 128; 16; 1],0.12544219102710485,0.1457700486255315,tvm
10,1,375,1,16,16,0,[10; 1; 375; 1; 16; 16; 0],0.07935261994134635,0.23043617588468043,tvm
32,4,20,1,32,16,1,[32; 4; 20; 1; 32; 16; 1],0.07622958556748927,0.23987686866702396,tvm
20,2,25,1,16,16,0,[20; 2; 25; 1; 16; 16; 0],0.07749818754382432,0.23595021851799994,tvm
20,4,30,1,16,16,0,[20; 4; 30; 1; 16; 16; 0],0.07748126052320004,0.23600176561710734,tvm
16,8,15,1,16,16,0,[16; 8; 15; 1; 16; 16; 0],0.07486854505259544,0.24423760703334763,tvm
4,4,500,1,16,16,1,[4; 4; 500; 1; 16; 16; 1],0.0894092385424301,0.20451705644530915,tvm
4,2,375,1,32,16,1,[4; 2; 375; 1; 32; 16; 1],0.08922881656326354,0.20493059294078672,tvm
4,1,3,1,64,64,0,[4; 1; 3; 1; 64; 64; 0],0.08731732750311494,0.20941678826647514,tvm
5,1,20,1,64,64,0,[5; 1; 20; 1; 64; 64; 0],0.08102521998807788,0.22567929205752066,tvm
32,8,10,1,80,16,1,[32; 8; 10; 1; 80; 16; 1],0.06918614695314318,0.26429733539141037,tvm
32,1,1500,1,80,16,1,[32; 1; 1500; 1; 80; 16; 1],0.07912913803011179,0.23108698945710549,tvm
16,1,125,1,128,16,1,[16; 1; 125; 1; 128; 16; 1],0.08154223405290395,0.22424838487808246,tvm
4,2,75,1,32,16,1,[4; 2; 75; 1; 32; 16; 1],0.07875418500043452,0.2321872073923868,tvm
32,16,3,1,160,16,1,[32; 16; 3; 1; 160; 16; 1],0.07983615703415126,0.22904051203131265,tvm
5,1,375,1,160,16,1,[5; 1; 375; 1; 160; 16; 1],0.08754911995492876,0.20886234259268366,tvm
16,1,750,1,64,16,1,[16; 1; 750; 1; 64; 16; 1],0.07814682403113693,0.23399177781592892,tvm
5,1,25,1,32,16,1,[5; 1; 25; 1; 32; 16; 1],0.07466827449388802,0.2448926858114428,tvm
16,1,375,1,64,16,1,[16; 1; 375; 1; 64; 16; 1],0.07794198906049132,0.23460671848549589,tvm
8,1,300,1,64,64,0,[8; 1; 300; 1; 64; 64; 0],0.07067610998637974,0.25872553383651414,tvm
8,8,375,1,32,16,1,[8; 8; 375; 1; 32; 16; 1],0.07303170650266111,0.2503804876180457,tvm
10,2,375,1,32,16,1,[10; 2; 375; 1; 32; 16; 1],0.07106299849692732,0.2573169535831638,tvm
20,10,500,1,160,16,1,[20; 10; 500; 1; 160; 16; 1],0.06716772797517478,0.2722395834569943,tvm
8,4,15,1,16,16,1,[8; 4; 15; 1; 16; 16; 1],0.0733773154206574,0.24920118950776496,tvm
5,1,75,1,128,64,1,[5; 1; 75; 1; 128; 64; 1],0.06750165997073054,0.2708928090604464,tvm
32,16,50,1,64,64,0,[32; 16; 50; 1; 64; 64; 0],0.07777687849011272,0.23510475916102538,tvm
16,2,6,1,64,16,1,[16; 2; 6; 1; 64; 16; 1],0.07397733291145414,0.24717996129437445,tvm
16,2,12,1,64,16,1,[16; 2; 12; 1; 64; 16; 1],0.06520581454969943,0.280430731706864,tvm
4,4,4,1,32,16,1,[4; 4; 4; 1; 32; 16; 1],0.07281115639489144,0.2511389077044963,tvm
16,8,500,1,64,64,0,[16; 8; 500; 1; 64; 64; 0],0.06025236600544304,0.3034854147314714,tvm
20,1,125,1,64,16,1,[20; 1; 125; 1; 64; 16; 1],0.06532499042805284,0.2799191269052488,tvm
10,10,15,1,32,16,1,[10; 10; 15; 1; 32; 16; 1],0.06109604146331549,0.2992945835401425,tvm
20,4,125,1,64,16,1,[20; 4; 125; 1; 64; 16; 1],0.06504995294380933,0.2811026520112879,tvm
8,8,30,1,32,16,1,[8; 8; 30; 1; 32; 16; 1],0.06327569053974003,0.2889848238673906,tvm
16,16,100,1,32,16,1,[16; 16; 100; 1; 32; 16; 1],0.0563996845157817,0.32421660586767287,tvm
8,1,750,1,128,128,1,[8; 1; 750; 1; 128; 128; 1],0.06527541391551495,0.2801317247774366,tvm
8,1,2,1,16,16,1,[8; 1; 2; 1; 16; 16; 1],0.07281086000148207,0.2511399300233795,tvm
16,4,15,1,32,16,1,[16; 4; 15; 1; 32; 16; 1],0.05662368005141616,0.32293404930782066,tvm
8,4,300,1,128,128,1,[8; 4; 300; 1; 128; 128; 1],0.06480095942970365,0.2821827708515752,tvm
20,4,10,1,32,16,1,[20; 4; 10; 1; 32; 16; 1],0.060856238938868046,0.30047394654281623,tvm
10,10,12,1,160,16,1,[10; 10; 12; 1; 160; 16; 1],0.06358812551479787,0.2875649209294421,tvm
16,2,4,1,160,16,1,[16; 2; 4; 1; 160; 16; 1],0.06979765347205102,0.26198179130816207,tvm
32,32,150,1,128,128,1,[32; 32; 150; 1; 128; 128; 1],0.05501099757384509,0.3324010669169942,tvm
10,10,60,1,128,64,1,[10; 10; 60; 1; 128; 64; 1],0.05934099748264998,0.30814639223178936,tvm
32,1,75,1,128,128,1,[32; 1; 75; 1; 128; 128; 1],0.05859802453778684,0.31205342551987864,tvm
20,5,2,1,160,16,1,[20; 5; 2; 1; 160; 16; 1],0.06246500997804105,0.2927353136122518,tvm
20,1,3,1,80,16,1,[20; 1; 3; 1; 80; 16; 1],0.08499043551273644,0.21515025985452255,tvm
10,5,15,1,80,16,1,[10; 5; 15; 1; 80; 16; 1],0.0669931995216757,0.2729488129582157,tvm
16,1,60,1,128,64,1,[16; 1; 60; 1; 128; 64; 1],0.057190697523765266,0.3197323179720926,tvm
20,2,1,1,80,16,1,[20; 2; 1; 1; 80; 16; 1],0.06325099745299667,0.289097643073579,tvm
20,4,3,1,128,64,1,[20; 4; 3; 1; 128; 64; 1],0.07979221048299223,0.22916665893861782,tvm
10,2,3,1,128,128,1,[10; 2; 3; 1; 128; 128; 1],0.06190168496686965,0.2953992980239709,tvm
16,4,300,1,128,128,1,[16; 4; 300; 1; 128; 128; 1],0.055612897500395775,0.3288034809836002,tvm
4,2,12,1,80,16,1,[4; 2; 12; 1; 80; 16; 1],0.0622708915034309,0.293647864102071,tvm
16,4,75,1,128,128,1,[16; 4; 75; 1; 128; 128; 1],0.054368745535612106,0.33632768432622656,tvm
20,10,4,1,128,128,1,[20; 10; 4; 1; 128; 128; 1],0.0636521769920364,0.2872755520679526,tvm
16,16,4,1,128,128,1,[16; 16; 4; 1; 128; 128; 1],0.0544564324663952,0.3357861221812191,tvm
20,20,2,1,32,16,0,[20; 20; 2; 1; 32; 16; 0],0.11135974107310176,0.1642039942757292,tvm
32,8,1500,1,16,16,0,[32; 8; 1500; 1; 16; 16; 0],0.08798690442927182,0.2078231346394649,tvm
32,8,60,1,128,64,0,[32; 8; 60; 1; 128; 64; 0],0.08428541000466794,0.21694993575639696,tvm
8,4,20,1,32,16,0,[8; 4; 20; 1; 32; 16; 0],0.07458882604259998,0.24515353379165336,tvm
32,16,3,1,32,16,1,[32; 16; 3; 1; 32; 16; 1],0.08065384707879275,0.22671843871068564,tvm
20,20,1,1,16,16,0,[20; 20; 1; 1; 16; 16; 0],0.07784040051046759,0.23491290083040253,tvm
20,5,30,1,80,16,0,[20; 5; 30; 1; 80; 16; 0],0.07905635004863143,0.23129975358672453,tvm
32,8,60,1,128,16,1,[32; 8; 60; 1; 128; 16; 1],0.10462090116925538,0.17478069947162578,tvm
16,8,150,1,80,16,0,[16; 8; 150; 1; 80; 16; 0],0.07411729299928993,0.24671319668797767,tvm
10,10,100,1,80,16,0,[10; 10; 100; 1; 80; 16; 0],0.0717449295334518,0.2548711721458781,tvm
10,1,12,1,16,16,0,[10; 1; 12; 1; 16; 16; 0],0.07947349443566054,0.23008569606207357,tvm
32,2,12,1,128,128,0,[32; 2; 12; 1; 128; 128; 0],0.07462384342215955,0.24503849503259897,tvm
5,5,150,1,128,16,1,[5; 5; 150; 1; 128; 16; 1],0.11105440021492541,0.1646554684040042,tvm
32,8,4,1,80,16,1,[32; 8; 4; 1; 80; 16; 1],0.07709752302616835,0.23717641719186974,tvm
16,1,25,1,16,16,0,[16; 1; 25; 1; 16; 16; 0],0.07519564649555832,0.2431751722062047,tvm
16,8,15,1,32,16,0,[16; 8; 15; 1; 32; 16; 0],0.07255682302638888,0.25201922469874105,tvm
32,1,5,1,80,16,1,[32; 1; 5; 1; 80; 16; 1],0.07671018445398659,0.23837401012485754,tvm
10,1,25,1,128,16,1,[10; 1; 25; 1; 128; 16; 1],0.09961161599494517,0.18357009976268435,tvm
20,5,750,1,16,16,0,[20; 5; 750; 1; 16; 16; 0],0.0766111520351842,0.23868214744136004,tvm
32,4,750,1,80,16,1,[32; 4; 750; 1; 80; 16; 1],0.07951382198370993,0.22996900198635273,tvm
20,2,5,1,128,16,1,[20; 2; 5; 1; 128; 16; 1],0.0957624854054302,0.19094861843129854,tvm
32,2,250,1,64,16,1,[32; 2; 250; 1; 64; 16; 1],0.08866958844009787,0.20622306483431452,tvm
32,4,25,1,16,16,1,[32; 4; 25; 1; 16; 16; 1],0.08236922649666667,0.2219969163660202,tvm
20,20,30,1,128,16,1,[20; 20; 30; 1; 128; 16; 1],0.0845593165140599,0.21624718646671975,tvm
10,2,1500,1,160,16,1,[10; 2; 1500; 1; 160; 16; 1],0.07603425451088697,0.24049310936685842,tvm
32,1,50,1,80,16,1,[32; 1; 50; 1; 80; 16; 1],0.06655004294589162,0.2747663784466894,tvm
20,1,750,1,80,16,1,[20; 1; 750; 1; 80; 16; 1],0.06667378055863082,0.2742564488245031,tvm
5,5,50,1,16,16,1,[5; 5; 50; 1; 16; 16; 1],0.08621403353754431,0.21209672643086885,tvm
10,5,1500,1,80,16,1,[10; 5; 1500; 1; 80; 16; 1],0.07150016201194376,0.25574367625432437,tvm
20,20,750,1,64,16,1,[20; 20; 750; 1; 64; 16; 1],0.0792188624618575,0.23082525698369552,tvm
10,10,20,1,64,64,0,[10; 10; 20; 1; 64; 64; 0],0.06551475648302585,0.2791083302042329,tvm
4,2,30,1,128,64,1,[4; 2; 30; 1; 128; 64; 1],0.07515396852977574,0.2433100293096239,tvm
4,1,5,1,64,16,1,[4; 1; 5; 1; 64; 16; 1],0.055674263974651694,0.3284410602004494,tvm
16,2,6,1,64,64,0,[16; 2; 6; 1; 64; 64; 0],0.06305327650625259,0.29000418850400284,tvm
16,16,5,1,64,64,0,[16; 16; 5; 1; 64; 64; 0],0.06451645598281175,0.2834271350953608,tvm
20,20,15,1,64,64,0,[20; 20; 15; 1; 64; 64; 0],0.05964302155189216,0.3065859812250605,tvm
16,2,50,1,16,16,1,[16; 2; 50; 1; 16; 16; 1],0.06528699642512947,0.28008202685023464,tvm
20,2,75,1,16,16,1,[20; 2; 75; 1; 16; 16; 1],0.06640020606573671,0.27538640870498643,tvm
16,1,1500,1,64,64,0,[16; 1; 1500; 1; 64; 64; 0],0.061366226989775896,0.2979768381191308,tvm
16,4,75,1,64,16,1,[16; 4; 75; 1; 64; 16; 1],0.06349433201830834,0.2879897103325959,tvm
16,4,100,1,64,64,0,[16; 4; 100; 1; 64; 64; 0],0.06375920446589589,0.28679332558948595,tvm
20,10,50,1,64,16,1,[20; 10; 50; 1; 64; 16; 1],0.06439930549822748,0.2839427249136651,tvm
4,2,500,1,64,64,1,[4; 2; 500; 1; 64; 64; 1],0.06343903602100909,0.2882407336652879,tvm
16,4,15,1,64,16,1,[16; 4; 15; 1; 64; 16; 1],0.06428598752245307,0.28444323546134626,tvm
20,5,20,1,64,16,1,[20; 5; 20; 1; 64; 16; 1],0.06819130200892687,0.2681531771210428,tvm
8,1,100,1,160,16,1,[8; 1; 100; 1; 160; 16; 1],0.058697093511000276,0.3115267416484158,tvm
8,2,1,1,32,16,1,[8; 2; 1; 1; 32; 16; 1],0.05196852749213576,0.3518613123776002,tvm
32,8,3,1,128,64,1,[32; 8; 3; 1; 128; 64; 1],0.06510831054765731,0.2808506952784422,tvm
32,4,150,1,128,64,1,[32; 4; 150; 1; 128; 64; 1],0.06660205649677664,0.27455179685929465,tvm
20,4,10,1,32,16,1,[20; 4; 10; 1; 32; 16; 1],0.060912987566553056,0.30019401471214097,tvm
20,1,300,1,128,64,1,[20; 1; 300; 1; 128; 64; 1],0.077080138027668,0.23722991102001673,tvm
4,4,20,1,64,64,1,[4; 4; 20; 1; 64; 64; 1],0.06362910696770996,0.28737970965070736,tvm
8,8,250,1,128,128,1,[8; 8; 250; 1; 128; 128; 1],0.06631713348906487,0.2757313732314658,tvm
16,8,75,1,80,16,1,[16; 8; 75; 1; 80; 16; 1],0.0510836080648005,0.3579565927003144,tvm
10,10,5,1,80,16,1,[10; 10; 5; 1; 80; 16; 1],0.046383077977225184,0.39423244603760144,tvm
16,1,4,1,128,64,1,[16; 1; 4; 1; 128; 64; 1],0.0695538135478273,0.26290024015923263,tvm
32,2,300,1,128,128,1,[32; 2; 300; 1; 128; 128; 1],0.05882523558102548,0.3108481267453263,tvm
10,5,12,1,128,128,1,[10; 5; 12; 1; 128; 128; 1],0.06266690755728632,0.2917921914209439,tvm
20,20,20,1,128,128,1,[20; 20; 20; 1; 128; 128; 1],0.05685161449946463,0.3216393139703444,tvm
16,8,12,1,128,128,1,[16; 8; 12; 1; 128; 128; 1],0.056066453573293984,0.3261435871239818,tvm
32,2,30,1,64,64,1,[32; 2; 30; 1; 64; 64; 1],0.053342022583819926,0.34280129248906355,tvm
32,4,125,1,64,64,1,[32; 4; 125; 1; 64; 64; 1],0.053258817992173135,0.34333684026561645,tvm
20,20,50,1,64,64,1,[20; 20; 50; 1; 64; 64; 1],0.05124068958684802,0.35685925449386796,tvm
16,2,30,1,64,64,1,[16; 2; 30; 1; 64; 64; 1],0.0497900850023143,0.36725613713783267,tvm
8,8,1,1,64,16,0,[8; 8; 1; 1; 64; 16; 0],0.07472621998749673,0.2447027869036313,tvm
5,1,100,1,16,16,0,[5; 1; 100; 1; 16; 16; 0],0.10706494795158505,0.17079085765756985,tvm
32,1,150,1,80,16,0,[32; 1; 150; 1; 80; 16; 0],0.08716682554222643,0.20977836662017815,tvm
32,16,500,1,16,16,0,[32; 16; 500; 1; 16; 16; 0],0.09127675299532712,0.2003326552013788,tvm
32,8,60,1,128,16,0,[32; 8; 60; 1; 128; 16; 0],0.14500178000889719,0.12610682630649286,tvm
32,1,75,1,16,16,0,[32; 1; 75; 1; 16; 16; 0],0.10041801608167589,0.1820959524916469,tvm
20,10,20,1,128,64,0,[20; 10; 20; 1; 128; 64; 0],0.09187101246789098,0.1990368212400529,tvm
20,4,12,1,160,16,0,[20; 4; 12; 1; 160; 16; 0],0.08104926894884557,0.22561232843759957,tvm
16,1,375,1,64,16,0,[16; 1; 375; 1; 64; 16; 0],0.09026960004121065,0.20256779998323174,tvm
16,4,750,1,160,16,0,[16; 4; 750; 1; 160; 16; 0],0.08334672451019287,0.21939331621218108,tvm
16,2,50,1,128,128,0,[16; 2; 50; 1; 128; 128; 0],0.08069985057227314,0.22658919633733368,tvm
16,2,60,1,128,16,0,[16; 2; 60; 1; 128; 16; 0],0.13434373284690082,0.13611140540923358,tvm
8,8,50,1,64,16,0,[8; 8; 50; 1; 64; 16; 0],0.08526910445652902,0.21444712480868747,tvm
8,2,12,1,80,16,0,[8; 2; 12; 1; 80; 16; 0],0.07635515951551497,0.23948236637497594,tvm
16,4,30,1,128,16,0,[16; 4; 30; 1; 128; 16; 0],0.13521364890038967,0.1352357135128064,tvm
8,4,6,1,16,16,0,[8; 4; 6; 1; 16; 16; 0],0.08158255496528,0.22413755359214166,tvm
20,4,25,1,128,16,0,[20; 4; 25; 1; 128; 16; 0],0.13791701407171786,0.1325849055592632,tvm
20,4,30,1,128,16,1,[20; 4; 30; 1; 128; 16; 1],0.08408075291663408,0.21747800360261452,tvm
10,5,6,1,32,16,0,[10; 5; 6; 1; 32; 16; 0],0.09234217344783247,0.19802126810502862,tvm
8,4,25,1,80,16,0,[8; 4; 25; 1; 80; 16; 0],0.07459539105184376,0.24513195826007164,tvm
20,20,750,1,128,16,0,[20; 20; 750; 1; 128; 16; 0],0.13790860190056264,0.13259299299472982,tvm
16,4,1500,1,128,128,0,[16; 4; 1500; 1; 128; 128; 0],0.08034052245784551,0.22760263098001088,tvm
4,4,1500,1,32,16,1,[4; 4; 1500; 1; 32; 16; 1],0.08966842491645366,0.20392590036851377,tvm
20,1,75,1,128,16,1,[20; 1; 75; 1; 128; 16; 1],0.08549601456616074,0.21387797289151955,tvm
32,16,2,1,32,16,1,[32; 16; 2; 1; 32; 16; 1],0.10976097686216235,0.16659576844580617,tvm
16,16,20,1,32,16,0,[16; 16; 20; 1; 32; 16; 0],0.07265025901142508,0.2516951010847553,tvm
10,10,300,1,32,16,0,[10; 10; 300; 1; 32; 16; 0],0.07717479090206325,0.23693895470244056,tvm
32,8,750,1,32,16,1,[32; 8; 750; 1; 32; 16; 1],0.07961887295823544,0.22966557558917178,tvm
20,5,500,1,16,16,0,[20; 5; 500; 1; 16; 16; 0],0.07733738352544606,0.2364408188143293,tvm
32,16,50,1,16,16,1,[32; 16; 50; 1; 16; 16; 1],0.07980060554109514,0.22914255050730964,tvm
32,16,1,1,160,16,1,[32; 16; 1; 1; 160; 16; 1],0.06962815101724118,0.2626195585918462,tvm
8,1,500,1,32,16,1,[8; 1; 500; 1; 32; 16; 1],0.07327958499081433,0.2495335404534076,tvm
32,32,100,1,160,16,1,[32; 32; 100; 1; 160; 16; 1],0.06632281502243131,0.2757077527473736,tvm
8,8,6,1,64,64,0,[8; 8; 6; 1; 64; 64; 0],0.07170868397224694,0.25499999822603514,tvm
16,4,500,1,80,16,1,[16; 4; 500; 1; 80; 16; 1],0.0652170474641025,0.2803824306179962,tvm
4,4,6,1,128,64,1,[4; 4; 6; 1; 128; 64; 1],0.0738828555913642,0.24749604139355452,tvm
10,1,500,1,64,64,0,[10; 1; 500; 1; 64; 64; 0],0.06279265403281897,0.2912078581064139,tvm
5,1,6,1,64,16,1,[5; 1; 6; 1; 64; 16; 1],0.06155754951760173,0.2970507180518237,tvm
10,2,1500,1,64,64,0,[10; 2; 1500; 1; 64; 64; 0],0.06345578841865063,0.2881646377959089,tvm
10,2,250,1,32,16,1,[10; 2; 250; 1; 32; 16; 1],0.0654849064303562,0.2792355564432441,tvm
4,1,500,1,64,64,1,[4; 1; 500; 1; 64; 64; 1],0.06359966658055782,0.2875127381769036,tvm
20,1,20,1,64,64,0,[20; 1; 20; 1; 64; 64; 0],0.07249818556010723,0.25222306109376846,tvm
5,1,4,1,32,16,1,[5; 1; 4; 1; 32; 16; 1],0.0701525384793058,0.260656487735057,tvm
10,10,300,1,80,16,1,[10; 10; 300; 1; 80; 16; 1],0.06642316048964858,0.27529124105083713,tvm
20,10,60,1,16,16,1,[20; 10; 60; 1; 16; 16; 1],0.06622896296903491,0.2760984539991016,tvm
20,1,2,1,128,64,1,[20; 1; 2; 1; 128; 64; 1],0.06782385939732194,0.26960592405386336,tvm
8,1,30,1,160,16,1,[8; 1; 30; 1; 160; 16; 1],0.0667037955718115,0.27413304039090824,tvm
16,1,2,1,32,16,1,[16; 1; 2; 1; 32; 16; 1],0.06470282457303256,0.2826107578205415,tvm
16,8,25,1,64,16,1,[16; 8; 25; 1; 64; 16; 1],0.06302957504522055,0.2901132408491602,tvm
16,1,3,1,160,16,1,[16; 1; 3; 1; 160; 16; 1],0.06888592790346593,0.2654491975681765,tvm
32,16,250,1,128,64,1,[32; 16; 250; 1; 128; 64; 1],0.07990626501850784,0.22883955696689065,tvm
20,10,5,1,128,64,1,[20; 10; 5; 1; 128; 64; 1],0.07086313655599952,0.25804268868714303,tvm
20,5,125,1,128,64,1,[20; 5; 125; 1; 128; 64; 1],0.061228069476783276,0.2986492052088617,tvm
20,5,100,1,32,16,1,[20; 5; 100; 1; 32; 16; 1],0.05780181800946593,0.3163518884945751,tvm
8,4,50,1,128,128,1,[8; 4; 50; 1; 128; 128; 1],0.06452992849517614,0.2833679613806052,tvm
10,5,15,1,128,128,1,[10; 5; 15; 1; 128; 128; 1],0.0633028174052015,0.2888609865287256,tvm
32,2,12,1,128,128,1,[32; 2; 12; 1; 128; 128; 1],0.05899249296635389,0.3099668002866647,tvm
20,20,2,1,128,128,1,[20; 20; 2; 1; 128; 128; 1],0.05592050193808973,0.32699481678398784,tvm
20,4,150,1,128,128,1,[20; 4; 150; 1; 128; 128; 1],0.05737412697635591,0.31871010940610733,tvm
16,2,150,1,128,128,1,[16; 2; 150; 1; 128; 128; 1],0.05510745698120445,0.33181923622334836,tvm
10,1,500,1,64,64,1,[10; 1; 500; 1; 64; 64; 1],0.052951214485801756,0.3453313481717664,tvm
10,1,1,1,64,64,1,[10; 1; 1; 1; 64; 64; 1],0.05249385943170637,0.34834006269826084,tvm
32,4,25,1,64,64,1,[32; 4; 25; 1; 64; 64; 1],0.05361509253270924,0.3410553525494454,tvm
10,5,60,1,64,64,1,[10; 5; 60; 1; 64; 64; 1],0.05181604251265526,0.35289677480190207,tvm
16,2,100,1,128,64,0,[16; 2; 100; 1; 128; 64; 0],0.08747121749911457,0.20904835680261777,tvm
32,2,60,1,128,64,0,[32; 2; 60; 1; 128; 64; 0],0.08522382460068911,0.2145610616678007,tvm
32,4,25,1,16,16,0,[32; 4; 25; 1; 16; 16; 0],0.09111685794778168,0.2006842059478574,tvm
10,2,30,1,128,16,1,[10; 2; 30; 1; 128; 16; 1],0.0928687114501372,0.19689854634768136,tvm
20,20,3,1,16,16,0,[20; 20; 3; 1; 16; 16; 0],0.0775596754392609,0.23576316149020413,tvm
16,2,375,1,64,16,0,[16; 2; 375; 1; 64; 16; 0],0.08726315596140921,0.20954679078763622,tvm
10,5,50,1,128,16,1,[10; 5; 50; 1; 128; 16; 1],0.08853062754496932,0.2065467600625108,tvm
10,2,250,1,64,16,0,[10; 2; 250; 1; 64; 16; 0],0.08746145700570196,0.2090716861087984,tvm
5,5,30,1,32,16,0,[5; 5; 30; 1; 32; 16; 0],0.09157535352278501,0.1996794288232214,tvm
32,1,3,1,128,128,0,[32; 1; 3; 1; 128; 128; 0],0.0706598034594208,0.2587852412611873,tvm
32,2,50,1,128,128,0,[32; 2; 50; 1; 128; 128; 0],0.07426201505586505,0.24623240120751508,tvm
16,16,750,1,80,16,0,[16; 16; 750; 1; 80; 16; 0],0.07625318493228406,0.23980262990919984,tvm
16,4,500,1,80,16,0,[16; 4; 500; 1; 80; 16; 0],0.07621702796313912,0.23991639105316226,tvm
32,8,10,1,16,16,1,[32; 8; 10; 1; 16; 16; 1],0.10389950196258724,0.17599424386363968,tvm
20,4,75,1,128,128,0,[20; 4; 75; 1; 128; 128; 0],0.07203919999301434,0.2538300576281727,tvm
20,2,300,1,16,16,0,[20; 2; 300; 1; 16; 16; 0],0.07668583490885794,0.23844969944510722,tvm
32,8,375,1,32,16,1,[32; 8; 375; 1; 32; 16; 1],0.07990225648973137,0.22885103736794057,tvm
8,8,1500,1,80,16,0,[8; 8; 1500; 1; 80; 16; 0],0.08145465049892664,0.22448950641504803,tvm
32,32,150,1,128,128,0,[32; 32; 150; 1; 128; 128; 0],0.07195297908037901,0.25413422097905397,tvm
32,1,100,1,32,16,1,[32; 1; 100; 1; 32; 16; 1],0.0736103670205921,0.24841221455394943,tvm
10,5,125,1,32,16,0,[10; 5; 125; 1; 32; 16; 0],0.07374191551934928,0.24796907100841806,tvm
32,8,30,1,64,16,1,[32; 8; 30; 1; 64; 16; 1],0.08049690304324031,0.22716046946417054,tvm
32,32,60,1,64,16,1,[32; 32; 60; 1; 64; 16; 1],0.08051335741765797,0.22711404507525745,tvm
10,5,60,1,80,16,0,[10; 5; 60; 1; 80; 16; 0],0.07191455259453505,0.25427001387065373,tvm
4,2,250,1,64,64,0,[4; 2; 250; 1; 64; 64; 0],0.09019133599940687,0.20274357933709442,tvm
32,16,1,1,160,16,1,[32; 16; 1; 1; 160; 16; 1],0.06982869107741863,0.2618653450834562,tvm
20,2,1500,1,64,16,1,[20; 2; 1500; 1; 64; 16; 1],0.07796722452621907,0.2345307838881081,tvm
4,2,60,1,160,16,1,[4; 2; 60; 1; 160; 16; 1],0.07525777304545045,0.24297442703587563,tvm
32,16,20,1,160,16,1,[32; 16; 20; 1; 160; 16; 1],0.06644036551006138,0.2752199531916361,tvm
16,16,375,1,32,16,1,[16; 16; 375; 1; 32; 16; 1],0.06503428204450756,0.2811703875380692,tvm
10,1,5,1,64,64,0,[10; 1; 5; 1; 64; 64; 0],0.06623653450515121,0.27606689302702286,tvm
4,1,3,1,16,16,1,[4; 1; 3; 1; 16; 16; 1],0.08912926749326289,0.20515948127921582,tvm
20,1,5,1,64,16,1,[20; 1; 5; 1; 64; 16; 1],0.08267001702915877,0.22118919219848088,tvm
16,4,125,1,16,16,1,[16; 4; 125; 1; 16; 16; 1],0.0653383550234139,0.27986187101223514,tvm
20,2,75,1,16,16,1,[20; 2; 75; 1; 16; 16; 1],0.0664874044014141,0.2750252389958748,tvm
20,1,5,1,128,64,1,[20; 1; 5; 1; 128; 64; 1],0.06810843001585454,0.2684794566760336,tvm
16,2,2,1,16,16,1,[16; 2; 2; 1; 16; 16; 1],0.06548045191448182,0.2792545523295354,tvm
16,1,4,1,32,16,1,[16; 1; 4; 1; 32; 16; 1],0.1053396298084408,0.173588176823544,tvm
4,4,1,1,16,16,1,[4; 4; 1; 1; 16; 16; 1],0.08938149851746857,0.20458052940498148,tvm
20,2,100,1,64,16,1,[20; 2; 100; 1; 64; 16; 1],0.06429373391438276,0.28440896448889713,tvm
10,10,25,1,64,16,1,[10; 10; 25; 1; 64; 16; 1],0.07263880094978958,0.25173480352950756,tvm
10,10,250,1,32,16,1,[10; 10; 250; 1; 32; 16; 1],0.06559222692158073,0.2787786776560568,tvm
10,2,10,1,64,16,1,[10; 2; 10; 1; 64; 16; 1],0.0668425754411146,0.27356387998279935,tvm
16,1,100,1,64,64,0,[16; 1; 100; 1; 64; 64; 0],0.060167989460751414,0.3039110073246234,tvm
20,1,250,1,80,16,1,[20; 1; 250; 1; 80; 16; 1],0.05651575152296573,0.323550758734646,tvm
16,8,1500,1,128,64,1,[16; 8; 1500; 1; 128; 64; 1],0.06602643697988242,0.27694534374595675,tvm
10,1,15,1,32,16,1,[10; 1; 15; 1; 32; 16; 1],0.061037180945277214,0.2995832049010965,tvm
32,4,50,1,128,64,1,[32; 4; 50; 1; 128; 64; 1],0.06559304951224476,0.2787751815426839,tvm
20,20,1,1,64,16,1,[20; 20; 1; 1; 64; 16; 1],0.07533429842442274,0.24272761103707596,tvm
20,5,1,1,64,16,1,[20; 5; 1; 1; 64; 16; 1],0.073527522967197,0.24869210260043895,tvm
20,4,150,1,32,16,1,[20; 4; 150; 1; 32; 16; 1],0.060253836563788354,0.3034780078502706,tvm
32,32,100,1,128,64,1,[32; 32; 100; 1; 128; 64; 1],0.06921022455208004,0.26420538878550326,tvm
10,2,10,1,128,64,1,[10; 2; 10; 1; 128; 64; 1],0.06091037602163851,0.30020688559233744,tvm
20,4,25,1,32,16,1,[20; 4; 25; 1; 32; 16; 1],0.05865478399209678,0.31175145557058276,tvm
20,5,250,1,80,16,1,[20; 5; 250; 1; 80; 16; 1],0.05737396306358278,0.3187110199351186,tvm
20,2,5,1,128,128,1,[20; 2; 5; 1; 128; 128; 1],0.058759958017617464,0.3111934538862646,tvm
8,4,2,1,64,64,1,[8; 4; 2; 1; 64; 64; 1],0.05454633850604296,0.3352326624762997,tvm
32,16,4,1,64,64,1,[32; 16; 4; 1; 64; 64; 1],0.06545739946886897,0.27935289874158276,tvm
32,1,100,1,64,64,1,[32; 1; 100; 1; 64; 64; 1],0.053953920025378466,0.3389135446898609,tvm
32,8,75,1,64,64,1,[32; 8; 75; 1; 64; 64; 1],0.0539425314636901,0.33898509746474914,tvm
10,1,30,1,64,64,1,[10; 1; 30; 1; 64; 64; 1],0.05294844345189631,0.3453494209386319,tvm
10,2,60,1,64,64,1,[10; 2; 60; 1; 64; 64; 1],0.052520419005304575,0.3481639071437611,tvm
20,1,125,1,64,64,1,[20; 1; 125; 1; 64; 64; 1],0.05759936396498233,0.31746382298303033,tvm
16,4,15,1,64,64,1,[16; 4; 15; 1; 64; 64; 1],0.050296774483285844,0.36355640045647114,tvm
32,4,750,1,32,16,0,[32; 4; 750; 1; 32; 16; 0],0.08987307851202786,0.2034615325129547,tvm
32,16,1500,1,16,16,0,[32; 16; 1500; 1; 16; 16; 0],0.09068257559556514,0.2016452903506697,tvm
32,8,1500,1,32,16,0,[32; 8; 1500; 1; 32; 16; 0],0.08634583652019501,0.21177297044817592,tvm
32,16,125,1,16,16,0,[32; 16; 125; 1; 16; 16; 0],0.08928052603732795,0.20481190128818327,tvm
32,32,25,1,16,16,0,[32; 32; 25; 1; 16; 16; 0],0.09879245446063578,0.18509221565094627,tvm
32,4,25,1,16,16,0,[32; 4; 25; 1; 16; 16; 0],0.0985980749828741,0.1854571125135091,tvm
16,1,150,1,64,16,0,[16; 1; 150; 1; 64; 16; 0],0.08676652854774147,0.21074617818382527,tvm
10,10,1,1,128,128,0,[10; 10; 1; 1; 128; 128; 0],0.0851028140168637,0.2148661533341406,tvm
10,10,2,1,128,128,0,[10; 10; 2; 1; 128; 128; 0],0.09520541096571833,0.19206591411383778,tvm
20,2,50,1,128,64,0,[20; 2; 50; 1; 128; 64; 0],0.08968502108473331,0.20388816398268078,tvm
20,20,2,1,80,16,0,[20; 20; 2; 1; 80; 16; 0],0.08830549952108413,0.20707333501180553,tvm
20,4,4,1,80,16,0,[20; 4; 4; 1; 80; 16; 0],0.09409136802423745,0.1943399768723097,tvm
32,2,100,1,128,16,1,[32; 2; 100; 1; 128; 16; 1],0.10561052011325955,0.17314292426648592,tvm
16,1,300,1,128,16,1,[16; 1; 300; 1; 128; 16; 1],0.09930778597481549,0.18413172850668078,tvm
5,5,15,1,80,16,0,[5; 5; 15; 1; 80; 16; 0],0.08237701852340251,0.22197591771932718,tvm
5,5,500,1,80,16,0,[5; 5; 500; 1; 80; 16; 0],0.10673404391855001,0.17132035491570363,tvm
8,1,375,1,16,16,0,[8; 1; 375; 1; 16; 16; 0],0.08123235253151506,0.2251038375211419,tvm
20,2,12,1,128,16,1,[20; 2; 12; 1; 128; 16; 1],0.08896749606356025,0.20553252698772806,tvm
32,32,100,1,128,16,1,[32; 32; 100; 1; 128; 16; 1],0.1056393850594759,0.173095614627246,tvm
20,20,4,1,16,16,0,[20; 20; 4; 1; 16; 16; 0],0.07575557555537671,0.24137780158963454,tvm
16,1,2,1,128,128,0,[16; 1; 2; 1; 128; 128; 0],0.07199651806149632,0.2539805365322726,tvm
32,4,5,1,80,16,1,[32; 4; 5; 1; 80; 16; 1],0.07760745903942734,0.23561800002271038,tvm
8,2,12,1,32,16,0,[8; 2; 12; 1; 32; 16; 0],0.07391756097786129,0.2473798383470872,tvm
16,4,10,1,32,16,0,[16; 4; 10; 1; 32; 16; 0],0.0724133545299992,0.25251853617883335,tvm
4,2,300,1,160,16,1,[4; 2; 300; 1; 160; 16; 1],0.08496110001578927,0.21522454726122953,tvm
20,10,50,1,80,16,0,[20; 10; 50; 1; 80; 16; 0],0.0772778270766139,0.23662303894214926,tvm
32,4,500,1,80,16,1,[32; 4; 500; 1; 80; 16; 1],0.07959124550689012,0.22974529634834417,tvm
16,16,30,1,32,16,0,[16; 16; 30; 1; 32; 16; 0],0.07286460406612605,0.2509546922003398,tvm
10,10,750,1,32,16,0,[10; 10; 750; 1; 32; 16; 0],0.07839439401868731,0.23325283031533378,tvm
10,10,50,1,32,16,0,[10; 10; 50; 1; 32; 16; 0],0.07304155093152076,0.2503467417177086,tvm
10,10,60,1,80,16,0,[10; 10; 60; 1; 80; 16; 0],0.07159318146295846,0.25541139410287445,tvm
16,1,1500,1,160,16,1,[16; 1; 1500; 1; 160; 16; 1],0.06636491150129586,0.27553286627011075,tvm
20,20,750,1,16,16,1,[20; 20; 750; 1; 16; 16; 1],0.06612442201003432,0.2765349583386823,tvm
8,1,100,1,64,64,0,[8; 1; 100; 1; 64; 64; 0],0.07010249746963382,0.2608425512034729,tvm
32,32,12,1,160,16,1,[32; 32; 12; 1; 160; 16; 1],0.067454366479069,0.27108273696986424,tvm
4,1,25,1,160,16,1,[4; 1; 25; 1; 160; 16; 1],0.08757884544320405,0.20879145178469835,tvm
10,10,12,1,16,16,1,[10; 10; 12; 1; 16; 16; 1],0.07189404952805489,0.2543425277300416,tvm
32,16,250,1,128,64,1,[32; 16; 250; 1; 128; 64; 1],0.07980578497517854,0.2291276790448408,tvm
32,1,25,1,64,64,0,[32; 1; 25; 1; 64; 64; 0],0.06428087048698217,0.2844658783738378,tvm
5,5,5,1,64,16,1,[5; 5; 5; 1; 64; 16; 1],0.05611854395829141,0.3258408539484675,tvm
32,8,6,1,64,64,0,[32; 8; 6; 1; 64; 64; 0],0.06430356297641993,0.2843654914179428,tvm
4,1,1500,1,64,64,1,[4; 1; 1500; 1; 64; 64; 1],0.06319472100585699,0.2893550916067742,tvm
16,4,12,1,64,16,1,[16; 4; 12; 1; 64; 16; 1],0.06499109149444848,0.28135724243493043,tvm
32,1,60,1,128,64,1,[32; 1; 60; 1; 128; 64; 1],0.06492454104591161,0.28164564571636297,tvm
10,2,25,1,32,16,1,[10; 2; 25; 1; 32; 16; 1],0.06076183752156794,0.30094077189853935,tvm
8,8,2,1,64,16,1,[8; 8; 2; 1; 64; 16; 1],0.056656789500266314,0.3227453310891952,tvm
16,2,375,1,128,64,1,[16; 2; 375; 1; 128; 64; 1],0.06617069756612182,0.27634156746560035,tvm
8,1,25,1,128,128,1,[8; 1; 25; 1; 128; 128; 1],0.06639789650216699,0.27539598765930046,tvm
10,5,60,1,160,16,1,[10; 5; 60; 1; 160; 16; 1],0.05738946748897433,0.31862491648362723,tvm
20,2,250,1,32,16,1,[20; 2; 250; 1; 32; 16; 1],0.06233072350732982,0.2933659880197599,tvm
8,4,6,1,160,16,1,[8; 4; 6; 1; 160; 16; 1],0.0473344077472575,0.38630913865767635,tvm
4,4,4,1,64,64,1,[4; 4; 4; 1; 64; 64; 1],0.06166929646860808,0.2965124516220545,tvm
8,8,10,1,128,64,1,[8; 8; 10; 1; 128; 64; 1],0.061815637978725135,0.295810492031282,tvm
10,2,375,1,128,128,1,[10; 2; 375; 1; 128; 128; 1],0.06293765304144472,0.29053695843524807,tvm
16,1,10,1,128,64,1,[16; 1; 10; 1; 128; 64; 1],0.061159419594332576,0.29898443129451735,tvm
10,5,12,1,128,64,1,[10; 5; 12; 1; 128; 64; 1],0.06007659900933504,0.3043733265072637,tvm
10,10,2,1,160,16,1,[10; 10; 2; 1; 160; 16; 1],0.0414222547551617,0.44144661834072835,tvm
20,5,20,1,160,16,1,[20; 5; 20; 1; 160; 16; 1],0.05409088544547558,0.33805536986719437,tvm
10,10,50,1,128,128,1,[10; 10; 50; 1; 128; 128; 1],0.06286257051397115,0.2908839733438884,tvm
10,5,20,1,80,16,1,[10; 5; 20; 1; 80; 16; 1],0.06681982707232237,0.2736570129988927,tvm
20,2,500,1,128,128,1,[20; 2; 500; 1; 128; 128; 1],0.057385166990570724,0.31864879453463846,tvm
32,32,100,1,128,128,1,[32; 32; 100; 1; 128; 128; 1],0.05557061999570578,0.32905363098571355,tvm
16,16,5,1,128,128,1,[16; 16; 5; 1; 128; 128; 1],0.053952508489601314,0.33892241153603886,tvm
20,5,125,1,64,64,1,[20; 5; 125; 1; 64; 64; 1],0.049722717492841184,0.36775371917970834,tvm
20,1,15,1,128,64,0,[20; 1; 15; 1; 128; 64; 0],0.09786292247008532,0.18685027816642052,tvm
10,1,50,1,128,128,0,[10; 1; 50; 1; 128; 128; 0],0.09243811795022339,0.1978157354475876,tvm
8,4,1500,1,128,16,1,[8; 4; 1500; 1; 128; 16; 1],0.11833283887244761,0.15452780867891353,tvm
10,2,125,1,128,128,0,[10; 2; 125; 1; 128; 128; 0],0.09106199652887881,0.20080511061401202,tvm
10,2,1500,1,128,128,0,[10; 2; 1500; 1; 128; 128; 0],0.08566792646888644,0.21344877878368446,tvm
20,2,100,1,64,16,0,[20; 2; 100; 1; 64; 16; 0],0.09048790449742228,0.20207909982306188,tvm
8,8,50,1,128,16,1,[8; 8; 50; 1; 128; 16; 1],0.0940353999612853,0.19445564429185797,tvm
16,4,500,1,128,64,0,[16; 4; 500; 1; 128; 64; 0],0.08860600704792887,0.20637104520264812,tvm
16,4,100,1,64,16,0,[16; 4; 100; 1; 64; 16; 0],0.08707079850137234,0.21000972312693425,tvm
16,4,150,1,64,16,0,[16; 4; 150; 1; 64; 16; 0],0.08798788150306791,0.20782082683825853,tvm
16,8,1,1,80,16,0,[16; 8; 1; 1; 80; 16; 0],0.07566395052708685,0.24167009729644243,tvm
5,5,20,1,128,16,1,[5; 5; 20; 1; 128; 16; 1],0.13101143995299935,0.13957341658311923,tvm
20,5,5,1,32,16,0,[20; 5; 5; 1; 32; 16; 0],0.07877865841146559,0.23211507601724976,tvm
16,4,5,1,32,16,0,[16; 4; 5; 1; 32; 16; 0],0.06779301853384823,0.2697285750240558,tvm
8,4,6,1,32,16,0,[8; 4; 6; 1; 32; 16; 0],0.0893348780227825,0.20468729224716686,tvm
32,2,1500,1,16,16,1,[32; 2; 1500; 1; 16; 16; 1],0.09290848253294826,0.19681426051953438,tvm
10,2,30,1,80,16,0,[10; 2; 30; 1; 80; 16; 0],0.07453994650859386,0.2453142931033106,tvm
32,1,100,1,32,16,1,[32; 1; 100; 1; 32; 16; 1],0.0753289139829576,0.24274496098339135,tvm
16,8,3,1,128,16,1,[16; 8; 3; 1; 128; 16; 1],0.09634882688988,0.18978657941122196,tvm
5,5,10,1,128,16,1,[5; 5; 10; 1; 128; 16; 1],0.07009528495837003,0.26086939080958543,tvm
10,2,25,1,16,16,0,[10; 2; 25; 1; 16; 16; 0],0.09014015505090356,0.20285869572099202,tvm
20,4,1500,1,16,16,0,[20; 4; 1500; 1; 16; 16; 0],0.07731308357324451,0.2365151335399894,tvm
20,10,15,1,128,128,0,[20; 10; 15; 1; 128; 128; 0],0.07628789148293436,0.2396935336691644,tvm
20,20,6,1,128,128,0,[20; 20; 6; 1; 128; 128; 0],0.07600810949224979,0.24057583339286712,tvm
20,5,30,1,16,16,0,[20; 5; 30; 1; 16; 16; 0],0.07765765697695315,0.23546569646237242,tvm
32,8,60,1,128,128,0,[32; 8; 60; 1; 128; 128; 0],0.07394141901750118,0.24730001842926827,tvm
10,10,150,1,16,16,0,[10; 10; 150; 1; 16; 16; 0],0.07904499745927751,0.23133297328695268,tvm
20,1,5,1,128,128,0,[20; 1; 5; 1; 128; 128; 0],0.06640598503872752,0.2753624432353527,tvm
20,20,1500,1,128,128,0,[20; 20; 1500; 1; 128; 128; 0],0.07771876198239625,0.2352805657127697,tvm
10,5,50,1,32,16,0,[10; 5; 50; 1; 32; 16; 0],0.07335510791745037,0.24927663260058155,tvm
5,1,125,1,16,16,1,[5; 1; 125; 1; 16; 16; 1],0.08630433690268546,0.21187480191560693,tvm
4,4,250,1,32,16,1,[4; 4; 250; 1; 32; 16; 1],0.08269966847728938,0.22110988619907018,tvm
8,8,10,1,64,64,0,[8; 8; 10; 1; 64; 64; 0],0.07161476358305663,0.255334422273238,tvm
20,20,1500,1,16,16,1,[20; 20; 1500; 1; 16; 16; 1],0.0660959689412266,0.2766540014259294,tvm
5,1,5,1,128,64,1,[5; 1; 5; 1; 128; 64; 1],0.07591904303990304,0.24085807135507908,tvm
32,32,60,1,160,16,1,[32; 32; 60; 1; 160; 16; 1],0.06595399347133934,0.2772495390087401,tvm
4,2,15,1,128,64,1,[4; 2; 15; 1; 128; 64; 1],0.07559053145814687,0.24190482502214924,tvm
16,16,375,1,160,16,1,[16; 16; 375; 1; 160; 16; 1],0.06506733759306371,0.2810275471861872,tvm
20,5,750,1,80,16,1,[20; 5; 750; 1; 80; 16; 1],0.06640839646570385,0.2753524442524044,tvm
8,8,60,1,16,16,1,[8; 8; 60; 1; 16; 16; 1],0.07338852400425822,0.2491631291651716,tvm
20,10,4,1,16,16,1,[20; 10; 4; 1; 16; 16; 1],0.0687963014934212,0.26579501933636507,tvm
32,32,250,1,128,64,1,[32; 32; 250; 1; 128; 64; 1],0.07112733647227287,0.2570841984620427,tvm
8,1,75,1,64,16,1,[8; 1; 75; 1; 64; 16; 1],0.06918902997858822,0.2642863224325175,tvm
5,5,12,1,32,16,1,[5; 5; 12; 1; 32; 16; 1],0.06913050101138651,0.26451007902723633,tvm
20,1,15,1,64,64,0,[20; 1; 15; 1; 64; 64; 0],0.07166119094472378,0.25516899795621684,tvm
32,16,10,1,64,64,0,[32; 16; 10; 1; 64; 64; 0],0.07722374005243182,0.2367887682375785,tvm
20,2,50,1,16,16,1,[20; 2; 50; 1; 16; 16; 1],0.06800954905338585,0.26886980637616703,tvm
20,5,150,1,16,16,1,[20; 5; 150; 1; 16; 16; 1],0.06638204900082201,0.27546173341964564,tvm
10,2,5,1,32,16,1,[10; 2; 5; 1; 32; 16; 1],0.07247627852484584,0.25229929927273653,tvm
20,2,125,1,128,64,1,[20; 2; 125; 1; 128; 64; 1],0.06067572359461337,0.30136788162403794,tvm
10,5,500,1,64,64,0,[10; 5; 500; 1; 64; 64; 0],0.06507260841317475,0.28100478421904046,tvm
10,2,500,1,128,64,1,[10; 2; 500; 1; 128; 64; 1],0.07050338748376817,0.25935937177379126,tvm
32,2,1500,1,64,64,0,[32; 2; 1500; 1; 64; 64; 0],0.06244294694624841,0.29283874608696536,tvm
4,4,500,1,64,64,1,[4; 4; 500; 1; 64; 64; 1],0.06254960654769093,0.2923393973992842,tvm
20,1,75,1,80,16,1,[20; 1; 75; 1; 80; 16; 1],0.05340448650531471,0.34240033904070083,tvm
16,1,1,1,80,16,1,[16; 1; 1; 1; 80; 16; 1],0.07348166091833264,0.24884731859881326,tvm
5,1,2,1,64,16,1,[5; 1; 2; 1; 64; 16; 1],0.057140510994940996,0.32001313896778477,tvm
16,1,100,1,128,64,1,[16; 1; 100; 1; 128; 64; 1],0.057305640424601734,0.3190910030884865,tvm
16,1,50,1,128,64,1,[16; 1; 50; 1; 128; 64; 1],0.056244066916406155,0.32511365710612267,tvm
10,2,1,1,160,16,1,[10; 2; 1; 1; 160; 16; 1],0.047843497013673186,0.38219853119199076,tvm
32,8,100,1,128,128,1,[32; 8; 100; 1; 128; 128; 1],0.05627211451064795,0.3249516113750127,tvm
16,16,6,1,128,128,1,[16; 16; 6; 1; 128; 128; 1],0.05410031997598708,0.33799641654301804,tvm
20,20,50,1,64,64,1,[20; 20; 50; 1; 64; 64; 1],0.05033048696350306,0.36331288228890163,tvm
20,2,250,1,64,64,1,[20; 2; 250; 1; 64; 64; 1],0.04993571521481499,0.3661850883090838,tvm
20,4,75,1,256,128,1,[20; 4; 75; 1; 256; 128; 1],0.0577561289537698,0.3166021445161407,tvm
20,20,100,1,256,128,1,[20; 20; 100; 1; 256; 128; 1],0.05209658551029861,0.3509964061291409,tvm
16,2,1500,1,128,16,1,[16; 2; 1500; 1; 128; 16; 1],0.10482103703543544,0.1744469889143787,tvm
10,1,125,1,128,128,0,[10; 1; 125; 1; 128; 128; 0],0.09386484697461128,0.19480897135708575,tvm
10,2,10,1,128,16,1,[10; 2; 10; 1; 128; 16; 1],0.07754888047929853,0.23579598019594378,tvm
16,4,150,1,128,16,1,[16; 4; 150; 1; 128; 16; 1],0.0836641505593434,0.2185609267943758,tvm
20,20,60,1,128,64,0,[20; 20; 60; 1; 128; 64; 0],0.08400931861251593,0.21766292820508645,tvm
32,4,60,1,128,64,0,[32; 4; 60; 1; 128; 64; 0],0.08619814645498991,0.21213581773782733,tvm
32,16,125,1,128,64,0,[32; 16; 125; 1; 128; 64; 0],0.09607966244220734,0.19031826112746061,tvm
8,4,15,1,64,16,0,[8; 4; 15; 1; 64; 16; 0],0.08636962145101279,0.21171465126874034,tvm
20,5,750,1,64,16,0,[20; 5; 750; 1; 64; 16; 0],0.09331387106794864,0.1959592296026292,tvm
5,1,375,1,32,16,1,[5; 1; 375; 1; 32; 16; 1],0.0857662174385041,0.2132041593046291,tvm
20,2,15,1,80,16,0,[20; 2; 15; 1; 80; 16; 0],0.08192683605011553,0.22319566051017423,tvm
32,32,10,1,32,16,1,[32; 32; 10; 1; 32; 16; 1],0.07859666796866804,0.23265253805675,tvm
16,16,20,1,64,16,0,[16; 16; 20; 1; 64; 16; 0],0.08889048197306693,0.20571059892840615,tvm
8,1,300,1,32,16,0,[8; 1; 300; 1; 32; 16; 0],0.07966779649723321,0.22952453927038552,tvm
20,1,75,1,16,16,0,[20; 1; 75; 1; 16; 16; 0],0.08997399802319705,0.2032333194863684,tvm
10,2,2,1,32,16,0,[10; 2; 2; 1; 32; 16; 0],0.07287824456579983,0.2509077214285067,tvm
16,2,50,1,80,16,0,[16; 2; 50; 1; 80; 16; 0],0.07461542205419391,0.2450661509685383,tvm
8,2,100,1,80,16,0,[8; 2; 100; 1; 80; 16; 0],0.07374749099835753,0.24795032397944952,tvm
32,4,250,1,16,16,1,[32; 4; 250; 1; 16; 16; 1],0.0855670019518584,0.21370053722347515,tvm
32,4,15,1,64,16,1,[32; 4; 15; 1; 64; 16; 1],0.08191743399947882,0.22322127772984962,tvm
32,32,60,1,16,16,1,[32; 32; 60; 1; 16; 16; 1],0.08307842502836138,0.2201018408747144,tvm
32,1,150,1,32,16,1,[32; 1; 150; 1; 32; 16; 1],0.07517517497763038,0.24324139306833015,tvm
20,2,10,1,16,16,0,[20; 2; 10; 1; 16; 16; 0],0.07740337494760752,0.23623923760548488,tvm
5,5,5,1,128,16,1,[5; 5; 5; 1; 128; 16; 1],0.06520271697081625,0.28044405410128376,tvm
20,10,10,1,16,16,0,[20; 10; 10; 1; 16; 16; 0],0.0779991609742865,0.23443475618593418,tvm
20,4,750,1,32,16,0,[20; 4; 750; 1; 32; 16; 0],0.0767833209829405,0.2381469575896171,tvm
20,5,750,1,32,16,0,[20; 5; 750; 1; 32; 16; 0],0.07824103208258748,0.23371003422363812,tvm
16,8,60,1,80,16,0,[16; 8; 60; 1; 80; 16; 0],0.07380925246980041,0.24774284623998893,tvm
10,5,125,1,32,16,0,[10; 5; 125; 1; 32; 16; 0],0.07303982693701982,0.2503526507734135,tvm
5,1,50,1,16,16,1,[5; 1; 50; 1; 16; 16; 1],0.08643424545880407,0.21155635927231584,tvm
32,4,75,1,128,128,0,[32; 4; 75; 1; 128; 128; 0],0.07403856795281172,0.24697552628744301,tvm
4,1,60,1,128,64,1,[4; 1; 60; 1; 128; 64; 1],0.07512028096243739,0.2434191412949819,tvm
8,4,300,1,64,16,1,[8; 4; 300; 1; 64; 16; 1],0.08317507756873965,0.21984607433160666,tvm
10,2,500,1,160,16,1,[10; 2; 500; 1; 160; 16; 1],0.07251318194903433,0.25217089905896484,tvm
4,2,100,1,128,64,1,[4; 2; 100; 1; 128; 64; 1],0.07472678041085601,0.24470095172276166,tvm
32,16,500,1,128,64,1,[32; 16; 500; 1; 128; 64; 1],0.0847569964826107,0.215742830026615,tvm
4,2,30,1,80,16,1,[4; 2; 30; 1; 80; 16; 1],0.07207990647293627,0.2536867093824545,tvm
16,4,25,1,16,16,1,[16; 4; 25; 1; 16; 16; 1],0.06516798853408545,0.2805935045263846,tvm
20,4,1,1,64,64,0,[20; 4; 1; 1; 64; 64; 0],0.05951735400594771,0.3072333202831388,tvm
16,2,10,1,64,16,1,[16; 2; 10; 1; 64; 16; 1],0.06587912701070309,0.27756461136383137,tvm
16,1,12,1,64,64,0,[16; 1; 12; 1; 64; 64; 0],0.06296400155406445,0.290415377587035,tvm
10,2,30,1,32,16,1,[10; 2; 30; 1; 32; 16; 1],0.060847175074741244,0.30051870548227005,tvm
10,2,25,1,32,16,1,[10; 2; 25; 1; 32; 16; 1],0.06092784204520285,0.3001208260773124,tvm
8,8,100,1,64,16,1,[8; 8; 100; 1; 64; 16; 1],0.07004037697333843,0.26107389874093523,tvm
8,1,250,1,128,128,1,[8; 1; 250; 1; 128; 128; 1],0.06652308849152178,0.2748777108874727,tvm
4,2,75,1,64,64,1,[4; 2; 75; 1; 64; 64; 1],0.06396129354834557,0.2858871869420982,tvm
10,1,2,1,32,16,1,[10; 1; 2; 1; 32; 16; 1],0.06638354004826397,0.2754555462456463,tvm
8,8,5,1,32,16,1,[8; 8; 5; 1; 32; 16; 1],0.06073624501004815,0.3010675797077859,tvm
10,10,1,1,128,128,1,[10; 10; 1; 1; 128; 128; 1],0.06216583354398608,0.2941441181316428,tvm
8,8,150,1,128,64,1,[8; 8; 150; 1; 128; 64; 1],0.06347830244340003,0.28806243364838896,tvm
10,2,25,1,128,64,1,[10; 2; 25; 1; 128; 64; 1],0.06018017395399511,0.3038494754051866,tvm
16,4,150,1,160,16,1,[16; 4; 150; 1; 160; 16; 1],0.05190618650522083,0.3522839090456987,tvm
10,5,50,1,80,16,1,[10; 5; 50; 1; 80; 16; 1],0.056412433041259646,0.32414333684810664,tvm
20,10,12,1,160,16,1,[20; 10; 12; 1; 160; 16; 1],0.05538721545599401,0.3301432313426655,tvm
20,10,20,1,128,128,1,[20; 10; 20; 1; 128; 128; 1],0.06305848143529147,0.28998025118125437,tvm
16,8,4,1,160,16,1,[16; 8; 4; 1; 160; 16; 1],0.06278326350729913,0.29125141421787365,tvm
20,1,125,1,128,128,1,[20; 1; 125; 1; 128; 128; 1],0.05802732449956238,0.3151224779603993,tvm
16,8,1,1,160,16,1,[16; 8; 1; 1; 160; 16; 1],0.05538614804390818,0.3301495939240624,tvm
10,1,500,1,64,64,1,[10; 1; 500; 1; 64; 64; 1],0.052860006457194686,0.34592720491855805,tvm
20,10,2,1,64,64,1,[20; 10; 2; 1; 64; 64; 1],0.05503990699071437,0.33222647503381897,tvm
16,1,150,1,64,64,1,[16; 1; 150; 1; 64; 64; 1],0.049708392238244414,0.36785970059288514,tvm
16,8,250,1,64,64,1,[16; 8; 250; 1; 64; 64; 1],0.05007183155976236,0.36518964288114153,tvm
20,4,6,1,32,16,0,[20; 4; 6; 1; 32; 16; 0],0.07901249546557665,0.23142813270188156,tvm
32,8,20,1,64,16,1,[32; 8; 20; 1; 64; 16; 1],0.08171437657438219,0.223775974954289,tvm
8,8,1500,1,16,16,0,[8; 8; 1500; 1; 16; 16; 0],0.08117214753292501,0.22527079597465674,tvm
32,16,60,1,32,16,1,[32; 16; 60; 1; 32; 16; 1],0.07486996555235237,0.2442329731396512,tvm
8,2,1500,1,32,16,0,[8; 2; 1500; 1; 32; 16; 0],0.08131208596751094,0.22488310400769362,tvm
4,2,30,1,16,16,1,[4; 2; 30; 1; 16; 16; 1],0.08921494951937348,0.20496244613962877,tvm
8,2,250,1,32,16,0,[8; 2; 250; 1; 32; 16; 0],0.07709870347753167,0.23717278580492815,tvm
32,1,1500,1,160,16,1,[32; 1; 1500; 1; 160; 16; 1],0.07855303899850696,0.23278175508985513,tvm
8,4,10,1,80,16,0,[8; 4; 10; 1; 80; 16; 0],0.0715731120435521,0.25548301259539286,tvm
32,4,12,1,80,16,1,[32; 4; 12; 1; 80; 16; 1],0.06829459802247584,0.2677475937364246,tvm
5,5,100,1,64,64,0,[5; 5; 100; 1; 64; 64; 0],0.08105323056224734,0.22560130125438008,tvm
8,2,20,1,32,16,0,[8; 2; 20; 1; 32; 16; 0],0.07467907899990678,0.24485725494468288,tvm
32,4,75,1,256,16,1,[32; 4; 75; 1; 256; 16; 1],0.10682992008514702,0.17116660080939836,tvm
32,16,60,1,256,16,1,[32; 16; 60; 1; 256; 16; 1],0.106935742078349,0.1709972169297411,tvm
16,2,5,1,128,128,0,[16; 2; 5; 1; 128; 128; 0],0.0798916044877842,0.22888155023235585,tvm
10,5,300,1,256,16,1,[10; 5; 300; 1; 256; 16; 1],0.11034136591479182,0.16571948456605967,tvm
8,8,50,1,32,16,0,[8; 8; 50; 1; 32; 16; 0],0.07488191651646048,0.24419399417608037,tvm
4,1,50,1,64,16,1,[4; 1; 50; 1; 64; 16; 1],0.08773151645436883,0.20842811140994133,tvm
5,1,250,1,64,16,1,[5; 1; 250; 1; 64; 16; 1],0.08525402355007827,0.21448505917111638,tvm
32,8,1500,1,128,128,0,[32; 8; 1500; 1; 128; 128; 0],0.07344112743157893,0.24898466193550858,tvm
20,10,2,1,256,64,1,[20; 10; 2; 1; 256; 64; 1],0.09062634105794132,0.201770413240268,tvm
5,1,15,1,128,64,1,[5; 1; 15; 1; 128; 64; 1],0.07008822751231492,0.26089565872530274,tvm
5,1,20,1,128,64,1,[5; 1; 20; 1; 128; 64; 1],0.0700678100110963,0.26097168275729565,tvm
8,8,12,1,64,64,0,[8; 8; 12; 1; 64; 64; 0],0.07181050896178931,0.25463841643907853,tvm
8,2,60,1,256,16,1,[8; 2; 60; 1; 256; 16; 1],0.09796714747790247,0.18665149242850848,tvm
8,2,100,1,256,16,1,[8; 2; 100; 1; 256; 16; 1],0.09775059809908271,0.18706498621296805,tvm
4,2,75,1,128,128,1,[4; 2; 75; 1; 128; 128; 1],0.07868623547255993,0.232387712741589,tvm
20,1,4,1,16,16,1,[20; 1; 4; 1; 16; 16; 1],0.06591451703570783,0.2774155847308777,tvm
10,10,4,1,256,64,1,[10; 10; 4; 1; 256; 64; 1],0.06937267992179841,0.26358667859346335,tvm
16,16,500,1,64,16,1,[16; 16; 500; 1; 64; 16; 1],0.07730864745099097,0.23652870524356706,tvm
10,5,750,1,256,128,1,[10; 5; 750; 1; 256; 128; 1],0.07114443101454526,0.25702242642120265,tvm
20,20,750,1,64,16,1,[20; 20; 750; 1; 64; 16; 1],0.07814007601700723,0.23401198485824856,tvm
32,32,250,1,128,64,1,[32; 32; 250; 1; 128; 64; 1],0.0706173445796594,0.25894083662530265,tvm
10,1,2,1,256,128,1,[10; 1; 2; 1; 256; 128; 1],0.08597518154419959,0.21268596305683468,tvm
32,32,375,1,128,64,1,[32; 32; 375; 1; 128; 64; 1],0.07220479205716401,0.2532479322319441,tvm
32,8,20,1,160,16,1,[32; 8; 20; 1; 160; 16; 1],0.06664549151901156,0.27437286257387766,tvm
4,1,15,1,160,16,1,[4; 1; 15; 1; 160; 16; 1],0.051223705522716045,0.35697757706351735,tvm
20,5,250,1,256,16,1,[20; 5; 250; 1; 256; 16; 1],0.09850128053221852,0.1856393560257652,tvm
16,8,500,1,80,16,1,[16; 8; 500; 1; 80; 16; 1],0.06537346099503338,0.2797115833763721,tvm
32,1,25,1,256,128,1,[32; 1; 25; 1; 256; 128; 1],0.05733809748198837,0.31891037702216024,tvm
10,5,75,1,256,16,1,[10; 5; 75; 1; 256; 16; 1],0.09340571297798306,0.19576655113188277,tvm
5,1,100,1,64,64,1,[5; 1; 100; 1; 64; 64; 1],0.05943186848890036,0.30767523806069413,tvm
32,16,375,1,64,64,0,[32; 16; 375; 1; 64; 64; 0],0.07712472206912935,0.2370927738232135,tvm
20,5,150,1,16,16,1,[20; 5; 150; 1; 16; 16; 1],0.0662255339557305,0.2761127497731866,tvm
20,1,12,1,64,64,0,[20; 1; 12; 1; 64; 64; 0],0.07144493202213198,0.2559413770601643,tvm
10,2,30,1,64,16,1,[10; 2; 30; 1; 64; 16; 1],0.0719697835156694,0.2540748824363642,tvm
16,1,5,1,256,128,1,[16; 1; 5; 1; 256; 128; 1],0.06250451598316431,0.29255029013646905,tvm
16,8,250,1,256,128,1,[16; 8; 250; 1; 256; 128; 1],0.0582727009896189,0.3137955504923623,tvm
16,2,125,1,64,16,1,[16; 2; 125; 1; 64; 16; 1],0.0637417669640854,0.28687178213960046,tvm
20,10,3,1,256,16,1,[20; 10; 3; 1; 256; 16; 1],0.1143731630872935,0.15987766528550063,tvm
20,2,10,1,128,64,1,[20; 2; 10; 1; 128; 64; 1],0.06320069497451186,0.2893277406694454,tvm
20,5,3,1,64,64,0,[20; 5; 3; 1; 64; 64; 0],0.06154680298641324,0.29710258532439043,tvm
8,8,150,1,32,16,1,[8; 8; 150; 1; 32; 16; 1],0.06563082756474614,0.27861471452078,tvm
32,1,125,1,128,64,1,[32; 1; 125; 1; 128; 64; 1],0.06648419157136232,0.2750385295139958,tvm
32,2,75,1,128,64,1,[32; 2; 75; 1; 128; 64; 1],0.06456419848836958,0.28321755266594417,tvm
20,4,3,1,80,16,1,[20; 4; 3; 1; 80; 16; 1],0.07801268505863845,0.23439411516178144,tvm
20,20,125,1,32,16,1,[20; 20; 125; 1; 32; 16; 1],0.058360291994176805,0.3133245852769009,tvm
10,2,25,1,128,128,1,[10; 2; 25; 1; 128; 128; 1],0.0634258835343644,0.2883005055153392,tvm
8,1,250,1,80,16,1,[8; 1; 250; 1; 80; 16; 1],0.0603739635553211,0.30287417305241116,tvm
4,4,3,1,160,16,1,[4; 4; 3; 1; 160; 16; 1],0.045837177778594196,0.3989275773922899,tvm
5,5,5,1,160,16,1,[5; 5; 5; 1; 160; 16; 1],0.04084920376772061,0.4476394298819556,tvm
8,8,15,1,64,64,1,[8; 8; 15; 1; 64; 64; 1],0.05538367200642824,0.3301643539199046,tvm
20,20,3,1,64,64,1,[20; 20; 3; 1; 64; 64; 1],0.05181180301588029,0.3529256505532094,tvm
16,1,500,1,64,64,1,[16; 1; 500; 1; 64; 64; 1],0.04959840624360368,0.3686754408176665,tvm
20,5,3,1,128,16,1,[20; 5; 3; 1; 128; 16; 1],0.11408694204874337,0.16027876597745744,tvm
32,8,1,1,80,16,1,[32; 8; 1; 1; 80; 16; 1],0.07884302351158112,0.2319255841707837,tvm
32,4,3,1,80,16,1,[32; 4; 3; 1; 80; 16; 1],0.09393769945017993,0.19465788914079332,tvm
4,2,30,1,16,16,1,[4; 2; 30; 1; 16; 16; 1],0.08925997058395296,0.2048590669040806,tvm
20,1,25,1,32,16,0,[20; 1; 25; 1; 32; 16; 0],0.07651781558524817,0.23897329198246978,tvm
8,4,3,1,16,16,0,[8; 4; 3; 1; 16; 16; 0],0.08183391543570906,0.22344909428267598,tvm
32,32,250,1,16,16,1,[32; 32; 250; 1; 16; 16; 1],0.08032342046499252,0.2276510908008926,tvm
10,5,2,1,16,16,0,[10; 5; 2; 1; 16; 16; 0],0.07813950604759157,0.23401369180113846,tvm
8,2,250,1,16,16,0,[8; 2; 250; 1; 16; 16; 0],0.08139318600296974,0.22465903085606095,tvm
8,2,60,1,16,16,0,[8; 2; 60; 1; 16; 16; 0],0.08120261342264712,0.22518627806398245,tvm
32,4,250,1,32,16,1,[32; 4; 250; 1; 32; 16; 1],0.07538210053462535,0.24257368998778547,tvm
2,1,12,1,64,16,1,[2; 1; 12; 1; 64; 16; 1],0.09950512903742492,0.18376655015277493,tvm
16,2,100,1,80,16,0,[16; 2; 100; 1; 80; 16; 0],0.073827667045407,0.24768105261226572,tvm
20,2,1500,1,16,16,0,[20; 2; 1500; 1; 16; 16; 0],0.07687265798449516,0.23787019683126379,tvm
16,8,375,1,80,16,0,[16; 8; 375; 1; 80; 16; 0],0.07616441149730235,0.2400821318807399,tvm
8,8,1500,1,32,16,0,[8; 8; 1500; 1; 32; 16; 0],0.08130513597279787,0.22490232710307637,tvm
32,1,150,1,80,16,1,[32; 1; 150; 1; 80; 16; 1],0.06953522097319365,0.2629705353602539,tvm
16,8,10,1,80,16,0,[16; 8; 10; 1; 80; 16; 0],0.07821759954094887,0.2337800494138312,tvm
16,1,5,1,128,128,0,[16; 1; 5; 1; 128; 128; 0],0.073463901062496,0.24890747729498552,tvm
32,32,10,1,80,16,1,[32; 32; 10; 1; 80; 16; 1],0.0691810540156439,0.2643167923052942,tvm
32,4,1,1,128,128,0,[32; 4; 1; 1; 128; 128; 0],0.07386242551729083,0.247564497884431,tvm
16,4,50,1,32,16,0,[16; 4; 50; 1; 32; 16; 0],0.07219932100269943,0.25326712262336387,tvm
4,1,1500,1,128,64,1,[4; 1; 1500; 1; 128; 64; 1],0.08540180849377066,0.2141139000241204,tvm
5,5,50,1,64,16,1,[5; 5; 50; 1; 64; 16; 1],0.08192081446759403,0.2232120664882756,tvm
4,2,15,1,256,64,1,[4; 2; 15; 1; 256; 64; 1],0.10349715710617602,0.17667842090537111,tvm
4,4,250,1,256,128,1,[4; 4; 250; 1; 256; 128; 1],0.10396555881015956,0.17588242197691528,tvm
4,4,5,1,16,16,1,[4; 4; 5; 1; 16; 16; 1],0.08850975299719721,0.20659547300164005,tvm
10,2,500,1,32,16,1,[10; 2; 500; 1; 32; 16; 1],0.07158201409038156,0.2554512403440647,tvm
8,1,25,1,64,64,0,[8; 1; 25; 1; 64; 64; 0],0.06971398345194757,0.26229621921286794,tvm
20,10,1,1,256,64,1,[20; 10; 1; 1; 256; 64; 1],0.06269451859407127,0.2916636844140866,tvm
20,20,1,1,256,16,1,[20; 20; 1; 1; 256; 16; 1],0.08662642107810825,0.2110870339342156,tvm
16,1,6,1,16,16,1,[16; 1; 6; 1; 16; 16; 1],0.06549923692364246,0.2791744628571988,tvm
20,10,3,1,16,16,1,[20; 10; 3; 1; 16; 16; 1],0.06591305451001972,0.2774217402249899,tvm
10,2,12,1,256,16,1,[10; 2; 12; 1; 256; 16; 1],0.09989295853301883,0.18305308556528627,tvm
32,4,750,1,128,64,1,[32; 4; 750; 1; 128; 64; 1],0.07180905609857291,0.25464356836292806,tvm
16,1,750,1,80,16,1,[16; 1; 750; 1; 80; 16; 1],0.06518324953503907,0.2805278106898438,tvm
5,1,50,1,80,16,1,[5; 1; 50; 1; 80; 16; 1],0.06721513252705336,0.2720475821178287,tvm
5,5,2,1,16,16,1,[5; 5; 2; 1; 16; 16; 1],0.08628035092260689,0.21193370321495905,tvm
8,8,1,1,256,64,1,[8; 8; 1; 1; 256; 64; 1],0.07087502058129758,0.25799942117462327,tvm
8,1,6,1,256,128,1,[8; 1; 6; 1; 256; 128; 1],0.07315957848913968,0.24994286002384156,tvm
10,1,5,1,256,64,1,[10; 1; 5; 1; 256; 64; 1],0.06596276548225433,0.2772126691782444,tvm
10,1,250,1,256,128,1,[10; 1; 250; 1; 256; 128; 1],0.07217066152952611,0.25336769676461013,tvm
32,8,5,1,64,64,0,[32; 8; 5; 1; 64; 64; 0],0.06407482246868312,0.2853806468937392,tvm
16,8,100,1,16,16,1,[16; 8; 100; 1; 16; 16; 1],0.06530843046493828,0.2799901047312907,tvm
20,4,125,1,16,16,1,[20; 4; 125; 1; 16; 16; 1],0.06632889294996858,0.2756824887686136,tvm
16,16,3,1,64,64,0,[16; 16; 3; 1; 64; 64; 0],0.06443836796097457,0.28377059916831776,tvm
10,10,6,1,256,64,1,[10; 10; 6; 1; 256; 64; 1],0.064308833447285,0.28434218606536205,tvm
8,1,250,1,128,128,1,[8; 1; 250; 1; 128; 128; 1],0.06628566549625248,0.27586227201336744,tvm
16,1,250,1,32,16,1,[16; 1; 250; 1; 32; 16; 1],0.06070019700564444,0.3012463746042524,tvm
16,8,6,1,64,64,0,[16; 8; 6; 1; 64; 64; 0],0.06311237695626915,0.28973261929881905,tvm
20,2,150,1,128,64,1,[20; 2; 150; 1; 128; 64; 1],0.061980685917660594,0.2950227803223457,tvm
20,20,30,1,128,64,1,[20; 20; 30; 1; 128; 64; 1],0.06040731444954872,0.30270695614164805,tvm
10,1,75,1,256,64,1,[10; 1; 75; 1; 256; 64; 1],0.06546104548033327,0.27933733950533896,tvm
32,2,1,1,256,128,1,[32; 2; 1; 1; 256; 128; 1],0.059656523051671684,0.3065165945034386,tvm
16,4,12,1,32,16,1,[16; 4; 12; 1; 32; 16; 1],0.056968715973198414,0.3209781714988453,tvm
16,16,30,1,256,64,1,[16; 16; 30; 1; 256; 64; 1],0.060837020981125534,0.300568864004491,tvm
20,4,15,1,32,16,1,[20; 4; 15; 1; 32; 16; 1],0.06005685741547495,0.30447337860543094,tvm
32,2,15,1,256,128,1,[32; 2; 15; 1; 256; 128; 1],0.059044741094112396,0.3096925136240056,tvm
8,2,2,1,64,16,1,[8; 2; 2; 1; 64; 16; 1],0.05674583651125431,0.32223887090091113,tvm
32,16,6,1,128,128,1,[32; 16; 6; 1; 128; 128; 1],0.05715049791615456,0.3199572173901484,tvm
4,1,6,1,160,16,1,[4; 1; 6; 1; 160; 16; 1],0.04827744571957737,0.37876308518739843,tvm
4,1,2,1,80,16,1,[4; 1; 2; 1; 80; 16; 1],0.046555655484553427,0.39277106283642066,tvm
8,1,125,1,64,64,1,[8; 1; 125; 1; 64; 64; 1],0.05363878607749939,0.34090470017897834,tvm
16,1,6,1,64,64,1,[16; 1; 6; 1; 64; 64; 1],0.05024383997078985,0.36393942613353225,tvm
16,4,1,1,256,16,1,[16; 4; 1; 1; 256; 16; 1],0.08166864851955324,0.22390127199590296,tvm
16,8,2,1,32,16,0,[16; 8; 2; 1; 32; 16; 0],0.07103170396294445,0.25743032006177846,tvm
20,10,1500,1,32,16,0,[20; 10; 1500; 1; 32; 16; 0],0.07632647210266441,0.23957237616221447,tvm
16,4,20,1,128,128,0,[16; 4; 20; 1; 128; 128; 0],0.07987729797605425,0.22892254431535738,tvm
4,1,100,1,128,128,1,[4; 1; 100; 1; 128; 128; 1],0.07667150849010795,0.23849425485183304,tvm
16,4,100,1,128,128,0,[16; 4; 100; 1; 128; 128; 0],0.07949843897949904,0.2300135011510073,tvm
10,2,25,1,80,16,0,[10; 2; 25; 1; 80; 16; 0],0.0744555095443502,0.24559249406280953,tvm
10,5,150,1,32,16,0,[10; 5; 150; 1; 32; 16; 0],0.07443659345153719,0.24565490490398936,tvm
20,20,15,1,128,128,0,[20; 20; 15; 1; 128; 128; 0],0.07641949050594121,0.23928076678674884,tvm
32,1,15,1,80,16,1,[32; 1; 15; 1; 80; 16; 1],0.06782273796852678,0.26961038190761033,tvm
16,8,30,1,32,16,0,[16; 8; 30; 1; 32; 16; 0],0.07229254499543458,0.2529405250135967,tvm
16,4,1500,1,160,16,1,[16; 4; 1500; 1; 160; 16; 1],0.06605801009573042,0.2768129748264421,tvm
20,1,500,1,160,16,1,[20; 1; 500; 1; 160; 16; 1],0.06722746847663075,0.271997662563639,tvm
32,4,15,1,160,16,1,[32; 4; 15; 1; 160; 16; 1],0.06700285198166966,0.27290949183352387,tvm
8,8,500,1,64,64,0,[8; 8; 500; 1; 64; 64; 0],0.07079007802531123,0.2583090002976995,tvm
20,5,375,1,32,16,1,[20; 5; 375; 1; 32; 16; 1],0.06603286799509078,0.2769183717277544,tvm
20,2,3,1,256,64,1,[20; 2; 3; 1; 256; 64; 1],0.07804262358695269,0.23430419744078576,tvm
4,1,125,1,80,16,1,[4; 1; 125; 1; 80; 16; 1],0.07178144750650972,0.2547415094137798,tvm
16,4,1500,1,80,16,1,[16; 4; 1500; 1; 80; 16; 1],0.0651624120073393,0.28061751740642676,tvm
8,2,6,1,16,16,1,[8; 2; 6; 1; 16; 16; 1],0.07271693460643291,0.2514643168703737,tvm
16,2,300,1,256,64,1,[16; 2; 300; 1; 256; 64; 1],0.0723357325186953,0.2527895087118709,tvm
10,10,150,1,16,16,1,[10; 10; 150; 1; 16; 16; 1],0.07218067743815482,0.2533325390494109,tvm
16,1,4,1,256,64,1,[16; 1; 4; 1; 256; 64; 1],0.07152544998098165,0.25565325755484786,tvm
32,16,5,1,64,64,0,[32; 16; 5; 1; 64; 64; 0],0.07792754145339131,0.23465021409216438,tvm
32,2,25,1,64,64,0,[32; 2; 25; 1; 64; 64; 0],0.06481096742209047,0.28213919669839244,tvm
20,20,1500,1,64,64,0,[20; 20; 1500; 1; 64; 64; 0],0.059952768962830305,0.30500199743987,tvm
10,1,250,1,128,128,1,[10; 1; 250; 1; 128; 128; 1],0.06290260446257889,0.290698842153548,tvm
20,1,5,1,80,16,1,[20; 1; 5; 1; 80; 16; 1],0.06583555298857391,0.2777483207118783,tvm
32,8,50,1,64,64,1,[32; 8; 50; 1; 64; 64; 1],0.05373151402454823,0.3403163789012184,tvm
16,2,1,1,80,16,1,[16; 2; 1; 1; 80; 16; 1],0.04966234730090946,0.36820076535889845,tvm
8,2,15,1,128,64,1,[8; 2; 15; 1; 128; 64; 1],0.05993017251603305,0.30511699729918734,tvm
32,16,50,1,128,64,1,[32; 16; 50; 1; 128; 64; 1],0.07447709143161774,0.24552132654782297,tvm
32,32,12,1,128,128,1,[32; 32; 12; 1; 128; 128; 1],0.05414082296192646,0.3377435599487171,tvm
20,2,4,1,64,64,0,[20; 2; 4; 1; 64; 64; 0],0.06035173300188035,0.3029857367168656,tvm
16,1,30,1,64,16,1,[16; 1; 30; 1; 64; 16; 1],0.06270686897914857,0.29160624000848606,tvm
8,8,6,1,80,16,1,[8; 8; 6; 1; 80; 16; 1],0.04468413727590814,0.40922160302226973,tvm
4,4,2,1,160,16,1,[4; 4; 2; 1; 160; 16; 1],0.04807426722254604,0.3803638691166277,tvm
32,4,30,1,256,128,1,[32; 4; 30; 1; 256; 128; 1],0.06088644405826926,0.3003248846034526,tvm
20,20,50,1,32,16,1,[20; 20; 50; 1; 32; 16; 1],0.05771978502161801,0.3168014967288196,tvm
8,4,100,1,256,128,1,[8; 4; 100; 1; 256; 128; 1],0.06537818745709956,0.2796913618584665,tvm
10,2,2,1,160,16,1,[10; 2; 2; 1; 160; 16; 1],0.04091272223740816,0.4469444536006679,tvm
10,5,25,1,80,16,1,[10; 5; 25; 1; 80; 16; 1],0.06663596152793616,0.27441210221073,tvm
10,2,6,1,80,16,1,[10; 2; 6; 1; 80; 16; 1],0.05959265201818198,0.30684511708146894,tvm
8,8,30,1,256,128,1,[8; 8; 30; 1; 256; 128; 1],0.0680502220056951,0.26870910552185945,tvm
10,1,20,1,32,16,1,[10; 1; 20; 1; 32; 16; 1],0.060993870021775365,0.29979593488962286,tvm
10,5,15,1,64,16,1,[10; 5; 15; 1; 64; 16; 1],0.07348442857619375,0.24883794621542699,tvm
20,20,150,1,32,16,1,[20; 20; 150; 1; 32; 16; 1],0.06021327502094209,0.30368244011564793,tvm
8,2,75,1,64,16,1,[8; 2; 75; 1; 64; 16; 1],0.06934167048893869,0.2637045539396286,tvm
20,4,1,1,256,128,1,[20; 4; 1; 1; 256; 128; 1],0.05356899497564882,0.34134883982845926,tvm
16,16,20,1,160,16,1,[16; 16; 20; 1; 160; 16; 1],0.052850152482278645,0.3459917034647294,tvm
20,2,15,1,80,16,1,[20; 2; 15; 1; 80; 16; 1],0.05691422545351088,0.3212854807389159,tvm
20,5,100,1,160,16,1,[20; 5; 100; 1; 160; 16; 1],0.05328233656473458,0.3431852930003986,tvm
20,10,375,1,64,64,0,[20; 10; 375; 1; 64; 64; 0],0.060909460531547666,0.3002113978048339,tvm
32,32,60,1,64,64,1,[32; 32; 60; 1; 64; 64; 1],0.056901468080468476,0.3213575133044922,tvm
16,1,1,1,80,16,1,[16; 1; 1; 1; 80; 16; 1],0.07360710250213742,0.24842323178233108,tvm
8,2,4,1,128,128,1,[8; 2; 4; 1; 128; 128; 1],0.06514883856289089,0.2806759827047772,tvm
16,8,100,1,80,16,1,[16; 8; 100; 1; 80; 16; 1],0.051590330549515784,0.3544407273794045,tvm
16,16,10,1,64,64,1,[16; 16; 10; 1; 64; 64; 1],0.04964735551038757,0.36831194930188016,tvm
16,1,150,1,64,64,0,[16; 1; 150; 1; 64; 64; 0],0.0627251525875181,0.2915212403859983,tvm
10,5,5,1,64,64,0,[10; 5; 5; 1; 64; 64; 0],0.06740820745471865,0.27126836591816633,tvm
20,4,100,1,64,64,0,[20; 4; 100; 1; 64; 64; 0],0.06109859456773847,0.2992820770278337,tvm
20,4,150,1,128,64,1,[20; 4; 150; 1; 128; 64; 1],0.062208265415392816,0.2939434842558666,tvm
20,1,750,1,64,64,0,[20; 1; 750; 1; 64; 64; 0],0.06976045051123947,0.2621215051179777,tvm
5,1,300,1,64,64,1,[5; 1; 300; 1; 64; 64; 1],0.059213313506916165,0.3088108603072601,tvm
32,1,2,1,16,16,1,[32; 1; 2; 1; 16; 16; 1],0.10252763307653368,0.17834913122459944,tvm
20,1,3,1,128,16,1,[20; 1; 3; 1; 128; 16; 1],0.13043534103780985,0.14018987599697944,tvm
10,2,125,1,64,16,0,[10; 2; 125; 1; 64; 16; 0],0.08442850096616894,0.21658224505302415,tvm
5,5,750,1,16,16,1,[5; 5; 750; 1; 16; 16; 1],0.08634574594907463,0.21177319258436791,tvm
16,2,1500,1,256,128,0,[16; 2; 1500; 1; 256; 128; 0],0.07809509395156056,0.23414677363799866,tvm
10,1,60,1,16,16,0,[10; 1; 60; 1; 16; 16; 0],0.08156972995493561,0.2241727941948134,tvm
16,1,250,1,80,16,0,[16; 1; 250; 1; 80; 16; 0],0.07384135900065303,0.24763512661721968,tvm
32,8,20,1,256,128,0,[32; 8; 20; 1; 256; 128; 0],0.07233824499417096,0.25278072874435586,tvm
20,4,300,1,80,16,0,[20; 4; 300; 1; 80; 16; 0],0.07854199106805027,0.232814498805756,tvm
32,2,15,1,256,16,1,[32; 2; 15; 1; 256; 16; 1],0.10925658815540373,0.1673648664527686,tvm
8,4,20,1,256,16,1,[8; 4; 20; 1; 256; 16; 1],0.1066004759632051,0.17153501539735996,tvm
20,20,300,1,32,16,0,[20; 20; 300; 1; 32; 16; 0],0.07732658297754824,0.236473843555502,tvm
10,2,250,1,16,16,0,[10; 2; 250; 1; 16; 16; 0],0.07886475999839604,0.23186166148335688,tvm
16,1,20,1,128,128,0,[16; 1; 20; 1; 128; 128; 0],0.07913526939228177,0.23106908494959558,tvm
16,16,6,1,128,128,0,[16; 16; 6; 1; 128; 128; 0],0.08153692597988993,0.22426298350055815,tvm
20,5,12,1,32,16,0,[20; 5; 12; 1; 32; 16; 0],0.07703063497319818,0.23738236471861576,tvm
16,4,10,1,16,16,0,[16; 4; 10; 1; 16; 16; 0],0.07523392850998789,0.24305143500896295,tvm
4,4,6,1,128,128,1,[4; 4; 6; 1; 128; 128; 1],0.074785569566302,0.24450859158735,tvm
16,8,50,1,16,16,0,[16; 8; 50; 1; 16; 16; 0],0.07437508250586689,0.24585807060142575,tvm
5,5,1500,1,256,64,1,[5; 5; 1500; 1; 256; 64; 1],0.10181511007249355,0.17959725499186363,tvm
8,2,750,1,32,16,1,[8; 2; 750; 1; 32; 16; 1],0.07332428998779505,0.24938140265330866,tvm
32,2,5,1,128,128,0,[32; 2; 5; 1; 128; 128; 0],0.07021734840236604,0.2604159043564529,tvm
20,20,1500,1,64,16,1,[20; 20; 1500; 1; 64; 16; 1],0.07890015898738056,0.23175763547750186,tvm
20,5,3,1,256,64,1,[20; 5; 3; 1; 256; 64; 1],0.08007724501658231,0.22835094141822312,tvm
8,1,6,1,16,16,1,[8; 1; 6; 1; 16; 16; 1],0.07274330547079444,0.2513731561601333,tvm
20,10,500,1,32,16,1,[20; 10; 500; 1; 32; 16; 1],0.06621031451504678,0.2761762184585111,tvm
20,20,500,1,16,16,1,[20; 20; 500; 1; 16; 16; 1],0.06615802552551031,0.27639449848247627,tvm
16,8,750,1,16,16,1,[16; 8; 750; 1; 16; 16; 1],0.06538149097468704,0.27967722994866767,tvm
32,1,10,1,160,16,1,[32; 1; 10; 1; 160; 16; 1],0.06861068843863904,0.2665140767690714,tvm
32,32,10,1,160,16,1,[32; 32; 10; 1; 160; 16; 1],0.06832199601922184,0.26764022351703176,tvm
20,2,300,1,128,64,1,[20; 2; 300; 1; 128; 64; 1],0.06631334905978292,0.27574710891511933,tvm
32,8,3,1,128,64,1,[32; 8; 3; 1; 128; 64; 1],0.06625750253442675,0.275979528147974,tvm
16,2,4,1,64,16,1,[16; 2; 4; 1; 64; 16; 1],0.08824359148275107,0.20721860906226358,tvm
4,4,50,1,160,16,1,[4; 4; 50; 1; 160; 16; 1],0.07676002150401473,0.2382192439166774,tvm
4,1,2,1,64,64,1,[4; 1; 2; 1; 64; 64; 1],0.061997856479138136,0.2949410725492954,tvm
20,20,3,1,128,64,1,[20; 20; 3; 1; 128; 64; 1],0.08011336100753397,0.22824799828326606,tvm
10,2,2,1,256,128,1,[10; 2; 2; 1; 256; 128; 1],0.08564177353400737,0.21351396089962146,tvm
20,10,1,1,32,16,1,[20; 10; 1; 1; 32; 16; 1],0.07227228849660605,0.2530114192602742,tvm
10,10,300,1,80,16,1,[10; 10; 300; 1; 80; 16; 1],0.06639344547875226,0.27541445023464284,tvm
8,2,50,1,64,16,1,[8; 2; 50; 1; 64; 16; 1],0.06932863953988999,0.2637541196116093,tvm
10,10,250,1,64,16,1,[10; 10; 250; 1; 64; 16; 1],0.07092259440105408,0.2578263590064398,tvm
8,4,150,1,64,16,1,[8; 4; 150; 1; 64; 16; 1],0.07241026149131358,0.2525293226279519,tvm
10,2,15,1,64,16,1,[10; 2; 15; 1; 64; 16; 1],0.07420203043147922,0.2464314544950352,tvm
10,1,12,1,256,64,1,[10; 1; 12; 1; 256; 64; 1],0.06619042449165136,0.27625920858115477,tvm
16,1,250,1,160,16,1,[16; 1; 250; 1; 160; 16; 1],0.055047422531060874,0.3321811166616648,tvm
20,20,30,1,32,16,1,[20; 20; 30; 1; 32; 16; 1],0.05798467656131834,0.3153542516767734,tvm
16,2,5,1,80,16,1,[16; 2; 5; 1; 80; 16; 1],0.058200991014018655,0.31418218087231325,tvm
20,2,12,1,128,64,1,[20; 2; 12; 1; 128; 64; 1],0.06305378442630172,0.2900018524199277,tvm
32,2,300,1,128,128,1,[32; 2; 300; 1; 128; 128; 1],0.05845483299344778,0.3128178347163174,tvm
16,2,100,1,128,64,1,[16; 2; 100; 1; 128; 64; 1],0.056734465062618256,0.3223034581454537,tvm
16,16,300,1,256,128,1,[16; 16; 300; 1; 256; 128; 1],0.05850601859856397,0.3125441573999553,tvm
20,10,750,1,128,128,1,[20; 10; 750; 1; 128; 128; 1],0.06279084098059684,0.291216266578828,tvm
32,32,5,1,256,128,1,[32; 32; 5; 1; 256; 128; 1],0.0785447919042781,0.23280619685133214,tvm
16,16,60,1,128,64,1,[16; 16; 60; 1; 128; 64; 1],0.05632316006813198,0.3246571084362943,tvm
16,1,75,1,256,128,1,[16; 1; 75; 1; 256; 128; 1],0.061341730994172394,0.2980958311634778,tvm
16,8,20,1,256,128,1,[16; 8; 20; 1; 256; 128; 1],0.055662939441390336,0.32850788099266703,tvm
16,8,75,1,256,128,1,[16; 8; 75; 1; 256; 128; 1],0.055635104537941515,0.3286722373864502,tvm
16,8,75,1,80,16,1,[16; 8; 75; 1; 80; 16; 1],0.05101437051780522,0.3584424173053775,tvm
8,1,3,1,160,16,1,[8; 1; 3; 1; 160; 16; 1],0.04422231751959771,0.41349516061908625,tvm
32,1,10,1,64,64,1,[32; 1; 10; 1; 64; 64; 1],0.05272285349201411,0.34682709820484225,tvm
8,4,500,1,64,64,1,[8; 4; 500; 1; 64; 64; 1],0.05394144693855196,0.33899191296341524,tvm
20,1,1,1,64,64,1,[20; 1; 1; 1; 64; 64; 1],0.05814358196221292,0.3144923939773445,tvm
10,2,250,1,64,64,1,[10; 2; 250; 1; 64; 64; 1],0.052548402920365334,0.3479784973375012,tvm
20,1,30,1,64,64,1,[20; 1; 30; 1; 64; 64; 1],0.0582884915638715,0.3137105420832022,tvm
4,2,300,1,32,16,1,[4; 2; 300; 1; 32; 16; 1],0.08803274959791452,0.20771490575079654,tvm
1,1,60,1,80,16,1,[1; 1; 60; 1; 80; 16; 1],0.20626658503897488,0.08865088003594537,tvm
2,2,50,1,160,16,1,[2; 2; 50; 1; 160; 16; 1],0.11873208684846759,0.15400819417123124,tvm
2,1,75,1,80,16,1,[2; 1; 75; 1; 80; 16; 1],0.10655588516965508,0.17160679822236305,tvm
2,2,75,1,160,16,1,[2; 2; 75; 1; 160; 16; 1],0.12037540297023952,0.15190573684089825,tvm
8,8,25,1,64,16,0,[8; 8; 25; 1; 64; 16; 0],0.08700585598126054,0.21016647764091528,tvm
32,32,3,1,80,16,1,[32; 32; 3; 1; 80; 16; 1],0.09392785094678402,0.1946782993691007,tvm
16,16,4,1,80,16,0,[16; 16; 4; 1; 80; 16; 0],0.08621247997507453,0.21210054844728968,tvm
20,1,150,1,80,16,0,[20; 1; 150; 1; 80; 16; 0],0.0774942539865151,0.23596219519573944,tvm
10,1,5,1,80,16,0,[10; 1; 5; 1; 80; 16; 0],0.08208544610533863,0.22276438946617394,tvm
32,8,20,1,256,128,0,[32; 8; 20; 1; 256; 128; 0],0.07342193752992898,0.24904973773350073,tvm
10,5,6,1,256,16,1,[10; 5; 6; 1; 256; 16; 1],0.09020240849349648,0.2027186922290736,tvm
20,2,2,1,32,16,0,[20; 2; 2; 1; 32; 16; 0],0.11248604906722903,0.16255984130783674,tvm
16,8,3,1,80,16,0,[16; 8; 3; 1; 80; 16; 0],0.09048086951952428,0.20209481167473234,tvm
5,5,12,1,64,64,0,[5; 5; 12; 1; 64; 64; 0],0.08239118801429868,0.22193774269331898,tvm
10,1,500,1,80,16,0,[10; 1; 500; 1; 80; 16; 0],0.07936176157090813,0.23040963209185283,tvm
5,5,1500,1,256,128,1,[5; 5; 1500; 1; 256; 128; 1],0.09705955546814948,0.188396847662411,tvm
4,4,125,1,128,128,1,[4; 4; 125; 1; 128; 128; 1],0.07618954905774444,0.24000292050364352,tvm
4,2,60,1,256,64,1,[4; 2; 60; 1; 256; 64; 1],0.10016386886127293,0.18255798716241703,tvm
32,1,100,1,32,16,1,[32; 1; 100; 1; 32; 16; 1],0.07551839540246874,0.24213589534393784,tvm
16,2,750,1,32,16,0,[16; 2; 750; 1; 32; 16; 0],0.07601196598261595,0.2405636277043046,tvm
20,10,60,1,16,16,0,[20; 10; 60; 1; 16; 16; 0],0.07685072848107666,0.2379380735501664,tvm
16,4,125,1,16,16,0,[16; 4; 125; 1; 16; 16; 0],0.07425711455289274,0.24624865099881466,tvm
32,2,75,1,80,16,1,[32; 2; 75; 1; 80; 16; 1],0.06597483810037374,0.27716194252564147,tvm
32,32,12,1,128,128,0,[32; 32; 12; 1; 128; 128; 0],0.07250392949208617,0.2522030793890996,tvm
4,2,3,1,128,16,1,[4; 2; 3; 1; 128; 16; 1],0.06891573499888182,0.26533438678425153,tvm
4,1,5,1,16,16,1,[4; 1; 5; 1; 16; 16; 1],0.08835660642944276,0.20695356040316418,tvm
4,4,4,1,128,16,1,[4; 4; 4; 1; 128; 16; 1],0.06641384004615247,0.2753298751134874,tvm
32,1,15,1,128,128,0,[32; 1; 15; 1; 128; 128; 0],0.07330237946007401,0.24945594427359705,tvm
5,5,60,1,128,64,1,[5; 5; 60; 1; 128; 64; 1],0.06744838098529726,0.2711067933520939,tvm
32,2,150,1,128,128,0,[32; 2; 150; 1; 128; 128; 0],0.07333761255722493,0.24933609982798455,tvm
4,1,10,1,32,16,1,[4; 1; 10; 1; 32; 16; 1],0.06670960143674165,0.2741091820651032,tvm
16,8,1500,1,16,16,1,[16; 8; 1500; 1; 16; 16; 1],0.0653340375283733,0.2798803652349383,tvm
10,10,500,1,256,64,1,[10; 10; 500; 1; 256; 64; 1],0.078948900452815,0.2316145529682585,tvm
16,16,1500,1,256,64,1,[16; 16; 1500; 1; 256; 64; 1],0.07537864043843001,0.2425848248171872,tvm
20,20,4,1,64,16,1,[20; 20; 4; 1; 64; 16; 1],0.08233906293753535,0.22207824127882445,tvm
8,8,1500,1,80,16,1,[8; 8; 1500; 1; 80; 16; 1],0.07317209744360298,0.24990009750380476,tvm
10,2,20,1,16,16,1,[10; 2; 20; 1; 16; 16; 1],0.0719224214553833,0.25424219479397997,tvm
8,4,25,1,16,16,1,[8; 4; 25; 1; 16; 16; 1],0.07328336453065276,0.24952067093024624,tvm
10,5,375,1,128,64,1,[10; 5; 375; 1; 128; 64; 1],0.07040174852591008,0.25973380872755686,tvm
8,8,25,1,64,16,1,[8; 8; 25; 1; 64; 16; 1],0.06961323297582567,0.2626758376825323,tvm
32,32,25,1,256,64,1,[32; 32; 25; 1; 256; 64; 1],0.06104923191014677,0.29952406792975694,tvm
32,1,100,1,64,64,0,[32; 1; 100; 1; 64; 64; 0],0.06412170140538365,0.2851720070574893,tvm
10,1,5,1,32,16,1,[10; 1; 5; 1; 32; 16; 1],0.0725521125132218,0.2520355872805485,tvm
20,4,25,1,16,16,1,[20; 4; 25; 1; 16; 16; 1],0.06633952248375863,0.2756383163624826,tvm
32,8,250,1,64,64,0,[32; 8; 250; 1; 64; 64; 0],0.06301931606139988,0.29016046870293655,tvm
32,8,15,1,256,64,1,[32; 8; 15; 1; 256; 64; 1],0.06801981444004923,0.2688292291921908,tvm
16,1,25,1,64,16,1,[16; 1; 25; 1; 64; 16; 1],0.06275958847254515,0.2913612840803373,tvm
10,1,6,1,32,16,1,[10; 1; 6; 1; 32; 16; 1],0.06938028789591044,0.26355777469744573,tvm
16,8,60,1,16,16,1,[16; 8; 60; 1; 16; 16; 1],0.06524934503249824,0.2802436449991469,tvm
16,8,10,1,64,64,0,[16; 8; 10; 1; 64; 64; 0],0.061009112978354096,0.2997210317121316,tvm
20,2,30,1,64,64,0,[20; 2; 30; 1; 64; 64; 0],0.05936059355735779,0.30804466717546425,tvm
10,10,300,1,80,16,1,[10; 10; 300; 1; 80; 16; 1],0.06652259058319032,0.274879768292351,tvm
8,8,125,1,128,128,1,[8; 8; 125; 1; 128; 128; 1],0.06624860852025449,0.2760165789765035,tvm
20,4,10,1,64,64,0,[20; 4; 10; 1; 64; 64; 0],0.06045339547563344,0.30247621563431604,tvm
20,20,50,1,128,64,1,[20; 20; 50; 1; 128; 64; 1],0.06022188893985003,0.30363900248924713,tvm
10,10,150,1,128,64,1,[10; 10; 150; 1; 128; 64; 1],0.06254416343290359,0.29236483921207,tvm
8,4,30,1,160,16,1,[8; 4; 30; 1; 160; 16; 1],0.0667737415060401,0.2738458842247178,tvm
32,8,30,1,256,128,1,[32; 8; 30; 1; 256; 128; 1],0.057713469956070185,0.31683616146512833,tvm
4,4,12,1,160,16,1,[4; 4; 12; 1; 160; 16; 1],0.047821059240959585,0.382377859795549,tvm
8,4,150,1,64,64,1,[8; 4; 150; 1; 64; 64; 1],0.054534233058802783,0.335307077042732,tvm
10,10,500,1,64,64,1,[10; 10; 500; 1; 64; 64; 1],0.05255941045470536,0.34790562008819614,tvm
16,2,10,1,64,64,1,[16; 2; 10; 1; 64; 64; 1],0.05048093292862177,0.36223011788569026,tvm
16,2,50,1,64,64,1,[16; 2; 50; 1; 64; 64; 1],0.0497657215455547,0.3674359321601688,tvm
16,1,100,1,256,128,0,[16; 1; 100; 1; 256; 128; 0],0.07592268055304885,0.24084653166240166,tvm
8,1,30,1,16,16,0,[8; 1; 30; 1; 16; 16; 0],0.08142907952424139,0.22456000230569523,tvm
16,8,5,1,80,16,0,[16; 8; 5; 1; 80; 16; 0],0.0873686030972749,0.2092938840438509,tvm
32,8,125,1,16,16,1,[32; 8; 125; 1; 16; 16; 1],0.08175600052345544,0.22366204521548477,tvm
4,1,150,1,256,64,1,[4; 1; 150; 1; 256; 64; 1],0.10182746103964746,0.17957547108627775,tvm
1,1,1,1,160,16,1,[1; 1; 1; 1; 160; 16; 1],0.1601491649635136,0.11417926712187526,tvm
32,1,500,1,16,16,1,[32; 1; 500; 1; 16; 16; 1],0.08183728996664286,0.2234398804404154,tvm
10,5,3,1,32,16,0,[10; 5; 3; 1; 32; 16; 0],0.06620752054732293,0.2761878731381319,tvm
32,32,375,1,32,16,1,[32; 32; 375; 1; 32; 16; 1],0.08085351053159684,0.22615856955980151,tvm
32,1,1500,1,256,128,0,[32; 1; 1500; 1; 256; 128; 0],0.07369964348617941,0.24811129906134935,tvm
32,32,500,1,80,16,1,[32; 32; 500; 1; 80; 16; 1],0.08060729794669896,0.22684936415813856,tvm
32,4,6,1,256,128,0,[32; 4; 6; 1; 256; 128; 0],0.07616470556240529,0.24008120494514287,tvm
16,2,12,1,128,128,0,[16; 2; 12; 1; 128; 128; 0],0.08050583908334374,0.22713525495689801,tvm
4,2,4,1,16,16,1,[4; 2; 4; 1; 16; 16; 1],0.08865804853849113,0.20624990722388273,tvm
8,8,1,1,256,16,1,[8; 8; 1; 1; 256; 16; 1],0.07532209996134043,0.2427669209315666,tvm
32,16,250,1,80,16,1,[32; 16; 250; 1; 80; 16; 1],0.07240069005638361,0.2525627072266009,tvm
4,4,12,1,128,16,1,[4; 4; 12; 1; 128; 16; 1],0.1094713918864727,0.16703646469278005,tvm
20,4,15,1,128,128,0,[20; 4; 15; 1; 128; 128; 0],0.07205087796319276,0.253788916979687,tvm
20,2,750,1,128,128,0,[20; 2; 750; 1; 128; 128; 0],0.07216803496703506,0.2533769181060125,tvm
32,32,50,1,80,16,1,[32; 32; 50; 1; 80; 16; 1],0.0664792894385755,0.27505881064823406,tvm
20,2,4,1,128,128,0,[20; 2; 4; 1; 128; 128; 0],0.06809818290639669,0.2685198562617836,tvm
5,5,60,1,128,64,1,[5; 5; 60; 1; 128; 64; 1],0.0676056535448879,0.27047611149226125,tvm
32,2,10,1,128,128,0,[32; 2; 10; 1; 128; 128; 0],0.07504639751277864,0.24365878831959467,tvm
8,4,10,1,64,64,0,[8; 4; 10; 1; 64; 64; 0],0.07135533250402659,0.25626275772287127,tvm
32,2,2,1,256,64,1,[32; 2; 2; 1; 256; 64; 1],0.06573937798384577,0.2781546593003612,tvm
32,2,1,1,256,64,1,[32; 2; 1; 1; 256; 64; 1],0.06250161048956215,0.29256388983397513,tvm
32,1,60,1,160,16,1,[32; 1; 60; 1; 160; 16; 1],0.06552290997933596,0.2790735987073998,tvm
32,4,25,1,160,16,1,[32; 4; 25; 1; 160; 16; 1],0.06618350802455097,0.2762880788810884,tvm
4,1,250,1,160,16,1,[4; 1; 250; 1; 160; 16; 1],0.07615455251652747,0.2401132129526442,tvm
4,1,75,1,160,16,1,[4; 1; 75; 1; 160; 16; 1],0.07560007995925844,0.24187427176755133,tvm
8,1,25,1,16,16,1,[8; 1; 25; 1; 16; 16; 1],0.07350322650745511,0.248774307667428,tvm
8,4,250,1,128,64,1,[8; 4; 250; 1; 128; 64; 1],0.06647508800961077,0.27507619520670046,tvm
10,1,4,1,32,16,1,[10; 1; 4; 1; 32; 16; 1],0.062473561498336494,0.2926952433502801,tvm
16,2,2,1,128,64,1,[16; 2; 2; 1; 128; 64; 1],0.08511614450253546,0.2148325020192801,tvm
20,1,15,1,64,64,0,[20; 1; 15; 1; 64; 64; 0],0.07188415294513106,0.2543775440975386,tvm
8,4,75,1,64,16,1,[8; 4; 75; 1; 64; 16; 1],0.06925690348725766,0.2640273151842345,tvm
16,16,25,1,64,64,0,[16; 16; 25; 1; 64; 64; 0],0.06234677403699607,0.29329046399198927,tvm
8,1,100,1,32,16,1,[8; 1; 100; 1; 32; 16; 1],0.06342619005590677,0.2882991122373331,tvm
20,5,6,1,32,16,1,[20; 5; 6; 1; 32; 16; 1],0.06318285840097815,0.28940941813153553,tvm
8,2,12,1,256,64,1,[8; 2; 12; 1; 256; 64; 1],0.0697488950099796,0.26216493154619847,tvm
20,5,50,1,16,16,1,[20; 5; 50; 1; 16; 16; 1],0.06740660057403147,0.27127483258307045,tvm
20,20,150,1,16,16,1,[20; 20; 150; 1; 16; 16; 1],0.06629006541334093,0.2758439620129606,tvm
10,10,125,1,256,64,1,[10; 10; 125; 1; 256; 64; 1],0.0654445585096255,0.2794077109256509,tvm
32,2,300,1,64,64,0,[32; 2; 300; 1; 64; 64; 0],0.06308911053929478,0.2898394687990586,tvm
8,8,30,1,128,128,1,[8; 8; 30; 1; 128; 128; 1],0.06574333203025162,0.27813793005350207,tvm
20,5,60,1,64,64,0,[20; 5; 60; 1; 64; 64; 0],0.05924735346343368,0.3086334362090937,tvm
16,1,25,1,256,64,1,[16; 1; 25; 1; 256; 64; 1],0.05864908057264984,0.31178177231718734,tvm
16,8,30,1,256,64,1,[16; 8; 30; 1; 256; 64; 1],0.06030787050258368,0.3032061011826126,tvm
10,1,150,1,160,16,1,[10; 1; 150; 1; 160; 16; 1],0.056335797999054193,0.32458427740779106,tvm
10,10,60,1,128,64,1,[10; 10; 60; 1; 128; 64; 1],0.059375979006290436,0.3079648469253375,tvm
20,4,50,1,80,16,1,[20; 4; 50; 1; 80; 16; 1],0.05348268197849393,0.34189972546752995,tvm
16,2,15,1,128,64,1,[16; 2; 15; 1; 128; 64; 1],0.05864330497570336,0.31181247873547174,tvm
20,4,1,1,128,128,1,[20; 4; 1; 1; 128; 128; 1],0.056677937507629395,0.32262490644182057,tvm
16,1,12,1,160,16,1,[16; 1; 12; 1; 160; 16; 1],0.054333423962816596,0.3365463273256665,tvm
16,2,500,1,128,128,1,[16; 2; 500; 1; 128; 128; 1],0.05488822958432138,0.3331445452731005,tvm
20,4,250,1,128,128,1,[20; 4; 250; 1; 128; 128; 1],0.05644250859040767,0.3239706161611307,tvm
16,2,250,1,128,128,1,[16; 2; 250; 1; 128; 128; 1],0.05488748906645924,0.33314903991278333,tvm
16,4,50,1,256,128,1,[16; 4; 50; 1; 256; 128; 1],0.055952983908355236,0.3268049889111232,tvm
20,5,20,1,128,128,1,[20; 5; 20; 1; 128; 128; 1],0.05650539498310536,0.32361006044080504,tvm
16,8,20,1,80,16,1,[16; 8; 20; 1; 80; 16; 1],0.05353585199918598,0.34156016207591733,tvm
16,2,1,1,160,16,1,[16; 2; 1; 1; 160; 16; 1],0.05541913502383977,0.3299530798856439,tvm
10,1,2,1,64,64,1,[10; 1; 2; 1; 64; 64; 1],0.053194316453300416,0.34375315832411185,tvm
20,2,2,1,64,64,1,[20; 2; 2; 1; 64; 64; 1],0.05438987154047936,0.3361970486013236,tvm
10,1,30,1,64,64,1,[10; 1; 30; 1; 64; 64; 1],0.05305375554598868,0.34466389980373113,tvm
16,16,375,1,80,16,0,[16; 16; 375; 1; 80; 16; 0],0.07636296399869025,0.23945789068674597,tvm
16,2,2,1,32,16,0,[16; 2; 2; 1; 32; 16; 0],0.0947098049800843,0.19307097390348793,tvm
8,2,1500,1,80,16,0,[8; 2; 1500; 1; 80; 16; 0],0.08138784288894385,0.22467377972734442,tvm
32,16,750,1,256,128,0,[32; 16; 750; 1; 256; 128; 0],0.07328975747805089,0.24949890564436056,tvm
20,2,750,1,16,16,0,[20; 2; 750; 1; 16; 16; 0],0.07757151243276894,0.23572718530610673,tvm
5,5,3,1,256,16,1,[5; 5; 3; 1; 256; 16; 1],0.08179699548054487,0.22354995043874787,tvm
32,32,300,1,32,16,1,[32; 32; 300; 1; 32; 16; 1],0.07919652096461505,0.23089037325117265,tvm
32,4,30,1,64,16,1,[32; 4; 30; 1; 64; 16; 1],0.08003938151523471,0.22845896531863857,tvm
16,2,12,1,16,16,0,[16; 2; 12; 1; 16; 16; 0],0.07535286294296384,0.24266781077123942,tvm
8,8,250,1,80,16,0,[8; 8; 250; 1; 80; 16; 0],0.07460098306182772,0.24511358343038822,tvm
32,2,30,1,256,128,0,[32; 2; 30; 1; 256; 128; 0],0.07176180905662477,0.2548112223771513,tvm
4,2,30,1,128,64,1,[4; 2; 30; 1; 128; 64; 1],0.0755899545038119,0.2419066714055525,tvm
32,2,3,1,256,128,0,[32; 2; 3; 1; 256; 128; 0],0.07293262553866953,0.2507206363497642,tvm
4,4,20,1,64,16,1,[4; 4; 20; 1; 64; 16; 1],0.08722687896806747,0.20963393969889063,tvm
5,5,4,1,16,16,1,[5; 5; 4; 1; 16; 16; 1],0.08590225246734917,0.21286652864736644,tvm
10,5,10,1,32,16,0,[10; 5; 10; 1; 32; 16; 0],0.07229968707542866,0.2529155384398442,tvm
20,10,3,1,128,128,0,[20; 10; 3; 1; 128; 128; 0],0.07654619449749589,0.2388846944744259,tvm
16,8,12,1,32,16,0,[16; 8; 12; 1; 32; 16; 0],0.0724272335646674,0.25247014673545,tvm
32,2,30,1,128,128,0,[32; 2; 30; 1; 128; 128; 0],0.07404074794612825,0.24696825454841298,tvm
5,5,125,1,128,64,1,[5; 5; 125; 1; 128; 64; 1],0.07051835197489709,0.2593043338877741,tvm
20,10,300,1,64,16,1,[20; 10; 300; 1; 64; 16; 1],0.07725913694594055,0.23668028156344914,tvm
16,16,3,1,256,64,1,[16; 16; 3; 1; 256; 64; 1],0.07440679892897606,0.24575327186388776,tvm
20,4,1500,1,160,16,1,[20; 4; 1500; 1; 160; 16; 1],0.06706434849184006,0.2726592399229699,tvm
8,1,1,1,128,64,1,[8; 1; 1; 1; 128; 64; 1],0.06631641346029937,0.2757343669778088,tvm
10,5,6,1,256,128,1,[10; 5; 6; 1; 256; 128; 1],0.06914149003569037,0.2644680390352497,tvm
4,2,2,1,128,16,1,[4; 2; 2; 1; 128; 16; 1],0.07415883743669838,0.24657498577054804,tvm
8,8,20,1,256,128,1,[8; 8; 20; 1; 256; 128; 1],0.06658760202117264,0.2746113950747173,tvm
8,8,75,1,256,128,1,[8; 8; 75; 1; 256; 128; 1],0.06735385546926409,0.271487269114961,tvm
8,4,50,1,64,16,1,[8; 4; 50; 1; 64; 16; 1],0.06909400201402605,0.26464980682407563,tvm
5,5,125,1,80,16,1,[5; 5; 125; 1; 80; 16; 1],0.06693787348922342,0.273174412818151,tvm
10,2,100,1,32,16,1,[10; 2; 100; 1; 32; 16; 1],0.06128182902466506,0.29838721488476705,tvm
10,5,50,1,32,16,1,[10; 5; 50; 1; 32; 16; 1],0.06079091248102486,0.30079683853112005,tvm
8,8,20,1,32,16,1,[8; 8; 20; 1; 32; 16; 1],0.06344122346490622,0.28823079516789896,tvm
10,1,375,1,64,64,0,[10; 1; 375; 1; 64; 64; 0],0.0632446464151144,0.28912667430684397,tvm
16,4,6,1,256,64,1,[16; 4; 6; 1; 256; 64; 1],0.06374140200205147,0.28687342467186044,tvm
16,16,500,1,80,16,1,[16; 16; 500; 1; 80; 16; 1],0.06643249106127769,0.2752525758645336,tvm
32,4,50,1,64,64,0,[32; 4; 50; 1; 64; 64; 0],0.06267516349907964,0.291753754834366,tvm
20,1,60,1,32,16,1,[20; 1; 60; 1; 32; 16; 1],0.05827742407564074,0.31377011897403845,tvm
20,1,25,1,32,16,1,[20; 1; 25; 1; 32; 16; 1],0.05862534453626722,0.3119080054941468,tvm
10,10,125,1,64,64,0,[10; 10; 125; 1; 64; 64; 0],0.06457819906063378,0.2831561510184801,tvm
10,2,4,1,128,128,1,[10; 2; 4; 1; 128; 128; 1],0.06365713698323816,0.28725316833726244,tvm
10,10,60,1,256,64,1,[10; 10; 60; 1; 256; 64; 1],0.0672623059945181,0.2718567853918743,tvm
10,2,20,1,128,128,1,[10; 2; 20; 1; 128; 128; 1],0.06271665694657713,0.29156073005119354,tvm
16,1,100,1,64,64,0,[16; 1; 100; 1; 64; 64; 0],0.06330907496158034,0.28883243510999224,tvm
16,8,5,1,64,64,0,[16; 8; 5; 1; 64; 64; 0],0.06338123651221395,0.2885035902098647,tvm
20,2,1,1,64,64,0,[20; 2; 1; 1; 64; 64; 0],0.057620973559096456,0.3173447645232918,tvm
8,2,25,1,160,16,1,[8; 2; 25; 1; 160; 16; 1],0.06830801593605429,0.2676949994102044,tvm
20,1,125,1,128,64,1,[20; 1; 125; 1; 128; 64; 1],0.06954378099180758,0.2629381667911957,tvm
20,4,50,1,128,64,1,[20; 4; 50; 1; 128; 64; 1],0.06010802497621626,0.30421419257993654,tvm
10,2,10,1,128,64,1,[10; 2; 10; 1; 128; 64; 1],0.05996701796539128,0.30492952469751805,tvm
20,4,100,1,64,64,0,[20; 4; 100; 1; 64; 64; 0],0.05883301352150738,0.3108070314812217,tvm
16,1,12,1,128,64,1,[16; 1; 12; 1; 128; 64; 1],0.060309100430458784,0.30319991767741883,tvm
16,1,25,1,128,64,1,[16; 1; 25; 1; 128; 64; 1],0.057601870968937874,0.317450006017599,tvm
20,10,50,1,160,16,1,[20; 10; 50; 1; 160; 16; 1],0.05342502042185515,0.3422687374066768,tvm
20,1,60,1,128,128,1,[20; 1; 60; 1; 128; 128; 1],0.05867231695447117,0.3116582953406071,tvm
20,5,15,1,128,128,1,[20; 5; 15; 1; 128; 128; 1],0.05661860655527562,0.3229629868736227,tvm
20,5,20,1,128,128,1,[20; 5; 20; 1; 128; 128; 1],0.05726869450882077,0.31929685917491696,tvm
16,16,1,1,128,128,1,[16; 16; 1; 1; 128; 128; 1],0.050525589496828616,0.36190996419471844,tvm
20,20,75,1,80,16,1,[20; 20; 75; 1; 80; 16; 1],0.05350442952476442,0.34176075603704514,tvm
20,5,10,1,160,16,1,[20; 5; 10; 1; 160; 16; 1],0.0560916184913367,0.32599726621435426,tvm
16,8,5,1,160,16,1,[16; 8; 5; 1; 160; 16; 1],0.05432271701283753,0.3366126602502782,tvm
20,5,6,1,160,16,1,[20; 5; 6; 1; 160; 16; 1],0.05578438355587423,0.3277927104347962,tvm
8,2,10,1,64,64,1,[8; 2; 10; 1; 64; 64; 1],0.055602257954888046,0.32886639784575106,tvm
16,16,5,1,64,64,1,[16; 16; 5; 1; 64; 64; 1],0.05154262704309076,0.3547687678089638,tvm
16,2,1,1,16,16,0,[16; 2; 1; 1; 16; 16; 0],0.07482465344946831,0.24438087505561606,tvm
32,2,30,1,16,16,1,[32; 2; 30; 1; 16; 16; 1],0.099974395474419,0.18290397455209573,tvm
32,16,150,1,16,16,1,[32; 16; 150; 1; 16; 16; 1],0.08022855455055833,0.2279202758687497,tvm
20,1,30,1,80,16,0,[20; 1; 30; 1; 80; 16; 0],0.07800469140056521,0.23441813508131887,tvm
32,8,375,1,64,16,1,[32; 8; 375; 1; 64; 16; 1],0.09264665807131678,0.1973704682541108,tvm
8,4,25,1,16,16,0,[8; 4; 25; 1; 16; 16; 0],0.0812739209504798,0.22498870574800706,tvm
4,1,300,1,128,128,1,[4; 1; 300; 1; 128; 128; 1],0.07773762452416122,0.23522347637508528,tvm
16,8,6,1,256,128,0,[16; 8; 6; 1; 256; 128; 0],0.11122640990652144,0.16440083161078597,tvm
32,32,12,1,32,16,1,[32; 32; 12; 1; 32; 16; 1],0.0818593375151977,0.2233797003587945,tvm
4,1,150,1,32,16,1,[4; 1; 150; 1; 32; 16; 1],0.08214322244748473,0.2226077056741302,tvm
8,1,125,1,80,16,0,[8; 1; 125; 1; 80; 16; 0],0.07429851847700775,0.24611142537617278,tvm
16,1,60,1,128,128,0,[16; 1; 60; 1; 128; 128; 0],0.07899755402468145,0.23147190456050354,tvm
32,32,20,1,32,16,1,[32; 32; 20; 1; 32; 16; 1],0.07556111901067197,0.24199898737777667,tvm
10,10,4,1,16,16,0,[10; 10; 4; 1; 16; 16; 0],0.07873344246763736,0.23224837772374118,tvm
16,1,2,1,128,128,0,[16; 1; 2; 1; 128; 128; 0],0.07505293644499034,0.24363755972581708,tvm
8,4,25,1,32,16,0,[8; 4; 25; 1; 32; 16; 0],0.07509154104627669,0.2435123055264686,tvm
20,10,375,1,32,16,0,[20; 10; 375; 1; 32; 16; 0],0.07751351303886622,0.2359035678920346,tvm
10,10,375,1,80,16,0,[10; 10; 375; 1; 80; 16; 0],0.0780909659806639,0.2341591508836248,tvm
5,1,250,1,64,16,1,[5; 1; 250; 1; 64; 16; 1],0.08524877252057195,0.2144982707088438,tvm
5,5,6,1,16,16,1,[5; 5; 6; 1; 16; 16; 1],0.08593318553175777,0.21278990383705204,tvm
16,4,750,1,32,16,0,[16; 4; 750; 1; 32; 16; 0],0.07440034754108638,0.2457745815718979,tvm
5,5,375,1,128,128,1,[5; 5; 375; 1; 128; 128; 1],0.07418517000041902,0.2464874621923897,tvm
4,4,10,1,128,64,1,[4; 4; 10; 1; 128; 64; 1],0.07637835806235671,0.23940962793132434,tvm
20,4,100,1,256,128,0,[20; 4; 100; 1; 256; 128; 0],0.0702348625054583,0.26035096579413414,tvm
32,1,75,1,256,128,0,[32; 1; 75; 1; 256; 128; 0],0.07069763692561537,0.25864675370908974,tvm
4,4,10,1,128,16,1,[4; 4; 10; 1; 128; 16; 1],0.07309010403696448,0.2501804386058405,tvm
32,32,750,1,256,64,1,[32; 32; 750; 1; 256; 64; 1],0.07451006746850908,0.2454126657910028,tvm
8,1,750,1,16,16,1,[8; 1; 750; 1; 16; 16; 1],0.07328508049249649,0.2495148284320507,tvm
16,8,300,1,64,16,1,[16; 8; 300; 1; 64; 16; 1],0.07605585397686809,0.24042481057770743,tvm
10,2,750,1,160,16,1,[10; 2; 750; 1; 160; 16; 1],0.0733470949344337,0.24930386543680044,tvm
8,8,4,1,256,64,1,[8; 8; 4; 1; 256; 64; 1],0.07177823106758296,0.2547529245809545,tvm
8,2,1500,1,80,16,1,[8; 2; 1500; 1; 80; 16; 1],0.07321087899617851,0.2497677194487553,tvm
16,2,750,1,16,16,1,[16; 2; 750; 1; 16; 16; 1],0.06520992808509618,0.28041304173579534,tvm
8,4,300,1,256,128,1,[8; 4; 300; 1; 256; 128; 1],0.07363115239422768,0.24834209014970945,tvm
8,2,50,1,256,128,1,[8; 2; 50; 1; 256; 128; 1],0.06839674396906048,0.2673477306753944,tvm
10,10,500,1,256,128,1,[10; 10; 500; 1; 256; 128; 1],0.07233646442182362,0.2527869509779021,tvm
32,16,25,1,64,64,0,[32; 16; 25; 1; 64; 64; 0],0.07959150953684002,0.2297445342112841,tvm
16,4,250,1,256,64,1,[16; 4; 250; 1; 256; 64; 1],0.06453828699886799,0.28333126173669626,tvm
10,5,250,1,64,16,1,[10; 5; 250; 1; 64; 16; 1],0.07089334004558623,0.25793275184884934,tvm
20,10,125,1,16,16,1,[20; 10; 125; 1; 16; 16; 1],0.06636226596310735,0.27554385041462914,tvm
8,8,6,1,64,16,1,[8; 8; 6; 1; 64; 16; 1],0.06066466902848333,0.3014227981220628,tvm
32,1,250,1,64,64,0,[32; 1; 250; 1; 64; 64; 0],0.06390379753429443,0.28614440755107123,tvm
10,5,50,1,256,64,1,[10; 5; 50; 1; 256; 64; 1],0.06272606598213315,0.2915169953576042,tvm
20,20,6,1,32,16,1,[20; 20; 6; 1; 32; 16; 1],0.06303314259275794,0.290096821030389,tvm
20,2,75,1,256,64,1,[20; 2; 75; 1; 256; 64; 1],0.06045284145511687,0.3024789876798511,tvm
16,4,250,1,64,64,0,[16; 4; 250; 1; 64; 64; 0],0.06256908958312124,0.29224836748538974,tvm
32,8,1,1,256,128,1,[32; 8; 1; 1; 256; 128; 1],0.05905397702008486,0.3096440783233808,tvm
32,16,750,1,256,128,1,[32; 16; 750; 1; 256; 128; 1],0.06501373555511236,0.28125924667431895,tvm
20,5,25,1,128,64,1,[20; 5; 25; 1; 128; 64; 1],0.061348601477220654,0.2980624471529959,tvm
20,5,2,1,64,64,0,[20; 5; 2; 1; 64; 64; 0],0.06653929047752172,0.2748107795332077,tvm
8,4,20,1,80,16,1,[8; 4; 20; 1; 80; 16; 1],0.06598194607067853,0.2771320849816554,tvm
32,1,12,1,256,128,1,[32; 1; 12; 1; 256; 128; 1],0.05797948548570275,0.3153824862799686,tvm
32,16,20,1,256,128,1,[32; 16; 20; 1; 256; 128; 1],0.05954915448091924,0.3070692513623078,tvm
32,1,125,1,256,128,1,[32; 1; 125; 1; 256; 128; 1],0.059803730458952487,0.3057621012164962,tvm
32,4,375,1,128,128,1,[32; 4; 375; 1; 128; 128; 1],0.0573164694942534,0.3190307157273117,tvm
16,1,250,1,256,128,1,[16; 1; 250; 1; 256; 128; 1],0.06818694702815264,0.26817030359439004,tvm
32,4,25,1,256,128,1,[32; 4; 25; 1; 256; 128; 1],0.057056248537264764,0.32048574441012295,tvm
16,2,250,1,256,128,1,[16; 2; 250; 1; 256; 128; 1],0.05586632702033967,0.3273119115036303,tvm
16,4,150,1,256,128,1,[16; 4; 150; 1; 256; 128; 1],0.05446922255214304,0.33570727520866467,tvm
20,2,15,1,160,16,1,[20; 2; 15; 1; 160; 16; 1],0.05477580858860165,0.3338282858232307,tvm
20,10,25,1,80,16,1,[20; 10; 25; 1; 80; 16; 1],0.05572594155091792,0.3281364796502587,tvm
20,1,2,1,160,16,1,[20; 1; 2; 1; 160; 16; 1],0.07121679000556469,0.2567612817747822,tvm
32,4,1500,1,64,64,1,[32; 4; 1500; 1; 64; 64; 1],0.05348235205747187,0.3419018345727306,tvm
32,8,12,1,64,64,1,[32; 8; 12; 1; 64; 64; 1],0.05393060005735606,0.33906009327296815,tvm
16,8,5,1,128,16,1,[16; 8; 5; 1; 128; 16; 1],0.08627034304663539,0.21195828879258694,tvm
10,5,6,1,80,16,0,[10; 5; 6; 1; 80; 16; 0],0.08318463549949229,0.2198208139750266,tvm
16,8,150,1,256,128,0,[16; 8; 150; 1; 256; 128; 0],0.07657968252897263,0.23878023102010376,tvm
16,4,300,1,128,128,0,[16; 4; 300; 1; 128; 128; 0],0.08060230454429984,0.22686341772851262,tvm
20,10,4,1,16,16,0,[20; 10; 4; 1; 16; 16; 0],0.0710279424674809,0.2574439530482828,tvm
16,1,25,1,16,16,0,[16; 1; 25; 1; 16; 16; 0],0.07379258947912604,0.2477987886695158,tvm
20,1,300,1,80,16,0,[20; 1; 300; 1; 80; 16; 0],0.07844937255140394,0.23308936312693357,tvm
32,4,30,1,64,16,1,[32; 4; 30; 1; 64; 16; 1],0.0801378934411332,0.22817812523542813,tvm
16,1,150,1,128,128,0,[16; 1; 150; 1; 128; 128; 0],0.07774545042775571,0.23519979863910015,tvm
8,2,750,1,80,16,0,[8; 2; 750; 1; 80; 16; 0],0.08175503392703831,0.2236646895900409,tvm
32,1,75,1,64,16,1,[32; 1; 75; 1; 64; 16; 1],0.0801715775160119,0.22808225623429024,tvm
5,1,60,1,64,64,0,[5; 1; 60; 1; 64; 64; 0],0.0831795014673844,0.21983438182644455,tvm
4,4,125,1,32,16,1,[4; 4; 125; 1; 32; 16; 1],0.07895066298078746,0.23160938230707565,tvm
32,2,5,1,80,16,1,[32; 2; 5; 1; 80; 16; 1],0.07634878705721349,0.23950235479198279,tvm
8,1,50,1,80,16,0,[8; 1; 50; 1; 80; 16; 0],0.07441227009985596,0.24573520282577271,tvm
5,5,30,1,32,16,1,[5; 5; 30; 1; 32; 16; 1],0.07455361890606582,0.24526930488449472,tvm
20,10,20,1,128,128,0,[20; 10; 20; 1; 128; 128; 0],0.07607420708518475,0.24036680744156427,tvm
32,8,10,1,80,16,1,[32; 8; 10; 1; 80; 16; 1],0.06909053807612509,0.26466307536303724,tvm
20,1,60,1,256,128,0,[20; 1; 60; 1; 256; 128; 0],0.07098633702844381,0.257594842207273,tvm
32,1,150,1,256,128,0,[32; 1; 150; 1; 256; 128; 0],0.07264392054639757,0.2517170624627181,tvm
32,1,750,1,128,128,0,[32; 1; 750; 1; 128; 128; 0],0.0756354535697028,0.24176115066015777,tvm
32,16,750,1,128,64,1,[32; 16; 750; 1; 128; 64; 1],0.08388519496656954,0.21798500072630964,tvm
8,2,500,1,32,16,1,[8; 2; 500; 1; 32; 16; 1],0.07325787900481373,0.24960747613936166,tvm
8,4,6,1,64,64,0,[8; 4; 6; 1; 64; 64; 0],0.07276943849865347,0.2512828828004856,tvm
10,1,2,1,256,128,1,[10; 1; 2; 1; 256; 128; 1],0.08444854256231338,0.21653084506723747,tvm
8,4,375,1,64,64,0,[8; 4; 375; 1; 64; 64; 0],0.07053376652766019,0.2592476651384192,tvm
16,1,1500,1,32,16,1,[16; 1; 1500; 1; 32; 16; 1],0.06513554451521486,0.28073326816885624,tvm
10,10,250,1,256,64,1,[10; 10; 250; 1; 256; 64; 1],0.07085062388796359,0.2580882606570913,tvm
4,1,5,1,128,16,1,[4; 1; 5; 1; 128; 16; 1],0.07195392856374383,0.25413086749690134,tvm
8,4,3,1,16,16,1,[8; 4; 3; 1; 16; 16; 1],0.0727121124509722,0.2514809935970963,tvm
8,8,50,1,256,128,1,[8; 8; 50; 1; 256; 128; 1],0.06868571939412504,0.26622294193046386,tvm
16,16,375,1,16,16,1,[16; 16; 375; 1; 16; 16; 1],0.06531577510759234,0.2799586203423734,tvm
32,1,20,1,64,64,0,[32; 1; 20; 1; 64; 64; 0],0.06523580057546496,0.280301830044399,tvm
20,1,25,1,64,64,0,[20; 1; 25; 1; 64; 64; 0],0.07102863001637161,0.25744146102071175,tvm
8,1,250,1,64,16,1,[8; 1; 250; 1; 64; 16; 1],0.0725281285122037,0.25211893179675116,tvm
4,1,15,1,64,64,1,[4; 1; 15; 1; 64; 64; 1],0.06368395849131048,0.28713218711442584,tvm
8,1,10,1,64,16,1,[8; 1; 10; 1; 64; 16; 1],0.06558634794782847,0.278803666584087,tvm
20,2,250,1,16,16,1,[20; 2; 250; 1; 16; 16; 1],0.06623951601795852,0.27605446695529534,tvm
20,1,75,1,16,16,1,[20; 1; 75; 1; 16; 16; 1],0.06644228054210544,0.2752120206669662,tvm
8,4,500,1,128,128,1,[8; 4; 500; 1; 128; 128; 1],0.06407963845413178,0.2853591987539568,tvm
10,1,4,1,64,64,0,[10; 1; 4; 1; 64; 64; 0],0.07102530600968748,0.25745350936214495,tvm
10,5,1500,1,128,128,1,[10; 5; 1500; 1; 128; 128; 1],0.0616585259558633,0.2965642464239845,tvm
32,4,20,1,256,64,1,[32; 4; 20; 1; 256; 64; 1],0.06706433102954179,0.2726593109183396,tvm
5,1,1,1,128,16,1,[5; 1; 1; 1; 128; 16; 1],0.07061171799432486,0.2589614699246367,tvm
32,1,50,1,256,64,1,[32; 1; 50; 1; 256; 64; 1],0.0663645229069516,0.2755344796398571,tvm
20,5,6,1,32,16,1,[20; 5; 6; 1; 32; 16; 1],0.065189721994102,0.2804999580665289,tvm
8,8,6,1,128,128,1,[8; 8; 6; 1; 128; 128; 1],0.06555601500440389,0.2789326697860738,tvm
16,16,15,1,32,16,1,[16; 16; 15; 1; 32; 16; 1],0.056455228477716446,0.3238976225724049,tvm
32,4,2,1,64,64,0,[32; 4; 2; 1; 64; 64; 0],0.06074613402597606,0.3010185681593336,tvm
20,10,15,1,256,64,1,[20; 10; 15; 1; 256; 64; 1],0.06479226751253009,0.2822206258204814,tvm
20,1,1500,1,256,128,1,[20; 1; 1500; 1; 256; 128; 1],0.06785071804188192,0.2694992007958876,tvm
16,2,3,1,256,128,1,[16; 2; 3; 1; 256; 128; 1],0.07395552995149046,0.24725283285385702,tvm
20,2,1,1,256,128,1,[20; 2; 1; 1; 256; 128; 1],0.05375690048094839,0.3401556660097023,tvm
32,1,20,1,256,128,1,[32; 1; 20; 1; 256; 128; 1],0.05774508195463568,0.3166627125073522,tvm
20,1,30,1,256,128,1,[20; 1; 30; 1; 256; 128; 1],0.062201121472753584,0.2939772443447682,tvm
32,16,30,1,128,128,1,[32; 16; 30; 1; 128; 128; 1],0.05558407702483237,0.3289739663671142,tvm
16,16,25,1,160,16,1,[16; 16; 25; 1; 160; 16; 1],0.052535903989337385,0.34806128565762434,tvm
16,4,15,1,256,128,1,[16; 4; 15; 1; 256; 128; 1],0.05614359944593161,0.325695439305136,tvm
16,8,125,1,256,128,1,[16; 8; 125; 1; 256; 128; 1],0.054264388512820005,0.336974483392442,tvm
16,4,50,1,256,128,1,[16; 4; 50; 1; 256; 128; 1],0.05467542295809835,0.3344412040438704,tvm
32,16,750,1,64,64,1,[32; 16; 750; 1; 64; 64; 1],0.0723152314312756,0.25286117355638993,tvm
32,4,6,1,64,64,1,[32; 4; 6; 1; 64; 64; 1],0.05358101858291775,0.3412722409787108,tvm
20,2,1,1,64,64,1,[20; 2; 1; 1; 64; 64; 1],0.05028144549578428,0.3636672356057744,tvm
10,2,4,1,64,64,1,[10; 2; 4; 1; 64; 64; 1],0.05435790540650487,0.3363947552608619,tvm
16,16,10,1,256,16,1,[16; 16; 10; 1; 256; 16; 1],0.08887542097363621,0.20574545904135313,tvm
10,10,6,1,64,16,0,[10; 10; 6; 1; 64; 16; 0],0.08971510245464742,0.20381980051751086,tvm
10,1,375,1,64,16,0,[10; 1; 375; 1; 64; 16; 0],0.09234330803155899,0.19801883510026533,tvm
16,2,10,1,128,16,1,[16; 2; 10; 1; 128; 16; 1],0.08556282089557499,0.21371097977275735,tvm
4,1,75,1,16,16,1,[4; 1; 75; 1; 16; 16; 1],0.08942294144071639,0.20448571687654604,tvm
32,16,15,1,16,16,1,[32; 16; 15; 1; 16; 16; 1],0.09459538303781301,0.19330451126145196,tvm
10,5,3,1,80,16,0,[10; 5; 3; 1; 80; 16; 0],0.07400243903975934,0.24709610281750186,tvm
32,1,300,1,64,16,1,[32; 1; 300; 1; 64; 16; 1],0.09313921397551894,0.19632669748018888,tvm
16,4,500,1,128,128,0,[16; 4; 500; 1; 128; 128; 0],0.08373323455452919,0.21838060338880338,tvm
5,5,15,1,16,16,1,[5; 5; 15; 1; 16; 16; 1],0.08636683796066791,0.21172147455533494,tvm
20,4,125,1,80,16,0,[20; 4; 125; 1; 80; 16; 0],0.07682666252367198,0.23801260766833462,tvm
5,1,25,1,256,64,1,[5; 1; 25; 1; 256; 64; 1],0.09460267692338675,0.1932896074444366,tvm
4,4,60,1,64,16,1,[4; 4; 60; 1; 64; 16; 1],0.08785105054266751,0.2081445147526526,tvm
32,32,150,1,32,16,1,[32; 32; 150; 1; 32; 16; 1],0.07516029651742429,0.24328954425392854,tvm
20,4,75,1,32,16,0,[20; 4; 75; 1; 32; 16; 0],0.07698770356364548,0.23751473857896732,tvm
16,4,50,1,80,16,0,[16; 4; 50; 1; 80; 16; 0],0.07458029699046165,0.2451815697120771,tvm
32,2,250,1,80,16,1,[32; 2; 250; 1; 80; 16; 1],0.07094513694755733,0.2577444356648588,tvm
32,8,125,1,80,16,1,[32; 8; 125; 1; 80; 16; 1],0.06767254148144275,0.2702087713186983,tvm
20,10,50,1,32,16,0,[20; 10; 50; 1; 32; 16; 0],0.07624841097276658,0.23981764409812215,tvm
16,8,125,1,16,16,0,[16; 8; 125; 1; 16; 16; 0],0.07559188443701714,0.24190049529655358,tvm
32,4,3,1,160,16,1,[32; 4; 3; 1; 160; 16; 1],0.0810413749422878,0.22563430468370185,tvm
32,16,250,1,128,128,0,[32; 16; 250; 1; 128; 128; 0],0.074031823547557,0.24699802611194363,tvm
32,16,750,1,160,16,1,[32; 16; 750; 1; 160; 16; 1],0.07932566502131522,0.23051447826880267,tvm
32,8,20,1,256,128,0,[32; 8; 20; 1; 256; 128; 0],0.07208077341783792,0.25368365818878824,tvm
32,4,20,1,256,128,0,[32; 4; 20; 1; 256; 128; 0],0.07477171451319009,0.2445538985532905,tvm
20,1,1,1,128,128,0,[20; 1; 1; 1; 128; 128; 0],0.07444312749430537,0.2456333432137584,tvm
5,1,4,1,128,128,1,[5; 1; 4; 1; 128; 128; 1],0.07286180998198688,0.25096431574009676,tvm
20,5,5,1,128,128,0,[20; 5; 5; 1; 128; 128; 0],0.07218605244997889,0.25331367577393593,tvm
32,2,60,1,160,16,1,[32; 2; 60; 1; 160; 16; 1],0.06585524941328913,0.2776652499022251,tvm
8,8,2,1,64,64,0,[8; 8; 2; 1; 64; 64; 0],0.0696282695280388,0.262619111600221,tvm
32,16,4,1,128,64,1,[32; 16; 4; 1; 128; 64; 1],0.0776362840551883,0.23553051911546616,tvm
32,16,20,1,64,64,0,[32; 16; 20; 1; 64; 64; 0],0.077099300455302,0.23717094938254796,tvm
32,32,10,1,64,64,0,[32; 32; 10; 1; 64; 64; 0],0.06923808553256094,0.26409907415933637,tvm
8,4,150,1,256,128,1,[8; 4; 150; 1; 256; 128; 1],0.06843976443633437,0.267179678894489,tvm
8,2,1500,1,128,64,1,[8; 2; 1500; 1; 128; 64; 1],0.07098214502912015,0.25761005501049095,tvm
10,1,500,1,80,16,1,[10; 1; 500; 1; 80; 16; 1],0.07153913599904627,0.25560434900916423,tvm
10,5,30,1,16,16,1,[10; 5; 30; 1; 16; 16; 1],0.07181598152965307,0.2546190123178091,tvm
32,32,150,1,128,64,1,[32; 32; 150; 1; 128; 64; 1],0.06926518294494599,0.2639957552735883,tvm
10,10,4,1,64,16,1,[10; 10; 4; 1; 64; 16; 1],0.060263119521550834,0.3034312599628217,tvm
16,2,500,1,80,16,1,[16; 2; 500; 1; 80; 16; 1],0.06576787447556853,0.2780341379666614,tvm
16,4,750,1,80,16,1,[16; 4; 750; 1; 80; 16; 1],0.06518192146904767,0.2805335263765959,tvm
20,1,15,1,16,16,1,[20; 1; 15; 1; 16; 16; 1],0.06616797496099025,0.27635293805643507,tvm
20,20,25,1,16,16,1,[20; 20; 25; 1; 16; 16; 1],0.07047215558122844,0.25947431485386585,tvm
8,2,25,1,32,16,1,[8; 2; 25; 1; 32; 16; 1],0.06311826396267861,0.2897055960938105,tvm
8,4,25,1,256,64,1,[8; 4; 25; 1; 256; 64; 1],0.06952334253583103,0.26301546529196534,tvm
16,16,375,1,80,16,1,[16; 16; 375; 1; 80; 16; 1],0.06608366593718529,0.2767055069719568,tvm
8,2,100,1,128,128,1,[8; 2; 100; 1; 128; 128; 1],0.06401025445666164,0.285668514223681,tvm
8,2,60,1,128,128,1,[8; 2; 60; 1; 128; 128; 1],0.06464276241604239,0.28287334269576825,tvm
20,1,15,1,32,16,1,[20; 1; 15; 1; 32; 16; 1],0.05955542251467705,0.30703693322313164,tvm
16,1,500,1,64,64,0,[16; 1; 500; 1; 64; 64; 0],0.06139141495805234,0.29785458273292104,tvm
5,1,1500,1,64,64,1,[5; 1; 1500; 1; 64; 64; 1],0.06080454692710191,0.3007293896562848,tvm
20,10,20,1,256,64,1,[20; 10; 20; 1; 256; 64; 1],0.06471875996794552,0.28254117190704825,tvm
5,1,250,1,64,64,1,[5; 1; 250; 1; 64; 64; 1],0.058396729989908636,0.31312907912607757,tvm
20,5,20,1,64,64,0,[20; 5; 20; 1; 64; 64; 0],0.061122219543904066,0.2991663984417265,tvm
16,4,30,1,256,64,1,[16; 4; 30; 1; 256; 64; 1],0.06066071998793632,0.30144242088374146,tvm
16,2,25,1,256,64,1,[16; 2; 25; 1; 256; 64; 1],0.05991011252626777,0.30521916108397995,tvm
20,5,2,1,64,64,0,[20; 5; 2; 1; 64; 64; 0],0.06661882647313178,0.27448268385647934,tvm
20,2,60,1,64,64,0,[20; 2; 60; 1; 64; 64; 0],0.05840724555309862,0.31307270378108415,tvm
20,2,30,1,256,128,1,[20; 2; 30; 1; 256; 128; 1],0.0599561994895339,0.3049845460752776,tvm
32,4,6,1,128,128,1,[32; 4; 6; 1; 128; 128; 1],0.0571236745454371,0.32010745861892226,tvm
16,8,10,1,256,128,1,[16; 8; 10; 1; 256; 128; 1],0.058086240431293845,0.31480285434109273,tvm
32,1,50,1,64,64,1,[32; 1; 50; 1; 64; 64; 1],0.053910717950202525,0.3391851375936943,tvm
32,2,10,1,64,64,1,[32; 2; 10; 1; 64; 64; 1],0.05373329599387944,0.34030509291291466,tvm
10,1,3,1,64,64,1,[10; 1; 3; 1; 64; 64; 1],0.05264994397293776,0.34730738355796165,tvm
16,1,150,1,128,128,0,[16; 1; 150; 1; 128; 128; 0],0.07933800248429179,0.23047863209481098,tvm
20,2,12,1,32,16,0,[20; 2; 12; 1; 32; 16; 0],0.07691411196719855,0.23774199321852105,tvm
32,1,50,1,32,16,1,[32; 1; 50; 1; 32; 16; 1],0.07575114152859896,0.2413919304280151,tvm
4,1,60,1,128,128,1,[4; 1; 60; 1; 128; 128; 1],0.07454146596137434,0.24530929261827933,tvm
5,5,125,1,64,16,1,[5; 5; 125; 1; 64; 16; 1],0.08251871250104159,0.22159475992167807,tvm
5,1,60,1,64,16,1,[5; 1; 60; 1; 64; 16; 1],0.08157434198074043,0.22416011998026922,tvm
10,2,50,1,32,16,0,[10; 2; 50; 1; 32; 16; 0],0.07308373844716698,0.2502022293089622,tvm
20,20,5,1,128,128,0,[20; 20; 5; 1; 128; 128; 0],0.07571281306445599,0.2415141314343618,tvm
16,4,15,1,16,16,0,[16; 4; 15; 1; 16; 16; 0],0.07525541842915118,0.24298202929971452,tvm
10,10,125,1,80,16,0,[10; 10; 125; 1; 80; 16; 0],0.0724592360202223,0.2523586403893496,tvm
32,16,60,1,256,128,0,[32; 16; 60; 1; 256; 128; 0],0.07108732091728598,0.257228912972972,tvm
32,32,50,1,256,128,0,[32; 32; 50; 1; 256; 128; 0],0.07764689298346639,0.23549833847965979,tvm
32,2,2,1,256,128,0,[32; 2; 2; 1; 256; 128; 0],0.07365249400027096,0.24827013034544376,tvm
5,1,4,1,128,128,1,[5; 1; 4; 1; 128; 128; 1],0.07395590248052031,0.2472515873973774,tvm
32,1,150,1,128,128,0,[32; 1; 150; 1; 128; 128; 0],0.07438949798233807,0.24581042730058178,tvm
20,1,150,1,256,128,0,[20; 1; 150; 1; 256; 128; 0],0.07130889093969017,0.2564296547702518,tvm
16,4,3,1,256,64,1,[16; 4; 3; 1; 256; 64; 1],0.0754691674374044,0.24229383875051777,tvm
8,4,300,1,16,16,1,[8; 4; 300; 1; 16; 16; 1],0.07337985001504421,0.2491925819140456,tvm
32,1,60,1,160,16,1,[32; 1; 60; 1; 160; 16; 1],0.06561305141076446,0.27869019794915895,tvm
4,4,50,1,80,16,1,[4; 4; 50; 1; 80; 16; 1],0.07143538095988333,0.25597559696620326,tvm
5,5,25,1,160,16,1,[5; 5; 25; 1; 160; 16; 1],0.08721058897208422,0.20967309705438952,tvm
8,2,10,1,256,128,1,[8; 2; 10; 1; 256; 128; 1],0.07219993893522769,0.25326495500389334,tvm
16,16,375,1,128,64,1,[16; 16; 375; 1; 128; 64; 1],0.06555596552789211,0.27893288030262114,tvm
32,16,250,1,64,64,0,[32; 16; 250; 1; 64; 64; 0],0.0793679429916665,0.23039168707741686,tvm
32,16,750,1,64,64,0,[32; 16; 750; 1; 64; 64; 0],0.08792816859204322,0.20796196006940368,tvm
16,4,750,1,32,16,1,[16; 4; 750; 1; 32; 16; 1],0.06506868451833725,0.2810217299008269,tvm
10,1,750,1,128,64,1,[10; 1; 750; 1; 128; 64; 1],0.07015956554096192,0.26063038082866075,tvm
8,8,12,1,16,16,1,[8; 8; 12; 1; 16; 16; 1],0.07327035500202328,0.24956497460957228,tvm
10,2,1,1,128,64,1,[10; 2; 1; 1; 128; 64; 1],0.06384561548475176,0.28640516888871503,tvm
20,20,25,1,64,64,0,[20; 20; 25; 1; 64; 64; 0],0.05991716298740357,0.30518324590165435,tvm
32,1,1,1,64,64,0,[32; 1; 1; 1; 64; 64; 0],0.0634156409651041,0.28834707033516255,tvm
10,2,75,1,64,16,1,[10; 2; 75; 1; 64; 16; 1],0.06728723051492125,0.27175608426415093,tvm
8,1,3,1,32,16,1,[8; 1; 3; 1; 32; 16; 1],0.05561337049584836,0.32880068448790295,tvm
16,1,1,1,32,16,1,[16; 1; 1; 1; 32; 16; 1],0.06090906250756234,0.30021335960381873,tvm
20,4,30,1,64,16,1,[20; 4; 30; 1; 64; 16; 1],0.06738615606445819,0.2713571355550107,tvm
20,20,50,1,16,16,1,[20; 20; 50; 1; 16; 16; 1],0.06612405891064554,0.27653647684308147,tvm
16,8,750,1,80,16,1,[16; 8; 750; 1; 80; 16; 1],0.06544080306775868,0.2794237452554013,tvm
20,5,3,1,80,16,1,[20; 5; 3; 1; 80; 16; 1],0.07520462200045586,0.2431461497885522,tvm
4,4,2,1,64,64,1,[4; 4; 2; 1; 64; 64; 1],0.06218909902963787,0.2940340762454163,tvm
20,5,2,1,80,16,1,[20; 5; 2; 1; 80; 16; 1],0.06877843744587153,0.2658640551423562,tvm
20,20,6,1,32,16,1,[20; 20; 6; 1; 32; 16; 1],0.06299549003597349,0.2902702126020808,tvm
16,2,75,1,32,16,1,[16; 2; 75; 1; 32; 16; 1],0.05580519000068307,0.3276704959787874,tvm
8,1,250,1,80,16,1,[8; 1; 250; 1; 80; 16; 1],0.060031694010831416,0.3046010043030774,tvm
10,2,3,1,80,16,1,[10; 2; 3; 1; 80; 16; 1],0.051604063948616385,0.35434640000295103,tvm
10,5,150,1,128,64,1,[10; 5; 150; 1; 128; 64; 1],0.06196482595987618,0.29509829169139856,tvm
8,4,12,1,128,64,1,[8; 4; 12; 1; 128; 64; 1],0.06208014744333923,0.29455011044237167,tvm
8,4,75,1,128,64,1,[8; 4; 75; 1; 128; 64; 1],0.06053867796435952,0.3020501091298937,tvm
10,2,125,1,128,64,1,[10; 2; 125; 1; 128; 64; 1],0.06046657159458846,0.30241030380083256,tvm
20,4,250,1,64,64,0,[20; 4; 250; 1; 64; 64; 0],0.06022881297394633,0.30360409549536177,tvm
10,1,100,1,128,64,1,[10; 1; 100; 1; 128; 64; 1],0.057960721431300044,0.31548458739230956,tvm
20,5,10,1,80,16,1,[20; 5; 10; 1; 80; 16; 1],0.05792839650530368,0.3156606325887188,tvm
16,8,15,1,128,64,1,[16; 8; 15; 1; 128; 64; 1],0.0584685979411006,0.3127441896953769,tvm
20,1,50,1,256,128,1,[20; 1; 50; 1; 256; 128; 1],0.05735377606470138,0.31882319771039985,tvm
32,16,125,1,256,128,1,[32; 16; 125; 1; 256; 128; 1],0.05735635198652744,0.31880887909345174,tvm
20,1,1,1,128,128,1,[20; 1; 1; 1; 128; 128; 1],0.058122321497648954,0.3146074316122067,tvm
20,2,300,1,128,128,1,[20; 2; 300; 1; 128; 128; 1],0.058561770943924785,0.3122466071462146,tvm
16,2,75,1,256,128,1,[16; 2; 75; 1; 256; 128; 1],0.05329137644730508,0.3431270780516495,tvm
16,1,60,1,128,128,1,[16; 1; 60; 1; 128; 128; 1],0.06260059401392937,0.29210129031116705,tvm
20,20,25,1,80,16,1,[20; 20; 25; 1; 80; 16; 1],0.05563908151816577,0.328648744493457,tvm
16,2,5,1,128,128,1,[16; 2; 5; 1; 128; 128; 1],0.05471861595287919,0.3341772076519806,tvm
32,1,5,1,64,64,1,[32; 1; 5; 1; 64; 64; 1],0.05295169947203249,0.34532818527141435,tvm
16,16,2,1,64,64,1,[16; 16; 2; 1; 64; 64; 1],0.05571448756381869,0.3282039391418388,tvm
20,20,5,1,64,64,1,[20; 20; 5; 1; 64; 64; 1],0.052048387471586466,0.3513214371088167,tvm
20,10,100,1,64,64,1,[20; 10; 100; 1; 64; 64; 1],0.0503326979232952,0.3632969230773384,tvm
16,8,30,1,128,128,0,[16; 8; 30; 1; 128; 128; 0],0.07729210250545293,0.23657933596028438,tvm
16,4,30,1,256,128,0,[16; 4; 30; 1; 256; 128; 0],0.0860938485711813,0.2123928084199406,tvm
16,2,100,1,128,128,0,[16; 2; 100; 1; 128; 128; 0],0.08009251393377781,0.228307408365697,tvm
32,1,300,1,32,16,1,[32; 1; 300; 1; 32; 16; 1],0.07985327148344368,0.22899142321934227,tvm
16,1,150,1,32,16,0,[16; 1; 150; 1; 32; 16; 0],0.07418609911110252,0.2464843751701953,tvm
4,1,375,1,128,128,1,[4; 1; 375; 1; 128; 128; 1],0.07843049941584468,0.23314545262248032,tvm
4,1,300,1,128,64,1,[4; 1; 300; 1; 128; 64; 1],0.08601383992936462,0.21259037267410325,tvm
4,4,10,1,256,16,1,[4; 4; 10; 1; 256; 16; 1],0.09240078798029572,0.19789565311514096,tvm
32,1,30,1,32,16,1,[32; 1; 30; 1; 32; 16; 1],0.0764041650108993,0.23932876281163168,tvm
10,5,60,1,16,16,0,[10; 5; 60; 1; 16; 16; 0],0.07841731456574053,0.2331846529937544,tvm
20,5,50,1,32,16,0,[20; 5; 50; 1; 32; 16; 0],0.07626041548792273,0.23977989326074645,tvm
16,2,60,1,80,16,0,[16; 2; 60; 1; 80; 16; 0],0.07461293041706085,0.2450743347500678,tvm
4,1,3,1,128,128,1,[4; 1; 3; 1; 128; 128; 1],0.0770936484914273,0.2371883370878164,tvm
4,2,1,1,128,64,1,[4; 2; 1; 1; 128; 64; 1],0.07589399698190391,0.24093755781599321,tvm
20,20,3,1,256,64,1,[20; 20; 3; 1; 256; 64; 1],0.07865826203487813,0.23247035737461572,tvm
32,8,100,1,256,128,0,[32; 8; 100; 1; 256; 128; 0],0.06902494293171912,0.2649145875253079,tvm
32,16,2,1,256,64,1,[32; 16; 2; 1; 256; 64; 1],0.067891092505306,0.26933893108709617,tvm
10,5,2,1,256,128,1,[10; 5; 2; 1; 256; 128; 1],0.08860154054127634,0.20638144860693045,tvm
8,4,6,1,64,64,0,[8; 4; 6; 1; 64; 64; 0],0.07406263402663171,0.246895273521315,tvm
32,16,150,1,160,16,1,[32; 16; 150; 1; 160; 16; 1],0.0674168550176546,0.2712335703130288,tvm
20,10,1,1,128,64,1,[20; 10; 1; 1; 128; 64; 1],0.06927662249654531,0.26395216202444277,tvm
8,1,300,1,256,128,1,[8; 1; 300; 1; 256; 128; 1],0.07512207143008709,0.2434133396166002,tvm
8,1,500,1,80,16,1,[8; 1; 500; 1; 80; 16; 1],0.07356758345849812,0.24855667980490154,tvm
32,1,60,1,160,16,1,[32; 1; 60; 1; 160; 16; 1],0.06573067954741418,0.2781914687573565,tvm
16,1,2,1,128,64,1,[16; 1; 2; 1; 128; 64; 1],0.08585058699827641,0.21299463317684014,tvm
32,4,25,1,160,16,1,[32; 4; 25; 1; 160; 16; 1],0.06614492402877659,0.2764492446579729,tvm
16,1,1500,1,256,64,1,[16; 1; 1500; 1; 256; 64; 1],0.07635275193024427,0.2394899178279793,tvm
20,4,300,1,16,16,1,[20; 4; 300; 1; 16; 16; 1],0.06641000253148377,0.2753457851028595,tvm
16,8,3,1,16,16,1,[16; 8; 3; 1; 16; 16; 1],0.06519676349125803,0.2804696630096699,tvm
16,4,750,1,32,16,1,[16; 4; 750; 1; 32; 16; 1],0.0652057679835707,0.2804309319740176,tvm
10,2,375,1,80,16,1,[10; 2; 375; 1; 80; 16; 1],0.07066480652429163,0.2587669192786711,tvm
10,5,500,1,80,16,1,[10; 5; 500; 1; 80; 16; 1],0.07149621250573546,0.2557578037332733,tvm
20,1,1,1,64,16,1,[20; 1; 1; 1; 64; 16; 1],0.09420105640310794,0.1941136860234934,tvm
16,4,300,1,80,16,1,[16; 4; 300; 1; 80; 16; 1],0.06285247497726232,0.290930695924534,tvm
20,10,25,1,16,16,1,[20; 10; 25; 1; 16; 16; 1],0.06626913545187563,0.27593108256245924,tvm
32,2,150,1,128,64,1,[32; 2; 150; 1; 128; 64; 1],0.06576350156683475,0.27805262569741224,tvm
8,8,60,1,64,16,1,[8; 8; 60; 1; 64; 16; 1],0.06926407595165074,0.2639999745102857,tvm
8,1,500,1,128,128,1,[8; 1; 500; 1; 128; 128; 1],0.06516746745910496,0.2805957481344394,tvm
16,16,10,1,16,16,1,[16; 16; 10; 1; 16; 16; 1],0.06523565750103444,0.2803024448005959,tvm
16,8,50,1,16,16,1,[16; 8; 50; 1; 16; 16; 1],0.06528334051836282,0.2800977116140511,tvm
8,8,50,1,256,64,1,[8; 8; 50; 1; 256; 64; 1],0.06873955391347408,0.2660144450272609,tvm
8,1,100,1,128,128,1,[8; 1; 100; 1; 128; 128; 1],0.0664942164439708,0.2749970638592629,tvm
8,8,150,1,32,16,1,[8; 8; 150; 1; 32; 16; 1],0.0655483070295304,0.2789654701146793,tvm
8,2,25,1,32,16,1,[8; 2; 25; 1; 32; 16; 1],0.063353928970173,0.28862794435879724,tvm
10,2,500,1,128,128,1,[10; 2; 500; 1; 128; 128; 1],0.0629882599459961,0.2903035311880628,tvm
32,8,30,1,64,64,0,[32; 8; 30; 1; 64; 64; 0],0.06386472447775304,0.28631947346902004,tvm
20,4,12,1,32,16,1,[20; 4; 12; 1; 32; 16; 1],0.06068560958374292,0.30131878728977707,tvm
10,5,6,1,128,128,1,[10; 5; 6; 1; 128; 128; 1],0.06269868148956448,0.2916443193268386,tvm
20,5,20,1,256,64,1,[20; 5; 20; 1; 256; 64; 1],0.06274907395709306,0.2914101058800932,tvm
32,2,75,1,64,64,0,[32; 2; 75; 1; 64; 64; 0],0.06383916351478547,0.28643411471829866,tvm
16,2,12,1,64,64,0,[16; 2; 12; 1; 64; 64; 0],0.06196826952509582,0.2950818931341784,tvm
4,1,3,1,64,16,1,[4; 1; 3; 1; 64; 16; 1],0.05694219854194671,0.32112764792957615,tvm
8,2,15,1,80,16,1,[8; 2; 15; 1; 80; 16; 1],0.06496052199508995,0.28148964515858443,tvm
8,4,6,1,80,16,1,[8; 4; 6; 1; 80; 16; 1],0.05079015053343028,0.3600248098039906,tvm
20,4,6,1,256,128,1,[20; 4; 6; 1; 256; 128; 1],0.05653060006443411,0.3234657736672184,tvm
10,5,100,1,160,16,1,[10; 5; 100; 1; 160; 16; 1],0.05634163995273411,0.32455062190334644,tvm
20,10,60,1,80,16,1,[20; 10; 60; 1; 80; 16; 1],0.05302924744319171,0.3448231903593032,tvm
16,16,20,1,80,16,1,[16; 16; 20; 1; 80; 16; 1],0.05350430402904749,0.341761557645661,tvm
16,16,12,1,256,128,1,[16; 16; 12; 1; 256; 128; 1],0.05937822151463479,0.3079532161671002,tvm
32,32,60,1,64,64,1,[32; 32; 60; 1; 64; 64; 1],0.060815642471425235,0.3006745229125219,tvm
10,2,500,1,64,64,1,[10; 2; 500; 1; 64; 64; 1],0.05251908802893013,0.34817273056305936,tvm
10,2,300,1,64,64,1,[10; 2; 300; 1; 64; 64; 1],0.05256263294722885,0.3478842908054576,tvm
10,10,100,1,64,64,1,[10; 10; 100; 1; 64; 64; 1],0.05260857450775802,0.34758049342351505,tvm
16,2,6,1,64,64,1,[16; 2; 6; 1; 64; 64; 1],0.050345829920843244,0.3632021622141137,tvm
16,16,1,1,32,16,0,[16; 16; 1; 1; 32; 16; 0],0.072356112068519,0.2527183089715805,tvm
16,16,2,1,32,16,0,[16; 16; 2; 1; 32; 16; 0],0.09472870454192162,0.1930324538284175,tvm
32,32,25,1,64,16,1,[32; 32; 25; 1; 64; 16; 1],0.08110450196545571,0.22545868407530073,tvm
8,8,20,1,16,16,0,[8; 8; 20; 1; 16; 16; 0],0.08149250200949609,0.22438523587830822,tvm
4,1,30,1,32,16,1,[4; 1; 30; 1; 32; 16; 1],0.07900393451564014,0.23145321049921036,tvm
20,2,125,1,80,16,0,[20; 2; 125; 1; 80; 16; 0],0.07732746645342559,0.236471141812564,tvm
8,2,250,1,32,16,0,[8; 2; 250; 1; 32; 16; 0],0.07673461898230016,0.2382981049261758,tvm
32,8,125,1,32,16,1,[32; 8; 125; 1; 32; 16; 1],0.07381993997842073,0.24770697850824075,tvm
20,2,300,1,16,16,0,[20; 2; 300; 1; 16; 16; 0],0.07787989790085703,0.23479376294242754,tvm
4,2,3,1,256,16,1,[4; 2; 3; 1; 256; 16; 1],0.09742954245302826,0.1876814139256582,tvm
20,4,1500,1,16,16,0,[20; 4; 1500; 1; 16; 16; 0],0.07686001143883914,0.23790933599151268,tvm
10,5,2,1,256,128,1,[10; 5; 2; 1; 256; 128; 1],0.08955003856681287,0.20419549313841334,tvm
32,1,3,1,160,16,1,[32; 1; 3; 1; 160; 16; 1],0.08348790754098445,0.21902230903005657,tvm
8,4,2,1,256,128,1,[8; 4; 2; 1; 256; 128; 1],0.10177887883037329,0.17966118801710937,tvm
32,8,300,1,160,16,1,[32; 8; 300; 1; 160; 16; 1],0.07491716998629272,0.24407908479538065,tvm
32,1,3,1,256,128,0,[32; 1; 3; 1; 256; 128; 0],0.07219947699923068,0.2532665754062059,tvm
32,2,3,1,128,128,0,[32; 2; 3; 1; 128; 128; 0],0.07340242702048272,0.24911593564354098,tvm
32,1,4,1,256,128,0,[32; 1; 4; 1; 256; 128; 0],0.0749152364442125,0.24408538441083613,tvm
10,2,1500,1,64,16,1,[10; 2; 1500; 1; 64; 16; 1],0.08578545157797635,0.21315635634432878,tvm
20,1,375,1,128,128,0,[20; 1; 375; 1; 128; 128; 0],0.0726385124726221,0.25173580327111306,tvm
32,2,5,1,128,128,0,[32; 2; 5; 1; 128; 128; 0],0.07147516147233546,0.2558331301257961,tvm
8,1,375,1,16,16,1,[8; 1; 375; 1; 16; 16; 1],0.07334665989037603,0.24930534414306157,tvm
8,2,750,1,64,64,0,[8; 2; 750; 1; 64; 64; 0],0.07041461148764938,0.25968636195516853,tvm
8,4,150,1,64,64,0,[8; 4; 150; 1; 64; 64; 0],0.06843755999580026,0.2671882850124465,tvm
5,5,6,1,128,64,1,[5; 5; 6; 1; 128; 64; 1],0.06653432652819902,0.27483128243530525,tvm
8,8,4,1,256,64,1,[8; 8; 4; 1; 256; 64; 1],0.07555675052572042,0.24201297909826883,tvm
8,1,750,1,80,16,1,[8; 1; 750; 1; 80; 16; 1],0.07323187950532883,0.2496960942315252,tvm
8,4,6,1,256,128,1,[8; 4; 6; 1; 256; 128; 1],0.07248636451549828,0.252264193520212,tvm
8,4,30,1,256,128,1,[8; 4; 30; 1; 256; 128; 1],0.06612597103230655,0.2765284804177863,tvm
8,4,60,1,256,128,1,[8; 4; 60; 1; 256; 128; 1],0.06822941347490996,0.268003392590184,tvm
10,1,150,1,256,128,1,[10; 1; 150; 1; 256; 128; 1],0.06800518254749477,0.2688870700838654,tvm
16,4,375,1,16,16,1,[16; 4; 375; 1; 16; 16; 1],0.06519806699361652,0.28046405559086013,tvm
16,2,375,1,80,16,1,[16; 2; 375; 1; 80; 16; 1],0.06537668756209314,0.27969777863626044,tvm
8,2,10,1,256,64,1,[8; 2; 10; 1; 256; 64; 1],0.07064998510759324,0.25882120509815926,tvm
4,4,1,1,32,16,1,[4; 4; 1; 1; 32; 16; 1],0.05840260651893914,0.31309757176307684,tvm
10,1,5,1,32,16,1,[10; 1; 5; 1; 32; 16; 1],0.07239923800807446,0.25256777265632185,tvm
20,4,6,1,256,64,1,[20; 4; 6; 1; 256; 64; 1],0.06919066549744457,0.2642800752709863,tvm
10,5,50,1,32,16,1,[10; 5; 50; 1; 32; 16; 1],0.06074306496884674,0.30103377719073726,tvm
10,10,500,1,128,128,1,[10; 10; 500; 1; 128; 128; 1],0.06300274503882974,0.2902367868962609,tvm
16,8,250,1,32,16,1,[16; 8; 250; 1; 32; 16; 1],0.06065640447195619,0.3014638675816744,tvm
16,4,3,1,80,16,1,[16; 4; 3; 1; 80; 16; 1],0.06647190591320395,0.27508936346117346,tvm
20,1,125,1,32,16,1,[20; 1; 125; 1; 32; 16; 1],0.05836372496560216,0.31330615543287105,tvm
10,2,25,1,64,64,0,[10; 2; 25; 1; 64; 64; 0],0.06532366189640015,0.2799248198105375,tvm
20,5,150,1,256,64,1,[20; 5; 150; 1; 256; 64; 1],0.06467514554969966,0.2827317067522116,tvm
20,1,12,1,256,64,1,[20; 1; 12; 1; 256; 64; 1],0.06792701303493232,0.2691965017850944,tvm
10,10,20,1,128,128,1,[10; 10; 20; 1; 128; 128; 1],0.06205746508203447,0.2946577702060855,tvm
20,5,75,1,128,64,1,[20; 5; 75; 1; 128; 64; 1],0.06024412845727056,0.30352691214852284,tvm
10,1,125,1,80,16,1,[10; 1; 125; 1; 80; 16; 1],0.05609728454146534,0.32596433918647283,tvm
16,1,1,1,256,128,1,[16; 1; 1; 1; 256; 128; 1],0.058042998891323805,0.31503737978720486,tvm
10,2,50,1,160,16,1,[10; 2; 50; 1; 160; 16; 1],0.05918118299450725,0.3089785191926871,tvm
8,2,6,1,80,16,1,[8; 2; 6; 1; 80; 16; 1],0.05102857295423746,0.3583426544597466,tvm
16,16,1,1,256,128,1,[16; 16; 1; 1; 256; 128; 1],0.05503670149482787,0.3322458248598475,tvm
16,1,15,1,256,128,1,[16; 1; 15; 1; 256; 128; 1],0.062498183571733534,0.2925799317787611,tvm
32,4,375,1,128,128,1,[32; 4; 375; 1; 128; 128; 1],0.05735320597887039,0.3188263667849878,tvm
20,20,1,1,128,128,1,[20; 20; 1; 1; 128; 128; 1],0.05396267946343869,0.3388585308871365,tvm
16,4,50,1,160,16,1,[16; 4; 50; 1; 160; 16; 1],0.051994819077663124,0.3516833909625006,tvm
32,4,100,1,128,128,1,[32; 4; 100; 1; 128; 128; 1],0.05749799055047333,0.31802353631232694,tvm
32,16,100,1,64,64,1,[32; 16; 100; 1; 64; 64; 1],0.06405657599680126,0.2854619373759129,tvm
4,2,3,1,160,16,1,[4; 2; 3; 1; 160; 16; 1],0.047149165242444724,0.3878268934707052,tvm
10,5,20,1,160,16,1,[10; 5; 20; 1; 160; 16; 1],0.0632281944854185,0.28920190485482367,tvm
10,2,4,1,64,64,1,[10; 2; 4; 1; 64; 64; 1],0.05383310152683407,0.33967417382777854,tvm
20,20,125,1,64,64,1,[20; 20; 125; 1; 64; 64; 1],0.05038049060385674,0.3629522870171192,tvm
20,2,30,1,64,64,1,[20; 2; 30; 1; 64; 64; 1],0.049454995489213616,0.3697445344970761,tvm
16,8,250,1,64,64,1,[16; 8; 250; 1; 64; 64; 1],0.0493146832450293,0.3707965474473042,tvm
4,2,375,1,128,64,1,[4; 2; 375; 1; 128; 64; 1],0.08841195399872959,0.20682400352758903,tvm
4,1,1,1,256,128,1,[4; 1; 1; 1; 256; 128; 1],0.10066341189667583,0.18165204160259674,tvm
16,2,4,1,256,128,0,[16; 2; 4; 1; 256; 128; 0],0.12316467496566474,0.14846557497766213,tvm
16,2,6,1,32,16,0,[16; 2; 6; 1; 32; 16; 0],0.07207730109803379,0.25369587938432264,tvm
8,8,5,1,32,16,0,[8; 8; 5; 1; 32; 16; 0],0.08459898945875466,0.21614577671319932,tvm
4,1,10,1,128,64,1,[4; 1; 10; 1; 128; 64; 1],0.07357661391142756,0.24852617310884756,tvm
20,20,500,1,256,128,0,[20; 20; 500; 1; 256; 128; 0],0.07621527253650129,0.239921916922318,tvm
8,8,1,1,256,128,1,[8; 8; 1; 1; 256; 128; 1],0.06719375995453447,0.2721341133177695,tvm
32,2,125,1,80,16,1,[32; 2; 125; 1; 80; 16; 1],0.0675371385877952,0.2707505036202221,tvm
32,2,6,1,256,128,0,[32; 2; 6; 1; 256; 128; 0],0.0750098949065432,0.2437773617533652,tvm
32,2,100,1,128,128,0,[32; 2; 100; 1; 128; 128; 0],0.07499309640843421,0.2438319680270964,tvm
20,1,500,1,128,128,0,[20; 1; 500; 1; 128; 128; 0],0.07370338798500597,0.24809869377286,tvm
32,1,12,1,80,16,1,[32; 1; 12; 1; 80; 16; 1],0.06857266940642148,0.26666184128456755,tvm
32,32,750,1,64,64,0,[32; 32; 750; 1; 64; 64; 0],0.0679436664795503,0.26913051993180154,tvm
32,4,100,1,160,16,1,[32; 4; 100; 1; 160; 16; 1],0.06576835445594043,0.2780321088611737,tvm
32,1,1,1,256,64,1,[32; 1; 1; 1; 256; 64; 1],0.06340557453222573,0.28839284906125434,tvm
16,4,375,1,256,64,1,[16; 4; 375; 1; 256; 64; 1],0.07504717749543488,0.24365625591750745,tvm
8,4,300,1,160,16,1,[8; 4; 300; 1; 160; 16; 1],0.06741581100504845,0.2712377706817909,tvm
16,1,300,1,128,64,1,[16; 1; 300; 1; 128; 64; 1],0.06447418697644025,0.2836129487355325,tvm
10,5,4,1,16,16,1,[10; 5; 4; 1; 16; 16; 1],0.07114125695079565,0.2570338938256527,tvm
8,2,20,1,256,64,1,[8; 2; 20; 1; 256; 64; 1],0.0706718375440687,0.25874117500216265,tvm
20,4,500,1,80,16,1,[20; 4; 500; 1; 80; 16; 1],0.06619433860760182,0.27624287318756197,tvm
20,2,5,1,32,16,1,[20; 2; 5; 1; 32; 16; 1],0.06521245196927339,0.2804021890532516,tvm
10,5,100,1,64,16,1,[10; 5; 100; 1; 64; 16; 1],0.06714558345265687,0.272329367703048,tvm
10,1,30,1,64,64,0,[10; 1; 30; 1; 64; 64; 0],0.0659797495463863,0.2771413109541849,tvm
20,4,15,1,64,16,1,[20; 4; 15; 1; 64; 16; 1],0.06774543644860387,0.26991802318060243,tvm
20,20,15,1,64,64,0,[20; 20; 15; 1; 64; 64; 0],0.05948027456179261,0.3074248466475672,tvm
8,1,100,1,128,128,1,[8; 1; 100; 1; 128; 128; 1],0.06722296390216798,0.2720158889799348,tvm
8,8,5,1,128,128,1,[8; 8; 5; 1; 128; 128; 1],0.06617969600483775,0.2763039933634267,tvm
8,4,5,1,128,128,1,[8; 4; 5; 1; 128; 128; 1],0.06610169995110482,0.2766300155554269,tvm
10,10,1500,1,64,64,0,[10; 10; 1500; 1; 64; 64; 0],0.0642621599836275,0.28454870316175274,tvm
10,10,750,1,64,64,0,[10; 10; 750; 1; 64; 64; 0],0.06385469599626958,0.2863644403973444,tvm
16,4,20,1,32,16,1,[16; 4; 20; 1; 32; 16; 1],0.0569291195133701,0.3212014245437222,tvm
32,2,25,1,64,64,0,[32; 2; 25; 1; 64; 64; 0],0.06336196046322584,0.2885913591061784,tvm
5,5,6,1,64,16,1,[5; 5; 6; 1; 64; 16; 1],0.060784567962400615,0.3008282348412058,tvm
10,5,10,1,128,128,1,[10; 5; 10; 1; 128; 128; 1],0.06360153702553362,0.28750428277186546,tvm
16,8,1500,1,64,64,0,[16; 8; 1500; 1; 64; 64; 0],0.05802398198284209,0.31514063083642624,tvm
32,4,100,1,64,64,0,[32; 4; 100; 1; 64; 64; 0],0.06282490794546902,0.29105835382339096,tvm
20,10,25,1,128,64,1,[20; 10; 25; 1; 128; 64; 1],0.06056179106235504,0.30193483324968257,tvm
5,5,1,1,64,16,1,[5; 5; 1; 1; 64; 16; 1],0.060022151563316584,0.3046494304094535,tvm
20,2,1,1,64,64,0,[20; 2; 1; 1; 64; 64; 0],0.05791480897460133,0.31573469047844965,tvm
20,2,125,1,64,64,0,[20; 2; 125; 1; 64; 64; 0],0.05991982948035002,0.30516966493889747,tvm
16,1,300,1,256,128,1,[16; 1; 300; 1; 256; 128; 1],0.0679977930849418,0.26891629060478556,tvm
20,20,1500,1,256,128,1,[20; 20; 1500; 1; 256; 128; 1],0.05670328950509429,0.32248066109236,tvm
16,16,60,1,128,64,1,[16; 16; 60; 1; 128; 64; 1],0.05716331151779741,0.3198854964870458,tvm
16,1,50,1,128,64,1,[16; 1; 50; 1; 128; 64; 1],0.05728376598563045,0.31921285151365975,tvm
20,1,10,1,128,128,1,[20; 1; 10; 1; 128; 128; 1],0.059478671522811055,0.3074331322060785,tvm
4,4,12,1,160,16,1,[4; 4; 12; 1; 160; 16; 1],0.0485402817139402,0.37671215823337184,tvm
16,16,10,1,256,128,1,[16; 16; 10; 1; 256; 128; 1],0.05877551157027483,0.311111103879564,tvm
16,8,15,1,128,128,1,[16; 8; 15; 1; 128; 128; 1],0.05528375250287354,0.33076109087862354,tvm
20,4,75,1,160,16,1,[20; 4; 75; 1; 160; 16; 1],0.05330972303636372,0.3430089905595871,tvm
4,1,2,1,80,16,1,[4; 1; 2; 1; 80; 16; 1],0.04639613023027778,0.3941215397697363,tvm
5,1,1,1,80,16,1,[5; 1; 1; 1; 80; 16; 1],0.049534354999195784,0.3691521628980768,tvm
4,2,6,1,160,16,1,[4; 2; 6; 1; 160; 16; 1],0.04574346699519083,0.3997448266795503,tvm
8,4,500,1,64,64,1,[8; 4; 500; 1; 64; 64; 1],0.053920907084830105,0.33912104366023765,tvm
32,4,12,1,64,64,1,[32; 4; 12; 1; 64; 64; 1],0.05337257240898907,0.342605077109504,tvm
10,1,300,1,64,64,1,[10; 1; 300; 1; 64; 64; 1],0.052129272487945855,0.3507763184292011,tvm
10,10,5,1,64,64,1,[10; 10; 5; 1; 64; 64; 1],0.05394525150768459,0.33896800505433655,tvm
10,5,5,1,64,64,1,[10; 5; 5; 1; 64; 64; 1],0.05396149749867618,0.3388659531949217,tvm
20,1,10,1,64,64,1,[20; 1; 10; 1; 64; 64; 1],0.0580700725549832,0.31489050178817324,tvm
16,8,1500,1,64,64,1,[16; 8; 1500; 1; 64; 64; 1],0.04922806395916268,0.3714489828582994,tvm
16,1,125,1,64,64,1,[16; 1; 125; 1; 64; 64; 1],0.04970225872239098,0.36790509638300467,tvm
16,16,50,1,64,64,1,[16; 16; 50; 1; 64; 64; 1],0.048999644233845174,0.3731805520555989,tvm
16,4,250,1,64,64,1,[16; 4; 250; 1; 64; 64; 1],0.04894127120496705,0.3736256504072675,tvm
2,1,2,1,160,16,1,[2; 1; 2; 1; 160; 16; 1],0.08360952802468091,0.21870371377190984,tvm
16,16,1,1,128,16,1,[16; 16; 1; 1; 128; 16; 1],0.0795264575863257,0.22993246324174826,tvm
16,1,10,1,256,128,0,[16; 1; 10; 1; 256; 128; 0],0.08762288407888263,0.2086865146923553,tvm
8,8,12,1,16,16,0,[8; 8; 12; 1; 16; 16; 0],0.08127327391412109,0.22499049693797527,tvm
8,1,1500,1,32,16,0,[8; 1; 1500; 1; 32; 16; 0],0.0810619160765782,0.2255771288263159,tvm
32,1,30,1,256,16,1,[32; 1; 30; 1; 256; 16; 1],0.107076559914276,0.17077233617099366,tvm
32,1,150,1,64,16,1,[32; 1; 150; 1; 64; 16; 1],0.08583272295072675,0.2130389629630113,tvm
20,1,1500,1,32,16,0,[20; 1; 1500; 1; 32; 16; 0],0.07637818052899092,0.23941018441482204,tvm
8,4,3,1,32,16,0,[8; 4; 3; 1; 32; 16; 0],0.07004835549741983,0.2610441623627813,tvm
4,1,60,1,64,16,1,[4; 1; 60; 1; 64; 16; 1],0.08779376139864326,0.20828033785549677,tvm
16,1,500,1,128,128,0,[16; 1; 500; 1; 128; 128; 0],0.07989474257919937,0.22887256026374606,tvm
20,20,15,1,16,16,0,[20; 20; 15; 1; 16; 16; 0],0.07791052001994103,0.2347014790946601,tvm
32,16,3,1,256,128,0,[32; 16; 3; 1; 256; 128; 0],0.07337870344053954,0.24919647565770395,tvm
20,2,50,1,32,16,0,[20; 2; 50; 1; 32; 16; 0],0.07574738247785717,0.24140390977945214,tvm
16,1,12,1,32,16,0,[16; 1; 12; 1; 32; 16; 0],0.07278228201903403,0.2512385401838899,tvm
10,5,1500,1,32,16,0,[10; 5; 1500; 1; 32; 16; 0],0.07856318156700581,0.2327517027822832,tvm
5,1,12,1,128,16,1,[5; 1; 12; 1; 128; 16; 1],0.07080388045869768,0.25825864581505487,tvm
32,1,1500,1,160,16,1,[32; 1; 1500; 1; 160; 16; 1],0.07835010054986924,0.23338469456175834,tvm
16,16,100,1,32,16,0,[16; 16; 100; 1; 32; 16; 0],0.07375199103262275,0.24793519510037307,tvm
10,2,50,1,80,16,0,[10; 2; 50; 1; 80; 16; 0],0.07308635592926294,0.2501932686781131,tvm
10,2,3,1,256,64,1,[10; 2; 3; 1; 256; 64; 1],0.08018819952849299,0.22803497763055386,tvm
32,8,100,1,80,16,1,[32; 8; 100; 1; 80; 16; 1],0.0670682955533266,0.27264319355149186,tvm
32,1,25,1,128,128,0,[32; 1; 25; 1; 128; 128; 0],0.0745760245481506,0.24519561610458293,tvm
4,1,100,1,160,16,1,[4; 1; 100; 1; 160; 16; 1],0.07452433800790459,0.2453656721348504,tvm
32,4,75,1,256,128,0,[32; 4; 75; 1; 256; 128; 0],0.07075891946442425,0.2584227461939674,tvm
20,4,60,1,128,128,0,[20; 4; 60; 1; 128; 128; 0],0.07339777948800474,0.24913170961394937,tvm
32,4,750,1,256,64,1,[32; 4; 750; 1; 256; 64; 1],0.07484200946055353,0.24432420264386429,tvm
8,2,300,1,256,128,1,[8; 2; 300; 1; 256; 128; 1],0.07624538952950388,0.2398271475633088,tvm
8,8,750,1,160,16,1,[8; 8; 750; 1; 160; 16; 1],0.07465576159302145,0.24493373177809186,tvm
8,4,15,1,256,128,1,[8; 4; 15; 1; 256; 128; 1],0.06896274804603308,0.26515350393966974,tvm
10,1,300,1,32,16,1,[10; 1; 300; 1; 32; 16; 1],0.06999898445792496,0.26122827962890627,tvm
10,10,2,1,128,64,1,[10; 10; 2; 1; 128; 64; 1],0.08486998709850013,0.21545560345722548,tvm
32,2,3,1,128,64,1,[32; 2; 3; 1; 128; 64; 1],0.06453634449280798,0.2833397898412432,tvm
16,8,375,1,256,64,1,[16; 8; 375; 1; 256; 64; 1],0.07475530600640923,0.24460757720858692,tvm
20,2,1,1,256,64,1,[20; 2; 1; 1; 256; 64; 1],0.06288001092616469,0.29080329370785,tvm
10,10,750,1,160,16,1,[10; 10; 750; 1; 160; 16; 1],0.0741471010260284,0.2466140150144956,tvm
16,1,750,1,80,16,1,[16; 1; 750; 1; 80; 16; 1],0.06516249058768153,0.280617179005909,tvm
16,4,750,1,16,16,1,[16; 4; 750; 1; 16; 16; 1],0.06521993456408381,0.2803700188896557,tvm
20,20,1,1,32,16,1,[20; 20; 1; 1; 32; 16; 1],0.06159629952162504,0.29686384454466447,tvm
32,1,25,1,64,64,0,[32; 1; 25; 1; 64; 64; 0],0.06486056291032583,0.28192345957582177,tvm
16,8,6,1,64,16,1,[16; 8; 6; 1; 64; 16; 1],0.07539738551713526,0.24252451408356282,tvm
16,4,2,1,32,16,1,[16; 4; 2; 1; 32; 16; 1],0.05869248602539301,0.31155119716351876,tvm
16,1,20,1,16,16,1,[16; 1; 20; 1; 16; 16; 1],0.06520012102555484,0.28045521999180495,tvm
8,1,60,1,32,16,1,[8; 1; 60; 1; 32; 16; 1],0.06336433405522257,0.2885805486376315,tvm
10,5,10,1,64,64,0,[10; 5; 10; 1; 64; 64; 0],0.06586551945656538,0.27762195510767496,tvm
10,2,10,1,64,64,0,[10; 2; 10; 1; 64; 64; 0],0.06582049850840122,0.27781184737426945,tvm
20,1,60,1,256,64,1,[20; 1; 60; 1; 256; 64; 1],0.06998730346094817,0.2612718790618563,tvm
16,1,750,1,64,64,0,[16; 1; 750; 1; 64; 64; 0],0.06242603901773691,0.29291806069128984,tvm
8,1,60,1,128,64,1,[8; 1; 60; 1; 128; 64; 1],0.05976854055188596,0.3059421246841419,tvm
10,1,150,1,128,64,1,[10; 1; 150; 1; 128; 64; 1],0.06114063400309533,0.2990762949037877,tvm
10,1,25,1,80,16,1,[10; 1; 25; 1; 80; 16; 1],0.06715514545794576,0.27229059159979424,tvm
10,2,125,1,80,16,1,[10; 2; 125; 1; 80; 16; 1],0.056110474397428334,0.3258877149424415,tvm
20,2,10,1,64,64,0,[20; 2; 10; 1; 64; 64; 0],0.060993630439043045,0.29979711248683594,tvm
32,32,300,1,256,128,1,[32; 32; 300; 1; 256; 128; 1],0.05570074648130685,0.32828490533517296,tvm
16,1,1,1,256,128,1,[16; 1; 1; 1; 256; 128; 1],0.058840823476202786,0.31076577799951505,tvm
20,1,60,1,80,16,1,[20; 1; 60; 1; 80; 16; 1],0.05306408507749438,0.34459680703078116,tvm
32,8,5,1,128,128,1,[32; 8; 5; 1; 128; 128; 1],0.05656460707541555,0.3232713039327685,tvm
16,1,25,1,160,16,1,[16; 1; 25; 1; 160; 16; 1],0.05260873353108764,0.3475794427727264,tvm
20,20,75,1,256,128,1,[20; 20; 75; 1; 256; 128; 1],0.05296399805229157,0.3452479978505536,tvm
16,1,20,1,160,16,1,[16; 1; 20; 1; 160; 16; 1],0.05287288094405085,0.34584297203445197,tvm
8,8,60,1,80,16,1,[8; 8; 60; 1; 80; 16; 1],0.05717456550337374,0.31982253165763525,tvm
16,16,150,1,160,16,1,[16; 16; 150; 1; 160; 16; 1],0.05289777193684131,0.3456802359756664,tvm
8,1,750,1,64,64,1,[8; 1; 750; 1; 64; 64; 1],0.053968011983670294,0.33882504864635743,tvm
8,2,3,1,64,64,1,[8; 2; 3; 1; 64; 64; 1],0.054533150512725115,0.33531373327582426,tvm
32,32,100,1,16,16,1,[32; 32; 100; 1; 16; 16; 1],0.0917383695486933,0.19932460513164577,tvm
4,4,100,1,64,16,1,[4; 4; 100; 1; 64; 16; 1],0.08783771248999983,0.20817612125083612,tvm
16,1,500,1,80,16,0,[16; 1; 500; 1; 80; 16; 0],0.07648505107499659,0.23907566287410106,tvm
10,5,1,1,16,16,0,[10; 5; 1; 1; 16; 16; 0],0.07870904903393239,0.2323203559203352,tvm
8,1,3,1,128,16,1,[8; 1; 3; 1; 128; 16; 1],0.07165620604064316,0.2551867492864846,tvm
20,1,50,1,32,16,0,[20; 1; 50; 1; 32; 16; 0],0.07659322652034461,0.2387380074771658,tvm
32,32,1,1,256,128,0,[32; 32; 1; 1; 256; 128; 0],0.07966376061085612,0.22953616733004714,tvm
10,5,750,1,32,16,0,[10; 5; 750; 1; 32; 16; 0],0.0783606005134061,0.23335342207575258,tvm
16,2,300,1,32,16,0,[16; 2; 300; 1; 32; 16; 0],0.07496247044764459,0.24393158571908893,tvm
4,4,3,1,128,64,1,[4; 4; 3; 1; 128; 64; 1],0.07122834958136082,0.2567196122497176,tvm
20,5,3,1,256,64,1,[20; 5; 3; 1; 256; 64; 1],0.08071905700489879,0.22653528131039166,tvm
5,1,5,1,128,128,1,[5; 1; 5; 1; 128; 128; 1],0.0734886359423399,0.2488236997630693,tvm
32,2,15,1,256,128,0,[32; 2; 15; 1; 256; 128; 0],0.07528708700556308,0.24287982193232058,tvm
5,1,5,1,128,64,1,[5; 1; 5; 1; 128; 64; 1],0.0753050409257412,0.2428219155175276,tvm
32,16,60,1,64,64,0,[32; 16; 60; 1; 64; 64; 0],0.08020367310382426,0.2279909831815719,tvm
20,20,750,1,64,16,1,[20; 20; 750; 1; 64; 16; 1],0.08023798302747309,0.22789349377654905,tvm
20,4,150,1,128,128,0,[20; 4; 150; 1; 128; 128; 0],0.07161677698604763,0.25532724391208933,tvm
4,4,60,1,160,16,1,[4; 4; 60; 1; 160; 16; 1],0.07569718942977488,0.24156397910490648,tvm
16,2,3,1,128,64,1,[16; 2; 3; 1; 128; 64; 1],0.0736721265129745,0.2482039700930034,tvm
32,16,50,1,80,16,1,[32; 16; 50; 1; 80; 16; 1],0.0664936255197972,0.27499950773882925,tvm
8,1,250,1,256,128,1,[8; 1; 250; 1; 256; 128; 1],0.07561875239480287,0.2418145460830299,tvm
32,2,25,1,160,16,1,[32; 2; 25; 1; 160; 16; 1],0.06620324798859656,0.27620569747369467,tvm
20,10,375,1,128,64,1,[20; 10; 375; 1; 128; 64; 1],0.06683571042958647,0.2735919790211382,tvm
5,1,5,1,128,16,1,[5; 1; 5; 1; 128; 16; 1],0.06713899353053421,0.27235609776304004,tvm
16,8,1,1,256,64,1,[16; 8; 1; 1; 256; 64; 1],0.06366124702617526,0.2872346229440942,tvm
10,10,375,1,32,16,1,[10; 10; 375; 1; 32; 16; 1],0.0712292930111289,0.2567162120064468,tvm
10,5,500,1,128,64,1,[10; 5; 500; 1; 128; 64; 1],0.0701796980574727,0.2605556135442397,tvm
8,2,50,1,256,64,1,[8; 2; 50; 1; 256; 64; 1],0.06888834305573255,0.2654398912007601,tvm
10,1,100,1,16,16,1,[10; 1; 100; 1; 16; 16; 1],0.0721011304995045,0.25361203297415635,tvm
4,1,10,1,64,16,1,[4; 1; 10; 1; 64; 16; 1],0.06654074904508889,0.27480475570426244,tvm
8,2,1,1,16,16,1,[8; 2; 1; 1; 16; 16; 1],0.07335995649918914,0.2492601571528522,tvm
16,2,150,1,16,16,1,[16; 2; 150; 1; 16; 16; 1],0.06534167705103755,0.2798476425915966,tvm
32,8,75,1,256,64,1,[32; 8; 75; 1; 256; 64; 1],0.0668522089254111,0.2735244590962757,tvm
16,8,6,1,256,64,1,[16; 8; 6; 1; 256; 64; 1],0.06582911603618413,0.2777754797081465,tvm
4,1,150,1,64,64,1,[4; 1; 150; 1; 64; 64; 1],0.06356137804687023,0.2876859320487102,tvm
4,1,300,1,64,64,1,[4; 1; 300; 1; 64; 64; 1],0.06352487450931221,0.2878512460978377,tvm
20,5,12,1,256,64,1,[20; 5; 12; 1; 256; 64; 1],0.06669154250994325,0.27418340613411385,tvm
8,8,5,1,32,16,1,[8; 8; 5; 1; 32; 16; 1],0.06065522902645171,0.3014697096888365,tvm
16,1,60,1,64,64,0,[16; 1; 60; 1; 64; 64; 0],0.06158215703908354,0.29693202000230573,tvm
20,5,20,1,256,64,1,[20; 5; 20; 1; 256; 64; 1],0.06286739592906088,0.2908616464144269,tvm
32,8,5,1,64,64,0,[32; 8; 5; 1; 64; 64; 0],0.06435696547850966,0.28412952894462257,tvm
20,2,75,1,256,64,1,[20; 2; 75; 1; 256; 64; 1],0.061148155480623245,0.29903950727522277,tvm
16,8,100,1,256,64,1,[16; 8; 100; 1; 256; 64; 1],0.0584046560106799,0.31308658478136664,tvm
20,2,2,1,256,128,1,[20; 2; 2; 1; 256; 128; 1],0.05515250493772328,0.3315482099382797,tvm
8,8,30,1,128,64,1,[8; 8; 30; 1; 128; 64; 1],0.05947842902969569,0.3074343856086853,tvm
32,32,5,1,256,128,1,[32; 32; 5; 1; 256; 128; 1],0.07748668047133833,0.23598525804029014,tvm
10,1,12,1,128,64,1,[10; 1; 12; 1; 128; 64; 1],0.06081117352005094,0.30069661917780677,tvm
16,1,30,1,80,16,1,[16; 1; 30; 1; 80; 16; 1],0.05329056002665311,0.3431323348181881,tvm
8,4,12,1,80,16,1,[8; 4; 12; 1; 80; 16; 1],0.05795916146598756,0.31549307862994147,tvm
20,10,4,1,80,16,1,[20; 10; 4; 1; 80; 16; 1],0.06746643106453121,0.2710342609975044,tvm
20,5,100,1,80,16,1,[20; 5; 100; 1; 80; 16; 1],0.05275435699149966,0.3466199822824241,tvm
20,1,50,1,128,128,1,[20; 1; 50; 1; 128; 128; 1],0.05946404847782105,0.3075087343327205,tvm
20,20,375,1,256,128,1,[20; 20; 375; 1; 256; 128; 1],0.05609698302578181,0.3259660912122545,tvm
10,5,125,1,160,16,1,[10; 5; 125; 1; 160; 16; 1],0.05613549053668976,0.32574248680988854,tvm
16,2,1500,1,128,128,1,[16; 2; 1500; 1; 128; 128; 1],0.05084780650213361,0.35961658021466486,tvm
20,20,12,1,256,128,1,[20; 20; 12; 1; 256; 128; 1],0.05789370054844767,0.31584980943500235,tvm
16,8,6,1,80,16,1,[16; 8; 6; 1; 80; 16; 1],0.05999966093804687,0.3047636269910816,tvm
16,8,30,1,128,128,1,[16; 8; 30; 1; 128; 128; 1],0.056258474476635456,0.32503039685707213,tvm
16,16,60,1,80,16,1,[16; 16; 60; 1; 80; 16; 1],0.050742252031341195,0.36036465772981513,tvm
4,2,3,1,80,16,1,[4; 2; 3; 1; 80; 16; 1],0.04775491351028904,0.38290749457172685,tvm
10,2,10,1,160,16,1,[10; 2; 10; 1; 160; 16; 1],0.04694991704309359,0.389472770930149,tvm
8,4,100,1,64,64,1,[8; 4; 100; 1; 64; 64; 1],0.05475761042907834,0.33393923040885454,tvm
10,10,2,1,64,64,1,[10; 10; 2; 1; 64; 64; 1],0.052277217037044466,0.34978362128107815,tvm
20,10,375,1,64,64,1,[20; 10; 375; 1; 64; 64; 1],0.05001063505187631,0.36563651444830514,tvm
2,1,4,1,80,16,1,[2; 1; 4; 1; 80; 16; 1],0.07125770940911025,0.25661383781972186,tvm
32,4,150,1,16,16,1,[32; 4; 150; 1; 16; 16; 1],0.0825168420560658,0.22159978290601715,tvm
5,1,1500,1,160,16,1,[5; 1; 1500; 1; 160; 16; 1],0.08993806899525225,0.2033145084166703,tvm
8,2,12,1,16,16,0,[8; 2; 12; 1; 16; 16; 0],0.08136591990478337,0.2247343151421717,tvm
16,8,100,1,128,128,0,[16; 8; 100; 1; 128; 128; 0],0.07893561257515103,0.23165354254146422,tvm
4,4,1500,1,80,16,1,[4; 4; 1500; 1; 80; 16; 1],0.08901531901210546,0.20542210586503157,tvm
16,2,1,1,16,16,0,[16; 2; 1; 1; 16; 16; 0],0.07434926356654614,0.24594344864421824,tvm
8,4,10,1,16,16,0,[8; 4; 10; 1; 16; 16; 0],0.08144377695862204,0.22451947795845034,tvm
5,1,750,1,80,16,1,[5; 1; 750; 1; 80; 16; 1],0.08599015441723168,0.21264892951570266,tvm
20,1,6,1,16,16,0,[20; 1; 6; 1; 16; 16; 0],0.0773105975240469,0.23652273907243634,tvm
5,5,3,1,256,16,1,[5; 5; 3; 1; 256; 16; 1],0.0797758154803887,0.22921375576799297,tvm
16,1,10,1,80,16,0,[16; 1; 10; 1; 80; 16; 0],0.07993950496893376,0.22874440231798426,tvm
32,32,5,1,80,16,1,[32; 32; 5; 1; 80; 16; 1],0.0768442174885422,0.23795823398736235,tvm
16,4,3,1,16,16,0,[16; 4; 3; 1; 16; 16; 0],0.07368123601190746,0.24817328366694574,tvm
10,10,300,1,32,16,0,[10; 10; 300; 1; 32; 16; 0],0.0773405795916915,0.23643104799900772,tvm
20,20,30,1,128,128,0,[20; 20; 30; 1; 128; 128; 0],0.07822297303937376,0.23376398997913467,tvm
20,20,750,1,256,128,0,[20; 20; 750; 1; 256; 128; 0],0.07721330842468888,0.23682075873681185,tvm
8,4,1500,1,64,16,1,[8; 4; 1500; 1; 64; 16; 1],0.08751387801021338,0.20894645171112447,tvm
32,16,750,1,128,128,0,[32; 16; 750; 1; 128; 128; 0],0.07357844000216573,0.2485200051153036,tvm
32,8,15,1,128,128,0,[32; 8; 15; 1; 128; 128; 0],0.07224430399946868,0.25310942556590715,tvm
20,4,2,1,128,128,0,[20; 4; 2; 1; 128; 128; 0],0.06651511299423873,0.2749106701103871,tvm
20,5,3,1,128,64,1,[20; 5; 3; 1; 128; 64; 1],0.08002193900756538,0.2285087628779594,tvm
32,1,6,1,128,128,0,[32; 1; 6; 1; 128; 128; 0],0.07106275751721114,0.2573178261663369,tvm
32,1,30,1,256,128,0,[32; 1; 30; 1; 256; 128; 0],0.07245845848228782,0.2523613484019144,tvm
20,2,125,1,128,128,0,[20; 2; 125; 1; 128; 128; 0],0.07234498497564346,0.2527571785642167,tvm
32,4,125,1,80,16,1,[32; 4; 125; 1; 80; 16; 1],0.06738934654276818,0.2713442884345137,tvm
32,32,125,1,64,64,0,[32; 32; 125; 1; 64; 64; 0],0.06768940750043839,0.2701414440006121,tvm
20,2,60,1,256,128,0,[20; 2; 60; 1; 256; 128; 0],0.07215553906280547,0.2534207979486935,tvm
8,2,300,1,64,64,0,[8; 2; 300; 1; 64; 64; 0],0.06796329095959663,0.2690528081782403,tvm
10,5,375,1,256,64,1,[10; 5; 375; 1; 256; 64; 1],0.07544793491251767,0.24236202497678278,tvm
32,2,3,1,128,64,1,[32; 2; 3; 1; 128; 64; 1],0.06523667240981013,0.28029808404152334,tvm
10,2,12,1,16,16,1,[10; 2; 12; 1; 16; 16; 1],0.07188098505139351,0.2543887548652868,tvm
16,4,5,1,128,64,1,[16; 4; 5; 1; 128; 64; 1],0.065697027486749,0.2783339670794465,tvm
16,16,4,1,64,16,1,[16; 16; 4; 1; 64; 16; 1],0.07078085001558065,0.25834267717453435,tvm
10,2,20,1,256,64,1,[10; 2; 20; 1; 256; 64; 1],0.06669296300970018,0.2741775662756911,tvm
10,2,4,1,64,16,1,[10; 2; 4; 1; 64; 16; 1],0.06554983754176646,0.27895895659639364,tvm
16,16,20,1,16,16,1,[16; 16; 20; 1; 16; 16; 1],0.06606710003688931,0.2767748890976636,tvm
8,1,500,1,128,128,1,[8; 1; 500; 1; 128; 128; 1],0.06688514549750835,0.27338976613866345,tvm
16,1,2,1,32,16,1,[16; 1; 2; 1; 32; 16; 1],0.06552001100499183,0.279085946495356,tvm
32,2,10,1,128,64,1,[32; 2; 10; 1; 128; 64; 1],0.06561592291109264,0.27867800183944397,tvm
8,2,60,1,32,16,1,[8; 2; 60; 1; 32; 16; 1],0.06314356601797044,0.28958950909598985,tvm
10,10,15,1,32,16,1,[10; 10; 15; 1; 32; 16; 1],0.06112499698065221,0.29915280472737255,tvm
20,20,30,1,64,64,0,[20; 20; 30; 1; 64; 64; 0],0.058776965481229126,0.31110340821446403,tvm
5,1,10,1,64,64,1,[5; 1; 10; 1; 64; 64; 1],0.05838541348930448,0.3131897710900688,tvm
10,2,60,1,128,128,1,[10; 2; 60; 1; 128; 128; 1],0.06369402958080173,0.2870867867217787,tvm
20,10,3,1,64,64,0,[20; 10; 3; 1; 64; 64; 0],0.061242296476848423,0.2985798269767183,tvm
16,4,12,1,64,64,0,[16; 4; 12; 1; 64; 64; 0],0.06368094542995095,0.28714577276225545,tvm
20,4,50,1,128,64,1,[20; 4; 50; 1; 128; 64; 1],0.06008327205199748,0.30433952182047275,tvm
5,1,500,1,64,64,1,[5; 1; 500; 1; 64; 64; 1],0.0584472119808197,0.3128586234654787,tvm
20,5,2,1,256,128,1,[20; 5; 2; 1; 256; 128; 1],0.05506475700531155,0.33207654551077825,tvm
16,4,20,1,128,64,1,[16; 4; 20; 1; 128; 64; 1],0.05810450855642557,0.3147038799572143,tvm
16,8,20,1,128,64,1,[16; 8; 20; 1; 128; 64; 1],0.05834665207657963,0.3133978323505931,tvm
20,1,15,1,256,128,1,[20; 1; 15; 1; 256; 128; 1],0.06004295393358916,0.3045438821337688,tvm
32,16,15,1,256,128,1,[32; 16; 15; 1; 256; 128; 1],0.05914917541667819,0.30914571770274074,tvm
16,8,1,1,256,128,1,[16; 8; 1; 1; 256; 128; 1],0.055801259935833514,0.32769357370678065,tvm
20,20,1,1,128,128,1,[20; 20; 1; 1; 128; 128; 1],0.054103821399621665,0.33797454251248427,tvm
16,2,100,1,160,16,1,[16; 2; 100; 1; 160; 16; 1],0.051944620558060706,0.35202325263451617,tvm
4,4,5,1,80,16,1,[4; 4; 5; 1; 80; 16; 1],0.04447638971032575,0.41113306194160426,tvm
20,10,25,1,160,16,1,[20; 10; 25; 1; 160; 16; 1],0.05379581649322063,0.3399095966508597,tvm
16,16,20,1,160,16,1,[16; 16; 20; 1; 160; 16; 1],0.053207266493700445,0.34366949273515585,tvm
8,1,75,1,64,64,1,[8; 1; 75; 1; 64; 64; 1],0.05423126893583685,0.33718027707131165,tvm
20,5,5,1,64,64,1,[20; 5; 5; 1; 64; 64; 1],0.052132484037429094,0.3507547093398783,tvm
10,10,4,1,160,16,1,[10; 10; 4; 1; 160; 16; 1],0.04093620553612709,0.4466880612463397,tvm
16,4,25,1,64,64,1,[16; 4; 25; 1; 64; 64; 1],0.04991644050460309,0.3663264868421067,tvm
8,2,75,1,128,16,1,[8; 2; 75; 1; 128; 16; 1],0.09313781990204006,0.19632963606993084,tvm
32,8,2,1,256,16,1,[32; 8; 2; 1; 256; 16; 1],0.13964390405453742,0.13094530985450584,tvm
32,2,75,1,16,16,1,[32; 2; 75; 1; 16; 16; 1],0.07986657449509948,0.2289532811606472,tvm
4,4,3,1,64,64,0,[4; 4; 3; 1; 64; 64; 0],0.08771639748010784,0.2084640364974073,tvm
32,8,250,1,16,16,1,[32; 8; 250; 1; 16; 16; 1],0.08534163353033364,0.2142648731842572,tvm
16,16,12,1,128,128,0,[16; 16; 12; 1; 128; 128; 0],0.08131263451650739,0.2248815869076543,tvm
5,1,300,1,80,16,1,[5; 1; 300; 1; 80; 16; 1],0.07926582195796072,0.23068850904507449,tvm
32,16,5,1,256,16,1,[32; 16; 5; 1; 256; 16; 1],0.11882538511417806,0.15388727137844946,tvm
16,2,750,1,256,128,0,[16; 2; 750; 1; 256; 128; 0],0.07645395549479872,0.23917290043885686,tvm
16,2,375,1,256,128,0,[16; 2; 375; 1; 256; 128; 0],0.07930029253475368,0.23058823241667736,tvm
2,1,3,1,160,16,1,[2; 1; 3; 1; 160; 16; 1],0.07958915294148028,0.22975133683303894,tvm
20,1,30,1,80,16,0,[20; 1; 30; 1; 80; 16; 0],0.07848528295289725,0.23298271469172652,tvm
4,4,150,1,128,64,1,[4; 4; 150; 1; 128; 64; 1],0.07644754799548537,0.23919294686592377,tvm
16,2,1500,1,80,16,0,[16; 2; 1500; 1; 80; 16; 0],0.07599489693529904,0.2406176601737151,tvm
8,1,375,1,80,16,0,[8; 1; 375; 1; 80; 16; 0],0.08066084049642086,0.2266987818770085,tvm
10,2,4,1,16,16,0,[10; 2; 4; 1; 16; 16; 0],0.07893486600369215,0.23165573353679955,tvm
10,5,12,1,16,16,0,[10; 5; 12; 1; 16; 16; 0],0.0787577050505206,0.2321768298604508,tvm
32,1,500,1,80,16,1,[32; 1; 500; 1; 80; 16; 1],0.07920813199598342,0.23085652728991943,tvm
32,16,250,1,32,16,1,[32; 16; 250; 1; 32; 16; 1],0.07724194251932204,0.23673296772851257,tvm
10,1,3,1,256,128,1,[10; 1; 3; 1; 256; 128; 1],0.07796352705918252,0.23454190665121533,tvm
16,1,500,1,32,16,0,[16; 1; 500; 1; 32; 16; 0],0.07478939299471676,0.24449609167179653,tvm
20,10,20,1,16,16,0,[20; 10; 20; 1; 16; 16; 0],0.07621439802460372,0.2399246698742047,tvm
16,8,100,1,80,16,0,[16; 8; 100; 1; 80; 16; 0],0.07417609251569957,0.2465176267116533,tvm
20,10,100,1,128,128,0,[20; 10; 100; 1; 128; 128; 0],0.07781684247311205,0.2349840176570069,tvm
16,8,75,1,32,16,0,[16; 8; 75; 1; 32; 16; 0],0.07258501404430717,0.2519213439092588,tvm
32,2,12,1,256,128,0,[32; 2; 12; 1; 256; 128; 0],0.07596987602300942,0.24069690834003718,tvm
32,2,375,1,128,128,0,[32; 2; 375; 1; 128; 128; 0],0.0738418831024319,0.2476333689966808,tvm
32,1,20,1,256,128,0,[32; 1; 20; 1; 256; 128; 0],0.07424183504190296,0.24629933076672494,tvm
20,1,25,1,128,128,0,[20; 1; 25; 1; 128; 128; 0],0.07483933796174824,0.24433292415093852,tvm
20,5,250,1,128,128,0,[20; 5; 250; 1; 128; 128; 0],0.07230273052118719,0.25290489244186903,tvm
32,1,100,1,80,16,1,[32; 1; 100; 1; 80; 16; 1],0.0668571509886533,0.27350424023927755,tvm
5,5,3,1,128,64,1,[5; 5; 3; 1; 128; 64; 1],0.06704796850681305,0.27272585125164817,tvm
5,5,100,1,128,64,1,[5; 5; 100; 1; 128; 64; 1],0.06800861202646047,0.2688735108812362,tvm
32,2,100,1,160,16,1,[32; 2; 100; 1; 160; 16; 1],0.06579469004645944,0.2779208211605259,tvm
16,4,4,1,64,16,1,[16; 4; 4; 1; 64; 16; 1],0.08938108198344707,0.20458148279185867,tvm
16,2,375,1,32,16,1,[16; 2; 375; 1; 32; 16; 1],0.06501609401311725,0.2812490439986301,tvm
8,4,60,1,256,64,1,[8; 4; 60; 1; 256; 64; 1],0.06874986446928233,0.2659745503045232,tvm
10,10,250,1,128,64,1,[10; 10; 250; 1; 128; 64; 1],0.06647987803444266,0.2750563753477498,tvm
20,1,10,1,16,16,1,[20; 1; 10; 1; 16; 16; 1],0.06621874205302447,0.2761410700171872,tvm
16,1,15,1,16,16,1,[16; 1; 15; 1; 16; 16; 1],0.06536464905366302,0.27974929186420167,tvm
10,2,100,1,256,64,1,[10; 2; 100; 1; 256; 64; 1],0.06441778701264411,0.28386126151966556,tvm
16,1,5,1,128,64,1,[16; 1; 5; 1; 128; 64; 1],0.06617275497410446,0.27633297560106235,tvm
32,1,25,1,256,64,1,[32; 1; 25; 1; 256; 64; 1],0.06702891795430332,0.2728033637389238,tvm
32,1,50,1,64,64,0,[32; 1; 50; 1; 64; 64; 0],0.06336124404333532,0.28859462218273285,tvm
4,4,2,1,64,64,1,[4; 4; 2; 1; 64; 64; 1],0.060961015056818724,0.29995751003606297,tvm
4,4,5,1,64,64,1,[4; 4; 5; 1; 64; 64; 1],0.06080252444371581,0.3007393928625638,tvm
8,8,20,1,32,16,1,[8; 8; 20; 1; 32; 16; 1],0.06314042455051094,0.2896039172350848,tvm
20,5,125,1,32,16,1,[20; 5; 125; 1; 32; 16; 1],0.058273338014259934,0.31379212018435654,tvm
32,4,2,1,64,64,0,[32; 4; 2; 1; 64; 64; 0],0.06021922954823822,0.30365241174443514,tvm
16,8,1,1,64,64,0,[16; 8; 1; 1; 64; 64; 0],0.06009159400127828,0.3042973745267152,tvm
20,2,12,1,128,64,1,[20; 2; 12; 1; 128; 64; 1],0.06302851042710245,0.29011814116824464,tvm
8,1,30,1,80,16,1,[8; 1; 30; 1; 80; 16; 1],0.06872696697246283,0.26606316401305635,tvm
10,1,75,1,80,16,1,[10; 1; 75; 1; 80; 16; 1],0.05585380946286023,0.32738526631515263,tvm
20,5,20,1,80,16,1,[20; 5; 20; 1; 80; 16; 1],0.0560447215102613,0.3262700535030107,tvm
16,4,250,1,80,16,1,[16; 4; 250; 1; 80; 16; 1],0.05456988851074129,0.33508799055206073,tvm
20,1,60,1,80,16,1,[20; 1; 60; 1; 80; 16; 1],0.05350136593915522,0.34178032588008755,tvm
32,1,1,1,128,128,1,[32; 1; 1; 1; 128; 128; 1],0.058362361043691635,0.3133134773630064,tvm
32,16,250,1,128,128,1,[32; 16; 250; 1; 128; 128; 1],0.05567727598827332,0.32842329228832245,tvm
32,4,125,1,256,128,1,[32; 4; 125; 1; 256; 128; 1],0.05911548447329551,0.3093219052272941,tvm
20,5,75,1,128,128,1,[20; 5; 75; 1; 128; 128; 1],0.055914890486747026,0.32702763300678156,tvm
32,8,5,1,64,64,1,[32; 8; 5; 1; 64; 64; 1],0.0538808616111055,0.3393730860819304,tvm
16,2,75,1,160,16,1,[16; 2; 75; 1; 160; 16; 1],0.051846445887349546,0.3526898319210724,tvm
20,10,6,1,160,16,1,[20; 10; 6; 1; 160; 16; 1],0.05574277997948229,0.3280373582452268,tvm
10,1,3,1,160,16,1,[10; 1; 3; 1; 160; 16; 1],0.048843303753528744,0.37437505001682475,tvm
10,2,1,1,256,16,1,[10; 2; 1; 1; 256; 16; 1],0.07997366855852306,0.2286466860318304,tvm
20,10,1,1,128,16,1,[20; 10; 1; 1; 128; 16; 1],0.09533025894779712,0.19181437759156356,tvm
20,2,6,1,80,16,0,[20; 2; 6; 1; 80; 16; 0],0.0820442164549604,0.22287633517412586,tvm
20,1,1,1,128,16,1,[20; 1; 1; 1; 128; 16; 1],0.11781314597465098,0.15520945590951873,tvm
4,1,250,1,64,64,0,[4; 1; 250; 1; 64; 64; 0],0.09191170346457511,0.19894870398917178,tvm
4,4,2,1,256,128,1,[4; 4; 2; 1; 256; 128; 1],0.09497109847143292,0.19253977873294353,tvm
16,16,50,1,256,128,0,[16; 16; 50; 1; 256; 128; 0],0.08035992202349007,0.2275476857776091,tvm
20,5,750,1,128,16,1,[20; 5; 750; 1; 128; 16; 1],0.10299832699820399,0.1775340902967593,tvm
5,1,60,1,16,16,1,[5; 1; 60; 1; 16; 16; 1],0.0863651764811948,0.21172554761925172,tvm
16,2,1,1,128,16,1,[16; 2; 1; 1; 128; 16; 1],0.08767443103715777,0.20856382036815865,tvm
20,1,1,1,16,16,0,[20; 1; 1; 1; 16; 16; 0],0.07710330549161881,0.23715862982945599,tvm
20,20,10,1,80,16,0,[20; 20; 10; 1; 80; 16; 0],0.08126768749207258,0.2250059630095664,tvm
5,1,25,1,64,64,0,[5; 1; 25; 1; 64; 64; 0],0.08336169004905969,0.2193539295442889,tvm
10,10,6,1,80,16,0,[10; 10; 6; 1; 80; 16; 0],0.07108645047992468,0.2572320626823012,tvm
8,2,4,1,16,16,0,[8; 2; 4; 1; 16; 16; 0],0.0815851999213919,0.2241302871517474,tvm
8,8,3,1,16,16,0,[8; 8; 3; 1; 16; 16; 0],0.08087674842681736,0.22609358859500162,tvm
5,1,1,1,256,16,1,[5; 1; 1; 1; 256; 16; 1],0.11269502202048898,0.16225840288127172,tvm
16,8,2,1,16,16,0,[16; 8; 2; 1; 16; 16; 0],0.07500772993080318,0.24378439798915916,tvm
32,1,5,1,80,16,1,[32; 1; 5; 1; 80; 16; 1],0.07673900260124356,0.23828449244684302,tvm
8,8,12,1,80,16,0,[8; 8; 12; 1; 80; 16; 0],0.07683648797683418,0.23798217184558643,tvm
16,4,3,1,16,16,0,[16; 4; 3; 1; 16; 16; 0],0.07320114492904395,0.2498009328056163,tvm
16,8,250,1,80,16,0,[16; 8; 250; 1; 80; 16; 0],0.07341176748741418,0.24908423964658277,tvm
20,10,125,1,128,128,0,[20; 10; 125; 1; 128; 128; 0],0.07659559696912766,0.23873061911227692,tvm
32,4,5,1,160,16,1,[32; 4; 5; 1; 160; 16; 1],0.07427046855445951,0.24620437492334005,tvm
4,2,12,1,128,16,1,[4; 2; 12; 1; 128; 16; 1],0.10270715900696814,0.17803738768077207,tvm
32,4,50,1,128,128,0,[32; 4; 50; 1; 128; 128; 0],0.07339874701574445,0.24912842560911697,tvm
32,8,750,1,256,64,1,[32; 8; 750; 1; 256; 64; 1],0.07638188544660807,0.23939857177911952,tvm
8,8,20,1,64,64,0,[8; 8; 20; 1; 64; 64; 0],0.07081029249820858,0.25823525988367996,tvm
8,1,750,1,32,16,1,[8; 1; 750; 1; 32; 16; 1],0.07325513649266213,0.24961682089754816,tvm
8,8,125,1,64,64,0,[8; 8; 125; 1; 64; 64; 0],0.07139681105036288,0.25611387983163075,tvm
32,32,2,1,256,64,1,[32; 32; 2; 1; 256; 64; 1],0.11114553594961762,0.1645204562601886,tvm
5,5,2,1,128,64,1,[5; 5; 2; 1; 128; 64; 1],0.07149985455907881,0.2557447759646167,tvm
32,1,12,1,160,16,1,[32; 1; 12; 1; 160; 16; 1],0.06779267895035446,0.26972992613413577,tvm
32,4,125,1,160,16,1,[32; 4; 125; 1; 160; 16; 1],0.06615655997302383,0.27640062139220234,tvm
20,10,1500,1,128,64,1,[20; 10; 1500; 1; 128; 64; 1],0.06580923148430884,0.27785941080430676,tvm
20,1,1500,1,32,16,1,[20; 1; 1500; 1; 32; 16; 1],0.06612271396443248,0.27654210163772475,tvm
20,20,375,1,32,16,1,[20; 20; 375; 1; 32; 16; 1],0.06603726593311876,0.276899929567552,tvm
8,1,1,1,128,64,1,[8; 1; 1; 1; 128; 64; 1],0.06691659998614341,0.27326125788669414,tvm
20,1,6,1,64,64,0,[20; 1; 6; 1; 64; 64; 0],0.06599727796856314,0.27706770413204657,tvm
10,2,125,1,16,16,1,[10; 2; 125; 1; 16; 16; 1],0.0722075590165332,0.2532382278914518,tvm
8,8,150,1,64,16,1,[8; 8; 150; 1; 64; 16; 1],0.07265050802379847,0.2516942383902443,tvm
8,4,100,1,64,16,1,[8; 4; 100; 1; 64; 16; 1],0.06953971751499921,0.2629535312933963,tvm
16,4,375,1,16,16,1,[16; 4; 375; 1; 16; 16; 1],0.06523275095969439,0.28031493408905217,tvm
32,8,1,1,128,64,1,[32; 8; 1; 1; 128; 64; 1],0.06497443153057247,0.28142938468203904,tvm
20,5,250,1,64,16,1,[20; 5; 250; 1; 64; 16; 1],0.06851185706909746,0.2668985350560893,tvm
16,4,300,1,80,16,1,[16; 4; 300; 1; 80; 16; 1],0.06295371253509074,0.2904628424498671,tvm
10,5,2,1,64,16,1,[10; 5; 2; 1; 64; 16; 1],0.05701850645709783,0.3206978825282441,tvm
16,2,125,1,16,16,1,[16; 2; 125; 1; 16; 16; 1],0.0654306469950825,0.27946711710016514,tvm
10,10,250,1,64,64,0,[10; 10; 250; 1; 64; 64; 0],0.06537611910607666,0.27970021065405587,tvm
10,2,60,1,32,16,1,[10; 2; 60; 1; 32; 16; 1],0.0606860879343003,0.301316412181828,tvm
20,5,50,1,256,64,1,[20; 5; 50; 1; 256; 64; 1],0.06310807610861957,0.28975236472494437,tvm
5,1,3,1,64,16,1,[5; 1; 3; 1; 64; 16; 1],0.05773987446445972,0.3166912719384173,tvm
5,5,75,1,64,64,1,[5; 5; 75; 1; 64; 64; 1],0.059325165464542806,0.3082286267982381,tvm
20,2,3,1,64,64,0,[20; 2; 3; 1; 64; 64; 0],0.06278768996708095,0.29123088132882946,tvm
32,32,375,1,256,128,1,[32; 32; 375; 1; 256; 128; 1],0.054894353030249476,0.33310738311530813,tvm
32,32,4,1,128,128,1,[32; 32; 4; 1; 128; 128; 1],0.056727743009105325,0.3223416500596412,tvm
4,1,10,1,80,16,1,[4; 1; 10; 1; 80; 16; 1],0.049570188217330724,0.3688853107747781,tvm
32,1,12,1,128,128,1,[32; 1; 12; 1; 128; 128; 1],0.05886344343889505,0.31064635735584034,tvm
20,1,60,1,80,16,1,[20; 1; 60; 1; 80; 16; 1],0.05305345344822854,0.34466586239401253,tvm
20,4,2,1,128,128,1,[20; 4; 2; 1; 128; 128; 1],0.0563618210144341,0.3244344124550441,tvm
32,32,2,1,64,64,1,[32; 32; 2; 1; 64; 64; 1],0.0617993624182418,0.2958883970672932,tvm
8,1,10,1,64,64,1,[8; 1; 10; 1; 64; 64; 1],0.05557395645882934,0.3290338757734628,tvm
10,2,50,1,64,64,1,[10; 2; 50; 1; 64; 64; 1],0.05263612198177725,0.34739858479780944,tvm
16,4,250,1,64,64,1,[16; 4; 250; 1; 64; 64; 1],0.0489574862876907,0.3735019028195456,tvm
8,2,30,1,32,16,0,[8; 2; 30; 1; 32; 16; 0],0.0748165639815852,0.24440729849896606,tvm
20,5,1500,1,32,16,0,[20; 5; 1500; 1; 32; 16; 0],0.07705871597863734,0.23729586009171966,tvm
8,1,25,1,80,16,0,[8; 1; 25; 1; 80; 16; 0],0.07648659509140998,0.2390708367114633,tvm
5,5,30,1,64,16,1,[5; 5; 30; 1; 64; 16; 1],0.08213413960766047,0.22263232284482126,tvm
32,16,10,1,256,128,0,[32; 16; 10; 1; 256; 128; 0],0.07310105953365564,0.25014294460801306,tvm
20,10,60,1,128,128,0,[20; 10; 60; 1; 128; 128; 0],0.07813668344169855,0.23402214530078075,tvm
32,4,5,1,160,16,1,[32; 4; 5; 1; 160; 16; 1],0.07414005557075143,0.24663745049751595,tvm
10,2,1,1,256,128,1,[10; 2; 1; 1; 256; 128; 1],0.07008647744078189,0.2609021733352831,tvm
10,5,75,1,32,16,0,[10; 5; 75; 1; 32; 16; 0],0.07335748395416886,0.24926855857186364,tvm
32,16,25,1,64,64,0,[32; 16; 25; 1; 64; 64; 0],0.08033708552829921,0.2276123681294492,tvm
32,8,10,1,128,128,0,[32; 8; 10; 1; 128; 128; 0],0.07162325351964682,0.25530415594285133,tvm
32,1,75,1,128,128,0,[32; 1; 75; 1; 128; 128; 0],0.07359647448174655,0.24845910642431007,tvm
32,2,3,1,128,128,0,[32; 2; 3; 1; 128; 128; 0],0.07151775644160807,0.2556807595138136,tvm
20,4,250,1,128,128,0,[20; 4; 250; 1; 128; 128; 0],0.07300839701201767,0.2504604269383471,tvm
8,2,500,1,32,16,1,[8; 2; 500; 1; 32; 16; 1],0.07325223402585834,0.24962671144281215,tvm
20,5,1500,1,256,64,1,[20; 5; 1500; 1; 256; 64; 1],0.07071328803431243,0.2585895069232455,tvm
10,5,375,1,80,16,1,[10; 5; 375; 1; 80; 16; 1],0.07028996804729104,0.26014685727857595,tvm
10,2,300,1,128,64,1,[10; 2; 300; 1; 128; 64; 1],0.06916713190730661,0.26436999455492294,tvm
8,4,10,1,16,16,1,[8; 4; 10; 1; 16; 16; 1],0.07293222052976489,0.2507220286574378,tvm
8,4,25,1,16,16,1,[8; 4; 25; 1; 16; 16; 1],0.0734564169542864,0.24893283723726825,tvm
16,16,5,1,64,16,1,[16; 16; 5; 1; 64; 16; 1],0.0747857055393979,0.24450814702926324,tvm
10,10,2,1,128,128,1,[10; 10; 2; 1; 128; 128; 1],0.06640991650056094,0.27534614180037154,tvm
8,8,50,1,16,16,1,[8; 8; 50; 1; 16; 16; 1],0.07333354640286416,0.24934992486603796,tvm
8,2,250,1,128,64,1,[8; 2; 250; 1; 128; 64; 1],0.06746025756001472,0.27105906421194365,tvm
10,1,75,1,64,16,1,[10; 1; 75; 1; 64; 16; 1],0.0670499624684453,0.2727177408088754,tvm
5,1,4,1,32,16,1,[5; 1; 4; 1; 32; 16; 1],0.07006258249748498,0.26099115439215625,tvm
8,2,12,1,64,16,1,[8; 2; 12; 1; 64; 16; 1],0.06854620948433876,0.2667647769770866,tvm
20,2,15,1,16,16,1,[20; 2; 15; 1; 16; 16; 1],0.06626295344904065,0.275956825555276,tvm
4,4,1,1,32,16,1,[4; 4; 1; 1; 32; 16; 1],0.05843684158753604,0.3129141443813835,tvm
16,2,30,1,64,16,1,[16; 2; 30; 1; 64; 16; 1],0.06317552248947322,0.28944302421497486,tvm
16,2,20,1,16,16,1,[16; 2; 20; 1; 16; 16; 1],0.06524215161334723,0.2802745438881785,tvm
32,8,100,1,128,64,1,[32; 8; 100; 1; 128; 64; 1],0.06543437705840915,0.2794511861768284,tvm
8,8,150,1,128,128,1,[8; 8; 150; 1; 128; 128; 1],0.06650386098772287,0.2749571831489599,tvm
10,10,375,1,64,64,0,[10; 10; 375; 1; 64; 64; 0],0.06519985699560493,0.28045635570867755,tvm
10,2,20,1,32,16,1,[10; 2; 20; 1; 32; 16; 1],0.06102176650892943,0.2996588812786746,tvm
10,5,10,1,32,16,1,[10; 5; 10; 1; 32; 16; 1],0.05986471148207784,0.30545063749599166,tvm
10,10,4,1,128,128,1,[10; 10; 4; 1; 128; 128; 1],0.06288556405343115,0.2907776142419221,tvm
20,4,4,1,80,16,1,[20; 4; 4; 1; 80; 16; 1],0.06625624699518085,0.2759847578907435,tvm
16,2,25,1,32,16,1,[16; 2; 25; 1; 32; 16; 1],0.056058763060718775,0.32618832966236755,tvm
20,20,125,1,32,16,1,[20; 20; 125; 1; 32; 16; 1],0.05852492852136493,0.3124431716142799,tvm
32,8,4,1,64,64,0,[32; 8; 4; 1; 64; 64; 0],0.06310340308118612,0.28977382189972667,tvm
10,10,100,1,128,128,1,[10; 10; 100; 1; 128; 128; 1],0.06250535999424756,0.292546339824251,tvm
32,4,60,1,64,64,0,[32; 4; 60; 1; 64; 64; 0],0.06348245951812714,0.28804357021631904,tvm
16,8,750,1,64,64,0,[16; 8; 750; 1; 64; 64; 0],0.060492884018458426,0.3022787652202976,tvm
8,4,20,1,128,64,1,[8; 4; 20; 1; 128; 64; 1],0.060652089421637356,0.3014853150168796,tvm
20,4,125,1,64,64,0,[20; 4; 125; 1; 64; 64; 0],0.06085053598508239,0.30050210716627146,tvm
8,2,150,1,80,16,1,[8; 2; 150; 1; 80; 16; 1],0.058935645036399364,0.31026578693455903,tvm
10,5,25,1,80,16,1,[10; 5; 25; 1; 80; 16; 1],0.06628317793365568,0.27587262493685605,tvm
16,4,5,1,80,16,1,[16; 4; 5; 1; 80; 16; 1],0.0598221814725548,0.3056677947142967,tvm
10,5,125,1,80,16,1,[10; 5; 125; 1; 80; 16; 1],0.05546627752482891,0.3296726425805098,tvm
32,2,1500,1,256,128,1,[32; 2; 1500; 1; 256; 128; 1],0.06219657545443624,0.2939987314753362,tvm
16,2,10,1,80,16,1,[16; 2; 10; 1; 80; 16; 1],0.05389688198920339,0.3392722103920089,tvm
32,32,3,1,64,64,1,[32; 32; 3; 1; 64; 64; 1],0.05987779248971492,0.3053839082136367,tvm
20,5,375,1,256,128,1,[20; 5; 375; 1; 256; 128; 1],0.06240661442279816,0.2930092339544415,tvm
16,4,4,1,160,16,1,[16; 4; 4; 1; 160; 16; 1],0.07081645750440657,0.25821277892326727,tvm
20,4,1,1,160,16,1,[20; 4; 1; 1; 160; 16; 1],0.0558758785482496,0.3272559601890522,tvm
20,20,50,1,80,16,1,[20; 20; 50; 1; 80; 16; 1],0.053120483993552625,0.34423094277404687,tvm
4,1,4,1,160,16,1,[4; 1; 4; 1; 160; 16; 1],0.04517747322097421,0.4047529217996396,tvm
20,20,50,1,160,16,1,[20; 20; 50; 1; 160; 16; 1],0.05336387048009783,0.34266094496526417,tvm
16,16,25,1,160,16,1,[16; 16; 25; 1; 160; 16; 1],0.05211887042969465,0.3508463275385191,tvm
32,4,6,1,64,64,1,[32; 4; 6; 1; 64; 64; 1],0.05351768899708986,0.341676081841064,tvm
20,20,4,1,64,64,1,[20; 20; 4; 1; 64; 64; 1],0.05100181698799133,0.3585306439184267,tvm
16,2,4,1,64,64,1,[16; 2; 4; 1; 64; 64; 1],0.051187093486078084,0.3572329085394867,tvm
16,8,6,1,64,64,1,[16; 8; 6; 1; 64; 64; 1],0.050276348483748734,0.36370410415993,tvm
