kc,ku,mc,mr,nc,nr,pack_c,X,time,peak,backend
5,5,500,1,640,128,1,[5; 5; 500; 1; 640; 128; 1],0.5108835240826011,0.2863386807167076,tvm
2560,1,25,1,640,64,1,[2560; 1; 25; 1; 640; 64; 1],1.8142766158562154,0.08063032561144343,tvm
8,4,12,1,64,64,0,[8; 4; 12; 1; 64; 64; 0],0.509195796912536,0.28728774898124626,tvm
10,10,750,1,256,16,0,[10; 10; 750; 1; 256; 16; 0],0.6407134879846126,0.22831689519423307,tvm
160,5,150,1,640,16,0,[160; 5; 150; 1; 640; 16; 0],1.0648664541076869,0.1373747043316296,tvm
40,5,750,1,256,128,0,[40; 5; 750; 1; 256; 128; 0],0.5247974910307676,0.2787469772357161,tvm
64,32,30,1,1280,64,1,[64; 32; 30; 1; 1280; 64; 1],0.4443577870260924,0.32920704566638886,tvm
2560,5,5,1,1280,16,0,[2560; 5; 5; 1; 1280; 16; 0],2.436973900999874,0.06002760810269419,tvm
5120,16,300,1,80,16,1,[5120; 16; 300; 1; 80; 16; 1],2.5303006558679044,0.05781357007771776,tvm
1024,2,30,1,160,16,0,[1024; 2; 30; 1; 160; 16; 0],1.210980145027861,0.12079943249800244,tvm
160,20,250,1,256,16,1,[160; 20; 250; 1; 256; 16; 1],1.0296557559631765,0.14207244842609892,tvm
128,32,4,1,256,16,1,[128; 32; 4; 1; 256; 16; 1],0.9808706669136882,0.14913863694792978,tvm
256,64,3,1,64,16,1,[256; 64; 3; 1; 64; 16; 1],1.0764618469402194,0.13589493645457382,tvm
40,20,250,1,1280,128,0,[40; 20; 250; 1; 1280; 128; 0],0.5035895039327443,0.29048602709807697,tvm
1024,8,10,1,640,64,0,[1024; 8; 10; 1; 640; 64; 0],0.7808427060954273,0.18734338317279053,tvm
32,2,12,1,128,64,1,[32; 2; 12; 1; 128; 64; 1],0.3354288300033659,0.4361155070786443,tvm
80,2,1500,1,1280,64,0,[80; 2; 1500; 1; 1280; 64; 0],0.49097571382299066,0.29794898233694317,tvm
20,1,2,1,128,16,0,[20; 1; 2; 1; 128; 16; 0],0.7155496210325509,0.20443825275823832,tvm
512,16,5,1,320,64,1,[512; 16; 5; 1; 320; 64; 1],0.44035945483483374,0.3321961472147382,tvm
10,5,125,1,128,128,1,[10; 5; 125; 1; 128; 128; 1],0.48576034302823246,0.30114791457402307,tvm
40,10,12,1,640,128,1,[40; 10; 12; 1; 640; 128; 1],0.4786846621427685,0.30559933470791745,tvm
4,2,375,1,320,16,1,[4; 2; 375; 1; 320; 16; 1],1.0922051640227437,0.13393611301646263,tvm
1024,4,15,1,256,16,0,[1024; 4; 15; 1; 256; 16; 0],1.2085868201684207,0.12103864765406666,tvm
4,4,750,1,640,128,1,[4; 4; 750; 1; 640; 128; 1],0.6126840650103986,0.23876206782566067,tvm
5120,2,150,1,640,64,1,[5120; 2; 150; 1; 640; 64; 1],1.8190552750602365,0.08041850970189467,tvm
5120,2,100,1,32,16,1,[5120; 2; 100; 1; 32; 16; 1],2.4882717761211097,0.05879008703532963,tvm
2560,2,3,1,640,16,0,[2560; 2; 3; 1; 640; 16; 0],2.4300398100167513,0.06019889620026673,tvm
80,1,75,1,64,64,1,[80; 1; 75; 1; 64; 64; 1],0.49642302794381976,0.2946795496003249,tvm
320,32,25,1,128,128,0,[320; 32; 25; 1; 128; 128; 0],0.43231789697892964,0.33837533747265613,tvm
160,40,1,1,128,128,0,[160; 40; 1; 1; 128; 128; 0],0.44958096113987267,0.325382360309075,tvm
80,8,4,1,320,16,0,[80; 8; 4; 1; 320; 16; 0],0.9262421340681612,0.157934635993302,tvm
320,20,75,1,128,128,0,[320; 20; 75; 1; 128; 128; 0],0.4290107670240104,0.3409837829956541,tvm
128,4,500,1,16,16,0,[128; 4; 500; 1; 16; 16; 0],1.0705128628760576,0.13665012290716497,tvm
160,40,1,1,1280,64,0,[160; 40; 1; 1; 1280; 64; 0],0.41730994381941855,0.3505445208106906,tvm
5120,10,750,1,256,128,0,[5120; 10; 750; 1; 256; 128; 0],1.8133876379579306,0.08066985305494181,tvm
16,1,250,1,128,64,1,[16; 1; 250; 1; 128; 64; 1],0.3453613619785756,0.42357290186615926,tvm
64,8,60,1,256,64,0,[64; 8; 60; 1; 256; 64; 0],0.4857949160505086,0.30112648249802765,tvm
160,2,12,1,1280,64,0,[160; 2; 12; 1; 1280; 64; 0],0.4279126359615475,0.34185883283628865,tvm
1024,1,50,1,256,16,1,[1024; 1; 50; 1; 256; 16; 1],1.2023273850791156,0.12166878680559072,tvm
10,5,25,1,16,16,0,[10; 5; 25; 1; 16; 16; 0],0.859767243033275,0.17014571731020542,tvm
64,16,3,1,32,16,0,[64; 16; 3; 1; 32; 16; 0],1.0416596520226449,0.14043523141331596,tvm
160,32,1500,1,64,64,0,[160; 32; 1500; 1; 64; 64; 0],0.48343780799768865,0.3025946913246258,tvm
16,1,100,1,640,64,0,[16; 1; 100; 1; 640; 64; 0],0.38662120001390576,0.3783696141868392,tvm
320,4,150,1,64,16,1,[320; 4; 150; 1; 64; 16; 1],1.1151726259849966,0.1311776409114282,tvm
40,40,25,1,128,16,1,[40; 40; 25; 1; 128; 16; 1],0.606302929809317,0.24127495859490788,tvm
32,16,1,1,128,64,0,[32; 16; 1; 1; 128; 64; 0],0.41404720512218773,0.3533068511899375,tvm
1024,4,100,1,32,16,1,[1024; 4; 100; 1; 32; 16; 1],1.1875911559909582,0.12317851437993367,tvm
320,1,60,1,128,128,1,[320; 1; 60; 1; 128; 128; 1],0.4212909790221602,0.34723201200569637,tvm
20,20,6,1,80,16,0,[20; 20; 6; 1; 80; 16; 0],0.6309262360446155,0.23185866418046658,tvm
160,2,12,1,32,16,1,[160; 2; 12; 1; 32; 16; 1],1.065466403029859,0.13729735059662385,tvm
320,16,30,1,640,128,1,[320; 16; 30; 1; 640; 128; 1],0.4305719970725477,0.3397473948150567,tvm
10,5,25,1,16,16,0,[10; 5; 25; 1; 16; 16; 0],0.7172532598488033,0.20395266564079648,tvm
32,8,15,1,64,16,1,[32; 8; 15; 1; 64; 16; 1],0.5616859549190849,0.2604403991315536,tvm
320,20,6,1,640,128,1,[320; 20; 6; 1; 640; 128; 1],0.4383211159147322,0.3337409697464168,tvm
32,16,1,1,128,64,0,[32; 16; 1; 1; 128; 64; 0],0.4221559790894389,0.3465205315846584,tvm
128,1,20,1,128,64,0,[128; 1; 20; 1; 128; 64; 0],0.4767848369665444,0.306817043965639,tvm
320,10,10,1,80,16,1,[320; 10; 10; 1; 80; 16; 1],1.097991508198902,0.13323027837043575,tvm
128,32,4,1,256,16,1,[128; 32; 4; 1; 256; 16; 1],0.9653684059157968,0.15153356313431487,tvm
10,10,150,1,32,16,1,[10; 10; 150; 1; 32; 16; 1],0.5246066700201482,0.2788483689696435,tvm
5120,40,12,1,1280,64,1,[5120; 40; 12; 1; 1280; 64; 1],1.8297301400452852,0.07994933847572396,tvm
160,10,5,1,256,64,1,[160; 10; 5; 1; 256; 64; 1],0.4339626091532409,0.3370928997112234,tvm
1024,8,10,1,320,64,0,[1024; 8; 10; 1; 320; 64; 0],0.6174641989637166,0.23691367779901087,tvm
32,8,50,1,1280,16,1,[32; 8; 50; 1; 1280; 16; 1],0.6421800239477307,0.22779549165425458,tvm
320,1,30,1,320,64,0,[320; 1; 30; 1; 320; 64; 0],0.42905743420124054,0.34094669530210725,tvm
256,1,30,1,128,128,1,[256; 1; 30; 1; 128; 128; 1],0.4251754409633577,0.344059652068007,tvm
16,16,30,1,64,64,0,[16; 16; 30; 1; 64; 64; 0],0.5431344409007579,0.2693361040465555,tvm
80,1,3,1,256,128,1,[80; 1; 3; 1; 256; 128; 1],0.4458108190447092,0.3281340605397997,tvm
10,5,4,1,128,128,1,[10; 5; 4; 1; 128; 128; 1],0.4887528389226645,0.2993040707613386,tvm
256,2,15,1,128,64,0,[256; 2; 15; 1; 128; 64; 0],0.4415941070765257,0.3312673605500896,tvm
256,1,4,1,128,64,1,[256; 1; 4; 1; 128; 64; 1],0.4279108429327607,0.3418602652905917,tvm
80,2,100,1,128,128,1,[80; 2; 100; 1; 128; 128; 1],0.4449261501431465,0.32878650589238156,tvm
8,1,125,1,256,128,1,[8; 1; 125; 1; 256; 128; 1],0.41838101111352444,0.34964711686214844,tvm
40,1,4,1,64,64,1,[40; 1; 4; 1; 64; 64; 1],0.5073467488400638,0.28833478211925917,tvm
160,40,50,1,128,64,0,[160; 40; 50; 1; 128; 64; 0],0.4604275319725275,0.31771713055257256,tvm
128,2,4,1,320,64,0,[128; 2; 4; 1; 320; 64; 0],0.4421370350755751,0.3308605764290012,tvm
10,2,4,1,1280,128,0,[10; 2; 4; 1; 1280; 128; 0],0.4912770770024508,0.29776621204938597,tvm
4,1,60,1,1280,128,1,[4; 1; 60; 1; 1280; 128; 1],0.5385153300594538,0.27164633227723317,tvm
20,10,6,1,256,64,1,[20; 10; 6; 1; 256; 64; 1],0.4539853259921074,0.3222256445536689,tvm
10,10,6,1,256,64,1,[10; 10; 6; 1; 256; 64; 1],0.3763057831674814,0.3887416054422084,tvm
80,16,4,1,128,64,1,[80; 16; 4; 1; 128; 64; 1],0.45683740288950503,0.32021396094202104,tvm
20,2,125,1,256,64,0,[20; 2; 125; 1; 256; 64; 0],0.3980150769930333,0.36753812290451204,tvm
10,2,75,1,640,64,0,[10; 2; 75; 1; 640; 64; 0],0.39170428994111717,0.3734595664185977,tvm
160,40,30,1,128,64,0,[160; 40; 30; 1; 128; 64; 0],0.47651594411581755,0.306990177542012,tvm
40,1,2,1,320,64,0,[40; 1; 2; 1; 320; 64; 0],0.49690901092253625,0.2943913494628073,tvm
10,1,100,1,1280,64,1,[10; 1; 100; 1; 1280; 64; 1],0.3924443619325757,0.3727552959745337,tvm
40,20,10,1,128,64,1,[40; 20; 10; 1; 128; 64; 1],0.48048079293221235,0.3044569448717854,tvm
40,40,12,1,128,64,1,[40; 40; 12; 1; 128; 64; 1],0.42440888402052224,0.3446810841938942,tvm
40,2,15,1,256,64,0,[40; 2; 15; 1; 256; 64; 0],0.5120441678445786,0.2856896406056061,tvm
16,2,1500,1,128,64,0,[16; 2; 1500; 1; 128; 64; 0],0.4678109739907086,0.3127026137027297,tvm
2,2,750,1,128,64,0,[2; 2; 750; 1; 128; 64; 0],1.1200967559125274,0.1306009623843052,tvm
1,1,30,1,640,128,0,[1; 1; 30; 1; 640; 128; 0],2.2592149910051376,0.06475068325420015,tvm
160,32,1,1,128,64,1,[160; 32; 1; 1; 128; 64; 1],0.4368792581371963,0.33484243429056354,tvm
32,2,2,1,640,64,1,[32; 2; 2; 1; 640; 64; 1],0.3874494300689548,0.3775607935716402,tvm
1,1,100,1,640,64,0,[1; 1; 100; 1; 640; 64; 0],1.883709454908967,0.07765832140646327,tvm
8,1,125,1,256,64,1,[8; 1; 125; 1; 256; 64; 1],0.3598602539859712,0.40650700560950837,tvm
40,1,3,1,256,64,0,[40; 1; 3; 1; 256; 64; 0],0.5012887371703982,0.29181927188599255,tvm
160,2,10,1,256,64,1,[160; 2; 10; 1; 256; 64; 1],0.436049449024722,0.33547964482675124,tvm
16,16,6,1,320,64,0,[16; 16; 6; 1; 320; 64; 0],0.4326188969425857,0.33813990863447735,tvm
32,8,6,1,128,64,1,[32; 8; 6; 1; 128; 64; 1],0.3334095301106572,0.43875684728376746,tvm
160,16,12,1,128,64,1,[160; 16; 12; 1; 128; 64; 1],0.44799869204871356,0.3265315655649454,tvm
160,2,5,1,256,64,0,[160; 2; 5; 1; 256; 64; 0],0.4407985529396683,0.331865232565172,tvm
2,2,2,1,1280,64,0,[2; 2; 2; 1; 1280; 64; 0],0.9595451359637082,0.15245318724772017,tvm
4,1,75,1,64,64,1,[4; 1; 75; 1; 64; 64; 1],0.43203858216293156,0.33859409859498757,tvm
4,1,60,1,256,128,0,[4; 1; 60; 1; 256; 128; 0],0.5842986791394651,0.2503611928426038,tvm
8,2,3,1,64,64,1,[8; 2; 3; 1; 64; 64; 1],0.4561464150901884,0.3206990331312611,tvm
8,2,15,1,640,64,0,[8; 2; 15; 1; 640; 64; 0],0.4466295628808439,0.32753253802131727,tvm
4,1,100,1,320,64,1,[4; 1; 100; 1; 320; 64; 1],0.5345930608455092,0.27363938105434754,tvm
4,2,30,1,64,64,0,[4; 2; 30; 1; 64; 64; 0],0.6525494281668216,0.22417568382010283,tvm
32,1,10,1,640,64,1,[32; 1; 10; 1; 640; 64; 1],0.34174221311695874,0.4280586613853557,tvm
32,2,50,1,256,64,0,[32; 2; 50; 1; 256; 64; 0],0.4096226010005921,0.3571231517215595,tvm
16,2,20,1,320,64,0,[16; 2; 20; 1; 320; 64; 0],0.40094769885763526,0.364849866210745,tvm
5,1,4,1,256,128,1,[5; 1; 4; 1; 256; 128; 1],0.47763233818113804,0.3062726339736165,tvm
80,1,4,1,128,64,1,[80; 1; 4; 1; 128; 64; 1],0.45226990594528615,0.32344781813409307,tvm
10,2,30,1,320,64,0,[10; 2; 30; 1; 320; 64; 0],0.43731446098536253,0.33450920867355144,tvm
4,2,100,1,128,128,1,[4; 2; 100; 1; 128; 128; 1],0.5643742221873254,0.25919985097611276,tvm
2,2,100,1,128,128,1,[2; 2; 100; 1; 128; 128; 1],0.8593159720767289,0.17023506956606682,tvm
32,1,15,1,64,64,0,[32; 1; 15; 1; 64; 64; 0],0.4546889909543097,0.32172697645194165,tvm
8,1,12,1,256,128,1,[8; 1; 12; 1; 256; 128; 1],0.4838425179477781,0.3023415860726468,tvm
20,20,15,1,128,64,0,[20; 20; 15; 1; 128; 64; 0],0.4525787809398025,0.32322707216176744,tvm
2,2,6,1,320,64,0,[2; 2; 6; 1; 320; 64; 0],1.238951032049954,0.11807223247852795,tvm
32,2,5,1,320,64,0,[32; 2; 5; 1; 320; 64; 0],0.3743108781054616,0.39081341965300426,tvm
10,1,1,1,320,64,1,[10; 1; 1; 1; 320; 64; 1],0.3968356230761856,0.3686305003359791,tvm
4,2,12,1,256,64,0,[4; 2; 12; 1; 256; 64; 0],0.7272911330219358,0.20113776676733136,tvm
20,2,12,1,256,64,1,[20; 2; 12; 1; 256; 64; 1],0.388213275000453,0.3768179083663319,tvm
4,1,3,1,128,128,0,[4; 1; 3; 1; 128; 128; 0],0.6263743550516665,0.23354358796130456,tvm
32,2,5,1,128,128,1,[32; 2; 5; 1; 128; 128; 1],0.30762116401456296,0.4755385239969674,tvm
32,1,15,1,128,128,0,[32; 1; 15; 1; 128; 128; 0],0.3786022940184921,0.38638359195617883,tvm
10,1,20,1,128,64,1,[10; 1; 20; 1; 128; 64; 1],0.3232529889792204,0.45254249542335384,tvm
10,5,750,1,1280,64,1,[10; 5; 750; 1; 1280; 64; 1],0.4085568080190569,0.35805477087751986,tvm
16,4,250,1,128,128,1,[16; 4; 250; 1; 128; 128; 1],0.42306275805458426,0.3457778107399382,tvm
160,4,5,1,128,64,1,[160; 4; 5; 1; 128; 64; 1],0.44233679911121726,0.33071115624936626,tvm
256,2,25,1,128,128,1,[256; 2; 25; 1; 128; 128; 1],0.42420679004862905,0.3448452917713665,tvm
32,16,250,1,1280,64,0,[32; 16; 250; 1; 1280; 64; 0],0.40336603415198624,0.3626624502314803,tvm
10,1,1500,1,256,128,0,[10; 1; 1500; 1; 256; 128; 0],0.4897197359241545,0.2987131282541783,tvm
32,4,500,1,128,64,0,[32; 4; 500; 1; 128; 64; 0],0.4262367330957204,0.3432029736697113,tvm
8,2,25,1,320,64,0,[8; 2; 25; 1; 320; 64; 0],0.46911494503729045,0.31183341275577114,tvm
10,10,60,1,128,128,1,[10; 10; 60; 1; 128; 128; 1],0.48123166593723,0.30398189612234544,tvm
20,4,15,1,320,64,0,[20; 4; 15; 1; 320; 64; 0],0.3633187410887331,0.40263740275921256,tvm
16,16,4,1,640,128,1,[16; 16; 4; 1; 640; 128; 1],0.5334988909307867,0.27420059680066444,tvm
10,5,20,1,256,128,1,[10; 5; 20; 1; 256; 128; 1],0.42046812013722956,0.347911547343876,tvm
8,2,375,1,256,128,1,[8; 2; 375; 1; 256; 128; 1],0.38534139399416745,0.3796262653472637,tvm
32,4,1,1,64,64,0,[32; 4; 1; 1; 64; 64; 0],0.4433208638802171,0.329977057712402,tvm
32,32,500,1,320,64,0,[32; 32; 500; 1; 320; 64; 0],0.3738040770404041,0.3913432818708995,tvm
16,4,750,1,320,64,1,[16; 4; 750; 1; 320; 64; 1],0.37364732497371733,0.39150745772368145,tvm
10,10,300,1,256,64,1,[10; 10; 300; 1; 256; 64; 1],0.392785354051739,0.37243169272152915,tvm
20,10,125,1,64,64,1,[20; 10; 125; 1; 64; 64; 1],0.42026695515960455,0.34807807868253515,tvm
20,10,4,1,640,128,1,[20; 10; 4; 1; 640; 128; 1],0.3699157629162073,0.3954568281504962,tvm
16,4,12,1,256,128,1,[16; 4; 12; 1; 256; 128; 1],0.4224401409737766,0.34628743837767806,tvm
8,1,75,1,128,128,0,[8; 1; 75; 1; 128; 128; 0],0.485941497143358,0.3010356496526133,tvm
10,1,15,1,256,128,0,[10; 1; 15; 1; 256; 128; 0],0.47097711893729866,0.31060046954253284,tvm
20,2,5,1,1280,128,0,[20; 2; 5; 1; 1280; 128; 0],0.31626172503456473,0.46254637442999624,tvm
10,1,20,1,64,64,0,[10; 1; 20; 1; 64; 64; 0],0.48058180697262287,0.30439295071785294,tvm
32,16,100,1,1280,64,0,[32; 16; 100; 1; 1280; 64; 0],0.4079252949450165,0.35860907891341204,tvm
10,10,5,1,128,128,1,[10; 10; 5; 1; 128; 128; 1],0.4992631620261818,0.29300322036986765,tvm
10,5,60,1,1280,64,1,[10; 5; 60; 1; 1280; 64; 1],0.3869776038918644,0.37802113821189465,tvm
32,2,250,1,1280,128,0,[32; 2; 250; 1; 1280; 128; 0],0.33192012389190495,0.4407256558308425,tvm
20,1,300,1,256,128,0,[20; 1; 300; 1; 256; 128; 0],0.379802914801985,0.3851621685472903,tvm
20,5,6,1,640,128,1,[20; 5; 6; 1; 640; 128; 1],0.34743138193152845,0.421049225526047,tvm
20,10,4,1,128,128,1,[20; 10; 4; 1; 128; 128; 1],0.3514469319488853,0.4162384160661564,tvm
10,10,15,1,320,64,1,[10; 10; 15; 1; 320; 64; 1],0.36085956706665456,0.4053812830149901,tvm
16,2,750,1,256,128,1,[16; 2; 750; 1; 256; 128; 1],0.34581363503821194,0.4230189311926637,tvm
20,10,150,1,256,64,1,[20; 10; 150; 1; 256; 64; 1],0.3687154569197446,0.3967441872597035,tvm
16,1,6,1,128,128,0,[16; 1; 6; 1; 128; 128; 0],0.407682694029063,0.3588224774517553,tvm
16,1,75,1,256,128,0,[16; 1; 75; 1; 256; 128; 0],0.3869645700324327,0.3780338708359105,tvm
32,32,12,1,640,64,0,[32; 32; 12; 1; 640; 64; 0],0.333845729008317,0.43818357275455794,tvm
8,2,100,1,1280,64,1,[8; 2; 100; 1; 1280; 64; 1],0.42967268102802336,0.3404584949076004,tvm
20,1,10,1,1280,64,0,[20; 1; 10; 1; 1280; 64; 0],0.515438994159922,0.2838080082088767,tvm
20,1,300,1,640,128,1,[20; 1; 300; 1; 640; 128; 1],0.3467903779819608,0.4218274888045589,tvm
32,4,125,1,256,128,1,[32; 4; 125; 1; 256; 128; 1],0.3272672761231661,0.4469915722055269,tvm
10,1,50,1,1280,128,1,[10; 1; 50; 1; 1280; 128; 1],0.3701353950891644,0.39522217066129156,tvm
32,1,1,1,1280,128,0,[32; 1; 1; 1; 1280; 128; 0],0.46847130288369954,0.3122618469589171,tvm
8,1,10,1,64,64,1,[8; 1; 10; 1; 64; 64; 1],0.38105531712062657,0.3838962683714664,tvm
8,1,15,1,640,64,1,[8; 1; 15; 1; 640; 64; 1],0.40617736196145415,0.3601523077979828,tvm
16,16,4,1,256,64,1,[16; 16; 4; 1; 256; 64; 1],0.44733045692555606,0.32701934782423925,tvm
20,1,12,1,256,64,0,[20; 1; 12; 1; 256; 64; 0],0.40167244896292686,0.3641915562379436,tvm
20,1,50,1,640,64,0,[20; 1; 50; 1; 640; 64; 0],0.42531746882013977,0.3439447589385901,tvm
10,2,75,1,256,128,1,[10; 2; 75; 1; 256; 128; 1],0.3838893088977784,0.38106222521728805,tvm
20,1,12,1,128,64,0,[20; 1; 12; 1; 128; 64; 0],0.4800733320880681,0.30471535181812304,tvm
32,16,100,1,128,128,1,[32; 16; 100; 1; 128; 128; 1],0.30038518412038684,0.4869937733915886,tvm
32,2,300,1,640,128,1,[32; 2; 300; 1; 640; 128; 1],0.31556781590916216,0.46356347799366016,tvm
32,1,10,1,640,128,0,[32; 1; 10; 1; 640; 128; 0],0.3442292360123247,0.4249659790096293,tvm
32,2,4,1,128,128,0,[32; 2; 4; 1; 128; 128; 0],0.36840016208589077,0.3970837402932751,tvm
20,1,300,1,640,64,1,[20; 1; 300; 1; 640; 64; 1],0.4540652041323483,0.3221689593353552,tvm
20,2,375,1,256,64,1,[20; 2; 375; 1; 256; 64; 1],0.38373529887758195,0.38121516241429204,tvm
20,1,150,1,640,64,1,[20; 1; 150; 1; 640; 64; 1],0.4317407780326903,0.338827652445278,tvm
10,2,20,1,320,64,1,[10; 2; 20; 1; 320; 64; 1],0.3580298919696361,0.4085851979591708,tvm
10,1,20,1,640,64,1,[10; 1; 20; 1; 640; 64; 1],0.36039421893656254,0.4059047193303172,tvm
20,1,100,1,128,128,1,[20; 1; 100; 1; 128; 128; 1],0.33275361312553287,0.439621715634166,tvm
16,1,3,1,128,64,1,[16; 1; 3; 1; 128; 64; 1],0.5232944160234183,0.2795476309442747,tvm
10,1,15,1,128,64,1,[10; 1; 15; 1; 128; 64; 1],0.31888576108030975,0.45874018893202634,tvm
20,1,10,1,320,64,1,[20; 1; 10; 1; 320; 64; 1],0.3616822180338204,0.4044592379491417,tvm
32,1,30,1,128,64,1,[32; 1; 30; 1; 128; 64; 1],0.32856805506162345,0.4452219624889528,tvm
16,16,10,1,1280,64,0,[16; 16; 10; 1; 1280; 64; 0],0.2983751269057393,0.4902744937312684,tvm
10,10,6,1,64,64,1,[10; 10; 6; 1; 64; 64; 1],0.4670310781802982,0.3132247962077599,tvm
16,4,500,1,256,64,0,[16; 4; 500; 1; 256; 64; 0],0.46847981703467667,0.3122561719129221,tvm
16,16,25,1,320,64,0,[16; 16; 25; 1; 320; 64; 0],0.4322515591047704,0.3384272681136984,tvm
20,20,5,1,128,64,0,[20; 20; 5; 1; 128; 64; 0],0.48823715886101127,0.29962019815734287,tvm
16,1,5,1,640,128,0,[16; 1; 5; 1; 640; 128; 0],0.4035721530672163,0.36247722538316446,tvm
20,10,125,1,128,64,0,[20; 10; 125; 1; 128; 64; 0],0.44489118410274386,0.32881234673315274,tvm
32,32,30,1,64,64,0,[32; 32; 30; 1; 64; 64; 0],0.4307137250434607,0.33963559965718176,tvm
20,2,75,1,128,64,0,[20; 2; 75; 1; 128; 64; 0],0.4117669300176203,0.3552633871774366,tvm
10,10,150,1,64,64,1,[10; 10; 150; 1; 64; 64; 1],0.3843068019486964,0.38064825692375576,tvm
16,4,12,1,1280,128,0,[16; 4; 12; 1; 1280; 128; 0],0.27450236212462187,0.5329124061209417,tvm
16,16,750,1,256,128,1,[16; 16; 750; 1; 256; 128; 1],0.3454787989612669,0.4234289187224916,tvm
20,5,20,1,256,64,0,[20; 5; 20; 1; 256; 64; 0],0.3830559398047626,0.3818912568234127,tvm
8,8,100,1,640,64,1,[8; 8; 100; 1; 640; 64; 1],0.40210779779590666,0.3637972580675068,tvm
20,20,1,1,128,128,0,[20; 20; 1; 1; 128; 128; 0],0.39365832391195,0.3716057946698828,tvm
8,2,125,1,256,128,1,[8; 2; 125; 1; 256; 128; 1],0.400874902959913,0.3649161202300127,tvm
20,1,300,1,640,64,0,[20; 1; 300; 1; 640; 64; 0],0.4730673881713301,0.3092280675934783,tvm
16,8,300,1,640,128,1,[16; 8; 300; 1; 640; 128; 1],0.36005547596141696,0.4062865976280557,tvm
16,16,500,1,1280,64,1,[16; 16; 500; 1; 1280; 64; 1],0.3912337759975344,0.37390870436154827,tvm
20,5,12,1,320,64,0,[20; 5; 12; 1; 320; 64; 0],0.36863506701774895,0.39683070704358947,tvm
20,4,10,1,640,64,0,[20; 4; 10; 1; 640; 64; 0],0.3447788590565324,0.4242885271040596,tvm
20,10,500,1,128,128,0,[20; 10; 500; 1; 128; 128; 0],0.396915985038504,0.3685558652205036,tvm
10,5,10,1,640,64,1,[10; 5; 10; 1; 640; 64; 1],0.3830545081291348,0.3818926841513602,tvm
20,2,60,1,320,64,0,[20; 2; 60; 1; 320; 64; 0],0.3958311330061406,0.3695659640886432,tvm
8,4,50,1,128,64,1,[8; 4; 50; 1; 128; 64; 1],0.29939653002656996,0.4886019028768709,tvm
20,5,375,1,64,64,1,[20; 5; 375; 1; 64; 64; 1],0.4254068350419402,0.34387250564813376,tvm
32,32,2,1,128,128,0,[32; 32; 2; 1; 128; 128; 0],0.30472833197563887,0.4800528829639934,tvm
10,10,15,1,640,64,1,[10; 10; 15; 1; 640; 64; 1],0.36659712018445134,0.399036725144244,tvm
20,20,1500,1,256,64,1,[20; 20; 1500; 1; 256; 64; 1],0.48930607200600207,0.298965663119586,tvm
20,4,500,1,64,64,1,[20; 4; 500; 1; 64; 64; 1],0.40098404604941607,0.36481679440105824,tvm
20,10,6,1,256,128,0,[20; 10; 6; 1; 256; 128; 0],0.3934401459991932,0.3718118645828641,tvm
32,1,60,1,640,64,0,[32; 1; 60; 1; 640; 64; 0],0.3989760768599808,0.3666528465491246,tvm
10,1,500,1,640,128,1,[10; 1; 500; 1; 640; 128; 1],0.38452896708622575,0.38042833390211556,tvm
20,5,1500,1,640,128,0,[20; 5; 1500; 1; 640; 128; 0],0.39289017184637487,0.37233233297297624,tvm
20,10,150,1,640,64,1,[20; 10; 150; 1; 640; 64; 1],0.39392901584506035,0.37135044234276765,tvm
32,32,100,1,640,64,0,[32; 32; 100; 1; 640; 64; 0],0.35438704397529364,0.41278516461767917,tvm
8,1,150,1,256,64,1,[8; 1; 150; 1; 256; 64; 1],0.37920347205363214,0.3857710307700573,tvm
32,4,125,1,1280,64,0,[32; 4; 125; 1; 1280; 64; 0],0.37299137585796416,0.3921959695427923,tvm
32,8,1,1,64,64,1,[32; 8; 1; 1; 64; 64; 1],0.40991655411198735,0.35686705701021704,tvm
8,1,50,1,320,64,1,[8; 1; 50; 1; 320; 64; 1],0.36852252995595336,0.39695188867611075,tvm
16,2,500,1,640,128,1,[16; 2; 500; 1; 640; 128; 1],0.35607108008116484,0.41083289957827834,tvm
32,2,30,1,640,64,0,[32; 2; 30; 1; 640; 64; 0],0.36675190296955407,0.3988683169773715,tvm
20,10,20,1,128,64,1,[20; 10; 20; 1; 128; 64; 1],0.3605366249103099,0.40574439371341414,tvm
20,4,125,1,256,64,1,[20; 4; 125; 1; 256; 64; 1],0.3558947630226612,0.4110364340382264,tvm
20,1,15,1,64,64,1,[20; 1; 15; 1; 64; 64; 1],0.40439326991327107,0.36174121868320835,tvm
20,10,6,1,256,128,1,[20; 10; 6; 1; 256; 128; 1],0.3072240899782628,0.4761531372623304,tvm
10,2,375,1,128,64,1,[10; 2; 375; 1; 128; 64; 1],0.39539872109889984,0.36997012504024845,tvm
20,5,5,1,256,128,1,[20; 5; 5; 1; 256; 128; 1],0.30050075286999345,0.48680648180938946,tvm
20,20,250,1,256,128,1,[20; 20; 250; 1; 256; 128; 1],0.3751091379672289,0.3899817399236337,tvm
20,1,30,1,1280,64,1,[20; 1; 30; 1; 1280; 64; 1],0.32714512501843274,0.44715847218408633,tvm
32,2,2,1,640,64,1,[32; 2; 2; 1; 640; 64; 1],0.3871366421226412,0.37786584468894674,tvm
20,2,60,1,320,64,1,[20; 2; 60; 1; 320; 64; 1],0.35082378005608916,0.4169777609212419,tvm
32,8,75,1,640,128,0,[32; 8; 75; 1; 640; 128; 0],0.3436560621485114,0.42567476729829007,tvm
32,32,3,1,128,128,1,[32; 32; 3; 1; 128; 128; 1],0.36164661310613155,0.4044990578766576,tvm
32,8,100,1,64,64,1,[32; 8; 100; 1; 64; 64; 1],0.3642219870816916,0.40163888912314283,tvm
10,1,20,1,320,64,1,[10; 1; 20; 1; 320; 64; 1],0.3672212529927492,0.39835851845046316,tvm
32,2,125,1,1280,128,0,[32; 2; 125; 1; 1280; 128; 0],0.31411527981981635,0.4657070944451575,tvm
32,16,1500,1,640,128,1,[32; 16; 1500; 1; 640; 128; 1],0.3168859800789505,0.4616351731599737,tvm
32,1,250,1,1280,64,1,[32; 1; 250; 1; 1280; 64; 1],0.3767662509344518,0.38826650190376116,tvm
32,32,15,1,640,128,1,[32; 32; 15; 1; 640; 128; 1],0.43716011196374893,0.33462731452920136,tvm
32,32,300,1,640,128,1,[32; 32; 300; 1; 640; 128; 1],0.3464510820340365,0.4222406044364517,tvm
32,4,500,1,640,128,1,[32; 4; 500; 1; 640; 128; 1],0.31684223003685474,0.4616989164250564,tvm
32,4,125,1,640,128,1,[32; 4; 125; 1; 640; 128; 1],0.3008391880430281,0.4862588389408613,tvm
32,4,30,1,640,128,1,[32; 4; 30; 1; 640; 128; 1],0.29814702295698225,0.490649589034538,tvm
16,4,500,1,64,64,1,[16; 4; 500; 1; 64; 64; 1],0.3603077658917755,0.4060021130092813,tvm
10,5,5,1,1280,128,1,[10; 5; 5; 1; 1280; 128; 1],0.4574299131054431,0.31979918692373244,tvm
10,5,750,1,1280,128,1,[10; 5; 750; 1; 1280; 128; 1],0.3623983138240874,0.4036600301532396,tvm
32,1,250,1,256,64,0,[32; 1; 250; 1; 256; 64; 0],0.42562305787578225,0.34369781330880733,tvm
32,4,500,1,256,64,0,[32; 4; 500; 1; 256; 64; 0],0.4218228179961443,0.3467942179625082,tvm
32,16,300,1,256,64,0,[32; 16; 300; 1; 256; 64; 0],0.4414093119557947,0.3314060449643713,tvm
8,8,250,1,1280,64,1,[8; 8; 250; 1; 1280; 64; 1],0.3984640019480139,0.367124040240904,tvm
16,4,20,1,256,128,0,[16; 4; 20; 1; 256; 128; 0],0.3868955969810486,0.3781012640805004,tvm
8,8,12,1,1280,64,0,[8; 8; 12; 1; 1280; 64; 0],0.37144215404987335,0.3938317519719977,tvm
20,10,750,1,1280,64,0,[20; 10; 750; 1; 1280; 64; 0],0.362520351074636,0.4035241438227474,tvm
32,1,2,1,1280,64,0,[32; 1; 2; 1; 1280; 64; 0],0.38456852501258254,0.38038920184882014,tvm
8,4,500,1,1280,64,1,[8; 4; 500; 1; 1280; 64; 1],0.43475465406663716,0.3364787769777211,tvm
20,5,3,1,128,128,0,[20; 5; 3; 1; 128; 128; 0],0.3723056821618229,0.3929182961600116,tvm
10,1,125,1,256,128,1,[10; 1; 125; 1; 256; 128; 1],0.3992921430617571,0.36636261651431695,tvm
20,20,250,1,128,64,1,[20; 20; 250; 1; 128; 64; 1],0.371571697993204,0.3936944473321804,tvm
20,10,300,1,128,64,1,[20; 10; 300; 1; 128; 64; 1],0.3826427429448813,0.38230364219082125,tvm
16,2,150,1,64,64,1,[16; 2; 150; 1; 64; 64; 1],0.4336872911080718,0.33730689666269453,tvm
8,1,50,1,640,128,1,[8; 1; 50; 1; 640; 128; 1],0.38448153086937964,0.38047527004726817,tvm
16,8,500,1,128,128,1,[16; 8; 500; 1; 128; 128; 1],0.41425387002527714,0.35313059181991024,tvm
16,8,250,1,1280,64,1,[16; 8; 250; 1; 1280; 64; 1],0.3854783708229661,0.3794913680199638,tvm
8,2,60,1,640,64,1,[8; 2; 60; 1; 640; 64; 1],0.3882532750722021,0.3767790864314282,tvm
10,2,25,1,256,128,1,[10; 2; 25; 1; 256; 128; 1],0.4028779531363398,0.3631018107268061,tvm
8,4,125,1,256,64,1,[8; 4; 125; 1; 256; 64; 1],0.36278848093934357,0.40322590702699995,tvm
20,5,150,1,256,64,1,[20; 5; 150; 1; 256; 64; 1],0.3506751749664545,0.4171544629576586,tvm
16,16,6,1,640,64,0,[16; 16; 6; 1; 640; 64; 0],0.3571319559123367,0.40961250278488737,tvm
16,16,375,1,640,128,0,[16; 16; 375; 1; 640; 128; 0],0.3210241610649973,0.4556844375837993,tvm
16,2,6,1,128,128,1,[16; 2; 6; 1; 128; 128; 1],0.41148921893909574,0.35550315185138776,tvm
16,1,75,1,64,64,1,[16; 1; 75; 1; 64; 64; 1],0.35603302088566124,0.4108768167677723,tvm
16,8,5,1,640,128,1,[16; 8; 5; 1; 640; 128; 1],0.4903481281362474,0.2983303206269558,tvm
8,4,60,1,1280,64,1,[8; 4; 60; 1; 1280; 64; 1],0.4114088730420917,0.35557257966759415,tvm
16,4,250,1,1280,64,1,[16; 4; 250; 1; 1280; 64; 1],0.3900275689084083,0.3750650619266023,tvm
16,1,500,1,320,64,1,[16; 1; 500; 1; 320; 64; 1],0.4025705901440233,0.36337903927204235,tvm
8,4,60,1,320,64,1,[8; 4; 60; 1; 320; 64; 1],0.3628207058645785,0.40319009340198714,tvm
32,4,1,1,128,64,1,[32; 4; 1; 1; 128; 64; 1],0.3557918930891901,0.41115527679840447,tvm
16,1,150,1,256,64,1,[16; 1; 150; 1; 256; 64; 1],0.3531804110389203,0.41419543585500185,tvm
10,1,100,1,320,64,1,[10; 1; 100; 1; 320; 64; 1],0.35836413595825434,0.4082041131000761,tvm
20,10,6,1,640,64,1,[20; 10; 6; 1; 640; 64; 1],0.42725264211185277,0.3423869155323266,tvm
16,2,30,1,64,64,1,[16; 2; 30; 1; 64; 64; 1],0.37363564781844616,0.39151969342281867,tvm
10,5,15,1,1280,64,1,[10; 5; 15; 1; 1280; 64; 1],0.3275672048330307,0.4465822955636839,tvm
20,2,750,1,1280,128,0,[20; 2; 750; 1; 1280; 128; 0],0.31142719998024404,0.4697268391938604,tvm
32,16,30,1,1280,64,0,[32; 16; 30; 1; 1280; 64; 0],0.3388643169309944,0.43169406448747927,tvm
32,4,5,1,1280,64,0,[32; 4; 5; 1; 1280; 64; 0],0.336432975018397,0.4348138415317792,tvm
10,2,60,1,256,64,1,[10; 2; 60; 1; 256; 64; 1],0.344553813803941,0.4245656510682369,tvm
16,4,50,1,640,128,0,[16; 4; 50; 1; 640; 128; 0],0.33566296217031777,0.43581130709168886,tvm
16,1,60,1,320,64,1,[16; 1; 60; 1; 320; 64; 1],0.3492811939213425,0.4188193261806634,tvm
16,1,50,1,256,128,1,[16; 1; 50; 1; 256; 128; 1],0.3344587991014123,0.43738037294500526,tvm
32,32,25,1,128,128,0,[32; 32; 25; 1; 128; 128; 0],0.30763960094191134,0.47551002484018967,tvm
20,1,10,1,128,64,1,[20; 1; 10; 1; 128; 64; 1],0.36314715701155365,0.4028276456562213,tvm
20,5,375,1,128,128,1,[20; 5; 375; 1; 128; 128; 1],0.3291617729701102,0.4444189037072598,tvm
32,4,1500,1,320,64,1,[32; 4; 1500; 1; 320; 64; 1],0.38611742900684476,0.3788632765477185,tvm
20,5,25,1,128,64,1,[20; 5; 25; 1; 128; 64; 1],0.349776848917827,0.4182258338089184,tvm
32,2,375,1,128,128,0,[32; 2; 375; 1; 128; 128; 0],0.40961898397654295,0.3571263051960781,tvm
16,8,15,1,1280,128,0,[16; 8; 15; 1; 1280; 128; 0],0.28276565787382424,0.5173390410478699,tvm
32,8,125,1,256,128,0,[32; 8; 125; 1; 256; 128; 0],0.36484936508350074,0.400948249566598,tvm
20,4,25,1,128,64,1,[20; 4; 25; 1; 128; 64; 1],0.34943483490496874,0.4186351779309516,tvm
32,4,1,1,640,128,0,[32; 4; 1; 1; 640; 128; 0],0.49047768907621503,0.29825151590734855,tvm
20,5,50,1,1280,128,0,[20; 5; 50; 1; 1280; 128; 0],0.3109507269691676,0.4704466064818665,tvm
20,2,12,1,256,128,1,[20; 2; 12; 1; 256; 128; 1],0.31555840000510216,0.46357731020105647,tvm
20,5,150,1,640,128,1,[20; 5; 150; 1; 640; 128; 1],0.33020542189478874,0.44301427107494434,tvm
32,2,2,1,256,128,1,[32; 2; 2; 1; 256; 128; 1],0.31288002897053957,0.4675457067906638,tvm
32,2,30,1,640,64,1,[32; 2; 30; 1; 640; 64; 1],0.34050200786441565,0.4296177728971388,tvm
32,32,150,1,1280,128,0,[32; 32; 150; 1; 1280; 128; 0],0.26012211199849844,0.5623732375606681,tvm
32,16,15,1,640,128,1,[32; 16; 15; 1; 640; 128; 1],0.31091683311387897,0.4704978910940293,tvm
32,8,1500,1,1280,128,1,[32; 8; 1500; 1; 1280; 128; 1],0.3193946161773056,0.4580093303905495,tvm
10,10,15,1,256,64,0,[10; 10; 15; 1; 256; 64; 0],0.4478609599173069,0.3266319848747801,tvm
16,1,250,1,320,64,0,[16; 1; 250; 1; 320; 64; 0],0.417998201912269,0.34996732908534683,tvm
8,1,300,1,1280,64,0,[8; 1; 300; 1; 1280; 64; 0],0.4512804939877242,0.3241569627640356,tvm
16,8,60,1,256,64,0,[16; 8; 60; 1; 256; 64; 0],0.419008880155161,0.349123183813059,tvm
20,20,50,1,256,64,0,[20; 20; 50; 1; 256; 64; 0],0.4164238879457116,0.3512904002874717,tvm
8,1,12,1,1280,64,0,[8; 1; 12; 1; 1280; 64; 0],0.37149546295404434,0.39377523785212554,tvm
10,1,12,1,256,128,1,[10; 1; 12; 1; 256; 128; 1],0.4526578541845083,0.3231706087355034,tvm
16,8,5,1,1280,64,1,[16; 8; 5; 1; 1280; 64; 1],0.34216746618039906,0.4275266609029068,tvm
10,2,500,1,1280,64,0,[10; 2; 500; 1; 1280; 64; 0],0.41194279002957046,0.3551117238275089,tvm
16,16,2,1,640,64,0,[16; 16; 2; 1; 640; 64; 0],0.5397906538564712,0.27100453340678116,tvm
20,20,1,1,320,64,0,[20; 20; 1; 1; 320; 64; 0],0.4482896700501442,0.3263196188958609,tvm
20,20,300,1,320,64,0,[20; 20; 300; 1; 320; 64; 0],0.432957346085459,0.3378755796808672,tvm
8,4,5,1,1280,64,0,[8; 4; 5; 1; 1280; 64; 0],0.36226815404370427,0.4038050616728135,tvm
16,8,500,1,64,64,1,[16; 8; 500; 1; 64; 64; 1],0.4315943908877671,0.33894257519151777,tvm
16,1,10,1,640,64,0,[16; 1; 10; 1; 640; 64; 0],0.33708675601519644,0.43397051849500573,tvm
8,2,6,1,320,64,1,[8; 2; 6; 1; 320; 64; 1],0.3803101440425962,0.3846484680391005,tvm
16,4,60,1,320,64,0,[16; 4; 60; 1; 320; 64; 0],0.41946292389184237,0.34874527867314864,tvm
8,1,125,1,1280,64,1,[8; 1; 125; 1; 1280; 64; 1],0.41021853196434677,0.3566043532582979,tvm
8,2,125,1,640,64,1,[8; 2; 125; 1; 640; 64; 1],0.4101459151133895,0.3566674905082791,tvm
20,1,2,1,128,64,1,[20; 1; 2; 1; 128; 64; 1],0.36676803114823997,0.3988507772276059,tvm
20,10,125,1,320,64,0,[20; 10; 125; 1; 320; 64; 0],0.3888950089458376,0.37615734560915354,tvm
8,2,100,1,1280,128,1,[8; 2; 100; 1; 1280; 128; 1],0.42552590486593544,0.34377628391813775,tvm
16,8,1500,1,256,128,0,[16; 8; 1500; 1; 256; 128; 0],0.3536103959195316,0.4136917804843142,tvm
8,1,500,1,1280,128,1,[8; 1; 500; 1; 1280; 128; 1],0.4277376588433981,0.34199867900635783,tvm
32,2,4,1,320,64,0,[32; 2; 4; 1; 320; 64; 0],0.3786173090338707,0.3863682689494466,tvm
20,5,60,1,320,64,0,[20; 5; 60; 1; 320; 64; 0],0.4232246389146894,0.3456455528223666,tvm
8,1,300,1,320,64,1,[8; 1; 300; 1; 320; 64; 1],0.4341467032209039,0.33694996000299177,tvm
8,1,60,1,640,64,1,[8; 1; 60; 1; 640; 64; 1],0.391197303077206,0.37394356539529516,tvm
16,4,1500,1,128,64,1,[16; 4; 1500; 1; 128; 64; 1],0.5204719800967723,0.2810635728334792,tvm
10,10,750,1,1280,64,0,[10; 10; 750; 1; 1280; 64; 0],0.42618329799734056,0.3432460046489835,tvm
20,1,125,1,64,64,1,[20; 1; 125; 1; 64; 64; 1],0.4000792938750237,0.36564180282574393,tvm
10,2,500,1,128,64,1,[10; 2; 500; 1; 128; 64; 1],0.48638686700724065,0.30076000033844785,tvm
20,10,750,1,128,128,0,[20; 10; 750; 1; 128; 128; 0],0.3974786039907485,0.36803418553095035,tvm
32,2,250,1,64,64,1,[32; 2; 250; 1; 64; 64; 1],0.4148007710464299,0.35266500087903674,tvm
32,8,750,1,320,64,1,[32; 8; 750; 1; 320; 64; 1],0.40021136100403965,0.3655211434246059,tvm
32,8,500,1,1280,64,1,[32; 8; 500; 1; 1280; 64; 1],0.4012752710841596,0.36455202906095285,tvm
32,8,1500,1,128,64,1,[32; 8; 1500; 1; 128; 64; 1],0.39156430307775736,0.37359308071722946,tvm
32,1,4,1,256,64,1,[32; 1; 4; 1; 256; 64; 1],0.3506635439116508,0.41716829942998235,tvm
16,8,150,1,128,64,1,[16; 8; 150; 1; 128; 64; 1],0.337853912031278,0.43298511302178255,tvm
32,8,2,1,320,64,1,[32; 8; 2; 1; 320; 64; 1],0.35673166695050895,0.4100721293857245,tvm
32,1,4,1,320,64,1,[32; 1; 4; 1; 320; 64; 1],0.3538150500971824,0.41345249232765535,tvm
10,1,375,1,1280,128,1,[10; 1; 375; 1; 1280; 128; 1],0.36892256792634726,0.3965214573561116,tvm
32,8,60,1,64,64,1,[32; 8; 60; 1; 64; 64; 1],0.3910411100368947,0.37409292918566095,tvm
16,16,250,1,256,128,1,[16; 16; 250; 1; 256; 128; 1],0.36844988190568984,0.39703015652793255,tvm
20,5,6,1,1280,64,1,[20; 5; 6; 1; 1280; 64; 1],0.3493876538705081,0.4186917100966925,tvm
16,1,12,1,640,64,1,[16; 1; 12; 1; 640; 64; 1],0.3656555109191686,0.40006429526520126,tvm
10,5,25,1,640,64,1,[10; 5; 25; 1; 640; 64; 1],0.3495201210025698,0.41853302712904117,tvm
16,2,12,1,128,64,1,[16; 2; 12; 1; 128; 64; 1],0.3861596039496362,0.37882189848318054,tvm
10,10,30,1,1280,128,0,[10; 10; 30; 1; 1280; 128; 0],0.32924543996341527,0.44430596913344983,tvm
20,2,50,1,1280,64,1,[20; 2; 50; 1; 1280; 64; 1],0.3759075461421162,0.3891534388894904,tvm
20,20,3,1,1280,128,1,[20; 20; 3; 1; 1280; 128; 1],0.6087778750807047,0.24029407157137805,tvm
8,1,25,1,128,64,1,[8; 1; 25; 1; 128; 64; 1],0.3025078868959099,0.48357653014200525,tvm
20,5,15,1,256,64,1,[20; 5; 15; 1; 256; 64; 1],0.38106086291372776,0.38389068131311455,tvm
32,8,12,1,640,64,1,[32; 8; 12; 1; 640; 64; 1],0.34050718997605145,0.4296112346291509,tvm
32,32,10,1,640,64,0,[32; 32; 10; 1; 640; 64; 0],0.3461176077835262,0.4226474209806928,tvm
16,8,15,1,1280,64,0,[16; 8; 15; 1; 1280; 64; 0],0.2883563730865717,0.5073087607527776,tvm
16,8,125,1,640,128,0,[16; 8; 125; 1; 640; 128; 0],0.32161768712103367,0.4548434994206737,tvm
32,1,25,1,640,128,0,[32; 1; 25; 1; 640; 128; 0],0.33206649497151375,0.4405313890468335,tvm
20,4,75,1,640,128,0,[20; 4; 75; 1; 640; 128; 0],0.3374501469079405,0.43350318743711314,tvm
32,16,20,1,256,128,1,[32; 16; 20; 1; 256; 128; 1],0.3008779159281403,0.4861962495135476,tvm
16,4,60,1,1280,128,0,[16; 4; 60; 1; 1280; 128; 0],0.3153559057973325,0.46387497933755734,tvm
20,4,10,1,1280,128,0,[20; 4; 10; 1; 1280; 128; 0],0.28083401289768517,0.5208974254091147,tvm
32,4,150,1,256,128,1,[32; 4; 150; 1; 256; 128; 1],0.2986155399121344,0.4898797776189339,tvm
20,4,150,1,1280,128,1,[20; 4; 150; 1; 1280; 128; 1],0.299074986949563,0.48912721113111474,tvm
10,2,75,1,640,128,0,[10; 2; 75; 1; 640; 128; 0],0.4429232398979366,0.3302732869005093,tvm
20,2,10,1,64,64,1,[20; 2; 10; 1; 64; 64; 1],0.4123096279799938,0.35479577569508614,tvm
32,16,750,1,640,64,0,[32; 16; 750; 1; 640; 64; 0],0.441932292887941,0.3310138603580331,tvm
20,1,2,1,320,64,1,[20; 1; 2; 1; 320; 64; 1],0.39697946584783494,0.368496929616472,tvm
16,16,250,1,640,64,0,[16; 16; 250; 1; 640; 64; 0],0.44540381897240877,0.32843390212326895,tvm
20,1,15,1,640,64,0,[20; 1; 15; 1; 640; 64; 0],0.38010507985018194,0.3848559833595822,tvm
20,2,125,1,1280,64,0,[20; 2; 125; 1; 1280; 64; 0],0.402324692113325,0.36360113399281296,tvm
10,10,100,1,1280,64,0,[10; 10; 100; 1; 1280; 64; 0],0.4296598290093243,0.34046867872895714,tvm
16,8,5,1,640,64,1,[16; 8; 5; 1; 640; 64; 1],0.4368921529967338,0.33483255142558704,tvm
10,1,150,1,1280,128,1,[10; 1; 150; 1; 1280; 128; 1],0.37449412094429135,0.3906221916564488,tvm
32,16,300,1,1280,64,0,[32; 16; 300; 1; 1280; 64; 0],0.419176243012771,0.34898379076616093,tvm
16,16,60,1,640,64,1,[16; 16; 60; 1; 640; 64; 1],0.36120866308920085,0.4049894956411632,tvm
16,1,750,1,128,128,1,[16; 1; 750; 1; 128; 128; 1],0.36922324215993285,0.3961985530216138,tvm
32,1,75,1,64,64,1,[32; 1; 75; 1; 64; 64; 1],0.39601576002314687,0.3693936682650306,tvm
32,1,1,1,1280,64,1,[32; 1; 1; 1; 1280; 64; 1],0.46478195395320654,0.3147405208861489,tvm
20,2,50,1,64,64,1,[20; 2; 50; 1; 64; 64; 1],0.4197830008342862,0.3484793667084726,tvm
20,4,250,1,640,64,1,[20; 4; 250; 1; 640; 64; 1],0.37170539796352386,0.3935528380464079,tvm
32,32,4,1,640,64,0,[32; 32; 4; 1; 640; 64; 0],0.4237522759940475,0.3452151706856418,tvm
10,2,75,1,1280,128,1,[10; 2; 75; 1; 1280; 128; 1],0.38360757497139275,0.3813420897557183,tvm
16,8,750,1,1280,64,0,[16; 8; 750; 1; 1280; 64; 0],0.3909715488553047,0.37415948734380516,tvm
16,16,30,1,256,128,0,[16; 16; 30; 1; 256; 128; 0],0.35444823489524424,0.4127139025786049,tvm
16,16,100,1,1280,64,1,[16; 16; 100; 1; 1280; 64; 1],0.39732213295064867,0.3681791225657304,tvm
20,4,375,1,128,128,0,[20; 4; 375; 1; 128; 128; 0],0.38658783212304115,0.3784022727315309,tvm
16,16,25,1,640,64,0,[16; 16; 25; 1; 640; 64; 0],0.3466538598295301,0.42199361160337723,tvm
20,10,25,1,256,64,1,[20; 10; 25; 1; 256; 64; 1],0.36410577688366175,0.4017670786158803,tvm
32,8,1,1,128,128,0,[32; 8; 1; 1; 128; 128; 0],0.3607878990005702,0.4054618092539825,tvm
20,1,150,1,256,128,0,[20; 1; 150; 1; 256; 128; 0],0.36242456710897386,0.4036307898568286,tvm
10,1,125,1,256,64,1,[10; 1; 125; 1; 256; 64; 1],0.3489657330792397,0.41919793383408555,tvm
32,2,25,1,640,64,0,[32; 2; 25; 1; 640; 64; 0],0.36691446998156607,0.39869159232957957,tvm
10,10,25,1,1280,128,1,[10; 10; 25; 1; 1280; 128; 1],0.3211596051696688,0.4554922597081643,tvm
10,1,50,1,1280,64,1,[10; 1; 50; 1; 1280; 64; 1],0.3846430219709873,0.3803155287625321,tvm
32,8,60,1,1280,64,1,[32; 8; 60; 1; 1280; 64; 1],0.4085815390571952,0.3580330981748946,tvm
32,8,4,1,128,128,0,[32; 8; 4; 1; 128; 128; 0],0.38615028699859977,0.37883103861643574,tvm
10,5,60,1,256,64,1,[10; 5; 60; 1; 256; 64; 1],0.33665107982233167,0.43453214040756055,tvm
20,5,20,1,128,128,0,[20; 5; 20; 1; 128; 128; 0],0.3745116719510406,0.3906038856509605,tvm
20,4,2,1,256,128,1,[20; 4; 2; 1; 256; 128; 1],0.3354921650607139,0.43603317609292314,tvm
20,2,100,1,256,128,0,[20; 2; 100; 1; 256; 128; 0],0.3671771769877523,0.3984063374685019,tvm
16,4,10,1,640,64,1,[16; 4; 10; 1; 640; 64; 1],0.3719894140958786,0.39325235811148596,tvm
20,1,60,1,256,64,1,[20; 1; 60; 1; 256; 64; 1],0.3577095011714846,0.40895115675327137,tvm
32,2,1500,1,256,128,0,[32; 2; 1500; 1; 256; 128; 0],0.37951659597456455,0.38545274656584044,tvm
32,2,60,1,320,64,1,[32; 2; 60; 1; 320; 64; 1],0.3407455738633871,0.42931068077310863,tvm
20,2,30,1,256,64,1,[20; 2; 30; 1; 256; 64; 1],0.34389606583863497,0.42537769057920943,tvm
16,8,25,1,640,128,1,[16; 8; 25; 1; 640; 128; 1],0.36488884198479354,0.4009048714397538,tvm
16,8,250,1,640,128,1,[16; 8; 250; 1; 640; 128; 1],0.3653483029920608,0.400400694591137,tvm
32,16,500,1,128,128,0,[32; 16; 500; 1; 128; 128; 0],0.37946544401347637,0.38550470561561617,tvm
20,20,300,1,256,128,1,[20; 20; 300; 1; 256; 128; 1],0.3788501031231135,0.38613085513184187,tvm
32,2,30,1,256,64,1,[32; 2; 30; 1; 256; 64; 1],0.33554000104777515,0.43597101337818056,tvm
20,5,15,1,1280,64,1,[20; 5; 15; 1; 1280; 64; 1],0.3071199080441147,0.47631465904418613,tvm
20,20,60,1,256,128,1,[20; 20; 60; 1; 256; 128; 1],0.37221067398786545,0.3930185900323842,tvm
20,2,20,1,640,128,0,[20; 2; 20; 1; 640; 128; 0],0.3531026840209961,0.41428661096502994,tvm
20,2,750,1,640,128,1,[20; 2; 750; 1; 640; 128; 1],0.3577576270326972,0.4088961442947645,tvm
32,2,12,1,640,128,0,[32; 2; 12; 1; 640; 128; 0],0.35237525193952024,0.4151418508551275,tvm
16,4,150,1,640,128,0,[16; 4; 150; 1; 640; 128; 0],0.35767975193448365,0.4089851703780803,tvm
16,1,300,1,1280,128,1,[16; 1; 300; 1; 1280; 128; 1],0.3386000811588019,0.43203094867867725,tvm
32,32,6,1,256,128,1,[32; 32; 6; 1; 256; 128; 1],0.5968103038612753,0.24511258156782337,tvm
16,2,100,1,1280,128,1,[16; 2; 100; 1; 1280; 128; 1],0.3199588619172573,0.4572016333885585,tvm
32,4,500,1,256,128,1,[32; 4; 500; 1; 256; 128; 1],0.3066592081449926,0.4770302355197775,tvm
32,16,150,1,640,128,0,[32; 16; 150; 1; 640; 128; 0],0.3445127180311829,0.42461629608830154,tvm
16,2,300,1,1280,128,0,[16; 2; 300; 1; 1280; 128; 0],0.3122243098914623,0.4685276246957426,tvm
16,16,50,1,1280,128,1,[16; 16; 50; 1; 1280; 128; 1],0.4920496998820454,0.29729865564552127,tvm
32,32,75,1,128,128,1,[32; 32; 75; 1; 128; 128; 1],0.3628908300306648,0.40311218190151826,tvm
20,5,750,1,1280,128,1,[20; 5; 750; 1; 1280; 128; 1],0.3264954111073166,0.4480483011677958,tvm
32,2,125,1,1280,128,1,[32; 2; 125; 1; 1280; 128; 1],0.286925450200215,0.5098387549227054,tvm
32,32,30,1,1280,128,0,[32; 32; 30; 1; 1280; 128; 0],0.2511714259162545,0.5824138384853094,tvm
32,2,30,1,128,64,0,[32; 2; 30; 1; 128; 64; 0],0.41108603309839964,0.3558518229946737,tvm
8,8,25,1,256,128,1,[8; 8; 25; 1; 256; 128; 1],0.41906877886503935,0.34907328262892484,tvm
16,1,10,1,256,64,0,[16; 1; 10; 1; 256; 64; 0],0.3849285680335015,0.38003340472506214,tvm
8,8,15,1,640,128,0,[8; 8; 15; 1; 640; 128; 0],0.4078477369621396,0.35867727347300193,tvm
16,4,4,1,128,128,0,[16; 4; 4; 1; 128; 128; 0],0.38594859186559916,0.37902901414563556,tvm
10,5,25,1,256,128,1,[10; 5; 25; 1; 256; 128; 1],0.4067749979440123,0.35962317011884976,tvm
8,2,75,1,1280,64,0,[8; 2; 75; 1; 1280; 64; 0],0.4252045520115644,0.3440360964944132,tvm
8,2,100,1,640,128,0,[8; 2; 100; 1; 640; 128; 0],0.42400707001797855,0.3450077242332576,tvm
20,20,250,1,64,64,1,[20; 20; 250; 1; 64; 64; 1],0.38813143502920866,0.37689736280882696,tvm
20,4,750,1,128,64,1,[20; 4; 750; 1; 128; 64; 1],0.35167156299576163,0.4159725427883896,tvm
16,16,2,1,1280,128,1,[16; 16; 2; 1; 1280; 128; 1],0.7337840441614389,0.199357992926772,tvm
16,4,4,1,640,64,0,[16; 4; 4; 1; 640; 64; 0],0.3985194640699774,0.3670729474333216,tvm
8,8,150,1,64,64,1,[8; 8; 150; 1; 64; 64; 1],0.41787388687953353,0.3500714423150499,tvm
16,1,300,1,1280,64,1,[16; 1; 300; 1; 1280; 64; 1],0.40031379298307,0.36542761416142605,tvm
16,2,150,1,64,64,1,[16; 2; 150; 1; 64; 64; 1],0.3965572970919311,0.36888922573981003,tvm
10,2,375,1,640,128,0,[10; 2; 375; 1; 640; 128; 0],0.4278539610095322,0.3419057146053982,tvm
8,8,25,1,640,128,0,[8; 8; 25; 1; 640; 128; 0],0.4176392799708992,0.35026809330747666,tvm
10,5,150,1,1280,64,0,[10; 5; 150; 1; 1280; 64; 0],0.4195029779803008,0.34871198052039487,tvm
32,8,1,1,640,64,1,[32; 8; 1; 1; 640; 64; 1],0.4650247760582715,0.3145761727486612,tvm
20,4,3,1,640,64,1,[20; 4; 3; 1; 640; 64; 1],0.5324758279602975,0.27472742724505733,tvm
20,2,125,1,1280,64,0,[20; 2; 125; 1; 1280; 64; 0],0.35441958298906684,0.41274726710072035,tvm
16,8,125,1,640,64,0,[16; 8; 125; 1; 640; 64; 0],0.37929805601015687,0.3856748326751167,tvm
8,1,375,1,1280,128,1,[8; 1; 375; 1; 1280; 128; 1],0.40950188087299466,0.3572284307311502,tvm
32,8,3,1,640,64,0,[32; 8; 3; 1; 640; 64; 0],0.38575952290557325,0.3792147843399379,tvm
20,20,2,1,256,128,0,[20; 20; 2; 1; 256; 128; 0],0.5195502049755305,0.2815622299535114,tvm
32,16,150,1,1280,64,1,[32; 16; 150; 1; 1280; 64; 1],0.40518274693749845,0.36103638516543163,tvm
20,20,100,1,1280,64,0,[20; 20; 100; 1; 1280; 64; 0],0.36640606820583344,0.39924479144689373,tvm
20,20,3,1,128,128,1,[20; 20; 3; 1; 128; 128; 1],0.4011828650254756,0.3646359977922411,tvm
32,4,25,1,64,64,1,[32; 4; 25; 1; 64; 64; 1],0.387658383930102,0.3773572824677792,tvm
10,10,75,1,640,64,1,[10; 10; 75; 1; 640; 64; 1],0.38680704100988805,0.3781878269428264,tvm
10,10,15,1,640,64,0,[10; 10; 15; 1; 640; 64; 0],0.38637524703517556,0.37861047105948914,tvm
16,2,12,1,128,128,1,[16; 2; 12; 1; 128; 128; 1],0.42321475106291473,0.34565362837262636,tvm
32,32,250,1,256,64,1,[32; 32; 250; 1; 256; 64; 1],0.362034552032128,0.404065616015381,tvm
8,2,50,1,1280,128,0,[8; 2; 50; 1; 1280; 128; 0],0.40397271094843745,0.3621178122211973,tvm
32,8,1,1,640,128,1,[32; 8; 1; 1; 640; 128; 1],0.46576983993873,0.31407296424551134,tvm
10,2,250,1,256,64,1,[10; 2; 250; 1; 256; 64; 1],0.363627698039636,0.4022953011400383,tvm
16,1,75,1,640,64,1,[16; 1; 75; 1; 640; 64; 1],0.3787551091518253,0.38622769898286746,tvm
16,16,50,1,640,64,1,[16; 16; 50; 1; 640; 64; 1],0.34118461492471397,0.4287582378765637,tvm
32,1,4,1,128,128,0,[32; 1; 4; 1; 128; 128; 0],0.3820209021214396,0.38292594324907364,tvm
8,1,125,1,256,64,1,[8; 1; 125; 1; 256; 64; 1],0.36554504185914993,0.4001851961709288,tvm
16,1,250,1,256,64,1,[16; 1; 250; 1; 256; 64; 1],0.36263921996578574,0.4033918733321676,tvm
20,4,250,1,320,64,1,[20; 4; 250; 1; 320; 64; 1],0.3982376870699227,0.36733267351472293,tvm
20,5,300,1,256,128,0,[20; 5; 300; 1; 256; 128; 0],0.3786984209436923,0.38628551426536084,tvm
20,20,6,1,1280,64,0,[20; 20; 6; 1; 1280; 64; 0],0.34777449793182313,0.4206338163254046,tvm
8,4,100,1,256,64,1,[8; 4; 100; 1; 256; 64; 1],0.36201398400589824,0.4040885732285162,tvm
16,4,150,1,320,64,1,[16; 4; 150; 1; 320; 64; 1],0.3591899499297142,0.40726561061727723,tvm
16,16,20,1,640,128,1,[16; 16; 20; 1; 640; 128; 1],0.38007469614967704,0.38488674928284516,tvm
16,16,50,1,256,128,1,[16; 16; 50; 1; 256; 128; 1],0.3689449019730091,0.39649745396513464,tvm
16,4,6,1,1280,64,1,[16; 4; 6; 1; 1280; 64; 1],0.32718897704035044,0.4470985410601827,tvm
32,32,30,1,128,64,1,[32; 32; 30; 1; 128; 64; 1],0.371392406988889,0.39388450472572734,tvm
32,4,125,1,256,64,1,[32; 4; 125; 1; 256; 64; 1],0.346015437040478,0.4227722194619927,tvm
20,20,30,1,1280,64,1,[20; 20; 30; 1; 1280; 64; 1],0.3254644819535315,0.44946752225516384,tvm
20,2,15,1,640,64,1,[20; 2; 15; 1; 640; 64; 1],0.3748681419529021,0.39023245219940145,tvm
32,1,20,1,256,128,0,[32; 1; 20; 1; 256; 128; 0],0.36475560697726905,0.4010513107611546,tvm
32,4,75,1,128,64,1,[32; 4; 75; 1; 128; 64; 1],0.3303315918892622,0.44284506198472834,tvm
32,8,25,1,640,64,1,[32; 8; 25; 1; 640; 64; 1],0.33285902300849557,0.4394824961136194,tvm
20,4,5,1,128,128,1,[20; 4; 5; 1; 128; 128; 1],0.3226196998730302,0.45343081759510134,tvm
16,8,6,1,1280,128,0,[16; 8; 6; 1; 1280; 128; 0],0.45488330884836614,0.3215895405264873,tvm
32,16,1500,1,256,128,1,[32; 16; 1500; 1; 256; 128; 1],0.3329998189583421,0.43929667812826795,tvm
32,2,10,1,640,128,1,[32; 2; 10; 1; 640; 128; 1],0.3130267590750009,0.4673265465163136,tvm
16,2,125,1,1280,128,1,[16; 2; 125; 1; 1280; 128; 1],0.3116870599333197,0.4693352182057533,tvm
20,1,375,1,1280,128,0,[20; 1; 375; 1; 1280; 128; 0],0.305226436117664,0.47926947661021585,tvm
16,8,250,1,1280,128,0,[16; 8; 250; 1; 1280; 128; 0],0.3140497070271522,0.4658043329206694,tvm
20,10,150,1,1280,128,0,[20; 10; 150; 1; 1280; 128; 0],0.3240198988933116,0.4514713904465511,tvm
32,32,3,1,640,128,1,[32; 32; 3; 1; 640; 128; 1],0.8586921079549938,0.1703587501626153,tvm
32,1,60,1,128,64,0,[32; 1; 60; 1; 128; 64; 0],0.42292209598235786,0.3458928149543092,tvm
8,1,250,1,1280,64,0,[8; 1; 250; 1; 1280; 64; 0],0.4107496829237789,0.35614321901463264,tvm
32,8,30,1,128,64,0,[32; 8; 30; 1; 128; 64; 0],0.4233215160202235,0.3455664518567153,tvm
20,10,1,1,320,64,1,[20; 10; 1; 1; 320; 64; 1],0.3691486499737948,0.39627861105844175,tvm
32,2,3,1,1280,64,1,[32; 2; 3; 1; 1280; 64; 1],0.34900152892805636,0.4191549381890239,tvm
8,1,750,1,640,64,1,[8; 1; 750; 1; 640; 64; 1],0.4584334830287844,0.31909910532544855,tvm
16,2,4,1,256,64,1,[16; 2; 4; 1; 256; 64; 1],0.4598921488504857,0.31808700072693097,tvm
20,4,50,1,256,64,0,[20; 4; 50; 1; 256; 64; 0],0.412002082914114,0.35506061826442037,tvm
10,2,5,1,1280,128,1,[10; 2; 5; 1; 1280; 128; 1],0.45684188487939537,0.3202108193830196,tvm
20,5,3,1,640,128,0,[20; 5; 3; 1; 640; 128; 0],0.39561319001950324,0.36976955767956726,tvm
16,16,30,1,320,64,0,[16; 16; 30; 1; 320; 64; 0],0.4069408338982612,0.3594766169921572,tvm
32,2,75,1,256,64,0,[32; 2; 75; 1; 256; 64; 0],0.4163326630368829,0.3513673734331886,tvm
32,16,4,1,640,128,0,[32; 16; 4; 1; 640; 128; 0],0.3690462629310787,0.39638855335878015,tvm
10,5,10,1,64,64,1,[10; 5; 10; 1; 64; 64; 1],0.45571749680675566,0.32100087293278956,tvm
16,2,1500,1,256,64,1,[16; 2; 1500; 1; 256; 64; 1],0.4857501520309597,0.30115423263190383,tvm
20,2,20,1,256,64,0,[20; 2; 20; 1; 256; 64; 0],0.3995856938418001,0.36609347266479025,tvm
32,32,6,1,256,64,0,[32; 32; 6; 1; 256; 64; 0],0.39999868790619075,0.3657154853468464,tvm
20,20,500,1,128,64,1,[20; 20; 500; 1; 128; 64; 1],0.3901348700746894,0.3749619055013171,tvm
20,5,375,1,1280,64,0,[20; 5; 375; 1; 1280; 64; 0],0.37720152200199664,0.3878184624211033,tvm
8,2,100,1,64,64,1,[8; 2; 100; 1; 64; 64; 1],0.3998979430180043,0.365807618768192,tvm
32,32,250,1,640,64,0,[32; 32; 250; 1; 640; 64; 0],0.3649968011304736,0.40078629136648863,tvm
10,5,60,1,1280,64,0,[10; 5; 60; 1; 1280; 64; 0],0.3884317730553448,0.3766059432652826,tvm
8,8,25,1,64,64,1,[8; 8; 25; 1; 64; 64; 1],0.4153363120276481,0.3522102692431486,tvm
32,8,1,1,128,64,1,[32; 8; 1; 1; 128; 64; 1],0.3510988699272275,0.4166510542059991,tvm
32,1,75,1,1280,64,0,[32; 1; 75; 1; 1280; 64; 0],0.3768903170712292,0.38813869091273967,tvm
10,2,1500,1,1280,128,0,[10; 2; 1500; 1; 1280; 128; 0],0.4561210840474814,0.3207168434039901,tvm
32,32,1500,1,128,64,1,[32; 32; 1500; 1; 128; 64; 1],0.40099610202014446,0.36480582616328144,tvm
10,5,30,1,64,64,1,[10; 5; 30; 1; 64; 64; 1],0.4436016180552542,0.32976821619143243,tvm
32,2,750,1,256,64,1,[32; 2; 750; 1; 256; 64; 1],0.38036605110391974,0.3845919315384632,tvm
32,4,12,1,64,64,1,[32; 4; 12; 1; 64; 64; 1],0.391283358912915,0.37386132313966364,tvm
10,10,75,1,1280,64,1,[10; 10; 75; 1; 1280; 64; 1],0.39847854780964553,0.36711063892853635,tvm
16,1,250,1,1280,64,1,[16; 1; 250; 1; 1280; 64; 1],0.39067028393037617,0.3744480199875781,tvm
10,5,5,1,1280,64,0,[10; 5; 5; 1; 1280; 64; 0],0.34658146812580526,0.42208175490968314,tvm
16,8,250,1,128,128,0,[16; 8; 250; 1; 128; 128; 0],0.37614382104948163,0.38890899198493134,tvm
16,8,150,1,640,64,1,[16; 8; 150; 1; 640; 64; 1],0.40500729717314243,0.3611927866652153,tvm
10,10,150,1,1280,128,1,[10; 10; 150; 1; 1280; 128; 1],0.3837020799983293,0.3812481659894866,tvm
8,2,20,1,640,64,1,[8; 2; 20; 1; 640; 64; 1],0.4033380909822881,0.36268757540219076,tvm
20,1,15,1,128,128,0,[20; 1; 15; 1; 128; 128; 0],0.38482176791876554,0.38013887591877255,tvm
20,10,30,1,128,128,0,[20; 10; 30; 1; 128; 128; 0],0.40171479899436235,0.3641531620242033,tvm
32,16,6,1,640,128,0,[32; 16; 6; 1; 640; 128; 0],0.3514656890183687,0.4162162021968208,tvm
10,5,30,1,1280,128,1,[10; 5; 30; 1; 1280; 128; 1],0.3359369579702616,0.43545585210265575,tvm
16,16,100,1,128,64,1,[16; 16; 100; 1; 128; 64; 1],0.3302949669305235,0.44289416712936175,tvm
20,4,50,1,128,128,0,[20; 4; 50; 1; 128; 128; 0],0.37716496107168496,0.3878560560611325,tvm
20,20,50,1,1280,64,1,[20; 20; 50; 1; 1280; 64; 1],0.3710289120208472,0.3942703911912257,tvm
16,4,12,1,640,64,0,[16; 4; 12; 1; 640; 64; 0],0.3266495179850608,0.44783692070962927,tvm
20,4,30,1,256,128,0,[20; 4; 30; 1; 256; 128; 0],0.35103470203466713,0.41672721653390143,tvm
32,16,6,1,640,128,1,[32; 16; 6; 1; 640; 128; 1],0.3250177651643753,0.45008528752799526,tvm
32,16,50,1,640,64,1,[32; 16; 50; 1; 640; 64; 1],0.34982629981823266,0.41816671405701444,tvm
10,10,20,1,1280,64,1,[10; 10; 20; 1; 1280; 64; 1],0.3176241328474134,0.46056234132558793,tvm
32,32,60,1,128,128,0,[32; 32; 60; 1; 128; 128; 0],0.29745980305597186,0.49178313433559384,tvm
20,5,25,1,640,64,1,[20; 5; 25; 1; 640; 64; 1],0.3503862600773573,0.4174984323112948,tvm
32,8,25,1,1280,64,0,[32; 8; 25; 1; 1280; 64; 0],0.3316747189965099,0.4410517471102572,tvm
20,1,5,1,128,128,1,[20; 1; 5; 1; 128; 128; 1],0.32079095602966845,0.4560157059795196,tvm
20,4,125,1,640,128,0,[20; 4; 125; 1; 640; 128; 0],0.33109883894212544,0.44181886820595095,tvm
32,4,5,1,640,128,1,[32; 4; 5; 1; 640; 128; 1],0.3287325717974454,0.44499914774448,tvm
16,4,30,1,1280,128,1,[16; 4; 30; 1; 1280; 128; 1],0.2832861440256238,0.5163885257744285,tvm
16,1,25,1,1280,128,0,[16; 1; 25; 1; 1280; 128; 0],0.31183654302731156,0.4691102359767443,tvm
32,8,10,1,1280,128,1,[32; 8; 10; 1; 1280; 128; 1],0.28812182205729187,0.5077217450631906,tvm
20,1,1500,1,1280,128,0,[20; 1; 1500; 1; 1280; 128; 0],0.38597127911634743,0.3790067349586855,tvm
32,1,15,1,1280,128,0,[32; 1; 15; 1; 1280; 128; 0],0.31079228897579014,0.47068643423489037,tvm
32,32,30,1,1280,128,1,[32; 32; 30; 1; 1280; 128; 1],0.2594894899521023,0.5637442746244418,tvm
32,32,100,1,1280,128,0,[32; 32; 100; 1; 1280; 128; 0],0.25918931793421507,0.5643971574586385,tvm
32,4,125,1,1280,128,0,[32; 4; 125; 1; 1280; 128; 0],0.3238657768815756,0.4516862377194148,tvm
8,4,300,1,640,128,0,[8; 4; 300; 1; 640; 128; 0],0.42720756214112043,0.34242304502416887,tvm
32,16,3,1,640,64,0,[32; 16; 3; 1; 640; 64; 0],0.384395238943398,0.3805606819892345,tvm
32,32,2,1,128,64,0,[32; 32; 2; 1; 128; 64; 0],0.6527299771551043,0.22411367549456565,tvm
10,5,125,1,256,128,1,[10; 5; 125; 1; 256; 128; 1],0.39732706593349576,0.36817455146687506,tvm
20,4,60,1,256,64,0,[20; 4; 60; 1; 256; 64; 0],0.40662550716660917,0.35975538107543203,tvm
8,2,300,1,1280,128,0,[8; 2; 300; 1; 1280; 128; 0],0.41118961200118065,0.35576218371317775,tvm
8,4,30,1,256,128,1,[8; 4; 30; 1; 256; 128; 1],0.41661830502562225,0.3511264688111043,tvm
10,2,100,1,1280,64,0,[10; 2; 100; 1; 1280; 64; 0],0.38768729101866484,0.37732914561460695,tvm
20,2,500,1,64,64,1,[20; 2; 500; 1; 64; 64; 1],0.41323858103714883,0.35399820103574425,tvm
10,5,12,1,320,64,0,[10; 5; 12; 1; 320; 64; 0],0.44661757815629244,0.3275413271676514,tvm
20,4,1500,1,256,64,1,[20; 4; 1500; 1; 256; 64; 1],0.43484073993749917,0.3364121639263615,tvm
8,8,250,1,1280,64,1,[8; 8; 250; 1; 1280; 64; 1],0.42782158590853214,0.3419315880825846,tvm
20,5,25,1,256,64,0,[20; 5; 25; 1; 256; 64; 0],0.4039135561324656,0.3621708458770795,tvm
20,1,750,1,256,64,1,[20; 1; 750; 1; 256; 64; 1],0.422934876056388,0.3458823629059399,tvm
32,4,125,1,320,64,0,[32; 4; 125; 1; 320; 64; 0],0.4119660770520568,0.3550916505856606,tvm
16,2,25,1,64,64,1,[16; 2; 25; 1; 64; 64; 1],0.44491413491778076,0.3287953850078231,tvm
10,10,300,1,640,128,1,[10; 10; 300; 1; 640; 128; 1],0.39084207103587687,0.3742834385714996,tvm
16,4,375,1,320,64,1,[16; 4; 375; 1; 320; 64; 1],0.3851793350186199,0.37978598794414226,tvm
20,1,500,1,128,64,1,[20; 1; 500; 1; 128; 64; 1],0.4635041549336165,0.3156082048642379,tvm
32,8,125,1,64,64,1,[32; 8; 125; 1; 64; 64; 1],0.37840644805692136,0.38658356652450443,tvm
32,32,2,1,256,128,0,[32; 32; 2; 1; 256; 128; 0],0.6963250569533557,0.21008250791054536,tvm
10,5,25,1,640,128,1,[10; 5; 25; 1; 640; 128; 1],0.3802698499057442,0.38468922614289164,tvm
32,2,4,1,64,64,1,[32; 2; 4; 1; 64; 64; 1],0.38709742203354836,0.3779041294494496,tvm
10,2,75,1,1280,64,1,[10; 2; 75; 1; 1280; 64; 1],0.3925946948584169,0.37261255997987935,tvm
16,8,250,1,1280,64,1,[16; 8; 250; 1; 1280; 64; 1],0.39085647207684815,0.3742696481611602,tvm
20,10,150,1,1280,64,1,[20; 10; 150; 1; 1280; 64; 1],0.3781269178725779,0.38686934828323966,tvm
16,2,500,1,128,128,0,[16; 2; 500; 1; 128; 128; 0],0.3686253170017153,0.39684120308273235,tvm
32,4,300,1,256,64,1,[32; 4; 300; 1; 256; 64; 1],0.3641944348346442,0.4016692741396025,tvm
32,4,1,1,256,64,1,[32; 4; 1; 1; 256; 64; 1],0.3232535889837891,0.4525416554402136,tvm
10,5,25,1,640,64,0,[10; 5; 25; 1; 640; 64; 0],0.35910584102384746,0.4073609993884777,tvm
16,1,12,1,256,128,1,[16; 1; 12; 1; 256; 128; 1],0.3188453239854425,0.45879836798984464,tvm
10,2,150,1,320,64,1,[10; 2; 150; 1; 320; 64; 1],0.3552716439589858,0.4117573602429193,tvm
8,4,100,1,320,64,1,[8; 4; 100; 1; 320; 64; 1],0.38789762393571436,0.3771245433304278,tvm
8,8,30,1,1280,128,1,[8; 8; 30; 1; 1280; 128; 1],0.3576034209690988,0.4090724688518993,tvm
32,1,60,1,1280,64,1,[32; 1; 60; 1; 1280; 64; 1],0.3777030538767576,0.38730349883124454,tvm
20,2,30,1,128,128,0,[20; 2; 30; 1; 128; 128; 0],0.4037283619400114,0.36233697722591607,tvm
16,8,75,1,256,128,0,[16; 8; 75; 1; 256; 128; 0],0.35195940802805126,0.41563234551768335,tvm
20,20,100,1,256,64,1,[20; 20; 100; 1; 256; 64; 1],0.3571037361398339,0.40964487201117394,tvm
20,1,50,1,1280,64,1,[20; 1; 50; 1; 1280; 64; 1],0.37691216194070876,0.388116195382218,tvm
8,1,15,1,256,64,1,[8; 1; 15; 1; 256; 64; 1],0.4045049820560962,0.361641316609118,tvm
10,1,30,1,640,64,1,[10; 1; 30; 1; 640; 64; 1],0.3481755170505494,0.4201493417024954,tvm
16,1,150,1,256,128,1,[16; 1; 150; 1; 256; 128; 1],0.35440164199098945,0.4127681617497516,tvm
16,1,20,1,640,64,1,[16; 1; 20; 1; 640; 64; 1],0.34849460213445127,0.4197646488345791,tvm
32,2,2,1,128,128,1,[32; 2; 2; 1; 128; 128; 1],0.3084806960541755,0.47421351208317924,tvm
10,5,25,1,256,64,1,[10; 5; 25; 1; 256; 64; 1],0.36259993095882237,0.40343558229283505,tvm
16,8,30,1,640,128,0,[16; 8; 30; 1; 640; 128; 0],0.321412320015952,0.4551341226697657,tvm
32,8,30,1,128,128,0,[32; 8; 30; 1; 128; 128; 0],0.3749974509701133,0.3900978897517174,tvm
20,4,375,1,128,128,1,[20; 4; 375; 1; 128; 128; 1],0.31406151596456766,0.46578681834490737,tvm
32,8,25,1,320,64,1,[32; 8; 25; 1; 320; 64; 1],0.34830867988057435,0.4199887132754536,tvm
32,8,30,1,256,64,1,[32; 8; 30; 1; 256; 64; 1],0.34063573903404176,0.42944910801357544,tvm
32,8,30,1,128,64,1,[32; 8; 30; 1; 128; 64; 1],0.3317549219354987,0.4409451212728528,tvm
32,32,25,1,128,128,0,[32; 32; 25; 1; 128; 128; 0],0.30599805689416826,0.47806092551858365,tvm
32,16,10,1,1280,64,0,[32; 16; 10; 1; 1280; 64; 0],0.33209080318920314,0.4404991432489941,tvm
32,4,1500,1,640,128,0,[32; 4; 1500; 1; 640; 128; 0],0.3551512889098376,0.41189689817753106,tvm
20,10,25,1,1280,64,0,[20; 10; 25; 1; 1280; 64; 0],0.3165382808074355,0.4621422531030504,tvm
32,16,375,1,128,128,1,[32; 16; 375; 1; 128; 128; 1],0.30942830187268555,0.47276126133382473,tvm
32,8,15,1,640,128,1,[32; 8; 15; 1; 640; 128; 1],0.3055861918255687,0.4787052497752107,tvm
32,4,1500,1,256,128,1,[32; 4; 1500; 1; 256; 128; 1],0.3123686187900603,0.46831117303762004,tvm
20,2,375,1,1280,128,1,[20; 2; 375; 1; 1280; 128; 1],0.3070587939582765,0.4764094602208063,tvm
32,2,75,1,256,128,1,[32; 2; 75; 1; 256; 128; 1],0.28400415112264454,0.515083014482215,tvm
16,8,15,1,1280,128,0,[16; 8; 15; 1; 1280; 128; 0],0.26756422384642065,0.5467312190798757,tvm
32,1,250,1,1280,128,1,[32; 1; 250; 1; 1280; 128; 1],0.2801002829801291,0.5222619296535738,tvm
20,20,20,1,1280,128,1,[20; 20; 20; 1; 1280; 128; 1],0.26353973895311356,0.5550802883345803,tvm
32,2,300,1,1280,128,1,[32; 2; 300; 1; 1280; 128; 1],0.2859756578691304,0.511532049181117,tvm
160,4,50,1,1280,128,0,[160; 4; 50; 1; 1280; 128; 0],0.4355769408866763,0.33584356873421667,tvm
8,4,100,1,640,128,0,[8; 4; 100; 1; 640; 128; 0],0.4053559838794172,0.36088208908550484,tvm
16,4,1,1,64,64,1,[16; 4; 1; 1; 64; 64; 1],0.446626640856266,0.3275346808807855,tvm
10,2,100,1,640,128,0,[10; 2; 100; 1; 640; 128; 0],0.37461360497400165,0.3904976016444106,tvm
10,2,15,1,256,64,0,[10; 2; 15; 1; 256; 64; 0],0.44896391383372247,0.32582955952199855,tvm
10,5,30,1,320,64,0,[10; 5; 30; 1; 320; 64; 0],0.417175626847893,0.35065738473511476,tvm
10,1,12,1,64,64,1,[10; 1; 12; 1; 64; 64; 1],0.46242697699926794,0.316343382981192,tvm
160,1,60,1,1280,128,1,[160; 1; 60; 1; 1280; 128; 1],0.43621029215864837,0.3353559439457486,tvm
80,2,30,1,1280,128,1,[80; 2; 30; 1; 1280; 128; 1],0.43744094599969685,0.3344124861274776,tvm
16,8,250,1,320,64,0,[16; 8; 250; 1; 320; 64; 0],0.4239438599906862,0.34505916488312416,tvm
160,4,20,1,1280,128,0,[160; 4; 20; 1; 1280; 128; 0],0.4253114899620414,0.34394959397586494,tvm
8,8,500,1,256,128,1,[8; 8; 500; 1; 256; 128; 1],0.39801250281743705,0.36754049998477956,tvm
8,1,375,1,256,128,1,[8; 1; 375; 1; 256; 128; 1],0.4114618799649179,0.35552677273089534,tvm
8,1,150,1,640,64,0,[8; 1; 150; 1; 640; 64; 0],0.432337393052876,0.3383600785783134,tvm
16,2,500,1,256,64,1,[16; 2; 500; 1; 256; 64; 1],0.3815686709713191,0.3833797830239317,tvm
10,5,375,1,640,128,0,[10; 5; 375; 1; 640; 128; 0],0.3898322021123022,0.37525302807994443,tvm
16,1,10,1,64,64,1,[16; 1; 10; 1; 64; 64; 1],0.40831371303647757,0.35826794353253955,tvm
32,32,5,1,64,64,1,[32; 32; 5; 1; 64; 64; 1],0.4613254819996655,0.3170987079482862,tvm
10,2,375,1,256,128,1,[10; 2; 375; 1; 256; 128; 1],0.38616141211241484,0.37882012468695164,tvm
8,2,60,1,640,128,1,[8; 2; 60; 1; 640; 128; 1],0.4011449518147856,0.36467046045055684,tvm
32,32,250,1,320,64,0,[32; 32; 250; 1; 320; 64; 0],0.37304114596918225,0.39214364384833644,tvm
20,2,750,1,1280,64,1,[20; 2; 750; 1; 1280; 64; 1],0.3873902999330312,0.3776184233601176,tvm
20,20,500,1,640,64,1,[20; 20; 500; 1; 640; 64; 1],0.3820137530565262,0.3829331093848565,tvm
20,10,750,1,640,64,1,[20; 10; 750; 1; 640; 64; 1],0.39048345293849707,0.37462717865475076,tvm
32,16,300,1,64,64,1,[32; 16; 300; 1; 64; 64; 1],0.380546699045226,0.38440936329953296,tvm
8,8,30,1,640,128,1,[8; 8; 30; 1; 640; 128; 1],0.39068097597919405,0.37443777219780683,tvm
20,10,3,1,256,128,0,[20; 10; 3; 1; 256; 128; 0],0.3851038811262697,0.37986039989492976,tvm
20,10,300,1,256,64,1,[20; 10; 300; 1; 256; 64; 1],0.4084912231191993,0.3581122580032217,tvm
10,1,100,1,1280,128,1,[10; 1; 100; 1; 1280; 128; 1],0.3818048108369112,0.38314266906448324,tvm
20,5,300,1,128,64,1,[20; 5; 300; 1; 128; 64; 1],0.3865481240209192,0.37844114405221535,tvm
8,8,250,1,320,64,1,[8; 8; 250; 1; 320; 64; 1],0.394397638970986,0.3709092038871862,tvm
32,8,100,1,1280,64,0,[32; 8; 100; 1; 1280; 64; 0],0.37079282314516604,0.39452142855646155,tvm
32,16,60,1,640,64,0,[32; 16; 60; 1; 640; 64; 0],0.40489945211447775,0.3612889904438664,tvm
20,20,125,1,640,64,1,[20; 20; 125; 1; 640; 64; 1],0.3843593029305339,0.3805962628466751,tvm
20,4,75,1,1280,64,0,[20; 4; 75; 1; 1280; 64; 0],0.3790750589687377,0.3859017121402821,tvm
32,4,250,1,640,64,1,[32; 4; 250; 1; 640; 64; 1],0.38793406588956714,0.37708911680717755,tvm
32,8,1,1,1280,128,1,[32; 8; 1; 1; 1280; 128; 1],0.4610409091692418,0.31729443391327083,tvm
10,5,20,1,1280,128,0,[10; 5; 20; 1; 1280; 128; 0],0.3236641089897603,0.4519676733460191,tvm
20,5,60,1,1280,64,1,[20; 5; 60; 1; 1280; 64; 1],0.5306178031023592,0.27568941982426276,tvm
16,8,100,1,128,128,1,[16; 8; 100; 1; 128; 128; 1],0.4233464361168444,0.3455461102437134,tvm
8,1,250,1,128,64,1,[8; 1; 250; 1; 128; 64; 1],0.35078464285470545,0.4170242833187702,tvm
10,5,100,1,320,64,1,[10; 5; 100; 1; 320; 64; 1],0.34972387412562966,0.4182891850076119,tvm
16,4,50,1,1280,64,1,[16; 4; 50; 1; 1280; 64; 1],0.5114489970728755,0.28602209628513614,tvm
32,8,6,1,256,128,0,[32; 8; 6; 1; 256; 128; 0],0.3394189979881048,0.4309885868287225,tvm
8,1,10,1,128,64,1,[8; 1; 10; 1; 128; 64; 1],0.3237701060716063,0.451819706459747,tvm
16,16,50,1,256,128,1,[16; 16; 50; 1; 256; 128; 1],0.36329261609353125,0.4026663571055141,tvm
8,8,125,1,128,64,1,[8; 8; 125; 1; 128; 64; 1],0.30241369316354394,0.48372715122593224,tvm
20,1,1500,1,640,128,0,[20; 1; 1500; 1; 640; 128; 0],0.39850220805965364,0.36708884248846146,tvm
20,1,75,1,128,64,1,[20; 1; 75; 1; 128; 64; 1],0.34991551097482443,0.4180601022177585,tvm
32,4,30,1,128,128,0,[32; 4; 30; 1; 128; 128; 0],0.36136533110402524,0.4048139146021272,tvm
32,32,25,1,640,64,1,[32; 32; 25; 1; 640; 64; 1],0.36608881200663745,0.39959078094706163,tvm
16,1,75,1,128,64,1,[16; 1; 75; 1; 128; 64; 1],0.32142480788752437,0.4551164399759206,tvm
10,5,25,1,128,64,1,[10; 5; 25; 1; 128; 64; 1],0.31251048715785146,0.46809857683855666,tvm
16,16,20,1,1280,64,1,[16; 16; 20; 1; 1280; 64; 1],0.29335025209002197,0.49867253647637166,tvm
20,5,25,1,1280,64,0,[20; 5; 25; 1; 1280; 64; 0],0.3146858389955014,0.4648627175365382,tvm
20,4,60,1,640,128,1,[20; 4; 60; 1; 640; 128; 1],0.31958957202732563,0.45772993579780047,tvm
20,1,12,1,256,128,1,[20; 1; 12; 1; 256; 128; 1],0.3077505021356046,0.47533866970347355,tvm
32,8,6,1,256,128,1,[32; 8; 6; 1; 256; 128; 1],0.30598083487711847,0.47808783299928725,tvm
32,32,300,1,128,128,1,[32; 32; 300; 1; 128; 128; 1],0.36386593407951295,0.40203190401920824,tvm
16,16,150,1,1280,128,1,[16; 16; 150; 1; 1280; 128; 1],0.3246389599516988,0.45061046988161657,tvm
32,4,1500,1,256,128,1,[32; 4; 1500; 1; 256; 128; 1],0.31162542710080743,0.46942804265581467,tvm
20,2,75,1,1280,128,1,[20; 2; 75; 1; 1280; 128; 1],0.3201165581122041,0.45697640618277446,tvm
16,16,15,1,1280,128,0,[16; 16; 15; 1; 1280; 128; 0],0.2697592210024595,0.5422825352998055,tvm
20,1,30,1,1280,128,1,[20; 1; 30; 1; 1280; 128; 1],0.2951046279631555,0.4957079639699124,tvm
16,1,3,1,256,128,0,[16; 1; 3; 1; 256; 128; 0],0.39288283605128527,0.3723392850549948,tvm
8,1,125,1,128,128,1,[8; 1; 125; 1; 128; 128; 1],0.5310171691235155,0.2754820800373933,tvm
8,4,25,1,256,128,1,[8; 4; 25; 1; 256; 128; 1],0.4192344769835472,0.34893531500143116,tvm
32,8,60,1,256,64,0,[32; 8; 60; 1; 256; 64; 0],0.41121714003384113,0.35573836799136266,tvm
10,10,125,1,256,128,1,[10; 10; 125; 1; 256; 128; 1],0.3949953659903258,0.3703479252698299,tvm
10,1,25,1,640,128,0,[10; 1; 25; 1; 640; 128; 0],0.3659411519765854,0.3997520188575958,tvm
8,2,750,1,1280,128,0,[8; 2; 750; 1; 1280; 128; 0],0.41806491394527256,0.34991148361439406,tvm
10,10,250,1,640,128,0,[10; 10; 250; 1; 640; 128; 0],0.3736864780075848,0.39146643749508403,tvm
32,16,1500,1,1280,64,0,[32; 16; 1500; 1; 1280; 64; 0],0.43096857890486717,0.33943475567857045,tvm
16,4,500,1,256,64,1,[16; 4; 500; 1; 256; 64; 1],0.38869890896603465,0.37634711832570916,tvm
16,4,750,1,320,64,1,[16; 4; 750; 1; 320; 64; 1],0.3771709760185331,0.3878498707136103,tvm
16,8,500,1,1280,64,0,[16; 8; 500; 1; 1280; 64; 0],0.37578431493602693,0.38928105424149434,tvm
10,5,750,1,640,128,1,[10; 5; 750; 1; 640; 128; 1],0.3955180400516838,0.3698585133224229,tvm
32,1,375,1,256,64,1,[32; 1; 375; 1; 256; 64; 1],0.37504629394970834,0.39004708657467874,tvm
10,2,10,1,1280,128,1,[10; 2; 10; 1; 1280; 128; 1],0.3976979688741267,0.36783118279393184,tvm
20,1,60,1,640,64,0,[20; 1; 60; 1; 640; 64; 0],0.4293857649900019,0.34068598964644414,tvm
32,8,500,1,1280,64,1,[32; 8; 500; 1; 1280; 64; 1],0.39681696705520153,0.3686478311935799,tvm
32,1,150,1,1280,64,0,[32; 1; 150; 1; 1280; 64; 0],0.3722986839711666,0.3929256819426299,tvm
8,4,10,1,1280,128,1,[8; 4; 10; 1; 1280; 128; 1],0.39798011793754995,0.36757040789828876,tvm
20,4,75,1,1280,64,1,[20; 4; 75; 1; 1280; 64; 1],0.38325900700874627,0.3816889143126542,tvm
32,2,100,1,640,64,0,[32; 2; 100; 1; 640; 64; 0],0.4034740459173918,0.3625653639085999,tvm
20,10,75,1,1280,64,1,[20; 10; 75; 1; 1280; 64; 1],0.37720936187542975,0.38781040204941664,tvm
10,2,60,1,1280,128,1,[10; 2; 60; 1; 1280; 128; 1],0.37651311280205846,0.38852754210082463,tvm
10,5,60,1,640,64,1,[10; 5; 60; 1; 640; 64; 1],0.3645251770503819,0.4013048302161466,tvm
20,2,300,1,128,128,0,[20; 2; 300; 1; 128; 128; 0],0.3780433461070061,0.38695487115995364,tvm
10,10,50,1,1280,64,1,[10; 10; 50; 1; 1280; 64; 1],0.5276688311714679,0.2772301596077753,tvm
8,2,20,1,1280,64,0,[8; 2; 20; 1; 1280; 64; 0],0.35258356388658285,0.41489657848251454,tvm
20,10,60,1,128,128,0,[20; 10; 60; 1; 128; 128; 0],0.39025742490775883,0.3748441540101136,tvm
16,8,10,1,256,128,1,[16; 8; 10; 1; 256; 128; 1],0.43311300105415285,0.3377541517564003,tvm
8,8,100,1,320,64,1,[8; 8; 100; 1; 320; 64; 1],0.38233443908393383,0.3826119212180104,tvm
20,4,125,1,128,128,0,[20; 4; 125; 1; 128; 128; 0],0.3857706980779767,0.37920379908207863,tvm
16,1,1500,1,256,128,0,[16; 1; 1500; 1; 256; 128; 0],0.4095009199809283,0.3572292689660557,tvm
20,5,250,1,320,64,1,[20; 5; 250; 1; 320; 64; 1],0.3878713930025697,0.37715004747654884,tvm
16,16,75,1,128,128,0,[16; 16; 75; 1; 128; 128; 0],0.36609516316093504,0.39958384869839775,tvm
16,2,125,1,128,128,1,[16; 2; 125; 1; 128; 128; 1],0.4212886330205947,0.3472339456131566,tvm
10,10,10,1,640,64,0,[10; 10; 10; 1; 640; 64; 0],0.39507637708447874,0.3702719847874736,tvm
10,1,10,1,320,64,1,[10; 1; 10; 1; 320; 64; 1],0.3705931850709021,0.39473395674485173,tvm
16,8,1500,1,256,128,1,[16; 8; 1500; 1; 256; 128; 1],0.44105462706647813,0.3316725532587267,tvm
20,1,15,1,256,64,1,[20; 1; 15; 1; 256; 64; 1],0.35685853310860693,0.4099263453543185,tvm
20,2,125,1,256,64,1,[20; 2; 125; 1; 256; 64; 1],0.3480136168655008,0.42034480030777166,tvm
16,1,15,1,640,128,0,[16; 1; 15; 1; 640; 128; 0],0.3487885841168463,0.4194108435518855,tvm
32,8,4,1,256,128,1,[32; 8; 4; 1; 256; 128; 1],0.31181346997618675,0.4691449484106192,tvm
20,5,30,1,640,64,1,[20; 5; 30; 1; 640; 64; 1],0.3482281898614019,0.4200857901364544,tvm
32,16,50,1,256,64,1,[32; 16; 50; 1; 256; 64; 1],0.3445901859086007,0.42452083741153096,tvm
32,2,500,1,640,128,0,[32; 2; 500; 1; 640; 128; 0],0.3480955548584461,0.42024585561054273,tvm
32,16,25,1,640,64,0,[32; 16; 25; 1; 640; 64; 0],0.36330543900839984,0.4026521449416894,tvm
32,1,50,1,320,64,1,[32; 1; 50; 1; 320; 64; 1],0.33722073398530483,0.43379810178602196,tvm
10,10,10,1,128,64,1,[10; 10; 10; 1; 128; 64; 1],0.33133222395554185,0.44150765820273163,tvm
32,32,15,1,256,128,1,[32; 32; 15; 1; 256; 128; 1],0.4339226658921689,0.3371239296406488,tvm
20,10,150,1,128,128,1,[20; 10; 150; 1; 128; 128; 1],0.3473001751117408,0.4212082940604569,tvm
32,1,12,1,1280,64,1,[32; 1; 12; 1; 1280; 64; 1],0.3149822959676385,0.46442519518856956,tvm
16,4,30,1,640,128,0,[16; 4; 30; 1; 640; 128; 0],0.3084384349640459,0.4742784870593918,tvm
32,32,500,1,640,128,1,[32; 32; 500; 1; 640; 128; 1],0.34571105195209384,0.4231444539007261,tvm
20,10,50,1,640,128,1,[20; 10; 50; 1; 640; 128; 1],0.3174287199508399,0.4608458689823956,tvm
20,1,500,1,640,128,1,[20; 1; 500; 1; 640; 128; 1],0.3319515387993306,0.44068394686414175,tvm
32,32,150,1,128,128,0,[32; 32; 150; 1; 128; 128; 0],0.3220748109742999,0.45419793570068173,tvm
20,4,15,1,640,128,1,[20; 4; 15; 1; 640; 128; 1],0.32662103697657585,0.4478759716147904,tvm
32,16,1500,1,640,128,1,[32; 16; 1500; 1; 640; 128; 1],0.3157024511601776,0.46336578556209396,tvm
32,16,300,1,256,128,1,[32; 16; 300; 1; 256; 128; 1],0.32827031682245433,0.4456257748239638,tvm
16,1,100,1,1280,128,0,[16; 1; 100; 1; 1280; 128; 0],0.32813347200863063,0.4458116186387308,tvm
32,4,250,1,128,128,1,[32; 4; 250; 1; 128; 128; 1],0.31820723321288824,0.45971838166181994,tvm
32,8,15,1,256,128,1,[32; 8; 15; 1; 256; 128; 1],0.3183323941193521,0.4595376310676931,tvm
20,4,60,1,1280,128,1,[20; 4; 60; 1; 1280; 128; 1],0.3121866958681494,0.4685840755606619,tvm
16,4,20,1,1280,128,0,[16; 4; 20; 1; 1280; 128; 0],0.2769610630348325,0.5281815165018934,tvm
8,8,50,1,128,64,0,[8; 8; 50; 1; 128; 64; 0],0.4311190920416266,0.33931625155582235,tvm
16,2,75,1,256,64,0,[16; 2; 75; 1; 256; 64; 0],0.4217311330139637,0.3468696115467262,tvm
16,1,75,1,256,64,0,[16; 1; 75; 1; 256; 64; 0],0.4223044109530747,0.34639873629444323,tvm
8,4,375,1,1280,64,0,[8; 4; 375; 1; 1280; 64; 0],0.4254949991591275,0.34380125400958256,tvm
8,2,125,1,256,128,1,[8; 2; 125; 1; 256; 128; 1],0.39658629707992077,0.36886225107327536,tvm
8,2,300,1,1280,64,1,[8; 2; 300; 1; 1280; 64; 1],0.44789717718958855,0.3266055731889411,tvm
8,1,375,1,64,64,1,[8; 1; 375; 1; 64; 64; 1],0.3678076278883964,0.39772343799814197,tvm
20,20,75,1,256,64,0,[20; 20; 75; 1; 256; 64; 0],0.4057709719054401,0.3605130095895681,tvm
20,20,4,1,256,128,1,[20; 20; 4; 1; 256; 128; 1],0.5499919389840215,0.2659779242509302,tvm
8,2,250,1,64,64,1,[8; 2; 250; 1; 64; 64; 1],0.44313622103072703,0.3301145502063819,tvm
20,10,500,1,640,64,0,[20; 10; 500; 1; 640; 64; 0],0.3875514648389071,0.37746138915129795,tvm
16,1,500,1,256,64,1,[16; 1; 500; 1; 256; 64; 1],0.37924534920603037,0.3857284330367425,tvm
20,2,2,1,64,64,1,[20; 2; 2; 1; 64; 64; 1],0.513764750212431,0.2847328747743558,tvm
16,16,750,1,1280,64,0,[16; 16; 750; 1; 1280; 64; 0],0.38583462103269994,0.3791409746854117,tvm
20,2,2,1,1280,64,1,[20; 2; 2; 1; 1280; 64; 1],0.6509337481111288,0.2247321093893262,tvm
10,10,50,1,640,64,0,[10; 10; 50; 1; 640; 64; 0],0.3934679429512471,0.3717855975469898,tvm
32,2,750,1,128,64,1,[32; 2; 750; 1; 128; 64; 1],0.3554133530706167,0.411593185854919,tvm
32,2,1,1,1280,64,1,[32; 2; 1; 1; 1280; 64; 1],0.4603610672056675,0.3177630010583862,tvm
32,2,3,1,64,64,1,[32; 2; 3; 1; 64; 64; 1],0.3808503260370344,0.38410289892068855,tvm
10,10,300,1,256,64,1,[10; 10; 300; 1; 256; 64; 1],0.39081985503435135,0.37430471456691067,tvm
8,1,5,1,256,64,1,[8; 1; 5; 1; 256; 64; 1],0.3556422160472721,0.4113283172947892,tvm
32,2,5,1,320,64,0,[32; 2; 5; 1; 320; 64; 0],0.3618798409588635,0.4042383623749388,tvm
10,1,12,1,640,64,0,[10; 1; 12; 1; 640; 64; 0],0.3911613079253584,0.373977976148982,tvm
16,2,30,1,128,128,0,[16; 2; 30; 1; 128; 128; 0],0.37102173105813563,0.3942780221215471,tvm
16,4,150,1,640,64,1,[16; 4; 150; 1; 640; 64; 1],0.3802019681315869,0.3847579090781697,tvm
16,4,15,1,128,128,0,[16; 4; 15; 1; 128; 128; 0],0.37297192215919495,0.3922164259412413,tvm
8,4,20,1,1280,128,1,[8; 4; 20; 1; 1280; 128; 1],0.3343580758664757,0.4375121309889724,tvm
16,2,250,1,128,128,1,[16; 2; 250; 1; 128; 128; 1],0.42929542413912714,0.3407576835440614,tvm
16,1,60,1,128,128,1,[16; 1; 60; 1; 128; 128; 1],0.3780021099373698,0.3869970839844042,tvm
10,1,5,1,1280,64,1,[10; 1; 5; 1; 1280; 64; 1],0.37490680208429694,0.39019221169751483,tvm
32,16,6,1,256,64,1,[32; 16; 6; 1; 256; 64; 1],0.35484027001075447,0.41225792743670464,tvm
32,16,6,1,640,64,1,[32; 16; 6; 1; 640; 64; 1],0.35477255401201546,0.41233661575962804,tvm
32,1,1500,1,128,128,0,[32; 1; 1500; 1; 128; 128; 0],0.3756047219503671,0.38946718647760953,tvm
20,5,6,1,640,64,0,[20; 5; 6; 1; 640; 64; 0],0.3747051008976996,0.3904022494896663,tvm
20,4,30,1,256,128,0,[20; 4; 30; 1; 256; 128; 0],0.35050998511724174,0.41735106130224314,tvm
16,2,1500,1,640,128,1,[16; 2; 1500; 1; 640; 128; 1],0.42117932299152017,0.3473240643597776,tvm
20,1,20,1,320,64,1,[20; 1; 20; 1; 320; 64; 1],0.3642834941856563,0.4015710747826529,tvm
10,10,25,1,1280,128,1,[10; 10; 25; 1; 1280; 128; 1],0.32153407810255885,0.4549617731003118,tvm
32,4,15,1,128,128,0,[32; 4; 15; 1; 128; 128; 0],0.36601363797672093,0.39967285124774043,tvm
16,16,12,1,128,64,1,[16; 16; 12; 1; 128; 64; 1],0.38282723305746913,0.3821194044044255,tvm
32,1,100,1,320,64,1,[32; 1; 100; 1; 320; 64; 1],0.3468684109393507,0.4217325927418974,tvm
20,20,125,1,640,128,1,[20; 20; 125; 1; 640; 128; 1],0.36615426815114915,0.39951934747167084,tvm
20,20,75,1,640,128,1,[20; 20; 75; 1; 640; 128; 1],0.3666586971376091,0.39896971059931635,tvm
16,2,12,1,1280,64,0,[16; 2; 12; 1; 1280; 64; 0],0.2915142879355699,0.5018131883746507,tvm
16,16,125,1,128,64,1,[16; 16; 125; 1; 128; 64; 1],0.32388965506106615,0.4516529379678199,tvm
32,8,1500,1,640,128,0,[32; 8; 1500; 1; 640; 128; 0],0.3533790442161262,0.41396261798774386,tvm
20,4,25,1,128,64,1,[20; 4; 25; 1; 128; 64; 1],0.3508232559543103,0.41697838385254005,tvm
32,2,150,1,640,128,0,[32; 2; 150; 1; 640; 128; 0],0.33985829004086554,0.4304315021067295,tvm
32,32,25,1,128,128,1,[32; 32; 25; 1; 128; 128; 1],0.3482203669846058,0.4200952274919098,tvm
32,1,25,1,256,64,1,[32; 1; 25; 1; 256; 64; 1],0.34305688878521323,0.42641823868840395,tvm
20,2,50,1,640,128,0,[20; 2; 50; 1; 640; 128; 0],0.3376781460829079,0.4332104875090072,tvm
32,32,750,1,128,128,0,[32; 32; 750; 1; 128; 128; 0],0.292399741942063,0.5002935820466621,tvm
20,1,375,1,256,128,1,[20; 1; 375; 1; 256; 128; 1],0.359404968097806,0.40702195926770024,tvm
20,1,30,1,1280,64,1,[20; 1; 30; 1; 1280; 64; 1],0.3228938849642873,0.4530457871690379,tvm
8,4,30,1,128,64,1,[8; 4; 30; 1; 128; 64; 1],0.3036083949264139,0.481823680538115,tvm
16,2,6,1,1280,128,1,[16; 2; 6; 1; 1280; 128; 1],0.45871601393446326,0.3189025668212537,tvm
32,16,375,1,640,128,1,[32; 16; 375; 1; 640; 128; 1],0.31054774881340563,0.4710570752635238,tvm
16,16,750,1,1280,128,1,[16; 16; 750; 1; 1280; 128; 1],0.3316172759514302,0.4411281464936097,tvm
32,4,10,1,256,128,1,[32; 4; 10; 1; 256; 128; 1],0.3086431280244142,0.47396394412560144,tvm
32,4,750,1,256,128,1,[32; 4; 750; 1; 256; 128; 1],0.31329698604531586,0.4669234649597148,tvm
20,4,60,1,1280,128,0,[20; 4; 60; 1; 1280; 128; 0],0.3080069760326296,0.4749428606130567,tvm
32,2,50,1,1280,128,1,[32; 2; 50; 1; 1280; 128; 1],0.2963157200720161,0.49368192227587937,tvm
32,4,15,1,1280,128,0,[32; 4; 15; 1; 1280; 128; 0],0.3137813890352845,0.4662026474402042,tvm
20,20,12,1,1280,128,1,[20; 20; 12; 1; 1280; 128; 1],0.2775166118517518,0.5271241721697709,tvm
20,4,1500,1,256,64,1,[20; 4; 1500; 1; 256; 64; 1],0.48731798003427684,0.3001853415616327,tvm
8,4,6,1,640,128,1,[8; 4; 6; 1; 640; 128; 1],0.4604865030851215,0.31767644286128666,tvm
160,20,25,1,1280,128,1,[160; 20; 25; 1; 1280; 128; 1],0.4277115419972688,0.3420195620688871,tvm
16,1,4,1,640,64,0,[16; 1; 4; 1; 640; 64; 0],0.3938851000275463,0.3713918456816057,tvm
10,2,150,1,256,128,0,[10; 2; 150; 1; 256; 128; 0],0.4326788729522377,0.33809303719311107,tvm
10,2,5,1,320,64,0,[10; 2; 5; 1; 320; 64; 0],0.4212055201642215,0.3473024622960301,tvm
16,2,3,1,128,128,0,[16; 2; 3; 1; 128; 128; 0],0.3847357169725001,0.38022389872414786,tvm
10,5,750,1,640,64,0,[10; 5; 750; 1; 640; 64; 0],0.4259311519563198,0.3434492020924457,tvm
16,1,1,1,128,128,0,[16; 1; 1; 1; 128; 128; 0],0.4013292060699314,0.36450303659241806,tvm
32,32,4,1,1280,64,1,[32; 32; 4; 1; 1280; 64; 1],0.411398853873834,0.3555812392481204,tvm
10,1,150,1,640,128,0,[10; 1; 150; 1; 640; 128; 0],0.3963742458727211,0.36905958398893507,tvm
16,1,15,1,320,64,0,[16; 1; 15; 1; 320; 64; 0],0.36475350498221815,0.401053621932559,tvm
32,4,3,1,128,64,0,[32; 4; 3; 1; 128; 64; 0],0.40015583485364914,0.36557186361962224,tvm
16,2,500,1,1280,64,0,[16; 2; 500; 1; 1280; 64; 0],0.3921231050044298,0.3730606853275369,tvm
20,2,60,1,640,64,0,[20; 2; 60; 1; 640; 64; 0],0.38477027509361506,0.3801897489355767,tvm
32,4,1,1,320,64,0,[32; 4; 1; 1; 320; 64; 0],0.39523253799416125,0.3701256860786987,tvm
20,2,75,1,64,64,1,[20; 2; 75; 1; 64; 64; 1],0.4134041899815202,0.3538563900193017,tvm
32,32,750,1,1280,64,0,[32; 32; 750; 1; 1280; 64; 0],0.35020637116394937,0.4177128868316063,tvm
20,2,375,1,256,64,1,[20; 2; 375; 1; 256; 64; 1],0.39116610609926283,0.3739733888104115,tvm
32,4,60,1,64,64,1,[32; 4; 60; 1; 64; 64; 1],0.39064675010740757,0.3744705779466828,tvm
16,16,60,1,1280,64,0,[16; 16; 60; 1; 1280; 64; 0],0.37799376784823835,0.3870056247711653,tvm
20,2,1,1,128,128,0,[20; 2; 1; 1; 128; 128; 0],0.3717029429972172,0.3935554373235336,tvm
20,10,2,1,128,128,0,[20; 10; 2; 1; 128; 128; 0],0.3883237720001489,0.37671068534444035,tvm
32,1,50,1,1280,64,0,[32; 1; 50; 1; 1280; 64; 0],0.3737246810924262,0.3914264208029018,tvm
16,16,75,1,1280,64,1,[16; 16; 75; 1; 1280; 64; 1],0.39351514005102217,0.37174100662746357,tvm
10,10,30,1,640,128,0,[10; 10; 30; 1; 640; 128; 0],0.3747059600427747,0.3904013543553324,tvm
20,5,100,1,1280,64,0,[20; 5; 100; 1; 1280; 64; 0],0.3704626620747149,0.3948730311078189,tvm
16,2,60,1,128,128,0,[16; 2; 60; 1; 128; 128; 0],0.37361704697832465,0.3915391855613083,tvm
16,8,15,1,256,128,1,[16; 8; 15; 1; 256; 128; 1],0.40152868209406734,0.36432195459313044,tvm
32,2,2,1,256,64,1,[32; 2; 2; 1; 256; 64; 1],0.32252615690231323,0.4535623271324978,tvm
20,1,6,1,640,64,1,[20; 1; 6; 1; 640; 64; 1],0.35651336889714,0.4103232222069073,tvm
10,5,10,1,640,64,1,[10; 5; 10; 1; 640; 64; 1],0.37413065880537033,0.3910016750640445,tvm
10,10,15,1,640,64,1,[10; 10; 15; 1; 640; 64; 1],0.3741830678191036,0.39094691039423296,tvm
10,5,150,1,256,64,1,[10; 5; 150; 1; 256; 64; 1],0.3484597848728299,0.41980659070630244,tvm
20,4,15,1,320,64,1,[20; 4; 15; 1; 320; 64; 1],0.3707939200103283,0.3945202615016977,tvm
8,4,60,1,256,64,1,[8; 4; 60; 1; 256; 64; 1],0.3654935508966446,0.4002415745143515,tvm
16,8,20,1,256,64,1,[16; 8; 20; 1; 256; 64; 1],0.3633515778928995,0.402601015616982,tvm
20,10,100,1,256,64,1,[20; 10; 100; 1; 256; 64; 1],0.3593903530854732,0.4070385112727926,tvm
10,2,12,1,1280,64,0,[10; 2; 12; 1; 1280; 64; 0],0.3322172500193119,0.4403314827186447,tvm
16,8,30,1,320,64,1,[16; 8; 30; 1; 320; 64; 1],0.33966051298193634,0.4306821331730545,tvm
32,1,10,1,640,64,1,[32; 1; 10; 1; 640; 64; 1],0.33838683017529547,0.43230321407583594,tvm
20,10,125,1,640,128,0,[20; 10; 125; 1; 640; 128; 0],0.34267038805410266,0.4268991993046622,tvm
32,8,1500,1,640,128,0,[32; 8; 1500; 1; 640; 128; 0],0.3571829318534583,0.4095540442725607,tvm
20,1,750,1,128,128,1,[20; 1; 750; 1; 128; 128; 1],0.31408516806550324,0.4657517423911149,tvm
32,4,300,1,640,128,0,[32; 4; 300; 1; 640; 128; 0],0.3543259771540761,0.4128563066718165,tvm
8,8,25,1,1280,64,1,[8; 8; 25; 1; 1280; 64; 1],0.3414167589507997,0.42846670660005587,tvm
16,8,60,1,128,64,1,[16; 8; 60; 1; 128; 64; 1],0.3308248999528587,0.44218471555967964,tvm
32,16,30,1,256,128,0,[32; 16; 30; 1; 256; 128; 0],0.3544828819576651,0.4126735640317458,tvm
32,16,125,1,256,128,0,[32; 16; 125; 1; 256; 128; 0],0.3507992981467396,0.4170068613550158,tvm
32,4,25,1,1280,64,0,[32; 4; 25; 1; 1280; 64; 0],0.33247610297985375,0.43998865775498586,tvm
8,2,50,1,128,64,1,[8; 2; 50; 1; 128; 64; 1],0.30880629806779325,0.4737135064959061,tvm
20,4,75,1,256,128,1,[20; 4; 75; 1; 256; 128; 1],0.3059379931073636,0.4781547816271969,tvm
20,10,30,1,1280,64,0,[20; 10; 30; 1; 1280; 64; 0],0.3186317980289459,0.4591058243108086,tvm
32,4,15,1,1280,64,1,[32; 4; 15; 1; 1280; 64; 1],0.3145399880595505,0.465078272521644,tvm
20,5,12,1,256,128,1,[20; 5; 12; 1; 256; 128; 1],0.2975154989399016,0.49169107090876013,tvm
32,16,15,1,1280,64,0,[32; 16; 15; 1; 1280; 64; 0],0.32556341402232647,0.44933093825979575,tvm
32,16,10,1,256,128,1,[32; 16; 10; 1; 256; 128; 1],0.307833420811221,0.47521063145195036,tvm
16,4,100,1,1280,128,0,[16; 4; 100; 1; 1280; 128; 0],0.30962416902184486,0.4724621942397314,tvm
16,16,60,1,1280,128,0,[16; 16; 60; 1; 1280; 128; 0],0.31183361005969346,0.46911464821803917,tvm
20,2,50,1,1280,128,1,[20; 2; 50; 1; 1280; 128; 1],0.31234875204972923,0.46834095966685363,tvm
32,2,1500,1,1280,128,0,[32; 2; 1500; 1; 1280; 128; 0],0.3325893059372902,0.4398388994302075,tvm
32,1,250,1,1280,128,0,[32; 1; 250; 1; 1280; 128; 0],0.3210250830743462,0.45568312882216744,tvm
20,20,750,1,1280,128,0,[20; 20; 750; 1; 1280; 128; 0],0.29343343898653984,0.4985311653332891,tvm
32,1,150,1,1280,128,1,[32; 1; 150; 1; 1280; 128; 1],0.28328038891777396,0.5163990166935832,tvm
16,8,75,1,128,64,0,[16; 8; 75; 1; 128; 64; 0],0.4267913189250976,0.34275700511937457,tvm
8,4,750,1,640,128,0,[8; 4; 750; 1; 640; 128; 0],0.42788531514815986,0.34188066079122464,tvm
32,2,60,1,128,64,0,[32; 2; 60; 1; 128; 64; 0],0.4155859698075801,0.35199868357790287,tvm
256,32,25,1,1280,128,1,[256; 32; 25; 1; 1280; 128; 1],0.46411227621138096,0.3151946668592066,tvm
160,20,25,1,1280,128,0,[160; 20; 25; 1; 1280; 128; 0],0.4276934019289911,0.3420340683908932,tvm
16,8,3,1,256,128,1,[16; 8; 3; 1; 256; 128; 1],0.5667691929265857,0.2581045619828932,tvm
20,1,100,1,256,64,0,[20; 1; 100; 1; 256; 64; 0],0.47028773883357644,0.3110557690671185,tvm
20,1,1,1,320,64,0,[20; 1; 1; 1; 320; 64; 0],0.459930530982092,0.31806045572436703,tvm
16,2,4,1,1280,128,0,[16; 2; 4; 1; 1280; 128; 0],0.5314571289345622,0.2752540258119791,tvm
20,20,20,1,256,64,0,[20; 20; 20; 1; 256; 64; 0],0.39133229898288846,0.37381456799228024,tvm
8,2,500,1,128,64,1,[8; 2; 500; 1; 128; 64; 1],0.5517286218237132,0.2651407023296593,tvm
16,2,250,1,64,64,1,[16; 2; 250; 1; 64; 64; 1],0.3738321349956095,0.39131390961730017,tvm
16,1,300,1,320,64,1,[16; 1; 300; 1; 320; 64; 1],0.4160833810456097,0.3515778830630078,tvm
32,1,50,1,640,64,0,[32; 1; 50; 1; 640; 64; 0],0.4014345391187817,0.364407394059407,tvm
16,1,60,1,1280,64,1,[16; 1; 60; 1; 1280; 64; 1],0.40254954202100635,0.36339803928551145,tvm
16,8,100,1,640,64,0,[16; 8; 100; 1; 640; 64; 0],0.39004654507152736,0.37504681462795214,tvm
16,2,75,1,1280,64,1,[16; 2; 75; 1; 1280; 64; 1],0.3994914530776441,0.3661798347843066,tvm
32,1,25,1,320,64,0,[32; 1; 25; 1; 320; 64; 0],0.39078297396190464,0.3743400404644418,tvm
32,16,250,1,1280,64,1,[32; 16; 250; 1; 1280; 64; 1],0.40705551719293,0.3593753385152621,tvm
32,16,50,1,640,64,0,[32; 16; 50; 1; 640; 64; 0],0.40786197991110384,0.3586647481032633,tvm
10,5,30,1,640,128,0,[10; 5; 30; 1; 640; 128; 0],0.3889175800140947,0.3761355150888596,tvm
20,4,2,1,256,128,0,[20; 4; 2; 1; 256; 128; 0],0.36853997595608234,0.39693309770863683,tvm
8,2,6,1,320,64,1,[8; 2; 6; 1; 320; 64; 1],0.3845615489408374,0.38039610223283016,tvm
32,4,4,1,1280,128,0,[32; 4; 4; 1; 1280; 128; 0],0.3456632688175887,0.42320294773035694,tvm
20,20,5,1,256,128,0,[20; 20; 5; 1; 256; 128; 0],0.40556338988244534,0.3606975331972542,tvm
16,8,5,1,128,64,1,[16; 8; 5; 1; 128; 64; 1],0.4492682230193168,0.32560886078832374,tvm
16,16,12,1,640,128,1,[16; 16; 12; 1; 640; 128; 1],0.40579686290584505,0.3604900078285135,tvm
16,4,375,1,256,128,1,[16; 4; 375; 1; 256; 128; 1],0.3694463171996176,0.3959593247391172,tvm
8,8,20,1,320,64,1,[8; 8; 20; 1; 320; 64; 1],0.3933131811209023,0.37193188865121424,tvm
20,2,3,1,128,128,1,[20; 2; 3; 1; 128; 128; 1],0.33057222003117204,0.4425227088710599,tvm
16,2,60,1,256,128,1,[16; 2; 60; 1; 256; 128; 1],0.3722739729564637,0.39295176378828384,tvm
16,8,125,1,256,128,0,[16; 8; 125; 1; 256; 128; 0],0.3408182130660862,0.4292191810105783,tvm
20,1,20,1,256,64,1,[20; 1; 20; 1; 256; 64; 1],0.3662308419588953,0.3994358134974688,tvm
8,8,5,1,128,64,1,[8; 8; 5; 1; 128; 64; 1],0.39576215483248234,0.36963037647607794,tvm
10,2,30,1,640,64,1,[10; 2; 30; 1; 640; 64; 1],0.33905957406386733,0.4314454611394015,tvm
16,8,50,1,320,64,1,[16; 8; 50; 1; 320; 64; 1],0.34442575089633465,0.42472351125030544,tvm
32,4,50,1,128,128,0,[32; 4; 50; 1; 128; 128; 0],0.36999824503436685,0.39536867065984793,tvm
32,8,150,1,128,128,0,[32; 8; 150; 1; 128; 128; 0],0.3755561781581491,0.38951752838456155,tvm
20,5,75,1,256,64,1,[20; 5; 75; 1; 256; 64; 1],0.3498548499774188,0.41813258925853464,tvm
20,5,25,1,320,64,1,[20; 5; 25; 1; 320; 64; 1],0.3502998820040375,0.417601380419615,tvm
20,5,10,1,128,64,1,[20; 5; 10; 1; 128; 64; 1],0.39157187612727284,0.3735858553798868,tvm
16,2,25,1,640,128,1,[16; 2; 25; 1; 640; 128; 1],0.3818114788737148,0.38313597777949127,tvm
20,20,150,1,128,128,0,[20; 20; 150; 1; 128; 128; 0],0.35935184196569026,0.4070821328910321,tvm
10,10,6,1,128,64,1,[10; 10; 6; 1; 128; 64; 1],0.3774749869480729,0.3875375040567602,tvm
10,2,6,1,128,64,1,[10; 2; 6; 1; 128; 64; 1],0.37469807895831764,0.3904095657292854,tvm
32,1,20,1,640,128,0,[32; 1; 20; 1; 640; 128; 0],0.3312975091394037,0.4415539213250168,tvm
10,10,12,1,1280,64,1,[10; 10; 12; 1; 1280; 64; 1],0.34079057490453124,0.4292539907440065,tvm
32,2,20,1,128,64,1,[32; 2; 20; 1; 128; 64; 1],0.3282327300403267,0.44567680458844433,tvm
32,16,375,1,256,128,0,[32; 16; 375; 1; 256; 128; 0],0.3533738390542567,0.4139687156163638,tvm
20,4,300,1,640,128,1,[20; 4; 300; 1; 640; 128; 1],0.3299930118955672,0.44329943063160776,tvm
32,1,25,1,1280,64,1,[32; 1; 25; 1; 1280; 64; 1],0.3272555060684681,0.4470076486814206,tvm
10,5,20,1,128,64,1,[10; 5; 20; 1; 128; 64; 1],0.31785474601201713,0.46022818951453903,tvm
20,1,20,1,128,128,1,[20; 1; 20; 1; 128; 128; 1],0.3247928088530898,0.4503970232662454,tvm
10,1,20,1,128,64,1,[10; 1; 20; 1; 128; 64; 1],0.3202061739284545,0.4568485126036319,tvm
16,8,15,1,1280,64,1,[16; 8; 15; 1; 1280; 64; 1],0.29256212897598743,0.5000158933684851,tvm
16,16,50,1,1280,128,1,[16; 16; 50; 1; 1280; 128; 1],0.4032765079755336,0.3627429602088037,tvm
20,5,750,1,1280,128,0,[20; 5; 750; 1; 1280; 128; 0],0.3179678719025105,0.4600644505699171,tvm
32,16,100,1,128,128,1,[32; 16; 100; 1; 128; 128; 1],0.30288069997914135,0.4829813002142052,tvm
20,10,500,1,1280,128,0,[20; 10; 500; 1; 1280; 128; 0],0.32817438011989,0.44575604662457996,tvm
20,10,300,1,1280,128,0,[20; 10; 300; 1; 1280; 128; 0],0.3345998900476843,0.4371959424878081,tvm
16,2,25,1,1280,128,1,[16; 2; 25; 1; 1280; 128; 1],0.275930164847523,0.5301548468488421,tvm
32,2,125,1,1280,128,1,[32; 2; 125; 1; 1280; 128; 1],0.2724490910768509,0.5369286192423041,tvm
16,4,30,1,1280,128,0,[16; 4; 30; 1; 1280; 128; 0],0.27498746919445693,0.5319722920984032,tvm
20,20,100,1,1280,128,1,[20; 20; 100; 1; 1280; 128; 1],0.40433454513549805,0.3617937572875252,tvm
20,10,1500,1,640,64,1,[20; 10; 1500; 1; 640; 64; 1],0.4881203891709447,0.29969187424064675,tvm
32,16,500,1,64,64,0,[32; 16; 500; 1; 64; 64; 0],0.451299408916384,0.3241433766486893,tvm
160,2,20,1,1280,128,1,[160; 2; 20; 1; 1280; 128; 1],0.42404794110916555,0.3449744712899218,tvm
32,1,125,1,64,64,0,[32; 1; 125; 1; 64; 64; 0],0.4474291428923607,0.32694721970961704,tvm
160,5,20,1,1280,128,1,[160; 5; 20; 1; 1280; 128; 1],0.42279767501167953,0.34599460434987783,tvm
8,1,300,1,1280,64,1,[8; 1; 300; 1; 1280; 64; 1],0.4250083100050688,0.3441949506445407,tvm
160,4,12,1,1280,128,0,[160; 4; 12; 1; 1280; 128; 0],0.41883897315710783,0.34926480977414215,tvm
32,1,125,1,128,64,0,[32; 1; 125; 1; 128; 64; 0],0.418164273025468,0.34982834192725226,tvm
20,2,1500,1,64,64,1,[20; 2; 1500; 1; 64; 64; 1],0.4050824490841478,0.3611257772743601,tvm
32,4,750,1,128,64,0,[32; 4; 750; 1; 128; 64; 0],0.4293928931001574,0.3406803341097512,tvm
32,2,1,1,1280,64,1,[32; 2; 1; 1; 1280; 64; 1],0.46418675989843905,0.31514409053313075,tvm
32,4,1,1,1280,64,1,[32; 4; 1; 1; 1280; 64; 1],0.4649506751447916,0.31462630791999396,tvm
20,10,4,1,128,64,0,[20; 10; 4; 1; 128; 64; 0],0.48869912908412516,0.29933696538373106,tvm
8,8,250,1,256,128,0,[8; 8; 250; 1; 256; 128; 0],0.47218564013019204,0.3098055126059744,tvm
16,8,750,1,320,64,0,[16; 8; 750; 1; 320; 64; 0],0.39640662795864046,0.3690294358574075,tvm
20,5,3,1,1280,128,0,[20; 5; 3; 1; 1280; 128; 0],0.3448440791107714,0.42420828179196934,tvm
20,4,3,1,1280,128,1,[20; 4; 3; 1; 1280; 128; 1],0.34398297406733036,0.4252702177552564,tvm
20,4,300,1,640,64,0,[20; 4; 300; 1; 640; 64; 0],0.3835891999769956,0.38136035710725763,tvm
10,2,375,1,640,128,0,[10; 2; 375; 1; 640; 128; 0],0.394027560018003,0.3712575695949556,tvm
8,8,250,1,640,128,0,[8; 8; 250; 1; 640; 128; 0],0.42894375999458134,0.3410370494434102,tvm
32,4,100,1,320,64,0,[32; 4; 100; 1; 320; 64; 0],0.4190253159031272,0.3491094898894689,tvm
10,5,375,1,640,64,1,[10; 5; 375; 1; 640; 64; 1],0.40748594095930457,0.3589957335493049,tvm
16,16,10,1,320,64,0,[16; 16; 10; 1; 320; 64; 0],0.37623782316222787,0.3888118240112137,tvm
20,1,2,1,256,64,1,[20; 1; 2; 1; 256; 64; 1],0.3800501790829003,0.3849115783571438,tvm
16,16,150,1,640,64,0,[16; 16; 150; 1; 640; 64; 0],0.40655050007626414,0.359821754636319,tvm
32,4,150,1,640,64,0,[32; 4; 150; 1; 640; 64; 0],0.4011953170411289,0.36462468047880453,tvm
16,4,500,1,1280,64,0,[16; 4; 500; 1; 1280; 64; 0],0.3912384840659797,0.373904204835443,tvm
20,20,500,1,256,64,1,[20; 20; 500; 1; 256; 64; 1],0.38905245903879404,0.3760051141872555,tvm
16,4,500,1,640,64,1,[16; 4; 500; 1; 640; 64; 1],0.387123750988394,0.3778784275369866,tvm
32,2,500,1,640,64,1,[32; 2; 500; 1; 640; 64; 1],0.3889880289789289,0.3760673938211051,tvm
20,20,75,1,640,64,0,[20; 20; 75; 1; 640; 64; 0],0.3914136679377407,0.37373685762292513,tvm
8,4,375,1,1280,128,0,[8; 4; 375; 1; 1280; 128; 0],0.4146827890072018,0.35276533814180977,tvm
8,4,500,1,1280,128,1,[8; 4; 500; 1; 1280; 128; 1],0.435444253962487,0.33594590571475685,tvm
32,32,15,1,320,64,0,[32; 32; 15; 1; 320; 64; 0],0.346711705904454,0.4219232053446369,tvm
32,4,375,1,256,64,1,[32; 4; 375; 1; 256; 64; 1],0.38225102494470775,0.3826954141113798,tvm
16,1,60,1,128,128,0,[16; 1; 60; 1; 128; 128; 0],0.4172128080390394,0.35062613483339194,tvm
16,1,6,1,256,64,1,[16; 1; 6; 1; 256; 64; 1],0.4336976078338921,0.3372988728629149,tvm
20,1,12,1,128,128,0,[20; 1; 12; 1; 128; 128; 0],0.3828724471386522,0.3820742792513844,tvm
16,2,375,1,256,128,0,[16; 2; 375; 1; 256; 128; 0],0.36673322785645723,0.39888862850183804,tvm
20,4,12,1,320,64,1,[20; 4; 12; 1; 320; 64; 1],0.38161701895296574,0.38333121171344825,tvm
16,2,60,1,256,128,0,[16; 2; 60; 1; 256; 128; 0],0.3416488841176033,0.42817559513924663,tvm
16,2,100,1,640,128,1,[16; 2; 100; 1; 640; 128; 1],0.36113556497730315,0.4050714703075787,tvm
16,1,20,1,320,64,1,[16; 1; 20; 1; 320; 64; 1],0.35710693802684546,0.4096411990593061,tvm
10,10,30,1,256,64,1,[10; 10; 30; 1; 256; 64; 1],0.3502073928248137,0.4177116682368029,tvm
10,1,30,1,1280,64,0,[10; 1; 30; 1; 1280; 64; 0],0.315746356965974,0.4633013526787218,tvm
16,4,50,1,256,64,1,[16; 4; 50; 1; 256; 64; 1],0.3339250320568681,0.4380795095972367,tvm
20,5,30,1,640,64,1,[20; 5; 30; 1; 640; 64; 1],0.34835225297138095,0.41993617965126945,tvm
20,10,150,1,640,128,0,[20; 10; 150; 1; 640; 128; 0],0.34835166996344924,0.4199368824643881,tvm
16,16,150,1,128,64,1,[16; 16; 150; 1; 128; 64; 1],0.32628559484146535,0.4483364163128046,tvm
20,1,25,1,640,128,0,[20; 1; 25; 1; 640; 128; 0],0.32673017703928053,0.44772636433924307,tvm
20,4,60,1,640,128,0,[20; 4; 60; 1; 640; 128; 0],0.33731773984618485,0.4336733500954318,tvm
32,16,30,1,128,128,0,[32; 16; 30; 1; 128; 128; 0],0.3702998321969062,0.39504666642119124,tvm
32,16,300,1,640,128,0,[32; 16; 300; 1; 640; 128; 0],0.34945143898949027,0.4186152866009913,tvm
16,1,20,1,128,64,1,[16; 1; 20; 1; 128; 64; 1],0.37674464797601104,0.38828876553816083,tvm
20,10,375,1,128,128,1,[20; 10; 375; 1; 128; 128; 1],0.3491427830886096,0.4189853589171516,tvm
8,8,100,1,128,64,1,[8; 8; 100; 1; 128; 64; 1],0.30144858197309077,0.4852758414991406,tvm
20,5,10,1,640,128,1,[20; 5; 10; 1; 640; 128; 1],0.33578284992836416,0.4356557052181875,tvm
20,20,60,1,1280,128,1,[20; 20; 60; 1; 1280; 128; 1],0.29409032710827887,0.49741763261684724,tvm
32,8,1500,1,128,128,1,[32; 8; 1500; 1; 128; 128; 1],0.31410260405391455,0.46572588828523337,tvm
32,2,500,1,128,128,1,[32; 2; 500; 1; 128; 128; 1],0.33246805611997843,0.4399993069798076,tvm
20,4,125,1,1280,128,1,[20; 4; 125; 1; 1280; 128; 1],0.30439102719537914,0.48058484388837797,tvm
32,2,75,1,640,128,1,[32; 2; 75; 1; 640; 128; 1],0.30473398813046515,0.48004397272248245,tvm
32,4,30,1,640,128,1,[32; 4; 30; 1; 640; 128; 1],0.2984643308445811,0.49012796226524447,tvm
32,16,150,1,1280,128,1,[32; 16; 150; 1; 1280; 128; 1],0.2890117079950869,0.5061584366270764,tvm
8,1,2,1,256,64,1,[8; 1; 2; 1; 256; 64; 1],0.4944135621190071,0.2958772280815849,tvm
32,16,3,1,640,64,0,[32; 16; 3; 1; 640; 64; 0],0.3828973909839988,0.38204938902764046,tvm
16,16,375,1,320,64,0,[16; 16; 375; 1; 320; 64; 0],0.39717027894221246,0.3683198921009862,tvm
32,4,20,1,128,64,0,[32; 4; 20; 1; 128; 64; 0],0.40707737603224814,0.359356041132892,tvm
20,10,4,1,256,64,1,[20; 10; 4; 1; 256; 64; 1],0.4950706500094384,0.2954845218211288,tvm
20,4,1,1,640,128,0,[20; 4; 1; 1; 640; 128; 0],0.5212039891630411,0.28066883087487987,tvm
8,8,60,1,1280,64,1,[8; 8; 60; 1; 1280; 64; 1],0.4048080649226904,0.3613705530141839,tvm
20,1,2,1,1280,128,0,[20; 1; 2; 1; 1280; 128; 0],0.37219110783189535,0.3930392510929789,tvm
10,1,60,1,640,128,0,[10; 1; 60; 1; 640; 128; 0],0.3981678490526974,0.3673971030904442,tvm
20,20,150,1,320,64,0,[20; 20; 150; 1; 320; 64; 0],0.4101214350666851,0.35668877990229525,tvm
10,1,75,1,64,64,1,[10; 1; 75; 1; 64; 64; 1],0.41726418887265027,0.35058295963749947,tvm
10,5,50,1,640,64,0,[10; 5; 50; 1; 640; 64; 0],0.39748100913129747,0.3680319585718689,tvm
16,1,5,1,256,128,0,[16; 1; 5; 1; 256; 128; 0],0.39926983788609505,0.3663830833308454,tvm
16,2,500,1,1280,64,1,[16; 2; 500; 1; 1280; 64; 1],0.39463371597230434,0.37068731931658044,tvm
10,5,500,1,640,128,1,[10; 5; 500; 1; 640; 128; 1],0.38186429999768734,0.38308298075153985,tvm
16,16,500,1,1280,64,0,[16; 16; 500; 1; 1280; 64; 0],0.3900351030752063,0.37505781693066637,tvm
10,1,375,1,640,128,1,[10; 1; 375; 1; 640; 128; 1],0.38172358996234834,0.3832241918822552,tvm
16,4,250,1,1280,64,0,[16; 4; 250; 1; 1280; 64; 0],0.3993720670696348,0.3662892984957003,tvm
16,1,250,1,1280,64,1,[16; 1; 250; 1; 1280; 64; 1],0.39783594803884625,0.36770361001020047,tvm
32,16,250,1,1280,64,0,[32; 16; 250; 1; 1280; 64; 0],0.41073495405726135,0.3561559902333521,tvm
8,8,375,1,1280,128,1,[8; 8; 375; 1; 1280; 128; 1],0.43376544280909,0.337246123938227,tvm
8,1,10,1,640,64,0,[8; 1; 10; 1; 640; 64; 0],0.4566090228036046,0.3203741209219037,tvm
10,1,50,1,640,128,1,[10; 1; 50; 1; 640; 128; 1],0.3874635729007423,0.3775470122018122,tvm
32,8,750,1,128,64,1,[32; 8; 750; 1; 128; 64; 1],0.3613078228663653,0.40487834756852215,tvm
10,10,125,1,640,128,1,[10; 10; 125; 1; 640; 128; 1],0.39020692999474704,0.3748926608958062,tvm
32,32,150,1,1280,64,1,[32; 32; 150; 1; 1280; 64; 1],0.3507563970051706,0.41705786561480124,tvm
32,16,125,1,1280,64,0,[32; 16; 125; 1; 1280; 64; 0],0.3931164061650634,0.37211805966778,tvm
32,8,20,1,320,64,0,[32; 8; 20; 1; 320; 64; 0],0.3832764949183911,0.3816714988401835,tvm
10,1,75,1,640,64,1,[10; 1; 75; 1; 640; 64; 1],0.381411278154701,0.38353798816190376,tvm
20,4,375,1,128,128,0,[20; 4; 375; 1; 128; 128; 0],0.3815357740968466,0.38341283889301053,tvm
20,5,20,1,128,128,0,[20; 5; 20; 1; 128; 128; 0],0.39378666202537715,0.3714846854723766,tvm
32,1,1,1,256,64,1,[32; 1; 1; 1; 256; 64; 1],0.32024123100563884,0.45679850101231495,tvm
10,5,10,1,1280,128,1,[10; 5; 10; 1; 1280; 128; 1],0.3901425509247929,0.3749545235170043,tvm
20,5,50,1,640,64,1,[20; 5; 50; 1; 640; 64; 1],0.3609928160440177,0.40523164945165263,tvm
20,1,12,1,640,64,0,[20; 1; 12; 1; 640; 64; 0],0.3639980179723352,0.40188601877725716,tvm
20,1,6,1,128,64,1,[20; 1; 6; 1; 128; 64; 1],0.352881713071838,0.4145460330383687,tvm
20,1,6,1,128,128,0,[20; 1; 6; 1; 128; 128; 0],0.3700628050137311,0.3952996958996903,tvm
20,2,5,1,1280,64,1,[20; 2; 5; 1; 1280; 64; 1],0.3673544251359999,0.39821410680314306,tvm
20,4,6,1,640,64,0,[20; 4; 6; 1; 640; 64; 0],0.3745962860994041,0.39051565569151275,tvm
8,2,10,1,1280,64,0,[8; 2; 10; 1; 1280; 64; 0],0.3701383019797504,0.39521906677390367,tvm
10,10,125,1,256,64,1,[10; 10; 125; 1; 256; 64; 1],0.3515424800571054,0.4161252838119344,tvm
8,8,30,1,1280,128,1,[8; 8; 30; 1; 1280; 128; 1],0.36350960400886834,0.4024259955512632,tvm
20,5,60,1,256,64,1,[20; 5; 60; 1; 256; 64; 1],0.351434312062338,0.41625336304602467,tvm
10,1,30,1,256,64,1,[10; 1; 30; 1; 256; 64; 1],0.35044127493165433,0.41743289033018166,tvm
32,2,100,1,256,64,1,[32; 2; 100; 1; 256; 64; 1],0.33990181400440633,0.43037638594014066,tvm
20,5,20,1,640,128,0,[20; 5; 20; 1; 640; 128; 0],0.32220742013305426,0.4540110039219649,tvm
20,5,75,1,128,64,1,[20; 5; 75; 1; 128; 64; 1],0.3654098438564688,0.4003332607075977,tvm
10,5,12,1,1280,64,1,[10; 5; 12; 1; 1280; 64; 1],0.3334227460436523,0.4387394562054333,tvm
32,2,25,1,128,64,1,[32; 2; 25; 1; 128; 64; 1],0.3426250631455332,0.42695567260232237,tvm
16,16,60,1,1280,128,1,[16; 16; 60; 1; 1280; 128; 1],0.32281025708653033,0.45316315412648717,tvm
20,5,125,1,128,128,1,[20; 5; 125; 1; 128; 128; 1],0.3240126210730523,0.4514815311861958,tvm
32,16,25,1,1280,64,0,[32; 16; 25; 1; 1280; 64; 0],0.3381056010257453,0.43266279482478986,tvm
20,5,15,1,1280,64,1,[20; 5; 15; 1; 1280; 64; 1],0.31303224386647344,0.46731835825869017,tvm
10,1,30,1,128,64,1,[10; 1; 30; 1; 128; 64; 1],0.3263887141365558,0.4481947688439702,tvm
16,2,750,1,1280,128,1,[16; 2; 750; 1; 1280; 128; 1],0.3127190750092268,0.4677863487585403,tvm
16,2,500,1,1280,128,1,[16; 2; 500; 1; 1280; 128; 1],0.31009522592648864,0.4717444902566571,tvm
20,4,20,1,256,128,1,[20; 4; 20; 1; 256; 128; 1],0.32136875088326633,0.4551958268613708,tvm
32,1,5,1,128,128,1,[32; 1; 5; 1; 128; 128; 1],0.32376695494167507,0.45182410388999367,tvm
32,4,6,1,256,128,1,[32; 4; 6; 1; 256; 128; 1],0.3018688829615712,0.48460017756893775,tvm
32,2,100,1,1280,128,0,[32; 2; 100; 1; 1280; 128; 0],0.3170800309162587,0.4613526555519624,tvm
20,4,10,1,1280,128,0,[20; 4; 10; 1; 1280; 128; 0],0.27871280210092664,0.5248618405147452,tvm
32,2,150,1,1280,128,1,[32; 2; 150; 1; 1280; 128; 1],0.2707058049272746,0.5403863220628539,tvm
20,5,30,1,1280,128,1,[20; 5; 30; 1; 1280; 128; 1],0.2845216968562454,0.5141460770903007,tvm
16,8,20,1,1280,128,0,[16; 8; 20; 1; 1280; 128; 0],0.27298935409635305,0.5358660038958222,tvm
80,4,5,1,1280,128,1,[80; 4; 5; 1; 1280; 128; 1],0.43026773096062243,0.33998764899034967,tvm
160,1,10,1,1280,128,1,[160; 1; 10; 1; 1280; 128; 1],0.4203507818747312,0.3480086646521546,tvm
10,5,4,1,1280,128,0,[10; 5; 4; 1; 1280; 128; 0],0.49067025701515377,0.2981344644274952,tvm
160,1,5,1,128,128,1,[160; 1; 5; 1; 128; 128; 1],0.43099550786428154,0.33941354751144875,tvm
8,2,6,1,256,64,0,[8; 2; 6; 1; 256; 64; 0],0.4779549580998719,0.3060658997393368,tvm
256,1,3,1,128,128,1,[256; 1; 3; 1; 128; 128; 1],0.4248415660113096,0.34433004204164913,tvm
10,2,25,1,128,64,0,[10; 2; 25; 1; 128; 64; 0],0.4159492689650506,0.35169124025556514,tvm
8,2,10,1,256,128,1,[8; 2; 10; 1; 256; 128; 1],0.46195215708576143,0.3166685381632634,tvm
32,32,4,1,256,64,0,[32; 32; 4; 1; 256; 64; 0],0.46710145892575383,0.3131776009052597,tvm
32,8,1,1,640,128,0,[32; 8; 1; 1; 640; 128; 0],0.48832412506453693,0.2995668384525978,tvm
16,8,12,1,128,64,0,[16; 8; 12; 1; 128; 64; 0],0.4385447830427438,0.3335707547829983,tvm
32,8,1500,1,640,64,1,[32; 8; 1500; 1; 640; 64; 1],0.39958763495087624,0.36609169426300714,tvm
10,10,20,1,256,64,0,[10; 10; 20; 1; 256; 64; 0],0.422032477799803,0.34662193546892606,tvm
16,8,500,1,256,64,0,[16; 8; 500; 1; 256; 64; 0],0.4186539330985397,0.34941918066558003,tvm
8,4,20,1,128,128,1,[8; 4; 20; 1; 128; 128; 1],0.5118650230579078,0.28578962753070325,tvm
32,2,1500,1,64,64,1,[32; 2; 1500; 1; 64; 64; 1],0.36007882189005613,0.4062602557902728,tvm
16,16,5,1,256,128,1,[16; 16; 5; 1; 256; 128; 1],0.4888928539585322,0.2992183524493124,tvm
20,2,15,1,64,64,1,[20; 2; 15; 1; 64; 64; 1],0.4460616179276258,0.3279495666211958,tvm
8,2,300,1,256,64,1,[8; 2; 300; 1; 256; 64; 1],0.40693705389276147,0.35947995614148326,tvm
32,32,15,1,64,64,1,[32; 32; 15; 1; 64; 64; 1],0.40202885097824037,0.3638686973080744,tvm
32,1,60,1,320,64,0,[32; 1; 60; 1; 320; 64; 0],0.4091855799779296,0.3575045686937564,tvm
10,5,375,1,1280,64,1,[10; 5; 375; 1; 1280; 64; 1],0.4091222560964525,0.3575599031973141,tvm
32,32,50,1,256,64,0,[32; 32; 50; 1; 256; 64; 0],0.3758431081660092,0.3892201589102977,tvm
32,16,125,1,320,64,0,[32; 16; 125; 1; 320; 64; 0],0.41712241992354393,0.3507021135726236,tvm
8,2,75,1,1280,64,0,[8; 2; 75; 1; 1280; 64; 0],0.4101907699368894,0.3566284885157736,tvm
20,5,300,1,64,64,1,[20; 5; 300; 1; 64; 64; 1],0.4228016638662666,0.3459913401191933,tvm
20,20,500,1,640,64,0,[20; 20; 500; 1; 640; 64; 0],0.38366327504627407,0.38128672666955316,tvm
16,2,12,1,128,128,1,[16; 2; 12; 1; 128; 128; 1],0.42423666710965335,0.34482100588420733,tvm
32,32,50,1,64,64,1,[32; 32; 50; 1; 64; 64; 1],0.40011325012892485,0.36561077204660924,tvm
16,2,300,1,1280,64,1,[16; 2; 300; 1; 1280; 64; 1],0.4010096911806613,0.3647934638562394,tvm
20,10,4,1,1280,128,1,[20; 10; 4; 1; 1280; 128; 1],0.34499443508684635,0.4240234027221031,tvm
16,8,75,1,128,128,1,[16; 8; 75; 1; 128; 128; 1],0.4140210428740829,0.35332917687037585,tvm
16,2,375,1,128,128,1,[16; 2; 375; 1; 128; 128; 1],0.42054282617755234,0.347849743664282,tvm
20,10,300,1,320,64,1,[20; 10; 300; 1; 320; 64; 1],0.40514776296913624,0.36106756017521985,tvm
32,16,2,1,128,64,1,[32; 16; 2; 1; 128; 64; 1],0.37169182812795043,0.39356720599021944,tvm
16,1,15,1,128,128,0,[16; 1; 15; 1; 128; 128; 0],0.4322969950735569,0.3383916981907849,tvm
16,16,100,1,1280,64,0,[16; 16; 100; 1; 1280; 64; 0],0.3852167008444667,0.3797491488947099,tvm
32,8,50,1,1280,64,1,[32; 8; 50; 1; 1280; 64; 1],0.37221164000220597,0.3930175700170132,tvm
20,10,50,1,1280,64,0,[20; 10; 50; 1; 1280; 64; 0],0.369546937989071,0.3958515123457485,tvm
16,16,10,1,256,128,0,[16; 16; 10; 1; 256; 128; 0],0.4060329389758408,0.3602804113742565,tvm
10,1,250,1,256,64,1,[10; 1; 250; 1; 256; 64; 1],0.360356368124485,0.4059473544121744,tvm
16,1,20,1,640,64,0,[16; 1; 20; 1; 640; 64; 0],0.3392806211486459,0.43116436709665035,tvm
8,8,125,1,320,64,1,[8; 8; 125; 1; 320; 64; 1],0.3754474180750549,0.38963036431501213,tvm
16,4,30,1,256,128,1,[16; 4; 30; 1; 256; 128; 1],0.3757459649350494,0.38932078568295714,tvm
8,1,20,1,640,64,1,[8; 1; 20; 1; 640; 64; 1],0.3950874840375036,0.3702615754636969,tvm
32,8,125,1,128,128,0,[32; 8; 125; 1; 128; 128; 0],0.3654766839463264,0.40026004588352265,tvm
32,2,6,1,128,128,0,[32; 2; 6; 1; 128; 128; 0],0.3782067319843918,0.3867877060732789,tvm
20,20,12,1,640,128,1,[20; 20; 12; 1; 640; 128; 1],0.4089423699770123,0.3577171871281946,tvm
10,10,75,1,320,64,1,[10; 10; 75; 1; 320; 64; 1],0.347584332106635,0.4208639480355964,tvm
32,4,6,1,320,64,1,[32; 4; 6; 1; 320; 64; 1],0.35032450198195875,0.41757203238170254,tvm
32,4,125,1,320,64,1,[32; 4; 125; 1; 320; 64; 1],0.35099001484923065,0.41678027321817684,tvm
32,16,15,1,128,64,1,[32; 16; 15; 1; 128; 64; 1],0.346442837966606,0.42225065221240027,tvm
32,2,15,1,256,64,1,[32; 2; 15; 1; 256; 64; 1],0.3489670578856021,0.4191963424056762,tvm
32,2,10,1,1280,64,0,[32; 2; 10; 1; 1280; 64; 0],0.332019911846146,0.4405931965716,tvm
16,8,375,1,640,128,0,[16; 8; 375; 1; 640; 128; 0],0.3106152769178152,0.47095466693487714,tvm
16,8,6,1,1280,64,1,[16; 8; 6; 1; 1280; 64; 1],0.3408236261457205,0.42921236400192886,tvm
32,4,125,1,640,128,0,[32; 4; 125; 1; 640; 128; 0],0.34078831784427166,0.42925683371740975,tvm
16,2,30,1,128,64,1,[16; 2; 30; 1; 128; 64; 1],0.3358038489241153,0.4356284621346667,tvm
10,10,20,1,128,64,1,[10; 10; 20; 1; 128; 64; 1],0.3135767728090286,0.4665068556426651,tvm
32,1,150,1,128,128,1,[32; 1; 150; 1; 128; 128; 1],0.31155782798305154,0.46952989508474846,tvm
32,4,150,1,640,128,1,[32; 4; 150; 1; 640; 128; 1],0.29936086595989764,0.48866011199109344,tvm
16,2,10,1,1280,128,1,[16; 2; 10; 1; 1280; 128; 1],0.40112417796626687,0.3646893463949122,tvm
32,8,250,1,1280,128,1,[32; 8; 250; 1; 1280; 128; 1],0.29005036200396717,0.5043459117755332,tvm
32,4,12,1,1280,128,1,[32; 4; 12; 1; 1280; 128; 1],0.28246261295862496,0.517894077214184,tvm
8,1,1500,1,1280,64,0,[8; 1; 1500; 1; 1280; 64; 0],0.5407065551262349,0.27054547961150943,tvm
160,4,20,1,256,128,1,[160; 4; 20; 1; 256; 128; 1],0.428134597139433,0.34168160027971906,tvm
8,4,1500,1,128,64,1,[8; 4; 1500; 1; 128; 64; 1],0.5601713759824634,0.261144572103759,tvm
160,2,4,1,1280,128,0,[160; 2; 4; 1; 1280; 128; 0],0.4178842520341277,0.3500627591818594,tvm
32,32,4,1,640,64,1,[32; 32; 4; 1; 640; 64; 1],0.5849533439613879,0.25008099499875747,tvm
16,1,150,1,128,64,0,[16; 1; 150; 1; 128; 64; 0],0.41410222416743636,0.3532599096269663,tvm
10,2,150,1,128,64,0,[10; 2; 150; 1; 128; 64; 0],0.41358328191563487,0.35370316132738294,tvm
32,8,500,1,128,64,0,[32; 8; 500; 1; 128; 64; 0],0.41322499490343034,0.35400983989339974,tvm
8,4,300,1,640,64,0,[8; 4; 300; 1; 640; 64; 0],0.4271116510499269,0.34249993866033485,tvm
20,2,1,1,64,64,1,[20; 2; 1; 1; 64; 64; 1],0.4007787490263581,0.3650036700825509,tvm
10,10,100,1,320,64,0,[10; 10; 100; 1; 320; 64; 0],0.4207029500976205,0.3477173484325935,tvm
20,4,100,1,256,64,0,[20; 4; 100; 1; 256; 64; 0],0.40589552000164986,0.3604023870111197,tvm
32,4,1,1,1280,128,0,[32; 4; 1; 1; 1280; 128; 0],0.46704455697909,0.3132157566119835,tvm
32,2,75,1,256,64,0,[32; 2; 75; 1; 256; 64; 0],0.40774225490167737,0.3587700625263612,tvm
32,4,3,1,64,64,0,[32; 4; 3; 1; 64; 64; 0],0.4251294198911637,0.34409689718289677,tvm
16,1,125,1,320,64,0,[16; 1; 125; 1; 320; 64; 0],0.4191383619327098,0.34901533138405405,tvm
16,1,50,1,320,64,0,[16; 1; 50; 1; 320; 64; 0],0.4172142269089818,0.3506249424174779,tvm
32,4,1500,1,128,64,1,[32; 4; 1500; 1; 128; 64; 1],0.36454422189854085,0.4012838648871198,tvm
10,1,75,1,256,128,1,[10; 1; 75; 1; 256; 128; 1],0.3945397101342678,0.37077564191429824,tvm
32,4,50,1,320,64,0,[32; 4; 50; 1; 320; 64; 0],0.41837931983172894,0.3496485302967413,tvm
8,4,150,1,1280,128,0,[8; 4; 150; 1; 1280; 128; 0],0.4013959050644189,0.3644424679973686,tvm
8,2,100,1,1280,128,1,[8; 2; 100; 1; 1280; 128; 1],0.4322695741429925,0.338413163997806,tvm
32,1,2,1,640,128,0,[32; 1; 2; 1; 640; 128; 0],0.41068353201262653,0.35620058483673683,tvm
20,1,750,1,128,64,1,[20; 1; 750; 1; 128; 64; 1],0.46103418595157564,0.3172990609878099,tvm
32,32,1500,1,1280,64,0,[32; 32; 1500; 1; 1280; 64; 0],0.43066234793514013,0.33967611746672977,tvm
16,8,250,1,64,64,1,[16; 8; 250; 1; 64; 64; 1],0.4178772708401084,0.35006860744452245,tvm
10,10,125,1,1280,64,1,[10; 10; 125; 1; 1280; 64; 1],0.3935717970598489,0.37168749229119485,tvm
16,8,300,1,640,64,1,[16; 8; 300; 1; 640; 64; 1],0.37707206094637513,0.38795161306453346,tvm
32,4,30,1,320,64,0,[32; 4; 30; 1; 320; 64; 0],0.41021593916229904,0.35660660720410814,tvm
32,4,2,1,1280,128,0,[32; 4; 2; 1; 1280; 128; 0],0.388029197929427,0.3769966669165965,tvm
8,4,50,1,1280,128,0,[8; 4; 50; 1; 1280; 128; 0],0.4046036519575864,0.3615531238483459,tvm
10,2,250,1,640,128,1,[10; 2; 250; 1; 640; 128; 1],0.38740530307404697,0.37760379923801374,tvm
20,10,250,1,1280,64,0,[20; 10; 250; 1; 1280; 64; 0],0.3620514618232846,0.40404674393253953,tvm
20,4,20,1,320,64,0,[20; 4; 20; 1; 320; 64; 0],0.38595367409288883,0.3790240231020762,tvm
10,1,60,1,1280,128,0,[10; 1; 60; 1; 1280; 128; 0],0.3866376110818237,0.3783535540590644,tvm
20,2,5,1,128,64,1,[20; 2; 5; 1; 128; 64; 1],0.4527884959243238,0.323077365265401,tvm
20,5,1500,1,128,128,0,[20; 5; 1500; 1; 128; 128; 0],0.3880733128171414,0.37695381118526833,tvm
10,10,500,1,1280,128,1,[10; 10; 500; 1; 1280; 128; 1],0.37531001889146864,0.3897730061078303,tvm
20,2,5,1,640,64,0,[20; 2; 5; 1; 640; 64; 0],0.39427598798647523,0.37102364522064757,tvm
20,2,4,1,256,128,0,[20; 2; 4; 1; 256; 128; 0],0.380202439147979,0.38475743241820254,tvm
20,2,60,1,128,128,0,[20; 2; 60; 1; 128; 128; 0],0.37183189718052745,0.39341894924816356,tvm
20,20,12,1,640,128,1,[20; 20; 12; 1; 640; 128; 1],0.4090370759367943,0.3576343634637141,tvm
16,8,25,1,256,128,1,[16; 8; 25; 1; 256; 128; 1],0.37466891785152256,0.390439951956959,tvm
20,10,3,1,256,128,1,[20; 10; 3; 1; 256; 128; 1],0.31298945122398436,0.467382251106693,tvm
16,16,60,1,640,64,1,[16; 16; 60; 1; 640; 64; 1],0.355841598007828,0.411097845515229,tvm
8,8,30,1,640,64,1,[8; 8; 30; 1; 640; 64; 1],0.3614787729457021,0.4046868730178188,tvm
32,4,5,1,640,64,1,[32; 4; 5; 1; 640; 64; 1],0.3443143479526043,0.42486093058733315,tvm
16,1,12,1,640,128,0,[16; 1; 12; 1; 640; 128; 0],0.3478891879785806,0.42049514426047946,tvm
8,4,10,1,1280,64,0,[8; 4; 10; 1; 1280; 64; 0],0.370058837113902,0.3953039344408046,tvm
32,4,6,1,128,64,1,[32; 4; 6; 1; 128; 64; 1],0.32606224180199206,0.4486435273132584,tvm
8,1,30,1,1280,64,1,[8; 1; 30; 1; 1280; 64; 1],0.35659727500751615,0.41022667456623435,tvm
32,2,150,1,128,64,1,[32; 2; 150; 1; 128; 64; 1],0.3314220430329442,0.4413880046933786,tvm
16,16,125,1,640,128,0,[16; 16; 125; 1; 640; 128; 0],0.3330964788328856,0.43916920046190516,tvm
32,4,60,1,640,128,0,[32; 4; 60; 1; 640; 128; 0],0.33829462504945695,0.43242104205565807,tvm
32,1,60,1,128,64,1,[32; 1; 60; 1; 128; 64; 1],0.33800163795240223,0.4327958739250678,tvm
20,10,500,1,128,128,1,[20; 10; 500; 1; 128; 128; 1],0.3473122571595013,0.42119364137077764,tvm
16,8,125,1,128,64,1,[16; 8; 125; 1; 128; 64; 1],0.3197156849782914,0.4575493826511735,tvm
20,5,750,1,640,128,1,[20; 5; 750; 1; 640; 128; 1],0.3330789639148861,0.4391922941224702,tvm
20,2,25,1,128,128,1,[20; 2; 25; 1; 128; 128; 1],0.33135149418376386,0.4414819816825267,tvm
32,2,15,1,640,128,1,[32; 2; 15; 1; 640; 128; 1],0.306289398111403,0.4776061959301234,tvm
32,2,25,1,256,128,1,[32; 2; 25; 1; 256; 128; 1],0.2972882769536227,0.492066877929852,tvm
32,1,20,1,1280,128,0,[32; 1; 20; 1; 1280; 128; 0],0.3083817008882761,0.47436574175557933,tvm
32,8,10,1,1280,128,1,[32; 8; 10; 1; 1280; 128; 1],0.28688129503279924,0.5099172264576866,tvm
16,4,25,1,1280,128,0,[16; 4; 25; 1; 1280; 128; 0],0.2728723019827157,0.5360958705694516,tvm
16,4,60,1,256,64,0,[16; 4; 60; 1; 256; 64; 0],0.42983866785652936,0.3403270231949938,tvm
20,10,30,1,64,64,1,[20; 10; 30; 1; 64; 64; 1],0.4057769770734012,0.36050767429136965,tvm
20,2,1,1,128,64,1,[20; 2; 1; 1; 128; 64; 1],0.3963189779315144,0.3691110505210101,tvm
10,2,15,1,640,128,0,[10; 2; 15; 1; 640; 128; 0],0.38052023109048605,0.38443610177175624,tvm
32,16,3,1,64,64,1,[32; 16; 3; 1; 64; 64; 1],0.4370071750599891,0.33474442213822525,tvm
16,1,5,1,256,128,1,[16; 1; 5; 1; 256; 128; 1],0.33258142694830894,0.43984931939224187,tvm
16,1,300,1,128,64,1,[16; 1; 300; 1; 128; 64; 1],0.38404935295693576,0.3809034259774358,tvm
10,2,375,1,640,128,0,[10; 2; 375; 1; 640; 128; 0],0.38322846312075853,0.381719335496274,tvm
16,16,6,1,256,128,0,[16; 16; 6; 1; 256; 128; 0],0.40327981393784285,0.36273998655499573,tvm
32,8,6,1,256,64,0,[32; 8; 6; 1; 256; 64; 0],0.3609624260570854,0.4052657665332168,tvm
32,4,30,1,64,64,1,[32; 4; 30; 1; 64; 64; 1],0.38918222789652646,0.37587973910413996,tvm
32,2,2,1,1280,128,0,[32; 2; 2; 1; 1280; 128; 0],0.37785933702252805,0.38714330956705384,tvm
16,1,150,1,128,128,1,[16; 1; 150; 1; 128; 128; 1],0.36517923092469573,0.4005860736255292,tvm
16,2,25,1,128,128,1,[16; 2; 25; 1; 128; 128; 1],0.41012813220731914,0.35668295539347955,tvm
20,5,300,1,128,64,1,[20; 5; 300; 1; 128; 64; 1],0.3819323629140854,0.38301471278730276,tvm
32,2,300,1,64,64,1,[32; 2; 300; 1; 64; 64; 1],0.3607811760157347,0.4054693648410702,tvm
16,16,15,1,320,64,0,[16; 16; 15; 1; 320; 64; 0],0.36143719498068094,0.40473342621401587,tvm
20,5,150,1,1280,64,1,[20; 5; 150; 1; 1280; 64; 1],0.3767824689857662,0.38824978953901534,tvm
16,2,10,1,256,128,1,[16; 2; 10; 1; 256; 128; 1],0.4252402719575912,0.3440071976539024,tvm
32,4,250,1,1280,64,1,[32; 4; 250; 1; 1280; 64; 1],0.3769565348047763,0.38807050887571126,tvm
32,1,10,1,320,64,0,[32; 1; 10; 1; 320; 64; 0],0.3643228840082884,0.40152765776411203,tvm
32,16,50,1,1280,64,0,[32; 16; 50; 1; 1280; 64; 0],0.39435229590162635,0.370951851443528,tvm
16,4,375,1,128,128,0,[16; 4; 375; 1; 128; 128; 0],0.380014545051381,0.3849476715843477,tvm
20,2,60,1,1280,64,0,[20; 2; 60; 1; 1280; 64; 0],0.36813126294873655,0.39737378758316716,tvm
32,4,375,1,128,64,1,[32; 4; 375; 1; 128; 64; 1],0.3574766998644918,0.4092174800236396,tvm
20,5,4,1,256,128,0,[20; 5; 4; 1; 256; 128; 0],0.3884137209970504,0.3766234465409763,tvm
16,2,5,1,1280,128,1,[16; 2; 5; 1; 1280; 128; 1],0.4901481489650905,0.29845203862257796,tvm
20,5,50,1,128,128,0,[20; 5; 50; 1; 128; 128; 0],0.3836952028796077,0.3812549992490119,tvm
16,4,15,1,256,128,0,[16; 4; 15; 1; 256; 128; 0],0.3915498801507056,0.3736068421969882,tvm
20,10,6,1,256,128,0,[20; 10; 6; 1; 256; 128; 0],0.40542377694509923,0.360821744072311,tvm
16,8,150,1,256,128,1,[16; 8; 150; 1; 256; 128; 1],0.38191954605281353,0.38302756640134167,tvm
32,2,6,1,640,64,0,[32; 2; 6; 1; 640; 64; 0],0.3551390648353845,0.4119110758866284,tvm
10,1,20,1,1280,128,1,[10; 1; 20; 1; 1280; 128; 1],0.319050052203238,0.45850396599380233,tvm
16,8,5,1,1280,64,1,[16; 8; 5; 1; 1280; 64; 1],0.3596176339779049,0.4067812600499512,tvm
32,8,250,1,128,128,0,[32; 8; 250; 1; 128; 128; 0],0.3722754460759461,0.39295020885119364,tvm
20,5,12,1,320,64,1,[20; 5; 12; 1; 320; 64; 1],0.3936497860122472,0.3716138544558057,tvm
32,8,750,1,256,128,0,[32; 8; 750; 1; 256; 128; 0],0.36291857319884,0.40308136614866935,tvm
16,2,500,1,640,128,1,[16; 2; 500; 1; 640; 128; 1],0.37495490605942905,0.39014215288738885,tvm
32,32,10,1,320,64,1,[32; 32; 10; 1; 320; 64; 1],0.43976044189184904,0.3326486431030342,tvm
20,2,50,1,256,128,0,[20; 2; 50; 1; 256; 128; 0],0.36383799416944385,0.4020627769225971,tvm
10,1,125,1,320,64,1,[10; 1; 125; 1; 320; 64; 1],0.35523826302960515,0.41179605214296133,tvm
16,8,125,1,640,128,1,[16; 8; 125; 1; 640; 128; 1],0.35680747404694557,0.40998500571338176,tvm
32,32,12,1,640,64,1,[32; 32; 12; 1; 640; 64; 1],0.4153253261465579,0.3522195856510174,tvm
32,2,5,1,320,64,1,[32; 2; 5; 1; 320; 64; 1],0.3487976498436183,0.41939994249187396,tvm
20,2,125,1,256,64,1,[20; 2; 125; 1; 256; 64; 1],0.3551978408358991,0.4118429153213746,tvm
20,5,75,1,256,64,1,[20; 5; 75; 1; 256; 64; 1],0.348377768881619,0.4199054226546331,tvm
20,4,60,1,256,64,1,[20; 4; 60; 1; 256; 64; 1],0.34216789598576725,0.42752612387632993,tvm
10,2,25,1,256,64,1,[10; 2; 25; 1; 256; 64; 1],0.3489856810774654,0.41917397250818095,tvm
32,2,30,1,640,64,1,[32; 2; 30; 1; 640; 64; 1],0.3327637710608542,0.4396082957569389,tvm
32,1,3,1,128,128,1,[32; 1; 3; 1; 128; 128; 1],0.3096336068119854,0.47244779335126047,tvm
20,2,5,1,640,128,1,[20; 2; 5; 1; 640; 128; 1],0.35753863607533276,0.4091465915165939,tvm
16,1,25,1,1280,64,1,[16; 1; 25; 1; 1280; 64; 1],0.312453298131004,0.46818425396930935,tvm
10,10,100,1,128,64,1,[10; 10; 100; 1; 128; 64; 1],0.32432370889000595,0.45104847495231054,tvm
20,5,50,1,256,128,1,[20; 5; 50; 1; 256; 128; 1],0.30333300796337426,0.48226111384283465,tvm
16,2,750,1,1280,128,1,[16; 2; 750; 1; 1280; 128; 1],0.3262987348716706,0.448318361832591,tvm
32,16,375,1,256,128,1,[32; 16; 375; 1; 256; 128; 1],0.32292568404227495,0.45300117492842007,tvm
20,1,150,1,1280,128,0,[20; 1; 150; 1; 1280; 128; 0],0.30509620695374906,0.4794740509766168,tvm
16,4,100,1,1280,128,0,[16; 4; 100; 1; 1280; 128; 0],0.3169403471983969,0.46155598546796256,tvm
32,1,15,1,640,128,1,[32; 1; 15; 1; 640; 128; 1],0.30340395402163267,0.48214834495955233,tvm
32,2,50,1,128,128,1,[32; 2; 50; 1; 128; 128; 1],0.3125918230507523,0.4679767783367878,tvm
16,2,20,1,1280,128,1,[16; 2; 20; 1; 1280; 128; 1],0.27304811985231936,0.5357506741479645,tvm
32,2,300,1,1280,128,1,[32; 2; 300; 1; 1280; 128; 1],0.2972309330943972,0.49216181089488287,tvm
20,5,30,1,1280,128,1,[20; 5; 30; 1; 1280; 128; 1],0.2837059530429542,0.5156244087115298,tvm
32,32,30,1,1280,128,1,[32; 32; 30; 1; 1280; 128; 1],0.24938490288332105,0.5865860867855203,tvm
256,2,1,1,128,128,1,[256; 2; 1; 1; 128; 128; 1],0.4240178279578686,0.3449989708929163,tvm
20,1,20,1,128,64,0,[20; 1; 20; 1; 128; 64; 0],0.47590810991823673,0.3073822682089761,tvm
32,1,50,1,128,64,0,[32; 1; 50; 1; 128; 64; 0],0.41021813405677676,0.35660469916102594,tvm
32,4,60,1,128,64,0,[32; 4; 60; 1; 128; 64; 0],0.4190125709865242,0.3491201085955461,tvm
20,1,6,1,64,64,1,[20; 1; 6; 1; 64; 64; 1],0.39944393280893564,0.36622339775451423,tvm
10,2,15,1,320,64,0,[10; 2; 15; 1; 320; 64; 0],0.439615790033713,0.33275809832603154,tvm
8,1,375,1,640,128,1,[8; 1; 375; 1; 640; 128; 1],0.3976068540941924,0.3679154742414462,tvm
32,2,1500,1,640,64,1,[32; 2; 1500; 1; 640; 64; 1],0.4192935728933662,0.3488861354975201,tvm
8,2,100,1,1280,128,1,[8; 2; 100; 1; 1280; 128; 1],0.5356121638324112,0.273118730610991,tvm
16,1,5,1,256,64,0,[16; 1; 5; 1; 256; 64; 0],0.45553346909582615,0.3211305517815675,tvm
32,2,3,1,1280,64,1,[32; 2; 3; 1; 1280; 64; 1],0.34627667209133506,0.4224532753021535,tvm
20,5,60,1,64,64,1,[20; 5; 60; 1; 64; 64; 1],0.39456184301525354,0.37075484331630865,tvm
20,20,12,1,256,64,0,[20; 20; 12; 1; 256; 64; 0],0.36472883098758757,0.4010807533081822,tvm
16,16,75,1,64,64,1,[16; 16; 75; 1; 64; 64; 1],0.4275004998780787,0.3421884052239339,tvm
8,1,25,1,640,64,0,[8; 1; 25; 1; 640; 64; 0],0.3959806659258902,0.36942640606875593,tvm
20,4,1,1,128,128,0,[20; 4; 1; 1; 128; 128; 0],0.37530286400578916,0.3897804368566124,tvm
16,1,5,1,320,64,0,[16; 1; 5; 1; 320; 64; 0],0.4300164699088782,0.34018630569362307,tvm
32,2,4,1,640,64,0,[32; 2; 4; 1; 640; 64; 0],0.3686326961033046,0.39683325931761515,tvm
16,8,750,1,320,64,1,[16; 8; 750; 1; 320; 64; 1],0.3754184730350971,0.389660405102224,tvm
8,4,250,1,320,64,1,[8; 4; 250; 1; 320; 64; 1],0.4008186589926481,0.36496732625513195,tvm
16,1,50,1,128,128,0,[16; 1; 50; 1; 128; 128; 0],0.4079058940988034,0.35862613510134966,tvm
8,8,12,1,1280,128,1,[8; 8; 12; 1; 1280; 128; 1],0.34990340494550765,0.41807456634637824,tvm
20,5,12,1,320,64,0,[20; 5; 12; 1; 320; 64; 0],0.3680580810178071,0.3974527984311172,tvm
32,1,4,1,640,128,0,[32; 1; 4; 1; 640; 128; 0],0.36727981991134584,0.39829499568210636,tvm
32,16,5,1,640,64,1,[32; 16; 5; 1; 640; 64; 1],0.35871089110150933,0.4078095143320246,tvm
20,4,75,1,128,128,0,[20; 4; 75; 1; 128; 128; 0],0.3970199329778552,0.3684593697563133,tvm
32,32,100,1,640,64,1,[32; 32; 100; 1; 640; 64; 1],0.3647858628537506,0.40101804697503574,tvm
16,4,6,1,320,64,1,[16; 4; 6; 1; 320; 64; 1],0.43434015894308686,0.33679988201340283,tvm
32,8,750,1,128,128,0,[32; 8; 750; 1; 128; 128; 0],0.3641515760682523,0.401716548545972,tvm
20,1,500,1,256,128,0,[20; 1; 500; 1; 256; 128; 0],0.3733726069331169,0.3917955189249296,tvm
16,2,300,1,256,128,1,[16; 2; 300; 1; 256; 128; 1],0.37549492297694087,0.38958107109932266,tvm
32,2,60,1,128,128,0,[32; 2; 60; 1; 128; 128; 0],0.38234497094526887,0.38260138200341204,tvm
32,1,10,1,128,128,0,[32; 1; 10; 1; 128; 128; 0],0.3843051770236343,0.380649866386572,tvm
32,2,25,1,128,128,0,[32; 2; 25; 1; 128; 128; 0],0.3802602922078222,0.38469889516038486,tvm
16,1,15,1,640,64,0,[16; 1; 15; 1; 640; 64; 0],0.3233617749065161,0.4523902502947527,tvm
32,1,5,1,256,128,0,[32; 1; 5; 1; 256; 128; 0],0.36543536791577935,0.40030529918337915,tvm
20,4,20,1,256,128,0,[20; 4; 20; 1; 256; 128; 0],0.3579527959227562,0.40867319923737033,tvm
20,4,30,1,256,128,0,[20; 4; 30; 1; 256; 128; 0],0.36045315209776163,0.40583835495503967,tvm
32,8,250,1,256,128,0,[32; 8; 250; 1; 256; 128; 0],0.3606739160604775,0.4055899464079494,tvm
16,2,250,1,128,64,1,[16; 2; 250; 1; 128; 64; 1],0.3782762121409178,0.3867166625619563,tvm
20,2,1,1,128,128,1,[20; 2; 1; 1; 128; 128; 1],0.3326915910001844,0.4397036722386927,tvm
20,20,60,1,128,128,1,[20; 20; 60; 1; 128; 128; 1],0.40289650904014707,0.36308508761771746,tvm
16,1,5,1,1280,64,0,[16; 1; 5; 1; 1280; 64; 0],0.3388734001200646,0.43168249332607544,tvm
20,5,150,1,256,64,1,[20; 5; 150; 1; 256; 64; 1],0.3626025828998536,0.40343263171436544,tvm
16,8,60,1,320,64,1,[16; 8; 60; 1; 320; 64; 1],0.3507156630512327,0.41710630489960415,tvm
32,1,10,1,320,64,1,[32; 1; 10; 1; 320; 64; 1],0.3605047310702503,0.4057802899047339,tvm
10,5,25,1,256,64,1,[10; 5; 25; 1; 256; 64; 1],0.361424847971648,0.4047472527323016,tvm
8,2,15,1,1280,64,1,[8; 2; 15; 1; 1280; 64; 1],0.3695684338454157,0.395828487740658,tvm
32,1,100,1,256,64,1,[32; 1; 100; 1; 256; 64; 1],0.33776048198342323,0.43310488375278244,tvm
20,10,1500,1,256,128,1,[20; 10; 1500; 1; 256; 128; 1],0.3944176940713078,0.3708903441316376,tvm
20,2,30,1,640,128,0,[20; 2; 30; 1; 640; 128; 0],0.333043523831293,0.43923902979064383,tvm
32,32,750,1,640,128,0,[32; 32; 750; 1; 640; 128; 0],0.2833099209237844,0.5163451876613522,tvm
16,8,375,1,640,128,0,[16; 8; 375; 1; 640; 128; 0],0.31021109805442393,0.47156828109370125,tvm
16,8,75,1,128,64,1,[16; 8; 75; 1; 128; 64; 1],0.316617697943002,0.4620263340808222,tvm
32,2,2,1,256,128,1,[32; 2; 2; 1; 256; 128; 1],0.2863588861655444,0.5108474762021052,tvm
20,2,750,1,256,128,1,[20; 2; 750; 1; 256; 128; 1],0.3201193760614842,0.4569723835073879,tvm
32,8,15,1,1280,64,0,[32; 8; 15; 1; 1280; 64; 0],0.32243144093081355,0.4536955635077284,tvm
16,1,1500,1,1280,128,0,[16; 1; 1500; 1; 1280; 128; 0],0.3790764049626887,0.38590034191158046,tvm
16,4,100,1,1280,128,0,[16; 4; 100; 1; 1280; 128; 0],0.3224277619738132,0.45370074025323937,tvm
32,1,375,1,640,128,1,[32; 1; 375; 1; 640; 128; 1],0.32287967298179865,0.4530657285878777,tvm
20,1,125,1,1280,128,0,[20; 1; 125; 1; 1280; 128; 0],0.30656107515096664,0.47718293724562255,tvm
32,8,150,1,256,128,1,[32; 8; 150; 1; 256; 128; 1],0.32337493798695505,0.4523718356046982,tvm
32,4,1500,1,1280,128,1,[32; 4; 1500; 1; 1280; 128; 1],0.3157223640009761,0.46333656074253277,tvm
32,8,75,1,1280,128,1,[32; 8; 75; 1; 1280; 128; 1],0.29660819889977574,0.4931951133796689,tvm
32,1,500,1,128,64,0,[32; 1; 500; 1; 128; 64; 0],0.41465326794423163,0.3527904531199519,tvm
20,20,100,1,128,64,0,[20; 20; 100; 1; 128; 64; 0],0.4174015261232853,0.3504676076400037,tvm
8,1,500,1,256,128,1,[8; 1; 500; 1; 256; 128; 1],0.3820572169497609,0.3828895458476585,tvm
20,2,250,1,128,64,0,[20; 2; 250; 1; 128; 64; 0],0.40187583793886006,0.3640072392408167,tvm
32,16,750,1,128,64,0,[32; 16; 750; 1; 128; 64; 0],0.441167393932119,0.3315877743862068,tvm
128,2,4,1,256,128,1,[128; 2; 4; 1; 256; 128; 1],0.43446165998466313,0.33670569295085395,tvm
8,1,750,1,1280,128,1,[8; 1; 750; 1; 1280; 128; 1],0.41401479090563953,0.353334512435463,tvm
256,2,5,1,256,128,1,[256; 2; 5; 1; 256; 128; 1],0.41789733595214784,0.3500517990917871,tvm
20,1,150,1,256,64,0,[20; 1; 150; 1; 256; 64; 0],0.4710907822009176,0.3105255288636156,tvm
160,2,3,1,128,128,1,[160; 2; 3; 1; 128; 128; 1],0.43234189692884684,0.3383565537479923,tvm
10,1,6,1,640,128,1,[10; 1; 6; 1; 640; 128; 1],0.45347894891165197,0.3225854576861827,tvm
8,4,150,1,640,64,0,[8; 4; 150; 1; 640; 64; 0],0.40816430700942874,0.3583990853034953,tvm
32,16,3,1,320,64,0,[32; 16; 3; 1; 320; 64; 0],0.3715186920017004,0.39375061722343907,tvm
32,16,500,1,640,64,0,[32; 16; 500; 1; 640; 64; 0],0.4225769171025604,0.346175354983269,tvm
32,32,50,1,256,64,0,[32; 32; 50; 1; 256; 64; 0],0.3738277780357748,0.39131847037786194,tvm
8,8,4,1,1280,64,0,[8; 8; 4; 1; 1280; 64; 0],0.3832132879178971,0.3817344515387885,tvm
16,2,75,1,64,64,1,[16; 2; 75; 1; 64; 64; 1],0.4226863340009004,0.3460857437737807,tvm
20,4,1,1,256,128,0,[20; 4; 1; 1; 256; 128; 0],0.36889654118567705,0.3965494331162193,tvm
8,1,15,1,640,64,0,[8; 1; 15; 1; 640; 64; 0],0.4416587508749217,0.3312188742913476,tvm
16,2,750,1,1280,64,1,[16; 2; 750; 1; 1280; 64; 1],0.3997027899604291,0.3659862226635864,tvm
32,2,75,1,640,64,0,[32; 2; 75; 1; 640; 64; 0],0.39917547488585114,0.3664696943807642,tvm
16,4,5,1,256,64,1,[16; 4; 5; 1; 256; 64; 1],0.4453052878379822,0.32850657353733964,tvm
20,2,125,1,640,64,0,[20; 2; 125; 1; 640; 64; 0],0.3814479650463909,0.38350110025602924,tvm
32,16,300,1,1280,64,1,[32; 16; 300; 1; 1280; 64; 1],0.40955498395487666,0.35718211233349695,tvm
20,20,500,1,1280,64,1,[20; 20; 500; 1; 1280; 64; 1],0.37473179516382515,0.3903744389284105,tvm
16,1,25,1,128,128,0,[16; 1; 25; 1; 128; 128; 0],0.40381160005927086,0.3622622883152507,tvm
10,2,5,1,256,64,1,[10; 2; 5; 1; 256; 64; 1],0.39668840100057423,0.3687673093459129,tvm
16,4,300,1,320,64,1,[16; 4; 300; 1; 320; 64; 1],0.4326013328973204,0.3381536374517731,tvm
16,4,100,1,1280,64,1,[16; 4; 100; 1; 1280; 64; 1],0.4183784150518477,0.349649286442241,tvm
8,4,150,1,640,64,1,[8; 4; 150; 1; 640; 64; 1],0.42928030993789434,0.34076968102002636,tvm
20,4,2,1,1280,128,1,[20; 4; 2; 1; 1280; 128; 1],0.3781614499166608,0.3868340210720917,tvm
20,20,50,1,1280,64,1,[20; 20; 50; 1; 1280; 64; 1],0.38044919492676854,0.3845078823569922,tvm
32,16,3,1,256,64,1,[32; 16; 3; 1; 256; 64; 1],0.3428065269254148,0.4267296646820905,tvm
20,2,125,1,128,128,0,[20; 2; 125; 1; 128; 128; 0],0.3792211338877678,0.3857530638812135,tvm
32,4,4,1,640,128,0,[32; 4; 4; 1; 640; 128; 0],0.36828697309829295,0.3972057796534437,tvm
20,20,25,1,128,128,1,[20; 20; 25; 1; 128; 128; 1],0.4099229951389134,0.35686144963919736,tvm
16,16,75,1,640,64,1,[16; 16; 75; 1; 640; 64; 1],0.36536475108005106,0.40038266924568,tvm
8,1,75,1,256,64,1,[8; 1; 75; 1; 256; 64; 1],0.3610832791309804,0.4051301257642844,tvm
20,2,50,1,256,128,0,[20; 2; 50; 1; 256; 128; 0],0.34955171099863946,0.41849520309252236,tvm
10,2,20,1,320,64,1,[10; 2; 20; 1; 320; 64; 1],0.36072391807101667,0.4055337252599775,tvm
32,4,25,1,640,64,0,[32; 4; 25; 1; 640; 64; 0],0.3587403940036893,0.40777597597278076,tvm
16,1,50,1,320,64,1,[16; 1; 50; 1; 320; 64; 1],0.3528873440809548,0.41453941814403905,tvm
32,16,75,1,320,64,1,[32; 16; 75; 1; 320; 64; 1],0.3492400487884879,0.41886866867983424,tvm
20,4,750,1,640,128,0,[20; 4; 750; 1; 640; 128; 0],0.3457726649940014,0.42306905402210476,tvm
10,1,10,1,1280,64,1,[10; 1; 10; 1; 1280; 64; 1],0.3391339110676199,0.43135088975677927,tvm
32,4,250,1,640,128,0,[32; 4; 250; 1; 640; 128; 0],0.3467928050085902,0.42182453664830427,tvm
32,2,15,1,640,128,0,[32; 2; 15; 1; 640; 128; 0],0.3352133899461478,0.4363957964483912,tvm
20,1,20,1,640,128,0,[20; 1; 20; 1; 640; 128; 0],0.33767115511000156,0.43321945647995747,tvm
16,1,25,1,640,128,0,[16; 1; 25; 1; 640; 128; 0],0.35930078104138374,0.4071399841150507,tvm
20,1,1500,1,256,128,1,[20; 1; 1500; 1; 256; 128; 1],0.3970564529299736,0.36842548007024534,tvm
16,2,100,1,128,64,1,[16; 2; 100; 1; 128; 64; 1],0.3225720680784434,0.45349777231840294,tvm
20,5,250,1,640,128,1,[20; 5; 250; 1; 640; 128; 1],0.32368447398766875,0.45193923725636365,tvm
20,10,60,1,640,128,1,[20; 10; 60; 1; 640; 128; 1],0.3196160178631544,0.4576920620678887,tvm
20,20,15,1,1280,64,1,[20; 20; 15; 1; 1280; 64; 1],0.3092357178684324,0.4730556848156625,tvm
32,4,4,1,256,128,1,[32; 4; 4; 1; 256; 128; 1],0.29385557188652456,0.49781500941627227,tvm
16,8,75,1,1280,128,1,[16; 8; 75; 1; 1280; 128; 1],0.31700927717611194,0.46145562549087943,tvm
32,1,6,1,640,128,1,[32; 1; 6; 1; 640; 128; 1],0.3230575229972601,0.4528163062989713,tvm
32,8,1500,1,640,128,1,[32; 8; 1500; 1; 640; 128; 1],0.3143605701625347,0.465343710917943,tvm
32,8,10,1,640,128,1,[32; 8; 10; 1; 640; 128; 1],0.30982992402277887,0.4721484367499612,tvm
32,16,60,1,640,128,1,[32; 16; 60; 1; 640; 128; 1],0.2973097178619355,0.4920313918351178,tvm
32,2,15,1,128,128,1,[32; 2; 15; 1; 128; 128; 1],0.3108850840944797,0.47054594050982923,tvm
32,2,10,1,1280,128,1,[32; 2; 10; 1; 1280; 128; 1],0.2860779350157827,0.5113491688117918,tvm
20,10,15,1,1280,128,0,[20; 10; 15; 1; 1280; 128; 0],0.29364417283795774,0.4981733942544109,tvm
32,32,25,1,1280,128,1,[32; 32; 25; 1; 1280; 128; 1],0.25062650814652443,0.5836801357029278,tvm
80,10,10,1,1280,128,0,[80; 10; 10; 1; 1280; 128; 0],0.4349524169228971,0.3363257878197881,tvm
16,1,375,1,64,64,0,[16; 1; 375; 1; 64; 64; 0],0.501593081979081,0.29164220867746166,tvm
80,5,3,1,256,128,1,[80; 5; 3; 1; 256; 128; 1],0.4429994497913867,0.33021646946650124,tvm
10,1,250,1,256,64,0,[10; 1; 250; 1; 256; 64; 0],0.4340849770233035,0.3369978737547074,tvm
160,5,12,1,256,128,1,[160; 5; 12; 1; 256; 128; 1],0.42558908299542964,0.3437252507891168,tvm
10,10,10,1,256,64,0,[10; 10; 10; 1; 256; 64; 0],0.4534856539685279,0.32258068806707296,tvm
160,16,12,1,1280,128,1,[160; 16; 12; 1; 1280; 128; 1],0.4196712449193001,0.34857216465675184,tvm
160,2,10,1,640,128,1,[160; 2; 10; 1; 640; 128; 1],0.42360767791979015,0.34533300955279994,tvm
32,1,100,1,128,64,0,[32; 1; 100; 1; 128; 64; 0],0.4287874239962548,0.341161391633986,tvm
8,2,300,1,320,64,1,[8; 2; 300; 1; 320; 64; 1],0.45683028316125274,0.3202189514964316,tvm
8,8,2,1,320,64,1,[8; 8; 2; 1; 320; 64; 1],0.49877980607561767,0.29328716300021296,tvm
8,8,500,1,64,64,1,[8; 8; 500; 1; 64; 64; 1],0.4365174889098853,0.3351199390682684,tvm
10,5,1,1,320,64,1,[10; 5; 1; 1; 320; 64; 1],0.38168538408353925,0.3832625517923862,tvm
16,2,100,1,256,64,0,[16; 2; 100; 1; 256; 64; 0],0.42459294595755637,0.3445316642173737,tvm
256,2,6,1,1280,128,0,[256; 2; 6; 1; 1280; 128; 0],0.6009896900504827,0.24340802630645192,tvm
32,16,500,1,256,64,0,[32; 16; 500; 1; 256; 64; 0],0.4331769049167633,0.3377043250120264,tvm
8,4,250,1,1280,128,0,[8; 4; 250; 1; 1280; 128; 0],0.39969376497901976,0.3659944865374444,tvm
10,5,2,1,640,64,0,[10; 5; 2; 1; 640; 64; 0],0.45199693203903735,0.3236431575448838,tvm
20,2,300,1,320,64,0,[20; 2; 300; 1; 320; 64; 0],0.3918197669554502,0.373349500517535,tvm
20,20,30,1,64,64,1,[20; 20; 30; 1; 64; 64; 1],0.3977372678928077,0.3677948386901955,tvm
32,4,375,1,320,64,0,[32; 4; 375; 1; 320; 64; 0],0.40978264482691884,0.3569836744733332,tvm
8,4,250,1,1280,64,1,[8; 4; 250; 1; 1280; 64; 1],0.41317307110875845,0.3540543285968603,tvm
20,2,300,1,640,64,0,[20; 2; 300; 1; 640; 64; 0],0.3678678700234741,0.3976583067077308,tvm
20,1,100,1,64,64,1,[20; 1; 100; 1; 64; 64; 1],0.4003903360571712,0.365357754950475,tvm
8,1,50,1,1280,128,1,[8; 1; 50; 1; 1280; 128; 1],0.4172280370257795,0.3506133368421635,tvm
10,5,100,1,1280,64,0,[10; 5; 100; 1; 1280; 64; 0],0.3869613700080663,0.37803699703323085,tvm
32,8,30,1,64,64,1,[32; 8; 30; 1; 64; 64; 1],0.3723786431364715,0.39284131080552503,tvm
16,2,375,1,640,64,1,[16; 2; 375; 1; 640; 64; 1],0.39645502204075456,0.368984389534802,tvm
16,2,100,1,640,64,0,[16; 2; 100; 1; 640; 64; 0],0.41460525104776025,0.3528313110266493,tvm
32,16,100,1,640,64,0,[32; 16; 100; 1; 640; 64; 0],0.41249394603073597,0.3546372393906944,tvm
16,4,125,1,640,64,0,[16; 4; 125; 1; 640; 64; 0],0.41039391700178385,0.3564519556099523,tvm
32,32,3,1,128,64,1,[32; 32; 3; 1; 128; 64; 1],0.643449367955327,0.22734611543805344,tvm
20,4,750,1,128,64,1,[20; 4; 750; 1; 128; 64; 1],0.37165736802853644,0.3936036975714746,tvm
32,16,10,1,256,64,0,[32; 16; 10; 1; 256; 64; 0],0.36067791818641126,0.40558544593270224,tvm
16,4,750,1,128,64,1,[16; 4; 750; 1; 128; 64; 1],0.3492404280696064,0.4188682137812475,tvm
20,1,250,1,640,64,1,[20; 1; 250; 1; 640; 64; 1],0.43766145990230143,0.3342439937900163,tvm
16,4,375,1,128,128,0,[16; 4; 375; 1; 128; 128; 0],0.39799455692991614,0.3675570726749263,tvm
20,2,150,1,1280,64,0,[20; 2; 150; 1; 1280; 64; 0],0.38954703812487423,0.3755277282812264,tvm
32,4,125,1,1280,64,0,[32; 4; 125; 1; 1280; 64; 0],0.3876709369942546,0.37734506336718837,tvm
20,1,500,1,128,128,0,[20; 1; 500; 1; 128; 128; 0],0.38092459994368255,0.3840280052990586,tvm
20,5,50,1,1280,64,0,[20; 5; 50; 1; 1280; 64; 0],0.3668092319276184,0.3988059774749086,tvm
20,2,5,1,128,128,0,[20; 2; 5; 1; 128; 128; 0],0.3683133169542998,0.39717736924474384,tvm
16,16,75,1,640,64,1,[16; 16; 75; 1; 640; 64; 1],0.38049662997946143,0.38445994723687976,tvm
16,8,1500,1,256,128,0,[16; 8; 1500; 1; 256; 128; 0],0.3568515330553055,0.40993438653111425,tvm
32,32,15,1,640,128,1,[32; 32; 15; 1; 640; 128; 1],0.43599972897209227,0.3355179018817185,tvm
20,1,250,1,256,128,0,[20; 1; 250; 1; 256; 128; 0],0.3823883000295609,0.3825580287744304,tvm
20,10,75,1,256,128,0,[20; 10; 75; 1; 256; 128; 0],0.3593701671343297,0.40706137477191834,tvm
10,1,12,1,640,64,1,[10; 1; 12; 1; 640; 64; 1],0.3763292101211846,0.3887174058017121,tvm
20,2,250,1,128,64,1,[20; 2; 250; 1; 128; 64; 1],0.3722070921212435,0.39302237217463576,tvm
20,4,250,1,256,128,0,[20; 4; 250; 1; 256; 128; 0],0.3732522949576378,0.3919218080154523,tvm
20,5,3,1,640,128,1,[20; 5; 3; 1; 640; 128; 1],0.38237415812909603,0.3825721774752512,tvm
16,1,15,1,320,64,1,[16; 1; 15; 1; 320; 64; 1],0.36776878288947046,0.3977654469103734,tvm
16,2,50,1,320,64,1,[16; 2; 50; 1; 320; 64; 1],0.3419196729082614,0.42783649458205764,tvm
20,10,30,1,256,64,1,[20; 10; 30; 1; 256; 64; 1],0.35626946901902556,0.4106041269506097,tvm
32,16,15,1,256,128,0,[32; 16; 15; 1; 256; 128; 0],0.3549019747879356,0.41218625050797286,tvm
16,1,10,1,1280,64,1,[16; 1; 10; 1; 1280; 64; 1],0.2956116229761392,0.4948577894635828,tvm
20,20,125,1,128,64,1,[20; 20; 125; 1; 128; 64; 1],0.369472541147843,0.3959312208459319,tvm
20,10,15,1,128,128,1,[20; 10; 15; 1; 128; 128; 1],0.3428660018835217,0.4266556423853609,tvm
20,4,375,1,640,128,1,[20; 4; 375; 1; 640; 128; 1],0.33129686187021434,0.4415547840082523,tvm
16,2,1500,1,1280,128,0,[16; 2; 1500; 1; 1280; 128; 0],0.41632637195289135,0.3513726829254693,tvm
16,4,75,1,1280,128,1,[16; 4; 75; 1; 1280; 128; 1],0.3169443691149354,0.46155012847906396,tvm
20,20,1500,1,1280,128,0,[20; 20; 1500; 1; 1280; 128; 0],0.4098901238758117,0.35689006825164654,tvm
20,20,60,1,1280,128,1,[20; 20; 60; 1; 1280; 128; 1],0.29222412197850645,0.5005942469611521,tvm
32,2,375,1,1280,128,1,[32; 2; 375; 1; 1280; 128; 1],0.2819300820119679,0.5188723148723963,tvm
20,5,4,1,128,64,1,[20; 5; 4; 1; 128; 64; 1],0.4909176849760115,0.29798420134907644,tvm
20,5,1500,1,320,64,0,[20; 5; 1500; 1; 320; 64; 0],0.4517220959533006,0.32384006803341636,tvm
8,8,6,1,1280,128,1,[8; 8; 6; 1; 1280; 128; 1],0.4383170132059604,0.33374409360874213,tvm
20,4,2,1,320,64,1,[20; 4; 2; 1; 320; 64; 1],0.6702158700209111,0.21826656280333992,tvm
20,5,60,1,128,64,0,[20; 5; 60; 1; 128; 64; 0],0.41078264778479934,0.35611463890838546,tvm
10,5,20,1,320,64,0,[10; 5; 20; 1; 320; 64; 0],0.41702872491441667,0.35078090679661283,tvm
8,1,300,1,128,64,1,[8; 1; 300; 1; 128; 64; 1],0.3787269410677254,0.38625642494114226,tvm
8,2,375,1,64,64,1,[8; 2; 375; 1; 64; 64; 1],0.37367466697469354,0.39147881088664016,tvm
20,5,375,1,256,64,0,[20; 5; 375; 1; 256; 64; 0],0.4154155820142478,0.35214306015294594,tvm
20,4,1,1,640,128,0,[20; 4; 1; 1; 640; 128; 0],0.5223093489184976,0.2800748533194283,tvm
10,1,50,1,64,64,1,[10; 1; 50; 1; 64; 64; 1],0.4471815519500524,0.3271282405273587,tvm
16,4,750,1,320,64,0,[16; 4; 750; 1; 320; 64; 0],0.40648643812164664,0.3598784622721811,tvm
16,8,300,1,320,64,0,[16; 8; 300; 1; 320; 64; 0],0.4077084509190172,0.3587998089222117,tvm
16,8,500,1,320,64,0,[16; 8; 500; 1; 320; 64; 0],0.3974988900590688,0.3680154031725122,tvm
10,2,500,1,256,64,1,[10; 2; 500; 1; 256; 64; 1],0.40521396114490926,0.3610085740194939,tvm
20,5,150,1,320,64,0,[20; 5; 150; 1; 320; 64; 0],0.39697772287763655,0.36849854753891326,tvm
32,16,20,1,64,64,1,[32; 16; 20; 1; 64; 64; 1],0.3999729889910668,0.3657389831616392,tvm
16,2,25,1,128,128,1,[16; 2; 25; 1; 128; 128; 1],0.4192599868401885,0.34891408404655316,tvm
16,4,60,1,128,128,1,[16; 4; 60; 1; 128; 128; 1],0.41009053005836904,0.35671566047841474,tvm
20,2,500,1,1280,64,1,[20; 2; 500; 1; 1280; 64; 1],0.38666599499993026,0.3783257803307495,tvm
16,1,12,1,128,128,0,[16; 1; 12; 1; 128; 128; 0],0.3981391720008105,0.3674235658615789,tvm
16,8,500,1,640,64,1,[16; 8; 500; 1; 640; 64; 1],0.3922759380657226,0.3729153386441086,tvm
16,4,250,1,1280,64,1,[16; 4; 250; 1; 1280; 64; 1],0.3968727651517838,0.36859600136524207,tvm
20,4,500,1,320,64,1,[20; 4; 500; 1; 320; 64; 1],0.4081882720347494,0.35837804343692875,tvm
10,5,6,1,640,64,0,[10; 5; 6; 1; 640; 64; 0],0.37769937119446695,0.38730727515666374,tvm
16,4,75,1,1280,64,0,[16; 4; 75; 1; 1280; 64; 0],0.40235959691926837,0.36356959149421225,tvm
16,16,50,1,1280,64,0,[16; 16; 50; 1; 1280; 64; 0],0.38147317292168736,0.3834757583746139,tvm
20,10,150,1,1280,64,1,[20; 10; 150; 1; 1280; 64; 1],0.37978993100114167,0.385175336007722,tvm
16,8,250,1,128,128,0,[16; 8; 250; 1; 128; 128; 0],0.3652968730311841,0.40045706680118887,tvm
10,10,1500,1,1280,128,0,[10; 10; 1500; 1; 1280; 128; 0],0.45689826109446585,0.3201713088933579,tvm
20,4,750,1,128,64,1,[20; 4; 750; 1; 128; 64; 1],0.39176497515290976,0.3734017167527994,tvm
10,10,20,1,640,128,0,[10; 10; 20; 1; 640; 128; 0],0.37328323908150196,0.39188931880698386,tvm
20,10,20,1,128,128,0,[20; 10; 20; 1; 128; 128; 0],0.39036354306153953,0.3747422547157608,tvm
32,32,60,1,1280,64,1,[32; 32; 60; 1; 1280; 64; 1],0.35131267202086747,0.41639748843738017,tvm
20,5,12,1,320,64,0,[20; 5; 12; 1; 320; 64; 0],0.3681141829583794,0.3973922251788218,tvm
32,16,75,1,1280,64,1,[32; 16; 75; 1; 1280; 64; 1],0.4018979740794748,0.3639871900841841,tvm
8,1,20,1,1280,128,1,[8; 1; 20; 1; 1280; 128; 1],0.3320875889621675,0.44050340677555294,tvm
8,1,5,1,1280,64,0,[8; 1; 5; 1; 1280; 64; 0],0.3597437599673867,0.40663864273552963,tvm
10,5,75,1,1280,128,1,[10; 5; 75; 1; 1280; 128; 1],0.37708628992550075,0.38793697409315864,tvm
20,20,10,1,320,64,1,[20; 20; 10; 1; 320; 64; 1],0.3940534070134163,0.37123321783824526,tvm
20,20,12,1,320,64,1,[20; 20; 12; 1; 320; 64; 1],0.3949854150414467,0.37035725552135695,tvm
10,10,10,1,256,64,1,[10; 10; 10; 1; 256; 64; 1],0.3720015699509531,0.3932395078467047,tvm
8,8,15,1,256,64,1,[8; 8; 15; 1; 256; 64; 1],0.38843154022470117,0.3766061690075179,tvm
16,1,30,1,640,64,0,[16; 1; 30; 1; 640; 64; 0],0.3505671788007021,0.41728297208586634,tvm
8,1,20,1,256,64,1,[8; 1; 20; 1; 256; 64; 1],0.3794930970761925,0.3854766144964789,tvm
32,4,2,1,320,64,1,[32; 4; 2; 1; 320; 64; 1],0.35642548301257193,0.4104243979675114,tvm
20,20,300,1,256,128,0,[20; 20; 300; 1; 256; 128; 0],0.3226089470554143,0.45344593081166745,tvm
20,1,60,1,256,128,0,[20; 1; 60; 1; 256; 128; 0],0.3549385538790375,0.4121437716105877,tvm
32,8,10,1,256,128,0,[32; 8; 10; 1; 256; 128; 0],0.3513384589459747,0.4163669264235278,tvm
32,32,750,1,256,128,1,[32; 32; 750; 1; 256; 128; 1],0.3515832389239222,0.4160770426185434,tvm
16,8,125,1,320,64,1,[16; 8; 125; 1; 320; 64; 1],0.36288000200875103,0.40312421041649615,tvm
10,10,30,1,640,64,1,[10; 10; 30; 1; 640; 64; 1],0.34030402009375393,0.4298677231183237,tvm
32,32,250,1,128,128,1,[32; 32; 250; 1; 128; 128; 1],0.3591239149682224,0.4073404977740305,tvm
16,1,25,1,256,64,1,[16; 1; 25; 1; 256; 64; 1],0.3423761948943138,0.42726602043950634,tvm
16,16,15,1,640,128,0,[16; 16; 15; 1; 640; 128; 0],0.29220013692975044,0.5006353378981602,tvm
32,1,15,1,128,64,1,[32; 1; 15; 1; 128; 64; 1],0.32924010092392564,0.44431317410972104,tvm
20,10,75,1,128,64,1,[20; 10; 75; 1; 128; 64; 1],0.36874117492698133,0.3967165161706772,tvm
20,4,100,1,640,128,0,[20; 4; 100; 1; 640; 128; 0],0.3301450270228088,0.4430953136107903,tvm
20,1,500,1,128,128,1,[20; 1; 500; 1; 128; 128; 1],0.32840170711278915,0.44544748433805387,tvm
16,8,50,1,128,64,1,[16; 8; 50; 1; 128; 64; 1],0.3323636178392917,0.4401375675133253,tvm
20,1,25,1,640,128,1,[20; 1; 25; 1; 640; 128; 1],0.31595098902471364,0.4630012861718621,tvm
16,4,60,1,1280,128,0,[16; 4; 60; 1; 1280; 128; 0],0.3119376660324633,0.4689581612452353,tvm
32,2,4,1,256,128,1,[32; 2; 4; 1; 256; 128; 1],0.2970655020326376,0.4924358879936263,tvm
32,4,10,1,256,128,1,[32; 4; 10; 1; 256; 128; 1],0.30354401213116944,0.48192587710312124,tvm
20,20,4,1,320,64,0,[20; 20; 4; 1; 320; 64; 0],0.4438543270807713,0.3295804622382191,tvm
128,4,5,1,1280,128,1,[128; 4; 5; 1; 1280; 128; 1],0.41924995300360024,0.34892243454695887,tvm
16,16,4,1,128,128,0,[16; 16; 4; 1; 128; 128; 0],0.37693998287431896,0.38808754956220587,tvm
8,1,75,1,256,128,0,[8; 1; 75; 1; 256; 128; 0],0.45813253917731345,0.3193087191501509,tvm
160,2,15,1,1280,128,1,[160; 2; 15; 1; 1280; 128; 1],0.4206719419453293,0.34774297902836043,tvm
10,5,50,1,128,64,0,[10; 5; 50; 1; 128; 64; 0],0.41464304691180587,0.3527991494738102,tvm
40,2,12,1,1280,128,1,[40; 2; 12; 1; 1280; 128; 1],0.45946853910572827,0.3183802629238397,tvm
20,2,500,1,256,64,0,[20; 2; 500; 1; 256; 64; 0],0.4046738969627768,0.36149036392918155,tvm
8,8,750,1,1280,128,0,[8; 8; 750; 1; 1280; 128; 0],0.41350275184959173,0.3537720453645845,tvm
32,32,4,1,320,64,0,[32; 32; 4; 1; 320; 64; 0],0.45156267983838916,0.32395439396822795,tvm
32,2,1,1,1280,128,0,[32; 2; 1; 1; 1280; 128; 0],0.4669694600161165,0.31326612725522895,tvm
8,1,750,1,640,128,1,[8; 1; 750; 1; 640; 128; 1],0.43450585403479636,0.33667144625857987,tvm
10,5,20,1,256,128,1,[10; 5; 20; 1; 256; 128; 1],0.4362682281062007,0.3353114090400917,tvm
10,10,250,1,256,128,0,[10; 10; 250; 1; 256; 128; 0],0.46546175400726497,0.31428084697895725,tvm
8,4,375,1,128,64,1,[8; 4; 375; 1; 128; 64; 1],0.42795822606422007,0.34182241484420595,tvm
16,16,750,1,320,64,0,[16; 16; 750; 1; 320; 64; 0],0.405355443013832,0.3608825706103139,tvm
32,1,250,1,640,64,0,[32; 1; 250; 1; 640; 64; 0],0.400480599142611,0.36527540809441805,tvm
8,4,100,1,1280,64,0,[8; 4; 100; 1; 1280; 64; 0],0.3867722151335329,0.37822187986075795,tvm
10,2,375,1,640,128,0,[10; 2; 375; 1; 640; 128; 0],0.3710898640565574,0.3942056317211053,tvm
32,32,60,1,256,64,0,[32; 32; 60; 1; 256; 64; 0],0.3744044250342995,0.39071577284994147,tvm
8,4,30,1,640,128,0,[8; 4; 30; 1; 640; 128; 0],0.4038745400030166,0.3622058332387619,tvm
10,1,500,1,1280,128,0,[10; 1; 500; 1; 1280; 128; 0],0.35954363783821464,0.40686497796281157,tvm
20,5,300,1,640,64,0,[20; 5; 300; 1; 640; 64; 0],0.36811281694099307,0.3973936998481726,tvm
20,4,300,1,64,64,1,[20; 4; 300; 1; 64; 64; 1],0.41484182607382536,0.35263009921203375,tvm
20,5,300,1,640,64,1,[20; 5; 300; 1; 640; 64; 1],0.3763938669580966,0.3886506320306225,tvm
20,10,500,1,256,64,1,[20; 10; 500; 1; 256; 64; 1],0.3867842829786241,0.37821007916652827,tvm
20,20,50,1,640,64,0,[20; 20; 50; 1; 640; 64; 0],0.3875904958695173,0.37742337813918303,tvm
20,5,3,1,640,128,0,[20; 5; 3; 1; 640; 128; 0],0.39509911998175085,0.37025067100243364,tvm
20,10,2,1,128,128,0,[20; 10; 2; 1; 128; 128; 0],0.39307721494697034,0.37215516118238895,tvm
32,32,250,1,1280,64,1,[32; 32; 250; 1; 1280; 64; 1],0.3628812050446868,0.4031228739655999,tvm
32,8,375,1,256,64,1,[32; 8; 375; 1; 256; 64; 1],0.3871834180317819,0.37782019444258963,tvm
32,2,125,1,1280,64,1,[32; 2; 125; 1; 1280; 64; 1],0.3761416389606893,0.38891124814023226,tvm
8,4,15,1,640,64,1,[8; 4; 15; 1; 640; 64; 1],0.4059921440202743,0.3603166131175414,tvm
32,1,500,1,128,128,0,[32; 1; 500; 1; 128; 128; 0],0.36917699594050646,0.3962481841888342,tvm
20,5,6,1,256,128,0,[20; 5; 6; 1; 256; 128; 0],0.3721226709894836,0.3931115346902592,tvm
10,2,50,1,640,64,1,[10; 2; 50; 1; 640; 64; 1],0.3437719219364226,0.42553130419059787,tvm
32,4,75,1,128,128,0,[32; 4; 75; 1; 128; 128; 0],0.36687912489287555,0.39873000222737676,tvm
20,1,6,1,640,64,1,[20; 1; 6; 1; 640; 64; 1],0.35703315888531506,0.4097258493928954,tvm
8,2,125,1,256,64,1,[8; 2; 125; 1; 256; 64; 1],0.3749113930389285,0.390187433622549,tvm
16,4,50,1,256,128,0,[16; 4; 50; 1; 256; 128; 0],0.34061462990939617,0.4294757225331937,tvm
32,1,125,1,256,128,0,[32; 1; 125; 1; 256; 128; 0],0.36246003210544586,0.4035912964968156,tvm
32,32,125,1,128,128,1,[32; 32; 125; 1; 128; 128; 1],0.361732228891924,0.4044033199193334,tvm
32,1,5,1,320,64,1,[32; 1; 5; 1; 320; 64; 1],0.3586075291968882,0.4079270577874517,tvm
10,5,20,1,256,64,1,[10; 5; 20; 1; 256; 64; 1],0.366414921823889,0.39923514456658504,tvm
32,16,375,1,128,128,0,[32; 16; 375; 1; 128; 128; 0],0.37596665509045124,0.389092256733567,tvm
8,4,20,1,1280,64,1,[8; 4; 20; 1; 1280; 64; 1],0.35171612398698926,0.41591984077228633,tvm
16,8,30,1,640,64,1,[16; 8; 30; 1; 640; 64; 1],0.354929834138602,0.4121538969547117,tvm
20,10,15,1,128,64,1,[20; 10; 15; 1; 128; 64; 1],0.3740834570489824,0.3910510115569203,tvm
32,16,500,1,256,128,0,[32; 16; 500; 1; 256; 128; 0],0.35443915612995625,0.4127244740196768,tvm
16,4,750,1,640,128,0,[16; 4; 750; 1; 640; 128; 0],0.32460299506783485,0.45066039595581614,tvm
16,2,30,1,640,128,0,[16; 2; 30; 1; 640; 128; 0],0.3282492491416633,0.44565437596045016,tvm
10,2,30,1,1280,64,1,[10; 2; 30; 1; 1280; 64; 1],0.32675486290827394,0.44769253924395114,tvm
20,5,60,1,640,128,0,[20; 5; 60; 1; 640; 128; 0],0.34601270081475377,0.4227755626925148,tvm
20,1,20,1,1280,64,0,[20; 1; 20; 1; 1280; 64; 0],0.3129066440742463,0.46750593845173744,tvm
16,16,50,1,640,128,0,[16; 16; 50; 1; 640; 128; 0],0.33569286414422095,0.4357724870281031,tvm
32,1,4,1,640,128,1,[32; 1; 4; 1; 640; 128; 1],0.3400802731048316,0.43015054342955356,tvm
32,32,15,1,128,128,0,[32; 32; 15; 1; 128; 128; 0],0.29066986381076276,0.5032710043203925,tvm
10,1,100,1,128,64,1,[10; 1; 100; 1; 128; 64; 1],0.3248132250737399,0.45036871344294604,tvm
20,2,6,1,256,128,1,[20; 2; 6; 1; 256; 128; 1],0.30854591401293874,0.4741132766372653,tvm
16,2,300,1,1280,128,0,[16; 2; 300; 1; 1280; 128; 0],0.3121269238181412,0.4686738090269545,tvm
32,2,750,1,640,128,1,[32; 2; 750; 1; 640; 128; 1],0.3200653239618987,0.45704955624348886,tvm
20,5,100,1,1280,128,1,[20; 5; 100; 1; 1280; 128; 1],0.3061355040408671,0.47784628817893043,tvm
16,2,15,1,1280,128,1,[16; 2; 15; 1; 1280; 128; 1],0.27277401299215853,0.5362890426439545,tvm
16,1,30,1,1280,128,0,[16; 1; 30; 1; 1280; 128; 0],0.3011686559766531,0.48572688884680787,tvm
8,8,750,1,1280,128,1,[8; 8; 750; 1; 1280; 128; 1],0.41493850899860263,0.35254793448493094,tvm
20,10,375,1,256,64,0,[20; 10; 375; 1; 256; 64; 0],0.41423986316658556,0.35314253236629195,tvm
10,5,50,1,256,128,1,[10; 5; 50; 1; 256; 128; 1],0.4168272640090436,0.3509504461842027,tvm
8,8,375,1,128,64,1,[8; 8; 375; 1; 128; 64; 1],0.4197237810585648,0.3485285344489518,tvm
16,4,300,1,320,64,0,[16; 4; 300; 1; 320; 64; 0],0.4117141170427203,0.35530895888744907,tvm
20,4,125,1,320,64,0,[20; 4; 125; 1; 320; 64; 0],0.4059715960174799,0.36033485032143897,tvm
32,2,75,1,320,64,0,[32; 2; 75; 1; 320; 64; 0],0.4128789259120822,0.354306565690069,tvm
10,10,500,1,1280,64,1,[10; 10; 500; 1; 1280; 64; 1],0.4237155250739306,0.3452451128860339,tvm
10,5,750,1,1280,64,1,[10; 5; 750; 1; 1280; 64; 1],0.41531795100308955,0.35222584030475984,tvm
10,5,1,1,1280,64,0,[10; 5; 1; 1; 1280; 64; 0],0.5573519919998944,0.26246558079179166,tvm
8,1,6,1,640,64,0,[8; 1; 6; 1; 640; 64; 0],0.41312908800318837,0.3540920224058039,tvm
32,1,1,1,640,64,1,[32; 1; 1; 1; 640; 64; 1],0.47342981211841106,0.3089913447383966,tvm
16,8,20,1,128,128,1,[16; 8; 20; 1; 128; 128; 1],0.4355635370593518,0.33585390382616154,tvm
32,16,4,1,1280,64,1,[32; 16; 4; 1; 1280; 64; 1],0.34489654493518174,0.4241437510288964,tvm
20,1,50,1,640,64,0,[20; 1; 50; 1; 640; 64; 0],0.43625817401334643,0.33531913669367486,tvm
16,2,250,1,640,64,0,[16; 2; 250; 1; 640; 64; 0],0.41488161706365645,0.3525962787193564,tvm
16,1,25,1,128,128,1,[16; 1; 25; 1; 128; 128; 1],0.37077451893128455,0.3945409050960844,tvm
16,4,100,1,640,64,0,[16; 4; 100; 1; 640; 64; 0],0.43006008001975715,0.34015180920534144,tvm
32,2,30,1,320,64,0,[32; 2; 30; 1; 320; 64; 0],0.4118602890521288,0.3551828573285905,tvm
32,2,150,1,640,64,0,[32; 2; 150; 1; 640; 64; 0],0.4141773150768131,0.35319586312587936,tvm
10,2,150,1,640,128,0,[10; 2; 150; 1; 640; 128; 0],0.4117297490593046,0.3552954689816296,tvm
20,2,375,1,640,64,1,[20; 2; 375; 1; 640; 64; 1],0.3902539780829102,0.3748474647313797,tvm
20,2,125,1,640,64,0,[20; 2; 125; 1; 640; 64; 0],0.4050011110957712,0.36119830360446076,tvm
32,4,2,1,256,64,0,[32; 4; 2; 1; 256; 64; 0],0.35129688400775194,0.41641620220715153,tvm
16,4,250,1,1280,64,0,[16; 4; 250; 1; 1280; 64; 0],0.3931275550276041,0.3721075066219731,tvm
20,4,375,1,320,64,1,[20; 4; 375; 1; 320; 64; 1],0.37442377489060163,0.39069558103903995,tvm
16,1,250,1,640,64,1,[16; 1; 250; 1; 640; 64; 1],0.38490276015363634,0.3800588861127508,tvm
10,2,60,1,1280,128,0,[10; 2; 60; 1; 1280; 128; 0],0.3748532740864903,0.39024793005265745,tvm
10,5,5,1,640,64,1,[10; 5; 5; 1; 640; 64; 1],0.36989669501781464,0.3954772136546638,tvm
10,10,375,1,640,128,1,[10; 10; 375; 1; 640; 128; 1],0.3768331368919462,0.38819758658236186,tvm
20,10,6,1,320,64,0,[20; 10; 6; 1; 320; 64; 0],0.39763623219914734,0.3678882919614084,tvm
32,16,3,1,320,64,1,[32; 16; 3; 1; 320; 64; 1],0.3636198719032109,0.4023039596819751,tvm
20,1,100,1,1280,64,1,[20; 1; 100; 1; 1280; 64; 1],0.36832675617188215,0.3971628773486363,tvm
10,5,25,1,640,64,0,[10; 5; 25; 1; 640; 64; 0],0.3719167138915509,0.39332922888851535,tvm
16,4,15,1,256,128,1,[16; 4; 15; 1; 256; 128; 1],0.41179789206944406,0.3552366758133993,tvm
20,20,5,1,1280,64,1,[20; 20; 5; 1; 1280; 64; 1],0.3648713640868664,0.4009240753979462,tvm
16,1,12,1,256,128,1,[16; 1; 12; 1; 256; 128; 1],0.33037146902643144,0.4427916088420174,tvm
32,32,150,1,640,64,1,[32; 32; 150; 1; 640; 64; 1],0.36028505419380963,0.40602770662538284,tvm
32,1,150,1,640,64,1,[32; 1; 150; 1; 640; 64; 1],0.37860607798211277,0.3863797302604993,tvm
16,2,20,1,256,128,1,[16; 2; 20; 1; 256; 128; 1],0.39724896289408207,0.36824693819205323,tvm
32,8,750,1,128,128,0,[32; 8; 750; 1; 128; 128; 0],0.3733448919374496,0.39182460358992427,tvm
20,20,50,1,640,64,1,[20; 20; 50; 1; 640; 64; 1],0.35431793285533786,0.4128656800033893,tvm
20,2,150,1,256,128,0,[20; 2; 150; 1; 256; 128; 0],0.37403899198397994,0.39109749897941043,tvm
16,1,5,1,1280,64,1,[16; 1; 5; 1; 1280; 64; 1],0.33706295187585056,0.4340011664633949,tvm
32,2,4,1,256,64,1,[32; 2; 4; 1; 256; 64; 1],0.34939565509557724,0.41868212197915805,tvm
20,1,15,1,640,64,1,[20; 1; 15; 1; 640; 64; 1],0.369212144985795,0.3962104613090191,tvm
32,8,12,1,256,128,0,[32; 8; 12; 1; 256; 128; 0],0.35109999403357506,0.4166497202267832,tvm
32,1,300,1,640,128,0,[32; 1; 300; 1; 640; 128; 0],0.3607088988646865,0.4055506108835723,tvm
10,5,12,1,1280,64,1,[10; 5; 12; 1; 1280; 64; 1],0.33457730198279023,0.4372254585675356,tvm
20,10,250,1,256,128,1,[20; 10; 250; 1; 256; 128; 1],0.39693578891456127,0.36853747727243025,tvm
20,5,50,1,640,128,0,[20; 5; 50; 1; 640; 128; 0],0.3449797220528126,0.4240414868886687,tvm
32,2,30,1,1280,64,0,[32; 2; 30; 1; 1280; 64; 0],0.335762491915375,0.43568211997480616,tvm
20,1,10,1,640,128,1,[20; 1; 10; 1; 640; 128; 1],0.3336231370922178,0.4384759269417187,tvm
20,5,15,1,128,128,1,[20; 5; 15; 1; 128; 128; 1],0.31643224391154945,0.46229711763066955,tvm
20,4,30,1,128,128,1,[20; 4; 30; 1; 128; 128; 1],0.3360979179851711,0.43524730876841833,tvm
16,8,20,1,1280,64,1,[16; 8; 20; 1; 1280; 64; 1],0.2998167350888252,0.48791710790384984,tvm
32,16,15,1,1280,64,0,[32; 16; 15; 1; 1280; 64; 0],0.3261175639927387,0.4485674199656768,tvm
32,32,150,1,128,128,0,[32; 32; 150; 1; 128; 128; 0],0.2907711840234697,0.503095637819141,tvm
20,10,375,1,1280,128,1,[20; 10; 375; 1; 1280; 128; 1],0.3288471659179777,0.4448440778784192,tvm
32,2,250,1,256,128,1,[32; 2; 250; 1; 256; 128; 1],0.30165063589811325,0.48495079034119576,tvm
32,4,500,1,640,128,1,[32; 4; 500; 1; 640; 128; 1],0.3140851880889386,0.46575171269869303,tvm
32,16,75,1,256,128,1,[32; 16; 75; 1; 256; 128; 1],0.29431494092568755,0.4970380158941724,tvm
20,2,12,1,1280,128,0,[20; 2; 12; 1; 1280; 128; 0],0.28406730317510664,0.5149685044728287,tvm
20,20,12,1,1280,128,1,[20; 20; 12; 1; 1280; 128; 1],0.2713973489589989,0.539009370750391,tvm
32,32,300,1,256,64,0,[32; 32; 300; 1; 256; 64; 0],0.3770657079294324,0.3879581494933811,tvm
10,2,375,1,64,64,1,[10; 2; 375; 1; 64; 64; 1],0.4268422599416226,0.3427160991644107,tvm
20,1,500,1,1280,64,1,[20; 1; 500; 1; 1280; 64; 1],0.3804970479104668,0.38445952495309815,tvm
16,1,300,1,1280,64,0,[16; 1; 300; 1; 1280; 64; 0],0.3795485820155591,0.3854202629578458,tvm
32,1,300,1,640,64,1,[32; 1; 300; 1; 640; 64; 1],0.3887760660145432,0.3762724279437564,tvm
8,4,30,1,640,64,0,[8; 4; 30; 1; 640; 64; 0],0.40551945683546364,0.360736610339929,tvm
16,4,6,1,640,128,1,[16; 4; 6; 1; 640; 128; 1],0.47176366695202887,0.3100826208826915,tvm
20,1,250,1,64,64,1,[20; 1; 250; 1; 64; 64; 1],0.4077757589984685,0.3587405848866649,tvm
16,8,5,1,128,64,1,[16; 8; 5; 1; 128; 64; 1],0.4459203421138227,0.32805346711089123,tvm
32,2,3,1,64,64,1,[32; 2; 3; 1; 64; 64; 1],0.36863486212678254,0.39683092760609023,tvm
16,1,125,1,1280,64,0,[16; 1; 125; 1; 1280; 64; 0],0.3810859580989927,0.38386540143185865,tvm
16,16,375,1,640,64,1,[16; 16; 375; 1; 640; 64; 1],0.378540534991771,0.386446630580512,tvm
32,16,500,1,64,64,1,[32; 16; 500; 1; 64; 64; 1],0.37706922204233706,0.3879545339006466,tvm
16,8,12,1,256,128,1,[16; 8; 12; 1; 256; 128; 1],0.4173014690168202,0.35055163987409294,tvm
10,2,750,1,1280,128,1,[10; 2; 750; 1; 1280; 128; 1],0.3725614990107715,0.3926485014531383,tvm
16,16,500,1,128,64,1,[16; 16; 500; 1; 128; 64; 1],0.3503495301119983,0.41754220203734904,tvm
10,1,150,1,1280,64,1,[10; 1; 150; 1; 1280; 64; 1],0.38452503294683993,0.380432226127494,tvm
16,2,125,1,1280,64,1,[16; 2; 125; 1; 1280; 64; 1],0.407957314979285,0.35858093215743,tvm
20,5,3,1,256,128,0,[20; 5; 3; 1; 256; 128; 0],0.3627071548253298,0.40331631824622166,tvm
10,1,25,1,640,128,1,[10; 1; 25; 1; 640; 128; 1],0.3829775310587138,0.38196944317155623,tvm
20,20,125,1,1280,64,0,[20; 20; 125; 1; 1280; 64; 0],0.3649512359406799,0.4008363306638916,tvm
20,1,10,1,128,128,0,[20; 1; 10; 1; 128; 128; 0],0.40214580902829766,0.3637628715792999,tvm
10,5,6,1,256,64,1,[10; 5; 6; 1; 256; 64; 1],0.38856137706898153,0.37648032696709355,tvm
32,1,125,1,1280,64,1,[32; 1; 125; 1; 1280; 64; 1],0.3776096520014107,0.38739929848288884,tvm
8,2,150,1,256,64,1,[8; 2; 150; 1; 256; 64; 1],0.38064906001091003,0.38430599114449804,tvm
32,32,250,1,256,64,1,[32; 32; 250; 1; 256; 64; 1],0.3630338399671018,0.40295338390209223,tvm
20,10,10,1,256,64,1,[20; 10; 10; 1; 256; 64; 1],0.41349595109932125,0.3537778638383248,tvm
32,16,1,1,256,128,1,[32; 16; 1; 1; 256; 128; 1],0.2933062841184437,0.4987472898011309,tvm
20,20,125,1,640,64,1,[20; 20; 125; 1; 640; 64; 1],0.3854980778414756,0.3794719680700194,tvm
8,1,100,1,256,64,1,[8; 1; 100; 1; 256; 64; 1],0.36720523005351424,0.398375900758264,tvm
32,16,6,1,640,64,1,[32; 16; 6; 1; 640; 64; 1],0.3576066519599408,0.4090687728652801,tvm
20,2,30,1,640,64,0,[20; 2; 30; 1; 640; 64; 0],0.3620965080335736,0.40399647895016616,tvm
20,2,300,1,256,128,0,[20; 2; 300; 1; 256; 128; 0],0.3765129209496081,0.3885277400753345,tvm
20,4,10,1,256,128,0,[20; 4; 10; 1; 256; 128; 0],0.37890252796933055,0.3860774301763304,tvm
20,1,20,1,256,128,0,[20; 1; 20; 1; 256; 128; 0],0.3663838431239128,0.3992690098952856,tvm
20,2,60,1,256,128,0,[20; 2; 60; 1; 256; 128; 0],0.3632458560168743,0.4027181917222442,tvm
8,1,15,1,1280,64,0,[8; 1; 15; 1; 1280; 64; 0],0.36544904997572303,0.40029031213908517,tvm
20,20,100,1,640,128,1,[20; 20; 100; 1; 640; 128; 1],0.3724476092029363,0.39276856844047375,tvm
10,2,20,1,640,64,1,[10; 2; 20; 1; 640; 64; 1],0.36097103590145707,0.40525610017544295,tvm
16,1,300,1,640,128,1,[16; 1; 300; 1; 640; 128; 1],0.3728637269232422,0.39233023682088736,tvm
20,5,1500,1,640,128,0,[20; 5; 1500; 1; 640; 128; 0],0.3914772430434823,0.3736761635195893,tvm
16,8,12,1,640,64,0,[16; 8; 12; 1; 640; 64; 0],0.3242161488160491,0.4511981121850676,tvm
10,1,25,1,1280,128,0,[10; 1; 25; 1; 1280; 128; 0],0.3201040409039706,0.4569942755880398,tvm
32,4,75,1,256,64,1,[32; 4; 75; 1; 256; 64; 1],0.34397877706214786,0.42527540662569524,tvm
20,5,375,1,640,128,0,[20; 5; 375; 1; 640; 128; 0],0.3391202068887651,0.43136832106763107,tvm
32,4,15,1,640,128,0,[32; 4; 15; 1; 640; 128; 0],0.33444033889099956,0.43740451516942036,tvm
32,16,100,1,640,128,0,[32; 16; 100; 1; 640; 128; 0],0.3386775031685829,0.4319321859795863,tvm
20,4,20,1,640,128,0,[20; 4; 20; 1; 640; 128; 0],0.32100826781243086,0.4557069987094253,tvm
16,8,15,1,640,128,0,[16; 8; 15; 1; 640; 128; 0],0.2909573479555547,0.5027737409404083,tvm
20,1,4,1,256,128,1,[20; 1; 4; 1; 256; 128; 1],0.33039369410835207,0.44276182292310984,tvm
16,16,30,1,1280,64,1,[16; 16; 30; 1; 1280; 64; 1],0.3147668831516057,0.4647430276686909,tvm
20,1,60,1,128,128,1,[20; 1; 60; 1; 128; 128; 1],0.323791358852759,0.45179005024725294,tvm
20,2,20,1,128,128,1,[20; 2; 20; 1; 128; 128; 1],0.3170626792125404,0.4613779037287856,tvm
20,5,6,1,128,128,1,[20; 5; 6; 1; 128; 128; 1],0.3181719910353422,0.4597693021616885,tvm
10,2,100,1,128,64,1,[10; 2; 100; 1; 128; 64; 1],0.32013620412908494,0.4569483625998425,tvm
32,8,20,1,1280,64,0,[32; 8; 20; 1; 1280; 64; 0],0.32568139606155455,0.44916816267290244,tvm
20,4,25,1,256,128,1,[20; 4; 25; 1; 256; 128; 1],0.3013756580185145,0.4853932638339606,tvm
8,2,30,1,128,64,1,[8; 2; 30; 1; 128; 64; 1],0.3050856061745435,0.4794907112137644,tvm
20,10,150,1,1280,128,0,[20; 10; 150; 1; 1280; 128; 0],0.3227278890553862,0.4532788124196137,tvm
32,4,750,1,128,128,1,[32; 4; 750; 1; 128; 128; 1],0.3034715699031949,0.4820409184701497,tvm
32,2,500,1,640,128,1,[32; 2; 500; 1; 640; 128; 1],0.32266138191334903,0.45337224249848235,tvm
32,8,25,1,640,128,1,[32; 8; 25; 1; 640; 128; 1],0.3010243989992887,0.4859596589911636,tvm
32,4,100,1,640,128,1,[32; 4; 100; 1; 640; 128; 1],0.2987716591451317,0.4896237973316417,tvm
32,8,20,1,1280,128,1,[32; 8; 20; 1; 1280; 128; 1],0.28235805383883417,0.5180858569354357,tvm
160,8,3,1,1280,128,0,[160; 8; 3; 1; 1280; 128; 0],0.4231525280047208,0.34570445549620415,tvm
16,1,1500,1,320,64,0,[16; 1; 1500; 1; 320; 64; 0],0.47629204811528325,0.30713448789366904,tvm
8,8,125,1,256,128,0,[8; 8; 125; 1; 256; 128; 0],0.449378150049597,0.32552921024212905,tvm
8,1,3,1,640,64,0,[8; 1; 3; 1; 640; 64; 0],0.46591520798392594,0.3139749717952138,tvm
10,2,1,1,256,64,1,[10; 2; 1; 1; 256; 64; 1],0.3742641240824014,0.3908622410560161,tvm
256,8,1,1,128,128,1,[256; 8; 1; 1; 128; 128; 1],0.42556373798288405,0.34374572180207197,tvm
160,1,15,1,1280,128,1,[160; 1; 15; 1; 1280; 128; 1],0.4237884939648211,0.34518566777760973,tvm
10,10,75,1,256,64,0,[10; 10; 75; 1; 256; 64; 0],0.4256749041378498,0.3436559516751342,tvm
160,4,3,1,128,128,1,[160; 4; 3; 1; 128; 128; 1],0.43161056004464626,0.3389298775974859,tvm
10,5,300,1,128,64,0,[10; 5; 300; 1; 128; 64; 0],0.43556046881712973,0.3358562697000228,tvm
32,8,1,1,1280,64,1,[32; 8; 1; 1; 1280; 64; 1],0.4626932139508426,0.31616135675864043,tvm
8,4,750,1,640,128,0,[8; 4; 750; 1; 640; 128; 0],0.42625996703282,0.343184266878271,tvm
8,2,1500,1,640,128,1,[8; 2; 1500; 1; 640; 128; 1],0.5199684428516775,0.281335754692026,tvm
32,1,1,1,1280,64,1,[32; 1; 1; 1; 1280; 64; 1],0.4648524841759354,0.3146927665559139,tvm
32,4,30,1,128,64,0,[32; 4; 30; 1; 128; 64; 0],0.41701750503852963,0.35079034457366115,tvm
8,2,125,1,640,64,0,[8; 2; 125; 1; 640; 64; 0],0.4160582199692726,0.3515991446978695,tvm
32,32,1,1,128,128,1,[32; 32; 1; 1; 128; 128; 1],0.36284068902023137,0.40316788803572595,tvm
32,32,100,1,128,64,0,[32; 32; 100; 1; 128; 64; 0],0.42388633312657475,0.3451059938798088,tvm
10,1,150,1,640,64,0,[10; 1; 150; 1; 640; 64; 0],0.40230289194732904,0.3636208369709322,tvm
10,2,150,1,640,64,0,[10; 2; 150; 1; 640; 64; 0],0.40252638002857566,0.3634189497725077,tvm
16,16,12,1,128,128,1,[16; 16; 12; 1; 128; 128; 1],0.4201343229506165,0.3481879634549854,tvm
16,2,20,1,128,128,1,[16; 2; 20; 1; 128; 128; 1],0.4299788798671216,0.3402160457995557,tvm
16,2,4,1,256,128,0,[16; 2; 4; 1; 256; 128; 0],0.4368074119556695,0.3348975092495923,tvm
10,2,375,1,128,64,1,[10; 2; 375; 1; 128; 64; 1],0.3927652779966593,0.37245072943275437,tvm
32,8,30,1,256,64,0,[32; 8; 30; 1; 256; 64; 0],0.3924995770212263,0.3727028584232161,tvm
16,1,500,1,64,64,1,[16; 1; 500; 1; 64; 64; 1],0.4288110809866339,0.34114257017130123,tvm
32,2,25,1,256,64,0,[32; 2; 25; 1; 256; 64; 0],0.3894603850785643,0.3756112813789897,tvm
16,1,5,1,128,128,0,[16; 1; 5; 1; 128; 128; 0],0.3930760689545423,0.37215624618102017,tvm
20,10,100,1,640,64,0,[20; 10; 100; 1; 640; 64; 0],0.3947606149595231,0.37056815888462874,tvm
20,4,15,1,256,64,0,[20; 4; 15; 1; 256; 64; 0],0.3627681389916688,0.4032485176132677,tvm
32,16,300,1,1280,64,1,[32; 16; 300; 1; 1280; 64; 1],0.405516343889758,0.36073937953406615,tvm
16,8,10,1,256,128,0,[16; 8; 10; 1; 256; 128; 0],0.3799709810409695,0.38499180617674955,tvm
16,16,375,1,640,64,1,[16; 16; 375; 1; 640; 64; 1],0.3895523068495095,0.375522649240085,tvm
10,1,100,1,1280,128,0,[10; 1; 100; 1; 1280; 128; 0],0.37490317807532847,0.39019598349822854,tvm
10,2,375,1,1280,128,1,[10; 2; 375; 1; 1280; 128; 1],0.3662163489498198,0.39945162116658767,tvm
10,5,250,1,1280,128,1,[10; 5; 250; 1; 1280; 128; 1],0.3757275799289346,0.3893398358283491,tvm
8,1,6,1,256,64,1,[8; 1; 6; 1; 256; 64; 1],0.36602058191783726,0.39966526887428394,tvm
20,5,6,1,320,64,1,[20; 5; 6; 1; 320; 64; 1],0.4460439949762076,0.3279625237270985,tvm
20,20,75,1,1280,64,1,[20; 20; 75; 1; 1280; 64; 1],0.37699926807545125,0.38802652066803806,tvm
16,2,12,1,256,128,0,[16; 2; 12; 1; 256; 128; 0],0.38793850992806256,0.3770847970541538,tvm
16,8,20,1,256,128,0,[16; 8; 20; 1; 256; 128; 0],0.36047707800753415,0.4058114182856777,tvm
32,4,60,1,128,128,0,[32; 4; 60; 1; 128; 128; 0],0.36154734203591943,0.40461012232024907,tvm
16,8,100,1,256,128,0,[16; 8; 100; 1; 256; 128; 0],0.33918552193790674,0.4312852548950901,tvm
32,1,100,1,256,128,0,[32; 1; 100; 1; 256; 128; 0],0.35073767183348536,0.41708013148688583,tvm
32,16,10,1,128,64,1,[32; 16; 10; 1; 128; 64; 1],0.3542580318171531,0.4129354909339593,tvm
20,20,300,1,256,128,0,[20; 20; 300; 1; 256; 128; 0],0.32980309799313545,0.44355470029198785,tvm
16,8,100,1,256,64,1,[16; 8; 100; 1; 256; 64; 1],0.35038867802359164,0.41749555125712395,tvm
8,1,25,1,1280,64,1,[8; 1; 25; 1; 1280; 64; 1],0.34469385887496173,0.4243931550250789,tvm
8,8,20,1,1280,64,0,[8; 8; 20; 1; 1280; 64; 0],0.3476503111887723,0.4207840740469866,tvm
16,2,25,1,256,64,1,[16; 2; 25; 1; 256; 64; 1],0.3409342709928751,0.42907306989027044,tvm
32,16,25,1,640,64,1,[32; 16; 25; 1; 640; 64; 1],0.33064065990038216,0.44243111034737326,tvm
20,4,1500,1,640,128,1,[20; 4; 1500; 1; 640; 128; 1],0.40150451101362705,0.36434388723654804,tvm
32,32,10,1,1280,64,1,[32; 32; 10; 1; 1280; 64; 1],0.32414987590163946,0.4512903602964928,tvm
20,1,6,1,1280,64,1,[20; 1; 6; 1; 1280; 64; 1],0.3476767160464078,0.4207521169355158,tvm
10,2,25,1,1280,64,0,[10; 2; 25; 1; 1280; 64; 0],0.3086001770570874,0.4740299104191802,tvm
16,1,150,1,640,128,0,[16; 1; 150; 1; 640; 128; 0],0.3613736480474472,0.4048045978895159,tvm
16,16,150,1,1280,128,1,[16; 16; 150; 1; 1280; 128; 1],0.31857236311770976,0.4591914780494094,tvm
20,2,3,1,128,128,1,[20; 2; 3; 1; 128; 128; 1],0.3211315788794309,0.4555320121308823,tvm
32,16,15,1,1280,64,0,[32; 16; 15; 1; 1280; 64; 0],0.3251237119548023,0.44993861999844076,tvm
32,32,12,1,256,128,0,[32; 32; 12; 1; 256; 128; 0],0.34459442598745227,0.42451561387426795,tvm
16,8,12,1,1280,64,0,[16; 8; 12; 1; 1280; 64; 0],0.291984406998381,0.5010052276062996,tvm
32,2,10,1,256,128,1,[32; 2; 10; 1; 256; 128; 1],0.3209749390371144,0.45575431753193435,tvm
16,16,10,1,1280,128,0,[16; 16; 10; 1; 1280; 128; 0],0.39863383607007563,0.3669676305651054,tvm
20,4,30,1,1280,128,1,[20; 4; 30; 1; 1280; 128; 1],0.2856587488204241,0.5120995414625829,tvm
32,1,300,1,256,64,0,[32; 1; 300; 1; 256; 64; 0],0.41748692793771625,0.35039591540825027,tvm
8,8,75,1,256,128,1,[8; 8; 75; 1; 256; 128; 1],0.4156729159876704,0.35192505611804975,tvm
16,4,375,1,256,64,0,[16; 4; 375; 1; 256; 64; 0],0.428280376130715,0.3415652979651502,tvm
16,4,150,1,256,64,0,[16; 4; 150; 1; 256; 64; 0],0.41190460906364024,0.355144640450267,tvm
10,10,50,1,320,64,0,[10; 10; 50; 1; 320; 64; 0],0.4163597139995545,0.35134454503413076,tvm
32,16,500,1,256,64,0,[32; 16; 500; 1; 256; 64; 0],0.4237959629390389,0.3451795842301519,tvm
32,8,250,1,256,64,0,[32; 8; 250; 1; 256; 64; 0],0.4045135120395571,0.36163369067238754,tvm
8,8,250,1,1280,128,0,[8; 8; 250; 1; 1280; 128; 0],0.3960711869876832,0.36934197460383156,tvm
10,1,6,1,1280,128,0,[10; 1; 6; 1; 1280; 128; 0],0.43368993792682886,0.3373048380716531,tvm
10,1,750,1,256,128,1,[10; 1; 750; 1; 256; 128; 1],0.36985371401533484,0.3955231723849852,tvm
16,1,300,1,640,64,0,[16; 1; 300; 1; 640; 64; 0],0.3865390419960022,0.3784500358109421,tvm
32,1,4,1,128,64,0,[32; 1; 4; 1; 128; 64; 0],0.3947942981030792,0.37053654267195035,tvm
16,2,300,1,640,64,0,[16; 2; 300; 1; 640; 64; 0],0.3861981797963381,0.37878405942477045,tvm
16,2,100,1,640,64,0,[16; 2; 100; 1; 640; 64; 0],0.39954044693149626,0.3661349317927652,tvm
32,4,150,1,640,64,0,[32; 4; 150; 1; 640; 64; 0],0.4032954261638224,0.3627259442964564,tvm
10,10,100,1,640,64,0,[10; 10; 100; 1; 640; 64; 0],0.4105723120737821,0.35629707601769783,tvm
16,4,150,1,64,64,1,[16; 4; 150; 1; 64; 64; 1],0.43772357888519764,0.33419655998033604,tvm
32,8,125,1,640,64,0,[32; 8; 125; 1; 640; 64; 0],0.3976915569510311,0.3678371132825605,tvm
10,10,300,1,128,64,1,[10; 10; 300; 1; 128; 64; 1],0.3762250109575689,0.38882506485517143,tvm
16,8,500,1,1280,64,1,[16; 8; 500; 1; 1280; 64; 1],0.37905057007446885,0.3859266436585883,tvm
20,5,5,1,640,64,1,[20; 5; 5; 1; 640; 64; 1],0.45218473114073277,0.32350874368684956,tvm
20,1,2,1,1280,128,1,[20; 1; 2; 1; 1280; 128; 1],0.37250527809374034,0.3927077625163253,tvm
10,5,150,1,640,128,1,[10; 5; 150; 1; 640; 128; 1],0.3793537130113691,0.38561824826881336,tvm
20,10,2,1,128,128,0,[20; 10; 2; 1; 128; 128; 0],0.3958859781268984,0.3695147652812888,tvm
20,10,6,1,320,64,1,[20; 10; 6; 1; 320; 64; 1],0.4415749739855528,0.331281714100266,tvm
16,4,30,1,128,128,0,[16; 4; 30; 1; 128; 128; 0],0.3783816839568317,0.3866088674165411,tvm
20,5,375,1,1280,64,0,[20; 5; 375; 1; 1280; 64; 0],0.35799496015533805,0.40862506618037103,tvm
10,10,250,1,256,64,1,[10; 10; 250; 1; 256; 64; 1],0.3577809021808207,0.40886954388577795,tvm
32,1,50,1,1280,64,0,[32; 1; 50; 1; 1280; 64; 0],0.3738290402106941,0.39131714915263427,tvm
32,8,750,1,256,64,1,[32; 8; 750; 1; 256; 64; 1],0.380561568075791,0.3843943439306532,tvm
10,10,20,1,640,64,0,[10; 10; 20; 1; 640; 64; 0],0.3614035409409553,0.4047711151496822,tvm
32,1,250,1,256,64,1,[32; 1; 250; 1; 256; 64; 1],0.35093299695290625,0.41684798966152853,tvm
16,8,125,1,640,64,1,[16; 8; 125; 1; 640; 64; 1],0.37111353198997676,0.39418049107857717,tvm
20,5,6,1,640,64,0,[20; 5; 6; 1; 640; 64; 0],0.3782799821346998,0.38671280848697975,tvm
32,32,12,1,128,64,1,[32; 32; 12; 1; 128; 64; 1],0.40914581692777574,0.35753931296219826,tvm
16,8,12,1,128,64,1,[16; 8; 12; 1; 128; 64; 1],0.3708046379033476,0.39450885812233155,tvm
20,10,150,1,256,128,0,[20; 10; 150; 1; 256; 128; 0],0.35672774096019566,0.410076642461168,tvm
32,2,10,1,256,128,0,[32; 2; 10; 1; 256; 128; 0],0.34734156099148095,0.421158106931241,tvm
32,1,3,1,256,64,1,[32; 1; 3; 1; 256; 64; 1],0.3425559620372951,0.42704179899746636,tvm
20,1,75,1,320,64,1,[20; 1; 75; 1; 320; 64; 1],0.3610664119478315,0.40514905137964013,tvm
16,16,15,1,128,64,1,[16; 16; 15; 1; 128; 64; 1],0.35853849491104484,0.40800560152406645,tvm
20,2,50,1,320,64,1,[20; 2; 50; 1; 320; 64; 1],0.34557308279909194,0.4233133932215472,tvm
16,2,60,1,256,64,1,[16; 2; 60; 1; 256; 64; 1],0.3365792341064662,0.4346248950089459,tvm
32,8,20,1,640,64,1,[32; 8; 20; 1; 640; 64; 1],0.34167027310468256,0.4281487908106497,tvm
16,1,30,1,256,64,1,[16; 1; 30; 1; 256; 64; 1],0.3287218860350549,0.4450136133318314,tvm
32,16,30,1,128,64,1,[32; 16; 30; 1; 128; 64; 1],0.3596484479494393,0.4067464078317938,tvm
20,2,125,1,128,64,1,[20; 2; 125; 1; 128; 64; 1],0.34695097617805004,0.42163223143849193,tvm
20,2,100,1,128,64,1,[20; 2; 100; 1; 128; 64; 1],0.34518246608786285,0.4237924247533439,tvm
20,2,1500,1,128,128,1,[20; 2; 1500; 1; 128; 128; 1],0.3207922831643373,0.4560138194183874,tvm
20,1,750,1,128,128,1,[20; 1; 750; 1; 128; 128; 1],0.3274126281030476,0.446793134196624,tvm
16,16,60,1,128,64,1,[16; 16; 60; 1; 128; 64; 1],0.3313523370306939,0.4414808587034759,tvm
20,4,6,1,640,128,1,[20; 4; 6; 1; 640; 128; 1],0.3576476101297885,0.40902192589132064,tvm
8,4,15,1,128,64,1,[8; 4; 15; 1; 128; 64; 1],0.32109762192703784,0.4555801858879989,tvm
20,10,12,1,256,128,1,[20; 10; 12; 1; 256; 128; 1],0.31720433686859906,0.46117186079430156,tvm
20,4,10,1,640,128,1,[20; 4; 10; 1; 640; 128; 1],0.336868915008381,0.4342511516150869,tvm
20,4,30,1,1280,64,0,[20; 4; 30; 1; 1280; 64; 0],0.3216964229941368,0.45473217552182876,tvm
32,32,25,1,640,128,0,[32; 32; 25; 1; 640; 128; 0],0.2684138740878552,0.5450005696718686,tvm
32,8,4,1,256,128,1,[32; 8; 4; 1; 256; 128; 1],0.29994264291599393,0.4877122934690053,tvm
32,1,500,1,640,128,1,[32; 1; 500; 1; 640; 128; 1],0.32416547695174813,0.4512686411313591,tvm
20,1,60,1,1280,128,1,[20; 1; 60; 1; 1280; 128; 1],0.3068185548763722,0.4767824890664056,tvm
32,4,300,1,1280,128,0,[32; 4; 300; 1; 1280; 128; 0],0.3314121139701456,0.4414012286192172,tvm
32,2,60,1,640,128,1,[32; 2; 60; 1; 640; 128; 1],0.2999555398710072,0.487691323682913,tvm
32,2,150,1,1280,128,0,[32; 2; 150; 1; 1280; 128; 0],0.31833091797307134,0.4595397620098249,tvm
20,5,20,1,1280,128,0,[20; 5; 20; 1; 1280; 128; 0],0.2768834661692381,0.5283295398949565,tvm
8,8,1,1,1280,64,0,[8; 8; 1; 1; 1280; 64; 0],0.5868430340196937,0.24927571054852996,tvm
32,8,1500,1,640,64,1,[32; 8; 1500; 1; 640; 64; 1],0.4194653609301895,0.34874325250913923,tvm
16,8,4,1,256,128,0,[16; 8; 4; 1; 256; 128; 0],0.4498778381384909,0.32516763859944026,tvm
16,8,12,1,128,128,1,[16; 8; 12; 1; 128; 128; 1],0.41390893794596195,0.3534248741079679,tvm
32,2,100,1,256,64,0,[32; 2; 100; 1; 256; 64; 0],0.41742317005991936,0.350449435436743,tvm
16,16,75,1,320,64,0,[16; 16; 75; 1; 320; 64; 0],0.4206056909170002,0.34779775320391815,tvm
10,10,25,1,256,128,1,[10; 10; 25; 1; 256; 128; 1],0.39905709284357727,0.3665784092279134,tvm
10,1,750,1,256,64,1,[10; 1; 750; 1; 256; 64; 1],0.39412554004229605,0.37116527457219717,tvm
16,16,30,1,256,64,0,[16; 16; 30; 1; 256; 64; 0],0.41643377812579274,0.35128205724350625,tvm
16,2,6,1,256,64,0,[16; 2; 6; 1; 256; 64; 0],0.42103623203001916,0.3474421039263062,tvm
10,2,250,1,64,64,1,[10; 2; 250; 1; 64; 64; 1],0.42852373817004263,0.34137132031567086,tvm
32,32,1500,1,64,64,1,[32; 32; 1500; 1; 64; 64; 1],0.3761676549911499,0.3888843507535382,tvm
8,8,20,1,640,128,0,[8; 8; 20; 1; 640; 128; 0],0.40384446806274354,0.3622328045929467,tvm
16,1,1,1,128,128,0,[16; 1; 1; 1; 128; 128; 0],0.4023695688229054,0.363560581168351,tvm
16,4,20,1,256,64,0,[16; 4; 20; 1; 256; 64; 0],0.40571397985331714,0.3605636521043786,tvm
20,20,30,1,320,64,0,[20; 20; 30; 1; 320; 64; 0],0.40089814690873027,0.3648949625078166,tvm
10,5,5,1,320,64,1,[10; 5; 5; 1; 320; 64; 1],0.38680822611786425,0.3781866682461391,tvm
32,1,375,1,64,64,1,[32; 1; 375; 1; 64; 64; 1],0.3846819018945098,0.38027709014974614,tvm
32,8,250,1,64,64,1,[32; 8; 250; 1; 64; 64; 1],0.380280519137159,0.38467843321985207,tvm
32,32,125,1,640,64,0,[32; 32; 125; 1; 640; 64; 0],0.36364575382322073,0.4022753263243883,tvm
10,2,75,1,1280,64,1,[10; 2; 75; 1; 1280; 64; 1],0.39733255305327475,0.3681694670159587,tvm
20,4,125,1,1280,64,1,[20; 4; 125; 1; 1280; 64; 1],0.3854534770362079,0.37951587675514165,tvm
10,1,25,1,640,64,0,[10; 1; 25; 1; 640; 64; 0],0.36463487101718783,0.40118410473917293,tvm
20,5,250,1,128,128,0,[20; 5; 250; 1; 128; 128; 0],0.3919485139194876,0.3732268629439521,tvm
20,10,6,1,256,128,0,[20; 10; 6; 1; 256; 128; 0],0.3741651480086148,0.39096563393003725,tvm
20,10,60,1,1280,64,0,[20; 10; 60; 1; 1280; 64; 0],0.37947237002663314,0.3854976695021229,tvm
16,1,6,1,128,64,1,[16; 1; 6; 1; 128; 64; 1],0.4256963599473238,0.34363863083963386,tvm
8,8,15,1,320,64,1,[8; 8; 15; 1; 320; 64; 1],0.40026894793845713,0.3654685556777347,tvm
32,32,3,1,128,128,0,[32; 32; 3; 1; 128; 128; 0],0.30079922592267394,0.48632343995233474,tvm
20,10,250,1,256,64,1,[20; 10; 250; 1; 256; 64; 1],0.3895742630120367,0.37550148501774744,tvm
16,8,250,1,256,128,1,[16; 8; 250; 1; 256; 128; 1],0.39860204490832984,0.3669968986721003,tvm
32,1,30,1,128,128,0,[32; 1; 30; 1; 128; 128; 0],0.38716861908324063,0.37783463606140844,tvm
32,2,5,1,640,64,0,[32; 2; 5; 1; 640; 64; 0],0.35698461602441967,0.4097815640204158,tvm
20,4,10,1,640,64,1,[20; 4; 10; 1; 640; 64; 1],0.3857745199929923,0.379200042263993,tvm
32,8,20,1,128,128,0,[32; 8; 20; 1; 128; 128; 0],0.3695729549508542,0.39582364544279863,tvm
16,8,500,1,640,128,1,[16; 8; 500; 1; 640; 128; 1],0.3615977291483432,0.40455374161296653,tvm
10,1,15,1,1280,128,0,[10; 1; 15; 1; 1280; 128; 0],0.31926433299668133,0.45819623166999646,tvm
32,4,5,1,320,64,1,[32; 4; 5; 1; 320; 64; 1],0.3507328610867262,0.41708585227074585,tvm
20,5,6,1,640,128,0,[20; 5; 6; 1; 640; 128; 0],0.35487090004608035,0.4122223441446423,tvm
16,4,75,1,640,128,1,[16; 4; 75; 1; 640; 128; 1],0.3641118260566145,0.4017604038572722,tvm
32,1,250,1,256,128,0,[32; 1; 250; 1; 256; 128; 0],0.36995931388810277,0.3954102756552295,tvm
32,32,50,1,256,64,1,[32; 32; 50; 1; 256; 64; 1],0.35083117708563805,0.41696896923732035,tvm
32,1,15,1,256,128,0,[32; 1; 15; 1; 256; 128; 0],0.3428535268176347,0.42667116667440413,tvm
8,4,12,1,1280,64,0,[8; 4; 12; 1; 1280; 64; 0],0.37100532883778214,0.3942954532323606,tvm
32,8,15,1,256,128,0,[32; 8; 15; 1; 256; 128; 0],0.33864996186457574,0.43196731362460083,tvm
32,1,6,1,1280,64,0,[32; 1; 6; 1; 1280; 64; 0],0.33352996804751456,0.43859841183708714,tvm
16,2,60,1,256,64,1,[16; 2; 60; 1; 256; 64; 1],0.3398422389291227,0.4304518318460807,tvm
32,1,1500,1,640,128,0,[32; 1; 1500; 1; 640; 128; 0],0.3594790380448103,0.4069380931955183,tvm
32,2,60,1,256,64,1,[32; 2; 60; 1; 256; 64; 1],0.33498163404874504,0.4366977153870694,tvm
32,8,150,1,128,64,1,[32; 8; 150; 1; 128; 64; 1],0.33792068995535374,0.43289954901856303,tvm
20,1,375,1,640,128,1,[20; 1; 375; 1; 640; 128; 1],0.33088844595476985,0.4420997954873001,tvm
16,16,750,1,1280,128,1,[16; 16; 750; 1; 1280; 128; 1],0.31522548804059625,0.464066897619887,tvm
16,4,50,1,640,128,0,[16; 4; 50; 1; 640; 128; 0],0.3212251828517765,0.4553992715857996,tvm
32,4,12,1,1280,64,1,[32; 4; 12; 1; 1280; 64; 1],0.31969645502977073,0.4575769045424414,tvm
16,16,75,1,640,128,0,[16; 16; 75; 1; 640; 128; 0],0.3218281748704612,0.4545460146383878,tvm
20,1,5,1,128,128,1,[20; 1; 5; 1; 128; 128; 1],0.334304440068081,0.4375823254274554,tvm
20,1,12,1,128,128,1,[20; 1; 12; 1; 128; 128; 1],0.3285981889348477,0.445181133711966,tvm
32,8,3,1,256,128,1,[32; 8; 3; 1; 256; 128; 1],0.2883376709651202,0.5073416657492884,tvm
8,2,30,1,128,64,1,[8; 2; 30; 1; 128; 64; 1],0.29910806589759886,0.48907311759287675,tvm
32,32,30,1,128,128,0,[32; 32; 30; 1; 128; 128; 0],0.2919871520716697,0.5010005174810148,tvm
32,16,75,1,256,128,1,[32; 16; 75; 1; 256; 128; 1],0.30013719806447625,0.48739614825846683,tvm
32,1,12,1,1280,128,0,[32; 1; 12; 1; 1280; 128; 0],0.31412020209245384,0.46569979680153956,tvm
32,4,30,1,1280,128,0,[32; 4; 30; 1; 1280; 128; 0],0.30886909598484635,0.4736171931324956,tvm
32,8,15,1,1280,128,0,[32; 8; 15; 1; 1280; 128; 0],0.3097542501054704,0.47226378406722247,tvm
8,8,12,1,64,64,1,[8; 8; 12; 1; 64; 64; 1],0.44942072383128107,0.32549837274667387,tvm
32,32,6,1,128,64,0,[32; 32; 6; 1; 128; 64; 0],0.4501393809914589,0.3249787076249833,tvm
10,10,300,1,256,64,0,[10; 10; 300; 1; 256; 64; 0],0.4595401990227401,0.3183306152471667,tvm
10,10,25,1,320,64,0,[10; 10; 25; 1; 320; 64; 0],0.4099934850819409,0.35680009465632795,tvm
10,1,500,1,256,128,0,[10; 1; 500; 1; 256; 128; 0],0.41818820708431304,0.34980832029110975,tvm
16,2,10,1,64,64,1,[16; 2; 10; 1; 64; 64; 1],0.41387821920216084,0.35345110590190376,tvm
40,5,4,1,128,128,1,[40; 5; 4; 1; 128; 128; 1],0.46811940521001816,0.3124965824052612,tvm
20,20,10,1,64,64,1,[20; 20; 10; 1; 64; 64; 1],0.4595386160071939,0.31833171183033776,tvm
32,8,375,1,256,64,0,[32; 8; 375; 1; 256; 64; 0],0.4267695259768516,0.3427745079756444,tvm
20,2,1,1,256,64,1,[20; 2; 1; 1; 256; 64; 1],0.36184216593392193,0.40428045169403604,tvm
20,1,125,1,320,64,0,[20; 1; 125; 1; 320; 64; 0],0.44975871802307665,0.32525376034669445,tvm
32,1,300,1,320,64,0,[32; 1; 300; 1; 320; 64; 0],0.4045735951513052,0.36157998455387425,tvm
32,32,375,1,128,64,0,[32; 32; 375; 1; 128; 64; 0],0.3703119899146259,0.39503369663898796,tvm
20,20,2,1,256,128,1,[20; 20; 2; 1; 256; 128; 1],0.6989456189330667,0.20929484400949236,tvm
32,32,1,1,640,128,0,[32; 32; 1; 1; 640; 128; 0],0.5086027500219643,0.28762273558174206,tvm
32,16,1,1,1280,128,1,[32; 16; 1; 1; 1280; 128; 1],0.4578568849246949,0.31950096002110867,tvm
20,2,50,1,320,64,0,[20; 2; 50; 1; 320; 64; 0],0.4027571380138397,0.36321073043449714,tvm
32,8,1500,1,640,64,0,[32; 8; 1500; 1; 640; 64; 0],0.41954966401681304,0.34867317705646417,tvm
8,1,100,1,64,64,1,[8; 1; 100; 1; 64; 64; 1],0.4460728659760207,0.32794129713681824,tvm
20,20,60,1,64,64,1,[20; 20; 60; 1; 64; 64; 1],0.4361884209793061,0.33537275922474447,tvm
20,20,750,1,320,64,0,[20; 20; 750; 1; 320; 64; 0],0.3984639970585704,0.3671240447457834,tvm
16,2,6,1,320,64,0,[16; 2; 6; 1; 320; 64; 0],0.40215178206562996,0.36375746872070536,tvm
32,8,3,1,64,64,1,[32; 8; 3; 1; 64; 64; 1],0.3925499839242548,0.3726550000673064,tvm
20,4,250,1,640,64,0,[20; 4; 250; 1; 640; 64; 0],0.390208852943033,0.37489081342567776,tvm
32,2,1,1,64,64,1,[32; 2; 1; 1; 64; 64; 1],0.4010074930265546,0.3647954635002975,tvm
20,4,750,1,320,64,1,[20; 4; 750; 1; 320; 64; 1],0.3756809728220105,0.38938813745837825,tvm
32,1,4,1,256,64,0,[32; 1; 4; 1; 256; 64; 0],0.3575974979903549,0.4090792444237401,tvm
10,1,75,1,1280,64,1,[10; 1; 75; 1; 1280; 64; 1],0.3892344390042126,0.37582931936845154,tvm
20,10,150,1,1280,64,1,[20; 10; 150; 1; 1280; 64; 1],0.3799014720134437,0.38506224656201815,tvm
32,16,12,1,256,64,0,[32; 16; 12; 1; 256; 64; 0],0.35721134301275015,0.40952146998448713,tvm
10,10,50,1,1280,64,1,[10; 10; 50; 1; 1280; 64; 1],0.5424885440152138,0.2696567805892907,tvm
20,2,6,1,640,64,1,[20; 2; 6; 1; 640; 64; 1],0.42423684196546674,0.3448208637608661,tvm
20,2,150,1,128,128,0,[20; 2; 150; 1; 128; 128; 0],0.38393421191722155,0.3810176580910022,tvm
20,20,100,1,1280,64,0,[20; 20; 100; 1; 1280; 64; 0],0.3615167951211333,0.404644310471657,tvm
8,8,20,1,640,64,1,[8; 8; 20; 1; 640; 64; 1],0.39347839495167136,0.3717757217742075,tvm
16,8,60,1,256,128,1,[16; 8; 60; 1; 256; 128; 1],0.37186573492363095,0.39338315028072324,tvm
20,1,6,1,256,128,0,[20; 1; 6; 1; 256; 128; 0],0.35557970800437033,0.4114006254932757,tvm
16,4,5,1,640,64,0,[16; 4; 5; 1; 640; 64; 0],0.3674429361708462,0.39811818349311606,tvm
32,32,12,1,320,64,1,[32; 32; 12; 1; 320; 64; 1],0.4129585500340909,0.3542382504821319,tvm
16,1,75,1,256,128,0,[16; 1; 75; 1; 256; 128; 0],0.37696492695249617,0.3880618694909745,tvm
32,16,12,1,128,64,1,[32; 16; 12; 1; 128; 64; 1],0.3415346189867705,0.428318847207055,tvm
20,1,3,1,640,128,1,[20; 1; 3; 1; 640; 128; 1],0.38312499690800905,0.38182242209802486,tvm
16,4,150,1,320,64,1,[16; 4; 150; 1; 320; 64; 1],0.3661664519459009,0.39950605389520283,tvm
32,4,1500,1,256,128,0,[32; 4; 1500; 1; 256; 128; 0],0.3592417109757662,0.4072069300871982,tvm
32,32,20,1,320,64,1,[32; 32; 20; 1; 320; 64; 1],0.3824993830639869,0.3824469287084908,tvm
32,8,10,1,640,64,1,[32; 8; 10; 1; 640; 64; 1],0.34768545581027865,0.4207415404961258,tvm
32,8,12,1,640,64,1,[32; 8; 12; 1; 640; 64; 1],0.3412645338103175,0.42865782931613744,tvm
16,2,25,1,320,64,1,[16; 2; 25; 1; 320; 64; 1],0.35169050097465515,0.4159501433229113,tvm
20,4,10,1,640,128,0,[20; 4; 10; 1; 640; 128; 0],0.35100401286035776,0.41676365205520344,tvm
10,5,25,1,1280,128,1,[10; 5; 25; 1; 1280; 128; 1],0.3319886620156467,0.4406346692611443,tvm
32,4,125,1,128,64,1,[32; 4; 125; 1; 128; 64; 1],0.3367717459332198,0.43437644651675156,tvm
16,8,25,1,128,64,1,[16; 8; 25; 1; 128; 64; 1],0.355514592025429,0.4114759775465162,tvm
16,1,50,1,128,64,1,[16; 1; 50; 1; 128; 64; 1],0.33145918510854244,0.4413385444057323,tvm
16,4,100,1,640,128,0,[16; 4; 100; 1; 640; 128; 0],0.32068857992999256,0.45616128369039205,tvm
20,4,3,1,256,128,1,[20; 4; 3; 1; 256; 128; 1],0.3231771800201386,0.4526486501200319,tvm
20,4,75,1,128,128,1,[20; 4; 75; 1; 128; 128; 1],0.31233347090892494,0.4683638735868003,tvm
10,1,50,1,128,64,1,[10; 1; 50; 1; 128; 64; 1],0.32261876203119755,0.45343213570315644,tvm
10,5,75,1,128,64,1,[10; 5; 75; 1; 128; 64; 1],0.3263792870566249,0.44820771442010837,tvm
32,16,500,1,256,128,1,[32; 16; 500; 1; 256; 128; 1],0.29875328694470227,0.4896539073486112,tvm
20,5,125,1,1280,128,0,[20; 5; 125; 1; 1280; 128; 0],0.30264658108353615,0.483354920984013,tvm
32,32,50,1,640,128,0,[32; 32; 50; 1; 640; 128; 0],0.2738361868541688,0.5342088493352364,tvm
32,2,125,1,256,128,1,[32; 2; 125; 1; 256; 128; 1],0.29855930199846625,0.4899720534799006,tvm
32,16,75,1,640,128,1,[32; 16; 75; 1; 640; 128; 1],0.298759511904791,0.489643704908491,tvm
32,1,300,1,1280,128,1,[32; 1; 300; 1; 1280; 128; 1],0.29991584084928036,0.48775587802055675,tvm
8,4,5,1,1280,128,0,[8; 4; 5; 1; 1280; 128; 0],0.4563689788337797,0.32054263341811184,tvm
32,32,3,1,64,64,1,[32; 32; 3; 1; 64; 64; 1],0.4426158519927412,0.3305026551288392,tvm
8,8,500,1,640,64,0,[8; 8; 500; 1; 640; 64; 0],0.4452694549690932,0.3285330099633001,tvm
16,16,1500,1,640,64,0,[16; 16; 1500; 1; 640; 64; 0],0.5118476320058107,0.28579933780772787,tvm
16,8,150,1,128,64,0,[16; 8; 150; 1; 128; 64; 0],0.423478253884241,0.3454385507259174,tvm
10,1,5,1,64,64,1,[10; 1; 5; 1; 64; 64; 1],0.4443019200116396,0.3292484405241417,tvm
160,1,12,1,256,128,1,[160; 1; 12; 1; 256; 128; 1],0.427653674967587,0.3420658417042755,tvm
20,5,250,1,128,64,0,[20; 5; 250; 1; 128; 64; 0],0.405544551089406,0.3607142887082319,tvm
10,1,750,1,640,64,0,[10; 1; 750; 1; 640; 64; 0],0.4263145620934665,0.3431403177207026,tvm
20,5,1,1,1280,128,1,[20; 5; 1; 1; 1280; 128; 1],0.49178214999847114,0.29746039844302824,tvm
16,2,20,1,64,64,1,[16; 2; 20; 1; 64; 64; 1],0.4296519700437784,0.3404749064011247,tvm
16,4,25,1,64,64,1,[16; 4; 25; 1; 64; 64; 1],0.4412507899105549,0.33152510461311036,tvm
16,1,20,1,64,64,1,[16; 1; 20; 1; 64; 64; 1],0.4397835391573608,0.33263117252183283,tvm
32,16,1,1,1280,64,0,[32; 16; 1; 1; 1280; 64; 0],0.46687066089361906,0.3133324206017026,tvm
8,4,375,1,1280,128,0,[8; 4; 375; 1; 1280; 128; 0],0.43081243499182165,0.33955778061162817,tvm
8,8,250,1,1280,64,0,[8; 8; 250; 1; 1280; 64; 0],0.4119092049077153,0.3551406779522889,tvm
10,2,3,1,1280,64,0,[10; 2; 3; 1; 1280; 64; 0],0.47855674591846764,0.3056810201368203,tvm
20,4,75,1,256,64,0,[20; 4; 75; 1; 256; 64; 0],0.40453778207302094,0.36161199464753346,tvm
16,1,6,1,256,64,0,[16; 1; 6; 1; 256; 64; 0],0.4223646267782897,0.346349350800401,tvm
16,2,75,1,64,64,1,[16; 2; 75; 1; 64; 64; 1],0.43949813884682953,0.3328471758027095,tvm
10,5,4,1,1280,64,0,[10; 5; 4; 1; 1280; 64; 0],0.3654356310144067,0.40030501098002463,tvm
8,1,20,1,640,128,1,[8; 1; 20; 1; 640; 128; 1],0.39578394195996225,0.36961002905093265,tvm
20,1,75,1,640,64,0,[20; 1; 75; 1; 640; 64; 0],0.4350566768553108,0.3362451884271744,tvm
32,32,1,1,256,64,1,[32; 32; 1; 1; 256; 64; 1],0.35905015491880476,0.4074241781591633,tvm
10,1,150,1,1280,64,0,[10; 1; 150; 1; 1280; 64; 0],0.36399322003126144,0.4018913161985561,tvm
10,5,10,1,640,128,1,[10; 5; 10; 1; 640; 128; 1],0.4224551219958812,0.346275158399288,tvm
8,4,30,1,640,64,0,[8; 4; 30; 1; 640; 64; 0],0.40780668589286506,0.35871337902524,tvm
20,10,25,1,256,64,0,[20; 10; 25; 1; 256; 64; 0],0.39587672520428896,0.36952340203942213,tvm
16,1,3,1,256,128,1,[16; 1; 3; 1; 256; 128; 1],0.3448703121393919,0.4241760138129477,tvm
20,10,2,1,640,128,1,[20; 10; 2; 1; 640; 128; 1],0.4063342099543661,0.3600132863588894,tvm
10,10,125,1,640,128,1,[10; 10; 125; 1; 640; 128; 1],0.3814479617867619,0.38350110353320316,tvm
16,8,500,1,128,128,0,[16; 8; 500; 1; 128; 128; 0],0.38008959079161286,0.38487166665376166,tvm
20,4,20,1,128,128,0,[20; 4; 20; 1; 128; 128; 0],0.36941894819028676,0.3959886600358217,tvm
32,2,2,1,256,128,0,[32; 2; 2; 1; 256; 128; 0],0.35698400903493166,0.4097822607830031,tvm
10,10,150,1,1280,128,1,[10; 10; 150; 1; 1280; 128; 1],0.36876799492165446,0.39668766351806917,tvm
16,8,75,1,640,64,1,[16; 8; 75; 1; 640; 64; 1],0.3755838768556714,0.38948880210299514,tvm
32,2,3,1,256,128,0,[32; 2; 3; 1; 256; 128; 0],0.3524126191623509,0.4150978322893789,tvm
8,8,125,1,256,64,1,[8; 8; 125; 1; 256; 64; 1],0.357751035830006,0.40890367779459197,tvm
8,4,25,1,320,64,1,[8; 4; 25; 1; 320; 64; 1],0.38901917403563857,0.3760372856899667,tvm
8,2,30,1,320,64,1,[8; 2; 30; 1; 320; 64; 1],0.37977663800120354,0.385188817973713,tvm
32,2,5,1,128,64,1,[32; 2; 5; 1; 128; 64; 1],0.32358046411536634,0.4520845060459489,tvm
32,8,2,1,256,64,1,[32; 8; 2; 1; 256; 64; 1],0.31871510902419686,0.45898581568220626,tvm
32,4,20,1,256,64,1,[32; 4; 20; 1; 256; 64; 1],0.3454325518105179,0.4234856081715114,tvm
16,1,25,1,320,64,1,[16; 1; 25; 1; 320; 64; 1],0.35262239817529917,0.4148508859411457,tvm
32,16,25,1,320,64,1,[32; 16; 25; 1; 320; 64; 1],0.3502807889599353,0.41762414296276545,tvm
32,16,1,1,128,128,1,[32; 16; 1; 1; 128; 128; 1],0.3082207408733666,0.47461346654090425,tvm
32,16,75,1,128,64,1,[32; 16; 75; 1; 128; 64; 1],0.3473994010128081,0.4210879865055408,tvm
32,8,150,1,128,64,1,[32; 8; 150; 1; 128; 64; 1],0.3434911030344665,0.4258791945217741,tvm
20,5,75,1,128,64,1,[20; 5; 75; 1; 128; 64; 1],0.3551903849001974,0.4118515604717683,tvm
10,5,25,1,1280,128,1,[10; 5; 25; 1; 1280; 128; 1],0.3283448820002377,0.4455245758501221,tvm
32,1,30,1,640,128,0,[32; 1; 30; 1; 640; 128; 0],0.33433118485845625,0.43754732107220684,tvm
32,1,50,1,128,64,1,[32; 1; 50; 1; 128; 64; 1],0.32527022692374885,0.44973594930349153,tvm
20,1,10,1,1280,64,1,[20; 1; 10; 1; 1280; 64; 1],0.3821268349420279,0.38281978890047635,tvm
16,1,30,1,128,64,1,[16; 1; 30; 1; 128; 64; 1],0.3716345450375229,0.3936278697421528,tvm
20,10,60,1,640,128,1,[20; 10; 60; 1; 640; 128; 1],0.33122196909971535,0.44165462418851376,tvm
20,5,1500,1,1280,128,0,[20; 5; 1500; 1; 1280; 128; 0],0.38513461500406265,0.37983008690135833,tvm
20,1,150,1,128,128,1,[20; 1; 150; 1; 128; 128; 1],0.316640563076362,0.46199297040296,tvm
32,4,5,1,640,128,1,[32; 4; 5; 1; 640; 128; 1],0.33006484084762633,0.44320295948530536,tvm
20,5,30,1,1280,64,0,[20; 5; 30; 1; 1280; 64; 0],0.3157858159393072,0.4632434609217212,tvm
20,2,60,1,256,128,1,[20; 2; 60; 1; 256; 128; 1],0.3048572181724012,0.4798499283129573,tvm
20,5,50,1,256,128,1,[20; 5; 50; 1; 256; 128; 1],0.29471541196107864,0.49636262084940913,tvm
20,2,10,1,256,128,1,[20; 2; 10; 1; 256; 128; 1],0.3119961810298264,0.4688702079713264,tvm
16,2,15,1,1280,128,0,[16; 2; 15; 1; 1280; 128; 0],0.26911701913923025,0.5435766000738586,tvm
32,32,25,1,1280,128,1,[32; 32; 25; 1; 1280; 128; 1],0.2517897489015013,0.5809835981167781,tvm
